00069627
00091653
00070250
00089569
00048463
00011245
00088694
00087222
00016595
00040957
00056211
00020290
00074021
00067466
00048885
00089389
00080175
00097596
00082108
00095260
00021782
00077592
00022832
00098481
00014463
00051494
00035788
00077716
00091983
00060458
00042399
00080440
00065542
00010959
00041619
00031247
00023912
00044845
00016194
00020820
00068570
00061536
00060717
00032364
00064727
00030005
00065686
00051424
00092126
00052621
00051315
00025361
00077590
00071444
00061729
00033107
00082825
00020305
00089926
00074797
00039731
00068841
00095890
00080340
00010882
00068832
00032606
00049187
00036895
00096518
00029757
00032873
00045732
00066792
00025814
00042645
00034770
00077565
00037984
00052129
00098738
00059217
00045400
00070866
00033949
00025628
00080072
00025340
00065216
00063799
00014435
00079603
00068195
00047460
00042232
00095790
00045945
00046190
00027319
00050154
00038913
00086505
00085046
00083127
00066169
00055038
00013329
00045731
00077924
00030364
00087445
00026678
00045303
00024050
00025449
00085563
00078036
00075181
00043445
00012012
00014596
00074172
00089473
00033963
00048583
00055553
00094488
00038384
00068815
00018816
00064981
00054714
00053999
00045415
00044015
00053766
00073036
00088350
00060061
00052760
00094336
00049386
00068112
00055443
00054729
00057878
00030738
00086387
00068812
00083365
00070201
00085417
00037433
00053136
00046590
00083080
00011187
00092559
00013793
00036392
00029508
00014011
00018114
00044146
00065797
00018645
00070699
00053530
00066573
00018756
00010896
00051546
00062669
00055381
00037186
00062111
00076087
00033235
00034562
00072896
00084946
00076201
00016075
00073438
00024104
00054584
00023250
00045363
00052107
00094464
00022053
00020732
00063041
00082934
00096519
00085093
00027546
00064843
00028475
00067900
00060370
00028007
00021673
00072754
00082460
00012976
00041369
00093639
00058669
00040682
00038104
00068192
00062173
00026271
00045235
00022771
00081080
00021671
00033400
00087276
00061195
00018419
00038783
00041592
00071760
00041873
00046588
00030406
00061007
00097760
00079923
00094986
00046997
00087198
00013624
00049994
00086671
00041789
00088880
00072932
00032684
00065197
00022362
00039250
00045374
00023153
00097797
00010141
00086089
00080264
00038578
00012167
00043850
00039392
00026536
00011987
00040379
00088219
00058070
00016123
00061858
00064987
00091388
00046001
00097608
00079060
00025487
00084187
00017495
00041265
00053041
00052780
00066979
00063572
00057923
00045986
00051680
00034960
00036212
00075610
00082201
00091998
00018454
00059947
00039363
00097741
00070351
00059020
00035393
00029935
00058089
00022389
00017742
00070557
00088690
00070568
00046273
00063265
00077400
00090530
00067784
00074443
00093588
00085504
00027690
00087125
00074893
00059590
00067459
00034808
00084835
00032030
00044843
00096118
00058005
00035772
00054221
00097051
00034964
00059382
00045453
00074999
00032424
00096904
00095897
00063955
00059328
00090511
00045625
00040499
00047794
00086476
00041087
00028129
00080881
00049381
00010220
00041217
00077039
00092900
00024642
00072987
00010897
00058433
00080297
00014180
00077679
00056198
00085808
00086360
00097205
00018770
00011401
00044353
00069073
00025235
00048286
00035232
00030826
00034338
00040943
00098097
00030112
00044342
00084864
00053212
00091076
00033354
00083292
00033668
00020707
00026839
00018141
00099559
00049460
00074851
00038938
00039099
00034623
00040092
00083494
00026367
00038043
00017413
00047578
00058589
00024338
00062599
00099194
00047752
00035949
00028829
00019307
00060803
00027370
00057141
00099246
00037862
00065085
00095055
00060198
00031937
00082181
00094099
00024934
00027495
00068637
00025738
00051532
00026087
00050016
00097512
00092917
00025742
00044793
00012103
00012042
00056264
00064965
00043093
00099939
00048124
00068040
00070037
00048275
00086952
00033907
00064409
00028563
00090060
00096114
00087045
00014985
00081526
00049807
00093556
00091703
00032668
00014722
00021340
00067256
00085258
00091405
00025828
00059015
00073518
00020140
00069154
00037370
00037664
00073687
00088716
00048411
00046253
00024411
00084082
00092765
00066457
00085309
00046174
00040405
00055224
00018544
00055269
00036490
00059642
00089718
00079621
00059184
00094144
00091032
00056832
00060545
00017267
00052678
00097342
00087163
00015993
00057476
00059158
00044667
00020986
00019055
00050342
00060523
00022954
00044139
00073210
00046469
00095198
00094788
00029619
00052700
00059447
00055030
00024530
00019777
00018474
00047248
00044551
00039593
00062658
00032898
00090984
00038966
00034115
00048836
00018302
00095805
00073781
00072711
00050846
00094000
00038081
00024940
00084595
00080759
00097049
00051255
00050470
00083147
00038723
00069704
00095808
00050884
00088375
00077491
00018920
00082258
00043359
00039755
00053665
00042657
00091231
00015926
00031331
00019183
00067168
00088357
00091887
00090919
00082567
00027630
00011142
00063295
00099516
00064823
00096823
00073327
00038074
00070878
00088821
00076715
00061165
00077026
00035583
00090039
00076903
00051204
00075282
00061366
00021825
00096016
00013684
00043616
00096076
00074086
00020794
00037043
00038303
00052443
00064022
00057982
00039184
00078320
00071685
00038212
00016420
00028221
00021929
00024236
00015334
00069694
00031780
00095223
00079599
00065399
00018651
00069593
00027728
00094907
00059340
00057609
00049037
00022760
00033018
00026171
00071963
00025794
00091686
00060761
00070973
00017210
00033596
00026491
00046971
00051164
00052766
00099114
00058174
00074302
00095741
00088772
00066776
00024120
00088580
00051117
00029590
00061891
00016529
00077572
00045166
00062314
00047948
00039830
00080021
00029050
00074675
00049020
00013676
00057854
00093593
00080452
00010092
00096628
00057742
00048646
00029003
00088769
00061579
00061661
00064666
00037550
00074396
00031678
00081366
00066304
00019426
00026950
00014139
00085715
00014421
00092709
00072404
00093681
00092005
00028704
00049841
00038618
00012374
00065369
00056416
00093760
00046834
00036059
00074295
00083748
00041497
00073128
00096577
00077701
00018179
00026655
00024469
00081500
00088897
00015296
00053693
00041571
00099951
00057207
00090420
00068982
00094008
00017182
00018456
00076893
00049543
00095283
00051346
00033013
00061636
00054309
00063808
00097563
00078746
00017262
00052865
00019823
00017355
00056424
00024041
00082381
00081599
00081181
00013422
00042369
00066565
00015913
00041002
00054210
00017934
00041128
00085461
00098641
00064473
00033682
00083206
00087268
00094400
00067886
00044264
00043238
00044633
00094685
00024381
00022495
00060798
00049966
00089521
00053835
00086159
00024188
00099927
00072876
00085564
00020450
00045333
00075382
00015369
00059667
00027563
00033661
00025546
00017114
00058593
00085075
00037440
00066267
00075929
00092395
00018084
00073814
00065344
00029326
00012951
00092760
00045636
00018555
00027963
00099668
00066278
00018613
00033676
00087556
00061731
00042787
00035893
00094303
00038671
00045030
00093309
00021960
00039952
00019996
00080030
00069818
00045014
00084277
00062665
00087723
00037809
00062922
00079554
00095216
00035207
00032779
00038340
00034643
00078958
00099513
00098812
00076354
00078905
00040491
00083646
00072687
00084620
00095730
00019813
00098646
00055511
00064178
00046363
00060506
00013957
00038252
00094803
00059780
00068818
00070459
00055922
00075291
00039753
00013467
00031571
00066728
00037712
00067778
00055858
00011844
00098555
00033250
00051398
00031800
00028354
00047469
00098094
00074845
00019620
00087257
00075334
00068734
00021521
00099107
00062307
00065183
00040629
00037919
00038457
00065305
00077828
00092778
00049585
00023173
00061169
00090888
00013883
00029578
00043540
00021272
00098324
00027408
00031348
00052202
00052445
00058348
00095951
00069144
00033095
00076511
00066778
00084797
00015986
00040152
00095048
00018348
00075220
00042773
00082532
00099856
00053053
00055958
00079132
00091715
00095491
00067728
00055212
00060261
00034939
00090137
00062645
00012407
00016137
00020385
00063914
00051223
00070126
00014410
00039382
00037233
00065127
00054059
00091668
00064622
00077414
00017508
00016267
00031406
00042786
00085052
00038468
00081658
00067498
00027907
00053115
00079284
00033632
00099220
00015514
00042554
00024108
00061950
00096598
00064940
00033548
00018855
00072356
00090683
00037094
00028719
00056127
00083951
00032354
00039674
00087526
00010581
00024668
00064040
00010201
00088691
00044475
00054145
00023668
00089571
00034357
00017801
00073135
00064804
00082558
00087967
00037076
00095864
00082207
00098811
00039106
00098045
00083464
00072074
00043946
00050560
00031514
00094014
00035130
00067594
00074179
00048945
00015641
00043690
00041534
00086843
00030635
00079572
00022143
00082230
00014827
00049444
00094996
00055881
00016378
00039476
00051884
00052647
00013729
00015535
00079827
00097939
00091091
00030394
00072467
00042030
00023775
00087102
00025246
00056382
00045507
00050446
00075391
00042172
00048988
00015979
00036441
00078184
00070925
00043485
00044822
00059496
00051196
00046018
00099337
00023453
00027339
00084411
00031339
00070583
00056302
00054412
00039464
00096409
00024076
00032846
00090344
00045769
00092413
00027863
00017021
00040060
00050078
00060783
00084598
00014443
00099729
00016136
00020190
00088298
00099040
00056618
00060943
00029598
00096559
00035896
00017770
00018985
00051944
00044856
00083894
00044114
00025821
00047421
00077884
00045148
00020177
00021672
00039899
00033067
00029740
00019802
00041426
00077176
00076912
00098230
00045005
00057555
00038298
00092445
00029106
00044755
00058088
00020033
00074293
00088586
00077091
00077471
00010559
00071327
00082877
00043026
00052258
00037200
00098073
00085699
00013860
00047914
00041766
00087754
00073142
00040878
00019733
00018196
00035100
00087563
00010644
00031922
00053606
00044461
00010264
00032130
00023123
00044110
00013947
00066001
00038889
00030018
00066909
00066189
00076565
00040870
00074381
00042231
00078450
00010792
00093448
00051905
00085700
00012514
00055246
00054228
00021883
00016931
00078968
00048505
00079459
00087710
00040463
00014744
00051505
00070668
00071845
00087833
00061251
00041353
00081594
00085653
00096432
00074470
00031308
00049984
00069346
00074824
00092148
00075396
00071284
00096657
00058628
00095848
00064813
00082389
00085555
00071123
00010651
00074071
00091396
00065401
00026183
00053850
00088369
00077618
00045290
00079574
00033452
00061511
00095466
00012550
00034985
00043330
00047989
00081700
00059157
00073903
00015401
00058789
00075817
00081942
00014893
00083029
00015786
00035806
00061678
00082676
00015425
00056008
00087873
00051586
00083075
00057015
00050125
00045495
00026112
00018083
00048895
00049717
00061307
00061164
00013798
00052061
00042864
00099719
00059883
00031568
00029945
00023037
00048883
00053642
00093693
00078251
00076408
00046990
00096771
00060114
00037999
00042291
00049450
00038565
00048182
00092419
00011960
00044120
00034890
00071672
00089209
00079013
00023832
00056586
00059040
00018355
00045890
00036937
00053182
00029803
00094351
00046087
00028138
00017219
00097175
00019517
00046084
00070090
00070079
00088424
00057928
00021353
00013751
00010917
00010632
00076853
00014350
00033326
00040868
00086408
00055448
00081435
00092210
00081158
00083888
00036106
00063892
00012112
00052713
00019276
00096987
00056754
00068665
00089435
00087182
00071834
00033518
00017099
00059993
00075648
00061660
00068708
00089104
00054500
00061772
00019049
00083949
00057238
00034100
00098903
00016215
00062169
00069911
00072681
00085103
00098908
00081772
00076090
00081444
00028508
00047511
00041614
00085942
00036608
00066196
00040573
00074703
00050128
00092728
00049441
00084377
00074614
00060344
00023894
00031042
00083373
00017536
00036100
00056372
00091302
00072339
00093528
00071967
00054961
00063872
00068594
00012704
00019905
00060745
00032248
00037916
00027323
00063820
00092575
00013270
00075728
00061895
00023755
00019941
00054303
00085047
00090106
00045267
00055422
00029092
00098476
00011001
00077986
00044414
00066598
00037270
00093831
00057631
00050497
00019068
00086688
00038196
00045979
00044794
00057280
00027333
00097065
00042417
00033352
00095865
00025829
00024998
00055389
00043517
00048616
00078286
00023147
00048431
00018937
00064691
00066334
00054293
00022003
00048694
00075275
00042221
00082357
00094671
00046254
00093600
00052063
00089491
00024553
00096671
00025766
00017851
00053907
00069701
00048790
00013012
00039639
00067290
00058288
00019903
00024271
00064874
00041741
00012215
00039312
00010601
00094605
00094791
00029696
00046473
00088521
00016956
00035480
00092220
00093896
00087821
00052228
00034128
00033743
00071344
00075629
00080216
00060573
00084885
00084038
00011544
00066240
00055626
00039372
00083574
00024009
00055309
00014862
00019340
00013547
00052927
00097222
00084320
00095557
00012513
00041609
00071339
00089302
00096528
00049231
00043399
00044958
00012014
00041991
00099972
00030186
00037391
00023980
00043012
00030294
00047510
00022097
00016191
00020281
00026776
00052638
00067808
00069483
00042649
00049542
00011984
00076373
00070981
00078685
00059409
00017732
00097262
00099889
00080574
00064733
00081211
00055308
00099953
00021367
00096694
00083546
00045076
00098537
00080494
00088004
00072021
00053905
00028774
00042345
00030213
00048160
00087492
00032398
00084612
00050244
00054292
00086910
00060162
00052163
00098287
00065830
00092857
00070268
00068758
00080092
00021302
00021233
00090963
00010835
00085892
00057414
00092515
00055433
00025898
00022715
00049083
00020573
00051879
00072924
00086292
00031961
00099659
00047866
00026430
00047614
00081022
00049491
00013003
00017855
00053874
00017008
00012106
00033330
00051853
00084628
00067920
00032420
00093390
00031583
00060670
00054815
00079801
00040980
00084637
00065408
00084360
00056130
00095303
00063322
00013912
00031341
00063811
00080914
00069283
00033408
00025281
00083026
00031101
00091499
00097615
00069428
00010695
00017942
00019783
00066006
00012095
00068872
00028442
00037394
00097023
00040922
00065426
00068938
00060530
00084053
00019553
00074377
00016897
00037705
00097183
00027780
00093049
00022520
00096115
00055516
00028041
00039314
00081374
00076690
00047045
00097487
00039603
00057121
00039200
00068548
00088818
00066014
00078103
00040185
00079927
00028400
00080287
00040874
00084196
00063201
00056502
00067046
00038665
00059229
00018643
00070166
00096754
00029026
00085455
00031909
00015631
00024917
00086337
00069244
00094122
00079499
00013262
00078815
00061718
00054036
00014886
00027996
00040314
00038066
00099221
00046379
00054213
00046411
00041008
00091527
00030454
00098108
00076018
00039525
00031503
00054220
00081979
00098921
00083467
00046117
00068787
00052331
00018589
00097769
00074124
00081253
00044837
00056394
00015584
00098642
00059320
00016153
00035113
00090258
00067469
00048364
00099020
00079538
00027088
00067969
00056221
00075412
00011920
00026126
00096844
00021896
00074066
00031752
00054885
00092302
00032627
00073167
00033566
00065549
00043136
00071373
00032494
00067855
00049992
00066809
00046610
00039170
00054112
00095582
00053525
00079464
00047278
00064434
00086502
00023195
00029664
00026936
00090020
00067420
00091168
00074349
00021891
00079990
00055798
00095792
00076855
00099775
00010841
00075494
00042283
00059278
00017289
00079411
00032013
00093091
00029697
00017270
00071840
00014305
00056941
00093687
00040963
00088764
00021098
00014614
00016026
00026972
00018885
00019671
00042658
00054827
00021500
00081227
00054150
00080522
00021024
00099189
00015752
00056480
00022682
00029673
00015452
00013553
00071533
00020334
00060781
00080588
00082920
00055905
00068239
00099651
00098987
00085330
00076385
00032454
00074629
00032369
00091610
00017096
00092163
00085977
00076126
00012200
00017833
00045383
00093529
00094435
00012294
00076279
00099150
00065821
00028723
00052110
00033942
00078752
00069081
00020629
00030470
00098983
00067904
00090700
00099834
00038295
00062911
00017607
00025343
00089702
00062986
00039777
00076240
00075159
00084708
00085628
00023765
00090145
00010922
00050056
00024845
00070410
00026017
00021921
00070076
00090122
00073899
00052341
00033006
00054807
00068326
00012620
00095479
00082584
00082962
00098568
00031063
00093576
00056980
00018626
00016597
00022506
00030310
00095102
00066929
00085367
00082384
00073600
00099029
00060932
00022562
00071462
00015416
00091564
00069297
00054128
00046614
00064634
00081458
00051103
00086728
00037013
00040147
00039183
00098162
00098212
00088368
00083645
00083852
00033923
00086125
00084157
00074877
00061862
00083793
00027606
00075095
00020527
00087007
00098845
00027942
00053272
00053578
00034349
00057276
00041933
00048234
00071979
00013618
00077521
00052175
00094012
00046165
00052554
00072832
00036491
00044711
00022487
00036690
00084177
00034329
00085145
00074278
00054787
00044522
00042378
00076918
00035314
00058063
00061557
00077231
00061827
00030822
00051711
00026803
00058450
00070772
00092446
00022892
00068531
00089572
00039823
00079416
00096201
00058286
00024005
00049711
00066960
00032626
00023140
00074617
00068079
00088469
00015748
00066936
00040890
00031239
00055207
00036705
00055288
00093225
00037638
00081946
00084119
00038211
00073787
00076597
00050478
00065517
00044782
00097492
00038971
00058542
00085181
00063263
00047258
00066597
00034196
00013321
00024721
00083600
00085706
00041224
00073702
00075791
00016575
00096263
00056203
00027597
00083809
00044138
00035030
00068354
00089492
00071003
00059715
00093689
00070264
00066348
00021563
00024444
00050823
00084447
00096220
00021278
00027832
00076972
00056522
00010800
00026764
00074793
00077021
00034449
00091390
00068235
00031227
00063328
00094086
00027153
00013792
00019129
00044980
00019012
00035181
00028711
00077953
00098523
00031821
00054933
00082376
00081994
00087181
00083487
00034827
00046047
00017734
00052580
00040912
00088216
00067814
00091909
00085621
00016273
00084567
00041847
00045660
00097678
00045330
00095599
00042310
00095836
00049279
00049072
00063005
00044665
00027303
00023516
00068499
00011912
00084517
00095191
00027186
00061486
00037398
00023407
00053672
00074969
00019670
00071681
00055555
00086138
00068068
00088243
00033757
00049281
00043189
00028393
00045233
00092911
00073938
00059117
00024653
00096102
00024100
00096377
00055990
00010570
00077987
00039388
00071366
00022920
00033915
00022442
00056671
00098390
00028233
00022845
00028691
00031487
00049615
00088477
00075768
00050431
00093672
00035000
00079537
00038150
00074113
00083801
00047426
00046027
00024086
00081298
00045675
00016190
00092539
00086096
00042180
00053772
00040017
00083931
00060139
00091688
00090879
00019047
00089399
00024478
00015241
00050887
00087055
00011250
00035580
00096410
00038660
00068754
00017400
00072936
00083123
00081560
00012682
00062606
00025064
00050441
00058686
00014875
00080676
00064007
00098120
00084206
00013654
00016482
00099571
00092960
00025785
00081086
00092797
00055622
00098674
00054819
00095883
00024449
00076414
00095006
00034256
00079323
00099503
00032807
00055932
00047042
00055205
00010898
00016280
00025346
00045649
00049162
00044300
00028428
00015409
00037072
00047017
00010696
00036279
00097864
00052284
00018073
00076865
00015617
00034099
00087778
00010037
00090691
00034051
00063160
00062657
00082206
00041189
00064223
00097127
00094775
00050658
00061004
00058713
00068086
00073360
00049747
00031754
00077542
00087941
00010120
00041988
00053704
00048770
00097663
00057739
00084290
00026121
00042892
00020644
00076656
00031095
00035569
00061070
00092076
00017260
00044637
00051054
00061358
00073561
00059842
00099005
00042967
00093792
00047619
00037291
00081711
00028709
00083584
00014266
00083635
00096807
00077447
00021493
00041049
00048861
00073556
00016038
00039316
00051731
00023192
00069168
00099164
00066660
00033878
00064947
00021644
00091816
00095634
00094111
00090581
00084223
00010589
00037627
00039578
00058657
00069176
00082452
00013088
00032940
00043397
00071528
00037220
00092125
00050265
00087911
00093200
00027037
00058689
00040240
00049985
00014280
00014519
00089314
00069626
00028342
00065717
00060036
00083371
00014057
00032773
00061429
00029657
00011752
00028106
00058932
00027398
00092602
00015376
00079539
00075538
00022111
00025324
00088588
00083611
00014300
00082060
00037683
00090158
00094462
00095649
00055447
00064929
00050337
00098101
00044580
00056136
00076453
00077762
00048247
00028521
00011476
00096514
00036156
00096898
00030489
00061329
00032876
00051342
00072097
00092117
00077405
00089780
00078768
00098114
00075010
00075449
00025658
00097335
00055160
00088462
00070807
00042772
00081219
00080781
00040567
00013038
00019113
00082374
00060555
00024222
00077750
00041832
00098726
00079703
00063299
00079935
00060568
00012774
00018180
00053215
00083477
00030783
00071021
00082360
00019758
00026753
00064006
00033288
00076999
00028801
00063010
00021243
00039441
00078982
00021310
00079514
00031421
00074525
00068719
00057993
00078671
00084817
00039406
00027264
00090930
00041806
00092595
00023537
00058783
00031371
00058746
00037473
00058946
00041478
00034771
00019848
00077475
00095510
00012728
00021413
00046206
00028669
00084306
00045810
00064710
00048232
00058958
00046981
00017362
00086109
00017575
00053047
00017121
00097527
00010705
00022585
00092639
00060421
00017309
00027197
00082806
00060275
00049417
00036968
00083996
00016042
00099915
00048168
00011890
00073704
00062884
00025488
00099435
00037821
00050724
00020901
00047300
00039089
00027585
00024661
00066843
00060103
00080515
00029972
00089306
00095853
00074462
00084988
00068744
00047405
00028112
00099960
00045051
00048979
00026866
00045365
00099099
00043774
00068104
00014743
00031815
00055154
00069268
00020993
00070675
00073567
00089099
00011340
00057419
00059008
00035555
00057398
00089024
00011148
00037319
00091615
00011032
00069072
00060843
00028441
00058897
00052538
00078156
00028567
00073495
00012387
00040070
00012346
00094502
00040809
00039960
00075761
00035705
00039131
00045386
00028986
00061705
00095225
00051232
00029388
00011057
00047284
00093633
00058118
00092330
00072090
00036707
00024951
00060195
00051706
00037149
00016504
00074653
00056776
00027100
00047237
00081879
00047554
00034917
00073477
00095555
00021612
00021712
00087559
00051101
00050424
00036427
00090573
00061667
00052666
00014925
00042442
00015544
00053700
00033161
00014776
00025179
00088404
00077323
00060892
00043048
00081411
00093403
00061967
00016383
00013539
00078518
00096988
00029139
00024834
00065316
00088540
00023469
00058148
00085803
00051551
00059312
00056802
00069494
00053555
00044583
00069386
00087562
00012633
00054038
00081139
00064131
00029299
00036505
00089957
00024649
00021053
00047918
00063543
00091670
00056699
00098076
00043800
00063035
00012773
00046182
00074265
00010386
00044564
00068946
00040915
00030824
00046430
00044281
00054783
00020423
00095435
00020222
00059847
00034944
00075912
00091461
00013049
00097421
00058146
00065258
00055342
00080747
00020510
00073651
00022059
00071265
00053439
00041221
00082205
00097212
00042284
00070906
00027379
00031702
00097791
00051565
00064465
00044077
00013209
00033649
00054056
00082554
00027502
00071399
00093552
00051940
00024556
00047971
00038123
00013773
00075255
00012720
00049675
00081638
00024435
00082906
00071046
00070722
00032227
00021108
00096835
00044820
00095569
00056998
00041539
00091011
00025740
00036744
00017073
00033484
00076307
00072889
00063929
00047740
00028689
00073441
00092665
00071568
00099071
00064996
00080917
00025870
00026614
00028165
00057484
00040189
00041330
00011576
00048964
00068315
00075428
00078662
00036368
00033482
00035122
00090284
00078276
00028855
00073232
00033411
00074592
00032528
00046500
00030088
00087557
00086217
00092408
00030733
00037089
00061045
00091937
00015588
00078385
00031929
00065478
00096588
00047666
00040538
00061407
00091138
00052271
00088875
00097507
00078061
00039252
00010198
00019522
00090421
00096706
00022996
00081624
00094458
00018722
00031389
00075749
00033163
00050680
00077525
00013750
00081364
00092204
00045950
00058232
00030083
00044785
00029755
00084659
00031435
00011678
00099359
00028905
00012516
00055070
00010196
00016610
00083572
00041085
00015891
00095141
00044951
00076060
00065771
00069894
00016392
00034938
00082141
00097199
00025394
00084530
00045944
00016335
00013002
00099570
00080639
00072386
00073521
00099032
00094513
00052453
00027906
00053261
00063479
00029369
00079960
00076182
00087858
00027413
00019160
00044346
00059514
00049413
00068996
00077338
00046587
00047021
00021734
00092603
00046843
00018978
00068105
00034423
00039773
00027810
00017581
00068909
00065273
00082259
00074152
00030997
00032481
00069107
00034444
00078070
00049237
00017297
00081260
00056898
00023658
00040591
00010005
00096075
00047869
00072587
00029315
00061194
00075774
00059136
00059345
00012815
00035161
00098258
00089285
00051988
00059249
00022642
00030968
00058681
00097322
00050893
00079731
00056640
00083054
00023062
00034572
00050908
00066621
00045997
00048394
00096667
00020758
00057957
00050280
00045029
00066918
00021777
00080408
00017544
00027041
00047359
00043521
00051307
00011647
00046540
00058615
00055277
00037881
00086711
00054662
00048413
00081416
00019425
00099531
00069101
00019916
00020424
00019896
00054240
00067269
00075045
00013127
00018086
00071176
00097245
00028523
00059426
00026060
00082493
00030713
00035215
00084601
00092578
00093362
00048082
00046345
00062844
00091450
00078444
00085091
00047726
00018531
00023068
00017755
00034763
00054167
00070921
00056064
00061040
00057800
00090621
00053205
00046391
00025561
00065513
00067731
00055304
00075985
00052233
00057291
00086813
00090928
00086893
00092816
00022545
00062069
00075331
00076315
00029469
00062596
00068336
00058316
00084923
00056101
00042396
00059098
00065677
00060171
00025128
00045643
00077421
00035599
00063432
00012373
00046889
00050001
00062763
00085292
00051959
00038985
00085099
00069150
00055896
00031021
00053198
00019772
00017042
00018705
00044011
00094391
00026429
00086338
00071087
00036987
00080221
00060918
00030985
00080441
00021136
00081812
00037571
00056137
00048034
00094057
00065042
00083689
00053879
00048834
00091647
00014394
00080270
00042044
00058487
00077724
00048874
00032330
00051163
00019539
00060624
00094134
00061645
00020553
00099583
00087419
00029679
00064995
00057852
00077022
00015602
00096363
00067641
00056141
00098464
00072458
00055234
00021583
00095471
00033629
00047680
00013857
00033819
00088383
00057640
00083104
00080755
00043090
00026162
00092318
00098411
00012388
00050012
00096164
00035697
00041481
00062451
00058506
00012258
00095379
00024883
00021111
00040530
00094529
00056684
00017011
00051883
00040775
00051543
00016094
00049106
00087814
00084199
00078558
00025330
00078328
00079965
00055007
00072299
00042561
00097242
00093642
00098157
00010078
00013482
00093851
00019682
00082106
00071073
00073523
00072950
00062782
00043571
00016982
00092904
00092617
00093321
00030211
00079487
00070541
00047116
00022967
00091189
00099146
00072560
00094749
00098355
00045933
00056970
00065210
00060168
00050832
00038851
00012353
00059266
00060939
00011435
00085673
00092622
00013998
00021341
00042429
00023510
00065893
00057288
00054957
00078715
00081433
00024389
00016070
00092950
00091911
00066669
00056657
00076607
00054713
00045193
00024853
00075180
00071167
00032322
00035293
00049990
00026149
00044963
00079831
00014770
00085222
00068675
00057691
00082298
00027910
00041349
00011899
00086518
00082285
00080660
00071030
00087544
00067614
00031290
00077922
00025637
00047940
00021536
00066120
00094320
00052915
00053378
00035125
00018482
00071127
00097032
00012495
00013441
00089642
00044419
00067565
00068492
00032058
00015043
00078572
00042673
00029376
00061289
00022564
00018758
00048094
00052245
00056494
00088202
00047216
00099787
00029797
00033491
00071040
00096006
00021824
00034968
00077065
00035043
00057597
00058442
00089153
00048248
00098139
00020991
00052999
00013574
00025403
00022944
00058515
00041472
00063149
00087856
00060341
00083539
00096890
00076675
00059376
00019609
00043676
00096903
00027157
00010669
00058973
00026601
00077386
00017587
00047112
00011851
00062594
00015876
00023865
00015006
00010306
00074348
00091751
00094691
00025704
00061262
00015747
00082004
00025274
00011657
00050165
00070138
00065167
00083919
00067017
00027527
00042961
00023135
00092202
00025818
00062283
00061371
00081284
00017531
00032569
00029311
00013358
00047058
00038386
00040851
00064177
00063262
00058860
00087791
00060298
00057381
00064793
00021984
00046369
00098972
00084436
00062898
00088866
00033619
00034005
00099863
00056308
00066798
00066524
00012568
00074950
00057564
00094929
00020717
00052219
00097641
00011120
00035570
00046367
00059699
00090512
00051313
00093667
00031693
00059863
00048295
00031622
00041447
00081295
00085708
00023090
00073285
00050230
00084947
00067538
00077817
00051700
00058373
00026220
00050223
00068981
00010221
00030265
00014101
00045808
00043386
00076297
00069095
00031223
00020282
00068538
00020995
00039074
00085786
00023352
00060399
00062389
00093939
00074541
00063594
00078719
00017701
00066424
00011992
00036759
00053630
00024687
00062710
00096414
00041149
00050408
00027014
00082635
00044933
00088884
00032353
00036250
00087883
00047919
00015204
00051499
00097901
00012330
00074164
00039789
00066919
00041092
00058803
00097662
00048156
00062979
00092727
00013921
00063883
00014405
00040680
00058206
00097928
00083119
00083469
00055937
00049163
00056187
00025942
00089936
00039377
00018587
00076801
00026084
00067644
00071656
00040662
00033508
00042227
00048742
00064768
00059344
00095105
00078736
00083394
00076988
00073890
00022518
00084410
00015125
00095073
00032271
00083939
00085157
00049064
00023404
00087764
00010205
00025077
00026883
00052685
00071853
00044416
00086988
00099838
00035457
00054206
00082499
00033064
00046726
00027384
00059271
00054529
00026513
00037760
00018035
00030501
00026812
00069400
00040608
00045069
00073818
00026250
00049075
00095330
00024180
00027857
00030244
00053858
00071031
00013241
00041466
00047014
00048143
00058057
00038276
00038351
00098723
00084036
00010070
00097826
00069299
00061158
00051278
00090868
00045784
00099345
00044548
00034526
00016138
00049606
00097241
00080475
00025494
00046373
00050542
00042880
00074655
00099417
00065917
00026374
00045095
00016158
00060026
00043893
00075021
00082471
00084930
00035151
00077631
00073844
00013251
00054151
00075883
00090662
00089444
00046575
00092266
00024971
00036236
00010428
00096744
00062993
00048157
00083074
00083616
00044467
00013900
00016443
00033891
00056173
00064156
00054461
00056750
00055868
00068838
00043269
00096610
00030106
00085187
00013328
00038216
00013210
00066317
00028024
00014889
00075149
00059704
00059418
00054767
00053553
00066231
00076158
00076830
00087773
00087315
00022379
00046272
00017367
00065963
00065184
00056731
00022652
00097407
00081146
00034656
00031314
00017353
00052735
00062564
00071622
00043564
00095312
00071558
00096851
00087228
00094743
00099591
00044806
00055290
00059712
00023813
00027295
00040101
00088398
00015910
00070388
00016492
00052410
00015985
00012623
00030740
00042083
00074795
00037579
00098171
00032114
00031623
00077784
00011675
00080150
00066005
00029898
00046487
00024004
00048372
00095930
00057552
00018501
00092641
00019633
00054400
00053639
00017025
00053601
00099645
00030598
00057952
00079418
00034420
00079224
00017893
00070952
00087079
00087034
00080834
00080007
00034184
00018617
00014277
00043321
00070886
00070991
00040717
00093815
00051753
00025030
00095953
00046941
00018492
00064101
00041734
00047354
00047415
00074689
00046322
00023408
00063534
00052607
00072867
00047819
00076661
00082358
00034260
00052130
00055628
00078470
00088839
00052458
00081748
00078414
00016921
00071966
00079398
00083775
00085149
00091322
00046449
00076028
00082571
00025513
00023387
00079495
00018176
00085986
00097048
00031088
00072701
00021795
00016270
00036966
00075988
00065254
00036470
00044141
00035977
00086996
00068085
00025364
00016927
00068991
00088636
00028937
00040646
00066599
00038435
00081575
00017477
00076226
00024097
00041375
00010816
00022289
00056463
00097756
00013725
00040143
00093037
00089497
00038704
00056087
00062602
00014774
00097276
00049177
00072023
00091848
00036899
00073386
00035153
00079000
00056089
00055923
00022752
00081542
00093274
00046503
00010682
00070234
00044358
00011073
00037033
00037538
00017937
00022119
00012569
00045289
00097097
00081980
00093357
00077415
00081785
00084072
00075863
00069905
00084948
00071518
00020189
00036679
00055072
00079780
00053556
00039056
00067973
00019598
00079168
00040704
00042070
00046784
00036688
00051077
00092177
00089855
00034266
00033521
00096930
00056742
00050326
00027856
00069006
00019767
00041474
00013288
00010371
00014204
00021755
00067952
00024957
00011296
00066306
00052504
00034039
00035679
00043929
00012567
00036045
00087624
00099397
00028496
00091269
00080203
00049855
00063381
00019554
00054765
00089400
00029149
00010098
00023182
00022991
00021763
00087592
00074251
00050427
00046337
00052603
00047024
00049280
00045451
00076339
00024346
00076281
00068742
00019596
00091868
00014973
00019360
00080910
00071111
00021002
00061887
00019659
00014988
00051691
00031270
00036209
00085359
00058922
00078882
00026230
00053926
00033285
00063637
00047978
00096312
00072997
00011684
00014392
00030766
00025328
00047697
00097905
00097485
00017369
00066634
00035798
00077416
00011486
00095159
00036650
00049714
00086086
00096315
00023237
00082269
00096141
00084829
00064928
00012467
00028460
00023092
00039966
00072611
00083212
00067225
00092681
00089923
00078902
00050423
00048931
00085513
00014516
00049680
00057942
00038459
00064320
00074266
00051943
00034910
00018318
00059087
00041489
00038246
00030216
00015165
00092218
00057209
00081387
00070052
00098986
00096145
00073735
00074322
00086774
00085805
00022282
00092250
00072274
00061771
00079560
00013510
00078345
00091274
00062007
00069736
00067431
00097116
00017592
00075218
00096346
00071472
00070626
00076529
00051271
00066748
00012352
00011165
00012904
00063391
00068830
00034288
00013526
00083116
00034578
00060111
00015395
00054611
00087943
00054355
00090433
00020852
00032358
00054014
00050285
00037143
00090369
00026350
00021656
00098939
00089162
00086143
00086550
00016676
00033680
00083028
00084007
00036498
00024745
00079364
00017729
00016328
00028798
00070484
00096942
00074707
00028319
00067008
00065295
00029515
00017677
00042491
00014503
00041194
00088156
00063776
00076276
00085388
00029783
00024659
00091977
00012150
00083353
00080906
00027981
00063383
00091260
00024195
00030076
00057421
00036103
00013492
00017188
00062246
00094001
00046595
00084978
00043730
00075931
00091979
00032745
00033195
00013738
00018175
00086098
00067574
00081112
00015178
00090694
00091263
00087938
00085630
00088266
00048031
00072447
00082724
00055306
00030863
00014072
00034587
00039035
00051070
00028478
00070871
00068129
00038442
00020225
00053806
00087423
00036374
00023247
00093872
00050651
00080228
00027713
00090971
00043989
00018603
00067702
00027023
00056222
00036076
00032125
00056638
00050794
00020147
00062737
00049958
00040371
00041611
00067188
00088403
00040959
00061691
00089077
00088602
00058526
00077742
00070338
00029422
00059114
00020152
00022738
00036286
00072408
00023227
00084335
00055537
00037689
00053745
00023526
00077075
00016712
00061973
00078531
00082838
00065026
00051468
00049757
00086191
00043507
00094945
00093132
00083093
00061946
00083636
00044971
00041618
00021317
00024132
00028268
00043009
00093361
00055890
00083657
00073761
00068599
00060153
00068896
00017570
00037256
00063779
00010691
00072318
00073037
00060767
00011261
00090253
00057231
00023382
00094870
00058870
00089663
00078817
00030519
00084180
00043247
00063898
00021481
00092698
00064180
00050079
00060032
00096179
00035965
00025862
00042439
00042216
00066856
00051763
00060817
00076280
00053280
00088176
00085306
00043751
00042519
00093494
00079205
00053729
00079925
00045359
00077010
00034495
00034871
00036053
00018190
00055156
00046666
00092929
00032194
00077269
00044706
00017494
00071943
00015229
00043740
00088292
00097649
00077195
00010053
00069236
00058884
00032418
00058399
00015598
00072579
00061642
00063691
00064181
00073976
00098517
00011689
00055521
00057530
00067445
00052172
00044255
00029749
00043092
00015444
00039976
00072171
00038920
00058190
00090109
00032725
00030274
00018619
00078319
00047371
00011702
00012555
00082128
00032566
00055151
00092134
00084945
00041691
00096024
00033212
00032692
00019793
00055562
00014393
00046899
00039724
00052926
00012967
00034680
00032602
00034559
00086108
00038742
00076153
00085211
00019393
00070369
00012770
00045170
00050210
00028988
00038748
00070419
00098672
00047615
00017902
00097570
00087717
00094560
00044488
00061929
00061659
00096081
00098863
00047867
00012018
00030071
00018649
00082830
00066662
00061010
00029997
00032441
00079118
00040227
00046930
00088250
00011710
00080399
00034142
00032274
00088879
00012218
00093516
00084090
00025291
00085725
00048301
00067462
00062880
00057002
00082502
00041896
00037491
00039848
00012347
00093383
00018631
00041195
00040093
00033665
00095062
00092331
00022724
00054161
00040197
00039023
00088024
00026818
00053919
00088454
00089342
00072028
00075272
00080661
00044514
00054390
00033881
00015153
00017296
00037868
00082972
00060235
00019755
00022976
00097546
00097673
00092883
00081368
00011392
00077927
00035899
00063834
00024068
00093156
00065070
00055300
00033551
00064779
00057445
00073060
00012935
00082886
00060322
00013688
00040703
00054581
00064452
00021579
00099994
00077179
00092372
00078022
00075814
00087391
00041949
00054796
00053596
00072493
00043634
00072137
00059750
00035303
00090787
00091106
00092649
00084814
00051587
00088558
00024402
00030718
00016505
00036735
00025331
00083508
00040641
00080094
00093616
00095881
00020260
00019925
00077317
00076962
00010432
00076417
00066161
00090641
00060251
00089249
00020329
00030676
00069760
00045404
00010461
00045830
00079746
00079165
00067124
00029666
00088677
00053670
00019844
00042304
00063972
00084585
00032440
00012192
00075167
00081129
00022940
00042600
00019111
00031894
00031738
00049494
00066192
00058042
00093414
00064973
00025249
00080468
00092946
00028287
00016775
00056857
00051604
00060550
00072944
00069111
00039797
00025269
00078854
00036409
00056579
00027743
00059053
00070600
00087120
00091818
00028207
00062151
00027238
00086593
00035620
00083315
00081145
00034735
00051672
00064175
00095619
00046498
00058356
00064645
00014149
00096520
00015765
00079789
00013571
00023653
00035269
00049369
00023400
00068608
00075772
00050310
00017101
00036442
00020240
00062239
00066185
00079744
00021369
00056905
00049142
00020110
00088494
00091677
00058581
00027604
00018222
00080667
00086437
00095810
00043976
00032714
00051620
00098374
00084629
00011266
00075360
00079024
00043918
00037180
00063256
00047555
00024080
00011618
00089324
00084706
00041480
00075518
00072636
00093146
00099826
00026316
00075190
00055673
00055289
00019108
00081597
00024367
00025847
00047590
00087786
00057534
00032113
00040671
00057352
00014974
00041200
00067964
00030136
00060187
00016433
00065570
00096625
00026014
00047571
00016363
00083999
00026151
00076238
00043424
00094411
00076290
00037759
00021872
00072163
00021643
00039574
00067330
00085375
00056814
00075059
00074103
00063330
00041900
00091159
00060001
00087071
00047725
00043922
00019185
00079645
00058998
00022108
00021485
00055373
00012861
00094236
00017414
00022782
00040531
00020697
00012358
00091814
00054588
00035490
00064125
00099886
00043263
00094588
00021623
00017876
00023738
00033438
00091593
00011718
00092179
00023546
00089071
00038359
00077438
00043351
00046005
00069523
00035542
00050037
00079922
00076348
00095691
00064799
00036592
00011943
00064568
00043661
00025988
00025796
00084469
00063208
00060575
00064342
00082058
00094760
00017749
00079899
00062664
00030061
00051767
00078979
00097095
00046944
00090664
00088911
00032337
00060395
00019898
00041716
00085470
00064510
00066713
00094761
00042328
00028627
00099533
00046375
00011722
00022708
00016362
00014971
00092186
00057899
00090600
00027945
00064880
00085039
00016107
00095598
00024253
00042920
00045091
00065503
00011179
00033381
00018573
00024766
00076430
00034313
00058716
00037051
00046115
00079382
00072455
00055445
00033921
00028592
00098209
00022006
00032290
00074054
00039577
00087841
00013629
00092365
00019610
00034245
00090723
00030441
00099404
00032954
00061770
00066583
00072780
00012469
00026834
00072588
00059822
00058705
00088481
00054345
00086012
00057165
00017242
00048125
00035428
00083139
00052459
00084634
00046630
00049701
00087972
00020051
00048564
00062191
00044791
00079313
00060931
00094748
00074714
00063147
00061651
00025436
00018340
00031332
00056150
00028939
00034913
00089659
00026557
00065623
00077735
00050396
00046032
00047953
00062064
00022477
00071147
00032208
00082820
00072938
00075550
00033928
00026450
00048447
00073451
00028016
00012792
00060328
00031681
00079635
00048419
00085612
00078791
00030809
00099698
00024981
00045013
00077518
00033777
00039722
00032944
00092512
00075805
00099145
00016819
00031401
00090781
00086624
00051815
00070946
00088687
00012734
00010281
00098850
00042053
00099572
00090944
00070510
00045670
00020253
00036114
00031258
00076249
00029506
00010633
00037832
00083222
00095511
00053171
00037936
00017994
00062533
00080677
00092921
00081229
00091562
00072607
00069995
00024319
00033618
00049435
00043196
00038957
00095229
00092119
00079122
00029864
00016972
00056937
00080619
00084387
00079127
00070617
00095324
00022750
00085449
00092080
00084012
00079511
00023814
00059451
00094939
00070157
00064692
00099187
00057082
00069211
00034694
00025713
00089054
00039940
00055071
00069726
00070532
00037829
00098140
00096725
00039607
00082440
00032463
00066928
00053178
00015720
00084932
00098602
00075681
00047960
00027148
00098385
00044095
00085554
00086495
00018352
00022553
00078418
00090727
00091309
00012775
00014723
00053461
00091920
00016959
00052200
00018641
00015067
00082535
00069985
00022746
00096390
00029858
00060306
00042067
00070550
00057346
00052941
00012833
00043647
00036606
00023119
00068484
00099671
00058039
00078878
00039498
00013304
00095655
00032218
00061474
00012108
00038858
00071142
00093284
00095481
00056095
00046448
00027277
00046482
00036738
00017004
00062994
00026182
00062640
00059732
00079512
00056018
00017534
00022490
00098373
00026021
00077852
00045223
00019684
00046212
00023200
00020073
00023565
00088081
00098902
00099269
00035296
00069329
00062680
00017023
00034486
00098896
00031245
00022465
00074818
00071454
00048491
00060704
00037080
00023934
00063329
00014904
00054012
00051376
00095243
00052876
00057632
00024467
00011905
00056762
00098446
00095360
00068219
00053184
00089860
00023521
00081565
00015356
00071075
00038976
00053561
00043047
00072765
00030184
00035082
00064864
00061748
00031649
00010612
00069869
00021349
00057459
00055828
00014078
00026241
00099792
00080259
00045011
00026307
00075011
00044892
00081984
00034955
00065040
00079725
00095673
00066066
00062395
00085709
00046145
00015230
00091903
00071575
00027522
00013567
00052736
00094436
00057478
00071561
00083816
00040981
00097511
00010961
00061783
00075487
00031851
00067202
00025822
00083555
00053877
00088650
00039569
00087610
00084676
00012477
00015387
00010646
00078366
00051961
00073923
00068139
00096050
00072928
00040945
00081147
00043602
00051643
00025737
00020178
00028244
00084674
00064016
00012464
00085702
00048412
00080740
00061275
00014440
00055174
00058379
00022349
00046648
00083334
00078757
00041268
00043632
00082617
00046766
00048282
00098695
00077779
00099924
00027305
00049308
00034742
00097501
00068093
00076728
00042586
00058573
00040996
00048263
00098294
00027481
00015511
00020505
00062682
00063828
00057452
00051347
00074583
00024058
00037457
00069867
00086180
00080753
00025618
00041726
00082319
00058936
00032748
00021844
00012153
00064509
00034191
00088944
00073613
00068034
00078932
00094155
00030093
00023342
00035342
00035532
00035523
00018515
00084649
00055135
00077734
00037852
00090948
00035351
00058276
00023273
00015889
00087924
00065314
00048036
00037130
00040203
00012804
00025612
00095613
00015916
00088019
00071349
00036815
00078709
00021768
00079318
00017459
00092620
00017670
00060907
00088688
00034516
00030452
00084332
00076143
00089849
00044496
00086800
00015301
00099831
00075861
00041845
00015034
00055972
00061190
00049300
00067108
00058320
00078669
00093109
00031451
00059769
00033709
00070838
00078220
00093499
00018797
00038711
00020071
00011399
00044912
00057808
00090744
00030467
00019849
00013755
00044429
00077497
00041404
00096571
00033947
00062065
00027818
00069914
00059360
00094812
00094407
00094800
00095474
00026786
00021250
00028710
00019035
00084313
00082485
00055353
00065956
00011679
00023997
00095133
00097387
00046314
00031977
00017948
00022870
00020004
00091716
00074227
00089786
00021711
00055187
00058064
00075439
00079094
00082864
00020434
00089985
00091902
00046903
00060002
00033254
00030722
00046138
00059884
00044827
00070700
00090221
00061537
00074939
00028182
00080514
00070692
00080679
00081093
00069713
00065810
00076774
00073344
00028715
00015052
00013767
00080219
00012510
00010772
00023154
00022030
00041831
00080315
00063185
00013301
00083483
00075673
00095118
00035674
00045977
00066886
00015205
00038986
00030528
00016076
00031758
00037429
00019959
00082593
00023434
00075713
00036162
00012511
00012456
00030670
00011162
00013128
00056732
00070153
00066495
00041616
00067832
00083507
00096593
00058980
00060945
00042088
00038692
00027198
00074513
00049837
00070762
00039813
00096609
00057434
00081818
00062023
00099488
00070229
00026565
00023180
00062505
00033557
00079076
00045332
00097332
00033399
00035095
00096986
00054449
00071658
00018301
00043077
00010197
00077789
00095725
00040013
00079194
00090698
00032587
00093959
00040767
00034300
00059001
00054835
00034419
00015315
00045378
00028630
00055268
00052539
00037552
00091665
00073412
00053514
00026425
00046935
00094958
00034510
00033186
00044360
00073686
00074383
00076454
00037247
00074782
00075125
00012519
00025251
00067022
00091175
00065573
00044337
00052047
00057162
00087494
00038916
00085332
00018614
00020039
00097384
00014179
00020045
00092811
00048161
00063377
00082210
00098224
00072064
00047827
00099999
00078331
00059364
00041673
00058467
00035897
00063493
00082913
00037068
00073446
00042800
00070440
00014523
00024877
00042499
00046071
00065219
00045275
00034044
00056316
00046561
00099949
00072391
00062790
00038978
00011560
00017571
00035407
00083844
00096166
00019291
00047240
00051932
00015784
00082910
00056633
00040506
00064639
00017243
00052005
00011767
00055402
00034479
00081013
00073231
00030193
00027848
00049682
00095850
00031828
00089297
00038937
00068656
00012165
00084898
00079895
00054232
00072370
00080742
00094654
00065430
00092564
00067127
00061547
00055138
00012446
00090424
00013538
00020683
00075347
00096705
00012343
00030263
00034120
00099154
00018059
00099713
00057268
00050407
00085021
00068559
00057721
00060388
00094906
00011774
00012466
00063586
00077747
00083001
00040128
00082680
00066689
00030363
00084484
00096444
00052124
00015605
00035919
00025193
00035090
00080935
00068973
00055552
00065925
00091934
00093526
00075491
00038411
00071510
00018286
00037976
00032670
00038116
00093286
00015623
00054568
00081054
00023040
00062256
00086116
00091489
00072099
00050737
00052513
00057344
00047684
00035372
00023589
00059503
00071829
00039352
00044289
00070162
00075108
00054627
00063486
00044382
00042547
00026761
00092800
00031011
00018343
00020076
00025604
00058071
00085584
00019912
00020869
00044279
00044422
00047442
00012867
00048207
00083207
00067110
00027697
00057151
00042996
00057130
00094003
00094984
00095188
00025605
00025094
00062243
00061447
00013295
00033583
00033908
00093302
00044051
00015352
00044125
00065348
00023963
00010138
00020387
00041835
00069461
00015745
00082606
00067812
00023988
00020118
00012853
00015592
00093415
00023202
00042259
00031346
00085159
00037692
00023898
00021558
00072769
00044870
00099361
00010662
00067227
00086199
00015712
00064869
00031727
00098167
00042686
00091219
00055898
00017324
00010844
00042317
00023624
00056406
00056209
00027557
00053623
00046536
00099050
00094880
00021592
00081306
00093511
00070761
00034924
00015897
00095954
00055600
00032458
00012915
00096629
00079626
00039764
00096266
00018950
00023231
00041719
00081894
00070695
00097803
00090542
00095152
00049775
00098389
00021441
00074925
00062716
00099202
00016628
00063591
00080049
00084818
00063438
00045992
00085543
00081457
00025358
00097360
00065879
00061850
00064142
00097811
00093654
00022079
00052156
00037865
00042925
00079014
00047929
00027007
00054085
00083562
00014074
00055480
00011286
00025279
00095439
00082894
00056673
00056426
00085038
00068562
00084681
00032155
00030611
00070213
00034604
00027031
00011050
00057096
00034058
00022648
00078782
00051224
00076975
00079807
00020750
00075419
00073610
00010910
00091071
00043004
00096687
00091741
00027935
00080652
00093003
00089701
00041312
00049271
00076203
00063434
00017089
00079379
00032180
00011468
00064226
00056430
00026805
00078622
00035832
00022530
00043081
00088760
00077008
00062535
00036890
00012134
00027628
00076584
00027599
00050369
00024258
00062955
00062727
00024531
00059885
00081506
00024366
00015690
00030934
00021031
00033080
00036307
00080398
00046950
00061397
00085140
00016731
00082484
00077562
00045334
00074882
00058201
00050414
00030462
00085305
00030210
00026877
00051377
00010944
00064586
00092538
00044741
00069374
00069898
00014228
00051622
00034565
00047857
00041606
00060641
00035859
00095849
00024673
00088267
00027850
00077748
00024410
00027141
00070551
00031636
00025859
00054263
00045825
00025761
00039284
00059029
00034113
00051864
00022686
00092280
00068550
00067409
00086420
00032195
00071846
00022082
00096714
00049660
00077902
00052226
00045381
00094167
00035905
00029305
00097541
00087043
00012383
00057591
00061535
00098237
00065139
00024427
00042563
00042064
00045338
00022739
00026179
00057212
00020153
00065275
00042113
00024232
00050379
00036544
00028235
00058191
00048194
00014341
00085796
00030415
00077141
00072409
00060314
00090628
00010464
00065157
00012838
00052235
00095200
00012350
00010071
00097275
00082337
00084745
00096932
00078129
00042034
00049721
00073409
00088314
00084078
00023251
00084543
00092999
00062540
00082295
00045141
00017557
00031016
00038594
00029046
00098405
00072658
00061795
00093462
00067211
00095427
00016226
00077057
00097338
00023535
00060042
00044126
00039544
00040188
00074291
00021721
00074715
00025303
00079998
00060650
00047440
00060004
00020708
00050349
00087108
00024340
00031020
00011352
00049795
00030763
00029778
00083594
00042805
00021494
00051395
00069234
00015406
00091830
00082025
00024488
00038452
00075046
00074586
00092491
00012195
00055869
00070609
00019593
00051896
00088948
00065950
00075862
00062815
00070758
00049597
00088581
00088175
00063449
00041229
00086031
00082893
00093022
00063254
00015988
00012512
00015078
00010634
00033022
00093787
00068128
00033287
00053085
00078430
00089695
00082059
00061710
00080215
00095063
00079700
00037248
00041934
00029719
00050874
00047527
00089989
00013765
00079523
00083452
00035211
00090966
00017727
00076915
00037677
00099681
00052589
00054916
00024301
00070071
00076778
00019511
00032252
00074937
00013355
00072994
00073811
00063146
00075834
00091190
00058904
00087323
00060678
00064983
00069875
00013930
00059826
00035201
00037354
00022669
00030350
00035507
00024105
00094807
00084120
00072526
00069009
00077564
00089777
00043891
00089645
00096044
00062430
00069879
00091776
00034863
00033814
00038172
00012666
00055489
00033502
00043580
00035312
00094954
00060810
00046236
00055921
00098095
00073963
00048735
00048465
00042445
00057411
00048720
00018421
00037419
00055298
00011256
00086304
00027805
00081846
00087147
00064111
00042904
00044571
00010174
00049317
00056908
00084575
00082306
00096195
00050531
00096746
00019412
00046390
00061931
00058514
00087770
00013831
00086150
00081775
00030927
00023178
00094373
00028388
00089247
00014390
00084150
00021169
00024693
00093842
00016036
00055055
00030714
00039403
00048545
00044984
00032416
00040455
00094396
00073096
00093388
00070794
00030619
00062725
00082916
00052397
00026699
00074170
00042890
00065992
00050412
00045684
00015738
00035282
00050010
00027927
00091720
00077790
00098538
00074688
00059388
00084848
00036370
00032372
00041432
00067817
00091726
00074778
00044037
00029202
00079742
00091089
00033349
00023246
00096712
00041883
00023815
00012559
00082029
00060958
00044269
00079950
00083409
00054329
00090831
00014342
00060403
00070784
00078762
00043296
00054310
00018537
00051835
00062873
00069462
00090705
00017342
00026305
00012625
00019197
00081472
00043842
00041588
00091046
00076786
00025609
00051619
00085606
00071451
00068911
00057650
00097692
00076549
00025744
00052632
00026926
00073121
00038413
00013110
00013781
00024729
00013382
00057810
00027873
00066340
00076666
00034649
00099157
00097940
00010043
00067839
00039124
00086964
00065688
00089449
00053930
00058497
00023205
00056193
00056454
00081544
00078641
00061326
00042171
00071722
00091402
00073743
00035142
00039536
00051310
00018503
00082650
00068895
00032679
00073026
00090760
00095131
00072059
00060765
00024332
00060839
00036303
00021619
00046596
00075280
00073233
00059934
00080566
00056467
00088985
00068137
00086882
00049850
00067501
00071814
00077886
00051419
00065473
00069543
00024803
00019362
00044554
00069308
00081702
00059794
00081279
00025703
00036639
00024577
00055814
00064050
00069143
00012381
00049126
00090742
00024403
00068756
00056554
00012600
00010909
00067868
00097179
00053065
00073550
00090618
00045071
00018666
00046359
00054756
00026624
00063477
00064905
00052952
00094969
00094860
00016040
00018500
00060223
00017094
00061888
00094325
00010204
00018941
00023860
00092863
00012496
00083842
00060813
00063410
00063757
00097317
00096751
00032576
00072476
00048430
00020956
00069910
00079591
00042858
00072132
00078308
00071054
00071026
00095187
00044451
00065597
00076371
00047547
00031429
00072126
00051153
00089494
00053847
00058835
00077520
00052277
00052256
00030699
00029272
00089239
00052269
00024328
00076886
00026581
00065809
00061969
00050975
00075096
00013282
00051982
00041287
00064717
00011288
00087330
00030217
00031688
00092081
00032254
00098459
00065723
00059544
00029452
00052297
00054739
00085277
00036087
00031367
00019497
00092449
00011534
00061210
00043191
00036876
00066801
00071891
00095492
00091155
00019722
00061650
00033440
00036760
00073497
00028174
00098079
00047908
00015312
00034380
00063752
00015552
00099294
00063095
00078009
00093498
00017564
00093465
00066888
00063307
00031936
00033032
00087225
00068310
00022171
00051017
00077136
00091500
00051910
00051799
00035104
00047741
00061145
00039096
00076189
00055017
00040141
00038646
00029613
00015586
00059351
00042379
00098113
00061994
00014641
00058209
00027899
00081174
00051239
00070726
00076052
00054706
00062549
00096871
00075191
00013513
00099336
00024585
00086514
00064046
00051666
00031943
00086243
00034088
00092993
00033370
00012263
00022547
00069331
00018096
00041675
00018173
00094661
00073835
00025691
00058694
00034076
00098980
00045420
00039962
00078699
00078471
00075475
00089443
00072136
00021922
00096668
00073826
00015366
00060780
00025705
00072996
00062961
00069362
00082150
00042294
00037831
00099024
00099885
00085538
00047963
00052972
00019611
00070305
00061738
00049511
00050775
00094837
00092582
00071887
00089914
00010869
00052975
00075954
00084353
00046147
00062903
00025807
00057975
00030687
00078100
00027061
00014019
00017029
00097848
00043607
00035110
00079336
00062615
00072751
00053017
00077437
00040255
00098647
00025228
00048088
00024075
00071882
00067458
00054017
00085143
00020223
00073806
00089971
00023328
00091287
00099688
00026057
00043098
00064483
00056478
00044046
00044122
00089466
00081783
00056948
00082667
00058629
00033167
00030572
00023335
00020994
00038899
00063531
00091829
00038278
00067919
00019590
00039281
00078951
00024611
00089042
00089937
00095866
00032830
00048989
00099673
00074314
00050219
00030306
00070897
00051592
00010465
00022022
00062686
00060998
00034865
00097576
00062711
00089197
00029564
00023032
00019794
00064873
00012790
00020352
00098706
00095037
00045466
00067966
00015532
00051845
00032202
00075015
00097685
00030632
00034416
00098789
00022521
00071359
00037019
00097729
00021299
00019756
00024014
00045194
00045635
00010195
00065013
00061005
00034079
00090455
00085003
00091796
00079793
00066162
00034923
00022406
00035680
00075312
00042604
00049054
00043459
00019546
00082693
00030908
00020637
00061491
00029751
00021639
00068580
00043559
00037107
00037580
00012751
00087340
00096047
00010513
00050399
00058863
00039979
00051345
00031241
00088805
00027909
00088846
00040648
00065620
00015298
00053540
00010002
00077887
00074735
00096436
00037641
00072271
00086853
00044967
00058873
00040652
00034075
00084653
00010968
00016538
00042189
00041875
00061083
00011686
00067321
00048044
00044188
00059770
00087857
00090090
00081917
00019268
00087944
00060454
00067531
00034958
00095064
00070450
00013164
00051194
00076747
00014375
00089990
00039750
00072838
00076174
00067410
00052565
00099907
00033672
00053341
00022594
00012665
00039229
00037777
00023050
00096616
00013848
00010672
00041348
00040954
00024073
00087250
00064442
00094205
00039849
00026078
00034775
00012585
00087482
00040249
00047075
00097761
00049301
00027601
00046060
00030503
00023629
00039945
00062404
00010498
00023151
00095729
00060334
00041043
00019470
00049718
00014794
00015687
00057060
00065582
00096498
00040622
00058343
00024988
00058283
00096132
00084228
00080962
00066756
00085232
00047538
00064523
00037693
00035003
00030281
00077198
00091381
00088693
00021140
00013165
00085740
00072228
00019773
00031877
00015470
00051297
00047424
00059903
00066079
00020914
00075333
00029304
00038987
00070489
00097824
00095882
00039608
00018236
00041922
00097323
00070478
00013564
00085464
00031574
00082711
00062985
00022313
00087678
00090126
00052984
00059174
00036323
00064506
00098671
00085528
00040238
00091174
00030474
00023533
00015350
00090886
00054636
00017456
00046101
00046124
00089187
00059448
00025955
00074171
00050967
00026550
00067232
00076620
00025393
00025204
00032061
00096158
00046604
00014251
00063733
00086163
00097448
00068008
00054299
00046431
00092926
00087811
00011923
00053661
00098571
00072127
00012735
00070116
00041412
00078236
00078160
00023414
00062028
00018623
00025046
00079799
00043369
00023902
00048543
00057417
00035276
00070729
00015022
00024618
00088254
00074768
00034305
00050872
00077207
00043426
00088330
00054537
00060351
00035657
00026610
00070849
00049490
00051185
00059120
00063023
00018962
00071788
00094796
00086930
00073964
00089944
00021453
00065730
00034928
00048065
00039538
00089856
00043467
00029705
00024502
00093947
00017700
00026493
00020695
00074010
00056746
00040123
00022335
00078084
00085228
00074820
00013077
00061106
00065242
00090028
00036844
00018688
00027759
00017429
00037866
00061983
00086023
00024987
00089951
00097404
00013851
00044079
00063408
00048270
00035932
00042029
00087488
00053870
00055141
00093139
00062440
00011842
00015286
00097162
00044949
00028143
00054668
00050325
00046037
00065143
00063904
00040342
00032532
00045084
00024925
00013512
00061870
00087818
00026273
00035751
00022539
00039172
00060074
00036977
00087553
00062126
00074039
00029476
00044325
00029010
00072708
00096642
00038364
00024396
00071934
00039506
00035603
00070389
00047328
00062444
00064791
00038316
00087218
00076532
00043679
00053003
00055163
00025773
00063953
00047528
00080474
00032675
00062068
00027941
00025529
00065321
00015905
00051881
00087232
00024261
00084928
00022040
00016573
00022201
00066987
00040917
00015896
00091057
00069051
00011371
00045026
00035596
00024063
00075033
00073986
00023276
00013989
00069307
00053094
00097672
00047125
00029404
00021337
00032439
00081724
00039500
00088753
00027682
00053538
00037784
00080700
00063344
00085984
00063666
00022231
00070823
00094484
00041759
00059176
00025335
00080685
00031769
00066036
00041137
00052563
00072459
00048620
00097371
00033213
00084975
00057152
00037636
00014765
00020700
00048332
00058285
00038026
00092554
00089986
00080064
00082589
00010302
00097581
00086103
00021724
00060596
00044080
00020447
00041047
00022004
00042714
00054372
00092695
00082641
00024084
00011635
00046541
00057653
00098508
00032694
00089531
00044900
00068175
00035139
00019384
00049428
00065113
00042392
00091583
00064532
00026156
00048071
00072522
00049788
00021348
00081809
00075676
00029947
00050252
00017436
00032825
00044462
00039563
00021696
00011928
00091544
00050044
00072829
00057022
00068616
00060701
00049566
00088376
00055488
00040637
00050330
00011852
00087453
00021587
00062340
00011582
00064278
00073262
00087518
00081489
00083872
00099200
00017580
00033302
00071035
00073668
00074848
00031179
00056489
00080827
00093457
00055774
00062315
00033795
00022575
00025614
00084386
00098928
00030667
00079674
00010161
00080675
00060384
00051498
00060366
00053349
00016049
00013074
00070672
00060327
00098880
00033530
00091350
00023967
00094125
00024996
00015277
00037650
00037801
00039274
00014745
00056040
00013744
00077855
00012080
00014694
00035719
00061781
00042043
00099988
00031940
00028882
00057443
00040467
00037991
00027744
00096761
00083164
00083713
00048237
00075259
00035127
00034461
00057733
00073740
00069004
00011317
00099178
00031614
00093226
00019261
00033576
00025755
00013266
00067693
00016933
00037274
00057861
00020416
00035501
00025958
00021213
00092253
00060608
00070113
00086925
00063723
00082939
00021875
00084540
00054642
00056840
00089959
00091674
00014272
00020826
00062717
00058344
00019513
00010228
00062085
00043254
00089408
00062251
00014493
00035243
00088814
00082788
00032996
00021790
00033937
00060557
00065615
00034790
00024772
00049960
00015400
00091323
00031781
00046094
00088346
00038345
00094624
00038496
00069121
00021262
00036747
00074881
00057670
00082588
00091266
00069285
00014515
00049754
00086749
00016208
00052933
00010030
00082659
00064204
00032314
00074547
00029747
00021186
00076328
00089565
00029631
00012855
00094392
00088732
00062304
00022368
00043628
00072934
00028405
00032593
00044014
00063252
00073277
00013843
00065458
00086644
00039946
00068211
00084312
00035861
00077420
00065535
00047707
00049327
00086409
00052544
00055772
00062526
00036216
00033677
00021613
00019308
00054326
00013859
00017683
00050504
00042515
00017199
00033339
00053256
00042901
00069947
00091511
00084050
00058050
00062192
00065935
00059489
00081787
00045238
00044029
00055861
00011342
00028176
00065625
00059423
00024254
00081553
00092958
00057825
00092347
00063688
00075145
00045016
00041248
00023071
00047158
00064158
00091551
00098360
00089338
00066869
00048986
00014579
00065456
00057888
00012934
00016219
00015619
00019603
00063810
00060659
00068434
00048358
00010213
00046931
00084148
00024607
00056624
00085307
00021028
00024155
00064754
00016514
00039169
00097129
00098732
00070827
00064097
00095124
00013152
00048714
00064778
00025923
00037962
00020490
00023282
00044599
00056138
00029095
00064268
00090279
00015417
00056759
00013839
00067340
00023849
00049534
00093941
00029374
00077567
00014481
00082431
00087522
00079455
00038601
00079324
00019936
00056570
00093820
00081927
00015347
00050248
00074424
00051812
00087973
00016468
00074843
00082211
00038213
00029352
00094501
00091560
00021832
00068217
00068133
00058832
00074659
00014825
00017598
00041913
00087038
00018019
00020006
00055716
00099133
00054411
00059613
00016769
00012488
00075575
00034424
00049066
00018672
00016300
00080699
00034497
00019461
00088847
00069029
00098588
00058472
00020082
00035299
00080869
00088502
00060521
00077974
00087793
00070533
00074490
00035994
00046438
00058758
00069231
00070937
00058266
00091447
00078217
00074067
00069945
00051931
00024192
00034936
00070344
00031226
00056725
00067012
00075515
00013218
00025849
00036391
00052558
00097925
00078747
00035847
00017944
00083126
00051530
00066550
00049234
00034672
00045277
00068922
00085380
00054290
00099231
00012950
00092869
00049247
00097254
00051451
00086823
00039043
00020295
00042425
00078351
00015081
00015077
00088067
00057977
00047841
00086634
00011321
00027344
00051081
00037428
00048924
00072753
00021237
00091093
00021177
00022184
00073455
00019515
00038431
00021398
00018015
00028886
00060262
00077293
00050406
00056738
00094230
00081680
00071670
00041184
00091014
00061272
00082556
00086449
00053756
00064437
00072282
00016113
00038617
00067822
00045665
00037002
00067656
00070461
00068586
00091667
00047798
00011144
00038129
00078263
00011539
00077773
00060809
00020059
00075410
00090975
00022793
00079993
00010233
00024020
00024315
00041064
00027967
00062756
00059866
00062131
00080355
00044761
00095000
00094987
00038320
00015331
00034158
00025060
00085199
00042191
00055321
00075083
00078053
00095044
00012315
00095959
00046168
00022264
00028458
00088683
00092096
00053956
00061330
00039213
00017752
00092749
00014561
00095803
00043879
00042492
00080012
00095870
00060708
00029397
00043431
00034783
00043066
00027193
00099904
00058729
00053459
00082289
00048208
00096643
00064411
00031907
00063812
00099965
00031710
00092052
00032989
00071915
00094294
00069387
00051647
00097737
00021519
00057219
00058878
00048410
00014847
00026765
00094345
00030659
00095222
00082373
00046647
00030593
00095834
00032515
00054338
00067921
00099101
00019970
00026433
00058096
00016209
00058948
00022687
00097619
00017537
00062838
00087626
00026474
00015213
00058802
00083604
00022837
00099828
00011978
00075510
00062409
00090263
00046264
00083832
00030890
00050793
00077697
00068426
00019986
00087893
00098653
00031621
00023332
00018940
00086806
00073009
00093311
00058875
00030296
00049851
00033903
00040670
00088181
00094639
00056020
00098413
00057672
00051416
00033748
00086490
00075709
00097484
00027512
00085070
00025102
00059410
00043968
00030348
00090552
00069164
00059357
00072199
00030614
00044182
00070573
00096916
00041071
00015973
00015473
00025961
00077757
00040162
00091743
00022193
00098440
00088648
00041075
00034517
00061402
00041192
00035331
00022058
00012566
00048848
00053864
00017308
00065637
00073442
00034277
00016591
00030570
00070040
00019725
00081799
00065004
00026407
00012812
00052976
00098728
00075700
00095003
00092431
00081610
00036684
00043159
00077532
00083734
00036329
00017217
00023676
00085822
00086214
00080564
00097331
00019661
00036905
00053367
00062252
00070745
00045870
00059476
00046995
00023143
00010782
00034791
00058698
00099086
00074183
00096349
00032915
00051335
00013964
00029153
00041990
00055455
00091199
00092272
00035818
00053753
00033723
00012260
00060533
00093314
00095250
00041669
00040992
00038010
00090078
00034792
00065585
00020170
00032456
00026556
00082336
00065088
00051788
00073795
00027190
00011825
00046882
00093697
00060329
00013758
00073381
00027665
00076377
00023880
00057601
00069099
00049818
00071293
00059202
00011780
00063585
00020861
00013018
00099596
00034401
00010815
00087200
00021276
00051061
00030916
00065784
00055146
00049798
00013413
00067061
00052726
00042569
00026749
00048586
00066891
00049765
00070702
00016110
00011706
00040995
00080711
00016172
00014685
00063402
00029948
00030564
00072949
00013483
00026631
00068368
00058124
00055662
00034658
00066105
00028068
00069050
00099271
00078989
00069441
00039433
00083086
00051401
00089140
00093859
00035867
00042578
00070654
00060819
00034608
00095212
00062773
00011699
00047942
00054534
00072747
00068625
00092209
00026504
00083947
00013004
00074026
00053867
00012658
00060564
00066234
00052796
00068222
00057324
00034697
00069263
00071635
00025915
00019726
00034121
00010743
00023783
00013682
00050187
00047713
00022346
00095816
00010938
00037814
00010462
00078280
00017941
00044703
00087674
00098394
00093034
00023590
00055931
00083969
00012636
00021568
00045354
00043933
00038751
00086412
00066382
00043162
00062569
00048257
00067946
00050561
00032857
00015097
00094700
00078708
00099478
00077111
00034056
00012840
00049255
00098253
00077163
00040357
00012598
00082405
00026142
00071484
00012764
00029991
00057444
00083524
00016740
00013022
00077459
00079415
00070299
00060012
00067461
00010039
00091092
00028021
00028322
00054422
00019260
00099511
00011125
00045871
00065252
00034265
00066389
00049506
00051172
00020893
00064447
00041405
00081939
00091033
00015996
00077302
00092661
00087507
00028483
00055190
00044515
00063777
00034296
00018314
00033780
00089655
00064529
00094096
00024666
00097193
00093502
00042153
00046454
00088731
00074049
00076680
00058200
00088915
00069173
00098033
00099603
00068667
00081285
00037890
00075573
00045912
00048725
00066434
00018702
00084882
00032624
00089043
00045749
00085701
00085353
00096836
00031534
00068314
00036373
00031675
00048849
00036300
00012858
00066694
00010707
00063759
00069216
00045653
00022396
00051467
00078138
00028022
00040602
00085184
00037925
00043606
00066046
00076049
00042321
00063115
00066580
00040219
00011236
00092236
00048013
00088293
00010940
00091878
00021708
00055493
00022907
00064234
00054302
00053843
00053668
00060386
00054637
00095335
00037595
00019542
00032335
00095998
00098613
00079754
00081385
00071128
00084254
00049752
00093473
00076759
00087068
00081463
00082750
00037298
00026266
00059494
00095601
00086233
00038085
00078711
00084965
00041807
00087671
00039981
00051811
00070746
00096423
00077799
00096795
00015537
00023939
00076781
00052967
00085692
00092868
00064878
00056483
00031966
00054430
00024460
00017681
00067695
00081271
00068152
00071775
00074727
00037083
00014368
00087933
00016815
00094854
00090353
00069946
00065290
00064162
00013823
00080549
00041088
00016763
00068844
00055767
00063015
00039600
00062363
00051403
00079610
00085048
00058021
00034767
00084145
00063042
00028732
00084467
00034896
00043637
00030287
00033233
00063598
00040424
00031691
00092087
00079087
00076108
00046805
00027510
00033639
00063171
00022064
00022918
00079853
00026310
00021687
00051042
00041134
00026865
00090319
00014937
00045847
00059636
00049853
00027989
00054249
00084647
00037434
00069485
00090679
00054485
00072814
00082224
00089109
00066147
00095103
00043732
00093028
00054530
00081535
00032112
00018395
00077644
00069199
00069016
00061630
00062558
00027120
00013229
00072998
00074564
00010307
00080403
00082178
00045640
00061082
00069115
00050550
00068001
00011385
00070730
00092581
00098218
00039621
00065472
00027206
00051344
00061555
00014911
00018522
00061861
00098878
00090110
00096054
00038203
00017376
00092199
00082698
00069748
00014678
00067587
00098819
00090602
00067911
00025265
00011501
00027880
00085856
00016441
00042687
00091228
00089474
00055542
00043609
00015273
00032129
00094893
00012424
00051855
00038374
00028769
00032756
00048325
00060219
00063435
00010584
00089481
00037235
00049200
00014803
00036593
00063800
00030043
00049275
00015269
00093686
00080223
00088021
00049799
00031510
00082930
00051585
00051378
00063909
00019266
00012760
00096994
00028647
00022024
00077863
00072556
00012096
00097015
00076504
00026489
00028581
00030367
00072434
00086390
00012892
00088146
00012842
00093208
00010894
00039161
00060829
00045355
00069793
00086009
00081110
00077383
00058361
00045018
00019746
00013155
00023197
00016616
00035103
00092621
00090980
00073122
00055784
00020650
00016951
00013556
00025427
00076101
00051462
00068864
00081957
00045435
00030016
00014156
00072500
00049893
00049526
00014418
00063552
00078589
00084371
00066450
00030566
00084333
00067048
00035101
00042111
00021402
00077689
00044731
00065259
00066075
00057143
00051235
00028930
00091494
00050018
00078918
00094116
00057349
00031105
00041161
00020095
00017800
00096981
00065132
00047893
00069435
00070223
00022032
00088372
00038950
00085138
00010342
00062075
00014861
00072955
00053086
00079317
00059310
00077419
00022157
00026327
00030450
00026240
00017102
00065890
00014878
00097545
00041113
00027698
00020959
00059181
00086401
00084481
00065294
00065505
00058420
00077801
00047341
00037263
00052311
00045605
00014582
00045093
00063191
00046042
00079308
00045446
00024081
00027279
00063345
00084897
00013636
00095575
00034737
00059226
00067578
00027839
00072828
00043147
00031168
00039459
00037348
00087165
00012454
00077166
00088083
00084668
00068244
00058385
00013371
00061558
00082302
00059949
00037714
00052480
00095333
00059603
00047838
00040347
00019654
00038914
00040778
00061952
00051169
00071783
00012541
00066015
00057335
00026588
00049293
00054895
00085642
00020628
00014930
00048196
00038621
00034586
00024405
00095421
00071774
00032154
00097753
00025714
00023406
00046141
00018701
00056099
00058337
00097465
00051044
00062781
00030510
00072821
00090042
00094021
00045447
00036030
00080649
00050193
00023651
00030786
00040665
00082836
00085595
00079691
00058848
00084554
00087570
00084503
00045910
00094724
00089913
00060144
00050425
00024551
00066954
00059694
00013423
00068436
00076793
00071663
00037518
00034482
00078358
00036517
00033429
00016759
00075079
00020664
00078211
00058959
00088870
00016826
00012515
00057343
00040332
00017192
00054379
00052096
00058242
00067627
00079218
00015984
00039079
00017748
00058909
00064118
00025015
00028569
00095793
00088073
00021023
00087519
00023303
00096370
00033061
00042038
00086900
00010793
00049773
00059326
00031572
00072580
00098210
00066214
00099210
00018858
00097923
00050419
00019502
00038549
00068766
00047822
00047823
00036041
00052904
00092460
00070066
00087503
00057191
00080876
00050662
00099251
00092961
00095665
00058306
00023193
00057223
00088927
00086825
00080936
00010572
00070182
00043348
00043803
00086368
00048199
00055877
00029986
00073081
00032642
00013438
00028032
00037253
00062683
00031856
00088139
00063537
00016093
00034467
00058284
00042943
00021533
00058192
00018919
00088116
00039365
00031010
00020067
00031884
00087349
00023529
00065826
00015107
00084160
00099655
00028990
00054060
00031097
00099551
00021541
00067244
00065741
00071358
00069291
00057493
00057040
00075964
00025575
00048649
00016073
00024824
00048407
00050183
00063067
00038366
00022365
00036372
00079348
00095948
00094207
00020944
00098372
00095560
00023345
00082866
00070857
00096563
00070560
00086696
00038275
00088510
00091459
00078165
00046593
00078067
00071944
00071980
00030222
00037133
00017009
00047243
00018737
00080891
00041440
00020925
00016945
00025090
00045966
00012303
00010709
00077727
00084345
00010939
00049470
00057936
00025073
00049368
00076026
00066235
00073243
00046251
00067060
00076682
00017112
00029832
00046768
00076488
00013877
00086694
00091312
00091529
00010499
00091320
00030433
00068972
00017930
00023844
00067358
00042168
00072360
00064953
00014610
00033272
00015978
00032499
00077715
00027496
00086446
00086106
00063734
00013191
00077635
00035563
00072218
00018685
00095076
00050291
00071100
00039841
00083109
00036277
00050770
00057180
00054183
00076748
00067380
00067673
00023403
00087127
00017186
00095531
00093212
00030625
00097642
00028987
00015859
00053585
00088993
00017799
00074692
00097422
00079470
00096470
00024119
00098681
00046310
00026443
00078823
00097159
00016577
00017205
00015186
00080129
00034369
00068508
00086434
00058222
00063400
00072241
00086970
00061349
00012336
00054073
00062857
00029600
00098857
00031735
00053005
00030662
00037987
00036680
00050520
00069341
00039581
00055638
00039289
00067688
00011901
00084428
00096826
00022027
00097612
00076207
00032958
00057327
00082216
00020579
00058275
00024000
00030776
00078713
00080941
00098547
00062400
00058498
00098786
00032450
00050040
00044541
00076629
00049484
00096398
00054319
00063620
00019105
00023983
00075691
00073766
00077153
00096966
00071835
00091917
00042595
00019128
00054785
00070903
00086430
00033922
00015975
00068381
00063078
00073985
00064089
00035437
00053458
00028105
00026498
00011384
00099976
00010274
00014769
00096896
00031497
00011735
00019065
00087765
00015411
00099139
00083990
00084691
00067978
00020341
00067726
00030223
00023826
00040726
00060878
00044060
00051908
00028605
00097057
00089356
00013813
00026646
00088518
00033125
00033062
00085745
00041661
00017708
00013777
00098291
00076574
00012685
00035604
00039356
00093053
00041999
00090326
00057176
00023110
00056258
00075622
00042534
00036583
00076937
00084542
00066373
00096393
00082048
00091453
00025981
00035525
00082317
00073494
00095976
00096738
00085926
00093326
00098380
00015099
00036194
00030762
00071542
00049509
00045196
00090988
00015203
00097566
00028834
00011713
00079787
00092334
00015772
00097131
00035696
00034639
00046301
00075915
00099950
00053680
00050981
00024874
00054029
00076927
00047801
00036995
00093617
00096048
00012725
00097206
00027304
00057849
00051719
00016522
00074567
00054740
00095012
00027937
00094565
00095167
00052849
00018949
00010933
00084904
00082193
00089765
00051728
00033512
00025129
00011258
00011821
00029562
00098283
00080727
00058570
00012937
00048582
00072263
00035467
00085976
00049353
00033578
00037408
00047765
00089051
00063181
00046553
00031418
00077840
00061280
00097950
00012091
00045856
00045965
00028468
00042355
00063397
00064731
00077189
00074160
00062908
00084112
00080443
00031375
00052605
00088573
00059914
00036304
00047034
00049517
00052892
00093546
00047552
00098272
00086590
00068114
00023646
00013178
00011291
00062342
00074517
00046460
00091968
00028006
00032134
00091750
00036291
00063638
00054708
00086392
00015469
00021342
00032780
00055701
00064674
00077899
00058014
00083051
00042902
00088222
00013488
00093107
00084010
00087587
00059050
00032967
00088194
00059149
00082395
00078446
00037344
00033608
00034089
00061879
00025583
00059127
00051277
00035051
00097046
00060887
00051740
00043002
00058061
00036628
00095477
00059091
00064721
00082470
00057622
00089218
00025203
00028065
00056360
00069188
00087581
00012377
00090747
00059152
00066401
00076953
00022928
00013861
00054487
00044610
00064227
00026592
00033096
00048788
00047703
00054912
00057647
00090280
00047451
00096219
00034666
00074159
00019920
00083246
00011067
00091063
00031950
00020350
00039287
00025892
00047598
00038277
00060112
00044153
00035025
00022249
00020113
00059982
00076478
00064962
00093076
00030777
00037845
00014133
00051549
00062286
00033041
00020872
00062819
00036262
00030260
00071647
00083480
00091143
00039840
00030004
00062532
00036332
00068015
00058682
00092726
00046180
00011201
00070156
00094640
00047674
00075671
00074816
00077833
00014677
00094802
00014190
00094925
00082166
00050093
00082243
00052847
00035584
00041646
00051928
00027324
00054033
00092556
00059988
00033762
00046197
00034437
00048816
00042156
00021407
00067332
00092862
00035534
00065567
00021141
00010569
00030813
00031217
00060638
00028020
00011830
00096273
00070786
00053246
00047983
00025789
00097542
00030697
00062282
00043398
00031795
00097300
00076961
00044828
00067821
00052229
00065642
00067205
00049502
00089058
00017933
00032765
00033812
00051410
00020276
00038652
00014828
00053138
00016058
00095833
00068906
00020091
00038951
00024655
00052048
00088598
00041129
00054318
00017422
00014707
00024457
00044293
00052955
00052137
00099357
00014762
00044713
00023760
00033865
00050083
00038240
00047793
00026262
00023855
00094736
00041955
00080212
00076388
00085772
00083895
00037521
00069065
00016598
00082322
00042826
00092066
00090097
00062747
00033479
00037403
00062270
00073180
00023567
00037501
00064637
00020924
00071390
00069604
00038993
00055651
00037646
00088954
00073188
00073448
00082223
00071995
00059630
00020191
00050637
00018054
00065449
00010214
00098489
00099772
00053380
00023483
00070859
00027135
00031072
00089534
00040612
00040322
00049751
00066656
00094903
00039679
00013868
00020349
00099597
00043939
00098003
00068073
00085302
00038779
00078910
00054793
00074214
00049449
00077309
00089532
00018113
00061396
00092160
00037902
00077857
00043896
00093881
00041307
00011411
00080082
00021580
00067829
00050717
00077788
00057025
00099175
00096701
00053105
00041523
00043712
00071536
00055305
00090342
00050452
00073849
00092790
00067348
00060827
00097624
00090494
00044423
00023879
00032581
00059285
00061135
00014472
00067471
00087022
00080240
00042999
00099310
00090725
00070995
00082705
00062245
00095929
00037974
00037531
00099738
00073313
00074194
00044135
00052774
00011079
00069181
00035185
00054788
00099740
00057019
00012262
00093219
00012465
00031908
00065740
00082552
00032161
00024614
00061550
00098663
00063644
00037782
00058020
00094503
00040630
00021897
00094559
00058888
00074233
00018494
00030150
00073379
00079391
00011220
00017675
00075366
00082204
00010252
00047416
00063145
00057202
00027958
00033616
00069209
00058818
00022980
00016706
00056785
00093057
00010040
00029069
00031508
00044859
00098865
00016766
00053059
00065522
00059140
00041526
00082751
00074460
00069749
00010867
00086829
00055227
00089395
00081928
00090623
00081156
00064074
00093779
00037520
00061109
00061936
00047567
00087140
00077586
00045271
00065693
00032026
00026904
00059574
00054043
00079054
00017919
00056553
00030288
00078626
00075278
00043543
00070561
00093906
00051480
00045341
00048781
00048192
00077856
00016709
00090646
00032024
00017131
00072791
00092027
00072482
00012662
00039400
00012912
00038608
00082929
00017146
00097762
00014164
00057594
00032489
00010447
00061595
00085681
00061749
00068182
00056344
00057715
00035962
00058520
00042105
00073817
00062237
00013096
00096885
00032662
00076891
00096213
00010780
00088682
00036697
00018926
00049996
00096017
00087441
00050820
00048317
00060926
00017478
00013045
00093934
00019036
00076606
00012058
00053383
00071605
00057801
00017952
00014220
00015764
00096011
00044824
00099830
00016084
00081251
00014773
00077875
00061427
00045168
00014335
00057978
00078731
00034361
00077105
00088409
00040820
00098494
00092954
00071088
00075112
00011938
00059472
00075361
00082403
00044093
00052587
00052447
00067160
00055313
00026237
00065334
00048152
00076782
00095369
00067049
00063736
00099106
00066978
00073594
00074792
00040841
00041122
00084144
00085895
00092780
00043550
00032419
00083356
00084407
00094201
00051593
00016524
00077718
00051785
00077484
00027318
00037771
00037844
00063380
00056245
00093115
00071755
00080624
00071232
00082709
00096635
00018447
00056950
00083711
00089974
00029097
00049742
00013278
00079249
00091950
00052623
00041610
00037137
00023566
00056714
00010106
00084861
00047327
00057307
00045763
00047153
00021871
00016531
00094117
00047854
00045491
00085848
00057031
00095160
00082278
00066300
00054367
00083746
00017046
00095956
00055627
00075135
00098004
00031651
00094595
00049485
00059741
00048379
00031089
00039557
00057068
00033556
00099104
00069884
00015942
00018392
00013361
00092172
00047176
00039499
00098497
00082227
00087760
00086315
00067212
00020021
00055458
00095146
00046164
00075067
00052750
00026520
00060097
00059578
00050176
00041910
00060468
00062708
00060944
00079429
00081427
00091580
00089988
00095918
00099508
00013408
00090239
00058398
00092942
00028750
00036349
00010258
00015368
00027004
00078943
00059137
00017278
00097483
00075044
00026413
00012242
00093073
00047103
00069999
00066238
00089691
00087632
00010514
00027364
00032460
00034815
00015140
00085869
00099112
00049635
00066474
00074254
00012123
00079524
00029483
00061569
00048175
00045500
00077728
00017843
00091111
00085221
00013852
00022397
00015019
00017239
00071985
00047489
00053480
00096239
00040477
00034101
00067841
00053769
00094699
00090226
00071416
00039243
00082288
00039715
00053554
00016500
00049325
00058659
00035609
00078841
00083302
00041406
00069842
00099771
00072639
00061428
00047074
00059322
00072590
00047826
00069390
00021988
00096579
00030998
00083698
00064807
00077585
00072977
00030707
00060824
00023623
00062872
00056879
00093812
00099123
00089927
00055748
00010533
00099484
00087410
00030963
00061777
00065485
00057894
00078337
00027823
00028724
00073777
00018553
00023373
00076245
00093790
00024372
00032637
00051625
00012065
00028242
00034234
00095928
00023080
00038778
00017013
00024439
00029891
00031458
00067990
00030692
00084741
00083933
00097207
00027428
00040014
00058828
00037415
00016551
00042503
00057953
00080695
00056123
00029505
00011663
00099193
00036668
00027803
00011130
00037716
00065213
00020441
00039953
00032884
00010893
00095554
00027115
00047976
00046292
00038726
00048798
00095181
00061702
00055164
00067955
00085749
00094580
00013205
00016721
00020050
00030189
00085111
00062271
00066063
00013994
00086872
00013703
00040275
00067567
00072401
00032589
00045445
00050453
00046125
00048806
00012355
00016146
00083364
00073025
00042684
00038982
00062167
00063350
00059538
00036094
00073709
00078196
00039475
00022614
00020701
00099358
00018238
00011188
00011740
00019236
00020146
00011883
00067769
00084024
00028579
00063054
00072150
00056609
00011641
00073021
00031267
00091923
00030289
00094262
00073049
00057865
00047201
00081528
00037601
00069953
00045561
00014151
00024616
00080557
00089699
00074515
00029923
00045760
00084033
00097659
00034073
00070021
00066646
00097056
00079930
00067787
00066376
00063236
00076035
00031616
00032011
00086480
00072614
00038126
00067385
00048550
00032237
00058154
00018112
00089514
00059522
00085891
00017234
00071368
00055330
00045752
00095564
00020370
00079800
00058623
00085336
00069019
00069102
00018786
00034778
00068168
00074677
00054951
00027090
00088984
00086236
00015264
00066982
00058564
00025123
00086306
00028173
00055252
00053021
00096297
00046081
00071741
00033366
00049846
00090210
00018126
00060094
00082245
00045269
00071257
00039126
00040307
00040097
00039193
00037328
00013300
00098848
00070274
00097652
00016352
00059623
00012481
00011230
00050208
00022416
00088692
00099343
00090153
00054635
00016662
00044674
00061836
00057955
00048198
00094965
00097274
00084520
00051873
00080254
00015289
00095486
00045440
00085257
00074814
00036308
00030320
00076406
00016035
00071410
00016097
00040734
00084548
00073539
00042302
00023591
00049946
00026604
00023594
00060793
00054977
00073454
00037773
00067730
00059773
00058441
00043636
00028258
00045230
00067792
00052901
00073540
00039626
00011850
00073004
00010880
00041970
00061452
00078321
00013477
00064815
00033770
00072355
00054701
00040550
00034375
00077073
00085468
00050317
00052910
00042644
00059006
00039504
00091074
00043028
00079772
00079322
00035998
00032328
00020158
00090116
00048217
00054559
00064250
00076572
00077234
00010921
00074483
00025808
00048687
00072063
00045860
00080229
00063513
00099925
00075118
00011712
00031773
00041167
00038065
00039680
00046282
00064935
00014727
00021510
00029203
00062593
00069306
00099298
00086413
00089277
00068879
00068359
00027233
00064008
00062643
00068187
00077813
00096281
00027884
00071194
00022510
00017213
00018595
00042660
00092242
00094705
00092712
00089664
00078759
00089963
00084791
00057562
00032652
00098049
00085705
00049324
00042187
00053534
00071769
00083322
00048352
00086162
00019096
00018825
00097215
00079491
00084692
00037409
00035302
00050509
00037325
00061525
00075798
00095721
00030741
00054427
00068279
00030190
00073921
00055463
00090629
00085206
00096650
00062188
00090774
00046542
00043441
00049866
00056583
00039870
00082959
00019373
00050719
00043186
00090128
00011900
00085989
00071067
00041987
00089829
00054469
00031192
00064436
00010813
00096344
00036237
00040643
00035752
00064903
00010502
00012034
00021316
00081797
00099724
00056782
00024768
00083060
00092873
00039492
00080768
00043741
00086842
00045527
00098763
00013584
00079002
00029403
00099111
00030527
00073690
00037379
00084104
00011255
00016807
00085262
00020491
00058125
00095867
00078567
00044374
00088054
00062260
00083153
00049706
00088228
00038761
00060890
00086614
00075470
00020162
00097219
00072823
00072068
00088365
00098859
00084412
00023522
00067320
00087179
00037534
00053051
00022121
00086112
00053376
00037557
00010911
00091062
00015080
00073033
00014389
00016734
00060436
00044078
00052716
00029534
00091053
00019341
00097164
00037306
00070882
00087026
00095995
00053571
00059236
00017645
00030030
00041642
00039222
00038552
00020209
00026073
00088876
00049698
00097469
00037494
00036044
00037901
00069719
00049951
00072350
00031253
00011152
00094660
00093155
00029893
00077988
00061774
00086549
00080232
00090486
00072466
00012339
00087898
00097739
00018099
00096958
00020291
00081492
00025699
00090378
00022425
00092144
00090797
00078886
00038666
00080813
00060820
00025011
00026351
00020989
00068769
00057229
00084042
00055103
00023443
00034558
00027200
00027049
00069103
00038070
00048384
00059313
00012768
00048936
00069881
00044483
00038890
00054974
00088285
00054180
00056835
00020326
00057006
00019556
00064069
00044982
00085666
00034409
00047803
00011275
00058776
00030353
00054789
00068035
00012830
00038470
00084470
00071687
00032444
00087733
00033944
00043284
00041982
00030520
00041098
00052817
00052813
00072164
00032021
00050954
00061078
00079624
00011107
00045516
00046224
00061351
00090531
00050891
00047839
00053844
00060232
00061391
00054439
00039485
00058237
00076324
00020691
00074211
00036856
00067157
00095719
00045199
00098164
00039900
00043103
00064140
00020620
00054861
00067513
00016602
00083283
00074889
00072746
00026368
00047572
00034492
00043710
00019382
00067055
00047738
00019735
00036843
00087569
00091427
00023081
00057325
00039383
00053685
00038784
00084446
00036472
00060534
00097919
00031224
00043802
00092104
00021809
00014150
00051583
00080322
00093855
00098293
00020084
00029649
00040891
00087427
00084984
00022569
00086985
00064569
00078760
00060158
00044722
00012564
00038616
00017462
00062382
00022593
00017793
00018569
00015374
00058588
00094966
00072085
00080773
00047334
00020479
00023803
00083745
00035071
00069650
00081588
00069758
00082545
00034140
00045406
00021969
00062728
00042213
00078016
00020710
00049278
00066177
00070527
00094688
00012975
00092351
00046845
00048689
00018783
00092508
00075005
00066127
00064770
00031073
00031074
00031736
00095516
00064662
00084019
00048348
00011223
00061023
00029722
00032564
00093590
00052943
00019618
00060831
00094354
00083518
00037085
00078411
00069442
00029938
00059241
00099667
00074380
00037589
00045320
00032288
00096613
00075980
00078714
00063641
00012299
00059550
00072251
00040544
00060015
00012656
00095405
00021035
00051741
00061764
00047179
00025438
00081152
00010716
00029245
00096204
00042162
00082522
00042778
00091957
00079172
00025535
00030435
00056812
00097003
00027507
00082752
00095215
00089008
00016174
00077334
00096067
00017017
00083135
00020148
00081759
00042081
00068167
00022550
00059644
00098669
00028410
00082748
00029802
00028863
00043373
00073621
00064516
00035707
00035892
00069554
00012628
00094465
00024252
00085463
00081490
00045596
00028826
00035948
00048804
00089647
00095521
00052574
00062519
00074699
00056157
00082013
00025406
00039114
00085029
00079613
00039624
00016173
00036254
00095724
00083700
00072707
00094975
00071778
00013563
00080321
00067289
00028818
00066637
00048150
00070002
00054099
00059231
00050710
00027669
00098207
00082855
00033897
00036896
00047777
00068447
00064163
00052628
00032140
00021531
00090819
00092028
00021236
00010837
00038862
00070295
00039489
00075330
00019597
00095662
00013759
00028773
00046741
00099360
00018457
00023428
00055573
00046792
00063154
00091856
00023695
00072979
00090794
00076555
00084574
00094750
00099055
00022741
00059264
00088921
00024166
00082687
00085459
00021176
00086414
00034387
00081476
00089654
00088630
00082792
00078088
00012433
00081670
00040740
00061299
00097028
00039451
00030155
00095451
00027827
00085931
00057651
00092356
00010012
00042766
00039234
00041455
00066029
00084448
00058301
00072733
00035838
00056858
00026978
00093764
00018201
00097035
00099910
00058466
00018428
00088248
00070148
00023456
00053837
00047355
00044729
00036474
00054064
00043163
00061979
00012672
00025524
00053282
00089803
00019984
00055566
00068980
00021152
00032976
00076007
00097574
00093483
00024695
00082803
00059584
00040389
00069366
00032106
00039394
00053713
00093422
00081722
00058634
00090803
00080761
00019358
00069303
00015509
00026349
00025608
00089323
00064854
00025113
00039972
00096078
00086611
00052643
00084571
00058840
00047544
00061293
00084305
00085164
00096022
00022270
00060361
00032319
00084130
00029866
00064329
00096979
00063528
00041856
00028012
00022699
00081032
00057919
00044212
00091055
00089840
00014403
00049712
00050704
00077933
00098155
00092609
00097066
00028554
00045037
00013996
00015330
00058402
00056081
00058346
00018795
00012230
00043299
00020008
00071193
00013109
00013213
00038956
00012859
00043264
00064602
00031518
00056576
00064764
00054620
00053515
00053519
00026656
00048067
00023347
00026317
00082831
00096888
00022075
00035996
00072895
00018055
00058604
00091223
00011458
00093423
00080526
00089922
00027635
00057267
00090607
00040617
00012763
00060653
00040967
00088667
00020365
00056295
00016497
00092711
00075012
00073074
00082483
00016239
00070456
00083434
00030770
00056946
00089119
00056044
00054350
00084899
00089584
00079532
00055837
00026886
00047211
00030546
00066533
00049710
00030492
00033772
00024805
00049156
00073107
00038044
00046640
00077148
00045576
00060089
00064976
00088708
00069347
00041107
00014511
00035263
00014668
00069373
00089881
00044738
00023358
00095496
00084233
00034803
00096420
00037697
00010982
00096639
00065186
00036404
00078087
00011102
00017394
00038204
00097105
00074236
00069463
00060498
00087655
00086394
00029210
00068363
00022383
00053046
00013980
00062723
00058794
00033223
00068567
00090049
00083198
00030750
00038353
00033943
00017611
00070895
00080160
00051314
00086321
00034297
00046637
00073583
00043255
00033292
00043475
00014778
00099644
00042363
00083666
00056521
00022541
00086944
00098400
00081630
00014348
00043980
00013073
00094328
00057334
00038266
00061123
00026934
00039139
00050756
00028100
00024183
00064078
00010796
00091801
00099599
00095078
00059419
00097091
00070347
00092988
00089076
00028570
00098539
00068324
00084564
00053848
00045156
00014967
00040516
00012811
00060929
00075526
00040583
00049944
00043246
00030378
00097953
00098694
00072984
00080973
00092527
00017269
00082163
00010445
00018146
00045119
00092193
00023108
00021571
00034948
00043619
00074305
00033264
00052935
00068454
00098988
00026929
00086831
00082016
00097235
00048017
00096733
00055884
00093282
00037299
00042039
00063850
00067914
00064500
00054385
00069537
00058003
00024255
00058637
00062936
00036854
00079685
00025342
00065304
00065138
00087277
00083175
00068233
00078395
00026298
00023797
00047987
00041254
00015655
00044008
00041527
00086006
00024897
00088730
00078178
00024361
00079352
00053166
00090213
00059139
00022262
00061449
00043516
00059843
00078945
00087152
00055019
00012354
00067476
00088259
00073352
00015479
00028247
00093114
00073807
00063151
00087871
00058185
00031361
00047200
00017284
00076319
00089994
00010954
00078462
00033999
00059219
00056753
00062164
00076847
00098511
00066671
00029693
00030461
00070491
00037882
00051722
00031556
00020242
00021590
00085270
00014005
00026478
00077089
00033494
00081170
00087291
00084487
00017792
00055853
00045337
00099291
00074946
00010509
00010554
00093972
00067542
00085109
00082200
00016423
00039323
00035737
00015030
00021304
00080274
00026712
00011136
00090108
00066385
00089725
00046035
00094423
00085204
00076013
00038797
00041341
00039490
00041639
00070226
00096758
00097775
00019761
00063717
00048154
00099525
00016015
00081607
00065908
00083807
00037815
00054826
00059289
00028894
00012049
00079875
00042706
00032282
00034685
00078463
00061786
00037963
00080543
00084799
00078374
00052512
00027425
00088088
00097787
00034144
00065561
00043864
00018847
00095011
00062905
00090891
00013600
00017051
00094029
00035225
00080732
00049538
00015375
00018326
00021170
00029021
00010625
00022315
00024503
00053686
00099610
00046678
00066772
00032393
00053216
00045690
00068340
00098428
00098580
00087435
00066697
00020135
00045087
00052765
00091858
00019267
00023580
00099646
00082773
00071266
00061878
00019002
00028376
00063281
00035600
00095265
00076528
00044532
00057125
00097428
00025458
00093784
00033941
00019424
00069082
00043673
00050626
00056096
00033224
00034713
00041223
00064774
00067653
00017229
00098651
00020580
00083890
00019078
00027129
00035431
00072220
00099375
00023025
00092482
00016056
00033259
00073288
00055048
00061206
00020034
00034585
00062195
00062809
00070955
00037717
00039135
00060174
00084413
00099390
00095245
00091304
00065748
00088095
00052308
00069654
00061399
00022316
00089568
00031566
00017149
00044006
00094832
00010127
00013736
00046381
00075152
00056541
00050517
00048854
00077054
00067998
00070830
00059251
00068606
00068851
00085479
00023169
00029811
00049040
00033900
00059305
00070262
00059943
00054672
00093747
00077936
00023177
00068030
00035787
00062731
00044378
00024148
00085878
00099512
00046485
00064450
00054999
00016596
00079843
00094048
00030012
00093222
00074472
00029837
00052600
00087767
00035835
00076757
00023834
00069715
00080605
00015553
00057941
00038209
00044909
00056544
00049792
00074726
00020674
00052008
00020316
00020886
00096229
00027400
00083497
00073298
00068639
00051726
00062776
00067586
00070341
00077787
00010830
00073924
00058081
00093712
00098818
00063888
00051191
00025298
00032914
00060245
00034465
00066833
00029872
00064157
00017398
00089520
00075236
00050436
00077330
00033153
00083943
00035163
00059432
00070538
00044721
00040262
00011214
00011335
00096950
00011877
00024907
00022170
00094682
00029325
00015989
00049445
00090644
00080702
00057128
00056071
00013566
00011974
00033781
00084981
00063988
00032910
00015826
00077080
00068824
00081948
00070026
00070404
00045621
00099402
00010434
00032683
00027534
00018407
00032191
00037351
00050398
00068985
00080707
00043979
00019326
00037114
00071671
00013189
00061376
00035166
00089996
00039991
00065116
00098486
00074915
00099037
00068046
00024703
00051030
00047339
00015930
00094665
00047932
00027896
00026820
00092964
00050290
00091130
00069353
00085356
00085077
00055954
00029435
00018105
00053748
00011624
00062442
00029725
00065734
00077651
00082707
00036541
00071246
00053803
00045499
00086904
00045351
00054075
00089712
00078155
00089177
00079790
00024521
00056422
00057021
00018939
00056356
00091532
00083454
00014022
00096806
00023490
00057796
00051664
00081849
00025461
00071988
00045789
00076467
00061242
00098794
00098173
00041559
00089626
00081018
00014445
00020557
00094344
00072190
00029609
00055047
00058396
00029407
00092174
00082047
00028784
00051324
00077244
00074260
00031782
00015887
00075830
00024517
00097438
00019976
00054205
00016145
00074137
00089092
00025834
00086042
00096495
00085777
00023019
00086686
00044802
00015727
00049758
00050351
00016412
00054237
00099751
00017522
00047992
00077215
00031798
00026543
00084317
00022503
00030381
00069012
00031070
00061695
00025671
00049364
00057566
00053332
00096088
00023933
00097363
00047760
00047072
00096293
00042256
00017657
00083447
00076990
00035939
00021268
00053774
00053337
00014959
00027544
00044222
00033335
00070108
00037204
00045075
00059240
00048862
00033823
00024412
00086560
00062722
00057643
00098456
00019233
00074990
00029593
00023323
00067221
00084409
00098856
00019246
00079446
00015113
00088032
00071707
00015977
00042558
00092752
00056913
00054583
00094231
00063809
00081186
00073028
00021599
00059510
00032919
00099958
00047363
00020014
00073005
00036170
00059088
00073197
00066718
00066760
00085285
00037239
00092586
00016435
00045098
00026010
00070283
00092054
00044867
00059201
00091343
00061814
00030172
00066665
00062199
00098558
00094857
00076833
00019182
00049693
00025164
00016099
00021631
00031422
00061102
00022973
00090763
00066102
00046480
00036270
00034805
00063229
00040725
00025986
00062358
00010446
00030440
00072309
00078687
00068537
00027653
00019479
00082540
00041700
00093522
00014952
00060552
00099957
00014084
00037375
00027977
00027046
00045530
00035045
00068011
00031087
00079445
00060056
00022135
00065761
00011168
00013869
00065151
00096929
00033154
00011956
00027617
00087987
00087763
00088159
00077599
00011916
00062228
00017816
00057403
00010268
00062976
00040946
00056353
00047157
00038314
00046557
00024764
00012164
00095025
00048575
00046609
00019694
00031490
00042899
00014845
00041232
00062467
00050160
00044747
00028808
00074440
00065990
00053437
00087619
00099888
00043737
00049913
00024719
00065053
00029605
00079869
00038368
00098308
00091766
00024083
00084721
00023392
00014143
00099521
00055971
00013306
00091622
00027290
00090200
00062647
00017345
00025659
00050119
00064603
00084370
00039509
00069969
00081392
00059216
00045358
00041510
00015517
00063566
00058291
00021705
00081217
00022665
00040222
00073908
00099098
00052882
00036494
00011597
00090839
00090307
00078273
00080604
00049905
00066241
00013818
00053248
00045708
00091308
00022981
00091680
00078609
00075443
00049292
00052091
00031059
00076095
00010686
00040987
00039810
00038941
00062524
00063866
00090445
00058184
00034782
00055681
00079192
00079721
00027745
00028556
00040257
00026691
00031970
00032023
00094089
00074994
00041761
00055264
00036477
00050457
00022005
00088401
00072306
00048019
00061591
00060047
00087683
00082352
00093542
00052835
00062718
00049582
00032119
00068331
00036869
00094357
00053660
00049524
00046096
00073582
00096180
00067605
00066097
00082162
00033410
00045658
00091756
00039154
00039605
00056527
00063991
00059766
00087318
00069405
00029854
00086826
00055366
00025202
00097548
00051806
00043578
00017291
00036521
00038080
00074033
00035782
00070356
00062888
00071655
00056313
00058742
00091921
00093067
00097782
00090439
00060079
00040776
00069533
00018335
00073874
00062739
00088918
00025547
00061171
00087527
00064651
00072577
00078003
00082437
00047494
00060192
00061953
00083662
00025656
00052663
00051356
00038063
00036718
00084403
00041046
00056319
00029284
00083857
00098560
00097825
00011559
00016761
00050620
00015079
00075256
00020216
00088447
00099334
00082104
00073470
00037474
00034379
00024675
00048769
00087979
00018060
00031578
00087341
00011595
00032886
00093755
00027208
00014505
00062042
00053653
00037749
00065274
00067425
00066722
00051687
00073085
00098115
00018322
00063367
00095591
00030437
00082190
00077188
00025359
00093619
00059994
00053387
00078468
00051003
00062408
00059238
00050426
00024587
00032964
00094840
00011185
00057736
00039998
00024273
00044178
00058111
00025075
00042846
00030872
00077531
00033193
00068806
00036256
00053922
00045509
00030143
00039488
00082111
00057501
00044983
00074657
00019487
00050551
00095416
00061454
00043393
00020788
00042468
00047232
00042549
00053960
00027405
00033277
00012986
00051922
00075598
00028850
00074300
00036986
00034217
00058915
00058278
00095390
00014373
00098984
00078242
00079342
00070753
00050900
00089889
00013824
00014635
00038520
00044096
00019361
00084485
00069375
00031300
00014299
00083314
00062831
00054931
00029195
00046356
00075353
00041965
00095652
00059640
00011690
00069873
00083375
00088817
00019561
00083883
00034239
00035662
00027434
00025894
00022831
00088173
00087687
00084782
00010425
00079576
00052516
00035339
00093584
00057054
00074767
00075388
00068261
00069151
00011300
00093798
00065711
00052020
00033188
00040528
00028406
00048860
00041462
00055340
00068600
00093833
00067088
00065229
00097840
00089039
00067905
00014419
00048841
00053262
00093413
00083224
00046585
00074594
00083328
00082105
00051387
00027799
00075556
00032803
00032547
00040273
00073212
00065814
00082703
00033110
00077340
00088363
00085125
00068057
00043315
00020913
00045120
00059473
00086099
00044876
00038860
00090546
00036242
00065559
00066462
00064889
00043460
00080960
00063678
00097107
00092440
00042621
00068542
00097391
00010512
00036128
00054193
00079569
00033315
00073907
00089493
00047366
00040572
00077580
00062457
00063101
00071253
00015275
00024526
00026163
00071129
00020220
00085481
00022107
00053343
00078295
00012887
00018389
00052468
00030715
00029077
00035698
00069045
00041344
00091645
00078788
00016742
00062118
00086868
00011639
00055024
00030708
00073214
00085132
00069577
00097890
00043697
00072473
00093628
00088063
00047044
00032035
00013269
00067497
00083927
00011832
00043212
00042613
00038772
00068605
00082404
00075656
00069823
00021785
00029185
00033591
00043035
00017805
00079734
00063551
00093418
00020356
00022706
00099165
00069547
00063048
00051034
00071612
00043102
00062778
00023626
00017074
00083913
00011598
00075825
00072499
00039543
00040972
00066347
00052300
00031457
00069474
00013149
00060313
00052960
00079136
00081990
00060916
00073329
00016630
00057635
00057070
00098949
00023063
00010997
00018695
00044473
00097694
00016520
00092228
00064862
00027471
00098050
00046445
00090661
00067367
00049228
00084355
00014082
00010295
00023385
00077639
00034796
00080512
00012301
00013097
00094577
00031453
00052222
00092003
00086852
00014108
00061867
00045183
00087809
00055519
00062320
00022098
00064002
00055384
00058435
00017518
00052510
00027570
00018743
00078202
00057880
00030972
00051744
00020219
00013172
00020250
00016222
00048489
00029606
00010622
00039630
00017834
00069342
00021555
00057309
00051807
00062213
00031598
00097124
00018689
00029978
00099119
00021333
00085713
00047539
00053304
00075803
00077379
00059499
00033203
00020467
00048063
00066394
00028087
00076672
00084621
00038248
00095538
00042926
00079410
00087113
00079726
00024032
00040328
00099240
00022987
00023862
00030202
00093718
00019693
00057499
00063308
00010476
00097959
00022698
00096473
00088070
00062327
00085112
00069878
00065527
00085472
00010924
00050150
00044254
00065818
00050164
00066468
00080816
00020342
00053024
00050851
00015773
00071241
00062620
00055613
00055206
00018471
00074503
00017368
00078561
00053493
00016674
00081742
00088872
00089351
00043401
00056445
00062193
00085265
00015064
00083004
00073528
00066552
00019442
00087524
00022244
00079985
00037215
00040781
00014423
00077372
00047546
00018693
00051485
00063335
00016255
00068779
00032490
00053495
00010484
00074166
00063653
00045224
00021876
00097420
00078672
00096254
00035167
00053939
00023337
00018838
00079451
00020607
00097674
00040628
00071648
00040950
00088777
00036524
00049001
00074585
00037310
00073320
00053996
00028675
00071418
00020791
00093306
00055660
00090366
00044271
00096879
00048650
00077297
00055930
00082888
00071218
00071396
00012160
00057436
00036853
00023061
00034696
00048723
00061410
00014601
00030077
00066632
00018116
00053429
00012548
00039319
00032144
00034736
00056936
00069783
00059387
00032183
00040377
00027139
00034527
00030514
00010901
00075891
00078024
00039344
00043641
00037122
00059964
00093455
00029902
00012543
00015860
00047980
00068679
00086788
00079723
00038699
00068500
00062646
00019011
00086399
00078810
00048319
00028213
00051885
00093412
00051020
00035169
00086907
00058216
00089266
00092007
00066923
00077628
00038280
00035070
00032622
00060064
00053069
00060801
00052741
00054998
00084454
00086260
00046195
00054696
00034799
00099672
00022821
00044652
00068394
00073217
00043378
00068933
00071104
00035143
00010963
00013985
00060912
00050600
00075064
00071921
00078868
00080470
00090969
00057897
00046963
00067287
00099045
00042403
00098601
00037400
00028086
00052302
00090992
00079732
00086418
00089885
00083465
00066398
00058416
00021920
00046059
00041074
00073912
00074696
00079829
00044970
00026854
00034905
00023300
00031118
00047394
00037317
00045184
00040028
00013421
00014731
00076124
00095244
00070957
00075374
00039042
00065653
00064576
00060133
00046366
00092497
00017830
00081040
00069586
00065584
00042092
00067002
00067074
00049817
00022523
00089745
00074353
00013808
00049258
00087836
00046665
00015027
00047317
00020069
00053749
00084770
00097345
00097158
00033671
00031131
00032793
00034168
00048675
00094551
00027258
00082822
00037699
00032998
00014391
00029667
00038344
00083392
00034872
00024806
00077312
00011310
00098077
00086530
00072246
00086539
00045191
00081350
00069437
00065059
00055946
00078693
00069429
00048227
00096857
00029888
00029481
00071060
00081788
00034683
00018686
00036327
00099735
00094145
00031839
00099230
00093731
00075689
00075792
00042459
00034698
00044242
00071662
00056808
00042857
00015455
00056891
00095314
00095305
00015284
00072124
00085940
00040266
00042423
00092284
00088498
00092520
00078428
00095873
00094313
00096324
00031299
00060748
00072166
00010783
00014429
00064772
00021962
00093962
00015886
00058429
00095071
00015320
00050789
00082011
00078035
00095472
00038821
00068720
00018004
00047979
00055010
00042958
00015082
00066284
00049297
00080854
00072109
00092207
00027747
00016373
00071245
00066934
00037252
00099867
00053826
00073721
00021828
00094582
00017162
00012992
00044002
00097981
00056074
00063114
00091114
00016344
00030804
00035943
00064762
00075423
00026295
00018365
00071098
00047744
00056820
00021010
00017924
00061244
00014734
00076370
00050730
00013532
00075099
00020373
00030182
00090429
00087712
00032732
00091289
00077351
00068196
00086574
00013177
00051207
00021325
00039052
00081900
00087575
00036946
00085371
00090197
00083284
00089639
00017550
00016675
00069196
00055074
00069360
00031599
00044998
00029464
00035401
00068130
00080418
00062677
00030128
00070763
00059532
00030443
00018792
00091444
00065425
00052619
00052590
00081300
00037332
00028432
00083264
00070530
00076285
00017356
00066328
00034031
00055271
00073150
00054207
00054979
00083448
00050657
00077676
00068467
00075746
00021812
00019253
00054868
00058488
00090822
00036489
00090901
00025664
00070031
00044756
00064119
00074385
00016476
00031874
00083724
00035733
00045560
00058114
00039407
00085115
00028180
00097703
00055994
00073479
00025408
00013897
00074912
00049785
00071476
00064728
00072855
00072807
00056992
00080815
00059862
00065003
00081365
00059252
00097675
00032561
00030577
00045234
00075940
00023365
00064267
00084775
00030721
00034422
00036482
00036149
00029965
00059520
00064558
00058044
00037228
00078482
00045774
00052983
00046070
00040561
00068227
00026679
00035005
00082021
00090748
00020529
00079887
00053477
00091558
00044042
00019451
00048507
00094936
00091656
00045231
00042623
00096838
00042008
00096492
00022155
00058887
00088229
00035995
00076970
00080447
00087025
00022373
00075247
00013689
00091129
00056100
00032376
00074217
00039313
00024656
00080766
00089182
00049447
00085261
00031624
00010303
00027195
00094058
00065578
00092316
00010611
00051981
00069388
00059460
00084900
00069834
00058798
00052508
00043760
00028027
00015582
00011316
00033524
00055012
00097897
00032768
00017078
00034049
00058578
00044018
00064390
00013922
00014289
00037438
00046095
00039594
00080832
00031482
00049619
00087995
00045613
00043814
00090413
00031032
00097707
00044956
00040862
00065246
00010293
00053312
00019714
00093562
00044717
00042585
00012723
00027019
00060703
00085918
00095232
00081266
00010725
00075102
00046289
00043791
00098332
00028795
00062231
00030025
00075899
00043368
00055064
00083317
00084751
00058084
00088209
00036998
00011662
00039474
00011542
00069450
00044118
00079509
00027332
00032085
00081516
00017469
00097272
00050447
00059978
00034413
00032047
00053305
00040601
00069930
00022133
00033474
00056236
00023699
00026548
00050472
00031834
00094587
00035993
00075738
00031172
00084197
00073637
00063856
00048302
00013308
00046201
00089518
00049552
00027177
00030848
00077908
00081014
00098211
00074850
00017547
00083306
00093490
00035206
00018163
00028307
00099535
00027644
00013140
00050137
00018644
00024399
00036399
00075795
00091061
00037025
00052762
00081896
00092736
00071833
00074478
00026080
00055152
00020550
00085611
00071283
00049654
00040895
00029860
00019531
00038877
00090382
00029349
00024008
00026719
00046026
00097473
00015429
00082409
00050378
00077279
00023309
00088779
00035987
00075156
00042915
00021400
00025593
00062159
00050942
00075123
00011149
00079096
00023573
00038124
00080194
00078505
00026872
00050367
00064912
00033945
00027143
00011066
00035805
00062471
00013594
00088442
00038842
00059813
00084208
00083981
00022676
00065155
00023542
00032562
00095993
00068569
00035028
00048919
00038193
00051574
00097716
00090871
00061625
00089758
00064492
00063193
00097597
00070412
00080125
00063387
00052626
00082136
00050897
00097600
00026599
00024329
00014757
00044764
00056791
00035738
00093373
00026840
00038643
00022811
00071190
00092422
00035678
00045577
00081212
00093056
00014975
00074690
00077869
00076264
00096925
00078393
00078526
00053966
00052725
00067503
00061153
00086395
00023198
00068574
00088189
00053384
00038590
00031137
00068025
00022905
00020109
00030264
00054425
00041641
00080688
00054888
00025098
00072919
00076179
00057723
00042117
00078963
00058314
00038012
00023379
00075706
00094311
00012881
00012810
00017641
00024778
00098445
00084958
00011749
00033510
00027104
00097493
00082922
00020718
00099266
00024023
00018228
00028411
00039558
00030507
00084143
00098999
00071570
00042611
00056685
00085253
00041453
00038835
00010129
00083580
00078670
00010858
00020583
00030307
00067180
00075574
00043327
00059056
00060145
00069944
00088788
00013916
00075018
00050757
00013993
00084165
00031251
00022946
00046524
00072602
00070976
00068918
00073784
00078181
00076225
00041995
00052507
00090882
00044611
00069221
00065109
00066556
00084777
00083423
00013091
00021784
00051796
00028011
00098741
00048059
00083426
00038912
00088430
00084465
00086720
00053197
00019448
00047519
00029393
00072227
00036763
00051994
00046998
00068334
00053145
00085365
00075371
00054906
00017822
00039341
00022840
00079396
00012053
00042528
00074632
00092077
00024972
00052218
00087183
00039798
00098976
00050225
00030302
00013090
00050588
00085961
00089697
00031419
00017798
00071173
00053168
00035974
00027934
00076495
00062006
00049859
00047850
00053430
00011092
00071819
00012009
00020677
00052696
00021544
00060841
00090004
00013590
00059907
00028443
00023682
00020248
00052393
00026739
00040058
00066064
00067219
00024474
00020344
00072223
00051952
00049713
00063846
00090852
00046830
00094227
00057716
00067448
00059833
00036773
00049860
00079220
00090854
00099067
00039880
00098774
00031233
00036035
00069832
00038943
00071321
00023066
00046764
00015549
00097070
00016333
00020367
00012447
00064570
00063982
00030420
00092804
00037079
00085158
00044454
00086895
00044198
00010630
00057668
00081448
00074468
00080961
00028063
00088638
00081408
00043565
00032216
00067210
00039780
00045004
00057813
00052502
00014586
00050882
00066459
00020807
00026838
00059383
00060528
00081637
00045179
00024193
00029977
00051694
00049659
00028456
00085028
00010353
00041304
00099149
00043198
00046980
00078976
00041060
00028915
00069788
00040469
00020879
00024297
00078120
00060503
00087485
00091912
00063332
00052114
00084922
00071372
00010066
00089696
00028191
00054204
00053410
00014378
00084117
00011963
00012799
00026677
00076443
00015756
00077139
00026698
00050294
00052186
00058724
00044996
00034850
00078054
00034111
00094041
00023055
00010403
00074682
00022413
00084273
00014948
00049529
00054459
00098530
00089451
00051134
00045628
00034822
00075153
00070396
00019355
00029746
00043518
00077681
00098245
00071146
00061302
00096140
00082643
00028975
00058847
00076684
00083201
00065512
00092495
00052703
00083044
00012451
00099277
00084854
00096791
00040521
00019074
00028858
00080915
00082138
00025478
00013120
00065832
00085407
00074304
00070926
00060045
00032414
00097479
00085511
00071122
00067427
00070340
00048029
00072915
00082073
00099287
00035533
00089871
00087151
00090438
00092403
00081228
00029322
00022908
00058833
00028854
00077810
00012417
00069466
00049570
00044796
00057013
00078590
00023380
00031783
00053036
00046288
00048457
00055527
00078416
00042845
00022995
00079204
00090578
00052068
00035156
00023675
00062480
00044344
00032387
00028747
00099205
00071867
00072305
00042529
00071865
00043767
00035845
00021011
00090825
00041605
00095029
00060836
00039665
00075080
00098311
00032065
00028381
00016213
00023557
00076726
00070828
00019292
00044174
00010902
00025156
00054479
00071890
00092842
00082133
00089465
00096592
00069602
00010914
00013627
00073239
00074626
00057490
00099550
00031437
00046883
00083837
00032292
00037387
00028713
00068242
00067623
00032303
00060519
00080524
00080508
00066396
00022433
00053652
00095716
00014859
00025384
00017517
00066873
00018564
00053633
00027869
00099267
00057474
00079010
00049347
00043992
00026260
00083776
00076198
00071925
00077627
00069513
00019363
00067206
00048369
00021115
00041169
00089973
00090251
00085456
00074777
00094721
00087269
00015069
00013011
00011301
00097817
00065061
00036801
00054673
00055372
00099680
00022114
00022168
00080338
00040074
00072169
00085196
00087536
00049065
00011517
00066107
00056806
00051289
00059887
00096342
00085912
00026864
00095502
00088244
00096010
00062437
00025188
00033960
00057064
00029695
00018388
00012241
00047895
00073380
00026889
00052491
00018266
00047466
00029718
00033207
00019994
00039602
00049547
00035803
00056757
00036750
00067942
00047888
00098542
00014161
00071514
00021614
00011583
00082527
00048398
00016649
00065866
00087659
00023993
00025815
00058030
00028297
00054402
00097595
00011075
00078843
00052456
00054934
00057886
00038551
00076131
00024828
00076767
00024196
00045632
00081049
00026496
00042954
00052000
00070856
00050762
00060960
00076438
00068965
00014210
00047775
00089940
00077534
00084552
00019585
00011369
00091619
00088472
00031707
00031559
00093493
00098197
00055650
00085524
00042953
00083783
00065370
00012318
00033085
00027487
00063705
00088526
00050211
00016934
00056974
00083071
00091568
00036418
00095273
00049697
00093565
00090107
00081555
00013855
00052729
00075823
00067080
00034471
00081200
00064126
00053747
00033589
00016671
00022072
00010253
00010579
00061209
00055496
00090089
00042696
00034018
00055866
00051985
00065199
00069825
00054927
00030695
00050709
00024393
00049240
00070749
00021447
00034243
00076117
00057457
00091360
00093920
00055335
00052661
00048167
00085193
00049309
00076546
00040050
00039932
00026384
00049023
00092004
00034579
00054985
00076742
00081923
00020592
00069735
00038960
00058496
00078447
00035469
00028028
00030819
00075769
00062920
00030881
00072800
00069913
00088445
00010694
00065220
00074895
00092965
00023616
00025711
00024167
00024422
00095947
00095657
00096128
00010250
00098803
00083942
00088009
00057547
00077094
00098992
00018769
00035084
00027729
00049124
00086291
00064229
00045402
00061353
00010017
00028472
00048630
00015149
00018796
00090761
00023100
00040001
00079872
00049844
00030385
00044243
00073640
00064686
00033982
00074803
00056610
00075375
00039449
00084740
00090878
00059200
00017473
00010018
00063130
00040747
00018095
00078562
00033694
00056620
00079288
00026227
00018752
00024365
00017390
00051821
00018080
00093160
00031208
00058856
00053464
00024012
00065844
00015548
00014040
00011590
00085491
00034215
00012386
00095497
00065780
00053278
00028960
00072946
00046611
00010451
00048476
00070590
00072763
00064621
00054882
00099444
00044760
00028881
00069936
00094150
00049650
00020159
00058986
00039054
00096864
00061739
00065311
00060348
00078917
00094558
00056143
00041368
00020503
00066766
00039562
00043963
00054884
00086074
00022879
00060072
00055083
00021468
00055680
00020808
00033597
00076628
00086625
00023732
00042025
00073376
00085381
00048512
00098770
00079656
00044364
00070605
00010802
00012460
00093923
00050630
00067843
00050492
00072347
00071404
00052111
00076468
00011470
00032521
00059255
00058541
00096228
00076020
00074927
00063668
00048696
00076734
00033025
00062896
00061266
00041927
00096884
00063693
00097525
00017086
00062629
00070805
00021796
00097660
00099385
00049745
00063470
00055509
00035344
00089023
00083858
00069780
00054551
00019449
00093027
00049800
00046565
00063456
00065462
00083914
00099556
00031980
00078540
00070804
00015348
00013411
00017788
00034997
00074749
00057725
00099216
00024336
00077190
00077310
00085944
00096742
00084123
00038332
00066745
00048706
00081507
00036823
00097875
00034809
00069717
00089029
00098154
00065211
00034898
00097880
00073437
00014248
00063608
00040580
00024426
00053710
00059553
00083319
00077962
00054252
00085166
00012070
00023034
00082823
00031313
00028576
00055301
00074055
00062637
00031304
00081443
00056985
00039542
00064658
00017446
00045130
00093239
00077071
00074280
00087201
00052822
00059159
00053062
00049947
00017126
00014812
00098932
00047430
00010687
00038393
00021066
00095151
00047835
00010719
00090288
00059753
00077736
00099727
00090777
00054741
00041565
00079598
00090870
00079176
00073970
00042275
00071460
00024636
00017718
00073369
00039202
00066061
00083041
00070326
00015959
00079145
00075685
00060068
00050842
00016805
00090117
00045996
00080432
00077544
00054982
00092436
00092715
00084450
00062097
00067883
00091915
00072572
00091467
00060148
00079794
00027493
00053013
00030618
00043068
00030756
00053761
00068024
00097564
00035659
00095972
00035489
00040293
00068459
00036500
00069892
00056703
00032341
00074464
00049227
00050235
00015124
00033421
00042541
00021702
00021925
00042124
00085864
00092088
00037455
00033729
00061641
00079100
00090043
00096545
00046483
00051867
00095840
00064534
00069940
00085609
00031107
00074662
00087238
00043772
00049274
00074257
00050217
00093641
00041327
00027802
00032445
00058607
00083065
00013835
00092165
00074738
00062104
00058925
00030562
00073842
00080776
00069951
00058808
00086324
00075857
00088620
00032535
00046052
00082067
00054196
00059888
00059218
00062313
00025200
00032286
00042415
00039057
00073469
00089658
00092607
00078855
00047951
00048933
00060840
00062133
00064064
00012109
00016464
00084757
00093898
00096484
00029944
00069558
00011573
00097524
00078686
00030938
00013752
00099177
00072866
00067300
00049655
00063458
00097104
00047353
00059541
00024309
00069843
00027990
00083881
00038231
00047387
00072363
00032681
00099786
00058193
00076415
00019660
00073016
00016564
00064562
00012073
00029580
00099920
00065531
00056126
00051275
00043037
00018354
00092143
00018438
00086416
00074157
00061073
00041001
00074943
00054577
00031711
00041461
00044697
00088506
00099782
00059204
00011519
00045050
00026907
00085018
00048691
00021606
00029813
00083739
00082064
00047318
00053878
00057669
00013230
00014433
00020114
00083882
00097478
00031413
00045801
00083856
00064312
00024429
00029367
00054037
00052469
00081579
00053732
00075329
00027800
00067705
00041399
00070346
00036210
00067073
00064060
00087166
00050726
00095027
00073143
00023640
00093578
00078033
00019452
00013105
00076809
00041465
00076795
00091188
00061837
00078291
00049685
00081874
00044989
00018953
00099766
00020348
00077096
00011516
00038602
00080880
00053825
00013104
00098606
00096068
00044744
00027702
00016074
00088297
00036816
00014158
00089512
00058544
00012925
00049395
00081436
00051571
00087191
00039185
00052215
00045399
00081280
00045138
00089084
00040624
00048580
00081863
00010317
00010854
00051629
00063887
00051658
00054018
00017125
00075714
00091214
00014961
00022310
00025935
00012295
00082801
00011490
00063633
00080805
00016638
00016103
00086713
00094185
00063995
00044340
00023964
00046881
00082034
00059841
00051976
00074079
00031442
00025353
00023899
00085146
00043898
00066077
00098409
00050157
00052116
00085988
00065047
00089850
00079034
00063348
00097223
00029275
00030586
00017335
00055572
00041654
00071289
00044954
00073655
00092514
00028052
00046698
00082879
00082504
00095781
00086060
00080083
00097144
00064915
00084823
00052094
00017281
00052248
00028550
00061606
00058809
00049299
00085320
00050700
00068161
00019646
00041903
00098378
00085779
00070265
00028933
00013471
00095241
00086055
00057616
00081314
00076034
00087009
00056653
00042254
00084805
00036788
00095748
00017386
00085900
00050553
00055060
00094329
00030485
00063207
00062226
00085174
00063558
00035266
00025169
00023843
00023165
00013962
00078706
00086329
00015181
00098012
00046704
00061603
00084718
00029112
00030205
00028270
00031480
00088543
00091900
00035295
00081571
00011277
00058494
00040367
00061971
00058419
00081060
00032001
00045685
00038750
00043967
00020040
00030928
00070282
00095828
00070978
00075702
00037022
00021182
00098054
00049501
00026566
00096728
00098643
00070289
00075321
00077588
00011809
00097590
00023020
00095504
00033200
00085924
00052430
00026996
00019481
00050877
00042804
00059736
00085579
00026832
00044753
00034933
00093303
00021935
00066867
00037109
00062416
00043529
00042452
00078476
00032392
00075265
00086635
00040399
00029159
00052669
00060811
00019521
00017235
00038527
00023245
00074772
00023117
00059121
00036431
00077811
00056098
00038538
00022411
00093007
00033969
00026135
00034248
00027030
00033866
00084874
00045380
00053797
00077641
00064166
00065034
00076941
00038687
00079017
00084247
00034330
00048832
00019275
00060594
00070891
00088291
00046975
00053861
00085209
00065536
00038317
00014790
00017864
00091127
00012228
00044202
00079056
00015503
00076856
00083681
00043409
00065094
00083390
00018774
00057184
00060722
00078439
00040804
00036904
00067805
00035395
00074412
00059309
00030026
00051580
00084790
00090832
00056566
00060249
00098008
00043568
00058377
00012357
00052728
00020804
00017974
00024990
00025997
00039955
00042149
00072834
00081423
00027592
00083260
00024835
00040498
00066428
00069639
00024808
00014598
00083380
00082247
00040810
00063052
00059239
00086377
00066854
00019536
00044746
00049104
00035502
00034206
00037609
00047342
00068937
00026660
00021981
00026645
00095061
00045455
00065241
00034279
00025960
00094100
00065188
00095658
00037573
00075844
00061564
00011115
00085200
00061310
00095829
00070487
00090459
00036008
00041311
00054685
00025455
00072004
00081377
00085448
00075068
00019248
00089861
00067848
00062914
00085400
00021469
00091144
00024933
00063760
00010507
00051556
00010110
00017475
00070317
00089887
00012233
00082789
00010031
00094055
00082760
00059126
00046623
00099038
00098131
00046969
00011667
00087699
00069059
00026494
00096009
00055478
00041567
00082539
00063255
00086899
00030820
00011972
00056432
00024343
00047169
00074144
00045904
00044669
00083045
00017823
00086639
00034662
00098521
00050161
00036321
00012779
00068388
00081195
00016079
00049864
00037960
00014039
00011061
00068764
00072062
00063731
00050311
00067228
00075517
00027000
00045266
00030702
00067926
00074748
00062103
00051975
00025734
00048884
00095480
00069956
00060923
00080806
00092875
00082329
00059816
00095685
00056007
00055035
00052314
00020759
00033492
00044558
00097141
00042076
00088339
00013316
00035192
00098704
00028198
00055239
00069800
00025511
00099436
00099479
00081739
00087123
00099497
00065386
00081275
00094288
00032149
00043366
00043029
00085546
00033412
00092463
00078051
00082986
00064183
00088951
00043310
00074421
00067116
00062794
00019673
00095219
00016286
00068247
00055471
00030947
00011758
00029648
00071727
00088091
00050765
00057673
00077211
00012327
00086038
00042934
00011020
00053276
00077878
00030899
00047095
00095446
00099505
00021629
00084271
00030468
00074708
00064340
00022347
00012028
00075850
00044636
00025017
00071314
00087049
00088802
00093506
00047700
00042811
00013250
00088238
00034507
00025678
00098423
00089487
00035884
00045648
00061914
00033435
00085026
00057662
00091506
00034456
00029309
00060107
00076685
00095142
00075521
00063227
00092319
00027256
00043549
00048622
00094763
00091125
00019090
00082187
00020939
00013497
00035628
00025312
00047729
00082213
00073937
00043297
00019041
00020895
00044862
00049727
00040752
00021202
00056411
00055460
00021324
00029473
00067783
00030245
00011323
00016530
00052612
00078962
00067024
00087377
00086441
00021957
00074234
00011014
00079019
00048831
00039999
00076251
00037222
00062269
00090269
00046923
00077775
00074694
00036450
00073797
00053445
00069849
00013206
00011637
00010621
00099332
00083695
00096189
00022331
00068561
00032794
00038103
00026942
00033470
00028666
00088557
00065146
00092201
00099264
00098582
00082158
00012506
00010655
00010678
00072066
00067936
00037958
00024707
00025086
00082946
00031366
00015797
00093716
00023344
00010773
00035373
00027066
00097043
00057558
00075091
00023866
00066897
00087353
00081976
00010401
00039589
00073305
00088328
00050519
00070198
00019651
00041802
00094409
00042909
00037756
00018502
00013650
00029792
00080558
00011289
00020077
00025648
00036266
00094358
00089437
00012772
00024142
00044303
00076513
00018546
00080311
00051980
00045819
00079449
00096242
00070134
00085385
00038399
00056976
00091036
00049537
00014783
00093116
00081600
00035478
00078856
00019242
00076336
00070060
00083717
00068529
00061025
00087133
00087749
00020687
00066564
00069770
00055192
00085994
00028941
00026918
00085550
00074676
00033424
00089842
00066818
00089771
00074801
00056155
00059874
00085453
00071549
00014865
00097567
00015159
00019982
00096457
00060792
00052577
00068329
00080801
00058300
00096980
00087118
00073928
00036939
00072191
00070345
00091765
00026923
00097261
00062194
00067534
00095366
00040504
00038270
00013240
00081475
00090451
00024949
00043969
00046331
00055569
00085197
00098597
00090127
00031113
00086730
00039702
00011351
00061935
00059530
00086100
00037201
00044888
00044152
00028621
00079582
00032863
00032413
00074868
00025048
00058882
00048600
00019888
00011768
00060081
00066366
00040812
00057797
00072663
00080260
00048886
00080706
00091348
00089578
00085861
00037659
00071815
00023962
00092484
00069632
00079776
00023201
00081824
00093505
00074417
00027156
00087970
00035057
00049303
00035622
00059186
00055419
00097643
00017020
00013511
00036049
00074451
00021982
00039693
00047629
00012933
00079939
00082636
00098344
00023540
00042603
00094334
00034040
00051887
00038581
00055084
00028419
00022165
00012626
00070155
00044193
00070129
00046897
00059723
00021091
00023230
00023678
00081082
00023451
00066969
00073111
00014947
00036884
00038694
00045581
00094848
00015179
00017968
00086888
00071233
00020978
00041698
00015965
00054317
00078839
00065854
00059005
00052370
00039211
00058414
00088507
00064243
00060226
00047704
00071199
00094898
00029621
00066543
00079632
00053308
00011423
00034861
00020736
00081589
00079508
00017059
00085488
00053760
00056400
00099429
00040254
00040568
00062900
00055578
00089138
00080955
00058056
00079770
00011970
00017028
00039768
00048916
00047746
00098362
00080996
00034262
00037214
00058097
00064916
00088978
00098828
00081688
00010495
00082222
00057855
00093512
00072141
00091224
00057532
00070349
00051312
00016124
00021124
00062650
00024027
00067967
00065626
00050374
00085711
00021950
00075165
00025666
00059737
00034950
00036036
00082123
00026109
00036704
00062203
00028349
00013414
00035579
00038365
00085382
00041770
00085649
00048389
00067035
00060401
00078643
00057462
00093622
00032080
00060244
00011964
00016555
00024099
00057866
00071978
00083958
00076129
00032880
00089687
00014288
00045934
00067407
00031256
00016590
00034153
00010762
00066048
00043852
00092848
00036131
00063746
00016906
00098971
00071424
00069935
00052169
00047742
00060228
00039904
00058755
00062367
00076779
00076273
00032552
00011108
00062769
00026228
00056129
00039923
00096936
00038254
00094962
00089947
00087798
00053819
00056152
00041946
00010025
00064592
00049719
00073509
00025504
00070205
00077280
00035552
00013424
00070365
00074790
00075328
00065222
00038111
00039290
00036375
00011934
00035433
00022206
00046658
00028485
00094759
00049229
00011577
00075380
00046815
00060453
00022281
00059820
00091493
00011254
00031108
00017374
00025875
00084796
00017696
00021829
00087533
00096001
00023584
00039748
00098946
00052211
00069412
00010638
00037675
00059172
00033092
00053391
00084057
00044169
00049889
00021523
00023656
00084937
00082971
00061438
00045460
00027073
00072833
00055504
00068322
00049108
00066747
00036746
00054609
00045932
00059128
00064421
00047675
00035193
00018133
00012794
00048170
00078529
00024600
00051455
00036473
00052640
00040894
00017110
00083406
00032759
00056606
00078579
00020439
00098734
00095165
00017807
00067918
00087111
00041783
00094017
00084907
00067104
00096165
00032573
00079617
00075310
00045952
00050696
00024651
00077486
00052461
00054911
00076947
00045160
00047949
00036814
00087691
00012696
00076187
00096785
00087579
00080464
00044725
00093119
00095778
00021126
00057883
00097916
00039922
00094981
00070778
00052109
00044768
00055508
00049631
00068472
00013158
00026555
00058993
00017454
00093583
00054251
00054496
00031692
00089168
00025072
00041690
00057765
00062154
00025287
00028274
00071804
00088705
00044655
00074406
00090272
00084754
00072750
00024921
00051438
00058861
00083281
00014255
00085993
00044292
00015956
00022074
00096313
00035008
00013350
00026982
00092974
00082890
00019237
00028334
00025066
00092577
00026041
00028157
00060422
00053885
00016582
00029143
00025432
00034289
00089415
00041985
00035212
00062504
00079339
00043195
00084230
00035438
00054484
00037144
00069941
00089090
00029772
00018657
00047898
00033501
00024179
00077978
00057828
00053720
00085283
00060011
00087345
00065336
00092010
00037465
00017303
00044607
00070770
00051486
00058886
00031551
00013846
00080237
00044311
00087792
00080078
00033720
00067460
00050654
00055057
00085098
00036620
00044089
00027895
00071367
00084715
00016954
00011886
00058983
00014425
00014806
00085881
00026392
00066212
00095957
00011104
00061885
00073679
00015120
00049418
00078277
00092633
00081795
00040578
00086156
00080269
00012737
00034127
00029250
00029413
00063671
00090468
00081989
00026054
00036342
00059677
00055585
00067214
00066244
00078959
00013695
00066614
00090203
00029057
00097593
00029535
00029582
00050380
00068986
00036724
00024754
00010650
00028677
00094093
00088932
00015174
00063952
00097658
00024018
00031589
00075531
00032429
00057425
00089817
00012323
00090176
00072536
00094876
00073366
00025800
00053156
00075910
00070302
00025551
00038805
00049442
00045362
00045182
00045919
00013357
00097014
00068391
00027710
00065161
00015446
00060881
00034542
00065329
00068371
00042748
00069229
00038972
00048660
00025573
00086419
00052173
00041174
00047290
00052388
00018663
00095818
00062090
00014914
00064363
00081142
00055601
00068741
00083826
00068881
00019301
00073204
00043054
00094783
00041359
00045350
00072927
00071333
00065579
00073154
00023423
00090778
00081523
00085967
00047574
00034110
00084712
00019686
00054117
00045970
00085566
00059390
00055992
00025091
00025959
00039137
00033211
00068306
00083055
00068645
00029905
00071362
00082445
00010640
00051954
00079775
00069289
00064811
00052183
00067689
00060750
00039087
00073712
00014710
00075364
00077881
00011444
00055314
00096637
00025579
00074011
00097968
00023842
00042082
00016033
00019333
00098473
00065135
00015054
00076677
00056325
00045532
00084380
00086253
00052799
00080416
00046689
00054058
00070971
00098800
00085482
00048873
00090257
00034135
00014940
00070122
00051262
00017691
00091524
00074264
00084250
00059288
00084896
00024071
00093126
00070000
00042349
00067222
00096778
00060770
00059457
00092084
00089003
00042829
00051217
00079561
00060778
00054203
00050952
00077401
00037895
00023417
00067120
00092693
00089288
00010745
00053679
00056926
00076176
00083973
00083785
00068513
00019608
00025056
00091516
00023549
00090302
00065785
00044816
00054948
00017993
00056760
00047474
00029635
00069345
00091369
00055044
00018571
00041550
00079114
00019370
00049787
00099475
00066875
00082361
00079334
00053372
00092297
00083049
00082415
00085349
00075997
00097992
00085687
00012663
00013112
00010376
00020833
00056376
00023206
00034487
00077791
00069197
00067158
00025262
00036031
00025489
00042984
00027581
00057076
00069958
00073045
00042598
00078985
00032176
00073013
00025840
00060362
00064325
00068019
00087100
00048133
00084479
00067023
00012030
00046213
00041710
00062373
00025224
00088669
00012212
00018960
00096117
00022613
00048796
00060190
00059439
00011447
00078830
00012189
00031368
00097547
00055297
00066530
00069222
00068807
00017958
00089910
00018561
00091510
00048174
00019938
00036388
00027440
00027288
00099422
00045544
00035170
00095098
00079943
00021294
00050357
00034378
00046064
00047020
00095254
00070018
00034083
00066545
00017562
00070880
00032529
00011218
00092747
00094650
00049154
00014054
00047410
00063841
00034344
00022934
00074975
00076310
00029344
00084673
00046702
00058952
00080892
00047459
00012621
00050656
00011239
00018837
00076180
00052843
00029328
00034386
00095047
00096698
00010689
00022972
00029780
00012902
00036086
00069359
00042724
00073570
00091233
00099694
00036285
00048333
00077984
00023555
00071206
00012142
00052993
00021737
00048030
00074384
00011237
00015622
00022308
00022628
00061778
00054384
00086783
00054164
00055431
00096105
00096091
00021585
00051900
00078800
00044879
00055040
00072669
00058440
00074571
00098244
00061175
00015207
00018185
00070058
00023152
00073838
00068816
00035608
00082529
00021507
00080723
00041118
00040353
00076776
00041901
00033606
00041676
00092478
00078803
00023736
00024942
00022318
00085348
00057150
00039676
00049410
00075542
00079866
00078256
00028144
00022841
00072277
00094380
00020460
00022662
00068172
00075933
00082436
00098955
00038046
00091941
00063045
00055104
00097935
00075367
00077031
00063867
00052959
00044826
00061041
00078915
00069193
00016693
00061415
00081036
00027349
00098336
00023047
00018260
00049378
00069904
00082794
00013507
00014775
00095539
00043497
00031004
00089233
00026903
00031637
00022434
00044821
00093489
00042733
00090099
00047274
00013664
00018272
00010981
00059377
00030424
00022579
00061426
00027375
00019135
00093492
00057556
00026330
00070477
00028494
00031284
00072108
00030727
00056079
00090317
00062523
00081440
00091172
00055714
00014984
00036309
00022337
00048535
00028549
00088865
00051396
00095489
00055185
00097041
00014448
00061715
00088236
00091420
00075261
00050725
00015850
00018309
00051857
00058482
00049205
00075216
00023956
00068109
00011379
00063084
00076341
00046905
00080471
00015346
00024316
00057469
00028403
00061261
00064525
00027414
00041917
00098393
00099185
00065556
00015458
00099812
00050392
00032443
00018621
00013067
00091959
00090775
00023965
00099987
00078805
00047937
00051765
00016019
00048003
00016738
00016201
00096139
00076930
00038604
00014739
00074989
00040443
00042612
00093312
00049086
00059370
00051660
00071213
00042814
00035089
00078241
00068482
00031305
00019568
00054971
00067010
00040241
00038219
00013016
00019372
00048363
00057254
00095823
00023051
00046862
00052997
00082759
00028214
00090783
00073920
00045293
00095457
00088529
00089594
00098767
00021720
00082848
00084611
00028477
00013731
00065172
00015724
00057656
00017928
00058217
00038101
00086808
00027905
00089739
00013188
00059953
00081577
00066800
00012066
00046214
00025630
00063218
00023620
00031068
00047565
00089374
00070438
00073538
00051489
00092281
00079625
00099072
00029622
00039214
00086662
00063389
00047653
00080621
00041531
00035754
00040592
00025034
00028227
00097986
00027022
00032278
00047155
00071077
00090290
00031706
00048819
00086137
00032792
00055142
00066002
00069389
00039156
00054608
00017713
00059605
00015820
00052009
00084787
00057447
00019675
00037399
00027916
00023632
00096748
00074225
00064283
00034418
00069066
00011260
00087611
00046745
00013446
00044576
00026700
00069979
00088214
00080969
00098200
00093778
00056170
00052188
00026231
00078741
00036175
00061740
00038453
00015187
00033037
00063232
00018368
00065453
00027065
00015680
00088715
00056678
00090933
00099725
00085106
00057033
00082923
00055705
00089146
00014802
00056889
00019879
00074508
00028097
00063014
00032137
00068961
00020141
00072138
00014698
00063120
00073543
00093899
00097154
00053743
00064187
00063106
00033829
00028074
00056695
00050449
00072879
00060345
00077636
00081062
00036299
00097885
00013335
00089579
00041911
00075362
00058349
00033007
00079251
00084645
00028133
00041352
00035709
00062475
00054244
00090423
00072941
00019786
00065725
00070167
00021597
00082859
00033205
00036471
00041697
00067245
00056907
00090242
00085719
00039333
00074935
00041877
00070660
00099060
00013435
00014417
00094590
00096330
00057914
00022189
00083613
00057158
00066771
00040253
00020245
00064291
00033660
00060342
00081223
00062035
00044023
00065838
00022234
00085360
00054090
00082271
00075170
00078801
00055726
00063649
00042656
00070194
00029103
00043222
00023436
00092140
00093447
00023116
00041834
00048800
00035671
00056047
00073998
00089383
00092886
00040313
00083908
00049248
00053613
00031600
00020325
00048244
00068214
00013961
00078180
00030319
00075434
00097012
00041188
00074163
00073450
00011658
00049216
00092262
00056607
00093436
00051374
00074177
00081342
00052017
00050005
00081178
00079606
00070269
00076942
00058140
00036703
00074018
00021630
00094397
00041331
00014823
00038001
00019724
00094862
00014475
00068004
00052517
00089631
00082849
00097470
00062527
00087976
00032957
00057010
00055232
00077693
00071912
00033713
00075414
00021195
00017959
00031091
00053120
00065968
00074551
00052423
00023569
00066970
00033468
00048690
00072824
00066797
00096378
00038684
00036879
00047224
00072906
00079164
00015573
00056482
00035621
00017163
00032970
00069214
00095581
00052761
00058653
00032476
00050644
00062779
00014408
00082093
00040256
00087247
00048193
00045771
00089776
00042116
00034590
00090562
00014646
00075896
00077212
00084115
00016089
00030144
00066976
00032601
00022943
00019990
00043076
00049723
00094332
00056269
00013384
00099386
00095517
00060563
00062415
00062136
00098929
00046140
00037669
00014090
00047753
00068948
00063267
00014552
00093337
00049578
00016910
00090134
00046651
00038507
00075667
00091463
00010814
00060593
00066684
00042924
00071936
00026608
00098124
00087457
00070298
00053113
00083280
00033688
00015795
00014994
00073983
00099654
00029358
00020418
00011281
00030747
00028482
00067328
00061365
00034511
00033227
00029131
00039820
00015500
00039867
00083868
00058974
00094619
00057798
00055005
00027430
00076957
00097139
00057701
00022015
00029253
00013718
00027689
00099481
00053083
00079745
00026013
00052968
00083869
00083884
00090165
00039818
00032511
00061373
00046098
00089282
00033199
00057293
00069601
00041355
00092317
00028161
00052778
00067725
00063933
00073422
00047859
00041992
00069142
00066616
00086810
00084449
00035816
00077458
00081769
00099373
00021822
00096209
00050455
00025577
00070511
00098801
00093041
00030371
00075143
00093955
00040673
00085110
00019191
00036379
00084748
00028973
00035027
00014508
00077448
00098480
00034052
00086427
00026236
00048870
00013202
00030551
00095916
00028547
00053994
00058359
00058128
00093211
00011588
00020685
00078049
00072617
00036657
00059012
00071422
00063689
00041335
00097044
00049594
00043662
00095004
00064422
00014758
00010920
00085064
00082189
00040239
00095257
00047638
00096686
00079741
00082758
00072808
00092326
00065511
00022102
00096336
00080868
00093289
00083821
00051260
00087371
00092874
00014756
00065546
00051776
00030515
00073752
00082884
00030757
00039838
00061673
00055259
00056019
00091065
00047526
00099993
00061877
00046653
00095467
00092051
00083204
00078157
00083142
00097370
00042568
00066265
00052934
00055851
00068576
00022590
00035831
00050241
00070774
00098847
00029560
00082989
00081629
00056662
00017207
00075880
00050559
00010746
00040077
00097285
00081404
00051121
00048946
00045211
00021279
00044616
00089181
00018596
00097269
00068398
00012470
00098447
00022341
00016772
00099765
00063729
00015673
00011211
00092854
00055520
00012331
00030897
00047270
00087324
00034082
00095743
00041199
00052588
00096997
00042599
00062927
00064704
00011276
00041718
00070402
00020292
00061757
00041401
00044355
00068151
00045149
00093248
00077144
00095509
00015917
00055371
00023558
00096071
00090766
00013711
00035462
00084488
00058896
00050239
00048595
00028050
00083637
00014726
00052371
00092215
00054617
00034931
00040184
00056049
00054904
00065351
00051897
00015361
00062950
00070307
00047706
00067860
00052170
00047791
00085559
00091541
00089228
00097636
00072037
00025020
00093123
00070492
00026780
00047698
00081616
00071433
00079584
00057232
00037562
00097627
00035085
00081703
00076185
00012896
00097194
00056682
00081401
00056398
00011720
00095170
00034555
00010884
00051704
00071350
00031276
00083763
00053181
00082796
00041052
00059730
00096788
00070686
00037188
00057515
00037834
00071311
00083418
00087210
00044647
00018842
00043403
00057582
00085312
00059372
00048421
00026416
00099592
00055670
00074267
00089477
00023703
00010931
00070972
00056630
00086072
00028058
00089542
00086942
00090184
00043621
00062771
00012313
00062973
00094090
00037059
00096659
00043873
00085586
00091333
00053371
00087046
00051809
00019116
00063606
00020917
00078267
00021729
00031481
00085017
00037300
00095396
00069393
00055892
00079059
00022683
00061479
00091649
00092240
00066487
00097149
00033079
00066973
00068993
00058799
00075317
00067011
00079374
00016587
00021389
00013639
00018812
00067767
00087440
00016077
00045038
00033456
00028205
00045957
00055917
00052356
00078642
00012860
00021347
00058950
00047202
00062012
00042370
00053804
00050394
00067426
00017268
00081792
00032778
00022689
00067091
00059356
00051484
00056347
00077455
00054077
00041450
00045133
00094253
00068215
00012117
00056375
00028000
00039436
00090528
00088080
00029430
00029865
00014797
00050937
00091412
00015971
00068411
00011789
00040850
00084617
00056598
00089995
00079340
00087292
00046918
00034591
00012793
00063998
00053251
00041065
00075958
00024242
00053440
00092706
00032083
00099803
00056348
00013248
00052505
00026400
00075319
00085635
00099893
00037288
00078225
00066141
00024359
00013386
00062174
00045388
00017258
00053865
00069177
00096524
00015087
00046608
00056012
00034086
00091989
00058034
00020906
00029055
00040413
00071581
00022279
00097333
00099660
00041790
00043020
00097383
00016774
00017313
00026964
00093865
00064371
00016302
00092139
00089453
00015073
00036772
00028871
00087573
00035721
00044167
00069532
00059700
00052167
00083619
00035618
00031438
00058072
00081767
00073843
00044392
00044233
00061733
00034533
00098432
00030041
00025639
00024088
00057907
00086836
00013442
00021771
00064687
00065182
00060992
00051536
00093774
00083972
00092164
00069470
00051182
00048179
00088193
00050650
00034493
00042774
00074634
00038185
00080878
00043519
00075624
00093740
00033774
00037339
00065514
00015612
00062662
00076128
00034280
00037708
00091277
00065667
00090196
00028148
00011931
00027533
00098628
00036568
00090990
00090406
00053912
00048501
00036636
00061098
00083803
00041748
00086403
00042560
00080350
00025496
00040034
00088994
00070775
00045654
00051512
00045226
00089311
00085246
00081187
00020438
00012761
00015096
00065383
00089193
00057587
00018371
00028822
00063039
00024628
00036984
00094804
00011215
00030275
00093317
00018144
00032761
00087771
00020164
00011888
00087842
00086087
00034012
00084311
00056847
00066964
00018948
00068932
00045930
00056037
00078550
00055667
00027787
00045940
00074203
00033384
00061092
00016543
00026976
00061869
00094550
00029096
00054034
00086400
00074600
00041414
00062648
00021379
00033736
00027415
00047403
00063163
00032842
00074375
00062365
00084555
00074813
00029924
00018524
00093482
00033755
00071374
00074923
00011681
00038424
00037765
00077453
00077910
00024522
00053984
00037764
00075730
00014626
00088552
00058415
00018927
00020378
00068386
00063588
00073662
00083818
00074244
00062780
00017688
00084863
00017203
00073350
00012756
00030272
00091222
00079337
00043151
00052998
00069741
00025886
00086350
00072067
00021836
00055529
00048775
00060832
00088436
00051055
00020950
00076047
00049801
00094402
00078117
00015142
00093549
00068305
00024197
00020047
00063233
00053918
00062472
00091982
00045364
00060175
00088086
00099981
00068688
00033570
00088185
00025157
00022357
00063517
00011502
00063483
00044547
00078302
00088991
00014907
00042757
00016554
00029277
00035581
00067334
00044166
00092656
00047852
00050606
00019886
00059222
00032373
00089191
00060495
00074378
00089469
00025825
00089902
00094918
00054969
00047028
00033454
00086083
00067262
00068762
00081586
00062688
00041040
00082721
00053302
00067154
00089880
00062379
00058448
00053940
00081737
00013125
00089831
00050451
00065813
00015902
00049425
00046068
00026534
00074399
00020317
00013610
00067454
00023758
00048131
00078835
00023137
00066444
00081254
00081531
00067979
00012288
00061131
00027939
00043752
00091828
00090894
00044266
00077808
00055950
00065834
00017856
00074187
00052747
00083800
00012668
00024235
00059501
00086736
00090010
00090229
00091243
00011163
00056851
00049433
00017056
00078259
00014211
00038701
00021661
00049226
00046535
00047097
00027666
00090291
00051713
00027116
00080655
00077335
00065104
00086892
00027137
00036481
00010868
00022352
00020662
00080632
00044815
00099753
00080339
00082580
00076286
00079698
00048444
00081064
00049336
00089392
00082488
00023355
00095150
00079407
00038448
00096944
00083685
00053813
00085368
00024691
00079833
00063969
00040990
00080658
00040558
00075294
00024648
00051113
00058678
00014021
00042385
00028936
00036344
00022945
00042617
00061561
00082053
00068634
00086039
00081415
00045366
00027470
00096413
00076141
00089438
00057058
00098246
00037738
00015476
00050073
00086704
00061890
00039263
00016940
00077630
00087887
00071899
00024657
00079088
00038921
00094926
00032827
00027368
00045077
00019993
00019396
00014309
00078330
00070330
00018397
00063409
00076832
00095348
00067772
00062852
00071486
00042173
00082465
00029630
00043566
00073163
00055840
00010855
00094438
00053683
00056055
00069298
00043329
00075478
00075316
00035455
00095002
00096817
00076649
00021861
00045671
00051426
00084209
00017216
00045032
00026138
00070468
00043428
00019707
00047482
00073459
00011216
00028959
00089091
00090081
00021938
00036886
00045754
00059620
00031878
00046955
00088247
00096169
00024006
00062821
00033631
00046559
00049763
00072685
00069021
00091597
00044173
00072880
00020988
00011855
00043681
00075144
00078688
00098354
00084283
00059815
00031939
00069161
00088340
00017486
00018276
00037998
00015394
00076425
00072790
00079873
00074665
00087278
00073578
00056388
00045475
00091629
00094779
00080519
00030396
00036999
00066821
00013667
00037751
00044640
00098771
00049769
00057038
00072267
00060147
00048273
00079502
00079139
00015682
00088560
00098276
00048795
00029248
00030610
00094112
00020255
00088649
00097609
00077292
00062422
00088217
00070653
00068376
00049627
00032251
00015521
00074344
00083906
00058732
00034293
00095682
00045278
00073084
00075307
00098419
00027837
00020176
00072820
00038048
00063569
00034537
00096172
00045008
00052701
00033670
00018673
00077204
00098103
00042583
00047728
00070197
00098111
00085119
00028267
00082682
00069037
00046803
00016571
00065466
00022402
00018979
00078986
00066246
00023719
00039437
00012432
00094121
00033707
00075221
00029063
00068859
00027454
00074102
00017393
00045814
00086285
00037151
00092074
00049972
00029538
00063058
00090228
00017709
00046178
00055645
00017032
00054813
00092940
00020293
00017541
00022932
00050402
00067191
00059224
00067386
00029581
00018506
00097169
00091331
00054913
00012093
00013280
00085665
00029321
00085376
00038140
00075238
00096971
00060742
00029436
00041552
00048289
00090643
00018267
00028387
00011093
00011241
00036382
00055736
00077206
00018303
00054510
00093472
00040354
00069444
00010660
00080964
00081804
00015023
00027427
00053502
00086348
00086604
00056384
00071798
00019716
00019915
00025844
00062715
00011422
00091319
00090771
00044964
00040279
00069734
00027782
00074361
00089033
00048826
00088093
00040319
00075023
00018590
00082937
00018398
00027980
00059720
00015697
00056956
00012459
00056517
00056842
00022489
00010641
00068660
00046302
00082251
00034907
00084255
00030638
00069646
00069499
00019383
00019046
00017745
00028491
00066863
00096357
00025848
00094707
00078203
00074027
00092858
00072429
00074197
00013391
00072337
00090702
00047031
00022475
00023308
00063726
00035494
00071275
00087800
00045686
00011829
00029563
00059958
00049839
00089157
00031295
00040960
00026050
00074995
00068858
00079868
00030487
00068828
00074210
00011123
00015266
00027360
00025385
00084703
00040944
00078148
00093030
00034310
00098322
00064749
00037824
00065633
00096116
00040651
00096196
00046490
00088612
00075859
00094545
00010312
00039205
00064552
00081504
00087316
00015566
00024570
00053072
00040364
00052783
00094239
00022745
00062259
00025718
00094875
00096449
00053667
00035298
00026105
00083953
00053346
00047687
00042833
00015112
00033001
00065125
00058633
00093382
00058087
00075053
00089499
00047230
00074393
00076084
00072761
00097082
00071539
00082892
00031709
00012389
00016611
00064124
00017926
00074663
00053908
00047657
00097395
00019856
00098793
00074894
00042849
00014946
00076097
00080121
00032031
00053522
00052613
00028018
00070112
00084813
00014182
00062733
00035634
00027789
00074934
00060649
00025592
00098996
00027709
00058883
00032298
00069797
00011776
00061441
00013970
00048591
00057889
00083255
00040792
00076421
00072953
00079814
00039479
00016816
00037917
00093275
00015729
00069983
00018768
00076945
00028008
00075674
00016318
00056993
00093791
00085169
00025803
00089409
00013490
00037928
00014759
00039699
00075528
00035840
00040053
00027826
00052322
00097900
00042832
00064820
00030305
00016445
00071888
00018294
00095039
00082101
00055981
00081578
00093805
00013761
00031496
00066094
00031666
00080988
00019842
00038558
00054235
00028624
00088423
00039224
00060584
00083591
00032796
00047828
00053358
00024246
00093194
00097168
00043750
00053505
00024078
00013062
00061598
00032473
00029561
00042871
00056706
00097583
00018839
00031133
00099276
00096833
00057039
00032018
00079475
00091054
00012380
00014517
00018296
00042292
00030785
00081613
00094678
00099458
00014571
00081096
00095246
00069246
00045433
00080098
00062656
00089052
00050813
00086794
00044865
00049833
00047862
00087951
00041007
00070927
00066049
00024043
00081906
00050422
00097733
00053068
00031609
00056274
00021026
00033972
00071165
00077301
00040466
00015815
00068179
00056559
00036527
00016806
00010131
00082176
00033281
00087064
00057920
00076127
00070678
00099966
00062010
00049466
00024765
00020549
00048027
00011418
00058204
00067118
00059563
00072416
00034738
00012679
00042009
00088127
00068483
00091204
00071841
00033383
00028585
00080387
00084776
00059984
00065313
00073734
00040286
00027632
00037606
00044192
00039634
00047304
00091759
00025858
00042679
00011194
00094494
00020996
00039792
00018973
00084210
00062925
00074492
00073894
00025266
00097538
00037254
00011925
00032502
00062393
00041799
00063155
00091827
00056504
00036252
00014111
00025654
00059628
00056117
00078551
00018453
00050754
00040218
00048558
00067620
00037349
00030655
00047302
00067282
00019460
00013665
00063501
00019034
00067874
00029952
00058502
00053385
00042872
00027518
00023739
00089334
00020221
00010953
00082109
00062374
00018461
00090844
00013440
00053419
00033442
00072072
00064362
00056796
00087469
00066393
00096743
00033579
00085341
00029734
00070979
00019676
00057242
00091374
00054939
00027266
00090056
00049092
00077046
00059417
00049312
00075593
00012057
00029615
00077995
00045142
00077007
00043039
00023905
00015010
00073487
00020590
00075626
00023766
00022998
00012468
00045314
00056247
00068701
00036453
00067907
00075004
00077543
00045861
00050809
00077023
00090390
00099083
00063273
00088366
00055247
00057285
00081998
00014154
00072627
00090322
00013399
00082225
00038582
00026975
00021137
00044680
00081561
00095923
00089369
00044700
00037740
00093840
00091798
00062498
00080151
00083899
00025873
00071384
00016558
00098974
00057278
00030173
00021886
00099853
00017022
00064027
00019146
00099008
00013986
00025016
00026280
00058621
00066181
00091145
00033735
00081798
00099917
00032504
00024681
00022317
00043014
00069139
00076064
00070110
00017765
00011013
00018637
00062952
00035975
00057365
00076132
00093213
00050243
00086027
00084987
00049159
00086077
00079111
00052995
00040079
00085722
00015770
00080368
00085153
00024537
00081640
00017513
00077362
00012040
00012959
00096990
00038946
00065997
00043139
00055107
00098366
00083838
00085497
00051816
00057027
00039236
00096323
00035486
00083370
00079326
00020801
00073358
00039517
00086929
00064736
00099767
00023809
00070177
00024936
00069515
00030840
00013894
00082979
00083530
00094827
00090012
00077603
00096084
00064075
00090298
00081470
00046004
00063178
00051555
00025391
00049135
00049074
00061409
00017379
00015283
00078188
00019790
00092969
00012282
00085413
00077871
00032247
00064357
00070100
00075187
00033652
00018256
00053549
00022948
00073614
00077925
00058954
00029821
00020053
00096818
00017202
00025521
00067286
00027421
00069525
00024930
00031465
00041979
00048141
00052895
00036609
00030932
00097589
00019319
00077752
00035690
00048187
00036552
00078272
00078417
00088597
00068088
00069731
00043917
00058156
00020521
00038814
00070007
00032952
00033136
00092962
00039811
00089906
00086966
00021044
00026997
00067283
00046153
00025234
00041303
00050599
00034949
00055096
00097784
00028154
00067404
00029181
00051646
00079839
00092835
00017153
00071971
00052362
00084663
00034568
00032795
00040930
00098186
00027726
00060273
00083682
00053884
00059976
00078908
00090583
00034233
00074825
00070651
00070114
00092248
00042485
00044024
00095819
00052098
00046748
00085790
00022025
00059071
00032466
00049674
00052657
00059746
00036169
00099313
00029807
00087388
00099702
00035054
00050350
00028969
00039539
00040581
00012332
00069075
00074359
00025186
00026740
00049964
00034772
00031404
00084213
00054887
00088050
00087805
00076848
00083718
00012202
00039370
00094442
00018922
00011827
00030502
00026628
00060671
00027388
00042257
00057260
00062788
00055258
00090219
00067675
00090655
00094745
00014202
00094105
00059871
00056201
00079160
00045645
00059395
00095116
00023353
00093735
00017605
00030105
00038796
00087274
00012517
00079566
00059318
00078509
00010280
00018538
00028293
00088482
00086187
00023470
00018876
00055497
00015615
00033253
00086579
00097795
00021952
00059598
00091045
00011343
00013142
00046819
00073994
00059824
00078838
00095742
00033867
00092984
00056697
00031771
00016915
00098717
00028359
00089047
00021105
00074329
00047549
00012544
00096805
00079783
00029603
00026222
00051437
00064670
00015883
00095875
00049607
00040574
00046009
00082195
00016003
00076211
00057884
00013525
00057682
00077353
00089685
00029974
00066280
00082044
00092293
00035440
00086787
00056581
00025483
00067493
00070852
00032647
00039328
00064718
00013031
00079904
00013620
00014333
00083473
00030412
00035247
00045550
00069127
00091371
00059049
00030612
00054273
00086140
00064698
00063111
00066834
00040551
00040167
00042475
00028827
00061350
00028315
00095433
00022067
00057583
00070143
00092906
00013231
00059942
00083696
00055615
00076350
00011833
00091823
00043312
00061843
00084686
00031261
00015885
00062529
00099023
00029544
00033599
00093396
00050812
00089018
00056181
00065235
00096460
00099468
00021604
00038587
00099705
00053511
00052244
00062499
00059880
00072483
00064519
00023452
00092129
00030744
00056797
00069870
00036548
00075977
00071428
00065705
00088619
00041916
00032327
00060741
00053988
00050592
00027504
00038967
00051140
00049687
00080749
00053433
00093230
00045482
00098377
00064302
00010908
00039195
00014490
00051166
00090732
00023680
00053114
00047404
00072352
00045626
00072045
00060558
00017352
00011790
00011631
00057422
00048078
00051079
00040016
00024993
00029225
00067249
00079650
00078732
00065086
00028375
00082074
00011563
00045526
00090976
00010496
00012140
00057869
00081045
00034864
00087076
00042387
00030191
00017644
00075454
00070822
00083017
00026471
00065886
00062576
00065112
00094934
00040857
00091658
00061908
00086445
00015635
00091546
00013866
00089768
00068786
00082449
00035118
00052724
00052239
00096834
00088603
00019324
00028166
00080933
00014991
00035255
00072851
00053044
00074769
00073191
00083934
00075684
00092580
00064806
00020625
00020735
00044811
00076559
00042571
00091609
00016907
00073382
00099427
00076641
00021078
00051274
00019691
00010149
00092450
00098808
00018155
00024968
00068821
00066775
00036052
00030710
00035491
00043425
00069310
00010210
00089905
00053271
00041133
00076582
00013943
00074847
00035968
00054949
00019315
00057902
00052382
00030891
00056896
00090586
00073264
00035910
00066531
00070594
00046624
00078228
00083621
00015310
00060673
00024492
00062452
00070606
00049348
00087609
00079372
00047786
00027044
00034563
00065932
00074531
00066327
00025716
00062735
00022186
00015987
00026002
00078585
00046888
00052133
00043183
00033475
00026380
00054267
00072071
00034499
00033612
00059684
00034484
00080366
00082952
00069159
00081351
00045885
00084354
00068805
00067135
00013708
00036588
00092725
00054215
00055111
00021380
00046262
00096339
00039480
00049239
00015164
00083398
00098318
00062381
00058692
00038247
00051088
00047536
00044413
00081605
00059090
00026165
00029227
00070720
00021537
00097287
00033094
00054110
00020428
00093009
00048050
00051418
00021435
00016316
00019010
00059850
00038892
00025063
00073152
00031403
00051690
00049244
00063932
00044501
00077873
00056415
00057018
00066645
00056046
00076658
00011315
00039652
00054799
00099406
00060007
00026639
00053705
00082876
00073756
00071356
00075539
00088853
00059894
00054006
00091474
00037750
00021473
00062425
00032797
00037630
00015966
00095201
00094667
00015135
00086844
00049400
00064318
00026085
00082762
00016834
00086298
00041630
00050829
00076736
00046717
00079254
00077067
00079928
00085405
00024872
00038113
00084443
00099331
00070705
00098625
00023811
00076637
00014217
00015600
00017336
00057546
00046966
00021222
00035885
00080856
00043185
00016905
00050978
00065558
00079916
00066615
00092373
00057769
00053876
00079206
00025018
00080644
00016127
00016275
00098906
00030181
00052323
00072674
00064264
00033862
00047596
00074910
00044022
00023496
00094608
00071779
00029520
00015639
00081895
00050215
00053537
00040751
00082614
00035229
00014884
00025530
00067713
00018488
00071063
00029984
00021147
00076652
00074273
00022617
00081230
00026393
00036672
00014331
00024118
00071307
00026277
00041228
00073173
00031855
00073378
00096910
00080489
00017726
00032411
00010155
00044124
00021180
00030011
00072567
00033361
00077560
00057874
00017310
00079377
00089606
00098152
00073703
00070512
00071110
00075230
00044587
00063060
00088834
00084916
00096462
00073553
00030816
00018161
00036229
00055260
00043610
00018094
00070750
00026966
00032828
00022323
00072152
00090572
00011022
00072622
00020578
00066258
00061191
00041958
00068697
00087363
00037577
00092879
00014444
00095023
00059192
00096253
00034541
00010594
00083165
00011112
00068739
00080924
00050296
00074906
00017041
00031533
00086551
00072545
00020887
00097985
00066109
00020463
00084309
00090186
00056310
00052958
00026352
00061913
00059455
00042428
00021455
00092267
00054197
00020516
00086855
00043858
00017826
00084502
00096676
00024781
00084018
00023960
00088389
00032890
00037909
00087259
00095422
00015873
00013466
00037169
00036272
00064589
00060179
00041972
00073434
00045601
00077947
00086218
00016855
00013583
00073475
00030974
00022626
00049045
00022504
00051086
00060553
00079636
00050764
00036643
00097145
00086622
00030429
00094348
00088567
00024065
00038400
00024368
00027098
00082130
00098280
00059691
00080647
00057226
00089603
00068465
00086049
00066262
00080118
00025741
00082779
00052236
00077517
00055354
00021361
00019952
00088271
00085901
00034862
00026540
00052405
00067970
00026643
00057803
00084482
00040929
00033165
00099840
00093016
00067383
00065731
00099007
00063716
00018381
00042620
00019810
00070472
00085117
00082447
00016810
00094983
00018299
00052756
00025130
00039010
00096080
00048123
00051650
00024909
00026499
00012534
00054481
00015451
00091634
00063051
00068470
00012928
00047484
00040302
00023187
00043057
00018413
00035436
00037312
00047651
00037488
00013537
00073676
00062539
00041983
00060189
00085343
00092613
00049671
00026223
00040822
00051669
00028064
00087861
00028300
00042944
00075732
00017814
00085175
00030157
00040215
00055689
00041292
00025876
00044832
00065482
00081719
00015421
00075427
00027221
00048978
00064951
00088057
00020506
00085289
00031123
00040741
00039844
00093773
00049761
00049562
00095785
00088797
00025701
00097256
00070176
00063984
00050370
00040446
00052396
00026360
00021748
00099305
00041238
00019523
00013261
00038242
00059906
00030050
00029658
00094657
00011227
00082393
00047576
00028872
00075284
00036790
00021497
00067550
00027603
00023155
00011913
00069740
00078030
00084927
00023893
00014452
00091292
00017824
00088184
00049049
00019995
00031340
00061337
00087734
00020132
00039524
00047517
00097779
00084408
00067079
00048553
00043770
00044308
00070542
00050527
00080137
00056775
00059606
00082604
00083235
00079041
00076081
00045220
00038563
00024096
00093795
00062123
00070454
00041014
00081621
00068268
00010308
00033321
00013395
00044505
00030646
00082498
00010771
00091664
00042169
00031007
00056407
00029093
00025058
00092733
00095374
00026983
00041017
00072630
00087095
00027582
00097855
00064224
00049482
00010216
00036889
00018330
00044503
00050502
00012425
00096304
00015870
00082287
00016710
00023532
00050430
00096215
00083548
00081231
00040955
00087339
00042712
00032465
00067846
00095546
00053892
00094087
00088232
00044661
00019149
00048439
00017507
00042001
00048609
00064184
00022334
00048842
00057819
00034626
00032099
00016624
00086080
00032389
00042494
00013705
00030837
00064669
00012362
00077422
00058329
00045600
00039795
00042860
00030887
00064121
00041640
00095323
00046552
00088138
00059265
00066371
00066345
00079349
00045307
00055559
00096914
00065786
00029417
00082790
00047378
00032641
00088743
00025974
00056644
00041702
00055725
00029897
00016879
00062306
00080563
00011786
00033129
00034901
00044363
00027055
00082732
00076813
00081339
00094172
00030279
00033252
00061928
00048138
00059492
00088284
00073595
00093828
00026789
00049525
00080258
00045190
00084366
00078516
00011620
00023174
00064086
00061666
00012869
00032352
00059948
00031954
00017065
00054613
00013541
00088497
00063498
00033187
00059790
00053503
00019509
00084341
00079203
00081839
00030488
00032196
00057364
00050728
00089056
00014160
00057561
00040042
00056811
00054506
00015574
00070189
00032599
00073962
00023831
00086960
00055457
00088734
00026899
00050170
00034945
00089707
00076838
00054907
00075617
00060631
00099295
00035191
00034539
00086528
00030694
00091975
00040023
00041016
00015501
00072080
00068206
00094076
00098232
00093684
00026490
00055203
00020890
00061019
00086771
00049539
00019387
00013770
00098392
00031685
00049088
00047821
00081684
00037345
00021472
00042796
00086002
00075524
00090998
00032671
00098566
00070281
00013780
00065115
00097045
00042505
00036104
00090926
00093547
00099044
00022776
00026856
00047881
00026612
00049890
00075077
00067799
00092531
00074307
00091588
00032461
00049948
00062654
00025240
00026117
00059526
00015835
00022203
00040687
00057109
00057930
00023681
00097815
00074599
00055806
00068134
00018706
00049514
00012129
00056809
00012565
00026598
00067583
00041027
00089235
00018041
00064530
00059818
00069616
00076420
00042021
00077851
00017872
00076493
00063748
00040297
00024660
00014628
00043101
00067877
00071016
00076139
00057873
00012439
00048308
00036161
00039061
00022304
00082520
00073183
00029970
00065262
00063813
00073051
00026038
00059031
00021944
00075870
00063546
00099180
00048300
00042311
00080130
00022759
00097799
00078682
00079009
00067143
00088917
00056883
00089132
00076745
00026642
00026161
00077637
00064542
00034654
00039701
00087667
00063073
00037265
00012138
00016803
00088273
00094532
00021352
00085210
00078424
00020727
00063460
00082402
00012848
00030360
00046372
00083064
00065539
00052365
00041037
00076308
00033572
00026629
00039779
00095547
00076173
00082335
00036570
00059103
00076115
00083598
00018226
00021240
00094365
00028717
00055062
00086668
00074761
00060692
00011508
00056192
00032678
00085516
00088621
00048235
00069792
00032551
00054863
00065645
00089961
00037663
00022468
00077138
00062366
00045188
00021254
00074667
00067447
00019713
00021391
00027919
00010391
00011243
00037912
00011600
00078849
00022919
00061404
00021335
00033097
00075615
00094518
00027929
00064207
00019379
00042279
00014643
00022293
00076077
00023605
00070211
00061752
00092430
00089921
00091603
00060794
00085057
00052963
00044604
00076384
00055873
00019921
00060510
00013683
00033426
00070011
00097971
00054804
00011344
00063366
00075928
00010086
00068301
00018691
00053322
00079442
00073083
00094704
00097902
00073982
00043703
00037278
00072873
00032556
00092877
00085841
00015608
00042465
00043677
00041632
00018056
00016114
00067622
00027639
00054872
00021578
00046161
00093355
00083627
00095143
00084591
00082318
00021638
00020000
00037333
00039670
00032050
00062122
00099625
00053818
00090909
00071027
00058326
00032453
00058769
00035214
00033229
00047122
00076531
00092593
00031287
00090768
00013834
00080473
00074875
00075222
00050108
00016220
00022483
00050912
00080631
00025824
00047548
00095902
00095961
00041809
00059728
00061580
00040026
00059235
00018638
00018216
00034906
00048310
00012689
00097699
00097958
00040247
00064355
00080698
00085829
00083583
00045727
00077692
00094233
00037048
00021679
00038577
00042420
00037688
00090235
00023191
00014068
00081741
00071383
00075847
00061205
00070846
00049731
00030495
00020269
00015737
00023007
00035560
00037430
00027127
00098017
00081461
00060263
00097778
00063526
00090182
00017981
00011880
00091786
00067660
00097156
00091602
00035631
00026314
00021045
00027486
00084455
00082524
00020133
00047712
00088840
00042242
00094135
00046566
00090299
00058711
00037374
00045817
00095081
00074948
00036203
00077825
00093866
00021540
00096244
00074489
00094034
00047267
00026482
00013460
00056134
00035108
00011156
00080113
00019334
00082543
00053731
00049931
00093513
00030735
00063977
00042058
00070436
00052372
00024024
00078889
00057378
00039428
00066056
00086372
00027494
00043584
00071376
00067699
00095806
00060104
00081765
00011019
00055730
00050578
00011524
00068075
00031146
00029480
00032603
00087310
00086041
00012953
00030230
00030234
00098581
00031478
00016454
00099353
00019890
00011420
00089480
00048632
00024170
00081966
00063674
00071285
00024664
00092152
00043036
00071893
00026004
00011164
00050195
00022700
00023338
00069426
00016967
00064938
00039434
00012098
00025954
00034494
00061806
00016660
00087047
00092856
00086371
00023426
00074645
00036863
00076376
00024404
00097280
00066248
00072387
00027353
00088535
00092705
00079604
00027423
00041242
00011511
00032746
00057913
00062753
00067710
00065291
00016993
00039109
00048226
00026319
00061075
00058811
00059626
00076366
00099395
00089799
00022632
00026431
00037320
00094280
00017371
00075881
00022881
00029000
00017540
00071545
00059010
00056165
00017669
00092808
00053192
00046692
00013783
00087115
00056393
00042727
00061384
00078582
00056829
00093992
00011045
00089992
00085757
00056679
00093614
00032157
00011198
00049323
00017883
00051057
00097651
00049284
00013296
00066758
00018697
00082603
00070033
00049288
00083849
00040056
00010378
00069606
00095695
00064020
00081758
00089155
00011072
00098319
00072776
00044754
00075253
00093174
00096618
00019493
00020797
00039847
00083824
00078827
00036597
00011759
00054288
00013053
00063701
00063169
00094070
00074342
00056846
00040419
00038663
00037197
00015922
00059617
00014772
00028459
00070623
00031576
00022728
00076854
00091961
00016182
00058791
00021303
00016012
00095432
00044058
00073978
00020705
00078573
00055091
00017625
00018034
00055843
00011787
00056686
00039203
00021297
00082781
00063714
00046686
00045967
00076904
00036564
00043984
00044026
00042764
00065991
00035123
00085551
00051539
00046078
00098705
00028805
00043349
00095747
00073282
00054173
00012450
00031880
00059607
00028739
00062954
00033318
00025454
00047252
00054087
00088975
00018300
00052378
00067133
00085938
00041643
00095285
00011303
00098851
00014566
00032100
00014162
00098631
00085230
00040448
00089615
00024718
00070375
00095688
00034221
00055842
00090018
00093646
00022272
00094228
00019909
00050814
00087727
00067718
00017897
00025797
00032703
00039142
00051390
00030807
00014619
00011874
00057277
00075923
00051161
00043106
00029327
00087227
00081429
00019099
00045921
00063195
00099922
00071039
00015261
00093150
00099445
00095787
00055036
00067982
00033514
00034617
00072334
00099056
00056688
00075582
00020433
00057313
00016782
00034621
00016384
00054840
00067962
00026730
00012895
00079152
00079274
00075186
00094753
00025770
00026941
00059995
00070905
00032630
00055199
00083186
00014275
00099021
00031951
00073238
00068509
00039330
00031516
00025405
00022091
00059669
00054369
00054320
00035971
00062933
00077770
00051778
00049340
00015525
00061062
00062562
00058491
00044270
00023507
00051483
00018455
00071712
00071330
00097942
00057394
00030456
00027509
00025226
00067615
00037662
00057235
00066514
00029532
00089380
00047529
00062879
00087565
00022927
00024293
00037515
00049920
00084132
00025307
00099414
00019392
00062592
00089112
00030053
00018661
00038491
00035398
00042859
00038888
00063140
00064356
00034956
00078563
00072951
00012307
00026774
00075631
00012601
00040195
00074560
00061597
00035586
00051046
00053626
00024454
00043325
00067588
00034588
00085339
00016981
00067516
00085655
00086769
00028194
00077880
00083758
00044339
00029166
00048661
00099820
00032900
00091409
00029497
00088736
00072581
00067453
00029659
00064015
00023362
00054590
00030596
00025047
00094192
00048572
00092510
00078998
00082466
00057301
00010756
00075829
00079630
00044757
00066683
00015028
00024384
00073862
00042677
00089676
00074591
00068797
00099476
00056897
00070159
00046579
00065683
00052925
00014534
00055813
00081633
00019788
00025948
00063071
00051615
00094046
00053786
00033346
00045520
00019491
00043888
00047276
00037823
00098257
00099800
00035364
00086257
00052336
00035530
00078021
00059491
00012818
00016827
00018652
00098222
00070865
00097638
00014535
00010700
00019897
00091025
00083765
00022925
00025040
00048659
00098019
00058166
00016561
00019178
00032174
00049241
00056735
00017998
00035547
00067930
00089287
00099770
00043187
00074627
00094193
00057537
00047448
00031563
00050598
00051435
00018359
00021879
00043419
00054100
00031799
00081862
00098215
00096206
00055558
00076219
00064897
00029570
00033565
00024935
00062233
00068460
00057177
00092944
00046077
00096554
00038708
00096984
00048216
00065926
00079221
00099224
00062310
00026422
00047686
00034118
00013772
00032966
00051102
00039033
00039742
00026511
00048880
00046617
00076120
00053386
00075042
00040421
00029881
00091692
00075779
00091987
00030400
00048793
00033329
00061860
00091819
00087246
00033320
00014274
00025052
00010541
00047964
00059362
00082553
00081132
00023644
00024223
00036265
00057030
00060119
00025872
00081063
00065912
00039389
00050480
00077333
00035195
00015341
00068052
00043733
00084476
00067391
00019399
00066931
00096931
00041692
00051083
00010978
00091117
00052053
00079128
00079426
00078108
00094431
00092132
00032633
00081169
00049242
00082172
00088906
00020535
00097738
00018149
00069596
00060644
00058675
00023777
00056923
00042351
00073642
00076230
00048838
00021669
00038267
00097286
00086612
00018975
00079664
00098922
00094841
00045998
00049220
00081066
00033691
00016197
00037896
00058872
00061796
00019231
00015267
00041367
00020840
00086531
00093500
00031844
00086516
00040433
00093124
00074087
00055528
00021978
00056419
00025783
00032501
00051167
00095535
00013061
00014075
00047805
00060160
00050815
00014250
00017245
00079857
00099217
00094679
00027846
00050939
00038023
00033194
00080714
00097079
00016305
00090860
00068501
00035493
00098457
00029174
00085698
00098465
00069949
00038959
00042577
00014059
00066782
00019006
00068885
00010960
00075565
00083427
00041415
00020456
00037346
00018787
00044307
00098183
00030831
00040505
00073241
00093198
00052487
00074807
00039919
00071475
00077192
00028877
00078287
00079287
00034535
00088264
00011063
00036043
00078707
00081533
00083438
00012405
00037894
00088262
00037747
00047883
00076048
00057491
00098600
00094849
00024927
00017747
00091469
00048774
00049824
00088679
00029482
00016788
00055839
00097047
00052241
00037555
00068332
00037376
00036682
00016001
00067305
00071826
00018329
00056636
00089949
00029395
00024140
00047591
00061121
00036145
00068999
00059072
00031115
00062354
00025865
00013279
00040246
00060136
00028103
00061759
00040022
00061233
00084979
00044772
00087295
00043722
00098769
00040400
00012675
00094974
00043651
00045436
00041800
00040475
00054889
00095520
00058457
00021754
00054391
00010291
00012652
00066517
00036928
00079811
00083271
00086276
00088381
00016604
00082046
00080789
00027500
00078144
00094596
00046455
00081873
00096721
00091892
00077223
00043502
00041157
00030062
00012304
00012965
00095404
00044591
00061521
00064373
00040936
00049780
00049902
00051789
00011427
00083312
00091361
00015354
00019114
00022512
00011602
00090738
00037411
00020195
00037357
00088162
00046523
00029085
00047235
00058504
00078977
00091455
00061420
00088087
00037338
00024312
00062149
00020353
00017003
00047422
00071781
00019815
00033274
00030438
00099393
00050233
00074945
00044939
00024034
00037856
00022127
00064668
00038516
00099327
00032484
00020915
00058051
00084535
00031722
00069667
00078566
00042878
00041059
00039666
00073117
00038659
00013313
00044662
00037569
00016579
00063943
00094911
00033689
00039487
00027464
00060031
00024040
00019906
00072266
00010232
00066166
00031998
00073764
00053273
00066892
00019404
00020473
00049218
00061142
00021659
00027577
00087286
00048119
00084727
00088169
00042751
00097894
00014130
00080065
00083667
00040423
00037113
00094490
00045200
00062951
00038764
00023685
00090890
00046993
00062846
00085955
00099315
00097058
00023883
00047298
00058704
00067295
00086879
00087636
00033234
00072553
00060823
00044961
00061559
00073716
00036350
00059086
00034592
00076171
00050782
00099248
00065441
00089757
00042054
00043380
00015854
00094413
00061864
00085429
00097157
00055347
00062619
00044805
00058432
00092696
00049616
00069132
00026552
00057563
00036944
00018763
00062217
00029733
00037314
00012090
00012232
00087506
00089610
00038968
00021726
00033002
00031920
00033517
00013247
00028010
00097657
00032697
00070611
00046656
00034397
00092292
00039637
00026187
00035077
00099236
00085108
00063628
00038845
00090409
00087844
00077876
00065589
00095709
00076291
00084329
00099262
00033558
00032559
00036745
00047829
00063655
00080966
00035871
00015357
00080615
00060728
00047174
00055995
00080713
00015801
00083617
00097252
00042359
00035648
00014066
00018102
00038533
00027076
00034739
00093949
00081424
00078816
00026486
00045868
00085631
00030843
00096167
00094131
00033564
00072603
00082036
00037157
00046875
00082234
00052559
00046196
00024294
00096373
00051800
00031420
00079654
00096094
00030933
00084011
00033644
00051338
00058169
00065012
00089460
00086169
00060202
00022993
00077452
00021498
00078292
00093393
00087010
00039926
00063636
00061902
00014784
00077903
00022314
00036567
00049998
00052427
00095878
00084263
00050714
00078490
00096299
00075233
00074971
00044068
00079652
00094771
00075008
00058410
00075106
00034068
00036189
00025937
00022414
00093835
00049598
00087593
00054669
00010479
00018151
00043868
00054983
00094158
00096124
00093932
00017033
00026119
00084940
00078401
00074047
00058941
00047560
00096326
00013917
00098142
00083863
00093293
00090699
00055390
00080070
00030318
00036662
00053880
00047475
00063198
00093272
00099494
00051848
00024960
00031222
00085130
00097288
00026728
00092573
00011094
00049099
00081248
00035890
00030104
00056880
00066752
00059950
00079526
00082006
00081573
00081916
00075735
00022156
00064289
00074398
00088709
00091254
00055743
00091787
00019014
00089501
00076773
00039902
00053243
00025264
00036809
00039740
00038535
00088384
00026197
00019484
00047454
00076676
00086961
00062487
00041350
00011294
00022205
00082489
00098412
00018379
00013597
00018872
00078737
00011569
00096684
00071696
00080529
00036480
00017982
00077510
00077069
00022766
00073648
00016479
00098909
00089806
00026318
00038679
00074207
00045716
00015344
00093862
00070498
00057485
00085287
00078209
00094463
00089075
00031924
00096428
00086535
00088815
00060451
00027326
00037477
00028348
00082622
00082400
00035937
00081097
00022726
00077906
00060791
00080739
00043033
00064196
00032986
00096915
00089824
00096899
00075758
00048951
00032268
00071037
00018667
00026901
00041558
00014648
00027659
00058280
00083774
00011666
00074208
00025194
00067125
00013025
00093264
00054188
00016282
00097437
00085569
00076463
00087936
00032702
00011853
00085126
00014412
00050993
00061063
00055180
00052090
00045838
00034887
00077645
00028430
00078705
00059366
00014367
00061756
00058599
00053331
00014809
00064609
00032333
00050960
00019410
00064524
00092615
00055791
00052542
00072585
00052581
00070080
00078552
00085853
00080166
00090514
00058550
00072022
00095512
00043080
00090159
00010426
00010278
00012558
00019667
00021636
00075211
00039576
00065660
00093292
00099665
00017954
00087070
00012596
00071401
00097977
00041693
00010128
00092229
00097862
00023376
00079959
00061882
00057103
00093530
00055367
00064307
00041514
00070028
00062674
00057363
00085104
00061758
00083563
00059615
00016469
00050803
00044959
00057526
00093188
00090077
00056015
00053536
00063491
00051877
00086078
00090708
00067467
00010766
00036508
00095681
00064446
00021156
00042045
00060585
00036362
00026089
00045681
00066171
00070647
00016245
00061152
00067068
00024473
00077861
00047172
00037752
00085858
00050594
00063063
00040485
00043921
00023014
00019207
00025456
00047692
00082343
00017460
00046979
00041932
00069318
00054647
00029574
00046235
00031296
00029698
00069060
00057829
00017818
00089134
00050354
00028279
00076913
00046347
00081396
00063016
00069093
00042293
00094964
00011739
00042002
00031474
00098981
00084816
00088470
00041442
00041872
00042765
00074328
00018480
00010829
00020432
00088261
00049933
00052962
00028775
00040723
00050675
00012614
00015858
00013787
00096130
00038361
00068380
00081167
00053290
00054715
00062312
00097346
00039367
00098492
00096515
00052180
00016199
00089012
00068716
00083614
00021902
00091380
00056437
00091993
00010657
00046987
00034087
00099798
00071250
00024461
00055534
00039286
00099816
00082425
00042383
00019612
00013400
00042461
00026922
00062238
00077149
00017250
00021190
00012924
00079605
00031831
00046324
00034372
00024991
00025043
00037037
00028470
00024714
00041637
00016817
00089350
00054448
00044143
00048944
00071958
00036888
00081292
00042738
00025879
00028587
00027588
00050811
00043715
00048665
00022942
00072056
00018349
00076769
00094991
00040181
00056900
00093701
00095034
00092115
00023581
00043157
00086583
00018682
00033849
00028075
00081407
00052324
00075651
00050740
00066549
00060009
00072366
00079504
00016394
00048474
00020134
00040454
00025286
00091906
00025731
00034830
00087484
00089174
00056604
00020175
00033693
00093089
00051184
00082391
00085575
00065191
00016227
00015823
00093658
00083441
00092378
00097019
00075856
00039491
00049564
00084976
00089693
00048366
00025683
00085386
00045753
00022441
00065428
00042401
00052395
00076554
00041505
00060323
00078232
00063838
00030002
00057956
00077764
00085852
00039009
00098868
00058892
00048104
00069245
00017174
00029292
00097836
00085466
00046691
00050289
00096002
00027028
00076665
00099569
00043298
00083683
00012624
00039233
00043554
00011203
00081293
00035251
00069384
00034566
00089358
00059836
00081184
00035338
00093247
00070384
00018198
00066738
00042479
00023163
00093469
00083219
00040537
00040590
00019948
00090599
00089769
00038522
00022158
00034023
00064832
00098433
00060246
00061047
00028890
00028782
00063203
00016428
00072312
00039395
00081031
00037401
00054614
00012390
00039166
00048656
00057970
00037596
00029489
00092245
00023002
00093334
00054920
00040847
00084828
00012583
00093544
00078170
00045081
00035250
00054953
00046781
00054686
00064712
00050341
00027216
00080149
00019715
00049374
00085710
00071240
00029710
00075941
00097962
00076523
00076895
00081540
00018592
00013000
00029981
00069087
00076873
00010560
00045353
00031779
00095134
00094066
00096325
00085515
00085428
00092299
00072740
00087122
00088583
00020174
00012884
00099172
00035333
00072248
00089629
00023322
00030358
00098239
00057169
00054915
00083795
00093131
00047208
00094731
00038553
00036954
00084297
00072531
00065166
00015093
00042910
00079979
00070488
00069425
00014287
00044701
00099895
00037594
00040315
00080785
00086221
00012948
00087005
00061644
00025151
00014140
00035261
00054044
00057910
00050216
00016188
00045074
00061304
00090614
00056097
00093952
00051683
00052270
00056260
00023444
00017777
00075184
00025633
00051076
00092626
00068048
00065159
00029586
00064202
00042056
00057399
00081949
00085503
00078665
00070915
00059421
00087271
00049141
00060029
00031164
00041608
00028729
00078029
00045909
00048383
00013135
00052702
00059393
00041120
00071196
00028643
00044231
00018634
00076963
00057683
00038086
00086654
00026674
00037681
00024380
00014897
00055077
00021068
00037969
00027367
00049900
00027676
00078783
00035536
00060188
00024959
00054004
00064220
00016164
00030214
00086181
00093561
00041108
00017757
00088599
00091773
00087992
00074763
00020233
00018608
00011145
00062678
00064354
00016501
00088114
00083451
00055202
00024789
00075440
00052088
00063083
00051841
00075111
00062089
00048035
00066052
00021405
00080752
00024314
00082043
00099756
00023031
00033422
00030901
00066678
00066059
00065187
00054566
00020929
00088183
00052315
00072912
00081683
00097783
00011078
00074175
00078258
00064564
00074367
00032386
00075205
00070041
00097328
00084016
00058339
00023012
00015390
00073169
00054065
00097955
00089616
00076922
00063349
00094756
00027133
00056549
00044848
00026859
00014840
00098484
00025576
00080207
00024838
00031742
00051254
00080850
00011961
00073685
00066146
00076635
00028664
00047558
00044428
00096448
00035901
00020256
00050679
00021626
00093176
00072826
00076477
00045985
00093643
00072468
00069824
00043940
00020566
00021434
00033989
00055960
00076051
00019678
00022623
00080001
00063270
00060516
00085923
00095843
00011299
00023686
00065544
00052294
00028668
00097957
00026427
00037721
00032297
00053356
00040861
00048142
00089128
00038293
00069552
00024516
00029420
00073356
00042095
00067924
00091183
00037195
00028123
00074852
00030117
00032037
00021408
00050041
00013365
00067142
00039431
00072530
00067876
00078883
00016388
00029639
00089625
00033217
00093810
00030545
00041090
00086066
00040887
00078426
00010494
00017351
00037011
00044896
00062092
00088332
00072974
00026704
00011700
00069625
00066860
00022132
00089265
00094362
00047491
00051955
00057851
00084108
00019859
00039461
00081884
00087688
00034567
00021280
00032840
00024067
00019901
00072384
00084001
00039858
00063485
00028631
00085493
00088707
00072582
00074817
00020948
00077307
00059244
00017635
00025927
00019219
00089943
00097482
00038756
00023384
00078487
00040654
00026516
00046008
00081871
00073917
00035343
00095934
00024390
00044923
00076351
00032973
00097336
00015498
00059028
00025767
00095309
00024446
00056513
00068250
00049661
00025911
00015581
00042344
00076025
00030206
00034382
00039245
00081225
00049630
00021576
00065799
00099170
00014620
00041095
00027296
00021242
00052648
00052421
00055021
00033070
00097115
00099321
00033082
00051021
00076116
00065323
00089202
00038531
00029894
00031135
00019796
00012399
00071262
00049439
00093668
00091545
00025946
00091857
00083428
00067831
00025649
00084135
00067100
00091623
00053075
00036495
00035221
00082340
00038397
00060459
00014992
00049854
00055102
00056770
00014469
00080087
00093369
00021000
00017171
00033800
00069175
00021764
00051662
00015539
00060316
00087141
00033561
00023782
00018026
00073609
00065328
00011353
00015837
00069119
00044034
00015062
00037648
00012893
00083715
00083626
00099466
00077124
00094637
00030654
00068018
00066883
00034930
00073617
00028954
00022999
00025014
00099270
00039210
00057641
00049500
00069396
00050949
00093153
00038732
00081094
00082546
00048081
00056724
00073127
00074096
00080517
00060197
00091481
00019825
00055747
00069377
00066609
00044795
00055986
00022322
00019622
00068396
00050127
00016926
00093984
00087729
00088223
00022527
00051569
00032434
00043974
00054816
00024269
00044234
00063509
00053112
00061904
00034893
00093278
00043756
00043324
00096830
00095942
00056535
00012712
00016359
00049004
00097021
00077706
00078614
00040676
00017391
00027432
00029076
00021864
00021033
00073991
00081081
00043562
00047763
00042668
00015693
00089933
00048722
00033257
00052087
00069409
00092657
00011008
00089258
00016360
00067811
00035408
00021489
00083217
00084336
00077712
00035562
00031759
00013197
00099733
00075299
00051036
00025476
00053219
00088959
00016828
00055399
00048758
00033763
00047743
00086847
00097713
00061300
00013740
00047352
00046713
00055392
00025104
00090881
00099084
00017204
00074746
00029089
00035182
00088199
00047449
00058215
00084059
00073673
00098226
00078048
00046762
00097167
00039083
00042020
00094430
00013082
00059800
00044010
00053154
00060455
00043251
00014483
00029475
00048900
00042182
00016371
00085434
00030636
00049285
00088702
00052106
00053614
00051165
00090582
00069756
00086890
00037262
00054243
00027718
00093767
00063900
00016024
00073266
00067362
00027526
00081012
00098386
00014132
00053002
00048099
00074908
00057328
00034627
00044696
00069553
00094810
00087337
00085963
00060155
00019483
00093287
00082914
00027154
00086228
00023543
00013899
00014659
00089118
00019801
00091839
00073977
00034536
00071803
00097843
00028471
00073971
00032394
00081537
00055894
00029313
00076640
00018331
00033905
00023176
00047495
00025611
00047323
00062402
00093204
00014112
00030261
00061279
00056744
00017497
00028591
00010768
00046069
00028236
00020168
00034835
00040068
00083876
00099285
00011265
00030941
00026011
00070442
00030052
00098285
00092880
00081731
00066576
00095996
00041258
00095293
00037673
00058023
00086334
00092888
00053203
00062777
00028561
00016937
00070765
00063286
00038402
00019288
00080128
00087596
00019270
00068862
00070010
00063715
00026340
00039733
00079659
00094389
00060265
00019335
00084339
00011113
00055101
00081563
00027271
00067204
00028543
00075907
00050309
00033431
00056090
00099842
00062102
00072515
00010732
00075646
00052179
00080373
00068084
00082648
00046010
00084753
00040815
00039933
00080380
00092168
00044790
00037326
00021119
00080124
00024103
00019946
00014407
00047938
00055643
00034718
00017728
00044284
00047916
00064819
00064103
00084383
00072736
00010710
00013906
00051779
00061923
00032544
00085677
00094434
00090921
00025290
00038942
00022755
00072349
00034227
00084731
00010267
00096318
00048304
00082149
00070565
00037057
00054281
00049161
00081622
00049608
00022517
00051116
00045487
00025273
00017776
00088892
00061821
00013256
00068270
00023684
00088727
00013192
00044677
00086211
00031448
00082086
00077809
00020083
00064825
00088344
00081538
00055022
00068761
00041459
00097970
00053995
00044071
00051097
00064245
00093709
00076580
00060220
00064855
00080428
00071287
00023838
00094725
00020417
00010497
00051430
00067253
00013293
00023232
00098307
00048306
00080197
00040378
00027833
00057778
00081077
00094282
00046654
00011482
00010054
00027820
00061348
00075463
00098700
00061296
00076186
00019274
00038163
00067976
00047390
00063601
00091419
00038201
00078164
00040729
00064347
00079803
00032505
00077673
00016544
00033687
00054047
00021894
00037913
00021439
00034091
00080602
00097450
00075606
00022797
00040434
00064003
00094901
00019391
00026984
00035729
00051607
00026099
00075587
00071504
00089267
00023947
00096638
00048126
00038161
00064417
00028509
00072094
00059661
00071512
00048973
00051270
00029073
00080446
00092689
00085877
00064574
00050734
00038569
00079236
00026246
00017467
00026030
00075613
00093907
00077819
00058229
00079644
00067690
00062463
00057901
00030293
00013687
00089932
00020429
00061822
00096314
00087963
00068891
00069900
00090088
00075034
00074954
00096465
00052598
00064782
00024354
00056208
00037052
00057557
00058730
00078703
00043141
00040161
00059561
00038108
00028116
00091317
00080896
00014593
00062544
00080704
00030325
00083145
00092704
00072925
00043999
00042251
00016364
00048605
00031352
00010525
00057171
00093283
00026442
00078161
00099027
00026947
00067618
00021099
00065860
00058254
00083072
00089446
00038181
00048741
00084878
00027294
00092354
00012653
00025804
00019466
00059060
00045734
00060648
00060502
00068793
00050951
00016894
00040359
00052100
00011895
00083648
00017882
00048634
00011562
00089011
00032972
00011396
00027532
00014729
00017036
00080671
00095441
00015906
00086016
00029754
00053421
00067759
00079777
00051010
00054862
00062621
00038629
00020308
00054019
00072679
00046904
00094909
00049096
00050097
00019389
00055517
00018273
00059198
00017520
00061150
00080575
00086525
00060784
00023575
00068022
00084182
00064336
00041898
00020266
00019933
00018110
00039065
00045201
00066832
00095313
00096133
00060941
00069118
00027764
00070950
00049457
00044553
00031262
00027409
00066440
00074534
00094843
00089649
00055605
00060214
00015888
00017899
00083270
00064684
00074686
00014714
00079401
00049403
00063605
00085372
00065962
00060966
00045855
00035606
00046073
00052450
00016503
00049316
00071789
00018295
00041775
00062729
00065303
00028763
00098087
00064560
00097588
00013461
00080610
00071869
00022344
00091086
00015047
00017535
00019031
00040798
00035734
00074324
00016365
00036461
00086314
00082080
00036996
00076396
00094383
00021007
00042391
00087743
00079082
00092468
00037537
00081852
00014572
00078281
00059169
00022354
00072691
00091542
00099296
00055551
00066070
00048520
00053153
00084372
00028345
00099755
00077743
00053801
00041666
00056322
00073189
00074003
00025786
00096578
00046756
00044224
00053143
00096040
00098437
00094863
00072654
00097282
00071644
00076654
00043301
00088240
00024285
00022959
00065736
00050500
00012056
00084589
00073840
00079314
00026634
00074020
00071279
00060766
00056183
00031690
00035399
00091359
00025830
00054548
00018754
00050843
00033436
00079282
00078313
00042129
00062557
00099628
00089335
00028970
00034286
00069679
00086052
00079948
00061327
00019188
00046502
00075544
00018427
00016569
00020902
00056171
00085618
00063040
00045236
00078162
00099346
00037476
00089216
00067938
00079762
00085520
00041416
00084227
00014468
00012293
00017716
00080693
00050267
00070614
00018556
00016889
00039916
00061566
00076150
00033715
00044061
00060294
00096216
00019998
00032933
00066222
00052946
00038521
00061741
00066735
00020306
00044649
00087050
00042249
00078340
00089368
00082338
00013934
00077570
00078018
00036275
00048593
00087779
00014781
00012809
00037523
00061477
00082032
00032865
00046711
00072784
00020009
00069605
00050462
00069056
00066740
00017118
00036021
00065237
00069925
00065999
00072731
00073692
00047655
00042776
00090862
00072119
00072114
00066126
00052307
00057933
00021665
00074060
00058362
00033850
00084609
00082834
00065022
00095862
00058439
00044277
00047231
00070069
00092655
00073955
00010794
00028159
00013625
00082562
00092618
00074609
00056223
00073275
00094216
00080760
00077739
00053451
00093229
00085748
00031328
00042606
00053573
00043122
00067552
00079907
00037162
00059196
00078071
00088461
00045541
00022656
00043910
00071389
00097551
00058533
00029080
00085793
00034009
00098854
00072405
00049940
00034061
00054109
00059865
00051738
00045242
00061385
00014231
00053434
00050870
00064745
00056410
00031749
00024912
00067638
00039280
00018430
00015098
00040153
00045384
00056915
00096087
00073493
00032147
00022375
00023504
00082743
00064706
00055835
00046374
00050976
00040743
00050017
00067402
00075231
00096759
00090779
00086902
00073901
00070350
00039127
00048669
00049495
00032537
00094007
00073532
00034716
00099849
00098202
00097279
00041299
00060599
00014912
00074524
00029909
00018710
00031588
00081952
00022964
00051671
00036186
00092135
00027973
00016289
00061260
00026898
00041945
00032107
00053526
00051391
00062556
00059122
00060180
00044539
00065308
00097468
00068847
00069480
00074356
00028582
00044418
00064414
00095527
00065753
00066971
00034556
00028314
00042769
00059878
00086343
00073066
00039685
00025884
00017319
00035213
00040807
00037685
00041333
00050868
00070448
00089447
00024092
00083173
00044899
00022408
00022494
00099097
00049157
00015496
00051561
00011564
00094586
00074013
00092947
00083121
00077731
00013548
00070128
00033173
00037193
00038653
00094298
00096670
00067438
00024265
00080899
00084850
00018951
00050287
00028278
00013429
00018509
00079536
00048297
00057495
00075308
00069598
00035616
00057315
00040166
00014546
00030198
00069096
00091273
00065286
00099286
00039158
00075495
00044464
00013691
00023972
00061331
00061496
00083408
00037841
00026047
00073030
00043060
00066582
00025150
00071564
00071515
00077719
00088352
00035724
00050745
00079296
00038674
00095038
00090493
00042785
00083411
00078486
00052525
00027334
00070536
00020652
00073900
00061219
00041338
00064094
00091835
00020063
00082518
00083865
00086044
00094584
00064271
00034580
00010080
00077796
00047437
00052265
00032656
00092367
00036545
00022722
00078657
00024671
00070529
00087803
00088197
00010863
00037530
00031823
00072497
00038073
00072250
00060863
00011015
00062024
00016313
00010006
00089087
00072076
00065131
00066452
00033645
00048857
00079228
00061937
00028811
00053646
00041487
00020055
00025397
00095940
00065171
00085789
00017396
00063127
00063506
00067642
00019203
00080918
00019263
00085902
00039452
00052078
00097201
00072232
00037853
00022115
00080499
00050627
00068404
00041212
00034634
00041151
00059195
00072142
00054790
00081868
00097895
00079761
00050581
00034360
00087643
00042844
00017076
00013533
00019997
00085730
00093159
00079159
00098070
00069125
00087156
00062107
00037995
00022975
00011081
00075047
00036312
00073974
00015653
00014541
00039248
00069994
00092532
00043693
00040892
00047166
00036531
00042395
00095571
00094690
00060170
00066124
00075313
00077164
00032907
00049554
00045720
00021288
00028928
00034866
00067882
00029261
00010544
00032766
00090362
00010992
00060896
00027930
00024801
00019176
00093438
00017181
00077121
00025527
00065920
00035869
00041577
00077816
00085301
00077034
00096513
00097350
00036623
00027244
00085391
00093434
00020584
00048129
00099367
00070520
00028876
00010448
00099016
00051230
00063634
00099420
00013428
00053568
00072846
00093136
00061708
00066858
00011042
00092350
00062038
00072419
00015029
00040610
00049290
00093113
00063465
00021948
00014543
00063667
00057407
00080133
00028836
00089719
00068039
00094645
00026676
00054394
00048551
00072942
00035332
00059232
00017832
00018877
00010090
00076106
00059281
00066670
00089237
00071222
00047173
00076560
00060825
00013054
00075994
00035723
00080285
00011580
00071276
00091028
00034134
00045437
00050623
00091825
00089894
00077040
00038421
00042023
00073242
00010144
00052467
00037985
00073306
00048999
00048002
00024818
00021319
00034242
00075302
00054546
00060755
00027257
00024705
00011003
00096064
00043000
00076175
00083113
00092472
00046752
00025572
00076480
00095409
00040732
00071673
00021973
00042194
00064702
00035683
00060267
00043696
00066816
00085530
00065362
00031167
00082559
00060837
00051245
00040762
00060977
00064701
00024121
00016221
00092599
00064511
00062219
00092991
00052971
00076894
00043434
00065491
00022852
00066937
00097302
00071197
00091157
00016481
00065899
00056599
00055343
00081675
00081732
00037661
00039949
00070266
00084588
00028446
00043763
00066508
00092019
00096411
00062110
00067560
00077983
00015866
00030094
00059291
00058213
00093869
00053469
00093197
00031489
00080058
00018184
00074270
00086376
00061824
00035989
00024899
00084941
00096015
00033181
00014454
00089176
00091084
00057282
00027286
00064172
00081318
00012493
00014426
00047650
00087511
00082301
00077252
00087874
00014196
00085675
00012154
00091376
00026585
00053448
00047159
00010658
00017152
00051265
00095429
00057916
00084229
00078123
00068423
00063700
00012348
00093601
00033081
00010163
00081017
00045707
00076043
00048858
00043834
00054277
00095195
00078764
00017972
00094406
00030880
00041300
00043277
00024569
00021125
00051729
00014436
00031426
00032577
00094548
00081323
00087549
00031647
00076595
00027420
00033051
00048427
00049688
00030397
00032467
00039837
00048228
00091336
00079092
00070671
00087138
00036957
00034532
00098488
00075110
00080531
00089756
00074522
00014189
00049760
00073151
00053696
00016251
00027479
00065288
00079956
00056084
00010444
00024436
00035784
00069235
00020554
00040131
00061388
00029246
00055391
00023816
00086513
00068185
00087411
00074716
00059021
00019575
00077056
00056226
00050471
00087375
00084654
00094378
00020544
00055274
00078502
00041663
00037084
00084338
00022721
00016922
00030178
00043705
00065604
00070098
00083343
00038923
00011089
00072532
00092185
00058951
00097517
00080047
00062032
00086568
00011765
00058748
00029472
00093688
00028150
00018212
00080836
00097859
00036159
00055567
00037776
00027680
00074463
00093548
00034821
00073401
00031455
00059190
00021273
00030252
00046972
00068095
00092782
00033843
00095722
00069467
00082441
00078636
00045134
00047100
00080650
00027948
00042389
00011959
00044158
00042193
00036324
00056481
00077579
00066386
00050973
00086453
00053000
00016230
00093013
00078534
00046823
00098970
00064846
00068397
00085085
00025810
00038995
00071547
00031382
00022990
00027431
00095677
00048789
00066908
00082323
00044841
00075828
00070771
00012875
00045715
00063318
00018444
00087422
00034951
00099844
00014791
00054832
00081958
00081465
00044175
00085817
00048188
00031018
00020538
00070806
00017936
00016850
00090329
00026894
00089916
00076561
00031282
00071629
00050482
00099168
00063683
00027866
00061586
00033874
00012492
00012591
00041851
00033967
00069560
00022077
00043807
00098208
00043153
00092208
00027480
00029739
00061725
00089541
00097414
00023670
00065791
00032628
00041882
00098448
00010305
00036243
00085605
00074097
00080544
00026394
00087407
00010235
00071056
00071014
00020280
00069733
00048619
00089857
00048803
00096187
00044408
00054139
00069319
00043595
00060440
00092146
00025687
00015492
00060282
00043833
00099730
00025459
00040938
00015031
00061692
00070376
00012899
00065924
00050744
00042956
00040973
00039668
00095224
00062477
00088030
00017364
00020598
00041980
00075513
00090654
00051358
00046828
00027513
00096125
00063426
00064033
00093954
00097759
00065282
00012632
00013582
00080666
00086926
00054200
00031064
00032927
00035623
00032417
00094130
00024011
00030079
00076828
00039961
00034995
00039875
00091907
00039874
00012489
00083105
00084349
00069309
00026635
00083678
00062876
00072608
00089690
00088487
00085813
00086785
00031060
00055043
00069128
00065447
00076860
00079918
00071962
00070831
00091195
00010597
00094341
00044935
00087850
00043095
00082280
00019833
00068293
00010058
00021201
00054181
00089522
00035087
00047939
00062405
00086227
00032629
00043643
00098534
00014482
00092106
00034167
00021470
00073959
00090559
00041584
00072027
00015483
00064209
00023168
00032918
00034102
00043392
00016667
00034648
00048290
00031051
00047658
00045132
00095750
00071762
00093480
00098339
00078644
00086478
00090475
00065583
00095894
00076859
00025332
00078150
00067412
00036339
00080919
00062087
00037249
00031466
00046750
00096347
00064443
00023821
00051554
00067536
00071505
00060023
00046315
00014024
00055293
00085225
00057475
00041899
00058844
00086046
00012486
00075203
00086132
00028946
00049153
00049139
00035686
00040758
00095204
00096053
00030480
00072464
00017325
00052924
00064400
00014343
00020525
00059922
00087486
00051547
00027864
00088107
00095218
00036988
00077807
00072120
00098649
00041139
00017746
00055998
00081525
00026225
00062916
00015513
00059604
00041964
00040546
00054516
00072018
00083340
00058853
00091980
00053111
00048149
00014658
00097932
00087255
00035032
00019841
00066421
00085452
00040779
00028057
00040627
00068439
00025790
00091401
00024716
00039094
00064817
00058991
00081035
00019723
00088300
00084194
00038300
00042935
00094190
00049267
00071305
00036945
00063996
00026945
00080763
00094591
00035933
00088387
00059698
00055080
00080952
00057042
00022138
00073771
00054176
00092750
00013535
00071937
00029768
00064882
00046355
00091586
00090118
00088686
00073499
00090620
00025334
00045111
00046884
00097682
00041743
00012297
00031312
00048328
00073751
00069357
00055223
00010436
00073404
00070829
00015777
00015803
00050784
00070039
00056035
00077538
00096148
00061976
00085547
00021060
00026525
00023597
00037951
00077834
00041589
00086312
00049213
00062661
00052335
00077914
00043949
00086603
00083369
00028462
00050375
00013222
00018508
00056346
00035942
00021172
00072381
00081194
00088587
00085933
00032391
00016949
00084619
00044383
00030116
00035700
00046290
00016583
00014496
00023497
00073309
00089946
00016347
00080561
00032014
00070714
00092013
00096862
00068126
00060134
00011441
00018840
00068229
00052689
00016737
00036407
00066685
00066256
00017209
00014675
00097995
00013505
00045294
00027247
00055262
00036115
00080046
00018043
00037536
00053018
00062917
00030067
00055897
00040171
00059774
00094910
00030851
00015430
00086462
00017888
00063251
00016919
00066885
00070768
00082787
00044369
00052394
00018833
00060405
00012746
00013732
00077723
00095980
00087083
00076155
00039223
00076256
00013648
00052286
00011252
00030146
00084102
00037930
00083971
00077557
00053974
00029337
00093045
00014070
00029347
00032294
00033171
00091208
00084529
00065538
00081075
00032010
00092614
00013450
00040436
00046199
00051945
00023223
00084252
00027922
00064369
00078312
00048085
00055719
00024462
00012312
00092735
00047368
00010561
00036222
00073737
00069931
00036813
00026637
00074229
00035519
00039992
00071949
00041475
00010130
00027712
00060743
00038294
00030000
00024961
00068228
00088485
00061662
00057871
00044563
00045659
00094323
00094148
00061050
00044278
00041063
00059401
00099223
00046039
00094019
00021941
00055788
00078143
00077445
00033498
00089605
00039782
00013837
00061014
00085974
00042456
00027145
00048010
00022531
00067072
00055315
00069090
00068612
00057466
00045110
00043563
00016833
00010545
00051979
00029074
00042222
00033771
00049673
00054610
00094673
00030439
00079149
00076818
00026878
00056408
00049387
00092980
00085408
00096395
00027246
00039522
00073050
00026731
00057494
00057289
00055755
00026101
00021850
00066903
00019695
00033918
00017647
00067472
00034904
00054086
00061003
00075376
00092424
00089925
00028362
00013305
00025569
00018578
00082716
00098826
00045804
00073916
00037977
00022016
00031237
00021418
00098407
00052278
00032892
00054381
00047472
00093703
00052866
00096604
00086356
00071577
00079542
00063767
00047708
00068557
00094733
00087745
00046112
00095912
00081604
00011249
00011988
00025668
00048794
00084234
00043901
00088007
00010628
00082024
00057354
00080597
00035427
00065722
00088413
00042507
00090945
00065871
00019829
00098236
00092986
00030330
00061852
00052283
00093525
00058422
00079363
00014326
00099749
00061161
00020005
00088167
00038463
00010578
00010805
00022340
00061413
00094644
00069790
00077928
00044425
00069963
00023263
00021663
00019283
00015822
00062902
00070016
00049366
00019409
00027813
00076508
00017255
00066191
00090893
00053620
00056826
00030405
00083664
00015855
00028402
00098029
00041767
00052992
00061847
00043672
00051038
00093281
00037762
00055678
00074032
00061747
00050632
00080954
00028444
00053625
00029799
00026417
00067847
00024382
00026348
00086082
00047292
00093391
00090872
00078858
00070416
00028926
00046921
00077085
00096969
00092951
00082365
00055437
00083000
00023802
00058054
00050645
00022404
00042384
00088930
00061116
00011154
00034800
00067663
00081264
00073805
00019454
00011584
00057480
00075643
00034867
00086244
00041777
00067932
00051202
00066291
00024133
00047105
00061053
00024769
00097218
00090178
00033764
00017621
00011615
00086345
00077289
00070896
00032730
00090231
00069147
00070279
00012044
00040221
00032619
00097013
00066028
00013346
00093609
00080811
00092590
00011932
00011002
00056635
00023372
00087693
00033009
00083732
00082977
00091620
00039059
00041794
00080378
00038428
00087306
00083154
00095428
00077624
00052500
00036947
00024975
00055092
00058891
00056032
00083520
00099529
00096536
00089671
00048007
00031347
00089666
00088141
00015332
00048335
00012156
00068947
00071753
00023213
00047499
00074357
00094652
00031307
00018712
00044651
00036612
00092291
00065611
00028167
00029078
00027858
00013941
00091468
00066668
00040540
00072374
00064577
00044435
00076533
00072111
00049167
00023319
00097037
00033151
00077354
00089557
00019004
00040979
00088059
00085734
00079850
00088234
00029681
00035792
00083403
00048921
00031807
00019084
00060996
00042146
00023274
00064012
00096540
00011845
00061372
00047009
00038830
00011606
00047892
00012087
00055621
00094115
00056708
00076911
00036992
00061139
00047564
00032666
00087568
00024725
00033532
00022513
00097078
00035380
00015176
00020774
00024881
00040341
00031801
00065599
00020721
00082512
00016010
00088900
00023850
00029510
00093405
00083194
00060442
00096608
00033003
00078193
00032152
00040872
00073095
00039552
00081881
00016877
00039258
00053365
00058685
00036088
00060865
00034501
00011553
00084646
00080921
00097073
00093094
00093751
00012414
00072565
00097509
00042406
00065833
00019605
00042004
00059069
00023856
00036522
00038429
00048516
00048376
00047222
00090085
00062545
00054195
00034019
00033791
00094609
00022461
00077690
00076071
00076510
00041551
00064801
00048736
00019015
00049840
00075966
00091010
00089533
00047041
00082100
00044928
00011278
00094734
00032741
00083114
00078634
00098915
00018826
00012845
00036105
00035715
00053234
00011887
00063771
00080414
00015657
00096142
00012863
00035638
00073742
00036415
00041054
00053369
00051365
00029565
00054294
00082468
00011461
00087455
00031541
00075055
00033965
00083693
00089456
00082197
00018886
00074077
00065062
00054266
00062570
00042989
00028232
00026659
00077841
00043451
00083825
00050713
00016998
00027645
00044901
00063468
00073297
00010786
00041233
00099963
00061301
00035465
00023598
00065121
00050194
00097248
00099483
00031323
00056270
00063593
00023262
00040873
00039650
00053607
00042167
00079680
00026827
00033294
00048116
00058406
00083602
00086777
00023600
00088034
00082386
00057203
00088313
00069138
00028335
00017786
00075783
00076738
00091276
00052466
00043432
00082592
00020726
00048549
00078422
00019187
00082747
00061585
00031969
00067604
00050859
00090678
00080613
00092624
00023413
00068873
00036651
00068690
00034593
00095739
00015900
00057441
00079039
00011306
00074286
00023722
00049115
00097899
00090262
00088689
00059523
00010974
00087825
00078576
00083202
00014459
00053050
00050003
00059963
00026748
00010377
00058048
00099293
00072871
00061779
00058831
00085188
00089688
00068234
00012157
00053701
00093788
00028360
00067517
00031947
00042238
00034203
00022604
00026618
00097434
00040046
00095597
00066227
00080181
00041842
00044049
00067399
00095733
00027112
00047288
00046802
00055956
00015336
00042065
00065018
00076870
00044477
00019201
00035670
00072201
00056417
00054653
00016853
00026258
00018549
00010842
00062099
00042234
00016292
00048408
00038454
00090031
00056470
00085739
00013150
00061775
00061450
00017166
00074050
00022933
00027387
00073109
00065972
00039418
00036228
00020481
00040576
00061389
00069535
00049541
00064017
00082061
00014106
00049210
00072179
00069015
00059974
00061392
00048414
00015570
00075530
00091387
00049029
00093978
00067342
00085020
00018916
00091389
00033126
00075057
00064847
00028865
00024284
00058784
00043560
00025348
00072788
00031013
00094284
00065128
00026104
00047920
00075699
00099796
00097908
00080266
00093874
00060491
00036268
00076704
00039804
00034845
00098177
00016994
00037315
00012019
00034730
00039034
00069619
00042566
00025883
00094285
00099961
00028380
00050303
00094618
00068325
00032211
00061899
00072908
00059891
00080043
00065502
00079157
00014661
00031213
00023445
00018968
00016108
00034304
00097459
00084955
00052419
00011715
00034202
00050103
00066727
00074196
00076019
00042639
00048628
00028830
00071618
00088299
00064372
00028209
00032093
00094352
00027903
00027213
00032983
00060271
00016773
00027519
00067511
00054558
00050484
00025532
00046827
00020212
00034701
00078993
00030114
00013083
00073871
00015663
00023931
00068753
00098286
00015193
00070783
00078645
00050464
00025636
00024353
00047719
00090904
00046316
00073602
00067852
00027164
00048567
00010183
00063117
00086320
00020035
00078484
00066229
00035760
00060266
00030368
00031796
00099232
00095351
00010016
00033108
00025919
00011334
00091866
00032706
00086113
00092277
00040323
00081157
00041456
00049122
00067019
00017327
00045439
00051682
00051215
00028080
00084240
00031254
00050197
00052060
00099308
00055635
00060356
00055533
00093002
00047521
00045584
00056283
00076398
00067147
00061140
00052653
00091297
00082290
00068420
00079447
00064212
00089622
00033932
00051290
00075780
00022199
00076275
00035412
00027686
00019551
00039845
00098130
00056916
00093130
00021384
00029217
00052352
00061655
00023627
00077078
00032212
00016354
00024112
00044295
00084061
00083781
00026829
00042314
00074527
00080031
00059764
00075620
00025565
00069356
00017849
00051151
00024442
00040425
00097520
00043810
00083928
00079498
00010392
00064116
00096097
00097409
00058699
00081631
00051544
00061502
00068422
00087539
00031953
00071132
00023804
00080507
00083728
00018724
00028920
00060736
00049068
00031542
00076713
00038839
00045876
00051211
00045396
00033986
00026359
00059336
00096288
00084212
00039711
00073601
00083790
00016860
00041564
00063351
00021605
00077203
00090364
00038988
00043708
00018431
00063126
00073471
00059917
00054187
00074656
00074914
00070161
00066661
00066209
00092930
00040191
00065266
00054772
00034204
00049257
00026255
00067617
00028604
00066963
00057473
00082049
00035456
00072303
00028429
00039646
00086971
00093861
00031703
00011428
00026798
00020311
00046325
00086715
00057320
00080826
00053494
00054752
00013123
00012813
00037423
00041706
00082672
00019148
00027314
00073105
00050505
00048538
00052954
00059066
00036634
00077308
00052021
00087006
00076650
00077076
00048644
00021801
00029108
00042905
00093885
00093520
00064410
00074510
00018507
00060882
00065332
00041580
00040668
00099877
00076289
00098737
00061587
00087309
00023294
00050268
00025543
00041926
00065039
00022043
00041467
00050098
00090630
00062240
00071765
00042622
00020552
00045281
00080313
00098858
00076615
00030481
00051138
00030103
00065025
00054340
00048624
00098278
00010608
00039616
00016600
00088513
00096079
00078316
00016458
00031100
00095530
00042663
00064102
00076337
00089121
00058391
00064720
00025317
00043622
00058116
00016052
00038791
00086637
00051562
00044733
00012572
00017472
00031835
00054676
00042716
00048058
00074835
00096482
00026192
00027169
00088703
00099207
00076296
00096027
00023952
00079384
00024594
00080767
00027641
00013805
00060734
00023389
00097303
00048391
00021334
00023410
00033567
00012234
00012885
00076039
00074023
00093397
00094571
00070636
00090167
00077686
00095476
00021966
00035278
00050319
00084698
00089410
00064464
00015559
00065965
00014219
00013570
00014214
00088279
00018075
00092523
00082254
00029200
00038354
00054902
00046949
00059979
00021390
00098025
00024744
00028756
00076804
00064427
00076262
00066019
00096152
00018053
00047217
00037876
00074979
00039783
00069237
00060900
00030812
00057300
00064467
00091837
00071048
00056452
00066013
00081777
00027974
00032861
00088056
00018079
00011178
00078627
00031431
00024391
00059274
00056749
00077114
00036577
00090892
00088052
00012205
00043950
00014527
00016455
00099156
00054554
00018135
00025208
00033119
00059270
00060376
00057666
00049907
00060383
00072842
00033106
00067486
00075809
00076434
00017733
00089978
00069868
00066734
00063745
00016223
00060460
00011048
00036421
00062660
00054458
00090965
00063414
00053934
00058103
00047177
00039885
00053159
00046371
00086717
00038808
00070310
00070813
00042312
00032818
00059187
00044502
00070632
00063356
00073089
00069250
00040675
00049165
00079687
00094604
00024153
00085614
00088406
00052645
00062094
00039466
00039851
00018681
00090743
00068497
00035672
00015041
00041647
00025029
00026717
00067338
00085909
00091534
00035498
00035539
00015129
00091315
00026128
00066558
00035984
00076449
00039967
00056909
00063768
00011056
00093841
00035422
00058244
00067077
00091267
00014926
00057518
00035419
00012776
00090331
00075581
00041975
00016523
00098275
00019526
00090383
00034691
00033112
00027965
00085669
00068143
00027183
00063790
00057579
00083341
00051552
00091988
00010290
00066188
00047305
00084256
00029001
00039561
00020403
00072207
00045978
00087454
00087926
00064966
00084915
00062368
00092392
00096137
00011849
00054463
00036581
00063524
00051329
00091318
00042897
00010454
00056014
00089559
00099425
00029242
00020884
00054041
00098837
00063847
00051280
00092791
00097560
00045263
00063359
00064908
00096682
00064024
00084441
00032163
00032607
00066257
00093501
00089069
00027132
00081915
00060969
00048055
00090144
00041874
00097997
00010405
00044736
00073652
00066368
00013473
00096327
00071704
00052789
00076518
00019352
00066606
00097770
00044887
00022584
00036107
00019853
00055652
00085591
00061551
00025021
00076514
00075244
00046806
00075843
00016837
00089085
00091591
00084083
00014484
00018142
00068428
00020093
00015313
00027052
00054574
00014238
00050092
00032275
00040714
00029382
00042896
00081138
00027094
00043219
00097793
00084404
00094824
00010335
00010077
00025190
00025953
00098093
00033751
00076059
00057712
00050566
00062988
00016401
00047661
00097135
00026341
00022466
00067951
00074905
00085337
00088465
00076433
00084499
00067935
00047375
00057194
00096707
00055178
00076815
00073385
00061627
00017614
00034257
00094403
00083407
00089827
00032186
00043978
00076322
00057418
00013619
00072910
00050898
00092309
00075944
00017931
00021499
00034846
00010729
00065238
00031811
00053093
00083532
00037808
00013622
00046074
00023610
00068490
00087142
00092417
00047429
00012957
00022732
00046840
00027898
00013478
00092154
00051303
00012171
00068450
00086695
00027435
00086638
00063753
00068061
00035865
00052564
00087584
00074052
00096188
00025586
00087093
00073112
00022196
00054996
00058267
00098799
00089783
00082657
00088720
00083960
00029094
00043192
00089796
00034788
00092018
00085315
00088204
00026270
00058098
00061208
00088025
00074983
00077992
00073544
00043374
00036549
00081835
00074833
00066281
00073071
00045255
00019727
00055620
00084322
00072121
00052965
00067093
00078390
00098335
00092807
00057963
00022883
00040599
00050733
00055235
00088045
00045483
00043140
00099526
00028901
00052840
00044836
00064679
00028502
00010134
00049755
00095135
00024674
00077769
00093811
00091498
00085148
00013690
00015101
00071875
00031325
00092024
00062022
00058474
00071261
00036187
00042761
00062488
00069282
00073910
00088767
00040103
00066709
00026799
00024213
00064936
00061483
00081996
00024580
00058380
00064480
00044218
00047646
00075741
00071511
00041607
00019394
00082700
00094476
00023698
00047787
00066666
00051745
00051019
00026810
00053030
00068417
00025962
00053033
00042744
00021204
00081999
00039141
00087472
00040089
00052524
00042289
00054464
00079353
00012991
00030604
00058177
00034147
00032185
00086724
00058592
00077070
00036124
00030402
00015950
00036770
00071182
00071653
00058934
00043928
00016913
00083303
00062175
00038118
00079727
00051063
00053483
00059153
00073263
00065636
00062138
00045591
00089483
00044444
00068103
00098645
00049203
00049160
00059352
00024932
00074709
00029348
00041104
00084973
00034480
00035720
00054523
00043884
00038352
00048203
00026072
00033057
00097486
00056023
00030585
00065520
00078789
00073512
00025452
00094567
00039546
00020097
00093981
00066836
00091020
00021118
00058113
00070403
00019205
00071838
00052123
00027234
00067178
00041613
00061799
00016034
00057052
00087566
00050238
00075113
00033164
00062236
00038523
00037789
00020470
00092685
00034436
00061395
00052475
00059004
00061252
00072604
00016708
00042985
00051258
00083677
00053074
00054597
00062479
00016274
00032173
00065646
00013769
00057386
00065804
00010591
00094386
00049148
00019489
00022226
00013799
00093164
00021001
00046378
00076344
00033289
00025501
00077449
00015489
00086131
00045781
00036900
00012780
00096379
00011446
00056821
00076825
00057001
00054102
00073877
00049557
00039482
00098396
00050836
00098532
00020567
00045086
00039021
00097203
00076062
00065001
00041115
00045531
00041294
00058595
00043886
00064122
00023008
00019026
00066197
00028652
00091238
00078698
00094789
00031547
00079150
00048733
00077462
00064957
00059678
00069443
00062274
00082035
00098678
00054525
00068474
00048947
00034508
00099237
00077561
00067564
00058971
00016029
00022285
00063954
00050301
00025752
00078633
00075554
00062732
00010399
00027390
00020065
00093097
00030175
00081764
00010984
00095887
00053986
00088553
00053454
00022194
00075579
00046049
00070064
00019190
00032309
00096606
00025917
00041325
00081115
00071729
00046183
00017990
00054322
00088722
00067361
00024800
00042511
00077672
00012000
00035935
00045839
00071611
00014642
00047262
00052092
00022622
00097182
00050403
00069695
00094636
00046708
00013944
00064566
00066414
00048114
00074961
00066907
00083757
00025146
00013060
00087867
00061114
00043875
00015578
00081473
00073353
00038525
00054074
00060191
00075192
00050875
00010158
00014056
00021054
00017743
00081467
00067872
00023667
00086824
00022556
00030224
00050448
00067480
00093726
00032700
00028749
00086229
00088645
00086606
00015938
00067463
00037280
00074649
00086515
00021933
00075869
00056215
00029114
00024704
00042669
00025813
00077423
00038738
00081302
00069489
00035484
00036357
00016701
00067056
00049396
00078017
00054419
00096775
00043593
00090220
00062814
00041215
00010279
00065099
00033029
00097461
00073158
00069781
00035146
00083994
00099457
00031699
00019124
00013199
00049144
00078134
00040661
00031763
00065057
00032432
00093950
00097648
00027184
00033221
00032783
00035588
00050258
00099538
00032815
00019962
00099051
00071184
00058715
00021293
00069005
00080493
00035568
00096214
00013580
00081179
00071230
00026542
00097190
00094038
00040744
00039579
00078240
00040587
00053052
00045324
00015832
00069674
00062690
00093343
00062296
00038924
00040118
00087501
00098652
00030679
00040623
00028004
00039362
00069220
00087304
00028090
00083151
00098450
00043344
00063404
00084239
00087622
00010065
00092184
00059806
00038505
00064189
00082697
00097419
00034888
00063420
00068312
00029329
00043735
00031012
00093993
00014786
00066469
00031204
00020536
00075124
00014625
00055993
00037967
00059287
00041826
00039671
00058836
00088784
00048343
00058007
00077130
00088610
00082242
00024914
00030249
00081867
00065940
00027586
00062548
00081908
00052006
00097616
00044216
00037489
00021198
00032108
00029406
00067895
00019530
00051440
00060182
00062970
00078584
00042941
00062772
00038678
00056590
00066588
00028657
00066519
00091149
00064316
00091873
00099301
00029969
00012839
00080213
00028415
00060682
00057992
00029838
00091245
00026346
00087869
00093837
00054841
00099307
00090432
00020713
00050736
00071901
00040237
00082887
00055633
00093756
00054431
00027078
00032705
00021939
00062764
00088207
00029936
00027656
00018547
00065393
00027568
00040825
00023977
00072437
00070549
00094892
00073042
00048433
00031148
00064502
00039970
00035446
00041222
00044851
00038510
00013940
00033172
00045146
00074619
00021670
00045884
00075970
00026146
00076448
00082513
00036529
00014124
00019680
00056830
00033373
00085535
00088109
00030574
00052930
00057430
00060099
00020880
00095020
00053638
00057416
00053476
00093195
00029555
00067546
00085438
00094778
00059973
00055563
00031641
00084103
00091022
00089478
00011234
00053923
00038301
00011173
00037181
00086645
00035273
00041859
00013167
00013449
00029572
00045480
00069265
00013990
00032214
00038060
00035862
00051507
00071880
00027972
00047322
00014683
00080390
00066144
00033178
00050589
00018423
00083199
00014422
00028702
00017040
00026888
00053199
00047374
00066706
00046914
00087087
00044349
00041660
00064769
00032992
00058558
00079386
00095668
00096089
00037148
00036742
00013454
00020046
00076432
00041615
00046957
00090784
00094816
00098683
00021270
00020332
00059436
00088894
00082925
00013712
00066951
00022459
00057741
00037863
00059042
00031444
00079544
00087989
00018532
00068514
00022838
00093325
00098619
00074145
00093940
00039596
00085594
00044187
00043126
00014795
00086346
00022557
00018047
00075311
00038186
00089952
00097309
00020151
00095812
00010538
00023514
00041686
00013035
00010727
00083463
00021307
00045762
00031326
00076602
00053657
00043421
00041484
00045644
00014633
00024797
00040470
00038222
00016081
00046775
00080172
00086235
00084070
00074794
00063260
00059897
00087406
00032609
00017113
00074253
00023593
00061572
00056476
00011484
00043904
00017451
00050135
00052979
00035133
00012864
00020105
00093075
00081793
00034780
00093356
00063423
00094797
00043063
00033226
00095694
00083277
00057071
00086366
00091608
00053815
00039152
00091779
00065244
00065377
00041411
00047899
00064255
00015540
00027842
00080369
00060000
00061267
00056110
00047120
00014565
00092817
00055706
00089630
00063944
00014136
00060224
00095771
00034619
00069524
00058912
00013611
00056370
00080925
00083513
00014860
00037859
00046226
00075967
00015676
00049956
00069287
00010060
00093128
00037210
00011911
00095306
00018759
00097514
00079355
00082785
00053368
00096531
00037588
00095508
00011788
00082510
00039963
00035848
00027459
00083393
00031002
00071993
00048337
00077573
00090591
00010667
00064489
00087187
00020745
00080596
00046661
00030092
00099534
00045222
00065656
00057435
00064893
00031732
00098016
00058282
00015781
00087698
00089307
00054798
00057773
00044200
00062584
00061857
00023363
00026059
00058641
00016646
00095101
00039417
00062667
00081514
00047503
00023909
00030008
00056621
00021762
00030633
00067669
00060318
00023701
00045956
00015443
00067352
00079579
00038477
00033347
00057393
00062255
00031281
00054615
00032382
00056151
00023861
00074334
00044625
00077499
00067044
00055322
00055230
00095536
00084106
00084951
00089195
00012243
00057504
00091027
00093997
00099075
00046885
00090504
00024538
00060885
00028875
00045588
00026027
00012507
00087978
00060178
00078857
00095211
00012162
00043486
00099451
00015274
00035550
00045617
00047816
00026843
00027008
00023958
00094427
00067229
00092650
00046894
00036821
00069092
00017326
00035198
00026946
00012947
00068037
00014334
00038450
00088090
00085736
00044273
00095989
00080257
00073729
00041908
00079200
00069519
00097385
00020310
00063581
00069517
00030866
00071666
00042980
00044519
00029432
00013502
00066501
00094355
00071007
00051212
00095979
00082152
00030962
00085173
00086965
00068560
00080426
00093468
00085012
00050334
00042711
00098768
00050844
00025993
00078717
00026547
00059300
00074631
00077782
00035997
00082169
00098623
00070260
00053520
00052715
00094818
00056534
00077625
00026960
00053038
00029878
00030518
00013572
00011655
00064877
00016856
00036659
00044735
00088579
00073332
00027999
00034860
00078960
00097669
00091191
00044253
00029585
00020885
00039983
00072135
00062225
00092412
00085316
00042190
00046902
00038999
00060108
00058272
00010881
00059830
00069378
00039778
00015459
00013983
00035851
00074215
00067870
00035259
00021846
00032455
00090458
00070053
00017530
00012360
00032902
00056149
00044163
00053301
00051469
00080883
00068977
00086703
00077430
00049174
00095236
00096810
00057649
00088235
00018857
00047734
00023083
00057482
00046275
00073219
00079239
00086658
00035646
00064392
00059481
00075258
00062644
00035439
00036712
00095593
00058407
00049793
00023272
00074867
00043542
00098089
00094161
00034642
00043364
00085207
00022336
00074506
00011834
00018902
00050931
00028522
00080010
00032673
00055593
00081833
00064735
00024832
00024015
00064883
00012670
00015565
00069854
00092023
00098060
00042177
00032305
00071521
00077019
00029130
00098435
00099661
00055015
00014917
00089915
00010531
00043465
00050483
00034848
00091628
00030861
00014931
00078074
00037702
00074252
00064228
00023572
00050467
00077512
00056655
00091832
00083058
00080328
00045048
00057239
00063112
00044092
00043015
00080521
00079097
00018914
00095278
00075462
00095462
00028736
00072149
00089393
00041039
00043005
00064200
00066311
00067764
00034070
00039907
00048960
00048792
00061052
00019213
00038633
00088326
00074580
00088049
00068737
00044778
00068765
00056972
00044520
00054625
00083569
00047192
00062330
00084859
00027001
00042564
00078344
00077025
00067785
00080487
00046568
00051984
00035663
00048285
00095891
00054848
00050810
00086176
00052658
00041670
00014754
00037887
00088459
00097814
00082628
00051208
00028815
00021611
00088632
00098067
00035064
00099166
00072724
00070313
00048573
00056722
00087500
00030226
00095287
00068131
00010832
00045393
00052719
00096300
00049198
00014815
00076041
00088885
00067482
00060259
00056690
00092860
00070253
00074318
00059808
00040144
00044298
00071209
00030419
00091301
00029496
00024672
00088500
00021103
00016397
00062924
00086807
00060948
00084099
00018913
00016061
00065695
00054113
00055053
00085925
00098993
00061160
00027032
00092759
00078547
00082749
00089717
00018767
00086621
00036903
00063364
00078931
00050585
00094474
00054605
00014364
00086809
00088786
00059380
00018078
00017334
00099626
00089359
00058047
00048251
00058750
00013975
00011360
00063264
00030995
00010100
00039447
00063386
00089766
00073598
00032719
00035944
00038881
00016696
00020704
00072559
00076716
00066333
00052398
00097500
00085937
00068975
00037390
00032076
00069729
00031181
00011293
00042015
00042881
00021759
00019131
00037732
00067524
00078653
00063066
00030591
00012314
00011388
00082718
00035384
00052368
00083189
00062977
00080907
00074573
00089505
00041786
00035474
00073867
00086001
00092739
00072170
00065195
00040904
00051612
00031260
00066298
00079465
00048915
00082180
00096780
00096740
00080153
00099686
00080045
00046659
00069805
00064797
00045852
00078122
00084419
00084607
00028136
00058261
00087700
00095454
00075020
00063879
00028921
00073069
00035311
00038198
00027230
00042695
00097466
00060505
00034320
00029726
00089144
00040782
00029447
00066642
00029075
00079688
00070566
00070781
00060343
00015694
00049025
00043226
00069392
00010171
00081123
00035658
00097842
00027016
00031502
00096136
00039758
00041504
00067279
00075897
00026701
00066432
00097301
00032849
00017331
00026408
00063393
00032570
00060205
00054062
00064585
00053350
00027609
00048727
00081995
00021916
00084869
00019781
00062204
00016820
00060621
00083442
00010276
00040142
00075716
00011626
00023369
00048812
00078066
00018678
00086126
00099341
00013160
00054570
00011991
00080780
00043832
00011510
00096173
00021532
00066814
00078197
00098756
00036649
00067959
00012939
00011199
00046737
00032875
00029036
00017808
00039647
00026108
00016903
00044005
00061713
00082649
00014978
00011891
00076686
00029391
00016741
00017784
00079897
00018422
00082001
00078954
00043822
00066716
00053698
00011475
00049565
00050611
00073746
00032370
00070192
00038131
00075763
00075522
00062165
00012211
00012897
00071164
00051977
00015076
00039104
00026045
00028984
00064403
00084301
00073965
00056054
00046799
00079666
00084989
00075878
00052070
00071427
00063028
00038697
00091652
00023982
00027524
00051974
00038439
00017949
00080294
00059208
00074936
00014447
00079485
00044098
00011345
00053189
00056048
00086618
00091385
00095226
00046021
00040827
00060536
00074000
00033927
00064147
00052584
00022601
00080208
00070810
00026012
00028156
00012678
00084221
00091780
00029723
00018870
00014657
00030876
00065422
00037833
00080185
00072783
00078047
00042100
00097490
00076278
00019436
00083694
00020044
00085051
00066464
00089300
00044873
00029663
00040420
00097458
00054659
00075886
00068978
00073829
00076948
00069281
00040494
00048385
00031577
00012532
00082811
00068877
00020322
00068566
00085904
00073779
00078001
00066788
00030072
00011330
00076824
00049741
00090361
00047597
00060906
00093839
00084857
00032744
00059985
00026207
00028340
00057409
00047083
00029796
00071391
00096155
00030158
00081341
00025416
00047398
00011174
00028644
00085894
00021110
00033531
00062928
00050886
00036071
00026830
00064931
00012010
00010460
00059670
00025109
00085638
00078602
00071064
00064697
00026481
00057503
00024535
00064752
00061231
00084556
00068914
00030830
00079008
00055676
00061689
00079527
00012255
00032809
00063798
00060300
00088574
00069032
00042016
00057904
00034182
00067745
00065497
00080041
00058317
00015053
00094719
00064490
00069856
00079573
00014895
00021930
00097654
00043149
00013926
00073250
00063320
00047085
00019474
00017697
00096653
00056562
00068998
00027302
00095301
00037509
00048980
00034894
00046757
00069180
00042783
00016320
00076317
00040078
00022145
00089208
00047856
00063007
00034589
00041816
00035145
00031988
00021976
00031575
00026279
00055113
00051481
00066644
00057107
00065601
00096605
00082495
00020454
00012265
00045862
00020530
00099440
00019719
00065340
00059899
00062322
00091630
00012871
00010430
00023731
00084398
00075509
00048638
00096033
00040269
00050474
00015522
00045705
00086957
00015627
00041568
00016824
00088275
00010966
00089870
00092896
00018450
00096700
00097926
00036699
00010442
00069844
00012721
00091986
00033010
00043914
00049739
00052852
00049276
00025451
00066859
00061456
00044853
00052771
00033214
00032945
00027342
00030346
00014599
00036225
00036006
00018426
00046024
00033170
00086540
00061987
00099082
00059601
00084495
00064481
00079593
00025381
00087817
00036014
00025243
00061022
00063672
00091291
00079266
00037724
00075212
00030536
00070411
00042717
00022233
00011726
00016356
00065101
00059825
00091805
00087456
00086594
00032934
00064571
00019534
00053292
00026952
00040842
00063579
00070219
00014656
00070097
00032618
00062030
00032169
00063241
00063398
00017684
00077751
00068365
00058630
00048814
00023463
00033782
00070465
00035985
00022857
00011238
00090450
00076609
00019132
00090652
00027386
00047636
00092983
00099092
00064626
00091151
00034531
00068694
00028177
00096718
00032595
00065881
00080909
00070578
00061612
00074209
00016849
00051299
00023348
00042109
00069587
00077758
00016755
00017052
00096821
00047573
00025440
00021615
00055410
00085049
00095299
00040212
00047203
00031114
00033894
00040614
00055760
00030277
00045061
00024564
00047279
00073660
00079184
00067665
00030581
00062940
00036411
00092912
00069584
00057440
00031166
00056413
00089161
00057859
00051488
00042096
00058723
00035196
00081725
00049264
00072616
00015944
00028289
00086935
00036818
00031916
00023828
00058512
00055261
00013719
00018186
00065752
00067294
00022559
00047718
00010132
00054944
00070235
00060414
00083642
00043548
00022106
00041781
00045512
00013534
00030883
00085015
00016942
00091437
00019351
00080999
00035365
00057989
00025341
00097917
00048277
00061076
00073015
00095656
00061425
00089276
00062493
00068822
00013735
00040849
00053185
00061458
00025817
00060818
00053336
00039025
00015378
00074916
00056329
00055251
00069954
00085335
00033030
00044632
00032219
00085282
00083554
00022376
00097747
00080500
00033348
00063025
00049206
00014844
00087094
00015491
00012105
00059261
00052732
00010300
00080105
00096574
00049823
00029962
00060203
00090850
00073035
00047434
00069580
00029612
00053900
00069258
00027241
00066611
00031405
00059734
00031336
00067359
00069819
00049018
00016225
00030401
00045109
00058923
00053621
00027753
00039443
00069490
00031914
00037372
00074401
00071633
00027892
00085259
00042405
00078784
00046597
00097096
00061915
00048386
00041495
00064851
00056890
00089286
00021073
00082174
00068444
00076765
00018119
00084738
00097151
00064159
00028341
00035574
00030911
00053790
00044319
00010552
00016952
00022795
00094539
00088277
00057680
00013653
00060995
00049458
00047770
00010472
00061966
00077313
00025756
00073747
00072288
00097726
00058666
00066301
00010789
00062912
00069047
00063190
00086857
00083615
00097598
00058182
00046321
00086697
00013425
00094335
00073794
00096991
00044871
00033117
00053805
00018719
00019336
00066397
00090119
00012872
00091636
00075621
00077345
00047802
00099687
00060853
00050827
00027511
00017901
00036785
00080183
00030647
00074202
00031472
00022625
00031265
00028158
00092391
00048112
00093061
00026826
00014127
00027766
00034177
00045187
00064463
00011219
00015016
00053396
00097789
00075963
00018247
00072058
00027651
00019817
00079515
00035128
00047984
00091102
00018868
00014339
00055901
00054875
00079367
00099762
00083101
00054040
00084839
00082264
00034820
00048209
00020777
00040788
00034149
00066478
00061269
00065406
00067387
00082829
00037178
00067382
00092814
00014396
00093217
00094825
00091192
00051142
00020016
00056163
00058427
00091650
00066812
00065063
00049221
00038022
00081642
00050249
00024621
00017943
00059834
00019866
00079116
00091456
00031832
00041763
00057853
00032962
00097867
00078285
00055132
00089114
00012824
00095094
00010468
00016262
00025516
00038991
00031808
00074319
00022862
00061368
00075138
00012717
00074299
00094149
00068309
00055887
00056428
00077277
00063478
00027499
00020206
00078824
00057108
00059295
00085539
00047464
00099878
00046017
00052692
00050659
00087466
00029100
00035265
00034464
00018696
00017860
00052786
00033371
00013066
00080823
00034889
00021296
00089641
00084477
00048750
00029323
00042131
00040442
00031665
00061653
00079428
00081848
00061526
00098414
00073841
00077381
00086755
00073727
00022498
00015252
00073157
00010697
00042722
00061840
00071068
00070494
00043089
00076720
00080657
00061044
00079142
00084466
00098180
00088380
00069030
00015115
00033473
00068047
00030931
00054306
00026015
00027207
00096477
00012822
00086202
00019520
00076227
00067963
00057093
00078603
00012729
00031906
00084635
00076147
00041471
00096243
00025936
00099491
00063990
00063288
00074786
00019395
00063882
00074444
00050507
00071336
00055401
00063057
00042329
00070618
00095417
00031364
00058708
00017624
00025943
00024360
00043556
00079247
00043794
00043664
00074395
00029584
00025518
00070030
00066593
00050957
00061658
00039398
00076646
00090048
00076977
00045988
00031320
00063781
00013163
00030505
00036619
00081740
00030029
00032077
00070740
00052479
00033467
00048159
00086520
00064934
00084342
00049030
00049332
00055220
00029380
00053163
00045592
00051613
00098707
00054870
00097614
00094457
00031862
00010862
00094270
00096517
00091727
00068125
00023998
00061144
00087119
00024144
00057758
00017215
00081660
00023157
00089760
00025792
00045401
00078743
00018627
00083965
00049476
00050107
00098615
00068624
00012938
00043649
00012630
00028228
00094104
00012199
00096234
00084346
00071469
00030668
00082990
00055116
00039737
00066842
00023235
00039011
00092610
00083296
00017862
00016358
00041684
00017002
00087509
00057704
00034236
00014120
00049170
00022345
00041289
00069902
00080392
00058548
00032403
00075085
00018896
00070982
00069762
00058977
00026488
00023708
00090133
00031792
00074985
00046177
00052874
00077574
00063298
00086524
00074628
00022896
00020284
00098777
00092046
00041844
00059191
00020868
00056320
00034999
00050776
00018548
00093032
00025414
00098864
00091395
00035277
00042705
00070294
00019414
00070514
00082458
00061200
00065209
00078248
00064182
00083308
00062984
00054633
00056628
00023394
00087401
00055500
00026299
00097433
00088224
00029192
00076605
00041765
00068180
00036820
00075288
00058702
00056169
00016395
00041187
00088662
00080708
00060511
00088680
00040603
00012500
00096447
00070739
00078725
00012755
00098564
00088245
00072650
00055927
00063305
00032557
00016808
00093358
00083366
00026203
00051454
00027797
00029763
00067377
00052854
00012501
00060633
00042346
00020655
00018526
00087848
00048869
00025778
00059030
00023999
00039218
00063761
00026133
00088926
00078378
00049610
00074297
00042932
00056147
00035756
00074871
00084625
00036975
00069573
00015874
00057568
00035874
00052704
00053374
00010610
00067950
00031987
00084086
00093205
00027352
00066613
00081210
00071074
00049881
00075251
00024219
00069508
00021488
00075017
00040037
00054174
00049882
00051616
00016642
00026967
00032636
00048813
00074810
00093135
00050383
00015463
00033463
00087997
00054223
00024302
00061347
00071857
00060375
00068882
00086172
00070688
00055989
00075246
00075604
00068080
00075185
00089013
00070319
00025486
00039379
00083766
00072841
00097727
00026343
00090073
00068917
00068518
00046855
00088064
00050461
00083721
00072098
00047903
00050982
00077996
00054264
00098088
00079370
00083234
00081272
00059898
00083719
00024735
00019029
00013258
00021979
00064478
00060412
00053785
00039066
00022647
00088726
00087092
00013113
00042963
00093305
00015556
00054114
00094994
00080656
00034704
00010038
00063431
00048096
00021831
00019025
00052212
00082661
00095977
00053049
00099250
00044763
00083991
00057842
00085544
00072702
00018125
00063650
00055547
00060432
00041774
00077994
00073336
00018904
00037075
00049272
00061383
00060616
00093297
00078503
00019769
00048062
00076871
00093814
00055575
00041864
00092295
00073767
00027589
00052001
00094516
00083595
00033290
00092953
00054988
00092085
00016050
00012375
00057615
00019316
00045214
00081736
00083537
00081756
00057939
00025888
00076458
00015319
00042709
00075168
00041836
00012594
00022634
00056718
00052758
00047409
00078975
00060473
00035610
00017775
00068041
00044258
00040333
00022386
00093878
00097430
00020675
00092241
00029218
00092333
00043799
00021970
00076228
00093706
00059705
00095612
00059502
00071488
00016044
00017484
00045348
00051829
00057225
00075625
00080532
00014184
00096956
00043953
00024918
00081817
00033477
00066492
00093648
00034519
00033055
00082692
00051824
00046964
00057791
00094689
00066131
00019259
00088233
00023662
00050049
00016483
00090785
00018498
00013341
00048702
00028767
00084045
00052667
00042478
00088738
00094672
00091196
00086019
00010429
00039909
00071108
00085847
00093471
00098046
00054226
00072460
00015428
00060875
00022041
00094254
00013933
00026868
00074561
00095860
00089782
00034258
00070884
00096329
00014398
00028115
00062067
00075865
00031209
00056777
00020651
00079717
00048268
00051751
00031846
00096500
00053796
00029980
00092035
00030118
00030266
00079877
00063294
00064954
00078914
00055442
00084737
00088374
00086784
00087957
00062386
00025632
00064076
00099382
00038433
00031294
00081623
00068064
00023465
00028683
00028885
00063269
00036316
00040326
00093989
00071464
00088096
00096092
00082870
00049700
00011777
00093273
00053833
00041148
00020684
00010473
00026744
00077619
00099822
00045969
00021429
00052052
00088546
00036057
00040513
00046452
00056833
00060999
00091067
00050655
00023091
00035960
00097568
00021854
00077237
00054507
00012186
00084511
00041058
00051049
00044474
00074036
00017603
00076460
00063970
00099455
00065825
00058586
00042472
00078404
00061182
00073248
00024992
00019445
00042127
00076844
00074805
00011616
00071242
00038232
00014349
00045247
00020038
00097857
00036142
00049448
00011453
00045949
00096161
00019731
00036885
00072501
00058747
00064117
00069166
00031449
00067034
00098106
00064892
00045518
00094852
00049647
00011021
00096175
00093209
00034573
00038053
00084514
00065644
00076896
00026347
00079534
00069617
00066024
00074072
00067559
00044509
00096100
00033832
00053784
00071517
00043208
00062885
00057918
00026968
00089621
00031854
00073821
00089602
00019923
00094583
00094620
00031863
00060689
00071874
00024799
00084437
00042936
00018924
00017705
00089742
00050033
00096722
00072103
00078853
00043945
00045361
00096101
00099105
00094202
00034689
00022161
00019891
00013479
00083889
00019117
00048296
00031650
00065650
00056491
00066463
00068159
00050112
00046719
00058082
00030203
00029587
00096841
00090187
00024138
00081606
00024811
00039723
00083873
00077883
00084836
00016560
00013979
00026291
00060597
00057969
00064248
00028868
00070261
00016724
00083922
00083261
00022267
00050731
00068967
00062155
00071866
00098595
00015686
00042502
00094305
00063062
00099275
00078198
00095680
00041156
00095030
00056031
00050683
00013577
00052832
00086355
00027796
00095855
00051639
00085443
00079263
00086978
00054600
00056901
00015074
00081733
00022395
00074941
00022716
00082184
00031897
00032245
00096257
00033218
00010809
00025969
00076363
00065223
00026244
00095540
00097910
00084831
00052582
00084421
00018385
00084151
00064317
00097816
00071095
00091769
00064028
00032982
00072452
00025356
00052531
00088047
00036047
00056602
00086875
00078367
00050801
00044297
00076113
00092592
00051080
00065566
00075446
00060620
00056234
00060955
00046743
00017139
00062913
00091503
00034725
00014814
00041439
00058707
00016904
00041323
00056038
00041225
00065947
00093178
00092002
00013613
00020094
00066848
00076365
00048467
00048929
00088473
00032132
00033312
00018794
00059534
00056121
00072007
00085811
00052037
00026475
00097984
00031372
00082056
00041603
00051091
00024850
00060418
00048229
00046172
00036488
00088212
00030484
00078478
00039995
00023432
00045323
00067836
00048939
00099546
00049451
00027063
00071295
00054016
00051956
00037487
00039494
00036184
00047253
00069859
00095206
00077219
00050977
00069361
00050253
00065518
00043064
00072968
00015063
00069062
00056503
00036656
00015710
00083864
00046496
00073129
00017406
00082795
00037269
00021761
00040335
00083233
00071908
00039404
00074669
00086997
00078556
00060030
00022817
00044699
00061002
00063405
00087129
00090735
00070218
00099642
00076583
00079331
00036117
00068925
00011586
00099477
00064563
00094616
00012961
00092294
00071183
00056423
00082753
00056238
00012379
00052523
00061398
00074331
00020979
00039829
00032848
00030637
00042917
00042040
00079295
00023064
00065354
00054138
00036948
00057820
00054334
00038746
00017538
00039177
00033472
00032306
00070083
00041540
00027170
00069928
00037467
00065843
00092170
00096127
00053413
00085676
00032128
00098841
00049880
00020386
00067532
00092398
00041753
00088227
00027298
00015963
00048530
00076950
00047711
00046308
00023901
00049965
00098105
00010535
00016452
00036183
00094310
00028466
00067071
00050131
00037145
00085008
00064185
00093665
00048402
00034298
00015314
00085863
00084641
00055195
00017493
00072613
00044168
00071700
00033042
00074347
00056016
00072694
00027704
00021958
00057164
00081953
00011879
00044716
00087769
00043416
00018910
00058129
00010287
00092985
00092352
00045865
00068870
00056010
00017328
00056910
00019208
00077402
00092959
00060961
00093761
00088400
00073665
00040969
00070803
00088925
00011536
00058289
00016992
00091488
00058734
00098758
00046795
00089732
00060718
00073547
00081699
00035390
00093346
00018137
00023211
00029458
00049540
00016140
00012910
00012316
00098174
00050168
00098268
00015575
00070217
00077745
00045802
00032851
00037337
00032356
00079072
00036714
00034859
00063296
00091728
00030973
00094492
00025559
00055734
00059464
00028661
00096658
00044436
00055302
00087730
00053875
00035785
00059969
00095755
00055341
00024617
00079693
00029995
00077963
00061060
00092389
00024562
00012820
00025989
00011826
00023714
00075583
00042325
00090339
00023141
00039318
00044518
00019186
00091229
00073864
00078542
00043773
00062168
00023292
00052815
00029786
00057879
00054735
00086850
00092386
00022045
00078528
00084662
00048911
00026185
00088074
00031919
00020831
00022066
00065019
00073317
00081858
00023396
00034130
00070383
00092049
00061224
00067151
00083062
00051743
00031117
00093564
00010408
00057698
00015226
00045741
00089679
00030665
00090994
00044443
00027556
00099720
00047162
00050443
00072734
00055283
00039853
00028538
00084895
00027879
00063642
00016054
00087965
00076011
00015422
00053792
00070909
00073119
00019512
00072714
00022555
00030898
00039757
00079276
00019463
00052722
00085957
00098081
00090066
00016957
00026500
00083827
00078190
00078745
00057988
00085570
00030554
00053834
00092644
00090281
00013693
00023882
00032682
00017048
00091066
00038407
00096286
00014869
00036003
00021760
00014520
00027123
00053468
00072511
00037184
00070875
00010013
00060492
00011719
00010493
00056649
00072830
00082063
00080971
00063897
00098699
00084241
00021968
00062641
00086617
00063854
00048121
00095458
00033251
00063187
00034645
00057752
00056363
00021305
00020772
00089723
00086731
00040529
00097377
00053326
00039788
00096107
00056202
00081137
00010511
00091170
00024623
00055978
00011454
00031984
00035813
00068776
00061367
00099118
00061346
00049268
00086772
00033663
00069728
00079405
00022011
00077835
00055654
00045212
00017932
00060567
00086698
00095296
00090979
00096486
00011065
00060105
00084549
00089598
00091974
00045301
00053506
00074153
00048395
00029049
00087161
00011783
00036311
00087153
00062359
00011051
00044012
00051614
00073942
00057770
00086548
00049304
00048278
00054640
00076943
00042033
00060269
00061107
00076364
00065716
00060280
00054965
00089737
00050460
00014876
00026615
00064337
00053213
00036072
00064256
00094520
00082756
00052681
00071683
00093768
00096611
00044213
00051898
00057795
00085833
00017437
00075038
00020964
00061405
00067884
00044406
00037695
00036911
00057464
00074154
00016498
00090673
00016002
00093477
00069685
00040677
00095825
00016366
00080590
00029491
00093545
00064404
00078548
00098684
00019699
00031857
00029543
00071929
00036584
00098129
00061461
00061802
00014337
00030584
00037774
00033701
00068384
00092668
00066200
00020169
00090360
00078214
00094785
00086631
00012971
00031764
00070367
00056790
00053379
00094506
00085534
00081431
00075103
00086497
00099480
00052069
00078079
00083014
00082110
00078461
00040952
00034601
00050723
00047326
00051112
00038789
00024734
00025326
00011347
00066997
00093055
00049887
00082731
00016943
00061108
00026355
00060826
00039834
00081084
00048754
00084677
00054718
00091018
00021462
00046669
00026070
00070619
00036198
00090446
00033260
00086443
00048276
00073593
00080099
00016025
00093854
00011808
00098137
00067064
00031014
00051511
00068092
00036171
00024395
00058736
00052572
00034610
00016211
00015434
00053054
00016536
00015237
00096310
00023657
00049531
00065360
00036410
00058480
00086158
00061207
00086145
00010826
00062021
00021312
00023254
00090470
00092731
00060457
00089950
00023578
00072261
00012688
00094043
00022023
00055365
00016673
00081124
00092451
00088668
00037035
00042200
00038539
00080456
00053932
00074840
00093580
00067403
00076936
00034046
00076208
00072693
00056617
00067278
00014574
00022436
00074855
00072078
00085321
00053659
00058102
00042126
00055245
00071603
00073222
00044639
00092423
00046129
00073549
00092108
00090923
00053673
00091601
00036963
00097042
00063616
00095136
00079361
00020347
00061127
00069629
00027301
00071252
00061136
00043143
00055421
00024893
00099918
00098557
00051684
00036553
00097152
00011579
00085134
00096256
00058408
00054689
00019988
00080014
00057516
00056490
00014006
00028583
00038568
00098267
00060014
00069978
00094714
00094855
00053648
00099471
00072903
00097069
00022394
00095775
00057862
00040958
00060239
00024579
00052579
00068929
00026111
00081483
00012023
00093945
00038696
00064083
00099049
00043071
00028572
00021789
00030832
00031430
00029801
00077549
00082065
00018220
00038233
00054976
00061167
00067288
00052800
00098329
00095859
00025887
00054403
00086278
00011248
00039794
00075502
00015003
00070814
00011927
00056930
00055697
00039519
00021281
00034322
00016793
00027663
00096934
00031150
00089674
00021146
00026793
00081312
00079759
00069178
00029416
00079267
00068275
00061939
00068462
00015667
00011040
00031169
00092278
00060700
00064174
00093372
00024584
00029925
00020823
00069241
00070323
00053313
00068823
00069964
00080458
00038868
00081360
00077276
00065719
00026874
00052338
00091793
00040094
00051069
00044148
00082903
00018814
00019924
00044347
00037456
00077003
00067621
00096192
00032672
00083490
00039663
00074550
00090417
00065076
00034675
00095320
00076788
00020514
00045637
00071719
00084768
00069514
00031861
00080903
00045025
00075128
00023830
00024977
00055936
00031053
00051787
00031374
00095984
00027140
00049382
00096918
00070760
00081291
00046635
00024620
00074403
00022410
00025103
00063257
00098023
00028034
00033394
00086666
00036811
00055282
00089319
00049548
00091863
00050185
00025100
00016852
00093416
00027734
00015397
00083335
00038918
00085828
00055228
00093995
00098238
00058691
00089259
00096260
00070009
00089455
00076389
00013476
00062956
00086340
00084730
00049928
00031062
00089898
00043279
00098874
00040373
00081422
00081393
00071780
00091928
00064484
00033798
00064694
00055388
00058340
00058127
00017058
00035194
00021901
00064831
00023574
00061051
00018203
00024601
00090233
00011743
00023666
00098897
00056479
00060862
00069135
00057111
00024241
00094475
00040428
00056256
00079749
00048574
00027404
00051754
00013416
00099933
00049414
00036832
00061024
00030534
00074713
00045216
00039361
00053757
00071675
00048959
00055387
00091040
00024635
00089981
00014681
00082907
00096690
00046626
00014545
00024777
00096680
00087656
00020765
00017920
00020231
00079050
00070145
00088700
00080250
00030834
00021694
00029971
00064619
00090799
00049321
00063214
00048243
00042531
00073424
00024262
00026468
00073801
00050529
00068427
00097553
00013431
00098872
00054268
00046625
00021277
00026640
00080276
00050199
00041391
00023244
00062856
00035105
00090667
00057509
00060933
00083904
00061166
00064011
00080835
00059755
00080692
00010266
00046127
00037435
00079766
00033074
00061677
00020862
00039763
00081256
00012051
00016680
00034720
00048688
00080267
00071665
00092686
00032663
00082198
00078101
00022277
00031057
00045680
00021265
00039767
00078568
00075821
00055742
00061436
00051953
00067626
00076735
00085329
00033120
00037221
00099124
00032531
00088272
00035928
00036791
00036363
00019604
00073765
00057172
00069431
00068000
00085742
00066290
00026177
00063365
00049716
00085874
00058523
00041671
00032596
00054465
00057929
00047981
00086795
00029521
00099292
00087236
00090456
00023196
00058460
00087812
00044401
00058493
00045939
00066961
00086780
00072774
00048953
00070509
00010229
00035936
00071131
00070413
00026323
00089251
00049876
00049217
00037939
00050059
00046782
00046260
00076352
00061683
00089911
00056433
00016677
00055014
00034174
00010905
00022467
00099410
00048588
00063077
00011948
00011205
00045096
00090480
00036116
00042838
00049453
00073898
00026668
00086760
00034967
00061529
00060702
00086003
00056752
00045991
00069104
00048828
00033700
00064115
00046555
00097480
00038606
00055776
00095646
00022643
00056009
00053183
00075300
00012428
00073839
00062571
00040843
00069618
00086607
00069743
00084623
00013134
00087176
00013137
00015898
00059003
00044945
00053426
00097933
00067590
00019157
00069312
00093380
00062507
00013317
00030917
00070238
00078820
00050188
00031865
00074952
00081425
00089262
00076729
00040457
00099620
00037754
00024388
00060480
00045021
00034609
00039530
00025032
00014479
00057521
00099219
00026458
00026312
00076321
00052366
00022173
00051733
00017779
00080019
00063627
00068743
00084534
00037817
00049446
00064023
00076727
00017918
00090924
00015547
00012483
00067953
00065592
00067741
00070434
00062627
00036244
00057802
00057784
00033995
00033737
00071591
00050091
00070889
00076033
00029708
00035186
00030386
00014842
00043132
00090773
00039299
00066042
00020043
00033337
00096843
00086735
00074543
00024413
00096526
00087426
00038593
00085818
00025978
00055580
00094060
00082550
00038595
00078631
00083743
00037622
00065396
00039620
00088492
00098943
00017836
00017877
00082442
00074526
00061527
00071186
00042246
00065367
00062057
00084942
00057602
00027692
00023457
00077657
00053914
00097763
00019753
00012092
00047402
00017643
00092223
00081386
00055631
00032230
00088601
00012191
00022685
00098546
00023970
00079280
00081140
00050475
00014887
00053012
00080831
00095523
00096355
00096453
00026401
00051253
00053582
00066018
00017463
00087605
00058025
00087953
00049847
00044388
00062303
00065299
00052306
00087684
00030444
00028899
00017222
00042245
00049463
00037242
00062284
00057807
00029454
00023269
00080790
00011683
00099258
00022094
00028399
00095606
00065856
00022969
00080333
00037038
00057481
00089394
00048024
00048674
00061698
00019991
00096005
00073659
00079412
00070571
00024341
00087145
00086743
00021247
00087783
00049298
00087027
00099700
00052986
00086584
00036840
00082935
00071102
00056848
00050642
00056557
00010607
00076808
00095925
00086627
00023487
00097780
00041296
00093144
00074459
00039469
00086349
00066794
00044620
00054454
00050848
00033236
00054580
00048322
00088153
00085843
00038863
00077932
00028738
00063100
00077147
00048536
00095154
00021560
00081614
00013937
00076419
00069497
00041050
00049908
00043181
00085127
00048504
00028758
00069635
00029043
00096400
00083257
00036732
00073182
00022103
00011817
00060307
00028743
00060816
00082399
00042894
00047946
00080068
00014328
00064247
00048370
00064930
00042919
00050899
00041365
00064451
00015610
00011875
00080625
00025971
00056622
00014908
00084657
00033196
00090521
00047137
00024231
00051750
00061604
00045473
00083822
00097213
00072424
00011471
00038282
00045935
00051181
00068971
00047931
00019634
00091747
00075516
00077783
00036075
00052402
00051317
00053180
00060185
00091607
00064952
00020898
00026981
00079735
00091364
00078513
00022294
00095532
00026497
00015953
00022818
00038828
00023459
00089646
00033464
00082530
00014009
00064474
00013774
00053134
00062135
00086317
00069167
00046283
00023991
00046006
00080724
00047347
00053583
00086677
00072839
00027740
00035310
00088969
00027517
00050614
00078996
00088355
00097807
00035052
00085542
00060666
00069689
00053738
00046688
00014568
00019804
00058074
00072439
00052225
00020003
00069751
00013472
00049468
00032410
00089124
00019917
00056952
00072917
00024505
00072957
00030630
00078946
00083098
00088338
00046527
00086534
00020405
00077387
00069845
00078833
00027050
00079394
00016009
00028722
00045458
00023297
00020623
00012498
00058793
00045202
00086261
00013817
00025975
00075365
00064644
00034599
00037496
00039217
00056962
00012043
00043764
00091176
00053360
00048810
00049988
00053821
00096525
00013451
00071863
00068124
00067483
00086812
00064605
00030587
00092421
00071043
00051158
00024274
00021463
00085013
00064096
00090538
00052361
00056345
00048642
00059668
00069358
00017583
00051452
00067657
00018878
00069686
00069395
00064154
00077658
00070843
00080741
00033759
00012207
00035369
00071977
00050368
00057410
00073165
00085738
00045563
00037463
00017794
00087205
00061228
00082993
00069279
00068628
00097361
00039322
00016484
00024057
00055219
00069887
00068601
00083254
00040464
00038977
00028857
00083870
00037542
00075101
00080490
00013374
00056456
00059000
00072480
00080505
00068178
00082633
00091771
00077263
00017180
00098316
00065617
00025045
00031467
00059726
00025674
00017911
00041485
00024326
00062152
00050417
00045772
00041520
00028772
00088629
00028785
00077916
00087284
00032221
00063199
00020842
00081717
00079545
00054601
00083499
00033559
00041342
00089254
00024157
00037929
00094614
00031264
00081840
00080664
00065842
00062981
00084060
00067889
00088010
00077614
00016090
00067433
00069987
00033886
00015477
00067276
00096049
00024158
00047542
00025175
00072438
00030798
00070526
00088378
00022037
00027514
00066294
00096651
00090466
00054219
00012923
00066116
00049044
00070707
00049219
00011011
00041041
00029113
00042248
00086510
00052839
00017665
00095199
00014093
00055058
00093068
00094647
00017692
00066423
00021799
00025218
00051043
00081886
00064206
00028480
00011589
00088455
00021411
00078227
00072397
00031887
00089274
00045502
00073077
00073482
00099356
00059932
00093550
00072954
00091844
00024888
00064221
00090853
00099437
00057727
00011394
00015318
00061912
00067452
00044643
00058485
00042196
00049225
00088634
00078437
00079915
00062235
00055011
00090754
00057998
00041620
00059110
00059263
00052041
00048313
00059961
00042013
00048508
00095672
00037150
00081321
00044035
00086526
00072213
00077717
00011151
00053284
00023296
00029360
00089945
00038689
00081522
00053674
00030850
00048206
00043448
00086859
00043789
00090515
00088078
00029409
00059025
00092852
00089269
00059632
00038389
00092258
00040900
00077397
00041930
00073968
00096042
00038543
00060077
00029316
00012441
00068370
00085168
00081258
00035284
00042068
00057567
00086693
00020199
00057391
00081218
00057519
00097118
00087675
00051383
00058754
00095903
00036670
00087649
00052974
00084146
00079437
00038322
00058411
00065959
00029191
00052602
00035012
00013187
00028787
00049427
00025957
00013638
00033600
00045641
00050525
00022875
00031210
00084687
00034016
00016439
00017165
00095298
00010615
00061679
00091150
00029335
00043617
00071412
00057987
00036644
00043239
00058930
00039690
00022727
00048780
00061177
00081173
00070691
00045765
00010199
00025854
00090821
00046668
00078606
00024696
00076140
00058753
00012337
00015040
00036525
00070467
00032879
00076517
00035381
00075724
00035668
00024913
00061149
00082221
00051933
00051135
00024424
00031086
00091193
00044737
00025689
00080420
00078334
00031402
00022783
00028923
00039108
00010995
00038706
00041695
00076312
00083020
00022558
00044109
00076806
00016165
00084717
00080592
00019427
00079611
00083643
00033325
00066921
00062375
00040343
00090095
00073092
00078460
00028265
00038333
00023089
00051813
00096815
00048039
00017873
00056588
00031037
00074661
00081287
00058016
00024807
00070637
00071749
00031039
00027634
00080573
00089744
00013560
00040073
00037766
00047848
00032036
00059706
00052733
00045298
00020210
00046510
00073629
00017890
00057224
00079252
00074866
00053084
00017795
00086248
00093612
00052566
00053321
00054472
00073299
00042011
00035575
00013370
00068393
00035808
00026248
00092850
00081639
00053325
00043038
00058134
00014402
00063877
00052880
00058814
00078911
00015121
00086986
00042791
00022855
00058386
00094292
00025784
00073347
00032657
00070949
00073390
00015355
00067509
00022312
00052695
00069534
00063215
00093046
00058447
00036989
00092638
00013635
00046023
00096970
00066853
00093611
00046295
00098743
00085251
00060970
00087241
00054494
00075799
00017678
00093610
00042542
00035210
00026066
00068476
00022515
00011548
00039865
00089484
00074635
00093595
00017272
00011738
00026998
00045747
00061576
00082976
00088823
00052199
00020383
00055836
00088023
00089294
00015192
00075975
00062351
00086194
00064646
00043215
00093295
00098304
00075169
00038677
00014506
00087823
00044055
00054096
00073778
00027889
00046013
00037036
00079661
00085507
00038497
00031885
00013800
00085888
00047136
00044688
00010145
00010481
00034584
00098917
00063436
00015955
00096544
00097379
00034474
00063875
00026861
00088066
00096032
00071706
00036376
00029988
00073661
00065609
00046731
00018020
00041316
00066577
00038394
00072358
00011889
00091446
00065751
00074620
00020197
00081716
00088582
00017018
00037600
00014285
00036119
00049909
00010368
00046376
00022432
00079673
00016713
00033593
00010390
00017066
00034525
00078578
00036317
00031174
00015785
00093017
00040834
00099396
00072921
00097297
00067770
00069471
00042809
00091408
00022544
00065124
00020518
00035886
00093908
00028447
00071200
00073207
00026452
00034751
00089348
00066038
00026819
00099548
00029459
00047299
00061999
00085716
00076621
00010702
00012713
00016488
00087670
00082191
00098027
00081092
00089373
00082730
00066011
00064376
00095376
00027997
00037603
00054286
00069350
00074119
00053130
00090642
00028473
00074423
00083150
00080381
00096265
00082969
00028765
00024512
00016732
00084474
00086689
00029745
00034069
00071226
00093426
00087591
00032905
00084262
00035585
00056251
00075520
00052777
00083007
00087389
00042201
00076037
00017903
00094195
00019560
00042854
00047250
00092500
00093727
00030705
00091555
00051632
00061414
00025071
00093345
00084638
00082639
00077822
00081693
00060482
00064176
00067670
00091064
00030147
00023916
00075435
00015127
00059567
00037757
00052471
00012335
00078792
00011798
00096796
00030019
00096475
00042382
00036762
00052460
00013069
00013339
00052495
00054131
00062221
00013977
00025832
00048238
00053684
00066811
00039345
00069436
00089030
00090489
00083161
00057195
00012581
00015196
00063508
00025621
00042165
00026259
00097474
00049995
00014595
00028846
00072395
00022577
00064665
00080023
00013612
00025296
00096335
00079815
00087373
00091990
00038061
00064860
00034994
00020922
00097296
00088379
00029827
00051724
00025505
00082561
00037343
00068715
00066731
00056751
00088252
00086750
00048785
00094663
00060218
00028109
00032437
00065787
00065853
00080425
00027210
00069989
00043400
00017136
00068479
00058382
00076827
00075269
00032412
00045329
00024221
00087408
00020568
00085338
00095749
00063311
00052264
00071626
00025916
00031280
00057514
00028500
00021819
00020389
00075323
00069496
00027289
00032872
00013010
00063939
00098217
00020729
00036369
00017898
00093569
00021181
00066339
00069561
00091589
00034655
00026137
00032763
00091736
00010825
00040974
00079911
00013359
00099122
00067909
00022567
00037250
00062301
00034953
00061785
00054375
00099833
00026535
00073802
00026954
00073022
00091742
00060873
00069745
00060367
00096636
00060272
00078640
00059616
00042214
00072767
00034198
00099684
00063788
00038405
00040422
00049832
00067128
00029652
00044885
00089886
00074276
00011838
00069288
00060247
00091268
00038034
00063086
00046709
00046225
00088393
00035810
00042822
00060578
00094241
00075451
00066264
00079376
00019189
00070455
00020200
00096897
00041855
00072848
00081931
00067140
00037452
00015306
00067639
00065857
00082272
00076382
00072600
00042316
00043787
00081591
00050030
00055698
00029908
00011629
00096794
00095056
00060959
00089901
00043887
00010318
00080037
00032088
00015435
00013013
00026022
00073149
00088578
00085992
00049211
00056122
00068344
00067788
00040374
00027232
00049645
00021517
00081005
00043003
00066243
00040882
00057353
00037279
00076625
00089500
00021114
00064910
00025383
00019569
00084498
00049904
00032677
00065927
00036981
00029950
00099808
00091689
00047213
00049091
00087364
00028659
00028912
00018063
00046887
00091300
00069862
00028239
00081159
00057316
00023219
00051145
00023461
00040363
00087602
00040462
00083576
00033669
00092679
00028674
00079906
00069408
00055506
00040928
00061732
00014332
00092588
00053727
00070534
00046479
00084599
00013871
00012730
00049085
00062101
00070596
00059896
00077126
00024110
00047806
00012438
00091513
00087476
00051596
00081960
00080036
00026023
00080893
00038657
00013717
00047193
00026106
00014157
00020740
00016697
00086503
00090154
00035226
00087646
00076563
00083172
00096765
00053507
00027943
00011077
00034817
00046804
00020283
00084415
00031355
00027082
00086838
00058449
00027877
00086286
00079987
00086537
00016541
00050031
00029341
00041073
00076261
00042608
00067150
00098824
00031130
00045425
00082183
00077348
00066136
00016323
00030089
00099532
00052635
00049720
00037211
00065205
00015070
00076029
00088685
00031999
00019385
00052350
00061582
00078195
00035619
00097688
00083238
00056968
00041290
00086949
00015007
00088887
00016422
00091559
00085011
00039560
00015480
00090175
00061492
00051978
00059539
00024277
00054061
00069487
00053381
00085411
00037836
00044540
00071950
00074250
00059778
00041357
00052932
00062095
00014254
00061443
00089186
00040777
00072032
00043848
00091671
00092070
00069064
00084522
00084809
00048749
00085223
00045702
00060211
00080423
00031538
00014265
00086322
00084198
00099908
00030101
00064215
00053802
00091672
00033017
00045879
00083321
00015728
00034520
00089958
00042199
00033643
00050308
00098469
00073063
00040831
00032192
00063874
00094183
00099606
00057772
00076540
00056836
00082186
00023425
00083690
00053176
00074181
00039595
00051919
00062636
00069871
00016192
00030308
00045913
00050769
00022633
00086674
00069557
00019830
00075872
00088257
00015072
00039175
00072210
00033160
00094687
00013565
00023503
00086422
00016101
00075541
00087483
00092459
00089608
00041581
00046859
00047060
00058290
00075492
00023793
00070032
00022712
00015872
00087180
00068496
00098256
00075484
00097310
00081419
00015493
00086448
00078527
00088405
00069921
00073958
00050089
00083156
00099921
00016118
00081679
00054764
00053658
00050721
00068813
00011135
00085644
00095438
00083556
00076689
00040701
00068954
00066605
00070146
00073072
00033177
00017722
00059177
00067703
00086867
00060757
00093868
00011506
00033773
00034029
00045000
00048393
00013033
00011244
00033931
00054678
00089581
00086887
00050159
00015122
00010069
00045895
00096732
00072911
00052411
00033825
00066233
00063403
00082420
00082154
00030869
00016499
00042970
00089184
00092779
00046357
00085025
00018462
00015805
00021591
00078097
00081557
00087029
00034707
00052391
00090473
00034470
00069705
00089844
00015760
00096170
00048130
00095648
00055328
00055344
00089367
00065614
00053965
00083327
00042889
00064192
00089810
00032178
00043892
00073340
00085812
00066110
00097516
00047921
00043487
00072670
00050867
00027596
00063235
00060735
00041150
00067752
00060592
00061199
00053400
00095917
00067987
00019447
00011118
00024578
00065555
00093524
00061919
00036011
00093540
00095372
00033968
00035047
00084298
00090524
00039014
00013976
00084079
00082587
00018150
00057707
00071431
00098241
00097325
00010595
00059132
00085426
00036831
00090027
00017720
00091423
00051792
00050667
00064756
00040336
00041084
00062027
00087075
00012033
00037996
00071443
00013071
00038528
00028870
00035913
00093971
00030321
00010009
00053173
00032826
00061039
00047001
00042629
00068437
00030730
00084047
00015595
00079268
00081305
00064652
00083250
00073449
00038672
00018484
00066003
00080168
00018676
00060389
00056293
00059113
00050663
00021442
00059269
00087195
00080469
00097304
00077209
00075359
00027461
00072537
00075254
00051071
00056935
00019974
00061782
00072147
00048060
00060039
00091783
00034150
00068409
00043531
00075372
00069835
00074352
00084566
00056453
00059650
00013873
00018064
00014476
00071583
00026388
00048005
00078040
00034902
00015518
00012209
00097994
00067945
00042876
00094732
00038984
00050616
00055561
00043555
00076987
00052712
00066020
00037266
00056670
00024216
00063971
00028524
00028301
00013351
00063728
00023891
00095886
00075866
00017991
00046560
00054892
00095768
00094947
00016714
00022982
00072964
00097937
00018887
00081823
00084141
00078265
00080738
00058568
00031259
00014167
00030195
00030037
00042455
00056736
00077926
00017480
00054471
00059568
00073878
00020156
00029060
00099487
00019419
00047260
00010114
00098193
00086222
00012834
00010206
00013609
00084995
00091158
00076008
00084348
00075387
00032523
00046907
00047369
00013458
00039295
00039311
00053924
00017956
00071828
00096191
00078149
00029008
00026743
00023149
00097613
00073966
00044106
00037492
00012213
00082521
00019262
00020201
00010723
00071785
00010565
00059533
00010486
00090807
00049917
00055778
00042584
00079007
00061341
00060429
00046954
00012149
00061619
00049975
00022399
00066106
00031544
00069943
00085082
00037004
00043470
00015448
00024644
00042514
00075618
00036737
00098907
00061257
00038326
00055648
00048783
00032451
00024010
00054565
00067823
00087617
00044397
00026018
00068352
00029641
00076407
00022471
00058601
00062190
00075665
00069549
00065737
00016612
00067254
00084820
00051311
00057429
00035199
00073760
00069260
00039360
00027874
00047480
00049505
00069256
00068825
00079090
00090972
00022887
00032951
00056301
00056418
00041347
00051412
00091035
00054342
00057522
00067523
00060965
00069248
00079796
00012270
00091517
00031343
00081206
00047445
00081647
00081552
00032008
00060607
00016991
00098421
00042481
00054118
00054712
00097488
00058367
00069531
00015161
00073935
00096328
00046705
00028597
00062605
00036665
00071178
00075776
00046083
00052494
00046444
00032874
00061335
00018505
00050022
00082027
00046382
00010895
00049365
00030999
00075638
00022248
00090150
00039219
00077503
00016802
00064488
00081570
00054046
00057816
00070630
00017925
00017170
00022890
00040243
00052157
00092501
00096509
00091639
00011367
00016962
00094157
00066927
00036600
00065994
00065885
00096594
00076459
00074075
00078111
00097844
00047523
00091015
00066696
00019947
00022002
00044151
00039072
00013771
00046062
00023082
00035822
00027824
00050752
00060723
00040114
00044299
00076762
00095090
00029484
00010105
00054007
00067347
00017662
00061430
00093442
00090481
00051149
00071639
00076483
00087815
00077036
00012434
00088741
00078333
00010427
00055270
00096307
00079345
00077699
00070320
00087067
00021135
00093867
00050346
00064460
00071175
00045468
00033717
00065270
00050218
00079559
00043860
00027921
00064246
00075711
00051773
00080091
00061176
00055782
00020314
00084204
00016231
00057783
00071325
00057867
00050750
00069024
00024819
00032782
00084384
00073866
00017827
00055285
00054509
00036191
00056850
00060797
00093201
00041879
00089623
00098787
00090411
00049481
00048544
00072321
00097999
00047376
00023961
00039886
00091673
00068839
00096404
00050922
00076965
00053109
00068648
00050924
00058475
00076205
00071493
00011041
00098662
00097187
00092458
00013794
00070715
00042520
00054629
00088651
00023954
00037305
00098759
00039746
00062574
00087663
00073126
00039051
00072106
00063182
00091916
00041713
00062770
00052246
00046016
00095769
00011806
00023390
00037654
00014763
00051368
00016396
00011412
00049055
00047968
00034096
00055913
00061433
00083847
00022269
00052599
00022804
00028264
00055360
00044718
00039555
00092831
00040735
00011782
00091507
00083445
00061490
00035895
00017134
00096345
00062002
00013919
00056507
00030729
00069516
00038822
00037657
00023033
00081695
00069140
00066454
00074838
00090495
00087169
00034209
00019631
00049791
00020709
00084062
00060691
00025515
00082797
00016202
00058770
00077836
00020485
00084695
00029626
00022576
00090541
00087722
00058473
00074284
00049604
00070877
00031679
00025749
00062200
00066151
00068162
00077373
00080341
00049692
00075429
00037582
00075549
00088382
00059663
00010980
00063893
00069571
00079944
00045714
00072403
00080126
00094741
00083659
00012687
00045743
00076884
00052947
00032315
00038817
00046952
00035578
00073489
00025760
00061512
00076498
00053095
00036015
00074402
00071928
00068564
00096983
00089403
00023479
00061154
00076992
00092843
00038169
00057114
00015740
00024200
00033872
00074044
00031629
00083082
00061354
00039387
00099643
00045094
00055715
00047463
00097556
00046591
00037986
00072069
00059977
00073635
00023715
00085607
00029011
00059685
00053936
00017117
00065721
00038014
00012849
00051189
00090812
00066026
00037989
00058918
00040088
00051231
00043951
00044623
00040417
00017421
00046564
00034513
00034323
00080916
00024737
00091362
00053081
00022856
00044936
00021772
00025255
00021588
00014329
00074869
00032121
00024450
00029317
00094283
00079892
00011509
00012431
00087011
00045918
00065181
00051285
00080608
00024202
00075707
00052969
00049602
00010976
00094696
00034650
00065948
00027722
00034066
00056524
00025837
00062550
00087969
00096408
00013830
00064171
00098605
00072540
00098455
00092287
00023827
00085532
00039123
00084778
00051890
00050660
00057806
00012116
00096290
00064786
00066074
00091473
00044804
00039822
00092227
00017999
00083429
00011209
00076327
00069847
00022137
00077361
00026069
00013348
00049339
00068498
00024613
00016542
00011204
00097882
00021681
00077604
00046924
00020841
00089411
00027646
00051326
00090864
00069811
00088531
00057336
00060154
00039346
00043282
00047247
00046284
00073457
00050927
00067152
00017464
00016751
00034651
00073019
00079809
00018402
00087952
00017227
00093440
00019477
00071677
00088411
00024266
00015704
00065060
00041034
00087496
00013520
00044622
00012911
00040305
00093741
00099228
00047668
00098924
00046099
00075782
00041028
00043572
00083675
00099759
00095087
00044962
00062840
00043626
00034611
00043987
00027882
00042820
00053771
00061457
00026025
00097715
00037069
00084977
00028764
00082850
00045875
00048699
00068407
00058815
00030208
00045367
00028095
00045552
00021949
00086816
00085179
00020624
00095144
00095705
00035955
00040407
00097226
00046003
00089242
00093914
00027583
00082370
00025140
00027220
00035794
00046476
00096374
00070999
00022456
00090183
00041387
00056024
00038190
00036836
00024107
00044393
00086974
00083855
00079073
00093485
00015256
00033863
00054928
00022202
00059205
00057396
00070580
00064739
00014660
00084678
00081294
00036827
00089865
00036538
00075831
00018058
00033460
00080120
00054499
00097705
00036127
00018892
00064382
00050545
00089920
00020426
00080445
00072843
00057279
00073406
00042235
00031170
00034463
00073674
00065661
00096768
00068274
00039842
00053064
00046970
00066957
00090959
00085252
00052830
00045506
00092840
00028577
00015309
00052680
00014086
00054435
00029066
00013552
00075385
00014215
00084128
00010755
00087056
00013059
00051328
00086504
00063615
00044090
00065507
00072757
00011734
00036434
00084065
00094478
00029656
00074289
00093363
00052942
00099370
00069589
00071703
00078455
00074263
00098112
00083773
00066359
00091478
00075678
00042464
00038379
00083031
00097401
00089430
00080402
00063194
00090603
00065378
00015005
00063222
00024678
00068884
00073254
00070038
00064080
00065562
00053395
00011138
00054776
00037891
00099670
00092914
00089038
00062411
00069086
00032264
00054352
00089246
00053132
00014687
00059867
00053695
00011862
00088829
00034876
00065400
00060152
00025070
00093608
00045371
00065746
00092158
00064286
00057985
00034041
00059676
00016568
00049620
00062587
00040137
00063935
00041340
00079476
00027038
00076446
00052080
00084433
00035801
00026797
00096019
00025655
00048415
00026051
00010547
00020066
00038500
00089643
00087499
00011732
00025360
00024870
00064306
00056381
00077002
00087335
00038474
00035014
00068383
00099640
00076466
00091918
00093110
00018274
00058800
00074644
00086255
00013456
00044588
00066312
00060507
00044411
00030038
00059733
00072449
00084732
00012557
00092978
00096845
00073500
00066990
00083709
00067111
00066165
00038467
00038476
00051355
00066043
00079764
00069380
00050209
00039294
00055418
00049896
00072245
00057211
00010948
00028445
00086240
00047061
00053209
00096063
00010072
00088845
00036514
00050207
00095447
00037323
00060968
00082669
00069952
00011697
00097991
00063836
00043007
00077650
00047054
00065743
00075599
00062861
00056844
00024042
00049251
00025663
00048847
00055140
00099669
00089681
00088724
00034385
00070837
00045842
00010315
00072570
00023109
00043006
00074528
00089853
00045385
00074606
00042672
00079589
00083363
00016315
00077577
00094956
00044771
00045181
00099485
00050916
00019874
00071002
00087681
00029460
00053091
00059014
00073816
00074861
00063550
00038623
00047468
00098765
00063131
00095507
00065307
00057270
00011649
00093459
00086729
00026210
00053222
00054349
00091355
00037377
00086601
00041430
00055581
00077140
00049266
00071036
00073460
00018628
00041273
00047315
00088681
00033328
00076521
00036295
00058297
00095621
00075226
00014382
00095228
00043407
00097922
00035559
00031493
00080251
00097249
00066802
00076740
00075392
00012551
00072477
00046947
00051493
00029576
00055087
00012562
00085067
00047609
00021040
00021077
00010530
00078940
00052032
00024016
00089412
00094498
00068526
00054042
00073796
00083925
00030148
00054680
00032469
00033787
00018726
00073048
00086948
00093871
00059595
00056336
00036478
00087077
00061416
00097039
00050084
00053690
00051826
00052174
00096156
00057535
00085496
00031243
00014098
00033569
00037720
00061560
00065516
00052749
00046751
00091924
00040209
00017307
00068803
00024612
00055769
00038741
00070290
00046100
00096679
00040308
00067681
00079836
00068081
00087390
00061825
00027175
00047601
00083195
00076063
00019285
00080589
00017019
00021355
00081626
00089053
00032980
00080330
00050837
00020086
00059913
00012789
00027091
00029339
00038461
00040311
00056963
00083896
00091148
00063476
00055173
00015015
00036294
00079181
00026522
00068455
00045108
00010015
00036837
00038996
00023101
00089169
00027250
00061900
00099947
00074296
00021998
00078434
00036664
00055707
00078215
00038243
00062414
00044050
00024969
00064277
00096014
00036298
00014017
00042019
00051128
00046652
00025909
00020127
00036293
00022618
00015461
00062161
00054000
00072816
00049024
00034811
00020215
00032720
00083220
00061583
00014462
00075469
00046387
00051226
00019137
00035614
00046857
00096832
00080234
00045349
00097397
00056214
00042703
00031608
00092667
00026269
00018478
00048589
00085502
00058569
00076834
00020874
00014004
00092910
00058839
00058238
00038909
00032160
00077760
00087935
00010674
00085170
00081418
00074598
00074290
00063276
00061639
00068098
00074248
00055883
00084719
00069642
00022148
00095627
00035042
00036020
00080577
00032103
00060183
00089749
00058866
00015594
00034695
00044471
00099582
00075413
00075032
00090386
00027622
00077360
00036558
00079903
00037822
00042319
00086331
00089067
00093919
00033273
00013203
00092322
00073820
00052254
00085139
00090474
00016449
00027716
00031585
00033909
00073932
00091612
00037564
00032198
00019193
00065475
00026626
00093857
00091985
00064852
00067844
00095587
00091792
00096386
00032468
00012178
00065875
00059146
00064231
00039191
00011955
00092757
00038700
00057767
00042052
00049707
00066287
00090798
00037160
00093698
00090295
00036543
00013474
00038963
00073754
00052262
00012952
00032734
00049136
00020857
00028740
00048266
00028789
00096955
00072351
00063447
00099515
00058214
00014922
00041861
00052537
00091761
00067241
00048547
00050060
00058672
00065756
00060751
00098084
00073513
00075642
00049173
00054214
00096760
00089141
00077033
00083710
00042946
00035759
00082209
00080509
00093430
00065548
00033801
00062265
00071991
00060514
00089802
00047273
00080067
00051139
00060580
00072759
00071172
00068683
00093572
00044040
00058107
00090454
00067423
00084149
00072110
00074602
00021530
00057527
00084894
00084357
00087525
00035126
00017445
00079036
00065973
00046075
00081046
00080567
00033935
00033275
00035017
00079273
00064794
00027036
00072471
00099225
00018625
00051371
00080997
00075014
00091311
00046281
00096953
00048399
00086690
00096433
00099501
00045159
00058438
00053043
00082995
00052384
00059470
00043665
00041160
00033933
00039462
00076050
00082609
00056466
00081766
00030885
00080249
00033890
00097090
00057983
00054761
00018158
00030442
00023955
00075956
00036249
00075663
00013498
00096630
00026959
00083310
00036479
00065863
00020610
00025001
00044714
00027371
00052033
00070627
00029592
00075609
00047191
00013971
00043876
00034973
00091885
00031149
00023421
00013236
00094374
00047431
00020017
00053798
00082194
00078575
00060311
00096797
00040795
00067182
00065970
00062323
00074886
00085752
00077550
00020870
00083381
00031248
00034754
00076817
00011837
00014557
00021075
00070117
00060786
00080417
00097402
00085529
00081047
00076411
00015240
00049613
00089874
00054794
00094273
00023910
00016976
00021486
00085724
00026147
00072342
00065669
00088161
00064282
00063823
00040487
00095153
00065327
00020112
00044685
00048510
00042756
00031345
00072443
00070315
00067487
00033286
00067671
00029189
00072675
00042195
00084994
00019508
00064615
00050306
00010750
00088474
00040713
00076253
00041207
00036241
00078305
00022398
00081462
00040999
00047926
00020058
00098916
00065812
00020955
00051627
00049127
00018038
00014212
00049587
00095861
00059321
00092425
00044864
00057542
00040772
00025160
00016013
00076611
00021112
00049431
00088863
00011269
00053258
00024946
00057472
00053564
00035018
00051903
00073198
00030075
00074114
00073744
00087057
00017320
00051056
00033847
00023498
00061646
00035107
00076730
00050911
00025941
00027161
00092627
00021683
00050222
00050625
00090687
00071843
00071291
00078533
00085898
00076422
00080848
00098138
00047513
00090608
00019648
00083992
00061274
00059992
00025401
00099196
00099463
00031185
00057314
00030393
00017620
00092406
00013019
00040865
00058651
00079423
00043129
00033613
00027224
00074400
00029713
00033076
00010692
00099108
00043816
00043582
00029569
00087558
00089255
00063832
00068469
00052636
00016253
00068014
00084772
00073425
00051802
00038641
00057937
00022983
00010950
00072904
00026226
00062343
00055079
00088544
00087864
00031633
00097197
00082987
00084815
00076647
00068356
00082575
00060135
00092987
00046499
00035037
00060452
00016283
00027640
00029286
00056371
00034915
00075986
00091508
00050347
00042697
00070073
00013277
00013630
00045568
00015821
00060802
00053849
00042210
00050821
00040164
00029224
00057692
00043146
00055579
00053006
00082966
00065704
00099794
00059872
00085512
00014960
00069447
00049013
00094884
00095350
00095503
00060740
00077084
00041230
00078488
00016932
00043079
00094433
00092279
00063891
00096004
00055256
00037380
00038419
00070035
00035762
00056795
00038504
00074201
00034181
00048454
00090347
00032891
00044556
00052493
00014051
00025566
00040949
00033836
00046619
00055303
00039714
00056987
00054250
00048057
00090304
00033934
00070662
00079065
00062585
00046538
00044056
00041782
00090728
00029333
00061917
00081493
00041585
00099579
00065523
00015303
00077524
00090497
00092411
00013402
00081910
00089614
00046220
00052232
00039528
00052511
00020268
00046401
00078357
00025692
00093846
00010133
00075723
00040104
00086054
00014662
00037286
00020928
00032713
00035891
00059397
00061657
00047664
00076885
00086179
00059248
00035777
00080663
00030242
00022885
00080890
00016658
00097312
00077613
00061318
00047834
00088018
00012647
00044555
00097980
00017633
00078778
00090668
00032917
00079235
00047639
00041599
00026667
00079279
00058207
00082983
00018720
00021298
00081521
00086791
00011547
00030422
00052784
00045312
00023367
00067389
00087653
00033786
00010067
00079662
00057105
00051849
00069269
00016242
00028712
00023987
00056265
00043573
00050735
00078692
00036991
00046486
00055452
00059696
00052902
00033732
00046407
00031005
00010151
00066806
00017710
00053328
00062034
00025254
00065630
00025377
00095683
00090359
00030817
00094615
00053428
00057980
00028663
00029414
00074658
00053891
00031273
00091082
00016899
00022970
00057405
00014030
00064133
00099581
00023026
00070458
00012920
00062945
00039283
00072330
00078776
00016870
00055712
00025267
00060905
00027062
00059166
00093175
00064632
00012063
00093691
00090962
00050569
00032611
00071234
00047218
00052420
00085061
00017318
00057962
00088640
00067894
00091942
00086848
00058945
00068094
00081715
00043457
00064029
00015014
00080282
00061278
00076496
00011815
00085620
00055759
00061871
00070930
00098867
00034500
00099365
00021450
00033603
00027771
00025428
00048767
00025866
00039192
00014000
00064343
00085776
00044561
00045342
00044439
00037795
00046252
00023648
00011674
00075690
00054495
00069827
00028526
00057706
00066293
00064740
00037196
00073423
00031669
00025574
00041080
00068262
00029101
00077898
00085469
00066985
00067109
00042690
00088508
00044470
00084853
00096547
00084593
00047622
00028708
00097477
00072389
00022177
00023900
00079940
00057912
00047649
00067277
00051028
00017655
00089795
00058600
00071859
00012504
00097519
00050889
00079768
00040033
00048162
00068364
00076316
00082872
00079750
00032234
00017254
00094140
00018946
00052592
00094869
00086700
00072316
00079748
00016307
00054746
00058899
00034842
00048441
00038127
00051402
00015143
00037493
00052649
00094905
00085176
00095744
00026286
00030571
00043844
00019614
00028698
00056250
00045481
00084017
00043856
00076192
00028891
00090015
00025088
00031225
00024590
00090192
00021996
00054331
00099746
00083269
00072995
00072117
00024638
00095310
00020762
00079140
00069512
00071217
00043318
00027975
00014336
00042509
00058895
00080262
00027675
00010417
00026857
00035931
00078421
00074117
00051026
00043358
00048298
00055319
00029474
00046631
00097172
00064225
00045698
00010349
00058119
00014832
00032259
00081864
00048009
00034235
00093077
00074279
00076404
00053682
00068521
00053257
00018206
00035828
00049035
00045706
00076980
00043828
00032082
00033885
00057073
00035520
00015190
00030197
00043900
00014841
00068661
00024069
00065009
00053692
00027024
00012499
00072328
00070331
00058645
00069610
00098166
00037806
00041433
00082967
00077145
00092466
00026215
00050948
00033991
00094242
00062703
00014549
00035633
00088155
00013352
00025626
00093717
00074065
00072914
00063966
00061727
00049743
00058076
00085668
00072264
00043474
00025276
00087819
00019003
00054483
00042356
00016829
00085867
00029769
00012615
00087934
00023748
00059657
00077554
00034271
00070785
00027684
00054222
00074804
00074268
00013007
00018416
00068856
00045575
00092310
00011967
00016332
00034059
00045735
00039872
00028995
00037690
00093047
00010338
00021627
00082566
00082948
00062482
00018928
00079586
00056277
00013394
00020396
00021701
00027822
00036916
00058579
00012878
00015300
00066861
00063333
00052824
00016663
00030827
00056112
00069080
00059957
00094467
00094250
00040066
00090501
00078586
00020243
00024868
00086154
00078879
00069594
00052207
00042133
00077918
00041381
00069249
00014788
00071924
00079299
00060994
00019228
00012539
00077593
00067364
00081480
00087193
00050649
00080363
00026190
00063355
00026817
00017915
00085696
00049361
00034984
00073533
00014222
00042476
00086267
00042574
00093450
00026670
00026989
00094213
00038707
00069456
00056465
00053886
00089726
00077513
00089634
00018854
00060276
00042223
00055255
00050998
00052118
00096419
00087436
00041196
00088520
00090818
00023635
00023374
00087053
00064030
00074724
00096681
00021800
00049738
00039897
00030896
00019243
00065454
00061995
00090379
00011364
00068613
00021252
00014512
00049393
00010323
00067251
00034388
00013344
00023364
00038338
00041928
00034512
00097108
00053306
00065846
00053393
00026519
00030548
00061277
00038484
00088100
00053592
00099861
00097440
00029931
00092923
00047531
00080957
00039706
00068226
00038803
00068826
00072648
00036457
00012273
00038840
00032397
00018290
00081409
00017617
00035564
00093365
00028656
00051060
00016438
00037736
00038367
00059425
00022405
00096202
00053169
00062875
00017682
00072885
00010769
00061522
00044476
00037049
00081189
00030936
00057663
00025610
00049432
00046317
00044185
00026813
00083019
00049190
00031886
00053196
00095326
00031417
00033069
00032332
00078809
00028331
00092251
00053518
00066335
00085182
00085637
00063075
00089560
00038440
00093827
00029170
00088511
00093100
00059161
00093424
00036780
00061830
00052981
00025006
00036365
00052845
00038336
00096353
00076156
00069791
00069920
00086391
00083911
00079038
00016705
00042061
00038945
00030726
00050943
00010787
00068772
00025272
00063870
00011896
00040867
00012144
00010593
00047447
00030857
00069061
00056701
00078798
00060774
00057454
00013559
00072238
00010313
00040684
00061818
00020408
00054441
00088801
00097873
00071405
00016256
00046509
00039905
00029959
00022447
00021742
00048938
00017069
00018982
00041853
00058876
00099131
00013886
00020244
00094426
00082246
00055050
00062000
00063121
00071028
00034048
00073944
00041593
00063399
00058409
00045864
00029495
00043839
00042158
00066586
00016547
00052369
00095189
00048503
00016419
00050123
00034183
00017244
00093894
00021416
00020661
00068861
00018827
00023733
00054162
00054265
00093849
00089404
00030233
00077086
00068577
00034162
00091131
00020407
00042211
00037060
00087470
00096696
00072700
00026040
00036799
00062353
00014321
00044442
00049663
00081673
00060083
00064595
00070237
00069131
00061097
00015163
00024552
00024697
00025442
00048440
00059926
00036018
00038605
00011982
00013406
00012254
00052870
00082145
00058041
00052452
00032899
00016745
00031462
00044715
00051475
00050689
00014949
00032189
00099564
00036378
00029732
00062494
00019377
00050647
00084579
00048378
00054859
00079634
00057658
00089832
00082984
00031760
00071742
00099284
00080841
00037691
00038199
00021666
00016485
00079738
00049535
00016920
00052631
00057961
00019332
00087424
00020078
00033899
00060008
00029887
00071641
00048338
00080863
00096977
00049959
00021985
00044695
00022358
00037267
00032040
00043608
00068524
00067014
00011150
00020402
00095080
00057144
00024884
00037946
00039220
00041470
00062632
00026297
00083391
00049078
00060242
00092105
00060049
00040728
00082304
00039965
00086129
00081204
00015928
00062078
00010219
00036139
00024597
00032266
00074335
00051287
00090790
00064673
00041998
00048840
00076569
00046244
00075402
00079937
00022764
00031035
00077258
00047695
00045145
00069091
00074771
00060091
00065777
00041745
00070657
00095937
00073717
00096811
00050761
00092221
00021501
00014494
00023104
00041902
00028979
00098701
00041428
00087845
00092057
00080643
00041420
00079207
00052182
00043165
00015792
00087294
00045664
00090316
00022200
00072202
00033611
00080397
00010998
00011858
00040130
00063896
00057449
00015282
00050997
00066595
00038297
00031085
00071895
00033256
00027174
00053025
00087280
00069579
00018895
00080222
00068304
00072516
00085090
00032896
00031392
00042928
00082362
00065571
00035172
00067637
00068288
00070992
00046447
00073177
00089934
00054524
00044207
00081000
00092306
00054137
00024189
00019366
00031515
00035217
00010548
00081317
00022010
00071180
00066777
00073258
00076761
00045759
00070415
00088881
00081273
00038935
00066158
00092383
00047912
00078689
00029289
00042777
00082494
00017501
00058173
00030906
00070969
00015648
00078571
00020638
00071825
00035254
00085031
00011029
00057297
00049856
00014137
00066493
00097033
00087490
00036413
00063916
00054651
00053119
00050910
00039495
00016007
00087293
00030399
00054005
00077116
00068516
00059781
00012642
00048178
00016537
00055469
00098429
00059026
00010602
00070437
00073413
00042079
00014559
00098251
00019779
00038313
00090338
00052403
00084670
00086491
00050918
00015316
00024347
00033936
00094353
00056062
00092122
00040216
00081774
00064945
00059633
00037883
00069569
00017559
00010091
00088512
00019473
00023509
00097339
00029061
00010551
00061704
00067307
00097954
00065253
00039439
00078147
00091561
00054066
00028902
00024113
00094235
00018171
00079083
00062709
00091899
00023386
00099601
00083047
00091804
00020013
00091614
00030900
00028996
00093244
00092092
00075740
00085177
00012444
00073445
00024780
00048875
00032716
00092683
00096231
00082348
00016752
00038357
00091400
00084912
00026969
00053788
00015510
00020037
00037281
00029907
00056882
00036749
00028880
00047254
00023077
00070918
00013721
00049197
00054618
00097639
00098750
00028707
00041545
00041924
00053817
00013549
00025558
00010576
00028546
00071008
00035252
00093649
00080722
00061061
00091110
00083959
00026188
00023595
00037735
00087128
00026627
00010659
00084076
00043721
00024507
00057388
00032377
00095120
00032550
00081153
00062247
00042303
00085936
00058464
00073091
00035535
00090215
00034371
00041035
00098309
00087682
00089818
00032813
00090577
00048488
00037024
00031646
00017433
00083430
00014497
00026715
00091594
00098862
00039568
00096615
00090876
00026771
00082316
00035297
00074717
00066890
00048048
00095058
00079015
00070362
00092025
00016723
00030821
00059570
00096292
00069381
00089257
00066560
00071065
00057198
00086992
00013633
00023113
00087199
00030976
00028518
00035078
00060535
00077853
00043501
00010715
00092039
00013046
00094154
00025681
00050512
00052878
00021080
00018406
00032188
00023770
00083299
00082994
00083561
00011318
00072775
00064095
00068900
00062224
00098169
00069276
00040618
00084944
00048183
00034318
00042118
00045449
00021633
00050038
00056580
00079506
00025057
00044027
00016067
00056591
00064038
00059082
00057697
00046664
00090179
00043418
00020643
00039801
00041285
00051714
00092722
00090072
00097393
00016848
00027861
00053225
00043233
00065046
00027107
00063006
00081088
00072390
00044441
00053976
00017596
00022050
00036861
00037471
00034398
00051363
00017992
00090375
00020558
00026337
00067682
00090625
00091702
00076079
00041141
00097829
00095720
00048716
00054697
00033783
00040523
00050469
00065864
00074220
00093597
00060512
00098951
00077849
00043490
00034959
00086024
00042737
00046851
00080503
00053457
00071986
00053293
00081519
00071120
00019927
00046525
00063623
00071466
00087438
00061531
00056652
00065312
00088644
00016203
00050958
00036955
00088996
00038656
00029110
00068903
00089103
00038260
00028039
00032171
00073897
00072489
00071369
00084258
00014954
00088499
00066657
00072180
00063621
00092753
00026283
00067465
00093193
00024001
00077055
00010419
00077777
00016875
00015691
00032908
00063907
00083376
00035418
00030497
00052828
00082915
00071974
00080163
00071651
00027280
00030132
00031931
00033105
00088713
00039075
00073948
00078403
00098323
00052201
00051770
00025429
00053873
00053594
00014083
00072713
00083405
00026962
00074005
00062652
00074474
00068736
00039625
00069858
00042241
00064035
00097054
00091119
00083952
00026505
00086529
00019075
00025542
00049017
00080786
00011893
00078999
00093674
00096585
00063553
00060222
00053286
00041173
00053135
00027573
00012847
00092441
00030696
00044666
00029012
00043178
00035951
00098869
00011184
00054511
00066789
00072478
00069611
00044076
00060490
00034337
00075040
00066912
00081841
00083184
00081221
00029439
00094930
00087904
00074362
00013065
00052261
00093737
00048998
00070082
00098809
00044145
00062349
00063698
00076110
00088946
00056778
00059323
00096512
00070648
00081584
00083171
00057332
00017506
00073996
00043601
00031211
00041749
00020081
00031154
00072091
00095375
00039410
00029963
00082568
00098583
00094182
00023356
00055045
00058152
00056572
00096003
00021858
00018346
00066323
00075806
00011251
00060305
00053100
00099080
00083042
00039556
00075069
00061000
00089890
00022229
00025426
00088281
00068678
00035092
00017927
00056083
00020315
00047645
00058332
00081471
00044375
00081136
00039541
00036740
00070582
00071239
00046801
00027322
00024859
00078326
00014910
00078399
00057287
00036653
00090240
00075533
00042651
00088913
00061484
00079841
00088221
00024665
00042017
00034957
00034365
00082072
00056446
00016909
00041795
00066098
00032737
00055864
00058079
00054246
00025370
00049103
00043084
00012909
00064280
00084667
00099544
00055150
00042419
00019831
00067595
00067169
00025475
00025929
00057973
00077970
00080783
00018624
00010613
00058956
00047478
00014050
00038615
00061539
00020297
00018418
00065678
00095589
00098175
00030882
00094819
00023172
00046936
00072509
00022994
00023427
00076709
00056877
00027670
00010044
00017498
00025748
00061613
00037508
00075076
00068457
00028821
00029067
00035667
00016771
00043231
00073705
00040586
00022653
00064844
00043381
00078099
00065901
00030108
00059504
00099934
00066612
00080956
00083496
00067887
00054057
00080177
00071955
00099372
00043912
00039824
00077243
00023631
00015880
00079084
00072293
00069998
00097125
00035318
00014313
00051958
00029607
00015377
00086928
00052376
00018248
00090024
00033301
00073462
00040589
00050130
00047272
00070111
00026594
00092635
00080027
00029528
00073531
00020401
00070559
00026467
00089045
00029355
00025623
00091943
00035703
00046287
00085263
00078323
00067505
00038042
00060477
00054742
00084192
00054591
00016898
00010879
00089834
00095933
00093946
00057204
00068664
00067709
00069415
00056667
00025539
00029444
00091795
00033342
00048432
00062403
00093118
00059767
00068163
00099127
00097988
00016387
00022668
00076119
00041473
00046441
00031242
00017881
00039720
00090161
00061422
00084957
00030408
00057236
00080439
00027218
00084124
00053678
00039133
00089525
00069655
00012319
00061723
00019490
00060993
00032257
00038006
00066633
00042175
00093322
00063360
00015304
00061520
00017868
00037615
00018566
00048581
00052793
00040015
00055721
00065292
00031415
00067680
00084627
00028820
00057437
00022068
00070633
00065817
00024836
00011393
00095117
00072861
00065868
00039518
00089682
00036877
00094141
00037185
00048223
00015293
00074100
00010733
00027503
00097491
00016796
00034004
00080686
00095889
00055404
00017782
00033071
00084093
00032534
00074739
00051582
00093063
00034152
00057190
00074616
00050333
00081501
00051781
00099350
00086369
00026000
00047998
00050941
00079715
00045840
00048821
00083730
00077131
00040920
00072684
00028847
00064141
00076347
00090082
00060204
00064618
00030743
00032904
00023721
00043256
00011483
00045124
00016353
00016958
00013581
00091483
00028160
00057404
00024217
00093656
00018243
00076643
00045302
00090400
00056022
00038408
00064624
00053366
00090069
00036111
00084610
00063153
00058735
00073124
00053057
00099806
00064297
00060680
00010173
00028294
00019689
00028092
00011036
00019284
00036079
00042161
00032482
00070790
00049356
00086417
00096280
00058693
00063374
00083084
00048920
00087634
00055477
00032645
00048256
00087980
00058537
00065595
00034165
00034129
00035466
00090516
00024459
00018282
00050777
00046370
00042357
00039240
00065424
00091913
00067193
00019498
00099717
00077077
00089878
00047013
00014857
00099249
00066486
00035732
00083276
00046296
00043176
00019019
00019227
00093122
00088922
00026103
00032229
00020561
00073067
00021765
00065504
00076133
00084880
00048599
00083527
00083431
00074434
00089135
00039816
00087301
00063785
00043527
00025198
00037973
00020962
00087594
00088283
00022803
00086357
00035940
00012480
00053201
00086246
00074112
00061960
00016210
00025600
00058781
00085784
00098545
00024114
00080174
00020440
00014942
00044617
00023225
00039924
00056177
00058614
00075422
00063325
00086015
00079549
00082845
00026421
00039339
00066532
00084030
00058543
00089001
00090547
00017105
00065982
00054880
00070868
00041283
00015769
00023473
00081369
00025139
00022240
00090491
00087981
00027189
00038609
00064059
00068512
00078038
00046495
00084300
00056839
00053730
00038410
00034116
00078423
00095017
00090749
00034250
00050640
00086973
00014771
00058112
00021496
00091299
00064614
00072145
00076951
00085416
00089903
00015175
00076023
00011725
00047644
00085781
00032062
00072975
00071315
00010861
00039092
00026991
00029579
00092769
00062360
00035451
00065103
00043866
00030624
00092516
00031286
00036386
00041625
00094963
00077384
00049911
00051594
00091515
00062786
00097373
00027255
00084810
00077005
00038205
00063247
00089095
00040749
00079107
00078131
00023320
00047073
00097714
00072898
00035902
00055409
00033662
00087082
00017183
00043508
00013892
00033674
00082052
00026483
00017650
00016987
00076080
00048962
00062427
00060947
00042618
00093090
00028968
00083316
00033966
00034844
00014383
00039159
00043161
00011863
00025485
00051924
00035963
00070027
00054576
00054896
00061675
00020451
00023603
00049845
00093121
00014777
00020026
00027325
00061043
00091428
00064252
00064109
00029433
00021234
00059337
00085558
00099909
00055063
00075066
00020150
00059693
00084722
00081619
00060541
00099093
00069522
00022422
00089002
00036354
00018268
00014866
00086835
00082629
00053742
00051318
00043402
00050263
00069482
00016403
00092313
00037959
00094025
00040290
00043714
00017829
00058136
00049131
00097914
00039271
00083918
00092006
00030607
00097523
00074370
00029839
00092276
00053598
00037154
00077213
00057731
00088761
00034014
00012955
00037820
00034093
00016134
00037402
00012289
00042754
00092058
00040575
00017917
00093690
00091800
00077722
00086636
00057240
00022992
00059304
00052418
00071414
00063189
00075155
00028833
00036920
00051220
00090265
00070968
00088655
00036310
00032312
00014695
00015856
00077765
00026107
00079146
00098477
00063661
00067850
00053266
00020850
00047022
00029465
00084841
00069501
00015831
00028292
00097134
00082173
00076243
00066023
00034328
00069074
00042400
00072592
00041219
00075974
00057051
00024945
00055531
00042093
00054420
00094291
00052899
00035556
00031741
00025706
00027449
00016264
00064165
00060481
00057296
00065140
00058369
00099473
00043525
00049952
00067148
00088296
00027165
00084218
00024106
00066113
00071567
00087219
00061439
00094823
00030977
00077167
00071776
00029685
00048368
00061680
00042888
00012657
00077350
00095981
00063577
00039237
00047307
00068633
00056106
00046915
00015512
00086768
00035483
00019501
00070048
00096589
00029164
00014536
00060971
00098213
00071062
00016581
00047594
00036364
00017403
00092414
00081554
00053517
00054728
00061792
00030161
00051298
00012573
00072710
00045610
00081454
00067416
00030719
00043228
00075036
00049112
00065533
00032787
00044788
00015651
00075355
00030704
00032689
00092828
00039856
00076520
00053208
00043720
00082299
00047141
00070682
00045914
00090845
00033893
00031198
00033090
00078191
00064279
00029023
00085660
00087001
00080085
00063791
00090820
00044399
00027701
00062573
00048485
00074553
00070628
00040120
00036301
00040754
00097099
00089398
00015852
00041269
00063363
00013232
00028397
00029135
00097471
00075448
00030046
00051540
00064533
00089010
00091683
00082694
00068657
00094537
00038867
00047337
00023756
00016261
00093470
00099441
00079098
00081636
00041042
00065897
00048908
00097311
00066910
00015903
00011763
00072054
00033031
00014749
00010704
00037920
00088342
00082741
00027192
00061434
00026669
00060274
00054593
00013913
00029449
00053827
00063787
00057885
00066283
00057991
00089172
00026097
00039743
00034448
00074651
00054120
00085927
00010365
00072781
00086219
00066271
00030792
00087991
00046358
00036287
00096558
00018446
00087665
00027721
00098388
00066272
00013121
00057145
00039521
00059374
00083331
00038610
00081635
00010248
00051304
00035345
00079234
00074228
00052928
00035722
00056803
00064090
00010907
00015468
00051964
00058390
00048200
00088042
00070751
00034351
00030056
00079880
00012695
00098622
00075511
00092849
00085929
00073943
00022209
00035718
00068782
00063899
00070593
00091845
00018789
00028452
00016413
00067619
00095824
00083285
00047126
00023881
00012104
00089292
00092182
00097081
00015042
00081362
00097017
00027003
00064112
00042063
00062696
00022725
00045874
00084508
00049052
00095542
00020343
00059297
00019130
00028879
00092270
00069079
00018452
00038321
00090011
00080857
00078392
00065545
00016281
00093069
00090951
00068603
00090297
00020866
00054508
00033390
00031378
00059379
00014578
00060257
00028914
00084666
00048102
00031634
00010492
00089640
00095770
00084735
00049172
00047831
00010001
00064896
00052329
00038327
00040817
00051434
00077991
00043051
00082462
00068171
00052893
00088242
00012983
00080427
00020391
00030889
00076633
00020676
00075383
00098153
00028853
00055895
00077505
00044976
00064879
00068295
00065568
00091770
00031008
00044263
00082860
00077897
00067743
00045796
00094669
00075178
00086532
00022021
00092273
00045375
00096917
00061722
00072182
00038350
00050822
00075586
00048678
00058157
00061487
00055002
00019051
00028595
00044380
00051747
00066467
00058849
00084622
00080200
00058538
00096928
00031686
00010415
00050638
00051634
00089537
00049059
00071792
00017363
00097809
00020639
00023767
00064195
00025581
00090884
00073657
00075913
00073926
00049034
00090953
00046789
00047522
00027616
00012296
00017228
00016627
00071078
00041866
00081116
00098026
00062820
00048524
00043574
00095991
00013182
00059854
00064230
00068494
00096831
00028085
00058640
00069427
00027847
00083440
00037847
00024733
00038115
00073504
00017514
00067825
00051251
00021179
00082372
00029689
00018011
00039598
00030021
00051780
00019744
00028654
00017285
00028183
00031116
00082557
00089845
00016813
00034483
00063858
00037313
00028003
00099611
00099745
00045905
00026242
00080842
00095197
00049093
00027365
00073725
00099975
00074854
00044765
00085958
00066686
00036926
00094450
00053389
00099619
00045551
00097794
00093860
00023222
00069990
00021386
00093481
00088239
00048172
00079395
00088816
00043199
00095712
00066167
00039912
00094016
00058778
00012084
00047501
00013786
00044529
00049357
00063697
00080342
00085213
00092071
00040956
00096782
00057844
00049649
00082723
00098042
00061021
00085009
00092908
00015505
00032959
00060087
00017191
00027579
00017721
00050945
00022474
00057205
00011696
00082851
00040688
00072427
00078329
00020778
00088348
00058842
00095611
00069929
00083902
00088852
00061048
00072335
00063382
00054175
00032518
00085425
00018437
00020320
00071636
00045758
00061501
00014916
00042906
00085560
00085726
00066784
00027337
00079241
00040426
00092348
00035036
00049455
00096623
00081865
00012645
00038479
00044530
00068200
00032864
00034232
00021323
00047669
00081883
00042898
00071516
00081024
00041658
00095297
00080156
00082282
00032583
00081481
00028893
00095239
00058663
00064906
00060465
00026632
00061241
00015802
00074221
00014499
00071263
00045241
00037502
00075697
00096375
00088699
00018029
00043581
00072070
00057895
00090399
00039707
00024863
00078604
00023295
00022848
00077721
00077500
00047259
00030129
00051417
00094030
00038024
00026404
00080349
00092043
00080245
00088098
00099704
00038458
00063036
00015542
00048682
00098813
00092166
00029844
00068609
00053405
00087346
00069622
00055337
00041576
00080585
00053491
00084664
00061760
00034942
00034171
00069243
00059752
00058552
00033486
00064108
00060623
00023127
00015177
00052031
00052072
00042815
00032920
00098442
00043526
00067687
00089980
00021994
00071298
00092792
00044084
00037739
00095756
00040392
00053846
00067096
00041813
00018806
00034595
00036436
00032206
00095952
00088744
00079718
00075210
00021698
00091165
00023212
00073473
00087975
00068042
00067997
00085404
00071552
00037355
00011922
00054800
00046584
00075154
00055423
00046824
00098176
00066525
00031109
00010604
00031837
00058901
00038879
00051066
00080438
00033537
00031486
00054557
00075672
00012980
00071212
00014923
00047810
00081072
00030779
00057762
00014434
00067714
00020228
00080626
00095640
00094592
00052292
00050139
00087697
00089303
00033389
00045154
00042539
00031818
00042433
00098507
00028897
00068649
00048799
00028216
00014282
00014281
00031464
00019184
00097025
00053453
00071886
00056174
00088570
00043453
00073693
00048336
00078032
00046294
00061221
00065050
00092680
00036463
00040139
00044327
00073586
00022131
00033913
00014881
00024377
00049993
00019269
00058780
00058655
00026570
00088721
00026139
00068102
00094957
00012146
00083661
00032800
00070792
00058790
00054171
00067871
00017685
00081662
00099015
00023824
00069768
00026879
00086426
00068790
00082708
00010111
00022306
00077795
00011523
00099245
00057117
00032709
00077663
00034769
00042202
00024541
00016086
00011761
00038157
00050314
00077786
00038158
00066374
00074516
00040716
00038662
00020413
00092799
00081343
00087384
00056189
00038787
00039470
00092878
00061803
00070086
00076703
00037412
00048211
00055316
00052552
00078535
00050864
00065587
00040658
00073515
00021221
00068287
00028718
00043180
00066076
00013924
00094307
00065179
00074757
00080167
00015436
00045287
00065068
00062918
00067674
00056825
00096804
00070908
00028835
00066041
00081270
00084999
00072551
00067013
00028574
00035002
00034368
00066133
00048291
00016845
00045841
00036028
00047514
00065337
00022886
00074343
00081177
00057584
00074387
00079891
00026727
00022729
00060707
00073699
00096673
00086659
00038029
00020836
00062695
00049875
00013398
00079424
00071975
00058561
00023693
00098963
00039756
00028596
00030874
00075694
00077489
00063128
00017516
00077536
00025768
00049782
00091262
00063945
00050488
00026264
00041848
00065828
00012791
00077200
00051904
00013157
00080277
00089250
00051906
00066208
00073694
00085063
00087968
00032833
00057822
00073304
00082956
00068728
00082066
00089322
00028947
00038244
00077027
00056213
00026464
00056205
00088907
00084340
00085435
00021253
00045423
00034291
00028179
00027361
00037243
00065395
00056304
00039547
00092924
00032578
00055503
00028484
00032111
00042042
00065204
00023523
00075916
00023683
00055718
00059168
00038388
00072128
00099946
00014095
00033884
00076693
00045155
00016672
00030059
00040564
00019657
00037525
00084200
00069457
00073023
00086597
00023645
00040609
00088132
00043935
00061270
00083323
00074012
00029226
00099789
00081041
00077433
00062967
00081111
00076724
00057005
00054259
00069678
00022216
00019639
00018497
00061903
00020787
00098665
00048233
00079359
00092634
00026049
00066627
00014008
00091806
00076551
00075794
00068149
00066115
00092864
00075354
00073516
00019619
00029029
00086934
00055470
00078898
00086011
00024702
00067315
00086629
00094900
00073236
00049061
00091600
00074670
00099622
00069089
00066160
00051309
00066089
00054650
00063134
00087785
00069189
00038039
00044995
00099472
00079202
00012856
00077284
00096919
00090120
00080309
00035131
00079187
00061213
00022872
00092672
00024598
00026752
00076744
00094114
00072728
00012158
00062091
00018460
00025952
00077621
00056929
00076626
00046456
00028623
00014789
00054142
00033303
00089122
00088373
00029711
00053436
00063703
00084926
00063354
00089938
00080152
00058714
00024386
00017857
00021249
00021399
00077132
00015065
00038499
00081947
00084085
00063284
00047246
00012382
00098930
00010329
00053855
00034226
00029324
00075320
00058574
00026714
00040718
00041259
00041764
00021709
00012253
00094375
00073876
00011197
00063960
00049377
00052684
00080796
00072990
00027995
00067813
00057935
00024101
00080498
00022979
00047818
00089999
00072353
00058298
00028515
00053941
00094989
00011010
00024145
00069771
00063532
00017142
00058908
00096614
00054276
00045827
00048747
00093725
00096715
00095674
00049233
00045493
00093452
00093554
00030865
00038586
00047119
00058139
00073244
00018429
00053279
00089900
00050297
00045887
00027774
00044653
00043575
00056531
00029547
00032855
00060804
00010231
00077367
00047679
00038237
00044117
00067042
00053544
00076217
00042694
00065309
00071006
00099300
00011172
00079245
00032115
00048925
00048603
00014142
00040271
00040207
00083610
00029716
00078684
00053340
00059612
00083453
00053915
00047146
00059150
00058178
00082392
00038094
00090141
00038934
00064150
00016065
00018761
00051152
00081685
00011884
00051458
00086018
00046242
00087774
00040350
00031506
00099312
00087505
00086470
00075386
00013407
00071247
00074493
00030847
00081019
00072079
00086937
00092141
00053390
00081854
00067040
00060308
00060441
00073274
00024856
00093912
00072615
00080541
00048115
00049932
00088336
00089883
00030568
00092756
00087498
00071331
00077917
00069286
00053782
00026414
00094979
00093232
00069965
00082942
00095734
00086189
00073221
00063871
00042740
00028993
00066947
00055272
00082157
00069049
00013881
00096439
00074389
00063124
00063401
00089698
00029913
00055355
00074449
00023467
00075925
00026844
00046394
00042913
00090104
00028271
00062500
00084587
00065754
00029342
00066874
00095300
00070464
00098018
00061204
00062384
00084294
00046549
00038930
00035736
00014456
00047759
00063763
00057088
00059680
00051529
00010156
00065010
00090407
00019652
00040156
00052050
00017247
00013516
00023508
00071607
00080795
00069130
00017500
00097305
00046864
00045650
00075911
00016847
00069752
00021321
00024554
00065602
00056233
00058312
00031643
00031797
00074051
00082933
00050707
00022678
00024259
00036515
00091802
00047882
00044602
00087479
00022657
00038598
00049048
00072013
00098692
00064037
00078517
00042702
00087425
00030631
00035288
00032181
00010042
00099621
00010526
00033114
00056947
00038891
00078969
00054366
00081763
00095089
00086058
00045107
00029647
00065769
00033225
00016661
00035904
00031638
00042486
00081375
00079135
00065417
00039507
00090734
00055586
00016574
00033634
00098784
00094300
00099374
00061312
00082651
00083057
00029809
00077923
00046814
00090903
00046231
00048744
00058334
00056748
00099162
00080845
00060785
00057215
00017560
00039276
00082678
00044437
00096230
00081768
00090340
00037292
00058536
00077744
00022255
00098052
00089289
00084709
00035512
00063652
00098592
00042916
00050664
00091841
00052002
00097603
00012553
00037062
00051241
00072431
00021827
00038145
00028414
00040029
00098399
00092107
00075982
00082007
00058478
00054675
00089081
00094020
00017753
00075848
00060769
00016240
00037067
00089211
00057771
00032405
00099239
00081986
00073145
00033073
00020845
00047592
00026461
00024044
00050011
00038503
00042688
00056717
00086959
00062818
00033230
00091706
00034391
00016525
00061148
00011831
00064664
00028693
00039721
00050327
00016518
00067597
00079305
00033204
00076557
00053759
00092658
00051197
00039857
00064107
00045787
00010255
00020780
00039256
00052484
00060437
00092325
00097230
00095630
00046636
00046779
00084426
00097982
00046920
00048801
00096269
00077218
00085322
00041574
00058858
00095698
00096217
00062848
00099460
00084471
00031175
00011183
00039839
00029610
00071463
00085695
00064900
00015123
00053416
00052802
00030516
00014556
00062388
00092884
00039190
00011828
00089376
00050352
00057881
00063500
00087439
00037385
00055241
00027444
00027146
00071072
00073349
00072569
00062784
00038630
00037192
00016494
00076379
00014107
00045534
00067239
00060714
00024243
00056493
00016641
00032931
00062758
00094613
00011611
00019700
00073580
00035067
00058785
00066103
00058644
00035315
00090479
00046399
00068043
00053347
00097749
00076888
00089066
00037533
00046965
00094794
00030254
00078646
00032232
00094203
00077640
00039980
00044296
00088039
00048405
00033724
00061286
00011939
00042628
00094274
00033462
00089808
00081628
00073980
00021518
00096812
00022141
00031066
00046739
00081432
00036152
00024851
00023534
00078431
00092600
00031061
00069567
00010261
00078522
00022610
00054655
00037341
00066779
00036465
00046696
00031058
00048357
00065120
00043145
00092901
00075937
00077185
00079042
00027575
00018729
00021320
00031632
00087325
00081559
00086994
00061101
00019742
00053768
00066358
00064130
00050196
00010355
00059681
00091283
00039511
00094176
00089354
00080865
00039163
00096654
00071522
00061037
00051216
00048033
00078655
00064313
00068316
00020522
00056257
00068760
00045751
00063802
00060527
00019543
00014486
00097635
00048610
00070222
00047790
00057124
00093010
00058596
00012873
00075407
00028525
00053162
00086241
00049634
00055201
00058141
00015419
00098968
00067901
00078888
00032095
00014575
00082576
00058826
00065724
00038159
00054950
00027733
00080040
00063289
00037635
00095784
00012371
00082344
00014372
00085023
00022548
00020486
00046836
00028943
00053269
00063497
00085485
00059334
00012130
00036288
00015924
00064471
00042407
00050687
00026100
00037205
00025068
00093454
00041738
00036134
00065840
00042544
00017223
00066170
00041211
00075602
00054805
00059665
00014276
00038488
00035132
00076568
00016888
00081776
00084170
00071983
00058324
00091458
00059658
00069548
00059552
00026685
00011859
00096992
00011951
00087261
00022695
00025167
00049963
00030160
00018167
00042681
00061305
00014485
00059997
00059585
00087413
00021107
00094072
00018037
00078564
00026689
00097308
00041841
00024129
00021991
00089694
00073918
00088061
00015654
00035821
00088311
00063949
00065851
00048486
00092162
00094384
00077369
00097730
00036787
00071758
00046459
00077365
00056440
00043505
00082704
00026339
00068504
00040746
00073394
00054321
00035294
00076214
00046842
00059108
00093301
00090755
00019782
00021061
00085844
00081815
00082611
00021609
00021945
00056475
00096909
00065889
00038038
00022238
00049611
00084125
00080246
00053179
00080568
00032240
00010759
00065733
00012410
00040057
00010004
00064440
00030537
00025554
00065668
00044676
00070471
00066604
00020744
00055934
00017377
00066362
00030558
00086860
00061955
00070207
00069545
00083753
00093237
00052437
00027196
00070773
00079120
00075984
00074249
00060486
00049168
00043553
00052074
00096442
00043478
00089709
00013864
00052622
00026463
00085431
00058545
00057815
00092976
00043644
00040924
00025050
00049569
00094656
00085645
00034229
00018067
00082780
00070378
00059560
00095788
00048437
00062134
00055682
00081580
00057598
00015410
00018178
00098227
00025008
00055751
00098998
00060358
00088939
00090553
00065960
00038481
00085766
00062528
00095461
00082327
00052792
00021339
00057577
00044921
00014526
00045250
00082964
00033461
00092244
00014667
00031875
00023166
00094106
00067744
00055768
00025696
00023515
00041069
00059487
00059083
00037604
00062362
00093479
00039545
00014755
00092784
00091775
00010853
00075842
00063664
00026199
00084826
00072772
00050002
00092385
00034400
00069403
00030751
00036536
00084879
00018031
00028516
00064899
00040791
00081825
00060987
00015642
00013591
00088158
00030542
00077827
00050988
00061538
00028813
00034976
00084422
00036396
00090793
00050122
00068433
00048496
00052247
00090185
00082164
00034425
00066367
00087882
00093883
00010708
00098359
00090058
00015652
00029761
00087806
00053481
00044506
00074668
00018289
00055802
00076335
00079791
00047957
00066369
00052204
00031065
00020060
00016377
00057763
00057153
00066282
00058643
00021514
00078268
00042794
00040205
00096557
00099297
00014216
00032882
00015060
00018775
00082199
00055532
00027751
00077862
00020166
00086716
00010385
00038893
00094659
00091491
00060587
00062687
00079686
00049423
00074074
00093210
00067183
00046258
00073420
00082583
00038273
00090525
00025904
00036484
00095857
00077398
00090570
00067686
00051268
00063563
00016698
00098590
00044356
00064137
00091019
00098829
00091271
00064285
00071061
00064648
00072262
00046122
00078194
00073465
00046221
00023858
00026507
00051575
00038807
00076857
00058444
00073696
00025323
00033820
00011499
00066653
00031459
00080188
00046205
00025366
00084952
00057900
00082833
00060359
00031549
00026735
00095145
00077009
00063246
00023124
00086270
00020377
00062943
00044371
00040154
00039315
00027101
00030382
00081536
00050024
00032597
00011439
00091976
00023253
00089353
00028955
00052595
00084359
00098991
00045296
00036005
00050915
00099454
00080122
00081800
00042218
00063756
00062037
00046440
00063156
00035870
00092171
00056184
00063132
00029660
00055492
00010346
00069446
00025387
00042840
00082500
00099650
00028036
00055374
00049184
00059908
00082548
00044644
00014690
00095893
00049790
00081397
00097185
00012408
00052416
00037639
00019559
00044438
00084184
00059369
00052164
00099278
00044372
00078185
00038262
00090051
00056499
00095126
00053662
00070476
00014880
00028187
00049443
00089863
00086913
00055598
00017797
00046332
00091958
00042582
00066639
00025541
00060753
00084684
00084811
00082131
00066129
00020635
00058062
00071429
00021360
00059093
00030278
00084689
00023351
00018568
00020699
00093836
00041445
00063259
00075335
00016804
00086799
00072888
00026451
00085972
00016631
00054486
00092032
00017896
00034605
00087923
00057059
00016085
00038281
00064932
00096576
00056939
00029766
00036385
00058085
00052231
00078722
00098855
00052374
00056966
00036618
00087149
00053840
00073011
00037307
00076191
00015379
00026690
00091115
00078957
00093621
00070137
00093730
00095943
00048095
00043504
00092982
00061111
00043970
00025467
00026363
00035815
00084039
00089716
00070004
00088324
00023393
00057406
00019342
00081789
00010289
00024045
00040172
00053807
00020622
00037164
00079952
00023160
00097562
00026306
00038714
00069488
00014686
00079837
00074879
00018760
00054778
00066035
00027647
00027594
00044365
00089507
00020737
00088143
00013652
00020381
00090671
00018237
00019144
00043171
00015437
00074404
00013457
00023762
00087233
00055902
00039182
00020062
00042743
00092905
00019766
00059981
00076985
00015340
00063309
00043952
00038136
00094272
00017054
00077315
00029244
00056113
00077711
00068666
00031902
00018434
00027056
00067099
00086209
00039729
00072084
00084765
00043603
00098541
00034798
00059901
00041170
00056852
00052550
00089965
00010431
00072196
00016446
00054049
00011119
00097202
00033481
00036314
00013111
00065236
00052121
00022949
00019850
00068840
00088562
00097927
00039292
00057508
00014998
00037827
00095456
00036873
00025114
00014283
00077893
00067063
00019156
00026605
00074394
00088345
00020600
00048189
00075351
00044057
00085956
00034560
00038651
00091314
00060143
00044573
00072641
00071483
00057453
00045347
00047694
00082598
00060229
00020259
00020601
00030799
00050701
00095040
00033826
00022684
00014874
00038287
00054097
00072336
00035007
00082533
00090925
00022491
00046674
00074310
00084444
00061173
00049822
00020415
00032961
00012576
00014945
00092448
00076099
00024504
00050009
00046738
00026609
00013554
00035716
00033584
00040406
00071645
00078493
00072030
00065942
00010776
00086834
00071049
00070273
00046189
00016308
00043070
00027691
00031383
00080548
00095419
00059230
00031817
00088766
00081704
00031753
00013749
00077966
00061993
00068592
00091056
00031868
00059722
00033179
00089326
00064415
00051856
00093035
00065390
00044161
00037238
00031445
00097002
00066958
00098781
00048181
00092716
00096580
00077867
00011846
00016614
00091869
00047089
00036951
00033313
00070127
00021196
00096757
00090594
00082217
00036460
00079242
00029121
00023144
00076022
00017135
00057667
00053558
00064613
00075800
00014913
00060799
00071786
00051618
00051969
00096203
00093634
00016311
00069218
00090245
00044957
00092885
00047860
00074128
00071816
00059848
00046103
00084967
00032079
00085247
00098798
00058068
00039115
00051560
00027637
00046114
00050567
00051568
00050214
00049930
00077061
00089968
00093517
00036297
00054133
00023220
00063648
00081193
00047033
00075953
00019456
00081176
00030466
00029278
00040047
00015603
00095767
00011488
00068527
00052596
00036839
00055803
00017198
00014047
00093822
00087607
00076775
00013362
00051601
00063457
00070644
00033499
00023255
00035013
00059873
00040274
00094973
00060861
00091838
00042150
00069812
00066130
00015564
00026658
00013499
00060628
00066032
00047632
00062691
00063167
00085227
00010348
00044377
00044494
00057091
00082456
00081127
00083787
00061503
00011374
00012443
00065933
00033750
00098342
00057624
00076796
00011404
00084319
00084478
00065326
00015423
00016132
00022960
00043988
00093817
00082858
00058499
00022502
00044526
00075193
00013981
00032575
00023397
00053431
00017432
00078432
00091948
00062962
00083955
00089206
00012238
00011730
00074540
00085344
00023986
00094276
00088781
00034374
00044641
00082804
00091696
00032707
00093734
00016507
00010074
00081661
00043804
00031081
00098804
00026211
00034180
00074593
00045663
00086152
00096046
00064654
00064859
00087589
00089517
00048569
00012736
00048746
00070121
00030478
00086010
00032104
00057132
00036512
00039189
00092616
00033956
00048613
00033443
00053629
00079722
00011717
00010215
00033911
00084456
00071615
00090444
00094024
00061273
00021993
00068416
00062423
00018845
00081524
00042271
00044672
00036269
00054737
00056342
00081738
00075946
00065381
00018414
00087916
00085475
00013175
00071595
00017735
00086370
00062433
00080879
00078495
00083984
00028122
00075552
00014035
00051925
00033592
00086789
00067492
00030417
00019595
00083729
00054784
00072725
00050313
00077318
00040157
00062443
00043270
00079177
00010083
00084190
00039644
00086330
00052295
00099304
00060849
00050088
00057148
00076811
00091290
00093982
00065185
00085832
00032651
00057213
00098262
00089055
00054323
00077528
00031184
00060207
00044204
00012718
00059692
00018790
00041394
00079061
00063297
00083558
00072794
00050111
00084658
00045065
00093404
00074429
00018565
00053129
00045816
00093967
00057008
00014529
00088475
00097529
00018384
00050113
00082688
00071420
00092545
00014721
00011773
00093329
00047171
00095876
00036239
00064079
00056632
00043223
00074497
00050104
00083751
00028219
00096212
00012522
00095343
00058376
00037978
00039891
00040036
00030258
00081771
00091122
00053508
00048949
00061379
00071381
00062361
00051177
00075867
00083623
00092192
00081730
00026773
00083534
00057007
00092335
00045251
00013302
00052521
00070634
00046676
00080951
00042536
00099492
00050459
00082330
00075133
00038371
00041572
00091253
00090079
00018287
00069399
00063869
00053955
00020015
00020018
00053353
00076212
00024873
00063587
00087237
00016091
00083644
00020641
00068341
00013605
00015931
00066199
00071923
00075489
00017988
00063575
00095449
00016901
00074099
00095015
00083272
00011380
00011443
00086670
00063702
00047333
00017288
00029730
00011121
00024677
00032131
00083419
00070359
00045974
00087224
00013162
00022696
00054022
00041044
00098123
00043846
00066804
00098368
00034784
00026056
00076556
00056538
00085823
00093838
00011791
00085299
00033208
00029247
00038221
00054960
00022780
00019662
00038847
00049077
00026738
00078927
00030033
00058431
00079672
00086927
00048563
00086184
00078389
00081707
00042581
00077729
00033810
00072253
00011533
00012832
00022714
00016243
00057603
00088268
00083111
00089165
00015146
00023045
00046365
00084126
00033776
00020796
00027528
00024592
00073168
00026721
00065149
00026831
00088671
00083517
00025133
00092045
00093581
00093347
00045586
00045047
00034882
00046690
00074133
00072625
00072024
00073930
00034765
00022790
00089941
00044033
00058740
00041689
00093184
00033816
00038775
00037273
00055179
00036554
00046837
00032942
00017378
00022630
00046091
00097348
00030547
00065768
00061375
00084685
00024840
00073160
00046255
00071482
00010915
00027779
00061794
00021535
00062607
00013550
00053989
00079225
00082514
00087929
00039832
00065882
00033784
00086301
00041458
00038910
00093386
00072853
00075503
00015775
00062757
00099627
00058352
00091846
00045046
00074285
00038403
00076619
00082486
00019748
00040202
00070140
00027828
00035548
00068410
00021693
00035481
00092781
00056781
00022574
00066377
00049583
00042353
00062460
00020702
00025560
00022245
00085574
00071459
00036245
00017921
00044919
00030987
00019871
00050741
00086779
00033555
00061451
00073133
00048997
00098835
00049918
00073492
00070503
00045471
00063680
00094142
00021586
00076144
00054877
00029285
00020361
00045022
00099818
00096376
00047811
00091218
00031067
00086469
00051678
00070386
00071787
00050485
00071136
00070801
00069311
00068958
00091978
00051425
00084081
00019338
00059856
00057633
00057960
00051436
00029014
00062887
00036633
00068950
00087502
00039002
00016814
00089893
00092060
00028474
00077316
00082311
00058627
00094187
00073597
00077753
00089032
00067252
00026315
00064485
00075127
00086467
00061944
00046548
00090463
00055498
00088952
00098839
00020952
00059495
00034909
00097092
00028544
00034881
00089080
00092821
00086352
00058979
00012287
00067525
00079496
00062668
00087508
00097884
00019584
00047543
00072732
00034806
00020419
00067435
00088490
00030142
00070934
00090260
00095534
00023966
00015328
00029105
00074438
00074316
00068378
00014081
00050861
00098926
00031776
00088746
00093203
00024207
00039334
00052944
00092232
00046576
00065421
00014507
00038770
00027983
00043851
00078649
00018992
00045604
00046695
00094949
00046413
00036590
00088178
00040678
00046984
00055248
00044457
00090866
00092676
00064594
00026426
00077670
00064891
00017302
00098135
00069574
00083829
00055369
00054443
00089733
00012204
00027761
00074588
00078433
00061611
00048594
00065694
00036190
00041822
00075058
00021908
00091772
00069097
00067875
00029034
00079720
00085001
00027554
00062960
00014518
00018159
00038592
00030343
00089072
00095949
00058862
00071107
00086123
00064556
00024317
00011157
00059396
00079702
00037277
00040450
00052920
00044184
00026943
00082839
00048137
00072457
00081510
00059307
00070721
00046208
00036540
00034607
00070130
00055462
00011368
00070674
00063200
00010082
00043927
00027329
00020599
00098825
00055690
00078065
00024953
00084808
00014069
00062387
00078472
00053675
00036771
00062076
00029525
00018834
00075727
00088591
00039587
00016719
00063708
00038097
00077656
00067027
00062730
00097746
00033542
00079643
00050014
00051048
00059758
00023807
00070497
00068318
00034275
00050991
00035735
00042590
00022572
00075824
00082652
00024209
00089746
00077495
00081965
00027150
00055197
00095735
00066179
00089741
00029617
00098475
00023377
00079402
00086521
00015945
00025920
00084648
00063352
00039566
00012964
00049581
00050738
00024021
00042060
00068940
00072538
00086136
00046622
00067057
00030592
00043454
00027482
00095251
00093678
00014092
00042937
00041535
00024543
00098604
00052203
00012252
00042831
00079563
00057012
00074988
00097718
00056210
00014002
00063326
00074557
00094159
00090427
00061690
00026893
00070954
00062622
00081143
00092159
00043423
00049132
00092927
00075666
00072965
00021961
00096070
00087020
00054211
00031901
00043172
00034885
00037174
00088457
00073914
00069055
00048724
00023512
00060124
00091249
00085919
00031043
00068251
00015563
00070575
00033840
00096106
00096065
00098795
00092366
00037799
00087412
00070599
00025694
00023878
00039348
00064063
00045799
00053609
00074684
00031935
00041038
00081182
00073333
00082390
00084468
00082978
00016490
00047050
00031040
00013068
00039565
00062001
00034414
00037041
00051334
00089976
00030888
00065429
00093157
00037855
00048258
00073850
00035147
00027292
00022428
00039514
00065798
00089574
00025189
00022777
00088891
00034062
00066123
00080872
00097915
00094321
00071879
00080146
00023065
00013324
00081970
00026035
00022159
00096197
00040488
00028542
00084493
00023069
00016462
00022166
00066663
00075268
00045105
00068213
00046285
00074042
00049622
00011140
00084417
00054540
00028241
00040178
00029155
00028026
00070658
00019179
00020427
00035497
00064608
00049894
00032631
00050066
00073307
00090657
00068333
00045178
00074736
00073253
00079214
00042286
00017034
00075924
00038341
00094933
00026172
00015351
00018278
00029466
00014514
00078145
00059662
00025930
00052498
00036133
00033449
00079882
00070277
00040072
00053489
00069980
00050232
00048903
00086293
00082647
00063353
00017448
00044603
00023642
00047047
00082727
00058874
00077989
00046720
00093238
00077839
00090911
00039533
00099459
00095317
00013106
00022338
00045973
00053584
00057832
00015951
00065227
00080247
00069888
00097214
00099333
00041921
00031570
00058795
00068705
00062798
00021480
00027411
00022288
00046937
00027925
00042318
00043027
00074697
00034468
00086567
00042422
00053810
00064290
00090315
00057273
00022842
00031838
00087124
00087168
00077093
00036227
00072193
00018193
00014594
00095641
00022913
00031761
00035577
00026300
00055200
00054480
00037950
00098882
00046539
00092933
00076976
00033604
00069398
00073443
00016866
00032164
00051947
00030772
00031132
00079671
00046681
00014229
00096341
00058437
00024054
00063762
00077287
00070427
00012406
00016060
00084544
00048264
00054801
00067331
00074147
00055405
00047483
00084378
00097111
00077158
00012900
00031031
00016232
00084752
00032272
00012170
00099500
00042371
00097114
00088282
00059175
00057655
00051679
00023326
00052279
00017075
00065657
00052672
00099648
00077713
00044758
00075130
00081025
00066095
00054413
00025672
00024437
00063469
00066073
00095651
00080849
00018800
00040840
00049796
00097071
00043797
00023888
00066383
00095068
00057646
00016317
00037825
00022588
00019106
00013764
00091171
00095607
00013928
00085755
00098136
00098846
00097316
00050681
00074660
00014278
00099977
00017399
00086114
00011868
00075571
00087640
00049779
00093169
00058170
00032135
00014856
00078765
00072547
00054838
00069410
00089975
00040468
00096612
00020328
00049573
00015263
00087478
00013183
00048341
00029896
00029134
00068223
00036068
00076783
00078611
00031200
00012580
00044664
00093829
00057251
00040325
00070546
00011981
00081239
00038749
00089440
00064153
00093021
00088429
00053311
00027285
00068684
00076497
00058576
00011864
00029256
00038818
00024130
00077264
00091496
00090659
00045174
00077410
00057730
00074173
00078984
00083345
00074486
00018199
00095288
00029221
00054068
00081632
00059935
00075201
00067668
00068681
00072593
00047098
00030313
00086327
00078952
00091272
00036891
00078363
00027825
00043648
00039606
00028163
00085154
00022891
00070928
00043994
00076707
00079540
00029892
00029243
00032901
00099057
00026973
00044252
00081596
00039901
00016548
00033148
00078384
00021863
00089550
00057554
00027923
00076209
00053579
00082045
00099964
00082931
00057786
00028302
00050062
00040213
00014404
00085474
00072907
00062948
00051513
00036182
00041102
00072825
00038482
00048249
00033139
00063499
00026666
00077666
00097475
00034072
00030758
00017194
00025320
00090697
00038279
00087251
00095774
00013475
00050372
00060681
00043045
00035844
00018528
00090046
00028266
00056190
00034954
00012843
00052216
00038064
00066965
00088312
00069988
00049199
00075087
00096285
00064559
00094368
00064596
00019816
00086766
00028512
00097858
00024434
00030952
00032012
00027012
00033219
00086279
00034472
00036064
00018240
00015703
00030107
00053824
00094997
00025181
00033012
00024760
00028487
00078928
00030284
00045886
00038710
00046187
00092803
00051013
00017987
00080984
00066796
00083916
00093680
00023795
00019343
00052568
00019247
00060496
00095045
00017206
00039817
00029541
00070446
00066378
00047417
00094376
00082918
00062182
00089991
00085325
00043283
00024771
00043780
00022535
00044766
00012752
00076076
00038974
00059445
00095773
00093913
00051281
00038755
00085597
00048837
00073603
00022247
00034900
00013130
00073136
00037410
00041758
00064941
00075745
00065958
00081842
00020406
00035448
00028212
00089604
00086881
00031895
00055515
00083485
00096218
00034161
00064788
00098474
00085636
00041438
00060782
00011414
00067500
00035116
00056654
00061880
00015050
00021467
00054555
00090461
00097661
00091161
00059019
00010187
00076805
00072061
00069185
00023146
00014573
00073527
00057259
00085102
00064997
00056500
00067569
00030650
00065069
00050080
00012535
00085293
00058661
00062209
00014843
00083903
00061833
00021936
00020867
00086561
00024051
00018275
00024829
00040585
00025132
00026708
00086883
00081770
00089524
00068653
00033053
00095119
00034164
00060415
00054717
00051058
00059955
00092509
00056357
00054324
00087913
00017985
00037709
00047676
00093466
00068724
00062601
00025025
00077943
00092339
00040206
00073783
00060942
00075508
00020933
00098744
00061074
00058585
00086195
00099825
00078753
00053947
00072897
00021197
00062595
00060033
00015750
00094908
00081120
00096143
00058565
00018215
00059507
00062553
00015666
00052441
00070791
00058459
00094576
00060601
00057126
00083978
00086552
00078116
00048872
00093270
00048932
00022843
00067648
00029370
00066325
00044083
00075660
00078807
00028873
00098842
00066741
00034714
00059554
00027362
00042850
00095331
00086817
00045189
00059810
00077874
00084013
00055284
00044783
00038192
00091173
00079043
00057652
00085442
00038559
00074973
00067303
00067194
00094752
00020997
00014243
00043011
00017424
00077948
00047229
00066988
00044197
00096405
00097075
00034010
00046028
00044368
00094084
00090943
00085690
00019418
00037934
00086967
00015644
00032039
00043476
00034686
00055732
00030323
00013863
00077546
00055294
00023968
00091932
00058122
00020546
00065763
00035449
00062755
00057908
00077848
00093783
00058673
00015216
00079910
00080745
00071099
00077240
00057362
00035238
00079505
00080554
00044017
00088862
00055787
00016296
00094697
00019674
00016930
00085522
00021343
00094681
00042260
00086251
00083243
00018284
00092222
00087460
00072172
00049437
00010328
00025466
00034244
00070169
00050613
00059716
00015997
00097646
00070780
00054943
00043754
00066977
00066485
00072275
00060614
00060561
00079828
00048759
00030457
00077797
00021859
00061143
00034119
00067285
00014782
00065075
00037106
00032168
00052810
00079845
00079683
00056053
00014955
00097912
00066673
00015780
00049829
00045669
00059427
00044748
00036669
00095600
00045100
00092702
00012281
00095009
00045982
00037389
00054488
00064638
00094347
00032819
00090564
00013041
00090348
00055465
00070046
00052380
00083808
00076821
00027876
00086411
00073076
00067271
00035746
00064327
00038758
00045456
00044504
00060952
00026573
00031890
00027614
00090808
00038253
00080987
00041328
00055753
00064809
00078494
00067867
00091285
00093676
00039936
00052237
00065707
00053087
00064105
00061245
00086546
00037618
00012651
00072840
00069957
00087847
00077226
00077608
00036201
00062278
00066338
00025470
00012435
00073225
00051130
00013265
00062744
00045092
00076986
00076349
00075028
00049310
00057621
00023136
00063303
00069038
00042810
00019706
00043473
00060857
00047124
00024599
00058906
00030460
00048918
00086252
00078246
00071126
00086609
00045536
00079344
00071989
00090401
00027336
00022215
00048311
00037118
00017197
00043302
00043635
00052752
00015685
00012995
00097838
00099058
00018843
00081499
00071582
00041858
00059243
00011478
00074831
00034457
00095393
00094110
00055495
00018554
00024509
00028220
00087089
00024055
00038698
00074787
00070068
00085374
00067199
00053707
00059299
00051949
00018958
00097446
00018648
00028071
00040387
00016526
00048213
00020742
00032235
00017290
00078496
00059154
00031182
00020272
00074426
00080821
00074309
00042993
00046154
00078118
00090402
00014159
00028580
00033563
00071059
00014020
00077659
00047624
00057505
00028310
00016686
00069048
00045937
00059076
00093927
00015145
00088370
00014174
00049118
00088101
00083772
00057200
00046960
00053779
00071017
00042032
00027902
00048776
00042692
00063665
00071101
00096030
00085269
00033183
00063890
00093268
00015048
00077242
00043775
00056867
00091970
00092142
00099019
00046829
00014950
00069539
00093847
00056865
00027765
00089279
00072752
00048824
00033192
00086365
00059133
00047532
00018733
00073227
00061357
00068732
00012300
00071237
00069098
00088670
00097550
00085875
00064493
00037442
00025638
00088528
00064482
00074007
00067488
00086878
00077363
00027786
00050896
00060686
00080620
00047871
00031607
00031860
00028761
00046820
00058505
00083954
00063043
00042979
00032590
00016653
00088488
00075849
00023435
00011894
00052569
00048127
00034443
00016535
00086575
00044527
00026502
00044288
00095804
00037026
00032546
00025462
00025473
00086651
00089828
00077063
00013070
00037141
00055617
00098000
00048830
00053406
00095594
00021649
00012401
00053202
00089675
00019642
00023482
00028390
00042698
00016193
00032615
00020974
00072380
00066330
00062616
00063592
00076914
00038669
00073432
00055502
00060739
00069829
00049263
00039957
00073090
00066247
00069766
00016973
00036033
00070901
00087780
00074182
00083987
00011319
00020539
00065878
00051308
00033118
00042819
00018656
00094173
00038490
00072543
00015550
00050172
00086587
00034341
00078247
00071953
00039463
00026787
00048957
00040194
00099089
00084613
00099677
00090769
00067201
00039261
00091270
00072331
00024451
00035152
00076380
00066137
00017740
00046410
00052135
00097559
00028339
00055052
00044835
00049346
00010614
00070563
00090974
00022052
00089305
00015630
00054473
00098158
00010068
00057890
00040129
00069027
00091060
00054522
00027506
00052150
00017884
00086498
00079227
00089747
00041441
00083835
00047377
00071224
00066596
00065066
00014199
00025635
00076550
00094279
00068883
00043439
00098670
00090938
00083878
00051957
00094036
00084237
00011610
00075675
00019762
00027607
00041596
00047413
00010292
00096062
00074780
00031412
00054198
00049326
00011677
00052775
00028844
00069105
00076719
00087242
00093018
00028616
00098594
00041226
00088165
00025933
00013452
00043815
00094799
00069274
00030773
00072417
00076472
00010309
00032614
00062473
00095121
00034637
00048477
00063484
00039298
00070737
00032165
00048169
00067153
00036614
00046928
00045284
00030151
00029653
00091085
00025853
00080482
00041536
00063864
00071452
00099191
00016249
00034395
00014830
00090900
00029451
00066275
00051352
00056800
00066489
00076772
00047190
00074105
00094727
00025869
00033427
00089027
00021421
00017704
00026754
00067280
00030229
00025950
00046111
00033244
00025528
00054757
00095920
00080286
00099869
00050086
00011731
00064675
00037655
00068100
00054854
00071754
00055231
00018879
00010626
00099793
00031618
00093707
00090833
00089778
00082239
00086801
00037424
00062591
00021287
00071904
00048215
00018562
00063450
00054938
00047188
00048679
00074530
00080042
00064743
00090500
00014029
00098817
00025816
00096572
00058737
00020748
00034989
00077687
00095974
00033242
00091557
00082371
00071337
00017329
00028029
00044798
00054664
00064988
00084966
00032363
00013200
00057841
00023128
00084316
00036615
00074720
00077216
00075874
00052814
00061548
00037236
00088309
00089735
00027357
00084602
00036808
00058315
00095473
00011676
00088966
00095125
00045300
00023103
00043059
00070956
00090147
00046300
00045903
00063026
00094264
00081144
00064948
00099464
00088476
00084288
00050479
00095147
00035031
00095459
00098995
00033027
00076576
00094088
00016878
00019165
00036789
00026724
00023074
00047069
00053040
00056596
00097889
00025315
00047516
00022956
00057179
00037303
00054432
00026357
00033615
00027957
00085326
00095753
00045573
00064461
00042049
00038378
00078034
00040733
00046673
00018208
00067053
00096973
00019532
00019494
00018140
00024324
00011957
00051589
00013029
00019628
00031803
00035567
00037753
00051689
00077429
00086095
00054954
00085007
00059125
00077961
00032877
00043599
00082861
00014123
00090139
00041236
00035387
00053319
00047537
00078630
00098333
00024631
00069232
00038526
00014115
00087430
00010358
00014117
00094698
00099063
00053158
00058647
00071115
00069336
00052863
00054622
00062871
00074647
00025294
00046512
00020068
00033439
00043600
00030006
00068899
00019882
00086643
00020815
00071273
00019086
00095469
00067880
00028700
00081805
00062127
00051771
00083970
00097975
00082531
00093743
00027672
00026845
00064368
00029238
00042354
00054377
00085747
00043911
00078055
00087701
00065941
00087990
00015936
00038395
00090649
00029684
00094573
00046089
00045315
00090548
00031829
00044482
00068827
00084334
00082314
00043596
00042971
00080875
00056672
00036775
00060051
00015247
00044595
00075406
00091121
00017962
00099859
00085237
00014353
00064420
00077127
00061640
00096371
00064377
00087208
00015601
00052812
00074141
00029232
00092075
00046569
00036233
00069600
00091251
00096655
00015929
00076760
00078822
00078570
00012767
00054553
00085394
00091605
00098056
00078141
00046642
00025863
00045826
00039081
00074590
00016408
00068348
00042798
00073649
00033314
00085720
00039269
00034963
00037172
00038614
00049399
00011434
00028866
00048778
00056648
00087418
00044230
00034459
00032101
00026710
00076764
00020587
00013388
00053963
00093757
00049302
00066086
00012277
00070142
00045662
00033458
00014820
00027538
00095026
00067478
00021151
00062679
00036878
00010334
00028889
00073585
00091596
00013465
00018165
00012476
00013426
00032004
00018810
00036616
00043932
00038856
00048443
00072001
00023438
00015288
00085697
00018143
00031628
00079865
00028451
00031853
00032293
00049270
00040660
00032883
00070820
00051732
00084473
00083988
00062485
00050156
00042450
00041209
00069981
00091595
00071800
00097101
00036860
00052045
00049806
00018570
00045317
00021460
00080116
00028391
00062762
00054908
00050487
00012841
00015083
00045167
00088179
00059556
00064432
00070736
00016303
00088069
00020136
00065245
00097966
00033124
00085761
00079719
00014831
00061134
00097399
00022936
00098063
00092952
00016183
00071498
00099087
00080062
00054922
00026955
00033255
00081322
00032805
00016966
00025591
00090084
00027138
00097941
00041036
00039770
00032446
00021797
00059637
00088923
00011664
00029979
00078179
00055085
00035920
00048635
00066483
00026828
00053528
00056874
00062356
00042078
00061381
00020107
00080485
00047505
00053694
00089714
00059641
00083731
00047282
00014833
00097250
00085033
00057719
00099204
00054466
00053736
00078922
00084819
00032449
00080025
00088568
00087081
00085795
00029002
00058067
00041293
00086991
00018093
00089201
00058295
00017417
00070812
00098900
00042933
00077225
00042215
00056828
00054695
00039540
00097453
00047071
00037517
00051388
00020412
00011601
00091399
00071485
00088949
00087085
00094711
00088522
00062699
00047654
00025078
00030669
00013043
00053314
00038513
00040439
00060058
00071911
00039349
00040009
00055833
00026492
00025417
00051122
00018005
00043971
00087939
00079281
00055825
00087862
00032644
00046514
00088274
00057133
00059416
00061133
00041984
00056999
00030842
00072550
00042436
00043496
00075603
00060654
00028611
00043182
00035137
00026985
00041941
00088936
00034231
00032895
00067281
00097743
00054165
00092461
00024333
00043188
00041511
00043422
00039180
00011873
00088466
00043110
00010055
00044941
00056719
00057085
00089268
00034451
00037769
00040854
00090914
00071185
00059442
00058804
00057831
00046742
00049746
00035262
00023249
00040863
00034971
00090025
00016456
00073101
00055565
00071345
00088171
00018765
00087907
00066154
00015793
00010456
00083216
00089231
00011770
00090452
00086672
00016087
00098797
00085966
00033595
00074336
00066484
00096734
00062450
00087514
00049398
00037241
00027870
00048982
00065728
00050340
00052644
00052364
00097929
00083756
00073170
00041378
00053242
00020790
00076679
00084445
00063179
00050563
00079602
00074837
00075838
00072963
00063285
00080015
00082627
00037779
00017731
00060787
00084919
00046818
00053656
00053799
00034834
00094851
00018808
00082256
00088031
00079818
00097748
00063645
00020247
00017582
00062431
00035241
00093214
00050046
00070087
00060248
00098689
00041732
00096669
00023937
00076036
00052951
00035691
00095345
00099432
00068339
00071096
00055805
00098697
00048359
00084724
00060629
00046203
00031659
00077879
00015363
00084910
00010036
00043249
00048047
00023800
00015345
00044657
00049957
00029548
00045137
00010321
00046120
00047896
00024962
00028061
00082770
00018852
00067771
00038534
00016349
00016893
00022546
00072741
00043261
00073484
00048128
00047064
00025357
00034160
00066585
00032200
00074311
00038911
00073577
00091426
00060646
00038730
00020108
00041829
00042755
00047766
00026509
00051502
00088968
00063921
00080359
00034764
00047244
00050816
00067646
00071204
00042431
00056194
00064019
00030436
00014467
00050669
00092587
00036754
00017347
00032223
00011976
00017723
00053987
00019170
00067572
00061055
00062124
00035073
00037132
00091186
00087578
00071585
00037071
00067322
00055414
00089317
00020359
00098235
00059625
00019158
00097725
00077451
00090190
00066460
00080535
00083579
00044730
00078549
00012141
00030095
00020656
00025846
00042793
00075786
00096392
00075500
00025984
00054925
00096476
00090057
00018304
00062432
00061222
00095051
00026815
00050695
00055683
00037198
00012918
00017935
00097837
00084094
00039997
00086871
00022560
00083770
00047497
00085042
00060821
00098690
00035819
00096430
00062653
00020961
00090917
00075802
00054127
00096384
00037065
00048392
00083581
00053977
00071881
00036982
00071965
00014044
00017984
00053425
00024007
00068784
00044007
00074542
00093406
00033469
00096334
00048388
00092474
00038932
00096865
00074992
00030215
00040039
00094023
00051447
00079385
00039279
00028128
00094388
00055286
00067763
00025555
00068573
00057620
00091774
00076924
00020809
00060233
00075692
00062050
00053270
00048614
00082776
00044021
00076910
00064590
00069837
00078899
00083187
00027741
00083493
00052257
00021774
00096567
00033157
00043440
00059165
00078939
00029675
00055105
00071343
00081697
00024406
00069477
00058321
00098028
00014676
00025982
00017584
00014736
00012533
00043936
00027715
00064305
00015504
00019565
00099744
00075790
00038040
00040966
00081498
00062147
00046973
00027883
00075914
00058017
00077700
00061323
00058357
00026745
00056196
00091973
00025732
00093451
00034047
00079778
00063004
00037850
00050940
00028906
00018718
00063324
00024356
00026801
00046831
00048546
00033340
00040570
00061990
00074120
00059220
00080725
00020089
00043229
00072396
00079973
00057389
00095355
00067032
00029828
00090249
00089188
00075482
00034356
00077393
00013856
00046860
00075855
00093762
00060417
00017141
00054544
00098655
00081828
00086869
00069638
00033924
00083094
00039551
00021096
00023331
00013380
00063741
00040236
00065058
00057949
00054387
00086955
00028551
00056548
00025347
00049155
00089805
00076763
00088613
00027117
00039658
00093319
00022514
00095994
00039973
00091351
00067041
00088848
00051971
00077396
00083910
00063994
00042912
00035219
00099424
00043788
00083647
00070507
00030162
00094662
00096549
00030864
00042914
00084929
00015490
00097990
00093149
00026725
00062248
00022153
00059870
00058198
00081183
00096399
00014097
00029868
00023391
00028125
00073287
00030849
00053165
00083478
00037726
00062597
00026920
00081747
00038346
00099580
00014324
00087283
00064922
00099629
00088860
00073714
00060565
00094081
00019271
00095973
00039296
00056069
00043010
00099354
00033705
00086231
00016854
00068651
00011012
00028257
00093338
00048075
00017418
00044066
00010808
00051222
00055097
00095892
00098889
00069434
00091632
00083359
00017468
00051093
00029216
00045001
00016950
00092332
00059308
00049657
00058046
00043785
00048521
00035300
00062825
00024641
00054817
00013623
00058318
00070988
00048984
00084159
00010185
00070754
00059378
00019347
00023556
00051609
00039049
00035136
00026591
00091430
00087942
00073596
00085000
00083273
00037168
00069112
00025727
00090810
00064148
00040119
00063903
00067750
00014970
00033344
00012035
00024890
00099184
00052573
00075403
00049504
00066472
00027026
00064583
00018417
00057751
00014232
00014813
00056634
00049937
00059602
00092374
00053893
00052665
00024251
00080546
00011161
00073911
00055362
00013544
00046210
00088157
00062222
00079101
00023819
00032435
00019279
00058336
00079343
00054082
00080003
00059717
00068908
00089017
00013734
00059566
00074132
00050774
00052406
00058898
00080361
00051842
00056326
00021543
00076768
00075394
00038752
00099096
00066962
00027267
00045585
00078623
00023583
00016556
00019538
00038589
00062992
00026824
00084671
00086119
00096719
00046517
00053102
00019021
00040169
00091684
00034377
00048173
00093147
00023171
00086912
00077272
00097670
00062700
00092399
00083046
00073848
00059414
00016372
00064842
00087477
00062211
00062832
00078992
00056253
00077929
00058486
00078004
00050229
00047917
00037014
00022319
00026195
00070947
00081349
00021018
00064387
00077305
00057024
00044886
00054325
00044102
00024947
00028298
00013032
00032025
00011137
00080182
00013969
00099318
00074569
00097930
00041077
00090202
00082196
00059462
00012007
00090337
00024568
00022185
00019325
00028224
00062311
00062441
00013948
00075580
00060078
00071674
00047628
00018120
00012719
00081520
00093917
00070734
00065770
00024994
00085930
00014061
00057395
00046353
00027343
00044803
00044534
00083498
00037948
00019821
00085313
00072133
00028124
00049138
00023070
00032072
00031696
00054831
00066647
00053007
00078507
00014432
00063221
00082638
00055166
00097631
00096622
00074029
00029425
00057909
00083377
00096704
00082555
00082965
00056651
00033306
00038724
00050405
00050847
00081674
00066087
00073793
00092069
00029255
00031099
00079208
00042460
00033402
00024964
00063454
00041587
00085879
00077472
00030626
00051000
00097347
00075129
00018647
00053591
00043221
00079063
00041191
00037098
00077181
00037414
00025465
00066319
00070965
00072075
00051642
00077266
00062162
00047641
00089422
00088359
00035413
00020264
00090431
00019967
00041276
00036333
00027268
00068255
00075379
00093892
00095271
00067106
00012674
00069595
00086870
00092243
00057408
00012274
00017261
00092246
00019071
00027083
00069120
00087807
00056052
00043355
00058988
00037938
00018319
00040321
00033719
00030970
00030365
00040855
00077044
00039893
00052908
00080026
00080594
00049307
00088895
00037431
00080413
00026512
00012076
00025938
00014885
00062394
00040598
00091843
00061892
00049670
00047170
00047443
00080691
00083608
00052978
00062930
00019645
00050105
00091543
00030251
00028371
00078006
00024046
00048956
00087790
00036834
00021942
00064705
00033147
00024919
00094922
00079104
00064139
00016131
00043711
00098973
00056179
00030475
00029577
00083672
00072982
00094831
00059131
00045853
00069338
00091584
00086135
00096772
00053911
00088504
00019109
00015433
00097806
00091049
00020464
00032241
00057303
00014883
00079467
00085314
00062816
00099689
00081488
00097924
00045344
00095708
00074520
00029511
00038078
00072727
00015382
00037285
00085525
00074414
00070733
00061581
00074732
00080587
00059582
00061565
00034991
00031275
00087625
00037112
00055780
00077680
00051759
00016776
00032430
00080645
00054602
00023179
00031196
00029853
00014900
00079481
00048809
00085728
00071138
00031883
00016533
00069327
00011059
00022464
00074639
00013599
00078094
00049095
00090285
00030028
00011235
00051624
00072760
00078677
00015246
00048111
00047488
00014055
00046809
00072672
00051641
00066471
00013081
00054547
00080358
00057737
00045413
00094363
00046714
00057932
00075075
00010041
00011375
00039371
00066676
00087914
00012366
00079992
00055795
00055013
00095488
00042103
00031825
00016711
00098002
00015260
00089240
00093714
00096446
00079325
00024779
00057290
00040696
00010505
00099442
00055663
00079713
00078537
00070107
00058075
00057032
00019792
00067601
00098010
00060886
00043319
00058228
00016770
00051107
00022679
00058392
00062990
00032731
00033278
00083768
00039641
00011919
00013064
00059796
00071402
00086827
00064960
00049831
00055535
00029765
00025657
00015173
00034659
00041750
00020336
00046849
00042799
00041502
00042710
00036359
00013420
00055491
00020471
00045668
00097191
00075146
00069302
00098495
00039338
00034612
00075947
00019038
00062071
00015051
00023260
00088123
00053191
00071491
00062865
00025739
00035704
00069364
00065474
00035504
00034074
00072494
00074346
00095505
00068303
00018499
00038135
00024035
00084025
00065691
00079456
00084643
00085123
00080171
00099135
00096122
00067216
00033433
00074710
00025860
00078314
00094166
00030446
00033980
00077170
00061263
00055161
00045883
00022028
00089591
00095382
00066329
00070391
00091058
00055816
00085949
00093775
00080385
00095221
00062953
00024117
00081929
00021963
00063129
00033515
00067101
00024152
00016939
00035039
00084876
00065551
00036940
00063560
00056698
00064193
00074218
00049651
00089388
00098937
00095319
00051805
00083755
00098554
00060771
00049498
00081515
00031230
00010823
00077251
00066387
00045599
00041356
00023378
00018539
00018293
00069063
00085081
00056824
00022758
00098300
00035872
00066259
00077946
00039571
00015012
00028079
00051465
00099931
00024182
00017672
00051337
00036065
00023665
00059465
00081164
00013196
00039358
00069536
00098205
00073461
00088186
00053604
00040233
00034657
00094808
00028389
00020642
00034723
00077434
00015695
00043337
00058703
00012635
00062446
00024966
00054853
00054247
00073466
00068926
00065547
00030120
00013387
00061768
00026445
00045131
00024916
00091929
00099340
00096369
00022065
00029735
00075760
00031291
00010008
00052223
00044322
00074884
00038236
00032836
00057792
00081382
00084541
00095501
00045411
00059757
00051653
00025510
00026093
00097444
00087447
00063657
00043414
00072052
00081832
00048542
00098830
00046543
00098259
00098051
00072743
00025538
00052132
00094889
00013323
00019210
00015333
00080630
00014114
00073193
00018991
00041019
00039438
00097227
00022179
00088868
00051510
00032921
00056496
00031850
00048272
00052097
00057100
00010943
00026673
00048526
00019979
00099125
00070300
00084496
00038676
00092110
00043466
00012190
00054092
00073348
00010677
00010370
00096703
00016502
00061834
00012738
00073273
00012223
00095732
00081503
00047156
00024383
00094453
00034394
00059095
00075217
00071609
00013327
00081782
00044449
00045143
00066260
00039939
00031806
00070400
00012197
00040177
00071000
00083008
00035887
00082664
00017246
00066292
00022537
00079670
00099074
00086678
00016321
00085658
00052905
00069608
00021255
00019017
00073846
00033952
00031178
00022190
00048416
00021263
00071752
00020671
00060884
00052428
00024954
00047251
00032222
00045833
00033526
00081288
00056626
00038263
00038319
00057479
00046700
00027776
00073803
00061444
00084363
00077233
00088729
00086494
00074918
00023489
00076971
00063338
00049408
00043220
00091669
00045589
00040984
00054919
00020234
00015154
00050052
00086107
00079198
00012484
00029943
00036641
00027406
00079585
00078628
00017420
00088933
00087409
00072139
00022062
00012472
00090225
00038436
00086148
00018403
00015994
00017427
00069774
00019963
00027465
00016979
00093375
00040251
00072006
00046135
00050917
00036833
00080095
00046360
00010011
00011101
00086641
00020374
00010452
00065783
00025619
00047780
00061873
00056779
00022160
00062937
00055812
00068949
00079640
00082453
00021414
00060651
00066944
00074589
00047733
00072521
00056145
00028609
00035370
00036271
00010637
00073967
00023106
00011614
00010742
00081356
00059599
00080736
00084749
00035576
00061088
00057756
00074776
00096964
00067025
00064923
00074981
00058029
00090064
00032479
00073575
00060419
00079955
00046816
00096839
00012993
00052890
00014286
00095900
00070360
00063094
00092381
00051238
00022296
00017070
00045521
00095186
00055984
00023911
00067121
00089424
00094814
00032503
00097876
00064761
00092502
00048667
00077584
00038091
00028037
00066224
00010273
00042402
00087746
00098712
00089014
00076997
00068770
00043667
00041862
00024387
00010714
00045376
00012673
00079031
00035594
00039833
00023951
00049486
00042094
00098957
00054663
00038519
00046753
00038905
00062935
00076283
00066039
00055125
00012641
00023649
00046667
00039697
00044134
00051187
00048866
00066502
00012430
00073185
00075052
00033916
00010344
00016444
00083435
00047269
00061319
00039347
00015151
00032507
00043899
00065418
00075142
00087204
00044579
00070003
00038494
00029274
00019432
00096368
00029361
00031512
00013896
00086756
00095506
00040045
00020800
00014564
00041755
00026487
00077498
00085608
00095820
00050201
00062854
00078322
00013299
00093475
00042646
00053441
00066590
00013626
00092001
00054023
00087618
00084905
00098312
00036084
00080000
00077178
00064144
00030411
00040316
00036596
00090537
00065180
00076889
00094547
00017100
00040689
00082947
00045565
00015276
00044858
00047907
00080052
00056780
00055962
00013821
00089635
00076027
00078208
00014718
00012816
00016285
00010806
00035024
00053351
00066803
00045390
00045208
00088008
00082398
00035487
00044586
00035117
00079494
00033741
00014555
00083962
00093618
00075876
00087463
00049311
00043250
00013409
00042134
00047007
00058859
00099843
00081191
00017496
00092691
00039375
00058774
00018467
00037329
00015788
00022088
00080653
00074189
00020814
00053099
00083196
00037027
00058395
00080555
00011532
00065194
00067218
00057488
00025105
00059765
00096481
00077299
00031983
00088625
00091296
00088325
00047877
00043160
00081198
00076928
00028513
00014147
00065939
00015265
00091124
00095898
00097752
00011995
00075750
00074957
00090115
00043805
00065709
00070304
00010029
00057458
00026003
00090534
00082088
00017702
00085264
00050825
00011724
00044710
00061499
00081595
00057442
00085074
00086048
00091509
00019252
00049028
00073260
00020770
00052911
00019573
00041578
00050247
00068704
00068892
00039612
00081891
00073552
00056983
00053140
00094798
00021394
00087637
00015561
00064459
00056036
00020931
00076753
00093935
00078812
00085133
00053110
00044877
00087061
00027720
00078730
00045869
00068169
00046826
00030525
00037368
00023562
00086207
00061594
00068202
00087837
00014102
00065953
00025987
00018157
00075922
00031271
00093378
00028792
00037544
00066404
00025905
00068463
00025398
00046586
00067335
00037413
00024453
00045858
00031321
00080771
00046956
00041869
00073147
00073252
00044348
00033988
00097237
00019839
00091156
00076586
00063293
00041142
00090199
00030717
00015735
00052561
00056331
00067274
00051573
00070817
00054311
00046835
00099190
00030418
00036137
00079179
00074815
00073458
00032334
00095426
00077098
00019057
00023853
00077246
00052945
00030894
00093376
00066448
00089498
00091431
00095868
00043443
00042548
00042424
00056067
00051610
00042203
00065820
00060346
00030760
00050706
00061610
00076598
00072300
00012686
00091638
00011378
00096451
00059996
00096940
00034883
00086811
00076181
00048963
00078844
00026201
00064321
00059787
00044728
00095880
00087901
00042059
00049305
00063034
00036708
00051567
00021289
00017193
00045566
00086092
00089772
00034952
00014965
00075287
00074371
00062855
00018721
00072652
00029914
00092569
00056338
00075295
00047357
00073589
00079849
00059212
00025629
00085043
00072411
00097372
00075568
00099734
00092427
00010629
00066687
00052400
00023908
00015546
00022265
00044691
00071465
00011729
00053708
00065934
00073786
00045744
00052029
00041503
00060688
00074089
00027952
00031495
00029738
00063514
00076826
00024137
00015758
00085783
00016779
00081912
00070595
00064449
00040043
00051866
00050857
00087834
00024928
00052240
00096474
00011271
00060524
00047778
00029829
00052075
00013586
00062639
00091201
00039725
00063806
00030716
00074539
00058837
00092548
00015223
00074959
00075493
00083540
00092810
00069784
00097610
00013642
00053655
00094766
00020236
00065372
00077099
00074017
00071553
00083727
00032923
00052351
00049405
00033910
00070747
00037656
00019552
00035652
00030187
00030873
00028625
00051606
00017200
00089804
00030511
00061013
00071319
00028269
00083779
00017717
00013272
00060937
00094917
00052083
00074081
00064971
00017610
00026661
00068843
00061105
00052348
00076552
00039157
00079183
00017699
00015625
00047915
00089919
00091486
00031139
00056593
00074365
00083640
00013967
00015206
00026385
00077152
00017481
00053567
00099059
00016839
00069507
00070788
00093819
00018181
00020211
00013841
00053245
00065867
00078881
00016822
00053906
00080484
00024563
00088877
00039895
00032971
00087755
00069225
00043404
00069511
00056904
00080802
00036326
00022370
00079075
00064790
00013523
00077106
00073724
00098729
00042532
00060864
00062934
00028196
00092341
00080434
00023743
00029115
00070337
00036435
00073478
00045719
00027320
00090828
00052274
00028059
00052440
00059577
00028014
00062705
00062751
00061911
00037524
00096072
00086332
00099091
00060617
00084203
00099141
00060070
00054456
00031391
00035676
00090017
00061403
00023122
00057275
00014165
00089875
00035216
00078660
00066941
00071981
00046988
00079729
00024091
00035088
00075424
00085969
00018745
00095955
00078044
00084249
00030036
00047745
00081781
00061218
00051136
00088807
00062290
00021079
00011126
00060675
00040621
00065755
00091888
00095353
00027466
00066279
00022825
00047884
00016765
00047249
00035641
00041818
00029111
00079716
00075105
00060284
00025037
00064143
00028501
00030448
00013325
00081232
00090405
00077858
00061364
00058903
00014119
00052252
00080364
00085331
00060851
00060037
00013037
00031269
00072178
00053177
00064155
00044723
00034283
00070288
00055168
00086581
00027293
00071726
00030565
00046703
00064676
00045746
00061113
00058825
00058865
00073286
00051174
00083937
00095248
00016496
00054282
00097166
00041362
00068321
00045309
00063279
00059094
00066249
00090843
00041066
00071089
00026065
00078489
00039726
00087577
00068488
00096023
00081078
00087740
00034779
00017577
00027978
00036163
00091240
00093052
00012321
00073508
00094709
00080995
00093398
00096232
00055801
00066820
00011415
00047825
00053909
00019199
00013733
00024282
00031288
00076612
00069566
00067598
00013936
00050365
00015593
00057606
00010463
00014879
00094867
00021021
00064647
00025217
00083424
00034109
00038072
00011527
00079982
00010609
00050608
00078015
00018844
00058662
00037029
00097380
00076397
00038997
00031640
00091495
00093134
00048361
00091724
00062040
00021934
00020958
00094829
00038274
00099614
00057178
00047324
00077854
00030051
00062822
00090595
00084971
00051695
00083185
00082663
00024136
00028828
00062459
00047682
00053929
00049586
00061432
00086466
00045118
00085846
00076881
00084100
00066541
00084827
00067198
00095460
00083543
00033607
00026750
00083076
00028101
00014340
00053969
00087243
00062800
00085514
00062712
00013100
00028682
00044241
00042288
00094263
00076248
00055191
00041479
00045786
00052359
00033877
00026235
00021056
00097805
00058618
00079167
00024298
00086946
00099807
00064056
00082625
00060059
00048471
00024701
00064696
00011975
00072660
00017889
00031561
00024995
00027313
00027158
00056601
00078475
00047690
00057248
00016272
00017195
00091587
00049592
00011708
00025675
00058436
00051393
00019398
00074536
00087721
00070398
00029752
00078339
00036715
00044211
00048451
00047800
00063164
00023281
00032963
00040080
00033678
00080838
00057217
00047611
00014034
00077675
00062849
00032755
00082232
00036918
00066948
00018577
00093921
00027121
00089329
00089308
00053589
00078618
00034750
00032747
00043323
00047512
00048153
00082202
00057390
00071288
00084581
00056680
00011784
00054910
00095647
00071069
00038092
00034972
00092830
00074743
00077235
00024892
00084865
00020806
00051598
00097790
00031786
00031705
00062261
00056050
00065368
00039467
00028351
00054003
00085105
00017452
00033792
00010929
00081299
00084592
00093220
00046462
00086656
00074625
00050686
00052267
00095617
00094680
00028571
00084098
00029184
00063724
00020227
00074650
00074834
00049977
00039082
00065529
00016729
00017385
00046983
00095115
00062853
00021094
00090681
00042665
00017061
00049938
00070796
00076588
00017232
00076516
00053928
00050552
00077975
00094641
00016588
00090436
00084169
00073408
00082218
00045450
00060095
00080900
00027994
00062537
00028423
00073377
00096150
00014205
00089678
00057502
00045793
00083936
00031082
00016357
00037715
00045053
00061034
00019944
00060583
00079046
00028878
00076199
00020720
00042855
00018280
00087648
00044979
00068819
00090293
00027754
00019968
00099653
00029640
00044468
00028146
00026549
00069217
00034801
00037993
00049006
00059596
00021043
00070777
00033627
00023455
00066790
00052698
00066823
00039300
00099989
00087615
00016659
00037872
00020824
00021557
00081974
00031499
00049191
00023346
00040318
00064545
00054829
00063378
00013677
00098616
00089357
00028907
00090351
00054364
00066497
00065405
00045807
00068700
00053298
00082345
00047637
00061516
00088642
00042446
00018253
00094211
00053913
00081723
00057761
00041154
00022292
00077273
00088785
00015271
00067414
00097208
00049260
00018824
00024755
00045971
00087695
00067084
00091079
00038045
00093732
00043591
00024842
00020603
00081363
00032530
00036026
00072508
00045467
00012669
00067131
00076780
00018746
00035204
00048140
00072425
00012069
00041295
00016722
00055727
00093092
00032786
00096967
00036509
00032912
00071406
00038059
00019838
00022330
00082573
00047309
00015032
00040837
00026855
00068831
00022785
00030658
00013185
00021890
00032937
00034434
00067117
00060760
00081442
00050974
00080929
00074190
00043966
00092315
00046232
00068795
00014679
00055589
00048753
00083492
00010422
00092492
00080595
00041815
00068194
00060872
00067851
00079473
00087028
00087537
00066355
00057483
00029343
00062968
00085948
00081920
00066555
00079320
00023564
00019647
00068951
00056241
00036069
00078515
00047630
00084091
00014099
00042258
00046822
00082305
00015450
00020714
00015519
00014262
00082237
00045033
00099408
00040674
00090264
00082363
00063600
00032170
00013444
00020202
00073886
00039570
00059045
00022947
00083097
00025318
00065606
00018316
00097343
00044275
00028917
00046728
00099942
00060193
00081806
00058838
00034151
00029071
00058822
00097109
00054791
00089748
00015478
00066051
00026924
00083313
00099560
00063603
00058530
00048135
00034178
00016559
00085774
00094890
00037441
00038426
00039911
00070270
00032814
00069670
00089835
00029982
00038299
00023996
00072584
00047026
00024770
00026503
00065249
00050964
00041162
00028005
00085679
00068240
00028091
00016762
00037629
00069020
00096527
00018551
00031913
00065333
00090003
00025448
00052146
00059944
00039270
00087397
00022680
00095247
00036425
00041493
00098954
00020515
00012072
00071676
00068588
00031186
00095373
00074822
00030960
00079804
00017282
00051936
00052730
00023841
00038137
00012231
00017976
00021898
00048571
00015152
00016105
00039698
00037161
00032648
00031071
00013491
00058676
00038718
00041009
00017913
00096848
00027950
00021608
00042343
00035222
00014346
00023096
00062858
00025092
00056705
00077457
00084860
00051705
00053800
00046305
00093551
00037421
00066111
00032625
00096268
00041243
00061185
00014927
00060353
00057317
00025076
00056873
00014381
00075952
00027171
00092400
00027505
00065961
00027793
00039636
00047970
00054470
00033485
00071659
00045954
00081098
00043671
00089692
00010973
00015918
00070967
00040278
00069984
00070202
00081494
00010839
00073501
00070646
00090040
00068618
00071097
00066307
00094728
00051917
00042841
00015214
00089601
00093970
00038472
00033050
00038712
00094625
00079675
00056139
00056585
00084746
00039854
00024418
00073804
00072412
00053896
00069750
00026217
00016382
00033756
00092493
00047134
00021880
00068493
00029005
00024169
00048777
00029651
00054229
00059966
00034034
00088133
00067422
00051330
00077288
00099769
00076412
00039429
00020099
00068245
00024831
00072985
00079062
00087824
00066536
00016200
00087213
00056934
00054333
00033270
00075298
00089573
00037042
00012943
00079477
00051993
00076784
00072010
00029941
00043124
00048242
00015011
00083841
00051381
00079250
00030154
00011290
00013885
00089252
00050694
00077832
00016149
00048344
00099760
00046740
00045958
00043511
00076247
00021308
00034376
00085303
00025197
00070975
00033417
00010848
00046573
00086283
00055929
00020673
00016229
00045443
00057170
00052694
00033753
00081399
00078102
00097192
00091141
00090721
00091890
00087551
00094330
00017083
00064309
00049553
00046547
00073741
00095092
00052891
00027558
00015084
00071378
00095565
00044370
00012187
00032667
00083606
00053307
00069070
00030138
00036611
00065342
00047870
00031787
00045525
00049588
00086464
00050831
00077483
00057506
00051688
00017115
00058619
00084166
00097472
00097068
00090977
00022055
00054874
00057745
00058171
00012113
00049767
00065919
00075227
00071499
00047880
00023876
00053755
00067444
00071210
00059215
00035417
00075420
00078402
00066420
00065848
00072450
00098527
00098468
00018420
00044860
00095095
00021847
00047993
00039150
00078007
00095653
00014294
00093199
00058850
00097717
00040964
00060542
00066135
00074993
00045126
00012582
00019877
00016744
00055968
00028751
00087202
00013568
00020075
00055238
00059967
00050029
00039440
00030793
00077165
00022113
00086067
00043061
00033297
00076334
00094451
00090985
00069747
00028190
00076346
00056280
00010475
00041252
00017435
00079222
00085165
00040584
00057486
00044155
00015762
00095398
00076700
00012827
00033841
00081907
00045430
00051863
00078072
00029904
00036499
00071145
00049087
00023304
00020129
00077864
00066145
00066473
00071385
00040232
00074494
00072875
00026823
00093928
00034117
00040396
00030373
00020182
00037879
00010443
00097528
00083944
00093395
00023472
00066780
00071439
00095938
00025994
00061980
00012110
00027463
00066547
00089982
00096590
00079077
00019098
00024181
00022237
00067353
00035611
00011331
00057118
00079756
00050284
00022479
00039882
00045844
00087481
00045915
00025469
00092785
00083304
00049493
00070802
00056405
00084701
00070961
00046948
00087252
00070363
00053853
00042285
00048316
00018129
00014207
00043062
00045517
00020653
00021175
00014138
00039225
00019800
00035767
00077395
00034616
00016381
00028259
00010653
00040384
00078125
00073646
00035083
00015487
00049759
00046277
00021814
00014602
00069023
00079510
00094246
00052894
00072039
00021072
00059123
00072960
00069801
00073989
00019649
00068750
00029533
00095185
00059061
00064218
00025841
00020904
00036523
00087704
00046416
00016350
00094976
00023568
00060846
00011355
00042526
00024712
00038183
00024483
00019989
00062263
00096691
00076822
00097949
00042467
00057412
00048881
00022251
00070193
00091365
00019855
00074491
00045150
00083618
00066422
00037111
00031820
00033413
00066592
00090201
00039501
00087429
00056227
00063212
00026243
00051907
00095440
00060658
00074700
00085760
00038853
00063549
00090252
00013148
00086068
00039808
00054234
00031697
00049412
00032452
00057760
00060850
00073755
00091764
00040757
00099883
00014415
00061303
00067520
00067184
00064448
00030921
00077426
00097489
00097676
00042992
00011642
00046478
00075893
00081529
00090343
00012977
00057257
00016876
00035323
00094912
00084881
00059325
00063209
00038658
00048913
00078826
00081904
00062736
00022816
00019459
00069974
00010648
00048493
00029485
00042978
00081878
00017828
00028240
00025831
00057003
00055548
00037686
00021027
00018317
00028455
00057946
00017314
00075939
00024239
00082734
00051127
00028883
00021804
00025533
00046149
00053317
00044306
00076526
00043206
00049402
00017305
00014201
00018668
00025152
00057947
00067247
00038648
00072518
00039036
00090469
00095262
00087897
00043861
00033529
00086133
00050328
00022827
00058687
00040876
00029850
00063446
00067575
00083395
00042000
00065775
00050835
00073677
00095814
00042784
00086455
00018862
00064322
00026763
00062338
00062018
00076618
00017736
00094441
00036800
00075219
00029672
00085928
00033376
00055783
00095884
00067475
00036281
00079375
00021131
00049465
00090874
00098216
00084639
00074338
00014621
00086782
00015201
00050513
00091436
00083907
00023333
00064713
00017273
00091325
00011695
00019475
00061311
00034858
00047197
00062806
00045926
00090462
00014043
00050830
00030017
00037871
00073140
00049475
00081746
00060250
00072167
00037553
00032943
00092996
00018192
00084890
00041334
00073810
00051862
00012412
00098228
00041712
00038170
00049195
00034847
00040818
00059968
00017979
00053335
00055204
00060526
00078186
00022492
00080327
00027311
00031604
00068009
00042451
00057322
00072155
00022309
00093574
00067643
00065169
00020591
00021451
00012998
00089686
00052515
00096582
00066845
00027125
00057642
00051350
00021893
00011408
00072296
00068604
00029368
00040287
00035080
00055808
00013396
00059902
00059306
00064136
00025349
00058635
00086250
00022863
00013540
00075081
00071566
00084702
00083412
00047843
00052332
00089234
00099585
00059354
00081057
00010112
00051793
00016046
00056442
00091585
00097034
00029290
00040515
00073951
00069909
00091432
00089372
00035755
00058894
00077146
00034219
00071761
00043831
00089074
00065509
00048529
00042593
00031859
00024686
00099155
00096182
00073146
00055430
00077913
00073215
00083754
00072235
00032592
00079981
00023194
00081888
00013208
00082155
00053103
00038011
00032343
00024633
00068070
00037632
00053490
00081714
00018213
00087012
00026186
00070332
00043744
00070974
00065355
00096784
00062631
00098579
00019580
00016838
00021511
00076562
00046893
00063369
00062630
00047812
00048703
00057356
00046986
00038291
00071684
00074565
00031990
00091538
00011840
00043685
00051155
00087908
00098221
00084304
00095356
00090680
00066441
00065436
00029955
00096177
00047583
00040705
00099136
00022871
00022049
00038485
00021919
00012245
00083665
00071931
00020229
00088051
00024448
00046307
00037234
00089261
00044719
00069890
00091627
00012958
00087994
00035624
00041907
00052921
00081414
00033387
00068028
00025765
00072258
00066692
00016601
00018670
00071922
00098292
00026115
00076451
00024565
00099723
00034710
00074828
00012693
00056063
00045629
00033128
00043356
00028649
00010942
00038008
00055210
00028753
00012982
00022212
00084788
00027249
00057700
00019251
00014355
00056017
00034453
00045395
00021910
00072913
00010402
00060381
00016236
00031580
00082744
00036315
00025913
00029072
00075965
00097773
00068067
00031558
00040539
00011413
00037264
00090752
00059971
00047566
00086424
00039529
00041957
00066466
00027576
00087326
00065021
00038415
00090503
00032055
00088441
00055134
00057958
00070655
00036534
00038447
00067956
00067378
00076631
00065913
00020660
00050873
00058243
00023985
00091882
00065975
00025550
00025889
00011861
00049574
00028094
00041714
00035812
00028427
00090666
00059273
00085964
00098206
00056080
00070342
00044585
00098960
00078090
00010804
00063452
00070656
00097319
00090373
00086079
00014737
00087298
00033920
00067667
00076231
00055630
00020393
00030671
00048381
00048668
00096250
00028337
00073209
00023723
00092379
00062287
00074298
00075266
00014175
00064188
00042630
00089401
00081353
00055935
00057244
00024485
00050549
00051276
00095113
00068083
00091407
00089355
00042517
00046618
00064663
00044130
00059802
00088017
00087644
00049812
00052885
00057433
00041277
00052884
00080864
00061363
00090918
00016028
00015634
00012395
00015238
00030220
00028545
00028062
00063613
00022123
00039364
00046179
00037623
00047665
00076807
00030081
00055941
00015808
00084608
00065020
00036214
00020767
00099254
00076829
00039209
00023458
00013797
00038544
00022454
00062220
00029940
00013014
00089315
00012597
00082928
00070581
00011304
00080388
00093285
00067898
00089548
00074514
00019416
00083383
00013336
00075437
00080291
00020749
00020847
00053456
00019778
00014989
00017455
00071124
00056827
00041302
00056341
00090292
00038624
00074951
00055524
00086173
00083077
00024558
00091235
00040517
00096052
00011348
00027469
00030476
00062704
00028325
00011820
00024240
00081954
00097960
00057127
00076054
00053014
00072173
00086767
00069044
00044849
00078069
00050087
00060822
00096866
00058572
00036148
00034947
00083587
00025479
00069970
00060710
00038855
00057415
00085585
00072203
00054365
00044426
00044883
00051997
00036172
00060210
00048914
00076268
00093603
00062148
00078454
00014273
00069830
00072831
00027859
00079758
00058978
00042352
00037819
00094077
00042198
00022174
00073615
00028517
00088942
00087065
00042883
00070728
00098249
00052249
00017639
00037261
00092176
00049179
00028909
00029694
00088085
00050914
00015827
00047961
00031985
00064836
00071782
00048269
00083087
00061707
00085190
00067535
00084435
00094977
00015372
00069002
00069134
00098587
00093802
00016059
00011460
00055807
00033324
00043880
00017458
00025375
00023481
00089705
00094245
00056571
00059761
00054963
00090437
00099339
00012979
00080278
00014053
00045407
00018766
00016791
00085557
00047875
00043127
00097777
00048695
00041769
00023709
00051031
00094801
00064004
00064703
00023350
00059959
00064565
00042927
00034980
00019600
00023170
00064191
00042512
00012279
00061290
00096685
00027773
00056600
00043955
00046633
00026896
00038107
00033855
00034667
00016735
00049989
00027223
00097270
00077998
00028618
00074863
00081587
00029501
00081750
00067607
00089185
00045409
00045313
00092870
00093589
00024375
00081899
00057575
00097146
00099850
00081207
00093821
00079847
00015253
00016586
00093980
00078804
00092505
00064857
00070371
00035377
00031342
00098044
00060400
00087597
00016944
00079045
00068854
00084439
00075578
00094377
00077815
00076692
00067519
00037614
00091099
00027970
00032366
00093227
00020751
00024047
00071154
00092729
00073472
00075976
00033049
00038149
00017010
00021552
00077058
00079112
00085707
00081830
00098565
00096781
00099528
00027389
00019222
00027185
00075276
00051282
00044000
00073680
00019737
00085476
00013875
00022443
00056512
00049919
00013378
00061035
00067544
00062511
00014528
00041824
00070579
00035802
00047391
00075326
00088987
00020930
00038375
00012372
00050824
00082090
00068863
00040719
00061506
00013743
00039735
00085767
00086440
00086665
00010103
00034008
00011634
00079153
00048855
00084438
00085137
00017615
00071532
00024533
00052591
00019359
00079215
00052038
00017668
00071170
00028386
00091345
00073308
00018204
00084509
00057106
00087221
00081987
00048069
00013644
00019264
00096736
00034454
00015991
00053587
00041324
00040493
00027167
00070931
00081354
00024904
00030383
00045938
00026980
00013829
00034405
00075753
00065280
00072850
00074666
00071296
00064486
00092637
00024710
00044536
00022163
00046265
00051541
00040899
00087452
00020224
00098483
00019428
00099722
00059145
00036462
00055785
00011848
00011074
00079846
00088565
00036174
00097221
00062859
00086213
00095028
00049010
00031432
00071076
00013756
00080089
00033100
00077600
00095827
00062083
00055540
00094186
00039828
00057426
00087297
00078060
00086737
00091080
00068486
00080165
00065995
00047490
00024581
00060676
00052501
00094257
00054346
00079378
00099238
00032812
00022691
00075325
00053697
00058690
00095526
00039125
00065105
00023370
00058374
00066905
00079033
00045867
00038530
00055582
00046900
00063584
00041105
00038585
00042348
00064213
00094162
00081059
00013932
00072690
00042432
00051364
00082020
00086192
00083167
00086201
00082791
00063346
00014617
00077606
00085683
00014172
00084071
00073082
00076909
00047659
00097896
00026379
00044305
00067086
00061575
00073200
00014938
00081585
00050138
00060640
00038728
00041499
00072629
00025237
00074683
00090093
00040263
00098766
00097621
00033796
00069397
00065966
00067754
00017627
00057142
00041124
00059690
00035793
00098721
00056191
00063981
00012183
00050445
00017754
00067082
00052714
00021860
00050149
00067092
00029371
00021645
00081277
00056981
00025640
00013072
00067326
00019987
00079081
00057834
00042518
00086707
00030946
00096397
00040210
00084996
00079802
00079329
00023936
00077888
00063885
00080716
00059162
00087192
00015668
00056232
00076867
00011283
00073934
00097893
00011693
00060844
00030533
00077794
00084954
00010744
00050572
00056787
00094938
00080985
00048971
00045373
00032560
00078536
00025921
00033406
00090549
00020666
00067419
00037206
00024497
00023612
00014700
00018339
00054760
00018245
00012524
00059864
00021260
00024833
00013796
00040244
00056663
00035290
00054589
00017895
00059789
00080673
00081687
00021545
00019192
00063076
00038917
00040885
00059054
00014013
00077257
00074499
00018874
00063959
00050781
00020531
00067179
00075889
00071423
00088955
00080819
00037722
00014087
00098147
00049923
00065289
00075000
00078234
00032308
00018172
00013315
00044878
00087303
00097998
00062959
00037576
00043937
00080946
00094566
00041094
00080719
00028343
00051828
00063230
00047185
00049555
00065193
00054978
00020431
00016244
00075086
00067526
00027605
00071117
00068988
00061865
00097481
00081151
00032808
00034205
00031553
00048896
00044533
00037583
00095696
00097877
00037304
00039277
00084843
00021700
00067676
00069251
00034175
00067233
00088791
00064708
00018189
00096591
00059064
00012940
00027591
00031989
00089256
00050799
00062506
00044334
00098223
00052548
00064521
00052948
00056533
00032822
00043768
00081438
00084851
00019812
00035477
00051519
00061654
00064816
00088711
00038574
00067436
00030774
00037503
00078058
00053233
00056298
00064711
00085717
00054533
00086442
00069296
00093604
00086457
00066736
00046506
00036296
00018716
00053574
00026167
00042812
00012168
00018511
00051205
00037336
00065974
00050901
00065339
00090669
00054190
00058582
00013092
00093044
00052434
00057197
00071324
00044621
00099974
00092761
00043339
00080111
00029727
00011673
00066636
00065676
00021200
00091682
00073558
00059653
00084832
00024574
00019791
00074821
00053045
00011432
00021753
00082369
00070463
00047399
00048617
00064890
00033746
00058609
00050768
00057729
00032003
00044403
00080994
00025757
00065876
00074706
00025787
00094238
00053812
00076014
00070874
00062289
00029820
00058037
00048375
00050152
00064360
00032960
00045691
00048552
00072554
00072020
00023692
00036360
00080218
00064077
00023700
00041246
00052014
00067732
00033101
00068056
00037653
00072398
00022232
00042567
00064742
00019895
00012960
00015399
00036151
00045803
00036925
00070186
00067507
00036949
00023315
00057233
00085281
00092957
00089556
00082480
00092833
00049821
00063573
00049603
00060989
00028681
00097502
00063027
00063373
00027794
00095567
00024287
00060445
00031631
00024342
00082334
00011669
00011292
00021165
00098569
00066318
00051514
00048928
00020254
00038349
00055149
00079300
00088168
00043131
00016147
00095684
00024763
00090936
00016664
00062113
00085044
00075909
00061972
00057185
00078327
00032526
00020614
00048629
00094485
00014888
00022549
00058743
00061578
00089225
00061343
00048461
00056361
00027584
00089563
00051448
00050807
00039648
00052317
00058636
00032238
00092103
00014026
00069775
00012400
00038184
00070308
00069141
00013628
00025299
00094210
00070748
00015218
00066009
00075570
00033353
00079852
00073070
00054115
00041395
00023118
00096846
00056625
00056109
00074104
00028730
00076431
00066446
00046257
00032120
00066175
00025851
00075945
00068860
00080894
00092604
00055545
00074849
00010064
00013448
00029767
00076749
00039921
00086602
00085462
00074129
00095282
00039399
00022419
00018145
00016938
00071309
00072626
00060385
00074921
00071793
00013224
00085518
00058741
00054626
00020756
00065260
00048177
00011621
00048782
00015829
00042335
00052593
00022800
00096881
00022387
00022586
00051214
00097710
00014414
00077611
00011240
00039465
00026113
00071795
00097403
00014297
00091699
00021843
00078559
00097554
00065534
00054873
00055078
00014079
00030769
00060775
00016477
00040489
00052327
00081593
00048305
00036565
00010380
00065847
00031485
00072130
00018815
00081997
00042559
00028465
00024085
00091435
00020891
00022702
00082426
00070680
00011881
00082841
00087985
00080737
00058801
00078514
00050251
00078371
00057120
00090007
00081681
00059211
00024443
00061119
00041279
00088256
00043044
00013657
00095964
00087832
00098843
00065720
00084523
00084054
00066096
00069259
00087959
00042523
00015396
00099309
00073034
00078010
00061067
00026630
00046464
00075306
00037212
00078169
00021286
00037316
00085617
00025690
00077281
00030425
00069657
00051626
00028754
00014065
00072407
00024218
00088851
00052342
00060591
00038962
00027235
00086488
00031867
00075793
00090471
00058194
00041867
00035826
00073591
00072183
00030473
00058270
00079085
00070254
00059647
00026436
00058508
00034687
00054080
00081532
00050727
00077425
00066476
00039016
00053904
00034498
00010546
00048204
00090267
00059353
00066253
00043455
00031386
00070839
00070188
00079984
00070160
00030166
00041954
00092180
00058759
00029604
00074388
00019973
00010057
00044906
00066699
00033262
00017248
00072131
00067424
00021359
00023133
00036969
00047088
00082874
00074238
00071055
00012987
00054836
00089361
00027961
00023707
00076202
00090385
00055240
00051913
00066384
00034940
00035906
00085208
00088960
00044668
00098128
00064871
00063070
00086517
00072988
00051951
00072092
00060796
00086681
00016432
00029016
00032300
00046348
00049705
00025162
00092777
00060071
00087905
00082041
00013166
00087253
00035681
00029601
00047003
00036921
00013656
00088920
00058196
00074502
00072541
00040838
00048835
00012226
00027515
00058294
00077594
00048708
00029875
00080306
00072441
00073375
00085691
00064258
00045710
00056878
00019803
00073114
00027450
00022149
00061989
00086863
00082871
00060237
00062492
00021758
00030978
00099317
00051557
00079724
00097435
00051673
00095122
00041424
00060005
00073813
00028978
00056647
00018944
00099846
00065082
00052316
00039134
00062049
00035669
00082581
00079432
00049194
00061117
00055754
00048144
00018345
00094904
00021752
00083956
00090467
00084723
00028204
00045647
00078383
00010812
00044988
00036700
00013469
00021345
00055176
00085838
00092938
00070168
00048212
00029478
00047132
00087628
00098899
00050132
00086599
00025750
00052594
00079304
00042752
00050574
00029123
00029554
00098302
00014918
00073681
00056967
00026746
00020679
00011643
00017434
00080141
00049852
00018409
00018683
00033876
00073229
00060476
00071878
00087627
00028261
00065663
00045750
00053155
00075875
00078894
00056296
00070280
00046919
00036635
00051062
00056629
00013882
00014427
00063022
00092970
00054716
00065446
00016306
00025392
00069831
00032070
00060355
00055796
00087405
00035397
00023689
00036032
00054890
00033189
00048787
00076046
00067302
00014522
00063934
00035347
00093870
00082549
00041371
00074864
00028457
00051912
00054101
00050584
00054541
00086623
00062566
00094197
00032084
00067739
00010108
00025624
00068123
00030652
00077847
00085887
00043384
00061230
00072621
00029502
00027248
00099589
00027253
00056279
00079444
00035230
00088658
00095075
00024431
00057625
00060543
00030153
00031055
00056335
00056768
00064045
00088321
00031521
00085732
00023311
00015114
00060433
00024948
00066250
00074775
00058624
00036914
00058575
00094765
00066268
00048952
00043197
00070998
00071243
00082464
00018776
00022909
00039590
00072229
00045326
00066865
00035708
00073889
00028716
00047973
00090173
00028770
00036838
00052859
00071565
00048566
00089888
00018777
00087383
00053295
00069077
00090412
00023429
00070816
00082482
00022703
00095371
00037012
00027110
00079260
00090477
00032616
00063758
00034975
00031657
00067968
00085601
00030860
00017441
00057809
00058773
00097121
00075257
00037232
00080356
00036390
00069192
00033984
00078391
00026411
00084251
00067474
00027272
00043232
00035693
00024557
00092967
00078953
00090682
00084714
00019172
00066252
00066405
00013521
00053310
00019776
00042282
00084193
00065598
00090029
00030354
00050639
00096937
00056892
00076362
00043118
00068337
00036601
00012732
00014330
00084655
00032190
00039422
00053588
00029165
00041780
00034921
00056334
00018092
00032844
00089183
00044194
00082321
00080051
00021600
00074326
00052141
00018383
00019857
00097441
00071823
00071386
00021266
00092939
00081983
00060758
00050072
00035661
00067457
00013697
00051927
00097792
00011122
00066480
00084414
00070902
00081543
00092249
00010983
00021888
00048666
00058612
00078651
00098531
00029836
00027633
00058176
00096264
00064412
00014570
00011176
00054703
00036983
00019529
00020355
00073300
00021427
00038865
00096483
00076820
00065208
00010051
00029346
00052004
00028139
00084315
00023130
00079958
00020204
00030455
00092576
00046577
00094449
00046861
00064992
00062577
00016031
00047930
00086924
00092664
00042151
00068515
00027419
00070135
00035183
00040235
00070964
00035854
00055065
00026143
00083352
00098340
00088631
00056944
00025891
00067293
00027860
00017465
00046263
00056297
00036110
00091746
00095261
00015715
00020706
00056281
00024608
00018882
00022612
00098965
00063766
00042521
00040965
00077408
00064241
00093431
00060954
00069420
00071744
00016409
00097526
00021678
00051243
00039414
00027006
00061545
00054679
00034133
00079080
00099943
00049436
00058509
00029175
00038771
00052630
00045442
00079483
00024726
00077959
00072378
00090238
00058972
00071630
00073524
00087432
00040548
00083157
00095164
00094701
00036361
00024571
00099192
00046414
00018602
00090355
00089854
00011016
00037539
00069562
00091748
00097513
00035730
00023718
00096060
00067790
00070711
00079867
00097265
00016557
00043960
00079246
00054328
00097375
00088029
00045319
00088026
00037684
00043194
00080642
00058162
00022440
00098886
00043990
00082523
00028817
00071329
00045285
00086701
00030334
00086275
00042506
00015935
00068007
00025924
00096185
00032640
00060515
00089589
00029208
00076755
00053061
00045064
00058824
00056028
00043658
00088065
00076507
00082079
00031788
00071926
00024307
00094942
00096468
00019929
00049888
00036871
00077688
00065409
00065872
00095550
00042715
00021573
00080565
00084164
00019406
00015317
00028338
00083179
00017316
00087906
00021699
00063272
00027269
00016746
00066925
00063205
00070917
00039869
00099431
00098806
00070584
00020298
00041326
00031974
00065931
00081197
00075722
00015836
00012707
00012351
00013659
00094080
00085041
00039179
00094178
00075065
00079223
00025791
00076603
00030387
00095336
00021385
00034741
00093294
00057754
00012037
00059782
00018233
00046977
00072642
00027458
00076687
00087450
00016550
00031190
00078002
00033159
00061421
00069711
00097677
00099519
00011103
00030039
00028734
00040667
00092488
00089956
00061103
00061295
00028530
00085562
00078046
00057997
00079528
00032497
00080844
00039534
00011158
00077142
00021522
00021461
00084074
00014977
00058535
00033859
00073120
00040588
00052850
00056885
00018246
00032591
00038391
00038744
00027483
00071156
00029160
00041389
00083522
00084784
00015757
00075063
00050101
00051404
00025613
00072496
00030841
00082161
00039050
00044032
00057718
00077872
00059627
00010438
00092187
00014104
00041263
00048940
00014293
00042046
00094735
00032635
00017593
00069555
00076221
00041255
00011169
00019431
00066537
00095738
00015225
00047471
00062554
00060720
00042145
00070531
00076456
00054572
00090259
00068271
00030768
00064025
00018357
00014465
00053463
00062318
00030700
00042444
00058684
00010534
00061411
00056230
00084755
00033887
00096692
00030712
00094013
00081491
00098449
00099416
00056144
00049973
00064527
00083066
00063782
00083333
00014720
00014380
00076840
00028256
00078735
00022458
00058384
00046821
00076750
00043719
00093704
00093938
00024428
00035926
00030526
00067316
00098708
00021364
00087062
00091646
00012894
00037363
00040884
00093439
00016703
00058583
00048495
00053071
00055608
00078369
00043700
00023524
00059051
00020923
00017130
00062424
00058516
00064186
00066445
00018496
00069794
00034136
00022730
00028323
00045666
00012701
00061686
00090510
00021212
00070312
00042010
00021100
00020331
00046680
00091533
00082569
00031891
00072978
00019799
00018009
00045543
00052155
00071872
00097637
00080888
00016426
00027074
00075304
00047280
00085778
00076512
00079161
00060230
00022529
00083122
00052067
00092268
00065989
00047934
00068481
00095877
00053590
00080069
00077052
00035753
00097200
00027775
00019955
00075812
00061743
00083979
00091264
00069975
00033912
00065029
00017894
00037007
00090050
00024079
00024355
00026841
00039098
00098100
00011114
00076314
00035178
00051696
00068710
00041846
00054501
00061943
00033898
00054769
00072160
00045748
00029177
00097711
00069069
00041370
00097874
00058966
00011578
00038506
00018166
00045203
00097665
00052527
00052195
00073627
00041261
00021318
00015308
00085492
00091160
00079371
00016045
00072280
00031199
00052360
00044807
00078318
00065496
00022889
00015404
00081495
00047525
00098535
00029741
00096709
00074199
00027785
00018709
00027829
00047863
00048106
00099518
00028573
00057067
00052651
00079121
00093467
00033021
00025295
00088980
00069226
00042945
00029774
00091421
00090505
00067292
00039759
00023769
00033341
00042862
00070501
00053309
00075898
00091951
00061832
00090759
00055646
00038681
00042219
00066442
00072410
00071071
00051360
00048518
00082594
00086710
00014979
00069190
00037448
00012606
00024753
00090206
00090146
00074673
00037700
00061809
00056160
00095549
00057738
00048745
00031511
00040331
00096041
00057306
00069014
00034466
00059259
00061091
00071519
00080059
00025819
00019375
00098821
00081135
00044115
00080112
00090859
00054078
00025867
00035022
00047616
00070271
00032359
00042723
00088776
00034285
00099319
00024486
00014863
00034705
00028099
00053009
00078343
00055841
00020963
00062944
00027611
00089215
00022501
00089149
00052897
00086328
00011705
00030988
00056414
00011210
00062743
00042437
00085845
00087350
00070858
00087497
00029064
00071573
00085403
00049803
00051995
00069215
00080293
00092787
00019053
00054936
00016798
00013879
00052299
00079931
00077704
00075523
00025500
00084400
00020122
00031056
00054722
00059486
00051246
00026457
00047090
00010987
00055763
00020061
00053586
00079131
00039861
00017947
00023763
00023288
00076479
00048910
00078078
00069094
00036261
00028225
00076501
00060493
00053417
00044774
00060672
00023121
00095699
00013845
00093692
00013267
00021690
00056091
00087134
00075536
00030032
00054914
00030196
00085040
00067215
00074455
00043623
00070220
00040473
00076623
00097585
00052034
00053241
00072181
00058308
00060013
00086393
00038308
00023745
00079692
00048709
00097655
00063421
00044590
00032757
00025149
00010737
00062180
00048889
00051053
00091278
00054149
00068051
00014023
00014849
00020577
00025450
00016801
00077409
00058133
00047943
00044946
00067957
00055888
00090121
00055702
00077042
00047561
00021593
00031731
00094297
00038866
00094206
00014539
00093661
00072420
00038112
00065044
00013670
00022963
00069137
00039850
00056982
00078994
00070267
00044248
00039199
00063687
00067401
00073365
00095070
00078635
00063008
00088871
00073775
00061237
00090758
00025582
00066868
00077450
00050544
00012592
00080603
00019097
00036733
00024944
00059851
00054563
00077660
00069591
00061820
00019760
00069777
00052923
00092524
00096652
00069675
00085552
00078860
00094549
00035001
00031218
00099469
00011302
00063144
00097943
00026184
00088112
00032512
00095233
00034682
00048626
00061440
00078398
00041524
00062266
00086680
00015609
00087510
00078520
00091372
00018618
00042163
00085415
00068520
00040983
00099324
00011746
00048935
00019302
00075460
00099490
00020483
00076244
00098439
00027312
00080731
00069851
00062998
00031642
00083585
00086615
00061100
00086990
00066994
00090256
00095895
00052490
00038816
00045270
00055793
00091662
00018127
00012054
00034749
00099302
00085763
00042398
00063554
00097680
00072976
00034155
00087464
00020619
00056340
00084464
00016068
00014513
00040441
00035999
00058766
00076450
00051131
00052707
00072989
00019220
00053725
00089582
00067363
00065379
00046311
00090244
00026180
00066724
00026118
00022830
00014296
00034663
00030569
00024173
00022472
00093705
00042530
00057560
00023553
00048517
00048028
00029933
00089073
00031232
00050989
00066025
00060554
00038306
00040334
00020817
00070390
00040339
00032565
00067958
00093596
00030058
00080757
00033060
00039212
00032250
00066844
00029117
00040803
00097060
00075349
00066236
00020953
00042322
00059672
00028107
00084716
00053814
00067789
00086259
00089026
00085577
00045676
00075356
00040283
00013223
00071300
00013987
00088590
00072344
00017411
00053146
00035155
00058002
00044559
00092068
00067842
00055473
00096749
00070118
00011025
00061631
00047735
00020103
00029090
00019775
00067506
00078733
00064381
00068930
00035330
00038182
00048825
00045929
00018242
00026476
00094838
00049341
00044147
00076956
00035972
00077154
00090739
00049331
00026480
00016442
00040276
00027393
00055183
00022303
00044415
00013108
00044550
00081843
00077967
00024330
00018753
00025839
00086479
00084792
00017490
00048449
00066223
00014562
00071970
00054795
00083764
00017359
00096274
00023545
00037556
00087513
00057543
00055257
00046051
00037418
00062804
00010299
00082812
00026254
00076188
00017187
00055554
00015388
00035660
00083417
00073310
00093969
00044920
00050148
00076982
00010372
00027080
00099152
00094544
00099623
00024788
00014779
00072270
00067062
00041843
00089044
00059267
00048641
00017819
00064763
00055948
00044880
00069203
00025380
00061848
00060532
00035639
00062461
00067301
00024624
00089139
00068204
00029527
00014487
00044875
00052675
00033653
00088945
00025207
00050129
00030361
00056964
00010643
00018523
00072502
00029421
00013252
00076455
00083018
00081372
00061605
00031048
00078352
00046090
00092525
00040866
00037805
00044767
00045339
00035041
00091938
00062043
00084728
00056239
00043723
00058247
00064967
00099209
00012473
00051009
00051550
00065937
00063249
00095209
00057877
00021946
00084489
00058208
00040986
00021653
00070558
00096308
00096886
00051870
00068477
00086311
00014583
00067030
00044727
00035544
00052334
00040064
00063413
00077696
00024098
00059314
00040059
00096727
00040245
00061978
00069491
00020007
00031427
00056608
00099418
00043926
00016797
00037289
00030818
00079255
00014939
00071578
00010775
00088055
00038438
00084264
00012742
00018782
00071745
00029720
00014663
00012127
00091034
00077890
00033513
00046181
00049519
00052442
00016016
00021374
00085278
00087136
00052804
00062214
00095123
00032850
00091293
00080928
00035444
00023872
00049469
00022020
00036573
00024561
00012338
00075623
00088990
00090367
00031775
00030338
00070725
00073008
00083021
00067733
00078519
00026389
00041756
00020167
00047876
00041168
00026726
00084324
00091391
00095294
00064777
00068350
00094643
00095380
00077443
00012062
00065983
00096963
00062901
00063339
00037163
00085333
00019981
00028422
00074340
00037610
00054855
00032858
00088360
00072310
00041068
00021292
00020703
00088793
00079190
00052985
00044872
00036686
00058028
00078501
00018632
00081215
00080384
00079816
00012605
00033284
00090021
00075141
00033805
00038331
00020909
00017050
00014319
00056162
00016585
00062346
00037296
00089862
00051537
00079580
00050395
00063792
00033437
00085746
00098195
00045968
00080186
00096954
00049003
00064839
00077171
00010336
00043897
00024321
00075529
00079316
00096431
00026545
00072589
00044318
00074083
00041130
00012317
00059480
00096952
00072290
00034628
00063396
00087459
00043905
00019364
00054792
00046813
00020303
00035228
00037123
00082547
00083905
00097586
00029724
00028924
00098487
00043830
00017774
00018687
00072495
00037096
00071153
00010169
00052425
00027282
00087372
00067915
00034125
00065971
00055216
00076544
00096993
00046927
00065335
00074947
00067237
00038087
00058843
00074283
00065345
00037737
00018850
00026399
00045501
00096546
00063220
00039796
00067103
00057094
00037869
00019953
00050772
00047945
00032916
00033307
00090858
00046759
00054721
00086805
00070420
00069924
00061460
00040449
00074987
00045135
00094078
00093463
00096456
00023000
00097931
00053352
00033996
00027251
00086383
00091864
00067355
00097647
00070183
00020414
00081625
00090037
00037997
00070759
00082941
00018470
00099495
00075003
00026875
00084399
00085088
00078127
00052117
00049016
00066205
00016562
00033848
00055348
00061282
00059474
00083355
00017865
00063948
00042524
00053504
00080347
00045824
00073865
00017487
00069001
00036207
00068871
00030990
00069152
00075589
00062114
00023009
00073414
00060371
00033585
00039928
00076566
00052610
00086642
00069275
00096624
00031745
00058078
00081512
00088426
00064798
00048757
00017340
00021989
00039591
00089998
00095430
00061271
00024722
00054335
00087421
00093560
00052757
00096434
00063157
00089767
00010007
00060303
00042998
00018207
00022640
00046148
00063956
00085588
00052343
00011574
00088289
00023476
00039649
00068349
00064456
00075837
00090034
00058534
00063632
00037937
00085916
00030048
00094953
00044287
00035881
00078591
00020576
00013116
00078876
00021987
00065028
00087451
00019717
00055158
00069690
00033104
00072916
00066140
00040382
00013982
00021652
00051242
00089133
00089402
00072542
00058997
00096575
00040896
00024717
00079055
00037943
00048585
00033610
00078137
00053624
00030351
00089059
00012798
00077870
00073279
00060978
00056188
00011835
00059016
00044412
00043164
00053016
00060763
00089632
00060636
00064398
00066010
00024784
00077108
00086431
00044905
00049419
00070883
00078245
00061081
00090753
00019820
00045009
00074281
00087903
00025926
00057748
00071702
00061592
00074121
00099968
00064303
00078387
00054898
00072514
00097476
00015118
00052263
00065610
00046361
00095358
00076485
00078041
00012185
00050652
00091660
00053220
00035795
00047345
00028819
00051118
00044172
00090617
00091344
00088337
00029463
00048293
00023696
00073272
00038152
00085446
00075346
00042700
00012890
00050068
00048528
00099824
00078900
00081333
00039687
00064494
00049656
00077355
00036935
00078867
00049416
00084272
00073927
00093300
00056979
00010362
00072948
00058819
00043776
00035081
00080572
00022105
00015529
00094675
00043820
00034187
00073296
00038620
00042154
00063161
00051456
00025564
00040035
00024527
00058851
00080409
00066217
00074422
00012429
00075971
00045428
00050587
00023221
00076134
00040438
00085037
00066030
00073608
00064834
00065977
00049000
00080908
00020615
00020261
00023079
00018066
00052862
00029794
00053077
00069665
00014584
00037651
00043382
00096849
00021917
00074844
00098518
00015882
00036247
00037514
00015754
00070798
00011117
00078096
00014073
00090350
00086754
00016716
00072485
00069344
00036095
00015526
00067528
00037971
00065776
00010701
00094448
00095962
00061162
00092932
00083103
00081373
00098711
00021420
00025142
00020237
00066894
00048879
00042307
00020285
00052198
00094069
00085032
00089513
00034306
00086141
00054707
00077662
00048987
00055739
00039325
00037499
00080055
00098391
00092476
00082991
00060963
00017397
00059776
00012956
00018468
00093832
00016683
00083833
00094454
00093951
00040044
00071906
00010119
00088664
00082551
00035188
00030979
00028555
00014012
00020155
00027816
00012602
00047975
00037404
00043437
00090613
00026145
00057069
00036591
00043495
00070764
00044950
00010575
00062495
00016912
00085384
00087264
00011192
00085674
00089333
00065945
00095093
00022307
00029173
00058181
00058008
00099932
00047256
00060352
00030270
00015952
00095958
00099848
00099682
00097544
00079779
00051014
00080690
00054361
00010263
00095276
00061009
00068717
00021437
00037125
00040520
00049185
00027380
00087538
00081034
00074784
00016506
00088456
00020446
00014835
00028565
00056528
00081257
00078356
00014824
00091737
00026647
00066769
00050437
00095149
00031255
00026213
00093803
00038846
00010791
00049497
00028966
00094820
00097645
00046131
00093080
00093168
00086723
00012683
00064439
00092751
00053078
00036089
00044053
00021161
00010600
00019476
00031029
00063210
00026569
00041112
00037350
00029993
00017109
00058556
00031535
00073634
00089511
00099890
00031872
00029597
00045322
00045788
00047127
00042229
00083836
00035144
00091525
00070372
00055513
00087086
00070056
00078407
00010673
00087008
00084058
00076074
00013486
00011071
00060350
00011124
00048083
00014480
00066128
00014234
00030859
00022784
00070278
00049098
00063819
00070663
00096924
00048064
00040526
00041339
00052860
00050256
00072887
00022850
00036698
00047966
00046663
00058469
00023720
00058059
00070620
00018616
00038664
00075695
00045558
00094124
00079404
00047036
00092742
00063825
00087866
00011512
00013938
00061253
00020746
00029975
00027865
00031470
00062145
00036675
00069696
00082418
00028218
00023941
00072122
00055912
00047209
00035849
00036093
00082253
00050556
00068458
00046650
00074538
00034807
00012016
00011442
00065565
00064828
00069529
00042409
00023661
00038325
00023354
00040095
00075430
00039412
00047027
00086598
00081281
00071150
00044097
00078130
00023030
00051041
00027904
00090589
00085291
00080022
00036849
00074630
00022482
00043585
00054940
00096083
00068939
00043771
00046193
00034880
00052877
00019881
00034816
00074587
00085517
00054386
00025686
00068115
00036459
00026672
00055094
00098310
00058926
00086302
00080799
00082660
00030602
00020360
00054401
00017088
00054262
00079312
00044953
00094164
00024111
00023845
00070203
00093696
00046493
00063830
00038245
00010160
00072643
00071278
00031316
00016702
00072640
00056025
00087888
00083481
00012363
00086675
00048327
00025763
00067076
00076657
00089111
00010838
00064110
00094429
00041382
00089227
00017515
00084004
00076613
00082276
00020501
00030204
00087808
00063411
00080303
00066509
00094184
00054766
00088534
00068117
00018003
00022204
00026795
00048645
00025733
00043074
00065640
00087772
00033846
00082307
00094295
00027204
00098348
00066211
00070913
00038774
00033293
00073436
00016603
00021476
00098927
00027093
00093070
00062673
00067105
00021715
00094767
00076506
00033459
00010466
00059710
00049147
00080839
00050053
00063831
00056660
00081511
00064986
00045859
00056595
00038296
00099819
00054833
00091356
00040391
00088759
00042647
00054814
00040976
00079648
00062016
00071894
00077555
00029082
00052788
00042243
00076599
00075942
00061031
00010539
00099211
00015937
00033667
00032323
00096418
00036582
00036646
00015853
00063510
00088079
00048014
00086473
00071038
00088150
00060321
00073319
00029467
00022921
00098585
00033063
00084373
00039762
00051764
00080263
00038358
00028566
00045503
00057628
00054834
00011796
00038191
00045797
00076313
00093299
00077582
00057228
00028838
00084321
00081083
00015026
00023774
00071994
00058055
00083268
00080814
00059839
00094634
00063459
00077732
00039599
00023011
00074826
00055417
00039760
00047110
00043913
00097723
00066618
00020719
00095660
00037710
00022878
00027202
00037427
00047150
00074581
00057604
00027043
00092496
00054256
00025947
00042580
00077337
00076142
00051321
00096561
00072633
00023242
00059924
00017597
00091142
00054771
00098620
00090609
00056973
00075754
00047189
00048331
00089004
00040647
00029566
00058900
00024487
00030886
00076835
00014121
00052426
00046497
00049980
00018534
00084238
00070133
00012248
00047952
00035790
00067568
00028111
00029835
00095837
00058123
00021030
00070907
00088371
00012416
00038493
00097427
00095389
00023638
00020443
00030660
00018545
00011954
00039613
00076410
00086254
00089450
00068053
00088749
00028262
00056056
00032038
00080970
00023209
00084113
00077043
00098204
00023258
00096735
00017599
00087708
00054844
00087614
00095207
00029845
00061984
00048494
00071364
00098126
00026766
00067078
00041309
00041967
00098677
00029086
00066081
00080184
00091791
00098904
00091366
00063989
00084652
00047486
00036452
00057994
00029487
00094813
00045448
00074115
00051213
00087066
00068874
00079813
00055109
00042960
00039340
00079689
00079310
00097534
00059018
00033086
00058756
00064298
00013151
00035271
00043666
00032425
00025005
00083177
00031158
00057281
00084849
00022136
00021020
00098519
00058226
00093341
00057876
00065673
00047423
00094921
00071747
00092477
00077300
00010734
00033869
00018891
00077730
00033620
00037563
00011274
00076004
00097831
00070684
00075839
00053472
00076294
00016832
00097089
00082002
00063784
00059099
00030957
00084616
00071163
00073331
00018811
00065415
00035019
00018033
00023798
00065137
00078139
00016652
00015244
00095022
00053289
00034173
00014864
00056358
00046641
00095415
00021851
00085678
00079696
00056000
00035852
00027453
00033739
00072583
00014453
00020338
00095830
00076794
00038175
00030352
00071693
00026369
00083471
00097436
00095667
00043257
00030629
00034054
00031319
00052260
00013254
00010945
00076688
00087444
00037187
00011572
00057392
00015833
00015464
00078884
00038166
00082624
00099839
00059951
00040011
00037208
00048592
00045479
00023864
00065608
00011257
00052127
00076402
00046504
00063663
00034647
00043594
00032365
00016129
00088220
00064205
00099969
00040541
00082891
00035517
00021727
00042964
00014547
00094299
00050382
00037612
00096099
00064455
00089590
00071839
00087797
00068273
00065976
00026275
00097449
00039914
00084982
00060398
00070088
00047117
00082125
00042981
00018412
00044560
00045894
00087013
00015092
00025215
00035967
00023013
00066157
00052209
00077598
00045431
00063711
00034743
00034515
00025827
00072362
00075851
00012994
00077643
00012474
00081213
00021392
00016096
00070755
00048977
00030145
00046808
00010587
00011860
00026809
00036764
00012903
00075177
00016896
00062766
00042037
00051503
00042336
00037189
00022019
00021422
00012941
00053954
00013966
00058381
00078724
00047123
00061874
00041078
00064822
00089167
00016278
00027695
00072050
00045567
00023324
00066610
00048712
00097165
00022076
00015867
00093888
00056267
00051064
00062166
00023462
00033658
00079259
00090757
00018933
00034263
00086998
00053618
00066664
00088742
00090937
00034228
00080943
00063204
00015838
00020117
00081548
00049171
00067988
00064407
00072653
00085377
00042179
00077964
00088213
00086463
00086272
00083475
00094534
00090658
00010087
00083679
00039643
00049842
00073078
00014237
00071001
00079763
00042834
00094914
00014691
00094339
00089019
00034327
00090430
00077417
00023548
00053943
00081534
00039572
00017588
00023188
00079500
00061472
00084559
00013858
00067005
00068044
00084953
00035414
00079583
00092275
00060669
00032253
00011141
00015599
00010747
00023341
00013260
00089190
00081455
00059260
00090722
00092196
00039445
00088361
00070152
00055221
00062299
00079607
00093573
00033505
00068269
00024194
00044352
00061110
00081564
00010157
00072118
00026334
00031695
00016233
00048765
00055668
00034561
00014263
00024061
00030567
00022320
00037142
00092605
00042575
00012876
00065119
00042557
00099637
00025260
00020453
00045907
00099121
00014442
00060374
00011451
00081718
00068033
00054160
00057355
00064886
00073961
00083964
00033775
00037961
00069669
00016163
00091962
00075415
00078008
00059068
00017014
00068642
00069267
00086759
00094314
00036130
00051761
00097412
00037260
00062740
00026276
00056076
00033685
00063855
00075507
00097359
00040883
00021718
00034011
00058137
00046343
00010754
00097040
00043706
00077802
00063772
00055171
00069369
00099679
00046772
00014345
00050360
00055657
00059104
00025422
00013812
00064598
00047008
00033702
00012917
00028281
00057329
00063796
00085896
00026218
00059381
00068475
00061628
00079649
00026326
00049079
00062503
00064800
00019167
00032541
00064863
00045205
00033039
00055273
00082077
00048145
00068591
00096724
00090895
00022701
00026723
00066349
00053475
00019327
00048740
00022812
00054578
00016988
00082377
00049797
00051411
00042661
00018016
00015901
00046158
00011756
00090149
00020123
00075840
00061424
00061930
00017179
00089170
00083433
00025580
00056767
00019807
00069527
00058940
00013939
00066914
00048954
00027739
00083650
00046137
00084432
00052465
00090312
00073503
00089728
00052982
00018612
00018486
00034123
00063722
00086556
00051798
00045722
00068054
00030833
00089486
00079642
00025522
00024394
00047002
00035148
00081224
00036917
00084009
00087004
00080018
00057011
00064808
00068845
00093929
00097006
00090341
00033722
00061945
00078052
00030782
00058024
00028752
00099916
00063019
00032655
00086382
00052687
00070054
00072445
00090902
00063539
00037634
00050749
00066093
00026703
00046238
00068400
00031140
00035044
00095388
00010382
00039898
00020919
00071732
00055376
00099022
00022516
00061510
00096584
00018380
00087884
00052871
00083256
00034020
00074621
00084711
00080808
00040190
00014704
00022496
00059738
00096539
00018424
00034264
00010888
00094744
00060159
00099930
00053470
00042421
00013920
00057833
00092837
00029102
00056704
00018622
00061437
00099252
00047427
00049287
00022984
00091357
00064058
00065870
00039632
00022225
00012325
00097781
00062041
00056365
00018518
00012703
00017138
00062843
00035814
00063881
00012177
00067602
00098852
00089463
00097251
00078075
00047817
00065715
00078440
00053968
00012611
00078375
00038347
00035355
00032480
00092700
00089426
00050995
00070275
00024826
00070244
00046488
00037877
00060576
00098783
00062079
00037449
00099995
00073892
00010150
00050006
00027179
00074061
00089721
00068135
00040116
00091096
00036423
00054285
00029147
00022911
00026076
00050739
00031373
00012660
00081417
00042759
00013709
00081133
00017354
00099609
00031454
00064914
00081911
00098064
00059109
00072175
00033451
00086458
00061805
00030613
00075171
00047872
00075816
00030335
00045073
00079704
00025433
00070502
00044894
00099002
00026657
00026386
00048374
00010244
00084688
00028211
00042847
00084268
00066677
00066737
00020786
00016678
00020865
00072902
00033522
00027015
00076849
00068473
00045162
00043444
00086923
00029099
00095193
00082308
00015389
00030609
00051162
00023439
00070923
00085982
00032201
00074477
00047849
00050690
00033237
00075137
00028791
00078059
00098149
00054856
00075189
00058522
00029890
00086943
00032790
00035888
00084734
00040626
00046662
00033299
00025229
00017106
00042982
00096367
00030389
00027231
00015761
00057710
00043534
00029634
00088316
00034462
00071415
00086980
00097776
00079049
00078429
00035434
00038147
00013439
00078249
00080787
00090560
00011977
00021667
00087799
00022435
00078311
00046396
00079676
00094249
00097552
00030171
00068317
00071767
00021695
00064328
00081042
00030601
00083329
00063090
00088723
00025177
00063915
00027696
00068280
00063614
00030504
00011623
00089953
00013849
00076502
00042508
00030971
00088211
00050925
00028867
00020798
00044934
00036761
00056461
00068266
00016450
00069876
00030983
00026465
00049986
00025148
00088611
00012984
00023215
00075239
00076423
00027798
00024489
00052224
00026208
00072795
00082644
00010969
00098832
00093228
00018491
00027273
00046869
00062874
00076204
00074622
00093427
00048292
00054901
00093154
00023747
00060090
00021102
00076653
00057431
00098009
00091394
00078675
00093408
00043826
00092553
00082297
00087468
00095936
00072682
00011467
00031881
00056783
00031395
00025698
00015039
00037386
00032471
00048728
00089788
00011222
00090847
00080634
00033837
00060559
00026181
00011682
00052062
00072778
00034569
00043211
00064969
00020452
00044834
00033747
00084140
00060711
00038739
00048890
00068796
00085545
00059386
00030273
00055867
00056409
00056542
00068623
00096491
00097828
00027955
00081827
00025906
00017548
00038848
00037116
00035423
00040099
00012619
00022167
00086692
00090022
00081791
00031054
00097026
00083707
00022807
00011361
00095086
00048897
00080812
00079422
00067230
00019289
00016141
00059655
00095572
00082998
00080884
00067773
00017527
00039920
00073257
00039181
00017840
00074832
00047767
00022000
00058877
00060520
00097153
00098471
00078306
00054808
00037437
00019478
00025735
00040285
00095764
00091137
00022241
00019709
00028918
00099761
00096394
00018867
00015932
00082881
00014728
00075951
00074303
00068890
00025934
00027673
00010946
00044162
00084425
00038969
00015292
00013953
00086582
00099208
00044459
00084713
00027968
00053566
00043236
00093445
00090300
00037392
00039393
00020712
00080683
00070855
00044285
00030748
00019112
00080492
00022860
00070625
00024865
00040175
00017311
00023836
00040559
00097626
00019971
00068974
00054628
00040595
00067379
00094063
00012032
00037761
00084562
00084308
00012803
00045594
00043483
00041894
00035938
00016000
00044013
00041109
00060975
00029549
00037942
00060312
00033621
00083100
00048906
00068120
00057782
00083632
00021539
00055016
00061932
00062449
00065849
00082765
00096617
00060409
00092529
00033019
00070409
00091705
00045582
00092979
00097993
00052585
00073322
00020375
00024559
00093710
00026020
00036417
00091414
00043213
00037439
00010347
00045661
00085647
00014458
00038557
00093359
00084969
00058172
00023530
00011937
00067908
00070933
00054616
00035313
00038305
00046991
00062464
00047344
00069003
00050684
00032210
00038560
00032788
00047506
00049576
00074740
00057544
00024070
00098443
00079427
00050653
00090363
00078664
00090631
00020301
00063323
00075444
00047364
00066438
00093933
00080662
00034460
00087024
00094223
00023474
00030661
00093108
00032736
00079435
00063520
00087552
00074030
00049736
00058984
00015798
00031526
00039860
00050026
00056886
00037225
00054414
00022026
00055686
00017030
00094574
00019234
00029954
00098296
00040231
00063868
00010360
00027951
00022031
00045761
00099489
00072291
00079185
00099731
00079430
00025835
00044276
00079066
00041121
00065144
00011295
00011421
00092151
00051923
00046136
00099137
00038603
00030007
00052785
00052483
00090811
00054291
00042525
00066857
00087160
00015091
00037006
00042976
00074108
00027381
00038021
00041509
00088718
00012754
00020251
00095711
00021974
00028506
00085412
00031504
00091894
00055939
00038469
00092815
00042616
00068286
00029779
00087270
00055818
00052767
00072878
00024539
00096530
00045254
00080777
00095570
00067267
00088343
00057470
00077325
00079003
00075228
00039254
00034346
00090063
00086284
00084525
00067794
00087586
00028837
00025980
00079434
00097426
00064070
00018864
00055397
00021495
00086347
00059701
00076340
00012837
00062525
00057230
00059247
00010624
00019665
00079986
00059646
00035099
00046934
00051663
00063529
00056477
00038387
00051006
00063735
00077478
00054823
00085975
00093523
00058594
00081644
00023950
00038685
00018090
00042708
00047331
00039216
00060479
00052181
00047319
00081125
00041454
00029048
00060908
00062234
00054126
00085215
00077463
00022182
00070782
00037793
00077957
00082030
00061317
00093509
00087937
00043766
00082261
00038954
00043660
00011593
00028665
00078427
00042005
00030152
00082354
00031443
00088854
00078632
00078325
00082577
00030407
00063712
00061193
00033132
00072105
00078981
00059511
00099263
00088916
00059916
00033023
00017600
00062921
00081327
00073824
00030563
00060569
00029816
00031956
00091215
00075990
00047991
00060120
00023794
00016121
00040615
00030065
00076756
00090394
00086033
00084005
00019287
00084568
00014672
00030015
00066998
00097255
00040224
00051823
00034699
00064132
00015555
00057112
00068970
00062376
00097611
00089217
00045553
00042821
00077632
00054030
00083900
00032653
00023726
00017939
00043631
00027209
00088322
00054260
00097467
00092234
00047301
00067323
00018051
00042388
00054450
00096168
00016429
00042839
00094610
00069445
00019413
00079148
00036731
00089819
00070615
00015018
00063085
00080859
00046033
00020478
00081379
00033788
00065815
00077774
00095545
00026863
00029814
00013768
00060181
00059904
00028983
00052755
00098881
00084964
00073148
00055799
00090568
00077439
00092809
00019214
00019313
00026420
00093249
00023492
00091954
00088533
00092643
00064203
00068693
00067933
00065887
00075632
00090168
00075486
00016997
00068809
00043958
00099482
00048697
00044081
00050075
00095622
00058248
00022664
00058751
00012174
00035571
00048917
00023015
00063372
00024974
00076792
00017521
00078388
00027933
00029301
00070943
00025620
00056105
00082807
00085398
00060131
00079366
00047807
00091470
00060612
00039655
00025498
00068575
00028852
00027335
00053767
00015782
00059548
00030521
00046162
00027131
00062055
00023097
00076342
00056380
00090675
00031441
00082413
00032712
00043975
00082786
00037904
00022150
00018901
00067000
00099558
00023075
00041915
00065353
00091949
00033725
00093011
00065727
00092521
00034141
00034415
00080433
00019808
00057979
00044466
00085688
00089226
00051894
00077850
00093683
00087542
00010373
00043877
00075290
00030877
00039910
00093700
00099929
00095728
00071682
00055406
00013543
00029186
00071854
00094853
00057256
00073624
00062559
00049401
00055375
00053015
00091874
00086208
00082901
00021477
00066830
00019885
00059857
00015696
00055424
00097839
00081267
00030854
00097582
00081276
00090867
00060053
00024082
00085083
00077205
00037905
00053032
00037115
00043853
00052576
00039149
00072726
00038005
00028831
00028200
00063003
00075297
00091209
00052404
00039704
00053323
00017715
00068160
00079665
00027134
00086706
00051384
00099674
00099438
00077612
00023502
00047678
00029676
00078260
00019093
00098083
00018957
00016842
00076055
00028593
00061797
00068751
00083251
00022430
00025508
00025293
00030176
00070525
00016511
00076306
00055167
00073939
00043499
00025183
00067749
00034278
00010937
00093594
00039477
00086378
00070537
00076061
00066943
00083203
00094139
00024791
00072661
00059941
00041636
00085121
00052864
00064748
00083032
00091522
00014597
00091241
00098107
00030463
00059057
00087157
00087099
00020570
00085414
00034979
00081265
00038815
00032317
00069337
00089791
00064853
00084460
00020145
00088606
00018052
00080157
00076429
00054072
00050081
00047623
00057728
00086814
00041512
00032498
00014122
00022561
00045505
00097946
00016314
00089113
00024901
00082769
00014401
00073057
00038105
00054289
00073467
00093670
00083622
00046113
00021634
00011037
00014981
00078955
00078364
00038667
00066303
00056128
00056700
00092219
00086865
00090336
00065841
00047710
00018025
00065051
00034717
00054733
00054607
00071652
00028067
00021676
00063304
00088780
00054083
00032388
00013079
00066017
00060661
00043268
00073342
00083218
00078861
00083197
00071116
00072087
00013292
00092721
00077556
00035358
00085319
00063088
00036906
00098936
00029156
00041723
00049703
00082646
00092190
00095275
00044283
00027887
00032158
00052354
00076998
00022694
00030823
00041736
00023949
00037658
00039176
00091712
00055380
00018000
00036444
00068850
00096225
00072601
00029132
00073969
00096683
00052541
00025302
00082406
00077120
00040845
00094940
00068441
00039384
00037209
00061234
00021051
00076356
00079878
00033807
00048684
00049943
00039785
00038416
00062714
00054535
00016459
00033730
00020186
00037138
00031263
00057785
00069343
00070800
00047582
00047699
00025155
00094998
00058821
00097996
00030858
00066411
00095779
00032139
00064419
00050273
00091745
00014929
00059403
00066759
00033011
00022939
00074643
00016750
00057976
00011153
00010645
00079936
00042236
00077629
00043083
00050597
00062129
00040832
00088965
00044082
00066730
00034043
00058525
00038239
00049591
00086294
00087103
00027801
00049510
00033123
00090942
00043156
00083223
00096138
00035392
00011596
00048762
00055661
00094655
00086880
00063682
00060936
00033047
00021183
00022500
00061918
00029213
00025567
00076367
00095966
00098720
00011810
00077115
00037369
00060118
00054878
00037053
00037725
00028586
00016532
00020973
00063983
00013588
00088040
00081969
00079920
00088317
00086242
00011097
00057671
00019331
00024978
00073671
00029268
00089220
00093793
00082867
00072036
00065234
00036803
00064885
00015825
00050984
00016918
00080797
00034828
00070435
00078808
00093677
00044952
00087863
00082725
00021013
00060200
00037108
00040126
00014290
00069498
00011997
00098078
00032150
00048483
00092598
00040134
00081796
00094169
00019703
00040653
00041182
00025313
00052433
00089196
00025350
00013322
00079812
00048633
00075397
00070685
00059155
00047535
00027259
00064413
00034214
00045209
00035694
00036046
00068429
00015912
00084347
00085911
00083514
00088849
00070242
00097558
00039974
00073895
00089611
00051099
00093085
00069652
00081666
00019587
00046092
00062142
00071903
00083509
00076343
00094751
00099201
00061198
00095638
00075619
00044073
00075755
00056351
00066416
00047233
00089107
00041492
00030689
00063319
00078028
00053116
00089731
00093189
00038989
00033169
00043998
00025861
00010670
00091714
00091836
00082896
00073418
00088128
00069973
00017067
00057318
00030185
00028948
00076272
00028662
00077418
00021218
00047348
00020563
00096365
00024318
00079595
00028119
00056619
00059840
00090502
00072101
00092217
00039683
00014801
00022742
00066589
00092625
00047458
00091777
00049109
00030421
00040826
00042062
00067371
00015976
00044456
00090277
00017292
00091803
00077375
00032459
00036913
00067865
00085804
00021132
00054067
00061029
00065093
00012345
00087922
00073770
00093340
00074076
00025880
00060471
00091740
00023984
00048353
00015739
00057083
00083110
00076258
00024286
00069068
00089928
00059017
00085195
00073265
00052178
00078774
00061859
00092340
00080024
00016923
00078039
00010396
00050076
00031819
00016250
00013890
00068547
00034477
00095967
00092031
00015533
00094399
00058880
00063901
00021620
00061997
00099025
00034832
00096868
00075452
00041434
00058775
00030989
00038566
00078089
00056225
00080325
00059223
00052779
00050307
00042462
00085920
00030449
00062907
00083015
00098603
00048136
00049669
00025772
00019349
00058817
00068636
00053711
00098109
00043512
00086117
00010384
00023957
00022164
00071238
00029350
00025826
00098305
00022324
00026842
00051517
00083813
00019100
00036923
00040272
00045927
00075612
00033562
00085191
00020088
00091187
00085069
00055112
00061401
00057286
00034402
00096043
00060208
00033864
00031674
00079767
00033503
00094251
00089464
00059675
00079018
00046505
00036051
00047294
00018889
00036232
00055918
00092934
00071606
00036961
00031229
00063805
00049480
00056792
00044850
00048435
00055110
00099664
00085908
00022109
00027748
00055720
00022538
00036406
00080202
00024986
00098958
00083708
00064660
00068189
00055213
00089035
00095240
00080162
00055977
00034334
00038154
00094006
00090690
00038134
00091477
00088433
00060129
00054513
00088151
00053887
00026858
00045408
00025491
00055263
00015398
00077780
00019000
00056515
00074942
00097411
00021767
00024857
00046453
00077776
00075006
00070023
00080430
00099450
00030641
00086336
00090181
00033624
00047181
00076984
00042652
00099130
00097454
00073856
00057580
00097979
00074949
00014168
00081558
00025280
00086819
00047959
00083897
00070314
00018218
00081236
00063562
00044542
00030013
00076353
00083930
00056057
00032487
00096978
00031667
00047518
00021841
00058674
00084427
00032204
00064244
00086170
00066254
00014629
00079461
00070195
00069010
00082802
00082525
00060365
00019581
00053545
00061910
00063625
00099978
00088392
00066708
00047689
00071308
00022507
00071282
00020096
00084280
00070232
00043964
00015210
00092416
00064401
00018489
00054208
00017512
00097293
00060508
00020274
00060964
00016682
00072209
00011514
00046521
00088958
00042856
00056311
00036971
00028234
00067827
00092346
00031197
00073731
00085357
00061970
00064358
00014148
00017566
00041521
00069939
00048073
00029715
00035500
00047212
00071852
00070661
00066703
00048721
00038057
00042551
00029257
00058250
00071106
00095519
00076839
00045854
00072359
00067649
00089260
00054477
00060643
00058510
00079117
00082853
00087368
00053510
00086075
00075240
00081199
00017212
00023669
00019121
00093799
00045279
00017167
00035321
00066712
00068878
00053344
00032068
00071806
00016287
00057053
00032888
00057146
00055550
00044833
00070428
00048420
00057790
00018251
00090957
00074842
00040800
00074368
00043993
00083063
00082134
00074333
00058551
00065163
00060268
00076991
00059237
00037988
00038508
00015857
00075576
00034138
00095054
00062215
00012397
00029122
00073857
00033379
00019101
00025369
00064881
00055482
00090991
00020138
00038781
00032584
00042240
00063150
00041180
00095776
00083545
00033319
00042545
00025914
00093099
00041431
00037527
00078903
00069821
00072668
00094602
00089660
00052099
00036408
00046392
00014810
00029798
00069239
00068729
00073529
00059027
00094859
00024433
00032785
00090287
00078324
00096873
00025996
00019507
00091520
00086667
00075072
00091410
00047111
00090637
00028964
00041318
00065215
00089083
00012099
00059797
00050226
00096025
00074856
00030724
00039273
00051999
00096348
00035360
00073828
00097506
00045015
00011031
00041086
00015753
00050045
00030796
00049370
00043085
00051768
00077275
00013587
00028492
00070920
00045204
00050712
00017226
00052931
00016053
00053744
00089552
00022473
00023729
00022348
00076981
00036723
00099697
00035538
00019809
00075249
00029372
00053501
00083740
00046458
00055724
00053985
00060899
00014554
00042721
00055198
00054169
00058327
00082388
00066581
00043491
00033206
00040533
00092021
00075404
00058370
00018875
00057160
00017750
00067327
00038720
00061846
00018164
00020782
00045058
00076538
00078013
00025118
00016668
00070742
00085782
00098426
00089751
00041735
00082596
00043241
00054748
00087414
00077118
00098306
00060069
00050564
00071109
00026544
00067981
00064384
00080516
00094916
00068413
00035776
00043305
00038223
00082220
00023585
00044387
00070602
00056058
00015268
00032336
00082980
00088117
00023823
00036666
00077607
00010230
00088092
00070854
00069153
00059521
00070005
00056687
00030042
00023036
00086776
00080393
00045888
00035240
00037575
00037994
00052670
00067941
00013445
00031774
00011133
00095911
00096741
00035275
00086719
00070424
00032909
00081015
00029037
00045792
00047618
00085212
00065391
00027159
00045835
00072920
00094899
00068969
00094275
00064921
00025127
00013973
00040360
00037802
00042380
00086102
00048239
00093409
00063619
00013701
00055761
00095689
00073975
00054380
00051697
00019196
00050919
00029917
00034702
00014521
00078336
00042003
00028189
00087940
00087073
00066654
00017847
00030764
00062253
00053042
00044317
00029471
00029024
00011795
00030227
00083053
00029400
00062146
00084537
00029514
00059408
00018536
00093956
00082443
00087489
00057898
00087320
00014193
00069861
00036580
00088836
00053377
00067176
00068282
00098591
00041125
00012494
00095176
00043013
00011504
00037129
00016078
00037729
00039672
00096221
00034927
00099379
00056942
00094546
00042863
00049363
00044065
00027417
00033641
00086500
00050166
00074500
00065404
00040554
00068495
00049579
00056737
00061467
00017561
00084693
00039369
00032374
00021924
00052464
00098408
00014169
00054770
00057589
00046319
00025053
00047799
00074907
00047395
00036973
00015221
00036774
00011924
00070789
00075264
00087107
00058310
00052086
00016472
00032249
00032542
00024787
00030445
00069971
00038512
00066932
00067570
00032475
00063576
00062140
00078218
00053223
00043865
00077891
00072735
00072818
00017407
00026131
00014751
00061227
00055275
00099344
00077101
00044009
00018022
00017148
00057269
00074069
00074430
00064661
00018230
00061281
00043259
00031809
00032360
00012217
00031852
00057581
00091041
00051708
00028169
00063895
00065824
00063089
00030309
00046241
00036782
00074917
00010354
00019044
00023291
00011711
00021815
00017595
00076196
00099329
00016465
00031205
00061006
00086339
00087434
00037276
00050838
00074773
00097909
00024715
00025652
00082364
00040416
00068353
00033365
00021852
00077798
00013872
00061026
00042207
00077694
00085531
00097413
00063930
00023706
00064659
00074188
00018905
00050008
00027166
00079069
00097623
00078479
00049568
00072188
00076537
00068254
00091108
00032242
00034458
00041976
00090052
00052731
00095904
00026622
00028552
00096505
00028374
00085273
00010728
00068552
00051703
00067994
00094603
00030410
00049056
00020181
00034575
00078818
00072558
00017666
00045484
00033091
00017632
00070797
00094258
00016861
00032142
00065431
00025166
00059687
00017128
00041968
00080395
00073202
00024643
00036077
00047214
00039460
00057061
00074487
00091966
00090715
00022583
00078546
00024178
00011599
00089787
00082519
00026675
00041959
00086732
00010585
00017159
00083160
00088290
00058180
00042263
00077259
00040923
00065402
00093901
00020124
00032474
00031157
00025327
00071973
00056435
00048554
00086047
00086282
00031743
00024022
00024029
00078480
00039913
00026644
00045848
00082051
00082212
00097077
00022210
00087932
00026174
00042806
00066498
00057660
00039128
00028096
00082481
00032674
00013381
00011703
00022649
00095295
00073456
00024529
00039039
00017265
00020783
00033065
00035021
00071211
00044404
00062713
00054359
00033993
00035389
00091955
00087338
00075918
00048865
00025607
00012002
00081316
00037245
00055189
00084582
00036401
00044463
00047151
00026912
00062617
00065056
00099636
00081992
00092189
00024525
00078786
00091105
00041321
00055610
00094878
00050019
00064724
00030451
00040522
00095726
00039739
00045020
00089194
00031398
00097549
00038837
00099703
00093568
00026979
00091230
00070677
00018593
00040768
00071918
00042477
00012545
00081118
00062509
00036674
00013819
00067243
00034873
00031591
00071909
00078317
00076254
00088830
00086763
00052754
00086177
00092708
00013555
00058982
00026687
00080862
00033640
00073960
00022144
00039787
00015962
00021157
00017975
00074544
00012225
00026529
00059900
00097561
00011357
00086239
00015307
00028503
00030509
00064746
00076016
00048527
00065007
00096908
00014489
00086563
00080331
00088577
00099554
00012487
00055692
00032634
00030643
00025220
00092100
00032097
00088551
00072883
00092806
00017491
00033066
00058470
00033497
00066183
00075729
00039958
00065951
00080179
00074256
00095308
00048584
00027377
00075281
00014192
00095610
00045262
00032991
00022290
00050892
00042789
00074752
00074802
00050036
00064888
00091914
00021618
00030121
00037781
00017626
00028151
00022763
00066675
00040971
00083163
00067723
00035458
00067589
00021546
00049737
00011433
00096663
00044658
00028033
00066016
00063521
00099563
00075016
00035713
00086891
00012528
00022300
00065271
00023611
00091225
00076259
00094443
00060652
00030576
00029633
00052918
00077004
00010437
00010026
00025002
00057995
00078938
00061378
00063440
00047133
00094593
00097634
00096406
00038417
00067928
00078704
00058967
00047874
00041914
00020668
00031596
00042018
00023780
00012617
00041612
00052522
00056459
00032052
00057940
00025622
00092653
00022278
00022450
00072256
00059754
00015285
00031306
00050983
00046563
00072947
00020992
00041681
00087374
00091237
00027987
00044942
00077708
00045340
00038304
00024134
00066553
00012612
00094022
00058812
00071320
00053499
00091556
00012249
00092770
00094828
00051428
00085418
00032281
00071686
00099823
00049235
00049202
00071598
00046572
00046336
00055679
00030895
00088914
00038619
00093437
00036952
00082868
00024052
00070540
00079769
00026649
00019083
00011549
00080312
00010926
00040292
00019701
00019110
00044420
00070306
00010598
00067097
00071010
00040635
00013914
00026439
00021015
00081009
00058258
00052189
00036689
00080569
00047909
00068069
00043412
00025811
00070239
00029800
00094444
00039006
00021628
00047461
00074681
00017092
00072695
00066557
00036445
00055357
00024280
00010784
00048653
00086726
00022033
00072008
00041892
00068630
00023570
00070635
00045352
00014424
00046878
00097604
00066578
00077900
00096039
00095184
00031238
00068328
00078290
00088388
00019750
00030379
00089352
00036458
00086030
00097515
00066968
00099982
00019437
00073224
00065985
00072073
00054445
00085180
00046417
00030300
00075991
00051327
00047295
00093218
00084680
00080718
00041529
00050074
00016637
00071353
00066324
00063419
00067556
00011627
00072940
00034920
00086264
00037828
00059545
00074136
00026890
00023422
00058667
00042393
00073098
00096731
00094946
00041072
00075822
00032617
00029434
00083325
00020027
00070938
00067090
00054216
00029408
00034748
00062754
00057461
00035640
00089668
00063533
00092623
00087214
00088120
00030506
00038992
00025258
00046108
00083136
00069841
00082511
00074723
00090940
00092568
00019091
00078062
00043469
00087267
00081030
00096186
00040432
00083030
00070339
00034105
00096396
00046404
00038509
00049546
00054857
00073391
00082240
00082410
00073520
00044498
00070228
00027467
00086613
00068794
00083112
00090561
00085034
00086063
00072498
00091338
00052776
00034715
00042873
00083347
00023437
00060396
00094471
00081866
00028385
00020792
00086922
00017479
00029446
00010164
00093235
00067999
00011804
00011226
00087217
00076852
00091794
00020410
00099632
00089566
00022765
00056955
00098441
00081872
00094839
00017874
00069332
00060856
00086589
00067238
00061417
00055907
00022734
00052449
00061235
00090634
00073249
00037367
00030283
00076770
00026289
00012398
00013006
00092648
00065027
00061122
00065130
00046352
00025434
00072040
00028848
00070382
00045246
00039941
00015779
00046433
00029293
00092920
00053265
00091280
00079291
00071430
00053080
00044191
00078394
00023660
00054956
00092889
00064222
00065343
00054202
00024077
00057781
00073861
00085860
00066822
00073748
00051463
00089665
00023035
00052206
00055386
00082742
00058338
00011417
00071599
00083712
00043765
00086310
00074162
00036758
00070397
00096829
00082248
00018017
00088838
00061129
00073718
00037923
00087796
00027993
00066117
00071820
00080396
00075209
00049772
00060324
00038693
00032029
00016171
00017764
00022342
00079460
00031849
00037910
00020832
00015184
00035775
00094718
00014618
00033423
00013276
00018018
00077232
00094095
00059859
00034114
00026272
00073832
00063876
00088989
00034302
00055076
00087840
00080756
00017156
00028489
00073415
00054937
00080779
00078223
00017277
00040067
00036166
00051444
00043464
00062568
00067650
00050481
00052826
00044904
00067095
00083489
00019832
00070860
00038311
00060868
00099739
00090660
00084037
00013762
00069681
00033382
00018580
00031112
00035283
00083253
00097334
00015148
00053455
00041164
00015688
00091370
00018347
00045778
00092384
00098753
00020307
00059987
00065855
00067310
00080204
00097976
00047479
00082055
00089653
00075679
00086097
00084794
00052337
00056078
00073517
00050315
00037018
00024550
00021839
00093988
00028273
00029392
00029479
00092836
00024415
00056945
00072205
00086190
00097653
00032843
00082974
00093976
00091305
00059479
00076044
00086663
00029795
00057688
00017863
00024713
00039409
00048601
00016924
00016471
00033143
00083688
00021845
00023094
00010296
00026963
00014664
00070885
00072983
00039145
00037796
00073879
00031689
00013647
00056558
00059819
00032539
00046259
00063979
00092572
00065772
00090275
00052424
00085243
00064968
00059228
00061038
00031219
00082632
00071489
00052280
00093915
00072595
00064630
00075797
00011986
00099728
00096352
00051114
00074090
00075894
00011160
00013760
00022894
00044228
00059831
00080199
00049886
00076663
00022747
00072519
00045229
00091919
00013518
00016795
00076798
00046974
00017806
00058205
00043948
00075558
00016902
00032862
00095944
00068997
00029901
00057839
00031120
00033428
00048171
00048330
00076255
00099955
00056675
00096487
00091710
00027017
00073108
00016965
00027490
00072212
00021174
00083641
00027054
00027476
00051192
00046104
00016284
00040122
00021138
00041298
00012124
00054539
00032753
00072165
00028499
00051288
00052171
00064759
00051670
00036419
00010117
00094611
00080552
00039929
00037633
00082171
00041570
00027777
00099547
00076461
00029338
00055324
00066153
00012119
00011262
00023724
00070517
00010379
00026821
00048970
00019094
00056469
00060848
00075818
00067581
00061933
00066270
00036464
00086115
00063993
00066357
00032834
00037554
00037767
00031015
00025023
00096878
00058620
00052113
00046961
00027872
00069630
00019136
00097944
00017127
00085421
00025708
00082621
00036218
00065080
00083462
00099423
00042217
00022180
00033716
00018483
00087495
00018809
00090214
00090838
00043107
00031683
00043042
00023060
00085465
00042264
00075453
00038139
00090255
00052956
00032968
00014135
00084270
00061856
00020987
00099593
00046270
00099613
00054604
00023805
00031605
00081076
00089264
00081921
00083669
00040351
00022770
00096262
00025278
00067170
00088037
00010237
00039473
00057090
00042720
00062906
00099349
00049836
00044517
00019589
00015116
00020354
00019602
00083244
00065198
00053020
00094083
00031433
00028056
00047418
00012637
00093082
00018048
00086384
00013698
00090422
00091303
00098638
00081648
00032485
00045019
00016393
00012757
00092264
00031660
00086428
00038631
00013910
00034618
00038456
00027819
00058970
00044326
00076627
00049774
00029438
00091327
00053432
00013144
00095844
00017339
00010820
00038083
00020031
00081289
00030174
00063175
00016417
00027341
00021217
00080057
00048049
00030839
00012825
00011540
00050198
00045620
00051635
00058920
00046116
00069660
00044214
00053398
00045249
00076111
00057274
00085358
00092118
00072756
00059078
00061721
00062420
00027009
00043883
00055609
00069883
00041266
00098871
00020654
00026508
00013233
00041791
00097587
00042496
00018298
00098270
00063985
00090550
00065251
00083338
00029312
00027327
00098718
00083176
00037873
00083789
00015290
00049042
00077485
00036098
00096126
00049123
00077390
00083073
00014951
00078620
00079637
00085086
00035304
00021692
00087692
00055093
00090563
00082616
00055155
00076121
00015925
00078727
00088527
00018725
00067417
00058224
00069972
00092490
00092407
00067003
00017543
00093221
00056457
00079306
00020572
00043510
00033817
00032791
00088483
00016690
00019771
00018540
00025509
00039147
00063518
00011555
00095700
00084486
00090217
00097751
00083118
00067434
00046219
00036533
00015589
00067892
00030070
00055694
00073235
00092405
00023430
00014799
00042837
00061126
00044302
00071149
00066680
00094578
00013832
00037551
00050463
00078425
00059882
00020618
00081130
00082564
00026791
00030532
00017842
00021166
00075207
00078114
00066562
00042768
00044312
00075993
00041374
00081452
00068278
00028533
00052104
00045147
00054967
00069968
00093166
00020477
00013464
00012807
00026567
00020179
00037979
00011403
00040107
00078436
00064593
00053967
00039071
00095235
00058960
00048631
00013702
00088605
00026444
00043786
00096380
00025970
00091326
00037240
00061513
00094533
00086224
00081902
00085065
00029677
00075197
00072259
00021594
00096542
00048868
00033605
00076300
00053676
00012963
00051460
00031531
00034961
00029201
00024591
00099470
00080061
00074004
00048122
00050400
00031671
00063555
00043406
00043260
00019278
00095173
00039741
00021042
00084710
00032379
00033134
00061941
00079782
00028733
00050523
00057044
00025439
00017470
00041021
00070433
00013489
00020899
00045925
00044840
00021142
00093599
00067004
00036422
00062170
00041240
00014852
00076949
00079881
00070524
00027966
00076465
00010304
00036208
00030582
00074976
00066916
00097161
00024854
00072240
00060016
00093000
00037219
00060427
00029531
00071303
00093277
00036566
00043784
00083519
00040465
00044362
00061992
00062277
00015721
00049015
00072113
00093330
00038554
00085059
00024290
00099573
00031812
00063843
00059358
00092247
00058517
00054641
00070572
00025308
00060724
00062701
00022126
00083120
00074240
00028780
00016048
00075497
00026902
00017211
00036605
00068166
00048829
00091575
00038737
00080486
00017253
00063686
00091713
00028317
00043097
00041093
00090717
00029176
00013925
00085399
00071523
00080362
00058417
00048079
00014126
00071791
00066427
00051432
00073669
00019692
00075771
00028313
00084084
00026292
00063148
00051504
00015393
00080617
00060149
00098805
00085317
00038983
00095036
00070716
00039140
00097888
00047887
00032175
00046230
00056102
00029900
00021203
00032033
00057848
00048347
00093313
00078377
00049643
00090332
00035597
00076091
00055587
00093879
00049214
00079957
00078935
00012393
00042966
00034727
00066430
00021104
00013119
00070050
00083482
00012491
00024683
00097687
00022710
00045261
00066785
00041586
00011869
00061362
00089050
00080324
00037935
00025309
00059242
00054136
00032527
00018674
00077800
00089025
00018490
00078893
00080479
00088306
00075969
00027237
00021378
00093623
00040932
00058929
00063092
00051405
00062626
00024053
00068532
00027840
00056520
00027187
00065048
00011494
00024409
00026268
00052737
00079821
00085451
00049175
00092674
00073997
00076166
00047406
00013891
00052422
00056919
00034941
00084545
00033699
00064399
00081975
00033745
00011282
00074926
00050595
00079338
00099829
00053643
00068367
00084963
00013651
00087830
00088395
00053422
00099935
00034440
00085741
00047586
00064942
00078663
00029456
00025253
00029776
00098526
00038286
00083410
00052903
00043725
00058227
00021251
00025525
00025263
00034514
00026526
00094137
00097140
00014470
00039713
00025453
00058642
00063170
00048844
00060566
00059660
00021117
00046211
00024514
00030955
00039709
00020998
00032941
00030513
00022085
00017132
00053860
00087601
00044684
00036019
00088928
00098802
00067561
00030767
00063818
00013814
00023001
00099983
00050732
00081801
00013283
00018866
00085871
00039705
00080788
00023587
00015871
00024295
00085773
00042745
00060925
00050096
00017940
00020278
00070893
00058571
00033048
00095552
00017813
00020462
00098006
00033111
00090482
00067740
00053401
00053019
00038037
00053473
00035761
00061991
00062350
00074110
00018217
00076898
00067897
00016151
00083547
00098034
00060570
00078538
00039069
00095796
00088844
00033657
00014080
00072562
00060706
00021382
00011822
00052481
00047182
00091324
00040700
00074613
00049238
00059587
00077846
00040150
00025144
00040604
00039718
00010241
00034030
00055385
00070970
00072329
00037786
00069966
00053238
00049262
00035873
00032209
00013960
00050428
00034037
00032974
00028806
00028694
00033926
00084303
00044545
00094674
00033664
00021089
00074872
00093807
00050067
00095885
00030022
00064039
00077469
00099256
00078697
00079290
00049261
00082081
00097452
00047199
00039171
00090686
00043734
00049137
00015025
00049186
00025896
00093243
00029760
00097494
00037190
00043742
00015000
00076409
00016237
00081095
00032094
00093503
00080304
00067038
00060694
00077454
00019681
00086866
00015596
00074596
00087822
00013129
00069228
00080159
00085427
00052122
00042267
00089061
00039513
00057811
00019931
00080370
00056178
00087302
00093964
00066412
00054599
00064435
00011566
00074890
00054490
00041178
00095179
00081822
00056312
00022888
00048658
00014279
00092823
00087838
00013785
00087731
00097244
00046996
00083239
00073276
00049783
00054332
00067995
00036238
00014735
00062020
00079482
00031915
00041594
00088831
00060581
00015914
00059180
00088754
00082873
00056495
00092065
00031676
00068888
00021622
00095701
00094896
00022038
00032289
00072174
00037703
00064301
00025135
00018344
00047277
00022525
00032324
00062144
00018925
00012609
00091567
00096620
00067268
00066755
00055346
00036978
00014187
00080593
00054388
00025373
00042368
00051581
00036640
00019872
00055461
00067748
00038675
00021082
00098011
00068646
00013804
00099283
00088391
00044487
00054526
00074512
00051068
00099158
00096340
00088331
00055485
00040496
00083860
00094094
00070024
00094349
00091788
00093985
00017375
00045946
00010046
00097690
00023606
00080107
00088617
00080268
00084672
00092195
00038576
00041819
00079409
00097856
00015465
00065376
00059920
00044430
00073123
00076966
00026234
00015364
00098398
00096798
00024588
00041513
00072017
00085820
00017674
00014071
00058889
00044314
00062019
00094739
00075721
00091454
00056627
00056823
00081968
00098754
00065090
00030965
00024385
00097398
00075467
00073144
00065231
00051291
00063362
00031187
00038444
00047386
00030423
00077241
00064522
00034447
00067983
00030914
00033580
00036717
00050854
00039008
00061497
00033978
00068640
00028395
00042280
00028030
00010076
00025119
00042448
00059079
00010935
00087380
00026447
00015456
00083491
00051007
00044745
00017298
00091784
00095249
00067398
00093095
00093304
00070612
00090138
00090166
00069459
00073032
00042209
00069764
00053414
00085670
00073405
00020813
00077352
00011382
00020969
00032217
00013887
00076213
00093170
00058507
00097354
00056272
00046175
00053338
00014016
00029699
00049120
00051786
00050344
00047261
00080571
00036040
00092844
00092544
00065762
00025627
00087702
00056140
00023402
00099821
00086110
00099052
00017361
00068471
00010740
00082428
00033889
00066924
00083699
00011507
00077934
00041893
00067308
00084756
00072151
00044062
00040903
00020863
00027735
00061259
00053783
00030912
00094579
00043179
00024667
00088255
00064803
00075726
00056314
00093496
00060438
00036654
00070385
00033883
00045180
00068265
00045498
00026971
00014962
00050760
00040075
00096382
00078042
00083565
00025319
00025922
00073080
00063312
00084546
00010332
00010540
00078895
00068408
00082681
00088799
00042132
00099116
00014387
00015045
00032146
00061374
00066659
00071506
00098110
00080922
00076785
00068610
00098148
00045115
00037698
00080861
00094713
00080696
00090428
00093823
00028639
00070175
00069570
00018557
00066320
00038257
00018292
00016325
00034276
00050959
00054192
00053543
00032699
00060020
00068505
00068857
00048519
00076876
00090842
00054926
00026518
00056148
00039512
00072492
00040773
00055037
00069996
00038102
00067735
00019397
00017744
00084139
00053164
00023383
00055254
00090986
00069820
00010045
00024168
00047507
00084961
00032894
00051652
00088015
00025261
00078871
00023973
00023771
00080701
00089102
00082943
00082637
00065800
00012530
00045494
00095269
00043941
00055523
00025125
00077177
00084974
00032060
00093675
00016679
00017922
00010639
00040989
00075466
00019369
00092699
00020575
00015524
00072771
00029680
00087662
00067395
00070717
00043588
00078873
00024626
00090333
00026914
00046338
00019908
00081698
00055674
00012661
00061813
00098277
00022709
00075682
00011701
00068752
00031973
00059059
00080244
00091661
00094951
00042848
00024247
00068489
00049874
00030608
00091592
00084088
00046000
00067231
00022775
00013212
00018936
00043058
00094002
00033601
00057789
00046968
00079757
00092630
00023278
00054818
00052345
00083875
00072864
00061306
00094521
00027081
00098132
00091295
00066521
00063487
00075421
00054903
00070942
00024920
00043611
00059925
00045470
00066308
00082175
00010178
00095013
00082926
00060603
00078700
00061845
00040310
00054371
00097948
00074633
00027109
00097989
00026091
00049819
00026373
00059178
00051584
00018980
00016020
00025548
00089506
00018801
00081663
00081150
00015633
00094010
00059989
00080196
00045023
00019668
00084265
00027844
00071957
00092973
00072884
00079433
00018443
00021866
00047397
00067916
00014261
00013173
00022608
00054081
00047043
00036496
00067155
00095127
00099608
00064418
00092671
00068320
00070589
00012922
00082599
00028237
00086945
00081250
00090354
00011416
00030219
00030126
00053404
00013226
00016252
00015494
00068148
00072432
00047928
00028705
00084500
00019127
00081441
00038155
00083593
00075073
00068491
00058768
00047724
00086101
00042007
00038119
00086398
00062625
00092127
00054428
00058203
00091433
00045897
00044341
00058355
00053762
00080050
00031979
00079694
00076610
00096163
00059999
00047392
00018107
00032098
00019547
00012478
00039496
00087096
00046800
00060281
00062805
00098810
00063118
00089343
00028667
00063098
00020793
00015248
00049259
00041563
00097174
00066959
00097445
00088427
00072484
00069641
00098673
00078200
00026202
00073480
00033954
00015457
00062633
00023618
00029443
00088145
00047067
00083367
00037775
00081550
00035140
00021713
00015662
00071802
00028648
00065910
00081845
00052148
00053631
00069897
00062999
00056943
00035879
00018541
00043915
00033839
00043078
00083178
00063223
00040186
00016176
00074461
00059188
00066884
00087080
00014540
00042962
00025069
00036990
00070643
00026603
00089049
00029264
00084292
00014176
00063958
00029030
00011268
00093937
00067652
00019919
00084056
00034813
00074101
00059622
00098679
00059643
00074022
00060610
00062698
00078638
00073700
00017122
00040394
00067610
00033156
00071897
00047128
00042835
00037660
00086007
00014449
00049804
00085971
00057648
00049454
00058394
00083459
00080239
00082310
00044405
00016376
00062241
00097236
00042119
00064379
00044817
00043022
00049253
00071764
00087386
00034868
00012782
00093291
00085120
00078695
00061255
00027693
00024190
00047236
00013274
00066092
00015669
00021662
00023511
00045044
00041006
00011049
00036367
00093785
00048220
00017471
00086649
00077467
00075649
00089178
00024025
00012744
00017161
00045642
00022735
00040738
00077547
00054374
00059777
00034108
00027201
00040031
00062512
00076118
00050953
00040040
00070847
00029194
00075100
00056764
00043557
00014118
00053980
00024400
00023286
00021534
00089275
00060231
00069453
00043520
00083982
00023641
00043217
00075350
00095636
00065618
00052056
00038133
00049802
00063525
00091212
00023098
00031122
00082895
00072624
00015818
00049808
00082203
00061018
00045936
00057368
00042358
00029223
00032408
00061294
00029848
00064134
00041821
00022551
00038861
00019365
00074481
00034615
00064826
00071341
00053722
00086555
00067242
00030110
00040117
00076789
00020856
00059569
00046261
00068201
00048450
00055919
00014837
00026335
00068485
00057951
00065946
00052560
00036273
00021830
00054015
00021971
00072709
00024430
00076386
00055526
00015879
00074411
00099707
00065954
00085396
00079968
00026506
00031930
00050221
00045701
00042470
00056403
00018594
00090113
00091734
00052856
00069542
00015841
00085454
00051602
00054865
00096302
00063055
00041617
00075315
00081069
00070081
00079568
00034317
00084497
00082953
00022488
00096488
00033622
00031687
00095676
00032870
00073619
00033738
00084430
00017045
00037055
00062156
00080302
00025239
00076288
00027893
00017612
00045745
00097416
00074853
00016369
00054886
00033830
00074028
00089576
00071543
00098884
00061573
00093918
00057227
00023839
00051628
00036826
00030135
00019350
00050416
00019555
00042877
00076900
00097510
00080100
00019964
00047163
00091354
00055338
00060539
00031536
00065484
00070518
00022455
00038599
00083799
00037028
00082973
00072520
00059469
00046002
00040480
00049696
00049499
00071052
00018074
00090124
00013951
00092826
00066815
00083088
00036503
00084573
00074466
00086271
00019063
00046143
00086541
00027862
00060236
00030794
00022219
00083541
00053333
00077129
00096689
00074896
00099311
00096403
00065177
00058106
00086628
00046967
00053895
00099314
00026410
00067400
00049954
00054921
00077224
00060287
00064380
00044331
00082506
00065437
00080134
00016881
00057375
00031509
00049151
00060443
00092079
00081099
00061977
00026403
00021955
00040770
00055193
00088972
00062707
00092082
00035492
00091675
00082069
00083957
00093020
00096850
00028051
00035124
00061638
00098102
00023995
00043322
00010631
00042197
00063878
00017095
00055594
00030680
00026472
00033818
00096699
00017969
00091294
00063536
00072481
00033495
00031713
00097410
00067163
00010885
00010327
00078043
00062881
00084618
00094740
00074420
00052066
00010166
00083738
00026324
00018527
00091762
00051782
00033327
00087209
00080376
00068545
00046697
00022723
00039053
00029522
00067319
00056093
00054368
00041628
00077143
00087442
00040707
00049999
00094170
00076866
00011346
00047768
00077977
00048455
00015068
00084501
00020803
00024858
00092121
00055865
00075846
00025365
00054231
00059516
00062582
00089293
00036721
00066156
00055953
00046722
00079209
00045595
00047196
00066186
00041235
00014241
00060630
00099322
00063646
00021776
00082107
00061179
00077488
00074865
00093809
00090308
00077391
00018269
00044251
00013330
00023185
00050065
00010846
00062281
00046293
00015088
00037074
00074321
00079269
00041667
00072573
00033985
00074986
00098629
00099174
00011313
00088988
00064000
00080279
00095066
00054643
00051487
00073002
00031582
00088241
00038020
00042614
00027057
00084189
00019999
00070256
00012978
00028356
00027763
00048147
00052073
00018601
00039601
00048643
00083887
00020532
00025492
00022243
00041443
00028201
00089987
00069109
00036280
00018662
00079823
00018956
00074068
00053361
00045161
00031684
00060904
00066479
00099788
00056894
00029759
00043657
00096521
00021458
00083804
00023786
00024566
00082008
00018100
00037547
00057122
00030765
00072283
00038195
00013501
00034148
00034427
00044884
00018576
00016694
00027717
00021848
00056248
00021525
00029018
00087852
00074386
00012846
00044257
00087288
00019795
00096283
00080578
00082076
00048523
00097868
00062206
00072423
00090970
00051343
00010730
00098247
00032649
00081367
00047925
00087110
00015972
00084044
00084327
00027477
00068173
00090435
00067441
00055872
00067451
00049621
00054959
00096523
00039113
00019067
00042938
00052166
00092418
00082151
00043458
00088717
00067537
00011132
00055449
00040712
00058816
00037510
00013117
00085954
00054378
00010152
00061226
00018903
00035573
00058018
00080265
00019072
00031333
00069518
00010735
00016519
00064066
00040563
00086941
00075041
00028560
00011872
00014752
00075696
00040280
00060431
00071365
00075395
00029457
00040911
00074372
00056584
00041408
00051524
00028463
00061308
00043121
00055903
00034007
00057678
00066840
00035632
00041733
00064722
00076476
00067634
00064349
00073324
00061920
00080721
00099540
00027834
00038958
00059199
00037091
00081930
00038228
00045709
00035692
00066922
00099900
00040634
00052900
00060915
00048349
00045035
00032074
00015796
00069320
00042086
00074345
00053541
00050535
00091697
00042087
00036185
00034216
00098969
00066539
00054026
00054869
00026722
00099938
00093991
00012291
00067495
00024910
00027648
00059431
00089773
00055710
00041048
00088288
00035496
00076085
00090123
00047362
00080715
00096248
00043769
00038418
00040277
00045243
00067591
00060466
00051929
00090062
00038437
00035164
00023388
00067662
00052808
00031898
00078836
00061239
00028486
00069857
00056395
00057310
00055265
00073599
00097572
00026539
00057004
00079808
00054905
00029025
00079765
00072184
00081678
00091007
00087725
00041951
00084891
00036313
00033391
00047556
00092283
00020543
00099876
00069033
00035883
00049838
00015516
00080885
00035190
00035066
00041023
00067624
00046693
00060764
00027152
00076823
00096461
00016688
00013546
00031620
00074938
00090929
00011259
00045325
00029596
00089730
00020954
00080968
00087135
00015998
00080210
00066407
00060215
00081486
00081235
00069162
00039527
00021529
00012692
00051868
00051701
00045729
00071939
00097388
00063001
00070515
00093796
00069363
00099391
00043855
00099901
00089328
00099718
00096877
00020192
00049550
00031573
00091017
00069493
00086008
00038125
00010777
00074972
00096632
00043824
00033630
00037397
00032404
00084605
00087550
00046240
00074246
00013154
00065735
00086820
00081918
00054858
00081016
00075567
00089555
00050885
00079484
00017482
00011146
00026533
00097400
00021187
00060003
00071627
00060279
00057685
00050186
00024172
00079079
00072287
00086752
00029267
00044407
00041418
00050904
00041278
00034446
00095397
00079641
00021069
00023601
00077015
00099678
00088276
00010283
00047004
00064538
00020207
00044907
00077278
00063315
00072208
00042788
00015848
00029855
00094225
00019763
00072632
00095578
00011297
00066864
00094054
00090248
00075109
00097974
00019939
00025301
00026354
00094554
00024304
00058639
00069725
00052829
00049991
00070888
00035598
00045823
00028089
00050833
00083404
00039282
00028699
00027714
00063669
00032269
00028679
00094508
00030237
00087265
00021562
00067275
00076167
00059440
00022086
00012147
00026957
00088190
00032409
00036010
00079001
00077193
00040514
00031870
00021003
00049744
00092123
00085866
00088575
00064760
00099542
00023749
00063072
00096450
00043645
00084604
00093240
00091200
00039146
00041649
00063707
00023284
00072055
00026650
00034408
00029375
00065463
00090823
00078353
00080810
00051269
00015167
00055909
00018793
00019854
00021870
00019599
00090731
00027674
00098632
00061649
00051657
00033983
00032924
00067873
00055217
00051603
00056462
00037046
00023010
00076331
00029830
00017758
00073919
00037812
00069668
00028575
00063177
00067075
00052768
00020548
00020313
00053101
00072382
00070333
00091164
00083396
00045891
00046926
00049180
00014018
00086832
00093087
00034253
00063783
00056068
00049329
00046173
00069926
00022252
00036437
00067189
00054009
00056449
00035764
00020741
00043482
00043962
00060446
00086536
00075804
00059024
00092437
00036048
00068252
00079387
00045260
00038849
00071292
00076651
00086454
00060463
00034581
00068451
00062783
00031612
00030416
00051909
00093750
00064364
00060716
00092434
00022677
00024320
00032368
00019318
00073809
00093058
00036574
00022815
00030271
00079533
00070309
00066503
00014260
00044605
00079493
00058787
00074379
00092647
00035048
00012643
00011535
00010190
00049164
00024048
00078834
00034992
00072222
00015413
00081329
00019805
00074858
00056458
00055267
00058712
00014110
00072285
00093245
00075748
00095008
00036783
00039430
00088308
00093038
00046870
00033754
00075436
00041685
00033418
00059461
00063570
00028304
00051716
00028748
00037587
00099383
00080580
00075879
00048084
00013021
00042823
00029059
00042252
00031746
00083358
00045742
00047709
00036824
00099017
00010913
00017225
00053565
00074288
00014270
00050590
00074648
00081646
00046901
00054048
00016082
00024786
00074897
00025590
00014411
00046773
00094552
00019643
00079588
00033035
00061333
00061664
00063412
00050720
00099261
00090191
00026559
00038502
00030651
00052939
00019858
00061032
00068810
00071351
00089280
00069551
00064326
00024490
00047879
00044390
00019145
00063033
00096688
00078947
00050819
00064146
00016892
00035908
00076237
00024761
00097386
00073891
00014302
00079531
00095603
00077935
00047683
00021802
00072692
00083771
00088180
00073808
00080138
00077191
00050971
00010441
00015702
00071777
00058269
00054124
00085521
00023044
00015403
00039468
00047396
00048851
00053160
00054089
00075669
00020864
00058239
00011492
00049245
00072491
00015742
00079488
00082677
00030924
00055810
00088251
00024447
00012595
00071960
00017231
00060335
00071619
00054104
00099555
00086873
00084337
00093736
00051698
00074913
00091439
00088901
00057035
00051920
00056550
00081973
00056659
00070723
00099066
00098055
00028686
00099541
00044993
00094944
00048693
00067397
00049223
00054111
00028035
00051284
00058471
00095797
00071440
00049816
00060253
00034476
00012759
00089781
00054711
00014125
00012579
00071987
00056774
00052889
00073400
00056740
00096029
00065492
00055333
00063482
00026880
00071425
00033906
00028786
00054393
00069404
00077494
00051137
00075252
00056516
00076522
00021750
00059727
00056464
00044240
00019273
00025587
00054990
00072115
00041720
00085248
00025431
00072189
00086702
00089385
00082642
00087458
00030787
00065388
00094177
00051942
00024609
00046014
00029852
00072289
00082062
00094575
00070732
00071535
00054881
00074014
00066652
00094716
00045941
00067949
00091482
00053854
00089180
00021564
00013907
00014920
00057630
00023789
00068968
00035889
00043391
00018650
00011709
00075235
00012445
00062210
00044910
00076475
00099496
00068170
00077441
00045523
00053427
00038143
00058000
00075767
00026531
00081751
00067582
00025407
00057081
00081720
00079974
00086358
00019164
00022266
00082249
00082713
00067645
00014450
00096343
00030754
00018510
00051872
00057075
00048165
00026802
00051341
00076241
00042972
00013865
00082957
00069479
00050498
00023867
00049748
00080261
00045951
00019851
00027890
00028127
00094712
00057571
00014510
00087543
00083582
00038235
00040518
00049733
00010726
00037450
00097425
00022463
00033637
00072255
00048230
00049794
00069264
00040158
00021264
00025793
00075546
00010257
00044598
00090805
00043943
00054812
00091009
00075116
00043114
00074432
00047473
00042861
00014327
00030055
00059858
00074552
00047815
00037088
00067235
00076721
00047927
00044626
00046036
00033888
00095799
00042609
00065320
00035843
00018229
00015755
00017880
00013578
00083443
00084034
00080748
00099615
00084325
00036915
00065524
00091169
00091334
00027964
00099797
00015947
00073431
00058902
00050541
00024882
00071628
00010487
00045041
00026290
00022084
00013204
00059037
00085002
00010765
00078942
00017835
00055824
00019574
00091767
00034797
00058251
00014699
00095713
00064730
00014811
00043823
00060776
00071862
00024798
00079229
00051406
00089034
00032517
00083413
00031159
00057413
00014630
00021246
00052028
00099243
00098382
00057066
00073088
00071692
00078355
00060256
00088970
00032549
00084257
00013604
00016935
00094244
00095361
00079840
00010521
00029885
00035102
00016963
00017077
00097936
00024583
00062336
00090380
00092213
00091554
00028638
00057573
00081802
00012308
00073370
00078282
00046734
00032979
00069691
00066516
00053104
00038722
00015999
00091849
00048627
00014532
00014504
00076803
00051025
00060951
00026435
00076691
00077481
00096478
00098691
00065888
00050668
00049766
00017995
00030111
00077377
00037965
00046015
00016351
00070709
00030884
00061020
00061465
00036140
00066276
00035602
00053938
00073719
00037540
00019571
00043449
00036013
00071830
00024187
00050909
00094822
00041792
00094601
00021482
00023717
00091255
00056085
00045017
00010211
00057193
00040230
00037167
00099033
00093392
00041905
00098416
00087988
00045369
00022162
00049149
00020663
00014858
00094479
00053580
00042650
00036734
00063747
00030063
00091398
00031001
00043827
00066749
00063775
00010200
00048760
00060808
00026620
00039483
00080383
00085135
00029151
00087724
00019636
00015475
00064135
00033506
00017447
00018442
00068814
00079480
00059909
00068658
00078545
00097429
00083389
00057732
00020288
00082840
00085985
00068837
00019309
00030828
00060632
00067584
00072383
00087347
00097732
00033895
00047833
00079858
00037308
00021145
00090476
00039178
00021143
00038933
00016863
00068362
00036081
00017906
00036972
00038743
00019080
00059664
00010739
00054330
00061883
00041887
00020480
00075701
00073141
00093024
00078971
00051431
00097863
00056592
00081053
00036604
00059895
00064641
00083564
00025885
00067922
00012599
00054327
00084096
00038067
00038927
00018128
00052355
00059277
00024747
00054564
00085979
00041185
00018013
00045739
00049605
00056747
00046057
00074859
00057000
00021225
00010753
00018830
00056975
00045297
00056027
00026921
00090626
00041785
00054894
00021570
00066370
00051742
00082324
00042627
00027124
00090460
00091368
00060043
00047470
00066354
00092645
00021443
00054698
00057099
00061216
00068461
00049967
00038464
00086134
00085050
00011166
00011530
00096756
00093006
00023167
00043925
00095463
00061509
00099280
00021300
00065434
00041752
00045288
00097695
00029916
00071822
00055947
00010194
00031084
00059466
00060677
00087761
00071574
00069017
00062208
00055066
00090813
00024455
00016309
00027130
00090851
00090863
00067782
00066360
00040664
00083921
00047589
00067430
00055312
00062232
00065170
00038637
00016133
00047070
00029209
00089175
00030391
00014804
00029107
00071417
00051092
00028766
00041532
00049648
00091342
00078990
00015789
00032659
00012914
00095686
00034640
00035558
00037956
00014612
00059575
00081222
00048818
00086274
00096171
00054897
00080976
00065969
00014644
00043286
00080640
00011836
00035511
00016117
00071312
00097629
00060598
00011311
00074898
00012814
00074193
00030737
00083259
00054843
00040503
00037453
00092145
00010738
00089715
00047944
00060357
00076057
00047737
00074607
00070191
00044596
00019541
00021087
00097951
00041234
00056266
00045776
00098967
00025382
00017119
00090997
00039532
00040511
00040025
00097148
00065148
00096911
00076168
00064845
00071616
00017504
00049640
00065703
00072200
00075835
00091383
00041026
00064416
00051847
00059877
00069385
00027551
00067804
00024124
00013942
00062628
00028476
00039471
00061681
00079788
00034636
00063059
00053548
00012879
00042299
00054519
00071455
00037480
00031866
00038886
00058256
00035664
00061744
00048312
00018087
00026296
00016567
00070853
00012131
00060721
00063507
00033247
00026514
00024619
00018860
00010021
00091963
00032660
00097945
00099012
00013915
00073416
00075739
00016584
00017358
00014890
00089094
00035786
00025685
00096464
00055849
00099510
00026322
00025284
00095175
00043882
00097123
00069927
00092640
00053260
00015021
00028658
00033446
00028564
00054031
00026638
00044217
00082766
00089564
00042237
00098418
00094505
00079413
00048636
00099992
00095963
00053920
00036092
00073628
00071342
00081885
00076887
00098194
00074146
00095541
00087564
00010341
00064829
00050705
00080824
00071818
00051710
00050114
00086864
00024339
00021209
00026331
00089539
00028976
00042816
00091659
00090030
00080829
00045265
00059886
00066220
00054493
00070708
00045474
00068654
00020289
00019032
00019864
00072631
00055215
00045217
00088624
00050547
00034308
00033769
00094978
00022012
00094229
00044480
00065278
00038715
00098607
00070650
00086263
00051203
00054201
00061184
00099140
00069313
00097683
00038180
00057056
00025932
00068193
00075337
00088516
00022511
00096224
00033455
00058013
00038547
00035778
00097508
00045122
00099371
00025168
00051233
00061717
00078787
00094004
00076274
00074139
00088539
00075285
00064751
00075062
00024176
00073579
00018433
00087843
00080607
00077915
00089016
00045291
00062316
00055145
00081370
00053979
00073190
00022230
00077068
00020940
00080669
00085556
00019458
00014569
00079900
00065530
00015799
00027300
00040041
00071592
00026892
00070196
00067795
00081446
00084073
00079963
00066839
00077339
00026584
00014194
00016017
00043209
00032027
00067683
00074131
00015454
00061622
00077821
00080635
00049614
00037500
00046886
00069889
00057981
00027667
00094915
00079124
00012411
00065158
00024955
00092838
00017450
00037120
00078338
00090730
00050926
00024810
00032096
00031744
00070462
00059927
00097742
00044693
00032612
00038032
00088012
00036067
00062932
00064850
00051774
00098190
00081109
00070985
00064781
00023162
00070158
00040934
00069590
00089391
00046687
00060662
00022356
00089633
00033004
00048996
00063732
00056323
00075927
00058650
00051301
00017505
00016764
00065477
00070095
00078086
00011325
00085094
00019138
00076436
00030133
00044219
00083536
00028929
00031491
00096861
00082208
00068431
00065322
00064961
00026036
00069826
00010562
00065380
00096876
00051755
00089527
00010979
00029823
00057397
00029087
00051757
00074363
00060102
00067196
00046025
00010126
00056676
00033471
00018194
00055099
00078795
00076292
00098853
00092788
00080942
00093125
00046389
00099188
00044324
00074760
00041852
00062904
00070449
00010642
00018361
00011996
00089123
00064515
00031045
00070014
00014478
00034097
00082932
00023560
00029650
00021725
00096816
00084375
00052718
00021219
00061851
00069737
00039752
00034837
00081308
00059023
00046721
00020312
00086775
00086305
00041159
00029461
00060464
00079851
00086475
00036979
00019843
00045441
00049849
00026205
00067631
00030496
00043798
00018629
00074040
00096852
00052012
00058135
00045248
00079103
00064775
00087023
00041153
00043840
00054135
00040000
00083620
00089471
00045955
00060595
00061949
00046896
00017663
00031000
00056443
00096752
00086196
00086993
00011110
00011546
00061470
00031155
00028361
00028529
00083159
00062839
00038768
00080887
00027894
00073872
00015810
00016941
00084519
00077470
00051259
00073823
00093148
00030314
00029035
00056350
00017545
00080654
00093117
00062802
00030953
00083468
00061828
00028382
00073682
00025172
00089577
00081721
00099160
00056217
00099914
00014501
00077931
00043615
00024156
00039357
00025643
00084886
00055641
00028757
00072057
00039359
00051266
00066643
00065410
00085921
00087775
00094312
00081252
00051921
00044453
00081203
00022213
00080496
00078785
00097881
00057857
00067903
00035929
00057208
00090946
00089770
00096801
00010123
00024458
00077944
00073536
00036739
00086142
00098956
00047062
00053787
00090274
00022359
00082857
00040393
00083131
00013264
00033084
00087984
00099147
00021746
00094868
00052606
00072368
00088218
00085589
00038492
00036062
00013383
00046621
00046007
00026325
00054343
00080545
00025599
00052027
00042771
00019001
00066787
00099448
00051636
00094487
00045421
00053890
00047789
00048373
00019625
00011698
00076670
00043030
00028908
00029190
00021085
00057759
00039661
00058566
00065836
00049222
00073373
00070221
00078349
00094524
00090059
00024736
00036908
00028944
00052210
00012385
00081262
00081941
00019304
00045689
00042247
00031673
00085397
00077175
00038973
00027356
00017306
00049528
00090848
00082689
00027163
00074751
00044262
00082095
00088983
00082951
00097220
00086903
00045185
00024676
00043108
00078201
00035769
00060332
00042027
00039631
00052357
00012552
00025206
00022926
00046871
00066879
00068990
00071942
00092047
00069575
00018504
00095377
00024364
00027731
00036025
00046671
00040376
00088035
00079057
00063368
00049809
00086538
00093260
00018358
00014036
00038054
00067715
00025351
00085641
00040265
00049487
00089037
00069688
00076234
00038600
00010994
00053831
00072225
00050082
00037297
00028673
00092789
00089238
00040214
00016008
00049166
00010671
00076916
00022916
00071382
00049306
00061072
00086273
00045836
00034452
00089244
00052454
00061788
00021641
00090846
00031297
00043835
00031252
00030838
00099268
00082454
00017317
00098005
00064514
00089160
00012285
00062807
00037146
00065624
00095760
00064535
00050438
00057382
00050177
00038745
00022120
00032043
00022175
00099257
00024950
00094026
00067801
00056509
00088453
00042457
00058492
00065616
00035745
00010977
00035400
00066551
00019506
00054224
00046932
00039456
00059952
00083288
00027407
00028672
00011405
00096237
00061517
00023979
00045995
00025646
00047585
00053577
00036624
00018065
00054847
00057510
00067094
00051572
00077035
00088097
00039221
00059611
00086081
00075585
00049033
00072659
00018959
00045424
00039619
00088758
00052706
00028802
00045622
00085274
00014185
00058827
00036158
00072969
00075348
00067608
00076723
00013754
00087588
00074140
00010458
00046109
00049777
00075654
00098644
00066889
00084225
00065949
00016159
00021904
00026265
00035946
00082241
00055501
00016717
00086786
00068535
00028140
00070147
00045805
00084000
00031627
00054261
00032690
00059656
00049715
00078296
00063192
00035430
00046306
00076932
00055363
00064350
00015486
00018270
00067473
00039793
00048894
00071597
00036135
00060665
00076754
00068284
00041953
00040939
00059930
00039800
00095795
00057608
00045908
00016104
00084597
00076946
00081566
00018791
00034489
00050677
00091722
00063492
00079106
00071947
00090956
00066176
00060879
00015743
00057062
00058717
00044618
00093650
00085260
00068302
00065978
00032081
00081058
00013617
00028113
00089595
00096207
00059065
00038915
00056207
00023418
00015257
00018098
00089046
00095465
00047730
00069448
00057917
00052016
00028488
00071195
00079879
00029427
00020941
00053281
00055549
00017769
00042707
00098327
00093177
00076919
00025881
00016198
00036231
00036902
00023401
00060288
00095679
00086465
00010993
00018942
00054424
00066040
00014007
00041486
00097871
00060474
00018525
00019557
00098199
00012769
00074242
00053200
00079737
00070432
00089200
00033761
00097052
00087641
00071766
00056864
00080300
00077473
00024031
00096270
00054952
00042659
00012546
00023041
00038318
00028956
00067530
00093254
00050202
00083295
00076567
00038207
00030014
00080967
00049345
00084644
00050388
00084461
00062502
00024802
00036331
00085172
00040502
00075917
00017037
00079196
00072966
00090865
00088417
00064677
00025743
00044769
00038813
00097505
00022321
00085198
00094522
00099043
00089434
00014271
00067187
00067512
00011000
00013672
00025956
00038226
00024495
00063709
00071784
00070292
00013168
00086798
00026134
00019819
00072844
00018408
00028949
00013174
00059406
00085899
00055352
00085578
00064491
00059009
00064744
00032774
00022283
00069133
00098831
00049026
00096789
00041482
00039956
00028636
00049786
00065134
00061342
00026653
00085981
00077217
00036253
00012650
00050970
00050106
00037694
00071437
00094215
00083286
00042742
00086940
00010019
00019926
00023976
00086896
00049415
00051521
00074511
00073367
00068745
00040108
00063274
00097535
00026816
00020605
00099696
00032470
00053259
00057333
00035878
00036907
00036852
00010435
00027623
00068733
00084576
00011531
00019322
00074830
00062334
00028814
00083762
00085604
00011921
00090961
00014376
00096351
00034000
00021823
00090922
00016228
00093699
00056822
00037903
00016440
00013401
00081154
00036400
00042412
00084596
00072323
00018633
00061240
00031864
00077446
00017090
00058867
00091406
00079362
00085997
00077756
00075139
00012278
00081735
00033973
00070178
00061766
00035629
00070815
00051471
00076737
00035443
00098500
00038047
00023087
00084215
00024816
00074408
00010000
00033961
00082143
00091210
00041131
00062501
00081325
00073205
00044434
00058353
00091719
00024072
00059484
00082619
00092677
00067651
00045547
00092786
00071771
00086781
00071458
00051008
00041731
00092327
00071773
00096723
00079421
00052234
00072539
00045310
00019945
00061697
00094666
00075569
00068536
00010962
00060212
00033404
00058463
00044709
00051542
00043411
00097879
00062291
00050880
00075826
00076216
00069419
00086747
00039368
00044615
00095163
00071436
00051623
00011088
00015094
00055119
00055412
00099415
00054810
00040115
00051966
00043075
00095978
00075979
00079817
00099768
00030246
00043190
00048704
00058189
00061518
00067533
00082497
00094708
00091479
00013929
00099398
00045398
00026938
00075363
00079022
00020636
00073453
00053872
00058101
00035129
00015232
00078920
00053593
00046989
00074415
00069035
00031423
00014395
00091154
00093729
00074301
00023084
00083401
00039335
00093942
00072620
00021581
00064005
00061180
00094146
00084275
00030479
00099452
00014325
00026835
00078204
00096036
00025126
00057345
00059580
00086544
00029736
00082684
00084661
00034350
00076545
00055637
00039523
00025949
00076250
00093410
00048260
00097973
00095971
00068691
00069451
00027455
00098364
00038896
00020785
00020218
00049532
00072104
00084603
00019873
00095448
00010577
00023150
00051256
00023028
00058455
00065232
00057487
00014052
00089377
00077343
00055320
00020725
00017160
00089793
00017846
00088349
00041031
00097591
00036563
00098593
00066591
00036942
00092235
00094446
00097731
00071294
00067929
00041257
00056289
00030595
00045012
00061544
00013720
00060949
00025316
00057686
00082435
00067980
00050275
00041840
00038495
00055032
00070912
00071380
00072278
00041100
00031110
00034671
00010761
00058989
00057154
00052242
00087886
00064802
00065569
00051206
00059939
00052379
00045882
00020449
00041517
00055510
00026470
00065481
00093039
00020104
00090209
00052065
00055925
00010864
00022636
00072931
00025823
00013790
00091755
00091729
00072144
00046627
00031762
00032431
00028938
00086828
00067975
00043387
00071559
00093163
00068904
00075853
00069198
00013927
00059275
00090716
00036257
00032801
00057360
00044142
00038717
00040774
00080375
00062536
00054122
00090067
00020468
00020257
00060347
00068446
00092161
00010967
00040260
00013602
00065687
00064129
00042337
00082260
00046639
00081603
00031460
00025940
00074548
00011287
00024746
00088103
00057863
00010721
00038852
00082826
00022305
00031193
00020649
00099882
00078912
00022460
00068799
00020977
00011581
00069718
00043954
00039228
00038088
00088798
00052472
00082912
00022284
00093800
00035952
00050849
00082739
00057101
00038328
00028919
00015209
00024658
00029758
00090005
00064714
00066559
00011656
00044740
00045580
00010277
00082634
00077792
00070469
00079126
00088752
00018088
00017510
00050220
00019443
00063845
00059837
00045144
00058771
00018315
00072436
00078105
00096245
00089979
00074191
00054665
00021415
00074966
00066336
00068682
00031214
00087287
00097883
00029332
00063472
00019472
00082799
00097076
00059832
00060500
00071118
00054436
00094927
00057974
00017438
00066871
00050615
00069368
00036181
00074685
00077051
00083069
00082613
00017426
00020827
00018400
00082733
00034084
00084547
00037464
00081259
00068292
00039809
00032722
00055327
00070719
00060100
00077113
00075710
00013592
00040430
00043287
00094219
00021425
00093853
00048151
00037572
00013114
00061922
00077037
00094959
00095811
00055382
00054433
00036042
00079025
00068800
00034849
00053442
00040478
00050890
00067828
00076000
00054474
00031565
00079577
00052917
00036560
00084868
00084064
00042504
00064335
00041313
00042758
00070670
00032802
00067089
00099199
00033794
00062088
00024162
00066667
00041936
00066084
00091640
00070243
00062288
00016625
00035505
00080904
00032002
00085995
00040090
00018987
00084395
00074911
00092342
00094214
00071503
00033036
00029378
00035154
00069576
00027769
00096660
00053828
00097170
00046429
00035267
00058927
00025080
00045434
00089763
00052115
00050629
00084217
00090143
00032598
00070303
00053569
00091140
00063946
00017492
00047481
00049618
00083242
00015191
00058234
00023048
00043589
00063964
00072230
00077336
00036091
00049914
00059119
00040901
00018671
00057214
00082168
00056244
00031156
00076442
00069804
00036671
00090218
00056231
00087600
00011376
00026563
00060038
00010259
00054108
00080800
00020534
00024603
00038050
00018404
00080618
00043859
00010345
00021159
00059631
00089062
00076751
00021684
00015466
00062128
00078601
00064370
00054440
00017488
00042157
00054660
00060110
00071932
00063544
00063793
00013789
00069071
00020896
00083320
00052435
00064263
00051509
00062268
00037170
00017781
00087369
00060044
00043435
00057373
00034412
00066538
00027897
00027537
00090289
00013285
00060538
00054158
00015508
00063463
00046953
00094585
00070008
00073888
00071360
00018822
00022057
00076897
00036497
00041648
00085144
00077017
00053240
00070208
00034335
00012436
00078348
00042637
00095111
00086121
00024038
00090585
00048072
00089041
00054011
00044624
00083289
00047776
00033155
00066164
00056683
00096769
00046796
00020921
00095284
00031022
00035957
00046544
00091252
00011802
00091824
00017430
00094208
00015577
00051340
00083680
00046763
00052055
00087190
00093351
00088493
00047215
00063394
00017057
00029773
00081405
00062227
00066361
00029288
00045049
00021915
00081877
00085124
00014997
00060402
00088712
00038555
00031981
00015383
00092763
00061468
00090194
00078126
00085113
00044268
00014650
00041543
00060448
00072688
00078948
00013713
00078872
00081319
00056810
00068533
00080465
00035149
00043997
00014653
00055987
00021779
00079564
00050323
00022672
00069354
00041993
00043484
00029611
00088295
00022001
00042205
00074495
00060622
00087019
00087540
00044075
00087170
00019142
00016467
00084921
00032087
00079058
00070876
00096935
00060055
00029671
00077107
00036626
00037482
00039324
00071198
00037287
00016326
00035173
00027416
00071022
00012733
00056807
00038834
00075655
00070562
00083742
00045112
00013312
00060889
00047018
00021853
00036893
00063371
00073181
00045557
00047046
00066350
00012180
00081331
00015343
00072319
00016410
00046194
00067083
00039677
00088747
00026371
00077581
00040298
00068778
00053125
00031739
00074143
00034272
00057049
00081388
00034836
00071714
00048279
00069814
00093349
00036121
00070676
00018475
00036550
00060997
00021691
00092887
00083575
00025603
00094684
00035410
00047384
00096912
00011096
00010325
00025285
00092086
00074195
00053962
00099434
00014307
00052988
00074122
00021109
00070592
00093103
00087319
00081982
00082757
00038077
00032179
00083550
00047293
00026043
00082863
00082455
00096666
00035270
00045175
00011322
00070373
00086128
00082683
00041158
00058697
00085541
00040935
00091654
00097128
00027931
00085045
00016083
00066088
00062066
00039497
00066437
00077283
00027947
00057428
00063219
00066507
00031092
00012497
00095576
00074095
00020528
00058760
00057536
00093333
00047030
00013903
00046419
00065915
00011498
00013008
00028967
00048655
00054437
00048380
00081853
00010574
00063937
00096995
00068264
00086562
00055089
00034785
00047428
00086354
00073880
00095424
00050331
00062061
00020302
00058919
00060956
00045790
00033363
00083867
00021743
00073873
00047785
00092271
00033824
00044613
00074781
00092701
00071734
00089624
00023896
00093744
00016023
00052821
00065089
00076284
00016310
00044516
00065671
00078000
00012086
00056114
00082281
00071214
00016204
00075054
00023056
00057776
00040793
00050456
00086558
00095046
00013737
00025918
00075641
00029503
00018983
00056769
00020001
00051478
00075995
00092663
00053187
00014257
00035853
00043375
00040492
00064294
00017176
00029359
00030915
00086744
00071601
00076092
00052288
00046589
00083474
00061849
00073192
00093758
00065175
00058219
00086326
00013468
00044394
00017093
00017802
00029419
00015839
00027749
00090765
00094301
00019677
00061236
00069933
00024276
00033549
00029385
00088517
00056991
00028231
00093328
00031889
00064098
00099179
00016974
00067240
00049384
00011908
00024357
00084911
00099378
00056034
00046939
00067647
00066299
00023499
00028845
00053446
00057147
00045564
00094864
00033078
00033675
00054407
00075195
00010113
00029230
00087608
00038215
00021983
00038636
00068956
00020844
00011990
00093171
00066187
00042226
00072507
00099409
00039373
00061292
00044780
00013214
00018132
00094967
00098650
00077474
00031663
00020249
00012981
00098371
00057331
00054217
00018517
00045834
00083811
00094071
00091935
00072596
00044686
00051686
00064031
00076983
00082608
00063231
00031278
00093042
00090071
00018977
00078244
00065792
00077169
00094541
00042135
00075680
00031189
00096947
00021912
00030800
00073363
00018007
00011867
00020766
00081602
00094394
00061393
00026913
00049067
00065346
00020319
00019503
00027959
00085593
00091616
00025338
00076257
00046434
00011550
00027443
00019638
00056001
00094710
00043973
00054337
00035855
00042269
00036571
00088439
00097138
00092597
00015692
00050947
00084578
00063839
00098219
00082084
00033858
00072744
00053334
00059368
00010148
00024299
00017980
00047325
00025968
00071724
00061125
00057119
00081937
00021736
00066395
00068867
00010027
00058126
00059303
00066651
00096674
00080189
00032486
00075796
00079917
00024637
00092255
00095703
00078988
00026986
00058210
00032733
00097823
00018588
00094842
00047693
00043692
00090958
00070259
00098375
00043258
00041166
00089536
00084742
00040547
00097423
00032301
00099926
00015329
00066436
00088110
00072782
00048752
00038309
00050141
00021818
00074292
00030599
00026455
00013338
00053539
00056104
00031900
00083588
00056862
00017652
00096943
00052019
00086501
00074456
00053781
00087870
00026382
00080979
00020818
00015385
00059143
00010457
00029926
00082185
00070212
00028860
00077649
00038872
00059918
00090177
00036125
00087072
00049375
00080307
00028874
00063224
00096007
00011979
00089163
00057400
00029306
00041400
00081985
00072345
00088756
00066054
00090973
00061455
00012888
00053285
00027087
00065658
00010571
00073328
00069666
00012527
00031240
00010850
00012378
00026148
00037444
00055009
00023447
00019249
00017322
00095455
00086874
00061776
00031948
00093181
00038929
00054121
00070869
00056805
00070879
00042128
00071730
00016644
00074958
00024965
00096149
00041506
00059415
00040063
00054677
00091999
00033343
00068218
00090328
00080897
00068902
00067250
00012475
00078941
00077568
00028370
00036829
00068272
00074572
00035432
00043265
00098406
00070690
00096869
00027792
00035068
00086915
00042693
00080102
00059547
00075981
00092714
00034884
00043702
00068144
00092301
00064633
00070022
00073354
00071228
00059970
00040916
00026870
00049520
00043620
00096267
00012747
00018288
00051918
00011193
00095746
00037451
00066702
00068442
00040509
00037593
00025725
00022087
00027928
00015919
00063957
00061068
00066515
00074704
00088170
00093916
00023129
00019388
00056288
00042204
00096553
00097283
00084172
00054027
00061769
00043747
00010147
00010949
00045462
00025597
00012326
00098626
00040458
00039617
00055098
00087164
00089638
00079068
00084505
00080365
00014944
00040780
00065795
00032109
00076660
00094607
00033149
00044994
00015849
00082349
00048061
00014551
00085897
00026396
00059591
00031475
00011529
00048820
00034703
00090883
00026376
00011035
00034965
00050755
00023102
00031644
00032911
00079158
00065471
00036867
00042587
00054233
00036328
00055685
00084789
00011047
00062957
00089822
00013519
00015725
00082351
00018104
00055693
00088813
00026733
00018032
00047667
00094568
00088118
00031963
00096883
00073062
00020698
00034789
00098496
00016268
00040012
00071972
00076579
00068963
00076812
00040324
00024033
00092486
00072475
00089779
00019440
00011062
00018070
00066194
00069723
00039803
00054724
00025159
00018366
00046994
00019621
00097987
00092489
00044777
00010262
00015884
00049724
00054531
00024363
00052547
00045245
00050570
00089433
00030829
00030010
00036713
00069810
00023544
00013057
00024860
00021551
00094877
00032340
00025117
00068418
00051797
00049012
00027969
00089272
00081028
00049665
00027254
00042704
00028114
00030086
00013575
00086523
00041436
00042654
00096372
00055592
00022044
00087060
00013484
00084858
00080542
00014295
00084824
00037226
00029589
00083596
00062476
00088062
00028072
00039332
00069028
00032686
00049117
00095802
00011095
00010095
00078284
00041744
00057576
00022453
00035234
00057823
00016512
00012850
00073733
00060057
00096455
00083133
00021309
00053970
00099364
00051659
00068555
00018493
00019516
00072647
00039030
00029789
00098885
00029320
00089106
00013268
00044101
00059225
00098133
00065118
00098633
00013143
00047851
00056168
00083241
00098326
00057986
00045964
00085855
00066228
00052627
00016288
00066380
00024146
00076938
00062120
00045809
00065444
00047671
00030644
00043597
00022787
00011202
00036629
00022493
00083782
00058092
00048015
00025019
00062812
00040985
00054671
00095304
00092102
00066346
00082132
00020119
00032022
00022836
00081727
00059923
00051605
00025693
00030262
00081667
00024049
00063927
00084390
00056786
00075686
00070845
00052160
00076103
00076766
00074711
00094960
00096176
00065325
00063334
00091523
00043547
00083414
00097110
00049897
00056159
00092034
00036595
00016055
00012050
00073271
00072555
00037486
00021738
00065764
00036897
00078961
00035744
00085107
00011087
00049867
00052255
00084077
00093031
00059912
00058679
00052149
00054989
00010028
00049690
00092254
00073584
00094850
00077435
00093318
00090569
00085131
00032069
00081691
00069270
00053418
00082476
00061339
00029686
00089482
00072233
00065835
00021542
00044608
00011105
00073172
00066439
00084586
00055253
00036846
00046725
00096037
00088450
00029068
00098363
00034156
00016431
00060833
00052112
00070001
00037780
00079997
00021244
00086790
00079099
00051283
00087928
00026092
00088119
00086938
00023886
00052827
00036617
00039187
00061459
00072269
00078354
00085280
00095318
00046463
00075992
00036259
00053486
00052825
00075164
00063965
00010393
00086309
00094677
00096153
00023619
00075481
00085483
00073605
00045444
00047788
00060574
00075369
00066206
00011086
00016936
00032928
00061623
00078991
00030069
00030752
00053576
00033282
00087713
00069633
00044225
00080013
00036632
00083461
00065928
00035909
00082945
00022798
00020180
00063123
00061709
00081905
00061423
00091945
00062335
00082821
00038036
00033445
00052030
00042296
00017068
00024056
00096510
00027219
00095484
00026074
00010294
00069504
00077522
00058371
00027523
00087104
00085216
00069992
00018692
00061714
00055893
00039246
00055996
00027275
00055090
00051930
00020983
00026081
00034987
00092740
00086237
00094281
00054453
00046467
00098185
00030549
00071743
00081617
00083090
00044052
00082407
00073314
00072470
00020602
00051219
00038401
00089390
00065760
00069880
00077698
00049522
00029212
00052676
00012739
00025446
00083706
00094393
00034473
00070172
00054782
00068622
00041657
00081545
00033351
00073973
00077262
00018699
00093738
00041144
00047016
00088364
00079067
00024300
00029701
00095378
00013779
00064468
00035917
00076375
00029019
00073403
00085825
00028797
00011716
00026915
00064049
00011232
00095529
00077602
00096159
00092133
00010207
00093724
00063242
00090314
00069156
00041494
00021130
00062280
00088237
00016181
00071541
00072758
00091643
00017654
00015992
00039633
00021366
00081155
00078315
00089761
00031532
00018205
00095256
00083078
00074168
00052980
00028900
00017879
00066781
00010763
00023791
00038873
00083245
00055407
00064338
00085788
00038792
00014188
00071982
00016343
00069578
00059933
00089724
00019892
00036930
00082950
00062454
00094419
00031324
00052809
00026387
00092955
00058011
00040264
00074277
00057525
00070149
00078128
00094371
00084122
00022791
00028330
00069315
00022253
00081263
00071152
00011652
00049002
00059106
00054504
00056339
00031034
00031827
00024724
00040208
00075465
00030683
00056594
00043843
00056472
00033228
00091936
00055750
00019544
00094062
00058845
00045878
00093242
00095615
00042181
00071794
00029523
00023105
00052848
00096238
00054726
00039628
00060940
00016157
00049825
00050518
00094424
00073341
00018559
00029815
00073855
00087473
00091514
00016509
00020520
00058263
00027867
00047436
00035770
00090002
00081940
00025805
00091132
00075393
00022017
00018802
00067001
00093749
00033546
00050109
00020693
00047947
00038514
00036722
00069041
00091039
00059868
00016390
00094886
00065398
00084462
00071812
00075787
00011538
00055147
00035281
00052709
00011793
00020821
00061706
00084105
00058304
00033648
00034926
00016821
00068631
00050180
00020235
00053836
00097578
00020171
00083330
00076303
00027814
00024738
00064453
00065708
00056573
00041659
00086796
00073395
00066715
00022736
00097390
00072444
00058454
00020379
00083130
00044537
00050540
00068122
00017026
00075563
00049090
00057258
00045962
00042484
00088771
00038003
00068955
00049371
00070025
00049942
00026249
00023801
00096320
00045454
00040731
00079668
00062971
00010142
00010297
00074808
00089637
00094045
00077737
00065359
00098478
00028737
00064623
00012590
00036673
00047239
00040146
00059763
00057845
00083590
00093905
00030003
00038475
00079619
00097852
00059674
00036405
00027478
00034032
00095406
00078588
00087305
00018543
00037734
00063597
00032122
00068699
00059551
00095841
00067393
00057524
00061297
00021064
00018677
00034411
00087629
00093484
00091113
00065662
00060588
00062418
00018899
00034240
00067208
00079785
00010932
00037680
00052919
00039003
00071328
00042807
00025878
00044424
00025095
00071964
00073860
00049295
00047885
00026958
00051675
00081689
00040694
00029777
00090653
00086976
00028208
00048254
00029946
00068662
00086386
00039868
00090529
00093877
00020934
00075140
00079272
00010822
00061478
00083912
00064266
00071580
00063673
00047910
00081426
00076717
00010788
00036862
00026232
00013028
00011935
00036017
00022480
00055334
00025874
00023052
00070983
00040799
00062011
00046470
00046388
00038027
00046929
00049073
00018574
00073715
00045136
00057934
00055451
00088394
00045764
00096957
00074770
00027096
00037578
00072922
00029602
00045099
00055687
00034631
00091282
00070545
00088800
00082257
00011457
00035992
00023990
00076931
00023275
00056379
00017772
00019226
00053066
00013842
00093531
00076617
00074823
00033852
00034053
00016727
00063392
00086299
00036648
00092813
00084569
00024322
00071763
00096753
00047005
00010620
00056369
00015211
00061406
00073750
00036958
00062392
00020533
00049672
00039745
00018520
00076197
00031765
00065176
00056765
00056957
00020100
00058721
00049169
00060988
00019806
00097142
00075166
00018324
00031274
00076222
00077028
00070713
00078235
00083639
00036901
00037356
00043729
00085826
00085019
00039678
00098948
00037223
00039326
00068230
00066058
00089070
00065936
00092397
00032302
00088428
00056681
00056854
00087054
00072566
00056220
00017622
00079980
00015933
00024398
00073728
00042365
00027376
00089189
00026239
00066388
00028135
00075652
00059936
00056387
00071494
00012671
00064426
00079110
00076012
00048768
00080912
00076581
00081163
00031845
00030664
00068689
00054275
00060340
00053677
00080681
00029642
00094061
00030085
00092931
00090908
00030426
00098941
00039448
00090105
00055008
00036141
00079996
00012711
00010764
00067390
00062448
00076669
00015162
00063228
00028989
00016823
00035346
00055411
00036213
00050499
00036938
00037758
00063773
00084901
00095394
00054871
00070387
00073546
00048751
00092608
00054053
00047663
00088246
00011692
00098351
00096880
00013803
00078907
00087317
00077939
00071844
00089417
00061155
00085934
00059689
00026293
00068546
00047509
00026808
00093662
00050495
00081301
00087686
00021596
00039638
00022876
00052571
00038686
00074306
00088484
00043684
00050158
00043480
00097972
00089420
00048456
00058852
00037099
00068138
00048983
00090588
00086373
00094606
00059881
00051441
00056108
00093965
00099064
00097701
00022849
00016592
00024576
00045140
00056487
00035829
00046854
00096537
00040479
00032089
00075296
00036027
00010990
00032710
00080299
00029081
00035605
00064755
00096020
00091466
00097059
00010125
00046209
00043235
00071710
00070679
00089680
00016534
00056940
00040649
00068392
00096802
00077024
00014451
00053324
00033248
00050834
00033182
00044054
00031471
00069182
00072739
00046344
00063750
00091576
00076311
00050511
00037498
00065033
00018160
00012681
00017648
00034922
00069597
00091363
00098895
00086833
00065560
00041895
00081011
00021733
00064211
00064631
00029423
00020400
00096485
00076009
00075747
00054035
00065744
00029498
00075600
00097120
00059404
00083940
00044704
00041909
00038801
00021505
00017064
00083871
00086894
00079319
00062257
00032860
00038649
00063807
00071571
00069171
00019524
00066877
00072591
00085671
00074582
00022540
00050316
00025389
00059991
00099855
00071347
00020556
00093808
00092048
00060369
00069714
00025054
00072161
00053415
00043320
00032448
00080818
00094935
00057837
00069683
00098509
00097263
00048648
00046362
00077053
00075202
00061567
00082396
00072192
00052540
00067365
00057401
00061734
00092462
00098982
00098875
00062726
00044940
00011390
00034734
00033386
00029493
00038906
00093054
00026697
00080551
00031138
00076159
00069219
00054341
00041817
00094971
00055766
00074841
00071691
00064295
00075534
00084795
00071849
00045615
00062995
00061571
00031428
00026157
00019256
00034757
00099539
00048670
00053822
00056154
00027668
00052914
00019367
00048166
00016947
00032059
00084538
00088593
00092455
00048240
00097569
00045692
00014882
00057750
00030918
00099030
00098940
00015280
00095950
00032092
00079469
00088420
00064974
00086969
00069759
00062949
00092483
00071740
00029486
00014603
00053092
00084396
00075455
00076416
00024573
00078877
00080889
00069815
00035396
00070103
00082087
00059335
00083146
00092101
00051389
00078880
00087716
00067257
00041725
00068127
00093606
00072546
00044249
00025368
00093974
00075097
00049941
00029831
00076741
00065006
00081269
00049512
00094717
00047135
00069521
00095826
00025838
00043316
00065123
00097965
00082359
00015297
00050751
00079265
00050458
00072862
00062254
00093096
00069478
00056510
00026311
00063032
00020457
00062298
00097845
00069262
00010785
00029833
00035830
00011377
00068590
00071586
00087918
00073052
00054091
00041143
00096303
00068713
00029199
00029863
00084075
00071377
00044245
00015911
00017346
00064980
00056540
00043695
00011487
00084397
00055583
00095268
00088390
00065480
00031436
00091116
00033480
00057708
00061314
00039894
00033684
00013086
00078288
00065981
00060067
00014591
00088341
00089442
00052136
00036598
00040125
00035175
00012166
00054923
00051414
00045866
00085224
00046274
00099896
00035675
00074230
00059505
00012210
00012364
00045699
00088053
00022690
00063567
00064933
00064351
00048802
00079093
00032367
00071668
00082018
00045010
00068026
00042940
00081188
00018640
00062567
00078701
00068021
00097365
00013427
00064287
00033271
00063751
00030964
00089549
00049638
00020116
00040317
00095632
00054409
00022900
00095325
00090076
00060140
00086746
00034886
00069899
00053082
00016780
00089848
00034839
00076271
00067112
00092941
00079556
00036223
00033647
00060063
00099504
00038981
00063428
00038832
00069753
00047425
00050206
00090756
00059284
00050069
00029551
00096184
00078595
00086741
00036038
00022476
00068584
00026418
00096828
00042625
00078797
00063012
00029219
00079797
00059823
00062082
00050583
00075547
00018970
00096713
00070480
00069637
00058165
00020422
00044176
00058501
00010177
00072297
00036798
00032513
00078806
00029861
00063172
00047255
00053244
00039076
00044345
00091471
00063337
00048190
00022861
00074579
00097240
00046171
00084642
00078274
00036234
00048833
00090054
00027330
00029440
00055982
00015326
00083422
00038230
00014186
00087159
00094364
00018998
00067775
00015106
00090270
00035197
00071497
00055669
00027194
00053888
00043907
00097273
00031349
00068869
00061093
00084216
00040136
00019230
00065916
00057588
00025795
00071083
00098402
00045090
00063565
00051104
00016605
00076445
00092169
00027767
00084786
00044955
00045221
00092203
00029812
00089807
00047361
00083798
00026606
00067697
00039871
00066584
00045700
00071093
00025601
00017630
00030434
00044361
00091625
00057340
00076070
00019277
00054639
00030648
00092042
00065433
00079856
00014972
00072272
00022658
00068058
00017144
00023728
00085596
00065032
00086149
00064707
00024135
00043718
00024199
00059785
00085156
00032621
00056716
00012418
00064331
00051527
00056328
00089232
00056694
00093844
00011781
00065689
00039881
00039925
00074156
00091904
00070422
00076940
00027625
00022069
00082899
00076644
00051730
00075595
00047453
00074317
00092591
00070712
00020711
00058605
00054517
00031946
00088164
00089966
00029442
00060475
00071832
00097771
00090418
00040510
00042188
00079773
00016885
00016330
00031249
00082303
00024511
00078409
00036587
00061086
00056073
00021527
00026785
00091984
00095596
00089596
00037670
00025715
00085024
00037462
00021041
00095939
00039354
00034819
00037955
00023588
00019328
00057080
00086748
00074107
00053728
00021885
00051386
00067554
00049456
00091382
00061780
00037746
00071892
00022407
00052383
00047227
00041051
00043158
00080406
00086616
00086452
00050269
00024654
00072770
00095586
00063074
00049116
00097463
00022674
00015134
00088125
00066594
00099714
00074088
00092099
00030606
00073292
00093004
00060699
00051595
00072525
00045031
00099536
00043546
00011723
00013631
00057713
00069922
00077184
00096819
00090916
00012523
00056199
00067878
00039423
00093316
00030622
00086753
00067992
00069680
00095856
00076535
00030301
00042579
00018010
00074730
00012163
00061285
00081482
00039044
00098315
00068848
00083850
00079248
00042144
00031595
00059721
00095423
00075900
00012593
00084871
00056856
00030201
00068783
00094653
00063797
00046239
00049397
00054730
00060909
00018730
00011217
00047037
00073153
00034919
00062588
00080415
00013596
00027757
00059130
00054820
00031171
00098914
00045459
00082042
00092499
00025736
00034488
00088725
00016572
00030674
00068953
00055122
00016968
00094287
00083081
00091244
00021972
00092298
00055974
00015670
00077228
00077201
00029714
00033140
00048756
00013211
00036168
00033821
00094992
00091246
00089562
00020092
00043849
00044171
00085116
00048771
00041768
00032969
00045880
00054585
00025595
00055211
00084284
00075630
00047891
00033369
00038265
00065448
00080033
00058767
00066719
00076710
00071548
00042220
00084344
00046600
00046534
00069960
00072854
00064773
00084261
00012561
00018485
00047057
00016139
00050729
00089969
00034421
00077709
00067058
00035203
00097344
00078106
00046377
00078379
00025031
00097983
00047633
00024795
00058990
00069937
00076743
00020805
00040968
00061334
00094856
00050281
00067679
00093265
00087737
00063630
00026777
00052165
00042404
00065706
00029450
00010139
00047750
00061726
00020812
00088571
00063548
00088509
00082096
00077968
00010409
00027181
00081615
00023764
00085238
00090381
00063987
00068087
00096193
00027516
00071661
00079440
00073302
00047160
00046531
00074382
00053060
00064034
00054824
00013795
00054296
00058083
00054279
00064304
00033098
00029559
00089683
00066732
00081690
00058701
00011308
00094924
00048110
00037378
00016895
00063919
00090684
00091448
00080665
00036211
00085296
00053645
00059435
00024846
00018285
00046368
00042900
00018600
00085340
00018130
00061400
00034225
00050965
00015571
00011395
00098491
00090195
00071717
00062004
00082215
00016109
00070395
00091930
00083597
00049101
00097126
00055003
00014246
00033127
00068644
00067114
00061464
00080147
00062797
00035541
00063173
00048950
00046427
00090736
00049390
00094085
00048882
00093399
00087782
00014740
00056441
00070343
00097064
00043207
00064964
00025647
00018586
00026062
00024549
00070164
00068181
00044847
00079006
00085807
00043633
00028641
00028804
00038747
00076978
00084726
00032691
00040909
00092537
00071409
00031293
00055001
00038709
00058652
00065675
00039278
00013838
00079529
00056613
00016340
00070811
00045215
00080927
00064445
00094308
00029930
00088122
00085498
00036642
00038713
00027590
00072667
00093975
00073572
00048843
00022018
00018356
00088377
00064985
00025013
00092465
00066993
00060373
00061808
00042099
00098156
00019738
00059193
00067768
00025893
00034143
00012271
00044180
00012962
00046550
00088672
00022796
00082671
00058511
00089544
00045583
00088113
00088458
00029608
00040642
00052697
00026648
00054255
00089720
00051987
00071952
00089935
00048738
00086569
00015020
00031357
00087143
00033364
00036180
00051836
00024292
00040875
00050780
00011998
00089575
00043072
00041889
00041904
00022592
00097031
00014430
00025061
00074091
00036898
00025707
00050389
00010563
00010339
00056691
00071738
00090635
00082712
00091083
00027345
00039391
00069458
00091679
00087106
00046247
00029364
00027703
00071166
00018399
00099369
00016418
00018981
00012244
00076305
00016643
00067350
00063216
00093488
00040715
00078142
00074448
00093064
00045846
00010085
00024855
00048484
00010627
00028590
00056051
00025059
00051150
00037849
00078892
00018781
00029973
00099588
00043019
00028540
00022772
00097906
00087290
00018883
00071478
00067066
00098549
00066047
00070047
00045391
00057139
00050818
00084936
00044272
00076705
00093786
00015255
00036802
00051563
00017554
00065807
00031236
00019893
00052221
00015606
00027385
00055967
00042430
00038392
00038875
00035245
00092009
00030736
00024663
00093521
00022060
00010536
00045554
00063730
00036153
00037460
00070070
00022125
00028653
00071699
00088902
00053952
00051439
00025788
00097460
00042305
00032997
00091881
00026939
00077985
00033405
00039304
00024783
00024210
00071403
00088301
00058095
00089703
00076426
00043736
00010532
00062980
00099126
00055181
00088396
00013828
00067991
00036797
00057498
00096467
00050692
00014701
00079975
00065811
00089970
00095084
00085537
00088592
00091008
00052389
00087661
00039516
00040345
00031163
00028121
00073638
00042077
00098381
00074876
00036537
00027340
00043509
00046501
00026517
00016811
00046312
00093098
00020507
00070776
00068097
00098159
00055792
00015759
00068291
00017594
00078726
00033038
00038142
00052304
00084779
00072276
00075949
00044450
00042143
00079945
00079479
00093957
00039836
00011807
00017155
00077202
00073644
00054972
00077150
00073421
00036120
00073630
00046041
00050969
00042891
00074046
00017279
00021426
00076104
00023279
00031962
00072858
00094056
00020932
00056818
00082615
00064438
00050586
00042685
00068140
00078956
00020846
00084528
00016880
00058383
00057271
00080980
00097307
00015567
00071551
00059129
00039090
00014249
00077346
00051559
00025110
00014921
00053357
00091457
00038782
00051051
00027984
00090044
00051292
00017766
00067625
00073485
00059302
00065414
00068912
00030414
00020090
00032400
00042893
00017646
00039390
00051461
00050577
00088041
00085185
00070429
00078300
00027182
00014636
00046850
00083225
00075616
00041664
00070863
00086223
00055310
00055056
00042050
00098266
00043727
00097767
00054866
00048815
00012927
00055475
00023126
00010181
00095401
00094784
00033708
00020681
00080017
00061015
00045923
00058706
00029027
00033414
00068626
00013455
00071203
00019028
00011264
00061810
00049658
00080334
00065230
00055713
00034509
00021029
00033045
00022258
00054654
00067337
00071255
00035179
00078221
00018604
00018818
00044977
00034028
00086045
00019954
00094068
00043808
00029540
00016374
00096933
00057017
00016670
00074741
00063119
00014935
00086908
00046475
00071235
00051996
00084374
00056355
00082127
00016154
00054141
00060126
00072367
00031842
00059011
00050028
00013132
00017395
00044223
00064956
00068063
00054098
00073774
00025665
00085662
00077296
00064913
00041392
00036196
00017673
00053141
00018351
00096923
00093652
00068101
00039664
00041705
00084551
00042990
00087185
00099161
00062369
00097246
00082505
00095927
00058688
00073311
00037522
00044132
00021350
00099047
00055186
00088967
00021025
00039515
00028222
00048948
00019022
00014077
00015438
00057764
00068369
00087300
00098964
00065682
00054025
00096646
00071041
00086362
00025781
00048975
00044609
00080867
00070246
00050200
00012536
00037155
00040532
00035362
00038542
00034814
00076003
00042713
00089876
00064610
00062465
00096038
00041624
00089467
00076939
00069233
00082124
00013376
00031145
00074416
00099169
00027643
00011463
00059398
00019969
00092420
00028031
00038000
00099706
00048377
00085369
00070105
00039310
00020263
00041694
00095604
00020321
00039275
00032318
00051916
00019453
00093781
00041057
00018639
00052753
00063331
00085409
00024019
00057439
00037678
00060157
00037898
00085889
00050999
00082050
00062829
00068835
00028353
00079646
00090283
00088077
00074192
00021291
00043309
00027971
00041507
00081103
00090619
00066337
00089213
00089872
00069730
00046655
00044897
00058212
00057009
00038153
00090204
00040452
00052659
00026256
00094107
00038632
00055591
00068620
00060726
00021484
00060024
00021817
00030640
00074485
00065284
00025578
00072385
00023895
00056378
00025289
00042466
00092390
00069165
00015507
00032464
00075457
00030494
00071527
00093660
00010168
00059100
00071091
00026278
00046958
00012175
00075232
00090706
00098384
00039093
00035898
00063640
00063471
00026284
00025709
00041868
00072418
00072762
00035098
00033222
00073389
00028145
00021808
00061519
00097571
00099151
00066744
00030315
00043352
00065806
00033760
00025199
00012264
00045570
00066505
00035236
00080616
00039120
00015597
00033359
00081889
00027497
00078457
00047065
00029509
00045085
00074092
00050420
00021009
00037353
00035189
00080959
00035223
00036526
00067540
00048615
00040010
00054828
00038870
00095609
00062497
00070673
00039884
00029377
00027807
00056665
00034274
00084343
00017169
00049209
00033842
00025480
00016650
00052187
00084632
00049810
00041653
00081513
00064972
00083968
00083169
00064725
00082954
00052936
00040102
00012908
00036894
00040258
00081956
00062966
00053027
00030795
00014155
00014226
00027550
00010500
00071419
00046612
00017960
00025606
00014818
00070247
00077172
00047019
00055118
00067181
00047485
00048715
00017978
00047487
00082507
00096596
00045673
00071669
00094234
00063143
00084331
00070904
00026953
00025212
00024646
00096412
00020217
00065267
00086905
00025418
00096809
00064345
00068707
00037792
00074904
00044160
00023847
00067890
00022552
00071768
00026257
00088564
00088385
00058893
00039761
00093514
00084041
00080612
00013133
00019344
00044446
00092977
00060450
00035677
00065627
00018563
00054587
00089759
00081456
00048025
00091972
00062137
00050966
00038013
00077187
00036336
00075543
00016647
00018082
00085857
00039012
00012521
00084328
00013303
00079711
00046304
00012369
00037870
00040375
00090142
00042192
00045305
00052313
00095706
00044925
00050115
00030268
00094174
00090896
00019576
00039288
00011640
00047600
00040555
00018805
00043275
00065467
00075426
00035337
00050466
00068248
00029251
00023875
00037271
00025099
00075877
00058287
00099380
00077578
00073555
00075540
00085694
00086335
00039508
00060209
00016528
00011769
00036251
00057990
00081220
00063749
00090236
00068607
00012698
00093141
00069195
00094221
00041011
00066012
00070165
00029297
00019718
00080828
00025049
00093495
00077358
00042949
00011989
00051100
00082275
00043210
00072239
00020878
00069712
00023224
00047774
00021788
00040383
00026576
00029591
00068663
00098314
00082309
00013918
00054736
00085054
00079141
00098040
00016783
00096316
00081460
00087881
00091088
00026987
00071481
00099265
00093895
00079810
00095551
00070092
00053902
00011728
00028019
00024896
00047814
00069117
00021807
00014680
00033453
00016338
00086482
00078790
00040691
00078361
00029583
00052637
00035947
00048339
00027738
00055068
00089503
00072469
00065373
00017185
00028412
00048686
00074351
00010951
00059779
00071827
00016785
00082229
00090443
00066866
00083983
00065162
00084679
00036557
00026779
00043522
00075007
00087206
00051373
00035237
00080958
00017555
00081074
00049955
00038225
00086764
00022813
00057078
00077194
00073407
00010176
00035612
00080169
00060176
00019173
00028932
00028366
00090830
00033860
00027566
00028188
00057984
00083300
00068853
00026937
00064010
00052275
00040787
00089551
00096401
00057870
00037176
00020976
00054478
00024305
00086727
00019245
00043841
00047608
00087355
00047736
00021688
00067172
00085754
00052562
00071649
00083909
00014046
00060406
00069284
00064084
00054521
00016329
00082675
00033880
00021821
00029927
00035187
00060339
00014956
00062486
00084174
00033332
00081601
00029240
00053128
00038377
00013984
00094995
00039077
00051655
00084594
00046385
00017664
00060719
00023851
00073058
00051545
00084259
00028606
00050486
00027468
00068615
00067881
00027418
00091925
00078405
00089291
00040234
00069468
00043691
00049536
00035665
00064366
00098962
00053513
00030324
00048611
00010807
00033430
00092853
00047956
00070443
00078744
00054849
00015462
00067067
00057308
00060842
00039411
00037880
00085619
00056707
00078365
00025540
00030657
00025568
00026055
00069261
00034521
00022042
00075659
00086053
00074374
00047502
00069986
00024809
00081837
00064374
00034753
00043570
00068927
00086533
00041146
00089432
00084767
00043396
00022906
00015878
00092775
00064151
00042852
00082367
00012239
00032693
00017771
00056715
00069335
00051734
00069645
00086439
00035205
00028537
00087960
00036278
00075442
00050345
00032781
00025187
00073701
00077537
00094168
00098827
00062752
00059039
00092612
00050371
00086363
00094304
00086762
00019918
00065778
00048877
00023778
00047640
00041956
00028728
00057366
00062426
00063258
00028862
00067411
00048466
00028286
00046451
00018211
00088449
00069379
00058567
00091676
00091163
00055800
00079970
00027060
00077436
00019024
00019030
00092966
00069765
00044838
00088910
00083560
00096840
00096762
00069328
00056276
00047553
00040553
00076160
00072177
00081391
00031476
00084483
00086105
00070951
00020239
00070638
00046710
00013724
00010506
00072129
00029033
00092156
00054093
00064087
00089100
00051408
00078859
00024979
00026189
00087595
00064341
00015136
00014634
00080584
00077993
00051382
00088982
00018700
00054644
00073626
00086281
00066974
00051005
00024547
00066721
00035386
00012638
00022938
00014792
00047143
00062590
00045726
00068062
00038690
00042495
00090587
00010337
00038434
00070900
00020513
00083002
00093891
00089116
00099242
00089349
00058830
00066620
00089166
00043699
00028398
00074425
00045227
00056537
00076114
00091261
00095031
00096383
00040295
00049593
00010975
00058820
00022176
00044227
00076471
00021889
00080570
00060165
00061901
00099003
00085310
00070555
00016989
00059365
00017349
00069621
00013853
00057812
00023907
00011362
00096777
00077980
00082350
00085664
00027363
00092971
00027875
00011565
00040337
00092062
00016720
00011500
00059400
00088828
00077824
00062836
00026561
00058159
00059115
00081749
00089750
00038673
00047316
00089271
00059485
00076010
00053921
00098369
00025512
00061229
00015974
00037511
00087804
00072598
00019869
00082434
00059697
00013655
00039776
00038695
00041274
00051296
00045295
00035531
00026932
00024915
00031610
00054821
00066714
00087399
00083009
00091663
00038591
00040582
00059783
00030940
00092948
00035065
00065594
00050204
00061238
00046461
00031310
00060150
00014094
00061325
00035825
00053632
00012310
00087521
00019446
00082312
00057372
00065102
00060295
00017660
00078909
00035749
00071757
00088869
00047620
00023449
00069915
00041177
00045492
00081085
00076301
00080201
00039227
00030910
00047715
00093598
00061985
00061059
00083571
00070096
00058722
00052470
00059279
00079156
00093663
00099851
00087387
00092555
00014702
00039174
00076846
00018881
00049352
00065805
00086289
00039990
00043326
00056389
00013607
00023848
00079123
00087582
00010239
00045311
00076503
00078738
00022542
00082014
00047652
00042922
00085527
00083935
00073206
00013103
00072930
00057965
00058608
00096747
00080335
00060420
00022719
00089612
00094720
00012765
00051648
00023006
00097318
00098269
00024895
00019407
00017558
00070698
00065064
00048497
00092855
00091581
00063137
00021097
00091566
00064092
00053559
00096562
00036414
00020372
00089837
00086630
00093904
00046769
00081803
00037301
00015036
00071772
00045422
00020144
00010693
00065613
00066449
00062052
00096445
00050602
00089896
00092660
00048016
00082601
00025998
00065861
00046422
00083573
00081567
00025650
00019133
00097786
00086127
00070325
00025976
00084111
00056729
00028972
00046384
00011213
00092428
00023022
00071148
00023974
00040083
00072195
00069620
00083735
00054909
00055042
00057794
00031826
00050054
00094360
00052489
00024723
00024785
00082346
00056385
00039700
00025877
00029654
00091854
00028162
00059729
00047705
00022635
00098397
00083079
00061965
00091490
00078667
00045542
00019558
00051143
00032166
00084700
00048210
00059286
00080372
00054283
00019005
00053595
00066057
00016148
00016463
00093005
00042986
00045785
00041665
00047577
00042522
00041163
00067793
00021164
00081001
00025697
00061077
00016887
00099428
00022207
00047148
00072446
00099171
00089131
00087171
00055081
00016607
00024866
00078056
00081244
00081909
00033133
00026191
00020120
00087900
00087912
00058305
00072792
00057868
00011594
00045724
00082423
00023781
00041890
00091971
00027383
00017286
00077119
00077990
00038146
00071976
00030961
00041410
00025995
00063037
00068959
00051775
00021328
00016297
00095970
00044629
00017133
00045679
00067264
00030131
00096842
00095483
00047924
00076138
00045917
00022563
00012549
00061927
00042440
00087849
00077654
00059327
00025762
00085814
00042114
00044868
00010592
00056530
00050670
00099721
00091749
00079678
00045417
00050534
00091531
00074442
00084048
00066862
00041444
00014245
00010020
00089962
00032995
00013297
00050716
00047861
00070479
00059648
00046418
00020137
00014058
00016156
00098125
00089158
00024060
00041114
00088890
00096783
00039675
00092494
00059424
00096057
00032893
00023810
00081887
00021067
00020848
00034625
00025910
00032799
00039472
00038573
00047131
00093532
00069738
00094504
00083193
00030057
00042381
00018369
00044183
00057330
00069942
00010383
00045360
00095533
00030600
00058252
00016916
00067217
00032698
00044244
00062899
00019123
00091865
00019527
00079240
00049926
00010818
00020876
00018984
00044321
00033744
00077327
00029937
00066132
00054397
00054917
00058220
00078773
00093102
00058069
00084683
00015488
00023799
00063050
00050787
00081033
00093192
00036730
00083767
00070015
00011568
00085759
00076802
00035499
00012027
00050808
00028637
00087917
00058885
00049695
00029770
00048934
00051369
00051577
00075026
00067704
00081148
00029281
00092774
00041045
00030282
00040369
00030170
00036874
00083761
00042884
00019150
00011906
00055061
00044486
00085978
00046890
00086496
00028069
00060027
00015147
00057174
00029083
00049915
00070336
00020048
00036887
00066975
00066375
00036687
00070694
00055393
00046507
00073987
00069486
00034596
00060713
00035305
00049038
00028352
00051992
00042265
00097849
00041704
00093720
00087398
00012013
00030370
00045102
00094982
00044630
00076648
00047245
00042516
00023694
00079592
00061921
00016011
00049612
00087367
00051859
00049256
00092642
00023906
00034624
00017628
00090897
00080214
00098688
00022393
00063376
00085457
00083038
00073519
00051825
00033385
00038390
00023630
00053450
00060360
00040844
00032299
00025951
00028379
00023592
00063226
00017263
00046400
00073819
00043494
00017950
00045889
00054168
00080495
00048625
00081773
00061916
00014474
00077104
00042701
00042729
00081450
00038580
00040657
00035809
00014590
00021063
00023259
00065129
00074733
00050442
00077250
00014853
00099260
00027128
00032926
00073837
00091259
00095099
00055988
00028963
00087758
00098427
00029536
00043109
00088604
00050181
00060022
00074222
00072606
00072371
00035742
00074471
00088893
00020875
00088596
00082814
00084323
00082509
00029704
00017585
00035460
00048509
00053560
00021637
00070227
00063940
00023271
00053852
00070862
00058093
00085568
00087327
00034602
00060115
00070641
00048927
00020318
00063925
00079026
00095238
00086029
00098357
00067029
00066289
00030663
00086122
00043638
00075955
00072981
00046982
00083703
00017838
00079294
00098453
00045782
00074605
00074057
00091182
00050530
00067629
00028088
00041417
00087986
00067943
00076673
00048245
00049561
00045770
00030561
00029013
00060531
00049970
00041460
00088855
00065302
00085939
00070093
00034122
00046780
00046774
00070405
00070640
00095499
00081991
00051566
00040650
00080513
00090035
00017767
00040004
00089846
00025667
00036825
00019155
00072571
00077359
00054630
00092388
00023829
00062520
00081794
00056255
00067037
00068659
00076265
00069439
00040879
00068136
00033345
00093262
00057999
00032696
00076604
00069149
00020835
00021990
00092320
00057548
00029920
00089468
00087927
00089204
00017759
00096496
00084152
00049252
00032574
00028217
00067678
00017616
00022620
00061789
00065883
00093936
00091953
00014768
00070328
00027900
00077558
00034017
00064299
00027681
00016152
00060123
00039502
00075338
00066608
00031778
00043201
00077695
00094065
00085478
00050007
00043872
00095217
00077427
00013802
00037335
00085071
00034406
00012448
00059905
00012188
00051332
00086712
00086972
00079714
00022147
00025311
00082167
00040886
00039381
00063780
00062543
00051421
00068511
00049684
00093897
00018779
00094331
00073510
00099197
00049805
00012664
00033868
00076593
00098543
00067543
00099303
00036061
00033970
00088304
00073374
00021057
00048241
00063141
00037559
00077803
00061488
00074563
00012064
00061947
00099906
00077090
00060635
00094742
00097022
00017785
00073574
00073929
00046159
00063857
00046327
00054116
00075668
00086037
00053123
00081582
00015791
00050785
00039831
00068916
00044789
00035649
00083436
00060142
00059812
00045555
00016608
00054550
00011653
00019181
00091135
00098261
00033441
00099117
00064531
00074504
00094468
00048008
00042130
00082793
00099815
00090555
00031206
00039188
00034220
00049277
00073789
00095839
00076659
00064262
00087197
00041284
00062697
00074984
00051644
00095242
00026935
00085486
00091109
00040291
00053297
00074899
00061549
00027652
00018097
00032984
00048587
00083633
00017719
00092563
00057644
00058313
00026136
00051108
00080039
00088908
00061562
00060331
00051477
00061998
00035800
00071121
00027399
00037361
00066118
00046278
00066218
00077041
00089620
00022774
00096948
00053150
00025124
00054657
00046435
00052268
00031147
00099984
00070984
00089972
00027077
00089387
00033994
00010799
00047015
00083784
00083725
00028184
00071220
00014369
00068191
00010398
00057954
00049420
00019835
00045703
00089431
00012088
00021509
00063905
00011280
00014525
00013432
00040802
00022957
00079125
00023890
00077877
00029643
00088136
00090554
00061534
00014310
00015607
00051247
00057092
00031824
00021086
00033636
00089609
00081310
00070948
00085991
00018370
00036446
00069124
00061753
00077720
00040835
00098709
00038579
00084472
00023336
00048097
00072865
00046863
00073330
00085553
00012819
00043450
00040708
00063681
00037964
00062580
00084580
00073211
00040481
00062860
00029124
00064344
00097865
00015590
00076164
00022355
00070607
00036358
00085870
00060876
00018014
00099566
00032838
00076645
00099004
00076608
00050618
00018386
00023214
00094881
00046797
00010439
00090913
00050432
00036146
00078297
00048434
00056712
00094123
00053373
00065072
00013176
00034557
00047557
00034594
00034106
00040081
00027489
00015447
00016324
00075223
00083625
00051173
00090567
00015645
00015038
00074161
00020106
00091540
00066915
00075614
00046191
00079346
00020632
00079360
00039802
00026063
00024141
00062143
00079653
00072194
00073087
00018448
00094553
00053479
00026466
00070408
00084231
00023613
00087598
00048604
00014732
00064539
00052518
00018473
00061844
00019818
00039457
00060690
00012311
00080684
00051822
00052861
00059402
00095172
00029180
00072676
00049315
00059043
00074532
00091090
00069254
00015864
00069316
00026582
00024358
00012111
00087282
00041056
00097431
00084279
00038422
00068583
00064104
00055574
00071560
00076879
00027621
00075950
00079988
00035526
00069026
00082033
00077949
00012128
00070689
00028931
00016748
00017656
00065389
00085580
00066624
00089617
00049193
00065297
00026077
00084531
00038342
00029728
00068298
00077156
00084590
00013318
00092257
00096711
00074562
00032338
00061800
00085764
00022917
00020102
00056497
00012261
00099602
00098933
00056444
00075698
00043294
00090434
00067854
00017707
00079443
00082875
00053612
00077896
00062799
00045410
00078152
00015614
00075901
00086861
00070329
00045780
00057805
00022587
00058964
00023265
00083704
00077665
00049477
00087465
00035964
00064520
00021964
00023139
00083129
00037218
00070528
00099928
00095490
00011993
00030024
00069352
00058584
00061524
00023520
00088505
00095085
00061765
00097851
00058869
00066121
00070216
00040619
00085171
00010798
00074174
00027783
00061556
00042309
00032067
00064599
00022117
00045773
00032930
00026873
00015541
00088787
00048046
00025147
00061094
00099094
00026974
00091087
00075744
00098715
00088206
00066600
00034336
00015228
00042631
00056650
00089736
00065257
00097758
00068503
00076100
00029314
00060684
00073592
00017006
00052950
00046946
00097704
00062610
00088416
00082397
00046058
00070045
00026757
00091097
00020900
00081192
00015768
00042427
00057137
00015497
00034303
00098675
00035385
00038810
00081517
00075658
00076093
00059940
00025425
00042991
00028755
00014808
00079860
00020690
00023204
00064054
00092710
00040600
00054001
00059339
00091316
00043717
00048340
00030709
00066893
00065077
00039413
00034432
00036428
00043652
00098574
00060789
00020795
00040722
00079233
00034429
00090397
00041760
00069855
00069013
00044019
00059116
00065651
00024249
00057553
00077539
00021805
00047593
00017295
00092793
00025764
00071678
00087555
00030286
00053957
00012520
00079226
00094477
00047605
00014502
00053217
00027694
00018848
00084532
00070808
00041935
00049577
00083227
00015311
00038882
00062419
00015629
00044261
00088464
00088230
00022543
00062060
00068258
00058236
00047092
00011196
00071589
00082706
00093290
00061147
00080437
00010247
00031450
00043383
00095783
00034370
00091501
00051293
00017761
00054146
00035096
00058378
00060425
00078068
00058330
00054447
00064512
00063379
00085489
00025482
00092480
00035286
00089263
00085136
00070445
00016336
00051248
00061703
00030047
00025712
00049145
00012786
00037637
00091250
00018061
00098637
00074638
00035371
00058187
00056578
00084533
00021918
00024540
00099663
00018597
00048909
00079458
00026123
00077479
00017151
00070522
00068960
00024513
00029846
00078680
00057295
00094564
00066277
00048453
00032348
00030291
00069809
00020455
00040814
00030192
00022263
00071735
00049872
00032349
00035687
00032279
00057113
00041206
00024773
00067069
00074570
00094507
00018231
00078031
00017175
00016747
00087078
00095302
00019345
00092225
00044379
00050231
00016563
00071140
00020779
00033951
00089236
00081451
00081844
00052282
00099079
00046567
00017951
00051882
00090804
00058223
00061448
00083749
00068401
00079695
00041549
00023340
00026221
00090955
00074873
00060609
00097011
00098533
00029399
00044694
00072361
00075759
00073557
00085355
00031212
00077018
00028367
00083797
00024776
00085849
00088302
00055339
00079389
00057654
00029088
00023663
00089345
00020647
00056013
00078758
00086265
00093909
00084675
00080337
00031813
00015543
00090817
00064979
00036830
00017055
00058603
00011039
00083025
00063742
00011892
00098192
00055966
00042323
00093770
00012997
00044209
00018472
00069778
00068687
00087895
00088657
00080659
00037864
00086734
00085980
00018337
00013190
00088569
00057438
00040390
00018254
00045068
00054549
00084615
00086983
00079587
00088678
00094993
00097706
00041421
00043024
00057135
00068585
00042374
00039988
00059814
00066691
00020475
00042276
00035258
00091598
00039241
00032495
00032362
00021083
00028620
00068296
00055170
00082267
00090556
00040940
00064582
00053363
00081755
00084020
00065096
00031830
00025523
00066674
00094456
00062275
00073164
00032385
00055124
00035184
00041805
00086757
00086212
00041960
00057592
00077047
00075074
00019069
00099847
00014032
00016844
00041963
00056519
00078510
00088231
00076587
00092053
00051132
00037426
00037432
00075441
00095879
00031653
00090696
00019008
00046151
00014674
00018912
00072442
00064430
00094780
00075920
00064949
00087541
00023112
00061188
00083229
00090395
00018257
00090483
00033355
00035601
00036074
00015806
00067213
00064190
00065998
00090224
00074258
00052660
00079170
00027283
00056315
00032231
00086433
00017967
00053462
00079518
00055848
00085733
00056543
00041172
00057846
00068901
00010140
00025399
00014600
00091505
00052949
00026440
00020388
00089089
00098341
00010388
00018259
00061412
00012376
00028493
00054467
00028999
00018932
00099486
00040750
00049624
00080886
00068480
00098730
00047954
00069877
00099561
00058968
00082479
00090047
00029629
00023702
00076541
00061632
00045999
00086188
00030167
00060040
00048108
00017604
00036267
00054172
00016715
00088000
00075501
00012709
00023563
00075263
00038634
00060855
00073301
00044863
00081672
00095097
00027723
00019934
00036645
00053147
00018415
00089892
00069202
00064970
00027291
00030720
00052024
00022661
00071135
00090800
00095445
00053681
00094726
00072311
00097735
00066417
00086837
00034332
00016882
00029575
00060424
00040052
00012292
00016970
00048878
00012365
00045725
00099777
00061533
00019346
00037472
00025107
00074313
00088432
00068010
00066750
00093777
00094053
00098901
00045791
00094075
00090795
00046657
00085100
00026900
00092153
00026933
00018615
00083311
00014259
00071907
00046330
00061532
00078897
00035837
00071070
00091895
00081706
00084825
00056931
00056804
00022897
00050501
00042347
00074053
00050665
00070870
00090286
00042414
00052618
00046280
00098038
00093843
00080538
00069194
00095670
00090815
00010217
00014311
00045489
00098978
00069085
00057596
00063821
00042295
00085447
00052989
00087378
00049046
00055165
00011522
00031359
00063466
00072333
00059651
00087795
00072748
00031814
00010713
00042865
00083092
00053488
00029588
00087599
00081006
00047180
00049974
00026515
00030285
00041865
00020208
00053004
00077683
00041500
00053300
00011030
00088796
00062008
00054803
00047999
00086845
00055028
00066828
00026709
00068327
00074980
00027437
00086954
00079091
00077032
00090910
00016122
00067059
00026152
00013643
00055525
00035341
00066034
00057814
00059475
00015679
00033135
00010301
00044818
00022418
00076668
00017526
00029781
00062347
00042120
00057050
00015195
00099633
00058296
00061192
00058354
00016665
00051129
00033740
00094525
00068698
00051899
00013562
00046223
00055880
00059292
00049473
00018187
00022154
00070131
00036202
00080391
00061369
00050121
00075121
00057903
00053139
00043405
00017266
00012235
00036195
00081829
00014264
00069585
00064776
00082113
00098664
00010010
00065600
00090954
00087949
00095623
00045169
00048315
00017695
00035473
00036371
00085983
00073542
00062618
00018653
00039301
00023312
00091701
00058109
00077763
00085030
00038501
00066033
00077490
00034793
00093417
00053809
00049344
00056666
00037259
00094872
00026807
00044810
00078997
00084893
00026096
00055020
00090038
00013186
00050174
00046529
00086226
00073772
00086090
00010478
00030168
00011305
00066946
00051472
00079420
00035471
00095346
00092401
00022749
00049983
00041812
00061151
00023016
00092183
00010537
00092181
00072400
00023577
00059179
00071836
00057858
00067265
00045674
00043778
00027778
00014464
00088643
00015628
00023914
00089137
00076614
00023131
00068920
00051159
00026662
00098499
00066245
00072472
00017380
00026895
00061049
00081311
00036343
00020881
00086185
00097210
00038907
00042274
00047389
00025531
00014105
00054941
00069145
00043613
00016434
00054363
00067658
00032977
00087523
00077399
00051508
00030781
00053851
00086687
00053521
00038529
00089159
00012795
00055434
00053611
00023921
00096882
00071650
00030464
00015144
00068725
00083180
00025534
00070980
00092995
00095475
00036132
00057850
00067113
00025112
00094033
00028481
00035441
00094338
00099557
00062659
00054811
00083630
00013954
00071219
00033083
00084614
00043489
00048871
00037490
00062813
00043792
00093645
00014455
00087328
00052276
00024602
00078887
00015611
00066465
00050934
00098145
00036381
00088129
00064693
00089588
00015481
00098022
00088082
00030241
00043436
00022101
00099430
00022534
00015528
00064884
00063342
00094530
00054775
00022093
00038323
00045059
00059889
00085758
00098502
00090996
00029373
00013410
00095791
00060911
00074745
00011985
00094119
00064197
00021749
00074480
00020773
00036751
00027940
00068375
00052143
00011332
00010986
00017815
00069183
00019899
00065802
00082429
00082496
00016415
00052801
00091952
00024164
00025250
00023257
00041516
00069430
00016908
00070444
00094633
00017457
00034354
00067164
00082226
00052363
00011950
00031540
00039959
00092690
00035796
00048076
00014829
00028741
00086682
00054272
00093911
00026596
00051685
00023485
00053375
00050661
00051186
00026423
00087954
00034312
00070423
00034874
00058999
00084888
00077669
00030482
00093780
00051522
00035741
00083737
00066783
00064281
00074390
00094774
00087126
00071720
00083892
00025163
00020492
00012453
00068685
00054995
00096144
00015726
00050905
00024074
00012267
00096887
00076481
00062560
00035289
00084153
00030557
00024151
00096090
00050666
00054842
00088152
00025225
00067917
00024886
00095338
00026064
00015130
00081935
00053823
00054658
00036929
00073656
00032568
00037835
00042994
00016718
00047749
00083516
00030398
00039351
00044800
00052251
00067555
00074919
00027317
00083013
00061996
00043614
00074287
00081659
00029298
00060411
00035863
00042233
00017164
00062086
00034213
00022968
00083998
00063814
00056292
00098834
00012275
00026696
00089729
00042036
00041788
00011973
00060199
00083796
00073723
00071112
00051316
00081338
00088068
00053056
00085907
00024762
00096550
00023579
00087016
00028778
00043642
00093627
00080858
00080382
00040813
00021487
00091768
00013545
00054970
00073426
00077492
00069402
00071873
00073387
00034186
00078224
00051760
00097785
00013084
00050753
00044594
00079590
00069624
00065486
00054809
00041751
00074595
00095639
00090023
00039866
00063142
00053299
00021559
00023929
00084933
00041376
00095528
00032255
00076006
00089325
00074098
00052138
00040856
00051022
00030951
00094569
00055856
00011402
00052272
00066148
00077444
00017024
00081107
00039662
00092473
00092124
00037282
00056303
00014239
00061793
00051665
00060260
00012817
00095524
00085080
00067255
00066490
00043862
00094646
00018923
00085743
00075224
00061500
00094642
00056501
00039337
00012001
00024496
00074271
00092050
00095543
00059185
00094514
00052120
00013027
00089405
00073234
00074885
00011200
00085582
00020499
00073068
00078539
00092825
00038998
00068197
00074048
00098658
00054008
00072176
00091120
00025670
00031911
00098493
00078465
00075789
00072224
00092368
00094836
00099013
00022423
00022988
00071490
00087359
00033215
00028607
00079174
00071301
00019159
00033008
00020327
00017916
00037202
00077634
00057696
00022400
00027347
00092329
00066309
00094635
00065319
00011882
00027808
00016271
00012584
00085626
00037257
00095664
00040250
00040846
00098347
00062187
00028172
00036230
00015432
00093394
00092095
00085078
00066933
00074158
00048326
00064169
00086069
00023095
00011170
00047023
00085703
00077210
00075305
00063300
00060289
00066835
00045103
00091965
00030066
00023871
00066983
00022297
00058325
00021448
00039350
00042035
00054315
00038120
00035322
00032117
00049862
00030656
00029126
00041216
00089397
00013102
00050020
00045497
00019013
00089852
00015640
00069172
00077806
00033052
00099181
00050804
00053734
00055830
00035353
00045717
00020597
00074259
00093742
00078283
00082092
00035839
00084539
00014705
00090544
00034970
00081734
00028896
00031932
00069278
00010874
00075214
00024894
00011607
00022660
00070703
00025423
00094988
00075572
00054830
00048426
00052520
00071473
00082326
00012368
00058036
00010936
00073269
00090816
00081993
00076934
00024967
00085831
00074519
00042689
00034505
00056142
00012503
00051783
00056275
00059639
00090152
00013107
00072893
00079933
00014669
00068157
00023889
00069432
00032925
00040456
00047784
00056641
00015155
00080288
00068749
00076470
00065710
00012907
00093958
00098740
00018742
00067885
00092796
00013495
00091808
00065374
00038289
00078497
00032740
00029109
00052633
00051804
00016493
00037983
00045775
00094098
00035768
00086333
00037000
00063451
00091834
00064546
00022007
00066945
00033075
00097353
00092526
00033731
00056224
00020487
00067392
00011370
00047701
00015322
00027727
00080071
00017264
00062100
00067628
00040543
00039930
00051339
00088795
00064688
00040755
00073110
00061168
00047922
00049987
00050293
00054966
00031652
00058090
00039969
00046603
00024373
00029843
00051791
00015585
00016736
00013909
00070567
00030298
00034795
00018734
00084049
00011336
00047493
00015844
00050786
00062383
00075029
00010870
00026154
00035404
00062410
00091519
00040165
00014870
00037159
00093335
00031215
00061909
00098350
00029265
00019102
00069382
00073003
00041501
00054497
00011480
00081162
00066972
00078850
00087726
00055647
00062649
00071733
00051110
00032727
00057860
00058160
00024482
00027979
00053268
00092606
00012137
00040763
00048068
00079962
00094770
00074888
00084565
00078278
00018552
00076017
00073041
00040789
00067396
00013506
00021607
00067351
00070154
00088333
00022580
00030780
00066898
00074554
00079089
00088673
00077314
00043863
00024728
00023599
00039505
00014592
00053990
00029004
00032051
00023477
00033590
00064352
00035850
00071181
00071085
00070296
00017079
00016018
00048717
00022603
00057768
00022343
00079600
00015969
00062302
00081671
00028953
00023093
00050358
00036022
00017466
00086901
00068836
00059081
00020802
00012916
00047900
00037745
00033938
00077160
00082690
00030875
00011406
00030099
00051972
00028155
00091341
00043961
00038925
00043795
00051497
00058080
00078171
00069671
00032685
00079380
00035106
00069540
00058019
00068817
00040299
00042801
00061001
00094897
00078112
00071435
00087474
00012586
00061720
00016613
00066522
00048540
00032510
00019171
00093332
00046833
00066008
00094459
00058931
00042487
00054758
00065438
00080079
00053714
00073708
00065055
00089318
00064909
00043942
00093679
00034740
00081745
00047656
00039017
00047575
00046628
00084570
00016022
00030775
00084222
00051769
00032395
00054021
00082574
00087520
00044981
00036547
00095495
00033296
00098621
00068777
00013608
00069643
00095514
00092252
00089752
00025782
00028226
00067081
00040459
00026169
00043670
00040512
00055945
00052887
00085234
00021951
00079230
00019180
00027020
00045562
00051661
00082279
00076123
00058279
00068347
00023208
00089150
00014764
00061568
00083920
00090016
00030356
00025386
00032390
00089866
00064653
00055188
00068464
00017859
00069293
00040697
00082686
00059074
00049898
00038725
00071223
00014730
00030073
00079854
00087461
00030806
00088676
00027424
00076732
00069113
00019486
00031848
00056514
00026583
00073268
00015132
00046733
00027452
00025966
00031365
00019118
00079020
00059559
00035363
00033833
00086739
00063695
00074167
00014673
00038162
00077740
00061894
00034001
00028727
00075027
00031094
00054389
00084867
00014397
00099467
00062407
00071201
00066435
00064783
00022858
00029683
00043462
00059422
00042453
00065892
00082582
00032205
00084515
00094181
00061079
00062867
00036528
00017914
00036274
00026571
00077909
00067796
00069961
00046093
00092307
00073749
00063635
00012280
00066400
00025967
00037505
00072044
00029222
00028725
00050839
00092304
00033955
00011464
00062305
00082699
00047782
00086989
00042746
00022570
00015814
00044201
00038897
00023412
00039688
00049178
00076032
00015530
00095807
00076030
00083059
00031244
00019863
00071500
00061408
00021478
00089331
00028453
00092296
00046660
00033851
00072237
00079947
00073312
00093050
00046038
00085523
00055133
00087002
00068174
00067051
00040594
00037347
00054212
00067757
00060733
00043530
00068641
00059954
00073397
00010919
00064026
00061745
00077997
00010482
00082975
00060439
00041622
00028771
00092444
00021735
00061315
00086898
00011430
00067129
00013078
00069416
00089792
00026090
00026395
00056711
00059189
00017698
00084774
00083455
00022654
00022013
00076444
00040783
00075089
00092717
00041116
00014848
00038524
00090247
00077482
00030328
00065250
00032540
00010923
00078553
00075274
00083535
00066021
00062117
00026247
00096863
00030082
00074575
00052691
00016754
00098666
00049681
00049188
00097963
00069136
00025855
00048303
00051946
00083336
00074151
00031173
00099810
00091535
00058611
00020855
00015102
00025270
00014365
00093234
00025777
00019594
00098731
00091004
00014623
00069848
00087487
00061724
00044930
00056831
00025836
00053699
00098725
00067508
00068834
00042775
00055123
00018373
00055514
00022650
00030935
00026009
00021271
00022499
00086676
00058010
00050279
00030074
00046019
00045244
00037763
00056268
00029336
00015182
00054997
00052543
00073097
00051157
00031550
00029356
00071856
00045228
00023940
00038214
00065894
00044203
00063589
00041208
00093966
00060737
00092629
00073868
00067879
00033317
00056728
00057722
00017569
00030580
00027610
00081914
00012741
00052051
00056273
00040312
00066895
00090688
00025464
00086064
00013959
00084845
00054351
00082473
00049857
00053723
00032739
00059428
00020966
00039732
00049140
00088467
00090786
00034015
00010014
00016301
00015562
00023924
00078866
00014233
00044673
00065964
00065823
00026372
00019985
00064293
00092513
00067947
00084107
00062972
00070553
00071029
00067549
00016120
00066099
00037177
00025195
00031517
00042553
00057531
00079138
00081247
00092768
00064386
00040962
00080898
00060979
00098376
00082387
00073882
00033116
00033152
00077583
00010698
00045343
00053527
00089546
00020692
00086146
00026313
00019702
00067052
00018332
00023554
00016781
00043523
00075647
00022353
00087946
00027812
00035522
00028742
00033504
00054598
00023043
00061866
00031723
00035950
00024139
00076392
00044510
00062919
00089284
00042031
00052259
00038794
00044797
00023027
00011909
00058616
00049041
00074680
00049756
00047906
00067746
00031805
00039007
00016064
00036936
00011017
00085718
00082537
00029806
00026664
00073859
00034721
00074766
00012482
00071913
00059375
00027270
00068487
00010167
00069634
00017332
00076137
00046402
00062706
00061684
00022128
00081171
00016617
00083070
00054398
00085073
00050255
00018871
00093180
00037396
00046916
00024425
00036535
00014896
00087154
00018306
00025441
00096471
00057294
00012874
00041820
00059915
00047477
00075148
00074106
00057380
00038051
00067721
00088011
00023691
00054194
00026633
00082740
00092033
00038202
00058602
00071407
00031394
00032985
00032491
00073228
00067557
00032881
00033971
00059391
00099881
00043537
00011969
00021791
00011242
00037311
00098346
00087121
00076872
00031006
00033015
00036847
00032913
00084110
00029351
00069769
00084289
00046729
00023975
00061934
00060488
00024268
00016304
00075050
00059798
00057379
00066826
00019499
00065052
00059141
00015961
00096799
00090313
00074535
00073710
00034282
00093620
00012973
00091052
00013862
00081027
00086640
00091476
00013131
00036389
00075198
00083511
00083533
00071646
00045767
00051225
00061011
00036778
00036188
00015365
00079806
00057626
00050986
00044136
00091521
00050145
00067859
00097918
00040994
00044606
00039825
00028431
00024528
00021231
00097368
00035260
00047727
00020859
00016929
00071631
00059645
00067489
00081778
00071885
00053933
00095924
00053392
00071187
00082078
00047291
00037744
00021907
00076490
00084401
00044086
00036204
00054154
00014492
00076401
00011324
00034218
00067806
00031716
00049426
00027791
00087567
00068358
00051295
00027227
00043829
00081243
00091833
00068632
00074549
00053133
00050362
00059805
00065593
00028884
00027752
00076797
00035406
00097765
00083607
00057186
00094805
00054287
00099639
00050591
00042048
00090590
00060449
00030575
00076163
00064055
00025300
00054134
00015342
00096697
00087480
00067234
00044890
00034878
00063314
00070621
00058489
00081380
00098066
00077726
00047820
00047221
00058225
00086258
00018680
00099967
00067439
00098776
00045849
00089330
00047773
00083456
00068757
00092530
00072392
00046771
00087167
00027888
00080161
00075303
00015656
00026860
00031726
00027845
00096200
00045608
00094318
00056893
00082832
00094693
00011704
00069372
00088889
00039784
00013825
00079357
00036728
00010153
00032184
00065087
00088904
00037454
00024627
00042527
00037640
00093233
00066455
00029857
00093721
00047809
00023636
00044543
00059446
00054410
00045736
00012344
00010751
00092435
00068111
00057661
00086396
00039943
00026008
00080412
00034732
00098298
00030745
00088407
00065098
00056756
00041413
00014905
00032225
00069716
00047346
00038874
00031468
00015776
00063651
00092517
00024327
00062044
00055834
00020659
00023042
00050648
00022449
00076482
00021975
00085962
00014076
00082467
00011489
00051941
00034045
00070252
00045283
00015861
00018835
00051201
00092393
00012644
00079921
00043731
00079658
00099523
00048990
00020595
00092909
00044857
00021274
00069422
00059929
00028449
00021986
00087376
00010154
00072035
00082075
00089243
00092300
00073100
00068517
00011109
00084821
00059654
00065423
00053408
00023419
00020496
00088661
00074672
00086397
00090055
00029015
00014760
00039927
00099990
00066566
00063278
00034776
00023608
00084744
00026862
00048321
00015907
00060605
00043244
00049334
00037586
00089110
00062671
00067033
00056745
00023750
00013595
00055786
00034435
00045052
00027954
00047911
00073187
00091549
00087894
00062565
00059513
00080539
00067123
00072503
00044366
00059515
00077102
00092916
00051084
00015119
00076122
00077982
00069034
00070020
00050064
00017608
00096381
00091905
00054656
00015086
00077705
00090624
00046880
00093435
00063125
00050938
00099612
00088060
00030130
00032742
00033168
00047283
00041000
00097521
00071387
00036334
00077493
00046022
00089366
00045063
00027097
00041554
00061817
00087947
00073738
00042951
00071954
00029869
00067824
00014498
00042266
00084516
00052026
00015502
00081180
00023494
00073675
00044294
00047696
00044511
00029424
00072894
00049813
00070441
00059594
00029919
00044164
00085383
00011246
00013974
00068886
00036927
00081677
00066069
00049683
00081676
00035026
00096284
00016385
00085965
00077311
00039285
00048479
00076464
00084381
00045504
00021173
00028306
00061823
00058322
00067599
00047982
00076926
00044381
00095434
00097708
00091641
00034407
00029058
00099041
00077507
00045219
00012036
00044582
00010568
00054218
00013726
00087606
00010871
00022008
00047078
00092167
00021395
00028295
00057102
00082992
00084043
00043117
00099897
00081556
00074063
00013195
00054028
00016799
00036454
00016517
00054532
00070767
00091631
00033545
00053917
00092549
00021199
00043040
00034777
00075277
00043492
00079448
00043583
00071094
00070470
00083845
00020739
00012045
00018310
00025322
00015927
00094073
00069583
00041973
00046185
00096416
00029983
00017098
00039045
00070185
00096358
00011098
00019224
00039366
00068038
00076125
00093873
00060499
00084418
00057574
00019774
00071371
00099781
00012061
00092022
00060255
00018994
00062541
00084560
00058857
00058022
00051119
00065276
00013820
00013680
00086459
00034295
00023628
00093079
00048458
00018771
00057319
00056131
00022619
00089088
00053562
00026166
00053721
00052377
00039416
00086290
00072465
00030045
00036292
00044679
00023484
00066408
00067755
00076882
00041397
00078381
00064348
00012800
00040048
00091969
00037908
00041451
00077508
00067440
00047113
00069078
00014100
00053664
00089673
00090663
00061163
00034996
00053126
00011233
00083510
00036765
00022582
00026847
00039950
00032375
00016451
00024270
00079862
00077245
00018717
00040908
00049814
00093151
00049834
00050920
00024740
00016955
00047263
00029271
00012949
00014362
00013895
00080855
00076869
00031384
00063530
00039374
00085297
00094768
00066409
00036625
00026160
00041076
00075932
00044581
00094950
00049407
00045528
00050409
00080633
00093910
00070393
00016095
00044455
00013504
00070576
00063061
00081527
00060330
00034661
00077981
00093263
00017039
00028347
00080940
00033279
00056235
00037078
00064600
00099048
00018372
00084802
00013485
00075677
00098911
00066000
00011009
00063997
00089427
00086438
00077248
00088572
00059756
00095858
00038670
00060696
00097530
00017241
00044350
00092919
00058120
00093605
00073131
00085058
00083652
00032752
00084226
00026970
00036621
00017405
00086277
00013898
00094326
00044635
00058726
00020768
00079347
00010320
00070418
00096000
00062738
00034013
00098361
00090246
00096035
00044844
00055980
00069661
00040054
00058452
00036449
00049508
00081242
00015188
00086619
00022743
00074198
00055222
00080874
00017848
00046048
00070291
00090983
00095266
00094370
00031968
00048054
00054475
00015362
00099657
00080911
00055487
00064628
00023039
00054520
00034255
00077239
00038441
00072083
00059052
00013095
00098282
00034159
00018214
00097832
00023290
00020488
00064044
00020364
00018148
00091236
00043539
00021589
00037327
00037294
00086447
00030706
00097266
00071310
00019940
00015075
00090205
00089448
00084771
00080056
00086545
00046716
00071984
00099412
00048673
00030336
00013284
00019444
00086573
00064999
00096479
00032832
00037371
00079368
00067207
00051991
00010118
00086854
00077011
00068738
00053971
00040024
00023713
00038719
00053327
00032852
00028070
00049600
00022257
00029542
00038110
00051830
00095420
00019211
00070960
00028288
00064462
00019411
00025055
00022380
00037495
00042749
00056656
00040229
00031377
00036985
00028781
00061981
00078243
00063384
00078264
00073155
00035035
00092540
00092063
00070057
00037275
00032347
00063590
00016768
00040385
00033536
00035846
00075841
00028726
00042930
00091651
00081282
00084764
00054362
00059519
00014821
00078599
00050397
00084458
00021682
00018535
00079941
00067317
00066902
00090745
00062823
00032203
00090693
00038965
00045733
00012537
00066548
00040724
00044384
00070835
00022329
00056895
00038168
00052639
00054958
00030345
00025233
00054955
00036179
00079115
00036710
00057302
00011180
00095255
00074125
00017694
00013593
00039427
00082098
00032718
00069440
00017511
00051677
00083656
00061387
00038990
00047540
00069148
00097846
00051963
00051725
00054648
00055408
00082842
00043612
00031997
00080290
00015392
00069544
00089948
00035329
00039585
00044507
00079406
00042297
00060898
00061435
00047351
00037023
00017221
00023942
00051445
00074235
00048250
00024160
00024820
00083043
00044986
00064425
00024313
00061807
00023317
00028688
00012758
00028507
00069123
00077667
00017485
00032239
00086481
00034546
00031840
00022794
00035326
00036226
00010849
00085142
00028980
00089199
00038926
00095624
00042753
00071137
00087131
00065240
00038825
00078098
00053170
00098013
00021538
00022910
00057538
00068090
00025925
00032717
00075071
00092410
00010819
00076066
00039719
00025724
00098254
00068351
00035357
00064053
00036736
00041703
00087677
00032493
00018605
00074962
00041067
00075557
00067484
00034826
00023946
00010359
00022711
00080817
00076075
00014640
00041498
00020330
00065384
00065904
00032762
00010501
00059804
00052161
00096607
00069376
00075512
00050034
00041962
00096893
00090398
00052699
00035864
00030124
00030127
00068002
00063931
00083385
00046425
00053751
00015875
00029462
00043433
00039951
00026616
00084873
00066184
00034993
00034570
00071563
00066402
00031180
00072474
00081855
00034990
00076959
00082433
00085667
00029987
00073362
00063021
00098540
00031477
00020564
00067456
00097038
00074636
00068992
00087003
00014303
00027448
00094833
00015701
00060164
00098099
00089462
00073325
00048006
00095723
00045975
00041297
00014048
00029539
00092570
00050582
00048053
00068036
00054155
00099685
00029405
00080754
00095370
00087037
00045257
00016589
00016570
00069383
00086571
00052457
00013573
00016890
00028203
00068300
00044108
00079113
00016235
00041101
00076589
00048403
00082165
00043018
00086300
00092928
00020519
00013766
00032701
00069640
00094737
00093071
00039165
00046249
00057943
00052842
00075049
00014298
00065035
00034199
00066372
00088182
00094782
00055809
00061320
00010556
00075764
00041923
00046442
00038200
00045616
00053770
00080400
00028185
00022191
00054105
00081286
00053916
00041739
00018955
00079969
00068440
00026479
00085327
00089496
00086093
00095987
00092376
00037054
00016749
00080998
00013126
00083834
00074445
00060093
00044070
00077768
00085548
00043668
00057827
00065745
00091518
00010564
00033623
00057262
00092972
00097232
00071796
00048891
00094265
00073830
00082114
00025517
00084278
00063427
00025363
00096856
00055088
00078749
00050169
00015807
00086984
00060874
00026611
00058944
00083557
00028384
00078647
00064479
00061652
00067527
00081934
00011024
00089554
00036828
00091098
00080784
00045651
00047772
00042313
00057590
00017551
00088563
00092949
00094627
00067862
00019016
00095403
00087623
00095905
00045569
00020399
00024980
00013020
00028807
00053320
00079021
00019357
00054148
00027662
00050085
00035789
00049246
00093172
00035231
00034824
00097184
00064561
00093105
00044417
00027462
00013815
00046520
00087379
00026285
00074671
00044917
00071900
00044523
00073402
00027315
00098264
00088646
00041336
00088585
00041220
00040501
00018512
00036892
00088964
00085324
00053423
00044067
00074441
00074165
00035925
00091434
00079419
00022104
00014031
00094031
00016218
00086669
00087651
00026837
00015741
00083966
00055695
00054946
00068921
00019640
00076302
00023825
00097229
00041573
00070407
00081352
00064726
00064300
00035685
00083531
00051579
00068257
00046787
00075637
00029318
00041724
00072221
00035635
00015580
00029118
00011309
00078796
00016402
00044250
00091472
00050996
00063488
00058423
00037704
00024116
00068237
00077020
00024589
00086911
00065576
00017783
00092975
00049111
00059671
00043252
00017401
00060363
00048262
00047771
00043203
00085379
00025339
00091678
00050147
00066470
00079894
00067700
00028328
00058292
00023203
00059258
00033308
00092067
00055427
00029903
00065702
00065261
00070377
00053487
00053152
00055758
00042500
00052575
00073368
00080101
00048221
00071066
00061256
00088451
00095637
00049337
00052305
00014001
00018376
00045704
00084550
00026775
00015828
00018664
00026449
00088822
00097522
00030603
00014320
00010583
00099880
00084993
00041939
00038635
00047581
00045896
00075926
00041833
00031379
00017224
00095281
00059411
00011714
00086468
00015373
00052197
00015763
00055656
00019510
00015189
00030616
00094902
00016516
00082250
00018938
00099159
00049232
00041709
00078605
00084870
00037484
00055874
00055432
00044328
00091443
00030290
00013310
00093816
00010760
00070935
00070840
00033367
00021257
00049935
00082590
00033220
00015183
00022051
00060084
00057432
00034301
00048974
00070125
00059972
00059359
00041310
00064365
00024709
00062534
00023233
00072874
00020362
00088408
00080851
00075400
00068389
00067910
00042968
00036224
00024397
00057292
00047048
00038904
00017619
00078974
00087132
00069707
00051840
00099578
00014611
00052896
00061099
00033232
00036579
00067018
00088460
00026833
00093659
00044001
00066710
00099948
00053067
00073688
00023475
00043514
00056546
00033650
00072623
00011272
00039769
00014258
00074933
00055711
00077356
00015834
00010124
00015158
00058155
00080088
00042678
00082140
00024774
00050571
00054189
00058813
00051336
00021326
00016480
00098905
00019468
00082544
00086203
00013034
00011537
00068522
00022438
00042642
00076318
00028054
00097745
00086733
00079522
00049070
00094200
00078474
00043870
00039682
00063505
00055226
00082655
00029052
00040606
00089706
00088812
00018784
00098792
00041186
00045117
00026397
00015349
00014713
00028142
00010418
00019834
00084908
00087921
00049729
00017158
00078929
00017425
00098485
00031978
00085389
00073040
00059529
00025101
00040008
00019913
00088808
00067065
00095909
00020111
00047762
00079551
00038259
00097341
00038776
00094941
00096708
00074747
00070120
00085060
00069411
00096892
00017271
00056834
00025087
00073745
00016841
00095442
00093591
00054705
00070710
00079942
00048637
00032632
00036150
00086492
00031668
00054768
00022328
00083056
00059394
00050895
00060556
00024208
00045429
00072375
00071169
00041997
00044650
00047559
00034290
00070236
00028425
00010529
00071935
00093173
00089281
00021751
00073392
00052535
00044354
00070591
00024109
00021245
00046643
00096119
00046063
00055279
00061637
00044751
00057717
00028110
00010617
00052836
00051464
00060548
00016115
00043934
00051818
00018121
00091194
00049789
00028690
00053523
00069157
00067477
00023664
00087172
00029269
00061201
00049666
00043289
00026158
00051645
00077268
00051518
00012509
00055741
00096073
00022029
00048093
00028998
00056498
00050773
00020101
00044749
00053172
00080870
00077842
00074224
00057247
00033033
00092328
00060967
00055307
00094755
00023513
00089586
00046142
00052432
00092687
00090724
00086230
00026495
00076816
00055450
00027173
00039062
00083997
00091475
00093582
00015198
00070106
00019656
00065929
00088278
00092197
00089815
00060544
00048400
00014363
00050881
00028841
00033241
00043991
00030904
00073054
00026391
00052617
00077885
00088399
00088104
00099980
00079784
00049039
00047731
00068432
00084310
00013036
00024757
00048893
00097830
00093084
00067708
00039642
00025062
00030739
00046706
00032145
00048705
00072597
00085684
00052176
00033778
00048261
00095896
00014996
00045820
00086406
00075339
00037359
00069912
00061054
00073999
00068012
00032516
00051183
00037358
00087275
00042057
00049722
00093944
00044531
00064308
00022675
00017909
00025799
00074965
00042596
00039208
00018961
00027700
00034690
00050562
00058524
00078307
00038165
00034538
00012132
00073130
00087658
00081618
00014377
00030212
00088434
00019720
00024463
00088843
00087285
00093367
00072749
00010450
00021685
00042662
00034393
00020937
00063406
00064235
00077329
00086932
00045597
00079216
00037093
00022129
00051968
00051681
00062116
00054336
00041231
00075477
00031128
00049472
00071990
00074529
00099028
00090441
00080769
00010238
00028594
00069158
00024224
00067161
00026794
00017938
00082900
00057679
00017173
00066152
00080637
00088934
00074123
00098098
00026294
00058009
00018744
00090964
00047077
00015426
00078133
00078847
00013508
00041140
00046906
00012402
00052844
00075664
00071572
00032141
00062352
00018859
00059890
00050871
00063152
00030981
00076706
00053859
00048972
00071011
00068962
00021055
00010049
00062775
00069025
00013354
00069684
00043919
00091256
00023536
00051712
00047320
00047335
00080833
00018817
00080352
00038089
00074320
00066878
00040173
00029163
00046613
00093374
00031440
00026484
00058855
00065263
00044458
00048555
00039396
00045757
00062054
00095777
00017737
00027225
00092359
00034261
00032654
00050746
00071713
00029842
00065790
00097306
00051267
00067490
00026778
00070447
00011207
00078852
00067220
00077622
00083006
00074200
00022901
00067514
00087831
00034321
00098321
00086506
00049320
00084733
00034895
00078206
00080076
00013836
00011389
00039136
00082526
00019965
00021781
00092566
00083183
00093256
00051286
00063738
00036530
00050429
00039584
00074991
00067248
00090391
00017636
00037086
00071951
00026216
00075199
00031597
00085250
00034641
00047076
00017787
00089143
00041722
00032045
00050124
00030653
00079991
00084837
00062348
00070521
00011333
00096463
00095908
00016473
00017970
00094432
00057864
00050282
00074734
00031655
00032866
00020634
00031833
00014666
00099780
00028433
00098552
00050302
00043341
00033258
00072689
00081168
00096597
00030634
00066496
00096061
00076089
00016618
00099923
00073950
00056343
00065952
00038099
00046383
00095968
00061138
00068066
00070417
00074924
00051915
00010413
00026707
00015766
00027549
00073237
00039454
00065664
00052407
00046333
00099956
00094271
00042138
00032284
00077306
00065829
00053175
00053978
00032760
00048482
00056924
00068142
00031009
00010375
00045072
00056568
00067633
00011824
00073106
00036857
00066942
00077894
00061712
00057237
00024908
00073398
00067899
00035134
00097503
00044190
00070123
00072529
00091757
00083993
00053641
00059579
00015499
00055762
00083861
00011143
00037888
00019752
00089341
00072377
00093518
00043930
00053482
00097415
00086632
00098467
00016346
00064383
00090576
00024720
00061688
00077785
00094790
00054002
00056693
00094319
00047779
00036589
00038570
00040645
00049563
00037119
00067685
00027688
00093187
00082233
00059449
00043587
00040693
00047296
00033838
00043314
00066343
00025211
00032277
00050473
00049668
00018533
00025809
00049294
00073339
00048186
00044752
00044839
00072845
00094668
00077838
00094015
00029141
00031525
00095975
00051176
00037047
00048671
00088294
00027501
00054455
00059147
00060354
00020351
00048354
00044236
00098820
00066232
00035376
00057448
00087137
00069022
00023280
00059348
00076002
00063889
00096298
00066242
00045198
00018611
00084137
00074373
00050693
00042556
00044898
00031216
00072698
00034912
00060317
00052879
00035553
00089485
00063358
00044786
00089859
00014627
00097757
00037216
00078176
00040970
00087281
00058587
00067314
00099076
00064251
00073175
00033142
00079129
00035969
00034786
00017431
00012639
00018432
00068617
00086821
00021719
00028175
00050643
00058311
00041213
00042184
00060880
00012970
00035666
00015219
00046085
00060456
00035827
00047052
00019297
00060712
00042781
00067192
00045593
00080421
00065898
00040852
00090801
00052303
00053898
00023857
00057520
00084690
00025977
00056723
00078944
00029960
00025536
00092724
00037230
00017602
00071267
00097724
00053029
00032594
00092380
00090296
00083035
00036661
00049589
00087148
00061540
00051637
00088783
00065747
00070225
00046079
00053382
00037568
00084985
00047388
00094039
00029183
00070119
00081955
00029537
00061563
00045372
00096894
00065902
00015259
00016265
00020843
00034781
00033598
00079452
00098938
00011505
00042066
00067696
00082949
00055933
00076861
00081403
00033077
00048711
00059227
00098525
00015843
00014609
00074392
00043569
00092518
00066237
00065427
00072980
00026977
00014166
00053531
00058274
00032054
00032956
00057338
00085004
00046471
00076178
00092261
00068528
00091694
00023240
00086936
00078964
00021658
00075381
00038515
00082772
00039774
00017676
00026546
00017923
00093519
00026462
00024999
00082378
00011707
00051837
00076662
00034911
00078770
00081936
00037561
00070543
00045928
00023210
00060626
00091842
00029428
00019492
00067856
00052811
00069563
00010663
00039615
00040192
00043043
00011326
00064642
00094466
00061246
00024544
00069206
00080316
00066269
00093257
00041091
00044004
00082379
00052266
00030853
00038090
00071174
00032724
00033892
00030200
00063910
00083777
00011528
00093926
00026578
00092662
00071332
00028856
00061321
00038041
00014969
00043438
00097352
00010817
00028253
00059747
00086588
00083022
00068635
00036607
00080905
00025268
00078718
00025944
00057427
00044127
00038330
00046786
00027624
00033654
00094706
00029229
00031836
00023808
00036066
00031354
00032847
00095395
00073474
00071562
00032182
00033358
00021154
00016389
00018865
00030791
00031125
00023959
00062153
00044421
00034038
00096786
00023634
00060746
00052583
00047534
00086554
00059316
00062774
00099752
00075957
00042843
00058762
00015008
00091480
00072563
00059253
00047965
00063395
00014793
00076925
00039302
00078456
00046959
00090987
00084806
00065495
00093536
00064866
00042817
00034469
00040225
00012866
00046121
00034879
00056200
00054850
00032167
00073372
00044648
00018841
00063694
00096364
00019092
00064841
00071161
00093368
00084243
00059453
00098122
00052095
00042643
00073371
00020892
00038174
00033166
00059621
00077480
00013997
00053329
00036029
00042533
00032028
00032396
00083676
00022268
00062676
00057826
00039308
00050102
00010520
00077162
00055383
00041623
00049571
00062892
00012882
00034632
00033857
00036397
00041885
00014715
00020630
00075868
00043243
00073902
00052886
00060296
00061042
00050888
00047370
00030413
00016421
00037733
00084705
00017623
00067837
00087977
00027199
00050387
00072247
00029784
00018974
00019528
00025374
00021224
00098567
00029381
00017977
00079028
00035244
00099498
00080533
00079489
00081400
00043683
00066313
00090096
00020696
00060380
00066572
00022962
00019626
00065635
00067299
00079774
00065831
00050418
00091666
00011779
00034384
00057676
00067655
00038826
00068989
00050047
00032228
00023971
00028435
00096972
00093048
00023944
00026759
00083488
00061313
00085753
00018101
00056938
00095385
00055182
00070233
00055209
00031202
00023989
00022606
00037087
00059134
00022705
00077596
00021704
00059618
00049394
00079335
00052049
00041729
00060467
00093460
00092945
00062212
00059207
00089421
00024066
00075919
00047551
00092670
00016162
00057347
00055629
00091133
00098325
00049440
00098747
00051998
00012745
00095563
00062372
00023360
00026781
00089313
00043646
00047079
00052597
00021235
00035317
00062655
00076642
00048011
00044974
00027602
00027658
00088986
00068652
00085160
00052806
00032064
00070890
00050605
00044221
00046724
00013235
00064310
00029627
00037381
00036325
00023992
00027758
00048707
00034396
00016063
00019082
00082656
00063029
00061730
00062761
00031434
00038343
00054932
00040711
00027868
00061064
00064640
00086830
00058942
00053397
00017649
00030498
00012078
00093251
00048195
00061528
00018188
00095220
00018636
00086804
00027838
00018969
00073186
00073267
00091484
00014787
00079707
00091347
00063961
00069295
00066142
00028363
00089000
00090114
00090676
00047152
00069042
00037899
00044485
00052519
00070049
00044508
00050042
00044619
00074035
00060407
00028735
00036756
00050361
00052415
00030693
00055522
00073132
00049679
00024087
00065586
00087672
00036352
00034333
00012518
00012419
00071168
00080009
00087415
00078400
00039342
00064254
00016767
00022116
00088995
00020469
00049978
00013662
00031191
00060377
00059468
00053224
00054777
00069433
00036112
00086884
00012862
00022130
00098761
00077271
00034843
00065537
00075408
00016635
00033930
00028066
00048367
00026537
00052134
00075650
00028153
00080077
00043350
00031557
00066122
00071624
00062889
00079966
00025584
00054781
00094408
00055546
00092936
00014531
00023531
00033099
00059983
00061988
00092741
00060639
00053247
00031124
00031025
00039535
00079327
00014306
00076624
00068003
00014537
00088148
00062721
00064927
00063643
00050987
00067869
00097891
00082882
00020551
00041912
00033113
00063415
00015103
00073698
00023582
00065214
00073782
00041119
00018360
00072324
00039060
00037073
00043675
00038928
00099845
00047688
00088698
00055979
00095616
00041579
00041393
00015279
00019814
00056026
00069967
00070539
00072635
00083744
00033493
00064729
00098735
00078983
00072777
00040508
00068723
00072859
00020680
00082117
00079035
00053899
00056484
00027525
00053992
00045513
00080038
00045274
00037483
00067468
00083003
00010381
00026625
00015495
00011680
00087945
00036511
00014906
00016689
00042326
00026233
00021432
00064849
00010361
00054358
00049921
00090453
00024323
00064505
00096600
00080579
00010421
00062183
00063692
00017081
00086013
00095007
00078972
00022361
00044445
00016812
00086979
00099858
00057746
00043410
00037352
00081922
00036058
00023505
00052140
00037933
00050510
00031409
00091485
00037696
00044074
00088653
00075301
00055915
00047285
00024095
00011545
00069304
00091180
00063282
00028527
00088303
00096236
00078580
00062412
00097821
00097698
00071013
00080225
00043193
00053839
00053628
00091211
00025902
00016021
00082382
00092631
00088131
00036318
00017249
00034267
00056204
00081149
00029805
00053466
00053778
00079189
00031843
00048324
00071805
00017157
00078045
00098337
00034027
00060667
00056977
00021464
00080751
00086962
00090518
00045794
00045614
00040106
00058881
00018089
00032260
00068414
00063755
00037854
00042142
00026713
00096961
00037121
00013746
00081160
00022446
00064173
00011904
00010596
00071024
00076206
00019354
00049389
00059080
00087018
00046940
00056887
00019300
00035880
00012449
00082394
00027746
00010093
00093342
00086456
00015718
00013005
00030919
00041247
00018069
00046962
00082010
00050435
00052555
00074275
00064391
00023375
00064249
00038546
00054693
00051850
00050321
00023488
00040951
00071621
00041906
00085834
00013001
00088622
00033957
00066526
00028436
00035463
00035256
00033962
00089753
00084211
00096693
00048965
00045590
00048772
00094204
00018174
00093694
00070604
00039343
00018658
00063612
00048371
00031882
00072086
00033573
00060582
00041483
00055811
00010947
00097067
00087546
00031127
00055822
00037886
00036678
00069839
00051895
00021178
00091203
00043838
00047114
00091221
00013198
00029818
00093350
00015234
00071860
00014637
00031768
00053230
00014134
00094209
00055425
00082070
00067661
00096847
00063654
00047340
00065079
00071739
00036377
00084424
00076699
00025256
00077103
00016784
00095431
00026852
00051229
00016457
00099577
00076400
00084351
00024689
00084023
00040091
00049971
00099944
00036054
00095230
00069863
00071468
00079180
00069724
00027355
00024465
00046349
00084913
00076851
00020927
00042041
00023339
00097833
00099214
00075163
00031268
00080103
00018039
00058890
00011930
00092371
00087813
00076837
00042367
00064498
00074116
00072745
00063496
00028195
00093567
00036841
00023029
00070932
00048534
00079977
00066342
00064270
00024758
00079173
00090425
00076697
00013314
00051198
00012421
00043088
00044978
00044239
00073730
00048342
00043112
00016258
00058179
00041020
00045960
00011915
00043724
00085118
00085101
00019386
00081692
00095580
00023460
00033368
00038628
00019293
00090294
00069631
00056107
00089223
00078237
00049969
00029524
00033338
00093772
00018727
00058555
00011359
00021404
00031523
00030465
00082192
00053039
00023704
00091782
00033375
00047889
00012727
00086987
00097584
00062579
00033304
00040226
00090995
00081043
00040914
00095272
00052532
00080641
00032224
00061676
00095413
00067145
00016818
00079677
00069742
00043857
00065679
00067343
00087352
00059795
00062223
00088616
00089129
00045264
00065557
00038702
00024929
00037090
00076148
00062923
00041407
00051875
00078926
00023217
00099129
00073018
00010891
00087069
00058965
00051827
00045682
00024983
00093856
00098242
00088440
00030311
00095252
00066520
00069906
00048023
00078298
00088956
00084558
00020369
00011438
00044682
00047175
00053716
00093713
00032903
00011757
00074641
00064876
00091711
00078362
00079555
00012017
00020339
00091059
00076330
00087574
00024545
00073678
00041403
00090408
00017123
00015339
00065837
00076831
00044732
00050828
00071946
00015990
00082936
00044762
00064067
00028678
00030471
00029263
00085765
00018707
00052723
00081760
00036468
00066602
00082472
00095906
00093776
00058938
00022444
00056871
00098887
00038396
00018103
00027730
00078885
00047099
00020871
00085346
00089908
00087231
00079657
00080606
00073440
00073213
00053229
00067948
00082578
00013118
00083348
00035208
00089461
00085533
00040756
00085884
00012442
00040997
00072945
00055106
00059638
00064597
00067762
00070631
00099506
00068203
00057264
00042683
00073525
00062160
00040486
00078163
00047751
00070851
00037290
00084138
00075688
00062891
00038827
00065476
00027236
00041943
00091698
00061211
00068141
00043354
00018898
00098702
00044301
00097117
00033276
00031207
00095926
00062547
00082810
00042072
00038859
00016883
00043881
00085219
00051590
00089127
00075731
00054438
00076447
00051808
00031388
00025093
00086499
00081951
00049283
00038283
00092666
00065685
00030958
00013931
00028519
00069833
00051564
00021331
00091691
00063556
00091038
00050363
00040027
00057549
00012320
00068183
00029279
00078132
00035227
00010934
00057607
00018487
00092861
00010227
00028997
00023431
00028613
00028210
00074640
00024767
00038809
00032339
00087750
00080011
00092305
00044584
00010711
00073883
00049503
00060122
00075733
00037003
00068468
00088260
00065411
00062561
00020723
00076486
00013094
00030538
00041942
00099750
00045766
00070586
00025153
00054295
00015194
00077186
00089065
00060749
00098503
00078092
00064835
00070104
00081052
00031370
00027027
00050410
00034445
00052734
00094309
00031461
00059703
00064068
00079712
00064013
00062196
00036393
00092891
00044799
00027214
00039078
00085850
00075890
00022681
00079826
00062496
00038109
00022616
00045631
00041863
00046150
00084983
00066956
00040549
00031153
00033666
00023904
00086626
00044759
00029851
00059209
00034582
00096429
00081297
00065145
00099898
00015957
00035415
00047804
00029137
00058797
00048672
00064288
00032280
00075438
00068589
00046853
00044069
00070506
00091700
00097952
00076246
00072787
00073447
00059331
00080191
00083124
00053231
00052076
00083963
00082094
00034523
00060326
00033695
00073411
00092282
00085890
00047520
00057724
00017687
00065781
00047025
00043538
00080119
00010718
00062689
00058426
00032658
00081786
00071509
00093364
00061905
00096388
00029239
00092673
00017147
00075418
00051852
00021012
00023046
00076098
00056843
00055368
00038058
00032187
00048056
00070941
00054239
00076437
00022953
00056374
00035063
00063744
00080598
00097964
00079102
00066518
00027456
00091685
00090899
00052710
00082982
00096858
00084656
00038302
00081007
00074247
00010061
00069505
00011134
00062059
00073491
00036430
00011431
00020936
00027871
00043680
00078293
00059673
00031023
00038432
00035986
00047796
00077072
00021269
00031740
00015620
00015128
00085600
00042780
00072703
00062417
00038562
00018780
00087239
00066316
00031463
00094931
00056861
00032775
00031928
00081821
00030078
00038517
00095831
00061288
00081898
00010965
00067906
00041270
00062157
00059549
00094754
00091725
00098150
00047091
00077122
00046217
00053194
00077238
00019653
00092481
00041566
00095786
00069317
00066044
00072868
00049699
00025413
00017389
00052320
00097671
00058829
00063473
00086262
00091321
00010665
00047990
00054253
00012107
00025201
00047234
00062866
00030384
00039201
00060206
00048281
00092990
00079838
00060019
00016900
00050715
00080758
00064406
00069465
00037597
00031661
00037713
00035379
00039691
00075998
00067009
00089375
00033785
00072815
00097050
00035050
00067779
00029017
00011285
00076969
00072723
00051457
00056574
00054846
00011947
00027475
00087256
00093033
00021526
00011080
00049328
00068984
00024122
00020444
00039863
00073825
00012616
00023343
00091855
00077921
00068106
00065907
00012334
00081346
00033987
00078845
00072453
00071858
00064840
00022420
00073581
00075514
00053402
00021258
00063030
00029042
00030347
00062909
00042107
00028246
00028810
00089869
00075204
00045768
00050575
00080843
00028895
00032728
00050237
00068184
00013696
00094306
00043604
00056642
00098931
00094415
00059517
00091811
00053149
00080310
00082645
00093259
00044689
00064239
00093570
00055280
00023935
00091550
00024159
00087768
00028171
00071697
00073444
00035366
00022327
00018861
00083553
00062474
00078189
00080628
00029065
00073410
00072686
00029782
00042390
00088226
00025419
00064734
00094519
00052646
00055636
00028511
00092128
00028701
00062878
00047094
00057799
00085506
00052477
00052238
00075480
00099068
00056518
00064554
00046229
00074970
00083733
00074576
00037838
00022826
00020985
00010034
00034998
00050840
00095332
00077738
00028344
00044205
00038760
00037907
00067692
00013334
00043274
00076683
00061784
00091107
00044395
00051876
00051989
00058241
00098036
00021837
00032262
00046605
00070994
00014292
00035459
00024464
00019582
00013337
00051029
00057341
00086802
00013745
00038164
00021357
00028017
00055623
00058163
00039510
00071876
00043535
00050234
00047144
00074698
00037135
00061736
00070601
00026116
00036345
00062163
00034410
00064990
00056771
00018849
00018986
00035375
00014252
00072619
00019298
00085913
00041320
00092713
00017586
00043128
00010878
00083209
00013390
00029637
00039041
00057565
00037906
00068563
00066114
00081067
00095794
00041390
00050477
00012684
00012762
00016984
00070065
00073323
00061265
00053789
00092839
00081337
00025170
00039321
00026342
00016786
00080243
00085053
00092178
00087962
00020425
00038466
00039168
00014338
00043845
00094628
00074566
00059367
00033635
00038130
00089418
00023181
00061974
00031708
00021793
00056471
00075092
00048091
00097243
00042808
00097136
00091502
00051047
00015061
00065550
00084440
00043317
00092675
00029040
00032758
00019980
00063503
00034502
00057492
00068145
00022693
00030392
00019658
00038864
00077128
00080705
00082996
00058733
00047587
00053533
00089964
00059998
00069300
00028025
00078828
00086057
00092584
00059562
00027147
00072665
00014038
00080271
00044842
00062589
00067428
00023099
00019023
00060098
00087334
00098714
00098035
00044614
00098752
00046675
00015415
00032423
00089897
00057455
00059257
00062489
00026792
00064789
00042341
00065641
00063448
00062546
00093269
00055157
00063602
00011085
00044195
00083702
00064824
00064428
00060729
00082115
00062824
00077653
00028974
00051190
00052439
00059718
00018283
00082846
00098281
00037126
00015678
00074269
00095407
00067195
00090301
00040386
00016953
00018085
00099587
00045101
00041193
00094676
00066991
00053122
00036258
00069850
00053706
00048045
00064767
00066711
00068572
00098950
00022571
00047313
00042825
00040065
00047897
00094572
00053688
00047894
00043503
00033706
00035450
00035038
00026428
00047580
00078612
00083786
00075262
00037570
00080553
00071492
00096333
00031904
00015637
00067070
00030109
00011339
00038229
00055819
00080953
00029340
00028670
00024184
00055172
00073043
00096726
00061942
00019294
00094175
00082355
00058100
00024475
00098313
00041525
00052040
00055675
00021937
00092723
00039026
00018997
00011619
00070451
00015453
00061507
00094302
00048422
00066534
00079350
00065789
00017280
00033726
00048515
00038096
00018154
00025085
00022767
00057637
00087839
00014491
00030950
00016790
00019033
00033180
00048176
00017659
00016179
00091860
00041203
00046256
00070077
00057041
00011055
00039155
00035824
00029519
00068032
00020588
00075742
00070766
00070272
00088115
00090750
00016794
00071270
00050722
00030453
00045881
00068507
00070564
00056212
00046592
00080142
00029402
00057709
00029571
00052820
00051718
00084998
00080104
00014738
00058626
00086818
00085192
00041651
00068221
00031903
00039537
00056565
00023994
00018863
00015983
00031188
00017111
00029031
00011736
00044116
00033046
00079237
00010223
00047844
00072699
00085624
00028132
00026053
00091579
00088071
00045128
00049452
00099757
00080804
00019212
00046933
00024036
00013161
00042022
00033929
00068147
00081073
00091877
00029022
00049133
00047515
00019562
00012889
00052867
00021905
00067553
00044208
00023234
00030790
00085022
00056368
00098640
00015281
00019630
00073798
00018449
00035435
00021747
00045476
00088861
00021647
00064395
00052310
00058105
00060241
00087226
00087139
00025571
00050099
00053186
00072454
00055175
00041025
00015370
00094414
00084205
00057896
00010824
00073334
00092120
00014553
00084833
00089657
00088905
00042447
00080301
00067087
00068543
00092737
00060732
00034035
00096976
00038334
00074788
00080144
00014416
00029140
00074407
00099658
00020877
00030141
00028141
00048537
00043878
00075545
00029266
00061754
00064208
00077767
00071811
00016730
00029187
00081654
00043306
00028981
00070089
00097366
00021365
00065233
00024750
00019280
00058104
00024862
00032383
00041469
00064114
00087417
00026579
00091635
00031356
00099203
00065301
00016437
00047635
00072148
00020967
00065095
00018223
00015424
00020287
00077117
00048280
00070836
00090827
00083099
00078485
00054182
00054024
00037783
00077515
00083885
00098742
00070245
00010270
00098599
00025221
00065494
00052816
00049031
00073957
00044881
00076570
00062329
00048346
00070287
00090814
00072257
00086483
00093527
00077006
00036154
00055054
00011400
00011386
00065067
00080351
00073429
00078980
00091994
00013379
00041740
00094894
00091944
00030375
00091753
00044031
00044181
00096906
00089909
00043278
00032483
00011813
00066494
00072187
00074765
00095362
00034576
00017870
00031083
00080435
00042473
00013958
00049953
00024775
00059138
00022081
00086404
00038655
00059070
00043812
00071421
00060871
00077087
00010573
00018918
00018281
00099407
00097074
00042255
00044656
00022951
00017423
00097496
00023519
00035980
00057167
00067547
00066168
00053474
00078252
00062399
00072346
00041850
00078740
00077576
00050401
00095259
00016047
00018703
00039994
00015557
00080931
00099774
00066413
00080750
00088415
00026693
00025499
00074308
00029558
00096534
00021412
00042426
00062517
00060113
00021428
00055415
00041096
00068005
00087669
00097315
00018021
00078467
00015111
00052128
00079548
00066617
00019860
00089907
00086450
00096824
00099502
00046794
00082417
00086220
00061961
00086953
00045540
00086977
00065729
00044140
00034433
00088878
00092652
00072393
00058622
00025083
00024229
00024518
00023981
00071736
00010941
00031876
00071290
00068709
00042253
00029915
00096787
00094730
00076810
00067146
00030269
00037549
00086691
00031469
00071456
00015681
00085233
00083628
00023053
00037791
00084267
00015934
00095772
00057312
00017283
00078734
00084630
00039207
00025421
00065739
00063547
00077112
00055051
00051839
00049691
00034389
00020115
00045321
00057266
00029958
00016872
00019811
00026178
00011229
00045987
00027677
00061298
00018336
00018375
00093875
00098170
00072712
00091279
00054426
00096421
00081390
00036551
00053993
00026446
00036561
00073053
00085799
00071139
00096889
00056615
00066506
00075162
00081378
00017908
00016276
00063031
00012020
00049828
00095548
00064113
00019992
00080289
00094011
00053832
00098181
00022629
00022773
00058319
00018111
00080034
00047530
00082828
00098945
00049062
00073815
00014588
00077942
00019880
00066926
00049653
00046492
00084475
00089677
00084008
00064065
00028260
00056115
00088225
00064875
00040571
00074719
00085505
00057450
00030459
00094472
00065967
00062045
00049664
00039070
00067706
00083386
00037199
00013530
00043119
00041314
00071221
00094232
00056485
00058053
00092260
00015439
00073293
00021842
00020371
00054723
00084633
00064260
00099306
00066204
00081202
00079298
00034600
00084507
00020087
00072019
00095487
00084326
00018440
00045906
00057856
00035625
00065017
00039654
00023752
00013257
00046858
00023134
00057636
00046167
00027578
00020011
00075048
00052227
00090532
00068611
00057497
00044154
00034823
00022034
00028396
00024794
00035593
00064551
00093344
00081710
00048992
00080106
00071434
00045813
00087696
00087074
00091438
00041251
00075472
00035292
00048561
00026281
00022924
00048314
00072320
00071557
00062292
00041986
00052916
00013146
00069349
00070993
00086968
00027881
00061656
00048557
00068055
00066851
00020982
00018123
00023468
00081412
00071033
00022372
00039194
00069520
00073972
00092131
00059946
00022273
00083479
00086751
00086485
00021457
00095693
00080241
00074358
00020226
00050856
00094561
00019467
00062267
00023298
00044570
00095921
00035924
00072249
00054230
00032582
00064394
00077597
00069108
00060698
00039749
00082515
00036922
00033582
00098328
00031165
00034157
00083601
00088514
00092585
00040605
00036622
00074037
00034664
00041672
00071299
00055557
00094385
00021504
00010159
00054423
00047595
00056995
00041488
00011181
00031151
00032321
00020029
00062675
00034348
00088201
00096631
00013658
00072548
00081576
00056881
00040633
00067893
00069658
00083649
00043982
00024555
00088172
00075243
00054704
00073956
00092214
00032738
00067742
00060815
00056564
00075892
00035774
00015638
00099779
00043273
00082755
00040340
00033266
00013275
00057123
00048452
00035765
00068199
00012700
00048681
00093557
00084766
00028760
00042955
00036585
00071919
00097812
00060984
00022112
00047722
00022554
00063183
00072836
00023833
00051018
00077014
00092507
00068668
00026170
00021857
00073195
00011253
00093411
00030982
00061390
00020908
00097086
00021954
00073338
00074789
00066917
00081209
00058617
00082729
00093752
00057284
00036965
00090241
00066913
00071705
00013870
00075260
00071053
00097233
00044943
00092632
00036910
00042540
00033581
00066101
00024606
00080140
00093384
00063455
00046170
00024976
00083512
00058911
00029445
00060928
00024344
00016545
00011819
00023647
00086062
00055115
00099758
00037893
00043123
00025503
00042942
00034208
00057234
00078597
00071249
00043216
00071608
00017233
00055481
00088084
00056932
00038106
00012426
00090857
00092628
00059092
00065168
00078793
00065649
00038420
00019741
00055453
00080926
00034646
00042098
00061202
00081971
00084838
00019663
00034660
00048460
00098696
00039112
00093864
00060378
00074294
00030403
00040794
00010073
00074332
00081627
00069277
00064982
00054245
00014867
00047268
00073511
00011452
00035121
00045054
00062530
00099517
00081175
00029804
00088208
00022152
00040727
00062014
00013551
00010831
00034693
00099936
00038806
00019900
00090061
00010236
00095945
00029942
00082911
00075852
00012039
00041361
00025248
00089344
00032533
00012823
00042361
00048406
00055781
00077502
00012268
00026908
00024420
00030690
00056525
00077671
00093231
00096031
00064716
00054013
00022912
00062989
00074974
00046408
00092453
00060982
00011033
00087752
00079755
00036398
00093400
00095727
00046715
00022667
00077714
00036056
00035040
00042923
00050703
00076883
00091721
00013542
00097447
00063626
00020299
00045079
00023527
00023316
00099959
00038799
00028377
00064950
00013294
00063967
00071797
00063407
00032273
00063103
00087776
00018225
00080846
00073564
00035336
00011854
00050536
00036520
00021160
00075479
00011650
00036794
00048202
00058725
00065766
00021438
00024796
00021625
00088099
00013700
00034081
00081682
00044313
00081296
00037804
00055326
00091126
00064319
00083141
00091134
00039611
00041662
00057629
00041814
00093224
00086316
00044577
00073632
00092541
00037718
00024349
00010256
00050494
00019617
00033813
00052970
00085163
00026788
00090788
00027529
00052387
00015683
00079199
00019902
00098387
00060167
00040415
00030096
00070508
00010075
00028584
00081234
00039667
00079244
00026229
00029150
00043130
00060478
00015071
00068345
00027316
00049778
00099078
00094920
00051227
00021336
00090464
00036610
00067442
00064127
00064199
00019221
00027711
00058026
00084651
00037191
00053903
00016704
00062842
00049545
00090404
00046468
00096296
00027784
00021508
00079478
00082419
00077501
00059392
00064655
00069322
00065358
00061336
00099945
00031910
00079166
00050979
00079474
00058245
00016319
00025379
00018465
00028181
00086906
00037173
00026995
00087040
00033871
00096773
00032422
00020752
00034292
00040597
00090782
00049134
00082284
00099163
00065435
00030276
00047988
00018182
00077197
00083788
00057383
00052162
00098733
00082630
00087889
00072972
00080600
00084382
00079457
00075973
00052478
00020230
00017184
00018250
00098065
00034726
00037813
00097062
00081090
00048926
00060048
00049296
00078081
00028394
00025108
00052486
00058073
00083449
00063490
00031121
00082490
00078658
00093733
00038734
00047997
00036024
00059405
00014563
00026916
00042306
00063099
00014986
00022904
00031664
00013788
00026353
00076494
00015294
00046428
00028083
00025051
00023690
00066763
00010748
00072899
00017841
00011541
00018481
00010887
00082805
00088751
00090230
00090013
00026366
00013634
00034679
00064194
00011440
00060693
00083247
00075752
00080728
00048991
00030390
00080710
00015813
00031715
00045652
00074454
00020938
00014987
00027627
00031160
00056813
00096199
00071448
00038018
00010115
00077940
00032331
00039024
00031802
00068759
00032091
00024534
00062672
00035094
00034794
00043755
00041626
00093723
00042185
00051379
00021999
00080882
00072343
00091030
00048623
00065071
00034340
00085432
00066458
00066461
00060759
00041961
00076252
00090905
00045638
00011543
00024177
00034309
00068919
00032233
00038952
00059197
00047732
00048823
00072999
00025223
00065957
00055067
00072153
00053124
00063557
00011100
00073138
00063917
00071125
00096417
00040306
00081893
00065460
00063316
00097405
00034522
00074779
00018757
00078901
00085477
00077368
00015059
00042732
00061842
00093953
00027243
00074754
00050246
00033311
00019624
00016633
00048382
00054185
00069170
00076194
00035613
00080002
00053512
00054254
00088435
00059571
00085155
00018820
00061954
00099598
00023256
00091043
00025688
00020888
00033305
00076086
00080357
00078831
00014067
00063795
00063433
00019616
00031982
00098343
00020165
00075390
00028192
00012968
00087788
00070683
00027149
00034428
00063206
00081590
00026990
00055653
00074964
00010364
00046227
00036702
00062073
00089130
00093558
00037915
00084291
00084812
00047104
00076536
00028991
00045040
00063237
00068377
00034688
00050322
00078238
00091539
00093078
00036219
00093145
00083237
00062969
00062435
00020754
00098331
00090540
00092956
00024003
00034630
00095137
00096535
00055723
00068952
00019878
00088584
00034812
00032326
00067826
00032665
00016071
00090551
00010410
00064216
00055983
00017945
00045812
00038404
00069853
00085970
00077389
00065914
00036394
00046291
00044338
00068747
00022089
00046398
00040242
00098898
00029989
00096252
00070613
00012868
00054032
00047492
00041262
00092989
00058430
00032438
00024126
00086661
00097722
00012026
00032553
00052533
00043653
00037092
00020296
00050521
00084391
00084173
00095626
00069272
00072325
00069648
00010033
00059619
00048469
00035209
00061324
00024711
00056906
00062098
00075594
00036692
00024423
00048473
00041881
00096875
00072236
00010741
00072198
00081128
00042682
00095592
00086916
00026906
00039116
00080123
00077229
00023334
00084236
00024905
00061183
00091617
00094919
00025641
00017929
00044479
00038790
00015583
00096058
00042948
00096359
00069348
00034169
00011083
00090415
00018036
00035856
00025247
00056984
00031560
00098184
00028600
00059482
00080253
00080005
00042875
00045306
00088757
00015233
00052043
00059194
00023854
00085392
00069084
00054055
00084883
00056817
00073522
00050070
00081708
00049459
00070916
00016057
00010182
00035836
00050025
00093979
00085592
00053088
00090907
00021635
00067596
00041022
00077710
00037031
00091876
00062264
00079999
00071032
00040062
00095180
00099873
00086803
00051199
00097772
00027804
00039415
00086364
00022877
00029162
00093782
00069776
00078073
00071613
00091112
00067450
00052656
00086171
00031944
00046066
00067050
00084798
00030372
00045176
00023086
00033146
00095130
00017912
00029775
00074555
00055879
00052526
00013075
00088319
00027359
00012805
00056088
00037077
00075271
00056392
00029296
00076819
00055018
00041081
00035682
00030035
00046545
00042792
00037645
00028633
00026456
00089955
00098775
00094651
00033357
00030835
00042680
00078821
00047108
00095437
00017150
00081104
00039734
00053235
00017027
00018341
00079830
00033448
00056271
00089295
00068379
00085241
00057218
00083439
00049429
00073094
00019405
00053037
00083831
00034712
00071851
00078904
00052108
00044385
00043025
00072211
00074397
00014613
00019295
00072890
00099103
00092619
00082819
00050929
00018313
00040471
00024028
00067857
00011053
00017875
00092026
00066601
00015009
00082000
00012831
00031358
00040435
00094410
00025726
00012461
00056156
00019914
00064170
00038208
00084015
00061012
00081645
00085300
00071042
00036866
00029625
00070151
00029956
00040748
00029431
00018516
00052102
00070380
00055846
00032442
00083741
00053964
00071432
00087621
00027002
00024212
00092596
00067346
00098561
00035983
00088804
00049022
00094495
00029644
00046912
00012603
00016331
00023576
00026988
00093973
00087344
00076096
00038901
00034935
00022824
00080145
00092506
00082970
00070482
00031626
00027446
00028676
00026951
00070496
00041920
00056397
00038268
00082411
00054313
00095082
00017503
00097650
00085859
00028495
00089812
00078690
00075485
00019232
00032868
00044922
00045304
00062481
00034606
00027118
00096360
00047606
00099809
00056868
00029661
00050450
00048197
00011748
00046420
00067394
00070210
00026671
00019784
00012384
00049728
00035335
00035546
00070919
00095148
00061505
00012196
00013955
00033425
00066065
00023161
00092918
00075292
00011450
00083128
00082451
00018993
00036627
00038284
00063535
00050576
00067940
00081039
00044206
00092937
00070044
00060983
00012526
00098075
00098214
00065065
00017257
00011744
00060404
00046110
00074878
00011812
00027626
00079105
00069201
00055108
00021515
00058745
00010661
00016546
00053228
00049359
00028408
00086770
00021520
00080032
00099790
00084416
00085433
00066701
00038069
00042570
00073562
00062070
00088656
00073722
00019329
00069789
00029310
00045696
00088419
00086815
00038312
00070779
00097898
00092020
00040100
00092357
00082286
00095608
00062508
00082517
00057611
00035004
00059557
00085214
00033137
00024017
00013389
00050619
00019464
00077174
00050144
00051473
00063093
00091037
00074944
00098358
00074940
00086718
00054241
00077972
00099710
00032015
00066403
00058786
00055975
00028421
00069934
00039790
00081345
00021621
00014471
00024814
00031613
00022641
00044137
00019496
00059543
00015711
00038068
00083457
00082572
00024670
00020213
00066527
00026245
00044039
00076862
00078512
00098403
00073645
00047455
00072302
00052705
00032361
00027260
00087613
00055428
00063268
00034060
00024030
00027561
00084178
00030020
00097186
00038128
00038084
00085484
00043639
00057072
00019865
00028762
00040490
00012886
00054667
00073315
00071474
00010407
00017220
00023790
00031456
00055699
00019303
00064273
00019272
00066419
00037982
00063166
00040461
00069559
00094871
00065862
00060201
00011495
00079552
00057695
00080743
00085640
00062604
00074447
00061868
00055688
00076718
00062295
00040138
00061863
00042137
00045370
00036192
00019840
00065632
00097143
00095765
00087534
00029682
00026619
00057023
00048621
00063739
00028945
00060930
00029703
00095174
00090358
00016513
00046166
00065923
00071477
00067437
00082905
00092091
00096717
00019441
00038644
00043625
00081261
00077859
00014616
00070453
00078376
00036638
00084804
00022208
00088850
00020246
00029161
00062941
00080583
00055704
00058151
00042091
00097382
00058962
00028098
00056218
00040753
00018342
00093288
00076161
00039564
00033184
00012125
00051479
00054298
00076418
00030907
00070756
00087234
00062803
00070645
00032853
00023852
00094658
00026075
00050985
00055722
00055943
00036338
00013949
00030855
00079341
00064989
00061212
00091335
00040061
00028332
00065858
00032953
00025138
00097978
00068789
00060627
00037790
00022639
00065469
00010666
00013063
00018873
00064001
00032143
00045587
00016552
00054683
00022757
00042320
00037607
00045457
00055757
00010690
00033141
00036859
00083149
00068208
00062835
00036719
00043701
00094350
00082654
00087471
00066640
00012236
00067481
00089774
00095704
00091992
00030316
00016699
00052805
00077823
00091871
00066773
00085714
00060138
00056306
00030357
00034853
00045961
00060590
00011491
00058142
00020357
00039305
00019504
00039781
00057703
00070139
00040482
00023757
00046679
00027705
00076814
00095264
00032897
00011307
00028438
00042454
00043995
00047096
00033316
00044199
00071231
00043748
00049102
00095482
00070297
00038668
00018224
00034347
00040761
00034711
00044038
00044960
00027070
00024335
00066045
00054527
00039148
00021677
00041773
00069169
00086234
00043947
00099634
00096564
00022412
00075888
00059490
00056730
00063662
00084918
00016119
00091695
00052790
00074237
00050791
00054457
00092902
00064550
00049523
00025388
00015732
00067470
00027732
00087260
00096763
00046269
00090198
00059206
00077960
00080986
00018798
00058186
00090180
00056582
00022937
00056460
00020957
00081743
00092546
00018831
00058924
00028617
00074009
00094333
00077066
00034818
00043456
00042597
00025022
00071688
00069615
00064758
00076232
00075389
00044400
00064766
00089414
00098559
00036681
00018675
00046406
00096975
00042350
00055928
00011479
00036950
00080401
00050702
00079565
00075810
00018819
00055949
00086367
00096012
00034986
00020945
00065903
00090091
00011046
00095109
00087150
00012136
00072939
00054468
00075358
00015707
00013496
00056645
00073881
00021697
00024278
00080717
00097557
00056005
00056261
00091735
00057779
00065221
00044104
00097160
00024401
00013615
00072379
00084636
00040021
00091206
00044985
00053946
00080651
00061896
00060301
00035644
00092064
00070556
00015846
00090912
00067200
00019637
00077860
00071215
00067144
00060028
00037102
00051735
00062390
00039716
00096766
00037458
00075160
00084669
00038261
00058260
00059256
00025991
00098577
00049201
00086522
00076539
00092678
00081857
00032492
00051094
00093014
00092703
00055468
00027660
00037213
00015305
00096282
00075061
00033749
00060981
00097271
00088654
00065581
00031964
00090776
00078226
00024902
00055576
00025979
00045082
00076955
00035549
00014838
00024228
00095669
00061964
00010558
00033528
00091329
00021624
00051766
00062789
00022802
00085345
00047634
00098470
00086025
00063310
00097835
00015212
00039623
00037175
00071917
00020448
00066896
00090836
00040348
00066379
00040476
00038264
00078811
00082266
00062608
00052386
00071902
00077685
00029470
00072673
00094049
00056396
00082843
00091739
00049318
00030966
00071352
00026144
00035429
00099791
00090772
00058001
00014103
00052057
00039028
00059041
00013908
00071395
00028553
00076130
00098118
00056116
00013660
00051851
00052217
00034918
00050778
00027851
00056876
00034311
00021256
00067479
00055571
00020889
00095088
00083980
00036652
00033834
00080520
00024308
00084934
00034314
00048390
00019471
00022259
00041372
00027068
00056103
00071837
00028942
00051331
00065317
00031353
00036340
00053572
00013093
00070841
00071271
00022930
00042750
00030113
00065742
00036576
00046942
00011208
00016478
00085370
00095192
00072534
00085590
00085771
00068556
00031144
00096247
00089301
00080354
00064588
00066180
00025801
00015661
00078666
00088728
00039754
00020085
00077638
00030559
00080236
00029932
00090410
00080284
00082179
00081967
00020376
00067408
00075864
00066453
00011398
00015842
00020024
00080982
00061196
00029138
00096506
00095556
00079354
00023655
00016566
00063865
00055325
00044743
00091599
00082673
00039938
00037258
00028416
00050555
00095292
00079390
00074410
00088559
00059437
00034708
00031104
00055538
00046298
00079016
00052196
00051667
00089547
00076698
00021004
00085183
00091922
00043894
00044265
00090492
00061554
00094152
00040327
00015716
00019961
00068065
00017997
00087101
00083230
00087174
00041635
00047115
00040211
00074405
00013085
00035656
00055765
00028888
00055377
00052688
00027372
00057129
00015338
00098501
00090612
00069592
00067263
00099802
00075832
00031195
00061647
00013136
00056920
00072523
00094531
00027811
00015714
00054594
00013207
00088195
00097001
00051578
00086167
00058631
00050000
00093533
00066406
00051723
00092903
00033679
00073419
00035876
00046683
00039896
00047508
00051558
00078756
00060172
00026756
00028696
00076929
00050338
00010096
00046599
00040921
00039878
00096305
00024847
00031579
00039934
00047332
00097225
00067415
00045067
00051015
00027079
00048663
00050806
00027114
00068382
00098504
00083148
00051320
00079137
00061480
00010310
00033697
00055790
00046607
00041214
00025009
00091227
00083232
00073498
00023596
00064311
00097292
00095960
00023711
00081044
00022646
00058807
00076952
00048676
00042918
00018952
00056838
00098303
00037652
00030761
00015441
00062983
00095602
00082477
00062355
00035475
00091379
00014089
00039086
00036993
00049019
00053703
00025081
00085393
00075948
00070251
00097702
00034653
00032524
00076708
00097009
00084875
00068875
00073560
00041329
00081141
00095016
00028290
00081466
00027426
00021019
00086660
00065142
00035894
00027205
00085186
00095035
00096093
00092136
00037848
00035119
00037481
00098090
00024680
00048657
00039029
00072801
00021065
00018405
00075082
00081959
00056003
00024501
00096157
00022484
00036578
00016700
00029234
00073753
00076105
00048107
00088874
00023869
00037447
00018778
00022519
00027636
00014431
00057420
00065470
00046730
00018911
00097329
00096951
00017372
00037889
00058943
00098438
00042975
00093746
00053420
00098252
00015909
00074674
00062850
00040397
00053394
00074968
00070752
00020121
00043333
00071643
00028744
00053204
00090216
00088841
00075343
00096750
00058345
00035454
00069129
00047670
00093900
00072002
00080332
00085271
00048698
00043154
00017461
00089813
00015733
00011171
00062830
00094948
00074920
00072143
00094777
00056927
00027369
00026095
00048109
00082268
00055544
00039244
00058761
00028305
00024938
00045549
00077647
00016726
00036080
00069207
00015869
00076151
00078019
00061247
00035695
00092364
00060613
00045511
00071642
00051880
00094589
00076487
00057787
00012152
00039306
00038414
00082003
00027011
00042607
00098893
00090100
00057875
00025676
00040801
00042338
00021474
00079270
00041897
00066733
00096437
00025660
00012622
00021574
00010843
00029753
00085231
00092464
00081447
00037706
00052506
00047568
00024206
00035717
00063105
00073941
00051492
00025390
00095871
00082422
00041561
00065639
00073505
00085723
00054515
00091812
00092433
00050526
00018239
00066542
00047257
00048038
00083140
00025545
00070844
00052184
00031955
00088623
00073463
00069100
00092012
00051591
00020430
00079095
00095663
00088608
00080224
00096901
00039583
00023310
00031090
00074679
00052679
00062847
00079373
00093510
00075019
00073216
00025304
00087299
00082816
00010758
00081421
00062886
00051534
00094091
00020738
00082961
00014049
00027998
00065794
00035551
00065375
00049011
00042339
00088924
00086740
00037504
00031501
00067807
00048404
00039293
00052913
00074093
00044692
00039728
00058528
00034124
00026706
00041837
00080090
00037878
00037742
00045989
00070414
00011571
00073506
00064047
00080411
00050192
00035442
00086389
00028861
00091981
00086585
00052010
00026528
00089567
00083472
00053808
00064959
00064635
00079883
00047681
00040261
00091023
00074041
00074829
00045711
00017738
00020267
00041547
00036819
00055624
00037605
00069727
00059170
00037384
00072005
00072991
00021313
00025352
00040176
00063174
00080694
00034273
00084394
00010527
00064061
00092834
00037644
00078192
00084480
00049176
00041981
00055746
00017404
00011437
00032770
00033804
00012135
00071679
00065338
00088826
00063817
00056643
00094289
00016279
00091216
00011622
00048817
00086947
00049254
00035348
00076989
00039481
00073831
00015940
00039257
00026155
00046439
00058953
00045529
00044490
00074756
00077265
00066852
00055691
00097061
00095005
00043447
00031369
00082037
00022786
00051429
00031879
00058412
00054825
00094692
00085906
00040988
00013522
00023018
00097462
00024059
00099461
00073502
00046594
00027394
00036126
00091232
00028120
00038465
00097027
00080611
00033162
00015224
00068677
00093963
00044808
00075756
00034146
00015967
00028558
00035319
00010899
00091425
00025506
00084051
00010912
00063690
00028383
00040786
00011518
00088842
00068099
00068448
00039846
00011526
00087393
00042174
00028329
00043545
00013614
00035970
00036443
00022351
00075456
00012437
00087826
00061608
00077535
00050391
00061635
00041354
00029849
00033752
00045639
00044801
00059234
00083599
00071467
00038596
00085420
00058143
00072651
00010524
00099102
00085487
00051073
00098596
00011766
00050272
00081121
00086151
00031524
00054316
00091548
00034969
00025493
00085775
00080852
00076065
00035249
00024452
00060060
00050489
00073162
00082586
00053776
00079011
00072645
00030541
00036647
00041884
00062724
00041379
00038292
00071335
00093464
00044123
00049628
00071388
00090665
00065738
00077575
00012067
00068775
00036440
00012216
00066068
00047401
00036322
00014439
00078464
00074737
00085824
00066085
00094439
00054051
00062250
00059975
00086232
00041656
00094147
00027795
00031564
00020540
00028318
00053635
00055426
00048506
00099913
00087956
00042006
00015698
00041183
00083384
00090014
00080762
00087718
00079154
00043640
00087211
00077294
00045080
00065217
00087354
00081089
00075551
00043248
00044775
00070940
00010675
00077413
00078728
00037100
00052795
00041707
00094255
00059536
00068307
00070180
00089171
00016691
00025557
00016800
00022565
00064607
00067165
00051938
00029826
00015089
00074955
00010877
00077157
00034417
00016655
00061889
00059531
00094387
00083924
00059508
00061906
00069058
00086035
00073139
00046583
00060656
00012906
00050359
00098877
00057337
00099736
00067384
00027447
00048164
00097102
00080283
00011381
00081790
00063976
00034553
00084248
00089320
00059928
00070061
00079679
00046788
00030333
00041542
00058387
00040821
00070013
00092571
00074922
00081882
00021424
00084296
00019688
00017201
00030430
00072662
00032938
00020942
00061418
00090135
00086375
00037244
00078814
00068205
00060413
00048556
00055095
00071871
00095914
00024494
00090377
00077771
00027252
00013529
00012276
00021133
00064924
00032177
00066561
00079309
00077270
00063765
00091487
00013417
00030512
00010724
00035927
00024205
00034364
00013326
00085509
00090457
00074176
00024470
00058358
00097264
00012988
00014509
00015287
00096356
00038823
00078020
00059413
00027105
00032721
00093563
00014711
00042408
00082333
00098231
00049949
00048020
00031390
00047757
00073321
00055570
00097298
00037874
00075815
00031076
00086792
00026734
00010988
00076746
00096555
00072610
00016757
00056330
00011800
00027396
00093943
00038148
00050557
00034269
00038425
00020839
00020032
00048822
00072901
00026729
00089684
00062828
00018907
00059861
00067609
00046732
00086174
00088609
00052103
00050058
00023238
00071848
00092748
00010590
00082889
00027991
00083005
00096147
00037124
00046810
00016466
00086461
00068453
00083252
00074205
00097630
00055444
00083158
00021153
00083747
00041683
00066698
00067845
00048640
00097734
00036085
00053615
00041711
00055764
00092511
00075119
00022895
00047617
00071721
00087759
00085244
00098942
00055378
00083470
00044335
00074339
00036050
00090330
00059493
00026940
00018583
00097602
00036351
00041425
00075250
00015736
00038462
00074453
00028401
00076542
00032506
00019089
00017983
00034528
00020688
00053407
00036660
00035076
00084134
00045057
00017606
00036504
00045857
00046489
00033853
00032133
00097684
00072779
00085945
00077060
00030327
00044460
00036475
00035503
00066410
00042230
00044947
00033683
00075399
00082960
00048158
00071508
00081245
00067405
00016651
00021900
00060901
00042552
00072786
00099979
00079393
00015840
00093745
00018698
00088536
00072462
00099891
00017573
00021732
00093763
00064433
00098636
00056784
00074043
00084852
00088130
00037147
00054738
00099662
00060304
00014200
00043087
00026140
00019495
00065037
00082252
00023788
00068519
00037272
00015408
00095322
00010956
00081406
00069186
00091536
00045634
00098610
00082631
00026621
00093515
00041181
00053055
00036193
00052652
00052578
00061607
00055536
00077623
00099747
00073611
00010845
00063213
00028450
00085613
00015624
00048639
00046825
00022211
00086280
00043977
00024379
00038002
00079639
00067834
00090370
00049009
00020627
00072959
00012370
00054631
00041306
00025145
00072793
00043420
00098472
00067593
00088931
00013289
00062401
00021813
00073490
00079701
00071162
00011551
00081811
00021716
00028803
00083170
00088600
00011493
00020054
00098234
00088089
00078410
00041762
00034057
00079822
00045783
00014203
00024352
00038766
00027552
00012676
00043738
00030685
00077830
00052744
00050094
00083917
00020466
00091442
00086415
00079513
00066767
00018930
00017887
00070704
00042830
00065000
00035750
00073359
00077648
00012870
00031318
00044447
00056925
00025928
00062033
00054702
00024817
00035158
00045151
00022448
00096926
00080326
00073251
00027580
00063165
00022139
00094425
00070355
00041360
00097827
00074860
00083567
00097750
00044913
00055299
00035445
00089561
00094092
00014872
00077487
00077109
00013503
00063290
00070769
00066364
00037803
00023633
00080948
00090737
00025747
00029241
00095659
00038335
00011177
00059965
00050956
00026383
00048480
00067186
00010389
00049008
00041260
00082383
00012946
00082835
00075289
00062749
00011186
00020999
00052446
00036784
00033822
00037620
00055395
00059759
00059262
00049060
00023969
00047142
00029994
00040356
00033231
00080975
00098024
00085128
00048500
00052987
00099868
00091731
00027095
00041538
00038900
00027262
00040790
00090485
00031592
00097497
00064601
00055973
00028940
00079844
00035510
00020049
00030188
00015893
00060485
00070597
00089370
00049338
00031617
00024484
00093902
00056921
00011940
00082610
00023199
00070519
00070848
00053650
00015156
00017809
00038095
00069907
00039255
00020277
00047626
00026058
00081820
00024337
00094817
00095452
00038473
00094882
00029236
00047756
00081572
00064082
00093880
00034774
00011206
00082332
00052549
00080560
00053897
00077074
00035374
00050852
00093186
00067366
00097696
00049036
00043367
00088318
00044915
00025771
00040906
00019175
00035246
00016777
00094118
00011312
00050631
00014170
00080273
00098693
00063080
00093630
00093379
00018821
00046615
00065152
00036097
00038721
00077326
00050055
00090947
00036572
00045845
00075608
00012409
00068568
00011946
00088149
00074783
00050178
00074452
00024727
00053961
00035591
00019887
00012309
00057136
00024432
00011006
00025007
00014357
00010703
00088803
00040412
00020079
00067580
00015643
00036284
00056352
00027559
00022070
00081668
00037818
00075450
00061120
00053478
00038802
00071544
00039971
00074148
00044099
00084707
00018813
00092859
00069786
00061940
00086956
00032749
00056249
00091940
00014901
00010865
00088819
00060299
00022095
00071600
00047011
00041337
00035543
00050013
00049404
00070996
00043173
00036438
00082674
00018690
00072286
00025973
00026871
00018263
00086856
00059666
00020052
00081744
00039167
00025242
00093754
00031298
00053763
00080536
00059097
00028985
00026006
00050532
00052668
00068342
00095400
00092795
00049406
00030588
00026052
00074118
00053816
00026682
00014953
00040737
00055400
00051385
00091604
00027911
00080344
00082235
00068554
00087098
00025314
00070206
00037475
00016928
00011068
00030784
00066429
00082919
00078452
00055075
00019664
00054652
00010367
00043847
00010623
00094623
00021356
00090368
00078750
00057206
00057684
00099509
00055358
00072294
00041801
00083794
00017609
00061968
00018425
00097055
00070642
00054242
00062262
00064810
00099954
00077253
00053640
00092011
00082416
00073261
00064723
00075241
00053599
00084970
00029552
00087235
00088249
00015847
00094937
00067786
00010656
00061316
00055114
00060504
00022659
00015895
00048755
00098586
00021757
00040888
00049208
00054184
00029614
00072905
00081469
00069052
00083476
00060297
00013585
00039908
00097934
00017321
00030027
00014651
00043046
00034755
00013524
00031041
00076905
00082300
00022568
00037643
00076524
00043656
00072304
00072354
00044574
00056229
00085731
00046570
00063611
00053557
00056954
00050336
00093120
00047647
00051746
00039380
00075775
00064557
00073834
00031410
00039119
00078492
00015699
00043446
00098773
00013087
00083848
00013809
00018708
00032276
00045486
00018659
00043111
00020472
00036355
00079751
00010872
00067819
00014826
00059931
00033093
00014796
00023551
00033483
00015980
00091373
00088768
00080965
00072295
00022663
00015722
00038884
00066447
00088258
00025642
00013201
00015384
00061672
00078110
00048612
00057140
00078829
00082817
00099743
00055616
00019154
00027953
00071202
00044544
00086975
00058879
00088778
00087642
00071208
00076733
00058539
00064517
00057183
00097188
00070892
00052085
00037182
00093167
00040659
00061614
00077548
00042434
00026042
00091286
00072721
00072528
00083893
00082038
00070072
00075562
00018362
00012214
00068146
00025097
00017357
00055797
00086435
00029477
00094932
00097268
00069008
00014957
00019209
00067026
00018235
00089868
00042950
00096507
00033692
00022778
00037064
00033309
00031971
00075653
00024700
00079278
00095315
00054382
00039610
00017084
00032999
00014928
00014958
00044779
00065765
00032263
00048729
00050175
00028409
00075398
00066104
00092226
00086183
00045083
00084318
00019732
00027142
00032244
00093190
00021123
00027683
00033568
00027067
00061761
00088421
00014719
00063347
00025411
00065464
00036215
00030331
00040110
00037867
00036426
00082809
00015105
00026530
00083578
00060730
00035053
00086381
00056928
00090164
00028982
00016886
00025526
00025354
00025507
00069371
00071438
00079543
00013015
00097321
00013055
00018642
00076791
00072634
00060461
00078113
00015767
00050528
00096319
00071317
00023812
00083932
00084736
00061057
00095932
00087993
00088478
00085055
00097327
00030023
00043551
00093990
00035518
00025372
00070962
00053622
00073990
00026364
00095059
00031522
00069659
00022142
00092558
00031492
00054278
00083274
00020613
00016391
00092308
00093421
00072456
00035978
00093456
00096385
00011952
00014473
00041597
00085450
00042818
00023602
00038841
00056043
00046999
00051814
00081478
00064242
00034899
00094129
00079786
00052158
00076489
00018279
00034455
00077937
00030304
00041717
00095678
00028320
00079332
00085727
00061087
00052496
00052326
00054930
00058115
00093930
00026782
00045055
00068676
00079030
00033131
00043288
00022833
00095697
00079040
00020271
00043340
00078442
00046913
00022214
00013707
00094261
00089587
00025205
00044911
00092175
00072186
00085268
00052312
00032457
00022222
00037366
00088976
00027442
00095525
00047643
00063108
00078269
00092557
00090611
00046516
00061027
00055361
00057835
00037360
00086657
00088652
00099299
00023926
00028312
00033789
00059535
00064062
00083346
00022950
00091247
00073220
00027760
00091234
00077095
00071496
00097098
00070452
00028977
00013637
00043055
00026398
00096989
00016327
00081445
00035220
00046684
00068718
00068893
00018265
00024498
00086256
00082865
00097195
00068686
00085950
00014742
00021185
00079277
00061442
00067791
00028263
00096146
00097866
00096941
00031327
00089708
00054732
00080035
00027649
00069860
00095410
00073905
00090499
00067126
00025136
00075464
00091582
00072284
00016142
00069476
00023420
00037251
00090733
00060618
00074744
00059960
00034085
00050366
00076391
00070544
00030432
00055820
00069866
00030355
00047450
00034756
00032316
00061493
00061036
00045427
00061394
00092820
00013403
00052881
00040252
00017120
00029922
00067993
00028229
00053412
00014932
00023441
00050077
00026044
00073915
00092358
00051973
00077965
00023301
00026007
00054561
00059430
00021093
00022955
00068627
00033176
00091162
00044170
00084640
00063942
00035589
00046198
00017640
00053691
00042342
00040937
00073056
00099090
00014352
00026694
00026524
00042097
00050095
00059581
00057818
00049053
00091512
00072856
00092409
00040961
00030395
00048101
00099014
00076424
00050324
00028280
00053712
00050295
00077380
00096045
00050118
00069224
00042090
00088806
00018081
00013616
00055454
00074498
00099962
00042123
00099000
00016345
00036501
00058519
00071770
00053232
00092212
00084866
00097036
00046672
00093253
00040365
00081713
00072967
00082862
00044156
00021283
00029128
00033398
00011147
00070547
00014891
00050533
00098290
00050444
00045328
00055137
00069599
00078869
00087175
00070366
00074488
00039446
00031329
00098191
00047149
00025154
00097196
00065084
00026702
00068811
00093112
00026206
00024149
00018124
00012240
00091886
00038561
00069039
00044220
00086576
00051024
00021376
00029398
00013500
00084066
00018118
00094830
00089212
00033673
00096985
00085622
00047358
00057387
00049749
00085084
00079861
00060054
00014438
00029810
00093040
00033240
00045694
00084512
00080847
00041383
00072031
00039814
00034299
00064700
00062391
00071824
00067736
00080044
00018921
00063162
00045389
00053315
00016999
00046045
00072720
00068746
00040352
00090103
00065287
00050260
00068913
00050548
00062750
00083589
00050312
00053889
00049776
00095485
00083651
00022140
00037020
00033269
00055332
00029007
00066795
00036956
00011224
00080220
00068768
00069538
00025292
00081651
00050390
00083504
00038798
00043558
00083050
00081079
00078554
00060910
00051413
00039103
00097010
00048922
00031873
00030909
00021375
00028178
00044889
00037136
00095997
00035325
00090506
00065732
00087859
00073988
00063081
00099366
00086474
00051415
00098657
00096745
00069040
00076469
00014819
00082784
00055938
00066764
00067781
00098430
00083106
00010032
00087603
00046868
00093789
00071709
00034132
00044792
00012237
00013956
00026848
00082028
00088438
00062638
00066569
00088076
00011409
00080648
00060869
00035561
00066193
00043923
00076267
00063133
00083778
00044323
00073566
00056317
00061498
00083570
00062470
00026409
00035308
00031993
00063017
00066619
00048478
00097231
00084769
00077818
00072406
00047435
00080386
00016414
00078239
00087707
00063720
00048892
00063973
00065906
00061790
00026434
00065397
00053409
00028045
00066215
00018191
00093252
00085467
00030778
00021332
00081208
00032478
00055530
00015169
00026034
00066567
00086423
00061377
00039730
00014983
00036701
00070958
00040301
00017373
00070587
00099347
00094051
00071996
00099870
00026927
00045922
00060435
00068558
00023156
00096013
00060976
00038612
00098187
00045173
00019751
00066226
00079520
00080483
00085290
00082768
00090835
00034838
00084431
00037153
00040977
00035979
00038498
00010094
00028651
00013298
00095357
00031750
00092697
00071634
00023730
00027136
00051016
00084026
00022047
00065247
00071411
00088775
00036167
00071750
00021150
00058218
00015056
00095328
00022367
00075084
00071398
00092173
00038315
00080629
00075601
00032311
00080934
00032771
00085323
00098250
00056439
00043227
00040552
00011575
00039975
00019836
00092290
00099352
00098660
00079292
00080627
00047584
00037800
00087855
00094762
00052898
00094845
00049492
00024690
00043528
00033216
00023806
00085079
00067780
00015046
00073569
00044103
00048602
00095573
00028049
00052567
00044316
00073736
00097228
00072812
00014964
00053253
00067341
00062964
00038271
00093267
00077804
00012796
00084176
00055507
00011099
00078970
00089108
00051692
00085657
00054199
00075117
00018044
00070370
00057104
00025864
00076573
00058757
00033797
00023471
00040149
00039143
00061462
00021874
00036424
00053838
00059280
00038793
00065532
00045036
00047303
00069838
00095065
00033914
00022254
00017601
00083967
00079567
00096587
00021867
00062176
00095391
00067021
00078449
00083267
00092303
00044048
00037095
00019824
00044973
00042183
00018735
00068650
00028892
00095053
00051244
00099874
00099695
00095988
00092745
00067209
00082988
00026806
00069230
00050277
00083697
00079472
00095782
00088496
00058916
00014131
00090327
00026375
00021163
00086247
00082009
00011885
00080429
00010859
00078115
00054755
00014854
00048902
00092073
00027664
00037050
00086840
00031747
00022805
00063727
00044965
00071625
00045972
00060920
00061090
00073551
00039657
00022260
00042073
00097181
00096737
00091778
00069787
00086147
00035860
00014607
00057311
00075884
00095614
00095072
00064518
00062915
00063467
00034107
00019698
00025720
00097112
00051874
00061508
00051548
00069223
00069614
00078304
00062883
00094412
00010752
00029412
00067455
00046215
00048743
00018195
00048859
00072038
00071594
00013180
00024089
00062817
00082696
00077837
00019876
00015150
00095762
00029249
00041715
00026377
00027122
00074615
00044546
00078742
00098935
00056789
00016620
00032994
00035171
00062787
00070910
00038376
00020918
00013331
00088896
00062357
00065331
00023517
00037788
00037625
00085587
00081113
00012139
00081196
00090751
00061716
00035242
00081238
00090989
00090806
00096529
00032555
00035328
00016106
00010618
00013309
00033185
00098553
00058456
00025158
00084402
00053951
00065681
00074169
00084986
00098021
00014088
00092036
00090155
00015899
00010324
00063020
00027831
00053252
00062869
00034439
00047936
00090527
00064939
00047194
00026173
00012996
00050671
00047286
00037966
00047467
00074239
00049424
00040408
00028047
00053616
00027555
00016495
00075409
00082824
00020022
00072159
00076474
00055439
00050023
00093015
00055486
00010104
00062978
00074608
00053791
00011654
00099894
00017955
00024812
00033043
00080453
00041823
00022768
00093535
00077286
00087999
00098748
00063186
00024548
00028812
00029934
00065073
00039786
00074624
00041477
00015109
00069698
00053210
00036467
00015616
00087467
00021314
00016293
00056172
00094143
00074728
00029302
00074016
00024756
00096573
00015531
00029145
00058683
00021548
00081430
00068232
00074601
00022401
00016576
00076326
00070834
00055899
00057014
00021680
00019042
00087443
00058403
00037382
00023550
00094764
00015684
00027307
00037731
00014750
00063684
00097053
00028824
00053981
00097029
00017953
00043415
00077404
00096874
00085883
00076390
00065574
00085693
00022083
00061170
00055323
00040303
00018575
00015242
00011189
00034551
00089147
00019143
00069163
00033793
00094361
00044491
00089516
00056254
00087048
00077595
00022638
00041978
00097810
00036777
00077267
00075757
00024362
00011159
00018323
00075352
00062406
00077001
00043313
00075115
00026758
00074712
00084758
00061737
00070457
00046080
00017410
00076590
00038705
00080774
00095941
00040483
00089031
00022637
00088351
00084847
00015250
00093036
00043746
00029646
00020474
00067085
00017679
00042671
00080901
00062326
00060337
00095203
00085682
00093863
00093425
00069755
00040346
00046088
00011273
00038654
00064984
00040898
00052346
00039573
00025549
00066827
00055717
00040355
00087332
00047444
00024062
00040204
00062837
00054731
00072047
00041634
00052601
00098639
00014670
00017097
00050800
00075037
00066920
00021766
00071916
00055910
00021459
00016416
00075411
00018976
00099837
00029041
00050604
00052883
00066995
00083559
00046067
00092396
00087885
00015717
00091464
00029259
00083985
00042594
00042592
00083263
00048117
00025700
00017274
00023085
00079631
00031704
00055244
00068579
00051111
00051075
00079954
00040401
00047049
00051960
00024408
00082270
00041030
00016964
00021344
00092098
00049385
00040784
00095568
00078681
00042747
00057780
00061853
00060444
00021238
00089096
00014995
00023327
00046082
00040193
00054354
00040309
00025404
00017104
00020853
00018264
00070945
00061482
00068335
00035791
00050593
00089079
00052349
00020160
00075459
00016540
00054595
00027938
00022437
00055671
00050381
00070474
00087660
00090650
00028916
00015133
00049892
00012783
00027631
00084246
00037478
00023270
00028197
00037131
00041730
00068788
00025563
00054621
00071227
00019745
00034485
00040055
00098151
00056094
00036173
00026321
00023735
00017476
00063863
00012184
00094758
00097841
00011212
00017756
00029206
00023159
00038740
00043889
00063675
00022670
00021037
00017730
00060854
00026681
00099100
00064611
00079490
00088320
00085873
00030926
00089997
00037741
00062036
00054891
00062613
00012913
00087720
00097290
00061674
00055737
00059634
00038197
00081568
00021430
00061058
00069088
00026459
00058060
00067989
00030969
00067717
00089142
00039068
00083551
00026336
00031425
00072254
00061735
00016778
00082618
00016508
00036383
00060194
00076711
00073433
00069330
00032704
00063769
00065031
00063786
00091081
00060291
00040669
00029254
00056859
00095789
00038898
00089651
00072504
00095024
00033766
00073103
00052190
00018684
00037875
00051914
00066344
00075935
00075158
00099054
00040764
00065603
00048726
00069106
00086268
00093111
00053991
00016891
00055033
00010387
00012221
00094171
00016386
00011474
00046329
00099377
00068842
00042463
00015321
00091577
00057638
00021849
00026196
00015660
00039807
00072609
00057926
00093497
00019250
00012627
00059719
00022295
00020943
00088999
00074282
00070124
00068243
00030836
00082214
00075094
00053509
00096566
00089273
00029401
00055889
00043709
00044927
00041012
00039862
00081981
00047056
00062333
00052991
00050205
00098349
00077509
00082738
00041241
00088684
00094811
00029282
00080809
00037422
00055614
00091730
00031717
00019548
00023887
00039751
00087530
00027281
00069394
00039879
00095108
00080993
00063926
00030992
00075322
00062785
00080353
00064617
00056153
00051649
00029084
00095992
00057045
00063527
00034050
00074130
00090487
00021444
00038017
00036812
00048365
00078819
00055658
00067529
00098279
00048683
00093537
00098985
00027106
00055518
00023241
00035779
00046072
00047306
00044671
00054284
00027034
00063049
00073351
00052291
00091821
00021049
00062745
00066870
00014033
00099290
00036402
00066638
00043234
00052059
00026406
00052625
00055744
00037535
00099549
00016160
00084762
00077882
00017360
00066266
00084219
00092030
00057817
00090670
00022220
00011525
00058976
00058347
00029998
00048481
00069424
00063504
00049372
00015197
00064894
00073256
00073468
00018884
00082880
00030856
00078080
00080281
00094509
00025833
00039977
00082071
00047210
00022470
00022299
00032355
00072574
00079550
00018908
00084697
00089156
00014230
00077668
00087194
00088886
00034855
00015554
00094240
00044557
00036658
00092312
00036221
00034185
00069200
00046409
00067585
00086168
00046895
00084949
00060600
00013385
00088402
00097376
00010749
00066071
00023114
00072738
00033519
00036118
00048525
00060602
00022822
00042441
00035034
00059463
00065944
00092362
00068072
00046602
00038953
00065986
00038638
00090261
00085862
00010722
00078723
00010453
00092646
00056794
00023243
00088641
00074901
00019152
00026846
00047086
00054929
00020854
00079519
00021873
00075433
00061214
00074439
00082944
00046393
00048732
00053370
00088397
00049021
00068390
00039554
00065750
00058393
00024163
00012547
00028869
00083446
00056158
00053945
00076200
00080623
00067838
00091931
00092059
00090306
00075175
00066693
00049667
00036248
00027565
00054132
00031152
00081290
00061819
00029127
00042376
00058328
00073201
00036932
00086124
00090162
00031965
00071009
00060428
00095522
00058271
00078780
00089270
00063571
00067521
00013052
00033870
00074800
00094179
00037668
00081926
00026164
00039747
00020633
00096059
00012068
00056658
00060795
00057131
00062910
00022737
00063699
00088554
00013558
00039197
00014968
00041969
00056761
00054980
00040941
00025990
00080871
00096361
00050021
00053740
00054518
00074977
00098444
00096424
00074809
00017725
00076995
00073102
00067707
00093491
00066625
00055420
00066540
00099389
00087902
00035757
00088147
00064667
00099971
00080830
00091202
00087652
00011513
00070986
00070495
00065225
00062895
00038455
00075147
00032462
00056324
00047109
00076725
00081100
00024275
00072357
00033919
00075819
00083923
00081943
00082927
00063822
00091817
00016692
00063561
00043295
00030100
00022864
00032310
00072704
00028783
00025653
00069391
00056845
00023776
00046303
00061264
00063624
00096939
00010483
00087321
00016259
00023218
00059346
00097320
00056994
00090651
00013663
00056390
00089882
00017963
00060163
00097176
00087329
00026654
00078119
00067939
00073667
00047385
00093444
00055779
00057376
00014548
00035268
00030929
00041771
00014041
00050674
00085226
00036164
00072154
00078346
00074960
00038227
00034190
00022188
00069699
00074902
00069700
00042287
00041555
00031751
00090672
00029396
00084032
00012702
00052159
00066940
00045571
00054119
00061602
00039883
00076558
00069370
00053444
00032342
00062469
00021686
00080646
00046844
00066996
00069500
00018177
00045893
00042870
00025259
00044528
00072535
00036395
00053118
00065174
00060470
00075417
00059276
00013342
00097133
00069046
00098248
00014671
00021913
00041677
00078592
00026695
00093728
00051965
00084451
00017178
00063388
00096162
00020728
00030123
00078216
00046685
00076973
00099011
00043094
00026079
00020294
00057048
00045237
00059855
00089798
00050906
00081056
00025490
00076457
00075703
00019310
00044535
00089063
00032993
00059333
00046978
00040893
00021074
00070894
00077843
00055046
00014437
00093060
00095100
00065938
00081201
00017177
00079351
00069475
00025027
00098143
00078082
00084183
00056242
00014524
00084350
00061291
00029808
00097106
00029116
00098751
00074892
00018560
00090129
00074467
00092805
00021668
00061593
00058424
00066825
00085279
00052514
00075938
00034929
00027655
00066808
00045728
00028746
00034529
00038329
00096131
00069460
00065803
00094224
00049496
00057740
00032839
00037516
00099701
00019088
00065955
00038785
00093587
00018591
00063217
00096494
00025196
00072993
00028291
00092467
00013640
00099691
00097625
00017408
00032638
00062141
00086036
00021158
00051962
00082702
00041147
00062198
00024941
00043908
00054039
00017712
00053883
00045873
00063804
00018312
00030550
00092336
00030517
00095714
00069083
00068405
00046876
00064164
00071660
00074274
00062833
00097389
00025116
00070144
00038843
00019635
00071698
00085996
00086094
00040199
00097754
00078593
00016846
00082068
00069116
00078026
00061386
00041018
00074729
00069795
00077394
00041944
00094895
00021882
00080504
00016654
00035177
00013671
00022369
00057489
00077196
00049895
00051772
00048360
00041645
00041198
00043956
00047000
00022867
00029877
00043430
00094861
00046436
00037649
00063704
00059254
00034851
00061699
00087633
00021965
00072705
00065268
00091908
00017208
00012151
00080298
00098724
00060050
00021601
00096160
00021327
00032477
00064709
00088566
00086104
00059498
00041679
00048120
00092498
00059659
00020476
00094199
00011917
00085959
00075318
00070516
00061601
00039032
00084158
00071449
00042394
00077155
00021445
00058957
00089960
00072049
00065684
00068297
00090539
00050245
00034211
00083350
00097632
00062017
00041678
00076868
00012047
00071346
00098454
00058231
00025645
00066681
00059629
00019894
00087322
00032270
00045667
00081359
00013776
00049997
00096854
00040109
00024923
00086405
00028800
00072268
00073785
00042911
00031619
00056837
00065114
00085189
00092719
00045984
00020023
00026098
00067007
00023930
00079870
00047723
00086073
00052536
00064292
00020911
00075206
00064946
00040007
00094027
00028015
00054238
00082595
00055876
00073290
00067115
00093657
00096583
00020323
00021329
00038757
00091946
00022195
00089222
00048560
00069836
00038489
00059385
00066765
00081249
00090575
00030589
00022445
00057664
00038056
00017043
00028206
00024281
00095715
00051065
00095919
00033395
00060434
00042959
00064580
00070929
00047846
00053034
00048090
00067798
00086432
00097456
00037229
00020670
00011127
00095888
00062575
00030682
00033450
00066529
00020981
00017287
00051050
00077559
00077461
00062623
00038800
00018197
00032522
00072796
00065356
00053542
00089967
00075324
00095067
00094136
00033476
00081336
00057351
00079978
00096095
00027410
00013722
00084014
00073020
00020398
00065279
00076145
00018521
00029691
00021651
00063056
00011070
00050546
00043008
00073869
00018463
00010357
00080477
00092565
00048685
00048577
00045612
00094160
00087017
00045843
00064695
00064495
00020894
00095869
00060870
00014746
00086721
00016917
00033267
00045165
00073174
00048930
00028082
00030544
00097281
00073653
00021914
00052081
00081813
00086509
00027618
00090792
00043370
00022997
00056305
00029999
00082031
00067203
00049572
00026590
00087360
00020897
00040858
00076172
00045755
00078511
00045377
00085935
00073134
00010834
00075882
00032978
00030342
00050685
00050802
00026597
00040953
00018374
00021047
00015943
00010781
00061254
00088809
00080547
00049518
00013601
00055237
00031555
00037070
00074058
00030628
00018655
00069663
00013271
00025497
00078443
00092743
00068050
00033068
00090522
00067306
00068987
00027679
00092404
00027366
00057551
00051621
00017854
00072100
00045619
00050621
00036726
00069763
00085768
00080794
00058405
00020154
00041385
00030944
00044813
00061615
00044819
00086931
00011638
00088174
00043174
00032772
00030339
00064581
00063292
00019623
00096790
00044047
00040640
00086886
00093884
00090780
00074031
00079886
00026595
00021632
00042921
00033509
00035966
00014725
00063980
00016098
00070899
00096309
00030701
00089310
00034003
00022978
00082565
00074241
00029966
00099229
00037470
00024973
00092651
00059151
00070873
00068944
00084368
00058484
00042273
00065387
00059438
00046204
00083125
00013392
00092762
00024127
00074204
00026356
00080807
00071057
00018244
00065930
00098461
00058066
00054624
00075640
00026141
00085632
00014982
00012024
00091547
00050120
00035817
00040366
00010680
00070029
00074360
00059084
00059433
00033827
00036432
00050184
00094617
00067336
00044499
00031552
00032345
00090579
00085914
00050146
00083143
00021452
00030759
00062542
00023932
00032948
00011106
00065445
00053471
00063861
00068629
00099835
00087051
00082938
00076440
00089727
00089439
00098201
00048021
00093748
00018964
00060919
00080472
00030552
00054900
00066037
00044646
00093852
00068791
00011052
00010079
00069252
00086374
00065352
00031030
00068820
00058696
00021794
00020345
00010414
00018646
00064678
00082421
00087203
00091002
00075270
00052846
00020161
00072877
00071579
00074759
00028578
00035820
00050691
00049150
00060349
00081539
00028498
00065543
00030639
00087689
00039102
00096661
00093961
00081348
00048559
00053750
00048846
00080562
00095717
00052414
00079328
00026448
00030508
00098727
00016207
00040877
00064441
00051889
00015579
00012259
00068876
00072785
00078676
00075309
00061685
00024685
00011799
00054727
00046053
00023184
00084925
00089672
00029437
00080523
00017971
00063618
00026405
00056118
00064955
00095821
00060902
00087420
00051109
00051721
00080972
00029996
00058554
00071654
00075762
00019064
00099465
00077616
00094630
00067766
00090701
00066083
00042262
00034098
00023466
00010099
00044157
00020596
00057028
00092812
00085005
00048867
00079285
00031235
00056575
00021058
00078721
00017578
00097679
00087747
00017804
00014144
00013291
00013867
00023266
00050189
00036197
00022090
00076892
00024440
00051777
00071159
00032767
00013669
00080614
00049027
00030248
00091226
00091384
00026204
00095339
00094416
00095644
00022061
00084406
00080173
00046457
00082600
00099618
00079400
00086484
00058121
00079243
00031024
00080063
00087630
00064567
00054360
00063461
00071461
00044107
00056135
00018106
00072168
00080242
00075836
00050032
00091781
00099903
00053121
00043394
00079438
00039686
00072053
00030341
00044330
00022071
00028275
00044512
00051888
00062946
00024115
00018024
00072399
00058796
00052906
00080730
00048779
00094980
00067173
00075405
00058749
00083901
00018115
00075548
00014834
00082475
00011058
00013694
00068374
00087052
00036356
00050795
00095267
00058265
00023261
00040398
00057339
00025710
00051611
00055649
00062337
00051095
00029895
00058664
00081324
00069623
00078775
00070224
00047438
00070173
00076345
00065782
00054129
00019785
00035773
00072986
00044987
00078691
00041205
00091648
00054404
00056366
00085780
00092773
00068866
00021616
00010109
00076701
00034036
00082997
00062612
00088981
00082368
00078406
00056246
00015360
00042139
00093624
00055466
00063922
00044336
00068596
00042014
00033191
00043342
00059588
00025537
00044196
00068283
00045139
00069438
00019027
00084429
00021223
00087162
00029020
00099887
00046515
00058202
00071363
00035684
00011592
00020265
00028357
00074774
00016865
00049558
00091613
00094133
00080155
00021892
00090513
00054623
00097253
00092015
00065008
00022178
00036848
00015824
00079913
00010706
00071393
00092130
00051871
00075176
00060664
00021565
00050554
00065011
00047129
00039085
00083287
00088094
00072646
00023306
00037017
00038931
00097289
00042588
00044681
00019932
00024593
00010222
00062377
00091177
00015243
00061957
00036556
00081381
00091738
00081165
00049962
00072764
00039712
00057882
00021446
00021208
00019770
00060586
00071012
00054076
00096255
00012005
00039486
00086071
00078261
00030802
00035799
00035868
00042270
00032019
00048853
00049584
00019537
00048428
00087958
00027508
00055512
00030805
00092730
00045268
00037628
00089495
00050579
00085235
00070629
00049704
00061609
00077082
00010146
00063301
00089360
00047748
00021810
00098648
00011007
00049936
00059821
00019169
00080689
00046157
00098160
00062939
00023897
00078027
00099683
00079468
00032789
00059937
00083400
00040639
00071847
00059573
00093797
00040579
00027886
00056284
00087529
00021227
00037040
00059799
00035135
00064861
00099411
00093983
00079289
00015262
00069324
00094278
00076146
00041757
00053090
00023859
00078978
00085650
00063848
00096543
00016636
00060073
00056710
00020495
00010720
00060447
00072279
00065757
00051892
00036909
00056899
00099649
00021655
00050944
00085402
00088765
00095478
00071090
00013145
00037616
00076694
00027438
00042418
00016460
00043115
00058710
00084935
00012604
00020626
00051861
00097295
00055708
00085311
00046699
00033044
00091128
00030879
00089283
00053603
00088864
00065110
00018321
00038167
00056969
00071413
00022326
00043372
00010688
00090282
00041784
00093138
00028249
00028768
00022751
00052321
00085510
00091760
00089755
00030555
00057026
00028720
00075635
00030994
00071264
00099456
00079824
00074323
00026944
00075445
00066392
00030617
00078930
00080336
00059399
00035097
00030431
00052746
00060835
00019323
00057305
00025852
00018353
00047053
00097907
00079462
00098007
00018249
00059600
00066989
00025216
00021778
00032935
00045157
00022275
00055860
00016187
00095083
00076979
00093065
00049071
00072081
00099143
00085685
00040816
00077137
00033946
00050932
00093666
00095847
00017528
00034252
00097697
00048345
00078159
00064314
00068276
00097886
00086361
00044966
00092355
00057610
00036416
00092535
00096774
00052431
00083421
00051407
00098576
00024416
00039484
00082778
00057966
00093059
00054498
00048961
00095161
00024260
00073357
00010411
00039727
00017044
00012452
00096151
00087105
00096664
00022903
00091790
00064937
00076435
00018367
00082491
00018654
00052036
00047297
00074015
00094885
00012926
00055006
00086471
00075788
00065488
00014800
00029750
00057924
00067866
00012266
00051528
00032605
00078987
00022063
00084293
00062179
00045656
00077030
00023107
00070669
00096135
00010188
00069773
00088347
00067132
00027441
00068544
00011111
00021506
00079302
00022986
00043790
00040030
00039968
00043654
00062931
00031396
00072322
00033380
00040135
00099233
00065002
00027217
00066418
00017858
00087925
00024147
00078380
00040429
00053709
00016342
00073176
00078777
00089891
00023207
00091991
00029231
00033525
00081304
00077820
00072638
00038144
00097606
00017986
00048309
00013487
00068107
00037237
00077230
00011267
00078608
00051699
00099524
00075131
00037560
00039317
00088305
00057134
00023622
00055331
00081340
00099001
00059497
00092992
00085201
00028536
00049922
00013681
00041402
00086351
00048283
00056039
00028372
00099439
00033617
00069413
00059583
00035200
00051011
00032586
00065631
00080410
00073061
00099575
00072461
00058718
00059112
00068263
00016184
00093977
00010172
00045472
00079682
00020560
00082085
00022627
00048040
00025746
00076519
00044433
00015921
00088263
00083846
00010420
00034761
00045931
00076295
00057967
00086266
00013242
00089515
00085217
00083036
00062598
00029788
00086472
00090616
00062093
00022378
00042664
00062378
00059708
00018996
00078419
00060394
00050496
00093385
00027358
00016144
00025174
00094108
00027029
00078219
00073759
00082139
00056391
00056870
00031283
00056161
00099919
00052690
00087690
00095177
00077161
00055429
00062894
00064284
00090207
00071047
00013377
00012396
00030499
00091867
00047739
00068964
00020747
00083339
00034490
00080601
00033420
00091870
00019826
00085672
00023448
00091537
00043280
00026593
00084939
00080320
00096922
00087279
00021092
00022286
00017172
00068154
00013811
00045024
00080930
00086118
00063202
00062702
00092841
00033979
00065452
00050711
00022854
00083840
00081977
00022673
00057585
00020131
00025850
00035383
00044472
00046910
00062380
00086070
00037598
00074574
00081925
00019161
00082737
00017333
00031183
00043427
00021139
00015299
00048022
00092829
00056002
00020173
00096440
00081185
00057188
00069720
00082296
00067047
00073672
00078187
00030253
00038238
00017189
00018945
00096891
00026238
00082761
00063069
00099854
00063860
00093207
00075035
00027053
00081453
00067325
00046339
00051490
00059444
00031513
00044866
00074001
00030535
00053829
00027392
00015894
00036934
00016406
00043105
00094826
00068285
00028102
00075860
00051012
00015270
00068740
00094493
00058727
00028248
00052344
00064572
00050257
00089115
00032695
00088790
00065201
00037479
00013311
00052220
00025992
00015954
00080086
00080467
00039058
00033992
00010212
00054353
00078766
00078933
00046443
00026741
00076777
00043630
00034877
00088538
00029817
00084214
00076484
00072506
00024351
00081754
00030862
00034629
00071160
00073024
00054460
00031934
00079581
00047204
00090080
00083792
00073496
00029365
00046309
00083402
00080582
00054209
00012025
00013791
00088532
00091687
00077341
00011958
00074963
00043385
00073199
00012571
00053552
00020420
00056902
00021440
00086166
00099726
00093241
00016004
00035382
00039695
00013184
00038176
00025615
00031075
00057250
00063884
00087703
00084909
00098746
00025137
00077703
00089346
00056307
00063321
00054661
00029098
00022762
00044734
00042813
00017143
00053634
00060254
00075114
00048808
00054899
00080004
00044938
00037066
00068941
00016835
00017035
00017294
00073812
00032056
00063719
00085010
00013217
00080431
00091001
00089942
00056561
00091337
00028434
00080466
00040596
00032837
00024804
00050955
00072773
00072003
00081964
00097351
00060924
00072618
00042069
00094037
00066213
00062841
00067006
00061220
00084385
00092846
00076601
00082666
00032256
00070574
00027412
00099433
00032127
00049530
00017252
00063243
00047847
00085294
00030366
00029889
00021654
00035447
00085068
00042413
00034518
00080989
00033058
00092718
00033733
00060546
00049113
00070824
00064032
00032965
00085202
00019147
00036807
00094695
00028392
00077516
00041437
00082274
00048103
00089214
00043262
00079905
00061157
00045831
00033283
00036962
00014181
00012749
00041556
00015231
00067677
00092890
00091415
00059282
00098451
00083506
00086876
00027852
00049076
00085097
00044260
00078299
00073763
00013950
00052546
00055677
00075670
00057283
00068669
00036817
00021346
00060800
00083033
00057098
00034982
00064680
00012306
00027092
00040534
00074150
00067485
00032669
00073993
00056185
00030409
00097024
00086862
00078659
00058744
00098608
00072809
00023399
00024438
00071941
00017350
00050930
00036676
00042576
00023835
00091947
00062439
00018071
00044119
00069959
00098894
00093280
00072637
00088618
00010971
00077569
00074409
00065796
00060877
00018558
00073612
00058975
00063385
00040248
00078386
00010866
00019930
00019607
00065553
00070132
00087014
00025400
00082446
00078250
00024296
00098189
00047836
00092017
00075636
00086745
00094517
00077371
00043069
00065541
00060560
00033831
00074701
00011358
00032554
00054634
00056903
00057755
00056589
00041004
00041876
00081384
00068774
00071520
00082054
00087738
00090026
00039215
00052177
00074431
00017293
00057512
00022781
00088269
00048265
00011942
00085785
00013528
00063974
00051082
00088750
00049376
00083213
00065298
00021403
00048155
00048532
00010165
00088431
00023673
00080586
00055854
00077826
00086647
00090163
00080317
00096174
00081371
00019480
00096332
00035725
00076906
00068942
00051300
00079699
00027203
00098873
00070214
00087336
00039915
00011026
00054528
00060397
00052909
00077366
00070136
00063340
00046481
00094194
00090762
00020757
00057600
00097633
00079983
00062521
00065296
00090796
00021275
00052773
00054603
00061215
00046222
00032357
00029468
00091220
00078875
00082414
00047797
00092288
00030949
00045066
00099586
00055914
00037723
00053758
00098015
00089743
00026501
00087910
00036199
00078500
00069806
00020545
00051302
00016189
00089248
00020907
00039206
00078637
00042879
00094594
00025682
00025447
00023744
00061543
00024002
00088888
00090151
00040918
00046139
00053563
00036519
00068078
00056175
00050171
00061514
00026769
00079616
00037171
00088028
00093420
00019710
00023142
00024414
00019828
00036157
00060509
00034504
00087263
00073226
00021214
00063880
00034571
00068976
00096497
00080454
00093987
00034281
00083670
00074604
00018582
00063495
00012750
00039101
00087351
00011688
00040833
00089475
00070285
00022792
00050568
00077633
00050343
00045548
00098551
00046340
00079171
00079501
00059589
00051794
00056986
00087554
00086939
00091789
00033950
00087964
00053254
00075225
00020822
00032608
00071157
00063789
00097132
00076714
00013169
00094528
00060497
00085769
00068898
00069822
00051707
00045218
00085791
00021306
00041083
00054052
00072564
00076383
00031784
00040805
00088943
00058947
00072206
00089179
00089543
00037165
00025277
00011816
00016161
00064072
00071864
00064715
00047220
00081649
00029260
00029756
00081961
00060709
00090271
00010664
00086889
00045574
00033465
00044937
00052996
00059171
00026688
00040223
00093443
00029921
00065097
00068674
00076578
00022227
00051926
00075344
00029056
00075633
00047420
00087158
00027474
00048307
00087331
00070430
00087714
00093320
00059384
00049863
00042636
00044493
00028333
00028137
00051854
00043819
00037566
00052253
00015386
00092112
00081002
00060240
00094990
00039944
00095363
00063439
00029197
00074827
00045737
00063816
00099805
00019166
00053794
00054571
00027436
00050061
00055440
00073113
00036875
00041688
00065091
00084092
00060547
00058834
00024479
00087229
00067974
00033602
00044333
00089977
00092194
00079932
00066251
00069796
00012052
00045056
00073607
00015055
00084003
00075401
00063122
00047783
00034315
00085839
00030238
00045464
00017388
00051078
00095985
00013972
00042435
00087272
00078598
00025495
00024605
00038423
00032538
00094372
00031334
00025209
00067863
00026541
00069865
00083568
00056766
00050117
00011456
00049119
00022717
00053868
00054552
00019721
00040527
00038511
00020771
00097755
00058921
00056523
00032017
00018387
00027445
00037981
00021617
00093486
00064057
00059478
00024730
00078435
00043429
00030686
00093739
00068029
00010175
00070241
00066717
00044770
00031701
00040440
00076907
00034635
00030031
00036348
00076790
00011608
00056741
00016789
00058027
00046951
00047264
00049129
00029287
00086451
00011603
00041176
00043204
00032987
00087041
00031785
00048966
00034974
00071715
00061907
00088422
00093637
00088774
00072683
00089321
00094189
00026538
00070075
00046911
00016348
00097173
00044402
00069852
00065839
00085401
00059945
00074002
00079086
00061816
00081924
00076880
00089060
00063947
00068456
00018542
00012607
00021383
00063583
00076031
00064487
00050522
00029874
00045993
00084242
00089407
00077222
00096190
00096504
00026891
00042360
00050299
00094237
00090309
00063065
00072935
00096503
00028695
00030734
00086205
00027772
00064689
00087982
00059063
00084031
00011027
00043408
00037001
00065318
00019943
00092766
00062624
00026437
00054236
00043202
00011760
00097913
00087058
00080048
00035903
00025717
00060866
00074262
00051147
00033686
00079709
00050476
00064657
00012699
00076923
00040484
00031584
00053073
00079884
00021358
00065577
00024848
00056953
00040905
00095574
00095559
00058302
00021362
00067577
00098168
00078166
00078524
00020743
00059355
00072671
00045308
00023289
00067573
00073435
00073247
00081502
00081240
00034366
00012854
00044707
00041308
00026767
00049192
00058700
00029624
00014780
00038908
00038487
00017579
00020609
00028040
00036970
00082662
00018869
00098584
00064737
00094369
00081459
00096949
00041830
00063184
00081102
00059441
00096258
00061742
00044698
00068614
00066201
00011933
00047677
00078799
00052922
00046718
00087396
00085787
00077563
00029146
00052438
00082777
00062202
00045740
00013237
00098611
00046192
00040625
00054416
00090496
00070034
00015249
00085526
00048299
00070042
00011587
00018091
00086773
00089519
00062321
00066072
00017154
00050980
00092994
00043536
00014460
00067592
00054992
00095444
00078596
00069449
00031452
00018665
00072655
00037497
00030250
00089523
00067751
00080374
00033054
00088748
00064339
00022853
00039027
00016859
00075051
00061284
00082320
00092754
00017007
00019217
00024185
00019734
00033202
00044492
00035524
00071297
00049380
00047672
00086359
00092734
00048037
00098179
00099905
00046043
00099716
00033875
00077661
00012286
00010876
00035637
00052717
00031266
00049125
00079169
00095537
00010265
00077134
00039001
00022426
00051717
00053830
00020130
00061028
00071748
00050276
00049146
00074967
00012502
00046877
00047084
00023440
00028147
00099034
00092094
00061287
00088362
00069227
00032990
00088334
00059751
00041029
00021491
00042147
00025367
00054269
00072158
00068478
00024244
00087998
00043200
00091075
00063317
00032325
00022048
00055632
00061189
00066704
00032020
00032162
00014356
00087647
00056702
00079792
00098686
00069702
00082244
00065081
00093179
00097418
00051858
00075229
00097693
00016753
00096104
00058503
00098556
00099937
00078076
00022009
00048487
00087188
00068767
00067977
00047147
00022291
00049422
00021584
00070257
00068530
00023125
00050936
00015774
00022599
00050384
00082430
00028368
00090490
00035516
00035797
00062297
00020442
00071260
00013443
00058401
00028640
00029822
00084962
00013801
00017428
00086026
00046432
00069454
00092479
00023607
00091179
00020669
00099077
00028365
00011648
00041742
00088140
00028170
00036073
00066513
00066415
00043311
00083144
00034363
00059330
00024421
00070911
00012857
00043175
00089713
00054258
00076218
00052711
00025024
00021167
00025004
00079834
00043885
00054666
00039493
00060252
00029731
00019922
00069932
00078934
00080923
00023005
00078063
00099576
00047610
00016100
00051630
00082818
00012246
00029167
00051249
00092029
00089924
00052528
00059911
00029687
00035112
00095628
00089580
00028252
00083168
00053211
00011084
00036741
00095033
00067122
00053972
00083102
00049351
00065350
00072575
00064458
00098424
00057168
00093585
00082668
00093818
00076170
00051354
00067603
00017861
00062436
00095969
00081126
00092594
00021648
00083843
00022415
00060196
00067270
00039019
00074998
00033209
00047154
00084492
00034759
00065607
00018050
00084494
00060096
00045345
00029618
00062759
00055606
00084920
00029787
00035959
00021909
00017703
00080481
00017060
00095050
00092078
00071992
00011665
00092562
00013699
00083874
00062801
00020616
00063343
00073029
00032009
00054492
00037519
00055804
00023922
00043034
00030218
00066807
00039084
00031858
00056386
00016379
00039173
00065489
00010856
00029354
00096927
00065510
00037584
00025012
00070701
00056551
00070357
00041358
00062438
00061962
00054373
00078678
00077468
00075194
00066813
00072656
00029856
00014577
00046793
00023446
00055456
00098163
00058557
00059610
00014371
00012305
00034478
00093191
00057192
00027914
00046707
00083760
00056486
00022439
00069816
00011034
00031026
00057507
00074109
00068735
00039266
00011356
00035109
00073952
00043972
00086918
00028697
00035069
00051353
00091826
00025677
00013645
00016322
00088523
00058772
00024682
00015506
00030292
00050503
00057690
00041386
00024852
00086738
00089057
00083926
00080136
00054780
00058240
00090006
00055590
00061355
00056282
00029383
00066119
00082126
00082177
00032063
00018748
00083214
00035074
00042632
00087860
00044351
00074523
00087091
00097217
00037642
00011585
00017837
00089224
00015485
00044410
00019162
00041891
00014247
00011175
00058846
00073055
00061671
00052152
00096198
00074243
00093858
00091258
00010455
00091884
00098959
00038348
00018139
00058293
00088973
00018391
00049081
00049869
00062538
00058323
00026432
00064402
00060572
00079926
00054687
00085016
00017218
00083638
00033407
00053773
00063104
00057711
00095562
00053460
00010122
00023863
00084844
00053411
00086319
00032371
00067571
00061249
00021456
00036667
00049330
00038836
00071277
00033401
00066872
00027457
00022481
00076323
00051273
00063840
00036255
00076015
00014318
00094913
00010886
00064168
00037590
00098719
00093575
00061838
00014993
00071191
00083528
00064275
00098352
00031507
00099985
00086091
00022922
00018732
00033727
00047864
00039503
00079052
00097853
00054837
00083552
00036637
00029252
00094401
00093876
00050636
00017892
00082129
00026288
00013245
00060845
00050376
00052615
00028316
00055870
00033879
00088961
00088329
00089648
00042988
00083898
00088627
00028793
00075590
00072440
00031720
00087851
00072872
00088072
00088615
00081105
00030236
00062510
00046847
00068355
00078469
00065036
00073706
00027397
00081131
00038947
00086084
00099065
00036412
00037837
00038880
00038731
00035763
00047063
00083134
00063341
00050514
00069882
00077183
00075496
00039386
00050634
00080127
00019374
00028825
00024150
00043001
00090656
00035866
00057639
00019435
00089710
00077587
00048246
00091207
00021903
00064901
00085445
00072706
00074764
00029418
00010275
00033806
00069473
00051366
00083083
00048995
00010326
00080233
00084877
00036260
00068238
00075715
00045213
00023024
00084163
00068403
00079144
00049750
00090704
00082144
00030337
00081569
00073618
00046798
00037931
00088287
00063696
00076329
00076509
00070368
00061541
00044638
00078739
00021106
00024706
00064393
00023820
00095041
00044189
00080977
00010243
00033145
00012302
00063512
00021372
00039129
00099405
00027560
00085737
00065552
00067738
00079627
00071453
00049212
00081652
00025939
00055049
00023741
00071355
00057959
00037671
00099088
00011284
00086512
00016072
00073863
00042670
00052147
00023953
00099879
00020784
00099708
00078607
00042699
00098506
00044593
00058372
00014877
00023371
00046494
00083750
00013373
00095450
00084452
00090033
00035168
00034022
00031737
00087515
00032715
00096552
00099991
00017251
00040132
00020760
00074082
00012155
00065442
00050758
00023614
00088971
00043303
00037592
00066824
00096647
00028023
00048012
00053364
00044226
00035235
00018327
00028044
00071569
00020012
00056438
00038736
00086758
00019787
00065413
00022421
00035921
00033703
00026344
00058153
00011929
00078341
00077476
00077133
00095168
00016112
00073790
00020030
00073936
00041468
00061831
00024225
00040411
00024506
00053647
00072544
00079760
00057627
00061181
00078085
00087031
00019977
00091153
00075504
00077781
00071997
00017038
00081497
00066443
00027047
00055604
00042110
00095156
00056911
00022573
00061124
00040179
00087308
00012844
00043413
00050286
00042186
00015414
00090604
00049689
00027310
00062242
00064837
00091850
00048146
00074578
00034745
00069314
00048700
00035882
00050628
00020262
00043343
00045738
00054720
00075345
00086032
00029517
00022602
00013227
00021449
00054560
00062609
00050603
00082691
00079044
00023710
00053157
00097113
00092543
00038683
00013911
00069923
00066149
00067309
00044481
00032071
00081856
00090849
00010508
00039549
00069767
00098514
00074070
00019305
00017565
00098146
00028927
00091504
00063302
00064827
00060116
00034577
00060234
00035388
00081705
00063437
00093429
00027598
00031028
00084950
00032816
00083853
00034353
00063647
00052791
00050063
00031734
00013778
00036767
00070190
00089219
00074695
00044043
00098883
00059980
00077344
00097543
00064261
00074718
00042377
00044597
00012931
00072479
00031050
00030180
00030905
00017107
00022898
00036335
00024575
00087560
00020494
00024891
00055143
00066690
00016066
00089794
00034381
00058015
00033594
00076452
00049879
00049686
00024471
00099387
00077725
00032646
00020990
00081562
00019697
00051001
00054754
00025120
00087865
00078498
00022829
00066626
00092083
00080668
00064785
00082342
00040679
00096181
00072376
00078600
00026168
00056011
00091642
00056545
00054681
00016825
00034833
00092382
00033201
00044030
00052192
00014892
00073535
00052739
00021992
00081166
00035953
00016553
00021549
00071817
00053610
00079919
00046012
00095798
00015995
00018439
00037885
00018076
00093366
00077905
00030369
00033487
00099035
00050163
00042731
00031748
00090001
00041839
00089040
00032215
00065126
00046216
00017820
00034709
00025111
00088947
00014091
00027075
00025297
00021248
00035654
00027429
00066511
00019578
00061463
00058559
00039160
00051832
00024790
00052961
00044246
00063851
00050796
00093074
00047974
00043353
00059013
00052243
00069187
00037602
00053547
00071348
00017542
00081268
00035702
00028358
00056029
00010712
00096920
00050853
00056922
00087685
00023928
00089661
00069938
00082082
00051640
00048899
00054186
00073481
00051221
00092547
00024174
00029949
00088639
00027473
00019204
00018252
00098417
00012256
00032950
00051325
00076863
00031201
00016080
00089838
00051126
00069407
00080206
00086407
00017348
00038285
00021409
00061693
00019216
00014015
00095990
00028134
00012999
00057065
00093271
00045259
00090887
00038290
00046351
00066125
00092579
00031994
00096595
00046160
00063923
00063912
00055296
00063082
00029136
00055882
00013048
00077566
00087475
00074537
00058004
00065819
00057972
00035055
00094196
00068722
00035587
00010955
00034977
00091956
00018804
00028149
00086683
00083382
00068449
00069644
00030064
00076393
00026617
00060010
00091553
00083444
00076787
00059845
00012753
00075661
00092188
00021995
00062834
00065987
00076361
00080837
00083040
00014587
00040453
00064088
00029148
00023734
00073695
00055318
00078863
00091526
00077941
00045488
00063180
00015819
00042797
00047241
00015474
00031767
00089762
00071274
00041135
00089502
00026919
00062125
00025344
00098785
00078973
00045172
00060957
00062586
00011750
00096223
00065788
00078481
00010101
00039327
00070936
00076242
00019198
00059500
00099764
00033333
00099652
00028962
00038480
00078587
00060697
00088253
00094469
00041061
00019115
00024875
00065045
00012649
00052296
00015713
00078342
00021122
00092798
00035049
00081728
00041541
00043761
00069526
00073559
00079597
00070757
00094481
00031959
00095453
00067576
00077173
00057569
00096569
00060315
00034540
00061925
00073159
00092876
00039937
00046297
00086288
00042212
00079032
00067810
00025036
00037365
00031804
00011462
00018897
00060130
00056228
00027878
00034077
00094455
00048087
00051052
00046046
00046526
00096837
00070914
00025695
00041264
00043166
00056290
00077865
00088704
00048864
00097259
00036822
00020775
00051986
00010143
00096739
00081068
00079178
00053031
00098434
00084063
00051833
00071326
00016168
00025402
00095585
00081890
00019408
00060805
00032623
00016725
00076671
00084524
00040808
00021022
00087751
00028168
00061855
00094418
00089117
00079005
00028922
00013405
00034829
00048562
00050933
00036302
00012556
00027155
00086885
00049051
00037063
00020139
00075416
00010580
00096034
00085750
00067020
00059876
00072426
00019087
00038062
00019500
00085651
00084577
00098104
00021787
00059156
00039264
00049421
00020972
00065749
00023228
00096511
00078924
00016169
00016645
00069739
00049224
00088882
00044286
00079571
00041797
00043099
00072803
00057753
00090533
00054612
00016843
00030939
00096109
00019241
00012808
00057357
00037468
00047349
00066791
00042535
00032508
00058671
00041518
00056119
00019972
00078451
00060173
00035572
00051392
00046747
00018261
00079739
00012505
00099527
00056167
00012646
00088719
00096800
00097238
00016629
00096945
00045121
00041463
00080534
00028046
00080636
00014374
00091152
00052492
00076395
00034684
00066390
00039531
00071144
00035060
00047178
00083723
00053283
00013462
00088270
00017415
00036695
00043533
00075327
00020020
00023716
00095863
00077526
00043818
00065224
00054864
00036433
00051526
00080248
00049764
00084269
00094486
00061872
00096522
00039100
00016470
00091528
00086543
00077247
00037340
00036725
00067258
00030868
00096822
00084800
00010395
00067167
00065827
00044600
00062897
00019066
00034678
00050921
00062826
00080192
00020252
00048041
00061618
00014457
00094059
00017300
00093019
00072992
00036476
00073604
00035875
00020781
00027855
00091422
00080622
00067312
00043544
00062767
00013415
00072798
00024911
00019650
00044944
00095595
00089207
00055749
00040699
00051362
00080256
00046632
00087827
00067716
00010731
00076266
00071004
00083301
00045002
00066746
00066829
00080442
00046044
00093769
00083686
00052142
00098833
00026102
00011328
00054392
00043304
00012829
00048597
00063826
00087343
00042074
00084052
00059784
00015981
00061616
00096407
00037179
00014461
00089005
00020333
00065619
00065264
00059296
00071192
00032407
00029721
00083061
00095344
00025895
00019153
00056623
00089378
00024524
00094390
00076800
00094156
00039708
00049644
00060847
00048570
00026720
00084302
00068833
00093653
00053820
00022600
00023892
00010619
00058914
00039696
00045485
00029790
00073430
00078761
00083501
00059608
00085342
00065713
00078279
00043515
00096902
00065349
00090584
00017063
00033940
00044975
00022478
00045331
00049694
00093577
00048472
00027671
00072599
00018935
00041315
00067563
00051727
00089299
00089644
00098030
00073184
00053524
00044908
00043488
00017116
00022236
00070473
00045579
00059058
00020484
00076270
00029142
00071340
00044670
00030523
00040155
00068595
00065108
00018829
00055964
00058099
00022965
00059745
00063522
00023768
00023547
00064918
00039063
00093882
00024793
00014268
00056734
00098370
00069603
00021483
00054130
00088660
00059420
00099120
00082715
00037406
00028283
00098334
00029053
00078541
00057775
00093307
00037227
00052662
00065519
00023697
00038640
00032859
00065014
00071538
00088265
00085178
00031078
00016983
00068207
00049878
00069240
00031888
00098570
00085014
00025634
00051525
00029262
00071322
00032563
00046437
00099376
00011350
00061132
00070588
00081216
00031658
00094715
00075483
00075596
00046770
00036486
00013122
00015200
00052409
00079669
00035991
00091024
00052340
00068966
00037617
00031246
00018451
00098997
00095470
00078168
00015809
00070832
00018579
00084536
00088286
00094218
00055127
00057743
00092997
00087571
00071045
00067758
00053983
00066356
00084405
00014385
00091118
00067197
00030388
00089173
00017444
00025901
00091460
00029379
00061670
00083324
00090770
00024885
00044549
00022146
00080176
00041947
00081608
00052319
00019730
00043308
00053845
00055729
00040388
00032265
00073885
00086186
00013606
00033295
00064106
00025067
00011424
00079798
00094381
00010024
00079578
00024567
00036663
00016030
00081847
00057036
00019400
00037548
00060390
00020300
00080296
00062184
00059624
00095518
00046200
00040860
00062996
00040113
00034197
00041435
00018731
00097084
00097087
00019223
00075104
00029964
00037574
00030125
00057749
00039105
00047038
00020678
00017689
00060679
00056182
00078656
00017168
00037324
00062171
00031141
00045206
00071927
00029939
00089416
00067324
00050826
00098975
00055599
00055403
00027571
00058995
00095631
00084606
00028684
00025474
00061762
00015534
00041322
00047845
00059869
00010271
00074427
00099666
00066433
00041633
00069247
00085810
00024823
00019239
00023688
00019563
00079439
00021148
00031991
00029389
00045821
00014096
00085998
00053296
00050153
00021363
00047093
00042634
00012655
00094420
00035352
00056427
00061137
00052855
00015391
00075693
00026684
00076600
00011609
00064690
00086793
00010412
00011263
00013138
00014314
00053010
00039272
00024827
00064920
00034946
00067446
00061225
00099493
00034166
00014622
00033488
00037443
00022923
00047338
00045872
00012930
00059096
00078011
00096402
00022172
00097577
00073981
00048887
00071392
00038076
00019907
00096226
00071596
00082341
00089241
00074691
00076269
00024669
00044929
00042272
00012714
00041271
00035554
00051934
00056401
00047769
00059768
00051195
00043362
00099773
00028001
00071302
00017706
00080217
00038224
00059576
00098513
00024582
00075273
00029876
00031847
00090009
00066881
00022497
00078438
00069155
00052451
00063676
00092542
00057887
00027587
00094482
00062870
00067815
00075490
00048355
00025028
00078104
00025355
00025042
00088555
00057173
00043017
00017047
00056216
00034080
00031546
00047121
00079820
00072594
00016666
00065943
00019296
00052084
00075634
00060830
00080488
00050907
00058598
00013992
00037546
00010717
00078583
00078255
00075934
00084133
00011116
00016684
00030149
00057593
00051983
00055276
00070431
00022452
00050961
00024821
00054314
00079238
00060579
00022364
00045438
00050167
00081402
00098121
00012082
00078173
00089722
00069503
00099148
00054945
00079517
00092783
00074080
00022409
00029568
00091073
00088957
00013935
00010209
00062013
00011914
00088192
00010795
00065357
00088770
00091723
00091330
00095060
00044398
00073893
00029771
00016758
00074085
00074623
00010903
00077754
00017724
00090935
00060683
00045877
00028541
00019485
00098452
00070793
00079733
00035023
00013453
00050635
00048576
00069355
00067830
00069495
00031567
00036835
00055672
00056612
00011668
00041857
00055826
00068553
00057029
00088827
00026026
00053079
00052787
00044020
00094032
00040666
00025435
00061665
00075854
00071723
00098823
00031046
00066210
00029182
00092707
00031473
00099998
00095800
00051599
00068176
00055169
00074505
00082017
00028104
00046898
00066682
00078967
00080491
00076332
00011557
00017811
00038811
00025241
00083986
00084750
00055906
00066504
00050524
00075432
00082538
00054095
00075902
00098243
00021059
00038052
00078966
00056960
00033415
00059183
00023442
00069744
00027013
00057304
00040437
00049734
00089126
00083722
00036082
00039819
00041621
00098466
00016224
00016656
00091879
00061552
00059315
00026732
00025310
00065850
00038251
00068672
00062398
00098952
00020611
00091574
00024350
00031656
00094421
00024348
00085663
00066986
00055039
00064201
00014153
00055665
00031714
00021050
00026994
00012250
00054579
00030060
00010836
00057540
00059272
00044072
00077868
00010668
00027378
00065100
00095692
00044678
00071151
00058531
00040897
00013179
00097137
00014589
00085836
00084006
00096820
00095077
00023868
00049360
00039267
00042075
00076634
00016836
00014208
00068539
00086076
00042026
00038611
00050440
00073689
00012181
00065243
00046891
00081332
00012634
00053702
00076667
00045514
00050364
00092746
00061763
00049596
00050622
00013470
00068551
00085092
00037362
00020517
00093487
00077601
00066980
00026333
00090627
00095132
00067260
00096619
00052330
00073666
00065877
00077403
00080115
00038241
00057559
00040005
00087880
00055847
00041668
00068412
00071725
00075734
00098271
00011794
00093824
00050043
00058363
00042104
00095707
00064296
00081376
00045239
00087657
00067174
00063168
00023293
00061589
00087130
00088710
00032878
00017539
00083362
00043895
00089125
00090674
00036290
00058910
00074419
00084747
00011994
00089599
00093446
00045397
00096921
00081913
00080377
00091077
00029743
00049189
00080195
00038269
00092487
00092907
00075030
00051234
00012342
00082968
00050865
00023617
00096074
00062720
00078057
00068798
00046286
00060283
00083691
00057374
00047330
00080895
00024640
00033704
00010225
00071799
00084299
00040535
00062056
00065265
00052772
00013561
00061958
00069807
00099552
00061600
00024306
00090140
00087668
00072797
00062080
00021602
00022753
00053403
00035239
00033360
00047962
00014388
00069334
00019317
00056668
00077342
00091927
00036842
00024520
00042334
00013412
00025000
00020837
00052289
00048805
00034787
00051180
00035650
00013739
00067223
00068846
00017866
00053654
00014209
00076696
00064359
00029204
00059760
00047206
00044059
00014045
00049483
00041772
00018320
00058481
00094366
00055959
00089825
00046276
00035115
00063139
00098297
00081226
00093903
00064536
00072527
00014183
00066475
00070406
00075461
00071487
00095010
00049333
00098529
00068253
00080292
00077151
00079623
00077460
00035029
00082492
00035264
00036055
00030483
00062491
00024752
00064503
00060217
00011497
00097355
00066720
00034937
00027531
00031896
00026159
00019540
00032988
00070276
00099799
00029928
00075173
00085830
00085659
00017529
00095566
00067139
00021338
00037528
00087333
00049924
00040289
00081508
00038471
00082219
00055556
00030605
00063844
00096974
00018147
00086742
00060893
00090208
00070987
00084856
00035747
00064537
00073047
00093615
00082999
00086921
00014195
00040655
00021997
00030500
00035150
00060540
00083091
00085249
00014963
00085220
00024215
00073758
00084862
00073711
00028706
00083612
00057261
00025065
00065648
00080949
00076491
00049204
00011814
00085436
00037128
00018291
00068714
00061812
00022595
00091418
00078167
00064575
00094686
00014712
00016743
00097000
00028655
00032399
00049207
00048462
00026031
00085458
00035157
00066381
00032885
00037283
00098288
00051702
00017299
00056912
00038518
00055916
00089600
00077530
00073548
00095258
00048438
00084650
00056075
00027297
00055970
00064272
00052608
00046011
00087794
00057747
00079835
00059203
00080187
00080407
00024647
00028951
00041250
00024263
00013364
00078661
00090112
00015037
00078289
00091349
00050962
00034722
00071334
00022607
00025856
00093296
00091709
00059793
00088196
00084624
00072341
00071604
00049939
00078615
00087063
00056560
00062177
00044359
00058006
00063938
00051002
00027638
00098990
00020238
00039013
00020384
00074446
00028464
00085387
00018714
00068598
00023925
00036694
00010517
00031111
00082120
00089619
00015706
00069492
00081278
00060888
00088674
00044432
00063911
00025963
00031414
00095809
00097103
00076441
00016341
00067776
00033539
00044215
00070109
00021869
00030579
00026028
00055436
00090212
00049781
00086215
00085006
00070099
00050126
00083577
00061542
00099328
00099206
00079863
00018305
00049544
00052868
00095329
00035279
00048492
00079633
00090376
00015337
00055416
00051351
00095157
00066575
00056383
00021490
00027547
00073922
00084729
00048852
00080981
00031586
00098059
00010423
00036542
00040098
00067971
00026930
00043371
00012120
00088105
00092285
00055349
00015440
00080060
00053452
00087996
00066649
00076596
00062341
00056720
00038762
00033238
00068357
00077456
00040638
00031303
00011044
00018008
00099330
00088659
00063656
00083027
00094556
00052957
00068593
00013124
00066850
00034207
00022333
00035537
00076381
00080379
00011465
00024093
00039336
00025035
00012715
00064233
00094395
00064543
00010510
00042327
00028629
00022733
00080497
00057950
00071938
00064424
00094473
00029707
00088935
00044631
00095166
00018170
00099335
00063097
00027543
00098780
00038370
00099952
00042224
00061046
00013531
00024792
00010603
00034237
00053581
00079771
00074791
00076655
00040140
00083034
00030529
00041204
00014027
00039835
00031938
00029553
00027567
00050992
00075370
00075725
00051433
00079594
00071861
00017618
00022374
00031292
00090074
00094103
00077370
00037826
00096641
00027699
00087545
00070523
00078504
00079660
00051878
00065988
00013844
00063824
00059221
00073246
00076224
00039888
00042866
00027498
00093142
00053608
00063091
00019054
00048606
00074731
00068076
00011965
00011477
00083437
00046061
00047164
00021567
00010467
00040545
00081546
00015904
00095342
00093711
00087892
00091891
00026751
00084773
00082665
00071248
00059034
00023229
00088358
00012290
00091248
00094703
00045116
00020080
00012029
00040710
00080990
00085868
00027539
00073995
00090920
00033976
00092263
00084002
00080252
00019039
00018931
00022451
00064616
00020128
00059046
00087853
00060807
00033323
00061694
00042973
00040745
00099631
00069874
00090740
00054166
00070358
00010636
00088075
00090111
00073664
00041948
00069687
00022952
00010599
00098656
00062484
00043388
00090536
00053388
00019311
00055029
00044592
00049273
00035643
00024782
00078674
00059986
00028053
00082461
00066658
00090596
00035954
00098161
00091810
00069682
00046776
00054088
00071272
00074482
00016254
00033500
00030867
00088205
00087403
00072512
00053287
00050261
00061711
00093308
00025306
00046760
00082640
00051067
00039889
00039005
00078212
00064780
00021675
00069067
00072231
00065483
00051523
00040806
00019376
00058868
00025227
00013430
00010555
00054646
00045611
00020776
00048448
00086725
00019257
00081551
00057095
00080198
00048839
00016257
00068540
00070184
00050386
00099338
00029044
00094523
00091995
00081988
00080932
00063079
00052769
00039694
00038156
00011803
00020163
00093586
00013397
00067548
00076298
00017256
00010249
00064198
00026224
00087035
00078530
00054567
00073636
00092072
00026869
00025396
00081696
00047995
00019884
00028250
00079747
00052125
00062051
00093766
00061523
00073343
00074024
00063886
00094324
00036603
00050039
00038025
00022835
00088501
00085603
00016005
00013716
00099010
00095274
00089009
00058513
00072802
00030458
00021744
00092041
00017638
00016195
00055069
00073208
00079890
00022847
00023846
00020657
00028077
00089669
00053096
00047281
00038588
00075060
00091815
00079330
00093579
00028417
00022893
00032246
00069054
00015371
00088857
00016787
00013884
00075584
00098182
00069510
00034021
00098058
00058235
00018607
00064671
00019935
00085162
00055004
00099218
00018241
00090598
00010184
00011737
00040121
00086995
00098053
00060408
00012224
00029169
00082375
00083886
00022350
00073294
00024468
00039015
00053498
00011745
00055128
00055162
00051397
00040380
00029172
00073115
00086489
00091072
00027472
00075737
00047832
00060423
00083228
00030878
00077285
00050850
00016830
00025616
00069962
00011646
00090746
00033939
00026048
00098888
00085254
00058854
00078906
00026212
00059807
00098086
00055292
00069294
00096649
00018209
00034247
00064021
00075471
00018828
00094621
00072216
00066022
00081330
00077324
00062518
00036880
00098479
00052509
00022941
00057369
00030844
00033828
00051148
00041974
00045461
00053881
00089164
00025520
00063978
00052250
00090978
00031925
00084780
00055194
00085798
00078506
00043598
00079535
00045795
00089020
00085422
00057384
00092567
00099081
00037585
00021354
00098635
00067613
00055208
00030755
00093246
00067566
00092915
00015202
00042965
00054307
00057702
00044814
00021239
00093794
00076229
00012361
00050355
00020838
00034978
00095754
00050264
00012954
00022655
00075592
00085654
00064123
00036206
00018972
00011387
00092898
00088953
00086410
00092426
00041111
00055413
00057161
00076069
00063011
00070200
00084801
00026553
00050300
00068755
00034544
00091197
00024407
00047223
00072644
00097740
00086287
00016911
00058638
00066911
00014062
00065256
00097337
00031017
00088696
00085905
00051106
00067015
00027085
00018832
00032509
00056933
00056674
00095766
00033150
00029912
00027657
00059118
00019469
00042885
00085240
00019417
00073278
00058763
00080028
00064128
00072123
00028243
00021144
00084307
00052126
00084513
00034481
00015017
00020730
00029662
00089021
00074874
00057097
00021923
00082813
00052686
00010102
00021775
00029494
00046342
00042641
00052907
00078453
00038980
00093202
00059835
00088825
00085114
00083938
00050609
00047080
00051141
00024311
00058792
00072422
00082579
00025871
00018803
00060529
00020724
00081962
00097299
00055911
00094191
00031234
00039559
00090639
00094972
00073388
00050841
00079651
00068868
00019070
00047717
00044150
00035368
00016884
00053207
00026209
00017525
00012788
00052586
00071441
00055278
00096427
00019434
00027620
00051588
00075553
00073007
00043142
00055459
00049871
00084285
00079119
00035334
00013807
00010226
00045578
00086155
00026772
00064265
00034064
00019103
00030362
00025589
00020542
00040620
00075314
00041699
00045546
00051631
00078621
00093886
00049236
00036755
00090345
00093327
00010471
00016269
00088950
00084154
00020184
00013263
00099167
00090741
00017087
00097531
00099449
00022651
00017904
00011270
00046736
00051367
00072819
00021553
00089593
00053070
00079471
00033392
00019134
00077955
00052738
00050318
00025484
00046846
00062864
00090915
00041918
00044926
00090357
00040329
00096183
00017304
00082116
00075505
00090311
00013827
00032126
00034854
00061682
00035086
00014399
00044972
00095761
00099413
00057361
00044391
00052007
00084028
00018740
00013042
00032600
00027212
00024926
00094217
00024037
00095915
00072413
00087059
00011801
00063827
00083592
00022902
00037255
00026882
00081574
00090092
00054975
00059828
00016728
00088997
00038355
00096662
00023314
00038948
00031733
00061481
00067818
00067684
00077328
00046601
00051357
00064099
00059311
00089048
00058421
00077766
00015948
00064397
00018630
00071313
00075031
00053342
00058677
00094632
00026365
00040145
00079924
00050288
00031302
00024369
00066060
00059142
00072649
00039575
00074135
00062344
00028589
00058360
00088163
00030428
00042565
00065189
00025842
00096541
00072835
00080825
00087404
00028898
00018311
00099754
00066966
00077733
00029957
00057945
00072107
00030993
00045412
00025283
00056853
00048522
00098092
00021149
00022134
00018750
00060903
00093196
00085712
00010022
00013433
00066314
00031119
00077571
00027433
00087015
00093101
00044521
00023500
00043479
00050353
00064238
00014198
00056065
00056555
00046578
00092636
00038093
00089764
00088859
00046511
00089340
00080791
00069886
00093476
00050465
00080455
00043137
00078301
00073726
00010406
00013320
00029193
00046446
00053644
00020157
00036683
00052818
00038177
00062670
00089984
00060184
00055597
00042735
00097119
00021188
00025702
00060338
00033040
00024238
00081592
00090718
00052298
00092897
00065666
00096459
00018513
00041776
00068023
00023359
00096803
00027180
00068445
00050617
00050071
00060655
00095104
00038016
00076534
00038733
00012577
00013557
00049835
00086303
00027245
00021575
00062132
00067339
00065993
00047087
00013307
00067944
00054709
00096533
00054417
00075559
00064902
00078616
00042675
00042489
00077385
00099215
00099568
00053973
00031407
00090877
00032929
00021228
00069550
00090083
00071884
00080275
00077291
00043272
00097854
00060076
00083085
00065672
00089929
00029144
00048490
00024869
00010550
00061854
00019883
00027228
00078146
00032548
00014146
00096026
00055126
00062572
00078913
00088810
00065173
00084067
00073799
00020960
00064014
00080682
00070078
00086059
00068957
00058032
00020769
00072301
00036347
00091763
00086596
00038955
00056045
00022971
00032151
00098425
00054860
00079972
00039629
00020935
00087680
00042718
00062081
00026510
00069840
00093996
00010605
00067345
00032243
00082844
00085661
00095178
00085910
00079934
00071023
00077591
00075903
00021401
00049551
00057359
00055955
00089740
00053226
00054140
00058400
00078136
00014113
00055435
00028645
00058453
00033553
00091578
00059649
00051261
00098791
00094480
00069184
00041237
00029233
00090389
00030491
00047607
00087358
00071790
00014855
00074219
00038765
00026402
00081383
00019060
00014420
00059389
00089078
00078712
00089895
00051035
00069785
00070535
00071501
00039117
00083720
00096387
00021572
00034441
00028842
00096716
00096350
00038804
00082121
00066027
00035421
00089205
00058949
00086050
00018635
00026770
00011764
00079333
00018464
00090615
00033005
00068994
00057424
00039812
00023138
00081101
00031945
00022183
00024844
00010400
00027685
00034804
00095718
00096556
00020761
00029512
00017741
00021215
00038622
00092943
00031581
00019942
00078710
00057199
00083673
00045089
00012690
00011383
00012413
00088706
00087899
00021038
00083117
00065521
00013742
00015626
00034543
00023561
00081320
00010681
00055121
00014805
00092895
00089939
00041880
00034201
00040739
00044874
00059047
00077541
00042667
00021740
00024822
00022118
00090189
00082597
00089381
00091265
00027956
00063617
00085952
00043100
00092998
00059749
00085318
00035307
00095399
00073571
00031315
00078270
00043167
00072041
00028448
00024131
00028911
00049350
00038939
00035349
00043854
00065896
00033638
00051156
00041317
00059407
00035726
00085087
00083495
00020335
00058969
00099748
00098849
00024739
00018333
00021769
00094664
00059343
00093432
00058052
00011945
00092922
00077814
00067600
00092324
00086175
00024922
00013714
00040616
00020436
00068220
00094597
00027351
00070321
00031505
00051935
00094835
00096532
00069917
00062693
00060752
00045335
00021512
00025723
00035016
00083502
00068343
00037061
00045815
00083802
00094649
00087449
00071015
00021121
00081307
00010523
00089833
00046645
00058058
00025185
00062031
00036953
00039040
00013527
00058065
00033577
00084803
00015335
00017214
00013706
00076739
00036320
00022935
00028610
00013888
00010890
00089419
00092968
00067809
00051500
00024161
00070616
00042987
00089558
00064073
00048387
00094562
00049349
00095352
00058309
00051784
00074216
00040611
00035701
00030209
00028619
00052797
00020214
00096103
00060883
00066499
00041305
00026046
00055041
00042375
00090234
00026851
00029825
00017387
00059593
00016032
00024900
00071479
00052553
00011871
00074610
00098395
00067518
00036599
00026623
00017574
00062681
00041005
00016043
00064051
00038004
00039986
00045129
00059702
00010904
00097967
00084807
00072034
00032447
00015302
00010179
00083108
00061663
00088739
00074450
00014924
00050558
00084195
00080329
00030235
00076967
00014605
00099630
00082019
00072657
00064587
00019314
00048074
00058917
00044916
00065718
00032090
00032823
00012114
00047563
00062963
00073031
00091637
00093669
00027072
00053953
00071205
00055659
00064152
00058445
00014816
00045607
00068385
00045687
00080609
00068299
00050601
00074465
00092457
00054690
00097628
00017871
00076263
00054415
00083039
00064865
00042907
00012560
00035482
00050134
00081547
00079264
00065773
00026120
00054344
00010170
00067802
00037945
00050573
00069872
00041952
00061596
00010860
00023058
00085903
00070171
00090174
00079211
00031562
00060637
00014500
00044724
00025617
00041680
00045042
00082955
00066090
00078310
00058527
00091880
00053127
00012145
00063564
00059317
00054271
00020949
00083208
00066742
00034006
00060917
00030257
00085424
00018741
00022485
00037529
00079752
00040848
00017383
00055862
00013333
00017190
00097362
00035159
00098876
00072314
00014400
00053206
00042931
00033416
00095910
00047168
00065455
00086460
00078995
00079938
00094555
00065107
00042908
00034367
00013679
00040270
00025214
00056914
00071495
00019579
00046778
00054405
00032351
00047496
00015730
00020504
00099400
00025089
00038031
00064504
00052474
00031755
00047225
00054918
00096645
00095584
00032723
00099355
00036796
00030297
00099785
00059565
00037105
00091563
00093143
00073940
00083282
00052214
00063225
00011028
00045177
00035740
00058108
00090880
00079832
00022533
00082878
00043743
00057471
00026683
00056860
00074435
00064330
00093336
00045171
00077892
00078397
00093825
00015323
00040445
00016135
00025798
00058418
00022591
00097424
00025897
00032426
00056755
00035528
00088515
00047118
00083961
00070513
00060953
00095577
00033721
00024963
00020482
00059572
00041429
00095635
00097381
00036439
00034352
00074094
00012974
00067927
00062445
00097668
00045346
00041747
00042166
00086342
00079553
00069568
00033803
00071883
00082958
00040409
00091896
00051535
00098866
00092211
00084068
00017957
00086436
00055703
00043959
00090318
00032639
00034673
00088537
00074475
00066901
00015545
00033681
00031338
00049623
00097617
00025890
00098203
00080131
00016178
00099134
00055827
00036306
00081439
00066482
00047165
00054084
00041557
00054924
00010240
00073073
00090677
00067954
00060227
00031350
00065363
00039692
00013017
00060290
00058656
00058560
00072433
00088448
00021207
00036217
00038171
00066273
00021393
00036677
00052604
00033534
00087878
00055773
00082985
00085284
00017196
00047393
00044229
00082847
00039242
00015538
00086120
00039022
00062938
00057500
00065153
00048446
00039703
00067760
00037621
00060494
00098330
00046582
00085499
00089820
00062845
00027962
00086318
00021431
00027040
00057089
00044627
00051674
00021368
00054491
00043874
00067376
00032105
00048470
00052740
00056532
00099514
00015587
00081114
00012094
00065575
00054684
00021826
00028355
00044846
00025562
00030852
00049861
00054743
00044829
00014915
00098401
00065869
00021660
00083950
00063135
00017910
00027536
00046749
00090193
00025115
00027439
00091859
00085917
00087289
00092893
00012101
00032887
00043332
00061668
00064269
00016609
00049291
00075566
00096860
00098295
00042562
00090789
00027172
00098912
00079134
00065891
00037117
00029125
00052721
00059332
00076968
00040683
00056793
00080343
00016291
00099784
00081876
00021927
00057693
00011771
00042537
00025845
00089877
00029291
00051990
00073218
00026473
00038449
00073303
00091281
00020582
00013437
00039588
00013901
00062453
00025472
00032207
00095498
00058451
00088962
00016831
00084055
00030903
00097072
00046243
00073851
00084600
00087382
00034598
00067640
00080744
00030666
00076527
00088215
00065900
00027756
00051801
00039130
00050151
00064792
00018694
00082091
00022302
00014898
00084846
00079195
00038382
00098031
00064161
00098544
00076109
00058680
00083671
00019151
00080029
00011426
00076068
00067712
00044186
00034762
00056488
00011060
00028078
00058777
00046838
00015881
00091275
00047379
00032729
00026370
00099616
00031136
00025745
00049094
00099709
00012121
00061159
00025325
00070861
00072394
00083658
00061338
00034319
00056696
00014741
00096808
00035280
00037021
00026037
00096422
00071701
00037897
00071286
00078109
00046405
00070255
00080081
00018947
00059443
00060382
00041218
00014542
00075267
00080782
00037045
00087311
00011941
00083397
00024392
00010191
00066799
00072125
00016180
00090075
00036060
00016594
00079381
00024441
00042602
00054786
00097314
00057892
00068020
00017844
00088977
00013375
00063778
00048763
00070017
00013170
00055577
00018823
00069709
00035162
00021205
00080920
00037417
00045382
00070842
00079989
00028009
00058040
00033882
00062273
00061360
00073984
00096322
00064629
00046945
00096982
00079697
00063725
00010285
00092387
00099273
00031126
00065526
00027059
00032283
00021657
00076858
00077954
00084260
00068525
00043605
00037461
00031992
00035655
00097178
00091744
00042719
00071361
00084220
00051349
00025141
00088022
00031892
00017803
00076875
00058477
00095815
00033261
00084457
00013878
00065347
00047621
00041696
00026613
00077545
00050538
00097406
00095654
00081061
00095737
00079912
00064994
00024903
00075657
00050968
00010363
00025178
00099741
00031756
00040495
00073104
00030930
00065310
00064332
00086655
00024175
00030996
00050212
00062317
00083215
00027737
00074928
00019644
00029953
00023792
00077465
00096415
00025931
00073590
00058658
00062635
00022360
00010116
00055985
00020733
00049877
00079191
00047383
00081413
00023038
00063291
00032159
00059002
00089290
00082170
00033799
00068116
00066512
00092899
00087631
00033710
00035509
00073949
00070939
00064052
00073156
00077674
00069588
00074556
00016986
00088542
00063306
00083278
00011823
00010516
00082695
00021397
00012529
00038584
00067098
00021230
00052025
00040991
00011944
00071171
00041754
00083805
00040721
00049929
00088001
00011687
00016411
00028685
00039526
00049313
00043338
00017049
00046421
00017412
00067406
00099865
00080367
00034063
00090032
00079108
00040284
00051218
00078229
00094786
00059111
00035257
00011966
00029028
00013220
00083976
00085721
00098627
00094943
00033403
00082325
00031529
00052751
00061473
00017853
00051236
00037268
00034677
00090157
00064334
00074341
00023948
00050179
00044304
00014533
00071375
00014253
00017563
00090982
00059144
00048163
00034126
00067896
00012563
00067224
00014413
00032946
00020810
00023586
00044100
00041015
00052745
00090440
00060838
00064217
00088412
00059450
00041082
00038975
00099600
00045515
00079995
00076165
00091809
00078091
00045630
00075908
00081326
00037485
00063677
00044726
00061115
00098431
00015381
00058428
00052193
00040698
00043753
00066761
00081963
00010652
00021282
00054987
00035712
00015689
00088005
00095171
00083279
00016985
00043938
00049050
00027572
00093261
00056664
00067891
00056455
00066365
00030991
00099213
00095208
00070953
00056004
00087735
00013459
00014544
00087705
00038258
00040720
00086005
00037992
00088745
00089607
00031917
00089667
00046346
00044525
00029655
00083946
00093137
00085406
00081134
00012341
00052281
00012356
00025143
00097495
00072729
00021229
00084114
00043032
00025964
00033533
00031975
00062768
00042498
00091611
00031958
00073464
00068165
00056990
00066935
00034981
00012731
00094102
00024165
00030165
00088003
00099912
00044968
00083344
00030247
00063713
00036997
00082620
00040018
00071534
00044131
00093538
00061361
00091031
00055745
00062109
00037900
00090325
00052003
00045677
00070959
00046841
00011354
00035461
00036455
00041448
00043500
00016599
00035934
00092503
00049379
00087757
00028534
00081328
00030231
00035783
00042624
00019601
00022250
00015004
00012985
00020502
00031351
00057115
00032005
00029636
00081071
00034241
00039132
00054750
00098515
00073884
00034731
00042691
00048941
00075564
00075978
00015139
00077029
00079994
00032580
00084959
00090931
00056988
00097326
00081762
00090172
00073616
00027593
00030225
00090393
00012990
00085770
00027806
00023285
00077159
00091462
00083387
00086197
00017589
00089082
00037445
00025345
00051027
00050845
00056505
00059724
00014684
00082607
00059412
00056552
00042626
00034852
00058375
00077677
00078950
00053862
00090826
00017885
00020368
00064612
00060589
00051154
00059744
00042493
00010366
00055139
00046133
00020658
00040881
00099085
00077079
00086216
00038812
00058654
00030578
00090873
00089652
00095874
00026999
00055218
00018851
00026083
00018227
00040174
00040402
00073012
00041515
00077626
00075820
00077320
00045368
00062063
00086592
00024984
00026602
00016632
00014638
00078965
00020970
00097130
00024629
00066981
00064699
00060695
00056669
00077793
00024480
00088912
00075234
00027021
00058963
00073739
00091123
00028601
00083549
00073587
00074376
00019429
00063313
00060046
00052462
00053008
00099860
00082735
00078172
00060674
00015380
00058660
00038307
00097904
00095049
00025257
00086951
00040474
00089445
00054994
00076842
00060705
00027373
00055364
00094180
00031027
00095158
00017343
00025084
00050718
00022899
00041343
00073925
00022332
00058462
00053345
00012538
00047873
00021046
00017230
00080501
00054962
00071338
00085922
00095110
00095620
00070787
00074883
00051459
00014567
00065726
00042867
00089613
00010180
00052455
00099617
00038122
00051531
00040695
00040111
00051178
00023754
00044235
00078813
00016948
00066707
00075070
00015941
00038250
00064911
00057893
00081398
00022271
00054556
00022036
00034342
00092536
00087777
00083701
00031285
00092343
00072298
00057793
00080778
00054179
00083024
00097294
00049549
00058147
00088820
00041126
00010875
00092274
00023330
00066353
00020589
00092550
00035452
00014322
00011625
00029884
00017384
00063610
00099182
00066837
00074721
00072869
00094028
00059290
00053663
00092360
00051608
00053927
00019048
00010352
00018027
00030846
00050935
00025463
00062791
00067522
00086043
00062428
00096634
00071370
00045286
00074484
00026198
00091933
00049968
00063480
00082764
00084379
00087673
00049632
00091657
00041708
00027770
00019519
00055756
00057326
00062324
00076594
00015172
00023248
00069414
00070204
00054462
00092738
00043376
00065133
00066351
00073541
00043694
00031972
00070091
00086182
00014173
00034903
00059542
00019235
00058764
00017989
00034603
00049516
00057513
00094359
00031949
00052642
00032750
00078370
00011327
00045902
00011613
00084162
00064917
00063604
00084274
00065041
00079321
00035915
00062339
00086595
00065525
00065122
00077064
00014495
00034033
00054725
00059614
00023302
00065341
00043924
00081831
00083240
00062926
00055225
00078779
00077772
00098240
00060487
00044601
00028073
00039031
00053339
00051709
00074558
00071576
00042106
00090981
00027240
00092534
00095234
00066786
00083132
00068360
00052399
00052213
00080638
00040672
00088979
00034503
00063116
00041288
00088480
00014409
00069672
00055829
00056801
00016405
00091069
00076958
00093062
00098196
00022110
00098989
00035309
00089221
00063196
00061938
00019958
00092056
00073079
00093161
00013056
00018479
00038035
00084491
00097278
00067761
00058012
00073576
00059803
00024572
00060634
00091733
00045522
00085639
00022403
00057460
00094404
00054418
00018458
00075161
00019050
00052101
00056364
00065451
00029294
00010676
00021116
00023712
00099711
00094809
00051361
00071870
00069703
00077319
00091217
00069271
00036337
00067659
00060773
00080424
00075537
00068802
00084069
00098520
00038639
00099426
00033656
00041491
00060462
00047372
00050140
00043292
00032500
00040919
00021524
00013044
00042290
00028839
00088124
00039122
00070898
00030376
00074364
00077050
00075215
00095500
00040760
00043782
00092454
00055236
00022073
00077496
00024815
00017572
00071588
00054434
00045158
00097804
00045718
00094356
00029429
00034681
00025945
00073827
00095354
00021862
00079705
00073768
00029638
00071258
00055596
00062308
00024519
00087177
00067722
00027835
00080775
00016425
00018660
00014028
00043357
00022644
00045713
00044489
00052634
00033550
00036685
00098840
00039982
00027263
00014645
00071728
00040823
00043065
00054270
00098749
00087739
00028081
00038902
00096306
00029154
00061095
00076547
00045976
00056508
00091708
00060867
00091078
00019950
00075778
00012508
00091239
00086507
00012169
00084352
00013952
00084434
00021052
00063244
00052373
00040889
00068190
00082623
00049230
00074758
00045392
00074521
00046144
00073870
00099110
00065049
00060186
00030312
00095710
00016606
00041595
00021396
00085147
00070399
00016868
00049249
00085821
00079109
00020337
00061344
00045920
00019215
00085373
00051171
00068132
00079414
00014682
00057614
00027608
00094631
00048191
00077016
00053857
00090222
00088589
00015632
00027985
00079212
00075473
00023927
00095625
00060645
00040395
00098778
00088524
00067156
00087666
00067054
00046571
00099857
00079301
00037701
00072402
00047310
00056318
00063422
00070693
00060790
00041070
00078544
00074059
00072811
00090856
00040330
00053811
00012201
00058167
00026328
00079874
00056124
00089298
00071969
00074213
00013603
00039376
00099113
00039859
00050678
00012766
00063718
00073670
00074223
00087215
00020188
00099144
00035033
00038356
00093626
00015090
00011459
00052534
00087715
00042170
00036743
00085583
00066754
00024417
00057221
00057905
00061283
00025430
00096570
00026586
00056855
00021603
00076001
00032261
00031793
00099128
00049367
00028622
00085599
00077551
00010827
00023023
00057263
00070610
00080945
00017763
00061750
00088740
00087639
00079620
00049976
00026836
00037293
00021561
00084872
00049089
00017869
00021820
00078396
00067296
00096008
00024291
00094540
00018890
00033958
00069772
00045572
00076107
00067102
00054395
00060604
00053882
00036865
00046176
00019282
00062987
00082534
00059458
00037224
00040349
00010857
00065779
00056997
00095832
00076394
00058646
00092552
00084029
00036720
00090712
00049815
00036235
00084109
00042372
00092551
00098080
00028199
00018210
00060950
00044409
00031102
00038994
00085865
00033130
00027144
00048764
00031923
00011936
00091883
00029616
00082963
00076492
00059363
00055771
00017532
00038786
00078574
00071529
00083812
00010440
00045657
00088883
00024699
00029871
00029047
00017567
00022914
00095139
00082148
00091013
00024257
00062551
00096251
00087532
00012329
00054542
00084361
00026039
00041796
00040536
00013356
00033122
00012490
00046634
00010810
00023190
00079197
00079667
00074369
00028532
00097719
00050051
00015746
00071554
00092361
00016977
00021582
00060393
00026790
00051491
00030068
00091012
00076169
00059740
00048692
00062694
00010916
00038940
00085276
00052463
00096272
00074652
00033263
00055900
00025134
00057694
00048424
00032585
00082605
00055602
00097277
00011298
00052609
00023305
00082438
00035781
00028454
00099026
00046727
00037911
00055684
00093461
00093236
00063064
00017409
00044612
00087245
00099817
00053467
00051520
00097801
00054300
00029645
00057840
00066100
00055863
00010503
00026992
00042490
00057529
00071229
00056597
00043096
00062105
00021513
00052964
00056059
00099594
00070486
00017591
00082469
00084760
00058388
00020512
00085350
00027817
00028296
00021466
00089711
00064041
00046107
00073118
00046248
00012836
00070215
00028164
00038763
00010480
00069761
00018394
00082710
00019957
00095835
00032034
00024662
00055855
00080117
00085629
00082118
00022014
00066302
00037295
00097367
00027350
00059564
00025213
00033024
00091606
00098462
00065269
00058913
00026219
00013753
00056816
00021528
00011775
00018057
00010063
00030199
00053754
00045863
00070598
00060258
00012802
00076874
00039247
00012542
00010679
00066326
00078569
00033844
00064784
00025336
00081122
00028277
00073316
00096710
00061243
00058610
00091465
00031899
00090087
00079257
00086950
00042513
00078483
00052851
00014042
00042164
00046040
00051257
00072026
00026381
00040556
00096490
00029237
00041272
00023615
00010121
00066757
00079614
00083399
00064323
00040267
00034095
00068597
00081655
00073427
00015295
00068771
00097357
00036729
00054502
00089510
00043300
00022046
00022605
00089867
00025230
00087915
00049950
00026130
00020920
00035900
00059786
00068246
00076005
00084527
00042101
00068045
00044041
00012694
00074687
00033507
00037846
00069706
00024477
00047161
00079596
00024813
00010797
00031106
00041132
00067858
00034431
00098096
00034547
00079681
00012060
00098404
00082294
00025410
00033711
00024864
00038767
00085729
00016857
00054779
00093276
00068905
00051748
00035224
00010996
00074255
00091003
00031712
00075784
00079953
00043678
00062121
00011473
00019348
00032258
00079946
00072332
00066887
00055924
00060991
00030322
00010260
00064757
00017012
00022578
00038833
00062468
00052044
00038961
00027750
00025477
00049430
00079064
00046334
00020187
00040797
00060216
00092767
00083360
00051045
00077100
00050798
00058117
00041937
00088044
00070179
00098961
00021550
00060392
00065665
00035728
00033310
00097457
00013219
00030749
00031662
00061643
00078521
00018723
00069212
00027048
00026925
00060571
00044274
00030040
00049768
00062197
00048070
00088443
00011397
00078499
00010515
00086822
00023186
00077407
00062108
00061258
00021728
00029441
00050162
00044113
00032867
00015618
00063918
00055136
00080599
00069977
00098550
00040560
00023313
00071831
00043307
00090719
00071470
00063159
00046646
00044642
00099940
00053546
00032604
00039110
00032313
00047764
00086778
00075022
00042827
00039037
00030280
00013710
00077097
00094067
00065580
00012821
00030942
00087184
00039309
00055073
00059062
00052841
00063833
00053011
00028223
00019797
00095758
00023395
00057938
00058255
00076239
00044552
00059338
00057465
00066723
00047562
00050305
00026302
00048807
00035922
00013051
00090324
00042261
00024419
00043377
00070352
00024880
00075378
00096855
00024982
00090558
00036709
00028777
00086477
00022080
00030698
00064499
00053671
00016298
00040562
00055644
00065285
00095690
00089847
00056661
00060962
00022958
00064214
00096665
00044282
00034065
00064620
00075833
00067373
00053303
00019629
00073654
00027274
00055740
00084956
00078350
00075120
00059182
00021642
00019206
00010282
00053195
00020509
00099763
00021865
00052448
00058413
00097007
00022417
00066510
00041457
00062642
00034916
00093664
00017629
00089734
00060897
00013287
00076877
00082917
00050421
00036240
00021722
00038398
00011190
00019739
00033696
00056420
00065016
00065996
00069401
00024560
00039622
00030594
00073606
00036264
00068259
00091185
00067632
00019238
00033901
00064375
00078222
00047432
00041201
00062218
00048539
00063136
00079629
00089152
00075188
00066950
00065712
00035780
00096227
00069817
00067464
00084490
00074798
00047533
00013290
00058547
00051085
00029119
00078565
00041787
00065692
00010474
00092519
00022505
00087000
00038028
00043745
00016367
00069257
00088647
00045900
00097020
00095349
00076920
00097689
00087517
00021798
00058145
00042178
00063370
00024378
00070922
00098698
00040444
00090840
00098353
00036176
00058613
00053856
00019045
00060169
00079805
00048032
00076399
00056727
00068330
00067515
00079311
00037591
00031905
00027058
00074891
00088525
00096907
00015800
00042572
00054545
00058591
00015908
00042012
00078335
00043902
00063046
00032287
00077092
00022810
00055370
00057665
00088126
00050903
00072929
00090601
00061066
00086000
00084660
00051179
00035093
00011691
00098659
00091445
00068915
00017878
00043592
00054674
00091626
00040613
00083503
00046156
00098039
00085471
00090387
00088043
00017568
00018995
00059342
00018736
00098289
00030140
00047456
00036000
00038179
00042281
00047755
00071280
00042995
00048259
00074226
00020916
00082159
00077911
00054839
00071813
00010958
00012079
00042239
00029051
00087342
00082570
00012706
00027629
00066456
00068712
00011076
00042824
00066855
00022868
00042225
00024694
00048578
00057541
00073476
00099522
00016862
00031545
00037393
00046817
00050110
00098609
00023433
00023919
00087173
00026568
00051096
00021101
00099392
00061719
00046318
00059962
00085756
00097887
00024684
00035324
00020205
00065638
00079557
00015958
00068647
00015239
00092349
00025039
00097712
00049927
00020648
00029690
00040828
00083542
00011968
00060278
00056425
00040460
00022187
00059032
00088898
00056474
00021471
00053636
00016424
00050271
00019765
00084855
00030797
00025596
00045693
00079133
00022704
00051758
00032680
00062072
00015220
00064236
00048418
00020565
00090188
00010272
00020715
00047066
00046386
00064656
00038194
00013589
00095074
00054682
00049762
00077412
00063951
00024679
00048907
00029668
00036933
00015472
00053795
00068395
00053726
00044440
00026641
00080457
00025321
00042546
00025082
00079147
00060852
00073393
00037545
00038141
00029179
00085565
00013621
00073854
00092935
00076287
00064081
00021039
00041363
00042802
00079547
00030295
00060625
00061017
00013963
00052953
00039736
00030169
00038079
00066949
00014624
00098617
00089508
00074509
00020203
00032588
00013515
00028562
00074127
00019299
00018441
00062997
00028373
00044495
00035411
00068773
00076304
00025730
00050876
00080348
00090508
00072242
00017108
00054503
00061881
00062792
00074755
00058961
00062893
00080947
00011962
00072510
00075447
00069174
00046807
00093638
00099841
00034026
00043996
00095096
00018772
00029665
00059324
00049471
00092755
00093999
00098764
00070181
00074796
00084584
00069472
00039550
00086245
00043082
00019037
00068581
00023877
00088471
00041171
00091051
00022035
00076944
00080110
00087787
00016914
00092055
00085495
00025232
00074932
00096538
00031594
00043050
00081029
00054144
00084553
00061069
00065572
00030649
00012705
00014361
00075506
00026304
00080974
00035590
00011155
00054010
00053106
00020645
00021928
00060727
00043134
00058788
00035453
00085410
00059124
00028215
00041010
00097408
00043762
00064741
00020275
00086421
00031918
00094722
00067672
00063975
00051476
00096870
00067304
00058183
00067491
00041346
00027084
00042324
00031322
00019079
00012041
00058468
00043230
00013876
00089570
00047140
00097764
00041152
00018476
00094327
00037858
00022092
00057687
00072435
00022688
00034067
00077844
00019518
00099109
00061634
00037104
00046054
00057210
00059956
00022884
00074476
00077684
00055731
00048105
00032304
00050004
00011131
00073683
00027188
00074457
00095237
00078124
00056468
00050972
00056309
00020689
00081814
00077845
00020912
00057252
00088594
00024956
00037665
00022615
00042300
00061791
00038753
00044238
00025965
00073125
00092871
00077866
00067636
00097847
00020849
00035409
00048967
00022096
00030326
00088635
00041384
00070818
00037158
00050543
00096560
00061471
00025983
00045556
00029411
00016238
00035748
00062516
00073788
00032854
00020064
00047550
00096271
00089528
00026716
00031272
00022181
00055379
00088335
00089884
00032610
00070074
00078271
00021189
00034760
00011407
00080405
00034200
00018002
00031129
00091139
00085362
00082012
00086017
00084992
00057181
00061504
00046050
00065758
00065239
00020947
00052325
00031730
00084389
00034024
00022846
00090519
00054734
00043618
00014761
00013024
00038885
00059860
00094188
00027986
00064591
00045911
00021811
00071256
00041888
00092475
00034172
00059709
00012081
00072014
00067226
00079453
00087249
00082005
00038647
00095347
00092044
00010316
00045195
00025552
00022274
00086566
00023264
00059739
00040942
00099061
00062003
00019736
00045609
00069280
00095822
00037730
00092402
00058341
00018436
00022931
00030177
00097392
00018934
00056849
00097093
00054452
00094563
00020968
00051359
00084185
00041244
00063002
00053108
00022865
00064738
00074325
00097720
00016185
00043689
00018967
00021706
00064149
00078210
00026574
00056971
00082103
00068829
00083089
00060772
00017323
00053465
00023727
00015407
00095205
00023493
00078555
00045192
00041996
00065160
00019911
00085473
00053438
00057037
00088280
00046856
00043285
00058476
00043871
00094064
00078448
00030925
00048739
00026587
00071050
00061963
00047012
00078769
00060777
00067545
00060806
00080436
00045800
00014936
00034284
00059686
00071868
00073039
00046245
00016873
00026390
00047627
00041811
00063000
00097340
00013833
00056072
00035981
00085056
00082356
00055634
00012392
00057659
00029228
00029669
00056451
00042638
00092089
00097822
00064470
00071999
00045225
00078372
00078205
00013673
00063963
00086547
00073399
00054981
00014608
00052185
00091573
00025780
00085835
00070665
00041024
00092114
00056996
00029961
00069628
00093715
00017762
00010202
00024887
00096246
00033102
00090498
00037953
00056327
00044045
00021674
00030540
00011604
00036924
00034223
00041652
00057605
00088121
00019956
00098562
00084699
00035464
00067370
00016014
00037097
00030728
00070115
00067374
00054968
00027191
00012898
00052611
00019613
00019306
00087548
00021932
00059471
00040344
00042051
00090068
00016339
00027545
00097969
00022536
00083830
00018755
00048901
00078182
00076993
00039618
00019126
00022828
00036539
00012697
00063357
00055291
00023416
00029366
00018234
00021014
00012075
00070490
00094865
00060615
00095270
00058110
00054802
00089540
00019218
00013723
00082459
00099607
00052720
00049677
00010286
00087042
00053780
00090442
00013480
00038661
00026424
00067259
00096337
00084202
00018200
00026067
00043016
00078923
00088491
00063024
00020946
00033088
00068267
00061016
00092238
00071695
00045027
00031757
00030753
00041798
00086564
00027211
00039397
00036129
00029867
00089101
00024250
00033158
00040403
00043266
00065324
00083052
00046867
00097592
00071602
00037918
00052872
00041827
00089784
00048214
00014550
00093066
00064719
00081664
00098953
00084362
00063113
00049725
00014941
00059477
00071640
00011785
00026362
00017301
00076878
00022429
00056959
00066477
00063197
00045828
00036456
00036753
00092894
00074261
00075712
00087381
00076960
00071179
00032291
00099226
00093474
00040300
00066159
00064389
00025625
00010350
00020873
00067134
00043890
00084917
00024214
00044290
00023357
00074458
00079575
00039320
00062827
00087583
00098062
00085500
00017961
00070585
00013968
00044179
00094153
00015217
00023287
00093449
00097666
00050415
00055295
00039138
00023175
00019240
00012333
00042610
00052834
00033265
00052693
00015405
00070209
00014141
00059506
00049014
00073565
00037957
00045898
00052629
00075577
00072134
00056603
00028350
00081274
00079893
00093765
00012422
00022597
00058130
00066876
00052485
00062663
00081932
00094883
00018711
00026329
00095443
00029330
00048252
00057402
00038850
00018853
00011644
00088763
00074437
00037407
00022256
00073707
00079896
00019062
00090372
00052154
00095138
00058632
00084121
00052743
00029847
00029700
00088160
00066846
00054710
00032947
00048468
00012322
00058500
00035565
00013730
00069076
00037194
00025275
00094379
00084129
00030675
00086353
00050133
00053318
00075056
00097565
00023480
00087620
00013675
00073255
00094296
00049314
00064682
00078794
00022624
00059707
00046246
00053737
00025457
00036384
00030959
00059731
00052079
00091872
00083226
00074206
00045207
00068311
00039582
00017365
00097498
00024698
00047972
00072849
00078625
00014197
00075627
00095642
00055904
00068212
00078594
00092818
00020905
00098796
00021048
00041931
00034988
00079706
00093850
00080720
00089371
00023559
00033815
00095561
00072157
00035990
00057681
00031376
00037949
00012575
00055963
00039118
00021803
00045730
00052339
00015960
00069779
00044634
00098422
00068889
00097850
00036160
00080346
00023746
00084902
00097903
00077514
00048976
00021835
00088479
00040338
00040978
00030098
00046785
00054947
00053550
00036090
00040565
00053551
00052105
00089830
00064009
00097163
00093543
00051124
00034392
00033466
00084142
00047242
00034188
00046250
00043331
00068313
00022977
00056689
00012771
00064753
00081650
00014747
00030469
00032817
00020586
00062466
00083819
00093889
00076799
00035766
00064167
00085194
00092061
00080449
00027564
00094247
00062890
00039080
00087437
00091898
00027926
00084314
00017442
00021419
00056176
00073534
00056918
00046267
00036711
00085288
00078937
00059160
00077912
00049961
00047308
00027595
00032543
00022985
00022769
00065419
00022754
00039378
00021792
00092533
00037944
00094126
00078412
00022100
00085943
00071400
00055738
00081611
00082854
00062229
00034193
00047994
00099394
00086486
00026948
00020010
00035174
00094844
00018338
00013806
00078332
00015359
00030359
00017590
00099590
00060668
00087216
00041239
00027540
00068696
00060320
00050862
00050224
00096996
00052654
00026652
00011429
00044044
00071731
00027520
00023325
00034744
00044854
00080793
00099635
00045537
00056021
00033651
00013579
00076154
00039954
00038427
00098116
00011366
00024445
00045465
00088108
00096633
00051737
00085571
00045006
00020056
00069901
00034638
00051950
00058268
00080108
00018788
00054225
00014344
00048442
00092337
00016622
00030221
00017845
00062026
00053288
00065450
00079492
00069255
00018023
00029742
00013098
00065136
00034773
00040187
00035823
00043759
00024708
00072088
00032798
00034104
00060286
00023183
00096656
00087762
00034078
00042887
00048607
00087230
00056082
00046765
00013536
00044149
00069950
00091718
00055541
00056206
00043276
00040370
00059829
00059038
00029387
00033543
00096211
00093848
00084506
00097005
00026114
00050607
00015057
00056291
00095182
00044861
00026917
00099647
00027278
00045994
00050191
00096792
00062456
00079728
00052677
00052285
00046268
00053263
00025180
00012283
00092205
00038964
00029207
00019020
00019875
00047986
00016368
00043346
00060034
00091417
00036143
00053649
00055607
00058665
00075705
00018168
00056286
00089015
00060080
00055467
00043360
00012716
00018152
00056092
00029054
00081119
00010654
00090709
00073171
00048942
00018989
00021226
00046943
00038919
00089007
00021016
00027530
00096779
00096672
00016294
00095280
00061530
00049560
00029859
00056539
00021840
00072680
00093025
00026663
00027382
00085242
00039942
00054699
00032044
00047029
00026768
00017839
00088444
00078473
00077646
00021406
00028426
00045327
00036795
00037302
00068308
00054719
00078840
00024830
00049639
00046909
00097878
00069114
00044893
00055850
00017016
00034706
00029492
00016756
00019052
00069893
00065385
00031103
00033372
00087590
00019095
00055266
00089151
00048905
00076374
00097686
00069000
00018334
00040947
00030531
00021120
00066568
00048042
00014323
00097291
00028490
00075704
00064584
00036691
00067261
00087919
00011373
00098710
00041569
00078702
00010925
00061951
00012828
00030984
00087719
00040282
00072799
00092093
00065880
00096905
00068091
00040431
00022522
00040902
00071020
00030892
00053931
00073537
00012415
00097499
00036727
00055831
00094040
00016453
00048362
00034746
00033959
00060549
00020694
00027395
00098379
00087365
00019312
00072870
00078420
00031488
00051380
00050506
00035470
00033034
00022056
00014902
00086295
00017751
00055000
00028588
00084376
00057539
00088737
00068435
00095231
00093352
00029038
00070944
00049820
00028794
00090070
00069326
00065759
00043417
00092847
00012031
00016062
00087766
00055242
00023299
00036063
00070554
00073161
00018773
00083048
00093129
00075498
00083769
00049625
00083526
00091813
00016128
00041591
00035046
00096730
00048284
00022882
00096240
00058521
00091353
00049740
00072958
00070364
00046852
00021284
00078183
00066239
00060379
00083068
00040702
00028326
00012440
00089826
00058149
00022377
00060082
00020980
00024154
00038556
00015258
00059524
00065272
00019058
00075136
00025471
00072513
00044310
00017483
00031393
00086608
00024123
00077746
00068209
00079356
00035833
00045538
00070493
00034700
00035857
00082023
00031400
00059107
00012525
00066635
00086021
00058132
00060537
00071617
00098703
00094447
00090148
00048499
00018894
00060243
00051676
00048898
00050116
00046558
00027521
00032172
00092438
00025900
00010246
00056060
00014703
00097533
00077180
00043869
00052413
00074997
00041423
00053250
00033554
00024732
00085272
00062555
00084631
00049906
00090211
00052620
00033628
00053535
00098338
00026956
00052742
00027936
00020041
00047360
00094570
00096678
00067043
00034192
00061146
00028788
00039887
00085625
00026282
00071155
00026521
00089339
00079951
00084046
00089406
00071855
00092200
00052655
00067724
00063250
00085027
00099899
00031967
00052412
00088027
00061340
00086633
00073137
00093931
00041627
00022301
00061926
00053863
00065164
00072952
00095618
00031869
00071019
00083486
00099272
00033690
00083752
00068372
00023652
00035138
00028799
00079143
00028060
00013576
00090484
00011515
00022596
00058806
00045655
00025544
00089879
00075743
00034966
00058446
00085680
00098667
00037331
00077741
00087728
00036002
00015923
00077969
00080983
00042550
00095650
00038451
00032567
00058045
00014903
00047612
00026686
00090720
00029295
00027346
00074428
00099138
00058035
00025912
00013369
00081487
00038597
00096568
00036330
00055130
00040084
00063794
00061466
00066629
00086388
00040656
00065330
00026680
00049934
00098516
00046530
00037851
00077432
00010985
00021211
00091411
00023687
00099018
00039408
00088735
00072892
00055728
00021773
00082366
00028043
00064042
00083663
00063542
00081581
00097443
00088463
00024491
00053602
00039597
00036613
00073059
00044128
00087097
00027119
00065283
00021980
00024345
00055794
00055026
00011685
00011670
00038949
00043281
00023057
00071667
00052046
00041537
00017312
00034506
00069692
00059233
00056006
00097911
00049107
00088938
00054444
00098598
00051846
00042024
00028118
00042895
00050278
00096895
00025173
00037246
00049580
00075468
00097209
00068655
00016648
00084364
00047457
00096208
00063441
00070348
00016874
00031942
00070667
00042770
00044855
00017240
00050923
00082563
00068880
00067297
00052912
00028628
00071889
00097364
00011182
00068582
00085819
00020411
00084027
00015877
00029841
00030677
00095414
00021070
00020753
00057720
00094483
00056033
00056758
00033552
00090243
00039873
00080478
00059910
00094286
00065767
00054408
00023059
00025812
00010543
00062331
00069607
00073554
00018396
00043674
00041190
00047813
00098680
00052287
00087784
00092111
00064925
00052482
00024867
00030975
00065015
00082508
00047102
00049152
00056819
00065500
00015126
00068121
00051279
00041925
00052392
00055789
00072568
00053267
00049462
00018232
00080451
00072448
00059371
00059846
00013372
00087580
00043148
00095014
00079521
00020631
00027569
00098301
00026194
00031519
00076378
00079182
00027488
00098047
00082283
00060725
00025722
00046701
00020829
00036007
00083357
00060161
00035941
00097330
00087835
00081394
00014360
00070649
00016247
00025044
00026005
00028002
00022692
00033268
00090767
00047414
00090136
00078619
00072364
00083221
00078373
00016995
00057079
00056692
00075751
00077664
00069301
00032236
00026267
00029045
00094497
00070094
00065150
00074436
00096134
00093279
00024198
00074473
00024879
00083705
00031694
00021502
00043023
00031161
00062746
00098757
00070687
00038680
00094873
00088663
00074433
00057533
00054106
00010582
00045806
00045524
00049827
00079638
00046123
00087044
00094961
00027064
00043728
00038979
00099142
00048734
00070012
00077442
00041644
00055543
00098838
00089203
00045963
00052144
00083174
00096018
00050913
00059268
00028108
00089441
00095661
00035566
00092851
00045007
00095846
00057451
00097122
00086157
00063859
00093086
00034131
00035361
00026032
00046537
00020358
00033712
00092155
00062991
00081347
00023067
00033419
00031527
00085161
00066031
00011279
00095751
00063068
00035056
00028497
00095386
00069325
00075766
00019545
00088002
00082940
00085800
00046574
00025903
00069919
00079454
00064643
00089535
00072716
00078158
00096755
00043169
00081334
00029006
00044902
00081712
00018606
00012740
00051306
00063443
00034676
00041013
00019043
00066774
00098762
00012667
00027542
00072338
00064346
00017381
00026822
00023884
00037342
00079217
00056421
00051654
00087448
00058935
00081612
00052473
00054851
00093348
00083891
00058175
00076042
00073641
00078415
00054649
00021741
00016549
00078716
00077691
00094220
00076439
00085390
00095845
00054370
00056431
00032401
00035617
00028130
00081037
00024234
00060895
00025779
00029220
00042373
00010136
00036096
00028843
00078135
00072451
00023779
00015085
00057043
00031719
00080020
00026175
00045232
00046118
00094346
00035976
00033698
00055639
00018495
00055233
00091799
00082457
00074019
00089316
00097442
00048969
00013332
00014206
00074603
00070735
00069982
00022099
00041655
00089423
00086673
00094746
00045419
00012227
00016990
00054973
00040071
00036562
00065030
00026441
00024596
00041528
00031718
00091397
00019402
00074518
00054763
00087366
00084830
00090384
00076157
00014709
00034802
00080462
00091851
00072226
00054964
00015222
00040076
00052089
00037373
00034373
00046638
00079450
00098072
00064814
00075336
00087572
00090906
00053022
00046415
00030967
00051033
00061223
00039046
00087254
00056637
00034554
00052318
00093924
00014477
00015816
00019401
00084276
00096621
00079525
00018049
00022859
00020593
00070997
00096120
00030954
00056709
00065226
00057222
00097432
00056333
00087036
00011466
00025305
00024878
00058365
00098082
00027642
00045618
00032000
00071930
00045432
00097356
00039020
00063138
00065540
00063444
00026742
00097820
00074149
00085141
00042725
00032939
00068621
00052973
00044159
00081051
00099173
00086933
00081437
00087512
00051240
00052977
00086139
00081309
00088992
00019852
00016978
00063511
00027535
00082685
00071810
00044028
00021650
00010557
00073194
00091530
00073904
00012115
00065461
00061982
00079740
00027229
00084563
00087021
00079908
00057821
00068224
00058264
00061475
00012748
00028469
00068673
00063962
00063540
00098273
00022713
00053255
00038550
00051450
00049979
00043104
00053435
00046758
00039651
00059679
00035402
00029526
00030590
00065407
00078213
00012328
00034383
00089363
00060562
00097358
00029009
00083266
00086204
00079546
00082798
00069266
00087966
00096277
00075174
00012003
00028714
00080913
00069502
00019254
00048132
00067356
00092589
00079256
00051819
00089304
00054482
00064856
00058907
00059772
00068366
00072505
00083945
00011898
00047913
00094858
00083425
00023307
00035930
00066570
00042501
00068013
00047721
00034331
00028958
00046532
00010647
00089245
00088824
00069339
00087531
00089585
00030771
00043916
00011485
00051443
00023145
00044708
00094252
00016925
00091967
00012359
00050320
00047462
00020763
00046271
00017651
00026905
00027992
00055560
00085598
00032841
00033614
00099042
00091497
00056798
00071236
00050676
00099712
00045123
00053148
00058342
00091572
00096082
00062719
00066831
00060387
00089428
00033587
00078359
00071540
00082119
00078925
00077655
00055100
00025222
00014351
00078459
00077321
00073046
00015708
00076053
00053842
00088468
00013493
00015523
00059434
00094527
00074702
00087802
00024220
00034983
00013181
00078368
00031791
00056958
00065622
00047603
00068695
00028420
00018584
00073093
00062462
00096602
00089775
00082908
00056146
00079655
00070231
00038532
00043463
00033520
00044538
00099499
00071877
00039614
00041629
00075425
00069647
00030948
00072197
00062332
00052570
00089873
00075605
00059301
00046922
00094629
00033856
00094747
00021833
00091392
00071537
00051790
00094322
00056556
00067611
00082432
00036706
00087948
00034137
00072549
00072025
00065659
00050742
00023817
00058670
00017966
00069053
00017631
00088356
00024211
00091166
00035961
00017789
00088697
00034897
00079369
00092216
00093133
00079175
00087491
00096435
00053076
00042983
00065206
00079615
00046364
00040766
00014060
00019978
00031311
00098822
00076577
00080178
00067368
00032751
00078154
00098977
00052551
00050434
00052616
00021610
00045273
00092113
00071526
00082771
00047059
00068424
00030986
00096968
00059085
00048912
00057057
00072244
00029557
00078275
00076632
00068849
00096110
00095494
00036976
00036776
00059919
00091288
00053058
00015001
00086684
00094542
00034810
00064405
00079027
00041123
00099446
00090829
00054103
00058841
00060088
00040497
00028186
00070826
00043363
00051834
00069273
00052205
00075936
00013039
00086088
00068671
00098188
00058864
00065596
00046892
00049100
00013775
00077081
00039791
00070622
00048718
00075785
00047504
00040913
00062795
00013641
00011857
00046777
00075332
00017973
00069418
00047439
00042615
00061104
00059246
00027242
00082775
00083505
00089136
00036039
00048863
00098713
00012570
00090488
00011338
00052530
00022666
00058590
00068216
00049181
00029178
00050743
00052273
00011410
00056917
00073650
00088614
00058094
00088548
00075773
00011231
00081875
00081464
00091797
00031766
00042333
00080227
00046450
00091552
00067833
00054050
00089851
00090714
00038613
00064549
00011436
00032496
00053063
00057074
00076359
00070724
00048100
00065859
00071143
00056448
00029448
00030256
00093433
00084161
00040087
00041282
00034524
00065190
00021783
00019690
00057299
00096999
00045113
00035514
00011843
00019729
00098934
00039303
00090557
00079408
00034355
00090321
00036493
00065774
00094879
00034733
00087446
00089983
00083529
00089816
00084739
00021423
00062765
00063523
00015862
00047923
00019591
00088106
00072857
00014652
00033350
00020270
00055243
00050878
00098482
00044773
00089930
00093986
00029967
00026415
00021878
00028048
00047312
00039442
00071756
00054170
00059135
00066004
00076722
00032123
00094723
00090710
00045942
00067369
00019577
00067016
00028887
00082439
00066622
00064606
00056287
00098687
00041602
00043688
00086714
00077805
00053651
00079795
00092692
00044111
00086444
00011329
00064036
00015157
00038645
00092269
00080559
00033544
00017275
00046163
00093673
00087504
00017680
00088177
00032856
00096261
00047408
00053997
00024997
00049474
00071623
00058195
00021388
00028913
00055153
00028816
00010374
00013099
00049513
00043113
00065647
00094683
00069948
00041728
00090520
00090170
00033397
00068338
00021856
00015170
00035958
00085364
00046694
00047524
00020098
00066305
00071556
00040200
00063580
00087416
00072605
00024245
00070055
00039948
00085960
00011445
00094440
00062047
00048680
00067888
00037842
00019368
00029300
00010972
00084463
00054177
00026527
00098716
00095999
00064508
00021717
00088310
00097004
00046423
00067931
00097258
00065621
00047106
00058049
00055584
00039766
00041256
00079466
00024939
00011727
00050292
00088937
00026082
00030742
00098589
00073946
00026965
00059429
00037318
00079876
