ply
format ascii 1.0
comment generated by blendit.inference.finetune_visualize
element vertex 3664
property float x
property float y
property float z
property uchar red
property uchar green
property uchar blue
element face 6231
property list uchar int vertex_indices
end_header
0 -2.22044605e-16 1.08862271 218 222 230
0 -2.22044605e-16 89.7485831 218 222 230
-2.22044605e-16 91.2825035 1.08862271 218 222 230
0 85.7765111 45.1486216 218 222 230
0 85.7615764 45.3284027 218 222 230
0 85.7615764 45.5088031 218 222 230
0 85.7765111 45.6885842 218 222 230
0 91.2825035 89.7485831 218 222 230
0 -2.22044605e-16 1.08862271 218 222 230
0 -2.22044605e-16 89.7485831 218 222 230
94.5676748 -2.22044605e-16 89.7485831 218 222 230
94.5676748 -2.22044605e-16 1.08862271 218 222 230
4.78861449 0 67.8510095 218 222 230
4.39103639 0 67.8112809 218 222 230
4.00799648 0 67.6953294 218 222 230
3.68717191 0 67.5337856 218 222 230
3.33958408 0 67.2810237 218 222 230
2.9999612 0 66.9345879 218 222 230
2.71677324 0 66.5386383 218 222 230
2.42578103 0 65.9565839 218 222 230
2.21218644 0 65.2545779 218 222 230
2.11408826 0 64.5262125 218 222 230
2.1288113 0 63.7910795 218 222 230
2.25678001 0 63.0675298 218 222 230
2.5014298 0 62.3761466 218 222 230
2.86826918 0 61.7439479 218 222 230
3.36155585 0 61.2096245 218 222 230
3.85020079 0 60.8856443 218 222 230
4.35959811 0 60.7046534 218 222 230
4.84307457 0 60.659092 218 222 230
5.27639259 0 60.7183207 218 222 230
5.68872846 0 60.8669088 218 222 230
6.06618174 0 61.0925213 218 222 230
6.40069693 0 61.380409 218 222 230
6.68887574 0 61.7166243 218 222 230
7.00032141 0 62.220138 218 222 230
7.25393986 0 62.8380505 218 222 230
7.4093169 0 63.4890944 218 222 230
7.46979473 0 64.1563922 218 222 230
7.43677658 0 64.8256555 218 222 230
7.30950024 0 65.4830056 218 222 230
7.08514421 0 66.1126035 218 222 230
6.75945199 0 66.6940559 218 222 230
6.32884715 0 67.198933 218 222 230
5.8533361 0 67.5555189 218 222 230
5.3644568 0 67.7671498 218 222 230
5.0794312 0 67.8298077 218 222 230
81.7758602 -2.22044605e-16 16.2249045 218 222 230
62.3979456 -2.22044605e-16 34.2160822 218 222 230
58.4794416 0 15.1949044 218 222 230
58.4364117 0 14.6683267 218 222 230
58.5214847 0 14.146888 218 222 230
58.729651 0 13.661293 218 222 230
59.048653 0 13.2401357 218 222 230
59.4597064 0 12.9082158 218 222 230
59.9386065 0 12.6850781 218 222 230
60.4571535 0 12.583862 218 222 230
60.9848131 0 12.6105275 218 222 230
0 -2.22044605e-16 1.08862271 255 79 163
-2.22044605e-16 91.2825035 1.08862271 255 79 163
0.0636076573 91.6978415 0.72195727 255 79 163
0.223778372 92.0314379 0.427454295 255 79 163
0.414612352 92.2508566 0.233748778 255 79 163
0.600659178 92.3848157 0.115488087 255 79 163
0.78544631 92.4668485 0.043068563 255 79 163
0.935512595 92.5033768 0.0108209208 255 79 163
1.08862271 92.5156341 2.77555756e-17 255 79 163
1.08862271 1.08862271 -2.22044605e-16 255 79 163
0.806866421 0.806866421 0.0370939194 255 79 163
0.544311356 0.544311356 0.145847788 255 79 163
0.31885021 0.31885021 0.31885021 255 79 163
0.160419264 0.160419264 0.519818907 255 79 163
0.0693732564 0.0693732564 0.706222455 255 79 163
0.0190110949 0.0190110949 0.886063097 255 79 163
0.00476319425 0.00476319425 0.986897814 255 79 163
1.08862271 1.08862271 90.8372058 255 79 163
0.806866421 0.806866421 90.8001119 255 79 163
0.544311356 0.544311356 90.691358 255 79 163
0.31885021 0.31885021 90.5183556 255 79 163
0.160419264 0.160419264 90.3173869 255 79 163
0.0693732564 0.0693732564 90.1309834 255 79 163
0.0190110949 0.0190110949 89.9511427 255 79 163
0.00476319425 0.00476319425 89.850308 255 79 163
0 -2.22044605e-16 89.7485831 255 79 163
1.08862271 91.2825035 90.8372058 255 79 163
0 91.2825035 89.7485831 255 79 163
0.0272940442 91.2825035 89.9908245 255 79 163
0.10780754 91.2825035 90.2209188 255 79 163
0.237503203 91.2825035 90.4273283 255 79 163
0.409877553 91.2825035 90.5997026 255 79 163
0.616287019 91.2825035 90.7293983 255 79 163
0.846381369 91.2825035 90.8099118 255 79 163
-2.22044605e-16 91.2825035 1.08862271 255 79 163
0 85.7765111 45.1486216 255 79 163
0.0272940442 86.0168828 45.1786599 255 79 163
0.10780754 86.2452013 45.2071919 255 79 163
0.237503203 86.4500177 45.2327869 255 79 163
0.409877553 86.6210617 45.2541616 255 79 163
0.616287019 86.7497564 45.270244 255 79 163
0.846381369 86.8296485 45.2802278 255 79 163
1.08862271 86.8567318 45.2836123 255 79 163
1.08862271 92.5156341 2.77555756e-17 255 79 163
0.0636076573 91.6978415 0.72195727 255 79 163
0.223778372 92.0314379 0.427454295 255 79 163
0.414612352 92.2508566 0.233748778 255 79 163
0.600659178 92.3848157 0.115488087 255 79 163
0.78544631 92.4668485 0.043068563 255 79 163
0.935512595 92.5033768 0.0108209208 255 79 163
0 85.7765111 45.6885842 255 79 163
0 91.2825035 89.7485831 255 79 163
0.0272940442 91.5228752 89.7185449 255 79 163
0.10780754 91.7511937 89.6900129 255 79 163
0.237503203 91.9560102 89.6644178 255 79 163
0.409877553 92.1270541 89.6430432 255 79 163
0.616287019 92.2557488 89.6269607 255 79 163
0.846381369 92.3356409 89.616977 255 79 163
1.08862271 92.3627243 89.6135925 255 79 163
1.08862271 86.8567318 45.5535936 255 79 163
0.0272940442 86.0168828 45.6585459 255 79 163
0.10780754 86.2452013 45.6300139 255 79 163
0.237503203 86.4500177 45.6044189 255 79 163
0.409877553 86.6210617 45.5830443 255 79 163
0.616287019 86.7497564 45.5669618 255 79 163
0.846381369 86.8296485 45.556978 255 79 163
0 85.7765111 45.1486216 255 79 163
0.0272940442 86.0168828 45.1786599 255 79 163
0.10780754 86.2452013 45.2071919 255 79 163
0.237503203 86.4500177 45.2327869 255 79 163
0.409877553 86.6210617 45.2541616 255 79 163
0.616287019 86.7497564 45.270244 255 79 163
0.846381369 86.8296485 45.2802278 255 79 163
1.08862271 86.8567318 45.2836123 255 79 163
0 85.7615764 45.3284027 255 79 163
0 85.7615764 45.5088031 255 79 163
0 85.7765111 45.6885842 255 79 163
0.0272940442 86.0168828 45.6585459 255 79 163
0.10780754 86.2452013 45.6300139 255 79 163
0.237503203 86.4500177 45.6044189 255 79 163
0.409877553 86.6210617 45.5830443 255 79 163
0.616287019 86.7497564 45.5669618 255 79 163
0.846381369 86.8296485 45.556978 255 79 163
1.08862271 86.8567318 45.5535936 255 79 163
1.08862271 86.8492645 45.3735028 255 79 163
1.08862271 86.8492645 45.463703 255 79 163
0.0272940442 86.0036098 45.3384384 255 79 163
0.0272940442 86.0036098 45.4987674 255 79 163
0.10780754 86.2335066 45.3479709 255 79 163
0.10780754 86.2335066 45.4892349 255 79 163
0.237503203 86.4397389 45.3565222 255 79 163
0.237503203 86.4397389 45.4806836 255 79 163
0.409877553 86.6119652 45.3636634 255 79 163
0.409877553 86.6119652 45.4735424 255 79 163
0.616287019 86.7415495 45.3690365 255 79 163
0.616287019 86.7415495 45.4681693 255 79 163
0.846381369 86.8219939 45.3723721 255 79 163
0.846381369 86.8219939 45.4648338 255 79 163
1.08862271 1.08862271 -2.22044605e-16 255 79 163
95.6562975 1.08862271 -2.22044605e-16 255 79 163
95.6413006 0.908547888 0.0149968616 255 79 163
95.5967232 0.733434483 0.0595742528 255 79 163
95.5237935 0.568107222 0.132503978 255 79 163
95.4245208 0.417121198 0.231776678 255 79 163
95.3016403 0.284636379 0.354657192 255 79 163
95.1585376 0.174302983 0.497759917 255 79 163
94.9431587 0.0668050968 0.713138797 255 79 163
94.758365 0.0168313908 0.897932458 255 79 163
94.5676748 -2.22044605e-16 1.08862271 255 79 163
0 -2.22044605e-16 1.08862271 255 79 163
0.806866421 0.806866421 0.0370939194 255 79 163
0.544311356 0.544311356 0.145847788 255 79 163
0.31885021 0.31885021 0.31885021 255 79 163
0.160419264 0.160419264 0.519818907 255 79 163
0.0693732564 0.0693732564 0.706222455 255 79 163
0.0190110949 0.0190110949 0.886063097 255 79 163
0.00476319425 0.00476319425 0.986897814 255 79 163
1.08862271 1.08862271 90.8372058 255 79 163
0.806866421 0.806866421 90.8001119 255 79 163
0.544311356 0.544311356 90.691358 255 79 163
0.31885021 0.31885021 90.5183556 255 79 163
0.160419264 0.160419264 90.3173869 255 79 163
0.0693732564 0.0693732564 90.1309834 255 79 163
0.0190110949 0.0190110949 89.9511427 255 79 163
0.00476319425 0.00476319425 89.850308 255 79 163
0 -2.22044605e-16 89.7485831 255 79 163
94.5676748 -2.22044605e-16 89.7485831 255 79 163
95.6562975 1.08862271 90.8372058 255 79 163
95.6413006 0.908547888 90.822209 255 79 163
95.5967232 0.733434483 90.7776316 255 79 163
95.5237935 0.568107222 90.7047018 255 79 163
95.4245208 0.417121198 90.6054291 255 79 163
95.3016403 0.284636379 90.4825486 255 79 163
95.1585376 0.174302983 90.3394459 255 79 163
94.9431587 0.0668050968 90.124067 255 79 163
94.758365 0.0168313908 89.9392734 255 79 163
95.6562975 1.08862271 -2.22044605e-16 255 79 163
95.6413006 0.908547888 0.0149968616 255 79 163
95.5967232 0.733434483 0.0595742528 255 79 163
95.5237935 0.568107222 0.132503978 255 79 163
95.4245208 0.417121198 0.231776678 255 79 163
95.3016403 0.284636379 0.354657192 255 79 163
95.1585376 0.174302983 0.497759917 255 79 163
94.9431587 0.0668050968 0.713138797 255 79 163
94.758365 0.0168313908 0.897932458 255 79 163
94.5676748 -2.22044605e-16 1.08862271 255 79 163
95.6562975 1.08862271 90.8372058 255 79 163
95.6413006 0.908547888 90.822209 255 79 163
95.5967232 0.733434483 90.7776316 255 79 163
95.5237935 0.568107222 90.7047018 255 79 163
95.4245208 0.417121198 90.6054291 255 79 163
95.3016403 0.284636379 90.4825486 255 79 163
95.1585376 0.174302983 90.3394459 255 79 163
94.9431587 0.0668050968 90.124067 255 79 163
94.758365 0.0168313908 89.9392734 255 79 163
94.5676748 -2.22044605e-16 89.7485831 255 79 163
4.78861449 88.2647639 56.8209338 218 222 230
5.18870856 88.2598131 56.7813166 218 222 230
5.57985009 88.2450715 56.6633515 218 222 230
5.95328688 88.2208689 56.4696781 218 222 230
6.30066287 88.187747 56.2046301 218 222 230
6.61420515 88.1464468 55.8741381 218 222 230
6.88689788 88.0978925 55.4855974 218 222 230
7.17654714 88.0237675 54.8924347 218 222 230
7.38859447 87.9309689 54.149843 218 222 230
7.47004826 87.8327099 53.3635553 218 222 230
7.41681722 87.7339257 52.5730659 218 222 230
7.23157506 87.6395783 51.8180799 218 222 230
6.92362624 87.5544066 51.1365193 218 222 230
6.50843864 87.4826885 50.5626181 218 222 230
6.00686656 87.4280265 50.1252024 218 222 230
5.50234545 87.395703 49.8665429 218 222 230
5.02281494 87.3814386 49.7523965 218 222 230
4.53555519 87.3817223 49.7546674 218 222 230
4.05664708 87.396545 49.8732807 218 222 230
3.6018959 87.4254172 50.1043219 218 222 230
3.18630967 87.4673862 50.4401659 218 222 230
2.82360388 87.5210669 50.869729 218 222 230
2.52574882 87.5846876 51.3788344 218 222 230
2.3025745 87.6561488 51.9506802 218 222 230
2.1614463 87.733092 52.5663941 218 222 230
2.10854237 87.8398058 53.4203383 218 222 230
2.23637356 87.9583194 54.3687065 218 222 230
2.55307155 88.0667642 55.2365029 218 222 230
2.98047485 88.149098 55.8953532 218 222 230
3.45878633 88.2065459 56.3550626 218 222 230
3.94532205 88.2423238 56.641364 218 222 230
4.36151887 88.2591178 56.7757531 218 222 230
4.78861449 88.2647639 56.8209338 218 222 230
4.78861449 0 67.8510095 218 222 230
4.78861449 0 67.8510095 218 222 230
4.39103639 0 67.8112809 218 222 230
4.00799648 0 67.6953294 218 222 230
3.68717191 0 67.5337856 218 222 230
3.33958408 0 67.2810237 218 222 230
2.9999612 0 66.9345879 218 222 230
2.71677324 0 66.5386383 218 222 230
2.42578103 0 65.9565839 218 222 230
2.21218644 0 65.2545779 218 222 230
2.11408826 0 64.5262125 218 222 230
2.1288113 0 63.7910795 218 222 230
2.25678001 0 63.0675298 218 222 230
2.5014298 0 62.3761466 218 222 230
2.86826918 0 61.7439479 218 222 230
3.36155585 0 61.2096245 218 222 230
3.85020079 0 60.8856443 218 222 230
4.35959811 0 60.7046534 218 222 230
4.84307457 0 60.659092 218 222 230
5.27639259 0 60.7183207 218 222 230
5.68872846 0 60.8669088 218 222 230
6.06618174 0 61.0925213 218 222 230
6.40069693 0 61.380409 218 222 230
6.68887574 0 61.7166243 218 222 230
7.00032141 0 62.220138 218 222 230
7.25393986 0 62.8380505 218 222 230
7.4093169 0 63.4890944 218 222 230
7.46979473 0 64.1563922 218 222 230
7.43677658 0 64.8256555 218 222 230
7.30950024 0 65.4830056 218 222 230
7.08514421 0 66.1126035 218 222 230
6.75945199 0 66.6940559 218 222 230
6.32884715 0 67.198933 218 222 230
5.8533361 0 67.5555189 218 222 230
5.3644568 0 67.7671498 218 222 230
5.0794312 0 67.8298077 218 222 230
5.59620808 0.0195820896 67.6816709 218 222 230
5.86434017 0.0340298281 67.5448459 218 222 230
6.107233 0.0497824282 67.380175 218 222 230
6.32760087 0.0655945104 67.1919073 218 222 230
6.52814349 0.0804430791 66.9820533 218 222 230
2.96502894 0.0865385669 66.8811091 218 222 230
3.17710818 0.070964347 67.1206639 218 222 230
3.41209504 0.0538297506 67.3345526 218 222 230
3.6429119 0.0383384746 67.5016157 218 222 230
3.83121933 0.0272299687 67.6106981 218 222 230
4.03356472 0.0171715252 67.7034264 218 222 230
5.47030845 0.03894465 67.7280505 218 222 230
6.9919014 0.0485916398 66.2995086 218 222 230
5.41373112 14.7606502 65.9073965 218 222 230
5.65302114 9.86059765 66.426891 218 222 230
2.50545176 0.0517271495 66.1355249 218 222 230
4.07458908 0.0423066122 67.7159487 218 222 230
4.20152679 0.0296394856 67.7600975 218 222 230
5.20750522 39.2647155 62.9001341 218 222 230
6.00441846 29.4975997 63.7741263 218 222 230
5.41373112 58.8930321 60.3923586 218 222 230
5.81341572 54.0094085 60.8288289 218 222 230
4.12710177 44.1868954 62.2180656 218 222 230
3.80918684 22.1379077 64.8361821 218 222 230
5.71547796 66.2643756 59.3486795 218 222 230
6.00664158 63.8290919 59.4823468 218 222 230
5.54547019 78.5081203 57.8940319 218 222 230
5.71898852 73.6292983 58.4265791 218 222 230
3.80918684 66.2702896 59.3211442 218 222 230
3.88272038 73.6260637 58.4389415 218 222 230
4.03968655 78.5053654 57.897485 218 222 230
5.96557639 11.5100434 66.047912 218 222 230
6.22196401 9.87747979 66.0600721 218 222 230
6.11514072 12.3323718 65.8392619 218 222 230
6.36231432 13.1488558 65.5237846 218 222 230
6.16942339 14.782535 65.490522 218 222 230
2.50411379 4.94922072 65.5205928 218 222 230
2.371621 4.95401648 65.1947866 218 222 230
2.31077422 3.30317687 65.2187119 218 222 230
6.29717124 21.338388 64.5617028 218 222 230
6.43473287 17.2565439 64.9375802 218 222 230
4.08008156 4.95778459 67.1037076 218 222 230
4.12040489 3.31517338 67.323335 218 222 230
4.08282899 7.41552286 66.7975812 218 222 230
6.67184879 24.6086809 63.7402073 218 222 230
6.64520189 26.2414024 63.5709188 218 222 230
3.99055064 12.323525 66.1481074 218 222 230
3.85445333 8.24204151 66.5958668 218 222 230
3.42188551 9.88524846 66.1137734 218 222 230
3.42679 14.8009552 65.5033633 218 222 230
2.23327303 16.4048293 63.2974958 218 222 230
2.15380045 14.7522993 63.0840438 218 222 230
2.40768 14.7775055 64.063928 218 222 230
2.56303142 16.4340696 64.2081375 218 222 230
2.86078711 14.7856624 64.9073809 218 222 230
2.43964042 17.2552615 63.8344157 218 222 230
2.28701111 17.2304083 63.3987322 218 222 230
2.79860587 18.8997742 64.304087 218 222 230
6.15759339 35.2307283 62.9446671 218 222 230
6.56738842 33.1926781 62.7984344 218 222 230
2.16315138 22.1012908 62.228452 218 222 230
2.11015864 21.2708162 61.7860643 218 222 230
2.17543672 21.3094464 62.4022373 218 222 230
2.27492897 22.1371586 62.742866 218 222 230
6.92248175 30.8543902 58.220065 218 222 230
7.24612091 29.3187827 59.1499886 218 222 230
6.90931872 29.2507424 58.397483 218 222 230
2.39474972 22.1536857 63.1082971 218 222 230
2.54969496 20.9384308 63.6184017 218 222 230
6.64191703 30.8226185 57.8031741 218 222 230
6.43588422 29.1935078 57.7683136 218 222 230
2.75620554 22.1668111 63.8313767 218 222 230
6.29660139 30.7921063 57.4326096 218 222 230
5.79418759 29.1362821 57.2796222 218 222 230
6.7138832 31.6276005 57.7983678 218 222 230
6.23203937 38.0966824 62.5250539 218 222 230
7.0156689 36.8664019 61.6518589 218 222 230
6.49239391 31.6111551 57.5268137 218 222 230
5.65488858 30.7488045 57.0085368 218 222 230
5.07581881 29.1103356 57.0412317 218 222 230
6.2245902 31.5919676 57.2692552 218 222 230
5.93024284 31.5758232 57.0544809 218 222 230
6.16334715 39.3199106 62.4290672 218 222 230
6.48622209 38.5091592 62.226692 218 222 230
6.92170042 39.3205215 61.5212072 218 222 230
4.68006404 30.7304987 56.8210363 218 222 230
4.3355515 29.117935 57.0712826 218 222 230
3.918752 30.7496731 57.010074 218 222 230
3.62982898 29.1587896 57.3674477 218 222 230
4.48253457 31.5441993 56.7398984 218 222 230
4.06788421 31.5472279 56.848296 218 222 230
6.69787049 35.6468165 57.2741568 218 222 230
7.15310114 36.5226366 57.9928287 218 222 230
7.27863658 35.3503031 58.5003807 218 222 230
2.24762076 27.841197 61.926915 218 222 230
2.18221414 26.9777348 61.7322222 218 222 230
2.3196079 27.0222522 62.2828796 218 222 230
2.2863672 29.5011364 61.8630765 218 222 230
2.14737808 29.4768489 61.1970788 218 222 230
2.44214667 29.4963228 62.3107844 218 222 230
2.12099485 27.7796128 61.157428 218 222 230
2.4390299 27.8755086 62.5057622 218 222 230
2.5315813 27.0612988 62.8159347 218 222 230
2.59562922 27.8775755 62.8415925 218 222 230
2.68204894 27.0671198 63.0983377 218 222 230
2.80092411 27.0604055 63.2877225 218 222 230
7.19013877 37.7507018 57.9355484 218 222 230
7.45439098 37.4562418 59.1767725 218 222 230
2.11228938 31.0267976 60.139851 218 222 230
2.14233155 29.3819533 59.9965119 218 222 230
2.2116752 30.9609683 59.3880919 218 222 230
2.148142 31.7968502 59.6493982 218 222 230
6.50458449 38.0490911 56.7358166 218 222 230
7.10595065 38.9393245 57.5777149 218 222 230
2.75635639 29.5171071 62.913076 218 222 230
3.2647778 24.6087819 64.1389756 218 222 230
2.13881787 31.0905393 60.9266019 218 222 230
2.10683127 31.8493501 60.2125629 218 222 230
7.39681653 42.4884885 59.7839004 218 222 230
7.27858977 41.7087712 60.3793884 218 222 230
7.35265348 41.6896501 60.1004994 218 222 230
7.3887365 41.6683849 59.9303315 218 222 230
7.43813575 41.6389533 59.6107603 218 222 230
7.42488639 44.1178206 59.4040133 218 222 230
7.38054421 44.1501223 59.6624977 218 222 230
5.87784181 45.8390807 61.8127962 218 222 230
5.90977858 41.753813 62.3039494 218 222 230
6.52814349 44.212825 61.4670155 218 222 230
7.44193623 42.4603414 59.4747424 218 222 230
7.45446053 44.0850622 59.1418744 218 222 230
7.45737847 41.6143146 59.4135969 218 222 230
2.13491158 31.8973746 60.7912845 218 222 230
7.46711975 42.4256591 59.1411728 218 222 230
7.47029455 44.0758379 58.8163025 218 222 230
7.46792845 42.3889318 58.7912375 218 222 230
7.46666542 44.0427235 58.5513153 218 222 230
7.43850564 43.998817 58.1999667 218 222 230
2.51019707 35.2941589 57.9465271 218 222 230
3.26535349 34.7907975 56.9469368 218 222 230
2.68069781 34.0372595 57.7773662 218 222 230
2.16215561 35.8110743 59.050262 218 222 230
2.47991163 36.5199572 57.8603356 218 222 230
6.46759477 42.1434675 56.1836171 218 222 230
6.3719341 43.7623692 55.8830088 218 222 230
6.60456829 43.7938905 56.1352484 218 222 230
6.7512395 43.8040585 56.3294209 218 222 230
6.33443056 42.1328322 56.0505302 218 222 230
6.16615948 42.1147706 55.905998 218 222 230
6.05529942 41.2899427 55.9248302 218 222 230
5.92977745 43.7282332 55.5355519 218 222 230
6.01820892 42.1058145 55.7967273 218 222 230
5.96677475 41.2913188 55.8638697 218 222 230
6.39545501 49.1336624 60.9941966 218 222 230
6.49580135 49.1406768 60.8875664 218 222 230
6.63158789 47.507164 60.9308111 218 222 230
5.86535858 42.0984255 55.6999972 218 222 230
5.8296982 41.2810374 55.7815963 218 222 230
5.68934047 41.2720414 55.7096081 218 222 230
6.57202291 49.1298975 60.8013084 218 222 230
6.73902517 47.502774 60.787174 218 222 230
2.39473281 37.7599966 57.9139476 218 222 230
2.98705584 37.2596491 56.9341775 218 222 230
5.61110155 42.0855694 55.5723554 218 222 230
5.59128346 41.273563 55.6653811 218 222 230
5.44639836 41.2667969 55.6112382 218 222 230
4.84095425 43.6866894 55.1996941 218 222 230
6.73850556 49.1222376 60.5855343 218 222 230
6.80606299 49.1099861 60.4874952 218 222 230
6.88436498 47.4878448 60.5647226 218 222 230
3.15209438 34.4221595 62.8024229 218 222 230
2.43358444 36.8589119 61.3698165 218 222 230
2.37990993 34.4066784 61.5371041 218 222 230
6.87079405 49.0973261 60.386187 218 222 230
7.01539764 47.4710304 60.3271849 218 222 230
7.00374847 49.0833868 60.1487643 218 222 230
7.08721603 47.4523956 60.1780657 218 222 230
7.19064196 47.4315809 59.9275837 218 222 230
5.07691097 42.0700015 55.4218748 218 222 230
5.19416335 41.2629418 55.5432417 218 222 230
2.13317963 38.2749822 58.9649924 218 222 230
2.38708653 38.9853529 57.7812692 218 222 230
6.88527339 45.4371054 56.3337239 218 222 230
6.94374052 43.8422422 56.6349744 218 222 230
7.0152168 45.4594645 56.5686819 218 222 230
6.71815054 45.4126044 56.0816262 218 222 230
6.52336364 45.3883819 55.8398117 218 222 230
6.31138703 45.3675036 55.6247586 218 222 230
3.57671929 42.1081802 55.7843015 218 222 230
3.61276849 41.2974961 55.8615824 218 222 230
3.50438498 41.3067269 55.9354491 218 222 230
3.83660133 41.2815193 55.7337332 218 222 230
3.72358366 41.2890877 55.7942974 218 222 230
6.14197849 45.3497338 55.4825612 218 222 230
3.43393943 42.1210225 55.8870677 218 222 230
3.38624901 41.3080431 56.0269769 218 222 230
5.9931737 45.3410341 55.3753424 218 222 230
6.53981918 46.1904636 55.7584431 218 222 230
3.29613931 42.1352687 56.0010684 218 222 230
3.25026828 41.3227575 56.1447239 218 222 230
3.29681 43.7506502 55.798599 218 222 230
6.46256447 46.1798864 55.6738022 218 222 230
5.8395689 45.3339099 55.2807312 218 222 230
3.1561278 42.145193 56.1344813 218 222 230
3.10050591 43.7745262 55.9896592 218 222 230
6.2773862 46.1678972 55.4938083 218 222 230
3.00253912 42.1595274 56.3031846 218 222 230
2.91815872 43.8012452 56.2034701 218 222 230
2.75127603 43.8305864 56.4382639 218 222 230
5.58431616 45.321494 55.1566123 218 222 230
6.14983751 46.1546936 55.3881513 218 222 230
5.92877264 46.1442982 55.2329934 218 222 230
6.65517704 47.4214772 55.7459961 218 222 230
5.79073392 46.1343735 55.1535733 218 222 230
2.84211374 38.5101741 61.916483 218 222 230
5.04896417 45.3068503 55.0135268 218 222 230
5.64953683 46.1257423 55.0845053 218 222 230
5.55097592 46.1275187 55.0423176 218 222 230
5.40546438 46.1211291 54.9911864 218 222 230
5.15245811 46.1179288 54.9284301 218 222 230
3.09739366 39.3284904 62.1312823 218 222 230
2.45010543 39.3095177 61.1036048 218 222 230
5.97299133 47.75714 55.0599522 218 222 230
2.12185529 42.3825258 58.5731987 218 222 230
2.11819428 44.0241978 58.4167304 218 222 230
2.17713921 43.9646587 57.9402874 218 222 230
2.87707744 40.1430758 61.7609565 218 222 230
2.10709996 42.4090807 58.87475 218 222 230
2.10667189 41.6015511 59.1039911 218 222 230
2.10756841 44.0784727 58.8510487 218 222 230
3.40976654 45.3607072 55.5014134 218 222 230
3.52299988 43.739386 55.6179651 218 222 230
2.11169614 42.4357069 59.1768715 218 222 230
2.13293891 44.088757 59.2494449 218 222 230
2.11535454 41.6316987 59.3452376 218 222 230
3.27287844 45.3751907 55.6173134 218 222 230
2.13617932 42.4737184 59.4810467 218 222 230
2.19062559 44.1367002 59.6330959 218 222 230
2.13298792 41.6413132 59.5557554 218 222 230
2.16482922 41.6710341 59.7935876 218 222 230
3.13392649 45.3853561 55.7526551 218 222 230
3.14313927 40.5520418 62.0271101 218 222 230
3.57503916 46.1565772 55.2795323 218 222 230
3.68503994 46.1478826 55.2099572 218 222 230
2.9816781 45.3999547 55.923473 218 222 230
3.46754807 46.1660878 55.355638 218 222 230
2.8182698 45.4267383 56.1378007 218 222 230
3.35050108 46.1677088 55.449605 218 222 230
3.21593836 46.1827738 55.5701579 218 222 230
2.6709215 45.444454 56.3686188 218 222 230
2.58454587 43.8463007 56.7260025 218 222 230
3.07148937 46.201294 55.7183602 218 222 230
2.53885583 45.4641295 56.6151196 218 222 230
2.41582064 43.892145 57.0928578 218 222 230
2.95249914 46.2022281 55.8594154 218 222 230
2.42121502 45.4970613 56.878646 218 222 230
2.82349207 46.2236274 56.0306574 218 222 230
3.15664545 41.7766016 61.8880581 218 222 230
2.71518571 46.2440878 56.1943847 218 222 230
2.29221511 45.5302745 57.2497908 218 222 230
2.2677738 43.9473075 57.5342785 218 222 230
6.5665347 57.2774448 59.7896764 218 222 230
6.58271165 56.4449867 59.8743456 218 222 230
6.67994537 56.4298107 59.7529044 218 222 230
6.48100999 56.4593435 59.9892315 218 222 230
6.72811107 58.9119309 59.3768301 218 222 230
6.53383329 58.942296 59.6198169 218 222 230
2.53938991 46.2642811 56.5140253 218 222 230
2.20160447 45.5623015 57.6114436 218 222 230
6.73683769 57.2587124 59.5711188 218 222 230
6.82634515 56.4141074 59.543325 218 222 230
2.4695331 46.2830259 56.6640245 218 222 230
2.41752603 46.2984954 56.787815 218 222 230
3.09110358 42.5910378 61.7167028 218 222 230
2.16390255 45.5880211 57.817257 218 222 230
6.85511146 57.2366662 59.3947011 218 222 230
7.00652345 58.8804578 58.9190051 218 222 230
6.92438571 56.3940558 59.3828683 218 222 230
2.3110517 46.3145623 57.0892312 218 222 230
2.12525643 45.6126201 58.1293332 218 222 230
6.99553751 57.2129384 59.1488804 218 222 230
7.0679016 56.3665225 59.1065054 218 222 230
7.12667752 57.185182 58.8708226 218 222 230
7.14578872 58.8427554 58.6173035 218 222 230
2.86074633 47.8188126 55.7786185 218 222 230
7.24813604 57.1494592 58.5476049 218 222 230
7.26158772 58.8029511 58.2987818 218 222 230
7.39579062 58.7561846 57.7567092 218 222 230
2.37510566 47.5046591 56.7493597 218 222 230
3.50645845 44.2149144 61.8881466 218 222 230
2.96502894 44.2189205 61.3660712 218 222 230
6.78490466 60.5282299 59.0926012 218 222 230
6.89960349 60.5056755 58.9121162 218 222 230
7.03507398 60.4813457 58.6614789 218 222 230
6.66037301 61.3501741 59.1638596 218 222 230
6.56220252 61.365185 59.28398 218 222 230
6.75388213 61.3343738 59.037423 218 222 230
7.16061598 60.4530293 58.3789398 218 222 230
6.89390974 61.3177331 58.8203423 218 222 230
7.27556963 60.4167908 58.0515948 218 222 230
6.98705305 61.2970558 58.6548785 218 222 230
6.88414253 56.7839447 54.913858 218 222 230
7.05114966 58.4402118 55.0202005 218 222 230
7.06425329 56.821991 55.2502998 218 222 230
6.71775141 58.3796827 54.460631 218 222 230
6.79149704 55.9569726 54.8699811 218 222 230
7.37289909 60.3741152 57.6727393 218 222 230
7.12217997 61.2686106 58.3712182 218 222 230
6.67572076 56.7496299 54.6072773 218 222 230
6.65245802 55.9330826 54.6788086 218 222 230
6.45146273 55.9099913 54.4460465 218 222 230
6.41819875 58.3356468 54.1082475 218 222 230
7.21454557 61.2392047 58.1359067 218 222 230
7.43876065 60.3277777 57.2699507 218 222 230
7.45131689 58.7055033 57.3511479 218 222 230
6.44041993 56.7185336 54.3333703 218 222 230
6.28940089 55.8904452 54.2896351 218 222 230
7.31627341 61.204382 57.8092677 218 222 230
7.46881818 60.280519 56.85979 218 222 230
7.46453816 58.6358464 56.6816684 218 222 230
7.37630115 61.1727776 57.5563629 218 222 230
6.18255106 56.6922005 54.0975802 218 222 230
6.05863182 55.8720663 54.1049616 218 222 230
5.87837965 55.8574867 53.988293 218 222 230
5.57508711 56.6483078 53.7373284 218 222 230
4.5197633 56.6333041 53.5992376 218 222 230
4.93869909 58.2486324 53.3848992 218 222 230
4.31212046 55.8296825 53.7387558 218 222 230
4.06792736 55.8352051 53.8131136 218 222 230
3.76066063 55.8527204 53.9532748 218 222 230
3.91268405 55.843194 53.8770427 218 222 230
3.72885381 54.2337727 54.1736064 218 222 230
5.71961894 58.2737881 53.599721 218 222 230
3.50743535 55.8660337 54.1138067 218 222 230
3.05826412 54.7040392 54.6706826 218 222 230
3.30998015 55.8856028 54.270402 218 222 230
2.80637084 54.7330908 54.9922129 218 222 230
3.83949515 56.6583413 53.810686 218 222 230
3.58726866 56.6741043 53.9569343 218 222 230
3.40727816 58.3144622 53.8846393 218 222 230
3.39751307 56.6914041 54.0953705 218 222 230
3.15372459 56.7145129 54.3162894 218 222 230
3.0041731 58.3559831 54.2772278 218 222 230
2.524465 56.0079127 55.3275586 218 222 230
2.65782728 54.7624269 55.226966 218 222 230
2.48501566 54.7915632 55.5654864 218 222 230
2.39457326 54.8186971 55.7826171 218 222 230
4.14450543 58.2625518 53.4827632 218 222 230
3.5759908 51.5721609 61.0177263 218 222 230
3.55269484 63.8305768 59.4698194 218 222 230
3.35944379 49.1242379 61.1591054 218 222 230
3.08329131 58.9384139 59.6652447 218 222 230
2.89746939 56.7470891 54.6129678 218 222 230
2.57544653 58.4363639 54.9204501 218 222 230
2.77501958 58.3940263 54.5816568 218 222 230
2.30885784 58.5044186 55.5730305 218 222 230
2.34091392 56.0569004 55.7789368 218 222 230
2.32656567 54.8426617 55.9743864 218 222 230
2.21613936 56.103937 56.2255767 218 222 230
2.24186291 54.8652128 56.2700751 218 222 230
2.1422864 56.148445 56.6519826 218 222 230
2.11441228 56.1864474 56.9560848 218 222 230
5.91791229 63.1427109 53.1019744 218 222 230
6.15646128 63.1588176 53.2684657 218 222 230
6.09187316 61.5383369 53.4212395 218 222 230
5.73278818 63.1299003 52.9994612 218 222 230
3.76553159 63.1346485 53.0405804 218 222 230
3.9176682 63.1251714 52.964743 218 222 230
3.74211868 61.5196218 53.2555313 218 222 230
3.61715581 63.1456293 53.1284505 218 222 230
3.49440799 61.5369981 53.4146899 218 222 230
2.14093764 60.3320756 57.2902417 218 222 230
2.10876663 58.6696061 57.0729998 218 222 230
2.16792636 58.7453596 57.6791938 218 222 230
2.10793898 60.2805842 56.8422004 218 222 230
2.23007572 60.386824 57.7877186 218 222 230
2.36705122 58.8154927 58.4511448 218 222 230
2.37274536 60.4389485 58.264198 218 222 230
2.18703785 61.1697669 57.4855872 218 222 230
2.5504451 60.4819242 58.6783418 218 222 230
2.55165917 58.8693746 58.8823181 218 222 230
2.2694668 61.2073801 57.8405712 218 222 230
2.35776662 61.2424791 58.1214402 218 222 230
2.74923446 60.516846 59.0280367 218 222 230
2.74423863 58.9116688 59.2207647 218 222 230
2.52588948 61.2821023 58.5275667 218 222 230
2.65862583 61.3134332 58.7782828 218 222 230
2.85968499 61.3390047 59.0882772 218 222 230
2.99474598 61.3605079 59.2603495 218 222 230
4.75349922 74.4326853 51.3571199 218 222 230
4.98078076 72.8149809 51.5682114 218 222 230
4.18551742 72.8268389 51.6495799 218 222 230
6.70159236 84.8862087 56.1676314 218 222 230
6.39495792 83.3072984 56.7241598 218 222 230
6.60101087 83.2791252 56.4987127 218 222 230
6.81115827 83.2435639 56.2141449 218 222 230
6.94746821 84.8386324 55.7869165 218 222 230
6.99582802 83.2043416 55.9002802 218 222 230
4.99479795 77.6704547 50.9628428 218 222 230
5.67444975 77.6928663 51.151199 218 222 230
5.25481278 76.0568925 51.2085823 218 222 230
7.16074193 84.7825657 55.3382602 218 222 230
6.97120764 84.327819 51.6262857 218 222 230
6.99426927 82.7146121 51.8718637 218 222 230
6.80935663 82.6754209 51.5582482 218 222 230
7.17933623 84.3844096 52.0791339 218 222 230
6.71424118 84.2769836 51.2194911 218 222 230
6.59898902 82.6398951 51.2739642 218 222 230
6.41418675 84.2330408 50.8678525 218 222 230
6.36581643 82.6084823 51.0225926 218 222 230
2.12077217 78.0509133 54.1296019 218 222 230
2.41782125 76.2767987 53.0408044 218 222 230
2.10816253 75.6533442 54.6714403 218 222 230
3.39041651 84.2081314 50.6625132 218 222 230
3.49700456 82.5796876 50.7831582 218 222 230
3.28882108 82.6006465 50.9508754 218 222 230
3.12377074 84.2388125 50.9080292 218 222 230
3.09303756 82.6246386 51.1428643 218 222 230
2.91127268 82.6514654 51.3575377 218 222 230
2.88158215 84.2745904 51.1943305 218 222 230
2.66740859 84.3149394 51.5172112 218 222 230
2.44924742 84.791452 55.4178694 218 222 230
2.42097398 83.1592835 55.5524659 218 222 230
2.59083842 83.2050132 55.9184037 218 222 230
2.25937422 84.7222804 54.864345 218 222 230
2.72521963 84.8577044 55.9480339 218 222 230
2.82038494 83.2519737 56.2941901 218 222 230
3.05063574 84.9120324 56.3827767 218 222 230
3.08651389 83.2933467 56.625265 218 222 230
6.43738087 1.70213358 66.8785858 218 222 230
6.13170569 1.71241061 67.1536502 218 222 230
6.61233143 1.69540711 66.6798922 218 222 230
6.73834186 1.69964566 66.5119682 218 222 230
6.85199655 1.70487381 66.3393135 218 222 230
6.42929392 2.53864863 66.7824674 218 222 230
7.03882356 1.69399642 66.0001577 218 222 230
6.68765237 2.52781714 66.478491 218 222 230
6.82921221 2.51135571 66.2748258 218 222 230
6.91470253 2.51183373 66.1332879 218 222 230
6.99160415 2.51384835 65.9920098 218 222 230
7.06145599 2.51660911 65.8497644 218 222 230
6.58946082 8.2495468 65.888956 218 222 230
6.71167285 9.87368636 65.5278034 218 222 230
6.87828333 8.24019442 65.4795078 218 222 230
7.09448305 9.85329054 64.8603665 218 222 230
6.75382857 7.4318407 65.7734728 218 222 230
6.95478957 7.42251661 65.4479032 218 222 230
7.12571046 7.40957372 65.0933752 218 222 230
7.42902802 6.55262759 62.8036195 218 222 230
7.46907619 4.9311913 63.7672463 218 222 230
7.38308863 4.91285492 62.7285822 218 222 230
6.64186648 10.421519 65.5521449 218 222 230
6.6060238 10.6952751 65.5630338 218 222 230
6.45161123 11.2430009 65.6713299 218 222 230
6.6673142 11.1033383 65.4338942 218 222 230
6.89629137 10.6925774 65.1427034 218 222 230
6.78348129 11.1105185 65.2702496 218 222 230
7.02703244 10.6990996 64.8989869 218 222 230
7.24762516 9.85838696 64.4589445 218 222 230
6.89128369 11.1168541 65.098188 218 222 230
6.73065573 11.7968096 65.2610317 218 222 230
6.97938648 11.5188026 64.8900871 218 222 230
7.25462544 10.9634021 64.2991128 218 222 230
7.36172307 9.86139459 64.0374919 218 222 230
5.58657525 5.34906509 60.1527407 218 222 230
5.88532669 5.60925321 60.2717607 218 222 230
6.17435846 4.83277034 60.5715794 218 222 230
7.1880881 11.5135386 64.4229835 218 222 230
2.14258856 1.09791461 63.5289678 218 222 230
2.10722211 1.1015555 64.0297472 218 222 230
2.1146641 1.64781269 63.7672151 218 222 230
2.10750076 1.6524096 64.149692 218 222 230
6.85150503 13.9774152 64.806459 218 222 230
6.95606121 14.7771173 64.5264927 218 222 230
6.79719564 14.769275 64.7924119 218 222 230
2.12969462 1.65355898 64.5206643 218 222 230
6.0246344 15.6062793 65.4961369 218 222 230
6.56249342 16.4287 64.8991594 218 222 230
2.13328502 2.73576119 63.405187 218 222 230
3.39320104 5.38311259 60.5106662 218 222 230
4.32193482 4.84193428 60.1081296 218 222 230
3.71080154 4.86172552 60.3539392 218 222 230
4.30940104 6.45593203 59.9094456 218 222 230
2.99813884 4.8663915 60.9688286 218 222 230
7.11481524 14.2415071 64.2653115 218 222 230
7.42910049 14.752172 63.0428254 218 222 230
7.2119868 14.788329 63.9479307 218 222 230
7.09395046 14.7838105 64.2454215 218 222 230
7.06086068 13.967603 64.4200552 218 222 230
5.80876979 8.61745774 59.8517471 218 222 230
5.55087213 9.71582965 59.5924917 218 222 230
6.26642099 9.73991654 60.0363009 218 222 230
3.24339199 5.64636782 60.6095288 218 222 230
5.4018874 8.61608492 59.6769039 218 222 230
5.56455648 8.06187692 59.8046711 218 222 230
5.32660445 8.06674493 59.7233701 218 222 230
4.93409803 8.07384931 59.6546901 218 222 230
7.15618496 15.3312548 64.0288253 218 222 230
7.12637312 15.6025529 64.0679544 218 222 230
7.18627931 15.6039863 63.9166635 218 222 230
6.98214459 16.1608098 64.3047496 218 222 230
4.71657084 8.60764714 59.5839869 218 222 230
7.29054406 15.3213951 63.6361621 218 222 230
7.14795558 16.0213176 63.9631561 218 222 230
5.98545827 10.5236306 59.7211477 218 222 230
3.50342368 1.7127309 67.1972475 218 222 230
7.20773749 16.020964 63.8058481 218 222 230
7.33051086 15.5993012 63.4531458 218 222 230
2.15523611 4.39259201 64.3886817 218 222 230
2.1116471 4.10934004 63.9653058 218 222 230
2.13542087 5.46362112 63.0446019 218 222 230
2.46432035 4.90396786 61.8470731 218 222 230
2.2022723 4.91251791 62.6880107 218 222 230
4.92138188 9.68736767 59.4521699 218 222 230
4.28436618 9.68395695 59.512313 218 222 230
5.58907861 10.5174606 59.5079159 218 222 230
2.11732364 4.93579682 63.9616412 218 222 230
5.83814731 10.9176378 59.5807766 218 222 230
3.88136738 8.61922574 59.793223 218 222 230
5.60811582 10.9183111 59.4659092 218 222 230
5.96154134 11.3306509 59.6045066 218 222 230
2.10863403 5.74827987 63.6820339 218 222 230
2.11649933 5.73957688 63.2261316 218 222 230
4.70090841 10.2258722 59.3823899 218 222 230
2.8342758 3.88232065 66.2326472 218 222 230
3.03042321 3.34436941 66.5526548 218 222 230
4.91062324 10.500878 59.349823 218 222 230
4.26322517 11.3118286 59.3144287 218 222 230
2.14809767 5.48531849 64.2006333 218 222 230
2.26828802 6.58234755 64.662499 218 222 230
3.29779963 8.64357029 60.1848952 218 222 230
2.65140595 9.77853366 60.8597214 218 222 230
3.13056642 9.749227 60.2094893 218 222 230
3.68753048 8.09068674 59.9642992 218 222 230
3.38479882 8.09155383 60.1790951 218 222 230
5.61761647 11.5882674 59.3863013 218 222 230
6.30816205 12.4293818 59.7379194 218 222 230
3.67593204 9.705181 59.7695883 218 222 230
3.19645683 4.15809809 66.6292289 218 222 230
3.86663715 10.2382553 59.598064 218 222 230
3.47268578 4.43057989 66.8347585 218 222 230
7.12906078 18.8814932 63.6517767 218 222 230
7.11194595 18.4771258 63.7426898 218 222 230
3.66614076 10.5195161 59.6738417 218 222 230
3.17971743 4.97823329 66.5100494 218 222 230
6.35271934 14.055537 59.5766792 218 222 230
6.3624338 14.6109342 59.5166678 218 222 230
6.76338346 14.6431311 59.9911369 218 222 230
6.1469883 14.04825 59.3981113 218 222 230
5.88742867 14.5852588 59.1513314 218 222 230
6.12165238 13.7672476 59.4135233 218 222 230
6.03444522 13.7682136 59.3492817 218 222 230
5.79051961 13.7629535 59.1987776 218 222 230
4.95960837 14.5547502 58.8468207 218 222 230
5.68513277 14.5755161 59.0437543 218 222 230
5.15913583 12.9393372 59.0758563 218 222 230
6.78913791 20.5230202 64.0855433 218 222 230
7.16211655 19.6901207 63.4690916 218 222 230
4.25266729 12.1257749 59.2155706 218 222 230
3.64661265 12.1482058 59.482504 218 222 230
2.79901626 6.34240387 65.8739374 218 222 230
3.10017424 10.9534252 60.0915342 218 222 230
4.47031491 12.6604644 59.1016393 218 222 230
4.88910023 12.1279201 59.1453005 218 222 230
7.10083546 20.2447194 63.5473819 218 222 230
7.44587238 19.665037 62.2863616 218 222 230
3.46141019 5.79685729 66.6554601 218 222 230
2.1068021 8.74532654 63.1020858 218 222 230
2.10667083 9.83426257 63.073709 218 222 230
2.12795563 9.83044589 62.5715229 218 222 230
3.1808571 6.20718136 66.3576179 218 222 230
6.6287914 15.6963799 59.6767276 218 222 230
6.89244735 14.6503841 60.1931207 218 222 230
7.06827293 20.5218357 63.585062 218 222 230
4.13095701 12.5319669 59.202066 218 222 230
3.96591603 12.4023333 59.2818357 218 222 230
3.42594307 12.9706707 59.5361635 218 222 230
6.50399893 15.6897839 59.5293117 218 222 230
2.65819786 10.8439567 60.7146225 218 222 230
2.20520793 9.82169702 62.0603188 218 222 230
4.26320232 12.9307746 59.112122 218 222 230
2.97224673 7.03538038 66.0216814 218 222 230
5.76501755 15.1117373 59.0166591 218 222 230
6.48197664 16.2218755 59.4385177 218 222 230
2.66160778 11.3766699 60.6420871 218 222 230
4.24913469 13.4763892 59.0477592 218 222 230
4.22104618 14.5676557 58.9193316 218 222 230
3.58307157 14.5839036 59.2195947 218 222 230
6.3625293 16.2153428 59.3162644 218 222 230
2.55278606 8.23878719 65.2116914 218 222 230
2.96129012 9.88166959 65.6523961 218 222 230
2.41697626 9.86982113 64.7010327 218 222 230
5.70289605 15.3753539 58.9523431 218 222 230
4.97254064 16.1719963 58.64587 218 222 230
6.28092642 16.2148178 59.2400914 218 222 230
3.24210366 7.44381305 66.2627885 218 222 230
2.88581033 7.44096905 65.8594421 218 222 230
6.73052233 17.3282736 59.608502 218 222 230
2.91065159 8.25458998 65.7908595 218 222 230
5.70683002 16.1859505 58.8529635 218 222 230
2.10698167 10.6590697 62.9954544 218 222 230
2.12428206 10.6636397 63.3363036 218 222 230
2.13681879 9.83495205 63.565454 218 222 230
2.23726884 11.9516497 61.6516178 218 222 230
2.11821016 11.0733969 63.2075421 218 222 230
2.22369951 10.6776401 63.9721068 218 222 230
6.92636648 23.5207307 63.4874088 218 222 230
7.03733388 22.9746155 63.3438841 218 222 230
2.14351517 11.0781584 63.4662416 218 222 230
2.10958569 11.4777974 62.9946895 218 222 230
2.83174628 13.8140395 60.0688868 218 222 230
3.02181913 14.6253083 59.7211675 218 222 230
4.16856552 15.6380443 58.8015456 218 222 230
3.37466651 16.2160644 59.1721956 218 222 230
6.63018361 18.9433355 59.2727308 218 222 230
6.81364305 19.5121079 59.4581025 218 222 230
7.13132343 19.5549783 60.0597704 218 222 230
6.38712669 19.4717458 58.9335135 218 222 230
2.27006372 11.2254342 64.0887917 218 222 230
2.54543196 11.5106892 64.7878547 218 222 230
2.3849154 12.31961 64.3108598 218 222 230
2.73311938 14.0983003 60.1825167 218 222 230
2.68359961 13.8288609 60.2977886 218 222 230
2.82589244 14.6367205 59.97448 218 222 230
2.55509373 14.6693828 60.4302701 218 222 230
7.41311079 21.2402656 60.8585207 218 222 230
7.46133233 19.6420069 61.4982486 218 222 230
7.35555158 19.6015344 60.7622993 218 222 230
2.15248387 11.7603003 63.4486061 218 222 230
6.3121184 18.6481646 58.9644384 218 222 230
6.53159241 18.6601091 59.1893261 218 222 230
5.72942305 19.4229835 58.4596369 218 222 230
5.71469124 17.8071468 58.6542286 218 222 230
4.14241749 16.1733036 58.743173 218 222 230
2.57748853 14.1120929 60.4554743 218 222 230
2.39519663 14.6817884 60.796704 218 222 230
4.90632027 17.2438532 58.5069238 218 222 230
2.24473072 13.5858102 61.4170169 218 222 230
2.2253718 14.7240649 61.3556055 218 222 230
2.13031441 14.7365274 61.934269 218 222 230
4.24956341 16.577759 58.6600761 218 222 230
2.93573247 10.7062445 65.517038 218 222 230
3.94491958 16.4514769 58.7850319 218 222 230
3.5659272 17.0151579 58.9274408 218 222 230
7.16029174 24.6006332 62.8600861 218 222 230
4.87318057 17.779883 58.4382617 218 222 230
4.0230311 17.7978008 58.5838467 218 222 230
4.1735129 16.9840774 58.6317679 218 222 230
7.01328044 25.150515 63.1207071 218 222 230
2.81137532 15.4378031 59.8954385 218 222 230
2.56624198 15.1949088 60.3422973 218 222 230
2.66516059 15.4528957 60.1265112 218 222 230
6.5789709 20.5530864 59.0083851 218 222 230
4.91495177 18.3219878 58.3727209 218 222 230
4.99839198 19.4065194 58.2442162 218 222 230
3.9256205 19.4138008 58.4235268 218 222 230
3.25403014 11.2541423 65.7978479 218 222 230
7.15155488 25.4175625 62.7799917 218 222 230
7.42771485 24.5733255 61.8258434 218 222 230
2.10702808 14.1979517 62.4046172 218 222 230
2.10808924 13.9287473 62.6404595 218 222 230
2.10707831 14.7468404 62.3328948 218 222 230
2.1160351 14.751429 62.7153049 218 222 230
2.86220968 12.0720424 65.2484609 218 222 230
6.27998955 20.5336621 58.6995429 218 222 230
2.12503311 13.9357539 62.935996 218 222 230
2.28719105 13.1317101 63.9115529 218 222 230
3.17323362 11.9378288 65.6337999 218 222 230
6.45094628 21.0754624 58.7986239 218 222 230
3.04721831 12.348725 65.4468027 218 222 230
6.22506888 21.0649479 58.5851795 218 222 230
2.25573715 15.7600303 61.1020706 218 222 230
2.10871195 15.2884871 62.1958957 218 222 230
2.10646467 15.5645469 62.3273492 218 222 230
2.82424341 13.5728002 65.0072793 218 222 230
3.1684327 13.1673384 65.4752854 218 222 230
3.47583483 18.63401 58.7899435 218 222 230
2.99306914 19.4891581 59.147593 218 222 230
7.30070445 26.765742 62.1701839 218 222 230
2.83633978 13.9771008 64.9740858 218 222 230
2.97056117 18.2676222 59.3277511 218 222 230
7.05867865 27.8785055 62.6863252 218 222 230
2.12341104 16.5947012 61.7768964 218 222 230
2.24534717 16.6908772 61.0265195 218 222 230
2.27217479 16.2780837 60.9758692 218 222 230
2.69573978 18.2882309 59.7200594 218 222 230
2.89879112 17.5933409 59.5040859 218 222 230
2.62879972 17.894142 59.8861106 218 222 230
7.20688662 27.8602469 62.328723 218 222 230
6.71134624 23.7774864 58.7758613 218 222 230
7.13049444 24.3757903 59.4553416 218 222 230
7.06349929 23.5502516 59.4065094 218 222 230
2.22632721 17.6637884 60.9840923 218 222 230
2.62972473 18.7063723 59.7829263 218 222 230
2.50835637 19.5439157 59.9187478 218 222 230
2.19240694 19.6098154 60.9008753 218 222 230
7.25494518 28.4076746 62.118173 218 222 230
7.21190758 29.4991909 62.1098002 218 222 230
7.05016383 29.4926077 62.5026403 218 222 230
7.33704698 29.5015809 61.6894786 218 222 230
6.8283726 24.8758968 58.8107458 218 222 230
7.1906213 25.203612 59.5048068 218 222 230
3.04909609 20.5529317 58.948829 218 222 230
2.11087738 18.421337 62.1596082 218 222 230
4.90988665 23.4468386 57.731976 218 222 230
5.20122389 23.7182521 57.7371886 218 222 230
5.51613917 22.6490988 57.9628121 218 222 230
4.66445378 22.6327128 57.8338913 218 222 230
2.1074948 18.8308932 62.0026856 218 222 230
2.10769701 19.6499845 61.6886717 218 222 230
4.54145301 23.1767959 57.7773459 218 222 230
4.29727713 24.2677506 57.6865681 218 222 230
3.82545195 22.6614824 58.0663146 218 222 230
2.19107648 20.1381655 60.8417528 218 222 230
5.04124366 24.2551897 57.6432696 218 222 230
5.76573456 24.2765908 57.8717419 218 222 230
2.27622365 18.600756 63.1894491 218 222 230
2.52821913 21.1280879 59.6784404 218 222 230
3.0776155 21.0849155 58.8502235 218 222 230
2.19041508 20.4023407 60.8121929 218 222 230
7.10851305 31.5382685 62.1184496 218 222 230
7.46032775 29.4546934 60.8912899 218 222 230
7.43481187 31.9045949 60.8548204 218 222 230
5.17062915 25.0656552 57.5626648 218 222 230
5.45639801 25.3427618 57.6046169 218 222 230
2.27095046 19.2859224 63.0847477 218 222 230
4.87943333 24.7944372 57.5619566 218 222 230
4.55540954 25.8777813 57.4381327 218 222 230
2.53831474 21.9201912 59.5584245 218 222 230
7.05082516 28.1837295 58.8005425 218 222 230
5.29776142 25.8781962 57.4898507 218 222 230
6.00100586 25.911982 57.8086092 218 222 230
6.7974741 28.1482706 58.3541455 218 222 230
6.93250359 27.6182537 58.6422303 218 222 230
6.73830008 27.5974989 58.3361921 218 222 230
2.34958618 19.8379104 63.2718495 218 222 230
7.13617046 32.5609513 61.9251732 218 222 230
2.2081006 20.2998473 62.6986665 218 222 230
2.19652329 20.6364099 62.6000935 218 222 230
7.01324549 33.1867991 62.1165161 218 222 230
7.20398053 32.7629219 61.7241523 218 222 230
7.31747466 33.1651822 61.3086612 218 222 230
7.41637148 33.1294026 60.8354411 218 222 230
6.76893726 33.8749113 62.4470012 218 222 230
7.40331108 30.706851 59.61572 218 222 230
7.42376873 29.3791286 59.9127972 218 222 230
6.86158117 34.2147586 62.2611273 218 222 230
2.74806087 24.3181096 58.8816999 218 222 230
3.06321518 23.7562287 58.5325088 218 222 230
2.59748255 23.5359373 59.2393134 218 222 230
3.2622913 24.8125328 58.1967157 218 222 230
7.39171912 31.3707622 59.4675811 218 222 230
2.99501316 20.6702845 64.3455575 218 222 230
6.91515364 35.0989138 62.0602312 218 222 230
2.83501036 25.1100202 58.6526151 218 222 230
3.26335643 20.5285156 64.6475526 218 222 230
7.37522585 32.0335629 59.3001225 218 222 230
7.4663945 33.2435444 59.89441 218 222 230
7.33765925 33.3593781 58.9669169 218 222 230
3.10055255 21.5542397 64.3558911 218 222 230
2.97918531 21.7595724 64.1901934 218 222 230
2.57029355 22.9759128 63.4050324 218 222 230
6.91350077 32.1918597 58.0372045 218 222 230
3.23710536 22.1629662 64.4186569 218 222 230
7.43430469 33.9447718 59.4215271 218 222 230
7.4600573 34.2381861 59.6545736 218 222 230
7.00314803 32.4753321 58.1673678 218 222 230
2.71955464 26.7445033 58.6240457 218 222 230
2.3954376 25.9868587 59.3833184 218 222 230
3.66568191 28.0693538 57.480996 218 222 230
2.93668219 29.2170596 58.0020591 218 222 230
2.67210023 23.3855243 63.5413809 218 222 230
2.35318524 23.7638108 62.7917491 218 222 230
2.76726544 23.3902271 63.6956022 218 222 230
2.78882589 27.5682186 58.4129548 218 222 230
5.36885584 31.2771909 56.8349335 218 222 230
6.55767903 32.9539699 57.4333786 218 222 230
5.77202915 40.1181591 62.587164 218 222 230
6.28975273 40.9520105 62.1174129 218 222 230
5.07573359 31.1357417 56.7881129 218 222 230
5.22294703 31.5433639 56.7639745 218 222 230
7.46931769 36.5612549 59.8051928 218 222 230
7.39377185 37.1677373 60.465653 218 222 230
2.43965072 25.4051752 62.8159803 218 222 230
7.28217513 37.8887298 60.8446944 218 222 230
5.96288319 32.7834946 56.9245106 218 222 230
6.58964894 33.6255052 57.3876841 218 222 230
2.23872425 26.1970657 62.0964571 218 222 230
2.20531812 25.7840753 62.0000672 218 222 230
5.27171616 32.3546713 56.6739399 218 222 230
5.36874426 33.9777304 56.4974253 218 222 230
7.37338508 38.3968552 60.4167965 218 222 230
2.31622585 28.7526618 59.2672574 218 222 230
2.42204608 29.2936962 58.9014216 218 222 230
2.27108543 28.482707 59.4546758 218 222 230
2.15616843 28.5329377 59.9996821 218 222 230
2.87569251 30.2861943 57.9490426 218 222 230
4.71614965 32.7492659 56.5671258 218 222 230
6.89151588 40.6686195 61.4048352 218 222 230
3.53488476 31.5625992 57.1311698 218 222 230
2.49482269 30.0810792 58.6315803 218 222 230
6.08640625 34.7964288 56.7589992 218 222 230
6.62636488 34.2991644 57.3489516 218 222 230
7.4707717 38.5750838 59.4496745 218 222 230
6.59397696 41.4877236 61.7298224 218 222 230
6.87615762 41.342634 61.3463729 218 222 230
3.35382661 31.9726803 57.2206702 218 222 230
3.28846492 31.577131 57.3273913 218 222 230
2.76154757 32.4298653 57.8469752 218 222 230
7.25511072 40.4850375 60.6083964 218 222 230
6.73236419 41.7529687 61.5151297 218 222 230
2.81731733 31.3571364 57.897403 218 222 230
7.28371901 40.4735467 60.5164445 218 222 230
5.67167965 35.3190485 56.4451791 218 222 230
7.4633429 39.9611354 59.5288348 218 222 230
6.666559 42.5733115 61.5022176 218 222 230
3.32407938 32.9119885 57.1289117 218 222 230
4.20501442 33.4141751 56.5688844 218 222 230
4.27421155 34.3480978 56.4327727 218 222 230
2.36798224 32.1065183 58.6934565 218 222 230
6.96690392 42.9683291 60.9834666 218 222 230
6.7109461 44.2257698 61.2359701 218 222 230
2.45973609 32.7488538 58.3781307 218 222 230
2.35429911 30.3109431 61.9768142 218 222 230
5.69642374 37.1998435 56.2218946 218 222 230
5.81883742 35.991883 56.436464 218 222 230
4.77886129 36.400776 56.109523 218 222 230
6.06089246 36.6738039 56.505719 218 222 230
2.25772953 30.8409735 61.5913991 218 222 230
2.34131715 32.9116455 58.6700957 218 222 230
7.13784179 43.3647608 60.5710054 218 222 230
7.1319654 44.213568 60.4791585 218 222 230
7.02780294 44.2418806 60.7057211 218 222 230
6.87734385 44.235833 60.982849 218 222 230
7.22300072 44.1840494 60.2429452 218 222 230
7.3216824 44.1817864 59.9158797 218 222 230
2.34886566 30.7145326 61.9105305 218 222 230
7.416766 41.0987225 58.4005337 218 222 230
7.34300002 40.3771473 58.1120498 218 222 230
7.13963266 40.5910835 57.4511123 218 222 230
7.40972315 40.2722323 58.4589476 218 222 230
3.98622994 35.5769068 56.3771487 218 222 230
4.44126853 35.0305729 56.3110114 218 222 230
6.42338201 45.0472831 61.4764541 218 222 230
6.64849522 44.7825796 61.2496637 218 222 230
6.5226891 45.0540823 61.3681016 218 222 230
7.44089627 41.528637 58.5295255 218 222 230
5.28168814 37.7332008 56.0042821 218 222 230
2.11662846 32.6864081 60.4832816 218 222 230
6.83497261 40.2626752 56.8983288 218 222 230
2.1288027 33.408796 59.6162116 218 222 230
5.52764627 38.4052314 55.9982197 218 222 230
4.42521519 38.8336042 55.8386399 218 222 230
6.65118844 45.8666367 61.1107135 218 222 230
2.13247283 33.1048109 60.6176304 218 222 230
2.5605969 31.9573524 62.2633966 218 222 230
7.16651746 41.6959616 57.3803682 218 222 230
6.4278264 46.6734461 61.2686481 218 222 230
4.01649106 37.4771543 56.1272246 218 222 230
3.81856389 36.802826 56.3026985 218 222 230
6.67537754 40.9275257 56.5840435 218 222 230
6.6509191 40.1026132 56.6550833 218 222 230
7.17955847 42.2484355 57.3452751 218 222 230
6.60826919 41.332446 56.4474184 218 222 230
2.47468512 33.1760934 61.9275005 218 222 230
7.18726675 42.7972858 57.2971791 218 222 230
7.31824256 43.9408505 57.568 218 222 230
7.40222987 43.9885435 57.9496491 218 222 230
7.20238994 43.8950105 57.2011799 218 222 230
7.10909377 43.8837443 56.967082 218 222 230
2.44163182 33.5864192 61.798415 218 222 230
5.32602932 40.4497104 55.6764495 218 222 230
5.13992929 40.0417459 55.6854853 218 222 230
5.06515071 40.0402919 55.6738495 218 222 230
5.01366933 40.0429642 55.6670325 218 222 230
2.12757905 35.111866 60.3176067 218 222 230
2.13209676 34.7468334 59.4162012 218 222 230
2.12136586 34.2148197 59.6000251 218 222 230
7.41232096 44.5216808 57.9441345 218 222 230
3.14297909 38.3312115 56.6247092 218 222 230
7.46896294 45.6530192 58.4166488 218 222 230
7.36181838 44.7618741 57.6462631 218 222 230
7.33169489 44.7460746 57.5198318 218 222 230
3.22455517 38.8677405 56.4759589 218 222 230
3.65542883 38.0286797 56.2427939 218 222 230
2.18989901 35.6961796 60.6840676 218 222 230
2.13553203 36.3389707 60.2418691 218 222 230
3.81028858 40.0666189 55.8991615 218 222 230
2.10994394 36.9843861 59.8168691 218 222 230
4.50608029 41.2577427 55.5225526 218 222 230
4.6962114 41.5262625 55.4711235 218 222 230
2.89812371 39.4446134 56.7743133 218 222 230
3.23310238 39.6860739 56.3655029 218 222 230
4.4473548 41.6636689 55.4810451 218 222 230
3.23881379 40.2316326 56.2918902 218 222 230
7.34592154 48.7206323 59.2508287 218 222 230
2.14922258 37.5709487 60.1994267 218 222 230
4.14760264 41.8063496 55.5382008 218 222 230
6.61856942 50.741098 60.5430784 218 222 230
4.3069419 42.0711304 55.4593646 218 222 230
7.43213796 47.4121087 57.7213957 218 222 230
7.46510689 46.4416245 58.2169382 218 222 230
7.34256374 46.7581851 57.3128135 218 222 230
6.35075166 51.5691412 60.7337336 218 222 230
4.4838552 42.6076918 55.3571374 218 222 230
6.39128221 51.564255 60.6946334 218 222 230
6.47909769 51.5607284 60.6034743 218 222 230
7.4008062 49.3638632 58.9020895 218 222 230
7.43654287 48.5343325 58.7624698 218 222 230
7.44412068 49.6307394 57.5465839 218 222 230
2.21830719 38.1522171 60.5147861 218 222 230
7.43637692 48.1516459 57.6630739 218 222 230
2.76275079 40.9631666 56.7787439 218 222 230
2.39651794 40.6209379 57.5516999 218 222 230
4.19111444 42.8846395 55.3896071 218 222 230
2.15231125 38.7965571 60.068765 218 222 230
4.03901051 43.1623213 55.4078408 218 222 230
3.74303513 43.7220327 55.4791006 218 222 230
2.12835405 39.7317127 59.7484352 218 222 230
4.53534195 44.2281077 55.1474199 218 222 230
7.46246723 50.3790876 58.2422251 218 222 230
2.4008259 41.711998 57.4040159 218 222 230
4.38352333 44.5009691 55.1385053 218 222 230
6.86534729 48.2487623 55.9492783 218 222 230
2.4029911 42.257529 57.3301815 218 222 230
6.9601501 48.6638469 56.0624592 218 222 230
7.17858824 48.5152723 56.5595785 218 222 230
2.19836888 40.4590828 60.1321933 218 222 230
4.04467012 44.7805434 55.2034186 218 222 230
2.40723923 42.8023986 57.2510541 218 222 230
4.19973446 45.3120562 55.0836421 218 222 230
4.61818771 45.8433244 54.9367709 218 222 230
4.3522656 45.7126211 54.9937468 218 222 230
4.0244214 45.588744 55.110375 218 222 230
4.40375487 46.115844 54.9326624 218 222 230
2.42617658 40.915461 60.8445385 218 222 230
5.16828895 47.46012 54.7636728 218 222 230
7.36304616 53.3991068 58.5907186 218 222 230
7.09283408 53.8859783 59.3615031 218 222 230
7.16933811 53.2569834 59.2558548 218 222 230
2.62832789 41.208039 61.2366397 218 222 230
4.38311251 46.9264271 54.8354902 218 222 230
4.3419027 48.5476726 54.6417813 218 222 230
6.32970529 49.3906248 55.1390964 218 222 230
7.08460484 54.7128345 59.2765692 218 222 230
6.66777387 55.6024532 59.8724223 218 222 230
6.5243341 55.2042289 60.0978098 218 222 230
6.42585547 55.2139251 60.2034189 218 222 230
6.36331864 55.2216394 60.2651499 218 222 230
5.17619935 48.1312214 54.6813409 218 222 230
2.52022453 41.7384446 60.9578694 218 222 230
2.3336189 42.2567734 60.4225507 218 222 230
2.49819537 42.1440826 60.8595469 218 222 230
2.68696697 42.0259568 61.2373363 218 222 230
2.45737234 42.5470472 60.7162593 218 222 230
5.97700585 57.6860805 60.2699584 218 222 230
6.1849691 57.5527714 60.1330927 218 222 230
5.33012607 49.3493059 54.5654324 218 222 230
5.00229306 49.0753663 54.5370395 218 222 230
3.58714351 47.4915928 55.1045182 218 222 230
7.40286105 55.0248467 58.1827456 218 222 230
7.45627269 53.6725128 57.1736978 218 222 230
2.46623913 43.1015823 60.6676957 218 222 230
2.26967373 44.178718 59.9693301 218 222 230
2.48428004 44.2106232 60.5703329 218 222 230
2.35131857 44.2114254 60.2310606 218 222 230
2.77348554 44.2316865 61.100661 218 222 230
2.60127829 44.2402647 60.8075305 218 222 230
6.02702673 58.096932 60.1845914 218 222 230
6.00775274 58.9286469 60.0939749 218 222 230
7.3016617 53.1793059 56.3522162 218 222 230
7.40532313 52.4086776 56.915625 218 222 230
6.98716399 52.6959382 55.6094704 218 222 230
7.45162448 55.1259657 57.7950507 218 222 230
7.45940803 55.3269518 57.0096436 218 222 230
3.53892161 48.1636911 55.0537452 218 222 230
7.39923676 55.8520103 58.1002711 218 222 230
2.13902254 44.9145992 59.2008146 218 222 230
2.21320633 44.6822176 59.675542 218 222 230
2.16499168 44.916521 59.3890387 218 222 230
7.30720804 54.0063744 56.2689809 218 222 230
7.35793679 56.2849741 58.2532298 218 222 230
2.18936668 44.9337476 59.5268891 218 222 230
2.26474577 44.6942048 59.8866968 218 222 230
3.89403332 49.0900631 54.7296967 218 222 230
7.43693125 56.2404066 57.7962377 218 222 230
3.67927444 49.3659638 54.8113079 218 222 230
7.17190512 54.6531292 55.7750831 218 222 230
6.02446231 60.1407063 59.930977 218 222 230
6.24128376 53.0209822 54.6056657 218 222 230
5.74510452 52.3189768 54.3567138 218 222 230
5.27886514 53.4014756 54.0455781 218 222 230
7.46224457 56.4303029 56.9158614 218 222 230
7.24858494 55.6331348 55.8691741 218 222 230
7.46351099 56.9819804 56.8689867 218 222 230
6.31293982 53.9836125 54.5494767 218 222 230
2.43799694 46.3460851 60.1950542 218 222 230
2.32773543 48.8756292 56.716438 218 222 230
7.19293119 56.0289282 55.6589453 218 222 230
2.85424177 49.9829441 55.5172241 218 222 230
7.46386204 57.533269 56.8065465 218 222 230
2.30569992 49.5612345 56.7009396 218 222 230
5.89759587 54.6439503 54.1515217 218 222 230
7.34043293 57.724858 55.9334893 218 222 230
7.24071173 58.498551 55.4870419 218 222 230
7.40728366 58.5703307 56.1573994 218 222 230
2.2099377 48.3454822 59.2025703 218 222 230
2.13508313 47.435317 58.8511368 218 222 230
2.36782098 47.3979082 59.8801175 218 222 230
4.49100318 53.7986266 53.9575703 218 222 230
4.54474235 52.8553375 54.0681382 218 222 230
6.76632754 62.1418678 58.9184237 218 222 230
6.54930017 62.5730187 59.1481933 218 222 230
6.86538652 62.1252839 58.7670381 218 222 230
6.64286673 62.5623796 59.0350387 218 222 230
6.71409332 62.5507074 58.9416357 218 222 230
5.16609304 55.0163979 53.8189768 218 222 230
6.96052285 62.1068662 58.6036622 218 222 230
6.80464398 62.5374666 58.8116895 218 222 230
7.33861264 59.069216 55.7579788 218 222 230
4.4311851 54.4754241 53.8828621 218 222 230
7.37768158 59.355111 55.8979485 218 222 230
5.10943718 55.824157 53.7080604 218 222 230
5.26651166 56.0973531 53.7056463 218 222 230
4.94810319 56.2265335 53.6383213 218 222 230
2.63233627 53.4042343 55.4421392 218 222 230
3.11550735 52.1148918 54.9312273 218 222 230
2.55365651 52.7408604 55.6755392 218 222 230
7.28716148 62.82618 57.7113674 218 222 230
7.45884027 61.9141678 56.8567217 218 222 230
7.15308792 60.0788958 55.0490691 218 222 230
2.39279371 53.5987649 55.9397987 218 222 230
2.29094938 53.019681 56.3181988 218 222 230
7.47069832 62.2842627 56.5020978 218 222 230
2.31730396 53.621404 56.1560836 218 222 230
2.25105427 53.0376295 56.4618256 218 222 230
2.20532848 53.0554362 56.6570018 218 222 230
7.46967976 62.2677008 56.3695661 218 222 230
6.53288202 65.3958165 58.81444 218 222 230
7.3092629 64.4293918 57.4324114 218 222 230
7.372897 66.0134703 56.968023 218 222 230
6.86538405 64.9449614 58.4146789 218 222 230
6.7611892 66.1719082 58.4223056 218 222 230
6.94763661 62.4507403 54.3166177 218 222 230
7.33127981 63.363728 55.1916033 218 222 230
7.24778723 61.7200498 55.106059 218 222 230
7.46985717 64.6880847 56.0756965 218 222 230
7.01531718 67.2130106 57.8602735 218 222 230
7.46108294 65.0682202 55.817582 218 222 230
7.41601414 65.8289683 55.3051704 218 222 230
6.71663783 62.6810586 53.9215613 218 222 230
6.35651771 61.5629837 53.6435364 218 222 230
6.87454728 63.243846 54.0905819 218 222 230
7.11535103 64.1005276 54.4552269 218 222 230
6.44210337 69.7544897 58.3694233 218 222 230
6.973066 64.4719324 54.1110851 218 222 230
4.68286094 62.0251834 52.9101214 218 222 230
4.1581589 63.1173023 52.8716076 218 222 230
4.4156082 61.4902159 53.0091238 218 222 230
5.47420695 61.4983978 53.0926252 218 222 230
5.12827493 62.5669555 52.868575 218 222 230
4.8170521 62.2943259 52.8738935 218 222 230
2.24198171 59.0694953 55.7442016 218 222 230
2.17060424 58.5768461 56.1526086 218 222 230
4.95273095 63.1040698 52.7792396 218 222 230
2.21343506 59.3523111 55.832008 218 222 230
2.45797031 60.0732214 54.9676699 218 222 230
6.42600598 65.6023346 53.2081979 218 222 230
2.35829529 58.0077248 58.5271929 218 222 230
2.28122374 57.5752912 58.3367571 218 222 230
2.37560973 57.597194 58.6272582 218 222 230
2.22877965 57.5502847 58.1366499 218 222 230
6.49524638 72.2024891 58.0062427 218 222 230
6.749609 71.4864405 57.7749163 218 222 230
6.81671605 71.4741217 57.6763396 218 222 230
5.90453622 73.6166556 58.3254094 218 222 230
2.48248323 58.0370221 58.8384556 218 222 230
2.68369247 55.6027302 59.5351559 218 222 230
4.95740725 64.7225516 52.5773746 218 222 230
5.58333206 65.5476164 52.6286293 218 222 230
2.97657704 62.6659797 53.7720616 218 222 230
3.30889817 61.5555089 53.5628168 218 222 230
6.61107342 67.4383996 53.1885444 218 222 230
6.97678106 66.8921211 53.8156535 218 222 230
6.55196062 66.8260617 53.1938172 218 222 230
2.71005275 62.436826 54.1792593 218 222 230
2.36756887 61.709131 54.9953045 218 222 230
2.29966199 63.3435 54.9986124 218 222 230
7.1674588 72.2153773 56.891551 218 222 230
7.24294562 71.2373934 56.8029876 218 222 230
6.98765824 68.5245752 53.6323809 218 222 230
4.1017799 64.7350636 52.6885935 218 222 230
2.82673868 63.2243132 53.9014755 218 222 230
2.10800057 61.5969588 56.4341985 218 222 230
2.40514643 60.8922239 54.9958706 218 222 230
4.35482954 65.5356929 52.5159759 218 222 230
4.27478923 65.5380632 52.5349428 218 222 230
7.06660828 73.4579707 56.9734518 218 222 230
7.34269068 72.5539221 56.2860848 218 222 230
2.11264194 62.2551635 56.2303371 218 222 230
2.11327487 61.9069117 56.7751584 218 222 230
2.10676363 62.2749788 56.4159012 218 222 230
7.14774807 73.977072 56.721184 218 222 230
6.73548916 74.3369351 57.4388347 218 222 230
2.56156423 64.0772464 54.2429907 218 222 230
2.729828 64.4479471 53.8958082 218 222 230
6.77730896 69.9804191 53.0963415 218 222 230
6.57322682 69.274011 52.9130521 218 222 230
3.36111703 65.5801018 53.0147253 218 222 230
6.4545166 75.7297105 57.6096146 218 222 230
6.20902005 69.6368279 52.5018163 218 222 230
2.27227062 62.8204239 57.6492321 218 222 230
2.61541815 62.108942 58.6010175 218 222 230
2.73434552 62.1304505 58.8028175 218 222 230
5.82168849 70.1457327 52.1699942 218 222 230
2.77423183 62.5388277 58.8140333 218 222 230
2.85213464 62.5528285 58.9260701 218 222 230
2.13488522 65.0446972 55.6038742 218 222 230
2.11552024 64.6673508 55.8776738 218 222 230
2.16945877 65.9944434 56.7826757 218 222 230
7.02670128 72.4602923 53.2176221 218 222 230
7.36982522 72.3086331 54.2411044 218 222 230
7.11483158 71.4030487 53.5414477 218 222 230
2.97721943 62.5675229 59.0881845 218 222 230
2.75459267 66.8616146 53.5549898 218 222 230
3.18231957 67.4109937 52.9505218 218 222 230
3.23929446 66.799032 52.971418 218 222 230
6.21299229 71.2556717 52.3028477 218 222 230
2.23352659 64.4163815 57.2987597 218 222 230
6.06658066 71.78293 52.1224008 218 222 230
6.53687916 72.1034197 52.5168171 218 222 230
2.1074634 65.8969941 55.9200942 218 222 230
2.20552831 65.8002772 55.063374 218 222 230
2.17115919 67.0330677 55.0925374 218 222 230
2.98913397 65.3932283 58.7496088 218 222 230
2.74949191 66.166177 58.3224677 218 222 230
2.66080162 64.9378671 58.3291593 218 222 230
3.71352402 71.7675307 51.9914032 218 222 230
3.95061791 72.8376592 51.7361658 218 222 230
6.95435138 81.0528224 56.2474385 218 222 230
6.34718094 80.8783934 57.0745041 218 222 230
7.02006302 79.9567208 56.2582371 218 222 230
6.35569455 75.7242078 51.873073 218 222 230
6.64067454 74.5487369 52.3373139 218 222 230
6.16618762 74.7607673 51.8263879 218 222 230
5.60529125 83.3744223 57.2612984 218 222 230
3.15769935 72.0891404 52.3908972 218 222 230
3.59845795 71.2338375 52.1299937 218 222 230
6.01339121 75.8260983 51.5795217 218 222 230
6.44248458 76.1394322 51.9085884 218 222 230
6.95679322 77.8433098 52.4098302 218 222 230
7.0632478 77.3290289 52.6854624 218 222 230
6.60780125 76.9715741 51.9931675 218 222 230
6.20231739 76.6526647 51.6194844 218 222 230
7.21825601 82.6023337 55.4556528 218 222 230
7.30448066 82.2992602 55.2167785 218 222 230
2.2403623 72.2902477 54.0986494 218 222 230
2.54702591 71.3798778 53.3597642 218 222 230
2.18683674 70.6977687 54.5459184 218 222 230
2.6201469 72.4444608 53.0850335 218 222 230
7.35269413 82.2757257 55.028451 218 222 230
5.63503712 85.8074872 56.9442423 218 222 230
6.02417322 85.5098334 56.7609053 218 222 230
3.09251971 69.7508723 58.3242037 218 222 230
3.38983016 75.3018824 51.77597 218 222 230
3.56991508 74.4781131 51.7438044 218 222 230
3.05875973 74.5327022 52.1922172 218 222 230
3.90807798 75.2628926 51.4523849 218 222 230
7.47078314 82.4179618 53.9437718 218 222 230
7.47069862 81.3350121 54.0598139 218 222 230
3.51403397 75.694383 51.631147 218 222 230
6.00788323 86.5932901 56.6367517 218 222 230
5.82578467 86.6072312 56.748311 218 222 230
5.61858129 87.1609721 56.7823618 218 222 230
7.47079646 82.9594367 53.8857509 218 222 230
6.18315161 86.577141 56.5075241 218 222 230
7.34545116 82.0189052 52.9185704 218 222 230
5.86861591 87.1452325 56.6564099 218 222 230
7.41384204 84.1287 54.4786577 218 222 230
7.46480095 83.7985438 54.023062 218 222 230
7.2109509 82.2338599 52.4340506 218 222 230
7.29594617 81.9954438 52.7308279 218 222 230
7.23853885 81.9724777 52.5470489 218 222 230
7.43773285 83.4321811 53.265568 218 222 230
7.1180276 82.2045019 52.1991222 218 222 230
6.85572887 80.5232737 51.9003808 218 222 230
3.0576672 72.1965037 57.9797755 218 222 230
3.68397117 73.6127957 58.3327684 218 222 230
2.36507715 72.0561429 56.7909467 218 222 230
2.72141618 71.4648945 57.6155223 218 222 230
2.79137479 71.4783002 57.7227975 218 222 230
7.47072068 84.5838614 53.7116881 218 222 230
2.81839119 77.8044252 52.0915213 218 222 230
3.20102056 76.9415886 51.7409415 218 222 230
2.66872886 77.2932725 52.3923937 218 222 230
2.83018869 74.3318058 57.4230287 218 222 230
2.41413687 73.9700234 56.6834733 218 222 230
2.49706421 73.4516358 56.9446828 218 222 230
7.40411741 86.1055821 52.6975168 218 222 230
3.11133174 75.725098 57.5980306 218 222 230
2.92708833 80.4876746 51.6073257 218 222 230
3.66192467 80.1385625 50.9764535 218 222 230
2.84882178 79.4200208 51.8461846 218 222 230
2.26654931 77.4327034 55.8022065 218 222 230
5.10921987 83.3369288 50.2698701 218 222 230
5.55409652 83.0822055 50.4254892 218 222 230
5.07926644 82.5270527 50.3664705 218 222 230
2.53431077 77.1146211 56.5666703 218 222 230
2.43625282 76.4122738 56.433547 218 222 230
2.86244899 76.7728444 57.1634054 218 222 230
4.92633586 84.1434644 50.1480405 218 222 230
4.51308053 83.6059287 50.2294964 218 222 230
2.48653283 78.3156158 56.3134371 218 222 230
2.3924819 81.9541563 52.3971758 218 222 230
2.58431922 82.1723917 51.9369907 218 222 230
2.44975501 81.9363895 52.255002 218 222 230
5.67286147 86.3254078 50.0716822 218 222 230
2.47472108 82.7401294 52.0962155 218 222 230
2.3156589 82.7907841 52.5161496 218 222 230
4.29486407 86.3084781 49.9342042 218 222 230
4.17591663 85.7731995 50.0347233 218 222 230
3.94125973 85.7841621 50.1224483 218 222 230
3.11257193 80.8613824 56.9575025 218 222 230
2.50434663 81.0220289 56.0146018 218 222 230
2.46403946 79.9302318 56.0602605 218 222 230
2.24343588 82.5533529 55.0730289 218 222 230
2.14799839 82.2225266 54.6103608 218 222 230
2.18135718 82.2487852 54.8204872 218 222 230
2.17744916 83.0560994 54.6975958 218 222 230
3.01071465 81.6590504 56.7428341 218 222 230
3.93600907 83.3709127 57.2459626 218 222 230
3.5879381 85.5118956 56.7844901 218 222 230
3.88468428 85.8034276 56.9181314 218 222 230
3.66460188 86.6004005 56.6979002 218 222 230
3.86270637 86.6139284 56.8061531 218 222 230
3.75676611 87.1482863 56.6836806 218 222 230
4.02606569 87.1640817 56.8100785 218 222 230
5.35045148 0.581681278 67.6985349 218 222 230
5.48392995 0.870815605 67.6192443 218 222 230
5.51460302 2.50788048 67.4033663 218 222 230
5.72731661 2.24557604 67.3429513 218 222 230
7.3965418 0.568407221 65.0240107 218 222 230
7.37069885 0.852396508 65.1214732 218 222 230
7.28997367 1.40869787 65.376751 218 222 230
7.37631606 1.26328422 65.0429266 218 222 230
5.56099805 4.95892347 67.078973 218 222 230
6.67419511 3.75867398 66.3426389 218 222 230
7.4631557 1.93401267 64.284263 218 222 230
6.98359021 4.15685247 65.8020763 218 222 230
6.94237512 4.97671463 65.7761554 218 222 230
7.38447497 4.93103538 64.5435098 218 222 230
7.4324001 3.57776873 64.4139231 218 222 230
7.44922321 2.90091672 64.3473798 218 222 230
7.34626477 3.27489349 62.7623259 218 222 230
6.88231379 5.79546754 65.7782825 218 222 230
6.1863921 4.98395824 66.7012316 218 222 230
7.46990669 4.10252 63.6493614 218 222 230
7.14057192 6.18789743 65.2101806 218 222 230
6.8046287 2.96621292 61.5119286 218 222 230
6.63502803 2.44099702 61.341108 218 222 230
6.1386206 3.22175488 60.7444904 218 222 230
7.06293273 2.85048965 61.9920558 218 222 230
6.88322101 3.2297476 61.6047547 218 222 230
7.41899748 6.30072508 64.1706776 218 222 230
6.95168585 3.78739199 61.6549145 218 222 230
7.077067 4.90403714 61.7660877 218 222 230
6.12062965 2.4162815 60.8312207 218 222 230
5.53013761 2.41350741 60.4969131 218 222 230
4.94874045 1.1960709 60.5152974 218 222 230
7.43299961 6.98545733 63.9833603 218 222 230
6.66494115 4.05327368 61.1782894 218 222 230
7.45309715 7.39095174 63.7435366 218 222 230
7.47037539 7.11144912 63.4297409 218 222 230
7.36412305 7.36439902 62.3302348 218 222 230
3.64396329 0.800175743 60.9022934 218 222 230
4.18133208 1.5774235 60.554619 218 222 230
7.43121135 8.2147062 63.8437104 218 222 230
6.67972933 4.85944053 61.0971083 218 222 230
3.54374621 1.20131576 60.9190375 218 222 230
7.02238876 6.13300005 61.4975372 218 222 230
6.56056506 5.24176578 60.8998565 218 222 230
3.31637668 1.2122525 61.0970508 218 222 230
6.43752839 5.10417705 60.7803727 218 222 230
5.77861877 4.29014539 60.3761731 218 222 230
5.5699754 4.02297305 60.3116001 218 222 230
4.0931934 2.36687896 60.485553 218 222 230
7.4707934 8.61292517 63.1840903 218 222 230
7.44218769 9.82865617 62.502567 218 222 230
7.47039748 9.83343353 62.9637818 218 222 230
7.14496576 6.95093127 61.6680661 218 222 230
6.67347002 5.93688892 60.9541471 218 222 230
4.92967067 3.61633496 60.2114093 218 222 230
4.9595202 4.84684247 60.0599695 218 222 230
6.99384031 6.74761231 61.3643086 218 222 230
6.15923866 6.98821978 60.2900795 218 222 230
6.43289092 5.8225632 60.6857633 218 222 230
3.7450959 2.65146039 60.6103487 218 222 230
2.85586072 2.4429231 61.4558423 218 222 230
3.11403893 3.24313671 61.0400971 218 222 230
4.26341684 2.77984512 60.3805834 218 222 230
5.58982459 4.82774399 60.2192487 218 222 230
4.2828955 3.46718437 60.2895749 218 222 230
6.90964387 7.15741446 61.1589563 218 222 230
2.42631119 1.17416474 62.4047229 218 222 230
7.44850292 10.3981717 63.4179851 218 222 230
6.85574372 12.5211231 64.9815892 218 222 230
7.29151387 12.5944127 63.9735711 218 222 230
6.92399433 8.0319203 61.0747586 218 222 230
7.41266277 11.1309036 63.6083948 218 222 230
5.27204352 5.7900508 59.993689 218 222 230
2.25667991 1.72148294 62.8527865 218 222 230
2.39153776 1.76149985 62.4210335 218 222 230
6.91449908 12.8827506 64.8376328 218 222 230
3.68372104 4.03003057 60.4740466 218 222 230
2.34201617 2.03475013 62.5265633 218 222 230
7.45436301 11.2131401 63.2509176 218 222 230
5.47639349 6.32995016 59.9875701 218 222 230
7.46952408 10.7483176 62.8007319 218 222 230
7.33971008 9.82073638 61.9168759 218 222 230
6.89383078 13.2476821 64.8275882 218 222 230
2.5770786 2.79520899 61.8704983 218 222 230
5.11184168 6.01291651 59.9331512 218 222 230
4.95272526 5.88974936 59.9290717 218 222 230
7.4698277 11.2082587 62.950698 218 222 230
2.37799888 2.57995955 62.3554334 218 222 230
2.25003789 2.26728721 62.8103692 218 222 230
2.45972688 2.97399677 62.0989908 218 222 230
5.26448977 6.69446653 59.8788271 218 222 230
6.3506879 8.45288929 60.2748652 218 222 230
5.28522578 7.1518658 59.8267931 218 222 230
2.46125497 3.61732018 62.0150159 218 222 230
6.44223644 9.18621519 60.2751894 218 222 230
6.95219907 9.78099382 60.9068582 218 222 230
6.64923875 9.76088297 60.4445897 218 222 230
2.44744375 1.330059 65.8433691 218 222 230
7.34707634 11.5960728 61.7259146 218 222 230
6.94277217 10.6676681 60.7789098 218 222 230
2.42003416 1.9690754 65.6960947 218 222 230
2.12756833 3.02143714 64.3276986 218 222 230
3.49469013 6.36351931 60.3092787 218 222 230
3.02680779 7.02035223 60.6656853 218 222 230
7.45773542 13.6667426 62.9012881 218 222 230
7.46239596 14.7449323 62.1276536 218 222 230
7.47041649 14.7450669 62.3514909 218 222 230
7.46192082 14.7504732 62.7037095 218 222 230
6.93803036 11.1110086 60.7149634 218 222 230
2.38116023 2.41396944 65.5385159 218 222 230
3.00841202 2.25846513 66.6624543 218 222 230
3.6264627 6.72385204 60.1732134 218 222 230
6.50733765 10.5458471 60.1758582 218 222 230
4.29687807 8.06993958 59.7108401 218 222 230
7.38269511 13.2342754 61.6866795 218 222 230
7.43202361 14.735936 61.8039067 218 222 230
4.12542714 0.869678682 67.6306635 218 222 230
2.44565819 6.33269571 61.7126984 218 222 230
2.13596092 7.09999882 62.8352485 218 222 230
7.46278584 15.1686604 62.6368628 218 222 230
6.96122402 17.2571684 64.207042 218 222 230
7.31437277 17.2370893 63.3108303 218 222 230
2.43650193 7.04707579 61.6456404 218 222 230
3.35448861 2.98203676 66.9211082 218 222 230
3.52920491 2.79774008 67.0802852 218 222 230
7.01412743 17.6641091 64.0545645 218 222 230
7.46077249 15.9877653 62.5673924 218 222 230
7.14830657 13.9459265 60.8021946 218 222 230
7.04765599 13.563908 60.6208652 218 222 230
7.16085046 14.6804654 60.7418999 218 222 230
7.31043926 14.7132524 61.1911716 218 222 230
7.06569803 14.6738044 60.5204897 218 222 230
7.46625697 15.5619482 62.1008147 218 222 230
7.47079052 15.9751142 62.2505481 218 222 230
7.00153738 13.931604 60.4815426 218 222 230
6.91076836 13.5583779 60.3610041 218 222 230
3.54215202 3.34022722 67.0216644 218 222 230
6.79266414 13.5463886 60.1716112 218 222 230
2.60160437 8.11652813 61.158406 218 222 230
2.35665566 7.86671234 61.7548339 218 222 230
2.25976197 7.6099172 62.1051777 218 222 230
2.10841687 8.20283722 63.3679302 218 222 230
4.94552202 11.4356863 59.2354403 218 222 230
5.75963145 12.673322 59.3185639 218 222 230
2.11991944 6.84253841 63.7597986 218 222 230
2.43352805 8.67028011 61.4500911 218 222 230
2.50051358 9.03910728 61.2485745 218 222 230
7.38394197 16.4168554 61.2953506 218 222 230
3.64851105 11.120967 59.6096771 218 222 230
2.25351071 9.25477031 61.9236096 218 222 230
2.55691804 6.81583171 65.3978474 218 222 230
2.23637079 9.44369176 61.9687463 218 222 230
2.23580079 8.22585414 64.3301573 218 222 230
3.10671509 11.7527244 59.9845665 218 222 230
6.83724289 21.6171561 63.8745724 218 222 230
7.22685952 21.8749475 63.019583 218 222 230
2.17995619 9.31080568 63.9274211 218 222 230
7.23481113 18.4748358 60.4709169 218 222 230
7.27964613 18.8501123 60.565726 218 222 230
7.43332816 18.0599084 61.3987881 218 222 230
2.69588339 12.4432096 60.4502469 218 222 230
2.2549425 13.0167118 61.4479544 218 222 230
7.45167354 20.9284005 62.0680288 218 222 230
2.71335835 12.9765237 60.3546811 218 222 230
6.26088539 17.5580933 59.0544091 218 222 230
7.45428734 21.5600764 61.9588158 218 222 230
2.70336603 13.2606264 60.3356396 218 222 230
7.36591849 22.3079896 62.4627758 218 222 230
2.11192817 11.8550975 62.5430908 218 222 230
7.44724498 21.9699906 61.9847231 218 222 230
7.47030479 21.726643 61.6084743 218 222 230
7.4345637 22.0599043 60.9088165 218 222 230
7.4141107 22.5234007 62.1754903 218 222 230
2.50548573 10.6994928 64.8049924 218 222 230
2.11384766 12.3874013 62.4394398 218 222 230
7.11790188 20.4421269 59.9170107 218 222 230
7.4188505 23.2067156 62.0589946 218 222 230
2.11367182 12.6366837 62.939583 218 222 230
7.11110044 20.8857098 59.8456989 218 222 230
2.10684042 13.0746837 62.6835369 218 222 230
2.1071633 13.359372 62.6691809 218 222 230
7.10306273 21.3299424 59.7716575 218 222 230
7.08674096 22.2184317 59.6237659 218 222 230
2.69525984 15.972196 60.0102876 218 222 230
7.42691662 23.3907515 60.6837767 218 222 230
2.71056887 16.2318802 59.9524484 218 222 230
5.66776512 19.9565028 58.3631462 218 222 230
2.77088715 16.6853421 59.800127 218 222 230
7.42282105 24.0561832 60.5713216 218 222 230
3.46257711 18.0227855 58.8763694 218 222 230
7.43442421 24.4702944 60.6064749 218 222 230
5.25418633 20.3009438 58.1760202 218 222 230
5.67487511 20.849406 58.2548863 218 222 230
6.4275821 21.9645018 58.6630642 218 222 230
7.35413419 24.1610858 60.1862597 218 222 230
5.38061643 20.7496709 58.1540445 218 222 230
7.44424001 24.8853094 60.6400432 218 222 230
7.4699278 25.513103 61.1579542 218 222 230
6.41582476 22.4090375 58.5954125 218 222 230
7.37812734 24.7134748 60.2291794 218 222 230
5.34860744 21.0171039 58.1111875 218 222 230
5.53035276 21.2935997 58.1376305 218 222 230
6.59672788 28.6998348 63.3245093 218 222 230
6.59084363 29.5066605 63.2308631 218 222 230
6.51858721 22.8643824 58.6491229 218 222 230
5.15925149 21.1946621 58.0442447 218 222 230
4.40237551 21.0231776 58.0686558 218 222 230
4.77580846 21.5565519 57.9645603 218 222 230
7.46723341 25.9827909 60.8224019 218 222 230
5.52561738 21.7454313 58.0793462 218 222 230
7.44259461 27.0752436 61.3913493 218 222 230
7.47074932 26.6798119 60.8992159 218 222 230
7.4375209 26.1856487 60.4176358 218 222 230
7.2893401 26.5942269 59.6310091 218 222 230
6.1606713 23.2002876 58.2652685 218 222 230
3.76247077 20.3190265 58.3927648 218 222 230
7.43635089 27.6229614 61.3772687 218 222 230
7.46878939 27.2286462 60.991144 218 222 230
6.61837739 30.1896406 63.1115477 218 222 230
6.03261557 23.557872 58.1246238 218 222 230
7.4704096 27.5015066 60.8790392 218 222 230
3.6994723 21.0390009 58.3390412 218 222 230
3.68247908 20.7722899 58.3825903 218 222 230
6.63201109 30.5311071 63.0517007 218 222 230
3.46991081 20.87351 58.5145541 218 222 230
6.34371538 24.5654256 58.2546742 218 222 230
3.74116867 21.5797107 58.2471938 218 222 230
7.46728417 28.1272289 60.5557443 218 222 230
6.79417761 25.7808986 58.6449993 218 222 230
7.45511275 28.8954759 61.0320846 218 222 230
6.61068542 31.418336 62.9675878 218 222 230
6.77679585 26.2334409 58.5624571 218 222 230
3.0920214 21.8776516 58.7352715 218 222 230
6.76406178 26.688112 58.4869163 218 222 230
3.09925516 22.2740259 58.6778452 218 222 230
2.19353038 20.9301485 60.7300933 218 222 230
2.28188285 21.4341777 60.2967985 218 222 230
2.19510895 21.1940533 60.6890507 218 222 230
2.10645941 20.51944 61.7066609 218 222 230
2.91583807 22.6920915 58.8444233 218 222 230
2.31014656 22.7741091 60.0339124 218 222 230
3.14057389 23.0836917 58.5326362 218 222 230
6.03187514 26.8078885 57.7179634 218 222 230
5.22410032 26.9552357 57.3375876 218 222 230
3.1145303 23.307818 58.532172 218 222 230
2.19750294 21.5899117 60.627496 218 222 230
3.64252466 23.9988218 58.0041673 218 222 230
2.23020297 21.9843795 60.4275173 218 222 230
6.04723197 27.2558664 57.6728379 218 222 230
3.51184593 24.2689101 58.0591579 218 222 230
4.01594796 24.9755138 57.6897209 218 222 230
2.10908818 22.0474909 61.3394915 218 222 230
3.87845784 25.3312572 57.7061956 218 222 230
5.96426661 27.8821898 57.5379099 218 222 230
2.11805262 22.4358726 61.1165601 218 222 230
6.33699447 28.6326705 57.7400159 218 222 230
2.26387145 23.598042 60.0917331 218 222 230
4.47768144 26.7732659 57.3368553 218 222 230
2.37229152 24.1093495 59.68078 218 222 230
3.44545295 25.7906767 57.9188197 218 222 230
2.11314096 23.1226783 61.1109333 218 222 230
2.242902 24.01014 60.1216958 218 222 230
2.10733805 24.4963317 61.1000161 218 222 230
4.43891221 27.2211481 57.2873364 218 222 230
3.5404034 26.2806804 57.7873275 218 222 230
7.15090458 34.8167833 61.6070332 218 222 230
2.28421311 24.3981441 59.9182255 218 222 230
7.24591875 34.6735567 61.3631384 218 222 230
3.5877036 26.6951872 57.7029812 218 222 230
4.17411045 27.4995859 57.3175004 218 222 230
4.42909521 27.4930281 57.2551164 218 222 230
3.68370073 27.5246688 57.5380329 218 222 230
2.31842704 24.9275095 59.7382742 218 222 230
7.26286086 35.1146652 61.2549351 218 222 230
7.44553197 35.1190218 60.3584554 218 222 230
7.45598327 36.1137298 60.1191493 218 222 230
4.39785848 28.0346032 57.1933541 218 222 230
3.1593782 27.1254705 58.0080949 218 222 230
2.17234244 24.5395254 61.9804386 218 222 230
2.39761212 24.5767469 62.8130697 218 222 230
2.11377921 25.4204461 60.8119896 218 222 230
3.24400058 22.7744255 64.3487797 218 222 230
7.30989302 36.4945006 60.9209915 218 222 230
2.11931598 25.8825285 60.6681786 218 222 230
7.22382258 33.8598795 58.5159788 218 222 230
7.03875961 33.484403 58.1129741 218 222 230
2.27026907 26.8298204 59.6642123 218 222 230
7.45094783 35.2328689 59.4150656 218 222 230
7.05226051 33.821905 58.0989881 218 222 230
7.15449496 34.1110276 58.2976918 218 222 230
2.12418181 26.4791561 60.5326389 218 222 230
6.953724 38.2073318 61.6028098 218 222 230
2.10669712 26.2478823 61.0251412 218 222 230
6.91465193 33.7541995 57.8439708 218 222 230
7.19911807 34.5238665 58.3632301 218 222 230
2.15079022 26.8799718 60.2442547 218 222 230
2.22054506 27.2521263 59.8112611 218 222 230
2.76934773 24.6016852 63.5474086 218 222 230
2.10879612 26.9126001 60.7405687 218 222 230
2.2363913 27.6622653 59.6919628 218 222 230
2.79919227 25.0148887 63.5407767 218 222 230
7.40064081 36.5385032 58.871463 218 222 230
3.35895848 30.5079129 57.3993703 218 222 230
2.84592499 30.8208808 57.9234882 218 222 230
6.02030816 33.7884971 56.8375609 218 222 230
3.34089082 30.7746121 57.3814388 218 222 230
7.32795532 38.9551934 60.5445828 218 222 230
7.46567316 39.1345373 59.5863857 218 222 230
7.30208317 39.2341909 60.6071027 218 222 230
4.01591324 32.3921796 56.7629054 218 222 230
6.22196812 35.4732273 56.7820049 218 222 230
4.78683701 33.6854147 56.4488272 218 222 230
6.69105291 36.2722382 57.1867694 218 222 230
3.99004438 32.8147202 56.7207282 218 222 230
4.06116286 33.0142119 56.6674999 218 222 230
2.46219578 30.8846196 58.6053361 218 222 230
6.6876348 36.5849506 57.1430879 218 222 230
7.43911734 38.8796936 58.8449453 218 222 230
7.37948646 38.7531777 58.4814747 218 222 230
7.39836036 39.0325257 58.5467996 218 222 230
6.62834707 37.0726885 57.0048586 218 222 230
5.06389223 35.1629491 56.283176 218 222 230
4.18802861 36.2546651 56.2190752 218 222 230
3.6267255 36.1297589 56.4983117 218 222 230
3.08339572 35.3955194 57.055486 218 222 230
2.30389487 34.1195249 58.6365634 218 222 230
2.32083234 34.3860356 58.5486837 218 222 230
4.64502704 37.5926755 55.9657095 218 222 230
2.99695701 35.6988166 57.1172519 218 222 230
2.22906415 34.3278068 58.8898738 218 222 230
2.80347714 35.9695719 57.3412742 218 222 230
2.97532404 36.3108332 57.0670937 218 222 230
5.90525974 39.960221 55.9911712 218 222 230
6.17503417 39.7234064 56.2119905 218 222 230
5.62971737 39.3631702 55.9207044 218 222 230
7.29211771 45.2434417 59.8914557 218 222 230
6.03813401 40.2606001 56.0412388 218 222 230
5.03377992 39.0870391 55.7888632 218 222 230
2.9792276 36.6271039 57.0227781 218 222 230
3.46932921 37.3589268 56.4548814 218 222 230
6.04386315 40.603712 56.0024177 218 222 230
7.27636878 45.774209 59.8787608 218 222 230
2.14738226 34.3137604 60.5926621 218 222 230
7.2494516 46.3267877 59.896007 218 222 230
3.79563161 38.8385622 56.0603919 218 222 230
3.80051348 39.2479129 56.0066358 218 222 230
7.41070581 46.5451739 59.1951136 218 222 230
4.40191125 40.0433914 55.6918705 218 222 230
3.60015786 39.1185767 56.142175 218 222 230
2.18422548 36.7476745 58.8026149 218 222 230
2.24001023 37.0842701 58.4996303 218 222 230
7.41839659 46.9395988 59.0962366 218 222 230
2.16444733 37.3691254 58.8408746 218 222 230
7.33948425 45.5510202 57.4508806 218 222 230
7.39943859 45.8472727 57.701307 218 222 230
7.46318988 47.0973309 58.6397869 218 222 230
7.44242775 47.4250143 58.8498525 218 222 230
7.32755714 45.9456334 57.3535103 218 222 230
7.44052735 47.7947886 58.8207373 218 222 230
7.07620066 49.7359966 59.9170366 218 222 230
7.11031565 50.0620843 59.7994347 218 222 230
7.02489086 46.4651797 56.4624513 218 222 230
2.14366008 39.3553645 58.7394987 218 222 230
2.20194148 39.7758892 58.332898 218 222 230
7.24574228 50.2943893 59.4116095 218 222 230
7.42312334 50.7529238 58.5873422 218 222 230
7.13679278 50.7575702 59.6497076 218 222 230
7.06708858 47.0828409 56.4734675 218 222 230
6.91246302 46.7825004 56.2120684 218 222 230
7.13053651 51.1271005 59.6186395 218 222 230
7.11786185 51.866146 59.5563834 218 222 230
2.14542479 40.1729972 58.6234354 218 222 230
6.56127398 52.9556935 60.3359757 218 222 230
2.12245454 40.649034 58.7824376 218 222 230
7.27523479 49.142417 56.7655019 218 222 230
6.60130003 53.6529744 60.2006125 218 222 230
6.54255916 53.9647641 60.2317693 218 222 230
7.43564706 51.6788882 58.3769023 218 222 230
6.78447632 53.7333244 59.9423718 218 222 230
7.36305205 50.3386552 56.9549976 218 222 230
6.53649967 54.377922 60.18714 218 222 230
7.07532731 49.4916266 56.1903541 218 222 230
6.49475558 50.2106724 55.2051178 218 222 230
7.44119912 52.1418507 58.2715249 218 222 230
7.12782627 49.9060462 56.2585408 218 222 230
7.42051557 52.5611239 58.3794258 218 222 230
7.18477979 50.3232699 56.3500416 218 222 230
7.30259456 50.6934894 56.6662166 218 222 230
7.34200107 51.2649588 56.7472723 218 222 230
6.99552883 50.2806195 55.927446 218 222 230
6.67476991 51.0366009 55.3199488 218 222 230
7.46946608 52.9043356 57.7567197 218 222 230
7.13450353 51.7140011 56.0486631 218 222 230
5.94647866 49.7682552 54.7913781 218 222 230
5.53152954 50.1568214 54.5311697 218 222 230
5.63063911 50.5615366 54.5217001 218 222 230
4.65249558 50.9692958 54.2935668 218 222 230
5.74494097 50.9677984 54.5254812 218 222 230
5.9674445 51.7828442 54.5532272 218 222 230
6.53278874 52.2286972 54.9957732 218 222 230
6.93606112 53.5534279 55.4075802 218 222 230
2.14976626 45.6271379 59.1966977 218 222 230
5.32709998 51.3622799 54.3130456 218 222 230
5.46856565 51.6799298 54.3176067 218 222 230
2.17875707 47.0821297 57.5415052 218 222 230
2.15570624 45.9833905 59.1945059 218 222 230
2.12683497 46.8729702 57.9544236 218 222 230
6.90965511 53.9822771 55.3074699 218 222 230
7.005345 54.2050045 55.4562198 218 222 230
2.14821913 46.4673835 59.0801898 218 222 230
2.1375853 47.4670072 57.7763952 218 222 230
6.80250108 54.3096518 55.0925084 218 222 230
2.9186839 44.9351138 61.2175662 218 222 230
2.18207932 47.9356969 57.4162667 218 222 230
3.67500942 50.4477933 54.67872 218 222 230
2.85099835 51.0650113 55.3865382 218 222 230
2.89590789 45.2931426 61.1427712 218 222 230
3.26242199 44.9363083 61.596547 218 222 230
5.15437616 52.5758279 54.1217667 218 222 230
3.14677061 45.2954279 61.4381249 218 222 230
2.12954971 48.1532523 57.7660166 218 222 230
3.67287818 50.9887085 54.6124298 218 222 230
3.83829555 51.5221919 54.4531379 218 222 230
2.10647002 48.2177477 58.2482189 218 222 230
2.11212726 48.6088682 57.9460005 218 222 230
3.47797089 51.3615806 54.6985111 218 222 230
2.16232138 49.25669 57.3689476 218 222 230
2.12347818 49.1057155 57.7133364 218 222 230
2.10685251 48.8527637 58.2134228 218 222 230
2.15144736 49.3401419 58.7449655 218 222 230
3.21604918 46.5720739 61.3481274 218 222 230
2.12043136 49.4488582 57.7083084 218 222 230
3.78797975 52.4678225 54.3613078 218 222 230
4.06854294 51.9630701 54.2967679 218 222 230
2.65689016 47.6319328 60.484958 218 222 230
2.30393115 50.6434596 56.5715173 218 222 230
2.10649836 51.3276442 57.8152151 218 222 230
2.83649134 47.7448351 60.75449 218 222 230
3.76820605 53.0564467 54.2985334 218 222 230
2.54150326 48.3019004 60.1821526 218 222 230
2.3030496 51.1845723 56.5068076 218 222 230
2.78455884 48.2726774 60.6124718 218 222 230
2.64331668 48.7523632 60.3209011 218 222 230
2.3759327 51.7024325 56.2224963 218 222 230
2.5691089 49.2530486 60.1189504 218 222 230
2.4359487 50.2527694 59.7018455 218 222 230
6.77690109 63.3470548 58.7522502 218 222 230
7.2716981 63.6370215 57.6619567 218 222 230
7.40221379 60.1762357 55.9266478 218 222 230
2.22340732 52.0288774 56.7023661 218 222 230
3.12295611 53.8070014 54.7118295 218 222 230
6.76284905 63.7518221 58.7223158 218 222 230
2.1877977 50.7936764 58.786295 218 222 230
7.41309322 60.5868522 55.9414318 218 222 230
7.1990669 60.8986921 55.0671386 218 222 230
7.45544289 61.0289617 56.2438947 218 222 230
2.83503159 49.6982295 60.5083037 218 222 230
2.73918182 50.7047961 60.2383359 218 222 230
6.79779195 64.1496453 58.6206512 218 222 230
2.26636123 51.0255581 59.1014993 218 222 230
2.49824545 51.4843891 59.6924384 218 222 230
2.20371221 51.410524 58.7898958 218 222 230
2.290078 53.0673619 58.9309218 218 222 230
7.42756726 61.4034731 55.9382688 218 222 230
2.10771453 52.4842423 57.8071403 218 222 230
7.43734334 61.8148985 55.9637032 218 222 230
7.38288046 61.5082692 55.6550279 218 222 230
6.27992828 66.2284004 58.9675829 218 222 230
6.61001561 59.9751741 54.1198795 218 222 230
2.10977061 53.0625355 57.8030558 218 222 230
7.47001698 63.0955938 56.4566055 218 222 230
2.88821603 51.2625693 60.386484 218 222 230
7.46943332 63.5012585 56.4338524 218 222 230
6.9966747 61.3859492 54.5418859 218 222 230
6.70005454 60.7960178 54.1343384 218 222 230
2.96761481 51.5406754 60.4543127 218 222 230
6.27206333 67.0442168 58.8726612 218 222 230
6.74833204 67.8040978 58.2369167 218 222 230
2.10656385 53.9532215 57.4767377 218 222 230
2.13446455 53.4981949 58.0878243 218 222 230
6.83964868 61.2222381 54.2865203 218 222 230
2.17139274 53.3552024 58.3738061 218 222 230
2.51869843 53.9300125 59.4310936 218 222 230
7.47058946 63.8968683 56.3144751 218 222 230
6.59113433 61.0506173 53.9622894 218 222 230
6.87663146 61.6316095 54.2955178 218 222 230
2.80237297 52.3393237 60.130865 218 222 230
2.12615194 54.4027249 57.8914936 218 222 230
2.98192146 52.76293 60.3191826 218 222 230
2.11685876 55.0087911 57.6972588 218 222 230
2.10707755 56.2208111 57.3078905 218 222 230
7.37104774 64.3906745 55.2364009 218 222 230
2.87675123 53.7104319 60.0650567 218 222 230
2.21986976 55.0800226 58.4063885 218 222 230
7.39409253 66.7672065 56.7649749 218 222 230
7.4433483 67.0619444 55.3610444 218 222 230
7.30625473 64.7646707 54.9210773 218 222 230
2.33670791 55.2573397 58.8073005 218 222 230
7.4037353 67.1440353 56.6631357 218 222 230
2.26465702 55.9195263 58.4835848 218 222 230
6.92753828 68.954617 57.8076525 218 222 230
2.8700922 59.1837625 54.3454981 218 222 230
7.39107163 67.8558273 56.6453385 218 222 230
7.36251985 69.279275 56.6086517 218 222 230
2.29851017 56.4789628 58.5331877 218 222 230
7.03428912 65.2911879 54.1290055 218 222 230
3.0623534 59.9648518 54.0086409 218 222 230
7.00861733 69.5287738 57.5841954 218 222 230
7.06352567 65.700966 54.1391688 218 222 230
2.10879843 58.0641957 57.1496731 218 222 230
7.03545734 66.0979254 54.0305913 218 222 230
6.9061132 70.5040979 57.6514745 218 222 230
7.09518354 70.0991042 57.3301193 218 222 230
2.82990142 60.806103 54.1991281 218 222 230
2.90555668 60.7932899 54.0965952 218 222 230
7.4382695 68.2839058 55.1631432 218 222 230
2.79248201 61.2143099 54.2028712 218 222 230
3.03285867 61.0459407 53.9072887 218 222 230
2.18466228 60.1728981 55.8728884 218 222 230
2.24278161 60.4117581 55.5732255 218 222 230
2.63074748 61.3769619 54.4487037 218 222 230
2.76450073 61.6217436 54.1944272 218 222 230
7.43556954 68.8948906 55.0642255 218 222 230
2.17193859 60.5832613 55.8938867 218 222 230
7.43076578 70.4166277 56.0740272 218 222 230
6.53928231 73.1018334 57.8440817 218 222 230
7.43276269 69.5058783 54.9653308 218 222 230
7.42682875 70.7278628 54.7676144 218 222 230
7.45248319 70.984907 55.8035368 218 222 230
6.56099882 73.5514474 57.7625359 218 222 230
4.97403252 65.5298655 52.4779631 218 222 230
7.42679396 71.5082822 55.9673485 218 222 230
5.73739318 66.7630362 52.5477721 218 222 230
6.62084318 73.8135673 57.6569608 218 222 230
3.43576722 64.0972674 53.1393561 218 222 230
6.09870266 67.3884084 52.695289 218 222 230
7.46521969 71.6417498 55.5337104 218 222 230
5.81314617 67.3713209 52.5119436 218 222 230
3.34798939 64.5739348 53.1515983 218 222 230
5.84976288 67.675656 52.4946318 218 222 230
4.9667583 67.9595193 52.173677 218 222 230
6.10694169 68.2041242 52.5995617 218 222 230
3.35235992 64.9093224 53.1059628 218 222 230
7.19384038 70.346669 53.8721854 218 222 230
7.46760973 71.8635552 55.0989283 218 222 230
7.47038486 72.4316076 55.2662356 218 222 230
7.46963412 73.2214483 54.9986239 218 222 230
5.82623374 68.5946477 52.3663769 218 222 230
7.39818915 73.6027674 55.8879697 218 222 230
7.28407036 75.0130681 56.198991 218 222 230
2.10670279 63.0815418 56.3205601 218 222 230
2.27368121 63.6269453 57.5535584 218 222 230
5.9573115 68.9409065 52.402444 218 222 230
4.13185839 66.7488542 52.4265045 218 222 230
5.61266037 68.785515 52.2364498 218 222 230
6.94318676 75.3804281 56.9766329 218 222 230
6.69517347 76.778469 57.189549 218 222 230
2.10667467 63.4848233 56.2728897 218 222 230
2.25706813 64.3675931 55.022678 218 222 230
2.6686143 65.2641763 53.8958174 218 222 230
2.34038006 64.7395318 54.6955035 218 222 230
2.10821011 63.8789888 56.1410688 218 222 230
2.63905624 65.6724267 53.8969086 218 222 230
4.02725543 67.6589054 52.3512327 218 222 230
4.06110091 67.3547306 52.3761334 218 222 230
3.75116195 67.3674915 52.5196357 218 222 230
6.72160848 71.3202035 52.8488736 218 222 230
2.67646124 66.0686774 53.7817735 218 222 230
6.1638617 77.6553226 57.6380404 218 222 230
5.7981251 78.493564 57.7775498 218 222 230
7.33274771 73.099394 53.9808564 218 222 230
6.97932221 72.989267 53.0585337 218 222 230
4.94722024 69.3946326 51.9926891 218 222 230
7.35943742 73.6530732 54.0250592 218 222 230
4.26227638 68.7726021 52.1340523 218 222 230
3.73995859 68.1825811 52.4241182 218 222 230
4.04356083 68.5770207 52.2301028 218 222 230
7.26137673 73.4296143 53.6853584 218 222 230
7.07679804 74.0931619 53.1192245 218 222 230
6.56204835 77.8790272 57.2204969 218 222 230
7.12702299 77.2272484 56.3654257 218 222 230
7.03196424 78.3328865 56.4370241 218 222 230
7.41976003 74.323305 54.2685837 218 222 230
2.77691911 63.3452234 58.7173536 218 222 230
4.18638569 69.2244439 52.0994876 218 222 230
3.59426095 69.6157473 52.3349921 218 222 230
4.03618082 70.1292085 52.0390091 218 222 230
4.93744797 70.1121981 51.9022658 218 222 230
3.89038094 68.9217735 52.2531479 218 222 230
3.20965882 69.2454699 52.6942229 218 222 230
6.49234764 78.4287322 57.2313765 218 222 230
2.39131863 66.9414172 54.2763592 218 222 230
2.77826448 63.748421 58.6690117 218 222 230
5.77221469 71.4018284 51.9861114 218 222 230
5.75904851 72.8421587 51.7992144 218 222 230
4.97610718 71.1964924 51.7700225 218 222 230
5.61934563 71.2135234 51.9359386 218 222 230
7.38607151 76.4501652 55.5977925 218 222 230
7.47071442 75.6656732 54.770872 218 222 230
4.95033822 70.4736193 51.8581028 218 222 230
6.4723343 72.6349696 52.3783355 218 222 230
2.73802185 64.1450521 58.5569203 218 222 230
7.36755029 74.8749953 53.9096605 218 222 230
7.24135865 76.3038683 53.2639449 218 222 230
6.43943875 72.9008706 52.3101039 218 222 230
6.48400029 79.2402924 57.1391265 218 222 230
6.68707959 78.9409653 56.9302316 218 222 230
7.27556027 79.3388923 55.6870106 218 222 230
2.38588934 67.7575218 54.1889639 218 222 230
7.43662589 76.9959816 55.2050472 218 222 230
6.50842187 73.4497917 52.3162313 218 222 230
6.43914256 79.7864866 57.1188707 218 222 230
7.302821 77.8867725 55.7741933 218 222 230
7.39160115 77.6605236 55.4172354 218 222 230
7.4699821 78.0861637 54.4079476 218 222 230
4.19095231 70.8427048 51.8958552 218 222 230
3.46312738 70.0304808 52.3767673 218 222 230
2.96143157 69.9524632 52.8802525 218 222 230
2.1508824 66.7469 56.5656206 218 222 230
2.38781341 66.0861996 57.5996999 218 222 230
2.50177957 67.2024817 57.735968 218 222 230
4.26916954 71.2000268 51.8288701 218 222 230
7.36800718 78.2150301 55.4665382 218 222 230
4.33158671 71.4693902 51.7797149 218 222 230
2.1427979 67.1230905 56.4567906 218 222 230
2.17619884 68.2546275 54.9102731 218 222 230
7.34037373 78.5898277 55.5414442 218 222 230
4.07990506 71.3869688 51.8652354 218 222 230
2.55877838 69.7075433 53.5449726 218 222 230
2.73882272 68.493288 53.3759124 218 222 230
2.17878856 68.86541 54.8191623 218 222 230
2.18037176 69.259501 56.4382123 218 222 230
2.15387022 67.835275 56.4509789 218 222 230
5.57825571 74.0005351 51.5701996 218 222 230
6.87128329 76.0042969 52.4905586 218 222 230
6.90505586 76.2135414 52.5213783 218 222 230
3.23290266 66.228993 58.9079071 218 222 230
2.18142481 69.4761944 54.7280661 218 222 230
2.47905058 70.3158526 53.6389586 218 222 230
6.73901283 76.0475964 52.2825995 218 222 230
3.01074779 71.2953041 52.6524256 218 222 230
3.0660955 66.7539878 58.6694113 218 222 230
2.76537535 67.7978343 58.1432619 218 222 230
7.47020134 78.8081298 54.3305831 218 222 230
5.48629299 74.5805279 51.4621315 218 222 230
7.33364378 80.2140749 55.3659606 218 222 230
7.32863526 77.958287 53.3572765 218 222 230
7.35759049 77.7030916 53.510658 218 222 230
7.25466886 77.7474377 53.1245637 218 222 230
7.47029809 79.169113 54.2919013 218 222 230
7.23497475 79.000702 52.9077423 218 222 230
5.62359464 74.991569 51.4656733 218 222 230
5.03972095 75.2431608 51.2713251 218 222 230
7.25536345 80.7876819 55.5711513 218 222 230
3.24282467 67.0444623 58.8154284 218 222 230
5.33903155 74.8000205 51.3874464 218 222 230
2.40430147 68.5344965 57.3373807 218 222 230
7.29994566 78.305597 53.2061381 218 222 230
7.35894419 80.6514536 55.2037348 218 222 230
3.20917835 72.6238042 52.272516 218 222 230
2.65858501 72.976974 52.9494426 218 222 230
7.4704659 79.8910792 54.2145382 218 222 230
3.23525967 72.8912129 52.2139395 218 222 230
7.34195594 81.2007858 55.2085901 218 222 230
2.59413244 68.9450031 57.7067163 218 222 230
7.34558601 81.5591018 55.1485648 218 222 230
4.14485947 74.4441569 51.4604988 218 222 230
6.46353707 77.4914085 51.7619753 218 222 230
3.17516806 73.4381056 52.2045346 218 222 230
2.57141566 74.0761695 52.9739262 218 222 230
2.51722963 69.517539 57.4800539 218 222 230
2.1342758 70.6729867 55.9398232 218 222 230
4.7295791 75.510021 51.2230528 218 222 230
4.4665442 75.2429941 51.2815721 218 222 230
6.38819895 77.7519715 51.6515468 218 222 230
7.30744312 79.9297999 53.0303007 218 222 230
6.96942668 79.4670606 52.2303751 218 222 230
4.57454481 75.6456737 51.2167021 218 222 230
2.10857944 71.68236 55.152962 218 222 230
2.1194723 71.3795109 55.6888788 218 222 230
7.33884855 80.3946512 53.0939994 218 222 230
2.58118645 70.1671396 57.5290677 218 222 230
2.26114388 72.8212248 53.9507661 218 222 230
2.11025023 73.2101845 54.9140904 218 222 230
6.60913725 78.861038 51.7587037 218 222 230
4.29891008 75.8761358 51.2368784 218 222 230
3.76633335 76.350971 51.3885489 218 222 230
6.39980026 78.5628957 51.5618312 218 222 230
4.49906647 76.1864493 51.1586679 218 222 230
6.17171198 78.2688237 51.3924468 218 222 230
5.70173607 79.3134572 50.9617042 218 222 230
2.27207945 73.0867449 53.8770767 218 222 230
7.21500988 80.4343144 52.6704315 218 222 230
2.35594272 73.4152459 53.5655665 218 222 230
2.11170445 72.1751742 55.4606331 218 222 230
7.308441 80.9204045 52.9101714 218 222 230
2.10720584 72.520185 55.2785112 218 222 230
4.4329195 76.6832354 51.1073336 218 222 230
4.30132477 77.6776185 51.011155 218 222 230
2.2472923 73.6379681 53.9023255 218 222 230
7.30432586 81.2787479 52.8503658 218 222 230
6.40841352 79.3744001 51.4691347 218 222 230
6.56840931 79.7554343 51.5974896 218 222 230
2.15711116 72.6357844 55.87349 218 222 230
6.7423237 85.6907747 56.0102869 218 222 230
3.04166074 75.7465331 52.0600429 218 222 230
6.33316145 79.9056167 51.3290251 218 222 230
2.1764478 74.3089551 54.1522558 218 222 230
2.23589143 72.9098214 56.2472514 218 222 230
6.13688889 79.9753992 51.1515595 218 222 230
5.7153395 80.1237709 50.8671025 218 222 230
2.88393966 75.9721795 52.2286557 218 222 230
2.83417946 75.7785412 52.3219683 218 222 230
6.33907565 80.3110531 51.283961 218 222 230
2.18754545 73.3357313 55.9679666 218 222 230
2.23990865 74.8593545 53.7794525 218 222 230
2.98483687 76.2944141 52.0588678 218 222 230
3.72425815 77.2993326 51.2938577 218 222 230
7.13273391 85.6938198 55.2936944 218 222 230
2.16828327 73.5934901 55.8258783 218 222 230
2.24736208 73.5481141 56.2140874 218 222 230
7.11830669 86.1494084 55.2711035 218 222 230
3.39344074 77.4606362 51.5032459 218 222 230
3.49364468 77.7212077 51.3927814 218 222 230
5.26256594 79.8338355 50.7384442 218 222 230
6.7540272 87.3118189 55.7909217 218 222 230
7.13826597 86.7742437 55.1452725 218 222 230
5.03706326 80.0986986 50.6642157 218 222 230
5.02985257 79.6938424 50.7139226 218 222 230
5.05113841 80.9081377 50.5648694 218 222 230
4.34208354 80.1032487 50.6983729 218 222 230
3.02656832 73.0968602 57.8314848 218 222 230
3.51315207 78.5299212 51.2774407 218 222 230
5.73300802 81.2038117 50.7409515 218 222 230
3.2622423 78.2838251 51.514679 218 222 230
2.49184011 78.9540815 52.5307416 218 222 230
3.01117266 73.5470091 57.7571052 218 222 230
2.94901278 73.8089221 57.6482593 218 222 230
3.56222535 79.065966 51.1757597 218 222 230
2.29918905 77.6657697 53.2103987 218 222 230
2.17866963 76.0364648 55.5817483 218 222 230
2.27663246 75.004465 56.1423806 218 222 230
5.52575243 82.0018235 50.5494104 218 222 230
5.74182484 81.7438397 50.6779374 218 222 230
5.75502797 82.5538914 50.5834929 218 222 230
2.61612195 75.3740823 56.9446328 218 222 230
7.14667319 85.1834587 51.8958937 218 222 230
4.60560416 81.986185 50.4212639 218 222 230
4.36999212 81.7209301 50.4901029 218 222 230
6.78435751 85.3684599 51.1838471 218 222 230
5.65935548 83.8070315 50.3801235 218 222 230
2.12288464 78.768091 54.0136424 218 222 230
4.38396405 82.529789 50.3861136 218 222 230
3.71586677 82.5619351 50.6410994 218 222 230
2.41022055 79.8776881 52.6102208 218 222 230
5.71144155 84.1697117 50.3595786 218 222 230
2.19720156 77.9365599 55.4429482 218 222 230
2.16974677 78.1881517 55.260627 218 222 230
2.12399511 79.1266808 53.9556705 218 222 230
2.23734151 79.3084098 55.4536577 218 222 230
2.52695129 80.3855779 52.2759454 218 222 230
2.3728378 80.3397936 52.652379 218 222 230
6.85432134 86.4609226 51.1560972 218 222 230
5.72656019 84.7101122 50.2995442 218 222 230
2.18962456 78.5616877 55.325904 218 222 230
5.46592699 84.5167507 50.2132023 218 222 230
4.95852165 85.2227254 50.0156488 218 222 230
5.73662049 85.0703874 50.2595879 218 222 230
5.75669529 85.7909579 50.1798347 218 222 230
2.12632445 79.8438624 53.8397433 218 222 230
2.13141631 81.2782347 53.6079605 218 222 230
2.39745757 80.8719053 52.5192245 218 222 230
3.00070226 77.4699254 57.2543866 218 222 230
2.39579452 81.2326553 52.4785386 218 222 230
2.85232127 77.9874895 56.9975266 218 222 230
6.40105234 86.6593283 50.5513163 218 222 230
4.25583213 83.9720574 50.2363806 218 222 230
3.07330045 77.8178406 57.2948733 218 222 230
3.93055328 83.896674 50.3631334 218 222 230
3.40489259 77.6517547 57.6316717 218 222 230
4.12893881 84.156658 50.2521156 218 222 230
3.03873507 78.4198581 57.180421 218 222 230
3.52339444 77.9321211 57.6869026 218 222 230
3.76988402 78.4898054 57.7729706 218 222 230
2.82145264 78.9269624 56.836214 218 222 230
4.14457501 84.6954896 50.1795273 218 222 230
2.18519042 80.5399283 55.0550452 218 222 230
3.02195165 79.2279249 57.0599052 218 222 230
4.99068289 86.3020501 49.8837676 218 222 230
2.16399058 81.1554781 54.8540629 218 222 230
2.15837405 81.5111701 54.7729029 218 222 230
3.05178585 79.7724838 57.0263556 218 222 230
2.12283755 82.5046574 53.5472672 218 222 230
2.13733915 83.4327637 53.284057 218 222 230
3.37258384 85.0190689 50.5759081 218 222 230
2.32370723 83.8682834 52.356077 218 222 230
2.14053519 84.510034 53.1221519 218 222 230
2.32778595 84.4070369 52.2760714 218 222 230
3.17644528 85.8503553 50.6521393 218 222 230
2.55035215 82.1145597 55.9748138 218 222 230
2.33554113 84.9444286 52.1851684 218 222 230
2.14695698 85.5843703 52.9367683 218 222 230
3.33717867 86.6410125 50.4032472 218 222 230
2.11819446 84.0787647 54.084145 218 222 230
2.47048125 85.8004124 51.7235171 218 222 230
2.1172507 84.6173864 54.0030849 218 222 230
2.11558531 85.1545221 53.9101334 218 222 230
2.1126713 86.228788 53.7241861 218 222 230
2.43025419 86.8910604 51.6832482 218 222 230
2.24840652 87.1524998 54.5181442 218 222 230
2.9307612 86.5177861 56.0368041 218 222 230
3.04252471 87.3463389 56.0692822 218 222 230
6.13725088 3.14543091 66.9702586 218 222 230
5.95189289 3.75239661 67.0262476 218 222 230
6.15807924 4.37004613 66.8008098 218 222 230
7.33663108 2.2293422 65.0992731 218 222 230
7.35412563 1.59091002 63.0067218 218 222 230
6.20695463 6.20850063 66.5312 218 222 230
6.10759951 6.61369117 66.5596335 218 222 230
7.39289132 2.38697225 63.0959166 218 222 230
6.34012523 6.8901141 66.3272394 218 222 230
7.37853689 2.68289173 62.9842854 218 222 230
5.52494641 0.587931157 60.7230529 218 222 230
7.2324092 8.23324601 64.7079874 218 222 230
4.85796433 1.98124427 60.4119654 218 222 230
5.55485959 1.79501091 60.5839123 218 222 230
4.81253992 2.37402129 60.3618224 218 222 230
4.89993077 2.58415103 60.3385189 218 222 230
5.55566162 3.40715079 60.3827708 218 222 230
4.62845596 2.50721838 60.3514514 218 222 230
2.8107395 1.18405032 61.6776004 218 222 230
7.34259265 7.99811483 62.156617 218 222 230
2.78547009 1.47681506 61.6785312 218 222 230
2.65250277 1.37435986 61.9080176 218 222 230
7.33110443 8.3150104 62.0701095 218 222 230
7.33400258 8.81691745 62.0190187 218 222 230
7.46947533 12.0960208 62.8559689 218 222 230
7.35068147 12.4837451 61.6304666 218 222 230
7.46927869 12.5399018 62.8086036 218 222 230
7.46669065 12.9155284 62.8396026 218 222 230
2.1764075 3.85909982 62.9563093 218 222 230
2.90159533 1.5337001 66.6187764 218 222 230
6.94524359 11.9983779 60.6170908 218 222 230
6.49817386 11.2111787 60.082505 218 222 230
6.94883377 12.4420646 60.5681706 218 222 230
6.98281228 12.8158939 60.584787 218 222 230
7.46476036 17.254186 62.3396412 218 222 230
7.41242913 17.2690352 61.3504663 218 222 230
7.39829987 17.9281237 62.8447701 218 222 230
7.46043431 17.6497582 62.3648865 218 222 230
7.35976823 18.477658 62.9696197 218 222 230
7.47063318 17.5226601 62.0252225 218 222 230
7.42844479 18.2731401 62.6077328 218 222 230
7.43145549 18.4749941 62.5596384 218 222 230
7.09608233 16.0478467 60.4158516 218 222 230
7.43662283 18.8716845 62.4686212 218 222 230
7.04479049 16.3075045 60.27202 218 222 230
6.91983696 16.1019687 60.0589642 218 222 230
7.25014 16.9985412 60.7019844 218 222 230
7.13183491 16.8657091 60.3970677 218 222 230
6.94854238 16.646681 60.0422066 218 222 230
7.16134318 17.2908391 60.4169452 218 222 230
4.66364302 19.995398 58.163516 218 222 230
4.36885103 19.8507155 58.222005 218 222 230
4.49667296 20.2924232 58.1438588 218 222 230
4.46519387 20.5359468 58.1183008 218 222 230
7.30330999 27.4421658 59.5744191 218 222 230
7.3100918 27.8661477 59.5462244 218 222 230
7.34361689 28.1510229 59.6424831 218 222 230
7.23658553 27.9709911 59.2895242 218 222 230
5.20764147 27.6109876 57.2520802 218 222 230
5.19940593 27.93887 57.2093772 218 222 230
5.15829565 28.3292532 57.1524863 218 222 230
2.15014191 23.445748 61.9713744 218 222 230
7.43591784 34.4580997 60.5266869 218 222 230
6.69988165 39.3217184 56.8176557 218 222 230
6.90554753 46.5087052 60.6510528 218 222 230
2.47188595 39.6027295 57.4934148 218 222 230
4.17849554 49.5271125 54.5634346 218 222 230
4.32374179 49.7476024 54.4960302 218 222 230
4.43278602 50.1540901 54.4225931 218 222 230
4.69521123 51.6503162 54.2060096 218 222 230
6.08037757 60.7252978 53.5143221 218 222 230
3.57184594 59.1034656 53.6637901 218 222 230
7.14504314 67.8367205 57.4952056 218 222 230
3.84272074 59.8939436 53.4047133 218 222 230
3.69649761 60.7118119 53.3830724 218 222 230
3.71166366 60.9810664 53.3404346 218 222 230
4.95245694 66.3336987 52.3756239 218 222 230
4.94166506 66.735626 52.3245405 218 222 230
4.95003108 67.1435861 52.2742181 218 222 230
7.45994726 74.6697946 55.2466548 218 222 230
7.12148128 76.6218857 56.4542363 218 222 230
2.72790683 67.5765333 53.5079303 218 222 230
3.19595725 68.3282247 52.8223152 218 222 230
7.08432399 74.7038708 53.0595073 218 222 230
7.44871127 76.6475876 54.2157917 218 222 230
7.42610674 76.9991612 53.9786581 218 222 230
2.33684336 71.0756008 56.8309686 218 222 230
2.56485552 74.6866292 52.9106214 218 222 230
2.64854766 75.0498131 52.708108 218 222 230
6.71184943 86.373077 55.9677533 218 222 230
6.34675787 80.8514322 51.2237563 218 222 230
7.38235079 85.1423437 54.530724 218 222 230
7.4705737 85.6668111 53.5956453 218 222 230
2.12408071 74.3032641 55.3811927 218 222 230
2.11202399 74.6579319 55.1570959 218 222 230
4.28424439 78.8009955 50.8750792 218 222 230
7.38050945 85.6837791 54.4723867 218 222 230
7.37668903 85.9118022 54.462922 218 222 230
4.27571209 79.3626908 50.8070961 218 222 230
7.38197347 86.2239047 54.3974847 218 222 230
4.29780192 79.6095128 50.7706102 218 222 230
7.3909688 84.8802724 52.7766822 218 222 230
7.39270134 85.4217124 52.7183818 218 222 230
3.61607618 80.7701504 50.9266916 218 222 230
7.1824284 86.0040345 51.8849136 218 222 230
6.8183231 85.9143619 51.167337 218 222 230
3.5933083 81.0859979 50.9022388 218 222 230
3.56098106 81.5838228 50.861972 218 222 230
6.30353161 85.2090483 50.6386922 218 222 230
6.49366176 85.682201 50.7711819 218 222 230
6.31238756 85.5697046 50.6017846 218 222 230
6.3334634 85.8418994 50.5874781 218 222 230
2.86465351 85.4006257 51.0767729 218 222 230
2.82195997 86.7565877 50.9676374 218 222 230
2.38684242 86.5446451 51.838643 218 222 230
2.1580809 86.3837047 52.7573132 218 222 230
2.38721785 85.8545204 55.127732 218 222 230
2.35839834 86.3858706 54.9811915 218 222 230
2.31839127 86.6416391 54.8286463 218 222 230
2.52502791 86.8419129 55.3316487 218 222 230
2.67759672 87.0128111 55.5995819 218 222 230
2.56640895 87.2582349 55.3642566 218 222 230
7.08949514 0.788734617 62.3078952 218 222 230
7.06993311 2.00826649 62.1124018 218 222 230
6.13179396 2.1074957 60.878421 218 222 230
6.27827992 38.5826751 56.4425016 218 222 230
6.15876802 38.8509798 56.3079496 218 222 230
5.52788512 59.4764086 53.3651353 218 222 230
4.96556779 59.5956475 53.2187689 218 222 230
4.97899562 60.2691717 53.1358372 218 222 230
5.14567447 60.6772081 53.1077847 218 222 230
4.65197381 60.6751801 53.0806989 218 222 230
4.57297451 60.9464748 53.0537683 218 222 230
4.99864756 78.5844492 50.8490265 218 222 230
5.0005722 79.0414468 50.792121 218 222 230
5.01033532 79.2589062 50.7660078 218 222 230
3.02000447 81.8682046 51.3202382 218 222 230
6.81694612 1.62634466 61.6983199 218 222 230
6.67068885 1.43805681 61.5126692 218 222 230
6.65723911 2.04830387 61.4187726 218 222 230
6.10470589 59.715316 53.6586822 218 222 230
4.2143274 58.9767949 53.3716712 218 222 230
4.2493954 59.3340322 53.317051 218 222 230
4.3952364 59.7348835 53.2324231 218 222 230
4.11183512 59.519488 53.3368184 218 222 230
4.40189458 60.0714081 53.1890569 218 222 230
5.60704973 78.4153758 51.030627 218 222 230
6.13976758 1.00112577 61.0228893 218 222 230
5.95171783 1.26321192 60.8562203 218 222 230
6.1532038 1.60524696 60.9579708 218 222 230
81.7758602 -2.22044605e-16 16.2249045 255 79 163
62.3979456 -2.22044605e-16 34.2160822 255 79 163
62.7049071 0.118652773 33.256694 255 79 163
62.8898849 0.341790238 32.6785581 255 79 163
62.9833179 0.543801757 32.3865393 255 79 163
63.0330415 0.715105543 32.2311314 255 79 163
63.0598877 0.866697612 32.1472253 255 79 163
63.0705274 0.97707299 32.1139717 255 79 163
63.0740864 1.08862271 32.1028481 255 79 163
79.4257955 1.08862271 16.9213124 255 79 163
80.6008278 0.145847788 16.5731084 255 79 163
80.1141135 0.31885021 16.7173392 255 79 163
79.8218528 0.483816338 16.8039465 255 79 163
79.6514268 0.623176527 16.8544498 255 79 163
79.5178089 0.786985548 16.8940456 255 79 163
79.4558054 0.91520472 16.9124194 255 79 163
79.43331 1.00163557 16.9190856 255 79 163
60.9848131 0 12.6105275 255 79 163
81.7758602 -2.22044605e-16 16.2249045 255 79 163
80.6008278 0.145847788 16.5731084 255 79 163
80.1141135 0.31885021 16.7173392 255 79 163
79.8218528 0.483816338 16.8039465 255 79 163
79.6514268 0.623176527 16.8544498 255 79 163
79.5178089 0.786985548 16.8940456 255 79 163
79.4558054 0.91520472 16.9124194 255 79 163
79.43331 1.00163557 16.9190856 255 79 163
79.4257955 1.08862271 16.9213124 255 79 163
60.7983602 1.08862271 13.6830641 255 79 163
60.9433234 0.0272940442 12.8491893 255 79 163
60.9039142 0.10780754 13.0758837 255 79 163
60.8685616 0.237503203 13.2792431 255 79 163
60.8390383 0.409877553 13.4490704 255 79 163
60.8168248 0.616287019 13.5768496 255 79 163
60.8030349 0.846381369 13.6561733 255 79 163
62.3979456 -2.22044605e-16 34.2160822 255 79 163
58.4794416 0 15.1949044 255 79 163
58.7167007 0.0272940442 15.1460273 255 79 163
58.9420627 0.10780754 15.0996011 255 79 163
59.1442269 0.237503203 15.0579537 255 79 163
59.313056 0.409877553 15.0231737 255 79 163
59.4400842 0.616287019 14.9970049 255 79 163
59.5189417 0.846381369 14.9807597 255 79 163
59.5456744 1.08862271 14.9752525 255 79 163
63.0740864 1.08862271 32.1028481 255 79 163
62.7049071 0.118652773 33.256694 255 79 163
62.8898849 0.341790238 32.6785581 255 79 163
62.9833179 0.543801757 32.3865393 255 79 163
63.0330415 0.715105543 32.2311314 255 79 163
63.0598877 0.866697612 32.1472253 255 79 163
63.0705274 0.97707299 32.1139717 255 79 163
58.4794416 0 15.1949044 255 79 163
58.7167007 0.0272940442 15.1460273 255 79 163
58.9420627 0.10780754 15.0996011 255 79 163
59.1442269 0.237503203 15.0579537 255 79 163
59.313056 0.409877553 15.0231737 255 79 163
59.4400842 0.616287019 14.9970049 255 79 163
59.5189417 0.846381369 14.9807597 255 79 163
59.5456744 1.08862271 14.9752525 255 79 163
58.4364117 0 14.6683267 255 79 163
58.5214847 0 14.146888 255 79 163
58.729651 0 13.661293 255 79 163
59.048653 0 13.2401357 255 79 163
59.4597064 0 12.9082158 255 79 163
59.9386065 0 12.6850781 255 79 163
60.4571535 0 12.583862 255 79 163
60.9848131 0 12.6105275 255 79 163
60.9433234 0.0272940442 12.8491893 255 79 163
60.9039142 0.10780754 13.0758837 255 79 163
60.8685616 0.237503203 13.2792431 255 79 163
60.8390383 0.409877553 13.4490704 255 79 163
60.8168248 0.616287019 13.5768496 255 79 163
60.8030349 0.846381369 13.6561733 255 79 163
60.7983602 1.08862271 13.6830641 255 79 163
59.5241595 1.08862271 14.7119637 255 79 163
59.5666959 1.08862271 14.4512443 255 79 163
59.6707791 1.08862271 14.2084468 255 79 163
59.8302801 1.08862271 13.9978682 255 79 163
60.0358068 1.08862271 13.8319082 255 79 163
60.2752568 1.08862271 13.7203394 255 79 163
60.5345304 1.08862271 13.6697313 255 79 163
58.6784583 0.0272940442 14.6780368 255 79 163
58.9083678 0.10780754 14.68726 255 79 163
58.7540661 0.0272940442 14.2146136 255 79 163
59.1146113 0.237503203 14.6955339 255 79 163
58.9749848 0.10780754 14.2789432 255 79 163
59.2868471 0.409877553 14.7024434 255 79 163
58.9390717 0.0272940442 13.7830462 255 79 163
59.1731632 0.237503203 14.3366511 255 79 163
59.4164386 0.616287019 14.7076422 255 79 163
59.1379912 0.10780754 13.8986942 255 79 163
59.3386638 0.409877553 14.3848433 255 79 163
59.2225814 0.0272940442 13.4087471 255 79 163
59.4968873 0.846381369 14.7108696 255 79 163
59.3164348 0.237503203 14.0024378 255 79 163
59.4631875 0.616287019 14.4211036 255 79 163
59.3877883 0.10780754 13.5689035 255 79 163
59.4654546 0.409877553 14.0890751 255 79 163
59.5879008 0.0272940442 13.1137567 255 79 163
59.5404903 0.846381369 14.4436135 255 79 163
59.5359895 0.237503203 13.7125742 255 79 163
59.5775781 0.616287019 14.1542616 255 79 163
59.709667 0.10780754 13.3089909 255 79 163
59.6597537 0.409877553 13.8325548 255 79 163
60.0135182 0.0272940442 12.9154454 255 79 163
59.6471831 0.846381369 14.1947285 255 79 163
59.8188991 0.237503203 13.4841286 255 79 163
59.7528747 0.616287019 13.9228291 255 79 163
60.0846736 0.10780754 13.1342611 255 79 163
59.9101198 0.409877553 13.6303876 255 79 163
60.4743714 0.0272940442 12.8254906 255 79 163
59.8106831 0.846381369 13.9788703 255 79 163
60.1485045 0.237503203 13.3305529 255 79 163
59.9787549 0.616287019 13.7404339 255 79 163
60.490726 0.10780754 13.055003 255 79 163
60.2018103 0.409877553 13.4944779 255 79 163
60.0213628 0.846381369 13.8087493 255 79 163
60.5053972 0.237503203 13.2608904 255 79 163
60.241918 0.616287019 13.6178163 255 79 163
60.5176492 0.409877553 13.4328288 255 79 163
60.2668163 0.846381369 13.6943832 255 79 163
60.5268676 0.616287019 13.5621964 255 79 163
60.5325904 0.846381369 13.6425063 255 79 163
1.08862271 92.5156341 2.77555756e-17 218 222 230
13.8939701 92.5156341 0 218 222 230
1.08862271 1.08862271 -2.22044605e-16 218 222 230
95.6562975 1.08862271 -2.22044605e-16 218 222 230
95.6562975 95.8515095 -2.22044605e-16 218 222 230
13.8939701 95.8515095 -2.22044605e-16 218 222 230
10.704114 39.7067184 0 218 222 230
10.8592805 41.7772711 0 218 222 230
11.3213138 43.8015712 0 218 222 230
12.0798928 45.7343989 0 218 222 230
13.1180721 47.5325783 0 218 222 230
14.4126606 49.1559409 0 218 222 230
15.9347392 50.5682235 0 218 222 230
17.6503073 51.737878 0 218 222 230
19.5210418 52.6387762 0 218 222 230
21.5051537 53.2507937 0 218 222 230
23.5583212 53.5602589 0 218 222 230
25.6346798 53.5602589 0 218 222 230
27.6878473 53.2507937 0 218 222 230
29.6719592 52.6387762 0 218 222 230
31.5426937 51.737878 0 218 222 230
33.2582618 50.5682235 0 218 222 230
34.7803404 49.1559409 0 218 222 230
36.0749289 47.5325783 0 218 222 230
37.1131082 45.7343989 0 218 222 230
37.8716872 43.8015712 0 218 222 230
38.3337205 41.7772711 0 218 222 230
38.488887 39.7067184 0 218 222 230
38.3337205 37.6361656 0 218 222 230
37.8716872 35.6118656 0 218 222 230
37.1131082 33.6790378 0 218 222 230
36.0749289 31.8808584 0 218 222 230
34.7803404 30.2574958 0 218 222 230
33.2582618 28.8452133 0 218 222 230
31.5426937 27.6755588 0 218 222 230
29.6719592 26.7746605 0 218 222 230
27.6878473 26.162643 0 218 222 230
25.6346798 25.8531778 0 218 222 230
23.5583212 25.8531778 0 218 222 230
21.5051537 26.162643 0 218 222 230
19.5210418 26.7746605 0 218 222 230
17.6503073 27.6755588 0 218 222 230
15.9347392 28.8452133 0 218 222 230
14.4126606 30.2574958 0 218 222 230
13.1180721 31.8808584 0 218 222 230
12.0798928 33.6790378 0 218 222 230
11.3213138 35.6118656 0 218 222 230
10.8592805 37.6361656 0 218 222 230
13.8939701 93.6127241 90.8372058 218 222 230
13.8939701 95.8515095 90.8372058 218 222 230
12.8053474 91.2825035 90.8372058 218 222 230
12.8923387 91.2922573 90.8372058 218 222 230
12.9755663 91.3194394 90.8372058 218 222 230
13.053207 91.3601237 90.8372058 218 222 230
13.1473407 91.4293549 90.8372058 218 222 230
13.2706645 91.5539157 90.8372058 218 222 230
13.4239342 91.7675338 90.8372058 218 222 230
13.6019217 92.1195424 90.8372058 218 222 230
13.7834119 92.682485 90.8372058 218 222 230
13.865633 93.1444167 90.8372058 218 222 230
1.08862271 91.2825035 90.8372058 218 222 230
1.08862271 1.08862271 90.8372058 218 222 230
95.6562975 1.08862271 90.8372058 218 222 230
95.6562975 96.9401322 90.8372058 218 222 230
14.9825928 96.9401322 90.8372058 218 222 230
13.9212641 96.0937508 90.8372058 218 222 230
14.0017776 96.3238452 90.8372058 218 222 230
14.1314733 96.5302546 90.8372058 218 222 230
14.3038476 96.702629 90.8372058 218 222 230
14.5102571 96.8323247 90.8372058 218 222 230
14.7403515 96.9128381 90.8372058 218 222 230
0 91.2825035 89.7485831 255 79 163
0.0272940442 91.5228752 89.7185449 255 79 163
0.10780754 91.7511937 89.6900129 255 79 163
0.237503203 91.9560102 89.6644178 255 79 163
0.409877553 92.1270541 89.6430432 255 79 163
0.616287019 92.2557488 89.6269607 255 79 163
0.846381369 92.3356409 89.616977 255 79 163
1.08862271 92.3627243 89.6135925 255 79 163
0 91.2825035 89.7485831 255 79 163
0.0272940442 91.2825035 89.9908245 255 79 163
0.10780754 91.2825035 90.2209188 255 79 163
0.237503203 91.2825035 90.4273283 255 79 163
0.409877553 91.2825035 90.5997026 255 79 163
0.616287019 91.2825035 90.7293983 255 79 163
0.846381369 91.2825035 90.8099118 255 79 163
1.08862271 91.2825035 90.8372058 255 79 163
1.08862271 92.3635767 89.8765679 255 79 163
1.08862271 92.3013428 90.1320748 255 79 163
1.08862271 92.1796542 90.3652029 255 79 163
1.08862271 92.0056122 90.562348 255 79 163
1.08862271 91.7893729 90.7120056 255 79 163
1.08862271 91.5435551 90.8054424 255 79 163
0.053280988 91.618563 89.7637801 255 79 163
0.053280988 91.5943804 89.8746772 255 79 163
0.053280988 91.5346937 89.9712197 255 79 163
0.207908438 91.9076883 89.8849129 255 79 163
0.053280988 91.4462976 90.0424171 255 79 163
0.207908438 91.8267639 90.0850684 255 79 163
0.448746337 92.1623187 89.7883694 255 79 163
0.053280988 91.3392551 90.0801645 255 79 163
0.207908438 91.6838809 90.2469183 255 79 163
0.448746337 92.0990079 90.0787017 255 79 163
0.207908438 91.4953049 90.3520376 255 79 163
0.448746337 91.942746 90.3314532 255 79 163
0.752219794 92.2940737 89.9691694 255 79 163
0.448746337 91.7113219 90.5178506 255 79 163
0.752219794 92.1631354 90.2930278 255 79 163
0.448746337 91.431081 90.6166743 255 79 163
0.752219794 91.9319457 90.5549065 255 79 163
0.752219794 91.6268233 90.724993 255 79 163
1.08862271 92.5156341 2.77555756e-17 218 222 230
13.8939701 92.5156341 0 218 222 230
13.8939701 87.3884076 41.0290415 218 222 230
13.073245 86.8567318 45.2836123 218 222 230
13.2366258 86.8847459 45.0594388 218 222 230
13.5051612 86.9682234 44.3914354 218 222 230
13.7149074 87.0869995 43.440967 218 222 230
13.8482441 87.2310959 42.2878799 218 222 230
1.08862271 86.8567318 45.2836123 218 222 230
12.8053474 86.8567318 45.5535936 218 222 230
12.8053474 92.3627243 89.6135925 218 222 230
1.08862271 92.3627243 89.6135925 218 222 230
1.08862271 86.8567318 45.5535936 218 222 230
4.78861449 88.2647639 56.8209338 218 222 230
5.18870856 88.2598131 56.7813166 218 222 230
5.57985009 88.2450715 56.6633515 218 222 230
5.95328688 88.2208689 56.4696781 218 222 230
6.30066287 88.187747 56.2046301 218 222 230
6.61420515 88.1464468 55.8741381 218 222 230
6.88689788 88.0978925 55.4855974 218 222 230
7.17654714 88.0237675 54.8924347 218 222 230
7.38859447 87.9309689 54.149843 218 222 230
7.47004826 87.8327099 53.3635553 218 222 230
7.41681722 87.7339257 52.5730659 218 222 230
7.23157506 87.6395783 51.8180799 218 222 230
6.92362624 87.5544066 51.1365193 218 222 230
6.50843864 87.4826885 50.5626181 218 222 230
6.00686656 87.4280265 50.1252024 218 222 230
5.50234545 87.395703 49.8665429 218 222 230
5.02281494 87.3814386 49.7523965 218 222 230
4.53555519 87.3817223 49.7546674 218 222 230
4.05664708 87.396545 49.8732807 218 222 230
3.6018959 87.4254172 50.1043219 218 222 230
3.18630967 87.4673862 50.4401659 218 222 230
2.82360388 87.5210669 50.869729 218 222 230
2.52574882 87.5846876 51.3788344 218 222 230
2.3025745 87.6561488 51.9506802 218 222 230
2.1614463 87.733092 52.5663941 218 222 230
2.10854237 87.8398058 53.4203383 218 222 230
2.23637356 87.9583194 54.3687065 218 222 230
2.55307155 88.0667642 55.2365029 218 222 230
2.98047485 88.149098 55.8953532 218 222 230
3.45878633 88.2065459 56.3550626 218 222 230
3.94532205 88.2423238 56.641364 218 222 230
4.36151887 88.2591178 56.7757531 218 222 230
1.08862271 86.8567318 45.5535936 255 79 163
12.8053474 86.8567318 45.5535936 255 79 163
1.08862271 86.8567318 45.2836123 255 79 163
1.08862271 86.8492645 45.3735028 255 79 163
1.08862271 86.8492645 45.463703 255 79 163
13.073245 86.8567318 45.2836123 255 79 163
12.8729733 86.8504324 45.4862288 255 79 163
12.940338 86.8483299 45.4186029 255 79 163
13.0071813 86.8504324 45.350977 255 79 163
95.6562975 1.08862271 90.8372058 218 222 230
95.6562975 96.9401322 90.8372058 218 222 230
95.6562975 1.08862271 -2.22044605e-16 218 222 230
95.6562975 95.8515095 -2.22044605e-16 218 222 230
95.6562975 96.0937508 0.0272940442 218 222 230
95.6562975 96.3238452 0.10780754 218 222 230
95.6562975 96.5302546 0.237503203 218 222 230
95.6562975 96.702629 0.409877553 218 222 230
95.6562975 96.8323247 0.616287019 218 222 230
95.6562975 96.9128381 0.846381369 218 222 230
95.6562975 96.9401322 1.08862271 218 222 230
63.0740864 1.08862271 32.1028481 218 222 230
63.0740864 96.9401322 32.1028481 218 222 230
79.4257955 1.08862271 16.9213124 218 222 230
79.4257955 95.8515095 16.9213124 218 222 230
80.4282176 96.9401322 15.9906263 218 222 230
80.1687717 96.9030383 16.2315056 218 222 230
79.9270066 96.7942844 16.4559694 218 222 230
79.7193981 96.621282 16.6487208 218 222 230
79.5735122 96.4203133 16.7841667 218 222 230
79.4824201 96.2122114 16.86874 218 222 230
79.440053 96.0344626 16.9080752 218 222 230
79.4257955 96.9401322 16.9213124 218 222 230
79.4257955 1.08862271 16.9213124 218 222 230
79.4257955 95.8515095 16.9213124 218 222 230
60.7983602 1.08862271 13.6830641 218 222 230
60.7983602 95.8515095 13.6830641 218 222 230
59.5456744 96.9401322 14.9752525 218 222 230
63.0740864 96.9401322 32.1028481 218 222 230
59.5456744 1.08862271 14.9752525 218 222 230
63.0740864 1.08862271 32.1028481 218 222 230
60.7983602 1.08862271 13.6830641 255 79 163
60.7983602 95.8515095 13.6830641 255 79 163
59.5456744 1.08862271 14.9752525 255 79 163
59.5241595 1.08862271 14.7119637 255 79 163
59.5666959 1.08862271 14.4512443 255 79 163
59.6707791 1.08862271 14.2084468 255 79 163
59.8302801 1.08862271 13.9978682 255 79 163
60.0358068 1.08862271 13.8319082 255 79 163
60.2752568 1.08862271 13.7203394 255 79 163
60.5345304 1.08862271 13.6697313 255 79 163
59.5456744 96.9401322 14.9752525 255 79 163
60.5043499 96.0031524 13.6723044 255 79 163
60.2181955 96.1547953 13.7406669 255 79 163
59.9607972 96.3064381 13.8831586 255 79 163
59.8284728 96.3971567 13.9997369 255 79 163
59.6919877 96.5108889 14.1734948 255 79 163
59.5933998 96.624621 14.3712289 255 79 163
59.5447014 96.7153396 14.5407258 255 79 163
59.5232873 96.8277359 14.7580382 255 79 163
13.8939701 93.6127241 90.8372058 218 222 230
13.8939701 95.8515095 90.8372058 218 222 230
13.8939701 95.8515095 -2.22044605e-16 218 222 230
13.8939701 92.5156341 0 218 222 230
13.8939701 87.3884076 41.0290415 218 222 230
13.8939701 95.8515095 -2.22044605e-16 255 79 163
13.9089669 96.0315843 0.0149968616 255 79 163
13.9535443 96.2066977 0.0595742528 255 79 163
14.0264741 96.372025 0.132503978 255 79 163
14.1257468 96.523011 0.231776678 255 79 163
14.2486273 96.6554958 0.354657192 255 79 163
14.39173 96.7658292 0.497759917 255 79 163
14.6071089 96.8733271 0.713138797 255 79 163
14.7919025 96.9233008 0.897932458 255 79 163
14.9825928 96.9401322 1.08862271 255 79 163
95.6562975 96.9401322 1.08862271 255 79 163
95.6562975 95.8515095 -2.22044605e-16 255 79 163
95.6562975 96.0937508 0.0272940442 255 79 163
95.6562975 96.3238452 0.10780754 255 79 163
95.6562975 96.5302546 0.237503203 255 79 163
95.6562975 96.702629 0.409877553 255 79 163
95.6562975 96.8323247 0.616287019 255 79 163
95.6562975 96.9128381 0.846381369 255 79 163
10.704114 39.7067184 0 218 222 230
10.704114 39.7067184 2.61845328 218 222 230
10.8592805 41.7772711 2.61845328 218 222 230
11.3213138 43.8015712 2.61845328 218 222 230
12.0798928 45.7343989 2.61845328 218 222 230
13.1180721 47.5325783 2.61845328 218 222 230
14.4126606 49.1559409 2.61845328 218 222 230
15.9347392 50.5682235 2.61845328 218 222 230
17.6503073 51.737878 2.61845328 218 222 230
19.5210418 52.6387762 2.61845328 218 222 230
21.5051537 53.2507937 2.61845328 218 222 230
23.5583212 53.5602589 2.61845328 218 222 230
25.6346798 53.5602589 2.61845328 218 222 230
27.6878473 53.2507937 2.61845328 218 222 230
29.6719592 52.6387762 2.61845328 218 222 230
31.5426937 51.737878 2.61845328 218 222 230
33.2582618 50.5682235 2.61845328 218 222 230
34.7803404 49.1559409 2.61845328 218 222 230
36.0749289 47.5325783 2.61845328 218 222 230
37.1131082 45.7343989 2.61845328 218 222 230
37.8716872 43.8015712 2.61845328 218 222 230
38.3337205 41.7772711 2.61845328 218 222 230
38.488887 39.7067184 2.61845328 218 222 230
38.3337205 37.6361656 2.61845328 218 222 230
37.8716872 35.6118656 2.61845328 218 222 230
37.1131082 33.6790378 2.61845328 218 222 230
36.0749289 31.8808584 2.61845328 218 222 230
34.7803404 30.2574958 2.61845328 218 222 230
33.2582618 28.8452133 2.61845328 218 222 230
31.5426937 27.6755588 2.61845328 218 222 230
29.6719592 26.7746605 2.61845328 218 222 230
27.6878473 26.162643 2.61845328 218 222 230
25.6346798 25.8531778 2.61845328 218 222 230
23.5583212 25.8531778 2.61845328 218 222 230
21.5051537 26.162643 2.61845328 218 222 230
19.5210418 26.7746605 2.61845328 218 222 230
17.6503073 27.6755588 2.61845328 218 222 230
15.9347392 28.8452133 2.61845328 218 222 230
14.4126606 30.2574958 2.61845328 218 222 230
13.1180721 31.8808584 2.61845328 218 222 230
12.0798928 33.6790378 2.61845328 218 222 230
11.3213138 35.6118656 2.61845328 218 222 230
10.8592805 37.6361656 2.61845328 218 222 230
10.704114 39.7067184 2.61845328 218 222 230
10.704114 39.7067184 0 218 222 230
10.8592805 41.7772711 0 218 222 230
11.3213138 43.8015712 0 218 222 230
12.0798928 45.7343989 0 218 222 230
13.1180721 47.5325783 0 218 222 230
14.4126606 49.1559409 0 218 222 230
15.9347392 50.5682235 0 218 222 230
17.6503073 51.737878 0 218 222 230
19.5210418 52.6387762 0 218 222 230
21.5051537 53.2507937 0 218 222 230
23.5583212 53.5602589 0 218 222 230
25.6346798 53.5602589 0 218 222 230
27.6878473 53.2507937 0 218 222 230
29.6719592 52.6387762 0 218 222 230
31.5426937 51.737878 0 218 222 230
33.2582618 50.5682235 0 218 222 230
34.7803404 49.1559409 0 218 222 230
36.0749289 47.5325783 0 218 222 230
37.1131082 45.7343989 0 218 222 230
37.8716872 43.8015712 0 218 222 230
38.3337205 41.7772711 0 218 222 230
38.488887 39.7067184 0 218 222 230
38.3337205 37.6361656 0 218 222 230
37.8716872 35.6118656 0 218 222 230
37.1131082 33.6790378 0 218 222 230
36.0749289 31.8808584 0 218 222 230
34.7803404 30.2574958 0 218 222 230
33.2582618 28.8452133 0 218 222 230
31.5426937 27.6755588 0 218 222 230
29.6719592 26.7746605 0 218 222 230
27.6878473 26.162643 0 218 222 230
25.6346798 25.8531778 0 218 222 230
23.5583212 25.8531778 0 218 222 230
21.5051537 26.162643 0 218 222 230
19.5210418 26.7746605 0 218 222 230
17.6503073 27.6755588 0 218 222 230
15.9347392 28.8452133 0 218 222 230
14.4126606 30.2574958 0 218 222 230
13.1180721 31.8808584 0 218 222 230
12.0798928 33.6790378 0 218 222 230
11.3213138 35.6118656 0 218 222 230
10.8592805 37.6361656 0 218 222 230
13.8939701 93.6127241 90.8372058 255 79 163
13.8939701 93.6127241 90.8372058 255 79 163
12.8053474 91.2825035 90.8372058 255 79 163
12.8923387 91.2922573 90.8372058 255 79 163
12.9755663 91.3194394 90.8372058 255 79 163
13.053207 91.3601237 90.8372058 255 79 163
13.1473407 91.4293549 90.8372058 255 79 163
13.2706645 91.5539157 90.8372058 255 79 163
13.4239342 91.7675338 90.8372058 255 79 163
13.6019217 92.1195424 90.8372058 255 79 163
13.7834119 92.682485 90.8372058 255 79 163
13.865633 93.1444167 90.8372058 255 79 163
12.8053474 91.5454711 90.8049672 255 79 163
12.8053474 91.7928638 90.710161 255 79 163
12.8053474 92.0100285 90.558402 255 79 163
12.8053474 92.1841034 90.358679 255 79 163
12.8053474 92.3047782 90.1228212 255 79 163
12.8053474 92.3641458 89.8716654 255 79 163
12.8053474 92.3627243 89.6135925 255 79 163
13.0871037 92.4278284 89.8354268 255 79 163
13.3496593 92.5640398 90.0483751 255 79 163
13.5751199 92.7640031 90.2533566 255 79 163
13.7481224 93.0160207 90.4518332 255 79 163
13.8568762 93.3048458 90.64571 255 79 163
13.3325888 91.8549259 90.8063651 255 79 163
13.3135146 92.0393193 90.7297673 255 79 163
13.2934369 92.1994348 90.620764 255 79 163
13.2732549 92.3277399 90.4845029 255 79 163
13.2541959 92.419878 90.322885 255 79 163
13.6487282 92.3885499 90.8156482 255 79 163
13.2371593 92.4736475 90.138909 255 79 163
13.636764 92.5001263 90.7641682 255 79 163
13.6225643 92.5976433 90.6932876 255 79 163
13.607607 92.6756031 90.6061007 255 79 163
13.5941821 92.7298547 90.5024777 255 79 163
13.5837676 92.7587191 90.3827913 255 79 163
13.764244 92.9352452 90.7142998 255 79 163
13.8209451 93.1020359 90.7466573 255 79 163
13.8609567 93.2689647 90.777417 255 79 163
13.7756938 92.8221882 90.7993458 255 79 163
13.8033136 92.9189733 90.8047223 255 79 163
13.8476766 93.1159179 90.8149347 255 79 163
13.8640037 93.213207 90.8194647 255 79 163
13.7796506 92.7549387 90.8263354 255 79 163
13.7933511 92.8074805 90.8271497 255 79 163
13.8395066 93.0199799 90.8302491 255 79 163
13.8573915 93.1274196 90.8316235 255 79 163
13.8648426 93.1800036 90.8322327 255 79 163
13.8616154 93.135202 90.8357998 255 79 163
13.8651796 93.1625171 90.8358782 255 79 163
13.8939701 95.8515095 90.8372058 255 79 163
13.9212641 96.0937508 90.8372058 255 79 163
14.0017776 96.3238452 90.8372058 255 79 163
14.1314733 96.5302546 90.8372058 255 79 163
14.3038476 96.702629 90.8372058 255 79 163
14.5102571 96.8323247 90.8372058 255 79 163
14.7403515 96.9128381 90.8372058 255 79 163
14.9825928 96.9401322 90.8372058 255 79 163
14.9825928 96.9401322 1.08862271 255 79 163
13.8939701 95.8515095 -2.22044605e-16 255 79 163
13.9089669 96.0315843 0.0149968616 255 79 163
13.9535443 96.2066977 0.0595742528 255 79 163
14.0264741 96.372025 0.132503978 255 79 163
14.1257468 96.523011 0.231776678 255 79 163
14.2486273 96.6554958 0.354657192 255 79 163
14.39173 96.7658292 0.497759917 255 79 163
14.6071089 96.8733271 0.713138797 255 79 163
14.7919025 96.9233008 0.897932458 255 79 163
12.8053474 91.2825035 90.8372058 255 79 163
12.8053474 91.5454711 90.8049672 255 79 163
12.8053474 91.7928638 90.710161 255 79 163
12.8053474 92.0100285 90.558402 255 79 163
12.8053474 92.1841034 90.358679 255 79 163
12.8053474 92.3047782 90.1228212 255 79 163
12.8053474 92.3641458 89.8716654 255 79 163
12.8053474 92.3627243 89.6135925 255 79 163
1.08862271 92.3627243 89.6135925 255 79 163
1.08862271 92.3635767 89.8765679 255 79 163
1.08862271 92.3013428 90.1320748 255 79 163
1.08862271 92.1796542 90.3652029 255 79 163
1.08862271 92.0056122 90.562348 255 79 163
1.08862271 91.7893729 90.7120056 255 79 163
1.08862271 91.5435551 90.8054424 255 79 163
1.08862271 91.2825035 90.8372058 255 79 163
95.6562975 96.9401322 1.08862271 218 222 230
95.6562975 96.9401322 90.8372058 218 222 230
14.9825928 96.9401322 1.08862271 218 222 230
14.9825928 96.9401322 90.8372058 218 222 230
59.5456744 96.9401322 14.9752525 218 222 230
63.0740864 96.9401322 32.1028481 218 222 230
60.9848131 96.9401322 12.6105275 218 222 230
60.9166959 96.9401322 12.6077475 218 222 230
60.849484 96.9401322 12.619366 218 222 230
60.7635285 96.9401322 12.6497704 218 222 230
60.6435886 96.9401322 12.7148302 218 222 230
60.4795095 96.9401322 12.8377263 218 222 230
60.2225047 96.9401322 13.0972327 218 222 230
59.9802671 96.9401322 13.4196176 218 222 230
59.72949 96.9401322 13.8735878 218 222 230
59.5633671 96.9401322 14.3644828 218 222 230
59.5226664 96.9401322 14.6691318 218 222 230
80.4282176 96.9401322 15.9906263 218 222 230
79.4257955 96.9401322 16.9213124 218 222 230
12.8053474 86.8567318 45.5535936 255 79 163
12.8729733 86.8504324 45.4862288 255 79 163
12.940338 86.8483299 45.4186029 255 79 163
13.0071813 86.8504324 45.350977 255 79 163
13.073245 86.8567318 45.2836123 255 79 163
13.2366258 86.8847459 45.0594388 255 79 163
13.5051612 86.9682234 44.3914354 255 79 163
13.7149074 87.0869995 43.440967 255 79 163
13.8482441 87.2310959 42.2878799 255 79 163
13.8939701 87.3884076 41.0290415 255 79 163
13.8939701 93.6127241 90.8372058 255 79 163
12.8053474 92.3627243 89.6135925 255 79 163
13.0871037 92.4278284 89.8354268 255 79 163
13.3496593 92.5640398 90.0483751 255 79 163
13.5751199 92.7640031 90.2533566 255 79 163
13.7481224 93.0160207 90.4518332 255 79 163
13.8568762 93.3048458 90.64571 255 79 163
80.4282176 96.9401322 15.9906263 255 79 163
60.9848131 96.9401322 12.6105275 255 79 163
60.9412865 96.9100534 12.8609061 255 79 163
60.9001652 96.8214795 13.097449 255 79 163
60.8637216 96.6793047 13.3070843 255 79 163
60.8339695 96.4913859 13.4782278 255 79 163
60.812553 96.2681074 13.6014221 255 79 163
60.8019428 96.0638892 13.6624555 255 79 163
60.7983602 95.8515095 13.6830641 255 79 163
79.4257955 95.8515095 16.9213124 255 79 163
80.1687717 96.9030383 16.2315056 255 79 163
79.9270066 96.7942844 16.4559694 255 79 163
79.7193981 96.621282 16.6487208 255 79 163
79.5735122 96.4203133 16.7841667 255 79 163
79.4824201 96.2122114 16.86874 255 79 163
79.440053 96.0344626 16.9080752 255 79 163
59.5456744 96.9401322 14.9752525 255 79 163
59.5456744 96.9401322 14.9752525 255 79 163
60.9848131 96.9401322 12.6105275 255 79 163
60.9166959 96.9401322 12.6077475 255 79 163
60.849484 96.9401322 12.619366 255 79 163
60.7635285 96.9401322 12.6497704 255 79 163
60.6435886 96.9401322 12.7148302 255 79 163
60.4795095 96.9401322 12.8377263 255 79 163
60.2225047 96.9401322 13.0972327 255 79 163
59.9802671 96.9401322 13.4196176 255 79 163
59.72949 96.9401322 13.8735878 255 79 163
59.5633671 96.9401322 14.3644828 255 79 163
59.5226664 96.9401322 14.6691318 255 79 163
60.9412865 96.9100534 12.8609061 255 79 163
60.9001652 96.8214795 13.097449 255 79 163
60.8637216 96.6793047 13.3070843 255 79 163
60.8339695 96.4913859 13.4782278 255 79 163
60.812553 96.2681074 13.6014221 255 79 163
60.8019428 96.0638892 13.6624555 255 79 163
60.7983602 95.8515095 13.6830641 255 79 163
60.5043499 96.0031524 13.6723044 255 79 163
60.2181955 96.1547953 13.7406669 255 79 163
59.9607972 96.3064381 13.8831586 255 79 163
59.8284728 96.3971567 13.9997369 255 79 163
59.6919877 96.5108889 14.1734948 255 79 163
59.5933998 96.624621 14.3712289 255 79 163
59.5447014 96.7153396 14.5407258 255 79 163
59.5232873 96.8277359 14.7580382 255 79 163
60.6076334 96.9120609 12.9297878 255 79 163
60.5820233 96.8374655 13.1280301 255 79 163
60.5612021 96.7247636 13.304998 255 79 163
60.3256574 96.9135064 13.1288008 255 79 163
60.5459321 96.578335 13.4526064 255 79 163
60.3047323 96.847029 13.2871446 255 79 163
60.536204 96.4018866 13.5648619 255 79 163
60.2897649 96.750906 13.4292114 255 79 163
60.532045 96.2011753 13.6379089 255 79 163
60.2804526 96.628089 13.5478622 255 79 163
60.2750791 96.4793945 13.6370863 255 79 163
60.2726142 96.3077366 13.6939295 255 79 163
59.8767764 96.9210139 13.6544103 255 79 163
59.8585217 96.8753418 13.7482958 255 79 163
59.8461797 96.811515 13.8339207 255 79 163
59.8388632 96.7310734 13.9055766 255 79 163
59.8339252 96.633302 13.9573631 255 79 163
59.8299414 96.5190663 13.9866603 255 79 163
59.571048 96.8361178 14.4120651 255 79 163
59.5687541 96.786553 14.4373892 255 79 163
59.5670324 96.7293337 14.4498454 255 79 163
59.7816217 96.9056167 13.8403489 255 79 163
59.6500858 96.9369742 14.08428 255 79 163
59.6437697 96.9285771 14.1147833 255 79 163
59.587303 96.9312569 14.2858069 255 79 163
59.6378096 96.9161156 14.144402 255 79 163
59.5797641 96.9090978 14.3326874 255 79 163
59.5744403 96.8770568 14.3759211 255 79 163
59.5750252 96.9379788 14.3232316 255 79 163
59.571428 96.9321588 14.3455494 255 79 163
59.5404824 96.9275193 14.5029568 255 79 163
59.5422836 96.9341806 14.4859657 255 79 163
59.5389163 96.9188556 14.5195095 255 79 163
59.5216508 96.9066353 14.7354745 255 79 163
59.7553351 96.9309916 13.8535573 255 79 163
59.6844705 96.9365938 13.9975783 255 79 163
59.6808458 96.9325389 14.0145239 255 79 163
59.5691133 96.9396037 14.3433965 255 79 163
59.5518737 96.9383852 14.4269514 255 79 163
59.5286948 96.935501 14.5877061 255 79 163
59.5291778 96.9374448 14.5808049 255 79 163
59.5217587 96.9303942 14.7049566 255 79 163
59.5574033 96.9396574 14.3961962 255 79 163
59.5435223 96.9397293 14.4704975 255 79 163
59.5297108 96.9388976 14.573806 255 79 163
59.5249989 96.939054 14.6267491 255 79 163
59.525184 96.9395147 14.6236571 255 79 163
59.5219487 96.9374128 14.6874993 255 79 163
59.5527269 96.9400178 14.4178324 255 79 163
59.5300334 96.9400519 14.5686062 255 79 163
59.5253884 96.9398527 14.6205363 255 79 163
59.5236298 96.9398709 14.6475195 255 79 163
59.5237177 96.9399837 14.6460634 255 79 163
59.5221913 96.9394062 14.6784423 255 79 163
59.5438527 96.9401064 14.4665464 255 79 163
59.5231371 96.9400957 14.6575138 255 79 163
59.5231833 96.9401159 14.6568067 255 79 163
59.5230926 96.9400677 14.6582191 255 79 163
59.5238119 96.9400656 14.6445996 255 79 163
59.5329782 96.9401107 14.5423617 255 79 163
59.5238851 96.940128 14.6437898 255 79 163
59.5276286 96.9401215 14.5929481 255 79 163
59.5265497 96.9401276 14.6055032 255 79 163
59.525529 96.9401143 14.6185847 255 79 163
59.5399527 96.9401318 14.4906975 255 79 163
59.5417037 96.9400266 14.4804971 255 79 163
59.5315517 96.9401315 14.5542792 255 79 163
59.530135 96.9401271 14.5672905 255 79 163
59.5330376 96.9401308 14.5416166 255 79 163
59.5288699 96.9401321 14.5796578 255 79 163
59.5271061 96.9401317 14.5988746 255 79 163
59.5276524 96.9401295 14.5926605 255 79 163
59.5276646 96.9401315 14.5925165 255 79 163
59.5251272 96.9401322 14.6243451 255 79 163
59.5255719 96.9401311 14.6180946 255 79 163
59.5394889 96.9401322 14.4937337 255 79 163
59.5279596 96.940132 14.5892656 255 79 163
59.5268423 96.9401322 14.601987 255 79 163
59.5265612 96.9401304 14.6053699 255 79 163
59.5260652 96.940132 14.6116024 255 79 163
59.5244352 96.9401145 14.6345126 255 79 163
10.704114 39.7067184 2.61845328 218 222 230
10.8592805 41.7772711 2.61845328 218 222 230
11.3213138 43.8015712 2.61845328 218 222 230
12.0798928 45.7343989 2.61845328 218 222 230
13.1180721 47.5325783 2.61845328 218 222 230
14.4126606 49.1559409 2.61845328 218 222 230
15.9347392 50.5682235 2.61845328 218 222 230
17.6503073 51.737878 2.61845328 218 222 230
19.5210418 52.6387762 2.61845328 218 222 230
21.5051537 53.2507937 2.61845328 218 222 230
23.5583212 53.5602589 2.61845328 218 222 230
25.6346798 53.5602589 2.61845328 218 222 230
27.6878473 53.2507937 2.61845328 218 222 230
29.6719592 52.6387762 2.61845328 218 222 230
31.5426937 51.737878 2.61845328 218 222 230
33.2582618 50.5682235 2.61845328 218 222 230
34.7803404 49.1559409 2.61845328 218 222 230
36.0749289 47.5325783 2.61845328 218 222 230
37.1131082 45.7343989 2.61845328 218 222 230
37.8716872 43.8015712 2.61845328 218 222 230
38.3337205 41.7772711 2.61845328 218 222 230
38.488887 39.7067184 2.61845328 218 222 230
38.3337205 37.6361656 2.61845328 218 222 230
37.8716872 35.6118656 2.61845328 218 222 230
37.1131082 33.6790378 2.61845328 218 222 230
36.0749289 31.8808584 2.61845328 218 222 230
34.7803404 30.2574958 2.61845328 218 222 230
33.2582618 28.8452133 2.61845328 218 222 230
31.5426937 27.6755588 2.61845328 218 222 230
29.6719592 26.7746605 2.61845328 218 222 230
27.6878473 26.162643 2.61845328 218 222 230
25.6346798 25.8531778 2.61845328 218 222 230
23.5583212 25.8531778 2.61845328 218 222 230
21.5051537 26.162643 2.61845328 218 222 230
19.5210418 26.7746605 2.61845328 218 222 230
17.6503073 27.6755588 2.61845328 218 222 230
15.9347392 28.8452133 2.61845328 218 222 230
14.4126606 30.2574958 2.61845328 218 222 230
13.1180721 31.8808584 2.61845328 218 222 230
12.0798928 33.6790378 2.61845328 218 222 230
11.3213138 35.6118656 2.61845328 218 222 230
10.8592805 37.6361656 2.61845328 218 222 230
31.6145236 39.7067184 2.61845328 218 222 230
31.461163 41.1658474 2.61845328 218 222 230
31.0077837 42.5612055 2.61845328 218 222 230
30.2742005 43.8318089 2.61845328 218 222 230
29.2924746 44.9221259 2.61845328 218 222 230
28.1055121 45.7845047 2.61845328 218 222 230
26.7651889 46.381255 2.61845328 218 222 230
25.3300837 46.686296 2.61845328 218 222 230
23.8629173 46.686296 2.61845328 218 222 230
22.4278121 46.381255 2.61845328 218 222 230
21.0874889 45.7845047 2.61845328 218 222 230
19.9005264 44.9221259 2.61845328 218 222 230
18.9188005 43.8318089 2.61845328 218 222 230
18.1852173 42.5612055 2.61845328 218 222 230
17.731838 41.1658474 2.61845328 218 222 230
17.5784774 39.7067184 2.61845328 218 222 230
17.731838 38.2475893 2.61845328 218 222 230
18.1852173 36.8522312 2.61845328 218 222 230
18.9188005 35.5816279 2.61845328 218 222 230
19.9005264 34.4913108 2.61845328 218 222 230
21.0874889 33.628932 2.61845328 218 222 230
22.4278121 33.0321817 2.61845328 218 222 230
23.8629173 32.7271407 2.61845328 218 222 230
25.3300837 32.7271407 2.61845328 218 222 230
26.7651889 33.0321817 2.61845328 218 222 230
28.1055121 33.628932 2.61845328 218 222 230
29.2924746 34.4913108 2.61845328 218 222 230
30.2742005 35.5816279 2.61845328 218 222 230
31.0077837 36.8522312 2.61845328 218 222 230
31.461163 38.2475893 2.61845328 218 222 230
31.6145236 39.7067184 1.08862271 218 222 230
31.461163 41.1658474 1.08862271 218 222 230
31.0077837 42.5612055 1.08862271 218 222 230
30.2742005 43.8318089 1.08862271 218 222 230
29.2924746 44.9221259 1.08862271 218 222 230
28.1055121 45.7845047 1.08862271 218 222 230
26.7651889 46.381255 1.08862271 218 222 230
25.3300837 46.686296 1.08862271 218 222 230
23.8629173 46.686296 1.08862271 218 222 230
22.4278121 46.381255 1.08862271 218 222 230
21.0874889 45.7845047 1.08862271 218 222 230
19.9005264 44.9221259 1.08862271 218 222 230
18.9188005 43.8318089 1.08862271 218 222 230
18.1852173 42.5612055 1.08862271 218 222 230
17.731838 41.1658474 1.08862271 218 222 230
17.5784774 39.7067184 1.08862271 218 222 230
17.731838 38.2475893 1.08862271 218 222 230
18.1852173 36.8522312 1.08862271 218 222 230
18.9188005 35.5816279 1.08862271 218 222 230
19.9005264 34.4913108 1.08862271 218 222 230
21.0874889 33.628932 1.08862271 218 222 230
22.4278121 33.0321817 1.08862271 218 222 230
23.8629173 32.7271407 1.08862271 218 222 230
25.3300837 32.7271407 1.08862271 218 222 230
26.7651889 33.0321817 1.08862271 218 222 230
28.1055121 33.628932 1.08862271 218 222 230
29.2924746 34.4913108 1.08862271 218 222 230
30.2742005 35.5816279 1.08862271 218 222 230
31.0077837 36.8522312 1.08862271 218 222 230
31.461163 38.2475893 1.08862271 218 222 230
31.6145236 39.7067184 1.08862271 218 222 230
31.6145236 39.7067184 2.61845328 218 222 230
31.6145236 39.7067184 2.61845328 218 222 230
31.461163 41.1658474 2.61845328 218 222 230
31.0077837 42.5612055 2.61845328 218 222 230
30.2742005 43.8318089 2.61845328 218 222 230
29.2924746 44.9221259 2.61845328 218 222 230
28.1055121 45.7845047 2.61845328 218 222 230
26.7651889 46.381255 2.61845328 218 222 230
25.3300837 46.686296 2.61845328 218 222 230
23.8629173 46.686296 2.61845328 218 222 230
22.4278121 46.381255 2.61845328 218 222 230
21.0874889 45.7845047 2.61845328 218 222 230
19.9005264 44.9221259 2.61845328 218 222 230
18.9188005 43.8318089 2.61845328 218 222 230
18.1852173 42.5612055 2.61845328 218 222 230
17.731838 41.1658474 2.61845328 218 222 230
17.5784774 39.7067184 2.61845328 218 222 230
17.731838 38.2475893 2.61845328 218 222 230
18.1852173 36.8522312 2.61845328 218 222 230
18.9188005 35.5816279 2.61845328 218 222 230
19.9005264 34.4913108 2.61845328 218 222 230
21.0874889 33.628932 2.61845328 218 222 230
22.4278121 33.0321817 2.61845328 218 222 230
23.8629173 32.7271407 2.61845328 218 222 230
25.3300837 32.7271407 2.61845328 218 222 230
26.7651889 33.0321817 2.61845328 218 222 230
28.1055121 33.628932 2.61845328 218 222 230
29.2924746 34.4913108 2.61845328 218 222 230
30.2742005 35.5816279 2.61845328 218 222 230
31.0077837 36.8522312 2.61845328 218 222 230
31.461163 38.2475893 2.61845328 218 222 230
30.5259009 39.7067184 0 255 79 163
30.3772385 41.0261341 0 255 79 163
29.9387057 42.2793888 0 255 79 163
29.2322924 43.4036391 0 255 79 163
28.2934212 44.3425103 0 255 79 163
27.1691709 45.0489236 0 255 79 163
25.9159162 45.4874563 0 255 79 163
24.5965005 45.6361188 0 255 79 163
23.2770848 45.4874563 0 255 79 163
22.0238301 45.0489236 0 255 79 163
20.8995798 44.3425103 0 255 79 163
19.9607086 43.4036391 0 255 79 163
19.2542953 42.2793888 0 255 79 163
18.8157625 41.0261341 0 255 79 163
18.6671001 39.7067184 0 255 79 163
18.8157625 38.3873026 0 255 79 163
19.2542953 37.1340479 0 255 79 163
19.9607086 36.0097977 0 255 79 163
20.8995798 35.0709264 0 255 79 163
22.0238301 34.3645132 0 255 79 163
23.2770848 33.9259804 0 255 79 163
24.5965005 33.7773179 0 255 79 163
25.9159162 33.9259804 0 255 79 163
27.1691709 34.3645132 0 255 79 163
28.2934212 35.0709264 0 255 79 163
29.2322924 36.0097977 0 255 79 163
29.9387057 37.1340479 0 255 79 163
30.3772385 38.3873026 0 255 79 163
30.5259009 39.7067184 0 255 79 163
31.6145236 39.7067184 1.08862271 255 79 163
31.5872296 39.7067184 0.846381369 255 79 163
31.5067161 39.7067184 0.616287019 255 79 163
31.3770204 39.7067184 0.409877553 255 79 163
31.2046461 39.7067184 0.237503203 255 79 163
30.9982366 39.7067184 0.10780754 255 79 163
30.7681423 39.7067184 0.0272940442 255 79 163
31.6145236 39.7067184 1.08862271 255 79 163
31.461163 41.1658474 1.08862271 255 79 163
31.0077837 42.5612055 1.08862271 255 79 163
30.2742005 43.8318089 1.08862271 255 79 163
29.2924746 44.9221259 1.08862271 255 79 163
28.1055121 45.7845047 1.08862271 255 79 163
26.7651889 46.381255 1.08862271 255 79 163
25.3300837 46.686296 1.08862271 255 79 163
23.8629173 46.686296 1.08862271 255 79 163
22.4278121 46.381255 1.08862271 255 79 163
21.0874889 45.7845047 1.08862271 255 79 163
19.9005264 44.9221259 1.08862271 255 79 163
18.9188005 43.8318089 1.08862271 255 79 163
18.1852173 42.5612055 1.08862271 255 79 163
17.731838 41.1658474 1.08862271 255 79 163
17.5784774 39.7067184 1.08862271 255 79 163
17.731838 38.2475893 1.08862271 255 79 163
18.1852173 36.8522312 1.08862271 255 79 163
18.9188005 35.5816279 1.08862271 255 79 163
19.9005264 34.4913108 1.08862271 255 79 163
21.0874889 33.628932 1.08862271 255 79 163
22.4278121 33.0321817 1.08862271 255 79 163
23.8629173 32.7271407 1.08862271 255 79 163
25.3300837 32.7271407 1.08862271 255 79 163
26.7651889 33.0321817 1.08862271 255 79 163
28.1055121 33.628932 1.08862271 255 79 163
29.2924746 34.4913108 1.08862271 255 79 163
30.2742005 35.5816279 1.08862271 255 79 163
31.0077837 36.8522312 1.08862271 255 79 163
31.461163 38.2475893 1.08862271 255 79 163
31.5872296 39.7067184 0.846381369 255 79 163
31.5067161 39.7067184 0.616287019 255 79 163
31.3770204 39.7067184 0.409877553 255 79 163
31.2046461 39.7067184 0.237503203 255 79 163
30.9982366 39.7067184 0.10780754 255 79 163
30.7681423 39.7067184 0.0272940442 255 79 163
31.4344654 38.2532641 0.846381369 255 79 163
31.3557113 38.2700038 0.616287019 255 79 163
31.2288498 38.296969 0.409877553 255 79 163
31.0602422 38.3328076 0.237503203 255 79 163
30.8583433 38.3757226 0.10780754 255 79 163
30.6332771 38.4235619 0.0272940442 255 79 163
30.9828493 36.8633327 0.846381369 255 79 163
30.9092966 36.8960805 0.616287019 255 79 163
30.7908137 36.9488324 0.409877553 255 79 163
30.6333419 37.0189434 0.237503203 255 79 163
30.4447774 37.1028977 0.10780754 255 79 163
30.2345758 37.1964855 0.0272940442 255 79 163
30.2521191 35.5976709 0.846381369 255 79 163
30.1869823 35.6449955 0.616287019 255 79 163
30.0820564 35.7212287 0.409877553 255 79 163
29.9426026 35.8225478 0.237503203 255 79 163
29.7756138 35.9438723 0.10780754 255 79 163
29.5894636 36.0791183 0.0272940442 255 79 163
29.2742113 34.5115942 0.846381369 255 79 163
29.2203372 34.5714274 0.616287019 255 79 163
28.9551488 34.2411463 0.846381369 255 79 163
29.1335539 34.6678101 0.409877553 255 79 163
28.9049494 34.3040943 0.616287019 255 79 163
29.018213 34.7959092 0.237503203 255 79 163
28.8240855 34.4054944 0.409877553 255 79 163
28.8800981 34.9493013 0.10780754 255 79 163
28.7166119 34.5402621 0.237503203 255 79 163
28.7261349 35.1202947 0.0272940442 255 79 163
28.091865 33.6525694 0.846381369 255 79 163
28.5879177 34.7016395 0.10780754 255 79 163
28.0516083 33.7222961 0.616287019 255 79 163
28.4444562 34.8815345 0.0272940442 255 79 163
27.6296642 33.4082891 0.846381369 255 79 163
27.9867605 33.8346158 0.409877553 255 79 163
27.5947307 33.4808292 0.616287019 255 79 163
27.9005733 33.9838964 0.237503203 255 79 163
27.5384578 33.597681 0.409877553 255 79 163
27.7973686 34.1626523 0.10780754 255 79 163
27.4636674 33.7529849 0.237503203 255 79 163
27.6823214 34.3619198 0.0272940442 255 79 163
26.7567546 33.0581399 0.846381369 255 79 163
27.3741097 33.9389534 0.10780754 255 79 163
26.7318745 33.1347128 0.616287019 255 79 163
27.2742755 34.1462613 0.0272940442 255 79 163
26.6917964 33.2580607 0.409877553 255 79 163
26.1520841 32.8912614 0.846381369 255 79 163
26.6385298 33.4219984 0.237503203 255 79 163
26.1341681 32.9697563 0.616287019 255 79 163
26.5747457 33.6183055 0.10780754 255 79 163
26.1053081 33.0962002 0.409877553 255 79 163
26.5036427 33.8371382 0.0272940442 255 79 163
26.0669512 33.2642528 0.237503203 255 79 163
25.3272307 32.7542852 0.846381369 255 79 163
26.0210208 33.4654871 0.10780754 255 79 163
25.3188147 32.8343576 0.616287019 255 79 163
25.96982 33.6898125 0.0272940442 255 79 163
25.3052578 32.9633428 0.409877553 255 79 163
24.5965005 32.7159893 0.846381369 255 79 163
25.2872398 33.1347729 0.237503203 255 79 163
24.5965005 32.7965028 0.616287019 255 79 163
25.2656641 33.3400516 0.10780754 255 79 163
24.5965005 32.9261984 0.409877553 255 79 163
25.2416127 33.5688855 0.0272940442 255 79 163
23.8657703 32.7542852 0.846381369 255 79 163
24.5965005 33.0985728 0.237503203 255 79 163
23.8741863 32.8343576 0.616287019 255 79 163
24.5965005 33.3049822 0.10780754 255 79 163
23.8877432 32.9633428 0.409877553 255 79 163
24.5965005 33.5350766 0.0272940442 255 79 163
23.9057612 33.1347729 0.237503203 255 79 163
23.0409169 32.8912614 0.846381369 255 79 163
23.9273369 33.3400516 0.10780754 255 79 163
23.0588329 32.9697563 0.616287019 255 79 163
23.9513883 33.5688855 0.0272940442 255 79 163
23.0876929 33.0962002 0.409877553 255 79 163
22.4362464 33.0581399 0.846381369 255 79 163
23.1260498 33.2642528 0.237503203 255 79 163
22.4611264 33.1347128 0.616287019 255 79 163
23.1719802 33.4654871 0.10780754 255 79 163
22.5012046 33.2580607 0.409877553 255 79 163
23.223181 33.6898125 0.0272940442 255 79 163
22.5544712 33.4219984 0.237503203 255 79 163
21.5633368 33.4082891 0.846381369 255 79 163
22.6182552 33.6183055 0.10780754 255 79 163
21.5982703 33.4808292 0.616287019 255 79 163
22.6893583 33.8371382 0.0272940442 255 79 163
21.1011359 33.6525694 0.846381369 255 79 163
21.6545431 33.597681 0.409877553 255 79 163
21.1413927 33.7222961 0.616287019 255 79 163
21.7293336 33.7529849 0.237503203 255 79 163
21.2062405 33.8346158 0.409877553 255 79 163
21.8188913 33.9389534 0.10780754 255 79 163
21.2924277 33.9838964 0.237503203 255 79 163
21.9187255 34.1462613 0.0272940442 255 79 163
20.2378522 34.2411463 0.846381369 255 79 163
21.3956324 34.1626523 0.10780754 255 79 163
20.2880515 34.3040943 0.616287019 255 79 163
21.5106796 34.3619198 0.0272940442 255 79 163
19.9187897 34.5115942 0.846381369 255 79 163
20.3689155 34.4054944 0.409877553 255 79 163
19.9726637 34.5714274 0.616287019 255 79 163
20.4763891 34.5402621 0.237503203 255 79 163
20.0594471 34.6678101 0.409877553 255 79 163
20.6050833 34.7016395 0.10780754 255 79 163
20.174788 34.7959092 0.237503203 255 79 163
20.7485448 34.8815345 0.0272940442 255 79 163
20.3129029 34.9493013 0.10780754 255 79 163
19.1309284 35.3480701 0.846381369 255 79 163
20.4668661 35.1202947 0.0272940442 255 79 163
19.1938764 35.3982694 0.616287019 255 79 163
19.2952765 35.4791333 0.409877553 255 79 163
19.4300442 35.586607 0.237503203 255 79 163
19.5914217 35.7153012 0.10780754 255 79 163
19.7713167 35.8587627 0.0272940442 255 79 163
18.2980712 36.6735547 0.846381369 255 79 163
18.3706114 36.7084882 0.616287019 255 79 163
18.4874631 36.764761 0.409877553 255 79 163
18.642767 36.8395514 0.237503203 255 79 163
18.8287355 36.9291092 0.10780754 255 79 163
19.0360434 37.0289434 0.0272940442 255 79 163
17.7810436 38.1511348 0.846381369 255 79 163
17.8595384 38.1690507 0.616287019 255 79 163
17.9859823 38.1979107 0.409877553 255 79 163
18.1540349 38.2362676 0.237503203 255 79 163
18.3552693 38.2821981 0.10780754 255 79 163
18.5795947 38.3333989 0.0272940442 255 79 163
17.6057714 39.7067184 0.846381369 255 79 163
17.6862849 39.7067184 0.616287019 255 79 163
17.8159806 39.7067184 0.409877553 255 79 163
17.9883549 39.7067184 0.237503203 255 79 163
18.1947644 39.7067184 0.10780754 255 79 163
18.4248587 39.7067184 0.0272940442 255 79 163
17.7585356 41.1601727 0.846381369 255 79 163
17.8372897 41.143433 0.616287019 255 79 163
17.9641512 41.1164677 0.409877553 255 79 163
18.1327587 41.0806291 0.237503203 255 79 163
18.3346577 41.0377141 0.10780754 255 79 163
18.5597239 40.9898748 0.0272940442 255 79 163
18.2101517 42.550104 0.846381369 255 79 163
18.2837044 42.5173563 0.616287019 255 79 163
18.4021873 42.4646043 0.409877553 255 79 163
18.5596591 42.3944933 0.237503203 255 79 163
18.7482235 42.310539 0.10780754 255 79 163
18.9584252 42.2169512 0.0272940442 255 79 163
18.9408819 43.8157658 0.846381369 255 79 163
19.0060186 43.7684412 0.616287019 255 79 163
19.1109446 43.692208 0.409877553 255 79 163
19.2503984 43.5908889 0.237503203 255 79 163
19.4173872 43.4695644 0.10780754 255 79 163
19.6035374 43.3343184 0.0272940442 255 79 163
19.9187897 44.9018425 0.846381369 255 79 163
19.9726637 44.8420093 0.616287019 255 79 163
20.2378522 45.1722905 0.846381369 255 79 163
20.0594471 44.7456267 0.409877553 255 79 163
20.2880515 45.1093425 0.616287019 255 79 163
20.174788 44.6175276 0.237503203 255 79 163
20.3689155 45.0079423 0.409877553 255 79 163
20.3129029 44.4641354 0.10780754 255 79 163
20.4763891 44.8731746 0.237503203 255 79 163
20.4668661 44.293142 0.0272940442 255 79 163
21.1011359 45.7608674 0.846381369 255 79 163
20.6050833 44.7117972 0.10780754 255 79 163
21.1413927 45.6911406 0.616287019 255 79 163
20.7485448 44.5319022 0.0272940442 255 79 163
21.5633368 46.0051476 0.846381369 255 79 163
21.2062405 45.5788209 0.409877553 255 79 163
21.5982703 45.9326075 0.616287019 255 79 163
21.2924277 45.4295403 0.237503203 255 79 163
21.6545431 45.8157557 0.409877553 255 79 163
21.3956324 45.2507845 0.10780754 255 79 163
21.7293336 45.6604518 0.237503203 255 79 163
21.5106796 45.0515169 0.0272940442 255 79 163
22.4362464 46.3552968 0.846381369 255 79 163
21.8188913 45.4744833 0.10780754 255 79 163
22.4611264 46.2787239 0.616287019 255 79 163
21.9187255 45.2671755 0.0272940442 255 79 163
22.5012046 46.155376 0.409877553 255 79 163
23.0409169 46.5221753 0.846381369 255 79 163
22.5544712 45.9914383 0.237503203 255 79 163
23.0588329 46.4436804 0.616287019 255 79 163
22.6182552 45.7951312 0.10780754 255 79 163
23.0876929 46.3172365 0.409877553 255 79 163
22.6893583 45.5762985 0.0272940442 255 79 163
23.1260498 46.1491839 0.237503203 255 79 163
23.8657703 46.6591515 0.846381369 255 79 163
23.1719802 45.9479496 0.10780754 255 79 163
23.8741863 46.5790791 0.616287019 255 79 163
23.223181 45.7236242 0.0272940442 255 79 163
23.8877432 46.4500939 0.409877553 255 79 163
24.5965005 46.6974475 0.846381369 255 79 163
23.9057612 46.2786638 0.237503203 255 79 163
24.5965005 46.616934 0.616287019 255 79 163
23.9273369 46.0733851 0.10780754 255 79 163
24.5965005 46.4872383 0.409877553 255 79 163
23.9513883 45.8445512 0.0272940442 255 79 163
25.3272307 46.6591515 0.846381369 255 79 163
24.5965005 46.314864 0.237503203 255 79 163
25.3188147 46.5790791 0.616287019 255 79 163
24.5965005 46.1084545 0.10780754 255 79 163
25.3052578 46.4500939 0.409877553 255 79 163
24.5965005 45.8783601 0.0272940442 255 79 163
25.2872398 46.2786638 0.237503203 255 79 163
26.1520841 46.5221753 0.846381369 255 79 163
25.2656641 46.0733851 0.10780754 255 79 163
26.1341681 46.4436804 0.616287019 255 79 163
25.2416127 45.8445512 0.0272940442 255 79 163
26.1053081 46.3172365 0.409877553 255 79 163
26.7567546 46.3552968 0.846381369 255 79 163
26.0669512 46.1491839 0.237503203 255 79 163
26.7318745 46.2787239 0.616287019 255 79 163
26.0210208 45.9479496 0.10780754 255 79 163
26.6917964 46.155376 0.409877553 255 79 163
25.96982 45.7236242 0.0272940442 255 79 163
26.6385298 45.9914383 0.237503203 255 79 163
27.6296642 46.0051476 0.846381369 255 79 163
26.5747457 45.7951312 0.10780754 255 79 163
27.5947307 45.9326075 0.616287019 255 79 163
26.5036427 45.5762985 0.0272940442 255 79 163
28.091865 45.7608674 0.846381369 255 79 163
27.5384578 45.8157557 0.409877553 255 79 163
28.0516083 45.6911406 0.616287019 255 79 163
27.4636674 45.6604518 0.237503203 255 79 163
27.9867605 45.5788209 0.409877553 255 79 163
27.3741097 45.4744833 0.10780754 255 79 163
27.9005733 45.4295403 0.237503203 255 79 163
27.2742755 45.2671755 0.0272940442 255 79 163
28.9551488 45.1722905 0.846381369 255 79 163
27.7973686 45.2507845 0.10780754 255 79 163
28.9049494 45.1093425 0.616287019 255 79 163
27.6823214 45.0515169 0.0272940442 255 79 163
29.2742113 44.9018425 0.846381369 255 79 163
28.8240855 45.0079423 0.409877553 255 79 163
29.2203372 44.8420093 0.616287019 255 79 163
28.7166119 44.8731746 0.237503203 255 79 163
29.1335539 44.7456267 0.409877553 255 79 163
28.5879177 44.7117972 0.10780754 255 79 163
29.018213 44.6175276 0.237503203 255 79 163
28.4444562 44.5319022 0.0272940442 255 79 163
28.8800981 44.4641354 0.10780754 255 79 163
30.0620726 44.0653667 0.846381369 255 79 163
28.7261349 44.293142 0.0272940442 255 79 163
29.9991246 44.0151673 0.616287019 255 79 163
29.8977244 43.9343034 0.409877553 255 79 163
29.7629568 43.8268297 0.237503203 255 79 163
29.6015793 43.6981355 0.10780754 255 79 163
29.4216843 43.5546741 0.0272940442 255 79 163
30.8949298 42.739882 0.846381369 255 79 163
30.8223896 42.7049485 0.616287019 255 79 163
30.7055379 42.6486757 0.409877553 255 79 163
30.5502339 42.5738853 0.237503203 255 79 163
30.3642654 42.4843276 0.10780754 255 79 163
30.1569576 42.3844934 0.0272940442 255 79 163
31.4119574 41.2623019 0.846381369 255 79 163
31.3334626 41.244386 0.616287019 255 79 163
31.2070186 41.215526 0.409877553 255 79 163
31.0389661 41.1771691 0.237503203 255 79 163
30.8377317 41.1312387 0.10780754 255 79 163
30.6134063 41.0800379 0.0272940442 255 79 163
30.5259009 39.7067184 0 218 222 230
30.3772385 41.0261341 0 218 222 230
29.9387057 42.2793888 0 218 222 230
29.2322924 43.4036391 0 218 222 230
28.2934212 44.3425103 0 218 222 230
27.1691709 45.0489236 0 218 222 230
25.9159162 45.4874563 0 218 222 230
24.5965005 45.6361188 0 218 222 230
23.2770848 45.4874563 0 218 222 230
22.0238301 45.0489236 0 218 222 230
20.8995798 44.3425103 0 218 222 230
19.9607086 43.4036391 0 218 222 230
19.2542953 42.2793888 0 218 222 230
18.8157625 41.0261341 0 218 222 230
18.6671001 39.7067184 0 218 222 230
18.8157625 38.3873026 0 218 222 230
19.2542953 37.1340479 0 218 222 230
19.9607086 36.0097977 0 218 222 230
20.8995798 35.0709264 0 218 222 230
22.0238301 34.3645132 0 218 222 230
23.2770848 33.9259804 0 218 222 230
24.5965005 33.7773179 0 218 222 230
25.9159162 33.9259804 0 218 222 230
27.1691709 34.3645132 0 218 222 230
28.2934212 35.0709264 0 218 222 230
29.2322924 36.0097977 0 218 222 230
29.9387057 37.1340479 0 218 222 230
30.3772385 38.3873026 0 218 222 230
3 0 3 2
3 0 4 3
3 1 5 4
3 1 6 5
3 1 7 6
3 1 4 0
3 25 8 26
3 27 26 8
3 24 8 25
3 28 27 8
3 23 8 24
3 29 28 8
3 22 8 23
3 30 29 8
3 31 30 8
3 54 53 8
3 52 8 53
3 55 54 8
3 51 8 52
3 56 55 8
3 50 8 51
3 49 8 50
3 49 32 31
3 49 31 8
3 9 13 12
3 9 14 13
3 9 15 14
3 9 16 15
3 9 17 16
3 9 18 17
3 9 19 18
3 9 20 19
3 9 21 20
3 9 22 21
3 9 43 42
3 9 44 43
3 9 45 44
3 9 46 45
3 9 12 46
3 11 56 8
3 11 57 56
3 48 33 32
3 48 34 33
3 48 35 34
3 48 36 35
3 48 37 36
3 48 38 37
3 48 32 49
3 48 39 38
3 48 40 39
3 47 57 11
3 10 40 48
3 10 41 40
3 10 42 41
3 10 48 47
3 10 9 42
3 8 22 9
3 10 47 11
3 65 66 67
3 65 67 68
3 64 65 68
3 63 68 69
3 63 64 68
3 62 69 70
3 62 63 69
3 61 70 71
3 61 62 70
3 60 71 72
3 60 72 73
3 60 61 71
3 59 73 74
3 59 74 58
3 59 60 73
3 85 83 82
3 86 81 80
3 86 82 81
3 86 85 82
3 87 80 79
3 87 86 80
3 88 79 78
3 88 87 79
3 89 78 77
3 89 88 78
3 90 77 76
3 90 89 77
3 91 76 75
3 91 90 76
3 84 91 75
3 100 101 107
3 99 107 106
3 99 100 107
3 98 106 105
3 98 99 106
3 97 105 104
3 97 98 105
3 96 104 103
3 96 97 104
3 95 103 102
3 95 96 103
3 94 102 92
3 94 95 102
3 93 94 92
3 115 116 117
3 115 123 122
3 115 117 123
3 114 122 121
3 114 115 122
3 113 121 120
3 113 114 121
3 112 120 119
3 112 113 120
3 111 119 118
3 111 112 119
3 110 118 108
3 110 111 118
3 109 110 108
3 135 133 134
3 144 125 124
3 144 124 132
3 145 132 133
3 145 133 135
3 145 144 132
3 146 126 125
3 146 125 144
3 147 135 136
3 147 146 144
3 147 145 135
3 147 144 145
3 148 127 126
3 148 126 146
3 149 136 137
3 149 147 136
3 149 148 146
3 149 146 147
3 150 128 127
3 150 127 148
3 151 137 138
3 151 149 137
3 151 150 148
3 151 148 149
3 152 129 128
3 152 128 150
3 153 138 139
3 153 151 138
3 153 150 151
3 153 152 150
3 154 130 129
3 154 131 130
3 154 142 131
3 154 129 152
3 155 139 140
3 155 140 141
3 155 143 142
3 155 141 143
3 155 153 139
3 155 142 154
3 155 152 153
3 155 154 152
3 166 167 174
3 165 174 173
3 165 166 174
3 164 172 171
3 164 173 172
3 164 165 173
3 163 164 171
3 162 171 170
3 162 163 171
3 161 170 169
3 161 162 170
3 160 161 169
3 159 169 168
3 159 160 169
3 158 168 156
3 158 159 168
3 157 158 156
3 186 175 176
3 186 185 175
3 187 176 177
3 187 186 176
3 188 187 177
3 189 177 178
3 189 188 177
3 190 178 179
3 190 189 178
3 191 190 179
3 192 179 180
3 192 180 181
3 192 191 179
3 193 181 182
3 193 192 181
3 184 182 183
3 184 193 182
3 213 203 202
3 212 202 201
3 212 213 202
3 211 201 200
3 211 212 201
3 210 200 199
3 210 211 200
3 209 210 199
3 208 199 198
3 208 209 199
3 207 198 197
3 207 208 198
3 206 196 195
3 206 197 196
3 206 207 197
3 205 195 194
3 205 206 195
3 204 205 194
3 283 280 281
3 284 280 283
3 285 279 280
3 285 280 284
3 286 279 285
3 287 279 286
3 287 278 279
3 288 253 254
3 289 253 288
3 289 252 253
3 290 252 289
3 290 251 252
3 291 251 290
3 292 250 251
3 292 251 291
3 293 250 292
3 294 283 281
3 295 277 278
3 296 297 247
3 298 254 255
3 299 293 292
3 300 250 293
3 300 249 250
3 300 293 299
3 301 302 296
3 301 296 247
3 301 247 214
3 303 301 214
3 303 304 301
3 305 248 306
3 305 246 248
3 307 308 303
3 309 303 214
3 309 307 303
3 309 310 307
3 311 246 305
3 312 246 311
3 313 246 312
3 314 315 297
3 314 297 296
3 316 314 296
3 317 316 296
3 318 317 296
3 319 321 320
3 322 296 302
3 322 323 296
3 324 248 325
3 326 248 324
3 327 322 302
3 328 327 302
3 329 326 330
3 329 306 248
3 329 248 326
3 329 330 331
3 329 332 306
3 333 335 334
3 336 332 337
3 336 337 335
3 336 335 333
3 338 333 339
3 338 336 333
3 340 332 336
3 340 336 338
3 341 302 301
3 341 342 302
3 343 345 344
3 346 345 343
3 347 349 348
3 350 351 345
3 350 345 346
3 352 349 347
3 352 353 349
3 354 351 350
3 355 356 353
3 355 353 352
3 357 352 347
3 358 359 341
3 358 341 301
3 360 355 352
3 360 352 357
3 361 362 356
3 361 356 355
3 363 355 360
3 364 355 363
3 364 361 355
3 365 358 301
3 365 367 366
3 365 366 358
3 368 369 362
3 368 362 361
3 370 371 369
3 370 369 368
3 372 370 368
3 373 370 372
3 374 376 375
3 377 379 378
3 377 381 380
3 377 380 382
3 377 383 381
3 377 378 383
3 384 385 379
3 384 379 377
3 384 377 382
3 386 385 384
3 386 387 385
3 386 388 387
3 389 375 390
3 391 381 392
3 391 392 393
3 394 391 393
3 395 389 396
3 397 386 384
3 397 384 382
3 397 388 386
3 397 398 388
3 399 381 391
3 400 391 394
3 400 399 391
3 401 403 402
3 401 404 403
3 401 405 404
3 401 407 406
3 408 410 409
3 408 409 301
3 408 301 304
3 411 406 412
3 411 401 406
3 411 413 405
3 411 405 401
3 414 399 400
3 415 411 412
3 415 412 416
3 415 413 411
3 417 413 415
3 417 415 416
3 417 416 418
3 417 418 419
3 420 422 421
3 423 420 424
3 425 427 426
3 425 428 427
3 429 425 426
3 430 431 429
3 430 429 426
3 430 426 432
3 433 434 431
3 433 431 430
3 433 430 432
3 435 408 304
3 436 437 435
3 438 439 434
3 438 440 439
3 438 434 433
3 438 433 432
3 441 437 436
3 441 442 437
3 443 424 444
3 445 446 440
3 445 440 438
3 445 447 446
3 445 438 432
3 445 432 448
3 449 442 441
3 450 451 442
3 450 442 449
3 452 305 306
3 452 306 398
3 452 398 397
3 452 454 453
3 455 456 451
3 455 451 450
3 457 459 458
3 457 456 455
3 457 458 456
3 460 461 447
3 460 445 448
3 460 447 445
3 462 443 463
3 464 428 465
3 464 465 466
3 467 428 464
3 467 427 428
3 468 427 467
3 468 426 427
3 469 426 468
3 470 472 471
3 470 474 473
3 470 471 474
3 475 426 469
3 475 432 426
3 476 477 472
3 476 472 470
3 478 432 475
3 479 467 464
3 479 468 467
3 480 477 476
3 480 481 477
3 480 476 482
3 483 468 479
3 483 469 468
3 484 432 478
3 485 481 480
3 485 480 482
3 485 482 486
3 487 475 469
3 487 469 483
3 488 481 485
3 488 485 486
3 488 486 489
3 488 489 490
3 491 432 484
3 491 448 432
3 492 478 475
3 492 475 487
3 493 484 478
3 493 478 492
3 494 483 479
3 494 487 483
3 494 492 487
3 495 484 493
3 496 452 453
3 497 448 491
3 498 484 495
3 498 491 484
3 499 491 498
3 500 491 499
3 500 497 491
3 501 497 500
3 502 452 496
3 502 496 503
3 502 305 452
3 504 495 493
3 504 498 495
3 504 493 492
3 504 492 494
3 505 507 506
3 508 502 503
3 509 505 506
3 509 510 505
3 509 506 511
3 512 482 513
3 514 511 515
3 514 509 511
3 514 510 509
3 514 516 510
3 517 482 512
3 518 515 519
3 518 521 520
3 518 514 515
3 518 516 514
3 518 520 516
3 522 482 517
3 522 486 482
3 523 305 502
3 523 502 508
3 524 512 525
3 526 486 522
3 526 489 486
3 527 512 524
3 528 489 526
3 528 490 489
3 529 512 527
3 529 517 512
3 530 522 517
3 530 517 529
3 531 532 490
3 531 490 528
3 533 522 530
3 533 526 522
3 534 535 532
3 534 532 531
3 536 528 526
3 536 526 533
3 537 535 534
3 538 528 536
3 539 305 523
3 540 528 538
3 540 531 528
3 541 535 537
3 541 542 535
3 543 545 544
3 543 544 546
3 543 548 547
3 549 534 531
3 549 531 540
3 550 507 542
3 550 542 541
3 551 545 543
3 551 543 547
3 551 552 545
3 553 534 549
3 553 537 534
3 554 537 553
3 555 305 539
3 556 507 550
3 557 551 547
3 557 552 551
3 557 547 558
3 557 559 552
3 560 541 537
3 560 550 541
3 560 537 554
3 560 556 550
3 561 506 507
3 561 507 556
3 562 563 559
3 562 559 557
3 562 557 558
3 564 563 562
3 564 558 565
3 564 562 558
3 566 538 536
3 566 536 533
3 566 540 538
3 567 565 568
3 567 563 564
3 567 564 565
3 567 568 569
3 570 553 549
3 570 554 553
3 570 540 566
3 570 549 540
3 571 305 555
3 571 555 572
3 573 547 548
3 574 558 547
3 574 547 573
3 575 565 558
3 575 558 574
3 576 573 577
3 578 573 576
3 579 568 565
3 579 565 575
3 580 574 573
3 580 573 578
3 581 568 579
3 581 569 568
3 582 575 574
3 582 574 580
3 583 585 584
3 583 584 586
3 583 587 585
3 588 569 581
3 589 575 582
3 589 579 575
3 590 591 587
3 590 592 591
3 590 587 583
3 590 583 586
3 590 586 593
3 594 581 579
3 594 579 589
3 595 569 588
3 595 596 569
3 597 598 592
3 597 590 593
3 597 592 590
3 599 588 581
3 599 581 594
3 600 596 595
3 600 601 596
3 602 595 588
3 602 600 595
3 602 588 599
3 603 597 593
3 603 604 598
3 603 605 604
3 603 598 597
3 606 605 603
3 607 606 608
3 607 610 609
3 611 613 612
3 614 608 606
3 614 603 593
3 614 606 603
3 615 613 611
3 615 616 613
3 617 618 616
3 617 616 615
3 619 610 607
3 619 611 612
3 619 612 610
3 620 615 611
3 620 611 619
3 620 619 621
3 622 617 615
3 622 620 621
3 622 615 620
3 623 617 622
3 623 622 621
3 623 621 624
3 625 618 617
3 625 626 618
3 625 628 627
3 625 627 626
3 629 619 607
3 629 607 608
3 629 621 619
3 630 311 305
3 630 631 311
3 630 305 632
3 630 633 631
3 634 617 623
3 634 636 635
3 634 625 617
3 634 623 624
3 634 635 637
3 634 624 636
3 638 639 628
3 638 625 634
3 638 634 637
3 638 628 625
3 640 641 639
3 640 638 637
3 640 639 638
3 642 641 640
3 643 641 642
3 644 646 645
3 647 646 644
3 648 650 649
3 651 652 650
3 651 650 648
3 653 655 654
3 653 654 656
3 657 658 655
3 657 655 653
3 659 658 657
3 660 653 656
3 660 657 653
3 661 662 658
3 661 658 659
3 663 659 657
3 663 657 660
3 664 659 663
3 665 666 662
3 665 633 666
3 665 662 661
3 667 661 659
3 667 659 664
3 668 661 667
3 668 665 661
3 669 665 668
3 670 633 665
3 670 665 669
3 670 631 633
3 671 673 672
3 674 676 675
3 674 677 676
3 678 679 677
3 678 677 674
3 680 682 681
3 683 679 678
3 684 686 685
3 684 685 687
3 688 689 686
3 688 686 684
3 690 691 689
3 690 689 688
3 692 694 693
3 695 697 696
3 698 699 697
3 698 700 699
3 698 697 695
3 701 700 698
3 702 700 701
3 703 705 704
3 703 704 706
3 707 708 705
3 707 705 703
3 709 708 707
3 709 710 708
3 711 286 712
3 711 287 286
3 713 287 711
3 713 278 287
3 714 278 713
3 714 295 278
3 715 295 714
3 716 711 712
3 716 713 711
3 717 295 715
3 718 715 714
3 718 714 713
3 718 713 716
3 719 715 718
3 720 717 715
3 720 715 719
3 721 717 720
3 722 717 721
3 723 297 315
3 723 315 724
3 725 724 726
3 725 723 724
3 725 728 727
3 725 727 723
3 725 729 728
3 730 732 731
3 733 726 724
3 733 724 315
3 734 315 314
3 734 733 315
3 735 734 314
3 735 314 316
3 736 734 735
3 737 733 734
3 737 726 733
3 738 734 736
3 738 737 734
3 739 740 726
3 739 726 737
3 741 739 737
3 741 737 738
3 742 736 735
3 742 735 316
3 742 738 736
3 743 741 738
3 743 738 742
3 744 740 739
3 744 739 741
3 744 741 743
3 744 745 740
3 746 748 747
3 749 744 743
3 750 258 259
3 751 256 257
3 751 257 258
3 751 258 750
3 752 751 750
3 753 751 752
3 754 756 755
3 754 318 756
3 754 317 318
3 757 256 751
3 757 751 753
3 758 756 318
3 758 318 296
3 758 296 323
3 758 323 759
3 758 759 756
3 760 753 752
3 761 763 762
3 761 762 764
3 765 763 761
3 766 754 755
3 766 768 767
3 766 755 769
3 766 769 768
3 766 770 754
3 771 773 772
3 774 765 761
3 775 777 776
3 775 771 772
3 775 776 771
3 778 777 775
3 779 769 755
3 779 768 769
3 780 755 756
3 780 779 755
3 781 779 780
3 782 780 756
3 782 756 759
3 783 778 775
3 784 779 781
3 784 767 768
3 784 768 779
3 785 781 780
3 785 780 782
3 786 772 773
3 787 290 289
3 788 781 785
3 789 781 788
3 789 784 781
3 790 321 791
3 790 320 321
3 792 794 793
3 795 775 772
3 795 783 775
3 795 796 783
3 797 772 786
3 798 320 790
3 798 791 794
3 798 790 791
3 798 794 792
3 799 797 786
3 800 783 796
3 801 797 799
3 801 799 802
3 803 792 804
3 803 798 792
3 805 796 795
3 806 807 321
3 806 321 319
3 808 797 801
3 808 805 795
3 808 795 772
3 808 772 797
3 808 809 805
3 810 803 811
3 810 798 803
3 810 811 320
3 810 320 798
3 812 814 813
3 812 815 800
3 812 816 815
3 817 802 818
3 817 801 802
3 819 812 800
3 819 800 796
3 819 814 812
3 820 807 806
3 821 796 805
3 821 819 796
3 821 805 809
3 822 324 325
3 823 824 323
3 825 814 819
3 825 821 809
3 825 819 821
3 826 806 319
3 826 820 806
3 826 324 822
3 826 822 820
3 827 829 828
3 830 827 828
3 830 828 831
3 830 832 827
3 830 833 832
3 834 836 835
3 834 835 837
3 834 831 836
3 834 833 830
3 834 830 831
3 838 323 322
3 838 839 823
3 838 823 323
3 840 841 809
3 842 320 811
3 842 319 320
3 842 826 319
3 843 814 825
3 844 840 845
3 844 845 837
3 846 847 839
3 846 839 838
3 848 326 324
3 848 324 826
3 849 851 850
3 852 326 848
3 852 848 826
3 852 826 842
3 853 828 829
3 853 829 854
3 855 846 838
3 856 840 844
3 857 841 840
3 857 858 841
3 857 856 858
3 857 840 856
3 859 828 853
3 860 813 814
3 860 814 843
3 860 861 813
3 862 858 856
3 862 856 844
3 862 844 837
3 863 852 842
3 864 835 836
3 864 836 831
3 864 828 859
3 864 831 828
3 865 859 853
3 866 860 843
3 867 837 835
3 867 835 868
3 867 868 869
3 867 869 858
3 867 858 862
3 867 862 837
3 870 859 865
3 871 873 872
3 874 864 859
3 874 835 864
3 874 875 835
3 876 859 870
3 876 874 859
3 877 330 326
3 877 326 852
3 877 852 863
3 877 863 878
3 879 876 870
3 879 870 865
3 880 331 330
3 880 330 877
3 880 871 872
3 880 878 871
3 880 877 878
3 880 872 331
3 881 875 874
3 881 874 876
3 882 850 851
3 882 851 861
3 883 884 850
3 883 850 882
3 885 861 860
3 885 860 866
3 885 882 861
3 886 883 882
3 887 873 884
3 887 884 883
3 888 322 327
3 888 889 322
3 890 883 886
3 890 887 883
3 891 886 882
3 891 890 886
3 892 858 869
3 892 869 893
3 894 868 835
3 894 869 868
3 894 895 869
3 894 835 875
3 896 898 897
3 896 897 899
3 900 902 901
3 900 887 890
3 903 904 892
3 903 892 893
3 903 893 905
3 903 905 906
3 907 909 908
3 910 900 890
3 910 902 900
3 910 890 891
3 911 896 899
3 911 912 896
3 911 899 913
3 911 913 914
3 915 895 894
3 915 894 875
3 916 904 903
3 916 903 906
3 916 906 917
3 918 875 881
3 918 881 914
3 919 904 916
3 919 916 917
3 919 917 920
3 919 920 921
3 922 875 918
3 922 915 875
3 923 872 873
3 923 331 872
3 924 915 922
3 924 895 915
3 924 925 895
3 926 888 327
3 927 918 914
3 927 928 918
3 929 922 918
3 929 924 922
3 929 918 928
3 929 925 924
3 929 928 925
3 930 926 327
3 930 327 328
3 931 893 869
3 931 869 895
3 931 905 893
3 932 905 931
3 932 906 905
3 932 917 906
3 933 932 931
3 934 899 897
3 935 927 914
3 935 914 913
3 935 913 936
3 935 928 927
3 935 936 937
3 935 937 928
3 938 329 331
3 938 923 901
3 938 331 923
3 939 940 926
3 939 926 930
3 939 930 328
3 941 942 919
3 941 919 921
3 941 921 943
3 941 943 944
3 945 901 902
3 945 938 901
3 946 899 934
3 947 334 335
3 947 335 948
3 947 942 941
3 947 944 334
3 947 941 944
3 949 329 938
3 949 938 945
3 950 946 934
3 951 329 949
3 951 949 945
3 951 945 902
3 952 946 950
3 953 917 932
3 953 920 917
3 953 932 933
3 954 920 953
3 954 943 921
3 954 921 920
3 954 944 943
3 955 954 953
3 955 944 954
3 955 333 334
3 955 334 944
3 956 951 902
3 956 902 948
3 957 329 951
3 957 951 956
3 957 332 329
3 958 928 937
3 958 937 959
3 960 939 328
3 961 337 332
3 961 332 957
3 961 956 948
3 961 957 956
3 961 335 337
3 961 948 335
3 962 958 959
3 963 960 328
3 964 339 333
3 964 333 955
3 964 966 965
3 964 955 953
3 964 953 966
3 967 969 968
3 967 968 962
3 970 960 963
3 971 973 972
3 974 964 965
3 975 959 976
3 975 976 977
3 975 962 959
3 975 977 974
3 975 969 967
3 975 967 962
3 975 974 969
3 978 970 963
3 978 980 979
3 978 979 981
3 982 972 983
3 982 971 972
3 984 976 959
3 985 964 974
3 985 339 964
3 986 988 987
3 986 989 988
3 990 985 974
3 990 974 977
3 990 977 991
3 992 989 986
3 992 986 993
3 992 994 989
3 995 977 976
3 995 991 977
3 996 986 987
3 996 987 997
3 996 993 986
3 998 340 338
3 998 985 990
3 998 339 985
3 998 338 339
3 999 984 1000
3 999 976 984
3 1001 995 976
3 1001 976 999
3 1002 1003 981
3 1002 1004 1003
3 1002 981 979
3 1005 996 997
3 1005 997 1006
3 1007 340 998
3 1007 990 991
3 1007 998 990
3 1008 993 996
3 1008 1005 1009
3 1008 996 1005
3 1010 999 1000
3 1011 348 349
3 1012 1009 1005
3 1012 1006 1013
3 1012 1005 1006
3 1014 1015 1011
3 1014 1011 349
3 1014 1016 1015
3 1017 340 1007
3 1018 1004 1002
3 1019 1007 991
3 1019 1017 1007
3 1019 351 1017
3 1020 351 1019
3 1020 345 351
3 1021 1018 342
3 1022 1004 1018
3 1022 1021 1023
3 1022 1023 1024
3 1022 1024 1004
3 1022 1018 1021
3 1025 1021 342
3 1025 342 341
3 1026 1027 1003
3 1026 1003 1004
3 1026 347 348
3 1026 348 1027
3 1028 1025 341
3 1028 1023 1021
3 1028 1021 1025
3 1029 1031 1030
3 1029 1030 1032
3 1033 347 1026
3 1033 1026 1004
3 1034 340 1017
3 1034 1017 351
3 1035 341 359
3 1035 1028 341
3 1036 1029 1032
3 1037 340 1034
3 1037 306 332
3 1037 332 340
3 1038 347 1033
3 1038 1033 1004
3 1039 1004 1024
3 1039 1040 1038
3 1039 1038 1004
3 1041 1034 351
3 1041 1037 1034
3 1041 306 1037
3 1042 1041 351
3 1042 351 354
3 1043 350 346
3 1043 354 350
3 1044 347 1038
3 1044 357 347
3 1044 360 357
3 1045 306 1041
3 1045 1041 1042
3 1045 1042 354
3 1046 1040 1039
3 1047 1046 1039
3 1048 1038 1040
3 1048 1044 1038
3 1049 1050 1036
3 1051 369 371
3 1051 371 1052
3 1053 1043 1054
3 1055 1043 1053
3 1056 1051 1052
3 1057 361 364
3 1058 360 1044
3 1058 363 360
3 1058 1044 1048
3 1059 409 1060
3 1059 301 409
3 1059 365 301
3 1059 1060 365
3 1061 368 361
3 1061 372 368
3 1061 361 1057
3 1062 372 1061
3 1062 1061 1057
3 1062 1057 364
3 1063 1064 390
3 1065 385 387
3 1065 387 388
3 1066 1064 359
3 1067 363 1058
3 1067 1058 1068
3 1067 364 363
3 1069 1065 1070
3 1069 378 379
3 1069 379 385
3 1069 385 1065
3 1071 1062 364
3 1071 1067 1072
3 1071 364 1067
3 1071 372 1062
3 1073 1064 1066
3 1073 390 1064
3 1074 1056 1052
3 1074 1052 1075
3 1074 1076 1056
3 1074 1075 392
3 1077 392 381
3 1077 1076 1074
3 1077 381 383
3 1077 1074 392
3 1078 1052 371
3 1079 1071 1072
3 1079 372 1071
3 1080 367 365
3 1080 365 1060
3 1081 370 373
3 1082 393 392
3 1082 1075 1052
3 1082 392 1075
3 1082 1052 1078
3 1083 1084 374
3 1085 390 1073
3 1086 1060 409
3 1086 1080 1060
3 1087 1080 1086
3 1088 1089 1081
3 1088 1090 1089
3 1091 367 1080
3 1091 1080 1087
3 1091 1087 402
3 1092 1086 409
3 1092 402 1087
3 1092 1087 1086
3 1093 1089 1090
3 1094 1091 402
3 1094 402 403
3 1094 403 404
3 1094 404 405
3 1095 1072 1083
3 1096 1094 405
3 1096 405 413
3 1097 409 410
3 1097 1092 409
3 1097 402 1092
3 1098 1099 421
3 1098 1090 1088
3 1098 421 422
3 1098 422 1090
3 1100 421 1099
3 1101 394 393
3 1101 1093 1090
3 1102 402 1097
3 1102 1097 410
3 1102 410 1103
3 1102 401 402
3 1104 1090 422
3 1104 1101 1090
3 1105 380 381
3 1105 397 382
3 1105 382 380
3 1106 1108 1107
3 1106 1107 1109
3 1110 1105 381
3 1110 381 399
3 1110 399 414
3 1111 1101 1104
3 1111 1104 422
3 1111 394 1101
3 1112 1114 1113
3 1112 1103 1115
3 1112 1113 1116
3 1112 1117 407
3 1112 401 1102
3 1112 1116 1117
3 1112 407 401
3 1112 1115 1114
3 1112 1102 1103
3 1118 1105 1110
3 1118 397 1105
3 1119 1096 413
3 1119 1121 1120
3 1119 1120 1122
3 1119 1122 1096
3 1123 1100 1124
3 1123 421 1100
3 1125 410 408
3 1126 1103 410
3 1126 1115 1103
3 1126 410 1125
3 1126 1114 1115
3 1127 1126 1125
3 1128 413 417
3 1128 1119 413
3 1129 1108 1106
3 1130 414 400
3 1130 400 394
3 1131 1120 1121
3 1131 396 1120
3 1132 394 1111
3 1132 1130 394
3 1133 1106 395
3 1133 1129 1106
3 1133 1134 1129
3 1135 1126 1127
3 1135 1125 408
3 1135 1127 1125
3 1136 1130 1132
3 1137 452 397
3 1137 397 1118
3 1137 1110 414
3 1137 1118 1110
3 1138 1121 1119
3 1138 1119 1128
3 1139 408 435
3 1139 435 437
3 1139 1135 408
3 1140 1141 1108
3 1142 1143 1131
3 1142 1131 1121
3 1142 1121 1138
3 1144 1138 1128
3 1144 1128 417
3 1144 425 1138
3 1145 425 429
3 1145 1142 1138
3 1145 429 431
3 1145 431 1142
3 1145 1138 425
3 1146 452 1137
3 1146 1137 414
3 1146 414 1130
3 1146 1130 1136
3 1147 417 419
3 1147 425 1144
3 1147 1144 417
3 1147 428 425
3 1147 1149 1148
3 1147 419 1149
3 1147 1148 1150
3 1147 1151 465
3 1147 465 428
3 1147 1150 1151
3 1152 452 1146
3 1152 454 452
3 1152 1146 1136
3 1153 440 446
3 1153 1155 1154
3 1153 1156 1155
3 1153 446 447
3 1153 447 461
3 1157 1159 1158
3 1157 1158 423
3 1160 418 416
3 1160 419 418
3 1160 1148 1149
3 1160 1149 419
3 1161 463 443
3 1161 443 444
3 1162 1163 1160
3 1162 1160 416
3 1164 1150 1148
3 1164 465 1151
3 1164 1148 1160
3 1164 1151 1150
3 1164 1160 1163
3 1164 466 465
3 1165 1161 1166
3 1167 453 454
3 1167 454 1157
3 1168 1157 423
3 1168 453 1167
3 1168 1167 1157
3 1169 473 474
3 1169 474 471
3 1170 1168 423
3 1171 1156 1153
3 1171 1153 461
3 1172 1171 461
3 1172 461 460
3 1173 463 1161
3 1173 1161 1165
3 1173 1165 1174
3 1175 1172 460
3 1175 1171 1172
3 1176 471 472
3 1176 1173 1174
3 1176 472 477
3 1176 477 481
3 1176 1169 471
3 1176 1174 1169
3 1177 459 457
3 1178 1168 1170
3 1178 453 1168
3 1179 1171 1175
3 1179 473 1171
3 1179 470 473
3 1180 441 436
3 1180 449 441
3 1180 436 435
3 1181 1175 460
3 1181 1179 1175
3 1181 470 1179
3 1182 1184 1183
3 1185 1180 435
3 1185 435 304
3 1186 460 448
3 1186 1181 460
3 1187 1180 1185
3 1188 1180 1187
3 1189 1190 1177
3 1189 1191 1190
3 1192 503 496
3 1192 496 453
3 1192 453 1178
3 1192 1178 462
3 1193 1190 1191
3 1194 481 488
3 1194 1176 481
3 1194 1195 1173
3 1194 1173 1176
3 1196 470 1181
3 1196 1181 1186
3 1196 1186 448
3 1197 503 1192
3 1197 1192 462
3 1198 470 1196
3 1198 476 470
3 1198 482 476
3 1198 1196 448
3 1198 1199 513
3 1198 513 482
3 1200 503 1197
3 1201 1199 1198
3 1201 448 497
3 1201 1198 448
3 1202 1191 1189
3 1203 1194 488
3 1203 505 510
3 1203 1195 1194
3 1204 1201 497
3 1204 1199 1201
3 1205 504 494
3 1206 505 1203
3 1206 1203 488
3 1207 1205 1208
3 1209 520 521
3 1209 503 1200
3 1210 512 513
3 1210 513 1199
3 1210 1199 1204
3 1211 505 1206
3 1211 1206 488
3 1211 532 535
3 1211 542 507
3 1211 507 505
3 1211 490 532
3 1211 535 542
3 1211 488 490
3 1212 1204 497
3 1212 1210 1204
3 1213 497 501
3 1214 1212 497
3 1214 497 1213
3 1215 512 1210
3 1215 1210 1212
3 1215 1212 1214
3 1215 525 512
3 1216 1213 501
3 1216 1214 1213
3 1216 1215 1214
3 1216 525 1215
3 1217 503 1209
3 1217 1209 521
3 1217 508 503
3 1218 499 498
3 1218 500 499
3 1218 501 500
3 1218 498 504
3 1219 1221 1220
3 1222 539 523
3 1222 508 1217
3 1222 523 508
3 1223 501 1218
3 1223 1218 1224
3 1223 1216 501
3 1223 525 1216
3 1225 504 1205
3 1225 1205 1207
3 1226 1219 1220
3 1227 559 563
3 1227 544 545
3 1227 546 544
3 1227 563 1226
3 1227 1226 1228
3 1227 1228 1229
3 1227 1229 1230
3 1227 1230 546
3 1227 552 559
3 1227 545 552
3 1231 1224 1218
3 1231 1218 504
3 1232 1217 521
3 1232 1222 1217
3 1233 521 518
3 1233 1232 521
3 1234 1232 1233
3 1235 555 539
3 1235 539 1222
3 1235 1222 1232
3 1235 1232 1234
3 1236 555 1235
3 1236 1234 1233
3 1236 1235 1234
3 1237 1230 304
3 1237 304 303
3 1237 546 1230
3 1238 543 546
3 1238 546 1237
3 1239 504 1225
3 1239 1231 504
3 1240 1231 1239
3 1240 1224 1231
3 1241 566 533
3 1241 524 525
3 1241 529 527
3 1241 527 524
3 1241 525 1223
3 1241 1223 1224
3 1241 530 529
3 1241 533 530
3 1242 1226 563
3 1242 1219 1226
3 1242 1243 1219
3 1244 519 1245
3 1244 1247 1246
3 1244 1245 1247
3 1244 1248 572
3 1244 1246 1249
3 1244 1249 1248
3 1244 555 1236
3 1244 518 519
3 1244 1233 518
3 1244 1236 1233
3 1244 572 555
3 1250 543 1238
3 1250 303 1251
3 1250 1251 548
3 1250 548 543
3 1250 1237 303
3 1250 1238 1237
3 1252 1253 1243
3 1252 1254 1253
3 1255 1243 1242
3 1255 1256 1243
3 1257 1241 1224
3 1257 566 1241
3 1258 1255 1242
3 1258 1242 563
3 1258 1256 1255
3 1259 515 511
3 1259 511 506
3 1259 506 561
3 1260 1245 519
3 1260 519 515
3 1260 515 1259
3 1261 1260 1259
3 1262 1252 1243
3 1262 1243 1256
3 1263 1258 563
3 1263 563 567
3 1264 1260 1261
3 1265 1246 1247
3 1265 1247 1245
3 1265 1260 1264
3 1265 1245 1260
3 1266 1257 1224
3 1267 1256 1258
3 1267 1263 567
3 1267 1258 1263
3 1268 1257 1266
3 1269 1262 1256
3 1270 308 577
3 1270 577 573
3 1270 1251 303
3 1270 303 308
3 1270 548 1251
3 1270 573 548
3 1271 1273 1272
3 1274 1256 1267
3 1275 587 1269
3 1275 1256 1274
3 1275 1269 1256
3 1276 1274 1267
3 1276 1267 567
3 1277 1273 1271
3 1278 1265 1264
3 1279 570 566
3 1280 1276 585
3 1280 1275 1274
3 1280 585 587
3 1280 587 1275
3 1280 1274 1276
3 1281 566 1257
3 1281 1257 1268
3 1281 1279 566
3 1282 569 596
3 1282 596 601
3 1282 1276 567
3 1282 567 569
3 1283 1279 1281
3 1284 592 598
3 1284 598 604
3 1284 604 605
3 1284 1273 1277
3 1285 1276 1282
3 1285 1286 584
3 1285 584 585
3 1285 1282 601
3 1285 601 1287
3 1285 1287 1286
3 1285 585 1276
3 1288 1290 1289
3 1291 1292 1273
3 1293 580 578
3 1293 576 577
3 1293 578 576
3 1294 577 308
3 1294 1293 577
3 1295 580 1293
3 1296 1293 1294
3 1297 1293 1296
3 1298 1284 605
3 1298 1291 1273
3 1298 1273 1284
3 1299 582 580
3 1299 580 1295
3 1299 589 582
3 1299 594 589
3 1299 599 594
3 1300 1295 1293
3 1300 1299 1295
3 1300 1293 1297
3 1301 584 1286
3 1301 1286 1287
3 1302 1291 1298
3 1302 613 1291
3 1302 1298 609
3 1302 609 610
3 1302 610 612
3 1302 612 613
3 1303 601 600
3 1303 1301 1287
3 1303 1287 601
3 1304 1298 605
3 1304 609 1298
3 1305 1304 605
3 1305 605 606
3 1306 606 607
3 1306 607 609
3 1306 609 1304
3 1306 1305 606
3 1306 1304 1305
3 1307 1309 1308
3 1307 626 627
3 1310 1299 1300
3 1310 599 1299
3 1311 602 599
3 1311 599 1310
3 1312 1301 1303
3 1312 584 1301
3 1313 628 639
3 1313 627 628
3 1313 1314 1309
3 1313 1307 627
3 1313 1309 1307
3 1315 1311 1310
3 1316 639 641
3 1316 1313 639
3 1316 1317 1314
3 1316 1314 1313
3 1316 1318 1317
3 1319 1311 1315
3 1320 308 307
3 1321 1323 1322
3 1324 1322 1323
3 1324 1323 1320
3 1325 1327 1326
3 1328 1321 1322
3 1329 1322 1324
3 1330 1322 1331
3 1330 1328 1322
3 1332 646 1333
3 1332 645 646
3 1334 1332 1325
3 1334 645 1332
3 1334 1325 1326
3 1335 1334 1326
3 1336 307 310
3 1337 645 1334
3 1337 1334 1335
3 1338 1339 649
3 1338 650 1340
3 1338 649 650
3 1338 1340 1341
3 1342 1341 646
3 1342 646 647
3 1343 1339 1338
3 1343 1338 1341
3 1343 1341 1342
3 1344 637 635
3 1344 1345 637
3 1346 1342 647
3 1346 1339 1343
3 1346 1343 1342
3 1347 656 654
3 1347 1345 1344
3 1347 654 1345
3 1348 1347 1344
3 1349 645 1337
3 1349 644 645
3 1350 655 658
3 1350 1352 1351
3 1350 1351 1353
3 1354 1355 1336
3 1354 1356 1355
3 1354 1336 310
3 1354 310 1357
3 1358 1359 1352
3 1358 662 666
3 1358 658 662
3 1358 666 633
3 1358 1352 1350
3 1358 633 1359
3 1358 1350 658
3 1360 647 644
3 1360 1339 1346
3 1360 1346 647
3 1361 1360 644
3 1361 644 1349
3 1362 652 651
3 1362 1363 652
3 1364 1366 1365
3 1367 1363 1362
3 1367 1369 1368
3 1370 1356 1354
3 1370 1371 1356
3 1372 1364 1365
3 1373 1339 1360
3 1374 1369 1367
3 1374 1362 651
3 1374 1367 1362
3 1375 1376 1368
3 1375 660 656
3 1377 1373 1360
3 1378 1373 1377
3 1379 1380 1370
3 1381 1368 1369
3 1381 1375 1368
3 1382 663 660
3 1382 660 1375
3 1383 1382 1375
3 1383 1375 1381
3 1384 1379 1385
3 1386 1369 1374
3 1387 1386 1374
3 1388 1389 1372
3 1390 1373 1378
3 1391 1357 310
3 1391 310 309
3 1391 1385 1357
3 1392 1389 1388
3 1393 663 1382
3 1393 1382 1383
3 1394 664 663
3 1394 667 664
3 1394 668 667
3 1394 663 1393
3 1395 669 668
3 1395 670 669
3 1395 668 1394
3 1396 1392 1388
3 1397 1394 1393
3 1397 1395 1394
3 1398 1395 1397
3 1399 1401 1400
3 1402 1404 1403
3 1405 670 1395
3 1405 1395 1398
3 1405 631 670
3 1406 1408 1407
3 1409 1396 1388
3 1410 1400 1401
3 1411 1409 1412
3 1413 1399 1414
3 1413 1401 1399
3 1413 1414 1415
3 1416 311 631
3 1417 1416 1418
3 1419 673 1420
3 1421 1422 675
3 1421 675 676
3 1421 676 677
3 1421 1423 1422
3 1424 1426 1425
3 1427 675 1422
3 1427 1422 309
3 1427 309 214
3 1428 1429 1419
3 1430 1426 1424
3 1430 1424 1431
3 1432 1434 1433
3 1435 681 682
3 1435 682 1430
3 1435 1430 1431
3 1435 1431 1434
3 1436 677 679
3 1436 1421 677
3 1436 1437 1421
3 1438 1440 1439
3 1438 1439 1441
3 1442 1437 1436
3 1443 1427 214
3 1444 675 1427
3 1444 674 675
3 1444 1427 1443
3 1445 312 311
3 1446 1448 1447
3 1446 1447 1449
3 1450 1451 1442
3 1452 1446 1449
3 1453 1444 1443
3 1453 1443 1454
3 1455 214 215
3 1455 215 216
3 1455 1443 214
3 1455 1454 1443
3 1456 1450 1442
3 1456 1442 1436
3 1457 1444 1453
3 1458 1451 1450
3 1458 1450 1456
3 1459 216 217
3 1459 217 218
3 1459 1455 216
3 1459 1453 1454
3 1459 1454 1455
3 1459 1457 1453
3 1460 679 683
3 1460 1436 679
3 1461 1456 1436
3 1461 1436 1460
3 1462 1463 1458
3 1462 1464 1463
3 1465 1458 1456
3 1465 687 685
3 1465 685 1462
3 1465 1462 1458
3 1465 1456 1461
3 1466 685 686
3 1466 1467 1464
3 1466 1462 685
3 1466 686 689
3 1466 1464 1462
3 1468 312 1445
3 1468 1469 312
3 1468 1471 1470
3 1468 1472 1471
3 1468 1445 1472
3 1473 1461 1460
3 1473 1465 1461
3 1474 1476 1475
3 1477 1479 1478
3 1480 223 224
3 1480 224 225
3 1481 1469 1477
3 1481 312 1469
3 1481 313 312
3 1482 1484 1483
3 1485 694 692
3 1486 1488 1487
3 1489 1490 1485
3 1491 1490 1489
3 1492 1493 1486
3 1494 1489 1485
3 1495 1497 1496
3 1498 228 229
3 1499 1496 700
3 1499 1495 1496
3 1500 1495 1499
3 1501 1503 1502
3 1501 231 232
3 1504 1506 1505
3 1507 1509 1508
3 1510 1507 1508
3 1510 704 1507
3 1510 706 704
3 1511 1504 1505
3 1512 246 313
3 1512 1504 1511
3 1512 1511 710
3 1512 710 709
3 1512 313 1504
3 1513 1512 709
3 1514 246 1512
3 1514 1512 1513
3 1515 1514 1513
3 1516 1514 1515
3 1517 243 244
3 1517 1516 1515
3 1518 244 245
3 1518 245 246
3 1518 1517 244
3 1518 246 1514
3 1518 1514 1516
3 1518 1516 1517
3 1519 283 294
3 1519 294 281
3 1519 281 282
3 1519 282 247
3 1519 284 283
3 1520 712 286
3 1520 286 285
3 1520 285 284
3 1520 284 1519
3 1520 1519 247
3 1521 1520 247
3 1522 712 1520
3 1522 716 712
3 1522 1520 1521
3 1523 274 275
3 1523 275 276
3 1524 276 277
3 1524 1523 276
3 1525 277 295
3 1525 295 717
3 1525 1524 277
3 1526 1523 1524
3 1526 1524 1525
3 1526 274 1523
3 1527 247 297
3 1527 1521 247
3 1528 722 721
3 1528 719 718
3 1528 720 719
3 1528 721 720
3 1529 274 1526
3 1530 722 1528
3 1531 1532 1530
3 1533 1530 1532
3 1533 722 1530
3 1533 1535 1534
3 1533 1534 722
3 1536 1531 1537
3 1536 1532 1531
3 1538 731 732
3 1538 1535 1533
3 1538 1532 731
3 1538 732 1535
3 1538 1533 1532
3 1539 1532 1536
3 1539 727 728
3 1539 728 729
3 1540 1542 1541
3 1540 1541 1543
3 1544 1542 1540
3 1544 1540 1543
3 1544 1543 1535
3 1545 730 731
3 1545 1539 729
3 1545 731 1532
3 1545 1532 1539
3 1546 1544 1535
3 1546 732 1547
3 1546 1535 732
3 1548 1541 1542
3 1548 1542 1549
3 1550 264 265
3 1551 1545 729
3 1552 1542 1544
3 1552 1546 1547
3 1552 1544 1546
3 1553 1551 729
3 1554 730 1545
3 1554 1545 1551
3 1554 1555 730
3 1554 1553 1555
3 1554 1551 1553
3 1556 262 263
3 1556 263 264
3 1557 264 1550
3 1557 1556 264
3 1558 740 745
3 1559 748 1552
3 1559 1552 1547
3 1560 1556 1557
3 1561 732 730
3 1561 1547 732
3 1562 1559 1547
3 1562 1547 1561
3 1563 262 1556
3 1563 1556 1560
3 1564 747 748
3 1564 748 1559
3 1564 1559 1562
3 1565 1542 1552
3 1565 1552 748
3 1566 1542 1565
3 1567 1560 1557
3 1568 1570 1569
3 1568 1555 1553
3 1568 1553 1558
3 1568 1558 745
3 1568 745 1570
3 1571 1561 730
3 1571 730 1555
3 1572 1562 1561
3 1573 1574 762
3 1573 1566 1574
3 1575 1561 1571
3 1575 1576 1572
3 1575 1572 1561
3 1577 1576 747
3 1577 1572 1576
3 1577 747 1564
3 1577 1564 1562
3 1577 1562 1572
3 1578 1563 1560
3 1578 1579 1563
3 1578 1560 1567
3 1578 1580 1579
3 1578 1567 1581
3 1582 748 746
3 1582 1565 748
3 1582 746 1574
3 1582 1566 1565
3 1582 1574 1566
3 1583 1573 762
3 1583 1578 1581
3 1584 1575 1571
3 1584 1576 1575
3 1585 259 260
3 1585 260 261
3 1585 750 259
3 1586 745 744
3 1586 1570 745
3 1587 743 742
3 1587 742 316
3 1587 749 743
3 1587 316 317
3 1587 1588 749
3 1589 1576 1584
3 1590 1586 744
3 1590 744 749
3 1590 749 1588
3 1591 1574 746
3 1591 746 747
3 1592 750 1585
3 1592 1585 1593
3 1592 752 750
3 1594 1588 1587
3 1594 1587 317
3 1595 763 765
3 1595 762 763
3 1595 765 1580
3 1595 1578 1583
3 1595 1580 1578
3 1595 1583 762
3 1596 1593 1579
3 1596 1592 1593
3 1597 1586 1590
3 1598 747 1576
3 1598 1591 747
3 1599 1600 1569
3 1599 1569 1570
3 1599 1586 1597
3 1599 1570 1586
3 1601 1588 1594
3 1601 1594 317
3 1601 770 1588
3 1601 317 754
3 1601 754 770
3 1602 1579 1580
3 1603 1591 1598
3 1604 764 762
3 1604 1574 1591
3 1604 1603 764
3 1604 1591 1603
3 1604 762 1574
3 1605 1599 1597
3 1606 1596 1579
3 1606 1579 1602
3 1607 760 752
3 1607 752 1592
3 1607 1606 760
3 1607 1592 1596
3 1607 1596 1606
3 1608 760 1606
3 1608 1606 1602
3 1609 1598 1576
3 1609 764 1603
3 1609 1603 1598
3 1610 771 776
3 1610 776 1576
3 1610 1576 1589
3 1611 776 777
3 1611 764 1609
3 1611 1576 776
3 1611 777 778
3 1611 1609 1576
3 1612 765 793
3 1612 1580 765
3 1612 1602 1580
3 1612 793 794
3 1612 1608 1602
3 1613 1610 1589
3 1613 773 771
3 1613 1589 1614
3 1613 1614 1615
3 1613 1615 773
3 1613 771 1610
3 1616 298 255
3 1616 256 757
3 1616 255 256
3 1617 1600 1599
3 1617 1599 1605
3 1618 1614 1600
3 1618 1615 1614
3 1618 1600 1617
3 1619 1616 757
3 1620 753 760
3 1620 760 791
3 1620 791 321
3 1620 757 753
3 1621 774 761
3 1621 1622 774
3 1621 761 764
3 1623 770 766
3 1623 1625 1624
3 1623 1626 1625
3 1623 767 1626
3 1623 1588 770
3 1623 766 767
3 1627 1618 1617
3 1628 1619 757
3 1628 1620 321
3 1628 757 1620
3 1628 807 1629
3 1628 321 807
3 1628 1629 1619
3 1630 1622 1621
3 1630 1621 764
3 1630 816 1622
3 1630 815 816
3 1631 1618 1627
3 1631 773 1615
3 1631 786 773
3 1631 1615 1618
3 1632 1630 764
3 1632 815 1630
3 1632 778 783
3 1632 764 1611
3 1632 783 800
3 1632 1611 778
3 1632 800 815
3 1633 1624 1634
3 1633 1623 1624
3 1635 292 291
3 1635 248 249
3 1635 787 325
3 1635 299 292
3 1635 290 787
3 1635 249 300
3 1635 300 299
3 1635 325 248
3 1635 291 290
3 1636 765 774
3 1636 804 792
3 1636 793 765
3 1636 774 1622
3 1636 1637 804
3 1636 792 793
3 1638 1624 1625
3 1638 1625 1626
3 1638 767 784
3 1638 1626 767
3 1638 784 789
3 1639 1640 788
3 1639 782 759
3 1639 785 782
3 1639 759 323
3 1639 788 785
3 1641 1636 1622
3 1641 1637 1636
3 1642 1629 807
3 1643 325 787
3 1643 1629 1642
3 1643 787 1629
3 1644 1639 323
3 1644 323 824
3 1644 1640 1639
3 1645 788 1640
3 1645 789 788
3 1645 1638 789
3 1646 1633 1634
3 1646 1647 1633
3 1646 1649 1648
3 1646 1634 1649
3 1646 1648 1650
3 1651 1624 1638
3 1651 1638 1645
3 1651 1634 1624
3 1651 1649 1634
3 1652 1651 1645
3 1653 1650 854
3 1653 1654 1647
3 1653 1646 1650
3 1653 1647 1646
3 1653 829 827
3 1653 854 829
3 1655 822 325
3 1655 807 820
3 1655 325 1643
3 1655 820 822
3 1655 1643 1642
3 1655 1642 807
3 1656 1654 1653
3 1656 832 818
3 1656 827 832
3 1656 1653 827
3 1657 1622 816
3 1657 816 812
3 1657 1641 1622
3 1658 1641 1657
3 1659 1637 1641
3 1659 1641 1658
3 1659 849 1660
3 1659 1658 849
3 1659 1660 1637
3 1661 809 808
3 1661 817 845
3 1661 801 817
3 1661 845 840
3 1661 840 809
3 1661 808 801
3 1662 817 818
3 1662 845 817
3 1662 818 832
3 1662 832 833
3 1662 833 834
3 1662 837 845
3 1662 834 837
3 1663 803 804
3 1663 811 803
3 1663 804 1637
3 1663 1637 1660
3 1664 849 1658
3 1664 1658 1657
3 1665 1664 1657
3 1665 1657 812
3 1665 812 813
3 1666 1649 1651
3 1666 1651 1652
3 1667 825 809
3 1667 809 841
3 1667 843 825
3 1668 849 1664
3 1668 1664 1665
3 1668 851 849
3 1669 878 863
3 1669 871 878
3 1669 811 871
3 1669 842 811
3 1669 863 842
3 1670 1668 1665
3 1670 1665 813
3 1670 851 1668
3 1670 813 861
3 1670 861 851
3 1671 1663 1660
3 1671 811 1663
3 1671 871 811
3 1672 841 858
3 1672 843 1667
3 1672 1667 841
3 1672 866 843
3 1673 855 838
3 1673 1674 855
3 1673 322 889
3 1673 889 1674
3 1673 838 322
3 1675 871 1671
3 1675 884 873
3 1675 849 850
3 1675 850 884
3 1675 873 871
3 1675 1671 1660
3 1675 1660 849
3 1676 912 879
3 1676 896 912
3 1677 1678 908
3 1677 898 896
3 1677 1676 1678
3 1677 908 909
3 1677 896 1676
3 1677 909 898
3 1679 885 866
3 1679 866 1672
3 1679 1672 858
3 1679 1680 885
3 1681 907 908
3 1681 846 855
3 1681 908 847
3 1681 855 1674
3 1681 847 846
3 1682 1679 858
3 1682 1680 1679
3 1683 911 914
3 1683 912 911
3 1683 879 912
3 1683 876 879
3 1683 914 881
3 1683 881 876
3 1684 1681 1674
3 1684 907 1681
3 1685 1682 858
3 1685 892 904
3 1685 858 892
3 1685 919 1680
3 1685 1680 1682
3 1685 904 919
3 1686 1674 889
3 1687 910 891
3 1687 882 885
3 1687 891 882
3 1688 1684 1674
3 1688 1674 1686
3 1689 907 1684
3 1689 1684 1688
3 1689 1688 1690
3 1689 1690 907
3 1691 1690 1688
3 1691 1688 1686
3 1691 1686 889
3 1692 887 900
3 1692 901 923
3 1692 873 887
3 1692 900 901
3 1692 923 873
3 1693 885 1680
3 1693 1687 885
3 1694 934 897
3 1694 897 898
3 1694 909 907
3 1694 898 909
3 1695 926 940
3 1695 1690 1691
3 1695 888 926
3 1695 1691 889
3 1695 889 888
3 1696 910 1687
3 1696 902 910
3 1696 1687 1693
3 1696 948 902
3 1697 1694 907
3 1697 934 1694
3 1698 1693 1680
3 1698 1696 1693
3 1698 948 1696
3 1699 948 1698
3 1699 919 942
3 1699 1698 1680
3 1699 1680 919
3 1699 942 947
3 1699 947 948
3 1700 1697 907
3 1700 1690 1701
3 1700 950 934
3 1700 907 1690
3 1700 934 1697
3 1702 953 933
3 1702 931 895
3 1702 933 931
3 1702 966 953
3 1703 973 1701
3 1703 1690 1695
3 1703 1701 1690
3 1703 1695 940
3 1704 1702 895
3 1704 966 1702
3 1704 965 966
3 1705 913 899
3 1705 936 913
3 1705 899 946
3 1706 968 969
3 1706 965 1704
3 1706 1704 895
3 1706 925 968
3 1706 895 925
3 1706 974 965
3 1706 969 974
3 1707 1703 940
3 1708 968 925
3 1708 958 962
3 1708 925 928
3 1708 928 958
3 1708 962 968
3 1709 1707 940
3 1710 936 1705
3 1711 1710 1705
3 1711 946 952
3 1711 1705 946
3 1712 952 950
3 1712 950 1700
3 1712 1700 1701
3 1713 1707 1709
3 1713 1703 1707
3 1713 972 973
3 1713 973 1703
3 1714 1710 1711
3 1715 1709 940
3 1716 939 960
3 1716 1715 940
3 1716 940 939
3 1717 1712 1701
3 1718 1713 1709
3 1718 1715 983
3 1718 972 1713
3 1718 983 972
3 1718 1709 1715
3 1719 1714 1711
3 1720 1711 952
3 1720 1719 1711
3 1721 328 302
3 1721 963 328
3 1721 978 963
3 1721 1722 980
3 1721 980 978
3 1721 302 1722
3 1723 1701 973
3 1723 1717 1701
3 1723 973 971
3 1724 1714 1719
3 1724 1719 1720
3 1724 1726 1725
3 1727 1715 1716
3 1727 1716 960
3 1728 988 989
3 1728 989 1726
3 1728 952 1712
3 1728 1720 952
3 1728 1712 1717
3 1728 1717 988
3 1728 1724 1720
3 1728 1726 1724
3 1729 960 970
3 1730 1727 960
3 1730 960 1729
3 1731 1732 983
3 1731 983 1715
3 1731 1727 1730
3 1731 1715 1727
3 1731 1730 1732
3 1733 1717 1723
3 1733 988 1717
3 1733 1723 971
3 1734 984 959
3 1734 959 937
3 1735 970 978
3 1735 1729 970
3 1736 1732 1730
3 1736 1730 1729
3 1736 1729 1735
3 1737 980 1722
3 1737 1722 302
3 1738 987 988
3 1738 997 987
3 1738 988 1733
3 1738 1733 971
3 1739 1736 1735
3 1740 1741 1725
3 1742 1737 302
3 1742 980 1737
3 1742 1002 979
3 1742 979 980
3 1743 1734 1741
3 1743 1000 984
3 1743 1741 1740
3 1743 984 1734
3 1744 997 1738
3 1744 1738 971
3 1744 1013 1006
3 1744 1006 997
3 1744 971 982
3 1745 1726 989
3 1745 1740 1725
3 1745 1000 1743
3 1745 1743 1740
3 1745 989 994
3 1745 1725 1726
3 1746 1739 1735
3 1747 983 1732
3 1747 1013 1744
3 1747 1744 982
3 1747 982 983
3 1748 1735 978
3 1748 1003 1027
3 1748 981 1003
3 1748 1746 1735
3 1748 978 981
3 1748 1027 1746
3 1749 1742 302
3 1749 1002 1742
3 1749 302 342
3 1749 342 1018
3 1749 1018 1002
3 1750 1013 1747
3 1750 1747 1732
3 1751 1000 1745
3 1751 1010 1000
3 1752 1013 1750
3 1752 1750 1732
3 1752 1015 1016
3 1753 1745 994
3 1753 1751 1745
3 1753 1010 1751
3 1754 1001 999
3 1755 1754 999
3 1755 999 1010
3 1756 1754 1755
3 1756 344 1754
3 1757 1001 1754
3 1757 344 345
3 1757 991 995
3 1757 995 1001
3 1757 1754 344
3 1757 1020 1019
3 1757 345 1020
3 1757 1019 991
3 1758 1031 1759
3 1758 1010 1753
3 1758 1759 1010
3 1760 1758 1753
3 1760 1753 994
3 1761 1762 1012
3 1761 1013 1752
3 1761 1012 1013
3 1763 1030 1031
3 1763 1031 1758
3 1763 1758 1760
3 1763 1760 994
3 1764 1756 1755
3 1764 344 1756
3 1765 992 993
3 1765 994 992
3 1765 1030 1763
3 1765 1763 994
3 1766 1755 1010
3 1766 1010 1759
3 1766 1764 1755
3 1767 1752 1016
3 1767 1762 1761
3 1767 1761 1752
3 1768 1030 1765
3 1768 1765 993
3 1768 1032 1030
3 1769 993 1008
3 1769 1008 1009
3 1769 1032 1768
3 1769 1768 993
3 1770 343 344
3 1770 344 1764
3 1770 1764 1766
3 1771 1032 1769
3 1771 1769 1009
3 1772 1767 1016
3 1772 1016 1014
3 1773 343 1770
3 1773 1766 1759
3 1773 1770 1766
3 1774 1772 1014
3 1774 356 1772
3 1774 353 356
3 1774 349 353
3 1774 1014 349
3 1775 1759 1031
3 1776 1009 1012
3 1776 1012 1762
3 1777 1775 1031
3 1777 1031 1029
3 1778 1036 1032
3 1778 1032 1771
3 1778 1049 1036
3 1779 1773 1759
3 1779 1759 1775
3 1780 1781 1779
3 1780 1779 1775
3 1780 1775 1777
3 1782 1776 1762
3 1783 1009 1776
3 1783 1049 1778
3 1783 1778 1771
3 1783 1771 1009
3 1784 1028 1035
3 1785 1781 1780
3 1785 1780 1777
3 1786 1023 1028
3 1786 1028 1784
3 1787 1783 1776
3 1788 1782 1789
3 1788 1051 1790
3 1788 1790 1787
3 1788 1776 1782
3 1788 1787 1776
3 1791 1777 1029
3 1791 1785 1777
3 1791 1029 1036
3 1791 1036 1050
3 1792 1784 1035
3 1792 1786 1784
3 1792 1794 1793
3 1792 1035 359
3 1795 1788 1789
3 1795 1051 1788
3 1795 369 1051
3 1796 1790 1051
3 1796 1787 1790
3 1796 1783 1787
3 1796 1051 1056
3 1796 1049 1783
3 1796 1056 1049
3 1797 1065 1798
3 1797 1070 1065
3 1797 1798 1054
3 1799 1070 1797
3 1799 1781 1785
3 1799 1785 1791
3 1799 1797 1781
3 1800 398 306
3 1800 306 1045
3 1800 354 1043
3 1800 1045 354
3 1800 1055 398
3 1800 1043 1055
3 1801 359 1064
3 1801 1063 1794
3 1801 1794 1792
3 1801 1792 359
3 1801 1064 1063
3 1802 1791 1050
3 1802 1799 1791
3 1803 1040 1046
3 1804 1048 1040
3 1804 1040 1803
3 1804 1058 1048
3 1805 1050 1049
3 1806 1047 1793
3 1806 1793 1794
3 1807 1804 1803
3 1808 1807 1803
3 1809 1050 1805
3 1809 1802 1050
3 1810 1066 359
3 1810 1073 1066
3 1810 359 358
3 1810 366 367
3 1810 358 366
3 1811 1070 1799
3 1811 1799 1802
3 1811 1069 1070
3 1811 378 1069
3 1811 1802 1809
3 1812 1807 1808
3 1812 1068 1058
3 1812 1084 1068
3 1812 1058 1804
3 1812 1808 1084
3 1812 1804 1807
3 1813 376 374
3 1813 1046 1047
3 1813 374 1084
3 1813 1803 1046
3 1813 1084 1808
3 1813 1047 1806
3 1813 1808 1803
3 1813 1806 376
3 1814 1809 1805
3 1815 1814 1805
3 1815 1805 1049
3 1816 1054 1798
3 1816 1053 1054
3 1816 398 1055
3 1816 1055 1053
3 1817 378 1811
3 1817 1811 1809
3 1817 1809 1814
3 1817 1815 383
3 1817 383 378
3 1817 1814 1815
3 1818 383 1815
3 1818 1056 1076
3 1818 1076 1077
3 1818 1077 383
3 1818 1815 1049
3 1818 1049 1056
3 1819 1798 1065
3 1819 1065 388
3 1819 398 1816
3 1819 388 398
3 1819 1816 1798
3 1820 1063 390
3 1820 390 375
3 1820 1794 1063
3 1820 1806 1794
3 1820 375 376
3 1820 376 1806
3 1821 1822 1078
3 1821 1078 371
3 1821 371 370
3 1823 1072 1067
3 1823 1067 1068
3 1823 1068 1084
3 1823 1084 1083
3 1823 1083 1072
3 1824 1821 370
3 1824 370 1081
3 1824 1081 1089
3 1824 1822 1821
3 1824 1093 1822
3 1824 1089 1093
3 1825 1073 1810
3 1825 1085 1073
3 1825 1826 1085
3 1825 1810 367
3 1827 1096 1826
3 1827 367 1091
3 1827 1825 367
3 1827 1826 1825
3 1827 1094 1096
3 1827 1091 1094
3 1828 1098 1088
3 1828 373 372
3 1828 372 1079
3 1828 1088 1081
3 1828 1081 373
3 1829 1095 1083
3 1829 1083 374
3 1829 1107 1095
3 1830 1100 1099
3 1830 1072 1100
3 1830 1079 1072
3 1830 1099 1079
3 1831 1109 1107
3 1831 1107 1829
3 1831 1829 374
3 1831 374 375
3 1832 1098 1828
3 1832 1828 1079
3 1833 1099 1098
3 1833 1079 1099
3 1833 1098 1832
3 1833 1832 1079
3 1834 1078 1822
3 1834 393 1082
3 1834 1101 393
3 1834 1093 1101
3 1834 1082 1078
3 1834 1822 1093
3 1835 1831 375
3 1835 1109 1831
3 1836 1085 1826
3 1837 396 389
3 1837 389 390
3 1837 390 1085
3 1837 1085 1836
3 1838 1826 1096
3 1838 396 1837
3 1838 1836 1826
3 1838 1122 1120
3 1838 1120 396
3 1838 1096 1122
3 1838 1837 1836
3 1839 389 395
3 1839 1106 1109
3 1839 395 1106
3 1839 1109 1835
3 1839 1835 375
3 1839 375 389
3 1840 1072 1095
3 1840 1107 1108
3 1840 1100 1072
3 1840 1124 1100
3 1840 1095 1107
3 1840 1108 1124
3 1841 1108 1141
3 1841 1141 1842
3 1841 1123 1124
3 1841 1124 1108
3 1841 1842 1123
3 1843 420 421
3 1843 421 1123
3 1843 1123 1842
3 1844 1111 422
3 1844 1159 1132
3 1844 1132 1111
3 1845 422 420
3 1845 1844 422
3 1845 423 1158
3 1845 420 423
3 1846 1140 1108
3 1846 1134 1166
3 1846 1166 1140
3 1846 1108 1129
3 1846 1129 1134
3 1847 420 1843
3 1847 1843 1842
3 1848 1158 1159
3 1848 1159 1844
3 1848 1844 1845
3 1848 1845 1158
3 1849 424 420
3 1849 420 1847
3 1850 1849 1847
3 1850 424 1849
3 1850 1847 1842
3 1851 1853 1852
3 1851 1153 1154
3 1851 1154 1853
3 1854 1113 1114
3 1854 1116 1113
3 1854 407 1117
3 1854 412 406
3 1854 1117 1116
3 1854 416 412
3 1854 1114 1126
3 1854 1162 416
3 1854 1126 1135
3 1854 406 407
3 1855 1153 1851
3 1855 1852 1143
3 1855 1851 1852
3 1856 1154 1155
3 1856 1155 1156
3 1856 1133 1853
3 1856 1134 1133
3 1856 1853 1154
3 1857 1850 1842
3 1857 1842 1141
3 1857 424 1850
3 1857 444 424
3 1858 1161 444
3 1858 1857 1141
3 1858 444 1857
3 1858 1140 1166
3 1858 1166 1161
3 1858 1141 1140
3 1859 434 439
3 1859 431 434
3 1859 1855 1143
3 1859 440 1153
3 1859 1143 1142
3 1859 439 440
3 1859 1153 1855
3 1859 1142 431
3 1860 1854 1135
3 1860 1162 1854
3 1861 1136 1132
3 1861 454 1152
3 1861 1152 1136
3 1861 1159 1157
3 1861 1157 454
3 1861 1132 1159
3 1862 458 459
3 1863 1166 1134
3 1863 1165 1166
3 1864 1863 1134
3 1864 1169 1174
3 1865 1860 1862
3 1865 1162 1860
3 1865 1183 1162
3 1866 1156 1171
3 1866 1856 1156
3 1866 473 1169
3 1866 1171 473
3 1866 1864 1134
3 1866 1169 1864
3 1866 1134 1856
3 1867 1165 1863
3 1867 1863 1864
3 1867 1864 1174
3 1867 1174 1165
3 1868 423 424
3 1868 1170 423
3 1869 424 443
3 1869 1868 424
3 1870 1865 1862
3 1870 1862 459
3 1870 1183 1865
3 1871 1178 1170
3 1871 1170 1868
3 1871 1869 443
3 1871 1868 1869
3 1871 462 1178
3 1871 443 462
3 1872 466 1164
3 1872 1163 1162
3 1872 1164 1163
3 1873 1162 1183
3 1873 1872 1162
3 1874 1183 1870
3 1874 1182 1183
3 1875 1870 459
3 1875 1874 1870
3 1875 1182 1874
3 1876 466 1872
3 1876 1873 1183
3 1876 1872 1873
3 1876 1183 1184
3 1877 1177 1190
3 1877 1182 1875
3 1877 459 1177
3 1877 1193 1182
3 1877 1190 1193
3 1877 1875 459
3 1878 455 450
3 1878 457 455
3 1878 1177 457
3 1878 449 1180
3 1878 1189 1177
3 1878 450 449
3 1879 1189 1878
3 1879 1878 1180
3 1880 479 464
3 1880 1876 1184
3 1880 464 466
3 1880 466 1876
3 1881 462 463
3 1881 1197 462
3 1881 1200 1197
3 1882 1881 463
3 1883 1202 1189
3 1883 1189 1879
3 1883 1884 1202
3 1885 1883 1879
3 1885 1884 1883
3 1885 1879 1180
3 1886 1880 1184
3 1886 1184 1182
3 1886 1182 1193
3 1886 1208 1205
3 1886 1193 1208
3 1886 1205 494
3 1887 1880 1886
3 1887 494 479
3 1887 479 1880
3 1887 1886 494
3 1888 1885 1180
3 1888 1180 1188
3 1888 1884 1885
3 1888 1188 1889
3 1890 1881 1882
3 1890 1200 1881
3 1890 1882 1195
3 1891 1221 1889
3 1891 1187 1185
3 1891 1188 1187
3 1891 1185 304
3 1891 1889 1188
3 1892 520 1209
3 1892 1209 1200
3 1892 1890 1195
3 1892 510 516
3 1892 1203 510
3 1892 516 520
3 1892 1195 1203
3 1892 1200 1890
3 1893 1207 1208
3 1893 1193 1191
3 1893 1208 1193
3 1894 1891 304
3 1895 1894 304
3 1896 1884 1888
3 1896 1888 1889
3 1896 1202 1884
3 1897 1221 1891
3 1897 1894 1895
3 1897 1220 1221
3 1897 1891 1894
3 1898 1191 1202
3 1898 1893 1191
3 1899 1895 304
3 1899 304 1230
3 1899 1220 1897
3 1899 1897 1895
3 1899 1228 1226
3 1899 1229 1228
3 1899 1230 1229
3 1899 1226 1220
3 1900 1901 1225
3 1900 1207 1893
3 1900 1225 1207
3 1902 1896 1889
3 1903 1900 1893
3 1903 1893 1898
3 1904 1221 1219
3 1904 1889 1221
3 1904 1902 1889
3 1905 1903 1898
3 1905 1898 1906
3 1907 1202 1896
3 1907 1898 1202
3 1907 1906 1898
3 1907 1896 1902
3 1907 1902 1253
3 1908 1903 1905
3 1908 1900 1903
3 1908 1901 1900
3 1908 1905 1906
3 1908 1909 1901
3 1910 1243 1253
3 1910 1253 1902
3 1910 1902 1904
3 1910 1219 1243
3 1910 1904 1219
3 1911 1906 1907
3 1911 1907 1253
3 1911 1909 1908
3 1911 1908 1906
3 1911 1253 1254
3 1912 1239 1225
3 1912 1225 1901
3 1913 1239 1912
3 1914 1912 1901
3 1914 1915 1913
3 1914 1913 1912
3 1916 1909 1917
3 1916 1901 1909
3 1916 1914 1901
3 1918 1917 1909
3 1918 1254 1271
3 1918 1271 1272
3 1918 1909 1911
3 1918 1911 1254
3 1918 1272 1917
3 1919 1252 1262
3 1919 1271 1254
3 1919 1254 1252
3 1919 1277 1271
3 1920 1259 561
3 1920 1264 1261
3 1920 1261 1259
3 1920 1278 1264
3 1921 1915 1914
3 1921 1914 1916
3 1922 1916 1917
3 1922 1917 1272
3 1922 1921 1916
3 1923 560 554
3 1923 554 570
3 1924 1920 561
3 1924 1278 1920
3 1925 561 556
3 1925 556 560
3 1925 560 1923
3 1926 1277 1919
3 1927 1926 1919
3 1927 1262 1269
3 1927 1919 1262
3 1928 1925 1289
3 1928 1290 1278
3 1928 1289 1290
3 1928 561 1925
3 1928 1278 1924
3 1928 1924 561
3 1929 1923 570
3 1929 1289 1925
3 1929 1925 1923
3 1930 587 591
3 1930 1284 1277
3 1930 1277 1926
3 1930 1927 1269
3 1930 1269 587
3 1930 591 592
3 1930 592 1284
3 1930 1926 1927
3 1931 572 1248
3 1931 1249 1246
3 1931 1248 1249
3 1931 1246 1265
3 1932 1929 570
3 1932 570 1279
3 1933 1934 1281
3 1933 1281 1268
3 1935 1265 1278
3 1935 1931 1265
3 1936 305 571
3 1936 572 1931
3 1936 571 572
3 1937 1272 1273
3 1937 1922 1272
3 1937 1273 1292
3 1938 1936 1931
3 1938 1931 1935
3 1939 1929 1932
3 1939 1932 1279
3 1940 1934 1933
3 1941 1940 1915
3 1942 1288 1289
3 1942 1929 1939
3 1942 1289 1929
3 1943 1939 1279
3 1943 1942 1939
3 1944 1308 1934
3 1944 1934 1940
3 1944 1941 1308
3 1944 1940 1941
3 1945 1279 1283
3 1946 1279 1945
3 1946 1943 1279
3 1947 1288 1942
3 1947 1942 1943
3 1947 1943 1946
3 1947 1948 1288
3 1949 1935 1278
3 1949 1936 1938
3 1949 1938 1935
3 1949 305 1936
3 1949 632 305
3 1950 1945 1283
3 1950 1946 1945
3 1950 1947 1946
3 1950 1948 1947
3 1951 1952 1292
3 1951 1308 1941
3 1951 1941 1952
3 1953 1278 1290
3 1953 1949 1278
3 1954 1283 1281
3 1954 1281 1934
3 1954 1950 1283
3 1954 1955 1950
3 1956 632 1949
3 1956 1949 1953
3 1957 1951 1292
3 1957 1308 1951
3 1957 1291 613
3 1957 1292 1291
3 1958 1290 1288
3 1958 1953 1290
3 1959 1954 1934
3 1959 1955 1954
3 1960 1953 1958
3 1960 632 1956
3 1960 1956 1953
3 1961 632 1960
3 1961 1958 1288
3 1961 1960 1958
3 1962 1934 1308
3 1962 1308 1309
3 1962 1959 1934
3 1963 1961 1288
3 1963 1948 1964
3 1963 1288 1948
3 1965 1294 308
3 1965 1300 1297
3 1965 1296 1294
3 1965 1297 1296
3 1965 1310 1300
3 1965 1966 1310
3 1967 1303 600
3 1967 1312 1303
3 1968 1955 1959
3 1968 1309 1314
3 1968 1959 1962
3 1968 1314 1317
3 1968 1962 1309
3 1968 1317 1318
3 1969 616 618
3 1969 618 626
3 1969 1307 1308
3 1969 1308 1957
3 1969 626 1307
3 1969 613 616
3 1969 1957 613
3 1970 1965 308
3 1970 1966 1965
3 1971 1948 1950
3 1971 1950 1955
3 1971 1964 1948
3 1972 1967 600
3 1972 1973 1312
3 1972 1312 1967
3 1974 1972 600
3 1974 602 1311
3 1974 600 602
3 1975 1976 630
3 1975 1963 1964
3 1975 1961 1963
3 1975 630 632
3 1975 1964 1976
3 1975 632 1961
3 1977 1323 1321
3 1977 308 1320
3 1977 1320 1323
3 1977 1970 308
3 1977 1966 1970
3 1977 1321 1966
3 1978 1979 1976
3 1978 1964 1971
3 1978 1976 1964
3 1980 1981 1979
3 1980 1971 1955
3 1980 1979 1978
3 1980 1978 1971
3 1982 1974 1311
3 1982 1973 1972
3 1982 1972 1974
3 1983 1955 1968
3 1983 1980 1955
3 1983 1968 1318
3 1983 1981 1980
3 1984 1319 1326
3 1984 1311 1319
3 1984 1326 1327
3 1984 1982 1311
3 1985 1327 1973
3 1985 1973 1982
3 1985 1984 1327
3 1985 1982 1984
3 1986 1320 307
3 1986 1324 1320
3 1987 586 584
3 1987 593 586
3 1987 584 1312
3 1988 1983 1318
3 1989 1326 1319
3 1989 1315 1310
3 1989 1310 1966
3 1989 1319 1315
3 1990 630 1976
3 1990 1976 1979
3 1991 1326 1989
3 1991 1989 1966
3 1992 1973 1327
3 1993 1312 1973
3 1993 1987 1312
3 1994 630 1990
3 1994 1990 1979
3 1995 1986 307
3 1995 1329 1324
3 1995 1996 1329
3 1995 1324 1986
3 1995 307 1336
3 1995 1336 1996
3 1997 1316 641
3 1997 1318 1316
3 1997 1998 1988
3 1997 1988 1318
3 1999 1973 1992
3 1999 1993 1973
3 2000 1981 1983
3 2000 1988 1998
3 2000 1983 1988
3 2000 2001 1981
3 2002 1321 1328
3 2002 1326 1991
3 2002 1991 1966
3 2002 1966 1321
3 2003 1993 1999
3 2004 1333 2003
3 2004 1992 1327
3 2004 1327 1325
3 2004 1325 1332
3 2004 1999 1992
3 2004 2003 1999
3 2004 1332 1333
3 2005 1979 1981
3 2005 1994 1979
3 2006 2000 1998
3 2006 2001 2000
3 2006 1998 1997
3 2007 1994 2005
3 2007 630 1994
3 2007 2005 1981
3 2008 2006 1997
3 2008 641 643
3 2008 1997 641
3 2008 643 2009
3 2010 1326 2002
3 2010 1328 1330
3 2010 2002 1328
3 2010 1335 1326
3 2011 630 2007
3 2011 2007 1981
3 2011 1359 633
3 2011 2001 1359
3 2011 633 630
3 2011 1981 2001
3 2012 2006 2008
3 2012 2001 2006
3 2013 1331 1322
3 2013 1322 1329
3 2013 2014 1331
3 2015 1335 2010
3 2015 1330 1331
3 2015 2010 1330
3 2015 1337 1335
3 2016 2001 2012
3 2016 1359 2001
3 2017 2013 1329
3 2017 2014 2013
3 2018 2008 2009
3 2018 1359 2016
3 2018 2016 2012
3 2018 2012 2008
3 2019 1996 1336
3 2020 1348 1344
3 2020 635 636
3 2020 624 621
3 2020 1344 635
3 2020 636 624
3 2021 2019 2022
3 2021 2014 2017
3 2023 1352 1359
3 2023 1351 1352
3 2023 2018 2009
3 2023 1359 2018
3 2023 2009 1353
3 2023 1353 1351
3 2024 1337 2015
3 2024 2015 1331
3 2024 1349 1337
3 2025 1348 2020
3 2026 2019 1336
3 2026 2022 2019
3 2027 1349 2024
3 2027 2024 1331
3 2028 1350 1353
3 2028 643 642
3 2028 654 655
3 2028 640 637
3 2028 642 640
3 2028 655 1350
3 2028 1353 2009
3 2028 637 1345
3 2028 1345 654
3 2028 2009 643
3 2029 1365 1366
3 2029 1366 1349
3 2029 1349 2027
3 2029 2014 1365
3 2029 2027 1331
3 2029 1331 2014
3 2030 1336 1355
3 2030 1355 1356
3 2030 2026 1336
3 2030 1356 1371
3 2031 2022 2026
3 2031 2030 1371
3 2031 2026 2030
3 2032 1348 2025
3 2032 1376 1348
3 2032 2025 2033
3 2034 1372 1365
3 2034 2021 2022
3 2034 2014 2021
3 2034 1365 2014
3 2035 2033 2036
3 2035 2032 2033
3 2037 656 1347
3 2037 1347 1348
3 2038 2037 1348
3 2038 1348 1376
3 2039 1376 2032
3 2039 1368 1376
3 2039 2032 2035
3 2040 1368 2039
3 2040 2039 2035
3 2040 1363 1367
3 2040 1367 1368
3 2040 2035 2036
3 2040 2036 1363
3 2041 1372 2034
3 2041 2034 2022
3 2042 2037 2038
3 2042 2038 1376
3 2042 1375 656
3 2042 656 2037
3 2042 1376 1375
3 2043 2022 2031
3 2043 2031 1371
3 2044 1354 1357
3 2044 1370 1354
3 2044 1379 1370
3 2045 1372 2041
3 2045 2022 2043
3 2045 2041 2022
3 2045 2043 2046
3 2047 2046 2043
3 2047 2043 1371
3 2048 1379 2044
3 2048 2044 1357
3 2049 1377 1360
3 2049 1360 1361
3 2050 1371 1370
3 2050 2047 1371
3 2050 1370 1380
3 2051 1349 1366
3 2051 1361 1349
3 2052 1379 2048
3 2052 2048 1357
3 2052 1385 1379
3 2052 1357 1385
3 2053 649 1339
3 2053 648 649
3 2053 651 648
3 2053 1339 1373
3 2053 1387 1374
3 2053 1374 651
3 2054 2051 1366
3 2054 1366 1364
3 2055 2050 1380
3 2055 2046 2047
3 2055 2047 2050
3 2056 2051 2054
3 2057 2053 1373
3 2057 1387 2053
3 2058 2059 2056
3 2058 2056 2054
3 2060 2054 1364
3 2060 1372 1389
3 2060 2058 2054
3 2060 1364 1372
3 2061 2057 1373
3 2061 1387 2057
3 2061 1373 1390
3 2062 1372 2045
3 2062 2045 2046
3 2062 1388 1372
3 2062 2046 1404
3 2063 1403 1404
3 2063 2046 2055
3 2063 1404 2046
3 2064 2065 1403
3 2064 1403 2063
3 2064 2063 2055
3 2064 2055 1380
3 2066 2059 2058
3 2066 2058 2060
3 2067 2065 2064
3 2067 2064 1380
3 2067 1380 1379
3 2067 1379 1384
3 2067 1384 2068
3 2069 1393 1383
3 2069 1381 1369
3 2069 1383 1381
3 2069 2070 1393
3 2071 1389 1392
3 2071 1392 1396
3 2071 2060 1389
3 2071 2066 2060
3 2072 1390 1378
3 2072 1408 1390
3 2072 1378 1377
3 2073 2071 1396
3 2073 2059 2066
3 2073 2066 2071
3 2074 1391 2075
3 2074 1385 1391
3 2074 1384 1385
3 2074 2068 1384
3 2076 2069 1369
3 2076 1410 2070
3 2076 2070 2069
3 2077 1369 1386
3 2077 1399 1400
3 2078 1387 2061
3 2078 2061 1390
3 2079 1399 2077
3 2079 2078 1414
3 2079 1387 2078
3 2079 1414 1399
3 2079 1386 1387
3 2079 2077 1386
3 2080 2077 1400
3 2080 1369 2077
3 2080 1400 1410
3 2080 2076 1369
3 2080 1410 2076
3 2081 2078 1390
3 2081 1414 2078
3 2082 2083 2059
3 2084 2072 2083
3 2084 2083 2082
3 2084 1407 1408
3 2084 1408 2072
3 2085 2062 1404
3 2085 1404 1402
3 2085 1409 1388
3 2085 1412 1409
3 2085 1402 1412
3 2085 1388 2062
3 2086 1390 1408
3 2086 1414 2081
3 2086 1408 1406
3 2086 2081 1390
3 2087 2075 1391
3 2087 309 2088
3 2087 1391 309
3 2089 1403 2065
3 2089 1402 1403
3 2089 2090 1402
3 2091 2073 1396
3 2091 2059 2073
3 2092 2089 2065
3 2093 2059 2091
3 2094 2084 2082
3 2094 1407 2084
3 2095 2059 2093
3 2095 2082 2059
3 2095 2094 2082
3 2096 2097 2090
3 2096 2090 2089
3 2096 2089 2092
3 2096 2092 2097
3 2098 2099 2075
3 2098 2100 2099
3 2098 2075 2087
3 2101 2092 2065
3 2101 2097 2092
3 2102 1398 1397
3 2102 1405 1398
3 2102 631 1405
3 2102 1397 1393
3 2102 1393 2070
3 2103 2093 2091
3 2103 2105 2104
3 2106 2091 1396
3 2106 2103 2091
3 2106 2105 2103
3 2107 2104 2108
3 2107 2094 2095
3 2107 2095 2093
3 2107 2093 2103
3 2107 2103 2104
3 2109 2098 2087
3 2109 2087 2088
3 2109 2100 2098
3 2110 1414 2086
3 2110 2086 1406
3 2110 1415 1414
3 2111 2102 2070
3 2111 631 2102
3 2112 2113 672
3 2112 1411 2113
3 2112 672 2114
3 2112 1409 1411
3 2115 1396 1409
3 2115 2112 2114
3 2115 1409 2112
3 2116 2117 2068
3 2118 2106 1396
3 2118 1396 2115
3 2118 2115 2114
3 2118 2105 2106
3 2119 2113 1411
3 2119 1412 1402
3 2119 1402 2090
3 2119 1411 1412
3 2120 2111 2070
3 2120 1410 1418
3 2120 1416 631
3 2120 1418 1416
3 2120 2070 1410
3 2120 631 2111
3 2121 2117 2122
3 2121 2097 2101
3 2123 2113 2119
3 2123 2119 2090
3 2124 2109 2088
3 2125 2109 2124
3 2125 1423 2126
3 2125 2126 2100
3 2125 2100 2109
3 2125 2124 1423
3 2127 1415 2110
3 2128 2116 2099
3 2129 2113 2123
3 2129 2123 2090
3 2129 2097 1425
3 2129 2090 2097
3 2129 1425 1426
3 2130 2124 2088
3 2130 1422 1423
3 2130 2088 309
3 2130 309 1422
3 2130 1423 2124
3 2131 2099 2100
3 2132 2099 2131
3 2132 2128 2099
3 2132 2133 2128
3 2134 2105 2118
3 2134 1429 2105
3 2134 2118 2114
3 2135 2108 2104
3 2135 2105 1429
3 2135 2104 2105
3 2135 2136 2108
3 2137 1401 1413
3 2137 1413 1415
3 2138 1418 1410
3 2138 1417 1418
3 2138 1401 2137
3 2138 2139 1417
3 2138 2137 2139
3 2138 1410 1401
3 2140 2134 2114
3 2141 2131 2100
3 2141 2133 2132
3 2141 2132 2131
3 2142 672 673
3 2142 2114 672
3 2142 2140 2114
3 2142 673 1419
3 2143 2137 1415
3 2143 2139 2137
3 2144 1415 2127
3 2145 2141 2100
3 2145 2100 2126
3 2145 2133 2141
3 2146 1429 2134
3 2146 1419 1429
3 2146 2134 2140
3 2146 2140 2142
3 2146 2142 1419
3 2147 2108 2136
3 2147 2148 2108
3 2149 2148 2147
3 2149 2144 2127
3 2149 2127 2148
3 2149 2150 2144
3 2151 2143 1415
3 2151 1415 2144
3 2151 2139 2143
3 2151 2144 2150
3 2152 671 672
3 2152 672 2113
3 2152 2129 1426
3 2152 2113 2129
3 2153 1424 1425
3 2154 2153 2122
3 2154 2122 1433
3 2154 1433 1434
3 2155 311 1416
3 2155 1416 1417
3 2156 2150 2149
3 2156 2149 2147
3 2157 1439 1440
3 2157 2147 2136
3 2157 1440 2156
3 2157 2156 2147
3 2158 1431 1424
3 2158 1424 2153
3 2158 1434 1431
3 2158 2153 2154
3 2158 2154 1434
3 2159 1439 2157
3 2159 2135 1429
3 2159 2136 2135
3 2159 1429 1428
3 2159 1441 1439
3 2159 1428 1441
3 2159 2157 2136
3 2160 2139 2161
3 2160 1417 2139
3 2160 2155 1417
3 2162 2145 2126
3 2162 2133 2145
3 2163 671 2152
3 2163 2152 1426
3 2164 2126 1423
3 2165 2166 2133
3 2167 2166 2165
3 2167 1432 1433
3 2167 1433 2166
3 2168 2169 2162
3 2168 2126 2164
3 2168 2162 2126
3 2170 2163 1426
3 2170 682 2171
3 2170 1430 682
3 2170 1426 1430
3 2172 1423 1421
3 2172 2164 1423
3 2173 1445 311
3 2173 2161 1445
3 2173 311 2155
3 2173 2160 2161
3 2173 2155 2160
3 2174 2171 671
3 2174 2170 2171
3 2174 2163 2170
3 2174 671 2163
3 2175 2151 2150
3 2175 2161 2139
3 2175 2139 2151
3 2176 2162 2169
3 2176 2167 2165
3 2176 1432 2167
3 2176 2133 2162
3 2176 2169 1432
3 2176 2165 2133
3 2177 2164 2172
3 2178 1419 1420
3 2178 1428 1419
3 2178 1441 1428
3 2178 2179 1441
3 2180 2168 2164
3 2180 2177 1451
3 2180 2164 2177
3 2181 2178 1420
3 2181 2179 2178
3 2182 1451 2177
3 2182 2177 2172
3 2182 2172 1421
3 2183 1445 2161
3 2183 2161 2175
3 2184 1451 2182
3 2184 2182 1421
3 2184 1421 1437
3 2184 1437 1442
3 2184 1442 1451
3 2185 673 671
3 2185 1420 673
3 2185 1447 1420
3 2185 1449 1447
3 2186 681 1435
3 2186 1435 1434
3 2186 1434 1432
3 2187 1447 1448
3 2187 2188 2179
3 2187 2179 2181
3 2187 2181 1420
3 2187 1420 1447
3 2187 1448 2188
3 2189 2175 2150
3 2189 2183 2175
3 2189 1445 2183
3 2190 2150 2156
3 2190 2156 1440
3 2191 2171 682
3 2192 2171 2191
3 2192 671 2171
3 2192 2185 671
3 2192 1449 2185
3 2193 681 2186
3 2193 2186 1432
3 2194 2195 2169
3 2194 2169 2168
3 2194 2168 2180
3 2196 2192 2191
3 2196 2191 682
3 2197 1440 1438
3 2198 2190 1440
3 2198 1440 2197
3 2199 2180 1451
3 2199 2194 2180
3 2200 2150 2190
3 2200 2189 2150
3 2200 1471 1472
3 2200 1445 2189
3 2200 1472 1445
3 2201 2202 1438
3 2201 1441 2179
3 2201 1438 1441
3 2203 2169 2195
3 2203 1432 2169
3 2204 1452 1449
3 2204 2205 1452
3 2204 1449 2192
3 2204 2192 2196
3 2206 1432 2203
3 2206 2193 1432
3 2207 2204 2196
3 2207 2205 2204
3 2207 2196 682
3 2208 2206 2209
3 2208 2193 2206
3 2208 681 2193
3 2210 2201 2179
3 2210 2202 2201
3 2211 2195 2194
3 2211 1467 2195
3 2211 2194 2199
3 2212 2179 2188
3 2212 2210 2179
3 2213 1470 2198
3 2213 2198 2197
3 2214 2211 2199
3 2214 2199 1451
3 2214 1467 2211
3 2215 2213 2197
3 2215 1438 2202
3 2215 2197 1438
3 2216 2207 682
3 2216 2205 2207
3 2216 682 680
3 2216 680 2217
3 2218 2202 2210
3 2218 2212 2188
3 2218 2210 2212
3 2219 2214 1451
3 2219 1467 2214
3 2219 1458 1463
3 2219 1464 1467
3 2219 1463 1464
3 2219 1451 1458
3 2220 2209 2206
3 2220 2206 2203
3 2220 2203 2195
3 2221 2195 1467
3 2221 2220 2195
3 2222 1470 2213
3 2222 2213 2215
3 2223 674 1444
3 2223 1444 1457
3 2223 678 674
3 2224 1446 1452
3 2225 2220 2221
3 2226 2218 2188
3 2226 2202 2218
3 2227 1479 1470
3 2227 1470 2222
3 2228 2209 2220
3 2228 2220 2225
3 2228 2229 2209
3 2230 693 2231
3 2230 2231 2224
3 2232 2221 1467
3 2232 2225 2221
3 2232 2228 2225
3 2232 2229 2228
3 2233 2215 2202
3 2233 2222 2215
3 2233 2227 2222
3 2234 2226 2188
3 2234 693 694
3 2235 1475 1476
3 2235 1476 693
3 2235 1452 2205
3 2235 2224 1452
3 2235 693 2230
3 2235 2230 2224
3 2235 2205 1475
3 2236 2205 2216
3 2236 2216 2217
3 2236 1475 2205
3 2237 678 2223
3 2237 683 678
3 2238 2233 2202
3 2239 1479 2227
3 2239 2227 2233
3 2239 2238 1478
3 2239 2233 2238
3 2239 1478 1479
3 2240 2237 2223
3 2241 1474 1475
3 2241 1475 2236
3 2242 2241 2236
3 2242 2236 2217
3 2243 2209 2229
3 2244 218 219
3 2244 219 220
3 2244 220 221
3 2244 1459 218
3 2244 1457 1459
3 2245 221 222
3 2245 2244 221
3 2246 2247 2243
3 2246 2229 2248
3 2246 2243 2229
3 2246 2249 2247
3 2246 2248 2249
3 2250 1470 1479
3 2250 1469 1468
3 2250 1468 1470
3 2251 2242 2217
3 2252 2248 2229
3 2253 2241 2242
3 2253 2242 2251
3 2253 2251 1484
3 2253 2254 1474
3 2253 1484 2254
3 2253 1474 2241
3 2255 2250 1479
3 2255 1469 2250
3 2256 1477 1469
3 2256 1479 1477
3 2256 2255 1479
3 2256 1469 2255
3 2257 1484 2251
3 2257 1483 1484
3 2258 693 1476
3 2258 1476 1474
3 2258 1474 2254
3 2258 692 693
3 2259 1490 2260
3 2259 694 1485
3 2259 1485 1490
3 2261 2252 2262
3 2261 2248 2252
3 2263 691 1487
3 2263 1487 1488
3 2263 2262 691
3 2263 1488 2261
3 2263 2261 2262
3 2264 1478 2260
3 2264 1477 1478
3 2264 1481 1477
3 2264 2260 1490
3 2264 1491 1481
3 2264 1490 1491
3 2265 684 687
3 2266 2248 2261
3 2266 2261 1488
3 2267 2248 2266
3 2267 2249 2248
3 2268 688 684
3 2268 684 2265
3 2269 1487 691
3 2269 1486 1487
3 2269 1492 1486
3 2269 691 690
3 2270 2258 2254
3 2270 692 2258
3 2271 1493 2272
3 2271 2272 2267
3 2271 1488 1486
3 2271 1486 1493
3 2271 2266 1488
3 2271 2267 2266
3 2273 2254 1484
3 2274 1492 2269
3 2274 2269 690
3 2275 1485 692
3 2275 1494 1485
3 2276 2275 692
3 2277 2254 2273
3 2277 2270 2254
3 2277 2278 2270
3 2279 2273 1484
3 2279 1484 1482
3 2280 2273 2279
3 2281 225 226
3 2282 2274 690
3 2283 2278 1494
3 2283 692 2270
3 2283 2270 2278
3 2283 1494 2275
3 2283 2276 692
3 2283 2275 2276
3 2284 2274 2282
3 2284 2285 1492
3 2284 1492 2274
3 2286 2287 2285
3 2286 2284 2282
3 2286 2285 2284
3 2288 2280 2289
3 2288 2273 2280
3 2288 2278 2277
3 2288 2277 2273
3 2290 2280 2279
3 2290 2289 2280
3 2290 2279 1482
3 2291 1491 1489
3 2292 2289 2290
3 2292 2290 1482
3 2292 1497 1495
3 2292 1495 2289
3 2293 2291 1489
3 2293 1489 1494
3 2294 226 227
3 2294 227 228
3 2294 2281 226
3 2294 228 1498
3 2295 1493 1492
3 2296 2291 2293
3 2297 696 2272
3 2297 2272 1493
3 2297 695 696
3 2297 1493 2295
3 2298 313 1481
3 2298 1491 2291
3 2298 2291 2296
3 2298 1481 1491
3 2299 2295 1492
3 2299 2297 2295
3 2299 695 2297
3 2300 2293 1494
3 2300 2296 2293
3 2301 2302 313
3 2301 2300 2302
3 2301 2298 2296
3 2301 2296 2300
3 2301 313 2298
3 2303 1494 2278
3 2303 2300 1494
3 2303 2278 1506
3 2304 1502 1503
3 2304 2299 1492
3 2304 1492 2285
3 2304 695 2299
3 2304 2285 1502
3 2305 1505 1506
3 2305 2278 2288
3 2305 1506 2278
3 2306 2302 2300
3 2306 2300 2303
3 2307 2285 2287
3 2307 229 230
3 2307 230 231
3 2307 2287 1498
3 2307 231 1501
3 2307 1498 229
3 2307 1501 1502
3 2307 1502 2285
3 2308 1505 2305
3 2308 2305 2288
3 2308 2288 2289
3 2309 1508 1509
3 2309 2289 1508
3 2309 2308 2289
3 2309 1505 2308
3 2310 313 2302
3 2310 1506 1504
3 2310 2302 2306
3 2310 2303 1506
3 2310 2306 2303
3 2310 1504 313
3 2311 2312 1510
3 2311 1500 2312
3 2311 1508 2289
3 2311 2289 1495
3 2311 1510 1508
3 2311 1495 1500
3 2313 701 698
3 2313 2304 1503
3 2313 695 2304
3 2313 698 695
3 2314 2312 1500
3 2314 2315 2312
3 2314 700 702
3 2314 1499 700
3 2314 1500 1499
3 2316 2314 702
3 2316 2315 2314
3 2317 2313 1503
3 2318 704 705
3 2318 1509 1507
3 2318 1507 704
3 2318 705 708
3 2318 708 710
3 2318 710 1511
3 2318 1511 1505
3 2318 2309 1509
3 2318 1505 2309
3 2319 2320 2315
3 2319 2316 702
3 2319 2315 2316
3 2321 232 233
3 2321 233 234
3 2321 1503 1501
3 2321 2317 1503
3 2321 1501 232
3 2322 1510 2312
3 2322 2312 2315
3 2322 706 1510
3 2323 2320 2319
3 2324 2322 2315
3 2324 706 2322
3 2325 706 2324
3 2325 2324 2315
3 2325 2315 2320
3 2325 2320 2326
3 2327 236 237
3 2327 237 238
3 2328 239 240
3 2328 240 241
3 2328 2326 239
3 2329 709 707
3 2329 1513 709
3 2329 1515 1513
3 2330 243 1517
3 2330 242 243
3 2330 1515 2329
3 2330 1517 1515
3 2331 718 716
3 2331 1528 718
3 2331 716 1522
3 2331 1522 1521
3 2332 2331 1521
3 2332 1521 1527
3 2332 1528 2331
3 2333 1537 1531
3 2333 1530 1528
3 2333 1528 2332
3 2333 2332 1527
3 2333 1527 1537
3 2333 1531 1530
3 2334 1525 717
3 2334 717 722
3 2334 1526 1525
3 2334 1529 1526
3 2334 1534 1529
3 2334 722 1534
3 2335 272 273
3 2335 273 274
3 2335 274 1529
3 2336 1536 1537
3 2336 1537 1527
3 2337 297 723
3 2337 2336 1527
3 2337 1527 297
3 2338 2335 1529
3 2338 1529 1534
3 2339 727 1539
3 2339 2336 2337
3 2339 2337 723
3 2339 1536 2336
3 2339 1539 1536
3 2339 723 727
3 2340 1535 1543
3 2340 2338 1534
3 2340 1534 1535
3 2341 1550 265
3 2341 265 266
3 2341 266 267
3 2341 267 268
3 2342 729 725
3 2342 726 740
3 2342 740 1558
3 2342 1553 729
3 2342 1558 1553
3 2342 725 726
3 2343 1567 1557
3 2343 1557 1550
3 2343 1550 2344
3 2343 2344 1549
3 2345 2343 1549
3 2346 1583 1581
3 2346 1573 1583
3 2346 2345 1549
3 2347 1549 1542
3 2347 1542 1566
3 2347 1573 2346
3 2347 2346 1549
3 2347 1566 1573
3 2348 2346 1581
3 2348 1567 2343
3 2348 2345 2346
3 2348 1581 1567
3 2348 2343 2345
3 2349 262 1563
3 2349 261 262
3 2349 1585 261
3 2350 1589 1584
3 2350 1571 1555
3 2350 1584 1571
3 2350 1555 1568
3 2351 1579 1593
3 2351 1563 1579
3 2351 2349 1563
3 2352 1585 2349
3 2352 1593 1585
3 2352 2349 2351
3 2352 2351 1593
3 2353 1589 2350
3 2353 2350 1568
3 2354 1569 1600
3 2354 1614 1589
3 2354 1589 2353
3 2354 1600 1614
3 2354 1568 1569
3 2354 2353 1568
3 2355 1605 1597
3 2355 1590 1588
3 2355 1597 1590
3 2355 1617 1605
3 2355 2356 1617
3 2357 2355 1588
3 2357 2356 2355
3 2358 1588 1623
3 2358 2356 2357
3 2358 1633 2356
3 2358 1623 1633
3 2358 2357 1588
3 2359 791 760
3 2359 794 791
3 2359 760 1608
3 2359 1612 794
3 2359 1608 1612
3 2360 1616 1619
3 2360 288 254
3 2360 298 1616
3 2360 1629 787
3 2360 254 298
3 2360 289 288
3 2360 787 289
3 2360 1619 1629
3 2361 1627 1617
3 2361 1617 2356
3 2362 1631 1627
3 2362 2361 818
3 2362 786 1631
3 2362 818 802
3 2362 1627 2361
3 2362 799 786
3 2362 802 799
3 2363 818 2361
3 2363 2361 2356
3 2364 2363 2356
3 2364 818 2363
3 2364 2356 1633
3 2364 1647 1654
3 2364 1633 1647
3 2364 1656 818
3 2364 1654 1656
3 2365 1666 1652
3 2365 1645 1640
3 2365 2366 1666
3 2365 1652 1645
3 2367 1644 824
3 2367 1640 1644
3 2368 2365 1640
3 2368 1640 2367
3 2369 2367 824
3 2369 824 823
3 2370 2368 1678
3 2370 2366 2365
3 2370 2365 2368
3 2370 1678 2366
3 2371 1678 2368
3 2371 2368 2367
3 2371 2367 2369
3 2372 2371 2369
3 2372 1678 2371
3 2373 854 1650
3 2373 1649 1666
3 2373 853 854
3 2373 1648 1649
3 2373 1650 1648
3 2374 839 847
3 2374 908 1678
3 2374 847 908
3 2374 2369 823
3 2374 1678 2372
3 2374 823 839
3 2374 2372 2369
3 2375 2373 1666
3 2376 865 853
3 2376 853 2373
3 2376 2373 2375
3 2377 2375 1666
3 2377 1666 2366
3 2378 2375 2377
3 2379 879 865
3 2379 865 2376
3 2379 2376 2375
3 2379 2375 2378
3 2380 1678 1676
3 2380 1676 879
3 2380 2366 1678
3 2380 879 2379
3 2380 2377 2366
3 2380 2378 2377
3 2380 2379 2378
3 2381 936 1710
3 2382 937 936
3 2382 936 2381
3 2382 1734 937
3 2383 2381 1710
3 2383 1734 2382
3 2383 2382 2381
3 2384 1741 1734
3 2384 1725 1741
3 2384 1710 1714
3 2384 2383 1710
3 2384 1714 1724
3 2384 1724 1725
3 2384 1734 2383
3 2385 1736 1739
3 2385 1752 1732
3 2385 1015 1752
3 2385 1739 1746
3 2385 1732 1736
3 2386 2385 1746
3 2387 2386 1746
3 2387 348 1011
3 2387 1746 1027
3 2387 1027 348
3 2388 2385 2386
3 2388 1011 1015
3 2388 1015 2385
3 2388 2386 2387
3 2388 2387 1011
3 2389 1782 1762
3 2389 1789 1782
3 2389 1762 1767
3 2389 1767 1772
3 2390 2389 1772
3 2390 1795 1789
3 2390 1789 2389
3 2391 2390 1772
3 2391 1795 2390
3 2391 1772 356
3 2391 356 362
3 2391 369 1795
3 2391 362 369
3 2392 343 1773
3 2392 1773 1779
3 2392 1779 1781
3 2392 346 343
3 2392 1043 346
3 2392 1781 1797
3 2392 1797 1054
3 2392 1054 1043
3 2393 1024 1023
3 2393 1023 1786
3 2393 1786 1792
3 2393 1792 1793
3 2393 1047 1039
3 2393 1793 1047
3 2393 1039 1024
3 2394 1131 1143
3 2394 1143 1852
3 2394 395 396
3 2394 396 1131
3 2395 1862 1860
3 2395 451 456
3 2395 1139 437
3 2395 1860 1135
3 2395 1135 1139
3 2395 442 451
3 2395 458 1862
3 2395 437 442
3 2395 456 458
3 2396 1882 463
3 2396 463 1173
3 2396 1173 1195
3 2396 1195 1882
3 2397 1224 1240
3 2397 1266 1224
3 2397 1933 1268
3 2397 1268 1266
3 2398 2397 1240
3 2398 1240 1239
3 2398 1933 2397
3 2399 1933 2398
3 2399 2398 1239
3 2399 1940 1933
3 2399 1915 1940
3 2399 1913 1915
3 2399 1239 1913
3 2400 1292 1952
3 2400 1922 1937
3 2400 1937 1292
3 2400 1941 1915
3 2400 1952 1941
3 2400 1915 1921
3 2400 1921 1922
3 2401 646 1341
3 2401 2003 1333
3 2401 1333 646
3 2401 1987 1993
3 2401 1993 2003
3 2402 2025 2020
3 2402 621 629
3 2402 2020 621
3 2403 2017 1329
3 2403 1996 2019
3 2403 1329 1996
3 2403 2021 2017
3 2403 2019 2021
3 2404 2025 2402
3 2405 2025 2404
3 2405 2036 2033
3 2405 2033 2025
3 2406 650 652
3 2406 2036 2405
3 2406 1340 650
3 2406 1363 2036
3 2406 652 1363
3 2407 2049 1361
3 2407 1361 2051
3 2407 1377 2049
3 2407 2072 1377
3 2408 2072 2407
3 2408 2407 2051
3 2409 2059 2083
3 2409 2083 2072
3 2409 2072 2408
3 2409 2056 2059
3 2409 2051 2056
3 2409 2408 2051
3 2410 2121 2101
3 2410 2101 2065
3 2410 2117 2121
3 2410 2065 2067
3 2410 2067 2068
3 2410 2068 2117
3 2411 2074 2075
3 2411 2075 2099
3 2411 2099 2116
3 2411 2116 2068
3 2411 2068 2074
3 2412 2127 2110
3 2412 1406 1407
3 2412 2110 1406
3 2412 2148 2127
3 2413 2107 2108
3 2413 2094 2107
3 2413 2148 2412
3 2413 2412 1407
3 2413 1407 2094
3 2413 2108 2148
3 2414 2122 2153
3 2414 1425 2097
3 2414 2121 2122
3 2414 2153 1425
3 2414 2097 2121
3 2415 2122 2117
3 2415 2116 2128
3 2415 2117 2116
3 2416 2133 2166
3 2416 2128 2133
3 2416 1433 2122
3 2416 2415 2128
3 2416 2122 2415
3 2416 2166 1433
3 2417 1470 1471
3 2417 2200 2190
3 2417 2198 1470
3 2417 2190 2198
3 2417 1471 2200
3 2418 2234 2188
3 2418 2188 1448
3 2419 693 2234
3 2419 2231 693
3 2419 1446 2224
3 2419 2224 2231
3 2419 2234 2418
3 2419 2418 1448
3 2419 1448 1446
3 2420 2240 2223
3 2420 1457 2244
3 2420 2244 2245
3 2420 2245 2240
3 2420 2223 1457
3 2421 1467 1466
3 2421 691 2262
3 2421 2252 2229
3 2421 2262 2252
3 2421 689 691
3 2421 1466 689
3 2421 2232 1467
3 2421 2229 2232
3 2422 2423 1473
3 2422 1460 683
3 2422 683 2237
3 2422 1473 1460
3 2424 2260 1478
3 2424 2202 2226
3 2424 1478 2238
3 2424 2238 2202
3 2425 2259 2260
3 2425 694 2259
3 2425 2424 2226
3 2425 2260 2424
3 2425 2226 2234
3 2425 2234 694
3 2426 2251 2217
3 2426 2257 2251
3 2427 2423 2422
3 2427 2422 2237
3 2428 2423 2427
3 2428 2427 2237
3 2428 2237 2240
3 2429 2257 2426
3 2429 1483 2257
3 2430 222 223
3 2430 2428 2240
3 2430 2240 2245
3 2430 2245 222
3 2430 1480 2423
3 2430 2423 2428
3 2430 223 1480
3 2431 2247 2249
3 2431 1483 2429
3 2431 2249 1483
3 2432 1473 2423
3 2432 2265 687
3 2432 687 1465
3 2432 1465 1473
3 2433 2423 1480
3 2433 2432 2423
3 2433 2265 2432
3 2434 2249 2267
3 2434 1483 2249
3 2434 1482 1483
3 2435 2265 2433
3 2435 2433 1480
3 2435 1480 225
3 2435 2281 2436
3 2435 2268 2265
3 2435 225 2281
3 2435 2436 2268
3 2437 2434 2267
3 2437 1482 2434
3 2438 2272 696
3 2438 2267 2272
3 2438 2437 2267
3 2438 696 697
3 2439 2282 690
3 2439 2286 2282
3 2439 688 2268
3 2439 690 688
3 2440 2439 2268
3 2440 2268 2436
3 2441 2439 2440
3 2441 2287 2286
3 2441 2286 2439
3 2442 2294 1498
3 2442 2281 2294
3 2442 2287 2441
3 2442 2440 2436
3 2442 2441 2440
3 2442 1498 2287
3 2442 2436 2281
3 2443 2323 2319
3 2443 2319 702
3 2443 701 2313
3 2443 702 701
3 2443 2313 2317
3 2443 2317 2323
3 2444 2321 234
3 2444 2445 2323
3 2444 2317 2321
3 2444 234 235
3 2444 235 236
3 2444 236 2327
3 2444 2323 2317
3 2444 2327 2445
3 2446 2323 2445
3 2446 2320 2323
3 2446 2327 238
3 2446 238 239
3 2446 239 2326
3 2446 2326 2320
3 2446 2445 2327
3 2447 706 2325
3 2447 2325 2326
3 2447 703 706
3 2447 707 703
3 2447 2329 707
3 2448 2329 2447
3 2448 2447 2326
3 2449 2326 2328
3 2449 2448 2326
3 2450 2329 2448
3 2450 2449 2328
3 2450 2448 2449
3 2451 2330 2329
3 2451 2329 2450
3 2452 241 242
3 2452 2328 241
3 2452 242 2330
3 2452 2450 2328
3 2452 2330 2451
3 2452 2451 2450
3 2453 270 271
3 2453 271 272
3 2453 272 2335
3 2454 2453 2335
3 2454 2335 2338
3 2454 2338 2340
3 2454 2340 1543
3 2454 1543 1541
3 2455 1541 1548
3 2455 1548 1549
3 2455 1549 2344
3 2456 1133 395
3 2456 395 2394
3 2457 1852 1853
3 2457 2394 1852
3 2457 1853 1133
3 2457 2456 2394
3 2457 1133 2456
3 2458 608 614
3 2459 608 2458
3 2460 2459 2458
3 2461 2458 2401
3 2461 2401 1341
3 2461 2460 2458
3 2462 2460 2461
3 2463 2461 1341
3 2463 2462 2461
3 2463 2405 2462
3 2463 1340 2406
3 2463 2406 2405
3 2463 1341 1340
3 2464 2217 680
3 2464 2426 2217
3 2465 2429 2426
3 2465 2426 2464
3 2466 2209 2243
3 2466 2243 2247
3 2466 2429 2465
3 2466 2247 2431
3 2466 2465 2209
3 2466 2431 2429
3 2467 697 699
3 2467 699 700
3 2467 700 1496
3 2467 1496 1497
3 2467 2292 1482
3 2467 1497 2292
3 2467 1482 2437
3 2467 2437 2438
3 2467 2438 697
3 2468 2453 2454
3 2469 2453 2468
3 2469 269 270
3 2469 270 2453
3 2470 2469 2468
3 2470 2468 2454
3 2470 1541 2455
3 2470 2454 1541
3 2471 614 593
3 2471 1987 2401
3 2471 2458 614
3 2471 593 1987
3 2471 2401 2458
3 2472 608 2459
3 2472 629 608
3 2472 2402 629
3 2473 2472 2459
3 2474 2473 2459
3 2475 2404 2402
3 2475 2472 2473
3 2475 2473 2474
3 2475 2474 2404
3 2475 2402 2472
3 2476 2460 2462
3 2476 2462 2405
3 2476 2405 2404
3 2476 2474 2459
3 2476 2404 2474
3 2476 2459 2460
3 2477 2208 2209
3 2477 2464 680
3 2477 681 2208
3 2477 2209 2465
3 2477 2465 2464
3 2477 680 681
3 2478 268 269
3 2478 2341 268
3 2478 269 2469
3 2479 1550 2341
3 2479 2341 2478
3 2479 2344 1550
3 2480 2469 2470
3 2480 2470 2455
3 2480 2479 2478
3 2480 2344 2479
3 2480 2455 2344
3 2480 2478 2469
3 2489 2490 2497
3 2488 2497 2496
3 2488 2489 2497
3 2487 2496 2495
3 2487 2488 2496
3 2486 2495 2494
3 2486 2487 2495
3 2485 2494 2493
3 2485 2486 2494
3 2484 2492 2491
3 2484 2493 2492
3 2484 2485 2493
3 2483 2491 2481
3 2483 2484 2491
3 2482 2483 2481
3 2506 2507 2508
3 2506 2508 2514
3 2505 2506 2514
3 2504 2514 2513
3 2504 2505 2514
3 2503 2504 2513
3 2502 2513 2512
3 2502 2503 2513
3 2501 2512 2511
3 2501 2502 2512
3 2500 2510 2509
3 2500 2511 2510
3 2500 2501 2511
3 2499 2509 2498
3 2499 2500 2509
3 2523 2524 2530
3 2522 2529 2528
3 2522 2530 2529
3 2522 2523 2530
3 2521 2528 2527
3 2521 2522 2528
3 2520 2527 2526
3 2520 2521 2527
3 2519 2526 2525
3 2519 2520 2526
3 2518 2519 2525
3 2517 2525 2515
3 2517 2518 2525
3 2516 2517 2515
3 2547 2545 2546
3 2561 2532 2531
3 2561 2531 2539
3 2562 2533 2532
3 2562 2532 2561
3 2563 2539 2540
3 2563 2561 2539
3 2564 2534 2533
3 2564 2533 2562
3 2565 2561 2563
3 2565 2562 2561
3 2566 2535 2534
3 2566 2534 2564
3 2567 2540 2541
3 2567 2563 2540
3 2568 2562 2565
3 2568 2564 2562
3 2569 2536 2535
3 2569 2535 2566
3 2570 2565 2563
3 2570 2563 2567
3 2571 2564 2568
3 2571 2566 2564
3 2572 2541 2542
3 2572 2567 2541
3 2573 2537 2536
3 2573 2538 2537
3 2573 2554 2538
3 2573 2536 2569
3 2574 2565 2570
3 2574 2568 2565
3 2575 2566 2571
3 2575 2569 2566
3 2576 2570 2567
3 2576 2567 2572
3 2577 2571 2568
3 2577 2568 2574
3 2578 2542 2543
3 2578 2572 2542
3 2579 2569 2575
3 2579 2555 2554
3 2579 2554 2573
3 2579 2573 2569
3 2580 2570 2576
3 2580 2574 2570
3 2581 2571 2577
3 2581 2575 2571
3 2582 2576 2572
3 2582 2572 2578
3 2583 2574 2580
3 2583 2577 2574
3 2584 2543 2544
3 2584 2582 2578
3 2584 2578 2543
3 2585 2575 2581
3 2585 2556 2555
3 2585 2579 2575
3 2585 2555 2579
3 2586 2580 2576
3 2586 2576 2582
3 2587 2581 2577
3 2587 2577 2583
3 2588 2582 2584
3 2589 2580 2586
3 2589 2583 2580
3 2590 2584 2544
3 2590 2544 2545
3 2590 2547 2548
3 2590 2545 2547
3 2591 2585 2581
3 2591 2557 2556
3 2591 2556 2585
3 2591 2581 2587
3 2592 2586 2582
3 2592 2582 2588
3 2593 2587 2583
3 2593 2583 2589
3 2594 2584 2590
3 2594 2590 2548
3 2594 2588 2584
3 2595 2586 2592
3 2595 2589 2586
3 2596 2558 2557
3 2596 2557 2591
3 2596 2591 2587
3 2596 2587 2593
3 2597 2548 2549
3 2597 2594 2548
3 2597 2592 2588
3 2597 2588 2594
3 2598 2593 2589
3 2598 2589 2595
3 2599 2549 2550
3 2599 2595 2592
3 2599 2597 2549
3 2599 2592 2597
3 2600 2559 2558
3 2600 2558 2596
3 2600 2596 2593
3 2600 2593 2598
3 2601 2598 2595
3 2601 2550 2551
3 2601 2595 2599
3 2601 2599 2550
3 2602 2559 2600
3 2602 2551 2552
3 2602 2552 2553
3 2602 2560 2559
3 2602 2553 2560
3 2602 2601 2551
3 2602 2600 2598
3 2602 2598 2601
3 2645 2605 2646
3 2647 2646 2605
3 2644 2605 2645
3 2648 2647 2605
3 2643 2605 2644
3 2649 2648 2605
3 2642 2605 2643
3 2650 2649 2605
3 2641 2605 2642
3 2609 2650 2605
3 2640 2605 2641
3 2639 2605 2640
3 2638 2605 2639
3 2603 2610 2609
3 2603 2611 2610
3 2603 2612 2611
3 2603 2613 2612
3 2603 2614 2613
3 2603 2615 2614
3 2603 2616 2615
3 2603 2609 2605
3 2606 2630 2629
3 2606 2631 2630
3 2606 2632 2631
3 2606 2633 2632
3 2606 2634 2633
3 2606 2635 2634
3 2606 2636 2635
3 2606 2637 2636
3 2606 2638 2637
3 2606 2605 2638
3 2604 2617 2616
3 2604 2618 2617
3 2604 2616 2603
3 2604 2619 2618
3 2604 2620 2619
3 2604 2621 2620
3 2604 2622 2621
3 2604 2623 2622
3 2607 2604 2608
3 2607 2606 2629
3 2607 2624 2623
3 2607 2625 2624
3 2607 2626 2625
3 2607 2627 2626
3 2607 2628 2627
3 2607 2629 2628
3 2607 2623 2604
3 2653 2663 2664
3 2654 2653 2664
3 2655 2654 2664
3 2656 2664 2665
3 2656 2655 2664
3 2657 2656 2665
3 2658 2657 2665
3 2670 2668 2652
3 2670 2669 2668
3 2672 2671 2670
3 2667 2652 2651
3 2667 2662 2661
3 2667 2651 2662
3 2667 2673 2672
3 2667 2672 2670
3 2667 2670 2652
3 2666 2659 2658
3 2666 2660 2659
3 2666 2661 2660
3 2666 2658 2665
3 2666 2667 2661
3 2690 2681 2680
3 2689 2695 2688
3 2696 2676 2675
3 2697 2675 2674
3 2697 2696 2675
3 2698 2674 2682
3 2698 2697 2674
3 2699 2677 2676
3 2699 2676 2696
3 2699 2696 2697
3 2700 2682 2683
3 2700 2698 2682
3 2701 2699 2697
3 2701 2697 2698
3 2702 2678 2677
3 2702 2679 2678
3 2702 2677 2699
3 2703 2683 2684
3 2703 2700 2683
3 2704 2701 2698
3 2704 2698 2700
3 2705 2699 2701
3 2705 2702 2699
3 2706 2684 2685
3 2706 2700 2703
3 2706 2704 2700
3 2706 2703 2684
3 2707 2701 2704
3 2707 2705 2701
3 2708 2680 2679
3 2708 2691 2690
3 2708 2679 2702
3 2708 2690 2680
3 2708 2702 2705
3 2709 2704 2706
3 2709 2707 2704
3 2710 2692 2691
3 2710 2691 2708
3 2710 2705 2707
3 2710 2708 2705
3 2711 2685 2686
3 2711 2686 2687
3 2711 2706 2685
3 2711 2709 2706
3 2712 2693 2692
3 2712 2694 2693
3 2712 2692 2710
3 2712 2707 2709
3 2712 2710 2707
3 2713 2687 2688
3 2713 2695 2694
3 2713 2694 2712
3 2713 2688 2695
3 2713 2711 2687
3 2713 2709 2711
3 2713 2712 2709
3 2716 2715 2714
3 2717 2718 2719
3 2717 2719 2720
3 2722 2720 2721
3 2722 2721 2716
3 2722 2716 2714
3 2722 2717 2720
3 2741 2740 2723
3 2739 2723 2740
3 2742 2741 2723
3 2726 2742 2723
3 2738 2723 2739
3 2743 2742 2726
3 2737 2723 2738
3 2744 2743 2726
3 2745 2744 2726
3 2736 2723 2737
3 2746 2745 2726
3 2735 2723 2736
3 2747 2746 2726
3 2734 2723 2735
3 2748 2747 2726
3 2749 2748 2726
3 2750 2749 2726
3 2751 2750 2726
3 2752 2751 2726
3 2724 2729 2728
3 2724 2730 2729
3 2724 2731 2730
3 2724 2732 2731
3 2724 2733 2732
3 2724 2734 2733
3 2724 2723 2734
3 2725 2728 2727
3 2725 2756 2755
3 2725 2757 2756
3 2725 2758 2757
3 2725 2727 2758
3 2725 2724 2728
3 2725 2752 2726
3 2725 2753 2752
3 2725 2754 2753
3 2725 2755 2754
3 2760 2763 2759
3 2765 2763 2760
3 2766 2762 2763
3 2766 2763 2765
3 2767 2761 2762
3 2767 2762 2766
3 2764 2761 2767
3 2777 2774 2775
3 2777 2775 2776
3 2772 2773 2774
3 2771 2777 2778
3 2771 2772 2774
3 2771 2774 2777
3 2769 2771 2778
3 2768 2770 2771
3 2768 2771 2769
3 2790 2783 2784
3 2790 2784 2785
3 2790 2785 2786
3 2787 2790 2786
3 2788 2790 2787
3 2789 2790 2788
3 2782 2790 2789
3 2780 2790 2782
3 2779 2782 2781
3 2779 2780 2782
3 2791 2794 2793
3 2791 2792 2794
3 2797 2795 2796
3 2797 2796 2798
3 2800 2808 2799
3 2810 2807 2808
3 2810 2808 2800
3 2811 2806 2807
3 2811 2807 2810
3 2812 2805 2806
3 2812 2806 2811
3 2813 2805 2812
3 2814 2804 2805
3 2814 2805 2813
3 2815 2803 2804
3 2815 2804 2814
3 2816 2802 2803
3 2816 2803 2815
3 2817 2801 2802
3 2817 2802 2816
3 2809 2801 2817
3 2822 2818 2819
3 2820 2822 2819
3 2821 2822 2820
3 2834 2823 2824
3 2835 2824 2825
3 2835 2834 2824
3 2836 2825 2826
3 2836 2835 2825
3 2837 2826 2827
3 2837 2827 2828
3 2837 2836 2826
3 2838 2828 2829
3 2838 2837 2828
3 2839 2829 2830
3 2839 2838 2829
3 2840 2830 2831
3 2840 2839 2830
3 2833 2831 2832
3 2833 2840 2831
3 2886 2842 2841
3 2886 2843 2842
3 2887 2844 2843
3 2887 2843 2886
3 2888 2844 2887
3 2888 2845 2844
3 2889 2845 2888
3 2889 2846 2845
3 2890 2847 2846
3 2890 2848 2847
3 2890 2846 2889
3 2891 2849 2848
3 2891 2848 2890
3 2892 2849 2891
3 2893 2850 2849
3 2893 2849 2892
3 2894 2851 2850
3 2894 2850 2893
3 2895 2852 2851
3 2895 2851 2894
3 2896 2853 2852
3 2896 2854 2853
3 2896 2852 2895
3 2897 2854 2896
3 2898 2855 2854
3 2898 2854 2897
3 2899 2856 2855
3 2899 2855 2898
3 2900 2857 2856
3 2900 2858 2857
3 2900 2856 2899
3 2901 2858 2900
3 2902 2859 2858
3 2902 2860 2859
3 2902 2858 2901
3 2903 2860 2902
3 2904 2861 2860
3 2904 2862 2861
3 2904 2860 2903
3 2905 2862 2904
3 2906 2863 2862
3 2906 2864 2863
3 2906 2862 2905
3 2907 2864 2906
3 2908 2865 2864
3 2908 2864 2907
3 2909 2866 2865
3 2909 2865 2908
3 2910 2867 2866
3 2910 2868 2867
3 2910 2866 2909
3 2911 2868 2910
3 2912 2869 2868
3 2912 2868 2911
3 2913 2870 2869
3 2913 2871 2870
3 2913 2869 2912
3 2914 2871 2913
3 2915 2871 2914
3 2915 2872 2871
3 2916 2872 2915
3 2916 2873 2872
3 2916 2874 2873
3 2917 2874 2916
3 2918 2874 2917
3 2918 2875 2874
3 2918 2876 2875
3 2919 2876 2918
3 2920 2876 2919
3 2920 2877 2876
3 2920 2878 2877
3 2921 2878 2920
3 2922 2878 2921
3 2922 2879 2878
3 2923 2880 2879
3 2923 2879 2922
3 2924 2881 2880
3 2924 2880 2923
3 2925 2882 2881
3 2925 2881 2924
3 2926 2883 2882
3 2926 2882 2925
3 2885 2884 2883
3 2885 2883 2926
3 2939 2929 2930
3 2931 2939 2930
3 2932 2939 2931
3 2940 2939 2932
3 2933 2940 2932
3 2946 2944 2943
3 2946 2945 2944
3 2951 2933 2934
3 2951 2934 2935
3 2952 2935 2936
3 2952 2951 2935
3 2952 2933 2951
3 2952 2940 2933
3 2953 2941 2940
3 2953 2940 2952
3 2954 2942 2941
3 2954 2941 2953
3 2955 2943 2942
3 2955 2946 2943
3 2955 2942 2954
3 2956 2936 2937
3 2957 2947 2946
3 2957 2955 2947
3 2957 2946 2955
3 2958 2936 2956
3 2958 2952 2936
3 2959 2953 2952
3 2959 2952 2958
3 2960 2953 2959
3 2960 2954 2953
3 2961 2955 2954
3 2961 2947 2955
3 2961 2954 2960
3 2962 2948 2947
3 2962 2949 2948
3 2962 2961 2949
3 2962 2947 2961
3 2963 2949 2961
3 2963 2960 2959
3 2963 2961 2960
3 2964 2950 2949
3 2964 2949 2963
3 2965 2928 2927
3 2965 2927 2950
3 2965 2950 2964
3 2966 2959 2958
3 2966 2958 2956
3 2966 2963 2959
3 2967 2964 2963
3 2967 2963 2966
3 2968 2965 2964
3 2968 2964 2967
3 2969 2928 2965
3 2969 2965 2968
3 2970 2956 2937
3 2970 2966 2956
3 2971 2966 2970
3 2971 2967 2966
3 2971 2970 2937
3 2972 2971 2937
3 2972 2967 2971
3 2972 2937 2938
3 2972 2968 2967
3 2973 2969 2968
3 2973 2968 2972
3 2974 2969 2973
3 2974 2928 2969
3 2975 2972 2938
3 2975 2973 2972
3 2975 2974 2973
3 2976 2938 2928
3 2976 2975 2938
3 2976 2974 2975
3 2976 2928 2974
3 2987 2977 2978
3 2987 2986 2977
3 2988 2978 2979
3 2988 2987 2978
3 2989 2979 2980
3 2989 2988 2979
3 2990 2989 2980
3 2991 2980 2981
3 2991 2990 2980
3 2992 2981 2982
3 2992 2991 2981
3 2993 2982 2983
3 2993 2992 2982
3 2994 2983 2984
3 2994 2993 2983
3 2985 2994 2984
3 3001 3002 3003
3 3001 3003 3004
3 3000 3004 3005
3 3000 3001 3004
3 2999 3005 3006
3 2999 3000 3005
3 2998 3006 3007
3 2998 2999 3006
3 2997 3007 3008
3 2997 2998 3007
3 2996 3008 3009
3 2996 2997 3008
3 2995 3009 3010
3 2995 2996 3009
3 3023 3022 3013
3 3021 3013 3022
3 3024 3023 3013
3 3020 3013 3021
3 3019 3013 3020
3 3018 3013 3019
3 3025 3024 3013
3 3026 3025 3013
3 3027 3026 3013
3 3015 3027 3013
3 3016 3015 3013
3 3011 3018 3017
3 3011 3017 3028
3 3011 3013 3018
3 3014 3016 3013
3 3012 3028 3029
3 3012 3029 3016
3 3012 3011 3028
3 3012 3016 3014
3 3041 3031 3030
3 3041 3032 3031
3 3042 3033 3032
3 3042 3034 3033
3 3042 3035 3034
3 3042 3032 3041
3 3043 3036 3035
3 3043 3035 3042
3 3044 3037 3036
3 3044 3036 3043
3 3045 3038 3037
3 3045 3037 3044
3 3046 3039 3038
3 3046 3038 3045
3 3040 3039 3046
3 3055 3056 3062
3 3054 3062 3061
3 3054 3055 3062
3 3053 3061 3060
3 3053 3054 3061
3 3052 3060 3059
3 3052 3053 3060
3 3051 3059 3058
3 3051 3052 3059
3 3050 3058 3057
3 3050 3051 3058
3 3049 3057 3047
3 3049 3050 3057
3 3048 3049 3047
3 3076 3065 3066
3 3076 3066 3067
3 3068 3076 3067
3 3091 3068 3069
3 3091 3069 3070
3 3091 3076 3068
3 3092 3077 3076
3 3092 3076 3091
3 3093 3078 3077
3 3093 3077 3092
3 3094 3070 3071
3 3094 3091 3070
3 3095 3079 3078
3 3095 3078 3093
3 3096 3094 3071
3 3096 3091 3094
3 3096 3092 3091
3 3097 3080 3079
3 3097 3079 3095
3 3098 3092 3096
3 3098 3093 3092
3 3099 3081 3080
3 3099 3082 3081
3 3099 3083 3082
3 3099 3080 3097
3 3100 3095 3093
3 3100 3093 3098
3 3101 3085 3084
3 3101 3095 3100
3 3101 3100 3085
3 3101 3097 3095
3 3102 3084 3083
3 3102 3097 3101
3 3102 3083 3099
3 3102 3101 3084
3 3102 3099 3097
3 3103 3072 3073
3 3104 3071 3072
3 3104 3096 3071
3 3104 3072 3103
3 3105 3098 3096
3 3105 3096 3104
3 3106 3085 3100
3 3106 3100 3098
3 3106 3098 3105
3 3107 3106 3087
3 3107 3085 3106
3 3108 3107 3087
3 3108 3086 3085
3 3108 3087 3086
3 3108 3085 3107
3 3109 3087 3106
3 3110 3087 3109
3 3110 3088 3087
3 3111 3088 3110
3 3111 3110 3089
3 3111 3089 3088
3 3112 3106 3105
3 3112 3104 3103
3 3112 3105 3104
3 3113 3073 3074
3 3114 3113 3115
3 3116 3115 3117
3 3116 3118 3109
3 3116 3109 3106
3 3116 3114 3115
3 3116 3117 3118
3 3116 3106 3112
3 3119 3115 3113
3 3120 3117 3115
3 3120 3115 3119
3 3121 3120 3122
3 3123 3109 3118
3 3123 3117 3120
3 3123 3120 3121
3 3123 3118 3117
3 3124 3064 3063
3 3124 3110 3109
3 3124 3109 3123
3 3124 3089 3110
3 3124 3090 3089
3 3124 3063 3090
3 3125 3112 3103
3 3125 3103 3073
3 3126 3073 3113
3 3127 3113 3114
3 3127 3073 3126
3 3127 3114 3116
3 3127 3116 3112
3 3127 3126 3113
3 3127 3125 3073
3 3127 3112 3125
3 3128 3113 3074
3 3128 3119 3113
3 3129 3120 3119
3 3129 3122 3120
3 3129 3119 3128
3 3130 3121 3122
3 3130 3123 3121
3 3130 3122 3131
3 3132 3124 3123
3 3132 3123 3130
3 3132 3064 3124
3 3133 3128 3074
3 3133 3129 3128
3 3134 3122 3129
3 3134 3131 3122
3 3134 3135 3131
3 3136 3131 3135
3 3136 3130 3131
3 3136 3135 3137
3 3138 3064 3132
3 3138 3132 3130
3 3138 3130 3136
3 3139 3134 3129
3 3139 3133 3074
3 3139 3129 3133
3 3140 3141 3137
3 3140 3137 3135
3 3142 3141 3143
3 3142 3137 3141
3 3142 3136 3137
3 3144 3075 3064
3 3144 3136 3142
3 3144 3064 3138
3 3144 3138 3136
3 3145 3134 3139
3 3145 3139 3074
3 3146 3147 3075
3 3148 3143 3149
3 3148 3142 3143
3 3148 3075 3144
3 3148 3149 3146
3 3148 3146 3075
3 3148 3144 3142
3 3150 3140 3135
3 3151 3146 3149
3 3151 3075 3147
3 3151 3147 3146
3 3152 3141 3140
3 3153 3154 3141
3 3153 3141 3152
3 3155 3145 3074
3 3156 3150 3135
3 3156 3135 3134
3 3156 3145 3155
3 3156 3134 3145
3 3157 3140 3150
3 3157 3158 3140
3 3157 3150 3159
3 3160 3158 3157
3 3160 3140 3158
3 3160 3152 3140
3 3161 3152 3162
3 3161 3153 3152
3 3161 3162 3163
3 3164 3075 3151
3 3164 3154 3165
3 3166 3074 3075
3 3166 3155 3074
3 3166 3150 3156
3 3166 3160 3157
3 3166 3159 3150
3 3166 3156 3155
3 3166 3157 3159
3 3166 3075 3164
3 3167 3162 3152
3 3167 3152 3160
3 3167 3163 3162
3 3167 3161 3163
3 3168 3153 3161
3 3168 3169 3153
3 3168 3167 3160
3 3168 3160 3166
3 3168 3166 3164
3 3168 3161 3167
3 3170 3154 3153
3 3170 3165 3154
3 3170 3153 3169
3 3170 3164 3165
3 3170 3169 3168
3 3170 3168 3164
3 3171 3143 3141
3 3171 3149 3143
3 3171 3151 3149
3 3171 3154 3164
3 3171 3141 3154
3 3171 3164 3151
3 3240 3198 3199
3 3241 3196 3197
3 3241 3197 3198
3 3241 3198 3240
3 3239 3199 3200
3 3239 3200 3201
3 3239 3240 3199
3 3242 3195 3196
3 3242 3196 3241
3 3238 3201 3202
3 3238 3239 3201
3 3243 3194 3195
3 3243 3195 3242
3 3237 3202 3203
3 3237 3238 3202
3 3214 3194 3243
3 3214 3192 3193
3 3214 3193 3194
3 3236 3203 3204
3 3236 3204 3205
3 3236 3237 3203
3 3215 3191 3192
3 3215 3192 3214
3 3235 3236 3205
3 3235 3205 3206
3 3216 3191 3215
3 3216 3190 3191
3 3234 3235 3206
3 3234 3206 3207
3 3208 3234 3207
3 3217 3189 3190
3 3217 3190 3216
3 3188 3189 3217
3 3233 3234 3208
3 3218 3188 3217
3 3209 3233 3208
3 3232 3233 3209
3 3187 3188 3218
3 3219 3187 3218
3 3210 3232 3209
3 3210 3231 3232
3 3186 3187 3219
3 3211 3231 3210
3 3185 3219 3220
3 3185 3186 3219
3 3212 3230 3231
3 3212 3231 3211
3 3184 3220 3221
3 3184 3185 3220
3 3213 3229 3230
3 3213 3230 3212
3 3183 3184 3221
3 3172 3229 3213
3 3182 3221 3222
3 3182 3183 3221
3 3173 3228 3229
3 3173 3229 3172
3 3181 3222 3223
3 3181 3182 3222
3 3174 3227 3228
3 3174 3228 3173
3 3180 3223 3224
3 3180 3181 3223
3 3175 3227 3174
3 3179 3180 3224
3 3176 3227 3175
3 3176 3226 3227
3 3178 3179 3224
3 3178 3224 3225
3 3177 3226 3176
3 3177 3178 3225
3 3177 3225 3226
3 3273 3274 3275
3 3273 3275 3305
3 3272 3304 3303
3 3272 3305 3304
3 3272 3273 3305
3 3271 3272 3303
3 3270 3303 3302
3 3270 3271 3303
3 3269 3302 3301
3 3269 3270 3302
3 3268 3301 3300
3 3268 3269 3301
3 3267 3300 3299
3 3267 3268 3300
3 3266 3299 3298
3 3266 3267 3299
3 3265 3266 3298
3 3265 3298 3297
3 3264 3265 3297
3 3264 3297 3296
3 3263 3264 3296
3 3263 3295 3294
3 3263 3296 3295
3 3262 3263 3294
3 3261 3262 3294
3 3261 3293 3292
3 3261 3294 3293
3 3260 3261 3292
3 3259 3260 3292
3 3259 3291 3290
3 3259 3292 3291
3 3258 3259 3290
3 3257 3258 3290
3 3257 3289 3288
3 3257 3290 3289
3 3256 3257 3288
3 3256 3288 3287
3 3255 3256 3287
3 3254 3286 3285
3 3254 3287 3286
3 3254 3255 3287
3 3253 3254 3285
3 3252 3285 3284
3 3252 3253 3285
3 3251 3284 3283
3 3251 3252 3284
3 3250 3282 3281
3 3250 3283 3282
3 3250 3251 3283
3 3249 3250 3281
3 3248 3281 3280
3 3248 3249 3281
3 3247 3279 3278
3 3247 3280 3279
3 3247 3248 3280
3 3246 3247 3278
3 3245 3278 3277
3 3245 3246 3278
3 3244 3277 3276
3 3244 3245 3277
3 3372 3343 3342
3 3373 3343 3372
3 3378 3336 3335
3 3378 3335 3371
3 3379 3336 3378
3 3379 3337 3336
3 3380 3338 3337
3 3380 3337 3379
3 3381 3338 3380
3 3381 3339 3338
3 3382 3340 3339
3 3382 3339 3381
3 3383 3333 3334
3 3383 3341 3340
3 3383 3334 3341
3 3383 3340 3382
3 3383 3382 3333
3 3384 3371 3370
3 3384 3378 3371
3 3385 3378 3384
3 3385 3379 3378
3 3386 3379 3385
3 3386 3380 3379
3 3387 3381 3380
3 3387 3380 3386
3 3388 3381 3387
3 3388 3382 3381
3 3388 3333 3382
3 3389 3332 3333
3 3389 3333 3388
3 3389 3388 3332
3 3390 3384 3370
3 3390 3370 3369
3 3391 3385 3384
3 3391 3384 3390
3 3392 3386 3385
3 3392 3385 3391
3 3393 3386 3392
3 3393 3387 3386
3 3394 3387 3393
3 3394 3388 3387
3 3394 3332 3388
3 3395 3332 3394
3 3395 3394 3331
3 3395 3331 3332
3 3396 3390 3369
3 3396 3369 3368
3 3397 3390 3396
3 3397 3391 3390
3 3398 3396 3368
3 3398 3368 3367
3 3398 3397 3396
3 3399 3391 3397
3 3399 3392 3391
3 3400 3397 3398
3 3401 3392 3399
3 3401 3393 3392
3 3401 3394 3393
3 3402 3397 3400
3 3402 3399 3397
3 3403 3331 3394
3 3403 3394 3401
3 3404 3399 3402
3 3404 3401 3399
3 3404 3403 3401
3 3405 3330 3331
3 3405 3331 3403
3 3406 3398 3367
3 3406 3400 3398
3 3407 3403 3404
3 3408 3400 3406
3 3409 3330 3405
3 3409 3405 3403
3 3409 3403 3407
3 3410 3406 3367
3 3410 3367 3366
3 3411 3400 3408
3 3411 3402 3400
3 3412 3408 3406
3 3412 3406 3410
3 3413 3404 3402
3 3413 3402 3411
3 3414 3411 3408
3 3414 3408 3412
3 3415 3407 3404
3 3415 3404 3413
3 3416 3413 3411
3 3416 3411 3414
3 3417 3329 3330
3 3417 3330 3409
3 3417 3409 3407
3 3417 3407 3415
3 3418 3410 3366
3 3419 3415 3413
3 3419 3413 3416
3 3420 3410 3418
3 3420 3414 3412
3 3420 3412 3410
3 3421 3329 3417
3 3421 3417 3415
3 3421 3415 3419
3 3422 3414 3420
3 3423 3418 3366
3 3423 3366 3365
3 3424 3416 3414
3 3424 3414 3422
3 3425 3418 3423
3 3425 3420 3418
3 3425 3422 3420
3 3426 3419 3416
3 3426 3416 3424
3 3427 3424 3422
3 3427 3422 3425
3 3428 3328 3329
3 3428 3329 3421
3 3428 3421 3419
3 3428 3419 3426
3 3429 3424 3427
3 3430 3423 3365
3 3431 3426 3424
3 3431 3428 3426
3 3431 3424 3429
3 3432 3425 3423
3 3432 3423 3430
3 3433 3328 3428
3 3433 3428 3431
3 3434 3425 3432
3 3434 3427 3425
3 3434 3429 3427
3 3435 3430 3365
3 3435 3365 3364
3 3436 3429 3434
3 3437 3430 3435
3 3437 3432 3430
3 3437 3434 3432
3 3438 3431 3429
3 3438 3429 3436
3 3439 3436 3434
3 3439 3434 3437
3 3440 3328 3433
3 3440 3433 3431
3 3440 3327 3328
3 3440 3431 3438
3 3441 3435 3364
3 3442 3436 3439
3 3443 3437 3435
3 3443 3435 3441
3 3444 3438 3436
3 3444 3436 3442
3 3444 3440 3438
3 3445 3439 3437
3 3445 3437 3443
3 3446 3327 3440
3 3446 3440 3444
3 3447 3442 3439
3 3447 3439 3445
3 3448 3441 3364
3 3448 3364 3363
3 3449 3444 3442
3 3449 3442 3447
3 3450 3443 3441
3 3450 3441 3448
3 3450 3445 3443
3 3451 3326 3327
3 3451 3327 3446
3 3451 3446 3444
3 3451 3444 3449
3 3452 3445 3450
3 3453 3448 3363
3 3454 3447 3445
3 3454 3445 3452
3 3455 3448 3453
3 3455 3450 3448
3 3456 3447 3454
3 3456 3449 3447
3 3457 3452 3450
3 3457 3450 3455
3 3458 3326 3451
3 3458 3451 3449
3 3458 3449 3456
3 3459 3454 3452
3 3459 3452 3457
3 3460 3363 3362
3 3460 3453 3363
3 3460 3455 3453
3 3461 3456 3454
3 3461 3454 3459
3 3462 3455 3460
3 3463 3325 3326
3 3463 3326 3458
3 3463 3458 3456
3 3463 3456 3461
3 3464 3460 3362
3 3465 3457 3455
3 3465 3455 3462
3 3466 3462 3460
3 3466 3460 3464
3 3467 3459 3457
3 3467 3457 3465
3 3468 3465 3462
3 3468 3467 3465
3 3468 3462 3466
3 3469 3459 3467
3 3469 3461 3459
3 3470 3469 3467
3 3470 3467 3468
3 3471 3461 3469
3 3471 3325 3463
3 3471 3463 3461
3 3472 3466 3464
3 3472 3362 3361
3 3472 3464 3362
3 3473 3469 3470
3 3473 3471 3469
3 3474 3468 3466
3 3474 3466 3472
3 3475 3325 3471
3 3475 3324 3325
3 3475 3471 3473
3 3476 3472 3361
3 3477 3468 3474
3 3478 3474 3472
3 3478 3472 3476
3 3479 3473 3470
3 3479 3470 3468
3 3479 3468 3477
3 3480 3474 3478
3 3480 3477 3474
3 3481 3473 3479
3 3482 3479 3477
3 3482 3477 3480
3 3483 3473 3481
3 3483 3324 3475
3 3483 3475 3473
3 3484 3481 3479
3 3484 3483 3481
3 3484 3479 3482
3 3485 3476 3361
3 3485 3361 3360
3 3486 3323 3324
3 3486 3324 3483
3 3486 3483 3484
3 3487 3478 3476
3 3487 3476 3485
3 3487 3485 3360
3 3488 3478 3487
3 3488 3480 3478
3 3489 3482 3480
3 3489 3480 3488
3 3490 3482 3489
3 3490 3484 3482
3 3491 3323 3486
3 3491 3486 3484
3 3491 3484 3490
3 3492 3360 3359
3 3493 3492 3359
3 3493 3487 3360
3 3493 3360 3492
3 3494 3488 3487
3 3494 3487 3493
3 3495 3489 3488
3 3495 3488 3494
3 3496 3490 3489
3 3496 3491 3490
3 3496 3489 3495
3 3497 3322 3323
3 3497 3323 3491
3 3497 3491 3496
3 3498 3359 3358
3 3499 3359 3498
3 3499 3493 3359
3 3499 3498 3358
3 3500 3494 3493
3 3500 3493 3499
3 3501 3494 3500
3 3501 3495 3494
3 3502 3495 3501
3 3502 3496 3495
3 3503 3496 3502
3 3503 3321 3322
3 3503 3322 3497
3 3503 3497 3496
3 3504 3357 3356
3 3504 3358 3357
3 3505 3358 3504
3 3505 3499 3358
3 3506 3500 3499
3 3506 3501 3500
3 3506 3499 3505
3 3507 3501 3506
3 3508 3502 3501
3 3508 3503 3502
3 3508 3501 3507
3 3509 3321 3503
3 3509 3320 3321
3 3509 3503 3508
3 3510 3504 3356
3 3510 3505 3504
3 3510 3356 3355
3 3511 3505 3510
3 3512 3506 3505
3 3512 3505 3511
3 3513 3506 3512
3 3513 3507 3506
3 3514 3508 3507
3 3514 3507 3513
3 3515 3319 3320
3 3515 3508 3514
3 3515 3320 3509
3 3515 3509 3508
3 3515 3514 3319
3 3516 3511 3510
3 3516 3510 3355
3 3517 3511 3516
3 3518 3511 3517
3 3518 3512 3511
3 3519 3513 3512
3 3519 3512 3518
3 3520 3319 3514
3 3520 3513 3519
3 3520 3514 3513
3 3521 3318 3319
3 3521 3319 3520
3 3521 3520 3318
3 3522 3354 3353
3 3522 3355 3354
3 3522 3516 3355
3 3523 3517 3516
3 3523 3518 3517
3 3523 3516 3522
3 3524 3518 3523
3 3525 3519 3518
3 3525 3518 3524
3 3526 3318 3520
3 3526 3519 3525
3 3526 3520 3519
3 3527 3317 3318
3 3527 3526 3317
3 3527 3318 3526
3 3528 3522 3353
3 3529 3522 3528
3 3529 3523 3522
3 3530 3353 3352
3 3530 3528 3353
3 3531 3524 3523
3 3531 3523 3529
3 3532 3529 3528
3 3532 3528 3530
3 3533 3525 3524
3 3533 3524 3531
3 3534 3531 3529
3 3534 3529 3532
3 3535 3317 3526
3 3535 3526 3525
3 3535 3525 3533
3 3536 3533 3531
3 3536 3531 3534
3 3537 3317 3535
3 3537 3316 3317
3 3538 3530 3352
3 3539 3533 3536
3 3539 3535 3533
3 3540 3534 3532
3 3540 3530 3538
3 3540 3532 3530
3 3541 3537 3535
3 3541 3316 3537
3 3541 3535 3539
3 3542 3538 3352
3 3542 3352 3351
3 3543 3534 3540
3 3544 3540 3538
3 3544 3538 3542
3 3545 3534 3543
3 3545 3536 3534
3 3546 3543 3540
3 3546 3540 3544
3 3547 3539 3536
3 3547 3536 3545
3 3548 3543 3546
3 3548 3545 3543
3 3549 3315 3316
3 3549 3316 3541
3 3549 3541 3539
3 3549 3539 3547
3 3550 3542 3351
3 3551 3547 3545
3 3551 3545 3548
3 3552 3544 3542
3 3552 3542 3550
3 3553 3547 3551
3 3553 3549 3547
3 3553 3315 3549
3 3554 3546 3544
3 3554 3544 3552
3 3555 3550 3351
3 3555 3351 3350
3 3556 3548 3546
3 3556 3546 3554
3 3557 3552 3550
3 3557 3550 3555
3 3558 3551 3548
3 3558 3548 3556
3 3559 3554 3552
3 3559 3552 3557
3 3560 3314 3315
3 3560 3315 3553
3 3560 3553 3551
3 3560 3551 3558
3 3561 3554 3559
3 3561 3556 3554
3 3562 3555 3350
3 3563 3558 3556
3 3563 3556 3561
3 3564 3557 3555
3 3564 3555 3562
3 3565 3314 3560
3 3565 3560 3558
3 3565 3558 3563
3 3566 3559 3557
3 3566 3557 3564
3 3567 3350 3349
3 3567 3562 3350
3 3568 3561 3559
3 3568 3559 3566
3 3569 3562 3567
3 3569 3564 3562
3 3570 3561 3568
3 3570 3563 3561
3 3571 3566 3564
3 3571 3564 3569
3 3572 3313 3314
3 3572 3563 3570
3 3572 3314 3565
3 3572 3565 3563
3 3573 3567 3349
3 3574 3568 3566
3 3574 3566 3571
3 3575 3567 3573
3 3575 3569 3567
3 3576 3570 3568
3 3576 3568 3574
3 3577 3571 3569
3 3577 3569 3575
3 3577 3574 3571
3 3578 3313 3572
3 3578 3570 3576
3 3578 3572 3570
3 3579 3574 3577
3 3580 3349 3348
3 3580 3573 3349
3 3581 3576 3574
3 3581 3578 3576
3 3581 3574 3579
3 3582 3575 3573
3 3582 3573 3580
3 3583 3312 3313
3 3583 3313 3578
3 3583 3578 3581
3 3584 3577 3575
3 3584 3575 3582
3 3585 3580 3348
3 3586 3577 3584
3 3586 3579 3577
3 3587 3582 3580
3 3587 3580 3585
3 3588 3581 3579
3 3588 3579 3586
3 3589 3584 3582
3 3589 3582 3587
3 3590 3312 3583
3 3590 3583 3581
3 3590 3581 3588
3 3591 3584 3589
3 3591 3586 3584
3 3592 3348 3347
3 3592 3585 3348
3 3593 3588 3586
3 3593 3586 3591
3 3594 3585 3592
3 3594 3587 3585
3 3595 3311 3312
3 3595 3312 3590
3 3595 3590 3588
3 3595 3588 3593
3 3596 3592 3347
3 3596 3594 3592
3 3597 3589 3587
3 3597 3587 3594
3 3598 3594 3596
3 3598 3597 3594
3 3599 3591 3589
3 3599 3589 3597
3 3600 3597 3598
3 3600 3599 3597
3 3601 3593 3591
3 3601 3591 3599
3 3602 3599 3600
3 3603 3593 3601
3 3603 3311 3595
3 3603 3595 3593
3 3604 3347 3346
3 3604 3596 3347
3 3604 3598 3596
3 3605 3601 3599
3 3605 3599 3602
3 3606 3600 3598
3 3606 3598 3604
3 3607 3310 3311
3 3607 3601 3605
3 3607 3311 3603
3 3607 3603 3601
3 3608 3604 3346
3 3609 3600 3606
3 3610 3604 3608
3 3610 3606 3604
3 3611 3602 3600
3 3611 3600 3609
3 3612 3609 3606
3 3612 3606 3610
3 3612 3611 3609
3 3613 3602 3611
3 3613 3605 3602
3 3614 3611 3612
3 3615 3310 3607
3 3615 3607 3605
3 3615 3605 3613
3 3616 3613 3611
3 3616 3611 3614
3 3617 3610 3608
3 3617 3608 3346
3 3617 3346 3345
3 3618 3309 3310
3 3618 3310 3615
3 3618 3613 3616
3 3618 3615 3613
3 3619 3610 3617
3 3619 3612 3610
3 3619 3617 3345
3 3620 3614 3612
3 3620 3612 3619
3 3621 3614 3620
3 3622 3616 3614
3 3622 3618 3616
3 3622 3614 3621
3 3623 3309 3618
3 3623 3618 3622
3 3624 3345 3344
3 3625 3624 3344
3 3625 3619 3345
3 3625 3345 3624
3 3626 3619 3625
3 3626 3620 3619
3 3627 3621 3620
3 3627 3620 3626
3 3628 3622 3621
3 3628 3621 3627
3 3629 3308 3309
3 3629 3309 3623
3 3629 3623 3622
3 3629 3622 3628
3 3630 3344 3343
3 3631 3343 3373
3 3631 3344 3630
3 3631 3373 3374
3 3631 3630 3343
3 3631 3625 3344
3 3632 3625 3631
3 3632 3626 3625
3 3632 3374 3375
3 3632 3631 3374
3 3633 3626 3632
3 3633 3627 3626
3 3633 3632 3375
3 3634 3633 3375
3 3634 3375 3376
3 3634 3376 3377
3 3634 3628 3627
3 3634 3629 3628
3 3634 3627 3633
3 3635 3306 3307
3 3635 3629 3634
3 3635 3307 3308
3 3635 3377 3306
3 3635 3308 3629
3 3635 3634 3377
3 3656 3655 3654
3 3650 3652 3651
3 3650 3653 3652
3 3648 3650 3649
3 3647 3654 3653
3 3647 3653 3650
3 3647 3650 3648
3 3661 3659 3658
3 3661 3660 3659
3 3644 3646 3645
3 3644 3647 3646
3 3644 3656 3654
3 3644 3654 3647
3 3643 3657 3656
3 3643 3658 3657
3 3643 3656 3644
3 3636 3662 3661
3 3636 3663 3662
3 3642 3658 3643
3 3641 3658 3642
3 3639 3637 3636
3 3639 3638 3637
3 3639 3636 3661
3 3639 3661 3658
3 3639 3658 3641
3 3640 3639 3641
