ply
format ascii 1.0
comment generated by blendit.inference.finetune_visualize
element vertex 2667
property float x
property float y
property float z
property uchar red
property uchar green
property uchar blue
element face 3380
property list uchar int vertex_indices
end_header
0 12.2973882 42.9193372 218 222 230
0 0.515030179 55.0007513 218 222 230
0 12.2973882 41.4809802 218 222 230
0 12.437003 41.6599621 218 222 230
0 12.5340256 41.8651777 218 222 230
0 12.5837441 42.0866611 218 222 230
0 12.5837441 42.3136563 218 222 230
0 12.5340256 42.5351397 218 222 230
0 12.437003 42.7403553 218 222 230
0 0.515030179 29.399566 218 222 230
-1.11022302e-16 0.515030179 0.515030179 218 222 230
0 35.0696172 0.515030179 218 222 230
0 35.0696172 67.6279314 218 222 230
0 0.515030179 67.6279314 218 222 230
0 12.2973882 42.9193372 255 79 163
0.0129128819 12.2153411 42.8393211 255 79 163
0.0510040217 12.1374082 42.7633173 255 79 163
0.112363371 12.0674974 42.695137 255 79 163
0.193914115 12.0091142 42.638199 255 79 163
0.291566959 11.9651863 42.5953585 255 79 163
0.400425183 11.9379164 42.5687636 255 79 163
0.515030179 11.9286719 42.5597479 255 79 163
0.515030179 0.146313949 54.6411621 255 79 163
0 0.515030179 55.0007513 255 79 163
0.0129128819 0.432983099 54.9207352 255 79 163
0.0510040217 0.355050202 54.8447314 255 79 163
0.112363371 0.28513937 54.7765511 255 79 163
0.193914115 0.226756222 54.7196132 255 79 163
0.291566959 0.182828334 54.6767726 255 79 163
0.400425183 0.155558434 54.6501778 255 79 163
0.515030179 11.9286719 41.8405694 255 79 163
0.515030179 11.9984794 41.9300604 255 79 163
0.515030179 12.0469906 42.0326682 255 79 163
0.515030179 12.0718499 42.1434099 255 79 163
0.515030179 12.0718499 42.2569075 255 79 163
0.515030179 12.0469906 42.3676492 255 79 163
0.515030179 11.9984794 42.470257 255 79 163
0.515030179 11.9286719 42.5597479 255 79 163
0 12.2973882 42.9193372 255 79 163
0.0129128819 12.2153411 42.8393211 255 79 163
0.0510040217 12.1374082 42.7633173 255 79 163
0.112363371 12.0674974 42.695137 255 79 163
0.193914115 12.0091142 42.638199 255 79 163
0.291566959 11.9651863 42.5953585 255 79 163
0.400425183 11.9379164 42.5687636 255 79 163
0 12.2973882 41.4809802 255 79 163
0 12.437003 41.6599621 255 79 163
0 12.5340256 41.8651777 255 79 163
0 12.5837441 42.0866611 255 79 163
0 12.5837441 42.3136563 255 79 163
0 12.5340256 42.5351397 255 79 163
0 12.437003 42.7403553 255 79 163
0.0129128819 12.2153411 41.5609963 255 79 163
0.0510040217 12.1374082 41.6370001 255 79 163
0.112363371 12.0674974 41.7051804 255 79 163
0.193914115 12.0091142 41.7621184 255 79 163
0.291566959 11.9651863 41.8049589 255 79 163
0.400425183 11.9379164 41.8315538 255 79 163
0.0129128819 12.3394223 42.6802528 255 79 163
0.0510040217 12.2467347 42.623164 255 79 163
0.0129128819 12.4256501 42.4978695 255 79 163
0.112363371 12.163588 42.5719518 255 79 163
0.0510040217 12.322709 42.4624683 255 79 163
0.0129128819 12.4698369 42.3010285 255 79 163
0.193914115 12.0941514 42.5291839 255 79 163
0.112363371 12.2303643 42.4307111 255 79 163
0.0510040217 12.3616415 42.2890339 255 79 163
0.291566959 12.0419069 42.4970051 255 79 163
0.0129128819 12.4698369 42.0992889 255 79 163
0.193914115 12.1532463 42.4041903 255 79 163
0.112363371 12.2645833 42.278274 255 79 163
0.400425183 12.0094741 42.4770289 255 79 163
0.0510040217 12.3616415 42.1112835 255 79 163
0.291566959 12.0952223 42.384236 255 79 163
0.0129128819 12.4256501 41.9024478 255 79 163
0.193914115 12.1835291 42.2692883 255 79 163
0.112363371 12.2645833 42.1220434 255 79 163
0.400425183 12.0592016 42.3718485 255 79 163
0.0510040217 12.322709 41.9378491 255 79 163
0.291566959 12.1225434 42.2625274 255 79 163
0.0129128819 12.3394223 41.7200646 255 79 163
0.193914115 12.1835291 42.1310291 255 79 163
0.112363371 12.2303643 41.9696063 255 79 163
0.400425183 12.0846842 42.2583303 255 79 163
0.0510040217 12.2467347 41.7771534 255 79 163
0.291566959 12.1225434 42.13779 255 79 163
0.193914115 12.1532463 41.996127 255 79 163
0.112363371 12.163588 41.8283656 255 79 163
0.400425183 12.0846842 42.1419871 255 79 163
0.291566959 12.0952223 42.0160814 255 79 163
0.193914115 12.0941514 41.8711334 255 79 163
0.400425183 12.0592016 42.0284689 255 79 163
0.291566959 12.0419069 41.9033123 255 79 163
0.400425183 12.0094741 41.9232885 255 79 163
0 0.515030179 55.0007513 255 79 163
0.0129128819 0.400425183 55.0007513 255 79 163
0.0510040217 0.291566959 55.0007513 255 79 163
0.112363371 0.193914115 55.0007513 255 79 163
0.193914115 0.112363371 55.0007513 255 79 163
0.291566959 0.0510040217 55.0007513 255 79 163
0.400425183 0.0129128819 55.0007513 255 79 163
0.515030179 -3.55271368e-15 55.0007513 255 79 163
0.515030179 -1.11022302e-16 67.6279314 255 79 163
0 0.515030179 67.6279314 255 79 163
0.0129128819 0.400425183 67.6279314 255 79 163
0.0510040217 0.291566959 67.6279314 255 79 163
0.112363371 0.193914115 67.6279314 255 79 163
0.193914115 0.112363371 67.6279314 255 79 163
0.291566959 0.0510040217 67.6279314 255 79 163
0.400425183 0.0129128819 67.6279314 255 79 163
0 0.515030179 29.399566 255 79 163
0.0129128819 0.432983099 29.4795822 255 79 163
0.0510040217 0.355050202 29.555586 255 79 163
0.112363371 0.28513937 29.6237663 255 79 163
0.193914115 0.226756222 29.6807042 255 79 163
0.291566959 0.182828334 29.7235448 255 79 163
0.400425183 0.155558434 29.7501396 255 79 163
0.515030179 0.146313949 29.7591553 255 79 163
0.515030179 11.9286719 41.8405694 255 79 163
0 12.2973882 41.4809802 255 79 163
0.0129128819 12.2153411 41.5609963 255 79 163
0.0510040217 12.1374082 41.6370001 255 79 163
0.112363371 12.0674974 41.7051804 255 79 163
0.193914115 12.0091142 41.7621184 255 79 163
0.291566959 11.9651863 41.8049589 255 79 163
0.400425183 11.9379164 41.8315538 255 79 163
0 0.515030179 67.6279314 255 79 163
0.0129128819 0.515030179 67.7425364 255 79 163
0.0510040217 0.515030179 67.8513946 255 79 163
0.112363371 0.515030179 67.9490475 255 79 163
0.193914115 0.515030179 68.0305982 255 79 163
0.291566959 0.515030179 68.0919576 255 79 163
0.400425183 0.515030179 68.1300487 255 79 163
0.515030179 0.515030179 68.1429616 255 79 163
0.515030179 35.0696172 68.1429616 255 79 163
0 35.0696172 67.6279314 255 79 163
0.0129128819 35.0696172 67.7425364 255 79 163
0.0510040217 35.0696172 67.8513946 255 79 163
0.112363371 35.0696172 67.9490475 255 79 163
0.193914115 35.0696172 68.0305982 255 79 163
0.291566959 35.0696172 68.0919576 255 79 163
0.400425183 35.0696172 68.1300487 255 79 163
-1.11022302e-16 0.515030179 0.515030179 255 79 163
0 0.515030179 29.399566 255 79 163
0.515030179 -1.11022302e-16 0.515030179 255 79 163
0.400425183 0.0129128819 0.515030179 255 79 163
0.291566959 0.0510040217 0.515030179 255 79 163
0.193914115 0.112363371 0.515030179 255 79 163
0.112363371 0.193914115 0.515030179 255 79 163
0.0510040217 0.291566959 0.515030179 255 79 163
0.0129128819 0.400425183 0.515030179 255 79 163
0.515030179 0 29.399566 255 79 163
0.0129128819 0.400425183 29.399566 255 79 163
0.0510040217 0.291566959 29.399566 255 79 163
0.112363371 0.193914115 29.399566 255 79 163
0.193914115 0.112363371 29.399566 255 79 163
0.291566959 0.0510040217 29.399566 255 79 163
0.400425183 0.0129128819 29.399566 255 79 163
0 35.0696172 0.515030179 255 79 163
0 35.0696172 67.6279314 255 79 163
0.0129128819 35.1842222 67.6279314 255 79 163
0.0510040217 35.2930805 67.6279314 255 79 163
0.112363371 35.3907333 67.6279314 255 79 163
0.193914115 35.472284 67.6279314 255 79 163
0.291566959 35.5336434 67.6279314 255 79 163
0.400425183 35.5717345 67.6279314 255 79 163
0.515030179 35.5846474 67.6279314 255 79 163
0.515030179 35.5846474 0.515030179 255 79 163
0.0129128819 35.1842222 0.515030179 255 79 163
0.0510040217 35.2930805 0.515030179 255 79 163
0.112363371 35.3907333 0.515030179 255 79 163
0.193914115 35.472284 0.515030179 255 79 163
0.291566959 35.5336434 0.515030179 255 79 163
0.400425183 35.5717345 0.515030179 255 79 163
-1.11022302e-16 0.515030179 0.515030179 255 79 163
0 35.0696172 0.515030179 255 79 163
0.0129128819 35.0696172 0.400425183 255 79 163
0.0510040217 35.0696172 0.291566959 255 79 163
0.112363371 35.0696172 0.193914115 255 79 163
0.193914115 35.0696172 0.112363371 255 79 163
0.291566959 35.0696172 0.0510040217 255 79 163
0.400425183 35.0696172 0.0129128819 255 79 163
0.515030179 35.0696172 -1.11022302e-16 255 79 163
0.515030179 0.515030179 0 255 79 163
0.400425183 0.515030179 0.0129128819 255 79 163
0.291566959 0.515030179 0.0510040217 255 79 163
0.193914115 0.515030179 0.112363371 255 79 163
0.112363371 0.515030179 0.193914115 255 79 163
0.0510040217 0.515030179 0.291566959 255 79 163
0.0129128819 0.515030179 0.400425183 255 79 163
0.515030179 11.9286719 42.5597479 218 222 230
0.515030179 0.146313949 54.6411621 218 222 230
63.8161666 0.146313949 54.6411621 218 222 230
63.8161666 11.9286719 42.5597479 218 222 230
0 0.515030179 55.0007513 255 79 163
0.0129128819 0.400425183 55.0007513 255 79 163
0.0510040217 0.291566959 55.0007513 255 79 163
0.112363371 0.193914115 55.0007513 255 79 163
0.193914115 0.112363371 55.0007513 255 79 163
0.291566959 0.0510040217 55.0007513 255 79 163
0.400425183 0.0129128819 55.0007513 255 79 163
0.515030179 -3.55271368e-15 55.0007513 255 79 163
0 0.515030179 55.0007513 255 79 163
0.0129128819 0.432983099 54.9207352 255 79 163
0.0510040217 0.355050202 54.8447314 255 79 163
0.112363371 0.28513937 54.7765511 255 79 163
0.193914115 0.226756222 54.7196132 255 79 163
0.291566959 0.182828334 54.6767726 255 79 163
0.400425183 0.155558434 54.6501778 255 79 163
0.515030179 0.146313949 54.6411621 255 79 163
0.515030179 0.00958386541 54.9018569 255 79 163
0.515030179 0.0379787817 54.806643 255 79 163
0.515030179 0.0841279833 54.7186532 255 79 163
0.0252073712 0.357195636 54.9803073 255 79 163
0.0252073712 0.36761319 54.9407686 255 79 163
0.0252073712 0.387760709 54.9051889 255 79 163
0.0983620116 0.222293486 54.9236219 255 79 163
0.0983620116 0.251605439 54.8515832 255 79 163
0.212303035 0.10181398 54.9472281 255 79 163
0.212303035 0.129087491 54.8437144 255 79 163
0.212303035 0.181834381 54.7505656 255 79 163
0.355877101 0.0413722602 54.8759533 255 79 163
0.355877101 0.088799996 54.7593922 255 79 163
0.515030179 11.9286719 41.8405694 255 79 163
0.515030179 11.9984794 41.9300604 255 79 163
0.515030179 12.0469906 42.0326682 255 79 163
0.515030179 12.0718499 42.1434099 255 79 163
0.515030179 12.0718499 42.2569075 255 79 163
0.515030179 12.0469906 42.3676492 255 79 163
0.515030179 11.9984794 42.470257 255 79 163
0.515030179 11.9286719 42.5597479 255 79 163
63.8161666 11.9286719 42.5597479 255 79 163
63.8161666 11.9286719 41.8405694 255 79 163
63.8161666 11.9984794 41.9300604 255 79 163
63.8161666 12.0469906 42.0326682 255 79 163
63.8161666 12.0718499 42.1434099 255 79 163
63.8161666 12.0718499 42.2569075 255 79 163
63.8161666 12.0469906 42.3676492 255 79 163
63.8161666 11.9984794 42.470257 255 79 163
0.515030179 -1.11022302e-16 67.6279314 218 222 230
63.8161666 -1.11022302e-16 67.6279314 218 222 230
63.8161666 -3.55271368e-15 55.0007513 218 222 230
0.515030179 -3.55271368e-15 55.0007513 218 222 230
0 0.515030179 67.6279314 255 79 163
0.0129128819 0.515030179 67.7425364 255 79 163
0.0510040217 0.515030179 67.8513946 255 79 163
0.112363371 0.515030179 67.9490475 255 79 163
0.193914115 0.515030179 68.0305982 255 79 163
0.291566959 0.515030179 68.0919576 255 79 163
0.400425183 0.515030179 68.1300487 255 79 163
0.515030179 0.515030179 68.1429616 255 79 163
0 0.515030179 67.6279314 255 79 163
0.0129128819 0.400425183 67.6279314 255 79 163
0.0510040217 0.291566959 67.6279314 255 79 163
0.112363371 0.193914115 67.6279314 255 79 163
0.193914115 0.112363371 67.6279314 255 79 163
0.291566959 0.0510040217 67.6279314 255 79 163
0.400425183 0.0129128819 67.6279314 255 79 163
0.515030179 -1.11022302e-16 67.6279314 255 79 163
0.515030179 0.400425183 68.1300487 255 79 163
0.515030179 0.291566959 68.0919576 255 79 163
0.515030179 0.193914115 68.0305982 255 79 163
0.515030179 0.112363371 67.9490475 255 79 163
0.515030179 0.0510040217 67.8513946 255 79 163
0.515030179 0.0129128819 67.7425364 255 79 163
0.0252073712 0.490133152 67.785125 255 79 163
0.0252073712 0.442776194 67.7697378 255 79 163
0.0252073712 0.402491958 67.7404696 255 79 163
0.0983620116 0.421482347 67.915842 255 79 163
0.0252073712 0.373223748 67.7001854 255 79 163
0.0983620116 0.337091628 67.8728428 255 79 163
0.212303035 0.449848917 68.0394697 255 79 163
0.0252073712 0.35783654 67.6528284 255 79 163
0.0983620116 0.270118775 67.8058699 255 79 163
0.212303035 0.325866789 67.9991854 255 79 163
0.0983620116 0.227119556 67.7214792 255 79 163
0.212303035 0.220401292 67.9225603 255 79 163
0.355877101 0.363666607 68.0937806 255 79 163
0.212303035 0.143776123 67.8170948 255 79 163
0.355877101 0.227119556 68.0242064 255 79 163
0.212303035 0.103491888 67.6931127 255 79 163
0.355877101 0.118755203 67.915842 255 79 163
0.355877101 0.0491810058 67.779295 255 79 163
0 0.515030179 29.399566 255 79 163
0.0129128819 0.432983099 29.4795822 255 79 163
0.0510040217 0.355050202 29.555586 255 79 163
0.112363371 0.28513937 29.6237663 255 79 163
0.193914115 0.226756222 29.6807042 255 79 163
0.291566959 0.182828334 29.7235448 255 79 163
0.400425183 0.155558434 29.7501396 255 79 163
0.515030179 0.146313949 29.7591553 255 79 163
0 0.515030179 29.399566 255 79 163
0.0129128819 0.400425183 29.399566 255 79 163
0.0510040217 0.291566959 29.399566 255 79 163
0.112363371 0.193914115 29.399566 255 79 163
0.193914115 0.112363371 29.399566 255 79 163
0.291566959 0.0510040217 29.399566 255 79 163
0.400425183 0.0129128819 29.399566 255 79 163
0.515030179 0 29.399566 255 79 163
0.515030179 0.0841279833 29.6816642 255 79 163
0.515030179 0.0379787817 29.5936744 255 79 163
0.515030179 0.00958386541 29.4984605 255 79 163
0.0252073712 0.387760709 29.4951285 255 79 163
0.0252073712 0.36761319 29.4595488 255 79 163
0.0252073712 0.357195636 29.4200101 255 79 163
0.0983620116 0.251605439 29.5487342 255 79 163
0.0983620116 0.222293486 29.4766955 255 79 163
0.212303035 0.181834381 29.6497518 255 79 163
0.212303035 0.129087491 29.556603 255 79 163
0.212303035 0.10181398 29.4530893 255 79 163
0.355877101 0.088799996 29.6409251 255 79 163
0.355877101 0.0413722602 29.5243641 255 79 163
63.8161666 0.146313949 29.7591553 218 222 230
0.515030179 0.146313949 29.7591553 218 222 230
0.515030179 11.9286719 41.8405694 218 222 230
63.8161666 11.9286719 41.8405694 218 222 230
0.515030179 0.515030179 68.1429616 218 222 230
63.8161666 0.515030179 68.1429616 218 222 230
63.8161666 35.0696172 68.1429616 218 222 230
41.1365324 35.0696172 68.1429616 218 222 230
41.1365324 30.6548145 68.1429616 218 222 230
41.1107066 30.4256045 68.1429616 218 222 230
41.0345244 30.2078881 68.1429616 218 222 230
40.9118057 30.0125824 68.1429616 218 222 230
40.7487042 29.8494809 68.1429616 218 222 230
40.5533985 29.7267622 68.1429616 218 222 230
40.335682 29.6505799 68.1429616 218 222 230
40.1064721 29.6247541 68.1429616 218 222 230
20.6403562 29.6247541 68.1429616 218 222 230
19.6102958 30.6548145 68.1429616 218 222 230
19.6361216 30.4256045 68.1429616 218 222 230
19.7123039 30.2078881 68.1429616 218 222 230
19.8350226 30.0125824 68.1429616 218 222 230
19.9981241 29.8494809 68.1429616 218 222 230
20.1934297 29.7267622 68.1429616 218 222 230
20.4111462 29.6505799 68.1429616 218 222 230
19.6102958 35.0696172 68.1429616 218 222 230
0.515030179 35.0696172 68.1429616 218 222 230
0.515030179 35.0696172 68.1429616 255 79 163
0.515030179 35.1842222 68.1300487 255 79 163
0.515030179 35.2930805 68.0919576 255 79 163
0.515030179 35.3907333 68.0305982 255 79 163
0.515030179 35.472284 67.9490475 255 79 163
0.515030179 35.5336434 67.8513946 255 79 163
0.515030179 35.5717345 67.7425364 255 79 163
0.515030179 35.5846474 67.6279314 255 79 163
0 35.0696172 67.6279314 255 79 163
0.0129128819 35.1842222 67.6279314 255 79 163
0.0510040217 35.2930805 67.6279314 255 79 163
0.112363371 35.3907333 67.6279314 255 79 163
0.193914115 35.472284 67.6279314 255 79 163
0.291566959 35.5336434 67.6279314 255 79 163
0.400425183 35.5717345 67.6279314 255 79 163
0 35.0696172 67.6279314 255 79 163
0.0129128819 35.0696172 67.7425364 255 79 163
0.0510040217 35.0696172 67.8513946 255 79 163
0.112363371 35.0696172 67.9490475 255 79 163
0.193914115 35.0696172 68.0305982 255 79 163
0.291566959 35.0696172 68.0919576 255 79 163
0.400425183 35.0696172 68.1300487 255 79 163
0.0252073712 35.2268109 67.6528284 255 79 163
0.0252073712 35.2114237 67.7001854 255 79 163
0.0252073712 35.1821555 67.7404696 255 79 163
0.0983620116 35.3575279 67.7214792 255 79 163
0.0252073712 35.1418712 67.7697378 255 79 163
0.0983620116 35.3145286 67.8058699 255 79 163
0.212303035 35.4811555 67.6931127 255 79 163
0.0252073712 35.0945143 67.785125 255 79 163
0.0983620116 35.2475558 67.8728428 255 79 163
0.212303035 35.4408713 67.8170948 255 79 163
0.0983620116 35.1631651 67.915842 255 79 163
0.212303035 35.3642461 67.9225603 255 79 163
0.355877101 35.5354664 67.779295 255 79 163
0.212303035 35.2587806 67.9991854 255 79 163
0.355877101 35.4658922 67.915842 255 79 163
0.212303035 35.1347985 68.0394697 255 79 163
0.355877101 35.3575279 68.0242064 255 79 163
0.355877101 35.2209808 68.0937806 255 79 163
0.515030179 -1.11022302e-16 0.515030179 255 79 163
0.400425183 0.0129128819 0.515030179 255 79 163
0.291566959 0.0510040217 0.515030179 255 79 163
0.193914115 0.112363371 0.515030179 255 79 163
0.112363371 0.193914115 0.515030179 255 79 163
0.0510040217 0.291566959 0.515030179 255 79 163
0.0129128819 0.400425183 0.515030179 255 79 163
-1.11022302e-16 0.515030179 0.515030179 255 79 163
0.515030179 0.515030179 0 255 79 163
0.400425183 0.515030179 0.0129128819 255 79 163
0.291566959 0.515030179 0.0510040217 255 79 163
0.193914115 0.515030179 0.112363371 255 79 163
0.112363371 0.515030179 0.193914115 255 79 163
0.0510040217 0.515030179 0.291566959 255 79 163
0.0129128819 0.515030179 0.400425183 255 79 163
0.515030179 0.515030179 0 255 79 163
0.515030179 0.400425183 0.0129128819 255 79 163
0.515030179 0.291566959 0.0510040217 255 79 163
0.515030179 0.193914115 0.112363371 255 79 163
0.515030179 0.112363371 0.193914115 255 79 163
0.515030179 0.0510040217 0.291566959 255 79 163
0.515030179 0.0129128819 0.400425183 255 79 163
0.35783654 0.490133152 0.0252073712 255 79 163
0.373223748 0.442776194 0.0252073712 255 79 163
0.402491958 0.402491958 0.0252073712 255 79 163
0.227119556 0.421482347 0.0983620116 255 79 163
0.442776194 0.373223748 0.0252073712 255 79 163
0.270118775 0.337091628 0.0983620116 255 79 163
0.103491888 0.449848917 0.212303035 255 79 163
0.490133152 0.35783654 0.0252073712 255 79 163
0.337091628 0.270118775 0.0983620116 255 79 163
0.143776123 0.325866789 0.212303035 255 79 163
0.421482347 0.227119556 0.0983620116 255 79 163
0.220401292 0.220401292 0.212303035 255 79 163
0.0491810058 0.363666607 0.355877101 255 79 163
0.325866789 0.143776123 0.212303035 255 79 163
0.118755203 0.227119556 0.355877101 255 79 163
0.449848917 0.103491888 0.212303035 255 79 163
0.227119556 0.118755203 0.355877101 255 79 163
0.363666607 0.0491810058 0.355877101 255 79 163
47.0805832 0 0.515030179 218 222 230
46.8545985 0 1.88631712 218 222 230
46.3767504 0 3.19136814 218 222 230
45.6638181 0 4.38435783 218 222 230
44.7408352 0 5.42339569 218 222 230
43.6402115 0 6.27199705 218 222 230
42.4005939 0 6.90036424 218 222 230
41.0655104 0 7.28643283 218 222 230
39.6818409 0 7.41664646 218 222 230
34.5791795 -1.11022302e-16 7.41664646 218 222 230
33.19551 0 7.28643283 218 222 230
31.8604265 0 6.90036424 218 222 230
30.6208089 0 6.27199705 218 222 230
29.5201851 0 5.42339569 218 222 230
28.5972023 0 4.38435783 218 222 230
27.8842699 0 3.19136814 218 222 230
27.4064219 0 1.88631712 218 222 230
27.1804371 0 0.515030179 218 222 230
0.515030179 -1.11022302e-16 0.515030179 218 222 230
0.515030179 0 29.399566 218 222 230
63.8161666 0 29.399566 218 222 230
63.8161666 -1.11022302e-16 0.515030179 218 222 230
54.8075567 0 0.596352508 218 222 230
55.1701272 0 0.640376531 218 222 230
55.5116264 0 0.769890085 218 222 230
55.8122076 0 0.977366314 218 222 230
56.0544021 0 1.25074745 218 222 230
56.2241346 0 1.57414558 218 222 230
56.3115406 0 1.92876598 218 222 230
56.3115406 0 2.29399939 218 222 230
56.2241346 0 2.64861979 218 222 230
56.0544021 0 2.97201792 218 222 230
55.8122076 0 3.24539906 218 222 230
55.5116264 0 3.45287529 218 222 230
55.1701272 0 3.58238884 218 222 230
54.8075567 0 3.62641287 218 222 230
54.4449863 0 3.58238884 218 222 230
54.1034871 0 3.45287529 218 222 230
53.8029059 0 3.24539906 218 222 230
53.5607113 0 2.97201792 218 222 230
53.3909789 0 2.64861979 218 222 230
53.3035728 0 2.29399939 218 222 230
53.3035728 0 1.92876598 218 222 230
53.3909789 0 1.57414558 218 222 230
53.5607113 0 1.25074745 218 222 230
53.8029059 0 0.977366314 218 222 230
54.1034871 0 0.769890085 218 222 230
54.4449863 0 0.640376531 218 222 230
0 35.0696172 0.515030179 255 79 163
0.0129128819 35.0696172 0.400425183 255 79 163
0.0510040217 35.0696172 0.291566959 255 79 163
0.112363371 35.0696172 0.193914115 255 79 163
0.193914115 35.0696172 0.112363371 255 79 163
0.291566959 35.0696172 0.0510040217 255 79 163
0.400425183 35.0696172 0.0129128819 255 79 163
0.515030179 35.0696172 -1.11022302e-16 255 79 163
0 35.0696172 0.515030179 255 79 163
0.0129128819 35.1842222 0.515030179 255 79 163
0.0510040217 35.2930805 0.515030179 255 79 163
0.112363371 35.3907333 0.515030179 255 79 163
0.193914115 35.472284 0.515030179 255 79 163
0.291566959 35.5336434 0.515030179 255 79 163
0.400425183 35.5717345 0.515030179 255 79 163
0.515030179 35.5846474 0.515030179 255 79 163
0.515030179 35.1842222 0.0129128819 255 79 163
0.515030179 35.2930805 0.0510040217 255 79 163
0.515030179 35.3907333 0.112363371 255 79 163
0.515030179 35.472284 0.193914115 255 79 163
0.515030179 35.5336434 0.291566959 255 79 163
0.515030179 35.5717345 0.400425183 255 79 163
0.0252073712 35.0945143 0.35783654 255 79 163
0.0252073712 35.1418712 0.373223748 255 79 163
0.0252073712 35.1821555 0.402491958 255 79 163
0.0983620116 35.1631651 0.227119556 255 79 163
0.0252073712 35.2114237 0.442776194 255 79 163
0.0983620116 35.2475558 0.270118775 255 79 163
0.212303035 35.1347985 0.103491888 255 79 163
0.0252073712 35.2268109 0.490133152 255 79 163
0.0983620116 35.3145286 0.337091628 255 79 163
0.212303035 35.2587806 0.143776123 255 79 163
0.0983620116 35.3575279 0.421482347 255 79 163
0.212303035 35.3642461 0.220401292 255 79 163
0.355877101 35.2209808 0.0491810058 255 79 163
0.212303035 35.4408713 0.325866789 255 79 163
0.355877101 35.3575279 0.118755203 255 79 163
0.212303035 35.4811555 0.449848917 255 79 163
0.355877101 35.4658922 0.227119556 255 79 163
0.355877101 35.5354664 0.363666607 255 79 163
19.6102958 35.5846474 67.6279314 218 222 230
19.6102958 35.5846474 0.515030179 218 222 230
0.515030179 35.5846474 0.515030179 218 222 230
0.515030179 35.5846474 67.6279314 218 222 230
41.1365324 35.0696172 -1.11022302e-16 218 222 230
63.8161666 35.0696172 -1.11022302e-16 218 222 230
41.1365324 30.6548145 0 218 222 230
40.1064721 29.6247541 0 218 222 230
40.335682 29.6505799 0 218 222 230
40.5533985 29.7267622 0 218 222 230
40.7487042 29.8494809 0 218 222 230
40.9118057 30.0125824 0 218 222 230
41.0345244 30.2078881 0 218 222 230
41.1107066 30.4256045 0 218 222 230
20.6403562 29.6247541 0 218 222 230
20.4111462 29.6505799 0 218 222 230
20.1934297 29.7267622 0 218 222 230
19.9981241 29.8494809 0 218 222 230
19.8350226 30.0125824 0 218 222 230
19.7123039 30.2078881 0 218 222 230
19.6361216 30.4256045 0 218 222 230
19.6102958 30.6548145 0 218 222 230
19.6102958 35.0696172 0 218 222 230
0.515030179 35.0696172 -1.11022302e-16 218 222 230
0.515030179 0.515030179 0 218 222 230
27.1804371 0.515030179 0 218 222 230
27.1804371 26.532406 0 218 222 230
27.2091195 26.7735097 -1.14506998e-17 218 222 230
27.293528 27.001102 -1.28207445e-17 218 222 230
27.4288188 27.2024976 -3.57057977e-17 218 222 230
27.6073174 27.3665956 -9.97602001e-18 218 222 230
27.8190312 27.4844829 1.39048929e-17 218 222 230
28.0124179 27.5427946 -2.94949578e-17 218 222 230
28.2133939 27.5624663 0 218 222 230
46.0476264 27.5624663 0 218 222 230
46.2881273 27.534176 -1.36426105e-17 218 222 230
46.5155562 27.4507677 -5.01149122e-18 218 222 230
46.7174281 27.3166411 1.09526528e-17 218 222 230
46.8825314 27.1390017 -3.50439677e-17 218 222 230
47.001584 26.9275481 -3.93971964e-17 218 222 230
47.0606364 26.733905 5.95457809e-17 218 222 230
47.0805832 26.532406 0 218 222 230
47.0805832 0.515030179 0 218 222 230
63.8161666 0.515030179 0 218 222 230
63.8161666 0.146313949 54.6411621 255 79 163
0.515030179 0.146313949 54.6411621 255 79 163
63.8161666 0.0841279833 54.7186532 255 79 163
63.8161666 0.0379787817 54.806643 255 79 163
63.8161666 0.00958386541 54.9018569 255 79 163
63.8161666 -3.55271368e-15 55.0007513 255 79 163
0.515030179 -3.55271368e-15 55.0007513 255 79 163
0.515030179 0.00958386541 54.9018569 255 79 163
0.515030179 0.0379787817 54.806643 255 79 163
0.515030179 0.0841279833 54.7186532 255 79 163
64.3311968 12.2973882 42.9193372 255 79 163
64.3182839 12.2153411 42.8393211 255 79 163
64.2801928 12.1374082 42.7633173 255 79 163
64.2188334 12.0674974 42.695137 255 79 163
64.1372827 12.0091142 42.638199 255 79 163
64.0396298 11.9651863 42.5953585 255 79 163
63.9307716 11.9379164 42.5687636 255 79 163
63.8161666 11.9286719 42.5597479 255 79 163
64.3311968 0.515030179 55.0007513 255 79 163
64.3182839 0.432983099 54.9207352 255 79 163
64.2801928 0.355050202 54.8447314 255 79 163
64.2188334 0.28513937 54.7765511 255 79 163
64.1372827 0.226756222 54.7196132 255 79 163
64.0396298 0.182828334 54.6767726 255 79 163
63.9307716 0.155558434 54.6501778 255 79 163
63.8161666 0.146313949 54.6411621 255 79 163
64.3311968 12.2973882 41.4809802 255 79 163
64.3182839 12.2153411 41.5609963 255 79 163
64.2801928 12.1374082 41.6370001 255 79 163
64.2188334 12.0674974 41.7051804 255 79 163
64.1372827 12.0091142 41.7621184 255 79 163
64.0396298 11.9651863 41.8049589 255 79 163
63.9307716 11.9379164 41.8315538 255 79 163
63.8161666 11.9286719 41.8405694 255 79 163
64.3311968 12.437003 41.6599621 255 79 163
64.3311968 12.5340256 41.8651777 255 79 163
64.3311968 12.5837441 42.0866611 255 79 163
64.3311968 12.5837441 42.3136563 255 79 163
64.3311968 12.5340256 42.5351397 255 79 163
64.3311968 12.437003 42.7403553 255 79 163
64.3311968 12.2973882 42.9193372 255 79 163
64.3182839 12.2153411 42.8393211 255 79 163
64.2801928 12.1374082 42.7633173 255 79 163
64.2188334 12.0674974 42.695137 255 79 163
64.1372827 12.0091142 42.638199 255 79 163
64.0396298 11.9651863 42.5953585 255 79 163
63.9307716 11.9379164 42.5687636 255 79 163
63.8161666 11.9286719 42.5597479 255 79 163
63.8161666 11.9984794 41.9300604 255 79 163
63.8161666 12.0469906 42.0326682 255 79 163
63.8161666 12.0718499 42.1434099 255 79 163
63.8161666 12.0718499 42.2569075 255 79 163
63.8161666 12.0469906 42.3676492 255 79 163
63.8161666 11.9984794 42.470257 255 79 163
64.3182839 12.3394223 41.7200646 255 79 163
64.2801928 12.2467347 41.7771534 255 79 163
64.3182839 12.4256501 41.9024478 255 79 163
64.2188334 12.163588 41.8283656 255 79 163
64.2801928 12.322709 41.9378491 255 79 163
64.3182839 12.4698369 42.0992889 255 79 163
64.1372827 12.0941514 41.8711334 255 79 163
64.2188334 12.2303643 41.9696063 255 79 163
64.2801928 12.3616415 42.1112835 255 79 163
64.0396298 12.0419069 41.9033123 255 79 163
64.3182839 12.4698369 42.3010285 255 79 163
64.1372827 12.1532463 41.996127 255 79 163
64.2188334 12.2645833 42.1220434 255 79 163
63.9307716 12.0094741 41.9232885 255 79 163
64.2801928 12.3616415 42.2890339 255 79 163
64.0396298 12.0952223 42.0160814 255 79 163
64.3182839 12.4256501 42.4978695 255 79 163
64.1372827 12.1835291 42.1310291 255 79 163
64.2188334 12.2645833 42.278274 255 79 163
63.9307716 12.0592016 42.0284689 255 79 163
64.2801928 12.322709 42.4624683 255 79 163
64.0396298 12.1225434 42.13779 255 79 163
64.3182839 12.3394223 42.6802528 255 79 163
64.1372827 12.1835291 42.2692883 255 79 163
64.2188334 12.2303643 42.4307111 255 79 163
63.9307716 12.0846842 42.1419871 255 79 163
64.2801928 12.2467347 42.623164 255 79 163
64.0396298 12.1225434 42.2625274 255 79 163
64.1372827 12.1532463 42.4041903 255 79 163
64.2188334 12.163588 42.5719518 255 79 163
63.9307716 12.0846842 42.2583303 255 79 163
64.0396298 12.0952223 42.384236 255 79 163
64.1372827 12.0941514 42.5291839 255 79 163
63.9307716 12.0592016 42.3718485 255 79 163
64.0396298 12.0419069 42.4970051 255 79 163
63.9307716 12.0094741 42.4770289 255 79 163
63.8161666 0.515030179 68.1429616 255 79 163
63.8161666 0.400425183 68.1300487 255 79 163
63.8161666 0.291566959 68.0919576 255 79 163
63.8161666 0.193914115 68.0305982 255 79 163
63.8161666 0.112363371 67.9490475 255 79 163
63.8161666 0.0510040217 67.8513946 255 79 163
63.8161666 0.0129128819 67.7425364 255 79 163
63.8161666 -1.11022302e-16 67.6279314 255 79 163
0.515030179 0.515030179 68.1429616 255 79 163
0.515030179 0.400425183 68.1300487 255 79 163
0.515030179 0.291566959 68.0919576 255 79 163
0.515030179 0.193914115 68.0305982 255 79 163
0.515030179 0.112363371 67.9490475 255 79 163
0.515030179 0.0510040217 67.8513946 255 79 163
0.515030179 0.0129128819 67.7425364 255 79 163
0.515030179 -1.11022302e-16 67.6279314 255 79 163
64.3311968 0.515030179 55.0007513 255 79 163
64.3182839 0.400425183 55.0007513 255 79 163
64.2801928 0.291566959 55.0007513 255 79 163
64.2188334 0.193914115 55.0007513 255 79 163
64.1372827 0.112363371 55.0007513 255 79 163
64.0396298 0.0510040217 55.0007513 255 79 163
63.9307716 0.0129128819 55.0007513 255 79 163
63.8161666 -3.55271368e-15 55.0007513 255 79 163
64.3311968 0.515030179 67.6279314 255 79 163
64.3182839 0.400425183 67.6279314 255 79 163
64.2801928 0.291566959 67.6279314 255 79 163
64.2188334 0.193914115 67.6279314 255 79 163
64.1372827 0.112363371 67.6279314 255 79 163
64.0396298 0.0510040217 67.6279314 255 79 163
63.9307716 0.0129128819 67.6279314 255 79 163
63.8161666 -1.11022302e-16 67.6279314 255 79 163
63.8161666 0 29.399566 255 79 163
0.515030179 0 29.399566 255 79 163
63.8161666 0.146313949 29.7591553 255 79 163
63.8161666 0.0841279833 29.6816642 255 79 163
63.8161666 0.0379787817 29.5936744 255 79 163
63.8161666 0.00958386541 29.4984605 255 79 163
0.515030179 0.146313949 29.7591553 255 79 163
0.515030179 0.0841279833 29.6816642 255 79 163
0.515030179 0.0379787817 29.5936744 255 79 163
0.515030179 0.00958386541 29.4984605 255 79 163
64.3311968 0.515030179 29.399566 255 79 163
64.3182839 0.432983099 29.4795822 255 79 163
64.2801928 0.355050202 29.555586 255 79 163
64.2188334 0.28513937 29.6237663 255 79 163
64.1372827 0.226756222 29.6807042 255 79 163
64.0396298 0.182828334 29.7235448 255 79 163
63.9307716 0.155558434 29.7501396 255 79 163
63.8161666 0.146313949 29.7591553 255 79 163
64.3311968 12.2973882 41.4809802 255 79 163
64.3182839 12.2153411 41.5609963 255 79 163
64.2801928 12.1374082 41.6370001 255 79 163
64.2188334 12.0674974 41.7051804 255 79 163
64.1372827 12.0091142 41.7621184 255 79 163
64.0396298 11.9651863 41.8049589 255 79 163
63.9307716 11.9379164 41.8315538 255 79 163
63.8161666 11.9286719 41.8405694 255 79 163
64.3311968 0.515030179 67.6279314 255 79 163
64.3182839 0.515030179 67.7425364 255 79 163
64.2801928 0.515030179 67.8513946 255 79 163
64.2188334 0.515030179 67.9490475 255 79 163
64.1372827 0.515030179 68.0305982 255 79 163
64.0396298 0.515030179 68.0919576 255 79 163
63.9307716 0.515030179 68.1300487 255 79 163
63.8161666 0.515030179 68.1429616 255 79 163
64.3311968 35.0696172 67.6279314 255 79 163
63.8161666 35.0696172 68.1429616 255 79 163
63.9307716 35.0696172 68.1300487 255 79 163
64.0396298 35.0696172 68.0919576 255 79 163
64.1372827 35.0696172 68.0305982 255 79 163
64.2188334 35.0696172 67.9490475 255 79 163
64.2801928 35.0696172 67.8513946 255 79 163
64.3182839 35.0696172 67.7425364 255 79 163
19.6102958 35.0696172 68.1429616 255 79 163
19.6102958 35.1842222 68.1300487 255 79 163
19.6102958 35.2930805 68.0919576 255 79 163
19.6102958 35.3907333 68.0305982 255 79 163
19.6102958 35.472284 67.9490475 255 79 163
19.6102958 35.5336434 67.8513946 255 79 163
19.6102958 35.5717345 67.7425364 255 79 163
19.6102958 35.5846474 67.6279314 255 79 163
0.515030179 35.5846474 67.6279314 255 79 163
0.515030179 35.0696172 68.1429616 255 79 163
0.515030179 35.1842222 68.1300487 255 79 163
0.515030179 35.2930805 68.0919576 255 79 163
0.515030179 35.3907333 68.0305982 255 79 163
0.515030179 35.472284 67.9490475 255 79 163
0.515030179 35.5336434 67.8513946 255 79 163
0.515030179 35.5717345 67.7425364 255 79 163
63.8161666 35.5846474 67.6279314 255 79 163
63.8161666 35.5717345 67.7425364 255 79 163
63.8161666 35.5336434 67.8513946 255 79 163
63.8161666 35.472284 67.9490475 255 79 163
63.8161666 35.3907333 68.0305982 255 79 163
63.8161666 35.2930805 68.0919576 255 79 163
63.8161666 35.1842222 68.1300487 255 79 163
63.8161666 35.0696172 68.1429616 255 79 163
41.1365324 35.5846474 67.6279314 255 79 163
41.1365324 35.5717345 67.7425364 255 79 163
41.1365324 35.5336434 67.8513946 255 79 163
41.1365324 35.472284 67.9490475 255 79 163
41.1365324 35.3907333 68.0305982 255 79 163
41.1365324 35.2930805 68.0919576 255 79 163
41.1365324 35.1842222 68.1300487 255 79 163
41.1365324 35.0696172 68.1429616 255 79 163
19.6102958 35.0696172 68.1429616 255 79 163
19.6102958 30.6548145 68.1429616 255 79 163
19.7249008 30.6548145 68.1300487 255 79 163
19.833759 30.6548145 68.0919576 255 79 163
19.9314119 30.6548145 68.0305982 255 79 163
20.0129626 30.6548145 67.9490475 255 79 163
20.074322 30.6548145 67.8513946 255 79 163
20.1124131 30.6548145 67.7425364 255 79 163
20.125326 30.6548145 67.6279314 255 79 163
20.125326 35.0696172 67.6279314 255 79 163
19.7249008 35.0696172 68.1300487 255 79 163
19.833759 35.0696172 68.0919576 255 79 163
19.9314119 35.0696172 68.0305982 255 79 163
20.0129626 35.0696172 67.9490475 255 79 163
20.074322 35.0696172 67.8513946 255 79 163
20.1124131 35.0696172 67.7425364 255 79 163
41.1365324 30.6548145 68.1429616 255 79 163
41.1365324 35.0696172 68.1429616 255 79 163
40.6215022 35.0696172 67.6279314 255 79 163
40.6344151 35.0696172 67.7425364 255 79 163
40.6725063 35.0696172 67.8513946 255 79 163
40.7338656 35.0696172 67.9490475 255 79 163
40.8154163 35.0696172 68.0305982 255 79 163
40.9130692 35.0696172 68.0919576 255 79 163
41.0219274 35.0696172 68.1300487 255 79 163
40.6215022 30.6548145 67.6279314 255 79 163
41.0219274 30.6548145 68.1300487 255 79 163
40.9130692 30.6548145 68.0919576 255 79 163
40.8154163 30.6548145 68.0305982 255 79 163
40.7338656 30.6548145 67.9490475 255 79 163
40.6725063 30.6548145 67.8513946 255 79 163
40.6344151 30.6548145 67.7425364 255 79 163
19.6102958 30.6548145 68.1429616 255 79 163
19.7249008 30.6548145 68.1300487 255 79 163
19.833759 30.6548145 68.0919576 255 79 163
19.9314119 30.6548145 68.0305982 255 79 163
20.0129626 30.6548145 67.9490475 255 79 163
20.074322 30.6548145 67.8513946 255 79 163
20.1124131 30.6548145 67.7425364 255 79 163
20.125326 30.6548145 67.6279314 255 79 163
19.6361216 30.4256045 68.1429616 255 79 163
19.7123039 30.2078881 68.1429616 255 79 163
19.8350226 30.0125824 68.1429616 255 79 163
19.9981241 29.8494809 68.1429616 255 79 163
20.1934297 29.7267622 68.1429616 255 79 163
20.4111462 29.6505799 68.1429616 255 79 163
20.6403562 29.6247541 68.1429616 255 79 163
20.6403562 29.7393591 68.1300487 255 79 163
20.6403562 29.8482174 68.0919576 255 79 163
20.6403562 29.9458702 68.0305982 255 79 163
20.6403562 30.0274209 67.9490475 255 79 163
20.6403562 30.0887803 67.8513946 255 79 163
20.6403562 30.1268714 67.7425364 255 79 163
20.6403562 30.1397843 67.6279314 255 79 163
20.1382389 30.5402095 67.6279314 255 79 163
20.17633 30.4313513 67.6279314 255 79 163
20.2376894 30.3336984 67.6279314 255 79 163
20.3192401 30.2521477 67.6279314 255 79 163
20.416893 30.1907883 67.6279314 255 79 163
20.5257512 30.1526972 67.6279314 255 79 163
19.7478532 30.4511065 68.1300487 255 79 163
19.8539821 30.4753297 68.0919576 255 79 163
19.8155594 30.2576133 68.1300487 255 79 163
19.9491866 30.4970595 68.0305982 255 79 163
19.9136373 30.3048451 68.0919576 255 79 163
19.9246244 30.0840374 68.1300487 255 79 163
20.0286927 30.5152063 67.9490475 255 79 163
20.0016194 30.3472151 68.0305982 255 79 163
20.0097332 30.1519094 68.0919576 255 79 163
20.0885136 30.52886 67.8513946 255 79 163
20.0695791 29.9390827 68.1300487 255 79 163
20.0750941 30.3825986 67.9490475 255 79 163
20.0860812 30.212795 68.0305982 255 79 163
20.1256498 30.5373361 67.7425364 255 79 163
20.1374511 30.0241915 68.0919576 255 79 163
20.130377 30.4092215 67.8513946 255 79 163
20.243155 29.8300177 68.1300487 255 79 163
20.1498402 30.263641 67.9490475 255 79 163
20.1983366 30.1005395 68.0305982 255 79 163
20.1646959 30.4257486 67.7425364 255 79 163
20.2903868 29.9280956 68.0919576 255 79 163
20.1978128 30.3018979 67.8513946 255 79 163
20.4366482 29.7623115 68.1300487 255 79 163
20.2491827 30.1642985 67.9490475 255 79 163
20.3327568 30.0160778 68.0305982 255 79 163
20.2275937 30.3256474 67.7425364 255 79 163
20.4608714 29.8684404 68.0919576 255 79 163
20.2874396 30.2122711 67.8513946 255 79 163
20.3681403 30.0895524 67.9490475 255 79 163
20.4826012 29.9636449 68.0305982 255 79 163
20.3111891 30.242052 67.7425364 255 79 163
20.3947632 30.1448353 67.8513946 255 79 163
20.500748 30.043151 67.9490475 255 79 163
20.4112903 30.1791542 67.7425364 255 79 163
20.5144017 30.1029719 67.8513946 255 79 163
20.5228778 30.1401081 67.7425364 255 79 163
40.6215022 30.6548145 67.6279314 255 79 163
40.6085894 30.5402095 67.6279314 255 79 163
40.5704982 30.4313513 67.6279314 255 79 163
40.5091389 30.3336984 67.6279314 255 79 163
40.4275881 30.2521477 67.6279314 255 79 163
40.3299353 30.1907883 67.6279314 255 79 163
40.221077 30.1526972 67.6279314 255 79 163
40.1064721 30.1397843 67.6279314 255 79 163
40.1064721 29.6247541 68.1429616 255 79 163
40.1064721 29.7393591 68.1300487 255 79 163
40.1064721 29.8482174 68.0919576 255 79 163
40.1064721 29.9458702 68.0305982 255 79 163
40.1064721 30.0274209 67.9490475 255 79 163
40.1064721 30.0887803 67.8513946 255 79 163
40.1064721 30.1268714 67.7425364 255 79 163
41.1365324 30.6548145 68.1429616 255 79 163
41.1107066 30.4256045 68.1429616 255 79 163
41.0345244 30.2078881 68.1429616 255 79 163
40.9118057 30.0125824 68.1429616 255 79 163
40.7487042 29.8494809 68.1429616 255 79 163
40.5533985 29.7267622 68.1429616 255 79 163
40.335682 29.6505799 68.1429616 255 79 163
41.0219274 30.6548145 68.1300487 255 79 163
40.9130692 30.6548145 68.0919576 255 79 163
40.8154163 30.6548145 68.0305982 255 79 163
40.7338656 30.6548145 67.9490475 255 79 163
40.6725063 30.6548145 67.8513946 255 79 163
40.6344151 30.6548145 67.7425364 255 79 163
40.31018 29.7623115 68.1300487 255 79 163
40.2859568 29.8684404 68.0919576 255 79 163
40.5036732 29.8300177 68.1300487 255 79 163
40.264227 29.9636449 68.0305982 255 79 163
40.4564414 29.9280956 68.0919576 255 79 163
40.6772491 29.9390827 68.1300487 255 79 163
40.2460803 30.043151 67.9490475 255 79 163
40.4140715 30.0160778 68.0305982 255 79 163
40.6093771 30.0241915 68.0919576 255 79 163
40.2324265 30.1029719 67.8513946 255 79 163
40.8222039 30.0840374 68.1300487 255 79 163
40.3786879 30.0895524 67.9490475 255 79 163
40.5484916 30.1005395 68.0305982 255 79 163
40.2239504 30.1401081 67.7425364 255 79 163
40.7370951 30.1519094 68.0919576 255 79 163
40.3520651 30.1448353 67.8513946 255 79 163
40.9312688 30.2576133 68.1300487 255 79 163
40.4976455 30.1642985 67.9490475 255 79 163
40.660747 30.212795 68.0305982 255 79 163
40.335538 30.1791542 67.7425364 255 79 163
40.833191 30.3048451 68.0919576 255 79 163
40.4593886 30.2122711 67.8513946 255 79 163
40.998975 30.4511065 68.1300487 255 79 163
40.5969881 30.263641 67.9490475 255 79 163
40.7452088 30.3472151 68.0305982 255 79 163
40.4356392 30.242052 67.7425364 255 79 163
40.8928461 30.4753297 68.0919576 255 79 163
40.5490154 30.3018979 67.8513946 255 79 163
40.6717341 30.3825986 67.9490475 255 79 163
40.7976416 30.4970595 68.0305982 255 79 163
40.5192346 30.3256474 67.7425364 255 79 163
40.6164512 30.4092215 67.8513946 255 79 163
40.7181355 30.5152063 67.9490475 255 79 163
40.5821323 30.4257486 67.7425364 255 79 163
40.6583146 30.52886 67.8513946 255 79 163
40.6211785 30.5373361 67.7425364 255 79 163
20.6403562 29.6247541 68.1429616 255 79 163
40.1064721 29.6247541 68.1429616 255 79 163
40.1064721 29.7393591 68.1300487 255 79 163
40.1064721 29.8482174 68.0919576 255 79 163
40.1064721 29.9458702 68.0305982 255 79 163
40.1064721 30.0274209 67.9490475 255 79 163
40.1064721 30.0887803 67.8513946 255 79 163
40.1064721 30.1268714 67.7425364 255 79 163
40.1064721 30.1397843 67.6279314 255 79 163
20.6403562 30.1397843 67.6279314 255 79 163
20.6403562 29.7393591 68.1300487 255 79 163
20.6403562 29.8482174 68.0919576 255 79 163
20.6403562 29.9458702 68.0305982 255 79 163
20.6403562 30.0274209 67.9490475 255 79 163
20.6403562 30.0887803 67.8513946 255 79 163
20.6403562 30.1268714 67.7425364 255 79 163
0.515030179 0.515030179 0 255 79 163
0.515030179 0.400425183 0.0129128819 255 79 163
0.515030179 0.291566959 0.0510040217 255 79 163
0.515030179 0.193914115 0.112363371 255 79 163
0.515030179 0.112363371 0.193914115 255 79 163
0.515030179 0.0510040217 0.291566959 255 79 163
0.515030179 0.0129128819 0.400425183 255 79 163
0.515030179 -1.11022302e-16 0.515030179 255 79 163
27.1804371 0.515030179 0 255 79 163
27.1804371 0 0.515030179 255 79 163
27.1804371 0.0129128819 0.400425183 255 79 163
27.1804371 0.0510040217 0.291566959 255 79 163
27.1804371 0.112363371 0.193914115 255 79 163
27.1804371 0.193914115 0.112363371 255 79 163
27.1804371 0.291566959 0.0510040217 255 79 163
27.1804371 0.400425183 0.0129128819 255 79 163
47.0805832 0 0.515030179 255 79 163
46.9662549 0.0129128819 0.507071726 255 79 163
46.8576595 0.0510040217 0.499512343 255 79 163
46.7602424 0.112363371 0.492731089 255 79 163
46.6788885 0.193914115 0.487068005 255 79 163
46.6176773 0.291566959 0.482807061 255 79 163
46.5796781 0.400425183 0.480161918 255 79 163
46.5667964 0.515030179 0.479265216 255 79 163
46.8545985 0 1.88631712 255 79 163
46.3767504 0 3.19136814 255 79 163
45.6638181 0 4.38435783 255 79 163
44.7408352 0 5.42339569 255 79 163
43.6402115 0 6.27199705 255 79 163
42.4005939 0 6.90036424 255 79 163
41.0655104 0 7.28643283 255 79 163
39.6818409 0 7.41664646 255 79 163
39.6818409 0.0129128819 7.30204147 255 79 163
39.6818409 0.0510040217 7.19318324 255 79 163
39.6818409 0.112363371 7.0955304 255 79 163
39.6818409 0.193914115 7.01397966 255 79 163
39.6818409 0.291566959 6.95262031 255 79 163
39.6818409 0.400425183 6.91452917 255 79 163
39.6818409 0.515030179 6.90161628 255 79 163
46.3070534 0.515030179 1.93361477 255 79 163
45.7437312 0.515030179 3.29936257 255 79 163
44.9026421 0.515030179 4.51392758 255 79 163
43.8223264 0.515030179 5.52165621 255 79 163
42.5522861 0.515030179 6.2763725 255 79 163
41.1507167 0.515030179 6.74349397 255 79 163
46.7437622 0.0129128819 1.85716899 255 79 163
46.6384837 0.0510040217 1.82948247 255 79 163
46.544042 0.112363371 1.80464588 255 79 163
46.465173 0.193914115 1.78390462 255 79 163
46.4058314 0.291566959 1.76829876 255 79 163
46.3689928 0.400425183 1.75861082 255 79 163
46.273298 0.0129128819 3.14205384 255 79 163
46.1750331 0.0510040217 3.09521237 255 79 163
46.0868832 0.112363371 3.05319254 255 79 163
46.0132684 0.193914115 3.01810142 255 79 163
46.0954362 0.0129128819 3.49078844 255 79 163
45.9578801 0.291566959 2.99169861 255 79 163
45.9998229 0.0510040217 3.43874805 255 79 163
45.9234957 0.400425183 2.97530807 255 79 163
45.9140516 0.112363371 3.39206448 255 79 163
45.8424232 0.193914115 3.35307861 255 79 163
45.7885295 0.291566959 3.32374538 255 79 163
45.7550729 0.400425183 3.30553566 255 79 163
45.5713821 0.0129128819 4.31660897 255 79 163
45.4835814 0.0510040217 4.25225733 255 79 163
45.4048184 0.112363371 4.19452975 255 79 163
45.3390427 0.193914115 4.14632095 255 79 163
45.2895527 0.291566959 4.11004831 255 79 163
45.205548 0.0129128819 4.77582134 255 79 163
45.2588299 0.400425183 4.0875307 255 79 163
45.123201 0.0510040217 4.7046238 255 79 163
45.0493305 0.112363371 4.64075501 255 79 163
44.9876405 0.193914115 4.58741763 255 79 163
44.9412246 0.291566959 4.54728621 255 79 163
44.9124101 0.400425183 4.52237311 255 79 163
44.6626616 0.0129128819 5.3395912 255 79 163
44.588408 0.0510040217 5.25998902 255 79 163
44.5217976 0.112363371 5.18858073 255 79 163
44.4661708 0.193914115 5.12894705 255 79 163
44.4243167 0.291566959 5.08407825 255 79 163
44.3983343 0.400425183 5.05622424 255 79 163
44.0625534 0.0129128819 5.84201742 255 79 163
43.9972461 0.0510040217 5.75492512 255 79 163
43.9386612 0.112363371 5.6767977 255 79 163
43.8897365 0.193914115 5.61155282 255 79 163
43.8529252 0.291566959 5.56246211 255 79 163
43.5790451 0.0129128819 6.17507964 255 79 163
43.8300732 0.400425183 5.53198719 255 79 163
43.5209459 0.0510040217 6.08302207 255 79 163
43.4688272 0.112363371 6.00044049 255 79 163
43.4253024 0.193914115 5.93147589 255 79 163
43.392554 0.291566959 5.87958645 255 79 163
43.3722243 0.400425183 5.84737411 255 79 163
42.7188265 0.0129128819 6.64052163 255 79 163
42.6735514 0.0510040217 6.54152529 255 79 163
42.6329367 0.112363371 6.45271919 255 79 163
42.599019 0.193914115 6.37855644 255 79 163
42.5734991 0.291566959 6.32275587 255 79 163
42.5576566 0.400425183 6.28811555 255 79 163
41.2127711 0.0510040217 7.02838087 255 79 163
41.1919876 0.112363371 6.93296534 255 79 163
41.1746311 0.193914115 6.853283 255 79 163
41.161572 0.291566959 6.79332945 255 79 163
41.153465 0.400425183 6.75611101 255 79 163
47.0805832 0 0.515030179 255 79 163
47.0805832 0.0129128819 0.400425183 255 79 163
47.0805832 0.0510040217 0.291566959 255 79 163
47.0805832 0.112363371 0.193914115 255 79 163
47.0805832 0.193914115 0.112363371 255 79 163
47.0805832 0.291566959 0.0510040217 255 79 163
47.0805832 0.400425183 0.0129128819 255 79 163
47.0805832 0.515030179 0 255 79 163
63.8161666 0.515030179 0 255 79 163
63.8161666 0.400425183 0.0129128819 255 79 163
63.8161666 0.291566959 0.0510040217 255 79 163
63.8161666 0.193914115 0.112363371 255 79 163
63.8161666 0.112363371 0.193914115 255 79 163
63.8161666 0.0510040217 0.291566959 255 79 163
63.8161666 0.0129128819 0.400425183 255 79 163
63.8161666 -1.11022302e-16 0.515030179 255 79 163
39.6818409 0 7.41664646 255 79 163
34.5791795 -1.11022302e-16 7.41664646 255 79 163
34.5791795 0.0129128819 7.30204147 255 79 163
34.5791795 0.0510040217 7.19318324 255 79 163
34.5791795 0.112363371 7.0955304 255 79 163
34.5791795 0.193914115 7.01397966 255 79 163
34.5791795 0.291566959 6.95262031 255 79 163
34.5791795 0.400425183 6.91452917 255 79 163
34.5791795 0.515030179 6.90161628 255 79 163
39.6818409 0.515030179 6.90161628 255 79 163
39.6818409 0.0129128819 7.30204147 255 79 163
39.6818409 0.0510040217 7.19318324 255 79 163
39.6818409 0.112363371 7.0955304 255 79 163
39.6818409 0.193914115 7.01397966 255 79 163
39.6818409 0.291566959 6.95262031 255 79 163
39.6818409 0.400425183 6.91452917 255 79 163
63.8161666 -1.11022302e-16 0.515030179 255 79 163
63.8161666 0 29.399566 255 79 163
63.9307716 0.0129128819 0.515030179 255 79 163
64.0396298 0.0510040217 0.515030179 255 79 163
64.1372827 0.112363371 0.515030179 255 79 163
64.2188334 0.193914115 0.515030179 255 79 163
64.2801928 0.291566959 0.515030179 255 79 163
64.3182839 0.400425183 0.515030179 255 79 163
64.3311968 0.515030179 0.515030179 255 79 163
64.3311968 0.515030179 29.399566 255 79 163
64.3182839 0.400425183 29.399566 255 79 163
64.2801928 0.291566959 29.399566 255 79 163
64.2188334 0.193914115 29.399566 255 79 163
64.1372827 0.112363371 29.399566 255 79 163
64.0396298 0.0510040217 29.399566 255 79 163
63.9307716 0.0129128819 29.399566 255 79 163
34.5791795 -1.11022302e-16 7.41664646 255 79 163
34.5791795 0.0129128819 7.30204147 255 79 163
34.5791795 0.0510040217 7.19318324 255 79 163
34.5791795 0.112363371 7.0955304 255 79 163
34.5791795 0.193914115 7.01397966 255 79 163
34.5791795 0.291566959 6.95262031 255 79 163
34.5791795 0.400425183 6.91452917 255 79 163
34.5791795 0.515030179 6.90161628 255 79 163
33.19551 0 7.28643283 255 79 163
31.8604265 0 6.90036424 255 79 163
30.6208089 0 6.27199705 255 79 163
29.5201851 0 5.42339569 255 79 163
28.5972023 0 4.38435783 255 79 163
27.8842699 0 3.19136814 255 79 163
27.4064219 0 1.88631712 255 79 163
27.1804371 0 0.515030179 255 79 163
27.2947655 0.0129128819 0.507071726 255 79 163
27.4033609 0.0510040217 0.499512343 255 79 163
27.500778 0.112363371 0.492731089 255 79 163
27.5821319 0.193914115 0.487068005 255 79 163
27.6433431 0.291566959 0.482807061 255 79 163
27.6813423 0.400425183 0.480161918 255 79 163
27.694224 0.515030179 0.479265216 255 79 163
33.1103036 0.515030179 6.74349397 255 79 163
31.7087343 0.515030179 6.2763725 255 79 163
30.438694 0.515030179 5.52165621 255 79 163
29.3583783 0.515030179 4.51392758 255 79 163
28.5172892 0.515030179 3.29936257 255 79 163
27.953967 0.515030179 1.93361477 255 79 163
33.216891 0.0129128819 7.17383995 255 79 163
33.2371999 0.0510040217 7.06689294 255 79 163
33.2554183 0.112363371 6.97095458 255 79 163
33.2706326 0.193914115 6.89083562 255 79 163
33.2820799 0.291566959 6.83055355 255 79 163
33.2891863 0.400425183 6.79313118 255 79 163
31.9024377 0.0129128819 6.79373704 255 79 163
31.9423424 0.0510040217 6.69245658 255 79 163
31.9781394 0.112363371 6.60160147 255 79 163
32.0080338 0.193914115 6.52572758 255 79 163
32.0305266 0.291566959 6.46863953 255 79 163
32.0444898 0.400425183 6.43319997 255 79 163
30.6819752 0.0129128819 6.17507964 255 79 163
30.7400744 0.0510040217 6.08302207 255 79 163
30.7921932 0.112363371 6.00044049 255 79 163
30.835718 0.193914115 5.93147589 255 79 163
30.8684663 0.291566959 5.87958645 255 79 163
30.198467 0.0129128819 5.84201742 255 79 163
30.8887961 0.400425183 5.84737411 255 79 163
30.2637743 0.0510040217 5.75492512 255 79 163
30.3223592 0.112363371 5.6767977 255 79 163
30.3712839 0.193914115 5.61155282 255 79 163
30.4080952 0.291566959 5.56246211 255 79 163
30.4309472 0.400425183 5.53198719 255 79 163
29.5983588 0.0129128819 5.3395912 255 79 163
29.6726124 0.0510040217 5.25998902 255 79 163
29.7392227 0.112363371 5.18858073 255 79 163
29.7948496 0.193914115 5.12894705 255 79 163
29.8367036 0.291566959 5.08407825 255 79 163
29.8626861 0.400425183 5.05622424 255 79 163
29.0554724 0.0129128819 4.77582134 255 79 163
29.1378194 0.0510040217 4.7046238 255 79 163
29.2116899 0.112363371 4.64075501 255 79 163
29.2733798 0.193914115 4.58741763 255 79 163
29.3197958 0.291566959 4.54728621 255 79 163
28.6896382 0.0129128819 4.31660897 255 79 163
29.3486102 0.400425183 4.52237311 255 79 163
28.777439 0.0510040217 4.25225733 255 79 163
28.856202 0.112363371 4.19452975 255 79 163
28.9219776 0.193914115 4.14632095 255 79 163
28.9714677 0.291566959 4.11004831 255 79 163
29.0021905 0.400425183 4.0875307 255 79 163
28.1655841 0.0129128819 3.49078844 255 79 163
28.2611975 0.0510040217 3.43874805 255 79 163
28.3469688 0.112363371 3.39206448 255 79 163
28.4185972 0.193914115 3.35307861 255 79 163
27.9877224 0.0129128819 3.14205384 255 79 163
28.4724909 0.291566959 3.32374538 255 79 163
28.0859873 0.0510040217 3.09521237 255 79 163
28.5059475 0.400425183 3.30553566 255 79 163
28.1741372 0.112363371 3.05319254 255 79 163
28.247752 0.193914115 3.01810142 255 79 163
28.3031403 0.291566959 2.99169861 255 79 163
28.3375246 0.400425183 2.97530807 255 79 163
27.5695785 0.0129128819 2.04580125 255 79 163
27.674077 0.0510040217 2.01530262 255 79 163
27.7678189 0.112363371 1.98794338 255 79 163
27.8461037 0.193914115 1.96509543 255 79 163
27.9050056 0.291566959 1.94790448 255 79 163
27.9415712 0.400425183 1.93723255 255 79 163
54.8075567 0 0.596352508 255 79 163
54.8075567 0.0129128819 0.710957504 255 79 163
54.8075567 0.0510040217 0.819815727 255 79 163
54.8075567 0.112363371 0.917468572 255 79 163
54.8075567 0.193914115 0.999019316 255 79 163
54.8075567 0.291566959 1.06037866 255 79 163
54.8075567 0.400425183 1.0984698 255 79 163
54.8075567 0.515030179 1.11138269 255 79 163
55.1701272 0 0.640376531 255 79 163
55.5116264 0 0.769890085 255 79 163
55.8122076 0 0.977366314 255 79 163
56.0544021 0 1.25074745 255 79 163
56.2241346 0 1.57414558 255 79 163
56.3115406 0 1.92876598 255 79 163
56.3115406 0 2.29399939 255 79 163
56.2241346 0 2.64861979 255 79 163
56.0544021 0 2.97201792 255 79 163
55.8122076 0 3.24539906 255 79 163
55.5116264 0 3.45287529 255 79 163
55.1701272 0 3.58238884 255 79 163
54.8075567 0 3.62641287 255 79 163
54.4449863 0 3.58238884 255 79 163
54.1034871 0 3.45287529 255 79 163
53.8029059 0 3.24539906 255 79 163
53.5607113 0 2.97201792 255 79 163
53.3909789 0 2.64861979 255 79 163
53.3035728 0 2.29399939 255 79 163
53.3035728 0 1.92876598 255 79 163
53.3909789 0 1.57414558 255 79 163
53.5607113 0 1.25074745 255 79 163
53.8029059 0 0.977366314 255 79 163
54.1034871 0 0.769890085 255 79 163
54.4449863 0 0.640376531 255 79 163
54.8075567 0 0.596352508 255 79 163
54.8075567 0.0129128819 0.710957504 255 79 163
54.8075567 0.0510040217 0.819815727 255 79 163
54.8075567 0.112363371 0.917468572 255 79 163
54.8075567 0.193914115 0.999019316 255 79 163
54.8075567 0.291566959 1.06037866 255 79 163
54.8075567 0.400425183 1.0984698 255 79 163
54.8075567 0.515030179 1.11138269 255 79 163
55.0468724 0.515030179 1.14044087 255 79 163
55.2722799 0.515030179 1.22592666 255 79 163
55.4706794 0.515030179 1.36287194 255 79 163
55.6305406 0.515030179 1.54331794 255 79 163
55.742573 0.515030179 1.7567778 255 79 163
55.8002656 0.515030179 1.99084601 255 79 163
55.8002656 0.515030179 2.23191937 255 79 163
55.742573 0.515030179 2.46598757 255 79 163
55.6305406 0.515030179 2.67944743 255 79 163
55.4706794 0.515030179 2.85989343 255 79 163
55.2722799 0.515030179 2.99683871 255 79 163
55.0468724 0.515030179 3.0823245 255 79 163
54.8075567 0.515030179 3.11138269 255 79 163
54.5682411 0.515030179 3.0823245 255 79 163
54.3428336 0.515030179 2.99683871 255 79 163
54.1444341 0.515030179 2.85989343 255 79 163
53.9845729 0.515030179 2.67944743 255 79 163
53.8725405 0.515030179 2.46598757 255 79 163
53.8148479 0.515030179 2.23191937 255 79 163
53.8148479 0.515030179 1.99084601 255 79 163
53.8725405 0.515030179 1.7567778 255 79 163
53.9845729 0.515030179 1.54331794 255 79 163
54.1444341 0.515030179 1.36287194 255 79 163
54.3428336 0.515030179 1.22592666 255 79 163
54.5682411 0.515030179 1.14044087 255 79 163
55.1427004 0.0129128819 0.751651315 255 79 163
55.1166489 0.0510040217 0.857346316 255 79 163
55.0932791 0.112363371 0.952161546 255 79 163
55.4583668 0.0129128819 0.87136777 255 79 163
55.0737627 0.193914115 1.03134257 255 79 163
55.4077778 0.0510040217 0.96775694 255 79 163
55.0590785 0.291566959 1.09091893 255 79 163
55.3623963 0.112363371 1.05422424 255 79 163
55.0499626 0.400425183 1.12790321 255 79 163
55.7362104 0.0129128819 1.06314939 255 79 163
55.3244978 0.193914115 1.12643384 255 79 163
55.664024 0.0510040217 1.14463094 255 79 163
55.2959826 0.291566959 1.18076484 255 79 163
55.5992682 0.112363371 1.21772514 255 79 163
55.2782808 0.400425183 1.21449287 255 79 163
55.9600841 0.0129128819 1.31585051 255 79 163
55.5451901 0.193914115 1.27876675 255 79 163
55.8704955 0.0510040217 1.37768903 255 79 163
55.5045013 0.291566959 1.32469488 255 79 163
55.7901288 0.112363371 1.43316217 255 79 163
55.4792422 0.400425183 1.35320651 255 79 163
56.116977 0.0129128819 1.61478507 255 79 163
55.7230138 0.193914115 1.47948827 255 79 163
56.0151928 0.0510040217 1.65338673 255 79 163
55.6725161 0.291566959 1.51434435 255 79 163
55.9238858 0.112363371 1.68801491 255 79 163
55.6411677 0.400425183 1.53598259 255 79 163
56.1977712 0.0129128819 1.94258008 255 79 163
55.8476345 0.193914115 1.7169332 255 79 163
56.0897067 0.0510040217 1.95570149 255 79 163
55.7902626 0.291566959 1.73869152 255 79 163
55.9927659 0.112363371 1.96747224 255 79 163
55.7546467 0.400425183 1.75219883 255 79 163
56.1977712 0.0129128819 2.28018529 255 79 163
55.9118097 0.193914115 1.9773021 255 79 163
56.0897067 0.0510040217 2.26706388 255 79 163
55.8508977 0.291566959 1.98469815 255 79 163
55.9927659 0.112363371 2.25529313 255 79 163
55.8130843 0.400425183 1.98928953 255 79 163
56.116977 0.0129128819 2.6079803 255 79 163
55.9118097 0.193914115 2.24546327 255 79 163
56.0151928 0.0510040217 2.56937864 255 79 163
55.8508977 0.291566959 2.23806722 255 79 163
55.9238858 0.112363371 2.53475047 255 79 163
55.8130843 0.400425183 2.23347584 255 79 163
55.9600841 0.0129128819 2.90691486 255 79 163
55.8476345 0.193914115 2.50583217 255 79 163
55.8704955 0.0510040217 2.84507634 255 79 163
55.7902626 0.291566959 2.48407385 255 79 163
55.7901288 0.112363371 2.78960321 255 79 163
55.7546467 0.400425183 2.47056654 255 79 163
55.7362104 0.0129128819 3.15961599 255 79 163
55.7230138 0.193914115 2.7432771 255 79 163
55.664024 0.0510040217 3.07813444 255 79 163
55.6725161 0.291566959 2.70842102 255 79 163
55.5992682 0.112363371 3.00504023 255 79 163
55.6411677 0.400425183 2.68678279 255 79 163
55.4583668 0.0129128819 3.3513976 255 79 163
55.5451901 0.193914115 2.94399863 255 79 163
55.4077778 0.0510040217 3.25500843 255 79 163
55.5045013 0.291566959 2.89807049 255 79 163
55.3623963 0.112363371 3.16854113 255 79 163
55.4792422 0.400425183 2.86955887 255 79 163
55.1427004 0.0129128819 3.47111406 255 79 163
55.3244978 0.193914115 3.09633154 255 79 163
55.1166489 0.0510040217 3.36541906 255 79 163
55.2959826 0.291566959 3.04200053 255 79 163
55.0932791 0.112363371 3.27060383 255 79 163
55.2782808 0.400425183 3.0082725 255 79 163
54.8075567 0.0129128819 3.51180787 255 79 163
55.0737627 0.193914115 3.1914228 255 79 163
54.8075567 0.0510040217 3.40294965 255 79 163
55.0590785 0.291566959 3.13184644 255 79 163
54.8075567 0.112363371 3.3052968 255 79 163
55.0499626 0.400425183 3.09486216 255 79 163
54.472413 0.0129128819 3.47111406 255 79 163
54.8075567 0.193914115 3.22374606 255 79 163
54.4984645 0.0510040217 3.36541906 255 79 163
54.8075567 0.291566959 3.16238671 255 79 163
54.5218344 0.112363371 3.27060383 255 79 163
54.8075567 0.400425183 3.12429557 255 79 163
54.1567467 0.0129128819 3.3513976 255 79 163
54.5413507 0.193914115 3.1914228 255 79 163
54.2073356 0.0510040217 3.25500843 255 79 163
54.556035 0.291566959 3.13184644 255 79 163
54.2527172 0.112363371 3.16854113 255 79 163
54.5651508 0.400425183 3.09486216 255 79 163
53.8789031 0.0129128819 3.15961599 255 79 163
54.2906157 0.193914115 3.09633154 255 79 163
53.9510894 0.0510040217 3.07813444 255 79 163
54.3191308 0.291566959 3.04200053 255 79 163
54.0158452 0.112363371 3.00504023 255 79 163
54.3368326 0.400425183 3.0082725 255 79 163
53.6550294 0.0129128819 2.90691486 255 79 163
54.0699234 0.193914115 2.94399863 255 79 163
53.744618 0.0510040217 2.84507634 255 79 163
54.1106121 0.291566959 2.89807049 255 79 163
53.8249847 0.112363371 2.78960321 255 79 163
54.1358712 0.400425183 2.86955887 255 79 163
53.4981364 0.0129128819 2.6079803 255 79 163
53.8920996 0.193914115 2.7432771 255 79 163
53.5999206 0.0510040217 2.56937864 255 79 163
53.9425974 0.291566959 2.70842102 255 79 163
53.6912276 0.112363371 2.53475047 255 79 163
53.9739458 0.400425183 2.68678279 255 79 163
53.4173422 0.0129128819 2.28018529 255 79 163
53.7674789 0.193914115 2.50583217 255 79 163
53.5254067 0.0510040217 2.26706388 255 79 163
53.8248509 0.291566959 2.48407385 255 79 163
53.6223476 0.112363371 2.25529313 255 79 163
53.8604667 0.400425183 2.47056654 255 79 163
53.4173422 0.0129128819 1.94258008 255 79 163
53.7033037 0.193914115 2.24546327 255 79 163
53.5254067 0.0510040217 1.95570149 255 79 163
53.7642157 0.291566959 2.23806722 255 79 163
53.6223476 0.112363371 1.96747224 255 79 163
53.8020291 0.400425183 2.23347584 255 79 163
53.4981364 0.0129128819 1.61478507 255 79 163
53.7033037 0.193914115 1.9773021 255 79 163
53.5999206 0.0510040217 1.65338673 255 79 163
53.7642157 0.291566959 1.98469815 255 79 163
53.6912276 0.112363371 1.68801491 255 79 163
53.8020291 0.400425183 1.98928953 255 79 163
53.6550294 0.0129128819 1.31585051 255 79 163
53.7674789 0.193914115 1.7169332 255 79 163
53.744618 0.0510040217 1.37768903 255 79 163
53.8248509 0.291566959 1.73869152 255 79 163
53.8249847 0.112363371 1.43316217 255 79 163
53.8604667 0.400425183 1.75219883 255 79 163
53.8789031 0.0129128819 1.06314939 255 79 163
53.8920996 0.193914115 1.47948827 255 79 163
53.9510894 0.0510040217 1.14463094 255 79 163
53.9425974 0.291566959 1.51434435 255 79 163
54.0158452 0.112363371 1.21772514 255 79 163
53.9739458 0.400425183 1.53598259 255 79 163
54.1567467 0.0129128819 0.87136777 255 79 163
54.0699234 0.193914115 1.27876675 255 79 163
54.2073356 0.0510040217 0.96775694 255 79 163
54.1106121 0.291566959 1.32469488 255 79 163
54.2527172 0.112363371 1.05422424 255 79 163
54.1358712 0.400425183 1.35320651 255 79 163
54.472413 0.0129128819 0.751651315 255 79 163
54.2906157 0.193914115 1.12643384 255 79 163
54.4984645 0.0510040217 0.857346316 255 79 163
54.3191308 0.291566959 1.18076484 255 79 163
54.5218344 0.112363371 0.952161546 255 79 163
54.3368326 0.400425183 1.21449287 255 79 163
54.5413507 0.193914115 1.03134257 255 79 163
54.556035 0.291566959 1.09091893 255 79 163
54.5651508 0.400425183 1.12790321 255 79 163
19.6102958 35.0696172 0 255 79 163
19.6102958 35.1842222 0.0129128819 255 79 163
19.6102958 35.2930805 0.0510040217 255 79 163
19.6102958 35.3907333 0.112363371 255 79 163
19.6102958 35.472284 0.193914115 255 79 163
19.6102958 35.5336434 0.291566959 255 79 163
19.6102958 35.5717345 0.400425183 255 79 163
19.6102958 35.5846474 0.515030179 255 79 163
0.515030179 35.0696172 -1.11022302e-16 255 79 163
0.515030179 35.1842222 0.0129128819 255 79 163
0.515030179 35.2930805 0.0510040217 255 79 163
0.515030179 35.3907333 0.112363371 255 79 163
0.515030179 35.472284 0.193914115 255 79 163
0.515030179 35.5336434 0.291566959 255 79 163
0.515030179 35.5717345 0.400425183 255 79 163
0.515030179 35.5846474 0.515030179 255 79 163
19.6102958 35.5846474 67.6279314 255 79 163
19.6102958 35.5846474 0.515030179 255 79 163
20.125326 35.0696172 67.6279314 255 79 163
20.1124131 35.1842222 67.6279314 255 79 163
20.074322 35.2930805 67.6279314 255 79 163
20.0129626 35.3907333 67.6279314 255 79 163
19.9314119 35.472284 67.6279314 255 79 163
19.833759 35.5336434 67.6279314 255 79 163
19.7249008 35.5717345 67.6279314 255 79 163
20.125326 35.0696172 0.515030179 255 79 163
20.1124131 35.1842222 0.515030179 255 79 163
20.074322 35.2930805 0.515030179 255 79 163
20.0129626 35.3907333 0.515030179 255 79 163
19.9314119 35.472284 0.515030179 255 79 163
19.833759 35.5336434 0.515030179 255 79 163
19.7249008 35.5717345 0.515030179 255 79 163
41.1365324 35.0696172 -1.11022302e-16 255 79 163
63.8161666 35.0696172 -1.11022302e-16 255 79 163
41.1365324 35.5846474 0.515030179 255 79 163
41.1365324 35.5717345 0.400425183 255 79 163
41.1365324 35.5336434 0.291566959 255 79 163
41.1365324 35.472284 0.193914115 255 79 163
41.1365324 35.3907333 0.112363371 255 79 163
41.1365324 35.2930805 0.0510040217 255 79 163
41.1365324 35.1842222 0.0129128819 255 79 163
63.8161666 35.5846474 0.515030179 255 79 163
63.8161666 35.5717345 0.400425183 255 79 163
63.8161666 35.5336434 0.291566959 255 79 163
63.8161666 35.472284 0.193914115 255 79 163
63.8161666 35.3907333 0.112363371 255 79 163
63.8161666 35.2930805 0.0510040217 255 79 163
63.8161666 35.1842222 0.0129128819 255 79 163
41.1365324 30.6548145 0 255 79 163
41.0219274 30.6548145 0.0129128819 255 79 163
40.9130692 30.6548145 0.0510040217 255 79 163
40.8154163 30.6548145 0.112363371 255 79 163
40.7338656 30.6548145 0.193914115 255 79 163
40.6725063 30.6548145 0.291566959 255 79 163
40.6344151 30.6548145 0.400425183 255 79 163
40.6215022 30.6548145 0.515030179 255 79 163
40.6215022 35.0696172 0.515030179 255 79 163
40.6344151 35.0696172 0.400425183 255 79 163
40.6725063 35.0696172 0.291566959 255 79 163
40.7338656 35.0696172 0.193914115 255 79 163
40.8154163 35.0696172 0.112363371 255 79 163
40.9130692 35.0696172 0.0510040217 255 79 163
41.0219274 35.0696172 0.0129128819 255 79 163
41.1365324 35.0696172 -1.11022302e-16 255 79 163
63.8161666 0.515030179 0 255 79 163
63.8161666 35.0696172 -1.11022302e-16 255 79 163
64.3311968 35.0696172 0.515030179 255 79 163
64.3182839 35.0696172 0.400425183 255 79 163
64.2801928 35.0696172 0.291566959 255 79 163
64.2188334 35.0696172 0.193914115 255 79 163
64.1372827 35.0696172 0.112363371 255 79 163
64.0396298 35.0696172 0.0510040217 255 79 163
63.9307716 35.0696172 0.0129128819 255 79 163
64.3311968 0.515030179 0.515030179 255 79 163
63.9307716 0.515030179 0.0129128819 255 79 163
64.0396298 0.515030179 0.0510040217 255 79 163
64.1372827 0.515030179 0.112363371 255 79 163
64.2188334 0.515030179 0.193914115 255 79 163
64.2801928 0.515030179 0.291566959 255 79 163
64.3182839 0.515030179 0.400425183 255 79 163
40.1064721 30.1397843 0.515030179 255 79 163
40.221077 30.1526972 0.515030179 255 79 163
40.3299353 30.1907883 0.515030179 255 79 163
40.4275881 30.2521477 0.515030179 255 79 163
40.5091389 30.3336984 0.515030179 255 79 163
40.5704982 30.4313513 0.515030179 255 79 163
40.6085894 30.5402095 0.515030179 255 79 163
40.6215022 30.6548145 0.515030179 255 79 163
41.1365324 30.6548145 0 255 79 163
41.0219274 30.6548145 0.0129128819 255 79 163
40.9130692 30.6548145 0.0510040217 255 79 163
40.8154163 30.6548145 0.112363371 255 79 163
40.7338656 30.6548145 0.193914115 255 79 163
40.6725063 30.6548145 0.291566959 255 79 163
40.6344151 30.6548145 0.400425183 255 79 163
40.1064721 29.6247541 0 255 79 163
40.335682 29.6505799 0 255 79 163
40.5533985 29.7267622 0 255 79 163
40.7487042 29.8494809 0 255 79 163
40.9118057 30.0125824 0 255 79 163
41.0345244 30.2078881 0 255 79 163
41.1107066 30.4256045 0 255 79 163
40.1064721 29.7393591 0.0129128819 255 79 163
40.1064721 29.8482174 0.0510040217 255 79 163
40.1064721 29.9458702 0.112363371 255 79 163
40.1064721 30.0274209 0.193914115 255 79 163
40.1064721 30.0887803 0.291566959 255 79 163
40.1064721 30.1268714 0.400425183 255 79 163
40.998975 30.4511065 0.0129128819 255 79 163
40.8928461 30.4753297 0.0510040217 255 79 163
40.9312688 30.2576133 0.0129128819 255 79 163
40.7976416 30.4970595 0.112363371 255 79 163
40.833191 30.3048451 0.0510040217 255 79 163
40.8222039 30.0840374 0.0129128819 255 79 163
40.7181355 30.5152063 0.193914115 255 79 163
40.7452088 30.3472151 0.112363371 255 79 163
40.7370951 30.1519094 0.0510040217 255 79 163
40.6583146 30.52886 0.291566959 255 79 163
40.6772491 29.9390827 0.0129128819 255 79 163
40.6717341 30.3825986 0.193914115 255 79 163
40.660747 30.212795 0.112363371 255 79 163
40.6211785 30.5373361 0.400425183 255 79 163
40.6093771 30.0241915 0.0510040217 255 79 163
40.6164512 30.4092215 0.291566959 255 79 163
40.5036732 29.8300177 0.0129128819 255 79 163
40.5969881 30.263641 0.193914115 255 79 163
40.5484916 30.1005395 0.112363371 255 79 163
40.5821323 30.4257486 0.400425183 255 79 163
40.4564414 29.9280956 0.0510040217 255 79 163
40.5490154 30.3018979 0.291566959 255 79 163
40.31018 29.7623115 0.0129128819 255 79 163
40.4976455 30.1642985 0.193914115 255 79 163
40.4140715 30.0160778 0.112363371 255 79 163
40.5192346 30.3256474 0.400425183 255 79 163
40.2859568 29.8684404 0.0510040217 255 79 163
40.4593886 30.2122711 0.291566959 255 79 163
40.3786879 30.0895524 0.193914115 255 79 163
40.264227 29.9636449 0.112363371 255 79 163
40.4356392 30.242052 0.400425183 255 79 163
40.3520651 30.1448353 0.291566959 255 79 163
40.2460803 30.043151 0.193914115 255 79 163
40.335538 30.1791542 0.400425183 255 79 163
40.2324265 30.1029719 0.291566959 255 79 163
40.2239504 30.1401081 0.400425183 255 79 163
20.6403562 29.6247541 0 255 79 163
20.6403562 29.7393591 0.0129128819 255 79 163
20.6403562 29.8482174 0.0510040217 255 79 163
20.6403562 29.9458702 0.112363371 255 79 163
20.6403562 30.0274209 0.193914115 255 79 163
20.6403562 30.0887803 0.291566959 255 79 163
20.6403562 30.1268714 0.400425183 255 79 163
20.6403562 30.1397843 0.515030179 255 79 163
40.1064721 30.1397843 0.515030179 255 79 163
40.1064721 29.6247541 0 255 79 163
40.1064721 29.7393591 0.0129128819 255 79 163
40.1064721 29.8482174 0.0510040217 255 79 163
40.1064721 29.9458702 0.112363371 255 79 163
40.1064721 30.0274209 0.193914115 255 79 163
40.1064721 30.0887803 0.291566959 255 79 163
40.1064721 30.1268714 0.400425183 255 79 163
47.0805832 0.515030179 0 255 79 163
47.0805832 26.532406 0 255 79 163
46.970969 0.515030179 0.0117998101 255 79 163
46.8663775 0.515030179 0.0466585517 255 79 163
46.7716013 0.515030179 0.102978934 255 79 163
46.6909832 0.515030179 0.178180254 255 79 163
46.6282173 0.515030179 0.268816651 255 79 163
46.5861796 0.515030179 0.370735 255 79 163
46.5667964 0.515030179 0.479265216 255 79 163
46.5667964 26.532406 0.479265216 255 79 163
46.9597012 26.532406 0.0143869641 255 79 163
46.8502306 26.532406 0.0543852299 255 79 163
46.7589384 26.532406 0.112785581 255 79 163
46.6813342 26.532406 0.189674529 255 79 163
46.6224032 26.532406 0.279812879 255 79 163
46.5845121 26.532406 0.376576084 255 79 163
46.5728996 26.532406 0.428350179 255 79 163
20.6403562 29.6247541 0 255 79 163
20.6403562 29.7393591 0.0129128819 255 79 163
20.6403562 29.8482174 0.0510040217 255 79 163
20.6403562 29.9458702 0.112363371 255 79 163
20.6403562 30.0274209 0.193914115 255 79 163
20.6403562 30.0887803 0.291566959 255 79 163
20.6403562 30.1268714 0.400425183 255 79 163
20.6403562 30.1397843 0.515030179 255 79 163
20.4111462 29.6505799 0 255 79 163
20.1934297 29.7267622 0 255 79 163
19.9981241 29.8494809 0 255 79 163
19.8350226 30.0125824 0 255 79 163
19.7123039 30.2078881 0 255 79 163
19.6361216 30.4256045 0 255 79 163
19.6102958 30.6548145 0 255 79 163
19.7249008 30.6548145 0.0129128819 255 79 163
19.833759 30.6548145 0.0510040217 255 79 163
19.9314119 30.6548145 0.112363371 255 79 163
20.0129626 30.6548145 0.193914115 255 79 163
20.074322 30.6548145 0.291566959 255 79 163
20.1124131 30.6548145 0.400425183 255 79 163
20.125326 30.6548145 0.515030179 255 79 163
20.5257512 30.1526972 0.515030179 255 79 163
20.416893 30.1907883 0.515030179 255 79 163
20.3192401 30.2521477 0.515030179 255 79 163
20.2376894 30.3336984 0.515030179 255 79 163
20.17633 30.4313513 0.515030179 255 79 163
20.1382389 30.5402095 0.515030179 255 79 163
20.4366482 29.7623115 0.0129128819 255 79 163
20.4608714 29.8684404 0.0510040217 255 79 163
20.243155 29.8300177 0.0129128819 255 79 163
20.4826012 29.9636449 0.112363371 255 79 163
20.2903868 29.9280956 0.0510040217 255 79 163
20.0695791 29.9390827 0.0129128819 255 79 163
20.500748 30.043151 0.193914115 255 79 163
20.3327568 30.0160778 0.112363371 255 79 163
20.1374511 30.0241915 0.0510040217 255 79 163
20.5144017 30.1029719 0.291566959 255 79 163
19.9246244 30.0840374 0.0129128819 255 79 163
20.3681403 30.0895524 0.193914115 255 79 163
20.1983366 30.1005395 0.112363371 255 79 163
20.5228778 30.1401081 0.400425183 255 79 163
20.0097332 30.1519094 0.0510040217 255 79 163
20.3947632 30.1448353 0.291566959 255 79 163
19.8155594 30.2576133 0.0129128819 255 79 163
20.2491827 30.1642985 0.193914115 255 79 163
20.0860812 30.212795 0.112363371 255 79 163
20.4112903 30.1791542 0.400425183 255 79 163
19.9136373 30.3048451 0.0510040217 255 79 163
20.2874396 30.2122711 0.291566959 255 79 163
19.7478532 30.4511065 0.0129128819 255 79 163
20.1498402 30.263641 0.193914115 255 79 163
20.0016194 30.3472151 0.112363371 255 79 163
20.3111891 30.242052 0.400425183 255 79 163
19.8539821 30.4753297 0.0510040217 255 79 163
20.1978128 30.3018979 0.291566959 255 79 163
20.0750941 30.3825986 0.193914115 255 79 163
19.9491866 30.4970595 0.112363371 255 79 163
20.2275937 30.3256474 0.400425183 255 79 163
20.130377 30.4092215 0.291566959 255 79 163
20.0286927 30.5152063 0.193914115 255 79 163
20.1646959 30.4257486 0.400425183 255 79 163
20.0885136 30.52886 0.291566959 255 79 163
20.1256498 30.5373361 0.400425183 255 79 163
46.0476264 27.5624663 0 255 79 163
46.0476264 27.4367721 0.0155734366 255 79 163
46.0476264 27.3228356 0.0591428982 255 79 163
46.0476264 27.2285683 0.1228973 255 79 163
46.0476264 27.1499942 0.206610247 255 79 163
46.0476264 27.092656 0.303998644 255 79 163
46.0476264 27.0588372 0.407262831 255 79 163
46.0476264 27.0501887 0.46185414 255 79 163
46.0476264 27.0474361 0.515030179 255 79 163
46.1679154 27.0334564 0.505764921 255 79 163
46.2818717 26.9921364 0.497576002 255 79 163
46.3833155 26.9254458 0.490723035 255 79 163
46.4665541 26.836776 0.485382613 255 79 163
46.5267575 26.7308686 0.481669171 255 79 163
46.5566811 26.6336627 0.479867875 255 79 163
46.5667964 26.532406 0.479265216 255 79 163
47.0805832 26.532406 0 255 79 163
46.9597012 26.532406 0.0143869641 255 79 163
46.8502306 26.532406 0.0543852299 255 79 163
46.7589384 26.532406 0.112785581 255 79 163
46.6813342 26.532406 0.189674529 255 79 163
46.6224032 26.532406 0.279812879 255 79 163
46.5845121 26.532406 0.376576084 255 79 163
46.5728996 26.532406 0.428350179 255 79 163
46.2881273 27.534176 -1.36426105e-17 255 79 163
46.5155562 27.4507677 -5.01149122e-18 255 79 163
46.7174281 27.3166411 1.09526528e-17 255 79 163
46.8825314 27.1390017 -3.50439677e-17 255 79 163
47.001584 26.9275481 -3.93971964e-17 255 79 163
47.0606364 26.733905 5.95457809e-17 255 79 163
46.2209621 27.1793155 0.147248424 255 79 163
46.5261881 27.0109674 0.141679232 255 79 163
46.7054954 26.70868 0.138782443 255 79 163
19.6102958 35.0696172 0 255 79 163
19.7249008 35.0696172 0.0129128819 255 79 163
19.833759 35.0696172 0.0510040217 255 79 163
19.9314119 35.0696172 0.112363371 255 79 163
20.0129626 35.0696172 0.193914115 255 79 163
20.074322 35.0696172 0.291566959 255 79 163
20.1124131 35.0696172 0.400425183 255 79 163
20.125326 35.0696172 0.515030179 255 79 163
20.125326 30.6548145 0.515030179 255 79 163
19.6102958 30.6548145 0 255 79 163
19.7249008 30.6548145 0.0129128819 255 79 163
19.833759 30.6548145 0.0510040217 255 79 163
19.9314119 30.6548145 0.112363371 255 79 163
20.0129626 30.6548145 0.193914115 255 79 163
20.074322 30.6548145 0.291566959 255 79 163
20.1124131 30.6548145 0.400425183 255 79 163
28.2133939 27.5624663 0 255 79 163
46.0476264 27.5624663 0 255 79 163
46.0476264 27.4367721 0.0155734366 255 79 163
46.0476264 27.3228356 0.0591428982 255 79 163
46.0476264 27.2285683 0.1228973 255 79 163
46.0476264 27.1499942 0.206610247 255 79 163
46.0476264 27.092656 0.303998644 255 79 163
46.0476264 27.0588372 0.407262831 255 79 163
46.0476264 27.0501887 0.46185414 255 79 163
46.0476264 27.0474361 0.515030179 255 79 163
28.2133939 27.0474361 0.515030179 255 79 163
28.2133939 27.4367721 0.0155734366 255 79 163
28.2133939 27.3228356 0.0591428982 255 79 163
28.2133939 27.2285683 0.1228973 255 79 163
28.2133939 27.1499942 0.206610247 255 79 163
28.2133939 27.092656 0.303998644 255 79 163
28.2133939 27.0588372 0.407262831 255 79 163
28.2133939 27.0501887 0.46185414 255 79 163
27.1804371 26.532406 0 255 79 163
27.3013191 26.532406 0.0143869641 255 79 163
27.4107897 26.532406 0.0543852299 255 79 163
27.5020819 26.532406 0.112785581 255 79 163
27.5796862 26.532406 0.189674529 255 79 163
27.6386171 26.532406 0.279812879 255 79 163
27.6765083 26.532406 0.376576084 255 79 163
27.6881208 26.532406 0.428350179 255 79 163
27.694224 26.532406 0.479265216 255 79 163
27.7087683 26.6535553 0.480132693 255 79 163
27.7515195 26.7677435 0.482721186 255 79 163
27.8198698 26.8685081 0.486986547 255 79 163
27.9097636 26.9503146 0.492846558 255 79 163
28.0160426 27.0088552 0.500168088 255 79 163
28.1128838 27.0377176 0.507242834 255 79 163
28.2133939 27.0474361 0.515030179 255 79 163
28.2133939 27.5624663 0 255 79 163
28.2133939 27.4367721 0.0155734366 255 79 163
28.2133939 27.3228356 0.0591428982 255 79 163
28.2133939 27.2285683 0.1228973 255 79 163
28.2133939 27.1499942 0.206610247 255 79 163
28.2133939 27.092656 0.303998644 255 79 163
28.2133939 27.0588372 0.407262831 255 79 163
28.2133939 27.0501887 0.46185414 255 79 163
27.2091195 26.7735097 -1.14506998e-17 255 79 163
27.293528 27.001102 -1.28207445e-17 255 79 163
27.4288188 27.2024976 -3.57057977e-17 255 79 163
27.6073174 27.3665956 -9.97602001e-18 255 79 163
27.8190312 27.4844829 1.39048929e-17 255 79 163
28.0124179 27.5427946 -2.94949578e-17 255 79 163
27.555525 26.70868 0.138782443 255 79 163
27.7348323 27.0109674 0.141679232 255 79 163
28.0400582 27.1793155 0.147248424 255 79 163
27.1804371 26.532406 0 255 79 163
27.3013191 26.532406 0.0143869641 255 79 163
27.4107897 26.532406 0.0543852299 255 79 163
27.5020819 26.532406 0.112785581 255 79 163
27.5796862 26.532406 0.189674529 255 79 163
27.6386171 26.532406 0.279812879 255 79 163
27.6765083 26.532406 0.376576084 255 79 163
27.6881208 26.532406 0.428350179 255 79 163
27.694224 26.532406 0.479265216 255 79 163
27.694224 0.515030179 0.479265216 255 79 163
27.1804371 0.515030179 0 255 79 163
27.2900514 0.515030179 0.0117998101 255 79 163
27.3946429 0.515030179 0.0466585517 255 79 163
27.4894191 0.515030179 0.102978934 255 79 163
27.5700372 0.515030179 0.178180254 255 79 163
27.6328031 0.515030179 0.268816651 255 79 163
27.6748408 0.515030179 0.370735 255 79 163
64.3311968 0.515030179 55.0007513 255 79 163
64.3182839 0.432983099 54.9207352 255 79 163
64.2801928 0.355050202 54.8447314 255 79 163
64.2188334 0.28513937 54.7765511 255 79 163
64.1372827 0.226756222 54.7196132 255 79 163
64.0396298 0.182828334 54.6767726 255 79 163
63.9307716 0.155558434 54.6501778 255 79 163
63.8161666 0.146313949 54.6411621 255 79 163
64.3311968 0.515030179 55.0007513 255 79 163
64.3182839 0.400425183 55.0007513 255 79 163
64.2801928 0.291566959 55.0007513 255 79 163
64.2188334 0.193914115 55.0007513 255 79 163
64.1372827 0.112363371 55.0007513 255 79 163
64.0396298 0.0510040217 55.0007513 255 79 163
63.9307716 0.0129128819 55.0007513 255 79 163
63.8161666 -3.55271368e-15 55.0007513 255 79 163
63.8161666 0.0841279833 54.7186532 255 79 163
63.8161666 0.0379787817 54.806643 255 79 163
63.8161666 0.00958386541 54.9018569 255 79 163
64.3059894 0.387760709 54.9051889 255 79 163
64.3059894 0.36761319 54.9407686 255 79 163
64.3059894 0.357195636 54.9803073 255 79 163
64.2328348 0.251605439 54.8515832 255 79 163
64.2328348 0.222293486 54.9236219 255 79 163
64.1188938 0.181834381 54.7505656 255 79 163
64.1188938 0.129087491 54.8437144 255 79 163
64.1188938 0.10181398 54.9472281 255 79 163
63.9753197 0.088799996 54.7593922 255 79 163
63.9753197 0.0413722602 54.8759533 255 79 163
64.3311968 12.2973882 42.9193372 218 222 230
64.3311968 0.515030179 55.0007513 218 222 230
64.3311968 12.2973882 41.4809802 218 222 230
64.3311968 12.437003 41.6599621 218 222 230
64.3311968 12.5340256 41.8651777 218 222 230
64.3311968 12.5837441 42.0866611 218 222 230
64.3311968 12.5837441 42.3136563 218 222 230
64.3311968 12.5340256 42.5351397 218 222 230
64.3311968 12.437003 42.7403553 218 222 230
64.3311968 0.515030179 29.399566 218 222 230
64.3311968 0.515030179 0.515030179 218 222 230
64.3311968 35.0696172 0.515030179 218 222 230
64.3311968 35.0696172 67.6279314 218 222 230
64.3311968 0.515030179 67.6279314 218 222 230
63.8161666 0.515030179 68.1429616 255 79 163
63.8161666 0.400425183 68.1300487 255 79 163
63.8161666 0.291566959 68.0919576 255 79 163
63.8161666 0.193914115 68.0305982 255 79 163
63.8161666 0.112363371 67.9490475 255 79 163
63.8161666 0.0510040217 67.8513946 255 79 163
63.8161666 0.0129128819 67.7425364 255 79 163
63.8161666 -1.11022302e-16 67.6279314 255 79 163
64.3311968 0.515030179 67.6279314 255 79 163
64.3182839 0.400425183 67.6279314 255 79 163
64.2801928 0.291566959 67.6279314 255 79 163
64.2188334 0.193914115 67.6279314 255 79 163
64.1372827 0.112363371 67.6279314 255 79 163
64.0396298 0.0510040217 67.6279314 255 79 163
63.9307716 0.0129128819 67.6279314 255 79 163
64.3311968 0.515030179 67.6279314 255 79 163
64.3182839 0.515030179 67.7425364 255 79 163
64.2801928 0.515030179 67.8513946 255 79 163
64.2188334 0.515030179 67.9490475 255 79 163
64.1372827 0.515030179 68.0305982 255 79 163
64.0396298 0.515030179 68.0919576 255 79 163
63.9307716 0.515030179 68.1300487 255 79 163
64.3059894 0.35783654 67.6528284 255 79 163
64.3059894 0.373223748 67.7001854 255 79 163
64.3059894 0.402491958 67.7404696 255 79 163
64.2328348 0.227119556 67.7214792 255 79 163
64.3059894 0.442776194 67.7697378 255 79 163
64.2328348 0.270118775 67.8058699 255 79 163
64.1188938 0.103491888 67.6931127 255 79 163
64.3059894 0.490133152 67.785125 255 79 163
64.2328348 0.337091628 67.8728428 255 79 163
64.1188938 0.143776123 67.8170948 255 79 163
64.2328348 0.421482347 67.915842 255 79 163
64.1188938 0.220401292 67.9225603 255 79 163
63.9753197 0.0491810058 67.779295 255 79 163
64.1188938 0.325866789 67.9991854 255 79 163
63.9753197 0.118755203 67.915842 255 79 163
64.1188938 0.449848917 68.0394697 255 79 163
63.9753197 0.227119556 68.0242064 255 79 163
63.9753197 0.363666607 68.0937806 255 79 163
63.8161666 0.146313949 29.7591553 255 79 163
63.8161666 0.0841279833 29.6816642 255 79 163
63.8161666 0.0379787817 29.5936744 255 79 163
63.8161666 0.00958386541 29.4984605 255 79 163
63.8161666 0 29.399566 255 79 163
64.3311968 0.515030179 29.399566 255 79 163
64.3182839 0.400425183 29.399566 255 79 163
64.2801928 0.291566959 29.399566 255 79 163
64.2188334 0.193914115 29.399566 255 79 163
64.1372827 0.112363371 29.399566 255 79 163
64.0396298 0.0510040217 29.399566 255 79 163
63.9307716 0.0129128819 29.399566 255 79 163
64.3311968 0.515030179 29.399566 255 79 163
64.3182839 0.432983099 29.4795822 255 79 163
64.2801928 0.355050202 29.555586 255 79 163
64.2188334 0.28513937 29.6237663 255 79 163
64.1372827 0.226756222 29.6807042 255 79 163
64.0396298 0.182828334 29.7235448 255 79 163
63.9307716 0.155558434 29.7501396 255 79 163
64.3059894 0.357195636 29.4200101 255 79 163
64.3059894 0.36761319 29.4595488 255 79 163
64.3059894 0.387760709 29.4951285 255 79 163
64.2328348 0.222293486 29.4766955 255 79 163
64.2328348 0.251605439 29.5487342 255 79 163
64.1188938 0.10181398 29.4530893 255 79 163
64.1188938 0.129087491 29.556603 255 79 163
64.1188938 0.181834381 29.6497518 255 79 163
63.9753197 0.0413722602 29.5243641 255 79 163
63.9753197 0.088799996 29.6409251 255 79 163
63.8161666 35.0696172 68.1429616 255 79 163
63.9307716 35.0696172 68.1300487 255 79 163
64.0396298 35.0696172 68.0919576 255 79 163
64.1372827 35.0696172 68.0305982 255 79 163
64.2188334 35.0696172 67.9490475 255 79 163
64.2801928 35.0696172 67.8513946 255 79 163
64.3182839 35.0696172 67.7425364 255 79 163
64.3311968 35.0696172 67.6279314 255 79 163
63.8161666 35.5846474 67.6279314 255 79 163
63.9307716 35.5717345 67.6279314 255 79 163
64.0396298 35.5336434 67.6279314 255 79 163
64.1372827 35.472284 67.6279314 255 79 163
64.2188334 35.3907333 67.6279314 255 79 163
64.2801928 35.2930805 67.6279314 255 79 163
64.3182839 35.1842222 67.6279314 255 79 163
63.8161666 35.5846474 67.6279314 255 79 163
63.8161666 35.5717345 67.7425364 255 79 163
63.8161666 35.5336434 67.8513946 255 79 163
63.8161666 35.472284 67.9490475 255 79 163
63.8161666 35.3907333 68.0305982 255 79 163
63.8161666 35.2930805 68.0919576 255 79 163
63.8161666 35.1842222 68.1300487 255 79 163
63.9733603 35.55944 67.6528284 255 79 163
63.9579731 35.55944 67.7001854 255 79 163
63.9287048 35.55944 67.7404696 255 79 163
64.1040773 35.4862854 67.7214792 255 79 163
63.8884206 35.55944 67.7697378 255 79 163
64.061078 35.4862854 67.8058699 255 79 163
64.2277049 35.3723444 67.6931127 255 79 163
63.8410637 35.55944 67.785125 255 79 163
63.9941052 35.4862854 67.8728428 255 79 163
64.1874207 35.3723444 67.8170948 255 79 163
63.9097145 35.4862854 67.915842 255 79 163
64.1107955 35.3723444 67.9225603 255 79 163
64.2820158 35.2287703 67.779295 255 79 163
64.00533 35.3723444 67.9991854 255 79 163
64.2124416 35.2287703 67.915842 255 79 163
63.8813479 35.3723444 68.0394697 255 79 163
64.1040773 35.2287703 68.0242064 255 79 163
63.9675302 35.2287703 68.0937806 255 79 163
20.125326 35.0696172 67.6279314 255 79 163
20.1124131 35.1842222 67.6279314 255 79 163
20.074322 35.2930805 67.6279314 255 79 163
20.0129626 35.3907333 67.6279314 255 79 163
19.9314119 35.472284 67.6279314 255 79 163
19.833759 35.5336434 67.6279314 255 79 163
19.7249008 35.5717345 67.6279314 255 79 163
19.6102958 35.5846474 67.6279314 255 79 163
19.6102958 35.0696172 68.1429616 255 79 163
19.6102958 35.1842222 68.1300487 255 79 163
19.6102958 35.2930805 68.0919576 255 79 163
19.6102958 35.3907333 68.0305982 255 79 163
19.6102958 35.472284 67.9490475 255 79 163
19.6102958 35.5336434 67.8513946 255 79 163
19.6102958 35.5717345 67.7425364 255 79 163
19.6102958 35.0696172 68.1429616 255 79 163
19.7249008 35.0696172 68.1300487 255 79 163
19.833759 35.0696172 68.0919576 255 79 163
19.9314119 35.0696172 68.0305982 255 79 163
20.0129626 35.0696172 67.9490475 255 79 163
20.074322 35.0696172 67.8513946 255 79 163
20.1124131 35.0696172 67.7425364 255 79 163
19.6351929 35.2268109 68.1177542 255 79 163
19.6825498 35.2114237 68.1177542 255 79 163
19.722834 35.1821555 68.1177542 255 79 163
19.7038437 35.3575279 68.0445996 255 79 163
19.7521023 35.1418712 68.1177542 255 79 163
19.7882344 35.3145286 68.0445996 255 79 163
19.6754771 35.4811555 67.9306585 255 79 163
19.7674895 35.0945143 68.1177542 255 79 163
19.8552072 35.2475558 68.0445996 255 79 163
19.7994592 35.4408713 67.9306585 255 79 163
19.8982065 35.1631651 68.0445996 255 79 163
19.9049247 35.3642461 67.9306585 255 79 163
19.7616594 35.5354664 67.7870845 255 79 163
19.9815499 35.2587806 67.9306585 255 79 163
19.8982065 35.4658922 67.7870845 255 79 163
20.0218341 35.1347985 67.9306585 255 79 163
20.0065708 35.3575279 67.7870845 255 79 163
20.076145 35.2209808 67.7870845 255 79 163
40.6215022 35.0696172 67.6279314 255 79 163
40.6344151 35.1842222 67.6279314 255 79 163
40.6725063 35.2930805 67.6279314 255 79 163
40.7338656 35.3907333 67.6279314 255 79 163
40.8154163 35.472284 67.6279314 255 79 163
40.9130692 35.5336434 67.6279314 255 79 163
41.0219274 35.5717345 67.6279314 255 79 163
41.1365324 35.5846474 67.6279314 255 79 163
40.6215022 35.0696172 67.6279314 255 79 163
40.6344151 35.0696172 67.7425364 255 79 163
40.6725063 35.0696172 67.8513946 255 79 163
40.7338656 35.0696172 67.9490475 255 79 163
40.8154163 35.0696172 68.0305982 255 79 163
40.9130692 35.0696172 68.0919576 255 79 163
41.0219274 35.0696172 68.1300487 255 79 163
41.1365324 35.0696172 68.1429616 255 79 163
41.1365324 35.5717345 67.7425364 255 79 163
41.1365324 35.5336434 67.8513946 255 79 163
41.1365324 35.472284 67.9490475 255 79 163
41.1365324 35.3907333 68.0305982 255 79 163
41.1365324 35.2930805 68.0919576 255 79 163
41.1365324 35.1842222 68.1300487 255 79 163
40.6467096 35.2268109 67.6528284 255 79 163
40.6467096 35.2114237 67.7001854 255 79 163
40.6467096 35.1821555 67.7404696 255 79 163
40.7198642 35.3575279 67.7214792 255 79 163
40.6467096 35.1418712 67.7697378 255 79 163
40.7198642 35.3145286 67.8058699 255 79 163
40.8338053 35.4811555 67.6931127 255 79 163
40.6467096 35.0945143 67.785125 255 79 163
40.7198642 35.2475558 67.8728428 255 79 163
40.8338053 35.4408713 67.8170948 255 79 163
40.7198642 35.1631651 67.915842 255 79 163
40.8338053 35.3642461 67.9225603 255 79 163
40.9773793 35.5354664 67.779295 255 79 163
40.8338053 35.2587806 67.9991854 255 79 163
40.9773793 35.4658922 67.915842 255 79 163
40.8338053 35.1347985 68.0394697 255 79 163
40.9773793 35.3575279 68.0242064 255 79 163
40.9773793 35.2209808 68.0937806 255 79 163
41.1365324 35.5846474 0.515030179 218 222 230
63.8161666 35.5846474 0.515030179 218 222 230
41.1365324 35.5846474 67.6279314 218 222 230
63.8161666 35.5846474 67.6279314 218 222 230
20.125326 35.0696172 67.6279314 218 222 230
20.125326 35.0696172 0.515030179 218 222 230
20.125326 30.6548145 0.515030179 218 222 230
20.125326 30.6548145 67.6279314 218 222 230
40.6215022 35.0696172 67.6279314 218 222 230
40.6215022 35.0696172 0.515030179 218 222 230
40.6215022 30.6548145 67.6279314 218 222 230
40.6215022 30.6548145 0.515030179 218 222 230
20.6403562 30.1397843 0.515030179 255 79 163
20.5257512 30.1526972 0.515030179 255 79 163
20.416893 30.1907883 0.515030179 255 79 163
20.3192401 30.2521477 0.515030179 255 79 163
20.2376894 30.3336984 0.515030179 255 79 163
20.17633 30.4313513 0.515030179 255 79 163
20.1382389 30.5402095 0.515030179 255 79 163
20.125326 30.6548145 0.515030179 255 79 163
20.6403562 30.1397843 67.6279314 255 79 163
20.125326 30.6548145 67.6279314 255 79 163
20.1382389 30.5402095 67.6279314 255 79 163
20.17633 30.4313513 67.6279314 255 79 163
20.2376894 30.3336984 67.6279314 255 79 163
20.3192401 30.2521477 67.6279314 255 79 163
20.416893 30.1907883 67.6279314 255 79 163
20.5257512 30.1526972 67.6279314 255 79 163
40.1064721 30.1397843 0.515030179 255 79 163
40.221077 30.1526972 0.515030179 255 79 163
40.3299353 30.1907883 0.515030179 255 79 163
40.4275881 30.2521477 0.515030179 255 79 163
40.5091389 30.3336984 0.515030179 255 79 163
40.5704982 30.4313513 0.515030179 255 79 163
40.6085894 30.5402095 0.515030179 255 79 163
40.6215022 30.6548145 0.515030179 255 79 163
40.6215022 30.6548145 67.6279314 255 79 163
40.6085894 30.5402095 67.6279314 255 79 163
40.5704982 30.4313513 67.6279314 255 79 163
40.5091389 30.3336984 67.6279314 255 79 163
40.4275881 30.2521477 67.6279314 255 79 163
40.3299353 30.1907883 67.6279314 255 79 163
40.221077 30.1526972 67.6279314 255 79 163
40.1064721 30.1397843 67.6279314 255 79 163
20.6403562 30.1397843 0.515030179 218 222 230
40.1064721 30.1397843 0.515030179 218 222 230
40.1064721 30.1397843 67.6279314 218 222 230
20.6403562 30.1397843 67.6279314 218 222 230
27.1804371 0.515030179 0 255 79 163
27.2900514 0.515030179 0.0117998101 255 79 163
27.3946429 0.515030179 0.0466585517 255 79 163
27.4894191 0.515030179 0.102978934 255 79 163
27.5700372 0.515030179 0.178180254 255 79 163
27.6328031 0.515030179 0.268816651 255 79 163
27.6748408 0.515030179 0.370735 255 79 163
27.694224 0.515030179 0.479265216 255 79 163
27.1804371 0 0.515030179 255 79 163
27.2947655 0.0129128819 0.507071726 255 79 163
27.4033609 0.0510040217 0.499512343 255 79 163
27.500778 0.112363371 0.492731089 255 79 163
27.5821319 0.193914115 0.487068005 255 79 163
27.6433431 0.291566959 0.482807061 255 79 163
27.6813423 0.400425183 0.480161918 255 79 163
27.1804371 0 0.515030179 255 79 163
27.1804371 0.0129128819 0.400425183 255 79 163
27.1804371 0.0510040217 0.291566959 255 79 163
27.1804371 0.112363371 0.193914115 255 79 163
27.1804371 0.193914115 0.112363371 255 79 163
27.1804371 0.291566959 0.0510040217 255 79 163
27.1804371 0.400425183 0.0129128819 255 79 163
27.3357671 0.0252073712 0.480356014 255 79 163
27.3185621 0.0252073712 0.435965676 255 79 163
27.2889976 0.0252073712 0.398650071 255 79 163
27.4627044 0.0983620116 0.405627683 255 79 163
27.249719 0.0252073712 0.371748217 255 79 163
27.4177179 0.0983620116 0.327036697 255 79 163
27.5870963 0.212303035 0.424252037 255 79 163
27.2042411 0.0252073712 0.357667307 255 79 163
27.3514994 0.0983620116 0.265267463 255 79 163
27.542053 0.212303035 0.308036624 255 79 163
27.2699742 0.0983620116 0.225847125 255 79 163
27.4646521 0.212303035 0.210343101 255 79 163
27.6371552 0.355877101 0.338013222 255 79 163
27.3618195 0.212303035 0.139913133 255 79 163
27.5643655 0.355877101 0.210850335 255 79 163
27.2427567 0.212303035 0.103048831 255 79 163
27.4572218 0.355877101 0.110905615 255 79 163
27.3253111 0.355877101 0.0471221691 255 79 163
47.0805832 0 0.515030179 255 79 163
47.0805832 0.0129128819 0.400425183 255 79 163
47.0805832 0.0510040217 0.291566959 255 79 163
47.0805832 0.112363371 0.193914115 255 79 163
47.0805832 0.193914115 0.112363371 255 79 163
47.0805832 0.291566959 0.0510040217 255 79 163
47.0805832 0.400425183 0.0129128819 255 79 163
47.0805832 0.515030179 0 255 79 163
47.0805832 0 0.515030179 255 79 163
46.9662549 0.0129128819 0.507071726 255 79 163
46.8576595 0.0510040217 0.499512343 255 79 163
46.7602424 0.112363371 0.492731089 255 79 163
46.6788885 0.193914115 0.487068005 255 79 163
46.6176773 0.291566959 0.482807061 255 79 163
46.5796781 0.400425183 0.480161918 255 79 163
46.5667964 0.515030179 0.479265216 255 79 163
46.970969 0.515030179 0.0117998101 255 79 163
46.8663775 0.515030179 0.0466585517 255 79 163
46.7716013 0.515030179 0.102978934 255 79 163
46.6909832 0.515030179 0.178180254 255 79 163
46.6282173 0.515030179 0.268816651 255 79 163
46.5861796 0.515030179 0.370735 255 79 163
47.0567793 0.0252073712 0.357667307 255 79 163
47.0113013 0.0252073712 0.371748217 255 79 163
46.9720228 0.0252073712 0.398650071 255 79 163
46.9910462 0.0983620116 0.225847125 255 79 163
46.9424583 0.0252073712 0.435965676 255 79 163
46.9095209 0.0983620116 0.265267463 255 79 163
47.0182636 0.212303035 0.103048831 255 79 163
46.9252532 0.0252073712 0.480356014 255 79 163
46.8433024 0.0983620116 0.327036697 255 79 163
46.8992009 0.212303035 0.139913133 255 79 163
46.798316 0.0983620116 0.405627683 255 79 163
46.7963683 0.212303035 0.210343101 255 79 163
46.9357092 0.355877101 0.0471221691 255 79 163
46.7189674 0.212303035 0.308036624 255 79 163
46.8037986 0.355877101 0.110905615 255 79 163
46.6739241 0.212303035 0.424252037 255 79 163
46.6966548 0.355877101 0.210850335 255 79 163
46.6238652 0.355877101 0.338013222 255 79 163
39.6818409 0.515030179 6.90161628 218 222 230
39.6818409 26.532406 6.90161628 218 222 230
46.5667964 0.515030179 0.479265216 218 222 230
46.3070534 0.515030179 1.93361477 218 222 230
45.7437312 0.515030179 3.29936257 218 222 230
44.9026421 0.515030179 4.51392758 218 222 230
43.8223264 0.515030179 5.52165621 218 222 230
42.5522861 0.515030179 6.2763725 218 222 230
41.1507167 0.515030179 6.74349397 218 222 230
46.5667964 26.532406 0.479265216 218 222 230
46.3070534 26.532406 1.93361477 218 222 230
45.7437312 26.532406 3.29936257 218 222 230
44.9026421 26.532406 4.51392758 218 222 230
43.8223264 26.532406 5.52165621 218 222 230
42.5522861 26.532406 6.2763725 218 222 230
41.1507167 26.532406 6.74349397 218 222 230
63.8161666 0.515030179 0 255 79 163
63.8161666 0.400425183 0.0129128819 255 79 163
63.8161666 0.291566959 0.0510040217 255 79 163
63.8161666 0.193914115 0.112363371 255 79 163
63.8161666 0.112363371 0.193914115 255 79 163
63.8161666 0.0510040217 0.291566959 255 79 163
63.8161666 0.0129128819 0.400425183 255 79 163
63.8161666 -1.11022302e-16 0.515030179 255 79 163
63.8161666 0.515030179 0 255 79 163
63.9307716 0.515030179 0.0129128819 255 79 163
64.0396298 0.515030179 0.0510040217 255 79 163
64.1372827 0.515030179 0.112363371 255 79 163
64.2188334 0.515030179 0.193914115 255 79 163
64.2801928 0.515030179 0.291566959 255 79 163
64.3182839 0.515030179 0.400425183 255 79 163
64.3311968 0.515030179 0.515030179 255 79 163
63.9307716 0.0129128819 0.515030179 255 79 163
64.0396298 0.0510040217 0.515030179 255 79 163
64.1372827 0.112363371 0.515030179 255 79 163
64.2188334 0.193914115 0.515030179 255 79 163
64.2801928 0.291566959 0.515030179 255 79 163
64.3182839 0.400425183 0.515030179 255 79 163
63.8410637 0.35783654 0.0252073712 255 79 163
63.8884206 0.373223748 0.0252073712 255 79 163
63.9287048 0.402491958 0.0252073712 255 79 163
63.9097145 0.227119556 0.0983620116 255 79 163
63.9579731 0.442776194 0.0252073712 255 79 163
63.9941052 0.270118775 0.0983620116 255 79 163
63.8813479 0.103491888 0.212303035 255 79 163
63.9733603 0.490133152 0.0252073712 255 79 163
64.061078 0.337091628 0.0983620116 255 79 163
64.00533 0.143776123 0.212303035 255 79 163
64.1040773 0.421482347 0.0983620116 255 79 163
64.1107955 0.220401292 0.212303035 255 79 163
63.9675302 0.0491810058 0.355877101 255 79 163
64.1874207 0.325866789 0.212303035 255 79 163
64.1040773 0.118755203 0.355877101 255 79 163
64.2277049 0.449848917 0.212303035 255 79 163
64.2124416 0.227119556 0.355877101 255 79 163
64.2820158 0.363666607 0.355877101 255 79 163
39.6818409 0.515030179 6.90161628 218 222 230
39.6818409 26.532406 6.90161628 218 222 230
34.5791795 26.532406 6.90161628 218 222 230
34.5791795 0.515030179 6.90161628 218 222 230
34.5791795 0.515030179 6.90161628 218 222 230
34.5791795 26.532406 6.90161628 218 222 230
33.1103036 26.532406 6.74349397 218 222 230
31.7087343 26.532406 6.2763725 218 222 230
30.438694 26.532406 5.52165621 218 222 230
29.3583783 26.532406 4.51392758 218 222 230
28.5172892 26.532406 3.29936257 218 222 230
27.953967 26.532406 1.93361477 218 222 230
27.694224 26.532406 0.479265216 218 222 230
27.694224 0.515030179 0.479265216 218 222 230
33.1103036 0.515030179 6.74349397 218 222 230
31.7087343 0.515030179 6.2763725 218 222 230
30.438694 0.515030179 5.52165621 218 222 230
29.3583783 0.515030179 4.51392758 218 222 230
28.5172892 0.515030179 3.29936257 218 222 230
27.953967 0.515030179 1.93361477 218 222 230
54.8075567 0.515030179 1.11138269 218 222 230
54.8075567 11.4405228 1.11138269 218 222 230
55.0468724 11.4405228 1.14044087 218 222 230
55.2722799 11.4405228 1.22592666 218 222 230
55.4706794 11.4405228 1.36287194 218 222 230
55.6305406 11.4405228 1.54331794 218 222 230
55.742573 11.4405228 1.7567778 218 222 230
55.8002656 11.4405228 1.99084601 218 222 230
55.8002656 11.4405228 2.23191937 218 222 230
55.742573 11.4405228 2.46598757 218 222 230
55.6305406 11.4405228 2.67944743 218 222 230
55.4706794 11.4405228 2.85989343 218 222 230
55.2722799 11.4405228 2.99683871 218 222 230
55.0468724 11.4405228 3.0823245 218 222 230
54.8075567 11.4405228 3.11138269 218 222 230
54.5682411 11.4405228 3.0823245 218 222 230
54.3428336 11.4405228 2.99683871 218 222 230
54.1444341 11.4405228 2.85989343 218 222 230
53.9845729 11.4405228 2.67944743 218 222 230
53.8725405 11.4405228 2.46598757 218 222 230
53.8148479 11.4405228 2.23191937 218 222 230
53.8148479 11.4405228 1.99084601 218 222 230
53.8725405 11.4405228 1.7567778 218 222 230
53.9845729 11.4405228 1.54331794 218 222 230
54.1444341 11.4405228 1.36287194 218 222 230
54.3428336 11.4405228 1.22592666 218 222 230
54.5682411 11.4405228 1.14044087 218 222 230
54.8075567 11.4405228 1.11138269 218 222 230
54.8075567 0.515030179 1.11138269 218 222 230
55.0468724 0.515030179 1.14044087 218 222 230
55.2722799 0.515030179 1.22592666 218 222 230
55.4706794 0.515030179 1.36287194 218 222 230
55.6305406 0.515030179 1.54331794 218 222 230
55.742573 0.515030179 1.7567778 218 222 230
55.8002656 0.515030179 1.99084601 218 222 230
55.8002656 0.515030179 2.23191937 218 222 230
55.742573 0.515030179 2.46598757 218 222 230
55.6305406 0.515030179 2.67944743 218 222 230
55.4706794 0.515030179 2.85989343 218 222 230
55.2722799 0.515030179 2.99683871 218 222 230
55.0468724 0.515030179 3.0823245 218 222 230
54.8075567 0.515030179 3.11138269 218 222 230
54.5682411 0.515030179 3.0823245 218 222 230
54.3428336 0.515030179 2.99683871 218 222 230
54.1444341 0.515030179 2.85989343 218 222 230
53.9845729 0.515030179 2.67944743 218 222 230
53.8725405 0.515030179 2.46598757 218 222 230
53.8148479 0.515030179 2.23191937 218 222 230
53.8148479 0.515030179 1.99084601 218 222 230
53.8725405 0.515030179 1.7567778 218 222 230
53.9845729 0.515030179 1.54331794 218 222 230
54.1444341 0.515030179 1.36287194 218 222 230
54.3428336 0.515030179 1.22592666 218 222 230
54.5682411 0.515030179 1.14044087 218 222 230
19.6102958 35.0696172 0 255 79 163
19.7249008 35.0696172 0.0129128819 255 79 163
19.833759 35.0696172 0.0510040217 255 79 163
19.9314119 35.0696172 0.112363371 255 79 163
20.0129626 35.0696172 0.193914115 255 79 163
20.074322 35.0696172 0.291566959 255 79 163
20.1124131 35.0696172 0.400425183 255 79 163
20.125326 35.0696172 0.515030179 255 79 163
19.6102958 35.0696172 0 255 79 163
19.6102958 35.1842222 0.0129128819 255 79 163
19.6102958 35.2930805 0.0510040217 255 79 163
19.6102958 35.3907333 0.112363371 255 79 163
19.6102958 35.472284 0.193914115 255 79 163
19.6102958 35.5336434 0.291566959 255 79 163
19.6102958 35.5717345 0.400425183 255 79 163
19.6102958 35.5846474 0.515030179 255 79 163
20.1124131 35.1842222 0.515030179 255 79 163
20.074322 35.2930805 0.515030179 255 79 163
20.0129626 35.3907333 0.515030179 255 79 163
19.9314119 35.472284 0.515030179 255 79 163
19.833759 35.5336434 0.515030179 255 79 163
19.7249008 35.5717345 0.515030179 255 79 163
19.7674895 35.0945143 0.0252073712 255 79 163
19.7521023 35.1418712 0.0252073712 255 79 163
19.722834 35.1821555 0.0252073712 255 79 163
19.8982065 35.1631651 0.0983620116 255 79 163
19.6825498 35.2114237 0.0252073712 255 79 163
19.8552072 35.2475558 0.0983620116 255 79 163
20.0218341 35.1347985 0.212303035 255 79 163
19.6351929 35.2268109 0.0252073712 255 79 163
19.7882344 35.3145286 0.0983620116 255 79 163
19.9815499 35.2587806 0.212303035 255 79 163
19.7038437 35.3575279 0.0983620116 255 79 163
19.9049247 35.3642461 0.212303035 255 79 163
20.076145 35.2209808 0.355877101 255 79 163
19.7994592 35.4408713 0.212303035 255 79 163
20.0065708 35.3575279 0.355877101 255 79 163
19.6754771 35.4811555 0.212303035 255 79 163
19.8982065 35.4658922 0.355877101 255 79 163
19.7616594 35.5354664 0.355877101 255 79 163
41.1365324 35.5846474 0.515030179 255 79 163
41.1365324 35.5717345 0.400425183 255 79 163
41.1365324 35.5336434 0.291566959 255 79 163
41.1365324 35.472284 0.193914115 255 79 163
41.1365324 35.3907333 0.112363371 255 79 163
41.1365324 35.2930805 0.0510040217 255 79 163
41.1365324 35.1842222 0.0129128819 255 79 163
41.1365324 35.0696172 -1.11022302e-16 255 79 163
40.6215022 35.0696172 0.515030179 255 79 163
40.6344151 35.0696172 0.400425183 255 79 163
40.6725063 35.0696172 0.291566959 255 79 163
40.7338656 35.0696172 0.193914115 255 79 163
40.8154163 35.0696172 0.112363371 255 79 163
40.9130692 35.0696172 0.0510040217 255 79 163
41.0219274 35.0696172 0.0129128819 255 79 163
40.6215022 35.0696172 0.515030179 255 79 163
40.6344151 35.1842222 0.515030179 255 79 163
40.6725063 35.2930805 0.515030179 255 79 163
40.7338656 35.3907333 0.515030179 255 79 163
40.8154163 35.472284 0.515030179 255 79 163
40.9130692 35.5336434 0.515030179 255 79 163
41.0219274 35.5717345 0.515030179 255 79 163
40.6467096 35.0945143 0.35783654 255 79 163
40.6467096 35.1418712 0.373223748 255 79 163
40.6467096 35.1821555 0.402491958 255 79 163
40.7198642 35.1631651 0.227119556 255 79 163
40.6467096 35.2114237 0.442776194 255 79 163
40.7198642 35.2475558 0.270118775 255 79 163
40.8338053 35.1347985 0.103491888 255 79 163
40.6467096 35.2268109 0.490133152 255 79 163
40.7198642 35.3145286 0.337091628 255 79 163
40.8338053 35.2587806 0.143776123 255 79 163
40.7198642 35.3575279 0.421482347 255 79 163
40.8338053 35.3642461 0.220401292 255 79 163
40.9773793 35.2209808 0.0491810058 255 79 163
40.8338053 35.4408713 0.325866789 255 79 163
40.9773793 35.3575279 0.118755203 255 79 163
40.8338053 35.4811555 0.449848917 255 79 163
40.9773793 35.4658922 0.227119556 255 79 163
40.9773793 35.5354664 0.363666607 255 79 163
64.3311968 35.0696172 0.515030179 255 79 163
64.3182839 35.1842222 0.515030179 255 79 163
64.2801928 35.2930805 0.515030179 255 79 163
64.2188334 35.3907333 0.515030179 255 79 163
64.1372827 35.472284 0.515030179 255 79 163
64.0396298 35.5336434 0.515030179 255 79 163
63.9307716 35.5717345 0.515030179 255 79 163
63.8161666 35.5846474 0.515030179 255 79 163
64.3311968 35.0696172 0.515030179 255 79 163
64.3182839 35.0696172 0.400425183 255 79 163
64.2801928 35.0696172 0.291566959 255 79 163
64.2188334 35.0696172 0.193914115 255 79 163
64.1372827 35.0696172 0.112363371 255 79 163
64.0396298 35.0696172 0.0510040217 255 79 163
63.9307716 35.0696172 0.0129128819 255 79 163
63.8161666 35.0696172 -1.11022302e-16 255 79 163
63.8161666 35.5717345 0.400425183 255 79 163
63.8161666 35.5336434 0.291566959 255 79 163
63.8161666 35.472284 0.193914115 255 79 163
63.8161666 35.3907333 0.112363371 255 79 163
63.8161666 35.2930805 0.0510040217 255 79 163
63.8161666 35.1842222 0.0129128819 255 79 163
64.3059894 35.2268109 0.490133152 255 79 163
64.3059894 35.2114237 0.442776194 255 79 163
64.3059894 35.1821555 0.402491958 255 79 163
64.2328348 35.3575279 0.421482347 255 79 163
64.3059894 35.1418712 0.373223748 255 79 163
64.2328348 35.3145286 0.337091628 255 79 163
64.1188938 35.4811555 0.449848917 255 79 163
64.3059894 35.0945143 0.35783654 255 79 163
64.2328348 35.2475558 0.270118775 255 79 163
64.1188938 35.4408713 0.325866789 255 79 163
64.2328348 35.1631651 0.227119556 255 79 163
64.1188938 35.3642461 0.220401292 255 79 163
63.9753197 35.5354664 0.363666607 255 79 163
64.1188938 35.2587806 0.143776123 255 79 163
63.9753197 35.4658922 0.227119556 255 79 163
64.1188938 35.1347985 0.103491888 255 79 163
63.9753197 35.3575279 0.118755203 255 79 163
63.9753197 35.2209808 0.0491810058 255 79 163
46.0476264 27.0474361 0.515030179 255 79 163
46.1679154 27.0334564 0.505764921 255 79 163
46.2818717 26.9921364 0.497576002 255 79 163
46.3833155 26.9254458 0.490723035 255 79 163
46.4665541 26.836776 0.485382613 255 79 163
46.5267575 26.7308686 0.481669171 255 79 163
46.5566811 26.6336627 0.479867875 255 79 163
46.5667964 26.532406 0.479265216 255 79 163
45.7951397 27.0474361 1.84825839 255 79 163
45.2666905 27.0474361 3.09805374 255 79 163
44.4861336 27.0474361 4.20799876 255 79 163
43.4887044 27.0474361 5.12798905 255 79 163
42.3194284 27.0474361 5.81649501 255 79 163
41.031088 27.0474361 6.24243656 255 79 163
39.6818409 27.0474361 6.38658611 255 79 163
39.6818409 26.532406 6.90161628 255 79 163
39.6818409 26.647011 6.8887034 255 79 163
39.6818409 26.7558692 6.85061226 255 79 163
39.6818409 26.853522 6.78925291 255 79 163
39.6818409 26.9350728 6.70770217 255 79 163
39.6818409 26.9964321 6.61004933 255 79 163
39.6818409 27.0345233 6.5011911 255 79 163
46.3070534 26.532406 1.93361477 255 79 163
45.7437312 26.532406 3.29936257 255 79 163
44.9026421 26.532406 4.51392758 255 79 163
43.8223264 26.532406 5.52165621 255 79 163
42.5522861 26.532406 6.2763725 255 79 163
41.1507167 26.532406 6.74349397 255 79 163
41.1377711 26.6336622 6.73601733 255 79 163
41.131492 26.7308685 6.70696617 255 79 163
41.1188611 26.8367771 6.64852793 255 79 163
41.1014027 26.9254451 6.56775512 255 79 163
41.0801377 26.9921356 6.46937016 255 79 163
41.0562659 27.0334576 6.35892446 255 79 163
42.5279787 26.6336622 6.27639718 255 79 163
42.5157039 26.7308685 6.24932828 255 79 163
42.4910123 26.8367771 6.19487746 255 79 163
42.4568837 26.9254451 6.11961605 255 79 163
42.4153136 26.9921356 6.0279442 255 79 163
42.3686475 27.0334576 5.92503458 255 79 163
43.7897079 26.6336622 5.53345201 255 79 163
43.7719914 26.7308685 5.50958729 255 79 163
43.7363537 26.8367771 5.46158189 255 79 163
43.6870955 26.9254451 5.39522926 255 79 163
43.6270968 26.9921356 5.31440873 255 79 163
43.559743 27.0334576 5.22368065 255 79 163
44.8660023 26.6336622 4.54071937 255 79 163
44.843644 26.7308685 4.52113611 255 79 163
44.7986689 26.8367771 4.48174315 255 79 163
44.7365047 26.9254451 4.42729456 255 79 163
44.6607858 26.9921356 4.36097369 255 79 163
44.5757848 27.0334576 4.28652274 255 79 163
45.7082768 26.6336622 3.34301254 255 79 163
45.6822859 26.7308685 3.32859476 255 79 163
45.6300036 26.8367771 3.29959249 255 79 163
45.5577395 26.9254451 3.25950582 255 79 163
45.4697186 26.9921356 3.21067843 255 79 163
45.3709074 27.0334576 3.15586543 255 79 163
46.2785098 26.6336622 1.99439761 255 79 163
46.2500596 26.7308685 1.98579616 255 79 163
46.1928303 26.8367771 1.96849378 255 79 163
46.1137284 26.9254451 1.9445786 255 79 163
46.0173787 26.9921356 1.91544881 255 79 163
45.9092178 27.0334576 1.88274809 255 79 163
28.2133939 27.0474361 0.515030179 218 222 230
46.0476264 27.0474361 0.515030179 218 222 230
45.7951397 27.0474361 1.84825839 218 222 230
45.2666905 27.0474361 3.09805374 218 222 230
44.4861336 27.0474361 4.20799876 218 222 230
43.4887044 27.0474361 5.12798905 218 222 230
42.3194284 27.0474361 5.81649501 218 222 230
41.031088 27.0474361 6.24243656 218 222 230
39.6818409 27.0474361 6.38658611 218 222 230
34.5791795 27.0474361 6.38658611 218 222 230
33.2299323 27.0474361 6.24243656 218 222 230
31.941592 27.0474361 5.81649501 218 222 230
30.7723159 27.0474361 5.12798905 218 222 230
29.7748868 27.0474361 4.20799876 218 222 230
28.9943299 27.0474361 3.09805374 218 222 230
28.4658806 27.0474361 1.84825839 218 222 230
34.5791795 27.0474361 6.38658611 255 79 163
33.2299323 27.0474361 6.24243656 255 79 163
31.941592 27.0474361 5.81649501 255 79 163
30.7723159 27.0474361 5.12798905 255 79 163
29.7748868 27.0474361 4.20799876 255 79 163
28.9943299 27.0474361 3.09805374 255 79 163
28.4658806 27.0474361 1.84825839 255 79 163
28.2133939 27.0474361 0.515030179 255 79 163
27.694224 26.532406 0.479265216 255 79 163
27.7087683 26.6535553 0.480132693 255 79 163
27.7515195 26.7677435 0.482721186 255 79 163
27.8198698 26.8685081 0.486986547 255 79 163
27.9097636 26.9503146 0.492846558 255 79 163
28.0160426 27.0088552 0.500168088 255 79 163
28.1128838 27.0377176 0.507242834 255 79 163
34.5791795 26.532406 6.90161628 255 79 163
33.1103036 26.532406 6.74349397 255 79 163
31.7087343 26.532406 6.2763725 255 79 163
30.438694 26.532406 5.52165621 255 79 163
29.3583783 26.532406 4.51392758 255 79 163
28.5172892 26.532406 3.29936257 255 79 163
27.953967 26.532406 1.93361477 255 79 163
34.5791795 26.647011 6.8887034 255 79 163
34.5791795 26.7558692 6.85061226 255 79 163
34.5791795 26.853522 6.78925291 255 79 163
34.5791795 26.9350728 6.70770217 255 79 163
34.5791795 26.9964321 6.61004933 255 79 163
34.5791795 27.0345233 6.5011911 255 79 163
27.9663627 26.647011 1.92999699 255 79 163
28.0029283 26.7558692 1.91932505 255 79 163
28.0618303 26.853522 1.9021341 255 79 163
28.140115 26.9350728 1.87928616 255 79 163
28.2338569 26.9964321 1.85192692 255 79 163
28.3383555 27.0345233 1.82142829 255 79 163
28.528631 26.647011 3.29318949 255 79 163
28.5620875 26.7558692 3.27497977 255 79 163
28.6159812 26.853522 3.24564653 255 79 163
28.6876096 26.9350728 3.20666067 255 79 163
28.773381 26.9964321 3.15997709 255 79 163
28.8689943 27.0345233 3.10793671 255 79 163
29.3681464 26.647011 4.50548205 255 79 163
29.3969608 26.7558692 4.48056895 255 79 163
29.4433768 26.853522 4.44043753 255 79 163
29.5050667 26.9350728 4.38710015 255 79 163
29.5789372 26.9964321 4.32323136 255 79 163
29.6612842 27.0345233 4.25203381 255 79 163
30.4464408 26.647011 5.51132522 255 79 163
30.4692929 26.7558692 5.4808503 255 79 163
30.5061042 26.853522 5.4317596 255 79 163
30.5550289 26.9350728 5.36651471 255 79 163
30.6136137 26.9964321 5.2883873 255 79 163
30.678921 27.0345233 5.20129499 255 79 163
31.7141049 26.647011 6.26462944 255 79 163
31.7299474 26.7558692 6.22998912 255 79 163
31.7554673 26.853522 6.17418855 255 79 163
31.789385 26.9350728 6.1000258 255 79 163
31.8299997 26.9964321 6.0112197 255 79 163
31.8752748 27.0345233 5.91222336 255 79 163
33.1130519 26.647011 6.73087694 255 79 163
33.1211589 26.7558692 6.6936585 255 79 163
33.134218 26.853522 6.63370495 255 79 163
33.1515745 26.9350728 6.55402261 255 79 163
33.172358 26.9964321 6.45860708 255 79 163
33.1955264 27.0345233 6.3522429 255 79 163
64.3311968 35.0696172 0.515030179 255 79 163
64.3182839 35.1842222 0.515030179 255 79 163
64.2801928 35.2930805 0.515030179 255 79 163
64.2188334 35.3907333 0.515030179 255 79 163
64.1372827 35.472284 0.515030179 255 79 163
64.0396298 35.5336434 0.515030179 255 79 163
63.9307716 35.5717345 0.515030179 255 79 163
63.8161666 35.5846474 0.515030179 255 79 163
63.8161666 35.5846474 67.6279314 255 79 163
63.9307716 35.5717345 67.6279314 255 79 163
64.0396298 35.5336434 67.6279314 255 79 163
64.1372827 35.472284 67.6279314 255 79 163
64.2188334 35.3907333 67.6279314 255 79 163
64.2801928 35.2930805 67.6279314 255 79 163
64.3182839 35.1842222 67.6279314 255 79 163
64.3311968 35.0696172 67.6279314 255 79 163
40.6215022 35.0696172 67.6279314 255 79 163
40.6344151 35.1842222 67.6279314 255 79 163
40.6725063 35.2930805 67.6279314 255 79 163
40.7338656 35.3907333 67.6279314 255 79 163
40.8154163 35.472284 67.6279314 255 79 163
40.9130692 35.5336434 67.6279314 255 79 163
41.0219274 35.5717345 67.6279314 255 79 163
41.1365324 35.5846474 67.6279314 255 79 163
41.1365324 35.5846474 0.515030179 255 79 163
40.6215022 35.0696172 0.515030179 255 79 163
40.6344151 35.1842222 0.515030179 255 79 163
40.6725063 35.2930805 0.515030179 255 79 163
40.7338656 35.3907333 0.515030179 255 79 163
40.8154163 35.472284 0.515030179 255 79 163
40.9130692 35.5336434 0.515030179 255 79 163
41.0219274 35.5717345 0.515030179 255 79 163
39.6818409 26.532406 6.90161628 255 79 163
39.6818409 26.647011 6.8887034 255 79 163
39.6818409 26.7558692 6.85061226 255 79 163
39.6818409 26.853522 6.78925291 255 79 163
39.6818409 26.9350728 6.70770217 255 79 163
39.6818409 26.9964321 6.61004933 255 79 163
39.6818409 27.0345233 6.5011911 255 79 163
39.6818409 27.0474361 6.38658611 255 79 163
34.5791795 27.0474361 6.38658611 255 79 163
34.5791795 26.532406 6.90161628 255 79 163
34.5791795 26.647011 6.8887034 255 79 163
34.5791795 26.7558692 6.85061226 255 79 163
34.5791795 26.853522 6.78925291 255 79 163
34.5791795 26.9350728 6.70770217 255 79 163
34.5791795 26.9964321 6.61004933 255 79 163
34.5791795 27.0345233 6.5011911 255 79 163
54.8075567 11.9555529 1.62641287 255 79 163
54.9236176 11.9555529 1.64050521 255 79 163
55.0329334 11.9555529 1.68196324 255 79 163
55.1291512 11.9555529 1.74837756 255 79 163
55.2066791 11.9555529 1.83588843 255 79 163
55.2610114 11.9555529 1.93941002 255 79 163
55.2889906 11.9555529 2.05292603 255 79 163
55.2889906 11.9555529 2.16983934 255 79 163
55.2610114 11.9555529 2.28335536 255 79 163
55.2066791 11.9555529 2.38687695 255 79 163
55.1291512 11.9555529 2.47438781 255 79 163
55.0329334 11.9555529 2.54080214 255 79 163
54.9236176 11.9555529 2.58226017 255 79 163
54.8075567 11.9555529 2.59635251 255 79 163
54.6914959 11.9555529 2.58226017 255 79 163
54.58218 11.9555529 2.54080214 255 79 163
54.4859622 11.9555529 2.47438781 255 79 163
54.4084344 11.9555529 2.38687695 255 79 163
54.3541021 11.9555529 2.28335536 255 79 163
54.3261229 11.9555529 2.16983934 255 79 163
54.3261229 11.9555529 2.05292603 255 79 163
54.3541021 11.9555529 1.93941002 255 79 163
54.4084344 11.9555529 1.83588843 255 79 163
54.4859622 11.9555529 1.74837756 255 79 163
54.58218 11.9555529 1.68196324 255 79 163
54.6914959 11.9555529 1.64050521 255 79 163
54.8075567 11.9555529 1.62641287 255 79 163
54.8075567 11.4405228 1.11138269 255 79 163
54.8075567 11.5551278 1.12429557 255 79 163
54.8075567 11.663986 1.16238671 255 79 163
54.8075567 11.7616388 1.22374606 255 79 163
54.8075567 11.8431896 1.3052968 255 79 163
54.8075567 11.9045489 1.40294965 255 79 163
54.8075567 11.9426401 1.51180787 255 79 163
54.8075567 11.4405228 1.11138269 255 79 163
55.0468724 11.4405228 1.14044087 255 79 163
55.2722799 11.4405228 1.22592666 255 79 163
55.4706794 11.4405228 1.36287194 255 79 163
55.6305406 11.4405228 1.54331794 255 79 163
55.742573 11.4405228 1.7567778 255 79 163
55.8002656 11.4405228 1.99084601 255 79 163
55.8002656 11.4405228 2.23191937 255 79 163
55.742573 11.4405228 2.46598757 255 79 163
55.6305406 11.4405228 2.67944743 255 79 163
55.4706794 11.4405228 2.85989343 255 79 163
55.2722799 11.4405228 2.99683871 255 79 163
55.0468724 11.4405228 3.0823245 255 79 163
54.8075567 11.4405228 3.11138269 255 79 163
54.5682411 11.4405228 3.0823245 255 79 163
54.3428336 11.4405228 2.99683871 255 79 163
54.1444341 11.4405228 2.85989343 255 79 163
53.9845729 11.4405228 2.67944743 255 79 163
53.8725405 11.4405228 2.46598757 255 79 163
53.8148479 11.4405228 2.23191937 255 79 163
53.8148479 11.4405228 1.99084601 255 79 163
53.8725405 11.4405228 1.7567778 255 79 163
53.9845729 11.4405228 1.54331794 255 79 163
54.1444341 11.4405228 1.36287194 255 79 163
54.3428336 11.4405228 1.22592666 255 79 163
54.5682411 11.4405228 1.14044087 255 79 163
54.8075567 11.5551278 1.12429557 255 79 163
54.8075567 11.663986 1.16238671 255 79 163
54.8075567 11.7616388 1.22374606 255 79 163
54.8075567 11.8431896 1.3052968 255 79 163
54.8075567 11.9045489 1.40294965 255 79 163
54.8075567 11.9426401 1.51180787 255 79 163
54.3665364 11.6639862 1.27108862 255 79 163
54.4329498 11.8431892 1.39762876 255 79 163
54.0265485 11.6639862 1.57229161 255 79 163
54.5289207 11.9426407 1.58048612 255 79 163
54.1441607 11.8431892 1.6534735 255 79 163
53.8654801 11.6639862 1.99699388 255 79 163
54.3141169 11.9426407 1.77078574 255 79 163
54.0073477 11.8431892 2.01421973 255 79 163
53.9202302 11.6639862 2.44790124 255 79 163
54.2123541 11.9426407 2.03911201 255 79 163
54.053853 11.8431892 2.39722481 255 79 163
54.1782561 11.6639862 2.82171626 255 79 163
54.2469451 11.9426407 2.32399462 255 79 163
54.2730227 11.8431892 2.71474691 255 79 163
54.5804472 11.6639862 3.03280242 255 79 163
54.4099655 11.9426407 2.5601704 255 79 163
54.6146477 11.8431892 2.89404554 255 79 163
55.0346663 11.6639862 3.03280242 255 79 163
54.6640692 11.9426407 2.69353432 255 79 163
55.0004658 11.8431892 2.89404554 255 79 163
55.4368574 11.6639862 2.82171626 255 79 163
54.9510442 11.9426407 2.69353432 255 79 163
55.3420908 11.8431892 2.71474691 255 79 163
55.6948832 11.6639862 2.44790124 255 79 163
55.2051479 11.9426407 2.5601704 255 79 163
55.5612605 11.8431892 2.39722481 255 79 163
55.7496333 11.6639862 1.99699388 255 79 163
55.3681683 11.9426407 2.32399462 255 79 163
55.6077657 11.8431892 2.01421973 255 79 163
55.588565 11.6639862 1.57229161 255 79 163
55.4027593 11.9426407 2.03911201 255 79 163
55.4709527 11.8431892 1.6534735 255 79 163
55.2485771 11.6639862 1.27108862 255 79 163
55.3009966 11.9426407 1.77078574 255 79 163
55.1821637 11.8431892 1.39762876 255 79 163
55.0861927 11.9426407 1.58048612 255 79 163
54.8075567 11.9555529 1.62641287 218 222 230
54.9236176 11.9555529 1.64050521 218 222 230
55.0329334 11.9555529 1.68196324 218 222 230
55.1291512 11.9555529 1.74837756 218 222 230
55.2066791 11.9555529 1.83588843 218 222 230
55.2610114 11.9555529 1.93941002 218 222 230
55.2889906 11.9555529 2.05292603 218 222 230
55.2889906 11.9555529 2.16983934 218 222 230
55.2610114 11.9555529 2.28335536 218 222 230
55.2066791 11.9555529 2.38687695 218 222 230
55.1291512 11.9555529 2.47438781 218 222 230
55.0329334 11.9555529 2.54080214 218 222 230
54.9236176 11.9555529 2.58226017 218 222 230
54.8075567 11.9555529 2.59635251 218 222 230
54.6914959 11.9555529 2.58226017 218 222 230
54.58218 11.9555529 2.54080214 218 222 230
54.4859622 11.9555529 2.47438781 218 222 230
54.4084344 11.9555529 2.38687695 218 222 230
54.3541021 11.9555529 2.28335536 218 222 230
54.3261229 11.9555529 2.16983934 218 222 230
54.3261229 11.9555529 2.05292603 218 222 230
54.3541021 11.9555529 1.93941002 218 222 230
54.4084344 11.9555529 1.83588843 218 222 230
54.4859622 11.9555529 1.74837756 218 222 230
54.58218 11.9555529 1.68196324 218 222 230
54.6914959 11.9555529 1.64050521 218 222 230
3 9 11 10
3 2 11 9
3 3 11 2
3 4 11 3
3 12 4 5
3 12 5 6
3 12 6 7
3 12 7 8
3 12 8 0
3 12 11 4
3 1 12 0
3 13 12 1
3 24 14 15
3 24 23 14
3 25 15 16
3 25 24 15
3 26 16 17
3 26 25 16
3 27 17 18
3 27 26 17
3 28 18 19
3 28 27 18
3 29 19 20
3 29 28 19
3 22 20 21
3 22 29 20
3 52 46 45
3 58 39 38
3 58 38 51
3 59 40 39
3 59 39 58
3 60 51 50
3 60 58 51
3 61 41 40
3 61 40 59
3 62 58 60
3 62 59 58
3 63 50 49
3 63 60 50
3 64 42 41
3 64 41 61
3 65 59 62
3 65 61 59
3 66 62 60
3 66 60 63
3 67 43 42
3 67 42 64
3 68 49 48
3 68 63 49
3 69 64 61
3 69 61 65
3 70 62 66
3 70 65 62
3 71 36 37
3 71 44 43
3 71 37 44
3 71 43 67
3 72 66 63
3 72 63 68
3 73 64 69
3 73 67 64
3 74 48 47
3 74 68 48
3 75 69 65
3 75 65 70
3 76 66 72
3 76 70 66
3 77 67 73
3 77 35 36
3 77 36 71
3 77 71 67
3 78 68 74
3 78 72 68
3 79 73 69
3 79 69 75
3 80 47 46
3 80 46 52
3 80 74 47
3 81 75 70
3 81 70 76
3 82 72 78
3 82 76 72
3 83 34 35
3 83 35 77
3 83 73 79
3 83 77 73
3 84 78 74
3 84 80 52
3 84 52 53
3 84 74 80
3 85 75 81
3 85 79 75
3 86 76 82
3 86 81 76
3 87 78 84
3 87 53 54
3 87 84 53
3 87 82 78
3 88 33 34
3 88 83 79
3 88 79 85
3 88 34 83
3 89 81 86
3 89 85 81
3 90 86 82
3 90 54 55
3 90 55 56
3 90 82 87
3 90 87 54
3 91 32 33
3 91 33 88
3 91 88 85
3 91 85 89
3 92 89 86
3 92 90 56
3 92 86 90
3 93 30 31
3 93 31 32
3 93 56 57
3 93 57 30
3 93 32 91
3 93 92 56
3 93 91 89
3 93 89 92
3 103 94 95
3 104 103 95
3 105 95 96
3 105 104 95
3 106 96 97
3 106 105 96
3 107 97 98
3 107 98 99
3 107 106 97
3 108 107 99
3 109 99 100
3 109 108 99
3 102 100 101
3 102 109 100
3 119 110 111
3 120 111 112
3 120 119 111
3 121 112 113
3 121 120 112
3 122 113 114
3 122 121 113
3 123 114 115
3 123 122 114
3 124 115 116
3 124 123 115
3 125 124 116
3 118 116 117
3 118 125 116
3 136 126 127
3 136 127 128
3 136 135 126
3 137 136 128
3 138 128 129
3 138 129 130
3 138 137 128
3 139 130 131
3 139 138 130
3 140 139 131
3 141 131 132
3 141 140 131
3 134 132 133
3 134 141 132
3 152 143 142
3 152 142 150
3 153 150 149
3 153 152 150
3 154 149 148
3 154 153 149
3 155 148 147
3 155 154 148
3 156 147 146
3 156 155 147
3 157 146 145
3 157 156 146
3 151 145 144
3 151 157 145
3 165 166 167
3 165 167 173
3 164 173 172
3 164 165 173
3 163 172 171
3 163 164 172
3 162 171 170
3 162 163 171
3 161 169 168
3 161 170 169
3 161 162 170
3 160 161 168
3 159 168 158
3 159 160 168
3 182 183 184
3 181 184 185
3 181 182 184
3 180 185 186
3 180 181 185
3 179 186 187
3 179 180 186
3 178 187 188
3 178 179 187
3 177 188 189
3 177 178 188
3 176 189 174
3 176 177 189
3 175 176 174
3 193 191 190
3 192 191 193
3 210 201 200
3 209 212 208
3 213 196 195
3 214 195 194
3 214 194 202
3 214 202 203
3 214 196 213
3 214 213 195
3 215 203 204
3 215 214 203
3 215 204 214
3 216 197 196
3 216 198 197
3 216 196 214
3 217 204 205
3 217 205 206
3 217 214 204
3 217 216 214
3 218 199 198
3 218 198 216
3 219 199 218
3 219 216 217
3 219 218 216
3 220 206 207
3 220 217 206
3 220 207 219
3 220 219 217
3 221 200 199
3 221 211 210
3 221 199 219
3 221 210 200
3 222 207 208
3 222 212 211
3 222 219 207
3 222 211 221
3 222 208 212
3 222 221 219
3 229 231 230
3 229 238 231
3 228 237 238
3 228 238 229
3 227 236 237
3 227 237 228
3 226 234 235
3 226 235 236
3 226 236 227
3 225 234 226
3 224 232 233
3 224 233 234
3 224 234 225
3 223 232 224
3 241 239 242
3 240 239 241
3 259 250 249
3 258 264 257
3 265 245 244
3 266 244 243
3 266 265 244
3 267 243 251
3 267 266 243
3 268 246 245
3 268 245 265
3 268 265 266
3 269 251 252
3 269 267 251
3 270 266 267
3 270 268 266
3 271 247 246
3 271 248 247
3 271 246 268
3 272 252 253
3 272 269 252
3 273 270 267
3 273 267 269
3 274 268 270
3 274 271 268
3 275 253 254
3 275 269 272
3 275 272 253
3 275 273 269
3 276 270 273
3 276 274 270
3 277 249 248
3 277 260 259
3 277 248 271
3 277 271 274
3 277 259 249
3 278 273 275
3 278 276 273
3 279 261 260
3 279 262 261
3 279 260 277
3 279 274 276
3 279 277 274
3 280 254 255
3 280 255 256
3 280 275 254
3 280 278 275
3 281 263 262
3 281 262 279
3 281 276 278
3 281 279 276
3 282 256 257
3 282 264 263
3 282 263 281
3 282 257 264
3 282 280 256
3 282 278 280
3 282 281 278
3 299 290 289
3 298 301 297
3 302 285 284
3 303 284 283
3 303 283 291
3 303 291 292
3 303 285 302
3 303 302 284
3 304 292 293
3 304 303 292
3 304 293 303
3 305 286 285
3 305 287 286
3 305 285 303
3 306 293 294
3 306 294 295
3 306 303 293
3 306 305 303
3 307 288 287
3 307 287 305
3 308 288 307
3 308 305 306
3 308 307 305
3 309 295 296
3 309 306 295
3 309 296 308
3 309 308 306
3 310 289 288
3 310 300 299
3 310 288 308
3 310 299 289
3 311 296 297
3 311 301 300
3 311 308 296
3 311 300 310
3 311 297 301
3 311 310 308
3 315 313 312
3 315 314 313
3 332 337 316
3 333 332 316
3 331 337 332
3 334 333 316
3 330 337 331
3 335 334 316
3 328 335 316
3 329 337 330
3 336 337 329
3 327 316 317
3 327 328 316
3 326 327 317
3 325 326 317
3 324 325 317
3 323 324 317
3 318 319 320
3 318 320 321
3 318 321 322
3 318 322 323
3 318 323 317
3 344 345 352
3 338 339 359
3 360 348 347
3 361 347 346
3 361 360 347
3 362 346 353
3 362 361 346
3 363 349 348
3 363 360 361
3 363 348 360
3 364 353 354
3 364 362 353
3 365 361 362
3 365 363 361
3 366 350 349
3 366 351 350
3 366 349 363
3 367 354 355
3 367 364 354
3 368 365 362
3 368 362 364
3 369 363 365
3 369 366 363
3 370 355 356
3 370 368 364
3 370 367 355
3 370 364 367
3 371 365 368
3 371 369 365
3 372 343 344
3 372 352 351
3 372 351 366
3 372 366 369
3 372 344 352
3 373 368 370
3 373 371 368
3 374 342 343
3 374 343 372
3 374 369 371
3 374 372 369
3 375 356 357
3 375 357 358
3 375 370 356
3 375 373 370
3 376 340 341
3 376 341 342
3 376 342 374
3 376 371 373
3 376 374 371
3 377 339 340
3 377 358 359
3 377 359 339
3 377 340 376
3 377 375 358
3 377 373 375
3 377 376 373
3 384 385 392
3 378 379 399
3 400 388 387
3 401 387 386
3 401 400 387
3 402 386 393
3 402 401 386
3 403 389 388
3 403 400 401
3 403 388 400
3 404 393 394
3 404 402 393
3 405 401 402
3 405 403 401
3 406 390 389
3 406 391 390
3 406 389 403
3 407 394 395
3 407 404 394
3 408 405 402
3 408 402 404
3 409 403 405
3 409 406 403
3 410 395 396
3 410 408 404
3 410 407 395
3 410 404 407
3 411 405 408
3 411 409 405
3 412 383 384
3 412 392 391
3 412 391 406
3 412 406 409
3 412 384 392
3 413 408 410
3 413 411 408
3 414 382 383
3 414 383 412
3 414 409 411
3 414 412 409
3 415 396 397
3 415 397 398
3 415 410 396
3 415 413 410
3 416 380 381
3 416 381 382
3 416 382 414
3 416 411 413
3 416 414 411
3 417 379 380
3 417 398 399
3 417 399 379
3 417 380 416
3 417 415 398
3 417 413 415
3 417 416 413
3 434 436 435
3 433 436 434
3 432 437 436
3 432 436 433
3 431 437 432
3 430 437 431
3 429 437 430
3 428 437 429
3 427 437 428
3 462 418 463
3 464 463 418
3 461 418 462
3 465 464 418
3 460 419 418
3 460 418 461
3 440 465 418
3 459 419 460
3 458 420 419
3 458 419 459
3 457 421 420
3 457 420 458
3 456 421 457
3 455 422 421
3 455 421 456
3 454 423 422
3 454 422 455
3 439 441 440
3 439 442 441
3 439 443 442
3 439 444 443
3 439 445 444
3 439 446 445
3 439 447 446
3 439 448 447
3 439 449 448
3 439 450 449
3 438 424 423
3 438 425 424
3 438 426 425
3 438 427 426
3 438 423 454
3 438 451 450
3 438 452 451
3 438 453 452
3 438 454 453
3 438 450 439
3 438 437 427
3 439 440 418
3 482 473 472
3 481 487 480
3 488 468 467
3 489 467 466
3 489 488 467
3 490 466 474
3 490 489 466
3 491 469 468
3 491 468 488
3 491 488 489
3 492 474 475
3 492 490 474
3 493 489 490
3 493 491 489
3 494 470 469
3 494 471 470
3 494 469 491
3 495 475 476
3 495 492 475
3 496 493 490
3 496 490 492
3 497 491 493
3 497 494 491
3 498 476 477
3 498 492 495
3 498 495 476
3 498 496 492
3 499 493 496
3 499 497 493
3 500 472 471
3 500 483 482
3 500 471 494
3 500 494 497
3 500 482 472
3 501 496 498
3 501 499 496
3 502 484 483
3 502 485 484
3 502 483 500
3 502 497 499
3 502 500 497
3 503 477 478
3 503 478 479
3 503 498 477
3 503 501 498
3 504 486 485
3 504 485 502
3 504 499 501
3 504 502 499
3 505 479 480
3 505 487 486
3 505 486 504
3 505 480 487
3 505 503 479
3 505 501 503
3 505 504 501
3 506 507 508
3 506 508 509
3 524 530 529
3 524 523 530
3 525 524 529
3 522 531 530
3 522 530 523
3 521 531 522
3 526 525 529
3 527 526 529
3 532 521 520
3 532 531 521
3 533 532 520
3 534 533 520
3 535 534 520
3 528 527 529
3 536 535 520
3 537 536 520
3 540 513 514
3 540 514 515
3 540 515 516
3 540 516 517
3 540 517 518
3 540 518 519
3 540 519 512
3 547 549 548
3 510 541 540
3 510 542 541
3 510 540 512
3 511 542 510
3 511 549 547
3 511 543 542
3 511 544 543
3 511 545 544
3 511 546 545
3 511 547 546
3 513 539 520
3 539 538 520
3 538 537 520
3 539 513 540
3 559 551 550
3 559 550 552
3 558 552 553
3 558 559 552
3 557 553 554
3 557 558 553
3 556 554 555
3 556 557 554
3 575 567 566
3 574 566 565
3 574 575 566
3 573 565 564
3 573 574 565
3 572 564 563
3 572 573 564
3 571 563 562
3 571 572 563
3 570 562 561
3 570 571 562
3 569 561 560
3 569 570 561
3 568 569 560
3 591 589 590
3 604 577 576
3 604 576 584
3 605 578 577
3 605 577 604
3 606 584 585
3 606 604 584
3 607 579 578
3 607 578 605
3 608 604 606
3 608 605 604
3 609 585 586
3 609 606 585
3 610 580 579
3 610 579 607
3 611 605 608
3 611 607 605
3 612 608 606
3 612 606 609
3 613 581 580
3 613 580 610
3 614 586 587
3 614 609 586
3 615 610 607
3 615 607 611
3 616 611 608
3 616 608 612
3 617 582 581
3 617 583 582
3 617 598 583
3 617 581 613
3 618 609 614
3 618 612 609
3 619 613 610
3 619 610 615
3 620 587 588
3 620 614 587
3 621 615 611
3 621 611 616
3 622 616 612
3 622 612 618
3 623 599 598
3 623 598 617
3 623 613 619
3 623 617 613
3 624 614 620
3 624 618 614
3 625 615 621
3 625 619 615
3 626 588 589
3 626 620 588
3 626 589 591
3 627 621 616
3 627 616 622
3 628 618 624
3 628 622 618
3 629 623 619
3 629 619 625
3 629 600 599
3 629 599 623
3 630 624 620
3 630 591 592
3 630 626 591
3 630 620 626
3 631 625 621
3 631 621 627
3 632 622 628
3 632 627 622
3 633 592 593
3 633 624 630
3 633 630 592
3 633 632 628
3 633 628 624
3 634 625 631
3 634 601 600
3 634 600 629
3 634 629 625
3 635 631 627
3 635 627 632
3 636 633 593
3 636 593 594
3 636 632 633
3 637 631 635
3 637 602 601
3 637 601 634
3 637 634 631
3 638 594 595
3 638 632 636
3 638 636 594
3 638 635 632
3 639 595 596
3 639 596 597
3 639 603 602
3 639 597 603
3 639 638 595
3 639 602 637
3 639 637 635
3 639 635 638
3 641 640 648
3 641 648 649
3 642 649 650
3 642 650 651
3 642 641 649
3 643 642 651
3 644 651 652
3 644 652 653
3 644 643 651
3 645 644 653
3 646 653 654
3 646 654 655
3 646 645 653
3 647 646 655
3 671 663 662
3 670 671 662
3 669 661 660
3 669 662 661
3 669 670 662
3 668 660 659
3 668 669 660
3 667 668 659
3 666 658 657
3 666 659 658
3 666 667 659
3 665 657 656
3 665 666 657
3 664 665 656
3 681 673 672
3 681 677 676
3 681 672 677
3 680 676 675
3 680 681 676
3 679 675 674
3 679 680 675
3 678 679 674
3 696 689 688
3 696 697 689
3 695 688 687
3 695 696 688
3 694 687 686
3 694 695 687
3 693 686 685
3 693 694 686
3 692 685 684
3 692 693 685
3 691 684 683
3 691 692 684
3 690 683 682
3 690 691 683
3 708 705 704
3 708 707 705
3 709 704 703
3 709 708 704
3 710 703 702
3 710 709 703
3 711 702 701
3 711 710 702
3 712 701 700
3 712 711 701
3 713 700 699
3 713 712 700
3 706 699 698
3 706 713 699
3 721 722 729
3 720 729 728
3 720 721 729
3 719 728 727
3 719 720 728
3 718 727 726
3 718 719 727
3 717 726 725
3 717 718 726
3 716 725 724
3 716 717 725
3 715 724 723
3 715 716 724
3 714 715 723
3 731 730 738
3 731 738 739
3 732 739 740
3 732 731 739
3 733 740 741
3 733 732 740
3 734 741 742
3 734 733 741
3 735 742 743
3 735 734 742
3 736 743 744
3 736 735 743
3 737 744 745
3 737 736 744
3 753 754 755
3 753 755 761
3 752 761 760
3 752 753 761
3 751 760 759
3 751 752 760
3 750 759 758
3 750 751 759
3 749 758 757
3 749 750 758
3 748 757 756
3 748 749 757
3 747 756 746
3 747 748 756
3 765 764 771
3 765 771 777
3 766 777 776
3 766 765 777
3 767 776 775
3 767 766 776
3 768 775 774
3 768 767 775
3 769 774 773
3 769 768 774
3 770 773 772
3 770 769 773
3 763 772 762
3 763 770 772
3 793 791 792
3 806 779 778
3 806 778 786
3 807 780 779
3 807 779 806
3 808 786 787
3 808 806 786
3 809 781 780
3 809 780 807
3 810 806 808
3 810 807 806
3 811 787 788
3 811 808 787
3 812 782 781
3 812 781 809
3 813 809 807
3 813 807 810
3 814 810 808
3 814 808 811
3 815 783 782
3 815 782 812
3 816 788 789
3 816 811 788
3 817 809 813
3 817 812 809
3 818 810 814
3 818 813 810
3 819 784 783
3 819 785 784
3 819 800 785
3 819 783 815
3 820 811 816
3 820 814 811
3 821 815 812
3 821 812 817
3 822 789 790
3 822 816 789
3 823 817 813
3 823 813 818
3 824 818 814
3 824 814 820
3 825 801 800
3 825 815 821
3 825 800 819
3 825 819 815
3 826 816 822
3 826 820 816
3 827 817 823
3 827 821 817
3 828 790 791
3 828 791 793
3 828 822 790
3 829 823 818
3 829 818 824
3 830 820 826
3 830 824 820
3 831 825 821
3 831 821 827
3 831 802 801
3 831 801 825
3 832 793 794
3 832 828 793
3 832 822 828
3 832 826 822
3 833 827 823
3 833 823 829
3 834 829 824
3 834 824 830
3 835 794 795
3 835 795 796
3 835 832 794
3 835 826 832
3 835 830 826
3 836 802 831
3 836 803 802
3 836 827 833
3 836 831 827
3 837 829 834
3 837 833 829
3 838 835 796
3 838 830 835
3 838 834 830
3 839 804 803
3 839 803 836
3 839 836 833
3 839 833 837
3 840 796 797
3 840 837 834
3 840 838 796
3 840 834 838
3 841 797 798
3 841 798 799
3 841 805 804
3 841 799 805
3 841 837 840
3 841 804 839
3 841 840 797
3 841 839 837
3 864 858 857
3 870 851 850
3 870 850 863
3 871 852 851
3 871 851 870
3 872 863 862
3 872 870 863
3 873 853 852
3 873 852 871
3 874 870 872
3 874 871 870
3 875 862 861
3 875 872 862
3 876 854 853
3 876 853 873
3 877 873 871
3 877 871 874
3 878 872 875
3 878 874 872
3 879 855 854
3 879 854 876
3 880 861 860
3 880 875 861
3 881 876 873
3 881 873 877
3 882 874 878
3 882 877 874
3 883 848 849
3 883 856 855
3 883 849 856
3 883 855 879
3 884 878 875
3 884 875 880
3 885 876 881
3 885 879 876
3 886 860 859
3 886 880 860
3 887 881 877
3 887 877 882
3 888 882 878
3 888 878 884
3 889 879 885
3 889 847 848
3 889 848 883
3 889 883 879
3 890 880 886
3 890 884 880
3 891 885 881
3 891 881 887
3 892 859 858
3 892 886 859
3 892 858 864
3 893 887 882
3 893 882 888
3 894 884 890
3 894 888 884
3 895 846 847
3 895 847 889
3 895 885 891
3 895 889 885
3 896 890 886
3 896 892 864
3 896 864 865
3 896 886 892
3 897 887 893
3 897 891 887
3 897 895 891
3 898 893 888
3 898 888 894
3 899 896 865
3 899 865 866
3 899 890 896
3 899 894 890
3 900 845 846
3 900 895 897
3 900 846 895
3 901 893 898
3 901 897 893
3 902 866 867
3 902 899 866
3 902 898 894
3 902 894 899
3 903 844 845
3 903 900 897
3 903 897 901
3 903 845 900
3 904 867 868
3 904 901 898
3 904 898 902
3 904 902 867
3 905 842 843
3 905 843 844
3 905 903 901
3 905 868 869
3 905 869 842
3 905 844 903
3 905 904 868
3 905 901 904
3 913 914 915
3 913 915 921
3 912 921 920
3 912 913 921
3 911 920 919
3 911 912 920
3 910 919 918
3 910 911 919
3 909 917 916
3 909 918 917
3 909 910 918
3 908 909 916
3 907 916 906
3 907 908 916
3 932 929 928
3 932 931 929
3 933 928 927
3 933 932 928
3 934 927 926
3 934 933 927
3 935 926 925
3 935 934 926
3 936 925 924
3 936 935 925
3 937 924 923
3 937 936 924
3 930 923 922
3 930 937 923
3 946 939 938
3 954 952 953
3 955 952 954
3 956 952 955
3 957 952 956
3 967 939 946
3 968 940 939
3 968 939 967
3 969 941 940
3 969 940 968
3 970 942 941
3 970 969 961
3 970 941 969
3 971 943 942
3 971 942 970
3 971 970 961
3 972 944 943
3 972 945 944
3 972 961 945
3 972 971 961
3 972 943 971
3 973 946 947
3 973 967 946
3 974 967 973
3 974 968 967
3 975 968 974
3 975 961 969
3 975 969 968
3 976 961 975
3 977 947 948
3 977 973 947
3 978 961 976
3 979 974 973
3 979 973 977
3 980 962 961
3 980 961 978
3 981 975 974
3 981 974 979
3 982 975 981
3 982 976 975
3 983 976 982
3 983 978 976
3 983 980 978
3 984 980 983
3 984 962 980
3 985 977 948
3 986 977 985
3 986 979 977
3 987 979 986
3 987 981 979
3 988 981 987
3 988 982 981
3 989 983 982
3 989 982 988
3 990 948 949
3 990 985 948
3 991 962 984
3 991 983 989
3 991 963 962
3 991 984 983
3 992 986 985
3 992 985 990
3 993 987 986
3 993 988 987
3 993 986 992
3 994 988 993
3 995 989 988
3 995 991 989
3 995 988 994
3 996 991 995
3 996 963 991
3 997 990 949
3 998 992 990
3 998 990 997
3 999 992 998
3 999 993 992
3 1000 994 993
3 1000 993 999
3 1001 995 994
3 1001 994 1000
3 1002 964 963
3 1002 996 995
3 1002 963 996
3 1002 995 1001
3 1003 949 950
3 1003 997 949
3 1004 998 997
3 1004 997 1003
3 1005 999 998
3 1005 1000 999
3 1005 998 1004
3 1006 1000 1005
3 1007 1001 1000
3 1007 1000 1006
3 1008 1003 950
3 1009 1001 1007
3 1009 964 1002
3 1009 1002 1001
3 1010 1003 1008
3 1010 1004 1003
3 1011 1005 1004
3 1011 1004 1010
3 1012 1006 1005
3 1012 1005 1011
3 1013 1007 1006
3 1013 1006 1012
3 1014 965 964
3 1014 1009 1007
3 1014 964 1009
3 1014 1007 1013
3 1015 950 951
3 1015 1008 950
3 1016 1008 1015
3 1016 1010 1008
3 1016 1015 951
3 1017 1016 951
3 1017 1010 1016
3 1017 1011 1010
3 1018 1017 951
3 1018 1011 1017
3 1018 1012 1011
3 1019 1018 951
3 1019 1012 1018
3 1019 1013 1012
3 1020 1019 951
3 1020 1013 1019
3 1020 965 1014
3 1020 1014 1013
3 1021 951 952
3 1022 951 1021
3 1022 1021 952
3 1023 951 1022
3 1023 1022 952
3 1023 952 957
3 1024 957 958
3 1024 951 1023
3 1024 1023 957
3 1025 1020 951
3 1025 965 1020
3 1025 958 959
3 1025 959 960
3 1025 951 1024
3 1025 1024 958
3 1025 966 965
3 1025 960 966
3 1041 1026 1027
3 1040 1027 1028
3 1040 1041 1027
3 1039 1028 1029
3 1039 1040 1028
3 1038 1029 1030
3 1038 1039 1029
3 1037 1030 1031
3 1037 1038 1030
3 1036 1031 1032
3 1036 1037 1031
3 1035 1032 1033
3 1035 1036 1032
3 1034 1035 1033
3 1049 1050 1051
3 1049 1051 1057
3 1048 1057 1056
3 1048 1049 1057
3 1047 1056 1055
3 1047 1048 1056
3 1046 1055 1054
3 1046 1047 1055
3 1045 1054 1053
3 1045 1046 1054
3 1044 1053 1052
3 1044 1045 1053
3 1043 1052 1042
3 1043 1044 1052
3 1059 1058 1060
3 1073 1060 1061
3 1073 1059 1060
3 1072 1061 1062
3 1072 1073 1061
3 1071 1062 1063
3 1071 1072 1062
3 1070 1063 1064
3 1070 1071 1063
3 1069 1064 1065
3 1069 1070 1064
3 1068 1065 1066
3 1068 1069 1065
3 1067 1068 1066
3 1090 1088 1089
3 1091 1088 1090
3 1092 1088 1091
3 1093 1088 1092
3 1103 1075 1074
3 1103 1074 1082
3 1104 1076 1075
3 1104 1075 1103
3 1105 1077 1076
3 1105 1076 1104
3 1106 1078 1077
3 1106 1105 1097
3 1106 1077 1105
3 1107 1079 1078
3 1107 1078 1106
3 1107 1106 1097
3 1108 1080 1079
3 1108 1081 1080
3 1108 1097 1081
3 1108 1107 1097
3 1108 1079 1107
3 1109 1082 1083
3 1109 1103 1082
3 1110 1103 1109
3 1110 1104 1103
3 1111 1105 1104
3 1111 1104 1110
3 1111 1110 1098
3 1111 1097 1105
3 1112 1111 1098
3 1112 1097 1111
3 1113 1112 1098
3 1113 1097 1112
3 1114 1098 1097
3 1114 1097 1113
3 1114 1113 1098
3 1115 1083 1084
3 1115 1109 1083
3 1116 1110 1109
3 1116 1098 1110
3 1116 1109 1115
3 1117 1098 1116
3 1118 1098 1117
3 1119 1098 1118
3 1120 1084 1085
3 1120 1115 1084
3 1121 1098 1119
3 1121 1099 1098
3 1122 1115 1120
3 1122 1116 1115
3 1123 1116 1122
3 1123 1117 1116
3 1124 1118 1117
3 1124 1117 1123
3 1125 1119 1118
3 1125 1121 1119
3 1125 1118 1124
3 1126 1121 1125
3 1126 1099 1121
3 1127 1122 1120
3 1127 1120 1085
3 1128 1122 1127
3 1129 1123 1122
3 1129 1124 1123
3 1129 1122 1128
3 1130 1124 1129
3 1131 1125 1124
3 1131 1124 1130
3 1132 1126 1125
3 1132 1099 1126
3 1132 1100 1099
3 1132 1125 1131
3 1133 1085 1086
3 1133 1127 1085
3 1134 1128 1127
3 1134 1127 1133
3 1135 1129 1128
3 1135 1128 1134
3 1136 1130 1129
3 1136 1129 1135
3 1137 1131 1130
3 1137 1130 1136
3 1138 1133 1086
3 1139 1131 1137
3 1139 1100 1132
3 1139 1132 1131
3 1140 1135 1134
3 1140 1134 1133
3 1140 1133 1138
3 1141 1135 1140
3 1142 1136 1135
3 1142 1137 1136
3 1142 1135 1141
3 1143 1137 1142
3 1144 1101 1100
3 1144 1139 1137
3 1144 1100 1139
3 1144 1137 1143
3 1145 1086 1087
3 1145 1138 1086
3 1146 1141 1140
3 1146 1140 1138
3 1146 1138 1145
3 1147 1141 1146
3 1148 1142 1141
3 1148 1141 1147
3 1149 1145 1087
3 1149 1146 1145
3 1150 1142 1148
3 1150 1143 1142
3 1151 1147 1146
3 1151 1146 1149
3 1152 1101 1144
3 1152 1144 1143
3 1152 1143 1150
3 1153 1147 1151
3 1154 1147 1153
3 1154 1148 1147
3 1155 1152 1150
3 1155 1148 1154
3 1155 1150 1148
3 1156 1152 1155
3 1156 1102 1101
3 1156 1101 1152
3 1157 1087 1088
3 1157 1149 1087
3 1158 1153 1151
3 1158 1157 1088
3 1158 1149 1157
3 1158 1151 1149
3 1159 1158 1088
3 1159 1153 1158
3 1160 1154 1153
3 1160 1153 1159
3 1160 1159 1088
3 1160 1088 1093
3 1161 1093 1094
3 1161 1154 1160
3 1161 1160 1093
3 1161 1155 1154
3 1162 1161 1094
3 1162 1156 1155
3 1162 1102 1156
3 1162 1094 1095
3 1162 1095 1096
3 1162 1155 1161
3 1162 1096 1102
3 1197 1195 1196
3 1229 1164 1163
3 1229 1163 1171
3 1230 1165 1164
3 1230 1164 1229
3 1231 1166 1165
3 1231 1165 1230
3 1232 1171 1172
3 1232 1229 1171
3 1233 1167 1166
3 1233 1166 1231
3 1234 1230 1229
3 1234 1229 1232
3 1235 1168 1167
3 1235 1167 1233
3 1236 1230 1234
3 1236 1231 1230
3 1237 1169 1168
3 1237 1170 1169
3 1237 1168 1235
3 1237 1204 1170
3 1238 1172 1173
3 1238 1232 1172
3 1239 1231 1236
3 1239 1233 1231
3 1240 1234 1232
3 1240 1232 1238
3 1241 1235 1233
3 1241 1233 1239
3 1242 1234 1240
3 1242 1236 1234
3 1243 1205 1204
3 1243 1237 1235
3 1243 1204 1237
3 1243 1235 1241
3 1244 1173 1174
3 1244 1238 1173
3 1245 1239 1236
3 1245 1236 1242
3 1246 1238 1244
3 1246 1240 1238
3 1247 1239 1245
3 1247 1241 1239
3 1248 1240 1246
3 1248 1242 1240
3 1249 1205 1243
3 1249 1243 1241
3 1249 1206 1205
3 1249 1241 1247
3 1250 1174 1175
3 1250 1244 1174
3 1251 1247 1245
3 1251 1242 1248
3 1251 1245 1242
3 1252 1246 1244
3 1252 1248 1246
3 1252 1244 1250
3 1253 1247 1251
3 1254 1248 1252
3 1255 1207 1206
3 1255 1249 1247
3 1255 1247 1253
3 1255 1206 1249
3 1256 1175 1176
3 1256 1250 1175
3 1257 1251 1248
3 1257 1248 1254
3 1258 1250 1256
3 1258 1252 1250
3 1259 1251 1257
3 1259 1253 1251
3 1260 1252 1258
3 1260 1254 1252
3 1261 1255 1253
3 1261 1208 1207
3 1261 1207 1255
3 1261 1253 1259
3 1262 1256 1176
3 1262 1176 1177
3 1263 1257 1254
3 1263 1254 1260
3 1264 1258 1256
3 1264 1256 1262
3 1265 1259 1257
3 1265 1257 1263
3 1266 1260 1258
3 1266 1258 1264
3 1267 1261 1259
3 1267 1208 1261
3 1267 1259 1265
3 1267 1209 1208
3 1268 1177 1178
3 1268 1262 1177
3 1269 1263 1260
3 1269 1260 1266
3 1270 1262 1268
3 1270 1264 1262
3 1271 1265 1263
3 1271 1263 1269
3 1271 1267 1265
3 1272 1264 1270
3 1272 1266 1264
3 1273 1267 1271
3 1273 1209 1267
3 1273 1210 1209
3 1274 1178 1179
3 1274 1268 1178
3 1275 1271 1269
3 1275 1269 1266
3 1275 1266 1272
3 1276 1268 1274
3 1276 1270 1268
3 1277 1271 1275
3 1278 1270 1276
3 1278 1272 1270
3 1279 1273 1271
3 1279 1211 1210
3 1279 1271 1277
3 1279 1210 1273
3 1280 1179 1180
3 1280 1274 1179
3 1280 1276 1274
3 1281 1275 1272
3 1281 1272 1278
3 1282 1276 1280
3 1283 1277 1275
3 1283 1275 1281
3 1284 1278 1276
3 1284 1276 1282
3 1285 1212 1211
3 1285 1279 1277
3 1285 1211 1279
3 1285 1277 1283
3 1286 1180 1181
3 1286 1280 1180
3 1287 1278 1284
3 1287 1281 1278
3 1288 1282 1280
3 1288 1280 1286
3 1289 1281 1287
3 1289 1283 1281
3 1290 1282 1288
3 1290 1284 1282
3 1291 1283 1289
3 1291 1213 1212
3 1291 1212 1285
3 1291 1285 1283
3 1292 1181 1182
3 1292 1286 1181
3 1293 1289 1287
3 1293 1284 1290
3 1293 1287 1284
3 1294 1286 1292
3 1294 1288 1286
3 1295 1291 1289
3 1295 1289 1293
3 1296 1288 1294
3 1296 1290 1288
3 1297 1291 1295
3 1297 1214 1213
3 1297 1213 1291
3 1298 1182 1183
3 1298 1292 1182
3 1299 1290 1296
3 1299 1293 1290
3 1300 1294 1292
3 1300 1292 1298
3 1301 1295 1293
3 1301 1293 1299
3 1302 1296 1294
3 1302 1294 1300
3 1303 1297 1295
3 1303 1295 1301
3 1303 1214 1297
3 1303 1215 1214
3 1304 1183 1184
3 1304 1184 1185
3 1304 1300 1298
3 1304 1298 1183
3 1305 1299 1296
3 1305 1296 1302
3 1306 1300 1304
3 1307 1301 1299
3 1307 1299 1305
3 1308 1302 1300
3 1308 1300 1306
3 1309 1303 1301
3 1309 1215 1303
3 1309 1216 1215
3 1309 1301 1307
3 1310 1304 1185
3 1311 1305 1302
3 1311 1302 1308
3 1312 1304 1310
3 1312 1306 1304
3 1313 1307 1305
3 1313 1305 1311
3 1314 1306 1312
3 1314 1308 1306
3 1315 1217 1216
3 1315 1218 1217
3 1315 1216 1309
3 1315 1309 1307
3 1315 1307 1313
3 1316 1185 1186
3 1316 1186 1187
3 1316 1310 1185
3 1317 1311 1308
3 1317 1308 1314
3 1318 1310 1316
3 1318 1312 1310
3 1318 1314 1312
3 1319 1311 1317
3 1319 1313 1311
3 1320 1317 1314
3 1320 1314 1318
3 1321 1219 1218
3 1321 1218 1315
3 1321 1315 1313
3 1321 1313 1319
3 1322 1316 1187
3 1323 1317 1320
3 1324 1316 1322
3 1324 1318 1316
3 1325 1317 1323
3 1325 1319 1317
3 1326 1318 1324
3 1326 1320 1318
3 1327 1321 1319
3 1327 1319 1325
3 1327 1219 1321
3 1328 1187 1188
3 1328 1322 1187
3 1329 1320 1326
3 1329 1323 1320
3 1330 1324 1322
3 1330 1322 1328
3 1331 1323 1329
3 1331 1325 1323
3 1332 1326 1324
3 1332 1329 1326
3 1332 1324 1330
3 1333 1325 1331
3 1333 1327 1325
3 1333 1219 1327
3 1333 1220 1219
3 1333 1221 1220
3 1334 1328 1188
3 1334 1188 1189
3 1335 1329 1332
3 1335 1331 1329
3 1336 1330 1328
3 1336 1328 1334
3 1337 1331 1335
3 1338 1330 1336
3 1338 1332 1330
3 1339 1333 1331
3 1339 1221 1333
3 1339 1331 1337
3 1340 1189 1190
3 1340 1334 1189
3 1341 1335 1332
3 1341 1337 1335
3 1341 1332 1338
3 1342 1336 1334
3 1342 1334 1340
3 1343 1337 1341
3 1344 1338 1336
3 1344 1336 1342
3 1345 1221 1339
3 1345 1339 1337
3 1345 1222 1221
3 1345 1337 1343
3 1346 1190 1191
3 1346 1340 1190
3 1347 1341 1338
3 1347 1338 1344
3 1348 1342 1340
3 1348 1340 1346
3 1349 1343 1341
3 1349 1341 1347
3 1350 1344 1342
3 1350 1342 1348
3 1350 1347 1344
3 1351 1223 1222
3 1351 1343 1349
3 1351 1222 1345
3 1351 1345 1343
3 1352 1191 1192
3 1352 1346 1191
3 1352 1348 1346
3 1353 1347 1350
3 1354 1348 1352
3 1355 1349 1347
3 1355 1347 1353
3 1356 1348 1354
3 1356 1350 1348
3 1356 1353 1350
3 1357 1349 1355
3 1357 1224 1223
3 1357 1225 1224
3 1357 1223 1351
3 1357 1351 1349
3 1358 1192 1193
3 1358 1352 1192
3 1358 1354 1352
3 1359 1353 1356
3 1360 1356 1354
3 1360 1354 1358
3 1361 1357 1355
3 1361 1355 1353
3 1361 1353 1359
3 1362 1356 1360
3 1363 1225 1357
3 1363 1226 1225
3 1363 1357 1361
3 1364 1193 1194
3 1364 1358 1193
3 1365 1359 1356
3 1365 1356 1362
3 1366 1358 1364
3 1366 1360 1358
3 1367 1361 1359
3 1367 1359 1365
3 1368 1360 1366
3 1368 1362 1360
3 1369 1361 1367
3 1369 1363 1361
3 1369 1226 1363
3 1370 1194 1195
3 1370 1195 1197
3 1370 1364 1194
3 1371 1365 1362
3 1371 1362 1368
3 1372 1366 1364
3 1372 1364 1370
3 1372 1197 1198
3 1372 1370 1197
3 1373 1369 1367
3 1373 1367 1365
3 1373 1365 1371
3 1374 1372 1198
3 1374 1368 1366
3 1374 1198 1199
3 1374 1366 1372
3 1375 1226 1369
3 1375 1369 1373
3 1375 1227 1226
3 1375 1228 1227
3 1376 1371 1368
3 1376 1199 1200
3 1376 1374 1199
3 1376 1368 1374
3 1377 1200 1201
3 1377 1373 1371
3 1377 1376 1200
3 1377 1371 1376
3 1378 1201 1202
3 1378 1202 1203
3 1378 1373 1377
3 1378 1375 1373
3 1378 1228 1375
3 1378 1203 1228
3 1378 1377 1201
3 1380 1379 1387
3 1380 1387 1388
3 1381 1388 1389
3 1381 1380 1388
3 1382 1389 1390
3 1382 1381 1389
3 1383 1390 1391
3 1383 1382 1390
3 1384 1391 1392
3 1384 1383 1391
3 1385 1392 1393
3 1385 1384 1392
3 1386 1393 1394
3 1386 1385 1393
3 1396 1395 1403
3 1410 1396 1403
3 1409 1403 1402
3 1409 1410 1403
3 1408 1401 1400
3 1408 1402 1401
3 1408 1409 1402
3 1407 1408 1400
3 1406 1400 1399
3 1406 1407 1400
3 1405 1398 1397
3 1405 1399 1398
3 1405 1406 1399
3 1404 1405 1397
3 1426 1412 1411
3 1426 1411 1419
3 1425 1419 1418
3 1425 1426 1419
3 1424 1418 1417
3 1424 1425 1418
3 1423 1417 1416
3 1423 1424 1417
3 1422 1416 1415
3 1422 1423 1416
3 1421 1414 1413
3 1421 1415 1414
3 1421 1422 1415
3 1420 1421 1413
3 1441 1427 1428
3 1441 1428 1429
3 1441 1442 1427
3 1440 1441 1429
3 1439 1429 1430
3 1439 1440 1429
3 1438 1430 1431
3 1438 1439 1430
3 1437 1431 1432
3 1437 1438 1431
3 1436 1432 1433
3 1436 1437 1432
3 1435 1433 1434
3 1435 1436 1433
3 1446 1445 1452
3 1446 1452 1458
3 1447 1458 1457
3 1447 1446 1458
3 1448 1457 1456
3 1448 1447 1457
3 1449 1456 1455
3 1449 1448 1456
3 1450 1455 1454
3 1450 1449 1455
3 1451 1454 1453
3 1451 1450 1454
3 1444 1453 1443
3 1444 1451 1453
3 1465 1466 1473
3 1481 1475 1474
3 1459 1460 1486
3 1487 1468 1467
3 1487 1467 1480
3 1488 1469 1468
3 1488 1468 1487
3 1489 1480 1479
3 1489 1487 1480
3 1490 1470 1469
3 1490 1469 1488
3 1491 1487 1489
3 1491 1488 1487
3 1492 1479 1478
3 1492 1489 1479
3 1493 1471 1470
3 1493 1470 1490
3 1494 1490 1488
3 1494 1488 1491
3 1495 1489 1492
3 1495 1491 1489
3 1496 1472 1471
3 1496 1471 1493
3 1497 1478 1477
3 1497 1492 1478
3 1498 1493 1490
3 1498 1490 1494
3 1499 1491 1495
3 1499 1494 1491
3 1500 1473 1472
3 1500 1472 1496
3 1500 1465 1473
3 1501 1492 1497
3 1501 1495 1492
3 1502 1496 1493
3 1502 1493 1498
3 1503 1477 1476
3 1503 1497 1477
3 1504 1498 1494
3 1504 1494 1499
3 1505 1499 1495
3 1505 1495 1501
3 1506 1464 1465
3 1506 1465 1500
3 1506 1496 1502
3 1506 1500 1496
3 1507 1497 1503
3 1507 1501 1497
3 1508 1498 1504
3 1508 1502 1498
3 1509 1476 1475
3 1509 1481 1482
3 1509 1503 1476
3 1509 1475 1481
3 1510 1504 1499
3 1510 1499 1505
3 1511 1501 1507
3 1511 1505 1501
3 1512 1463 1464
3 1512 1506 1502
3 1512 1502 1508
3 1512 1464 1506
3 1513 1507 1503
3 1513 1509 1482
3 1513 1503 1509
3 1514 1504 1510
3 1514 1508 1504
3 1515 1510 1505
3 1515 1505 1511
3 1516 1511 1507
3 1516 1507 1513
3 1516 1482 1483
3 1516 1513 1482
3 1517 1463 1512
3 1517 1462 1463
3 1517 1512 1508
3 1517 1508 1514
3 1518 1510 1515
3 1518 1514 1510
3 1519 1483 1484
3 1519 1516 1483
3 1519 1515 1511
3 1519 1511 1516
3 1520 1460 1461
3 1520 1461 1462
3 1520 1462 1517
3 1520 1517 1514
3 1520 1514 1518
3 1521 1484 1485
3 1521 1518 1515
3 1521 1515 1519
3 1521 1519 1484
3 1522 1485 1486
3 1522 1460 1520
3 1522 1518 1521
3 1522 1521 1485
3 1522 1520 1518
3 1522 1486 1460
3 1533 1523 1524
3 1533 1532 1523
3 1534 1524 1525
3 1534 1525 1526
3 1534 1533 1524
3 1535 1534 1526
3 1536 1526 1527
3 1536 1535 1526
3 1537 1527 1528
3 1537 1536 1527
3 1538 1528 1529
3 1538 1529 1530
3 1538 1537 1528
3 1531 1538 1530
3 1540 1539 1541
3 1549 1541 1542
3 1549 1540 1541
3 1550 1542 1543
3 1550 1549 1542
3 1551 1543 1544
3 1551 1550 1543
3 1552 1544 1545
3 1552 1551 1544
3 1553 1545 1546
3 1553 1552 1545
3 1554 1553 1546
3 1555 1546 1547
3 1555 1554 1546
3 1548 1555 1547
3 1571 1569 1570
3 1584 1557 1556
3 1584 1556 1564
3 1585 1558 1557
3 1585 1557 1584
3 1586 1564 1565
3 1586 1584 1564
3 1587 1559 1558
3 1587 1558 1585
3 1588 1584 1586
3 1588 1585 1584
3 1589 1565 1566
3 1589 1586 1565
3 1590 1560 1559
3 1590 1559 1587
3 1591 1587 1585
3 1591 1585 1588
3 1592 1588 1586
3 1592 1586 1589
3 1593 1561 1560
3 1593 1560 1590
3 1594 1566 1567
3 1594 1589 1566
3 1595 1587 1591
3 1595 1590 1587
3 1596 1588 1592
3 1596 1591 1588
3 1597 1562 1561
3 1597 1563 1562
3 1597 1578 1563
3 1597 1561 1593
3 1598 1592 1589
3 1598 1589 1594
3 1599 1593 1590
3 1599 1590 1595
3 1600 1567 1568
3 1600 1594 1567
3 1601 1595 1591
3 1601 1591 1596
3 1602 1596 1592
3 1602 1592 1598
3 1603 1579 1578
3 1603 1593 1599
3 1603 1578 1597
3 1603 1597 1593
3 1604 1594 1600
3 1604 1598 1594
3 1605 1595 1601
3 1605 1599 1595
3 1606 1568 1569
3 1606 1571 1572
3 1606 1569 1571
3 1606 1600 1568
3 1607 1596 1602
3 1607 1601 1596
3 1608 1598 1604
3 1608 1602 1598
3 1609 1579 1603
3 1609 1603 1599
3 1609 1599 1605
3 1609 1580 1579
3 1610 1606 1572
3 1610 1600 1606
3 1610 1604 1600
3 1611 1605 1601
3 1611 1601 1607
3 1612 1602 1608
3 1612 1607 1602
3 1613 1572 1573
3 1613 1608 1604
3 1613 1604 1610
3 1613 1610 1572
3 1614 1605 1611
3 1614 1581 1580
3 1614 1609 1605
3 1614 1580 1609
3 1615 1611 1607
3 1615 1607 1612
3 1616 1613 1573
3 1616 1573 1574
3 1616 1574 1575
3 1616 1612 1608
3 1616 1608 1613
3 1617 1582 1581
3 1617 1581 1614
3 1617 1611 1615
3 1617 1614 1611
3 1618 1612 1616
3 1618 1615 1612
3 1618 1616 1575
3 1619 1575 1576
3 1619 1576 1577
3 1619 1583 1582
3 1619 1577 1583
3 1619 1582 1617
3 1619 1618 1575
3 1619 1617 1615
3 1619 1615 1618
3 1644 1621 1620
3 1622 1621 1644
3 1629 1626 1625
3 1629 1627 1626
3 1629 1628 1627
3 1637 1649 1636
3 1638 1649 1637
3 1642 1634 1641
3 1643 1634 1642
3 1635 1634 1643
3 1650 1623 1622
3 1650 1624 1623
3 1650 1625 1624
3 1650 1630 1629
3 1650 1644 1645
3 1650 1622 1644
3 1650 1629 1625
3 1651 1631 1630
3 1651 1632 1631
3 1651 1645 1646
3 1651 1646 1647
3 1651 1630 1650
3 1651 1650 1645
3 1652 1633 1632
3 1652 1634 1633
3 1652 1638 1639
3 1652 1639 1640
3 1652 1640 1641
3 1652 1647 1648
3 1652 1648 1649
3 1652 1651 1647
3 1652 1649 1638
3 1652 1632 1651
3 1652 1641 1634
3 1662 1653 1654
3 1663 1654 1655
3 1663 1662 1654
3 1664 1655 1656
3 1664 1663 1655
3 1665 1656 1657
3 1665 1664 1656
3 1666 1657 1658
3 1666 1665 1657
3 1667 1658 1659
3 1667 1666 1658
3 1668 1659 1660
3 1668 1667 1659
3 1661 1668 1660
3 1678 1679 1686
3 1677 1686 1685
3 1677 1678 1686
3 1676 1677 1685
3 1675 1685 1684
3 1675 1676 1685
3 1674 1684 1683
3 1674 1675 1684
3 1673 1683 1682
3 1673 1674 1683
3 1672 1681 1680
3 1672 1682 1681
3 1672 1673 1682
3 1671 1672 1680
3 1670 1680 1669
3 1670 1671 1680
3 1711 1688 1687
3 1689 1688 1711
3 1696 1693 1692
3 1696 1694 1693
3 1696 1695 1694
3 1704 1716 1703
3 1705 1716 1704
3 1709 1701 1708
3 1710 1701 1709
3 1702 1701 1710
3 1717 1690 1689
3 1717 1691 1690
3 1717 1692 1691
3 1717 1697 1696
3 1717 1711 1712
3 1717 1689 1711
3 1717 1696 1692
3 1718 1698 1697
3 1718 1699 1698
3 1718 1712 1713
3 1718 1713 1714
3 1718 1697 1717
3 1718 1717 1712
3 1719 1700 1699
3 1719 1701 1700
3 1719 1705 1706
3 1719 1706 1707
3 1719 1707 1708
3 1719 1714 1715
3 1719 1715 1716
3 1719 1718 1714
3 1719 1716 1705
3 1719 1699 1718
3 1719 1708 1701
3 1727 1728 1729
3 1727 1729 1736
3 1726 1727 1736
3 1725 1736 1735
3 1725 1726 1736
3 1724 1735 1734
3 1724 1725 1735
3 1723 1734 1733
3 1723 1724 1734
3 1722 1733 1732
3 1722 1723 1733
3 1721 1732 1731
3 1721 1722 1732
3 1720 1731 1730
3 1720 1721 1731
3 1753 1744 1743
3 1752 1755 1751
3 1756 1739 1738
3 1757 1738 1737
3 1757 1737 1745
3 1757 1745 1746
3 1757 1739 1756
3 1757 1756 1738
3 1758 1746 1747
3 1758 1757 1746
3 1758 1747 1757
3 1759 1740 1739
3 1759 1741 1740
3 1759 1739 1757
3 1760 1747 1748
3 1760 1748 1749
3 1760 1757 1747
3 1760 1759 1757
3 1761 1742 1741
3 1761 1741 1759
3 1762 1742 1761
3 1762 1759 1760
3 1762 1761 1759
3 1763 1749 1750
3 1763 1760 1749
3 1763 1750 1762
3 1763 1762 1760
3 1764 1743 1742
3 1764 1754 1753
3 1764 1742 1762
3 1764 1753 1743
3 1765 1750 1751
3 1765 1755 1754
3 1765 1762 1750
3 1765 1754 1764
3 1765 1751 1755
3 1765 1764 1762
3 1775 1776 1777
3 1768 1775 1777
3 1769 1768 1777
3 1770 1769 1777
3 1778 1771 1770
3 1778 1772 1771
3 1778 1773 1772
3 1778 1774 1773
3 1778 1766 1774
3 1778 1770 1777
3 1767 1766 1778
3 1779 1767 1778
3 1786 1787 1794
3 1780 1781 1801
3 1802 1790 1789
3 1803 1789 1788
3 1803 1802 1789
3 1804 1788 1795
3 1804 1803 1788
3 1805 1791 1790
3 1805 1802 1803
3 1805 1790 1802
3 1806 1795 1796
3 1806 1804 1795
3 1807 1803 1804
3 1807 1805 1803
3 1808 1792 1791
3 1808 1793 1792
3 1808 1791 1805
3 1809 1796 1797
3 1809 1806 1796
3 1810 1807 1804
3 1810 1804 1806
3 1811 1805 1807
3 1811 1808 1805
3 1812 1797 1798
3 1812 1810 1806
3 1812 1809 1797
3 1812 1806 1809
3 1813 1807 1810
3 1813 1811 1807
3 1814 1785 1786
3 1814 1794 1793
3 1814 1793 1808
3 1814 1808 1811
3 1814 1786 1794
3 1815 1810 1812
3 1815 1813 1810
3 1816 1784 1785
3 1816 1785 1814
3 1816 1811 1813
3 1816 1814 1811
3 1817 1798 1799
3 1817 1799 1800
3 1817 1812 1798
3 1817 1815 1812
3 1818 1782 1783
3 1818 1783 1784
3 1818 1784 1816
3 1818 1813 1815
3 1818 1816 1813
3 1819 1781 1782
3 1819 1800 1801
3 1819 1801 1781
3 1819 1782 1818
3 1819 1817 1800
3 1819 1815 1817
3 1819 1818 1815
3 1823 1824 1831
3 1820 1821 1838
3 1839 1827 1826
3 1840 1826 1825
3 1840 1825 1832
3 1840 1832 1833
3 1840 1839 1826
3 1840 1827 1839
3 1841 1833 1834
3 1841 1840 1833
3 1841 1834 1840
3 1842 1828 1827
3 1842 1829 1828
3 1842 1827 1840
3 1843 1834 1835
3 1843 1835 1836
3 1843 1840 1834
3 1843 1842 1840
3 1844 1830 1829
3 1844 1829 1842
3 1845 1844 1842
3 1845 1830 1844
3 1845 1842 1843
3 1846 1836 1837
3 1846 1837 1845
3 1846 1845 1843
3 1846 1843 1836
3 1847 1822 1823
3 1847 1831 1830
3 1847 1830 1845
3 1847 1823 1831
3 1848 1821 1822
3 1848 1837 1838
3 1848 1845 1837
3 1848 1822 1847
3 1848 1838 1821
3 1848 1847 1845
3 1855 1856 1863
3 1849 1850 1870
3 1871 1859 1858
3 1872 1858 1857
3 1872 1871 1858
3 1873 1857 1864
3 1873 1872 1857
3 1874 1860 1859
3 1874 1871 1872
3 1874 1859 1871
3 1875 1864 1865
3 1875 1873 1864
3 1876 1872 1873
3 1876 1874 1872
3 1877 1861 1860
3 1877 1862 1861
3 1877 1860 1874
3 1878 1865 1866
3 1878 1875 1865
3 1879 1876 1873
3 1879 1873 1875
3 1880 1874 1876
3 1880 1877 1874
3 1881 1866 1867
3 1881 1879 1875
3 1881 1878 1866
3 1881 1875 1878
3 1882 1876 1879
3 1882 1880 1876
3 1883 1854 1855
3 1883 1863 1862
3 1883 1862 1877
3 1883 1877 1880
3 1883 1855 1863
3 1884 1879 1881
3 1884 1882 1879
3 1885 1853 1854
3 1885 1854 1883
3 1885 1880 1882
3 1885 1883 1880
3 1886 1867 1868
3 1886 1868 1869
3 1886 1881 1867
3 1886 1884 1881
3 1887 1851 1852
3 1887 1852 1853
3 1887 1853 1885
3 1887 1882 1884
3 1887 1885 1882
3 1888 1850 1851
3 1888 1869 1870
3 1888 1870 1850
3 1888 1851 1887
3 1888 1886 1869
3 1888 1884 1886
3 1888 1887 1884
3 1895 1896 1903
3 1889 1890 1910
3 1911 1899 1898
3 1912 1898 1897
3 1912 1911 1898
3 1913 1897 1904
3 1913 1912 1897
3 1914 1900 1899
3 1914 1911 1912
3 1914 1899 1911
3 1915 1904 1905
3 1915 1913 1904
3 1916 1912 1913
3 1916 1914 1912
3 1917 1901 1900
3 1917 1902 1901
3 1917 1900 1914
3 1918 1905 1906
3 1918 1915 1905
3 1919 1916 1913
3 1919 1913 1915
3 1920 1914 1916
3 1920 1917 1914
3 1921 1906 1907
3 1921 1919 1915
3 1921 1918 1906
3 1921 1915 1918
3 1922 1916 1919
3 1922 1920 1916
3 1923 1894 1895
3 1923 1903 1902
3 1923 1902 1917
3 1923 1917 1920
3 1923 1895 1903
3 1924 1919 1921
3 1924 1922 1919
3 1925 1893 1894
3 1925 1894 1923
3 1925 1920 1922
3 1925 1923 1920
3 1926 1907 1908
3 1926 1908 1909
3 1926 1921 1907
3 1926 1924 1921
3 1927 1891 1892
3 1927 1892 1893
3 1927 1893 1925
3 1927 1922 1924
3 1927 1925 1922
3 1928 1890 1891
3 1928 1909 1910
3 1928 1910 1890
3 1928 1891 1927
3 1928 1926 1909
3 1928 1924 1926
3 1928 1927 1924
3 1945 1936 1935
3 1944 1950 1943
3 1951 1931 1930
3 1952 1930 1929
3 1952 1951 1930
3 1953 1929 1937
3 1953 1952 1929
3 1954 1932 1931
3 1954 1931 1951
3 1954 1951 1952
3 1955 1937 1938
3 1955 1953 1937
3 1956 1952 1953
3 1956 1954 1952
3 1957 1933 1932
3 1957 1934 1933
3 1957 1932 1954
3 1958 1938 1939
3 1958 1955 1938
3 1959 1956 1953
3 1959 1953 1955
3 1960 1954 1956
3 1960 1957 1954
3 1961 1939 1940
3 1961 1955 1958
3 1961 1958 1939
3 1961 1959 1955
3 1962 1956 1959
3 1962 1960 1956
3 1963 1935 1934
3 1963 1946 1945
3 1963 1934 1957
3 1963 1957 1960
3 1963 1945 1935
3 1964 1959 1961
3 1964 1962 1959
3 1965 1947 1946
3 1965 1948 1947
3 1965 1946 1963
3 1965 1960 1962
3 1965 1963 1960
3 1966 1940 1941
3 1966 1941 1942
3 1966 1961 1940
3 1966 1964 1961
3 1967 1949 1948
3 1967 1948 1965
3 1967 1962 1964
3 1967 1965 1962
3 1968 1942 1943
3 1968 1950 1949
3 1968 1949 1967
3 1968 1943 1950
3 1968 1966 1942
3 1968 1964 1966
3 1968 1967 1964
3 1972 1970 1969
3 1972 1969 1971
3 1973 1975 1974
3 1976 1975 1973
3 1977 1980 1979
3 1977 1978 1980
3 1982 1989 1981
3 1982 1996 1989
3 1983 1995 1996
3 1983 1996 1982
3 1984 1994 1995
3 1984 1995 1983
3 1985 1993 1994
3 1985 1994 1984
3 1986 1992 1993
3 1986 1993 1985
3 1987 1991 1992
3 1987 1992 1986
3 1988 1990 1991
3 1988 1991 1987
3 2004 2006 2005
3 2003 2007 2006
3 2003 2006 2004
3 2002 2008 2007
3 2002 2007 2003
3 2001 2009 2008
3 2001 2008 2002
3 2000 2010 2009
3 2000 2009 2001
3 1999 2011 2010
3 1999 2010 2000
3 1998 2012 2011
3 1998 2011 1999
3 1997 2012 1998
3 2015 2014 2013
3 2015 2013 2016
3 2023 2024 2031
3 2017 2018 2038
3 2039 2027 2026
3 2040 2026 2025
3 2040 2039 2026
3 2041 2025 2032
3 2041 2040 2025
3 2042 2028 2027
3 2042 2039 2040
3 2042 2027 2039
3 2043 2032 2033
3 2043 2041 2032
3 2044 2040 2041
3 2044 2042 2040
3 2045 2029 2028
3 2045 2030 2029
3 2045 2028 2042
3 2046 2033 2034
3 2046 2043 2033
3 2047 2044 2041
3 2047 2041 2043
3 2048 2045 2042
3 2048 2042 2044
3 2049 2034 2035
3 2049 2046 2034
3 2049 2047 2043
3 2049 2043 2046
3 2050 2044 2047
3 2050 2048 2044
3 2051 2022 2023
3 2051 2031 2030
3 2051 2045 2048
3 2051 2023 2031
3 2051 2030 2045
3 2052 2047 2049
3 2052 2050 2047
3 2053 2020 2021
3 2053 2021 2022
3 2053 2022 2051
3 2053 2048 2050
3 2053 2051 2048
3 2054 2035 2036
3 2054 2036 2037
3 2054 2052 2049
3 2054 2049 2035
3 2055 2019 2020
3 2055 2020 2053
3 2055 2050 2052
3 2055 2053 2050
3 2056 2018 2019
3 2056 2037 2038
3 2056 2019 2055
3 2056 2038 2018
3 2056 2054 2037
3 2056 2052 2054
3 2056 2055 2052
3 2073 2064 2063
3 2072 2078 2071
3 2079 2059 2058
3 2080 2058 2057
3 2080 2079 2058
3 2081 2057 2065
3 2081 2080 2057
3 2082 2060 2059
3 2082 2059 2079
3 2082 2079 2080
3 2083 2065 2066
3 2083 2081 2065
3 2084 2080 2081
3 2084 2082 2080
3 2085 2061 2060
3 2085 2062 2061
3 2085 2060 2082
3 2086 2066 2067
3 2086 2083 2066
3 2087 2084 2081
3 2087 2081 2083
3 2088 2085 2082
3 2088 2082 2084
3 2089 2067 2068
3 2089 2083 2086
3 2089 2087 2083
3 2089 2086 2067
3 2090 2088 2084
3 2090 2084 2087
3 2091 2063 2062
3 2091 2074 2073
3 2091 2062 2085
3 2091 2073 2063
3 2091 2085 2088
3 2092 2087 2089
3 2092 2090 2087
3 2093 2075 2074
3 2093 2074 2091
3 2093 2088 2090
3 2093 2091 2088
3 2094 2068 2069
3 2094 2069 2070
3 2094 2092 2089
3 2094 2089 2068
3 2095 2076 2075
3 2095 2077 2076
3 2095 2075 2093
3 2095 2090 2092
3 2095 2093 2090
3 2096 2070 2071
3 2096 2078 2077
3 2096 2077 2095
3 2096 2071 2078
3 2096 2094 2070
3 2096 2092 2094
3 2096 2095 2092
3 2100 2106 2099
3 2100 2107 2106
3 2101 2108 2107
3 2101 2107 2100
3 2102 2109 2108
3 2102 2110 2109
3 2102 2108 2101
3 2103 2111 2110
3 2103 2110 2102
3 2104 2111 2103
3 2105 2112 2111
3 2105 2111 2104
3 2097 2098 2112
3 2097 2112 2105
3 2129 2120 2119
3 2128 2134 2127
3 2135 2115 2114
3 2136 2114 2113
3 2136 2135 2114
3 2137 2113 2121
3 2137 2136 2113
3 2138 2116 2115
3 2138 2115 2135
3 2138 2135 2136
3 2139 2121 2122
3 2139 2137 2121
3 2140 2136 2137
3 2140 2138 2136
3 2141 2117 2116
3 2141 2118 2117
3 2141 2116 2138
3 2142 2122 2123
3 2142 2139 2122
3 2143 2140 2137
3 2143 2137 2139
3 2144 2138 2140
3 2144 2141 2138
3 2145 2123 2124
3 2145 2139 2142
3 2145 2142 2123
3 2145 2143 2139
3 2146 2140 2143
3 2146 2144 2140
3 2147 2119 2118
3 2147 2130 2129
3 2147 2118 2141
3 2147 2141 2144
3 2147 2129 2119
3 2148 2143 2145
3 2148 2146 2143
3 2149 2131 2130
3 2149 2132 2131
3 2149 2130 2147
3 2149 2144 2146
3 2149 2147 2144
3 2150 2124 2125
3 2150 2125 2126
3 2150 2145 2124
3 2150 2148 2145
3 2151 2133 2132
3 2151 2132 2149
3 2151 2146 2148
3 2151 2149 2146
3 2152 2126 2127
3 2152 2134 2133
3 2152 2133 2151
3 2152 2127 2134
3 2152 2150 2126
3 2152 2148 2150
3 2152 2151 2148
3 2156 2154 2153
3 2156 2155 2154
3 2167 2158 2157
3 2167 2159 2158
3 2168 2160 2159
3 2168 2159 2167
3 2169 2161 2160
3 2169 2162 2161
3 2169 2160 2168
3 2170 2162 2169
3 2171 2163 2162
3 2171 2162 2170
3 2172 2164 2163
3 2172 2165 2164
3 2172 2163 2171
3 2166 2165 2172
3 2202 2174 2173
3 2202 2175 2174
3 2203 2176 2175
3 2203 2175 2202
3 2204 2177 2176
3 2204 2176 2203
3 2205 2178 2177
3 2205 2177 2204
3 2206 2179 2178
3 2206 2180 2179
3 2206 2178 2205
3 2207 2180 2206
3 2208 2181 2180
3 2208 2182 2181
3 2208 2180 2207
3 2209 2182 2208
3 2210 2183 2182
3 2210 2182 2209
3 2211 2184 2183
3 2211 2183 2210
3 2212 2185 2184
3 2212 2184 2211
3 2213 2185 2212
3 2213 2186 2185
3 2214 2186 2213
3 2214 2187 2186
3 2215 2188 2187
3 2215 2187 2214
3 2216 2189 2188
3 2216 2188 2215
3 2217 2190 2189
3 2217 2189 2216
3 2218 2191 2190
3 2218 2190 2217
3 2219 2192 2191
3 2219 2193 2192
3 2219 2191 2218
3 2220 2193 2219
3 2221 2194 2193
3 2221 2195 2194
3 2221 2193 2220
3 2222 2195 2221
3 2223 2196 2195
3 2223 2195 2222
3 2224 2197 2196
3 2224 2196 2223
3 2225 2198 2197
3 2225 2199 2198
3 2225 2197 2224
3 2226 2199 2225
3 2201 2200 2199
3 2201 2199 2226
3 2243 2234 2233
3 2242 2248 2241
3 2249 2229 2228
3 2250 2228 2227
3 2250 2249 2228
3 2251 2227 2235
3 2251 2250 2227
3 2252 2230 2229
3 2252 2229 2249
3 2252 2249 2250
3 2253 2235 2236
3 2253 2251 2235
3 2254 2250 2251
3 2254 2252 2250
3 2255 2231 2230
3 2255 2232 2231
3 2255 2230 2252
3 2256 2236 2237
3 2256 2253 2236
3 2257 2254 2251
3 2257 2251 2253
3 2258 2252 2254
3 2258 2255 2252
3 2259 2237 2238
3 2259 2253 2256
3 2259 2256 2237
3 2259 2257 2253
3 2260 2254 2257
3 2260 2258 2254
3 2261 2233 2232
3 2261 2244 2243
3 2261 2232 2255
3 2261 2255 2258
3 2261 2243 2233
3 2262 2257 2259
3 2262 2260 2257
3 2263 2245 2244
3 2263 2246 2245
3 2263 2244 2261
3 2263 2258 2260
3 2263 2261 2258
3 2264 2238 2239
3 2264 2239 2240
3 2264 2259 2238
3 2264 2262 2259
3 2265 2247 2246
3 2265 2246 2263
3 2265 2260 2262
3 2265 2263 2260
3 2266 2240 2241
3 2266 2248 2247
3 2266 2247 2265
3 2266 2241 2248
3 2266 2264 2240
3 2266 2262 2264
3 2266 2265 2262
3 2273 2274 2281
3 2267 2268 2288
3 2289 2277 2276
3 2290 2276 2275
3 2290 2289 2276
3 2291 2275 2282
3 2291 2290 2275
3 2292 2278 2277
3 2292 2289 2290
3 2292 2277 2289
3 2293 2282 2283
3 2293 2291 2282
3 2294 2290 2291
3 2294 2292 2290
3 2295 2279 2278
3 2295 2280 2279
3 2295 2278 2292
3 2296 2283 2284
3 2296 2293 2283
3 2297 2294 2291
3 2297 2291 2293
3 2298 2292 2294
3 2298 2295 2292
3 2299 2284 2285
3 2299 2297 2293
3 2299 2296 2284
3 2299 2293 2296
3 2300 2294 2297
3 2300 2298 2294
3 2301 2272 2273
3 2301 2281 2280
3 2301 2280 2295
3 2301 2295 2298
3 2301 2273 2281
3 2302 2297 2299
3 2302 2300 2297
3 2303 2271 2272
3 2303 2272 2301
3 2303 2298 2300
3 2303 2301 2298
3 2304 2285 2286
3 2304 2286 2287
3 2304 2299 2285
3 2304 2302 2299
3 2305 2269 2270
3 2305 2270 2271
3 2305 2271 2303
3 2305 2300 2302
3 2305 2303 2300
3 2306 2268 2269
3 2306 2287 2288
3 2306 2288 2268
3 2306 2269 2305
3 2306 2304 2287
3 2306 2302 2304
3 2306 2305 2302
3 2323 2314 2313
3 2322 2328 2321
3 2329 2309 2308
3 2330 2308 2307
3 2330 2329 2308
3 2331 2307 2315
3 2331 2330 2307
3 2332 2310 2309
3 2332 2309 2329
3 2332 2329 2330
3 2333 2315 2316
3 2333 2331 2315
3 2334 2330 2331
3 2334 2332 2330
3 2335 2311 2310
3 2335 2312 2311
3 2335 2310 2332
3 2336 2316 2317
3 2336 2333 2316
3 2337 2334 2331
3 2337 2331 2333
3 2338 2332 2334
3 2338 2335 2332
3 2339 2317 2318
3 2339 2333 2336
3 2339 2336 2317
3 2339 2337 2333
3 2340 2334 2337
3 2340 2338 2334
3 2341 2313 2312
3 2341 2324 2323
3 2341 2312 2335
3 2341 2335 2338
3 2341 2323 2313
3 2342 2337 2339
3 2342 2340 2337
3 2343 2325 2324
3 2343 2326 2325
3 2343 2324 2341
3 2343 2338 2340
3 2343 2341 2338
3 2344 2318 2319
3 2344 2319 2320
3 2344 2339 2318
3 2344 2342 2339
3 2345 2327 2326
3 2345 2326 2343
3 2345 2340 2342
3 2345 2343 2340
3 2346 2320 2321
3 2346 2328 2327
3 2346 2327 2345
3 2346 2321 2328
3 2346 2344 2320
3 2346 2342 2344
3 2346 2345 2342
3 2360 2368 2361
3 2353 2354 2369
3 2352 2353 2369
3 2351 2352 2369
3 2375 2362 2363
3 2375 2374 2362
3 2376 2363 2364
3 2376 2375 2363
3 2377 2364 2365
3 2377 2376 2364
3 2378 2365 2366
3 2378 2377 2365
3 2379 2366 2367
3 2379 2378 2366
3 2380 2367 2368
3 2380 2368 2360
3 2380 2379 2367
3 2381 2373 2374
3 2381 2374 2375
3 2382 2373 2381
3 2382 2375 2376
3 2382 2381 2375
3 2383 2376 2377
3 2383 2382 2376
3 2384 2377 2378
3 2384 2383 2377
3 2385 2378 2379
3 2385 2384 2378
3 2386 2360 2359
3 2386 2380 2360
3 2386 2385 2379
3 2386 2379 2380
3 2387 2372 2373
3 2388 2372 2387
3 2388 2373 2382
3 2388 2387 2373
3 2389 2382 2383
3 2389 2388 2382
3 2390 2383 2384
3 2390 2389 2383
3 2391 2384 2385
3 2391 2390 2384
3 2392 2358 2357
3 2392 2359 2358
3 2392 2391 2385
3 2392 2385 2386
3 2392 2386 2359
3 2393 2371 2372
3 2394 2393 2372
3 2394 2371 2393
3 2394 2372 2388
3 2395 2389 2390
3 2395 2394 2388
3 2395 2388 2389
3 2396 2395 2390
3 2397 2390 2391
3 2397 2391 2392
3 2397 2396 2390
3 2398 2392 2357
3 2398 2397 2392
3 2399 2370 2371
3 2400 2371 2394
3 2400 2370 2399
3 2400 2399 2371
3 2401 2400 2394
3 2401 2394 2395
3 2401 2370 2400
3 2402 2395 2396
3 2402 2401 2395
3 2403 2396 2397
3 2403 2402 2396
3 2404 2357 2356
3 2404 2398 2357
3 2404 2403 2397
3 2404 2397 2398
3 2405 2369 2370
3 2406 2369 2405
3 2406 2405 2370
3 2407 2350 2351
3 2407 2370 2401
3 2407 2406 2370
3 2407 2369 2406
3 2407 2351 2369
3 2408 2349 2350
3 2408 2401 2402
3 2408 2407 2401
3 2408 2350 2407
3 2409 2348 2349
3 2409 2402 2403
3 2409 2408 2402
3 2409 2349 2408
3 2410 2347 2348
3 2410 2355 2347
3 2410 2356 2355
3 2410 2404 2356
3 2410 2403 2404
3 2410 2409 2403
3 2410 2348 2409
3 2422 2423 2424
3 2421 2422 2424
3 2411 2425 2426
3 2420 2424 2425
3 2420 2425 2411
3 2420 2421 2424
3 2419 2420 2411
3 2417 2418 2419
3 2416 2417 2419
3 2415 2416 2419
3 2413 2414 2415
3 2412 2419 2411
3 2412 2413 2415
3 2412 2415 2419
3 2448 2435 2436
3 2427 2454 2428
3 2455 2436 2437
3 2455 2448 2436
3 2456 2437 2438
3 2456 2455 2437
3 2457 2438 2439
3 2457 2456 2438
3 2458 2439 2440
3 2458 2457 2439
3 2459 2440 2441
3 2459 2433 2458
3 2459 2458 2440
3 2460 2434 2433
3 2460 2441 2434
3 2460 2459 2441
3 2460 2433 2459
3 2461 2447 2448
3 2461 2448 2455
3 2462 2461 2455
3 2462 2455 2456
3 2463 2462 2456
3 2463 2456 2457
3 2464 2458 2433
3 2464 2463 2457
3 2464 2457 2458
3 2465 2464 2433
3 2466 2433 2432
3 2466 2465 2433
3 2466 2432 2465
3 2467 2446 2447
3 2467 2447 2461
3 2468 2461 2462
3 2468 2467 2461
3 2469 2462 2463
3 2469 2468 2462
3 2470 2463 2464
3 2470 2469 2463
3 2471 2465 2432
3 2471 2464 2465
3 2471 2470 2464
3 2472 2432 2431
3 2472 2471 2432
3 2472 2431 2471
3 2473 2445 2446
3 2473 2446 2467
3 2474 2473 2467
3 2474 2467 2468
3 2475 2469 2470
3 2475 2474 2468
3 2475 2468 2469
3 2476 2475 2470
3 2477 2470 2471
3 2477 2476 2470
3 2477 2471 2431
3 2478 2431 2430
3 2478 2430 2477
3 2478 2477 2431
3 2479 2473 2474
3 2479 2444 2445
3 2479 2445 2473
3 2480 2479 2474
3 2481 2474 2475
3 2481 2480 2474
3 2482 2475 2476
3 2482 2481 2475
3 2483 2477 2430
3 2483 2476 2477
3 2483 2482 2476
3 2484 2430 2429
3 2484 2483 2430
3 2484 2429 2483
3 2485 2442 2443
3 2485 2443 2444
3 2485 2479 2480
3 2485 2449 2442
3 2485 2444 2479
3 2486 2450 2449
3 2486 2451 2450
3 2486 2485 2480
3 2486 2449 2485
3 2487 2481 2482
3 2487 2451 2486
3 2487 2480 2481
3 2487 2486 2480
3 2488 2452 2451
3 2488 2482 2483
3 2488 2487 2482
3 2488 2451 2487
3 2489 2453 2452
3 2489 2454 2453
3 2489 2483 2429
3 2489 2452 2488
3 2489 2488 2483
3 2490 2429 2428
3 2490 2454 2489
3 2490 2489 2429
3 2490 2428 2454
3 2506 2491 2492
3 2505 2492 2493
3 2505 2506 2492
3 2504 2493 2494
3 2504 2505 2493
3 2503 2494 2495
3 2503 2504 2494
3 2502 2495 2496
3 2502 2503 2495
3 2501 2496 2497
3 2501 2502 2496
3 2500 2497 2498
3 2500 2501 2497
3 2499 2500 2498
3 2516 2507 2508
3 2517 2508 2509
3 2517 2516 2508
3 2518 2517 2509
3 2519 2509 2510
3 2519 2518 2509
3 2520 2510 2511
3 2520 2519 2510
3 2521 2511 2512
3 2521 2520 2511
3 2522 2512 2513
3 2522 2521 2512
3 2515 2513 2514
3 2515 2522 2513
3 2533 2524 2523
3 2533 2523 2532
3 2534 2525 2524
3 2534 2524 2533
3 2535 2526 2525
3 2535 2527 2526
3 2535 2525 2534
3 2536 2527 2535
3 2537 2528 2527
3 2537 2529 2528
3 2537 2527 2536
3 2538 2529 2537
3 2531 2530 2529
3 2531 2529 2538
3 2598 2566 2567
3 2568 2598 2567
3 2564 2571 2572
3 2564 2572 2565
3 2599 2573 2574
3 2600 2599 2574
3 2604 2603 2540
3 2539 2604 2540
3 2605 2568 2569
3 2605 2596 2597
3 2605 2597 2598
3 2605 2598 2568
3 2606 2569 2570
3 2606 2570 2571
3 2606 2605 2569
3 2607 2594 2595
3 2607 2595 2596
3 2607 2596 2605
3 2608 2606 2571
3 2608 2563 2562
3 2608 2564 2563
3 2608 2571 2564
3 2609 2605 2606
3 2609 2607 2605
3 2610 2592 2593
3 2610 2593 2594
3 2610 2594 2607
3 2611 2561 2560
3 2611 2562 2561
3 2611 2609 2606
3 2611 2608 2562
3 2611 2606 2608
3 2612 2610 2607
3 2612 2607 2609
3 2613 2590 2591
3 2613 2591 2592
3 2613 2592 2610
3 2614 2559 2558
3 2614 2560 2559
3 2614 2612 2609
3 2614 2609 2611
3 2614 2611 2560
3 2615 2613 2610
3 2615 2610 2612
3 2616 2588 2589
3 2616 2589 2590
3 2616 2590 2613
3 2617 2615 2612
3 2617 2557 2556
3 2617 2558 2557
3 2617 2612 2614
3 2617 2614 2558
3 2618 2616 2613
3 2618 2613 2615
3 2619 2586 2587
3 2619 2587 2588
3 2619 2588 2616
3 2620 2555 2554
3 2620 2617 2556
3 2620 2556 2555
3 2620 2618 2615
3 2620 2615 2617
3 2621 2616 2618
3 2621 2619 2616
3 2621 2618 2620
3 2622 2619 2621
3 2622 2586 2619
3 2622 2584 2585
3 2622 2585 2586
3 2623 2620 2554
3 2623 2553 2552
3 2623 2554 2553
3 2623 2621 2620
3 2624 2622 2621
3 2625 2582 2583
3 2625 2583 2584
3 2625 2584 2622
3 2626 2621 2623
3 2626 2551 2550
3 2626 2552 2551
3 2626 2624 2621
3 2626 2623 2552
3 2627 2622 2624
3 2627 2625 2622
3 2628 2582 2625
3 2628 2580 2581
3 2628 2581 2582
3 2629 2549 2548
3 2629 2550 2549
3 2629 2626 2550
3 2629 2624 2626
3 2629 2627 2624
3 2630 2625 2627
3 2630 2628 2625
3 2631 2628 2630
3 2631 2580 2628
3 2631 2578 2579
3 2631 2579 2580
3 2632 2627 2629
3 2632 2630 2627
3 2632 2547 2546
3 2632 2548 2547
3 2632 2629 2548
3 2633 2631 2630
3 2634 2578 2631
3 2634 2631 2633
3 2634 2576 2577
3 2634 2577 2578
3 2635 2545 2544
3 2635 2546 2545
3 2635 2632 2546
3 2635 2633 2630
3 2635 2630 2632
3 2636 2634 2633
3 2637 2634 2636
3 2637 2574 2575
3 2637 2575 2576
3 2637 2601 2600
3 2637 2576 2634
3 2637 2600 2574
3 2638 2543 2542
3 2638 2544 2543
3 2638 2633 2635
3 2638 2635 2544
3 2638 2636 2633
3 2639 2637 2636
3 2639 2602 2601
3 2639 2603 2602
3 2639 2601 2637
3 2640 2541 2540
3 2640 2542 2541
3 2640 2639 2636
3 2640 2638 2542
3 2640 2636 2638
3 2640 2603 2639
3 2640 2540 2603
3 2649 2650 2651
3 2649 2651 2652
3 2649 2652 2653
3 2649 2653 2654
3 2649 2654 2655
3 2649 2655 2656
3 2649 2656 2657
3 2649 2657 2658
3 2649 2658 2659
3 2641 2664 2665
3 2641 2665 2666
3 2646 2647 2648
3 2646 2648 2649
3 2646 2659 2660
3 2646 2660 2661
3 2646 2649 2659
3 2644 2641 2642
3 2644 2642 2643
3 2644 2645 2646
3 2644 2661 2662
3 2644 2662 2663
3 2644 2663 2664
3 2644 2664 2641
3 2644 2646 2661
