ply
format ascii 1.0
comment generated by blendit.inference.finetune_visualize
element vertex 3294
property float x
property float y
property float z
property uchar red
property uchar green
property uchar blue
element face 4488
property list uchar int vertex_indices
end_header
6.16604515e-18 0.784164081 1.65519966 218 222 230
0 0.943114633 7.52740656 218 222 230
-1.1798339e-16 38.1001543 1.33832465 218 222 230
-1.55818661e-16 37.8805757 11.2672123 218 222 230
-6.75067365e-17 37.3426675 24.5057292 218 222 230
2.89229532e-17 36.9509503 34.257291 218 222 230
2.53531045e-17 36.718053 44.0088527 218 222 230
0 17.8026801 44.0088527 218 222 230
0 14.8539101 42.2941893 218 222 230
2.05718252e-16 14.8928416 42.6234286 218 222 230
-3.31371774e-16 15.0039411 42.9357463 218 222 230
-1.08707613e-16 15.1760365 43.2174433 218 222 230
9.96538778e-17 15.3955702 43.4589589 218 222 230
6.54165196e-17 15.6480387 43.6550956 218 222 230
1.34533496e-17 15.9193262 43.8048034 218 222 230
7.65867491e-17 16.2888304 43.9370285 218 222 230
5.6174049e-17 16.6824121 44.0092011 218 222 230
2.64121919e-16 17.1256044 44.0281132 218 222 230
0 14.8539101 12.6944247 218 222 230
-5.40692389e-17 14.8148681 12.3384522 218 222 230
-1.23913345e-16 14.7031715 11.9992855 218 222 230
-1.55873867e-16 14.5298082 11.6904468 218 222 230
-1.53542444e-16 14.3081401 11.4211652 218 222 230
-7.08047081e-17 14.0522006 11.1962653 218 222 230
6.51438021e-17 13.7752628 11.0165934 218 222 230
1.38201197e-16 13.3928218 10.8428832 218 222 230
-1.00227285e-16 12.5890577 10.6653487 218 222 230
0 11.8570712 10.6334077 218 222 230
0 3.71449456 10.6334077 218 222 230
-4.51592718e-17 1.03297882 8.34120784 218 222 230
-4.33710272e-17 1.28381217 9.05076876 218 222 230
-2.0735402e-17 1.66101971 9.63543227 218 222 230
-1.85756254e-17 2.12230619 10.0811987 218 222 230
-1.26143849e-17 2.6244639 10.3870885 218 222 230
-8.45822799e-18 3.15431543 10.569822 218 222 230
0 21.9973245 17.0394125 218 222 230
0 24.1973944 18.1429574 218 222 230
3.76034534e-18 24.2392792 18.1572003 218 222 230
9.59355566e-18 24.2831629 18.161625 218 222 230
-2.32696494e-18 24.326573 18.1573597 218 222 230
-9.29602864e-18 24.3677278 18.1460517 218 222 230
1.98861688e-17 24.4438278 18.1077149 218 222 230
0 24.5084531 18.0637214 218 222 230
0 26.779638 16.5546609 218 222 230
0 26.8810877 16.2283499 218 222 230
2.73669544e-18 26.8810633 16.3781875 218 222 230
1.52226745e-17 26.8620737 16.4491593 218 222 230
1.19703934e-17 26.8314415 16.5043524 218 222 230
-1.4635778e-17 26.8077096 16.5316848 218 222 230
0 26.8384454 13.5010779 218 222 230
-2.73984135e-17 26.8322212 13.4660188 218 222 230
1.72044592e-17 26.8193539 13.4327376 218 222 230
4.14707331e-17 26.8009442 13.4021829 218 222 230
3.19817332e-17 26.7781774 13.374989 218 222 230
4.4434742e-18 26.7431216 13.3444728 218 222 230
8.25835284e-18 26.700181 13.3177343 218 222 230
3.84787083e-17 26.647818 13.2942053 218 222 230
0 26.5620126 13.2603475 218 222 230
0 24.4554182 12.2390913 218 222 230
4.72646708e-18 24.2886232 12.1794661 218 222 230
4.721113e-18 24.1140746 12.1553679 218 222 230
7.37257477e-18 23.9398081 12.1647411 218 222 230
-5.55872982e-18 23.7718897 12.2038993 218 222 230
1.69337804e-17 23.6141685 12.2683979 218 222 230
0 23.4683331 12.3539119 218 222 230
0 21.5885359 13.6283703 218 222 230
1.99434069e-17 21.4462112 13.7390393 218 222 230
1.86845579e-17 21.3924178 13.8096347 218 222 230
8.78986585e-18 21.3646372 13.8724266 218 222 230
4.15877755e-18 21.354541 13.9189288 218 222 230
0 21.3532351 13.9666151 218 222 230
0 21.525559 16.3494573 218 222 230
-6.63374481e-18 21.56154 16.5374334 218 222 230
-7.22955763e-18 21.6397462 16.7119142 218 222 230
-2.35432532e-17 21.7554716 16.8638006 218 222 230
7.53818378e-18 21.8686398 16.9623754 218 222 230
0 21.9973245 17.0394125 255 79 163
0.00594163483 22.0182441 16.9962606 255 79 163
0.0225644161 22.0372069 16.9571453 255 79 163
0.0468882298 22.052896 16.9247825 255 79 163
0.0788267013 22.0659733 16.8978074 255 79 163
0.115982681 22.0755162 16.8781227 255 79 163
0.155380413 22.0811448 16.8665124 255 79 163
0.17620829 22.0825842 16.8635433 255 79 163
0.196496208 22.0830423 16.8625983 255 79 163
0.229765597 24.2976252 17.9362063 255 79 163
0 24.1973944 18.1429574 255 79 163
0.00694763163 24.2218559 18.0924993 255 79 163
0.026384868 24.2440293 18.0467613 255 79 163
0.0548270229 24.2623748 18.0089191 255 79 163
0.092173097 24.2776663 17.9773767 255 79 163
0.135620072 24.2888249 17.9543591 255 79 163
0.181688358 24.2954065 17.9407831 255 79 163
0.206042668 24.2970896 17.9373113 255 79 163
0.0608443365 22.7946944 17.2752175 255 79 163
0.065019414 23.5310674 17.6368437 255 79 163
0 21.525559 16.3494573 255 79 163
0.00605720128 21.5743197 16.345931 255 79 163
0.0230033002 21.6185192 16.3427346 255 79 163
0.0478002189 21.6550885 16.3400899 255 79 163
0.0803599026 21.6855698 16.3378856 255 79 163
0.118238576 21.7078131 16.3362769 255 79 163
0.158402606 21.7209325 16.3353282 255 79 163
0.179635591 21.7242875 16.3350855 255 79 163
0.200318114 21.7253553 16.3350083 255 79 163
0.199744155 21.7523909 16.4781395 255 79 163
0.19861228 21.811218 16.6113934 255 79 163
0.197403482 21.8987575 16.7278161 255 79 163
0.196710458 21.9848141 16.803527 255 79 163
0.196496208 22.0830423 16.8625983 255 79 163
0 21.9973245 17.0394125 255 79 163
0.00594163483 22.0182441 16.9962606 255 79 163
0.0225644161 22.0372069 16.9571453 255 79 163
0.0468882298 22.052896 16.9247825 255 79 163
0.0788267013 22.0659733 16.8978074 255 79 163
0.115982681 22.0755162 16.8781227 255 79 163
0.155380413 22.0811448 16.8665124 255 79 163
0.17620829 22.0825842 16.8635433 255 79 163
-6.63374481e-18 21.56154 16.5374334 255 79 163
-7.22955763e-18 21.6397462 16.7119142 255 79 163
-2.35432532e-17 21.7554716 16.8638006 255 79 163
7.53818378e-18 21.8686398 16.9623754 255 79 163
0.0585204891 21.6925228 16.4824684 255 79 163
0.0578944326 21.8294529 16.7372982 255 79 163
0.0576346264 21.934449 16.8378093 255 79 163
0 24.1973944 18.1429574 255 79 163
0.00694763163 24.2218559 18.0924993 255 79 163
0.026384868 24.2440293 18.0467613 255 79 163
0.0548270229 24.2623748 18.0089191 255 79 163
0.092173097 24.2776663 17.9773767 255 79 163
0.135620072 24.2888249 17.9543591 255 79 163
0.181688358 24.2954065 17.9407831 255 79 163
0.206042668 24.2970896 17.9373113 255 79 163
0.229765597 24.2976252 17.9362063 255 79 163
0.227483952 24.3103844 17.9415011 255 79 163
0.220827158 24.3247708 17.9455232 255 79 163
0.20107034 24.3528499 17.9480926 255 79 163
0.178258127 24.3827679 17.9434112 255 79 163
0.168244189 24.4001112 17.9368585 255 79 163
0.165333803 24.4085003 17.9324984 255 79 163
0.164355209 24.4162228 17.9276839 255 79 163
0 24.5084531 18.0637214 255 79 163
0.00496975817 24.4859441 18.0305212 255 79 163
0.0188735414 24.4655406 18.0004265 255 79 163
0.0392186948 24.4486595 17.9755272 255 79 163
0.065932972 24.4345886 17.9547731 255 79 163
0.0970113265 24.4243206 17.939628 255 79 163
0.129964749 24.4182645 17.9306953 255 79 163
0.147385798 24.4167157 17.9284109 255 79 163
3.76034534e-18 24.2392792 18.1572003 255 79 163
9.59355566e-18 24.2831629 18.161625 255 79 163
-2.32696494e-18 24.326573 18.1573597 255 79 163
-9.29602864e-18 24.3677278 18.1460517 255 79 163
1.98861688e-17 24.4438278 18.1077149 255 79 163
0.0658572905 24.2989734 18.0069779 255 79 163
0.0576867003 24.3622229 18.0054334 255 79 163
0.0495437483 24.4183834 17.9830123 255 79 163
0 21.3532351 13.9666151 255 79 163
0 21.525559 16.3494573 255 79 163
0.00605720128 21.5743197 16.345931 255 79 163
0.0230033002 21.6185192 16.3427346 255 79 163
0.0478002189 21.6550885 16.3400899 255 79 163
0.0803599026 21.6855698 16.3378856 255 79 163
0.118238576 21.7078131 16.3362769 255 79 163
0.158402606 21.7209325 16.3353282 255 79 163
0.179635591 21.7242875 16.3350855 255 79 163
0.200318114 21.7253553 16.3350083 255 79 163
0.200318114 21.5530314 13.9521661 255 79 163
0.00605720128 21.4019959 13.9630888 255 79 163
0.0230033002 21.4461954 13.9598924 255 79 163
0.0478002189 21.4827646 13.9572477 255 79 163
0.0803599026 21.513246 13.9550434 255 79 163
0.118238576 21.5354893 13.9534347 255 79 163
0.158402606 21.5486086 13.952486 255 79 163
0.179635591 21.5519637 13.9522433 255 79 163
0 24.5084531 18.0637214 255 79 163
0.00496975817 24.4859441 18.0305212 255 79 163
0.0188735414 24.4655406 18.0004265 255 79 163
0.0392186948 24.4486595 17.9755272 255 79 163
0.065932972 24.4345886 17.9547731 255 79 163
0.0970113265 24.4243206 17.939628 255 79 163
0.129964749 24.4182645 17.9306953 255 79 163
0.147385798 24.4167157 17.9284109 255 79 163
0.164355209 24.4162228 17.9276839 255 79 163
0.189806808 26.6731252 16.3975569 255 79 163
0 26.779638 16.5546609 255 79 163
0.00573936134 26.7536433 16.5163193 255 79 163
0.0217962465 26.7300803 16.4815643 255 79 163
0.0452919948 26.710585 16.4528092 255 79 163
0.0761431719 26.6943352 16.4288411 255 79 163
0.112034235 26.6824771 16.4113507 255 79 163
0.150090735 26.6754831 16.4010347 255 79 163
0.17020956 26.6736945 16.3983966 255 79 163
0.050109118 25.1966431 17.4591171 255 79 163
0.0535189851 25.9508574 16.9518972 255 79 163
0 21.5885359 13.6283703 255 79 163
0.0038163455 21.6058209 13.6538652 255 79 163
0.0144932515 21.621489 13.6769753 255 79 163
0.030116574 21.6344523 13.6960958 255 79 163
0.050630834 21.6452574 13.7120332 255 79 163
0.074496329 21.6531424 13.7236633 255 79 163
0.0998017143 21.657793 13.7305229 255 79 163
0.113179577 21.6589823 13.7322771 255 79 163
0.126210621 21.6593608 13.7328354 255 79 163
0.129897784 21.6322987 13.7541207 255 79 163
0.139500614 21.6085056 13.7790069 255 79 163
0.152831126 21.5884564 13.8069972 255 79 163
0.17262205 21.5682276 13.8481735 255 79 163
0.191701092 21.5551458 13.8980787 255 79 163
0.19798608 21.5525826 13.9250636 255 79 163
0.200318114 21.5530314 13.9521661 255 79 163
0 21.3532351 13.9666151 255 79 163
0.00605720128 21.4019959 13.9630888 255 79 163
0.0230033002 21.4461954 13.9598924 255 79 163
0.0478002189 21.4827646 13.9572477 255 79 163
0.0803599026 21.513246 13.9550434 255 79 163
0.118238576 21.5354893 13.9534347 255 79 163
0.158402606 21.5486086 13.952486 255 79 163
0.179635591 21.5519637 13.9522433 255 79 163
1.99434069e-17 21.4462112 13.7390393 255 79 163
1.86845579e-17 21.3924178 13.8096347 255 79 163
8.78986585e-18 21.3646372 13.8724266 255 79 163
4.15877755e-18 21.354541 13.9189288 255 79 163
0.0385740559 21.5995444 13.7319685 255 79 163
0.0478190261 21.5337822 13.8073952 255 79 163
0.0570639964 21.4969057 13.9038533 255 79 163
0 26.8810877 16.2283499 255 79 163
0.00395659833 26.8492369 16.2306533 255 79 163
0.0150258866 26.8203655 16.2327412 255 79 163
0.0312233749 26.7964783 16.2344687 255 79 163
0.0524915455 26.7765677 16.2359086 255 79 163
0.0772341107 26.7620383 16.2369594 255 79 163
0.103469483 26.7534686 16.2375791 255 79 163
0.11733899 26.7512771 16.2377376 255 79 163
0.130848932 26.7505796 16.2377881 255 79 163
0.133248489 26.7507732 16.2603629 255 79 163
0.139601181 26.7481007 16.2827799 255 79 163
0.148638034 26.7426052 16.3046766 255 79 163
0.162669251 26.7310467 16.3324527 255 79 163
0.177716422 26.7126579 16.3608545 255 79 163
0.186420062 26.6942936 16.3807158 255 79 163
0.188940802 26.6838698 16.3896679 255 79 163
0.189806808 26.6731252 16.3975569 255 79 163
0 26.779638 16.5546609 255 79 163
0.00573936134 26.7536433 16.5163193 255 79 163
0.0217962465 26.7300803 16.4815643 255 79 163
0.0452919948 26.710585 16.4528092 255 79 163
0.0761431719 26.6943352 16.4288411 255 79 163
0.112034235 26.6824771 16.4113507 255 79 163
0.150090735 26.6754831 16.4010347 255 79 163
0.17020956 26.6736945 16.3983966 255 79 163
2.73669544e-18 26.8810633 16.3781875 255 79 163
1.52226745e-17 26.8620737 16.4491593 255 79 163
1.19703934e-17 26.8314415 16.5043524 255 79 163
-1.4635778e-17 26.8077096 16.5316848 255 79 163
0.0396039028 26.7895093 16.2727799 255 79 163
0.0469589459 26.7755127 16.3485344 255 79 163
0.054313989 26.7349543 16.4170031 255 79 163
0 23.4683331 12.3539119 255 79 163
0 21.5885359 13.6283703 255 79 163
0.0038163455 21.6058209 13.6538652 255 79 163
0.0144932515 21.621489 13.6769753 255 79 163
0.030116574 21.6344523 13.6960958 255 79 163
0.050630834 21.6452574 13.7120332 255 79 163
0.074496329 21.6531424 13.7236633 255 79 163
0.0998017143 21.657793 13.7305229 255 79 163
0.113179577 21.6589823 13.7322771 255 79 163
0.126210621 21.6593608 13.7328354 255 79 163
0.126210621 23.539158 12.458377 255 79 163
0.0038163455 23.4856181 12.3794068 255 79 163
0.0144932515 23.5012861 12.4025169 255 79 163
0.030116574 23.5142494 12.4216374 255 79 163
0.050630834 23.5250546 12.4375748 255 79 163
0.074496329 23.5329395 12.4492049 255 79 163
0.0998017143 23.5375901 12.4560645 255 79 163
0.113179577 23.5387795 12.4578187 255 79 163
0 26.8810877 16.2283499 255 79 163
0.00395659833 26.8492369 16.2306533 255 79 163
0.0150258866 26.8203655 16.2327412 255 79 163
0.0312233749 26.7964783 16.2344687 255 79 163
0.0524915455 26.7765677 16.2359086 255 79 163
0.0772341107 26.7620383 16.2369594 255 79 163
0.103469483 26.7534686 16.2375791 255 79 163
0.11733899 26.7512771 16.2377376 255 79 163
0.130848932 26.7505796 16.2377881 255 79 163
0.285036495 26.5541514 13.5216376 255 79 163
0 26.8384454 13.5010779 255 79 163
0.00861890813 26.7690628 13.5060955 255 79 163
0.0327318381 26.7061705 13.5106438 255 79 163
0.0680158503 26.6541354 13.5144069 255 79 163
0.11434565 26.6107629 13.5175435 255 79 163
0.168243943 26.5791125 13.5198325 255 79 163
0.225394112 26.5604447 13.5211825 255 79 163
0.255606935 26.5556707 13.5215277 255 79 163
0.0508675936 26.7358386 15.3287355 255 79 163
0.0715044719 26.6909457 14.4218635 255 79 163
0 24.4554182 12.2390913 255 79 163
0.00532637322 24.4366648 12.2777747 255 79 163
0.0202278506 24.4196657 12.3128396 255 79 163
0.0420329116 24.4056012 12.3418512 255 79 163
0.0706641257 24.3938781 12.366033 255 79 163
0.10397257 24.3853233 12.3836793 255 79 163
0.139290632 24.3802776 12.3940873 255 79 163
0.157961764 24.3789872 12.396749 255 79 163
0.17614885 24.3785766 12.3975961 255 79 163
0.170124372 24.1970493 12.3340251 255 79 163
0.155969126 24.0058316 12.313344 255 79 163
0.139965869 23.8149189 12.3366183 255 79 163
0.130189082 23.6715439 12.385056 255 79 163
0.126210621 23.539158 12.458377 255 79 163
0 23.4683331 12.3539119 255 79 163
0.0038163455 23.4856181 12.3794068 255 79 163
0.0144932515 23.5012861 12.4025169 255 79 163
0.030116574 23.5142494 12.4216374 255 79 163
0.050630834 23.5250546 12.4375748 255 79 163
0.074496329 23.5329395 12.4492049 255 79 163
0.0998017143 23.5375901 12.4560645 255 79 163
0.113179577 23.5387795 12.4578187 255 79 163
4.72646708e-18 24.2886232 12.1794661 255 79 163
4.721113e-18 24.1140746 12.1553679 255 79 163
7.37257477e-18 23.9398081 12.1647411 255 79 163
-5.55872982e-18 23.7718897 12.2038993 255 79 163
1.69337804e-17 23.6141685 12.2683979 255 79 163
0.0505374923 24.2552832 12.2967907 255 79 163
0.044322603 23.9475219 12.2714058 255 79 163
0.0380691905 23.6517388 12.3522436 255 79 163
0.0489039382 24.1553629 12.2761898 255 79 163
0.0467942365 24.0539101 12.2676284 255 79 163
0.0408964709 23.8006425 12.2980731 255 79 163
0 26.8384454 13.5010779 255 79 163
0.00861890813 26.7690628 13.5060955 255 79 163
0.0327318381 26.7061705 13.5106438 255 79 163
0.0680158503 26.6541354 13.5144069 255 79 163
0.11434565 26.6107629 13.5175435 255 79 163
0.168243943 26.5791125 13.5198325 255 79 163
0.225394112 26.5604447 13.5211825 255 79 163
0.255606935 26.5556707 13.5215277 255 79 163
0.285036495 26.5541514 13.5216376 255 79 163
0.281596611 26.5525262 13.5086443 255 79 163
0.277561956 26.5511235 13.5018562 255 79 163
0.271979147 26.5492585 13.4948386 255 79 163
0.239008629 26.5373259 13.4672292 255 79 163
0.196284292 26.5148813 13.4391662 255 79 163
0.187787575 26.507801 13.4330788 255 79 163
0.181645306 26.5007863 13.4279038 255 79 163
0.177479877 26.4929962 13.4230015 255 79 163
0.17614885 26.4851711 13.4188523 255 79 163
0 26.5620126 13.2603475 255 79 163
0.00532637322 26.5432593 13.2990309 255 79 163
0.0202278506 26.5262602 13.3340958 255 79 163
0.0420329116 26.5121956 13.3631074 255 79 163
0.0706641257 26.5004725 13.3872892 255 79 163
0.10397257 26.4919178 13.4049355 255 79 163
0.139290632 26.4868721 13.4153435 255 79 163
0.157961764 26.4855817 13.4180052 255 79 163
-2.73984135e-17 26.8322212 13.4660188 255 79 163
1.72044592e-17 26.8193539 13.4327376 255 79 163
4.14707331e-17 26.8009442 13.4021829 255 79 163
3.19817332e-17 26.7781774 13.374989 255 79 163
4.4434742e-18 26.7431216 13.3444728 255 79 163
8.25835284e-18 26.700181 13.3177343 255 79 163
3.84787083e-17 26.647818 13.2942053 255 79 163
0.0809582055 26.6295946 13.4805305 255 79 163
0.0673050698 26.5895839 13.4230427 255 79 163
0.053859271 26.5353898 13.3861743 255 79 163
0 26.5620126 13.2603475 255 79 163
0 24.4554182 12.2390913 255 79 163
0.00532637322 24.4366648 12.2777747 255 79 163
0.0202278506 24.4196657 12.3128396 255 79 163
0.0420329116 24.4056012 12.3418512 255 79 163
0.0706641257 24.3938781 12.366033 255 79 163
0.10397257 24.3853233 12.3836793 255 79 163
0.139290632 24.3802776 12.3940873 255 79 163
0.157961764 24.3789872 12.396749 255 79 163
0.17614885 24.3785766 12.3975961 255 79 163
0.17614885 26.4851711 13.4188523 255 79 163
0.00532637322 26.5432593 13.2990309 255 79 163
0.0202278506 26.5262602 13.3340958 255 79 163
0.0420329116 26.5121956 13.3631074 255 79 163
0.0706641257 26.5004725 13.3872892 255 79 163
0.10397257 26.4919178 13.4049355 255 79 163
0.139290632 26.4868721 13.4153435 255 79 163
0.157961764 26.4855817 13.4180052 255 79 163
0.784164081 0 1.65519966 255 79 163
0.592787089 0.0237114836 1.65519966 255 79 163
0.419312087 0.0900485802 1.65519966 255 79 163
0.27578448 0.187118449 1.65519966 255 79 163
0.15615078 0.31457639 1.65519966 255 79 163
0.0688498604 0.462856017 1.65519966 255 79 163
0.0173588003 0.620081884 1.65519966 255 79 163
0.0041908839 0.703200399 1.65519966 255 79 163
6.16604515e-18 0.784164081 1.65519966 255 79 163
0.943114633 -4.4408921e-16 7.52740656 255 79 163
0 0.943114633 7.52740656 255 79 163
0.0285178162 0.712945404 7.52740656 255 79 163
0.108301484 0.50430691 7.52740656 255 79 163
0.225047476 0.331686167 7.52740656 255 79 163
0.378341221 0.187802641 7.52740656 255 79 163
0.556677223 0.0828057703 7.52740656 255 79 163
0.745772871 0.0208774401 7.52740656 255 79 163
0.845739562 0.0050403787 7.52740656 255 79 163
6.16604515e-18 0.784164081 1.65519966 255 79 163
-1.1798339e-16 38.1001543 1.33832465 255 79 163
1.65548729 0.626781779 1.76987683e-16 255 79 163
1.29911619 0.634749219 0.0388097431 255 79 163
0.959446479 0.655804248 0.153415028 255 79 163
0.652397641 0.68497537 0.338450243 255 79 163
0.392371203 0.717301619 0.585255699 255 79 163
0.191577793 0.747824838 0.882271968 255 79 163
0.0594568228 0.771580253 1.21557206 255 79 163
0.0149311 0.780718947 1.43338418 255 79 163
1.33732997 38.6774203 -2.76191082e-16 255 79 163
0.0222557125 38.1214956 1.09523371 255 79 163
0.0882676506 38.1789385 0.86021082 255 79 163
0.19585281 38.2615762 0.641054233 255 79 163
0.341468923 38.3584665 0.445055289 255 79 163
0.520308054 38.4586515 0.278762391 255 79 163
0.726438634 38.5511747 0.147754285 255 79 163
0.952993212 38.6250942 0.0564368753 255 79 163
1.14309872 38.6633876 0.014182948 255 79 163
0.98540935 0.672041706 0.141645058 255 79 163
1.14598094 0.655878569 0.0803411382 255 79 163
0.789181289 19.444179 0.178023729 255 79 163
0.553626775 19.3741387 0.335231734 255 79 163
0.670599938 19.4028601 0.249129683 255 79 163
0.346758815 25.6424053 0.494335612 255 79 163
0.474059487 25.6890988 0.36432554 255 79 163
0.974702702 25.8552594 0.0728342123 255 79 163
0.705039793 38.4694982 0.159043068 255 79 163
0.812635056 38.5179434 0.107310928 255 79 163
1.05756764 6.89098739 0.102611514 255 79 163
0.506342381 13.155193 0.414544906 255 79 163
0.143457184 10.0791514 0.937447142 255 79 163
0.0768195755 4.90669201 1.14313833 255 79 163
0.126323665 6.96967854 0.997213045 255 79 163
0.0908066136 13.2132847 1.04230358 255 79 163
0.241550084 11.1044986 0.747344226 255 79 163
0.204959205 15.2669027 0.776522229 255 79 163
0.0792709842 31.8712798 0.909894413 255 79 163
0.172870097 29.8105528 0.715488199 255 79 163
0.312514952 29.8815042 0.508710362 255 79 163
0.109728281 31.8946265 0.831818135 255 79 163
0.245207362 31.9777068 0.586616871 255 79 163
0.331432908 31.9883775 0.475346374 255 79 163
0.423291527 32.0170989 0.378522373 255 79 163
0.519973969 32.0584178 0.294349795 255 79 163
0.142279348 34.0256364 0.750291266 255 79 163
0.232144421 34.0518978 0.596206825 255 79 163
0.337276164 34.0985913 0.459934048 255 79 163
0.841341613 2.06311745 0.212542418 255 79 163
0.634962764 2.0782041 0.350110304 255 79 163
0.479726883 2.78128529 0.486456092 255 79 163
0.418332059 2.78936686 0.551634988 255 79 163
0.491749203 2.08790303 0.475927256 255 79 163
0.697413612 2.7667369 0.302470359 255 79 163
0.815123119 4.14148706 0.223911126 255 79 163
0.448404942 5.8988397 0.508932365 255 79 163
0.344906885 6.25521179 0.627639062 255 79 163
0.177148014 6.96795598 0.887570919 255 79 163
0.54601268 6.92947168 0.410347776 255 79 163
0.384564832 7.97936492 0.570650657 255 79 163
0.514627551 8.48506939 0.432076286 255 79 163
0.594875286 8.99774299 0.359940956 255 79 163
0.413097213 9.35821245 0.530760242 255 79 163
0.510017016 27.8329061 0.321468079 255 79 163
0.710067381 34.9448098 0.161161827 255 79 163
0.810558512 36.3880058 0.110151074 255 79 163
0.810949643 37.097985 0.109157973 255 79 163
0.0721819386 1.21759535 1.17094433 255 79 163
0.167776551 1.43431099 0.927950015 255 79 163
0.118096887 1.43603355 1.04001137 255 79 163
0.0999852326 1.78676547 1.0866314 255 79 163
0.197968036 1.88714466 0.868195225 255 79 163
0.355998389 4.52408954 0.620508953 255 79 163
0.422160076 35.2068211 0.368437253 255 79 163
0.184028395 36.1712655 0.665259424 255 79 163
0.123686127 37.5365519 0.777413617 255 79 163
0.207016673 37.24408 0.62480534 255 79 163
0.286250379 37.2547507 0.512491167 255 79 163
0.439257876 37.2024955 0.348211243 255 79 163
0.28668532 37.6097403 0.5113078 255 79 163
0.20795895 37.799473 0.62228107 255 79 163
0.372272284 37.6384617 0.412745823 255 79 163
0 0.943114633 7.52740656 255 79 163
0.0285178162 0.712945404 7.52740656 255 79 163
0.108301484 0.50430691 7.52740656 255 79 163
0.225047476 0.331686167 7.52740656 255 79 163
0.378341221 0.187802641 7.52740656 255 79 163
0.556677223 0.0828057703 7.52740656 255 79 163
0.745772871 0.0208774401 7.52740656 255 79 163
0.845739562 0.0050403787 7.52740656 255 79 163
0.943114633 -4.4408921e-16 7.52740656 255 79 163
0.922891736 0.102071541 8.39220045 255 79 163
0.871183579 0.402675746 9.20946705 255 79 163
0.801430965 0.885292864 9.93428971 255 79 163
0.727074696 1.52339811 10.5268342 255 79 163
0.661555573 2.28192257 10.9545349 255 79 163
0.623098678 2.98393988 11.1693508 255 79 163
0.608493459 3.71449456 11.2419011 255 79 163
0 3.71449456 10.6334077 255 79 163
0.018399571 3.71449456 10.7819118 255 79 163
0.0698756465 3.71449456 10.9165245 255 79 163
0.145199653 3.71449456 11.0278986 255 79 163
0.244104111 3.71449456 11.1207317 255 79 163
0.359165723 3.71449456 11.1884752 255 79 163
0.481169413 3.71449456 11.2284311 255 79 163
0.545667487 3.71449456 11.2386491 255 79 163
-4.51592718e-17 1.03297882 8.34120784 255 79 163
-4.33710272e-17 1.28381217 9.05076876 255 79 163
-2.0735402e-17 1.66101971 9.63543227 255 79 163
-1.85756254e-17 2.12230619 10.0811987 255 79 163
-1.26143849e-17 2.6244639 10.3870885 255 79 163
-8.45822799e-18 3.15431543 10.569822 255 79 163
0.270802851 0.357144269 8.29370067 255 79 163
0.256801669 0.599220088 9.02764269 255 79 163
0.237657196 0.996193999 9.69517949 255 79 163
0.216798292 1.53371702 10.2620158 255 79 163
0.197653819 2.18859368 10.69597 255 79 163
0.183652638 2.92880923 10.9697235 255 79 163
0.570269159 0.274675464 8.75150013 255 79 163
0.532343554 0.640159381 9.5047819 255 79 163
0.896131268 38.9962856 1.33832465 255 79 163
0.677428435 38.9691884 1.33832465 255 79 163
0.479183734 38.8933793 1.33832465 255 79 163
0.315162479 38.7824493 1.33832465 255 79 163
0.178446833 38.6367922 1.33832465 255 79 163
0.0786806157 38.4673405 1.33832465 255 79 163
0.0198373837 38.287665 1.33832465 255 79 163
0.00478928096 38.1926784 1.33832465 255 79 163
-1.1798339e-16 38.1001543 1.33832465 255 79 163
1.11570986 38.9962856 11.2672123 255 79 163
1.65361806 38.9962856 24.5057292 255 79 163
2.06555037 38.9962856 34.8538495 255 79 163
2.28909626 38.9962856 45.2019698 255 79 163
1.95471857 38.9717608 45.1734235 255 79 163
1.62743135 38.898777 45.0937765 255 79 163
1.31414632 38.7789096 44.9749152 255 79 163
1.02150378 38.6146253 44.8286176 255 79 163
0.67422259 38.332387 44.6110341 255 79 163
0.357514808 37.9406337 44.366873 255 79 163
0.134640371 37.4882957 44.1608149 255 79 163
0.0338808152 37.109066 44.0520738 255 79 163
0.00818815854 36.9109107 44.0206995 255 79 163
2.53531045e-17 36.718053 44.0088527 255 79 163
-1.55818661e-16 37.8805757 11.2672123 255 79 163
-6.75067365e-17 37.3426675 24.5057292 255 79 163
2.89229532e-17 36.9509503 34.257291 255 79 163
0.0829634908 38.4148099 6.30276849 255 79 163
0.11083228 38.4983564 4.64795388 255 79 163
0.8029762 38.4968488 39.4529616 255 79 163
0.643628406 38.3526571 39.4313511 255 79 163
0.721387554 38.4266279 39.4372744 255 79 163
0.965868708 38.6178638 39.5073323 255 79 163
0.320901829 37.9181497 40.9611339 255 79 163
0.275025 37.8961856 37.7066644 255 79 163
0.399266171 38.0387978 40.9755408 255 79 163
1.17920078 38.7444527 39.6103612 255 79 163
0.527223732 38.204915 41.0222461 255 79 163
0.742051578 38.4249953 41.1271791 255 79 163
1.54657947 38.886063 41.4742307 255 79 163
1.22425379 38.7348311 44.7844213 255 79 163
1.44832102 38.8370101 44.906502 255 79 163
1.65076988 38.9058317 45.0152938 255 79 163
0.530686477 38.9143927 2.44153439 255 79 163
0.458980103 38.8747822 2.99313927 255 79 163
0.355170929 38.805316 2.99313927 255 79 163
0.409669107 38.8319313 4.64795388 255 79 163
0.317004268 38.7176285 7.95758311 255 79 163
0.0797373216 38.3371451 9.61239772 255 79 163
0.078335885 38.2912626 11.2672123 255 79 163
0.204956226 38.4901692 12.7381587 255 79 163
0.152426333 38.3865802 13.4736318 255 79 163
0.0866939302 38.2160402 14.5768416 255 79 163
0.400587562 38.595698 17.8864708 255 79 163
0.186674484 38.2495876 20.0928903 255 79 163
0.219429903 38.454428 14.9445781 255 79 163
0.652895924 38.8330616 15.6800513 255 79 163
0.84511985 38.8712678 19.3574171 255 79 163
0.647813605 38.7339478 20.8283634 255 79 163
0.9536201 38.8903278 21.1961 255 79 163
0.138967356 38.0568662 23.0347829 255 79 163
0.795670014 38.797368 22.2993098 255 79 163
0.689554704 38.7170444 23.0347829 255 79 163
0.484333517 38.511952 24.5057292 255 79 163
0.116103333 37.9513556 24.5057292 255 79 163
0.148700342 37.9910712 25.5892361 255 79 163
0.229073915 38.0799899 27.7562498 255 79 163
1.04493 38.8801822 24.5057292 255 79 163
0.737849687 38.6974869 25.5892361 255 79 163
0.880920874 38.7760553 26.1309895 255 79 163
1.11143493 38.8727928 26.9436197 255 79 163
0.768091806 38.6852401 27.2144964 255 79 163
1.07500144 38.8372617 28.3642875 255 79 163
0.987840228 38.7493255 31.2056232 255 79 163
0.544978684 38.4513069 29.3815101 255 79 163
0.166500109 37.8707448 30.465017 255 79 163
0.137396262 37.7597192 31.8194005 255 79 163
0.342441034 38.1506659 31.6148081 255 79 163
0.254329626 37.978967 32.7314571 255 79 163
1.19406406 38.8196489 33.5383477 255 79 163
0.602047597 38.394238 34.5555703 255 79 163
0.35368637 38.1228968 33.3394948 255 79 163
0.182474112 37.7627606 35.5065085 255 79 163
0.143965295 37.7005979 34.4064306 255 79 163
1.302075 38.8516106 34.7047099 255 79 163
0.908195978 38.6285037 35.7053614 255 79 163
1.11309631 38.7321203 37.3902917 255 79 163
1.07878028 38.7265905 36.280257 255 79 163
0.660233284 38.3801208 38.6585128 255 79 163
0.0768804988 37.3225491 42.4849933 255 79 163
0.608237913 38.2826222 42.2178278 255 79 163
0.274556227 37.8162678 42.5896264 255 79 163
0.544795759 38.2065576 42.7631522 255 79 163
0.688657386 38.3589296 42.8175229 255 79 163
0.378342382 37.9819891 43.2290398 255 79 163
0.88433917 38.5271223 42.9205518 255 79 163
0.568122586 38.2283926 43.3339729 255 79 163
0.812535284 38.4655184 43.4840459 255 79 163
0.0855298011 38.4759384 2.16573196 255 79 163
0.433116897 38.7895195 9.61239772 255 79 163
0.324044025 38.6825167 10.439805 255 79 163
0.326783853 38.6695017 11.2672123 255 79 163
0.499005878 38.8227259 10.439805 255 79 163
0.565012101 38.858412 10.7156075 255 79 163
0.705022965 38.9179497 11.2672123 255 79 163
0.653938518 38.8902921 11.7575278 255 79 163
0.628180915 38.8746697 12.0026855 255 79 163
0.445368642 38.7511243 12.4930009 255 79 163
0.589396244 38.8489365 12.3704221 255 79 163
0.609705331 38.8438592 13.4736318 255 79 163
0.447129297 38.4377607 25.8601128 255 79 163
0.58907707 38.5246975 28.0602687 255 79 163
0.501043869 38.3704141 30.8353201 255 79 163
0.0844794795 37.5463418 33.7983929 255 79 163
0.654200655 38.4725626 33.1349024 255 79 163
0.660470314 38.4267984 35.830709 255 79 163
0.548149184 38.3115733 35.8933828 255 79 163
1.48582324 38.9097156 35.2796055 255 79 163
0.44845112 38.1816135 36.49781 255 79 163
0.636571394 38.3742033 37.548478 255 79 163
1.30685031 38.7793945 43.8688558 255 79 163
1.57288091 38.8841885 44.0612608 255 79 163
1.53151888 38.8694266 44.3430078 255 79 163
1.50384611 38.8590498 44.5308392 255 79 163
0.775601958 38.429845 44.1178643 255 79 163
0 11.8570712 10.6334077 255 79 163
0 3.71449456 10.6334077 255 79 163
0.018399571 3.71449456 10.7819118 255 79 163
0.0698756465 3.71449456 10.9165245 255 79 163
0.145199653 3.71449456 11.0278986 255 79 163
0.244104111 3.71449456 11.1207317 255 79 163
0.359165723 3.71449456 11.1884752 255 79 163
0.481169413 3.71449456 11.2284311 255 79 163
0.545667487 3.71449456 11.2386491 255 79 163
0.608493459 3.71449456 11.2419011 255 79 163
0.608493459 11.8570712 11.2419011 255 79 163
0.018399571 11.8570712 10.7819118 255 79 163
0.0698756465 11.8570712 10.9165245 255 79 163
0.145199653 11.8570712 11.0278986 255 79 163
0.244104111 11.8570712 11.1207317 255 79 163
0.359165723 11.8570712 11.1884752 255 79 163
0.481169413 11.8570712 11.2284311 255 79 163
0.545667487 11.8570712 11.2386491 255 79 163
0 17.8026801 44.0088527 255 79 163
0.0429713554 17.8026801 44.4354795 255 79 163
0.181075146 17.8026801 44.8702231 255 79 163
0.419445882 17.8026801 45.2811357 255 79 163
0.748673638 17.8026801 45.634509 255 79 163
1.14505464 17.8026801 45.9030739 255 79 163
1.57600586 17.8026801 46.0726587 255 79 163
1.86151661 17.8026801 46.1300388 255 79 163
2.13929715 17.8026801 46.1481499 255 79 163
2.13929715 36.718053 46.1481499 255 79 163
1.71267032 36.718053 46.1051785 255 79 163
1.2779268 36.718053 45.9670747 255 79 163
0.8670142 36.718053 45.728704 255 79 163
0.51364081 36.718053 45.3994762 255 79 163
0.245075908 36.718053 45.0030952 255 79 163
0.0754911478 36.718053 44.572144 255 79 163
0.018111098 36.718053 44.2866332 255 79 163
2.53531045e-17 36.718053 44.0088527 255 79 163
0 14.8539101 12.6944247 255 79 163
0.0358836496 14.5561305 12.6944247 255 79 163
0.138727039 14.2807229 12.6944247 255 79 163
0.293168002 14.0482893 12.6944247 255 79 163
0.50097636 13.8514278 12.6944247 255 79 163
0.747940584 13.7068824 12.6944247 255 79 163
1.01397762 13.6235069 12.6944247 255 79 163
1.27822409 13.6006536 12.6944247 255 79 163
1.44319414 13.6148462 12.6944247 255 79 163
1.59645163 13.648237 12.6944247 255 79 163
1.58038792 13.6283557 12.4880675 255 79 163
1.53537668 13.5710149 12.28956 255 79 163
1.46678817 13.4815293 12.1052243 255 79 163
1.38045364 13.3665856 11.9391407 255 79 163
1.24783561 13.1853894 11.7489894 255 79 163
1.08941291 12.9586516 11.5769772 255 79 163
0.888848869 12.6389586 11.4084518 255 79 163
0.710761869 12.2692012 11.2894019 255 79 163
0.645665802 12.0639461 11.2542268 255 79 163
0.608493459 11.8570712 11.2419011 255 79 163
0 11.8570712 10.6334077 255 79 163
0.018399571 11.8570712 10.7819118 255 79 163
0.0698756465 11.8570712 10.9165245 255 79 163
0.145199653 11.8570712 11.0278986 255 79 163
0.244104111 11.8570712 11.1207317 255 79 163
0.359165723 11.8570712 11.1884752 255 79 163
0.481169413 11.8570712 11.2284311 255 79 163
0.545667487 11.8570712 11.2386491 255 79 163
-5.40692389e-17 14.8148681 12.3384522 255 79 163
-1.23913345e-16 14.7031715 11.9992855 255 79 163
-1.55873867e-16 14.5298082 11.6904468 255 79 163
-1.53542444e-16 14.3081401 11.4211652 255 79 163
-7.08047081e-17 14.0522006 11.1962653 255 79 163
6.51438021e-17 13.7752628 11.0165934 255 79 163
1.38201197e-16 13.3928218 10.8428832 255 79 163
-1.00227285e-16 12.5890577 10.6653487 255 79 163
0.486243857 13.8067851 12.350638 255 79 163
0.223021265 12.4216309 11.1433069 255 79 163
0.194458904 12.1402802 11.0882711 255 79 163
0.0474428973 14.3564093 12.035418 255 79 163
0.113461511 14.2366809 12.1945816 255 79 163
0.111131457 14.1812004 12.0588757 255 79 163
0.0431451914 14.0808254 11.6092104 255 79 163
0.196498726 13.9318705 11.9312113 255 79 163
0.10204179 13.9580228 11.70158 255 79 163
0.410219061 13.4799775 11.7574405 255 79 163
0.0410261526 13.9406622 11.462785 255 79 163
0.0983419054 13.8644223 11.5942806 255 79 163
0.0387846312 13.7893274 11.3332328 255 79 163
0.0944489866 13.7642271 11.4954406 255 79 163
1.02233406 13.5617675 12.343096 255 79 163
0.0904226703 13.6586642 11.4051833 255 79 163
0.308633155 12.9770423 11.3596947 255 79 163
1.00235679 13.5277035 12.2477797 255 79 163
0.787461397 13.5066952 12.0947062 255 79 163
1.18880889 13.5174678 12.2678321 255 79 163
0.078434682 13.3307459 11.1901874 255 79 163
0.921429554 13.3846346 11.9831518 255 79 163
0.0730620082 13.1753307 11.1142714 255 79 163
0.889403519 13.3259655 11.9038206 255 79 163
1.08424905 13.3582225 11.9782314 255 79 163
0.844151862 13.2410064 11.8052475 255 79 163
1.02462083 13.2638431 11.8600035 255 79 163
0.736792019 13.0279186 11.6132081 255 79 163
0.683359387 12.9139281 11.532758 255 79 163
0 14.8539101 42.2941893 255 79 163
0.0358836496 14.5561305 42.2941893 255 79 163
0.138727039 14.2807229 42.2941893 255 79 163
0.293168002 14.0482893 42.2941893 255 79 163
0.50097636 13.8514278 42.2941893 255 79 163
0.747940584 13.7068824 42.2941893 255 79 163
1.01397762 13.6235069 42.2941893 255 79 163
1.27822409 13.6006536 42.2941893 255 79 163
1.44319414 13.6148462 42.2941893 255 79 163
1.59645163 13.648237 42.2941893 255 79 163
1.62713374 13.7243397 42.9981172 255 79 163
1.70799998 13.9428118 43.6675459 255 79 163
1.81964648 14.2817525 44.2763964 255 79 163
1.94282219 14.7161222 44.808968 255 79 163
2.05928498 15.2232054 45.2578106 255 79 163
2.15233298 15.7852097 45.6198188 255 79 163
2.20722753 16.3889759 45.8923105 255 79 163
2.21174819 17.0236249 46.0703592 255 79 163
2.18669003 17.4112885 46.1283616 255 79 163
2.13929715 17.8026801 46.1481499 255 79 163
0 17.8026801 44.0088527 255 79 163
0.0429713554 17.8026801 44.4354795 255 79 163
0.181075146 17.8026801 44.8702231 255 79 163
0.419445882 17.8026801 45.2811357 255 79 163
0.748673638 17.8026801 45.634509 255 79 163
1.14505464 17.8026801 45.9030739 255 79 163
1.57600586 17.8026801 46.0726587 255 79 163
1.86151661 17.8026801 46.1300388 255 79 163
2.05718252e-16 14.8928416 42.6234286 255 79 163
-3.31371774e-16 15.0039411 42.9357463 255 79 163
-1.08707613e-16 15.1760365 43.2174433 255 79 163
9.96538778e-17 15.3955702 43.4589589 255 79 163
6.54165196e-17 15.6480387 43.6550956 255 79 163
1.34533496e-17 15.9193262 43.8048034 255 79 163
7.65867491e-17 16.2888304 43.9370285 255 79 163
5.6174049e-17 16.6824121 44.0092011 255 79 163
2.64121919e-16 17.1256044 44.0281132 255 79 163
0.507338132 13.9386731 42.9755177 255 79 163
0.652717538 17.2341896 45.5182588 255 79 163
0.12559602 14.3619294 42.7555416 255 79 163
0.0516897667 14.6776095 43.0787131 255 79 163
0.12014034 14.4396972 42.9756726 255 79 163
0.121854377 14.5105455 43.1568314 255 79 163
0.0549910556 15.0131008 43.5987092 255 79 163
0.229782663 14.4764357 43.4909754 255 79 163
0.128843093 14.8176429 43.6660901 255 79 163
0.564106761 14.5479986 44.1732801 255 79 163
0.0565234634 15.1786131 43.7707424 255 79 163
0.131460822 14.9400618 43.810563 255 79 163
0.0581124789 15.3575276 43.9230502 255 79 163
1.05030266 13.654413 42.7739845 255 79 163
0.134169059 15.0713391 43.9443495 255 79 163
0.136918666 15.21002 44.0671826 255 79 163
1.07491933 13.6963121 43.0106014 255 79 163
1.09726392 13.7925365 43.3531819 255 79 163
0.919506137 13.9786365 43.6755999 255 79 163
0.0623316407 15.8834156 44.2375575 255 79 163
1.28652422 13.7384437 43.241927 255 79 163
0.258955767 15.2790798 44.3802282 255 79 163
0.14519281 15.672049 44.3782064 255 79 163
0.629613507 15.5313593 45.0010442 255 79 163
0.0642339888 16.1633596 44.3474086 255 79 163
0.148402091 15.8795166 44.4809669 255 79 163
1.1603704 14.092023 44.0081929 255 79 163
0.151532539 16.110633 44.5744835 255 79 163
1.19650494 14.2825506 44.3011639 255 79 163
1.38576153 14.1273805 44.1123469 255 79 163
1.23395291 14.4974052 44.5731312 255 79 163
1.03669572 14.7999925 44.789179 255 79 163
0.0671449193 16.7861898 44.4912851 255 79 163
1.44519193 14.3950485 44.4944705 255 79 163
0.282325187 16.2519868 44.869778 255 79 163
0.156183052 16.5936969 44.7109446 255 79 163
0.660378139 16.6597556 45.434349 255 79 163
1.3082714 14.998283 45.0583252 255 79 163
0.15738469 16.8729002 44.7593312 255 79 163
1.34073877 15.2679257 45.2601369 255 79 163
0.157348637 17.1041754 44.7850361 255 79 163
1.5640488 15.049819 45.1493735 255 79 163
0.287216361 16.9616195 45.0264009 255 79 163
1.36888801 15.5501446 45.4380165 255 79 163
0.166573593 17.336417 44.8238749 255 79 163
1.13126512 15.9091748 45.5197503 255 79 163
1.61422586 15.4167882 45.4118566 255 79 163
1.40816416 16.1566393 45.7264519 255 79 163
1.41641156 16.4645411 45.8308133 255 79 163
1.68033177 16.2185455 45.8139709 255 79 163
1.14556273 16.9294688 45.8264585 255 79 163
1.4162942 16.7773658 45.910703 255 79 163
1.68967453 16.6364554 45.9479471 255 79 163
1.40685074 17.1002071 45.966747 255 79 163
1.32255288 17.3378828 45.9636396 255 79 163
1.68554434 17.4159439 46.0827643 255 79 163
0.650378229 16.0464022 45.2482632 255 79 163
0 14.8539101 42.2941893 255 79 163
0 14.8539101 12.6944247 255 79 163
0.0358836496 14.5561305 12.6944247 255 79 163
0.138727039 14.2807229 12.6944247 255 79 163
0.293168002 14.0482893 12.6944247 255 79 163
0.50097636 13.8514278 12.6944247 255 79 163
0.747940584 13.7068824 12.6944247 255 79 163
1.01397762 13.6235069 12.6944247 255 79 163
1.27822409 13.6006536 12.6944247 255 79 163
1.44319414 13.6148462 12.6944247 255 79 163
1.59645163 13.648237 12.6944247 255 79 163
1.59645163 13.648237 42.2941893 255 79 163
0.0358836496 14.5561305 42.2941893 255 79 163
0.138727039 14.2807229 42.2941893 255 79 163
0.293168002 14.0482893 42.2941893 255 79 163
0.50097636 13.8514278 42.2941893 255 79 163
0.747940584 13.7068824 42.2941893 255 79 163
1.01397762 13.6235069 42.2941893 255 79 163
1.27822409 13.6006536 42.2941893 255 79 163
1.44319414 13.6148462 42.2941893 255 79 163
0.229765597 24.2976252 17.9362063 218 222 230
14.0111041 24.1926573 17.8852995 218 222 230
0.196496208 22.0830423 16.8625983 218 222 230
14.0081393 22.2660879 16.951337 218 222 230
0.196496208 22.0830423 16.8625983 255 79 163
14.0081393 22.2660879 16.951337 255 79 163
0.200318114 21.7253553 16.3350083 255 79 163
0.199744155 21.7523909 16.4781395 255 79 163
0.19861228 21.811218 16.6113934 255 79 163
0.197403482 21.8987575 16.7278161 255 79 163
0.196710458 21.9848141 16.803527 255 79 163
14.0095168 21.7106829 16.1321235 255 79 163
14.0094927 21.7526636 16.3543715 255 79 163
14.009167 21.8440098 16.5612812 255 79 163
14.0087089 21.9799391 16.7420554 255 79 163
14.0083685 22.1135643 16.8596144 255 79 163
14.0082061 24.5128758 17.8621554 255 79 163
14.0090336 24.4415703 17.8984521 255 79 163
14.0097589 24.3689894 17.9154119 255 79 163
14.0103442 24.3015183 17.915946 255 79 163
14.0107701 24.244876 17.9052129 255 79 163
14.0111041 24.1926573 17.8852995 255 79 163
0.164355209 24.4162228 17.9276839 255 79 163
0.229765597 24.2976252 17.9362063 255 79 163
0.227483952 24.3103844 17.9415011 255 79 163
0.220827158 24.3247708 17.9455232 255 79 163
0.20107034 24.3528499 17.9480926 255 79 163
0.178258127 24.3827679 17.9434112 255 79 163
0.168244189 24.4001112 17.9368585 255 79 163
0.165333803 24.4085003 17.9324984 255 79 163
7.11898583 24.3569936 17.9322561 255 79 163
14.0538074 21.5568809 14.0053959 218 222 230
14.0095168 21.7106829 16.1321235 218 222 230
0.200318114 21.7253553 16.3350083 218 222 230
0.200318114 21.5530314 13.9521661 218 222 230
13.9891717 21.5530314 13.9521661 218 222 230
14.0516495 21.5560089 13.9933374 218 222 230
14.045388 21.555132 13.9812115 218 222 230
14.0348015 21.5542785 13.9694098 218 222 230
14.0208375 21.5535845 13.9598138 218 222 230
14.0052863 21.5531625 13.9539781 218 222 230
14.0877181 24.5181778 17.8585607 218 222 230
14.0823549 24.5074217 17.8658532 218 222 230
14.0743988 24.5018731 17.869615 218 222 230
14.0658622 24.4985257 17.8718845 218 222 230
14.0500317 24.4961631 17.8734862 218 222 230
14.0410415 24.4965703 17.8732102 218 222 230
14.0323102 24.4981721 17.8721242 218 222 230
14.0242388 24.500901 17.870274 218 222 230
14.0172573 24.5046147 17.8677563 218 222 230
14.0082061 24.5128758 17.8621554 218 222 230
14.0378048 26.5994689 16.4474942 218 222 230
13.9834657 26.6731252 16.3975569 218 222 230
13.9983578 26.6713353 16.3987705 218 222 230
14.0123334 26.6661283 16.4023007 218 222 230
14.0245114 26.6576967 16.4080171 218 222 230
14.0335166 26.646876 16.4153533 218 222 230
14.0386659 26.6349849 16.4234152 218 222 230
14.0401813 26.6256293 16.4297581 218 222 230
14.0398257 26.6154679 16.4366473 218 222 230
0.189806808 26.6731252 16.3975569 218 222 230
0.164355209 24.4162228 17.9276839 218 222 230
0.200318114 21.5530314 13.9521661 255 79 163
13.9891717 21.5530314 13.9521661 255 79 163
0.126210621 21.6593608 13.7328354 255 79 163
0.129897784 21.6322987 13.7541207 255 79 163
0.139500614 21.6085056 13.7790069 255 79 163
0.152831126 21.5884564 13.8069972 255 79 163
0.17262205 21.5682276 13.8481735 255 79 163
0.191701092 21.5551458 13.8980787 255 79 163
0.19798608 21.5525826 13.9250636 255 79 163
13.9891717 21.6593608 13.7328354 255 79 163
13.9891717 21.5562338 13.8915044 255 79 163
13.9891717 21.5726331 13.8373446 255 79 163
13.9891717 21.5978919 13.7927793 255 79 163
13.9891717 21.6264481 13.7596109 255 79 163
0.130848932 26.7505796 16.2377881 255 79 163
13.9834657 26.7505796 16.2377881 255 79 163
0.133248489 26.7507732 16.2603629 255 79 163
0.139601181 26.7481007 16.2827799 255 79 163
0.148638034 26.7426052 16.3046766 255 79 163
0.162669251 26.7310467 16.3324527 255 79 163
0.177716422 26.7126579 16.3608545 255 79 163
0.186420062 26.6942936 16.3807158 255 79 163
0.188940802 26.6838698 16.3896679 255 79 163
0.189806808 26.6731252 16.3975569 255 79 163
13.9834657 26.6731252 16.3975569 255 79 163
13.9834657 26.7063713 16.3683551 255 79 163
13.9834657 26.7299447 16.3345399 255 79 163
13.9834657 26.7440338 16.2999873 255 79 163
13.9834657 26.7501175 16.2686912 255 79 163
13.9891717 23.729925 12.3290414 218 222 230
13.9891717 21.6593608 13.7328354 218 222 230
0.126210621 21.6593608 13.7328354 218 222 230
0.126210621 23.539158 12.458377 218 222 230
0.285036495 26.5541514 13.5216376 218 222 230
3.19047282 26.5612176 13.619347 218 222 230
7.17042952 26.5800282 13.8794547 218 222 230
11.142761 26.5986925 14.1375391 218 222 230
14.0558225 26.6055516 14.2323843 218 222 230
0.130848932 26.7505796 16.2377881 218 222 230
13.9834657 26.7505796 16.2377881 218 222 230
0.17614885 24.3785766 12.3975961 255 79 163
14.0174354 24.1712282 12.2970757 255 79 163
0.170124372 24.1970493 12.3340251 255 79 163
0.155969126 24.0058316 12.313344 255 79 163
0.139965869 23.8149189 12.3366183 255 79 163
0.130189082 23.6715439 12.385056 255 79 163
0.126210621 23.539158 12.458377 255 79 163
13.9891717 23.729925 12.3290414 255 79 163
13.9924565 23.8195428 12.2822335 255 79 163
14.0004142 23.9174466 12.2569806 255 79 163
14.0094894 24.0185314 12.25461 255 79 163
14.015084 24.0967972 12.2689462 255 79 163
7.0843027 24.0253862 12.2840065 255 79 163
7.07964805 23.8723898 12.2951068 255 79 163
0.17614885 26.4851711 13.4188523 255 79 163
3.11976295 26.3992606 13.3772038 255 79 163
7.14335789 26.1630598 13.262696 255 79 163
11.1665622 25.9273654 13.1484337 255 79 163
14.1105669 25.8424132 13.1072497 255 79 163
0.285036495 26.5541514 13.5216376 255 79 163
0.281596611 26.5525262 13.5086443 255 79 163
0.277561956 26.5511235 13.5018562 255 79 163
0.271979147 26.5492585 13.4948386 255 79 163
0.239008629 26.5373259 13.4672292 255 79 163
0.196284292 26.5148813 13.4391662 255 79 163
0.187787575 26.507801 13.4330788 255 79 163
0.181645306 26.5007863 13.4279038 255 79 163
0.177479877 26.4929962 13.4230015 255 79 163
3.19047282 26.5612176 13.619347 255 79 163
7.17042952 26.5800282 13.8794547 255 79 163
11.142761 26.5986925 14.1375391 255 79 163
14.0558225 26.6055516 14.2323843 255 79 163
14.1041251 26.1046455 13.2737939 255 79 163
14.0887485 26.3222762 13.4954877 255 79 163
14.071251 26.4839246 13.7608092 255 79 163
14.0604308 26.5660447 13.9910978 255 79 163
3.15511789 26.5116548 13.4750619 255 79 163
5.16691536 26.4847391 13.4933102 255 79 163
7.15689371 26.4536261 13.514404 255 79 163
8.49344986 26.3301126 13.4033942 255 79 163
9.16849584 26.4222528 13.5356744 255 79 163
9.82658424 26.5046108 13.7075265 255 79 163
11.1546616 26.395886 13.5535505 255 79 163
12.1268581 26.4233679 13.6187133 255 79 163
12.6189066 26.2284697 13.3763851 255 79 163
13.3373646 26.4911091 13.7696673 255 79 163
13.7239657 26.2220339 13.3790656 255 79 163
0.17614885 24.3785766 12.3975961 218 222 230
14.0174354 24.1712282 12.2970757 218 222 230
0.17614885 26.4851711 13.4188523 218 222 230
3.11976295 26.3992606 13.3772038 218 222 230
7.14335789 26.1630598 13.262696 218 222 230
11.1665622 25.9273654 13.1484337 218 222 230
14.1105669 25.8424132 13.1072497 218 222 230
1.65548729 0 0.626781779 255 79 163
1.65548729 0.0189525716 0.473814289 255 79 163
1.65548729 0.0719757647 0.335155846 255 79 163
1.65548729 0.14956364 0.220434334 255 79 163
1.65548729 0.251440679 0.124811205 255 79 163
1.65548729 0.369960478 0.0550316433 255 79 163
1.65548729 0.495630998 0.0138748765 255 79 163
1.65548729 0.562067567 0.00334977045 255 79 163
1.65548729 0.626781779 1.76987683e-16 255 79 163
1.29911619 0.634749219 0.0388097431 255 79 163
0.959446479 0.655804248 0.153415028 255 79 163
0.652397641 0.68497537 0.338450243 255 79 163
0.392371203 0.717301619 0.585255699 255 79 163
0.191577793 0.747824838 0.882271968 255 79 163
0.0594568228 0.771580253 1.21557206 255 79 163
0.0149311 0.780718947 1.43338418 255 79 163
6.16604515e-18 0.784164081 1.65519966 255 79 163
0.784164081 0 1.65519966 255 79 163
0.592787089 0.0237114836 1.65519966 255 79 163
0.419312087 0.0900485802 1.65519966 255 79 163
0.27578448 0.187118449 1.65519966 255 79 163
0.15615078 0.31457639 1.65519966 255 79 163
0.0688498604 0.462856017 1.65519966 255 79 163
0.0173588003 0.620081884 1.65519966 255 79 163
0.0041908839 0.703200399 1.65519966 255 79 163
1.47875056 -3.48791221e-17 0.647499404 255 79 163
1.31219389 -4.76096643e-17 0.70663755 255 79 163
1.16380447 -4.70714252e-17 0.798182931 255 79 163
1.03889233 -3.33148676e-17 0.914908218 255 79 163
0.940065267 -3.45452499e-17 1.04931454 255 79 163
0.867493372 -5.89839037e-17 1.19449249 255 79 163
0.819409659 -5.39744709e-17 1.34484207 255 79 163
0.792395762 3.78491712e-17 1.50017304 255 79 163
1.32860476 0.186055799 0.223031771 255 79 163
0.749304096 0.201544415 0.518881566 255 79 163
0.362836507 0.220370404 1.03269228 255 79 163
0.263046002 0.227019983 1.33738367 255 79 163
0.784164081 0 1.65519966 218 222 230
0.943114633 -4.4408921e-16 7.52740656 218 222 230
80.9493858 -4.4408921e-16 7.52740656 218 222 230
81.2077885 -3.11585079e-17 0.626781779 218 222 230
1.65548729 0 0.626781779 218 222 230
1.47875056 -3.48791221e-17 0.647499404 218 222 230
1.31219389 -4.76096643e-17 0.70663755 218 222 230
1.16380447 -4.70714252e-17 0.798182931 218 222 230
1.03889233 -3.33148676e-17 0.914908218 218 222 230
0.940065267 -3.45452499e-17 1.04931454 218 222 230
0.867493372 -5.89839037e-17 1.19449249 218 222 230
0.819409659 -5.39744709e-17 1.34484207 218 222 230
0.792395762 3.78491712e-17 1.50017304 218 222 230
0.896131268 38.9962856 1.33832465 255 79 163
0.677428435 38.9691884 1.33832465 255 79 163
0.479183734 38.8933793 1.33832465 255 79 163
0.315162479 38.7824493 1.33832465 255 79 163
0.178446833 38.6367922 1.33832465 255 79 163
0.0786806157 38.4673405 1.33832465 255 79 163
0.0198373837 38.287665 1.33832465 255 79 163
0.00478928096 38.1926784 1.33832465 255 79 163
-1.1798339e-16 38.1001543 1.33832465 255 79 163
0.0222557125 38.1214956 1.09523371 255 79 163
0.0882676506 38.1789385 0.86021082 255 79 163
0.19585281 38.2615762 0.641054233 255 79 163
0.341468923 38.3584665 0.445055289 255 79 163
0.520308054 38.4586515 0.278762391 255 79 163
0.726438634 38.5511747 0.147754285 255 79 163
0.952993212 38.6250942 0.0564368753 255 79 163
1.14309872 38.6633876 0.014182948 255 79 163
1.33732997 38.6774203 -2.76191082e-16 255 79 163
1.33732997 38.9962856 0.318865297 255 79 163
1.33732997 38.9866437 0.241045511 255 79 163
1.33732997 38.959669 0.170505225 255 79 163
1.33732997 38.9201974 0.112142474 255 79 163
1.33732997 38.8683691 0.0634957225 255 79 163
1.33732997 38.808074 0.0279964764 255 79 163
1.33732997 38.7441411 0.00705862352 255 79 163
1.33732997 38.7103426 0.00170414263 255 79 163
0.887475187 38.9962856 1.27431204 255 79 163
0.827528021 38.9962856 1.05458913 255 79 163
0.814627072 38.9962856 0.899719735 255 79 163
0.837019968 38.9962856 0.742072389 255 79 163
0.881836147 38.9962856 0.62334812 255 79 163
0.960475668 38.9962856 0.503649649 255 79 163
1.0593387 38.9962856 0.412019581 255 79 163
1.15754077 38.9962856 0.356459988 255 79 163
1.24564387 38.9962856 0.328555331 255 79 163
0.280136361 38.7430603 1.09702543 255 79 163
0.444502775 38.8001897 0.626317637 255 79 163
0.811749913 38.8692935 0.246950558 255 79 163
1.06239197 38.8934907 0.133734745 255 79 163
1.65548729 0.626781779 1.76987683e-16 218 222 230
1.33732997 38.6774203 -2.76191082e-16 218 222 230
81.2077885 0.626781779 0 218 222 230
81.2221004 0.624478033 -1.17775122e-16 218 222 230
81.2724787 0.608241968 -5.29751196e-17 218 222 230
81.3082138 0.603870067 -2.46212063e-17 218 222 230
81.3456393 0.607881405 3.09824564e-17 218 222 230
81.3740104 0.617654312 3.03290456e-17 218 222 230
81.4027244 0.635536771 -2.23228313e-17 218 222 230
81.4247593 0.658435942 -5.39366477e-17 218 222 230
81.4381364 0.681371942 -1.22281101e-17 218 222 230
81.444858 0.702025084 4.65304333e-17 218 222 230
81.4471921 0.723550423 0 218 222 230
81.2521416 9.89062009 4.43319218e-17 218 222 230
80.7079374 23.4794968 -1.04864115e-16 218 222 230
80.4395728 30.9558534 -1.62877322e-16 218 222 230
80.3128498 37.0683734 0 218 222 230
80.3154029 37.0893114 -7.05936349e-17 218 222 230
80.3233704 37.1133083 -5.99026471e-17 218 222 230
80.405211 37.2923847 4.24347923e-17 218 222 230
80.4348486 37.428541 1.72753029e-17 218 222 230
80.4327485 37.5597312 2.56989642e-17 218 222 230
80.4055022 37.6725198 4.53306282e-17 218 222 230
80.3536283 37.7781332 5.13657093e-17 218 222 230
80.283871 37.8636076 3.22552341e-17 218 222 230
80.2029328 37.9260161 -1.23793557e-19 218 222 230
80.134132 37.9590749 -1.97483863e-17 218 222 230
80.0707986 37.9765142 -2.15596318e-17 218 222 230
80.0056239 37.9825188 0 218 222 230
18.0054826 38.5840562 1.94585061e-17 218 222 230
40.6714769 38.3330007 -4.07317281e-17 218 222 230
63.4350748 38.0790614 -7.70061631e-17 218 222 230
80.9493858 -4.4408921e-16 7.52740656 255 79 163
80.9390731 0.103858229 8.39963007 255 79 163
80.9127489 0.409624405 9.22307887 255 79 163
80.8773342 0.900200927 9.95170441 255 79 163
80.8397497 1.54815361 10.5447625 255 79 163
80.8069163 2.31724906 10.9690887 255 79 163
80.7884988 3.00267992 11.1730599 255 79 163
80.7815316 3.71449456 11.2419011 255 79 163
0.608493459 3.71449456 11.2419011 255 79 163
0.943114633 -4.4408921e-16 7.52740656 255 79 163
0.922891736 0.102071541 8.39220045 255 79 163
0.871183579 0.402675746 9.20946705 255 79 163
0.801430965 0.885292864 9.93428971 255 79 163
0.727074696 1.52339811 10.5268342 255 79 163
0.661555573 2.28192257 10.9545349 255 79 163
0.623098678 2.98393988 11.1693508 255 79 163
80.0056239 38.9962856 1.01376673 218 222 230
79.8682159 38.9962856 43.7083706 218 222 230
1.33732997 38.9962856 0.318865297 218 222 230
18.0054826 38.9962856 0.412229346 218 222 230
40.6714769 38.9962856 0.663284903 218 222 230
63.4350748 38.9962856 0.917224145 218 222 230
0.896131268 38.9962856 1.33832465 218 222 230
0.887475187 38.9962856 1.27431204 218 222 230
0.827528021 38.9962856 1.05458913 218 222 230
0.814627072 38.9962856 0.899719735 218 222 230
0.837019968 38.9962856 0.742072389 218 222 230
0.881836147 38.9962856 0.62334812 218 222 230
0.960475668 38.9962856 0.503649649 218 222 230
1.0593387 38.9962856 0.412019581 218 222 230
1.15754077 38.9962856 0.356459988 218 222 230
1.24564387 38.9962856 0.328555331 218 222 230
1.11570986 38.9962856 11.2672123 218 222 230
1.65361806 38.9962856 24.5057292 218 222 230
2.06555037 38.9962856 34.8538495 218 222 230
2.28909626 38.9962856 45.2019698 218 222 230
19.2861561 38.9962856 44.9801874 218 222 230
41.9489026 38.9962856 44.4297541 218 222 230
60.9085592 38.9962856 43.9664142 218 222 230
2.28909626 38.0501055 46.1481499 255 79 163
2.28909626 38.2810229 46.1195393 255 79 163
2.28909626 38.4903395 46.0394964 255 79 163
2.28909626 38.6635213 45.9223709 255 79 163
2.28909626 38.8078725 45.7685789 255 79 163
2.28909626 38.9132106 45.5896633 255 79 163
2.28909626 38.9753403 45.399953 255 79 163
2.28909626 38.9912288 45.2996614 255 79 163
2.28909626 38.9962856 45.2019698 255 79 163
1.95471857 38.9717608 45.1734235 255 79 163
1.62743135 38.898777 45.0937765 255 79 163
1.31414632 38.7789096 44.9749152 255 79 163
1.02150378 38.6146253 44.8286176 255 79 163
0.67422259 38.332387 44.6110341 255 79 163
0.357514808 37.9406337 44.366873 255 79 163
0.134640371 37.4882957 44.1608149 255 79 163
0.0338808152 37.109066 44.0520738 255 79 163
0.00818815854 36.9109107 44.0206995 255 79 163
2.53531045e-17 36.718053 44.0088527 255 79 163
2.13929715 36.718053 46.1481499 255 79 163
1.71267032 36.718053 46.1051785 255 79 163
1.2779268 36.718053 45.9670747 255 79 163
0.8670142 36.718053 45.728704 255 79 163
0.51364081 36.718053 45.3994762 255 79 163
0.245075908 36.718053 45.0030952 255 79 163
0.0754911478 36.718053 44.572144 255 79 163
0.018111098 36.718053 44.2866332 255 79 163
2.19795244 38.0403264 46.1481499 255 79 163
2.10986195 38.0119985 46.1481499 255 79 163
2.02752941 37.9668918 46.1481499 255 79 163
1.95325124 37.9070669 46.1481499 255 79 163
1.88889023 37.8348095 46.1481499 255 79 163
1.83585945 37.7525635 46.1481499 255 79 163
1.79511529 37.6628631 46.1481499 255 79 163
1.7607046 37.5360824 46.1481499 255 79 163
1.74901248 37.390395 46.1481499 255 79 163
1.76391527 37.2489617 46.1481499 255 79 163
1.80149103 37.1185187 46.1481499 255 79 163
1.85622967 37.0043568 46.1481499 255 79 163
1.92139661 36.910008 46.1481499 255 79 163
1.9894493 36.837005 46.1481499 255 79 163
2.07104102 36.7714728 46.1481499 255 79 163
2.12075719 36.7383724 46.1481499 255 79 163
2.1349158 36.7269058 46.1481499 255 79 163
1.90166526 38.6658007 45.8564571 255 79 163
0.645496717 37.0449853 45.5379929 255 79 163
2.02874844 38.2162772 46.1213723 255 79 163
1.83049353 38.1122201 46.1157779 255 79 163
1.85629894 38.2804773 46.0752762 255 79 163
1.80720949 38.2506436 46.0736503 255 79 163
1.56838857 38.0342065 46.0618754 255 79 163
1.56372548 37.7490772 46.1074915 255 79 163
1.6290814 38.2815663 46.0031444 255 79 163
1.23797609 38.2911657 45.7619657 255 79 163
1.53457717 37.9900167 46.0594647 255 79 163
1.53029684 37.6527136 46.1052138 255 79 163
1.49344482 37.9290924 46.0561331 255 79 163
1.45259326 37.8583881 46.0522528 255 79 163
1.41744181 37.78606 46.0482663 255 79 163
1.49029765 37.3761938 46.0984145 255 79 163
1.49316643 37.2866732 46.0961192 255 79 163
1.33270308 37.5072943 46.0327455 255 79 163
1.23416805 37.7768024 45.9522182 255 79 163
0.819609946 37.6999323 45.6344983 255 79 163
1.50250409 37.2019531 46.0939063 255 79 163
1.75294644 38.8581985 45.5019443 255 79 163
1.32192438 37.4356309 46.0287331 255 79 163
1.44097644 38.67426 45.5638785 255 79 163
1.51679768 37.1227637 46.0918111 255 79 163
1.31515727 37.365519 46.0248159 255 79 163
1.59795431 38.809839 45.4710966 255 79 163
1.3119166 37.2972968 46.0210284 255 79 163
1.31167999 37.2312268 46.0174056 255 79 163
1.20865621 38.6250875 45.3626423 255 79 163
1.0739477 38.5364049 45.3147744 255 79 163
1.32829034 37.0017606 46.0057452 255 79 163
1.0985505 37.2043237 45.8990915 255 79 163
1.13664322 38.6404862 45.1896197 255 79 163
0.81515119 38.1918339 45.3633459 255 79 163
0.905805276 38.403311 45.2472335 255 79 163
1.31605767 36.9066152 45.9919823 255 79 163
0.92610251 38.493983 45.097576 255 79 163
0.614173207 38.0923924 45.1075382 255 79 163
0.478991881 37.8953791 45.0314166 255 79 163
0.506877488 38.0622201 44.8687503 255 79 163
0.396947042 37.4655855 45.1469323 255 79 163
0.366175955 37.6856552 44.9609258 255 79 163
0.331629101 37.7846196 44.7517039 255 79 163
0.223298643 37.2894459 44.8590999 255 79 163
0.211023718 37.095984 44.8944773 255 79 163
0.0907120222 37.0992128 44.5372637 255 79 163
81.3691241 12.5659073 11.2419011 218 222 230
71.0872156 15.3052767 11.2419011 218 222 230
57.318242 18.7476705 11.2419011 218 222 230
48.8375459 20.8972968 11.2419011 218 222 230
40.3929015 23.1736662 11.2419011 218 222 230
0.608493459 11.8570712 11.2419011 218 222 230
0.608493459 3.71449456 11.2419011 218 222 230
80.7815316 3.71449456 11.2419011 218 222 230
81.1364715 8.14020092 11.2419011 218 222 230
80.8801492 17.7027595 46.1481499 218 222 230
80.4777409 26.0818962 46.1481499 218 222 230
80.2034716 31.3188565 46.1481499 218 222 230
80.0154382 36.5558169 46.1481499 218 222 230
2.28909626 38.0501055 46.1481499 218 222 230
19.2861561 37.8283231 46.1481499 218 222 230
41.9489026 37.2778898 46.1481499 218 222 230
60.9821704 36.8130248 46.1481499 218 222 230
2.19795244 38.0403264 46.1481499 218 222 230
2.10986195 38.0119985 46.1481499 218 222 230
2.02752941 37.9668918 46.1481499 218 222 230
1.95325124 37.9070669 46.1481499 218 222 230
1.88889023 37.8348095 46.1481499 218 222 230
1.83585945 37.7525635 46.1481499 218 222 230
1.79511529 37.6628631 46.1481499 218 222 230
1.7607046 37.5360824 46.1481499 218 222 230
1.74901248 37.390395 46.1481499 218 222 230
1.76391527 37.2489617 46.1481499 218 222 230
1.80149103 37.1185187 46.1481499 218 222 230
1.85622967 37.0043568 46.1481499 218 222 230
1.92139661 36.910008 46.1481499 218 222 230
1.9894493 36.837005 46.1481499 218 222 230
2.07104102 36.7714728 46.1481499 218 222 230
2.12075719 36.7383724 46.1481499 218 222 230
2.1349158 36.7269058 46.1481499 218 222 230
2.13929715 36.718053 46.1481499 218 222 230
2.13929715 17.8026801 46.1481499 218 222 230
39.7362003 28.1060151 46.1481499 218 222 230
20.9436551 22.9335833 46.1481499 218 222 230
39.8678975 28.126153 46.1481499 218 222 230
40.0055863 28.1157102 46.1481499 218 222 230
40.1461565 28.077437 46.1481499 218 222 230
40.2868578 28.0142871 46.1481499 218 222 230
40.4706032 27.8968241 46.1481499 218 222 230
40.729094 27.6653997 46.1481499 218 222 230
41.0605057 27.2495752 46.1481499 218 222 230
41.42854 26.6633282 46.1481499 218 222 230
41.5592069 26.494485 46.1481499 218 222 230
41.6258028 26.4389107 46.1481499 218 222 230
41.6605006 26.4194309 46.1481499 218 222 230
41.6965943 26.4058761 46.1481499 218 222 230
78.0613111 16.0620054 46.1481499 218 222 230
78.8362534 15.9275397 46.1481499 218 222 230
79.2620062 15.9493433 46.1481499 218 222 230
79.7413692 16.0797421 46.1481499 218 222 230
80.1249835 16.2900785 46.1481499 218 222 230
80.438959 16.5707442 46.1481499 218 222 230
80.6854803 16.9265462 46.1481499 218 222 230
80.8282605 17.2963793 46.1481499 218 222 230
80.8669766 17.4977372 46.1481499 218 222 230
40.3929015 23.1736662 11.2419011 255 79 163
0.608493459 11.8570712 11.2419011 255 79 163
1.59645163 13.648237 12.6944247 255 79 163
1.58038792 13.6283557 12.4880675 255 79 163
1.53537668 13.5710149 12.28956 255 79 163
1.46678817 13.4815293 12.1052243 255 79 163
1.38045364 13.3665856 11.9391407 255 79 163
1.24783561 13.1853894 11.7489894 255 79 163
1.08941291 12.9586516 11.5769772 255 79 163
0.888848869 12.6389586 11.4084518 255 79 163
0.710761869 12.2692012 11.2894019 255 79 163
0.645665802 12.0639461 11.2542268 255 79 163
39.9954985 24.5707688 12.6944247 255 79 163
40.0074079 24.5289004 12.3414945 255 79 163
40.0407251 24.4117711 12.0214516 255 79 163
40.0894974 24.240308 11.756317 255 79 163
40.1535935 24.0149732 11.5347872 255 79 163
40.2282569 23.7524878 11.3724253 255 79 163
40.3075549 23.4737092 11.2757933 255 79 163
40.3507935 23.3217004 11.2500779 255 79 163
39.7362003 28.1060151 46.1481499 255 79 163
39.9535866 27.3417758 46.0559926 255 79 163
40.1731152 26.5700053 45.7590089 255 79 163
40.3545592 25.9321241 45.3115712 255 79 163
40.4911318 25.4519919 44.7830709 255 79 163
40.5934163 25.0924026 44.1712564 255 79 163
40.65752 24.8670407 43.5195521 255 79 163
40.6790992 24.7911773 43.0924531 255 79 163
40.6859306 24.7671609 42.6768482 255 79 163
20.9436551 22.9335833 46.1481499 255 79 163
2.13929715 17.8026801 46.1481499 255 79 163
1.59645163 13.648237 42.2941893 255 79 163
1.62713374 13.7243397 42.9981172 255 79 163
1.70799998 13.9428118 43.6675459 255 79 163
1.81964648 14.2817525 44.2763964 255 79 163
1.94282219 14.7161222 44.808968 255 79 163
2.05928498 15.2232054 45.2578106 255 79 163
2.15233298 15.7852097 45.6198188 255 79 163
2.20722753 16.3889759 45.8923105 255 79 163
2.21174819 17.0236249 46.0703592 255 79 163
2.18669003 17.4112885 46.1283616 255 79 163
21.1411911 19.2076989 42.4994097 255 79 163
30.5691235 24.7140427 46.054613 255 79 163
33.840397 25.0868067 45.8910011 255 79 163
1.83640161 13.9474633 43.5846199 255 79 163
1.83534842 14.0429604 43.819476 255 79 163
1.92570657 14.0917634 43.8703351 255 79 163
1.94033689 14.2685063 44.1982753 255 79 163
38.5528107 24.3508562 43.7867007 255 79 163
38.522685 24.4567654 44.0706005 255 79 163
38.4740678 24.6276833 44.4201832 255 79 163
37.4734452 24.1877225 44.1304461 255 79 163
37.4447758 24.2885121 44.3383503 255 79 163
37.4120335 24.4036204 44.540683 255 79 163
37.3543899 24.6062711 44.835764 255 79 163
34.2546856 23.1251033 43.7587387 255 79 163
29.8948657 21.7794176 43.3522743 255 79 163
29.6663581 23.5932317 45.7399346 255 79 163
30.8475482 23.735218 45.6391916 255 79 163
30.760313 24.0419004 45.8104153 255 79 163
30.670369 24.3581057 45.9459133 255 79 163
29.7272329 23.3792212 45.6120508 255 79 163
29.2088741 23.0542756 45.4955558 255 79 163
29.2493732 22.9118978 45.3846554 255 79 163
29.1623101 23.2179751 45.6090119 255 79 163
24.4808304 20.3505944 43.68673 255 79 163
26.4287605 23.1020771 45.9141012 255 79 163
16.4446172 17.9517653 43.1871852 255 79 163
11.6999931 16.8647558 43.9177552 255 79 163
8.35308547 15.7189682 43.3737545 255 79 163
12.8248508 17.6613509 44.6931172 255 79 163
11.7801113 17.0276534 44.1899433 255 79 163
11.8408387 17.2125386 44.4580249 255 79 163
11.8734564 17.4231392 44.7253483 255 79 163
11.8762212 17.5632031 44.8848472 255 79 163
11.8646264 17.7163553 45.0445706 255 79 163
12.8627159 17.8092122 44.8543713 255 79 163
13.3392409 18.0062528 44.9246518 255 79 163
13.3686295 18.1252145 45.0370422 255 79 163
13.3901096 18.2488882 45.1469012 255 79 163
12.6575543 20.0653731 46.0989931 255 79 163
17.9197999 21.1857617 46.036792 255 79 163
14.9030252 19.4130478 45.6720889 255 79 163
8.5221151 18.6045104 46.0332562 255 79 163
6.39592056 15.8097837 44.6196313 255 79 163
8.55388755 16.3767712 44.5715183 255 79 163
6.48286711 16.4116 45.2158855 255 79 163
8.62928951 16.6736476 44.8993363 255 79 163
6.52047869 16.8443506 45.5230473 255 79 163
8.67122785 17.008642 45.2055873 255 79 163
6.5288738 17.0812152 45.6601913 255 79 163
8.6770794 17.3047733 45.4312737 255 79 163
8.65818771 17.5459711 45.5891533 255 79 163
8.5693401 18.2450987 45.9237778 255 79 163
5.31686275 15.5265512 44.6441976 255 79 163
5.2491852 15.3199174 44.3869032 255 79 163
5.36837405 16.0273286 45.1536069 255 79 163
5.40573116 16.294374 45.3597041 255 79 163
5.43284434 16.4800345 45.4836027 255 79 163
4.14647303 14.9686129 44.3241586 255 79 163
5.44111622 16.7762246 45.658914 255 79 163
5.45261547 16.9770141 45.7587292 255 79 163
5.45024839 17.1436872 45.8330037 255 79 163
4.23542704 15.409885 44.8620773 255 79 163
5.42550929 17.4678345 45.9545102 255 79 163
5.40018859 17.6692415 46.0148881 255 79 163
4.32211627 16.1216597 45.4516054 255 79 163
4.36382661 16.644775 45.7450284 255 79 163
4.32865867 17.5845353 46.0644187 255 79 163
39.6845688 25.6490427 45.2322428 255 79 163
39.3492817 25.5085282 45.1913436 255 79 163
38.6858252 25.2024762 45.0780386 255 79 163
39.1759615 26.1178493 45.669004 255 79 163
38.6769352 25.8933515 45.6204081 255 79 163
39.0323498 26.6227279 45.9210288 255 79 163
38.5708906 26.26616 45.8296582 255 79 163
36.9945942 25.871162 45.8510375 255 79 163
35.065187 24.7386885 45.5327064 255 79 163
33.9636948 24.6533432 45.6689443 255 79 163
35.6148814 24.7850585 45.4584763 255 79 163
34.0732286 24.2682683 45.3955739 255 79 163
33.1443867 23.295269 44.6729277 255 79 163
34.2256926 23.3954431 44.3637638 255 79 163
33.0657642 23.7400855 45.1901286 255 79 163
32.5602385 23.4822991 45.0791181 255 79 163
32.600059 23.2581008 44.8206802 255 79 163
31.7199403 22.6892261 44.3593896 255 79 163
30.439218 22.5182197 44.6454286 255 79 163
29.8776837 22.3450608 44.6228202 255 79 163
30.214054 22.7624553 45.0121546 255 79 163
29.6242653 22.1623349 44.4572464 255 79 163
29.6754587 22.5086526 44.8991282 255 79 163
28.8281785 21.7401254 44.099683 255 79 163
27.710865 21.8788139 44.8014894 255 79 163
28.9879541 22.0625936 44.5744843 255 79 163
27.7799555 22.6885056 45.5152768 255 79 163
27.0884739 22.4248407 45.4654562 255 79 163
25.5581955 21.3628244 44.8969347 255 79 163
26.0508362 22.0308033 45.3870667 255 79 163
26.1805738 22.3746662 45.5963044 255 79 163
24.3584626 22.2965037 45.8173669 255 79 163
24.4812608 21.1069389 44.9438101 255 79 163
23.7810856 20.6212179 44.5860803 255 79 163
23.4255188 20.2713105 44.1813986 255 79 163
23.9533521 20.8155668 44.777299 255 79 163
24.10272 21.2588303 45.1951147 255 79 163
23.3273567 21.626884 45.6181164 255 79 163
22.311898 19.6391592 43.3398434 255 79 163
21.2705879 19.5106517 43.8442285 255 79 163
23.4039314 20.8524409 44.9901258 255 79 163
22.6854952 20.683537 45.0206915 255 79 163
20.5664427 19.2353693 43.6369803 255 79 163
22.8781015 22.2799967 45.9650855 255 79 163
20.213111 19.1021543 43.5324621 255 79 163
19.6815483 18.9078344 43.3749607 255 79 163
18.153705 18.8477341 44.2636277 255 79 163
22.6505373 22.616877 46.0692759 255 79 163
22.1369486 22.2751617 46.0222475 255 79 163
19.5322332 18.9976925 43.7787453 255 79 163
19.1918541 19.3241801 44.5544923 255 79 163
21.7946832 22.0469046 45.9843645 255 79 163
21.1101026 21.5905659 45.8925438 255 79 163
18.8219527 19.5860428 44.9901959 255 79 163
19.1389314 20.0154725 45.3003028 255 79 163
18.630172 19.7409856 45.1875322 255 79 163
19.9895634 21.9090074 46.0723611 255 79 163
19.0409201 20.8652774 45.8272982 255 79 163
18.4038242 20.185865 45.5634531 255 79 163
18.0819661 19.8577957 45.4020883 255 79 163
17.0235721 19.7051413 45.4981823 255 79 163
16.5561963 19.0325483 45.0621865 255 79 163
15.2860941 17.9639302 44.1118563 255 79 163
16.0031001 18.1845181 44.1501566 255 79 163
14.6612613 17.7132993 43.9598157 255 79 163
14.9275648 17.8537286 44.0926284 255 79 163
15.4839449 18.690214 45.0171571 255 79 163
16.3804839 18.7194512 44.7797831 255 79 163
14.2306937 17.7754223 44.2983795 255 79 163
14.7862675 18.5421644 45.0609638 255 79 163
13.6588452 19.2121479 45.7443106 255 79 163
13.0364479 19.1127782 45.7782841 255 79 163
12.6517979 18.6263613 45.5760415 255 79 163
12.2759523 18.8386159 45.7473043 255 79 163
11.0259431 18.7561164 45.8623417 255 79 163
10.2082312 18.1081897 45.6647388 255 79 163
10.2287322 17.9394226 45.5646714 255 79 163
9.66289266 18.1504565 45.7621847 255 79 163
5.09535044 14.7933701 43.3540286 255 79 163
3.4665197 14.3304418 43.346771 255 79 163
3.7020731 14.5118688 43.6795416 255 79 163
2.91261673 14.1637433 43.3126782 255 79 163
2.55455587 14.0892681 43.4032994 255 79 163
36.8633584 24.353667 44.6902079 255 79 163
37.1899014 25.1845438 45.4270583 255 79 163
36.5471083 24.4760372 44.9485042 255 79 163
36.5680828 24.4022996 44.8570566 255 79 163
35.7898724 24.0575884 44.6988279 255 79 163
34.663941 24.0020235 45.0083196 255 79 163
31.3066324 23.131757 45.0783127 255 79 163
31.0195661 22.9199607 44.9402922 255 79 163
31.6271405 23.8785895 45.5955306 255 79 163
24.9709378 21.7853368 45.4257765 255 79 163
22.8296242 20.1207057 44.210383 255 79 163
22.53163 20.0455681 44.2248688 255 79 163
21.2481123 20.3475242 45.0810677 255 79 163
22.112597 19.862642 44.0997678 255 79 163
22.2539881 21.3163581 45.6086556 255 79 163
21.9093664 21.0963851 45.5308048 255 79 163
20.5850446 19.5348671 44.2807741 255 79 163
21.8739041 21.4035029 45.7150213 255 79 163
20.5808092 19.7322042 44.5857022 255 79 163
19.8427221 20.1235885 45.2294531 255 79 163
20.2356623 19.5702149 44.4913937 255 79 163
19.8877885 19.4879845 44.5124667 255 79 163
20.320783 21.1843292 45.8138811 255 79 163
19.9259694 20.9817517 45.7703547 255 79 163
19.6310189 20.942695 45.7898462 255 79 163
17.6087641 19.2056846 44.9433386 255 79 163
16.4409028 18.2359334 44.012413 255 79 163
11.2639447 17.1800158 44.6335177 255 79 163
11.3024335 17.3256843 44.7977059 255 79 163
10.9991212 17.2798928 44.8413169 255 79 163
11.0291167 17.3967209 44.9572678 255 79 163
11.0511569 17.5184256 45.0709149 255 79 163
10.2092241 17.0776464 44.8605776 255 79 163
9.30521648 16.3137165 44.1518324 255 79 163
39.9954985 24.5707688 12.6944247 218 222 230
1.59645163 13.648237 12.6944247 218 222 230
1.59645163 13.648237 42.2941893 218 222 230
40.6859306 24.7671609 42.6768482 218 222 230
21.1411911 19.2076989 42.4994097 218 222 230
40.4181339 24.6909866 29.4889367 218 222 230
40.2178263 24.6340095 21.2464921 218 222 230
40.0947801 24.5990093 13.0040475 218 222 230
40.0084197 24.5744442 12.6979746 218 222 230
40.0148779 24.5762813 12.7023386 218 222 230
40.0211742 24.5780722 12.7083316 218 222 230
40.0339118 24.5816954 12.726752 218 222 230
40.0475563 24.5855766 12.7623965 218 222 230
40.0554184 24.5878129 12.8199915 218 222 230
40.0495208 24.5861354 12.8899008 218 222 230
40.0359573 24.5822773 12.9392944 218 222 230
40.0191227 24.5774887 12.9799189 218 222 230
40.027623 24.5799066 12.981267 218 222 230
40.0474904 24.5855578 12.9780065 218 222 230
40.065116 24.5905714 12.978712 218 222 230
40.0794297 24.5946429 12.9830909 218 222 230
40.0909167 24.5979104 12.9923021 218 222 230
14.0081393 22.2660879 16.951337 255 79 163
14.0111041 24.1926573 17.8852995 255 79 163
14.2607181 22.3762706 16.7240579 255 79 163
14.2530806 22.3493803 16.7795259 255 79 163
14.2317135 22.3250053 16.8298052 255 79 163
14.2004473 22.3048383 16.8714047 255 79 163
14.1593932 22.2880286 16.9060789 255 79 163
14.1116324 22.275762 16.9313819 255 79 163
14.0609901 22.268527 16.9463058 255 79 163
14.0342176 22.2666767 16.9501224 255 79 163
14.2607181 24.4210953 17.7153687 255 79 163
14.2578198 24.3943828 17.7448469 255 79 163
14.2500654 24.3644578 17.7685583 255 79 163
14.2330445 24.3227089 17.7954214 255 79 163
14.2037507 24.2775473 17.8233554 255 79 163
14.1621618 24.2390542 17.849577 255 79 163
14.1146122 24.213203 17.8691287 255 79 163
14.0655601 24.1984674 17.880779 255 79 163
14.0385805 24.1942864 17.8840536 255 79 163
14.2607181 21.9612299 16.1140043 255 79 163
14.2531223 21.9000833 16.1184263 255 79 163
14.2318717 21.8446566 16.1224347 255 79 163
14.2007761 21.7987984 16.1257511 255 79 163
14.1599458 21.7605744 16.1285154 255 79 163
14.1124455 21.732681 16.1305326 255 79 163
14.0620794 21.7162292 16.1317224 255 79 163
14.035453 21.712022 16.1320267 255 79 163
14.0095168 21.7106829 16.1321235 255 79 163
14.0094927 21.7526636 16.3543715 255 79 163
14.009167 21.8440098 16.5612812 255 79 163
14.0087089 21.9799391 16.7420554 255 79 163
14.0083685 22.1135643 16.8596144 255 79 163
14.0081393 22.2660879 16.951337 255 79 163
14.2607181 22.3762706 16.7240579 255 79 163
14.2530806 22.3493803 16.7795259 255 79 163
14.2317135 22.3250053 16.8298052 255 79 163
14.2004473 22.3048383 16.8714047 255 79 163
14.1593932 22.2880286 16.9060789 255 79 163
14.1116324 22.275762 16.9313819 255 79 163
14.0609901 22.268527 16.9463058 255 79 163
14.0342176 22.2666767 16.9501224 255 79 163
14.2607181 21.9927172 16.2797952 255 79 163
14.2607181 22.0612002 16.4339557 255 79 163
14.2607181 22.1628729 16.5684435 255 79 163
14.2607181 22.2626072 16.6558306 255 79 163
14.1871488 21.8178579 16.3153343 255 79 163
14.1869541 21.9976801 16.6510854 255 79 163
14.1868296 22.1357645 16.7837008 255 79 163
14.0877181 24.5181778 17.8585607 255 79 163
14.1299392 24.515242 17.8542311 255 79 163
14.1682107 24.5070291 17.8421177 255 79 163
14.1998753 24.4950114 17.8243924 255 79 163
14.2262686 24.4792316 17.8011179 255 79 163
14.2455286 24.4608741 17.7740413 255 79 163
14.2568884 24.4414091 17.745331 255 79 163
14.2597935 24.4311188 17.7301531 255 79 163
14.2607181 24.4210953 17.7153687 255 79 163
14.2578198 24.3943828 17.7448469 255 79 163
14.2500654 24.3644578 17.7685583 255 79 163
14.2330445 24.3227089 17.7954214 255 79 163
14.2037507 24.2775473 17.8233554 255 79 163
14.1621618 24.2390542 17.849577 255 79 163
14.1146122 24.213203 17.8691287 255 79 163
14.0655601 24.1984674 17.880779 255 79 163
14.0385805 24.1942864 17.8840536 255 79 163
14.0111041 24.1926573 17.8852995 255 79 163
14.0082061 24.5128758 17.8621554 255 79 163
14.0090336 24.4415703 17.8984521 255 79 163
14.0097589 24.3689894 17.9154119 255 79 163
14.0103442 24.3015183 17.915946 255 79 163
14.0107701 24.244876 17.9052129 255 79 163
14.0823549 24.5074217 17.8658532 255 79 163
14.0743988 24.5018731 17.869615 255 79 163
14.0658622 24.4985257 17.8718845 255 79 163
14.0500317 24.4961631 17.8734862 255 79 163
14.0410415 24.4965703 17.8732102 255 79 163
14.0323102 24.4981721 17.8721242 255 79 163
14.0242388 24.500901 17.870274 255 79 163
14.0172573 24.5046147 17.8677563 255 79 163
14.1994027 24.460723 17.8411554 255 79 163
14.1597013 24.4095873 17.8773381 255 79 163
14.1050567 24.3747374 17.9018509 255 79 163
14.0423567 24.3580268 17.9149092 255 79 163
14.0538074 21.5568809 14.0053959 255 79 163
14.0095168 21.7106829 16.1321235 255 79 163
14.1043044 21.5631212 14.0049445 255 79 163
14.1500778 21.5805794 14.0036818 255 79 163
14.1879492 21.6061257 14.0018342 255 79 163
14.2195159 21.6396693 13.9994083 255 79 163
14.2425513 21.6786927 13.9965861 255 79 163
14.2561378 21.7200705 13.9935937 255 79 163
14.2596123 21.7419451 13.9920117 255 79 163
14.2607181 21.7632527 13.9904708 255 79 163
14.2607181 21.9612299 16.1140043 255 79 163
14.2531223 21.9000833 16.1184263 255 79 163
14.2318717 21.8446566 16.1224347 255 79 163
14.2007761 21.7987984 16.1257511 255 79 163
14.1599458 21.7605744 16.1285154 255 79 163
14.1124455 21.732681 16.1305326 255 79 163
14.0620794 21.7162292 16.1317224 255 79 163
14.035453 21.712022 16.1320267 255 79 163
14.0538074 21.5568809 14.0053959 255 79 163
14.1043044 21.5631212 14.0049445 255 79 163
14.1500778 21.5805794 14.0036818 255 79 163
14.1879492 21.6061257 14.0018342 255 79 163
14.2195159 21.6396693 13.9994083 255 79 163
14.2425513 21.6786927 13.9965861 255 79 163
14.2561378 21.7200705 13.9935937 255 79 163
14.2596123 21.7419451 13.9920117 255 79 163
14.2607181 21.7632527 13.9904708 255 79 163
14.2524683 21.7354109 13.9291099 255 79 163
14.2291534 21.7121828 13.8715662 255 79 163
14.1927998 21.6928037 13.821197 255 79 163
14.1457255 21.6773603 13.7806435 255 79 163
14.0906583 21.6664131 13.7518237 255 79 163
14.040796 21.6611062 13.7376416 255 79 163
13.9891717 21.6593608 13.7328354 255 79 163
13.9891717 21.5530314 13.9521661 255 79 163
13.9891717 21.5562338 13.8915044 255 79 163
13.9891717 21.5726331 13.8373446 255 79 163
13.9891717 21.5978919 13.7927793 255 79 163
13.9891717 21.6264481 13.7596109 255 79 163
14.0516495 21.5560089 13.9933374 255 79 163
14.045388 21.555132 13.9812115 255 79 163
14.0348015 21.5542785 13.9694098 255 79 163
14.0208375 21.5535845 13.9598138 255 79 163
14.0052863 21.5531625 13.9539781 255 79 163
14.1862814 21.6063161 13.9567145 255 79 163
14.1356691 21.5899882 13.8858684 255 79 163
14.06653 21.5800997 13.8426615 255 79 163
14.0283372 21.5776228 13.8318501 255 79 163
14.2607181 24.4210953 17.7153687 255 79 163
14.2607181 26.4743764 16.2629889 255 79 163
14.0378048 26.5994689 16.4474942 255 79 163
14.0922073 26.5956861 16.4419153 255 79 163
14.1415208 26.5851035 16.4263071 255 79 163
14.1823212 26.5696185 16.4034677 255 79 163
14.2163293 26.549286 16.3734782 255 79 163
14.2411462 26.525632 16.3385896 255 79 163
14.2557835 26.500551 16.3015959 255 79 163
14.2595267 26.4872918 16.2820389 255 79 163
14.0877181 24.5181778 17.8585607 255 79 163
14.1299392 24.515242 17.8542311 255 79 163
14.1682107 24.5070291 17.8421177 255 79 163
14.1998753 24.4950114 17.8243924 255 79 163
14.2262686 24.4792316 17.8011179 255 79 163
14.2455286 24.4608741 17.7740413 255 79 163
14.2568884 24.4414091 17.745331 255 79 163
14.2597935 24.4311188 17.7301531 255 79 163
13.9834657 26.6731252 16.3975569 255 79 163
13.9834657 26.7063713 16.3683551 255 79 163
13.9834657 26.7299447 16.3345399 255 79 163
13.9834657 26.7440338 16.2999873 255 79 163
13.9834657 26.7501175 16.2686912 255 79 163
13.9834657 26.7505796 16.2377881 255 79 163
14.0468253 26.743254 16.2381995 255 79 163
14.1088349 26.7206467 16.2392743 255 79 163
14.1613204 26.6861071 16.2412992 255 79 163
14.2029614 26.6429065 16.244249 255 79 163
14.2356199 26.5889582 16.2486182 255 79 163
14.2544044 26.5327944 16.2544305 255 79 163
14.2607181 26.4743764 16.2629889 255 79 163
14.0378048 26.5994689 16.4474942 255 79 163
14.0922073 26.5956861 16.4419153 255 79 163
14.1415208 26.5851035 16.4263071 255 79 163
14.1823212 26.5696185 16.4034677 255 79 163
14.2163293 26.549286 16.3734782 255 79 163
14.2411462 26.525632 16.3385896 255 79 163
14.2557835 26.500551 16.3015959 255 79 163
14.2595267 26.4872918 16.2820389 255 79 163
13.9983578 26.6713353 16.3987705 255 79 163
14.0123334 26.6661283 16.4023007 255 79 163
14.0245114 26.6576967 16.4080171 255 79 163
14.0335166 26.646876 16.4153533 255 79 163
14.0386659 26.6349849 16.4234152 255 79 163
14.0401813 26.6256293 16.4297581 255 79 163
14.0398257 26.6154679 16.4366473 255 79 163
14.0182115 26.7303803 16.329301 255 79 163
14.0845219 26.708157 16.3382929 255 79 163
14.1419009 26.6645737 16.3548757 255 79 163
14.1834462 26.600735 16.3784778 255 79 163
14.2607181 23.8823071 12.5538015 255 79 163
14.2525071 23.8451179 12.4989483 255 79 163
14.2295354 23.8114075 12.4492263 255 79 163
14.1959213 23.7835166 12.4080878 255 79 163
14.1517842 23.7602689 12.3737979 255 79 163
14.1004367 23.7433042 12.3487754 255 79 163
14.0459914 23.7332982 12.3340169 255 79 163
14.0172084 23.7307394 12.3302426 255 79 163
13.9891717 23.729925 12.3290414 255 79 163
14.2607181 21.7632527 13.9904708 255 79 163
14.2524683 21.7354109 13.9291099 255 79 163
14.2291534 21.7121828 13.8715662 255 79 163
14.1927998 21.6928037 13.821197 255 79 163
14.1457255 21.6773603 13.7806435 255 79 163
14.0906583 21.6664131 13.7518237 255 79 163
14.040796 21.6611062 13.7376416 255 79 163
13.9891717 21.6593608 13.7328354 255 79 163
13.9834657 26.7505796 16.2377881 255 79 163
14.0558225 26.6055516 14.2323843 255 79 163
14.0468253 26.743254 16.2381995 255 79 163
14.1088349 26.7206467 16.2392743 255 79 163
14.1613204 26.6861071 16.2412992 255 79 163
14.2029614 26.6429065 16.244249 255 79 163
14.2356199 26.5889582 16.2486182 255 79 163
14.2544044 26.5327944 16.2544305 255 79 163
14.2607181 26.4743764 16.2629889 255 79 163
14.2607181 26.4011897 14.2471634 255 79 163
14.2545225 26.4510647 14.2435566 255 79 163
14.2371891 26.4962742 14.2402871 255 79 163
14.2118256 26.5336791 14.237582 255 79 163
14.1785219 26.564857 14.2353273 255 79 163
14.1397777 26.5876085 14.2336819 255 79 163
14.0986959 26.6010277 14.2327114 255 79 163
14.0769777 26.6044594 14.2324633 255 79 163
14.2607181 23.8823071 12.5538015 255 79 163
14.2525071 23.8451179 12.4989483 255 79 163
14.2295354 23.8114075 12.4492263 255 79 163
14.1959213 23.7835166 12.4080878 255 79 163
14.1517842 23.7602689 12.3737979 255 79 163
14.1004367 23.7433042 12.3487754 255 79 163
14.0459914 23.7332982 12.3340169 255 79 163
14.0172084 23.7307394 12.3302426 255 79 163
13.9891717 23.729925 12.3290414 255 79 163
13.9924565 23.8195428 12.2822335 255 79 163
14.0004142 23.9174466 12.2569806 255 79 163
14.0094894 24.0185314 12.25461 255 79 163
14.015084 24.0967972 12.2689462 255 79 163
14.0174354 24.1712282 12.2970757 255 79 163
14.2607181 24.0651008 12.5159899 255 79 163
14.2533617 24.0910014 12.4625634 255 79 163
14.232781 24.1144792 12.4141346 255 79 163
14.2026656 24.133904 12.3740661 255 79 163
14.1631225 24.150095 12.3406681 255 79 163
14.1171195 24.1619102 12.3162964 255 79 163
14.068341 24.1688789 12.3019217 255 79 163
14.042554 24.170661 12.2982456 255 79 163
14.2607181 23.9346729 12.5224144 255 79 163
14.2607181 23.9796586 12.5069852 255 79 163
14.2607181 24.0166832 12.504023 255 79 163
14.2607181 24.041446 12.5075414 255 79 163
14.1817454 23.8295362 12.3634638 255 79 163
14.1852348 23.951718 12.3290462 255 79 163
14.1888036 24.079521 12.3386966 255 79 163
14.2607181 25.7769126 13.2423609 255 79 163
14.2561778 25.7928982 13.2093867 255 79 163
14.2434757 25.8073884 13.179497 255 79 163
14.2248888 25.8193771 13.1547672 255 79 163
14.2004832 25.82937 13.1341544 255 79 163
14.1720908 25.8366622 13.1191125 255 79 163
14.1419853 25.8409632 13.1102406 255 79 163
14.1260698 25.8420631 13.1079717 255 79 163
14.1105669 25.8424132 13.1072497 255 79 163
14.1041251 26.1046455 13.2737939 255 79 163
14.0887485 26.3222762 13.4954877 255 79 163
14.071251 26.4839246 13.7608092 255 79 163
14.0604308 26.5660447 13.9910978 255 79 163
14.0558225 26.6055516 14.2323843 255 79 163
14.2607181 26.4011897 14.2471634 255 79 163
14.2545225 26.4510647 14.2435566 255 79 163
14.2371891 26.4962742 14.2402871 255 79 163
14.2118256 26.5336791 14.237582 255 79 163
14.1785219 26.564857 14.2353273 255 79 163
14.1397777 26.5876085 14.2336819 255 79 163
14.0986959 26.6010277 14.2327114 255 79 163
14.0769777 26.6044594 14.2324633 255 79 163
14.2607181 25.9554791 13.3537641 255 79 163
14.2607181 26.107114 13.4982329 255 79 163
14.2607181 26.2277597 13.6671626 255 79 163
14.2607181 26.316128 13.8524813 255 79 163
14.2607181 26.3731434 14.0474395 255 79 163
14.2156272 26.0193161 13.265458 255 79 163
14.208887 26.3315236 13.5968131 255 79 163
14.202 26.510756 14.0127804 255 79 163
14.2138638 26.1347398 13.3617398 255 79 163
14.2115763 26.2378915 13.470753 255 79 163
14.2051371 26.4361717 13.7907879 255 79 163
14.2607181 25.7769126 13.2423609 255 79 163
14.2561778 25.7928982 13.2093867 255 79 163
14.2434757 25.8073884 13.179497 255 79 163
14.2248888 25.8193771 13.1547672 255 79 163
14.2004832 25.82937 13.1341544 255 79 163
14.1720908 25.8366622 13.1191125 255 79 163
14.1419853 25.8409632 13.1102406 255 79 163
14.1260698 25.8420631 13.1079717 255 79 163
14.1105669 25.8424132 13.1072497 255 79 163
14.2607181 24.0651008 12.5159899 255 79 163
14.2533617 24.0910014 12.4625634 255 79 163
14.232781 24.1144792 12.4141346 255 79 163
14.2026656 24.133904 12.3740661 255 79 163
14.1631225 24.150095 12.3406681 255 79 163
14.1171195 24.1619102 12.3162964 255 79 163
14.068341 24.1688789 12.3019217 255 79 163
14.042554 24.170661 12.2982456 255 79 163
14.0174354 24.1712282 12.2970757 255 79 163
14.2053357 25.189784 12.8524088 255 79 163
1.65548729 0 0.626781779 255 79 163
1.65548729 0.0189525716 0.473814289 255 79 163
1.65548729 0.0719757647 0.335155846 255 79 163
1.65548729 0.14956364 0.220434334 255 79 163
1.65548729 0.251440679 0.124811205 255 79 163
1.65548729 0.369960478 0.0550316433 255 79 163
1.65548729 0.495630998 0.0138748765 255 79 163
1.65548729 0.562067567 0.00334977045 255 79 163
1.65548729 0.626781779 1.76987683e-16 255 79 163
81.2077885 0.626781779 0 255 79 163
81.2077885 0.473814289 0.0189525716 255 79 163
81.2077885 0.335155846 0.0719757647 255 79 163
81.2077885 0.220434334 0.14956364 255 79 163
81.2077885 0.124811205 0.251440679 255 79 163
81.2077885 0.0550316433 0.369960478 255 79 163
81.2077885 0.0138748765 0.495630998 255 79 163
81.2077885 0.00334977045 0.562067567 255 79 163
81.2077885 -3.11585079e-17 0.626781779 255 79 163
81.2077885 -3.11585079e-17 0.626781779 255 79 163
80.9493858 -4.4408921e-16 7.52740656 255 79 163
81.3600865 0.016158039 0.621265412 255 79 163
81.5056399 0.0638817872 0.603955645 255 79 163
81.6380041 0.14108528 0.578975527 255 79 163
81.7512532 0.244422253 0.550560627 255 79 163
81.8402378 0.369361331 0.522999615 255 79 163
81.9008587 0.510334311 0.500575623 255 79 163
81.9249453 0.615731308 0.490162825 255 79 163
81.9330303 0.723550423 0.48583826 255 79 163
81.9330303 0.983644562 7.52740656 255 79 163
81.903287 0.743583914 7.52740656 255 79 163
81.8200746 0.525979274 7.52740656 255 79 163
81.6983115 0.345940232 7.52740656 255 79 163
81.5384301 0.195873376 7.52740656 255 79 163
81.3524302 0.0863643112 7.52740656 255 79 163
81.1552082 0.0217746387 7.52740656 255 79 163
81.0509455 0.00525698671 7.52740656 255 79 163
1.33732997 38.9962856 0.318865297 255 79 163
1.33732997 38.9866437 0.241045511 255 79 163
1.33732997 38.959669 0.170505225 255 79 163
1.33732997 38.9201974 0.112142474 255 79 163
1.33732997 38.8683691 0.0634957225 255 79 163
1.33732997 38.808074 0.0279964764 255 79 163
1.33732997 38.7441411 0.00705862352 255 79 163
1.33732997 38.7103426 0.00170414263 255 79 163
1.33732997 38.6774203 -2.76191082e-16 255 79 163
18.0054826 38.9962856 0.412229346 255 79 163
40.6714769 38.9962856 0.663284903 255 79 163
63.4350748 38.9962856 0.917224145 255 79 163
80.0056239 38.9962856 1.01376673 255 79 163
80.0056239 37.9825188 0 255 79 163
80.0056239 38.2299309 0.030654188 255 79 163
80.0056239 38.4541992 0.116414736 255 79 163
80.0056239 38.6397516 0.241906589 255 79 163
80.0056239 38.7944139 0.406684118 255 79 163
80.0056239 38.9072765 0.598379909 255 79 163
80.0056239 38.9738441 0.80164139 255 79 163
80.0056239 38.9908676 0.909096944 255 79 163
18.0054826 38.5840562 1.94585061e-17 255 79 163
40.6714769 38.3330007 -4.07317281e-17 255 79 163
63.4350748 38.0790614 -7.70061631e-17 255 79 163
12.4494317 38.8951726 0.11502751 255 79 163
18.0054826 38.8755464 0.12073918 255 79 163
25.560814 38.7478858 0.062099936 255 79 163
33.1161455 38.9232518 0.292134912 255 79 163
48.2593429 38.6102864 0.0964997981 255 79 163
55.8472088 38.888726 0.430238165 255 79 163
68.9585912 38.6962834 0.263711623 255 79 163
63.4350748 38.7276368 0.268648732 255 79 163
71.7203493 38.9129427 0.584134382 255 79 163
21.7831483 38.9391388 0.228587039 255 79 163
29.3384798 38.8416848 0.154600795 255 79 163
36.8938112 38.6809598 0.0788314326 255 79 163
44.4654099 38.9056291 0.362625943 255 79 163
52.0532759 38.762032 0.234253506 255 79 163
57.1118532 38.6251207 0.15030642 255 79 163
59.6411418 38.5459228 0.112590688 255 79 163
60.9057861 38.6085142 0.15703138 255 79 163
73.5615215 38.5859493 0.187357182 255 79 163
75.8629866 38.526538 0.1524354 255 79 163
75.8629866 38.6375252 0.232987904 255 79 163
77.2438657 38.4305978 0.101451397 255 79 163
19.8943155 38.7769311 0.0548386133 255 79 163
38.7826441 38.9145126 0.327091901 255 79 163
42.5684434 38.6454976 0.0876970001 255 79 163
59.6411418 38.8836949 0.450362751 255 79 163
61.3273343 38.8061823 0.345348309 255 79 163
61.5381083 38.8813445 0.459764195 255 79 163
62.1704305 38.8997201 0.498788371 255 79 163
62.5919786 38.851769 0.41765279 255 79 163
77.7041587 38.7902413 0.396987493 255 79 163
77.9343053 38.9087242 0.597271131 255 79 163
78.6247448 38.7854359 0.39259095 255 79 163
78.6247448 38.8204706 0.440808307 255 79 163
78.6247448 38.8524329 0.490727091 255 79 163
79.0850378 38.8882304 0.55667699 255 79 163
79.0850378 38.920412 0.627200824 255 79 163
18.949899 38.9425539 0.214926608 255 79 163
39.7270605 38.6632879 0.0832494176 255 79 163
41.6199602 38.9100727 0.344851466 255 79 163
62.3812045 38.4720553 0.0849696926 255 79 163
62.3109465 38.6437428 0.189221181 255 79 163
62.8027526 38.548396 0.126722935 255 79 163
62.7324946 38.6640237 0.207393634 255 79 163
63.0135267 38.5054183 0.103623539 255 79 163
63.1540427 38.5840495 0.150370601 255 79 163
79.3151843 38.4139226 0.0957881639 255 79 163
79.2384688 38.6041544 0.212045444 255 79 163
79.5453309 38.612635 0.219078344 255 79 163
79.5453309 38.4984759 0.140674492 255 79 163
79.6987619 38.4110381 0.094773825 255 79 163
18.4776908 38.7835233 0.0531905745 255 79 163
40.1992687 38.9122971 0.335953726 255 79 163
40.6714769 38.8020139 0.19427165 255 79 163
41.1457186 38.6544042 0.0854703351 255 79 163
63.2945588 38.8944816 0.496285705 255 79 163
18.2415867 38.9433623 0.211692859 255 79 163
40.4353728 38.6588533 0.0843580583 255 79 163
40.9085977 38.9111865 0.34039613 255 79 163
81.2077885 0.626781779 0 255 79 163
81.2077885 0.473814289 0.0189525716 255 79 163
81.2077885 0.335155846 0.0719757647 255 79 163
81.2077885 0.220434334 0.14956364 255 79 163
81.2077885 0.124811205 0.251440679 255 79 163
81.2077885 0.0550316433 0.369960478 255 79 163
81.2077885 0.0138748765 0.495630998 255 79 163
81.2077885 0.00334977045 0.562067567 255 79 163
81.2077885 -3.11585079e-17 0.626781779 255 79 163
81.3600865 0.016158039 0.621265412 255 79 163
81.5056399 0.0638817872 0.603955645 255 79 163
81.6380041 0.14108528 0.578975527 255 79 163
81.7512532 0.244422253 0.550560627 255 79 163
81.8402378 0.369361331 0.522999615 255 79 163
81.9008587 0.510334311 0.500575623 255 79 163
81.9249453 0.615731308 0.490162825 255 79 163
81.9330303 0.723550423 0.48583826 255 79 163
81.4471921 0.723550423 0 255 79 163
81.565762 0.723550423 0.014690734 255 79 163
81.6732405 0.723550423 0.0557906777 255 79 163
81.7621648 0.723550423 0.115931479 255 79 163
81.8362852 0.723550423 0.194899574 255 79 163
81.8903736 0.723550423 0.286767996 255 79 163
81.9222755 0.723550423 0.384179167 255 79 163
81.9304338 0.723550423 0.43567624 255 79 163
81.2221004 0.624478033 -1.17775122e-16 255 79 163
81.2724787 0.608241968 -5.29751196e-17 255 79 163
81.3082138 0.603870067 -2.46212063e-17 255 79 163
81.3456393 0.607881405 3.09824564e-17 255 79 163
81.3740104 0.617654312 3.03290456e-17 255 79 163
81.4027244 0.635536771 -2.23228313e-17 255 79 163
81.4247593 0.658435942 -5.39366477e-17 255 79 163
81.4381364 0.681371942 -1.22281101e-17 255 79 163
81.444858 0.702025084 4.65304333e-17 255 79 163
81.3285891 0.194290841 0.18184798 255 79 163
81.55561 0.287396519 0.16833509 255 79 163
81.726007 0.473988877 0.151181625 255 79 163
81.7742038 0.594270453 0.144971733 255 79 163
80.3128498 37.0683734 0 255 79 163
80.6851873 37.0683734 0.0433641979 255 79 163
81.0610675 37.0683734 0.183115735 255 79 163
81.3713635 37.0683734 0.393586195 255 79 163
81.6044141 37.0683734 0.641995133 255 79 163
81.7783179 37.0683734 0.929247741 255 79 163
81.8865306 37.0683734 1.2348058 255 79 163
81.921843 37.0683734 1.4301125 255 79 163
81.9330303 37.0683734 1.62018052 255 79 163
81.9013677 37.4163605 1.59799545 255 79 163
81.8074272 37.7529257 1.53836331 255 79 163
81.6542887 38.0670229 1.45250983 255 79 163
81.4469651 38.3483347 1.35167978 255 79 163
81.192249 38.5876073 1.2471281 255 79 163
80.8984978 38.7769579 1.15011152 255 79 163
80.5753648 38.910142 1.07188132 255 79 163
80.2937333 38.9746288 1.02940631 255 79 163
80.0056239 38.9962856 1.01376673 255 79 163
80.0056239 37.9825188 0 255 79 163
80.0056239 38.2299309 0.030654188 255 79 163
80.0056239 38.4541992 0.116414736 255 79 163
80.0056239 38.6397516 0.241906589 255 79 163
80.0056239 38.7944139 0.406684118 255 79 163
80.0056239 38.9072765 0.598379909 255 79 163
80.0056239 38.9738441 0.80164139 255 79 163
80.0056239 38.9908676 0.909096944 255 79 163
80.3154029 37.0893114 -7.05936349e-17 255 79 163
80.3233704 37.1133083 -5.99026471e-17 255 79 163
80.405211 37.2923847 4.24347923e-17 255 79 163
80.4348486 37.428541 1.72753029e-17 255 79 163
80.4327485 37.5597312 2.56989642e-17 255 79 163
80.4055022 37.6725198 4.53306282e-17 255 79 163
80.3536283 37.7781332 5.13657093e-17 255 79 163
80.283871 37.8636076 3.22552341e-17 255 79 163
80.2029328 37.9260161 -1.23793557e-19 255 79 163
80.134132 37.9590749 -1.97483863e-17 255 79 163
80.0707986 37.9765142 -2.15596318e-17 255 79 163
81.4317724 37.3938842 0.464803167 255 79 163
80.36637 38.6489132 0.306818716 255 79 163
80.9549729 37.3058565 0.131714569 255 79 163
80.8985715 37.4123321 0.107882075 255 79 163
80.7049523 37.5755175 0.0425674101 255 79 163
81.045699 37.5960646 0.190404697 255 79 163
81.1964614 38.0180357 0.404802606 255 79 163
80.8571003 37.6410517 0.100207037 255 79 163
80.8254458 37.7390514 0.0965386481 255 79 163
80.7909337 37.8210878 0.0933656381 255 79 163
80.5665744 37.9189427 0.0363696828 255 79 163
81.7740056 37.419167 0.976432429 255 79 163
80.6480464 38.0442433 0.0844190424 255 79 163
80.8201472 38.0606656 0.161076096 255 79 163
80.6980161 38.5061366 0.332241629 255 79 163
81.7454634 37.5946602 0.988867837 255 79 163
81.5890649 37.7759247 0.77344496 255 79 163
80.5936166 38.1031208 0.0819967676 255 79 163
80.5345856 38.1569165 0.0797606384 255 79 163
80.4753309 38.2023729 0.077851685 255 79 163
81.5908563 37.9721066 0.926565924 255 79 163
81.5052319 38.114049 0.896046502 255 79 163
81.6335512 38.0155854 1.10500515 255 79 163
81.4070492 38.2480159 0.863788903 255 79 163
81.5089132 38.2064337 1.05550088 255 79 163
81.1033675 38.4544562 0.639218242 255 79 163
81.2969676 38.3728377 0.830682513 255 79 163
81.3620661 38.3811046 1.0031153 255 79 163
80.9790431 38.6350828 0.750886237 255 79 163
80.834482 38.7197824 0.721738172 255 79 163
80.9641369 38.7000029 0.888436529 255 79 163
80.6824378 38.7908191 0.695717952 255 79 163
80.4620971 38.8590405 0.651983869 255 79 163
81.4471921 0.723550423 0 255 79 163
81.565762 0.723550423 0.014690734 255 79 163
81.6732405 0.723550423 0.0557906777 255 79 163
81.7621648 0.723550423 0.115931479 255 79 163
81.8362852 0.723550423 0.194899574 255 79 163
81.8903736 0.723550423 0.286767996 255 79 163
81.9222755 0.723550423 0.384179167 255 79 163
81.9304338 0.723550423 0.43567624 255 79 163
81.9330303 0.723550423 0.48583826 255 79 163
81.9330303 9.89062009 0.680888761 255 79 163
81.9330303 23.4794968 1.22509294 255 79 163
81.9330303 30.9558534 1.49345755 255 79 163
81.9330303 37.0683734 1.62018052 255 79 163
80.3128498 37.0683734 0 255 79 163
80.6851873 37.0683734 0.0433641979 255 79 163
81.0610675 37.0683734 0.183115735 255 79 163
81.3713635 37.0683734 0.393586195 255 79 163
81.6044141 37.0683734 0.641995133 255 79 163
81.7783179 37.0683734 0.929247741 255 79 163
81.8865306 37.0683734 1.2348058 255 79 163
81.921843 37.0683734 1.4301125 255 79 163
81.2521416 9.89062009 4.43319218e-17 255 79 163
80.7079374 23.4794968 -1.04864115e-16 255 79 163
80.4395728 30.9558534 -1.62877322e-16 255 79 163
81.7489525 6.8349302 0.161810345 255 79 163
81.7336026 9.89062009 0.199427701 255 79 163
80.8889995 34.0121134 0.0908914919 255 79 163
81.8574241 34.0121134 1.08913963 255 79 163
81.7458118 35.0308668 0.841800341 255 79 163
81.5445254 12.1554329 0.0971262332 255 79 163
81.6150596 11.4004953 0.128765016 255 79 163
81.425556 13.2878393 0.056386036 255 79 163
81.8247785 14.4202456 0.433007408 255 79 163
81.6577632 16.6850584 0.275267134 255 79 163
81.4041238 18.9498712 0.132226627 255 79 163
81.7455409 19.7048088 0.462984206 255 79 163
81.8569812 20.0822776 0.684442242 255 79 163
81.7885565 21.214684 0.577895219 255 79 163
81.7287546 21.9696216 0.504435954 255 79 163
81.7118863 24.3102031 0.546090309 255 79 163
81.8470145 23.4794968 0.774142707 255 79 163
81.5742089 23.4794968 0.358821413 255 79 163
81.7701312 24.7255562 0.651596542 255 79 163
81.7032603 25.5562625 0.567391412 255 79 163
81.5317036 27.2176751 0.401326692 255 79 163
81.2566498 25.9716156 0.169095123 255 79 163
81.8417743 25.3485859 0.8213042 255 79 163
81.7523746 28.4637345 0.72262289 255 79 163
81.0260987 29.0867642 0.100770178 255 79 163
81.3133451 28.8790877 0.250946925 255 79 163
81.18935 29.7097939 0.185920081 255 79 163
81.2959113 30.1251471 0.258006874 255 79 163
80.9893066 30.9558534 0.104858192 255 79 163
81.4956067 30.9558534 0.43742359 255 79 163
81.1495323 31.6350223 0.187349078 255 79 163
80.9547311 31.9746067 0.100381677 255 79 163
81.4526197 32.9933601 0.426828268 255 79 163
81.7338318 31.6350223 0.76236343 255 79 163
81.8281721 30.9558534 0.943723729 255 79 163
81.8194964 31.9746067 0.94507885 255 79 163
81.4384977 33.672529 0.422377002 255 79 163
81.8014183 34.0121134 0.941211509 255 79 163
81.4314983 34.0121134 0.41998283 255 79 163
81.5510497 34.3516979 0.548334062 255 79 163
81.3810496 34.5214901 0.380663952 255 79 163
81.0467631 35.3704512 0.166626831 255 79 163
80.9829464 36.3892045 0.142105611 255 79 163
81.1265224 36.0496201 0.213588322 255 79 163
81.222237 36.3892045 0.275367904 255 79 163
81.2989129 36.0496201 0.327986054 255 79 163
81.8577186 10.6455577 0.389007128 255 79 163
81.7797407 11.1488494 0.278471268 255 79 163
81.8411198 11.0230265 0.367642194 255 79 163
81.3551351 21.214684 0.144473805 255 79 163
81.3309077 22.3470904 0.150530659 255 79 163
81.4817588 22.2212674 0.248410633 255 79 163
81.2754481 22.7245592 0.127307929 255 79 163
81.2373917 22.976205 0.112752365 255 79 163
81.1588876 23.4794968 0.0860158563 255 79 163
81.2189673 23.7563989 0.115738678 255 79 163
81.2490719 23.8948499 0.132414355 255 79 163
81.2941537 24.1025265 0.15971915 255 79 163
81.4510042 24.171752 0.265340066 255 79 163
81.2814338 24.7255562 0.162899135 255 79 163
81.7471103 29.7097939 0.743680323 255 79 163
81.6211846 30.2635981 0.566509923 255 79 163
81.744629 30.3328237 0.753605375 255 79 163
81.7751128 30.5405002 0.815689959 255 79 163
81.7939866 30.6789513 0.857846169 255 79 163
81.3722496 31.8614119 0.340276897 255 79 163
81.5498351 31.8048145 0.509330164 255 79 163
81.4740336 31.9746067 0.432648813 255 79 163
81.4668716 32.3141912 0.430823913 255 79 163
81.7672923 36.0496201 0.896259448 255 79 163
81.5448477 36.5023994 0.563641907 255 79 163
81.6741215 36.5589968 0.737278204 255 79 163
81.7292417 36.5589968 0.82900187 255 79 163
81.777743 36.5589968 0.923289176 255 79 163
81.6482438 36.728789 0.699994119 255 79 163
81.7944862 36.728789 0.961502042 255 79 163
81.8452593 36.728789 1.09084098 255 79 163
81.5922728 10.2680889 0.0964117007 255 79 163
81.6031693 23.2278509 0.382560743 255 79 163
81.4367604 29.3982791 0.355317533 255 79 163
81.4654812 35.7100356 0.470822153 255 79 163
81.8538484 23.3536738 0.787602497 255 79 163
81.9330303 0.983644562 7.52740656 255 79 163
81.903287 0.743583914 7.52740656 255 79 163
81.8200746 0.525979274 7.52740656 255 79 163
81.6983115 0.345940232 7.52740656 255 79 163
81.5384301 0.195873376 7.52740656 255 79 163
81.3524302 0.0863643112 7.52740656 255 79 163
81.1552082 0.0217746387 7.52740656 255 79 163
81.0509455 0.00525698671 7.52740656 255 79 163
80.9493858 -4.4408921e-16 7.52740656 255 79 163
80.9390731 0.103858229 8.39963007 255 79 163
80.9127489 0.409624405 9.22307887 255 79 163
80.8773342 0.900200927 9.95170441 255 79 163
80.8397497 1.54815361 10.5447625 255 79 163
80.8069163 2.31724906 10.9690887 255 79 163
80.7884988 3.00267992 11.1730599 255 79 163
80.7815316 3.71449456 11.2419011 255 79 163
81.9330303 3.71449456 10.0904024 255 79 163
81.8982114 3.71449456 10.3714282 255 79 163
81.8007993 3.71449456 10.626166 255 79 163
81.6582579 3.71449456 10.8369279 255 79 163
81.4710934 3.71449456 11.0126029 255 79 163
81.2533536 3.71449456 11.1407992 255 79 163
81.0224766 3.71449456 11.2164107 255 79 163
80.900422 3.71449456 11.2357471 255 79 163
81.9330303 1.05133471 8.0936404 255 79 163
81.9330303 1.24677992 8.62645316 255 79 163
81.9330303 1.55328988 9.09819581 255 79 163
81.9330303 1.94945008 9.48861193 255 79 163
81.9330303 2.41192296 9.78506123 255 79 163
81.9330303 2.91796748 9.98180943 255 79 163
81.9330303 3.31326562 10.0635488 255 79 163
81.6422042 0.376664455 8.28924392 255 79 163
81.5984875 2.96238431 10.8226153 255 79 163
81.8626865 0.791170442 8.50167738 255 79 163
81.4220654 0.291571848 8.59904063 255 79 163
81.6351808 0.63620392 9.0098338 255 79 163
81.8607599 1.08429422 9.09919367 255 79 163
81.2985024 0.282660617 8.7526371 255 79 163
81.1701688 0.302446061 8.91651972 255 79 163
81.4075778 0.626606592 9.34503673 255 79 163
81.6255775 1.050762 9.6516621 255 79 163
81.8584096 1.49967377 9.61399571 255 79 163
81.2793559 0.655557223 9.50378628 255 79 163
81.8571504 1.75455063 9.8402116 255 79 163
81.6151142 1.59676245 10.1829583 255 79 163
81.1458108 0.715796146 9.66570948 255 79 163
81.2678273 0.91168309 9.85078607 255 79 163
81.856008 2.0129062 10.0239667 255 79 163
81.3895737 1.12212387 9.99443077 255 79 163
81.2565076 1.19031493 10.1490863 255 79 163
81.7919545 2.07213755 10.2155974 255 79 163
81.8548686 2.3079225 10.1897196 255 79 163
81.6055108 2.24494139 10.5789661 255 79 163
81.1179189 1.29078955 10.2990428 255 79 163
81.2446454 1.51879755 10.4280982 255 79 163
81.8539279 2.59714779 10.3143365 255 79 163
81.3712259 1.75117622 10.5139042 255 79 163
81.7883662 2.70131035 10.4950552 255 79 163
81.2339905 1.85798234 10.6546815 255 79 163
81.8531008 2.91818864 10.4147395 255 79 163
81.8526603 3.14767239 10.4643732 255 79 163
81.0914509 1.99615293 10.7825292 255 79 163
81.2238663 2.24122218 10.8512258 255 79 163
81.355707 2.48040832 10.8774962 255 79 163
81.2158376 2.62290343 10.9944293 255 79 163
81.0723522 2.7413341 11.0764704 255 79 163
81.2105076 2.96184117 11.0828283 255 79 163
80.0056239 38.9962856 1.01376673 255 79 163
79.8682159 38.9962856 43.7083706 255 79 163
81.9330303 37.0683734 1.62018052 255 79 163
81.9013677 37.4163605 1.59799545 255 79 163
81.8074272 37.7529257 1.53836331 255 79 163
81.6542887 38.0670229 1.45250983 255 79 163
81.4469651 38.3483347 1.35167978 255 79 163
81.192249 38.5876073 1.2471281 255 79 163
80.8984978 38.7769579 1.15011152 255 79 163
80.5753648 38.910142 1.07188132 255 79 163
80.2937333 38.9746288 1.02940631 255 79 163
81.9330303 36.9314711 43.7083706 255 79 163
81.8900111 37.3507597 43.7083706 255 79 163
81.7516918 37.7776255 43.7083706 255 79 163
81.5132226 38.1794341 43.7083706 255 79 163
81.1848765 38.5220256 43.7083706 255 79 163
80.7915282 38.7783477 43.7083706 255 79 163
80.3666794 38.9352158 43.7083706 255 79 163
80.1140512 38.9815988 43.7083706 255 79 163
80.6094871 38.8992221 1.13044739 255 79 163
80.7659308 38.8399447 1.18272325 255 79 163
80.9199471 38.7655456 1.23313829 255 79 163
80.5907402 38.8951476 15.3915491 255 79 163
80.8846943 38.7575165 22.5804402 255 79 163
81.282629 38.4916824 15.5664146 255 79 163
81.4568671 38.3134663 15.6149098 255 79 163
81.2993272 38.4596924 22.653183 255 79 163
81.041834 38.66318 22.6233669 255 79 163
81.1967551 38.5490874 22.653183 255 79 163
81.3956766 38.3633968 22.653183 255 79 163
81.5423799 38.1870934 22.653183 255 79 163
81.6669057 37.9968072 22.653183 255 79 163
81.8367568 37.6135333 22.6642756 255 79 163
80.8584826 38.7594593 29.6715789 255 79 163
81.0146826 38.6672433 29.6715789 255 79 163
81.2123792 38.5203651 29.6715789 255 79 163
81.4340768 38.3025094 29.6715789 255 79 163
81.1986218 38.575768 8.42202946 255 79 163
81.1091505 38.6455183 6.0257324 255 79 163
81.4540566 38.3356558 6.12747407 255 79 163
81.6030624 38.1419117 6.17596927 255 79 163
81.3348867 38.4568139 8.46495617 255 79 163
81.4643243 38.320103 8.49477226 255 79 163
81.5857881 38.1631237 8.50586479 255 79 163
81.730439 37.9230295 6.20324168 255 79 163
81.7781231 37.8148712 8.59329755 255 79 163
81.8209881 37.7048861 8.61754515 255 79 163
81.4947485 38.2792147 10.8593814 255 79 163
81.6909374 37.9885039 10.933835 255 79 163
81.8264706 37.6765916 13.2997886 255 79 163
81.8209263 37.6282844 32.0147417 255 79 163
81.812653 37.6386025 36.6899747 255 79 163
81.8428829 37.5422827 39.02944 255 79 163
80.5625103 38.9133518 3.51974957 255 79 163
80.6127717 38.8968076 4.7178981 255 79 163
80.7831628 38.8305118 5.15384286 255 79 163
81.4016928 38.3804376 13.183573 255 79 163
81.3520245 38.428841 14.3456688 255 79 163
81.3292704 38.4501221 14.7525841 255 79 163
81.3162194 38.4248192 30.4526332 255 79 163
81.5071638 38.2107042 30.8431603 255 79 163
81.4490438 38.2822183 30.8431603 255 79 163
81.5964272 38.0810371 32.7920984 255 79 163
81.4393975 38.2879547 33.1807768 255 79 163
80.9719604 38.6832559 36.6899747 255 79 163
81.1816595 38.526577 41.3689053 255 79 163
81.0704859 38.611905 41.3689053 255 79 163
81.029693 38.6414391 40.1991727 255 79 163
81.2871145 38.4335739 41.3689053 255 79 163
80.7637409 38.7928028 42.1487271 255 79 163
81.4500442 38.2608828 41.3689053 255 79 163
80.9256506 38.7059245 42.1487271 255 79 163
81.5913843 38.0715864 41.3689053 255 79 163
81.3863314 38.3351869 39.8092618 255 79 163
81.1323275 38.5652298 42.1487271 255 79 163
81.3670428 38.3530066 42.1487271 255 79 163
81.8373182 37.6672804 2.70111418 255 79 163
81.5296357 38.2466975 3.78204784 255 79 163
81.1138842 38.6438627 4.24997297 255 79 163
81.0909015 38.6602662 3.65089871 255 79 163
81.4840588 38.226741 36.6899747 255 79 163
81.6340962 38.010776 37.4697965 255 79 163
81.5146706 38.1852849 37.8597074 255 79 163
81.473628 38.2364119 38.5095589 255 79 163
80.4227653 38.9218505 40.1991727 255 79 163
80.4540284 38.9120838 41.9537716 255 79 163
81.739467 37.8057259 42.4086677 255 79 163
81.852039 37.50547 42.538638 255 79 163
81.7976125 37.6677522 42.9285488 255 79 163
81.8344554 37.5623924 43.1884894 255 79 163
81.5508708 38.2193226 3.17600644 255 79 163
80.993537 38.6662828 39.3543658 255 79 163
81.1053812 38.6505034 3.34787801 255 79 163
2.28909626 38.0501055 46.1481499 255 79 163
2.28909626 38.2810229 46.1195393 255 79 163
2.28909626 38.4903395 46.0394964 255 79 163
2.28909626 38.6635213 45.9223709 255 79 163
2.28909626 38.8078725 45.7685789 255 79 163
2.28909626 38.9132106 45.5896633 255 79 163
2.28909626 38.9753403 45.399953 255 79 163
2.28909626 38.9912288 45.2996614 255 79 163
2.28909626 38.9962856 45.2019698 255 79 163
19.2861561 37.8283231 46.1481499 255 79 163
41.9489026 37.2778898 46.1481499 255 79 163
60.9821704 36.8130248 46.1481499 255 79 163
80.0154382 36.5558169 46.1481499 255 79 163
80.0082759 37.1270239 46.0803679 255 79 163
79.9865948 37.666524 45.8807993 255 79 163
79.9563317 38.1443657 45.5605027 255 79 163
79.9234157 38.5339807 45.1372206 255 79 163
79.8938022 38.8136599 44.6344376 255 79 163
79.8761446 38.9501956 44.1803264 255 79 163
79.8682159 38.9962856 43.7083706 255 79 163
19.2861561 38.9962856 44.9801874 255 79 163
41.9489026 38.9962856 44.4297541 255 79 163
60.9085592 38.9962856 43.9664142 255 79 163
10.7876262 38.9089993 45.5363768 255 79 163
7.95478288 38.8795041 45.623493 255 79 163
70.4843826 37.1781781 46.0871728 255 79 163
4.17765847 38.4362444 46.0617271 255 79 163
5.12193957 38.5120757 46.0199675 255 79 163
5.12193957 38.6215912 45.9466828 255 79 163
7.95478288 38.5646264 45.9749735 255 79 163
7.95478288 38.357942 46.0831244 255 79 163
13.6204695 38.6633135 45.8554566 255 79 163
16.4533128 38.9126742 45.4569852 255 79 163
17.3975939 38.8468247 45.5784058 255 79 163
16.4533128 38.2785926 46.0750413 255 79 163
19.2861561 38.9142809 45.4101082 255 79 163
19.2861561 38.6541973 45.8060616 255 79 163
19.2861561 38.2582439 46.0661452 255 79 163
23.0632805 38.3593462 45.988915 255 79 163
21.8042391 38.4672109 45.9338965 255 79 163
24.9518428 38.1819518 46.0576683 255 79 163
34.3946538 38.2195971 45.9539777 255 79 163
30.6175294 38.5791612 45.7310255 255 79 163
25.5813635 38.4309215 45.9192008 255 79 163
26.840405 38.8260765 45.4673136 255 79 163
33.1356123 38.8662057 45.26881 255 79 163
35.6536953 38.723485 45.4744995 255 79 163
36.283216 38.8861149 45.156614 255 79 163
38.1717782 38.7895188 45.321083 255 79 163
39.4308197 38.7060653 45.4314836 255 79 163
39.4308197 38.0199306 46.0037186 255 79 163
41.9489026 38.4929791 45.6448434 255 79 163
41.9489026 38.8756341 45.0622865 255 79 163
41.9489026 37.9104222 46.0274984 255 79 163
44.0555311 38.841179 45.0996292 255 79 163
48.2687882 38.7556747 45.1857063 255 79 163
46.6888168 37.8318085 46.0187635 255 79 163
45.1088454 38.0757469 45.9180152 255 79 163
47.2154739 38.1908517 45.8219824 255 79 163
48.2810567 37.5721407 46.0911841 255 79 163
54.6132108 37.953397 45.8874277 255 79 163
49.3302814 37.8669168 45.9810835 255 79 163
51.4287309 38.4211813 45.5730456 255 79 163
53.5353595 38.8200844 44.9570298 255 79 163
56.1686451 38.8504191 44.8353522 255 79 163
55.650167 38.6333946 45.2520313 255 79 163
57.760885 38.7262731 45.0681001 255 79 163
58.8469153 37.7327006 45.961229 255 79 163
64.0850349 38.8870422 44.5952889 255 79 163
63.0384782 38.757709 44.9258492 255 79 163
66.2426879 37.5370299 45.9941973 255 79 163
64.1218405 37.7104025 45.9328579 255 79 163
69.3460952 38.947255 44.290458 255 79 163
67.2615106 38.5245706 45.2431389 255 79 163
69.4050481 37.7618085 45.8727729 255 79 163
68.8729466 37.9197372 45.7838971 255 79 163
68.8653808 38.0336274 45.7065769 255 79 163
70.452793 37.6777009 45.909889 255 79 163
70.4379863 37.9199479 45.7733758 255 79 163
70.4692511 37.4308853 46.013376 255 79 163
73.5648632 38.8800227 44.4955081 255 79 163
76.734006 38.7861676 44.7148438 255 79 163
77.7813855 38.8545301 44.538079 255 79 163
77.7899143 38.7210074 44.8434472 255 79 163
76.8180387 37.1970251 46.0671383 255 79 163
73.6206393 37.8318433 45.8102496 255 79 163
2.918617 38.8912695 45.6326559 255 79 163
3.23337736 38.7902471 45.7880154 255 79 163
3.23337736 38.8238463 45.7429906 255 79 163
3.70551792 38.9060115 45.5989397 255 79 163
3.8628981 38.7643325 45.8167651 255 79 163
16.4533128 38.6591942 45.8320987 255 79 163
20.1255171 38.8853813 45.4639132 255 79 163
20.5451976 38.8690651 45.4910193 255 79 163
21.1747183 38.8421997 45.5318066 255 79 163
21.3845586 38.739945 45.6824726 255 79 163
23.0632805 38.8370507 45.5112105 255 79 163
38.8012989 38.4629212 45.7211629 255 79 163
43.0022169 37.7486637 46.0754584 255 79 163
44.0555311 38.2266481 45.8364785 255 79 163
44.5821883 38.5294678 45.5650315 255 79 163
47.9217729 38.229521 45.7857338 255 79 163
48.2749224 38.2488666 45.7668137 255 79 163
48.7995348 38.3774795 45.6527622 255 79 163
48.6267088 38.1272054 45.8474301 255 79 163
54.0742851 38.466697 45.4866223 255 79 163
57.4193224 38.4244064 45.4849054 255 79 163
58.3039002 38.302897 45.5930548 255 79 163
58.4767262 38.4180024 45.4774783 255 79 163
58.8223783 38.6207808 45.2208831 255 79 163
59.8654688 38.906377 44.6050255 255 79 163
60.926962 38.8430754 44.7692585 255 79 163
62.0225928 37.374104 46.0698545 255 79 163
60.9637676 37.6169123 45.9948862 255 79 163
63.0630153 37.9434672 45.8143237 255 79 163
63.7484512 38.561069 45.2361285 255 79 163
63.0507468 38.4132015 45.424846 255 79 163
63.407778 38.2012567 45.6242088 255 79 163
63.5801594 38.3205057 45.5144085 255 79 163
64.1034377 38.4412654 45.3810295 255 79 163
64.8165211 38.1743572 45.6325629 255 79 163
65.1638614 38.3794834 45.437079 255 79 163
65.8630778 38.4293634 45.3746612 255 79 163
66.7520992 38.0755841 45.6925563 255 79 163
68.4909956 38.5967795 45.1293828 255 79 163
69.105738 38.63103 45.0706701 255 79 163
69.2055081 38.3888128 45.3862856 255 79 163
69.3755717 38.5403559 45.1999563 255 79 163
69.8920408 38.5947675 45.117759 255 79 163
69.7297099 38.3580859 45.4147128 255 79 163
71.1163149 38.7084163 44.9187295 255 79 163
72.5264524 38.581515 45.1129436 255 79 163
73.5765075 38.7079725 44.8969272 255 79 163
73.5997961 38.1396867 45.5918189 255 79 163
72.0014248 38.5103415 45.2158396 255 79 163
75.7255494 37.9668807 45.7131192 255 79 163
76.7780045 38.0337304 45.6601159 255 79 163
77.1153078 38.3027985 45.4223933 255 79 163
76.7379703 38.6678686 44.9457189 255 79 163
77.3039765 38.0771607 45.624457 255 79 163
78.2054096 37.7776982 45.824516 255 79 163
78.8882545 38.2758111 45.4424488 255 79 163
78.8990951 38.0492385 45.6408223 255 79 163
79.261595 37.926019 45.7289718 255 79 163
19.7058366 38.6258534 45.8287466 255 79 163
43.0022169 38.4267294 45.6921894 255 79 163
43.528874 38.3919889 45.7154877 255 79 163
43.7044264 38.3386214 45.7577225 255 79 163
59.1782541 38.5217177 45.3487533 255 79 163
59.356192 38.4680531 45.4103707 255 79 163
59.8859163 38.4322159 45.4435507 255 79 163
60.9453648 38.3570465 45.5089108 255 79 163
62.5366698 37.9275879 45.828584 255 79 163
64.450778 38.6112493 45.1559075 255 79 163
70.784554 38.2679945 45.4965495 255 79 163
71.1901776 38.3532194 45.4075683 255 79 163
70.9850195 37.7499455 45.8701265 255 79 163
71.2353379 38.0195876 45.7001369 255 79 163
71.2429037 37.9040442 45.7785873 255 79 163
72.0354822 37.8799648 45.7891581 255 79 163
74.2889734 38.5947933 45.0793592 255 79 163
74.6452063 38.5312487 45.1677258 255 79 163
75.3414729 38.6269225 45.0222619 255 79 163
76.2297777 38.4461304 45.2674215 255 79 163
77.997662 38.3205186 45.4003154 255 79 163
79.3821996 38.7145713 44.8483144 255 79 163
79.1608143 37.4268719 45.9887565 255 79 163
79.1104239 37.1671857 46.0713714 255 79 163
79.6385166 37.2467153 46.0487682 255 79 163
19.4959964 38.2395698 46.0720731 255 79 163
42.3000074 38.8654399 45.0800217 255 79 163
42.4755598 38.860163 45.088958 255 79 163
43.0022169 38.8540105 45.0923373 255 79 163
59.9050007 37.6898918 45.972108 255 79 163
60.4340433 37.6683532 45.97749 255 79 163
60.6106181 37.6512685 45.9833853 255 79 163
61.7318159 38.4796969 45.3654083 255 79 163
62.787574 38.4061778 45.435619 255 79 163
62.16737 38.583282 45.2263582 255 79 163
61.5379646 38.8989318 44.5998816 255 79 163
61.8772044 37.9719674 45.8069607 255 79 163
81.3691241 12.5659073 11.2419011 255 79 163
71.0872156 15.3052767 11.2419011 255 79 163
57.318242 18.7476705 11.2419011 255 79 163
48.8375459 20.8972968 11.2419011 255 79 163
40.3929015 23.1736662 11.2419011 255 79 163
77.5964271 14.4276677 12.0404306 255 79 163
77.6069068 14.4221317 11.9776617 255 79 163
77.6303379 14.4079182 11.9157121 255 79 163
77.6660983 14.3854767 11.8552794 255 79 163
77.713507 14.3553874 11.7969924 255 79 163
77.7935619 14.3045782 11.7235454 255 79 163
77.9458489 14.2093412 11.6244971 255 79 163
78.2326046 14.0376377 11.5043924 255 79 163
78.7433321 13.7594271 11.3862376 255 79 163
79.543218 13.3900258 11.305451 255 79 163
81.2732502 12.6877522 11.247437 255 79 163
81.3342089 12.6328557 11.243902 255 79 163
81.3572785 12.5993833 11.2424576 255 79 163
81.3646244 12.5826465 11.2420477 255 79 163
70.3097175 16.5003576 12.2082285 255 79 163
59.7173386 19.5133385 12.5646399 255 79 163
49.5905636 22.3938793 12.8800477 255 79 163
41.8382502 24.5990093 13.0040475 255 79 163
40.4893992 23.2953173 11.2477189 255 79 163
40.5962959 23.3786885 11.2600349 255 79 163
40.7113667 23.4347281 11.2744553 255 79 163
41.1355469 23.544235 11.3322564 255 79 163
41.2796344 23.600607 11.3662184 255 79 163
41.3795656 23.663862 11.4038715 255 79 163
41.4852904 23.7658807 11.4686422 255 79 163
41.5651182 23.8769774 11.5484586 255 79 163
41.6461864 24.0303695 11.6799794 255 79 163
41.7101948 24.1882541 11.8504567 255 79 163
41.7655733 24.3566747 12.0943627 255 79 163
41.8032057 24.4875201 12.3731321 255 79 163
41.825472 24.5650518 12.6489248 255 79 163
41.8340762 24.5908965 12.8267263 255 79 163
75.7724025 14.5778141 11.3908672 255 79 163
74.6742606 14.7219076 11.3101687 255 79 163
75.6328334 14.6906245 11.4474616 255 79 163
75.5616592 14.7613607 11.49449 255 79 163
75.5245424 14.8072097 11.5321801 255 79 163
75.5021124 14.8433275 11.5677224 255 79 163
75.4882121 14.8760418 11.6061566 255 79 163
75.4832292 14.904846 11.6474345 255 79 163
74.5376348 14.8314964 11.3442113 255 79 163
74.401221 15.0752966 11.4931745 255 79 163
74.4041797 15.0162149 11.4416915 255 79 163
74.4160808 14.9839748 11.4192156 255 79 163
74.434492 14.9503219 11.3987962 255 79 163
74.4684951 14.9037374 11.374589 255 79 163
74.3991296 15.0467544 11.4663182 255 79 163
73.0520871 15.601998 11.6970385 255 79 163
62.8252911 17.682742 11.2783183 255 79 163
65.5697804 17.1185137 11.3199291 255 79 163
63.3925893 18.4304209 12.1436287 255 79 163
65.2233307 17.864761 11.9552838 255 79 163
58.7064294 18.914015 11.3366829 255 79 163
60.0756249 19.0135923 11.6245542 255 79 163
59.0915384 19.2830271 11.6346407 255 79 163
58.5995044 19.417777 11.6396502 255 79 163
49.2278683 21.9964991 11.7233509 255 79 163
49.0684328 22.0406874 11.7244693 255 79 163
48.9594387 21.4916653 11.3575081 255 79 163
49.3639528 22.3384114 12.2800608 255 79 163
49.3075874 21.9744099 11.7227865 255 79 163
45.1945362 22.3632456 11.3128273 255 79 163
46.5198845 22.3315602 11.4417549 255 79 163
44.2728752 23.8347798 12.4960424 255 79 163
45.4862883 23.4356756 12.3296606 255 79 163
72.8803168 15.3091877 11.3638276 255 79 163
72.0857114 15.5100979 11.3585445 255 79 163
71.6412509 15.7041247 11.404513 255 79 163
70.7503775 16.0853143 11.5205461 255 79 163
69.1384362 16.1790003 11.3118514 255 79 163
67.1928446 17.063931 11.5525914 255 79 163
68.7743377 16.8632019 11.8815492 255 79 163
65.413706 17.551931 11.5699741 255 79 163
64.5575141 17.6187836 11.443579 255 79 163
64.0501333 17.8645322 11.5286251 255 79 163
63.8421972 18.0926953 11.708182 255 79 163
63.1423705 18.1741083 11.5929618 255 79 163
62.1201275 18.4539558 11.6034723 255 79 163
59.4325805 19.4971181 12.0834903 255 79 163
59.9235747 19.3587129 12.0726071 255 79 163
59.1613668 19.4934461 11.9268788 255 79 163
59.1870838 19.5663224 12.0889153 255 79 163
55.6180122 20.485354 11.9884072 255 79 163
57.966019 19.1078454 11.338476 255 79 163
57.1921936 19.5981052 11.4886563 255 79 163
56.4846646 19.6746511 11.4242225 255 79 163
55.4195589 19.7760682 11.3444728 255 79 163
53.5227094 20.8109123 11.6886551 255 79 163
51.973269 20.8828813 11.4422636 255 79 163
55.4976956 20.0546333 11.4985765 255 79 163
52.9312132 21.3031193 12.1555652 255 79 163
51.733426 21.4958401 11.9271522 255 79 163
51.5873075 21.7102223 12.2433595 255 79 163
50.0444901 21.269187 11.3835561 255 79 163
50.83547 21.8266527 12.0618375 255 79 163
50.3296694 21.888187 11.943657 255 79 163
49.0792818 21.4594611 11.3573066 255 79 163
49.4833557 22.3046594 12.2782266 255 79 163
48.5341478 22.5046648 12.1467211 255 79 163
48.1175575 22.581858 12.0802722 255 79 163
47.241267 22.8692737 12.1617378 255 79 163
45.7616645 22.7880888 11.597983 255 79 163
45.2378078 22.449566 11.3438758 255 79 163
46.0147536 22.9262749 11.7789899 255 79 163
46.0243339 22.9583151 11.8154858 255 79 163
45.4750716 23.3995229 12.2413673 255 79 163
45.380443 23.00893 11.6923337 255 79 163
44.9332689 22.9933738 11.5824776 255 79 163
45.024923 23.3322686 11.931539 255 79 163
44.7927238 23.2735932 11.7904527 255 79 163
44.7740004 23.2406721 11.7523732 255 79 163
43.6801805 23.424238 11.6476061 255 79 163
42.943684 23.9426686 11.9727374 255 79 163
42.9088903 23.9051209 11.9121173 255 79 163
42.4645001 23.9081633 11.7782414 255 79 163
70.9212963 16.1698906 11.676942 255 79 163
71.0028339 16.1983913 11.7626224 255 79 163
70.0952213 16.3569983 11.627187 255 79 163
69.7664418 16.4886164 11.6861528 255 79 163
69.4367455 16.6170115 11.7484517 255 79 163
68.9717578 16.5751388 11.5360321 255 79 163
60.9436324 19.0711829 12.0498977 255 79 163
50.4551231 21.6011564 11.6629425 255 79 163
48.5925281 21.6199781 11.369755 255 79 163
48.4091088 21.6842611 11.3761336 255 79 163
47.7791451 21.899246 11.3964528 255 79 163
42.0405116 23.3129111 11.3392337 255 79 163
42.4145598 24.3537811 12.4815009 255 79 163
42.1752713 24.3408757 12.2770713 255 79 163
48.4896312 22.1577536 11.6878875 255 79 163
47.9650374 22.4162616 11.8027696 255 79 163
47.5269475 22.4431158 11.7103595 255 79 163
81.9330303 3.71449456 10.0904024 255 79 163
81.8982114 3.71449456 10.3714282 255 79 163
81.8007993 3.71449456 10.626166 255 79 163
81.6582579 3.71449456 10.8369279 255 79 163
81.4710934 3.71449456 11.0126029 255 79 163
81.2533536 3.71449456 11.1407992 255 79 163
81.0224766 3.71449456 11.2164107 255 79 163
80.900422 3.71449456 11.2357471 255 79 163
80.7815316 3.71449456 11.2419011 255 79 163
81.9330303 8.14020092 10.4453423 255 79 163
81.9330303 12.5659073 10.6779949 255 79 163
81.915979 12.5659073 10.8156175 255 79 163
81.8682748 12.5659073 10.9403664 255 79 163
81.7984702 12.5659073 11.0435796 255 79 163
81.7068129 12.5659073 11.1296103 255 79 163
81.6001824 12.5659073 11.19239 255 79 163
81.4871185 12.5659073 11.2294181 255 79 163
81.4273465 12.5659073 11.2388874 255 79 163
81.3691241 12.5659073 11.2419011 255 79 163
81.1364715 8.14020092 11.2419011 255 79 163
81.2516874 5.92734774 11.1956635 255 79 163
81.6815305 6.66496547 10.9557912 255 79 163
81.349445 5.92734774 11.1586366 255 79 163
81.6997237 8.14020092 11.0085944 255 79 163
81.7438542 9.61543638 11.0266916 255 79 163
81.5483262 10.3530541 11.1870125 255 79 163
81.8223612 4.45211229 10.6248156 255 79 163
81.7702279 4.82092115 10.7402064 255 79 163
81.6841971 4.82092115 10.8587418 255 79 163
81.7401103 5.43560259 10.8193815 255 79 163
81.8426559 11.4594807 10.9634018 255 79 163
81.2747112 4.26770786 11.14539 255 79 163
81.3324775 4.26770786 11.1175791 255 79 163
81.6268716 12.012694 11.1750051 255 79 163
80.8801492 17.7027595 46.1481499 255 79 163
81.1371072 17.7027595 46.1163129 255 79 163
81.3700285 17.7027595 46.0272435 255 79 163
81.5627401 17.7027595 45.8969097 255 79 163
81.7233699 17.7027595 45.7257745 255 79 163
81.840587 17.7027595 45.5266825 255 79 163
81.909723 17.7027595 45.3155785 255 79 163
81.9274033 17.7027595 45.203977 255 79 163
81.9330303 17.7027595 45.0952687 255 79 163
81.9330303 26.0818962 44.6928604 255 79 163
81.9330303 31.3188565 44.4185911 255 79 163
81.9330303 36.5558169 44.2305577 255 79 163
81.889909 36.5558169 44.6349323 255 79 163
81.7511437 36.5558169 45.0457178 255 79 163
81.5125485 36.5558169 45.4288149 255 79 163
81.1863186 36.5558169 45.7491751 255 79 163
80.7998344 36.5558169 45.9803812 255 79 163
80.4041047 36.5558169 46.1083484 255 79 163
80.0154382 36.5558169 46.1481499 255 79 163
80.4777409 26.0818962 46.1481499 255 79 163
80.2034716 31.3188565 46.1481499 255 79 163
81.8748251 21.8923278 45.290455 255 79 163
81.8282145 21.8923278 45.4135152 255 79 163
81.7958018 20.4958051 45.5316318 255 79 163
80.6643769 33.9373367 46.0572625 255 79 163
80.967891 34.8101635 45.9147169 255 79 163
80.8606058 33.9373367 45.9804888 255 79 163
81.8371518 33.9373367 44.8945603 255 79 163
81.2975661 18.6337747 46.0500882 255 79 163
81.5038972 19.0992823 45.917412 255 79 163
81.3784704 19.0992823 46.0013441 255 79 163
81.1829204 20.4958051 46.0717392 255 79 163
81.4257927 20.4958051 45.9446523 255 79 163
80.9740091 22.3578354 46.11268 255 79 163
81.0454501 24.6853734 46.0577356 255 79 163
81.5262838 23.2888506 45.7906065 255 79 163
81.2048946 25.150881 45.9747393 255 79 163
81.8296271 24.6853734 45.2933775 255 79 163
81.0134252 26.0818962 46.0459715 255 79 163
81.5067859 26.0818962 45.7219055 255 79 163
81.1405557 27.8275496 45.9500312 255 79 163
81.747629 25.150881 45.4414008 255 79 163
81.830852 26.0818962 45.2285448 255 79 163
81.6717151 26.6637806 45.5028611 255 79 163
81.7409968 26.9547229 45.3800157 255 79 163
81.6633147 27.5366074 45.4821173 255 79 163
81.4650455 28.7003764 45.680165 255 79 163
81.8258021 27.3911363 45.1830957 255 79 163
81.723097 29.5732031 45.3084164 255 79 163
80.970544 29.2822608 46.0057702 255 79 163
80.8804664 30.0096165 46.0311983 255 79 163
81.2135544 29.8641453 45.8567918 255 79 163
81.0707877 30.4460298 45.9325892 255 79 163
80.840113 31.3188565 46.0267146 255 79 163
81.194711 30.7369721 45.849161 255 79 163
81.4264543 31.3188565 45.6415738 255 79 163
81.7842353 30.7369721 45.1422957 255 79 163
81.0540543 31.900741 45.9133306 255 79 163
80.8440585 32.1916833 46.0121477 255 79 163
81.8115951 31.3188565 45.0552325 255 79 163
80.7846152 32.7735678 46.0279226 255 79 163
81.4502128 33.06451 45.5712525 255 79 163
81.718914 31.900741 45.2322487 255 79 163
81.820037 32.1916833 45.0010644 255 79 163
81.4592897 33.6463945 45.5474176 255 79 163
81.464037 33.9373367 45.5354669 255 79 163
81.3141711 34.228279 45.6789046 255 79 163
81.5064626 34.3737501 45.4764492 255 79 163
81.6771152 35.1011057 45.2158553 255 79 163
81.422277 35.6829902 45.5467724 255 79 163
81.5665608 35.6829902 45.372635 255 79 163
81.6347825 35.9739324 45.2675212 255 79 163
81.8029856 18.4010209 45.583623 255 79 163
81.8775435 18.1682671 45.4189111 255 79 163
81.8310865 18.4010209 45.5279429 255 79 163
81.4635588 21.5819895 45.8917359 255 79 163
81.4829302 22.1250816 45.8621314 255 79 163
81.4972209 22.5130046 45.8394396 255 79 163
81.516145 24.6853734 45.7572853 255 79 163
81.4198375 24.8405426 45.8382445 255 79 163
81.3994388 29.427732 45.720981 255 79 163
81.4905288 30.5915009 45.5954057 255 79 163
81.3480582 32.0462122 45.6969116 255 79 163
81.4376709 32.1916833 45.606699 255 79 163
81.5436923 32.0947025 45.488979 255 79 163
81.4417061 32.4826255 45.5949361 255 79 163
80.9485384 36.1194036 45.9100361 255 79 163
78.0613111 16.0620054 46.1481499 255 79 163
77.9570382 15.6954253 46.1048557 255 79 163
77.8515658 15.3246287 45.9653773 255 79 163
77.7638744 15.0163425 45.7548508 255 79 163
77.6971631 14.7818133 45.5052385 255 79 163
77.6463085 14.60303 45.2147092 255 79 163
77.6133386 14.4871215 44.903115 255 79 163
77.6004826 14.4419253 44.6729325 255 79 163
77.5964271 14.4276677 44.4489804 255 79 163
78.3256724 14.3037673 44.4737687 255 79 163
79.0644668 14.3402726 44.5396839 255 79 163
79.7779453 14.5354609 44.6340514 255 79 163
80.4324372 14.8801208 44.7441969 255 79 163
80.9970555 15.357987 44.8574456 255 79 163
81.4451548 15.946508 44.961123 255 79 163
81.7555883 16.6179103 45.0425547 255 79 163
81.888377 17.153127 45.0812173 255 79 163
81.9330303 17.7027595 45.0952687 255 79 163
80.8801492 17.7027595 46.1481499 255 79 163
81.1371072 17.7027595 46.1163129 255 79 163
81.3700285 17.7027595 46.0272435 255 79 163
81.5627401 17.7027595 45.8969097 255 79 163
81.7233699 17.7027595 45.7257745 255 79 163
81.840587 17.7027595 45.5266825 255 79 163
81.909723 17.7027595 45.3155785 255 79 163
81.9274033 17.7027595 45.203977 255 79 163
78.8362534 15.9275397 46.1481499 255 79 163
79.2620062 15.9493433 46.1481499 255 79 163
79.7413692 16.0797421 46.1481499 255 79 163
80.1249835 16.2900785 46.1481499 255 79 163
80.438959 16.5707442 46.1481499 255 79 163
80.6854803 16.9265462 46.1481499 255 79 163
80.8282605 17.2963793 46.1481499 255 79 163
80.8669766 17.4977372 46.1481499 255 79 163
78.3935546 14.7903934 45.6586083 255 79 163
81.5344845 16.9956738 45.8316344 255 79 163
78.1217362 15.2110666 45.9408367 255 79 163
78.4136302 15.4372687 46.060014 255 79 163
78.676825 15.3397532 46.0328918 255 79 163
78.1123323 14.4620992 45.1288146 255 79 163
78.9926428 15.157277 45.9437821 255 79 163
79.2508767 15.5789998 46.1016857 255 79 163
79.230228 15.3825123 46.0391686 255 79 163
79.7266665 14.9884101 45.7103683 255 79 163
78.3545191 14.4197888 45.0910296 255 79 163
79.4989027 15.4451652 46.0428718 255 79 163
79.6003368 15.6666851 46.1039969 255 79 163
78.7122525 14.4183211 45.1094729 255 79 163
78.5868476 14.3483125 44.8969718 255 79 163
79.088296 14.5517685 45.3297687 255 79 163
79.7877687 15.5472795 46.0472164 255 79 163
79.9706769 15.4431273 45.9671209 255 79 163
80.3372032 15.3071907 45.7451214 255 79 163
80.0506423 15.6763726 46.0514469 255 79 163
80.0894678 15.8926578 46.1075703 255 79 163
79.4610637 14.5417757 45.1653842 255 79 163
80.2725623 15.817662 46.0552006 255 79 163
79.5737403 14.5113284 44.9825746 255 79 163
79.8002606 14.6585334 45.1974795 255 79 163
80.4752321 15.7749441 45.9819206 255 79 163
80.8643348 15.7628135 45.7798745 255 79 163
80.4933613 16.2066109 46.1107505 255 79 163
80.5063624 16.0071008 46.0593254 255 79 163
80.2182837 14.958647 45.4197463 255 79 163
80.1252418 14.8113877 45.2318834 255 79 163
80.0251825 14.6941883 45.0355294 255 79 163
80.6814375 16.1852014 46.0625292 255 79 163
80.4502474 15.0112838 45.269801 255 79 163
80.8901548 16.2110975 45.9953212 255 79 163
81.2735563 16.3357056 45.810191 255 79 163
80.870229 16.4280908 46.0661035 255 79 163
80.8020698 15.3976785 45.4801446 255 79 163
80.733884 15.2330142 45.3058051 255 79 163
80.6533535 15.0951975 45.1226223 255 79 163
81.0015723 16.6462367 46.0686753 255 79 163
81.0069019 15.5009123 45.343164 255 79 163
81.1291381 16.9317165 46.0712589 255 79 163
81.1964243 16.740459 46.0060518 255 79 163
81.2735722 15.959845 45.5362954 255 79 163
81.2344189 15.7810472 45.3765149 255 79 163
81.1782442 15.6253266 45.2080182 255 79 163
81.1980804 17.1533691 46.0727038 255 79 163
81.440989 16.1040058 45.4088011 255 79 163
81.6054186 16.6173685 45.5808968 255 79 163
81.6001231 16.4287423 45.4352453 255 79 163
81.5734298 16.258907 45.2815373 255 79 163
81.7288979 16.790564 45.4579453 255 79 163
81.79356 17.0524911 45.4699499 255 79 163
78.0613111 16.0620054 46.1481499 255 79 163
41.6965943 26.4058761 46.1481499 255 79 163
41.5923213 26.039296 46.1048557 255 79 163
41.486849 25.6684995 45.9653773 255 79 163
41.3991576 25.3602132 45.7548508 255 79 163
41.3324462 25.125684 45.5052385 255 79 163
41.2815917 24.9469007 45.2147092 255 79 163
41.2486217 24.8309922 44.903115 255 79 163
41.2357658 24.785796 44.6729325 255 79 163
41.2317102 24.7715384 44.4489804 255 79 163
77.5964271 14.4276677 44.4489804 255 79 163
77.9570382 15.6954253 46.1048557 255 79 163
77.8515658 15.3246287 45.9653773 255 79 163
77.7638744 15.0163425 45.7548508 255 79 163
77.6971631 14.7818133 45.5052385 255 79 163
77.6463085 14.60303 45.2147092 255 79 163
77.6133386 14.4871215 44.903115 255 79 163
77.6004826 14.4419253 44.6729325 255 79 163
39.7362003 28.1060151 46.1481499 255 79 163
39.9535866 27.3417758 46.0559926 255 79 163
40.1731152 26.5700053 45.7590089 255 79 163
40.3545592 25.9321241 45.3115712 255 79 163
40.4911318 25.4519919 44.7830709 255 79 163
40.5934163 25.0924026 44.1712564 255 79 163
40.65752 24.8670407 43.5195521 255 79 163
40.6790992 24.7911773 43.0924531 255 79 163
40.6859306 24.7671609 42.6768482 255 79 163
40.6948543 24.7696558 42.6786727 255 79 163
40.703911 24.7721003 42.6834597 255 79 163
40.7170825 24.7755007 42.6954412 255 79 163
40.7419971 24.7814441 42.7331519 255 79 163
40.8020718 24.7932378 42.8921292 255 79 163
41.1701518 24.7868629 44.3853111 255 79 163
41.1979783 24.780475 44.4291814 255 79 163
41.2064414 24.7783562 44.4377972 255 79 163
41.2148848 24.7761602 44.4440246 255 79 163
41.223308 24.7738874 44.4477802 255 79 163
41.2317102 24.7715384 44.4489804 255 79 163
41.6965943 26.4058761 46.1481499 255 79 163
41.5923213 26.039296 46.1048557 255 79 163
41.486849 25.6684995 45.9653773 255 79 163
41.3991576 25.3602132 45.7548508 255 79 163
41.3324462 25.125684 45.5052385 255 79 163
41.2815917 24.9469007 45.2147092 255 79 163
41.2486217 24.8309922 44.903115 255 79 163
41.2357658 24.785796 44.6729325 255 79 163
39.8678975 28.126153 46.1481499 255 79 163
40.0055863 28.1157102 46.1481499 255 79 163
40.1461565 28.077437 46.1481499 255 79 163
40.2868578 28.0142871 46.1481499 255 79 163
40.4706032 27.8968241 46.1481499 255 79 163
40.729094 27.6653997 46.1481499 255 79 163
41.0605057 27.2495752 46.1481499 255 79 163
41.42854 26.6633282 46.1481499 255 79 163
41.5592069 26.494485 46.1481499 255 79 163
41.6258028 26.4389107 46.1481499 255 79 163
41.6605006 26.4194309 46.1481499 255 79 163
40.5680007 25.7553698 45.1610328 255 79 163
41.1478107 25.398949 45.5482272 255 79 163
41.2583576 25.3064753 45.6220414 255 79 163
40.1740191 27.7198503 46.1265984 255 79 163
40.3023233 27.671547 46.1271147 255 79 163
40.3662482 27.2951792 46.0608139 255 79 163
40.5366171 27.200768 46.0649154 255 79 163
40.9581978 26.2156904 45.8646532 255 79 163
40.6738158 25.5907506 45.0349259 255 79 163
40.8865337 25.619205 45.336976 255 79 163
40.707068 25.3825292 44.76705 255 79 163
41.1773009 25.6460782 45.7600661 255 79 163
40.5813325 26.5123417 45.7941421 255 79 163
40.7793178 24.9333146 43.8390223 255 79 163
39.9954985 24.5707688 12.6944247 255 79 163
40.0074079 24.5289004 12.3414945 255 79 163
40.0407251 24.4117711 12.0214516 255 79 163
40.0894974 24.240308 11.756317 255 79 163
40.1535935 24.0149732 11.5347872 255 79 163
40.2282569 23.7524878 11.3724253 255 79 163
40.3075549 23.4737092 11.2757933 255 79 163
40.3507935 23.3217004 11.2500779 255 79 163
40.3929015 23.1736662 11.2419011 255 79 163
40.4893992 23.2953173 11.2477189 255 79 163
40.5962959 23.3786885 11.2600349 255 79 163
40.7113667 23.4347281 11.2744553 255 79 163
41.1355469 23.544235 11.3322564 255 79 163
41.2796344 23.600607 11.3662184 255 79 163
41.3795656 23.663862 11.4038715 255 79 163
41.4852904 23.7658807 11.4686422 255 79 163
41.5651182 23.8769774 11.5484586 255 79 163
41.6461864 24.0303695 11.6799794 255 79 163
41.7101948 24.1882541 11.8504567 255 79 163
41.7655733 24.3566747 12.0943627 255 79 163
41.8032057 24.4875201 12.3731321 255 79 163
41.825472 24.5650518 12.6489248 255 79 163
41.8340762 24.5908965 12.8267263 255 79 163
41.8382502 24.5990093 13.0040475 255 79 163
40.0947801 24.5990093 13.0040475 255 79 163
40.6709243 24.7068388 13.0040475 255 79 163
41.2621061 24.7068388 13.0040475 255 79 163
40.0084197 24.5744442 12.6979746 255 79 163
40.0148779 24.5762813 12.7023386 255 79 163
40.0211742 24.5780722 12.7083316 255 79 163
40.0339118 24.5816954 12.726752 255 79 163
40.0475563 24.5855766 12.7623965 255 79 163
40.0554184 24.5878129 12.8199915 255 79 163
40.0495208 24.5861354 12.8899008 255 79 163
40.0359573 24.5822773 12.9392944 255 79 163
40.0191227 24.5774887 12.9799189 255 79 163
40.027623 24.5799066 12.981267 255 79 163
40.0474904 24.5855578 12.9780065 255 79 163
40.065116 24.5905714 12.978712 255 79 163
40.0794297 24.5946429 12.9830909 255 79 163
40.0909167 24.5979104 12.9923021 255 79 163
40.542292 24.3498827 11.8802376 255 79 163
40.837297 24.5258224 12.206665 255 79 163
40.0934693 24.5611616 12.4077143 255 79 163
40.1285032 24.5731419 12.4514954 255 79 163
40.2350952 24.5305343 12.2503312 255 79 163
40.2944555 24.564386 12.372521 255 79 163
40.3221301 24.5727644 12.4059719 255 79 163
40.3913941 24.6030893 12.5229582 255 79 163
40.4324242 24.6342881 12.6413817 255 79 163
40.4456826 24.6446853 12.6824133 255 79 163
40.8500317 23.9910231 11.53184 255 79 163
40.9672724 24.2201437 11.7541577 255 79 163
41.1806542 24.193042 11.7486478 255 79 163
41.209833 24.2330484 11.7947651 255 79 163
41.2332995 24.2704655 11.8401299 255 79 163
41.5366991 24.6253102 12.6174014 255 79 163
40.6859306 24.7671609 42.6768482 255 79 163
40.4181339 24.6909866 29.4889367 255 79 163
40.2178263 24.6340095 21.2464921 255 79 163
40.0947801 24.5990093 13.0040475 255 79 163
40.6948543 24.7696558 42.6786727 255 79 163
40.703911 24.7721003 42.6834597 255 79 163
40.7170825 24.7755007 42.6954412 255 79 163
40.7419971 24.7814441 42.7331519 255 79 163
40.8020718 24.7932378 42.8921292 255 79 163
41.1701518 24.7868629 44.3853111 255 79 163
41.1979783 24.780475 44.4291814 255 79 163
41.2064414 24.7783562 44.4377972 255 79 163
41.2148848 24.7761602 44.4440246 255 79 163
41.223308 24.7738874 44.4477802 255 79 163
41.2317102 24.7715384 44.4489804 255 79 163
41.534386 24.6854429 28.7265139 255 79 163
41.8382502 24.5990093 13.0040475 255 79 163
40.6709243 24.7068388 13.0040475 255 79 163
41.2621061 24.7068388 13.0040475 255 79 163
41.0505127 24.7871365 35.8093216 255 79 163
41.0077921 24.7887397 35.7298327 255 79 163
40.9665152 24.7509544 24.986503 255 79 163
41.2222099 24.7257528 20.9923512 255 79 163
40.9665152 24.7273249 17.1252698 255 79 163
14.2607181 26.4743764 16.2629889 218 222 230
14.2607181 26.4011897 14.2471634 218 222 230
14.2607181 25.7769126 13.2423609 218 222 230
14.2607181 25.9554791 13.3537641 218 222 230
14.2607181 26.107114 13.4982329 218 222 230
14.2607181 26.2277597 13.6671626 218 222 230
14.2607181 26.316128 13.8524813 218 222 230
14.2607181 26.3731434 14.0474395 218 222 230
14.2607181 24.0651008 12.5159899 218 222 230
14.2607181 23.8823071 12.5538015 218 222 230
14.2607181 23.9346729 12.5224144 218 222 230
14.2607181 23.9796586 12.5069852 218 222 230
14.2607181 24.0166832 12.504023 218 222 230
14.2607181 24.041446 12.5075414 218 222 230
14.2607181 21.7632527 13.9904708 218 222 230
14.2607181 21.9612299 16.1140043 218 222 230
14.2607181 21.9927172 16.2797952 218 222 230
14.2607181 22.0612002 16.4339557 218 222 230
14.2607181 22.1628729 16.5684435 218 222 230
14.2607181 22.2626072 16.6558306 218 222 230
14.2607181 22.3762706 16.7240579 218 222 230
14.2607181 24.4210953 17.7153687 218 222 230
81.9330303 17.7027595 45.0952687 218 222 230
81.9330303 26.0818962 44.6928604 218 222 230
81.9330303 31.3188565 44.4185911 218 222 230
81.9330303 36.5558169 44.2305577 218 222 230
81.9330303 17.7027595 12.0404306 218 222 230
81.9330303 17.6635907 11.6894576 218 222 230
81.9330303 17.5503554 11.3508084 218 222 230
81.9330303 17.3712865 11.0351595 218 222 230
81.9330303 17.1364939 10.7510234 218 222 230
81.9330303 16.8572107 10.504526 218 222 230
81.9330303 16.435572 10.2405562 218 222 230
81.9330303 15.9235531 10.0347295 218 222 230
81.9330303 15.4022913 9.92163234 218 222 230
81.9330303 14.8969984 9.89178337 218 222 230
81.9330303 14.4264117 9.93190623 218 222 230
81.9330303 13.874871 10.0663357 218 222 230
81.9330303 13.3759742 10.2780347 218 222 230
81.9330303 12.9066421 10.5490776 218 222 230
81.9330303 12.7234199 10.6438415 218 222 230
81.9330303 12.6429848 10.6692831 218 222 230
81.9330303 12.5659073 10.6779949 218 222 230
81.9330303 3.71449456 10.0904024 218 222 230
81.9330303 8.14020092 10.4453423 218 222 230
81.9330303 0.983644562 7.52740656 218 222 230
81.9330303 1.05133471 8.0936404 218 222 230
81.9330303 1.24677992 8.62645316 218 222 230
81.9330303 1.55328988 9.09819581 218 222 230
81.9330303 1.94945008 9.48861193 218 222 230
81.9330303 2.41192296 9.78506123 218 222 230
81.9330303 2.91796748 9.98180943 218 222 230
81.9330303 3.31326562 10.0635488 218 222 230
81.9330303 0.723550423 0.48583826 218 222 230
81.9330303 9.89062009 0.680888761 218 222 230
81.9330303 23.4794968 1.22509294 218 222 230
81.9330303 30.9558534 1.49345755 218 222 230
81.9330303 37.0683734 1.62018052 218 222 230
81.9330303 36.9314711 43.7083706 218 222 230
81.9330303 36.6235976 44.2232266 218 222 230
81.9330303 36.6881545 44.202264 218 222 230
81.9330303 36.7468788 44.1696322 218 222 230
81.9330303 36.7979039 44.1276754 218 222 230
81.9330303 36.8401389 44.0789068 218 222 230
81.9330303 36.8732473 44.0258027 218 222 230
81.9330303 36.9038846 43.95209 218 222 230
81.9330303 36.9278973 43.8256872 218 222 230
81.9330303 36.5558169 44.2305577 255 79 163
81.889909 36.5558169 44.6349323 255 79 163
81.7511437 36.5558169 45.0457178 255 79 163
81.5125485 36.5558169 45.4288149 255 79 163
81.1863186 36.5558169 45.7491751 255 79 163
80.7998344 36.5558169 45.9803812 255 79 163
80.4041047 36.5558169 46.1083484 255 79 163
80.0154382 36.5558169 46.1481499 255 79 163
80.0082759 37.1270239 46.0803679 255 79 163
79.9865948 37.666524 45.8807993 255 79 163
79.9563317 38.1443657 45.5605027 255 79 163
79.9234157 38.5339807 45.1372206 255 79 163
79.8938022 38.8136599 44.6344376 255 79 163
79.8761446 38.9501956 44.1803264 255 79 163
79.8682159 38.9962856 43.7083706 255 79 163
81.9330303 36.9314711 43.7083706 255 79 163
81.8900111 37.3507597 43.7083706 255 79 163
81.7516918 37.7776255 43.7083706 255 79 163
81.5132226 38.1794341 43.7083706 255 79 163
81.1848765 38.5220256 43.7083706 255 79 163
80.7915282 38.7783477 43.7083706 255 79 163
80.3666794 38.9352158 43.7083706 255 79 163
80.1140512 38.9815988 43.7083706 255 79 163
81.9330303 36.6235976 44.2232266 255 79 163
81.9330303 36.6881545 44.202264 255 79 163
81.9330303 36.7468788 44.1696322 255 79 163
81.9330303 36.7979039 44.1276754 255 79 163
81.9330303 36.8401389 44.0789068 255 79 163
81.9330303 36.8732473 44.0258027 255 79 163
81.9330303 36.9038846 43.95209 255 79 163
81.9330303 36.9278973 43.8256872 255 79 163
81.3696111 36.9730757 45.5365024 255 79 163
81.3313313 38.3471281 44.117226 255 79 163
81.8898051 36.7355741 44.6120766 255 79 163
81.8897129 36.7933507 44.594861 255 79 163
81.7818645 37.0412222 44.8598863 255 79 163
81.8736458 37.1066434 44.4846878 255 79 163
81.8732903 37.166385 44.4268749 255 79 163
81.7953226 37.230282 44.6976288 255 79 163
81.5835574 37.0889063 45.231852 255 79 163
81.3557278 37.7155661 45.1626504 255 79 163
81.8728615 37.2285102 44.3536763 255 79 163
81.7947143 37.2901049 44.6470102 255 79 163
81.794085 37.3461183 44.5927192 255 79 163
81.7932287 37.4145849 44.5152115 255 79 163
81.1911341 37.1541614 45.6481559 255 79 163
81.7910748 37.5562812 44.2943333 255 79 163
81.8903702 37.3247064 43.9508006 255 79 163
81.0949057 37.2490494 45.6895151 255 79 163
81.6768816 37.6780655 44.5658036 255 79 163
81.3379481 38.2162935 44.5080136 255 79 163
81.7780848 37.6588195 44.115029 255 79 163
80.735954 37.4101516 45.8353493 255 79 163
80.4019109 36.9323045 46.0783248 255 79 163
80.3985268 37.1175847 46.0411709 255 79 163
80.6957243 37.8032564 45.6421298 255 79 163
81.5715294 38.0653756 44.052918 255 79 163
80.685849 38.0218023 45.4807361 255 79 163
80.908781 38.2833996 45.0417347 255 79 163
80.4483015 37.9351372 45.6475858 255 79 163
80.6754669 38.2197129 45.2948049 255 79 163
80.432029 38.2218852 45.4067426 255 79 163
80.6560318 38.529396 44.8838165 255 79 163
81.0780881 38.5571801 44.1651688 255 79 163
80.6468349 38.6534806 44.6426516 255 79 163
80.4005019 38.6565752 44.8231158 255 79 163
80.6921544 38.7408401 44.3351297 255 79 163
80.3333662 38.8993667 44.1703076 255 79 163
81.9330303 17.7027595 12.0404306 255 79 163
81.8390018 16.9080929 12.0404306 255 79 163
81.5696886 16.1722866 12.0404306 255 79 163
81.1648031 15.5483525 12.0404306 255 79 163
80.618331 15.0148804 12.0404306 255 79 163
79.9656087 14.6161056 12.0404306 255 79 163
79.257711 14.3768545 12.0404306 255 79 163
78.5489205 14.2978137 12.0404306 255 79 163
78.0540695 14.330896 12.0404306 255 79 163
77.5964271 14.4276677 12.0404306 255 79 163
77.6069068 14.4221317 11.9776617 255 79 163
77.6303379 14.4079182 11.9157121 255 79 163
77.6660983 14.3854767 11.8552794 255 79 163
77.713507 14.3553874 11.7969924 255 79 163
77.7935619 14.3045782 11.7235454 255 79 163
77.9458489 14.2093412 11.6244971 255 79 163
78.2326046 14.0376377 11.5043924 255 79 163
78.7433321 13.7594271 11.3862376 255 79 163
79.543218 13.3900258 11.305451 255 79 163
81.2732502 12.6877522 11.247437 255 79 163
81.3342089 12.6328557 11.243902 255 79 163
81.3572785 12.5993833 11.2424576 255 79 163
81.3646244 12.5826465 11.2420477 255 79 163
81.3691241 12.5659073 11.2419011 255 79 163
81.9330303 12.5659073 10.6779949 255 79 163
81.915979 12.5659073 10.8156175 255 79 163
81.8682748 12.5659073 10.9403664 255 79 163
81.7984702 12.5659073 11.0435796 255 79 163
81.7068129 12.5659073 11.1296103 255 79 163
81.6001824 12.5659073 11.19239 255 79 163
81.4871185 12.5659073 11.2294181 255 79 163
81.4273465 12.5659073 11.2388874 255 79 163
81.9330303 17.6635907 11.6894576 255 79 163
81.9330303 17.5503554 11.3508084 255 79 163
81.9330303 17.3712865 11.0351595 255 79 163
81.9330303 17.1364939 10.7510234 255 79 163
81.9330303 16.8572107 10.504526 255 79 163
81.9330303 16.435572 10.2405562 255 79 163
81.9330303 15.9235531 10.0347295 255 79 163
81.9330303 15.4022913 9.92163234 255 79 163
81.9330303 14.8969984 9.89178337 255 79 163
81.9330303 14.4264117 9.93190623 255 79 163
81.9330303 13.874871 10.0663357 255 79 163
81.9330303 13.3759742 10.2780347 255 79 163
81.9330303 12.9066421 10.5490776 255 79 163
81.9330303 12.7234199 10.6438415 255 79 163
81.9330303 12.6429848 10.6692831 255 79 163
80.6592836 14.8542659 11.5852477 255 79 163
81.9109939 17.2330595 11.5574808 255 79 163
81.850016 16.876342 11.5943934 255 79 163
81.8510072 16.8212535 11.4516831 255 79 163
81.6236619 15.9703574 11.2699931 255 79 163
81.817138 16.0972266 10.8026933 255 79 163
81.1629621 15.4888389 11.752547 255 79 163
81.8225824 15.9057661 10.6652693 255 79 163
81.6604507 15.703853 10.9521547 255 79 163
81.1952693 15.366947 11.4832691 255 79 163
81.8295845 15.6571961 10.526104 255 79 163
81.6686517 15.5982773 10.8705539 255 79 163
81.6800943 15.4497896 10.7731656 255 79 163
81.6934474 15.2747854 10.6794244 255 79 163
81.8518853 14.8505937 10.2849602 255 79 163
80.0597636 14.4927808 11.6571515 255 79 163
80.841354 14.5158187 11.2327508 255 79 163
81.8593521 14.5784769 10.2613657 255 79 163
81.7452598 14.5799272 10.4710868 255 79 163
81.5465622 14.6183626 10.7185225 255 79 163
81.2747095 13.662345 10.9439929 255 79 163
81.8665697 14.3172847 10.2635272 255 79 163
81.7584401 14.4008241 10.4520972 255 79 163
81.7712799 14.2266573 10.4459404 255 79 163
81.8746152 14.0310187 10.2937899 255 79 163
81.7837343 14.0588049 10.4513315 255 79 163
79.3710841 14.1840013 11.631863 255 79 163
81.8837603 13.7156511 10.3619547 255 79 163
81.7996799 13.8467548 10.4740677 255 79 163
78.5462696 14.2049025 11.7512427 255 79 163
81.816627 13.6265302 10.5168186 255 79 163
80.3629731 13.8039202 11.2645486 255 79 163
79.2352129 13.8738342 11.4650118 255 79 163
79.5597609 13.999028 11.4829362 255 79 163
79.7331823 13.8799134 11.4104685 255 79 163
80.1998015 13.5694944 11.2879006 255 79 163
80.459112 13.4026756 11.2501368 255 79 163
79.949822 13.47521 11.3175196 255 79 163
81.7224146 13.0372684 10.9024642 255 79 163
81.1323892 12.9840139 11.2151423 255 79 163
81.3102429 15.0544817 11.0944354 255 79 163
81.3202641 15.0111722 11.0624829 255 79 163
80.2331856 14.1883661 11.3889233 255 79 163
77.5964271 14.4276677 12.0404306 218 222 230
70.3097175 16.5003576 12.2082285 218 222 230
59.7173386 19.5133385 12.5646399 218 222 230
49.5905636 22.3938793 12.8800477 218 222 230
41.8382502 24.5990093 13.0040475 218 222 230
41.2317102 24.7715384 44.4489804 218 222 230
41.534386 24.6854429 28.7265139 218 222 230
77.5964271 14.4276677 44.4489804 218 222 230
81.9330303 17.7027595 45.0952687 255 79 163
81.9330303 17.7027595 12.0404306 255 79 163
77.5964271 14.4276677 44.4489804 255 79 163
78.3256724 14.3037673 44.4737687 255 79 163
79.0644668 14.3402726 44.5396839 255 79 163
79.7779453 14.5354609 44.6340514 255 79 163
80.4324372 14.8801208 44.7441969 255 79 163
80.9970555 15.357987 44.8574456 255 79 163
81.4451548 15.946508 44.961123 255 79 163
81.7555883 16.6179103 45.0425547 255 79 163
81.888377 17.153127 45.0812173 255 79 163
77.5964271 14.4276677 12.0404306 255 79 163
81.8390018 16.9080929 12.0404306 255 79 163
81.5696886 16.1722866 12.0404306 255 79 163
81.1648031 15.5483525 12.0404306 255 79 163
80.618331 15.0148804 12.0404306 255 79 163
79.9656087 14.6161056 12.0404306 255 79 163
79.257711 14.3768545 12.0404306 255 79 163
78.5489205 14.2978137 12.0404306 255 79 163
78.0540695 14.330896 12.0404306 255 79 163
3 52 3 53
3 54 53 3
3 51 3 52
3 55 3 2
3 55 54 3
3 50 3 51
3 56 55 2
3 49 3 50
3 57 56 2
3 58 57 2
3 59 58 2
3 60 59 2
3 61 60 2
3 44 3 49
3 45 4 3
3 45 3 44
3 46 4 45
3 47 4 46
3 48 4 47
3 43 4 48
3 42 4 43
3 41 4 42
3 40 4 41
3 39 4 40
3 22 64 63
3 23 22 63
3 23 63 62
3 21 64 22
3 21 65 64
3 24 62 61
3 24 23 62
3 20 66 65
3 20 65 21
3 5 39 38
3 5 4 39
3 25 61 2
3 25 24 61
3 19 66 20
3 19 67 66
3 18 67 19
3 18 68 67
3 18 69 68
3 18 70 69
3 18 71 70
3 18 72 71
3 18 73 72
3 18 74 73
3 0 25 2
3 0 26 25
3 0 27 26
3 28 0 1
3 28 27 0
3 29 28 1
3 33 34 28
3 30 28 29
3 32 33 28
3 31 28 30
3 31 32 28
3 7 6 5
3 7 5 38
3 8 16 17
3 8 17 7
3 8 36 35
3 8 37 36
3 8 38 37
3 8 7 38
3 8 75 74
3 8 35 75
3 8 74 18
3 15 16 8
3 14 15 8
3 10 8 9
3 13 14 8
3 11 8 10
3 12 13 8
3 12 8 11
3 94 85 84
3 94 77 76
3 94 78 77
3 94 79 78
3 94 80 79
3 94 81 80
3 94 82 81
3 94 83 82
3 94 84 83
3 95 86 87
3 95 87 88
3 95 88 89
3 95 89 90
3 95 90 91
3 95 91 92
3 95 92 93
3 95 93 85
3 95 76 86
3 95 94 76
3 95 85 94
3 118 97 96
3 105 102 101
3 105 103 102
3 105 104 103
3 111 121 110
3 112 121 111
3 116 108 115
3 117 108 116
3 109 108 117
3 122 98 97
3 122 99 98
3 122 100 99
3 122 101 100
3 122 106 105
3 122 118 119
3 122 97 118
3 122 105 101
3 123 107 106
3 123 119 120
3 123 106 122
3 123 122 119
3 124 108 107
3 124 112 113
3 124 113 114
3 124 114 115
3 124 120 121
3 124 107 123
3 124 123 120
3 124 121 112
3 124 115 108
3 126 125 149
3 150 126 149
3 151 126 150
3 127 126 151
3 142 153 141
3 143 153 142
3 134 132 131
3 134 133 132
3 135 131 130
3 135 134 131
3 136 135 130
3 147 137 146
3 138 137 147
3 148 138 147
3 139 138 148
3 140 139 148
3 154 128 127
3 154 129 128
3 154 130 129
3 155 137 136
3 155 151 152
3 155 152 153
3 155 127 151
3 155 153 143
3 155 130 154
3 155 136 130
3 155 154 127
3 155 146 137
3 156 143 144
3 156 144 145
3 156 145 146
3 156 146 155
3 156 155 143
3 165 166 167
3 165 174 173
3 165 167 174
3 164 173 172
3 164 165 173
3 163 172 171
3 163 164 172
3 162 171 170
3 162 163 171
3 161 170 169
3 161 162 170
3 160 169 168
3 160 161 169
3 159 168 157
3 159 160 168
3 158 159 157
3 193 176 175
3 193 177 176
3 193 178 177
3 193 179 178
3 193 180 179
3 193 181 180
3 193 182 181
3 193 183 182
3 194 183 193
3 194 184 183
3 194 185 186
3 194 186 187
3 194 187 188
3 194 188 189
3 194 189 190
3 194 190 191
3 194 191 192
3 194 192 184
3 194 175 185
3 194 193 175
3 219 196 195
3 204 201 200
3 204 202 201
3 204 203 202
3 212 221 222
3 212 222 211
3 213 221 212
3 217 208 216
3 209 208 217
3 218 209 217
3 210 209 218
3 223 197 196
3 223 198 197
3 223 199 198
3 223 200 199
3 223 205 204
3 223 196 219
3 223 204 200
3 224 206 205
3 224 207 206
3 224 219 220
3 224 223 219
3 224 205 223
3 225 208 207
3 225 213 214
3 225 214 215
3 225 215 216
3 225 220 221
3 225 224 220
3 225 207 224
3 225 221 213
3 225 216 208
3 251 226 227
3 235 232 233
3 235 233 234
3 244 254 253
3 244 243 254
3 236 231 232
3 236 232 235
3 245 244 253
3 240 248 239
3 249 248 240
3 241 249 240
3 250 249 241
3 242 250 241
3 255 227 228
3 255 228 229
3 255 229 230
3 255 230 231
3 255 236 237
3 255 251 227
3 255 231 236
3 256 237 238
3 256 238 239
3 256 252 251
3 256 251 255
3 256 255 237
3 257 246 245
3 257 247 246
3 257 248 247
3 257 253 252
3 257 245 253
3 257 252 256
3 257 256 239
3 257 239 248
3 267 268 275
3 266 267 275
3 265 275 274
3 265 266 275
3 264 274 273
3 264 265 274
3 263 272 271
3 263 273 272
3 263 264 273
3 262 263 271
3 261 270 269
3 261 271 270
3 261 262 271
3 260 261 269
3 259 269 258
3 259 260 269
3 294 277 276
3 294 278 277
3 294 279 278
3 294 280 279
3 294 281 280
3 294 282 281
3 294 283 282
3 294 284 283
3 294 285 284
3 295 285 294
3 295 286 287
3 295 287 288
3 295 288 289
3 295 289 290
3 295 290 291
3 295 291 292
3 295 292 293
3 295 293 285
3 295 276 286
3 295 294 276
3 318 297 296
3 318 298 297
3 305 303 302
3 305 304 303
3 311 322 310
3 312 322 311
3 316 308 315
3 317 308 316
3 309 308 317
3 323 299 298
3 323 300 299
3 323 301 300
3 323 302 301
3 323 298 318
3 323 305 302
3 324 307 306
3 325 312 313
3 325 313 314
3 325 314 315
3 325 321 322
3 325 322 312
3 325 315 308
3 326 306 305
3 326 318 319
3 326 323 318
3 326 305 323
3 327 319 320
3 327 326 319
3 327 306 326
3 327 324 306
3 327 320 324
3 328 308 307
3 328 320 321
3 328 321 325
3 328 325 308
3 328 307 324
3 328 324 320
3 330 329 355
3 330 355 356
3 357 330 356
3 358 330 357
3 331 330 358
3 348 361 347
3 349 360 361
3 349 361 348
3 338 337 336
3 339 336 335
3 339 338 336
3 340 335 334
3 340 339 335
3 341 340 334
3 353 343 342
3 353 342 352
3 344 343 353
3 354 344 353
3 345 344 354
3 346 345 354
3 362 332 331
3 362 333 332
3 362 334 333
3 363 342 341
3 363 358 359
3 363 359 360
3 363 331 358
3 363 360 349
3 363 334 362
3 363 341 334
3 363 362 331
3 363 352 342
3 364 349 350
3 364 350 351
3 364 351 352
3 364 363 349
3 364 352 363
3 373 374 375
3 373 382 381
3 373 375 382
3 372 381 380
3 372 373 381
3 371 380 379
3 371 372 380
3 370 379 378
3 370 371 379
3 369 370 378
3 368 378 377
3 368 369 378
3 367 377 376
3 367 368 377
3 366 376 365
3 366 367 376
3 393 391 390
3 394 389 388
3 394 390 389
3 394 393 390
3 395 388 387
3 395 394 388
3 396 387 386
3 396 395 387
3 397 386 385
3 397 396 386
3 398 385 384
3 398 397 385
3 399 398 384
3 400 384 383
3 400 399 384
3 392 400 383
3 420 405 406
3 421 404 405
3 421 405 420
3 422 424 423
3 425 422 423
3 426 422 425
3 427 411 403
3 427 422 426
3 427 403 422
3 428 416 417
3 429 417 418
3 429 418 419
3 429 428 417
3 430 422 403
3 430 431 422
3 432 434 433
3 435 401 402
3 435 433 401
3 435 432 433
3 435 431 436
3 435 436 432
3 437 423 424
3 437 425 423
3 437 424 422
3 437 422 431
3 437 435 425
3 437 431 435
3 438 439 425
3 438 425 435
3 438 435 402
3 438 440 439
3 441 440 438
3 442 440 441
3 443 440 442
3 444 440 443
3 445 440 444
3 446 443 442
3 446 444 443
3 446 438 402
3 446 442 441
3 446 441 438
3 447 444 446
3 447 445 444
3 448 445 447
3 449 403 404
3 449 406 450
3 449 420 406
3 449 404 421
3 449 421 420
3 451 453 452
3 454 449 450
3 454 450 453
3 454 453 451
3 455 454 451
3 455 451 452
3 455 449 454
3 455 403 449
3 455 430 403
3 456 430 455
3 457 433 434
3 457 434 458
3 457 430 456
3 457 456 433
3 459 457 458
3 459 430 457
3 460 458 434
3 460 430 459
3 460 434 432
3 460 459 458
3 461 430 460
3 462 431 430
3 462 436 431
3 462 430 461
3 463 460 432
3 463 462 461
3 463 436 462
3 463 461 460
3 463 432 436
3 464 445 427
3 464 440 445
3 464 425 439
3 464 426 425
3 464 427 426
3 464 439 440
3 465 445 448
3 465 427 445
3 465 411 427
3 466 411 465
3 467 419 411
3 467 429 419
3 467 428 429
3 467 411 466
3 468 408 409
3 468 409 410
3 468 410 401
3 469 406 407
3 469 407 408
3 469 408 468
3 469 450 406
3 469 468 470
3 469 453 450
3 471 401 433
3 471 470 468
3 471 433 452
3 471 468 401
3 471 469 470
3 472 452 453
3 472 471 452
3 472 453 469
3 472 469 471
3 473 455 452
3 473 456 455
3 473 452 433
3 473 433 456
3 474 466 465
3 474 448 447
3 474 465 448
3 474 447 446
3 475 446 402
3 475 466 474
3 475 474 446
3 476 477 475
3 476 402 412
3 476 412 413
3 476 475 402
3 478 475 477
3 479 475 478
3 479 467 466
3 479 466 475
3 480 478 477
3 480 477 476
3 481 476 413
3 481 480 476
3 481 413 414
3 481 414 415
3 482 479 478
3 482 467 479
3 482 415 416
3 482 480 481
3 482 481 415
3 482 416 428
3 482 478 480
3 482 428 467
3 507 483 484
3 492 488 489
3 492 489 490
3 492 490 491
3 500 499 512
3 501 500 512
3 505 504 497
3 506 505 497
3 498 506 497
3 513 484 485
3 513 485 486
3 513 486 487
3 513 487 488
3 513 507 484
3 513 488 492
3 514 508 507
3 514 507 513
3 515 509 508
3 515 508 514
3 516 494 495
3 516 510 509
3 516 509 515
3 516 515 494
3 517 495 496
3 517 511 510
3 517 516 495
3 517 510 516
3 518 496 497
3 518 502 501
3 518 503 502
3 518 504 503
3 518 512 511
3 518 517 496
3 518 501 512
3 518 511 517
3 518 497 504
3 519 492 493
3 519 514 513
3 519 493 514
3 519 513 492
3 520 493 494
3 520 515 514
3 520 494 515
3 520 514 493
3 547 529 544
3 547 548 529
3 549 551 550
3 552 549 550
3 553 550 554
3 555 556 552
3 555 550 553
3 555 552 550
3 557 556 555
3 558 556 557
3 559 556 558
3 559 533 532
3 559 532 556
3 560 537 536
3 560 538 537
3 561 536 535
3 561 560 536
3 562 561 535
3 562 534 533
3 562 535 534
3 563 521 522
3 563 522 523
3 563 523 524
3 564 563 565
3 564 521 563
3 566 530 521
3 566 567 530
3 566 564 565
3 566 565 548
3 566 521 564
3 566 547 567
3 566 548 547
3 568 567 547
3 568 547 544
3 569 568 544
3 570 569 544
3 571 570 544
3 572 544 545
3 572 574 573
3 572 545 574
3 572 571 544
3 575 573 576
3 575 572 573
3 577 531 530
3 577 576 573
3 577 530 576
3 577 573 574
3 578 577 574
3 579 531 577
3 579 577 578
3 580 574 545
3 580 578 574
3 581 578 580
3 581 579 578
3 581 531 579
3 582 581 580
3 582 580 583
3 582 531 581
3 584 580 545
3 584 583 580
3 585 545 586
3 585 584 545
3 585 583 584
3 587 582 583
3 587 531 582
3 588 587 583
3 588 583 585
3 588 531 587
3 589 531 588
3 590 531 589
3 590 589 591
3 592 532 531
3 592 593 532
3 592 594 593
3 592 531 590
3 592 590 591
3 595 545 546
3 595 586 545
3 595 594 586
3 596 595 546
3 597 595 596
3 598 596 546
3 598 597 596
3 599 601 600
3 599 532 593
3 602 600 603
3 602 603 546
3 602 546 554
3 604 599 600
3 604 532 599
3 605 600 602
3 606 532 607
3 606 556 532
3 608 552 556
3 608 556 606
3 608 554 550
3 608 550 551
3 608 551 549
3 608 549 552
3 609 553 554
3 609 543 542
3 609 546 543
3 609 554 546
3 610 557 555
3 610 558 557
3 610 609 611
3 610 559 558
3 610 553 609
3 610 555 553
3 612 610 611
3 613 610 612
3 614 541 540
3 614 542 541
3 614 612 611
3 614 609 542
3 614 611 609
3 614 613 612
3 615 559 610
3 615 610 613
3 616 615 613
3 616 613 614
3 616 614 540
3 617 615 616
3 618 524 525
3 618 525 526
3 618 526 527
3 618 527 528
3 618 528 529
3 618 565 563
3 618 548 565
3 618 563 524
3 618 529 548
3 619 530 567
3 619 567 568
3 620 568 569
3 620 569 621
3 620 619 568
3 622 530 619
3 622 619 620
3 623 620 621
3 623 624 530
3 623 621 624
3 623 622 620
3 623 530 622
3 625 530 624
3 625 624 621
3 626 530 625
3 626 625 621
3 627 621 569
3 627 569 570
3 627 626 621
3 628 530 626
3 628 626 627
3 629 575 576
3 629 576 530
3 629 530 628
3 629 570 571
3 629 571 572
3 629 572 575
3 629 627 570
3 629 628 627
3 630 585 586
3 630 586 591
3 630 588 585
3 630 589 588
3 630 591 589
3 631 586 594
3 631 591 586
3 631 594 592
3 631 592 591
3 632 594 595
3 632 595 597
3 632 597 593
3 632 593 594
3 633 598 546
3 633 601 598
3 633 600 601
3 633 603 600
3 633 546 603
3 634 593 597
3 634 598 601
3 634 599 593
3 634 601 599
3 634 597 598
3 635 602 636
3 635 636 607
3 635 607 605
3 635 605 602
3 637 532 604
3 637 600 605
3 637 605 607
3 637 607 532
3 637 604 600
3 638 636 602
3 638 607 636
3 638 602 554
3 638 606 607
3 639 638 554
3 639 606 638
3 639 554 608
3 639 608 606
3 640 615 617
3 641 615 640
3 641 559 615
3 641 533 559
3 642 641 640
3 642 533 641
3 643 538 560
3 643 560 561
3 643 561 562
3 643 562 533
3 643 533 642
3 644 539 538
3 644 540 539
3 644 640 617
3 644 642 640
3 644 643 642
3 644 616 540
3 644 617 616
3 644 538 643
3 653 654 655
3 653 655 662
3 652 662 661
3 652 653 662
3 651 660 659
3 651 661 660
3 651 652 661
3 650 659 658
3 650 651 659
3 649 658 657
3 649 650 658
3 648 649 657
3 647 657 656
3 647 648 657
3 646 656 645
3 646 647 656
3 679 663 664
3 679 680 663
3 678 664 665
3 678 679 664
3 677 665 666
3 677 678 665
3 676 666 667
3 676 677 666
3 675 667 668
3 675 676 667
3 674 668 669
3 674 675 668
3 673 669 670
3 673 674 669
3 672 670 671
3 672 673 670
3 709 682 681
3 691 689 688
3 691 690 689
3 702 716 701
3 707 699 706
3 708 699 707
3 700 699 708
3 717 685 684
3 717 686 685
3 718 698 697
3 719 706 699
3 719 699 698
3 719 702 703
3 719 703 704
3 719 704 705
3 719 705 706
3 719 718 716
3 719 716 702
3 719 698 718
3 720 709 710
3 720 710 711
3 721 683 682
3 721 684 683
3 721 682 709
3 721 709 720
3 721 717 684
3 722 721 720
3 722 717 721
3 723 711 712
3 723 720 711
3 724 717 722
3 725 722 720
3 725 726 724
3 725 724 722
3 725 720 723
3 727 723 712
3 727 712 713
3 728 723 727
3 728 725 723
3 728 726 725
3 729 713 714
3 729 727 713
3 730 727 729
3 730 728 727
3 730 726 728
3 731 686 717
3 731 687 686
3 731 688 687
3 731 691 688
3 732 733 726
3 732 730 729
3 732 726 730
3 734 731 717
3 735 734 717
3 735 724 726
3 735 717 724
3 736 692 691
3 736 693 692
3 736 731 734
3 736 691 731
3 737 733 732
3 737 714 715
3 737 729 714
3 737 732 729
3 738 735 726
3 738 734 735
3 739 733 737
3 739 715 716
3 739 737 715
3 739 716 718
3 739 718 733
3 740 738 726
3 741 694 693
3 741 736 734
3 741 734 738
3 741 738 740
3 741 693 736
3 742 740 726
3 743 695 694
3 743 741 740
3 743 742 695
3 743 740 742
3 743 694 741
3 744 726 733
3 744 696 695
3 744 742 726
3 744 695 742
3 745 697 696
3 745 718 697
3 745 744 733
3 745 696 744
3 745 733 718
3 747 774 746
3 756 753 754
3 756 754 755
3 765 773 764
3 783 749 750
3 783 750 751
3 784 770 769
3 785 749 783
3 785 747 748
3 785 748 749
3 785 774 747
3 786 774 785
3 786 775 774
3 786 776 775
3 787 785 783
3 787 786 785
3 788 786 787
3 788 787 783
3 789 777 776
3 789 776 786
3 789 786 788
3 790 788 783
3 791 789 788
3 791 788 790
3 791 790 792
3 793 778 777
3 793 777 789
3 794 789 791
3 794 793 789
3 794 791 792
3 795 779 778
3 795 778 793
3 796 751 752
3 796 752 753
3 796 783 751
3 796 753 756
3 797 795 793
3 797 794 792
3 797 793 794
3 798 795 797
3 798 797 792
3 799 783 796
3 800 783 799
3 801 783 800
3 801 792 790
3 801 790 783
3 802 780 779
3 802 779 795
3 803 756 757
3 803 796 756
3 803 799 796
3 803 800 799
3 804 798 792
3 805 795 798
3 805 804 806
3 805 798 804
3 805 802 795
3 807 780 802
3 807 781 780
3 808 807 802
3 808 802 805
3 808 805 806
3 809 792 801
3 809 801 800
3 810 807 808
3 810 808 806
3 811 792 809
3 812 757 758
3 812 803 757
3 812 800 803
3 812 809 800
3 812 811 809
3 813 792 811
3 814 806 804
3 814 804 792
3 814 792 813
3 815 782 781
3 815 781 807
3 815 807 810
3 816 758 759
3 816 812 758
3 816 813 811
3 816 811 812
3 817 810 806
3 818 815 810
3 818 817 819
3 818 810 817
3 820 814 813
3 820 806 814
3 821 815 818
3 821 782 815
3 822 806 820
3 823 782 821
3 824 759 760
3 824 816 759
3 824 813 816
3 824 820 813
3 824 822 820
3 825 819 784
3 825 818 819
3 825 821 818
3 825 823 821
3 826 806 822
3 827 767 766
3 827 768 767
3 827 769 768
3 827 766 782
3 827 784 769
3 827 782 823
3 827 825 784
3 827 823 825
3 828 806 826
3 829 826 822
3 829 760 761
3 829 824 760
3 829 822 824
3 830 828 826
3 830 819 828
3 831 819 830
3 832 826 829
3 832 830 826
3 832 829 761
3 832 761 762
3 832 831 830
3 833 819 831
3 833 784 819
3 834 833 831
3 835 834 831
3 835 762 763
3 835 832 762
3 835 831 832
3 836 833 834
3 836 834 835
3 836 835 763
3 837 833 836
3 837 784 833
3 837 771 770
3 837 772 771
3 837 770 784
3 838 764 773
3 838 763 764
3 838 836 763
3 838 773 772
3 838 772 837
3 838 837 836
3 839 817 806
3 839 828 819
3 839 819 817
3 839 806 828
3 850 851 859
3 849 859 858
3 849 850 859
3 848 858 857
3 848 849 858
3 847 857 856
3 847 848 857
3 846 856 855
3 846 847 856
3 845 855 854
3 845 846 855
3 844 854 853
3 844 845 854
3 843 853 852
3 843 844 853
3 842 852 840
3 842 843 852
3 841 842 840
3 860 863 862
3 860 861 863
3 865 870 864
3 875 869 870
3 875 870 865
3 874 868 869
3 874 869 875
3 873 867 868
3 873 868 874
3 872 866 867
3 872 867 873
3 871 866 872
3 888 889 882
3 887 888 882
3 886 887 882
3 885 886 882
3 890 876 877
3 890 877 878
3 890 878 879
3 890 879 880
3 890 880 881
3 890 882 876
3 890 883 884
3 890 884 885
3 890 881 883
3 890 885 882
3 891 896 897
3 891 897 898
3 891 898 899
3 891 899 900
3 895 891 900
3 892 891 895
3 894 892 895
3 893 892 894
3 901 902 903
3 901 903 904
3 905 901 904
3 906 901 905
3 907 901 906
3 910 907 908
3 910 908 909
3 910 901 907
3 911 901 910
3 912 913 914
3 912 914 915
3 912 915 916
3 912 916 917
3 912 917 918
3 912 918 919
3 912 919 911
3 912 911 910
3 920 910 921
3 920 912 910
3 923 930 922
3 932 928 929
3 932 929 930
3 932 930 923
3 933 927 928
3 933 928 932
3 934 926 927
3 934 927 933
3 935 925 926
3 935 926 934
3 931 924 925
3 931 925 935
3 937 938 936
3 950 939 938
3 950 938 937
3 949 940 939
3 949 939 950
3 948 941 940
3 948 942 941
3 948 940 949
3 947 943 942
3 947 942 948
3 946 944 943
3 946 945 944
3 946 943 947
3 954 952 951
3 953 952 954
3 958 959 961
3 957 958 961
3 960 956 957
3 960 957 961
3 955 956 960
3 968 966 967
3 974 963 962
3 974 962 964
3 974 970 971
3 974 971 972
3 974 972 973
3 974 973 963
3 975 964 965
3 975 965 966
3 975 968 969
3 975 969 970
3 975 970 974
3 975 966 968
3 975 974 964
3 988 989 976
3 987 988 976
3 986 987 976
3 977 984 985
3 977 985 986
3 977 986 976
3 998 981 982
3 998 982 983
3 998 983 984
3 998 990 981
3 998 984 977
3 999 977 978
3 999 991 990
3 999 990 998
3 999 998 977
3 1000 999 978
3 1000 991 999
3 1001 978 979
3 1001 1000 978
3 1001 991 1000
3 1002 1001 979
3 1002 991 1001
3 1003 992 991
3 1003 991 1002
3 1003 1002 979
3 1004 1003 979
3 1004 992 1003
3 1005 1004 979
3 1005 992 1004
3 1006 979 980
3 1006 1005 979
3 1007 993 992
3 1007 997 993
3 1007 992 1005
3 1007 1005 1006
3 1008 980 994
3 1008 994 995
3 1008 995 996
3 1008 996 997
3 1008 1006 980
3 1008 997 1007
3 1008 1007 1006
3 1014 1010 1015
3 1013 1010 1014
3 1009 1012 1011
3 1009 1013 1012
3 1010 1013 1009
3 1041 1017 1016
3 1018 1017 1041
3 1025 1022 1021
3 1025 1023 1022
3 1025 1024 1023
3 1034 1048 1033
3 1035 1048 1034
3 1031 1030 1038
3 1039 1031 1038
3 1040 1031 1039
3 1032 1031 1040
3 1049 1019 1018
3 1049 1020 1019
3 1049 1021 1020
3 1049 1026 1025
3 1049 1041 1042
3 1049 1042 1043
3 1049 1018 1041
3 1049 1025 1021
3 1050 1027 1026
3 1050 1028 1027
3 1050 1043 1044
3 1050 1044 1045
3 1050 1026 1049
3 1050 1049 1043
3 1051 1029 1028
3 1051 1030 1029
3 1051 1045 1046
3 1051 1046 1047
3 1051 1028 1050
3 1051 1050 1045
3 1052 1035 1036
3 1052 1036 1037
3 1052 1037 1038
3 1052 1047 1048
3 1052 1030 1051
3 1052 1051 1047
3 1052 1048 1035
3 1052 1038 1030
3 1057 1059 1058
3 1057 1060 1059
3 1057 1061 1060
3 1057 1062 1061
3 1057 1063 1062
3 1057 1064 1063
3 1065 1064 1057
3 1053 1065 1057
3 1054 1053 1057
3 1055 1057 1056
3 1055 1054 1057
3 1092 1067 1066
3 1068 1067 1092
3 1075 1072 1071
3 1075 1073 1072
3 1075 1074 1073
3 1085 1099 1100
3 1085 1100 1084
3 1086 1099 1085
3 1090 1082 1089
3 1091 1082 1090
3 1083 1082 1091
3 1101 1069 1068
3 1101 1070 1069
3 1101 1071 1070
3 1101 1076 1075
3 1101 1092 1093
3 1101 1068 1092
3 1101 1075 1071
3 1102 1077 1076
3 1102 1078 1077
3 1102 1079 1078
3 1102 1093 1094
3 1102 1094 1095
3 1102 1076 1101
3 1102 1101 1093
3 1103 1080 1079
3 1103 1081 1080
3 1103 1095 1096
3 1103 1096 1097
3 1103 1097 1098
3 1103 1079 1102
3 1103 1102 1095
3 1104 1082 1081
3 1104 1086 1087
3 1104 1087 1088
3 1104 1088 1089
3 1104 1098 1099
3 1104 1099 1086
3 1104 1081 1103
3 1104 1103 1098
3 1104 1089 1082
3 1134 1105 1106
3 1135 1105 1134
3 1107 1105 1135
3 1117 1108 1107
3 1117 1109 1108
3 1117 1110 1109
3 1117 1111 1110
3 1117 1112 1111
3 1117 1113 1112
3 1117 1114 1113
3 1117 1115 1114
3 1117 1116 1115
3 1118 1107 1135
3 1118 1117 1107
3 1136 1118 1135
3 1119 1118 1136
3 1120 1119 1136
3 1121 1120 1136
3 1133 1122 1121
3 1133 1123 1122
3 1133 1124 1123
3 1133 1125 1124
3 1133 1121 1136
3 1126 1125 1133
3 1127 1126 1133
3 1131 1133 1132
3 1130 1133 1131
3 1128 1127 1133
3 1129 1133 1130
3 1129 1128 1133
3 1143 1144 1145
3 1143 1145 1152
3 1142 1152 1151
3 1142 1143 1152
3 1141 1151 1150
3 1141 1142 1151
3 1140 1150 1149
3 1140 1141 1150
3 1139 1149 1148
3 1139 1140 1149
3 1138 1148 1147
3 1138 1139 1148
3 1137 1147 1146
3 1137 1138 1147
3 1155 1164 1163
3 1155 1165 1164
3 1155 1166 1165
3 1155 1167 1166
3 1155 1168 1167
3 1162 1155 1163
3 1161 1155 1162
3 1160 1155 1161
3 1159 1155 1160
3 1156 1159 1169
3 1156 1155 1159
3 1170 1156 1169
3 1173 1157 1156
3 1173 1170 1171
3 1173 1171 1172
3 1173 1156 1170
3 1174 1157 1173
3 1175 1158 1157
3 1175 1157 1174
3 1154 1153 1158
3 1154 1158 1175
3 1177 1203 1176
3 1185 1182 1183
3 1185 1183 1184
3 1196 1219 1218
3 1196 1195 1219
3 1194 1202 1193
3 1220 1178 1179
3 1220 1179 1180
3 1221 1199 1198
3 1222 1177 1178
3 1222 1204 1203
3 1222 1205 1204
3 1222 1206 1205
3 1222 1203 1177
3 1223 1206 1222
3 1223 1207 1206
3 1223 1208 1207
3 1223 1209 1208
3 1224 1178 1220
3 1224 1222 1178
3 1224 1223 1222
3 1225 1223 1224
3 1226 1223 1225
3 1227 1210 1209
3 1227 1211 1210
3 1227 1223 1226
3 1227 1209 1223
3 1228 1220 1229
3 1228 1225 1224
3 1228 1224 1220
3 1228 1226 1225
3 1230 1227 1226
3 1230 1226 1228
3 1231 1212 1211
3 1231 1211 1227
3 1232 1227 1230
3 1232 1228 1229
3 1232 1230 1228
3 1233 1232 1229
3 1233 1227 1232
3 1233 1231 1227
3 1234 1231 1233
3 1235 1231 1234
3 1235 1213 1212
3 1235 1212 1231
3 1236 1213 1235
3 1236 1214 1213
3 1237 1235 1234
3 1238 1234 1233
3 1238 1229 1239
3 1238 1237 1234
3 1238 1233 1229
3 1240 1214 1236
3 1240 1215 1214
3 1241 1180 1181
3 1241 1181 1182
3 1241 1185 1186
3 1241 1220 1180
3 1241 1182 1185
3 1242 1236 1235
3 1242 1235 1237
3 1242 1238 1239
3 1242 1237 1238
3 1243 1229 1220
3 1243 1220 1241
3 1244 1215 1240
3 1244 1216 1215
3 1245 1240 1236
3 1245 1236 1242
3 1245 1242 1239
3 1246 1186 1187
3 1246 1241 1186
3 1246 1243 1241
3 1247 1244 1240
3 1247 1240 1245
3 1247 1245 1239
3 1248 1244 1247
3 1249 1243 1246
3 1250 1229 1243
3 1250 1243 1249
3 1251 1216 1244
3 1251 1217 1216
3 1251 1244 1248
3 1252 1247 1239
3 1252 1248 1247
3 1252 1251 1248
3 1252 1239 1221
3 1253 1187 1188
3 1253 1246 1187
3 1253 1249 1246
3 1253 1250 1249
3 1254 1239 1229
3 1254 1229 1250
3 1255 1254 1250
3 1256 1197 1196
3 1256 1198 1197
3 1256 1218 1217
3 1256 1217 1251
3 1256 1251 1252
3 1256 1252 1221
3 1256 1196 1218
3 1256 1221 1198
3 1257 1188 1189
3 1257 1253 1188
3 1257 1250 1253
3 1257 1255 1250
3 1258 1254 1255
3 1258 1255 1257
3 1259 1239 1254
3 1259 1254 1258
3 1260 1189 1190
3 1260 1259 1258
3 1260 1257 1189
3 1260 1258 1257
3 1261 1239 1259
3 1261 1221 1239
3 1262 1261 1259
3 1263 1259 1260
3 1263 1190 1191
3 1263 1260 1190
3 1263 1262 1259
3 1264 1262 1263
3 1264 1261 1262
3 1265 1221 1261
3 1265 1261 1264
3 1265 1200 1199
3 1265 1201 1200
3 1265 1199 1221
3 1266 1264 1263
3 1266 1263 1191
3 1266 1191 1192
3 1266 1192 1193
3 1266 1201 1265
3 1266 1202 1201
3 1266 1193 1202
3 1266 1265 1264
3 1268 1274 1275
3 1268 1275 1267
3 1269 1274 1268
3 1273 1269 1270
3 1273 1270 1271
3 1273 1274 1269
3 1272 1273 1271
3 1298 1296 1297
3 1280 1284 1285
3 1280 1285 1286
3 1280 1286 1287
3 1280 1287 1288
3 1280 1288 1289
3 1280 1289 1290
3 1280 1290 1291
3 1280 1291 1292
3 1280 1292 1293
3 1280 1293 1294
3 1280 1294 1295
3 1280 1295 1296
3 1280 1298 1299
3 1280 1299 1300
3 1280 1300 1301
3 1280 1296 1298
3 1304 1301 1302
3 1281 1280 1301
3 1281 1301 1304
3 1303 1281 1304
3 1316 1312 1313
3 1316 1313 1314
3 1316 1314 1315
3 1311 1312 1316
3 1282 1311 1316
3 1282 1303 1305
3 1282 1305 1306
3 1282 1306 1307
3 1282 1307 1308
3 1282 1308 1309
3 1282 1309 1310
3 1282 1310 1311
3 1282 1281 1303
3 1283 1282 1316
3 1283 1316 1317
3 1276 1317 1318
3 1276 1318 1319
3 1276 1319 1320
3 1276 1320 1321
3 1276 1321 1322
3 1276 1322 1323
3 1276 1323 1324
3 1276 1324 1325
3 1277 1317 1276
3 1277 1283 1317
3 1278 1283 1277
3 1279 1283 1278
3 1329 1338 1328
3 1329 1339 1338
3 1330 1339 1329
3 1331 1340 1339
3 1331 1339 1330
3 1332 1341 1340
3 1332 1340 1331
3 1333 1341 1332
3 1334 1342 1341
3 1334 1341 1333
3 1335 1343 1342
3 1335 1342 1334
3 1336 1344 1343
3 1336 1343 1335
3 1337 1345 1344
3 1337 1344 1336
3 1327 1326 1345
3 1327 1345 1337
3 1368 1346 1355
3 1368 1369 1346
3 1370 1359 1358
3 1371 1370 1372
3 1371 1372 1360
3 1371 1360 1359
3 1371 1359 1370
3 1373 1360 1372
3 1373 1361 1360
3 1374 1352 1351
3 1374 1353 1352
3 1374 1354 1353
3 1375 1374 1351
3 1376 1375 1351
3 1377 1374 1375
3 1378 1377 1375
3 1378 1375 1376
3 1379 1378 1376
3 1380 1379 1376
3 1381 1374 1377
3 1381 1354 1374
3 1382 1367 1354
3 1382 1354 1381
3 1383 1384 1385
3 1383 1386 1368
3 1383 1387 1384
3 1383 1385 1386
3 1388 1389 1387
3 1390 1387 1383
3 1390 1388 1387
3 1391 1367 1382
3 1392 1368 1355
3 1392 1383 1368
3 1392 1390 1383
3 1393 1357 1367
3 1393 1394 1395
3 1393 1395 1357
3 1396 1397 1394
3 1396 1398 1397
3 1396 1399 1398
3 1396 1400 1399
3 1396 1401 1400
3 1402 1403 1404
3 1402 1404 1405
3 1402 1396 1403
3 1402 1401 1396
3 1406 1355 1356
3 1406 1407 1355
3 1406 1408 1407
3 1409 1406 1356
3 1410 1395 1411
3 1412 1410 1411
3 1412 1411 1413
3 1414 1412 1413
3 1414 1413 1415
3 1416 1415 1417
3 1416 1417 1418
3 1416 1419 1409
3 1416 1414 1415
3 1416 1418 1419
3 1420 1421 1410
3 1422 1420 1410
3 1422 1410 1412
3 1423 1422 1412
3 1424 1423 1412
3 1424 1412 1414
3 1425 1362 1361
3 1426 1424 1414
3 1427 1414 1416
3 1427 1426 1414
3 1428 1427 1416
3 1429 1362 1425
3 1429 1425 1421
3 1429 1363 1362
3 1429 1421 1420
3 1429 1420 1422
3 1430 1428 1416
3 1431 1409 1356
3 1431 1416 1409
3 1431 1430 1416
3 1432 1364 1363
3 1432 1422 1423
3 1432 1363 1429
3 1432 1429 1422
3 1433 1365 1364
3 1433 1423 1424
3 1433 1432 1423
3 1433 1424 1426
3 1433 1426 1427
3 1433 1427 1428
3 1433 1364 1432
3 1434 1366 1365
3 1434 1356 1366
3 1434 1365 1433
3 1434 1431 1356
3 1434 1428 1430
3 1434 1430 1431
3 1434 1433 1428
3 1435 1349 1348
3 1435 1350 1349
3 1436 1351 1350
3 1436 1376 1351
3 1436 1350 1435
3 1437 1380 1376
3 1437 1376 1436
3 1438 1435 1348
3 1438 1436 1435
3 1439 1437 1436
3 1439 1436 1438
3 1440 1347 1346
3 1440 1348 1347
3 1440 1438 1348
3 1441 1439 1438
3 1441 1438 1440
3 1442 1441 1440
3 1442 1439 1441
3 1442 1346 1369
3 1442 1440 1346
3 1443 1442 1369
3 1443 1369 1444
3 1443 1445 1442
3 1443 1444 1446
3 1447 1381 1448
3 1449 1444 1369
3 1449 1448 1446
3 1449 1447 1448
3 1449 1446 1444
3 1450 1451 1447
3 1450 1447 1449
3 1452 1447 1451
3 1452 1381 1447
3 1452 1382 1381
3 1453 1382 1452
3 1454 1382 1453
3 1455 1384 1387
3 1455 1387 1389
3 1455 1454 1453
3 1456 1382 1454
3 1457 1455 1389
3 1457 1454 1455
3 1457 1456 1454
3 1458 1382 1456
3 1458 1391 1382
3 1458 1459 1391
3 1460 1458 1456
3 1460 1457 1389
3 1460 1456 1457
3 1460 1459 1458
3 1461 1460 1389
3 1461 1459 1460
3 1461 1389 1388
3 1461 1388 1390
3 1461 1390 1392
3 1462 1461 1392
3 1462 1459 1461
3 1463 1391 1459
3 1464 1459 1462
3 1464 1463 1459
3 1465 1464 1462
3 1465 1392 1466
3 1465 1462 1392
3 1467 1391 1463
3 1468 1469 1391
3 1470 1468 1391
3 1470 1391 1467
3 1471 1470 1467
3 1471 1466 1472
3 1473 1367 1391
3 1473 1391 1469
3 1473 1474 1367
3 1475 1470 1471
3 1475 1468 1470
3 1475 1469 1468
3 1475 1471 1472
3 1476 1469 1475
3 1476 1475 1472
3 1477 1367 1474
3 1478 1472 1466
3 1479 1367 1477
3 1480 1393 1367
3 1480 1367 1479
3 1480 1481 1393
3 1482 1392 1355
3 1482 1478 1466
3 1482 1466 1392
3 1483 1482 1355
3 1483 1478 1482
3 1484 1485 1481
3 1484 1481 1480
3 1484 1480 1479
3 1486 1355 1487
3 1486 1483 1355
3 1488 1481 1485
3 1489 1488 1485
3 1490 1488 1489
3 1491 1407 1492
3 1491 1355 1407
3 1491 1487 1355
3 1493 1492 1407
3 1493 1489 1492
3 1493 1490 1489
3 1494 1493 1407
3 1494 1490 1493
3 1495 1494 1407
3 1495 1408 1496
3 1495 1407 1408
3 1497 1393 1498
3 1499 1393 1497
3 1499 1394 1393
3 1499 1497 1500
3 1501 1498 1502
3 1501 1502 1496
3 1501 1496 1408
3 1501 1497 1498
3 1503 1404 1403
3 1503 1405 1404
3 1503 1499 1500
3 1503 1394 1499
3 1503 1403 1396
3 1503 1396 1394
3 1504 1501 1408
3 1504 1405 1503
3 1504 1497 1501
3 1504 1503 1500
3 1504 1500 1497
3 1505 1405 1504
3 1505 1504 1408
3 1505 1408 1406
3 1506 1405 1505
3 1506 1505 1406
3 1507 1405 1506
3 1507 1402 1405
3 1507 1401 1402
3 1508 1507 1506
3 1508 1506 1406
3 1508 1401 1507
3 1509 1406 1409
3 1509 1508 1406
3 1509 1401 1508
3 1510 1511 1509
3 1512 1511 1510
3 1512 1509 1409
3 1512 1418 1417
3 1512 1409 1419
3 1512 1510 1509
3 1512 1419 1418
3 1513 1421 1425
3 1513 1395 1410
3 1513 1357 1395
3 1513 1410 1421
3 1514 1357 1513
3 1515 1361 1373
3 1515 1425 1361
3 1515 1513 1425
3 1515 1514 1513
3 1516 1357 1514
3 1516 1515 1373
3 1516 1514 1515
3 1517 1372 1370
3 1517 1358 1357
3 1517 1373 1372
3 1517 1370 1358
3 1517 1516 1373
3 1517 1357 1516
3 1518 1378 1379
3 1518 1379 1380
3 1518 1377 1378
3 1519 1442 1445
3 1519 1380 1437
3 1519 1437 1439
3 1519 1439 1442
3 1520 1518 1380
3 1520 1380 1519
3 1520 1521 1518
3 1520 1519 1445
3 1522 1520 1445
3 1522 1521 1520
3 1522 1381 1377
3 1522 1448 1381
3 1522 1445 1443
3 1522 1377 1518
3 1522 1518 1521
3 1523 1448 1522
3 1523 1443 1446
3 1523 1446 1448
3 1523 1522 1443
3 1524 1451 1450
3 1524 1452 1451
3 1525 1524 1384
3 1525 1452 1524
3 1525 1453 1452
3 1525 1384 1455
3 1525 1455 1453
3 1526 1384 1524
3 1526 1385 1384
3 1526 1368 1386
3 1526 1386 1385
3 1526 1369 1368
3 1526 1450 1449
3 1526 1524 1450
3 1526 1449 1369
3 1527 1467 1463
3 1527 1463 1464
3 1527 1464 1465
3 1527 1465 1466
3 1527 1471 1467
3 1527 1466 1471
3 1528 1473 1469
3 1528 1469 1476
3 1529 1473 1528
3 1529 1476 1530
3 1529 1528 1476
3 1531 1473 1529
3 1531 1529 1530
3 1531 1474 1473
3 1531 1530 1474
3 1532 1478 1483
3 1532 1483 1486
3 1532 1476 1472
3 1532 1472 1478
3 1533 1476 1532
3 1533 1487 1530
3 1533 1530 1476
3 1534 1477 1474
3 1534 1479 1477
3 1535 1533 1532
3 1535 1487 1533
3 1535 1486 1487
3 1535 1532 1486
3 1536 1534 1474
3 1536 1474 1530
3 1536 1530 1537
3 1538 1536 1537
3 1538 1534 1536
3 1538 1479 1534
3 1539 1484 1479
3 1539 1538 1537
3 1539 1537 1489
3 1539 1489 1485
3 1539 1485 1484
3 1539 1479 1538
3 1540 1487 1491
3 1540 1530 1487
3 1540 1537 1530
3 1541 1540 1491
3 1541 1537 1540
3 1542 1492 1489
3 1542 1489 1537
3 1542 1537 1541
3 1542 1541 1491
3 1542 1491 1492
3 1543 1481 1488
3 1543 1488 1490
3 1543 1490 1494
3 1543 1494 1495
3 1543 1496 1502
3 1543 1495 1496
3 1544 1502 1498
3 1544 1481 1543
3 1544 1543 1502
3 1544 1393 1481
3 1544 1498 1393
3 1545 1394 1397
3 1545 1397 1398
3 1546 1545 1398
3 1546 1398 1399
3 1546 1399 1400
3 1546 1400 1401
3 1547 1545 1546
3 1548 1547 1546
3 1549 1509 1511
3 1549 1546 1401
3 1549 1401 1509
3 1549 1548 1546
3 1550 1417 1415
3 1550 1394 1545
3 1550 1549 1511
3 1550 1511 1512
3 1550 1545 1547
3 1550 1512 1417
3 1550 1547 1548
3 1550 1548 1549
3 1550 1415 1413
3 1551 1395 1394
3 1551 1413 1411
3 1551 1550 1413
3 1551 1411 1395
3 1551 1394 1550
3 1552 1560 1561
3 1552 1561 1562
3 1552 1562 1563
3 1564 1552 1563
3 1565 1552 1564
3 1566 1552 1565
3 1567 1552 1566
3 1559 1572 1573
3 1571 1572 1559
3 1570 1571 1559
3 1569 1570 1559
3 1568 1552 1567
3 1568 1569 1559
3 1558 1568 1559
3 1553 1552 1568
3 1553 1568 1558
3 1556 1557 1555
3 1556 1558 1557
3 1556 1553 1558
3 1554 1553 1556
3 1575 1583 1574
3 1592 1582 1583
3 1592 1583 1575
3 1591 1581 1582
3 1591 1582 1592
3 1590 1580 1581
3 1590 1581 1591
3 1589 1579 1580
3 1589 1580 1590
3 1588 1578 1579
3 1588 1579 1589
3 1587 1578 1588
3 1586 1577 1578
3 1586 1578 1587
3 1585 1576 1577
3 1585 1577 1586
3 1584 1576 1585
3 1615 1593 1594
3 1602 1598 1599
3 1602 1599 1600
3 1602 1600 1601
3 1608 1607 1618
3 1609 1608 1618
3 1613 1612 1605
3 1614 1613 1605
3 1606 1614 1605
3 1619 1594 1595
3 1619 1595 1596
3 1619 1596 1597
3 1619 1597 1598
3 1619 1602 1603
3 1619 1616 1615
3 1619 1615 1594
3 1619 1598 1602
3 1620 1603 1604
3 1620 1617 1616
3 1620 1619 1603
3 1620 1616 1619
3 1621 1604 1605
3 1621 1610 1609
3 1621 1611 1610
3 1621 1612 1611
3 1621 1618 1617
3 1621 1617 1620
3 1621 1620 1604
3 1621 1609 1618
3 1621 1605 1612
3 1623 1645 1622
3 1623 1646 1645
3 1647 1646 1623
3 1624 1647 1623
3 1631 1628 1629
3 1631 1629 1630
3 1641 1640 1652
3 1632 1627 1628
3 1632 1628 1631
3 1633 1627 1632
3 1644 1643 1636
3 1637 1644 1636
3 1638 1644 1637
3 1639 1644 1638
3 1653 1624 1625
3 1653 1625 1626
3 1653 1626 1627
3 1654 1633 1634
3 1654 1648 1647
3 1654 1649 1648
3 1654 1650 1649
3 1654 1647 1624
3 1654 1627 1633
3 1654 1653 1627
3 1654 1624 1653
3 1655 1634 1635
3 1655 1635 1636
3 1655 1651 1650
3 1655 1652 1651
3 1655 1641 1652
3 1655 1654 1634
3 1655 1650 1654
3 1655 1636 1643
3 1656 1642 1641
3 1656 1643 1642
3 1656 1655 1643
3 1656 1641 1655
3 1674 1657 1658
3 1674 1659 1657
3 1673 1659 1674
3 1672 1660 1659
3 1672 1659 1673
3 1671 1661 1660
3 1671 1660 1672
3 1670 1662 1661
3 1670 1661 1671
3 1669 1663 1662
3 1669 1662 1670
3 1668 1664 1663
3 1668 1665 1664
3 1668 1663 1669
3 1667 1666 1665
3 1667 1665 1668
3 1676 1696 1675
3 1697 1696 1676
3 1677 1697 1676
3 1684 1680 1681
3 1684 1681 1682
3 1684 1682 1683
3 1692 1691 1700
3 1685 1680 1684
3 1689 1695 1688
3 1690 1695 1689
3 1701 1677 1678
3 1701 1678 1679
3 1701 1679 1680
3 1701 1697 1677
3 1701 1680 1685
3 1702 1685 1686
3 1702 1686 1687
3 1702 1698 1697
3 1702 1699 1698
3 1702 1697 1701
3 1702 1701 1685
3 1703 1687 1688
3 1703 1695 1694
3 1703 1700 1699
3 1703 1702 1687
3 1703 1692 1700
3 1703 1699 1702
3 1703 1688 1695
3 1704 1693 1692
3 1704 1694 1693
3 1704 1692 1703
3 1704 1703 1694
3 1707 1716 1715
3 1708 1717 1716
3 1708 1716 1707
3 1709 1718 1717
3 1709 1717 1708
3 1710 1718 1709
3 1711 1719 1718
3 1711 1718 1710
3 1712 1720 1719
3 1712 1719 1711
3 1713 1721 1720
3 1713 1720 1712
3 1714 1722 1721
3 1714 1721 1713
3 1706 1705 1722
3 1706 1722 1714
3 1724 1744 1723
3 1745 1744 1724
3 1729 1726 1727
3 1729 1727 1728
3 1737 1736 1750
3 1738 1737 1750
3 1742 1741 1733
3 1734 1742 1733
3 1743 1742 1734
3 1735 1743 1734
3 1751 1724 1725
3 1751 1725 1726
3 1751 1745 1724
3 1751 1726 1729
3 1752 1729 1730
3 1752 1730 1731
3 1752 1746 1745
3 1752 1747 1746
3 1752 1745 1751
3 1752 1751 1729
3 1753 1731 1732
3 1753 1732 1733
3 1753 1748 1747
3 1753 1749 1748
3 1753 1750 1749
3 1753 1747 1752
3 1753 1752 1731
3 1754 1739 1738
3 1754 1740 1739
3 1754 1741 1740
3 1754 1750 1753
3 1754 1738 1750
3 1754 1753 1733
3 1754 1733 1741
3 1771 1762 1763
3 1770 1761 1762
3 1770 1762 1771
3 1769 1760 1761
3 1769 1761 1770
3 1768 1759 1760
3 1768 1760 1769
3 1767 1758 1759
3 1767 1759 1768
3 1766 1756 1757
3 1766 1757 1758
3 1766 1758 1767
3 1765 1755 1756
3 1765 1756 1766
3 1764 1755 1765
3 1788 1772 1773
3 1788 1774 1772
3 1787 1775 1774
3 1787 1774 1788
3 1786 1775 1787
3 1785 1776 1775
3 1785 1775 1786
3 1784 1777 1776
3 1784 1776 1785
3 1783 1778 1777
3 1783 1777 1784
3 1782 1779 1778
3 1782 1778 1783
3 1781 1780 1779
3 1781 1779 1782
3 1811 1790 1789
3 1791 1790 1811
3 1804 1813 1814
3 1804 1814 1803
3 1805 1813 1804
3 1798 1795 1794
3 1798 1796 1795
3 1798 1797 1796
3 1801 1800 1808
3 1809 1801 1808
3 1810 1801 1809
3 1802 1801 1810
3 1815 1792 1791
3 1815 1793 1792
3 1815 1794 1793
3 1815 1799 1798
3 1815 1791 1811
3 1815 1798 1794
3 1816 1800 1799
3 1816 1811 1812
3 1816 1815 1811
3 1816 1799 1815
3 1817 1805 1806
3 1817 1806 1807
3 1817 1807 1808
3 1817 1812 1813
3 1817 1816 1812
3 1817 1813 1805
3 1817 1800 1816
3 1817 1808 1800
3 1840 1819 1818
3 1840 1820 1819
3 1827 1826 1825
3 1833 1844 1832
3 1834 1844 1833
3 1838 1830 1837
3 1839 1830 1838
3 1831 1830 1839
3 1845 1821 1820
3 1845 1822 1821
3 1845 1823 1822
3 1845 1824 1823
3 1845 1825 1824
3 1845 1820 1840
3 1845 1827 1825
3 1846 1829 1828
3 1847 1834 1835
3 1847 1835 1836
3 1847 1836 1837
3 1847 1843 1844
3 1847 1844 1834
3 1847 1837 1830
3 1848 1828 1827
3 1848 1840 1841
3 1848 1845 1840
3 1848 1827 1845
3 1849 1841 1842
3 1849 1842 1846
3 1849 1848 1841
3 1849 1828 1848
3 1849 1846 1828
3 1850 1830 1829
3 1850 1842 1843
3 1850 1829 1846
3 1850 1846 1842
3 1850 1847 1830
3 1850 1843 1847
3 1869 1851 1852
3 1869 1852 1853
3 1869 1853 1854
3 1869 1854 1855
3 1869 1855 1856
3 1869 1856 1857
3 1869 1857 1858
3 1869 1858 1859
3 1869 1860 1851
3 1869 1861 1860
3 1869 1862 1861
3 1869 1863 1862
3 1869 1864 1863
3 1869 1865 1864
3 1869 1866 1865
3 1869 1867 1866
3 1869 1868 1867
3 1869 1859 1868
3 1886 1870 1871
3 1886 1887 1870
3 1885 1886 1871
3 1884 1871 1872
3 1884 1885 1871
3 1883 1872 1873
3 1883 1884 1872
3 1882 1873 1874
3 1882 1883 1873
3 1881 1874 1875
3 1881 1882 1874
3 1880 1875 1876
3 1880 1876 1877
3 1880 1881 1875
3 1879 1877 1878
3 1879 1880 1877
3 1897 1894 1895
3 1897 1895 1896
3 1905 1889 1888
3 1904 1888 1890
3 1904 1905 1888
3 1903 1904 1890
3 1902 1890 1891
3 1902 1903 1890
3 1901 1902 1891
3 1900 1891 1892
3 1900 1901 1891
3 1899 1892 1893
3 1899 1900 1892
3 1898 1893 1894
3 1898 1894 1897
3 1898 1899 1893
3 1930 1907 1906
3 1930 1908 1907
3 1930 1909 1908
3 1930 1910 1909
3 1930 1911 1910
3 1930 1912 1911
3 1930 1913 1912
3 1930 1914 1913
3 1930 1906 1915
3 1930 1927 1914
3 1931 1930 1915
3 1931 1927 1930
3 1932 1928 1927
3 1933 1915 1916
3 1934 1929 1928
3 1935 1916 1917
3 1936 1929 1937
3 1936 1937 1917
3 1938 1917 1918
3 1938 1936 1917
3 1939 1940 1932
3 1939 1915 1933
3 1939 1933 1940
3 1941 1932 1940
3 1941 1928 1932
3 1941 1940 1933
3 1942 1916 1935
3 1942 1935 1943
3 1942 1943 1934
3 1944 1943 1935
3 1944 1929 1934
3 1944 1934 1943
3 1945 1929 1944
3 1946 1929 1945
3 1947 1919 1929
3 1947 1929 1936
3 1947 1936 1938
3 1948 1919 1947
3 1949 1947 1938
3 1949 1948 1947
3 1950 1948 1949
3 1950 1919 1948
3 1951 1939 1932
3 1951 1932 1927
3 1952 1941 1933
3 1952 1933 1916
3 1953 1934 1928
3 1953 1942 1934
3 1954 1935 1917
3 1954 1944 1935
3 1954 1945 1944
3 1954 1946 1945
3 1955 1946 1954
3 1956 1954 1917
3 1956 1955 1954
3 1957 1956 1917
3 1958 1957 1917
3 1959 1950 1949
3 1960 1949 1938
3 1960 1959 1949
3 1960 1938 1918
3 1961 1950 1959
3 1961 1959 1960
3 1962 1961 1960
3 1963 1962 1960
3 1964 1961 1962
3 1964 1962 1963
3 1965 1926 1925
3 1965 1918 1926
3 1965 1960 1918
3 1965 1963 1960
3 1965 1964 1963
3 1966 1915 1939
3 1966 1939 1951
3 1967 1941 1952
3 1967 1928 1941
3 1968 1942 1953
3 1968 1916 1942
3 1969 1955 1956
3 1969 1929 1946
3 1969 1946 1955
3 1970 1956 1957
3 1970 1969 1956
3 1970 1957 1958
3 1971 1929 1969
3 1972 1969 1970
3 1972 1970 1958
3 1972 1971 1969
3 1973 1929 1971
3 1973 1971 1972
3 1974 1937 1929
3 1974 1973 1972
3 1974 1929 1973
3 1975 1919 1950
3 1975 1950 1961
3 1976 1961 1964
3 1976 1975 1961
3 1977 1965 1925
3 1977 1923 1922
3 1977 1924 1923
3 1977 1925 1924
3 1977 1964 1965
3 1977 1976 1964
3 1977 1975 1976
3 1977 1978 1975
3 1979 1920 1919
3 1979 1921 1920
3 1979 1922 1921
3 1979 1978 1977
3 1979 1919 1975
3 1979 1977 1922
3 1979 1975 1978
3 1980 1951 1927
3 1980 1966 1951
3 1980 1927 1931
3 1981 1952 1916
3 1981 1967 1952
3 1981 1916 1982
3 1983 1968 1953
3 1983 1928 1982
3 1983 1953 1928
3 1984 1972 1958
3 1984 1958 1917
3 1984 1917 1937
3 1984 1974 1972
3 1984 1937 1974
3 1985 1915 1966
3 1985 1931 1915
3 1985 1966 1980
3 1985 1980 1931
3 1986 1967 1981
3 1986 1981 1982
3 1986 1982 1928
3 1986 1928 1967
3 1987 1983 1982
3 1987 1968 1983
3 1987 1916 1968
3 1987 1982 1916
3 1989 1988 2013
3 2014 1989 2013
3 1990 1989 2014
3 2006 2018 2019
3 2006 2019 2020
3 2006 2020 2021
3 2006 2021 2005
3 1997 1995 1994
3 1997 1996 1995
3 2007 2018 2006
3 1998 1994 1993
3 1998 1997 1994
3 2002 2001 2010
3 2011 2002 2010
3 2003 2002 2011
3 2012 2003 2011
3 2004 2003 2012
3 2022 1991 1990
3 2022 1992 1991
3 2022 1993 1992
3 2023 1999 1998
3 2023 2000 1999
3 2023 2014 2015
3 2023 2015 2016
3 2023 1990 2014
3 2023 1998 1993
3 2023 1993 2022
3 2023 2022 1990
3 2024 2001 2000
3 2024 2016 2017
3 2024 2017 2018
3 2024 2018 2007
3 2024 2023 2016
3 2024 2000 2023
3 2024 2010 2001
3 2025 2007 2008
3 2025 2008 2009
3 2025 2009 2010
3 2025 2024 2007
3 2025 2010 2024
3 2027 2026 2052
3 2027 2052 2053
3 2035 2033 2032
3 2035 2034 2033
3 2045 2060 2061
3 2045 2061 2062
3 2045 2062 2044
3 2051 2042 2050
3 2043 2042 2051
3 2063 2029 2028
3 2063 2030 2029
3 2064 2046 2047
3 2064 2047 2048
3 2065 2028 2027
3 2065 2027 2053
3 2065 2063 2028
3 2066 2053 2054
3 2066 2065 2053
3 2067 2054 2055
3 2067 2055 2056
3 2067 2066 2054
3 2068 2069 2063
3 2068 2065 2066
3 2068 2063 2065
3 2070 2066 2067
3 2070 2068 2066
3 2071 2068 2070
3 2071 2070 2067
3 2071 2069 2068
3 2072 2067 2056
3 2072 2071 2067
3 2073 2056 2057
3 2073 2057 2058
3 2073 2072 2056
3 2074 2031 2030
3 2074 2032 2031
3 2074 2035 2032
3 2074 2030 2063
3 2075 2072 2073
3 2076 2071 2072
3 2076 2077 2069
3 2076 2069 2071
3 2076 2072 2075
3 2078 2036 2035
3 2078 2035 2074
3 2079 2063 2069
3 2079 2078 2074
3 2079 2074 2063
3 2080 2077 2076
3 2080 2076 2075
3 2080 2075 2073
3 2081 2080 2073
3 2081 2077 2080
3 2082 2046 2064
3 2082 2045 2046
3 2082 2077 2081
3 2082 2058 2059
3 2082 2059 2060
3 2082 2073 2058
3 2082 2060 2045
3 2082 2064 2077
3 2082 2081 2073
3 2083 2078 2079
3 2084 2083 2079
3 2084 2079 2069
3 2085 2037 2036
3 2085 2078 2083
3 2085 2083 2084
3 2085 2036 2078
3 2086 2084 2069
3 2087 2038 2037
3 2087 2037 2085
3 2087 2085 2084
3 2087 2084 2086
3 2088 2069 2077
3 2088 2086 2069
3 2089 2086 2088
3 2090 2086 2089
3 2090 2039 2038
3 2090 2038 2087
3 2090 2087 2086
3 2091 2090 2089
3 2091 2089 2088
3 2092 2088 2077
3 2092 2091 2088
3 2093 2040 2039
3 2093 2041 2040
3 2093 2039 2090
3 2093 2090 2091
3 2093 2091 2092
3 2094 2092 2077
3 2094 2041 2093
3 2094 2093 2092
3 2094 2077 2064
3 2095 2050 2042
3 2095 2042 2041
3 2095 2048 2049
3 2095 2049 2050
3 2095 2041 2094
3 2095 2064 2048
3 2095 2094 2064
3 2120 2097 2096
3 2120 2098 2097
3 2120 2099 2098
3 2120 2100 2099
3 2120 2101 2100
3 2120 2102 2101
3 2120 2103 2102
3 2120 2104 2103
3 2120 2105 2104
3 2120 2096 2117
3 2121 2105 2120
3 2121 2120 2117
3 2122 2119 2109
3 2123 2108 2107
3 2124 2108 2123
3 2125 2126 2117
3 2127 2117 2118
3 2127 2129 2128
3 2127 2118 2130
3 2127 2128 2125
3 2127 2130 2129
3 2127 2125 2117
3 2131 2129 2130
3 2132 2106 2105
3 2132 2128 2129
3 2132 2129 2131
3 2132 2105 2128
3 2133 2106 2132
3 2134 2106 2133
3 2135 2106 2136
3 2135 2136 2137
3 2138 2106 2135
3 2139 2141 2140
3 2142 2107 2106
3 2142 2139 2140
3 2142 2143 2107
3 2142 2106 2138
3 2142 2140 2143
3 2144 2118 2119
3 2144 2141 2118
3 2144 2140 2141
3 2145 2140 2144
3 2145 2143 2140
3 2146 2144 2119
3 2147 2146 2119
3 2148 2147 2119
3 2148 2149 2147
3 2150 2149 2148
3 2150 2148 2119
3 2151 2150 2119
3 2151 2119 2122
3 2151 2122 2152
3 2153 2107 2154
3 2153 2154 2149
3 2153 2149 2150
3 2155 2123 2107
3 2155 2107 2153
3 2155 2152 2123
3 2156 2152 2122
3 2156 2157 2123
3 2156 2123 2152
3 2158 2157 2156
3 2158 2156 2122
3 2159 2157 2158
3 2159 2123 2157
3 2159 2124 2123
3 2160 2158 2122
3 2160 2159 2158
3 2160 2124 2159
3 2161 2122 2109
3 2161 2124 2160
3 2161 2160 2122
3 2162 2109 2110
3 2162 2110 2111
3 2162 2161 2109
3 2162 2163 2161
3 2164 2111 2112
3 2164 2162 2111
3 2164 2165 2163
3 2164 2163 2162
3 2166 2105 2121
3 2167 2126 2125
3 2168 2125 2128
3 2168 2128 2105
3 2168 2105 2166
3 2168 2167 2125
3 2168 2166 2167
3 2169 2131 2130
3 2169 2132 2131
3 2169 2134 2133
3 2169 2130 2118
3 2169 2133 2132
3 2170 2169 2118
3 2171 2134 2169
3 2171 2169 2170
3 2172 2171 2170
3 2172 2170 2118
3 2173 2172 2118
3 2173 2118 2174
3 2175 2137 2174
3 2175 2174 2118
3 2176 2175 2118
3 2176 2137 2175
3 2177 2176 2118
3 2178 2176 2177
3 2178 2137 2176
3 2178 2135 2137
3 2179 2177 2118
3 2179 2178 2177
3 2179 2138 2135
3 2179 2135 2178
3 2179 2141 2139
3 2179 2139 2142
3 2179 2142 2138
3 2179 2118 2141
3 2180 2146 2147
3 2180 2107 2143
3 2181 2180 2147
3 2181 2147 2149
3 2182 2107 2180
3 2182 2180 2181
3 2183 2181 2149
3 2183 2107 2182
3 2183 2182 2181
3 2184 2183 2149
3 2184 2107 2183
3 2184 2154 2107
3 2184 2149 2154
3 2185 2150 2151
3 2186 2153 2150
3 2186 2150 2185
3 2186 2155 2153
3 2187 2185 2151
3 2187 2186 2185
3 2187 2155 2186
3 2188 2187 2151
3 2188 2155 2187
3 2188 2151 2152
3 2188 2152 2155
3 2189 2108 2124
3 2190 2189 2165
3 2190 2164 2112
3 2190 2165 2164
3 2191 2189 2190
3 2192 2189 2191
3 2193 2189 2192
3 2194 2112 2113
3 2194 2113 2114
3 2194 2191 2190
3 2194 2192 2191
3 2194 2190 2112
3 2195 2193 2192
3 2195 2194 2114
3 2195 2192 2194
3 2196 2114 2115
3 2196 2115 2116
3 2196 2116 2108
3 2196 2108 2189
3 2196 2189 2193
3 2196 2195 2114
3 2196 2193 2195
3 2197 2121 2117
3 2197 2167 2166
3 2197 2117 2126
3 2197 2126 2167
3 2197 2166 2121
3 2198 2172 2173
3 2198 2173 2174
3 2198 2171 2172
3 2198 2174 2137
3 2199 2180 2143
3 2199 2144 2146
3 2199 2145 2144
3 2199 2143 2145
3 2199 2146 2180
3 2200 2165 2189
3 2200 2189 2124
3 2200 2124 2161
3 2200 2161 2163
3 2200 2163 2165
3 2201 2134 2171
3 2201 2106 2134
3 2201 2171 2198
3 2201 2136 2106
3 2201 2137 2136
3 2201 2198 2137
3 2226 2203 2202
3 2226 2204 2203
3 2211 2208 2207
3 2211 2209 2208
3 2211 2210 2209
3 2219 2232 2218
3 2225 2216 2224
3 2217 2216 2225
3 2233 2205 2204
3 2233 2206 2205
3 2233 2207 2206
3 2233 2204 2226
3 2233 2211 2207
3 2234 2221 2222
3 2235 2226 2227
3 2235 2233 2226
3 2236 2235 2237
3 2236 2211 2233
3 2236 2233 2235
3 2238 2227 2228
3 2238 2237 2235
3 2238 2235 2227
3 2239 2211 2236
3 2239 2236 2237
3 2240 2212 2211
3 2240 2211 2239
3 2240 2239 2237
3 2241 2238 2242
3 2241 2240 2237
3 2241 2237 2238
3 2241 2212 2240
3 2243 2228 2229
3 2243 2242 2238
3 2243 2238 2228
3 2244 2241 2242
3 2244 2212 2241
3 2245 2243 2229
3 2245 2246 2243
3 2247 2213 2212
3 2247 2212 2244
3 2248 2213 2247
3 2248 2247 2244
3 2248 2244 2242
3 2249 2246 2245
3 2249 2229 2230
3 2249 2245 2229
3 2250 2248 2242
3 2250 2242 2243
3 2250 2243 2246
3 2251 2213 2248
3 2251 2248 2250
3 2251 2250 2246
3 2252 2246 2249
3 2253 2249 2230
3 2253 2254 2252
3 2253 2252 2249
3 2255 2213 2251
3 2255 2214 2213
3 2256 2255 2251
3 2256 2251 2246
3 2256 2214 2255
3 2257 2253 2230
3 2257 2254 2253
3 2257 2230 2231
3 2258 2252 2254
3 2258 2246 2252
3 2258 2256 2246
3 2259 2254 2257
3 2260 2214 2256
3 2260 2256 2258
3 2260 2258 2254
3 2261 2231 2232
3 2261 2257 2231
3 2261 2259 2257
3 2261 2234 2259
3 2262 2219 2220
3 2262 2220 2221
3 2262 2261 2232
3 2262 2234 2261
3 2262 2232 2219
3 2262 2221 2234
3 2263 2215 2214
3 2263 2214 2260
3 2264 2260 2254
3 2264 2215 2263
3 2264 2263 2260
3 2265 2254 2259
3 2265 2259 2234
3 2265 2264 2254
3 2266 2215 2264
3 2266 2265 2234
3 2266 2264 2265
3 2267 2216 2215
3 2267 2215 2266
3 2268 2222 2223
3 2268 2223 2224
3 2268 2266 2234
3 2268 2267 2266
3 2268 2234 2222
3 2268 2216 2267
3 2268 2224 2216
3 2288 2278 2279
3 2289 2277 2278
3 2289 2278 2288
3 2290 2276 2277
3 2290 2277 2289
3 2291 2269 2270
3 2292 2294 2293
3 2292 2293 2291
3 2295 2292 2296
3 2295 2296 2297
3 2298 2294 2292
3 2298 2292 2295
3 2299 2294 2298
3 2300 2294 2299
3 2301 2280 2271
3 2301 2294 2300
3 2302 2292 2291
3 2302 2291 2270
3 2302 2296 2292
3 2302 2297 2296
3 2303 2297 2302
3 2304 2295 2297
3 2304 2297 2303
3 2305 2298 2295
3 2305 2299 2298
3 2305 2300 2299
3 2305 2301 2300
3 2305 2295 2304
3 2306 2308 2307
3 2306 2309 2308
3 2310 2309 2306
3 2311 2309 2310
3 2312 2313 2309
3 2312 2309 2311
3 2314 2313 2312
3 2315 2313 2314
3 2315 2271 2313
3 2316 2310 2306
3 2316 2311 2310
3 2316 2314 2312
3 2316 2312 2311
3 2316 2315 2314
3 2316 2306 2291
3 2317 2315 2316
3 2318 2271 2315
3 2318 2315 2317
3 2318 2301 2271
3 2318 2294 2301
3 2319 2280 2301
3 2319 2301 2305
3 2320 2280 2319
3 2321 2280 2320
3 2322 2279 2269
3 2322 2289 2288
3 2322 2288 2279
3 2322 2290 2289
3 2323 2322 2269
3 2323 2269 2291
3 2323 2291 2306
3 2324 2306 2307
3 2324 2323 2306
3 2324 2307 2308
3 2325 2317 2316
3 2325 2316 2291
3 2325 2318 2317
3 2326 2325 2291
3 2326 2318 2325
3 2327 2293 2294
3 2327 2294 2318
3 2327 2291 2293
3 2327 2326 2291
3 2327 2318 2326
3 2328 2303 2302
3 2328 2304 2303
3 2328 2305 2304
3 2329 2305 2328
3 2329 2319 2305
3 2329 2328 2330
3 2329 2330 2319
3 2331 2320 2319
3 2331 2319 2330
3 2332 2330 2328
3 2332 2328 2302
3 2332 2320 2331
3 2332 2331 2330
3 2333 2332 2302
3 2334 2336 2335
3 2337 2336 2334
3 2338 2286 2285
3 2338 2287 2286
3 2339 2336 2337
3 2340 2285 2284
3 2340 2338 2285
3 2340 2335 2338
3 2341 2342 2336
3 2341 2321 2342
3 2341 2336 2339
3 2343 2337 2334
3 2343 2334 2335
3 2343 2340 2284
3 2343 2335 2340
3 2344 2341 2339
3 2344 2337 2343
3 2344 2343 2284
3 2344 2339 2337
3 2345 2346 2313
3 2345 2271 2272
3 2345 2272 2273
3 2345 2273 2274
3 2345 2313 2271
3 2347 2309 2313
3 2347 2313 2346
3 2347 2348 2322
3 2347 2346 2348
3 2347 2323 2324
3 2347 2324 2308
3 2347 2322 2323
3 2347 2308 2309
3 2349 2320 2332
3 2349 2332 2333
3 2350 2349 2333
3 2350 2321 2320
3 2350 2320 2349
3 2351 2350 2333
3 2351 2321 2350
3 2352 2321 2351
3 2352 2342 2321
3 2353 2302 2270
3 2353 2333 2302
3 2353 2335 2336
3 2354 2270 2287
3 2354 2287 2338
3 2354 2335 2353
3 2354 2353 2270
3 2354 2338 2335
3 2355 2341 2344
3 2356 2341 2355
3 2356 2280 2321
3 2356 2321 2341
3 2357 2344 2284
3 2357 2284 2283
3 2357 2356 2355
3 2357 2355 2344
3 2358 2281 2280
3 2358 2282 2281
3 2358 2283 2282
3 2358 2280 2356
3 2358 2357 2283
3 2358 2356 2357
3 2359 2274 2275
3 2359 2345 2274
3 2359 2346 2345
3 2360 2351 2333
3 2360 2352 2351
3 2360 2342 2352
3 2360 2353 2336
3 2360 2333 2353
3 2360 2336 2342
3 2361 2275 2276
3 2361 2322 2348
3 2361 2348 2346
3 2361 2359 2275
3 2361 2290 2322
3 2361 2276 2290
3 2361 2346 2359
3 2385 2382 2370
3 2385 2370 2386
3 2387 2373 2374
3 2388 2363 2362
3 2389 2390 2388
3 2389 2388 2362
3 2391 2390 2389
3 2391 2386 2390
3 2391 2385 2386
3 2392 2391 2389
3 2392 2389 2362
3 2392 2362 2371
3 2392 2385 2391
3 2392 2393 2385
3 2394 2385 2393
3 2394 2382 2385
3 2395 2382 2394
3 2396 2392 2371
3 2396 2393 2392
3 2397 2382 2395
3 2397 2395 2398
3 2399 2396 2371
3 2399 2398 2395
3 2399 2395 2396
3 2400 2401 2371
3 2402 2371 2372
3 2402 2372 2403
3 2402 2400 2371
3 2402 2403 2404
3 2405 2402 2404
3 2405 2404 2406
3 2407 2383 2382
3 2407 2382 2406
3 2407 2406 2404
3 2407 2404 2403
3 2408 2407 2403
3 2409 2383 2407
3 2409 2407 2408
3 2410 2409 2408
3 2410 2383 2409
3 2411 2383 2410
3 2412 2403 2372
3 2412 2408 2403
3 2412 2413 2411
3 2414 2411 2413
3 2414 2383 2411
3 2415 2412 2372
3 2415 2413 2412
3 2416 2417 2383
3 2418 2419 2372
3 2420 2419 2418
3 2421 2372 2373
3 2421 2373 2422
3 2421 2418 2372
3 2421 2420 2418
3 2423 2422 2424
3 2423 2421 2422
3 2425 2384 2383
3 2425 2383 2417
3 2425 2417 2424
3 2426 2384 2425
3 2426 2425 2427
3 2428 2384 2426
3 2429 2422 2373
3 2430 2384 2431
3 2432 2433 2373
3 2432 2373 2387
3 2434 2384 2430
3 2434 2430 2435
3 2434 2381 2384
3 2436 2432 2387
3 2436 2437 2432
3 2436 2438 2437
3 2436 2439 2440
3 2436 2441 2439
3 2436 2387 2441
3 2442 2381 2434
3 2443 2381 2442
3 2444 2381 2443
3 2445 2444 2443
3 2446 2387 2374
3 2446 2447 2387
3 2448 2366 2365
3 2448 2367 2366
3 2448 2368 2367
3 2448 2369 2368
3 2448 2370 2369
3 2449 2364 2363
3 2449 2365 2364
3 2449 2363 2388
3 2449 2448 2365
3 2449 2450 2448
3 2451 2390 2386
3 2451 2370 2448
3 2451 2386 2370
3 2451 2448 2450
3 2452 2388 2390
3 2452 2390 2451
3 2452 2449 2388
3 2452 2450 2449
3 2452 2451 2450
3 2453 2395 2394
3 2453 2393 2396
3 2453 2396 2395
3 2453 2394 2393
3 2454 2382 2397
3 2455 2382 2454
3 2456 2382 2455
3 2457 2456 2455
3 2458 2401 2400
3 2458 2406 2382
3 2458 2400 2402
3 2458 2402 2405
3 2458 2405 2406
3 2458 2457 2401
3 2458 2382 2456
3 2458 2456 2457
3 2459 2410 2408
3 2459 2408 2412
3 2459 2411 2410
3 2459 2412 2411
3 2460 2419 2461
3 2460 2415 2372
3 2460 2372 2419
3 2462 2461 2419
3 2462 2417 2416
3 2462 2420 2417
3 2462 2416 2461
3 2462 2419 2420
3 2463 2417 2420
3 2463 2420 2421
3 2464 2463 2421
3 2464 2417 2463
3 2465 2417 2464
3 2465 2424 2417
3 2465 2423 2424
3 2466 2464 2421
3 2466 2423 2465
3 2466 2465 2464
3 2466 2421 2423
3 2467 2424 2422
3 2467 2427 2425
3 2467 2425 2424
3 2467 2422 2427
3 2468 2427 2422
3 2468 2422 2429
3 2468 2426 2427
3 2468 2428 2426
3 2469 2468 2429
3 2469 2428 2468
3 2470 2471 2428
3 2470 2428 2469
3 2470 2469 2429
3 2472 2428 2471
3 2472 2473 2384
3 2472 2384 2428
3 2474 2475 2373
3 2474 2373 2433
3 2474 2433 2476
3 2477 2430 2431
3 2477 2431 2478
3 2479 2476 2433
3 2479 2478 2476
3 2480 2477 2478
3 2480 2479 2433
3 2480 2478 2479
3 2481 2430 2477
3 2481 2480 2433
3 2481 2477 2480
3 2482 2433 2432
3 2482 2481 2433
3 2483 2482 2432
3 2484 2435 2430
3 2484 2430 2483
3 2484 2483 2432
3 2485 2432 2437
3 2485 2484 2432
3 2485 2435 2484
3 2485 2437 2435
3 2486 2437 2438
3 2486 2434 2435
3 2486 2435 2437
3 2487 2434 2486
3 2487 2486 2438
3 2488 2438 2436
3 2488 2487 2438
3 2489 2434 2487
3 2489 2487 2488
3 2490 2434 2489
3 2491 2488 2436
3 2491 2489 2488
3 2491 2440 2490
3 2491 2490 2489
3 2491 2436 2440
3 2492 2434 2490
3 2492 2442 2434
3 2493 2494 2442
3 2493 2442 2492
3 2493 2495 2494
3 2493 2492 2496
3 2493 2447 2495
3 2497 2447 2446
3 2498 2497 2446
3 2499 2443 2500
3 2499 2500 2498
3 2499 2445 2443
3 2501 2498 2446
3 2501 2499 2498
3 2501 2445 2499
3 2502 2501 2446
3 2503 2444 2445
3 2504 2503 2502
3 2505 2503 2504
3 2505 2376 2377
3 2505 2377 2378
3 2506 2397 2398
3 2506 2455 2454
3 2506 2454 2397
3 2506 2457 2455
3 2507 2413 2415
3 2507 2415 2460
3 2508 2507 2460
3 2509 2508 2460
3 2509 2416 2508
3 2509 2461 2416
3 2509 2460 2461
3 2510 2470 2429
3 2510 2472 2471
3 2510 2471 2470
3 2511 2510 2429
3 2511 2472 2510
3 2512 2513 2473
3 2512 2472 2511
3 2512 2473 2472
3 2514 2474 2476
3 2515 2430 2481
3 2515 2481 2482
3 2515 2483 2430
3 2515 2482 2483
3 2516 2492 2490
3 2516 2490 2440
3 2517 2492 2516
3 2517 2496 2492
3 2518 2516 2440
3 2518 2440 2439
3 2518 2439 2441
3 2518 2441 2387
3 2519 2517 2516
3 2519 2496 2517
3 2519 2516 2518
3 2520 2519 2518
3 2521 2518 2387
3 2521 2496 2519
3 2521 2520 2518
3 2521 2519 2520
3 2521 2387 2447
3 2521 2493 2496
3 2521 2447 2493
3 2522 2442 2494
3 2522 2494 2495
3 2522 2495 2447
3 2523 2522 2447
3 2523 2447 2497
3 2524 2442 2522
3 2524 2522 2523
3 2524 2523 2497
3 2524 2443 2442
3 2525 2500 2443
3 2525 2498 2500
3 2525 2524 2497
3 2525 2443 2524
3 2525 2497 2498
3 2526 2445 2501
3 2526 2501 2502
3 2526 2503 2445
3 2526 2502 2503
3 2527 2505 2378
3 2527 2378 2379
3 2527 2379 2380
3 2527 2380 2381
3 2527 2381 2444
3 2527 2503 2505
3 2527 2444 2503
3 2528 2504 2502
3 2528 2505 2504
3 2529 2528 2502
3 2529 2446 2374
3 2529 2502 2446
3 2530 2376 2505
3 2530 2374 2375
3 2530 2375 2376
3 2530 2505 2528
3 2530 2529 2374
3 2530 2528 2529
3 2531 2457 2506
3 2531 2399 2371
3 2531 2398 2399
3 2531 2371 2401
3 2531 2401 2457
3 2531 2506 2398
3 2532 2383 2414
3 2532 2414 2413
3 2533 2413 2507
3 2533 2532 2413
3 2533 2383 2532
3 2534 2507 2508
3 2534 2508 2416
3 2534 2416 2383
3 2534 2383 2533
3 2534 2533 2507
3 2535 2429 2373
3 2535 2511 2429
3 2535 2512 2511
3 2536 2513 2512
3 2536 2512 2535
3 2536 2535 2373
3 2537 2373 2475
3 2537 2475 2513
3 2537 2536 2373
3 2537 2513 2536
3 2538 2473 2513
3 2539 2431 2540
3 2539 2540 2514
3 2539 2514 2476
3 2539 2478 2431
3 2539 2476 2478
3 2541 2540 2431
3 2541 2384 2473
3 2541 2473 2538
3 2541 2538 2540
3 2541 2431 2384
3 2542 2514 2540
3 2542 2513 2475
3 2542 2538 2513
3 2542 2475 2474
3 2542 2474 2514
3 2542 2540 2538
3 2559 2561 2560
3 2559 2543 2561
3 2558 2543 2559
3 2557 2543 2558
3 2568 2547 2569
3 2567 2566 2547
3 2567 2547 2568
3 2580 2550 2549
3 2580 2551 2550
3 2580 2552 2551
3 2580 2553 2552
3 2580 2554 2553
3 2580 2555 2554
3 2580 2556 2555
3 2580 2557 2556
3 2581 2544 2543
3 2581 2582 2583
3 2581 2557 2580
3 2581 2543 2557
3 2581 2584 2585
3 2581 2585 2586
3 2581 2580 2582
3 2581 2583 2584
3 2587 2549 2548
3 2587 2583 2582
3 2587 2580 2549
3 2587 2585 2584
3 2587 2586 2585
3 2587 2582 2580
3 2587 2584 2583
3 2588 2581 2586
3 2589 2586 2587
3 2589 2590 2591
3 2589 2592 2593
3 2589 2591 2592
3 2589 2593 2588
3 2589 2588 2586
3 2589 2594 2590
3 2595 2548 2562
3 2595 2589 2587
3 2595 2587 2548
3 2596 2545 2544
3 2596 2544 2597
3 2598 2562 2563
3 2598 2599 2562
3 2600 2545 2596
3 2600 2596 2601
3 2602 2600 2601
3 2603 2600 2602
3 2604 2605 2606
3 2607 2604 2608
3 2607 2605 2604
3 2609 2547 2546
3 2609 2546 2610
3 2611 2564 2565
3 2611 2612 2564
3 2613 2544 2581
3 2613 2591 2590
3 2613 2594 2589
3 2613 2589 2595
3 2613 2581 2588
3 2613 2593 2592
3 2613 2592 2591
3 2613 2588 2593
3 2613 2590 2594
3 2614 2544 2613
3 2614 2613 2595
3 2615 2616 2544
3 2615 2544 2614
3 2615 2614 2595
3 2617 2544 2616
3 2617 2597 2544
3 2617 2618 2597
3 2619 2562 2599
3 2619 2599 2618
3 2620 2597 2618
3 2620 2618 2599
3 2621 2620 2599
3 2621 2597 2620
3 2621 2596 2597
3 2622 2596 2621
3 2622 2621 2599
3 2623 2622 2599
3 2623 2599 2598
3 2624 2596 2622
3 2624 2622 2623
3 2624 2623 2598
3 2625 2596 2624
3 2625 2624 2598
3 2625 2601 2596
3 2626 2627 2563
3 2626 2601 2627
3 2626 2602 2601
3 2628 2602 2626
3 2628 2603 2602
3 2629 2628 2626
3 2629 2603 2628
3 2629 2626 2563
3 2629 2563 2630
3 2631 2545 2600
3 2631 2600 2603
3 2632 2603 2629
3 2632 2629 2630
3 2632 2631 2603
3 2632 2545 2631
3 2633 2632 2630
3 2633 2545 2632
3 2634 2546 2545
3 2634 2545 2633
3 2634 2635 2636
3 2634 2636 2546
3 2637 2633 2630
3 2637 2635 2634
3 2637 2630 2635
3 2637 2634 2633
3 2638 2563 2564
3 2638 2630 2563
3 2638 2635 2630
3 2638 2636 2635
3 2639 2636 2638
3 2640 2638 2564
3 2640 2639 2638
3 2641 2546 2636
3 2642 2639 2640
3 2642 2640 2564
3 2643 2608 2641
3 2643 2642 2564
3 2644 2546 2641
3 2644 2641 2608
3 2644 2606 2546
3 2644 2608 2604
3 2644 2604 2606
3 2645 2608 2643
3 2645 2643 2564
3 2645 2564 2607
3 2645 2607 2608
3 2646 2607 2564
3 2646 2605 2607
3 2647 2646 2564
3 2648 2647 2564
3 2648 2564 2612
3 2649 2609 2610
3 2649 2650 2609
3 2649 2610 2651
3 2652 2610 2648
3 2652 2648 2612
3 2652 2612 2653
3 2652 2651 2610
3 2652 2649 2651
3 2654 2650 2649
3 2654 2652 2653
3 2654 2649 2652
3 2655 2609 2650
3 2655 2650 2654
3 2656 2653 2612
3 2656 2612 2611
3 2656 2654 2653
3 2656 2655 2654
3 2657 2656 2611
3 2657 2655 2656
3 2657 2658 2655
3 2657 2611 2658
3 2659 2655 2658
3 2659 2609 2655
3 2659 2658 2611
3 2660 2659 2611
3 2660 2661 2659
3 2662 2661 2660
3 2662 2575 2574
3 2663 2616 2615
3 2664 2595 2562
3 2664 2562 2663
3 2664 2663 2615
3 2664 2615 2595
3 2665 2663 2562
3 2665 2616 2663
3 2665 2617 2616
3 2666 2665 2562
3 2666 2617 2665
3 2667 2562 2619
3 2667 2617 2666
3 2667 2666 2562
3 2668 2618 2617
3 2668 2667 2619
3 2668 2617 2667
3 2668 2619 2618
3 2669 2601 2625
3 2669 2598 2563
3 2669 2563 2627
3 2669 2627 2601
3 2669 2625 2598
3 2670 2639 2642
3 2670 2642 2643
3 2670 2636 2639
3 2670 2641 2636
3 2670 2643 2641
3 2671 2606 2605
3 2671 2546 2606
3 2672 2546 2671
3 2673 2546 2672
3 2673 2610 2546
3 2674 2662 2574
3 2674 2609 2659
3 2674 2547 2609
3 2674 2570 2569
3 2674 2571 2570
3 2674 2572 2571
3 2674 2573 2572
3 2674 2574 2573
3 2674 2661 2662
3 2674 2569 2547
3 2674 2659 2661
3 2675 2660 2611
3 2675 2579 2578
3 2675 2565 2579
3 2675 2611 2565
3 2675 2662 2660
3 2676 2662 2675
3 2676 2576 2575
3 2676 2577 2576
3 2676 2578 2577
3 2676 2675 2578
3 2676 2575 2662
3 2677 2672 2671
3 2677 2673 2672
3 2677 2671 2605
3 2677 2646 2647
3 2677 2605 2646
3 2677 2678 2673
3 2677 2647 2678
3 2679 2610 2673
3 2679 2673 2678
3 2679 2678 2647
3 2679 2647 2648
3 2679 2648 2610
3 2700 2699 2688
3 2701 2700 2702
3 2701 2699 2700
3 2703 2701 2689
3 2703 2699 2701
3 2704 2703 2689
3 2704 2699 2703
3 2705 2698 2699
3 2705 2699 2704
3 2706 2681 2680
3 2706 2682 2681
3 2706 2683 2682
3 2707 2706 2680
3 2707 2708 2706
3 2709 2680 2689
3 2709 2702 2700
3 2709 2708 2707
3 2709 2689 2701
3 2709 2701 2702
3 2709 2700 2708
3 2709 2707 2680
3 2710 2689 2690
3 2710 2690 2691
3 2710 2691 2692
3 2710 2704 2689
3 2710 2705 2704
3 2711 2686 2685
3 2711 2687 2686
3 2711 2688 2687
3 2711 2708 2700
3 2711 2700 2688
3 2712 2684 2683
3 2712 2685 2684
3 2712 2711 2685
3 2712 2683 2706
3 2712 2706 2708
3 2712 2708 2711
3 2713 2692 2693
3 2713 2693 2694
3 2713 2694 2695
3 2713 2695 2696
3 2713 2696 2697
3 2713 2697 2698
3 2713 2710 2692
3 2713 2698 2705
3 2713 2705 2710
3 2735 2722 2723
3 2735 2736 2737
3 2735 2737 2722
3 2738 2732 2734
3 2739 2732 2738
3 2739 2738 2740
3 2741 2724 2725
3 2742 2714 2715
3 2742 2715 2716
3 2742 2716 2717
3 2743 2744 2742
3 2745 2714 2742
3 2745 2742 2744
3 2746 2743 2737
3 2746 2744 2743
3 2746 2745 2744
3 2747 2733 2714
3 2747 2714 2745
3 2748 2733 2747
3 2748 2747 2749
3 2750 2733 2748
3 2751 2749 2735
3 2751 2735 2723
3 2752 2733 2750
3 2752 2750 2753
3 2752 2754 2733
3 2755 2753 2750
3 2755 2751 2723
3 2756 2753 2755
3 2756 2755 2723
3 2757 2752 2753
3 2757 2754 2752
3 2757 2753 2756
3 2758 2756 2723
3 2758 2757 2756
3 2759 2754 2757
3 2759 2760 2754
3 2759 2757 2758
3 2761 2723 2724
3 2761 2758 2723
3 2761 2759 2758
3 2761 2760 2759
3 2761 2762 2760
3 2761 2724 2762
3 2763 2734 2733
3 2763 2733 2754
3 2763 2754 2760
3 2764 2734 2763
3 2765 2764 2763
3 2766 2734 2764
3 2766 2764 2765
3 2767 2734 2766
3 2767 2766 2768
3 2767 2768 2769
3 2770 2762 2724
3 2771 2767 2769
3 2771 2734 2767
3 2772 2734 2771
3 2773 2769 2770
3 2773 2770 2724
3 2774 2734 2772
3 2774 2738 2734
3 2774 2740 2738
3 2774 2775 2740
3 2776 2773 2724
3 2776 2769 2773
3 2777 2724 2741
3 2777 2776 2724
3 2777 2741 2775
3 2778 2740 2775
3 2778 2775 2741
3 2779 2778 2741
3 2779 2740 2778
3 2780 2740 2779
3 2780 2739 2740
3 2781 2779 2741
3 2781 2780 2779
3 2781 2739 2780
3 2782 2739 2781
3 2782 2741 2725
3 2782 2781 2741
3 2783 2739 2782
3 2784 2783 2782
3 2785 2725 2726
3 2785 2726 2727
3 2785 2727 2728
3 2785 2728 2729
3 2785 2782 2725
3 2785 2783 2784
3 2785 2784 2782
3 2786 2717 2718
3 2786 2742 2717
3 2786 2743 2742
3 2787 2718 2719
3 2787 2719 2720
3 2787 2720 2721
3 2787 2721 2722
3 2787 2722 2737
3 2787 2786 2718
3 2788 2737 2743
3 2788 2743 2786
3 2788 2787 2737
3 2788 2786 2787
3 2789 2737 2736
3 2789 2746 2737
3 2789 2745 2746
3 2789 2747 2745
3 2790 2747 2789
3 2790 2789 2736
3 2791 2790 2736
3 2791 2736 2735
3 2791 2735 2749
3 2791 2749 2747
3 2791 2747 2790
3 2792 2748 2749
3 2792 2749 2751
3 2792 2751 2755
3 2793 2748 2792
3 2793 2792 2755
3 2793 2755 2750
3 2793 2750 2748
3 2794 2763 2760
3 2794 2765 2763
3 2794 2762 2765
3 2794 2760 2762
3 2795 2765 2762
3 2795 2766 2765
3 2795 2762 2770
3 2795 2768 2766
3 2795 2769 2768
3 2795 2770 2769
3 2796 2772 2771
3 2796 2769 2776
3 2796 2771 2769
3 2797 2772 2796
3 2798 2797 2796
3 2798 2796 2776
3 2798 2776 2777
3 2799 2797 2798
3 2799 2772 2797
3 2799 2798 2777
3 2799 2774 2772
3 2799 2777 2775
3 2799 2775 2774
3 2800 2729 2730
3 2800 2730 2731
3 2800 2731 2732
3 2800 2732 2739
3 2800 2785 2729
3 2800 2739 2783
3 2800 2783 2785
3 2810 2808 2809
3 2820 2819 2834
3 2826 2825 2817
3 2818 2826 2817
3 2835 2804 2805
3 2836 2823 2822
3 2837 2802 2803
3 2837 2803 2804
3 2837 2804 2835
3 2838 2837 2835
3 2838 2801 2802
3 2838 2827 2801
3 2838 2802 2837
3 2839 2827 2838
3 2839 2838 2835
3 2840 2805 2806
3 2840 2806 2807
3 2840 2807 2808
3 2840 2808 2810
3 2840 2835 2805
3 2841 2827 2839
3 2841 2839 2835
3 2842 2828 2827
3 2843 2841 2844
3 2843 2842 2827
3 2843 2827 2841
3 2845 2835 2840
3 2845 2840 2810
3 2846 2842 2843
3 2846 2843 2844
3 2847 2829 2828
3 2847 2828 2842
3 2847 2842 2846
3 2848 2835 2845
3 2849 2810 2811
3 2849 2811 2848
3 2849 2845 2810
3 2849 2848 2845
3 2850 2844 2841
3 2850 2848 2811
3 2850 2835 2848
3 2850 2841 2835
3 2851 2847 2846
3 2852 2846 2844
3 2852 2844 2853
3 2852 2851 2846
3 2854 2829 2847
3 2854 2847 2851
3 2854 2852 2853
3 2854 2851 2852
3 2855 2829 2854
3 2855 2830 2829
3 2856 2844 2850
3 2856 2850 2811
3 2857 2855 2854
3 2858 2811 2812
3 2858 2856 2811
3 2859 2856 2858
3 2859 2844 2856
3 2860 2854 2853
3 2860 2857 2854
3 2860 2853 2861
3 2862 2831 2830
3 2863 2862 2830
3 2863 2830 2855
3 2863 2855 2857
3 2863 2857 2860
3 2863 2860 2861
3 2864 2853 2844
3 2864 2844 2859
3 2865 2864 2859
3 2866 2859 2858
3 2866 2812 2813
3 2866 2858 2812
3 2866 2865 2859
3 2867 2862 2863
3 2868 2853 2864
3 2868 2864 2865
3 2868 2866 2813
3 2868 2865 2866
3 2869 2861 2870
3 2869 2863 2861
3 2869 2867 2863
3 2871 2831 2862
3 2871 2862 2867
3 2871 2869 2870
3 2871 2867 2869
3 2872 2861 2853
3 2873 2853 2868
3 2873 2872 2853
3 2874 2813 2814
3 2874 2868 2813
3 2874 2814 2873
3 2874 2873 2868
3 2875 2832 2831
3 2875 2871 2870
3 2875 2831 2871
3 2876 2873 2814
3 2876 2861 2872
3 2876 2872 2873
3 2877 2833 2832
3 2877 2832 2875
3 2878 2870 2836
3 2878 2875 2870
3 2878 2877 2875
3 2878 2836 2877
3 2879 2870 2861
3 2880 2861 2876
3 2880 2879 2861
3 2881 2814 2815
3 2881 2815 2880
3 2881 2876 2814
3 2881 2880 2876
3 2882 2821 2820
3 2882 2822 2821
3 2882 2834 2833
3 2882 2820 2834
3 2882 2836 2822
3 2882 2833 2877
3 2882 2877 2836
3 2883 2879 2880
3 2883 2880 2815
3 2883 2870 2879
3 2884 2836 2870
3 2885 2870 2883
3 2885 2884 2870
3 2886 2885 2883
3 2886 2816 2885
3 2886 2815 2816
3 2886 2883 2815
3 2887 2836 2884
3 2887 2885 2816
3 2887 2884 2885
3 2887 2816 2817
3 2888 2817 2825
3 2888 2887 2817
3 2888 2824 2823
3 2888 2825 2824
3 2888 2836 2887
3 2888 2823 2836
3 2897 2898 2899
3 2897 2899 2906
3 2896 2905 2904
3 2896 2906 2905
3 2896 2897 2906
3 2895 2896 2904
3 2894 2904 2903
3 2894 2895 2904
3 2893 2903 2902
3 2893 2894 2903
3 2892 2901 2900
3 2892 2902 2901
3 2892 2893 2902
3 2891 2892 2900
3 2890 2900 2889
3 2890 2891 2900
3 2928 2942 2941
3 2928 2943 2942
3 2928 2944 2943
3 2928 2945 2944
3 2928 2927 2945
3 2916 2914 2915
3 2917 2914 2916
3 2918 2914 2917
3 2919 2914 2918
3 2920 2914 2919
3 2921 2934 2933
3 2922 2934 2921
3 2923 2934 2922
3 2924 2934 2923
3 2925 2934 2924
3 2926 2934 2925
3 2946 2910 2911
3 2947 2932 2931
3 2948 2931 2930
3 2948 2947 2931
3 2949 2907 2908
3 2949 2935 2907
3 2949 2936 2935
3 2949 2937 2936
3 2950 2938 2937
3 2950 2939 2938
3 2950 2940 2939
3 2950 2937 2949
3 2951 2908 2909
3 2951 2950 2949
3 2951 2949 2908
3 2952 2941 2940
3 2952 2950 2951
3 2952 2940 2950
3 2953 2929 2928
3 2953 2941 2952
3 2953 2928 2941
3 2954 2946 2911
3 2954 2955 2946
3 2956 2955 2954
3 2956 2911 2912
3 2956 2932 2947
3 2956 2947 2955
3 2956 2954 2911
3 2957 2930 2929
3 2957 2955 2947
3 2957 2929 2953
3 2957 2953 2955
3 2957 2948 2930
3 2957 2947 2948
3 2958 2909 2910
3 2958 2946 2955
3 2958 2951 2909
3 2958 2952 2951
3 2958 2955 2953
3 2958 2953 2952
3 2958 2910 2946
3 2959 2914 2920
3 2959 2912 2913
3 2959 2913 2914
3 2959 2921 2933
3 2959 2920 2921
3 2959 2933 2932
3 2959 2932 2956
3 2959 2956 2912
3 2961 2987 2960
3 2961 2988 2987
3 2969 2967 2968
3 2970 2967 2969
3 2971 2966 2967
3 2971 2967 2970
3 2985 3000 2999
3 2985 2984 3000
3 3001 2963 2964
3 3002 2986 2985
3 3003 2961 2962
3 3003 2989 2988
3 3003 2990 2989
3 3003 2988 2961
3 3004 2990 3003
3 3004 2991 2990
3 3004 2992 2991
3 3004 2993 2992
3 3005 2962 2963
3 3005 3003 2962
3 3005 2963 3001
3 3005 3004 3003
3 3006 3005 3001
3 3006 2993 3004
3 3006 3004 3005
3 3007 2994 2993
3 3007 3006 3001
3 3007 2993 3006
3 3008 2995 2994
3 3008 2994 3007
3 3008 3007 3001
3 3008 3001 3002
3 3009 2996 2995
3 3009 2995 3008
3 3009 3008 3002
3 3010 3002 2985
3 3010 2997 2996
3 3010 2998 2997
3 3010 2999 2998
3 3010 2985 2999
3 3010 2996 3009
3 3010 3009 3002
3 3011 2964 2965
3 3011 2965 2966
3 3011 2971 2972
3 3011 2972 2973
3 3011 2966 2971
3 3011 3001 2964
3 3012 3002 3001
3 3012 3001 3011
3 3013 2973 2974
3 3013 2974 2975
3 3013 2975 2976
3 3013 3012 3011
3 3013 3011 2973
3 3014 3012 3013
3 3014 3013 2976
3 3015 2976 2977
3 3015 2977 2978
3 3015 2978 2979
3 3015 3014 2976
3 3015 3002 3012
3 3015 3012 3014
3 3016 3015 2979
3 3016 2986 3002
3 3016 2979 2980
3 3016 2980 2981
3 3016 2981 2982
3 3016 2982 2983
3 3016 2983 2986
3 3016 3002 3015
3 3031 3027 3026
3 3031 3028 3027
3 3031 3029 3028
3 3031 3030 3029
3 3025 3031 3026
3 3036 3021 3017
3 3036 3022 3021
3 3036 3023 3022
3 3036 3024 3023
3 3036 3025 3024
3 3036 3032 3031
3 3036 3031 3025
3 3037 3017 3018
3 3037 3032 3036
3 3037 3036 3017
3 3037 3018 3032
3 3038 3018 3019
3 3038 3032 3018
3 3039 3033 3032
3 3039 3032 3038
3 3039 3038 3019
3 3040 3019 3020
3 3040 3020 3034
3 3040 3034 3035
3 3040 3035 3033
3 3040 3039 3019
3 3040 3033 3039
3 3061 3041 3042
3 3061 3062 3041
3 3043 3045 3044
3 3043 3046 3045
3 3043 3047 3046
3 3043 3048 3047
3 3043 3042 3048
3 3056 3057 3058
3 3056 3058 3059
3 3056 3059 3060
3 3056 3060 3061
3 3056 3061 3042
3 3056 3042 3043
3 3053 3049 3054
3 3052 3049 3053
3 3051 3049 3052
3 3050 3043 3049
3 3050 3056 3043
3 3050 3049 3051
3 3055 3056 3050
3 3072 3096 3071
3 3070 3071 3096
3 3069 3070 3096
3 3073 3096 3072
3 3068 3096 3097
3 3068 3069 3096
3 3074 3096 3073
3 3067 3097 3098
3 3067 3068 3097
3 3075 3095 3096
3 3075 3096 3074
3 3076 3095 3075
3 3077 3095 3076
3 3078 3095 3077
3 3079 3095 3078
3 3083 3079 3080
3 3083 3080 3081
3 3083 3081 3082
3 3083 3095 3079
3 3085 3095 3083
3 3084 3095 3085
3 3086 3094 3095
3 3086 3095 3084
3 3093 3086 3084
3 3099 3067 3098
3 3092 3086 3093
3 3091 3086 3092
3 3088 3087 3086
3 3090 3086 3091
3 3089 3088 3086
3 3089 3086 3090
3 3066 3101 3100
3 3066 3102 3101
3 3066 3103 3102
3 3066 3104 3103
3 3066 3105 3104
3 3066 3106 3105
3 3066 3107 3106
3 3066 3099 3107
3 3065 3067 3099
3 3065 3099 3066
3 3064 3067 3065
3 3063 3067 3064
3 3109 3108 3131
3 3122 3121 3130
3 3139 3112 3111
3 3140 3126 3127
3 3141 3110 3109
3 3141 3131 3132
3 3141 3109 3131
3 3142 3132 3133
3 3142 3141 3132
3 3143 3141 3142
3 3143 3110 3141
3 3144 3133 3134
3 3144 3134 3135
3 3144 3143 3142
3 3144 3142 3133
3 3145 3135 3136
3 3145 3144 3135
3 3146 3143 3144
3 3147 3111 3110
3 3147 3146 3148
3 3147 3110 3143
3 3147 3139 3111
3 3147 3143 3146
3 3149 3136 3137
3 3149 3145 3136
3 3150 3146 3144
3 3150 3148 3146
3 3150 3144 3145
3 3151 3145 3149
3 3151 3150 3145
3 3152 3151 3149
3 3153 3147 3148
3 3153 3139 3147
3 3153 3112 3139
3 3154 3152 3149
3 3155 3123 3124
3 3155 3124 3125
3 3155 3137 3138
3 3155 3138 3123
3 3155 3154 3149
3 3155 3149 3137
3 3156 3153 3148
3 3156 3113 3112
3 3156 3112 3153
3 3157 3151 3152
3 3157 3158 3148
3 3157 3152 3154
3 3157 3148 3150
3 3157 3150 3151
3 3159 3154 3155
3 3159 3157 3154
3 3159 3155 3125
3 3160 3113 3156
3 3161 3114 3113
3 3161 3115 3114
3 3161 3116 3115
3 3161 3113 3160
3 3162 3117 3116
3 3162 3116 3161
3 3162 3161 3160
3 3163 3160 3156
3 3163 3156 3148
3 3164 3158 3157
3 3164 3125 3126
3 3164 3159 3125
3 3164 3140 3158
3 3164 3157 3159
3 3164 3126 3140
3 3165 3163 3148
3 3166 3148 3158
3 3166 3165 3148
3 3167 3118 3117
3 3167 3117 3162
3 3167 3162 3160
3 3167 3163 3165
3 3167 3160 3163
3 3168 3165 3166
3 3169 3119 3118
3 3169 3118 3167
3 3169 3167 3165
3 3169 3165 3168
3 3170 3168 3166
3 3170 3169 3168
3 3171 3127 3128
3 3171 3158 3140
3 3171 3166 3158
3 3171 3140 3127
3 3172 3170 3166
3 3172 3166 3171
3 3173 3120 3119
3 3173 3169 3170
3 3173 3119 3169
3 3173 3170 3172
3 3174 3128 3129
3 3174 3172 3171
3 3174 3171 3128
3 3175 3121 3120
3 3175 3129 3130
3 3175 3174 3129
3 3175 3120 3173
3 3175 3173 3172
3 3175 3172 3174
3 3175 3130 3121
3 3186 3184 3185
3 3187 3184 3186
3 3188 3184 3187
3 3201 3221 3220
3 3201 3222 3221
3 3201 3200 3222
3 3207 3195 3196
3 3207 3206 3195
3 3197 3207 3196
3 3198 3207 3197
3 3199 3207 3198
3 3223 3180 3181
3 3224 3176 3177
3 3224 3208 3176
3 3224 3209 3208
3 3224 3210 3209
3 3225 3177 3178
3 3225 3224 3177
3 3226 3211 3210
3 3226 3210 3224
3 3226 3224 3225
3 3227 3225 3178
3 3227 3226 3225
3 3228 3212 3211
3 3228 3211 3226
3 3228 3226 3227
3 3229 3178 3179
3 3229 3179 3180
3 3229 3180 3223
3 3229 3227 3178
3 3230 3213 3212
3 3230 3212 3228
3 3231 3228 3227
3 3232 3227 3229
3 3232 3229 3223
3 3233 3213 3230
3 3233 3214 3213
3 3234 3228 3231
3 3234 3230 3228
3 3235 3233 3230
3 3235 3230 3234
3 3236 3233 3235
3 3237 3214 3233
3 3237 3215 3214
3 3237 3233 3236
3 3238 3181 3182
3 3238 3239 3223
3 3238 3223 3181
3 3240 3216 3215
3 3240 3215 3237
3 3241 3237 3236
3 3242 3241 3236
3 3242 3239 3243
3 3244 3217 3216
3 3244 3216 3240
3 3245 3240 3237
3 3245 3241 3242
3 3245 3242 3243
3 3245 3237 3241
3 3246 3244 3240
3 3246 3240 3245
3 3246 3245 3243
3 3247 3218 3217
3 3247 3217 3244
3 3248 3246 3243
3 3248 3244 3246
3 3248 3247 3244
3 3249 3238 3182
3 3250 3218 3247
3 3250 3219 3218
3 3251 3248 3243
3 3251 3247 3248
3 3251 3250 3247
3 3252 3182 3183
3 3252 3183 3184
3 3252 3188 3189
3 3252 3189 3190
3 3252 3190 3191
3 3252 3191 3192
3 3252 3249 3182
3 3252 3184 3188
3 3253 3251 3243
3 3253 3250 3251
3 3254 3243 3239
3 3255 3192 3193
3 3255 3252 3192
3 3255 3249 3252
3 3255 3256 3249
3 3255 3257 3256
3 3258 3254 3257
3 3259 3243 3254
3 3259 3254 3258
3 3260 3193 3194
3 3260 3194 3259
3 3260 3257 3255
3 3260 3255 3193
3 3260 3258 3257
3 3260 3259 3258
3 3261 3202 3201
3 3261 3203 3202
3 3261 3204 3203
3 3261 3220 3219
3 3261 3219 3250
3 3261 3201 3220
3 3261 3250 3253
3 3261 3253 3243
3 3262 3261 3243
3 3262 3194 3195
3 3262 3205 3204
3 3262 3206 3205
3 3262 3195 3206
3 3262 3259 3194
3 3262 3204 3261
3 3262 3243 3259
3 3263 3232 3223
3 3263 3227 3232
3 3263 3223 3239
3 3263 3231 3227
3 3263 3234 3231
3 3264 3263 3239
3 3264 3234 3263
3 3264 3236 3235
3 3264 3242 3236
3 3264 3239 3242
3 3264 3235 3234
3 3265 3238 3249
3 3265 3249 3256
3 3265 3239 3238
3 3265 3256 3257
3 3265 3254 3239
3 3265 3257 3254
3 3273 3267 3266
3 3273 3268 3267
3 3272 3269 3268
3 3272 3270 3269
3 3272 3268 3273
3 3271 3272 3273
3 3275 3274 3284
3 3286 3284 3283
3 3286 3275 3284
3 3287 3283 3282
3 3287 3286 3283
3 3288 3282 3281
3 3288 3287 3282
3 3289 3281 3280
3 3289 3288 3281
3 3290 3280 3279
3 3290 3289 3280
3 3291 3279 3278
3 3291 3290 3279
3 3292 3278 3277
3 3292 3291 3278
3 3293 3277 3276
3 3293 3292 3277
3 3285 3293 3276
