ply
format ascii 1.0
comment generated by blendit.inference.finetune_visualize
element vertex 4335
property float x
property float y
property float z
property uchar red
property uchar green
property uchar blue
element face 6552
property list uchar int vertex_indices
end_header
0 23.6212501 0.275700659 218 222 230
0 23.9303154 45.5520735 218 222 230
-4.8679047e-17 23.9558585 45.7732454 218 222 230
-1.25889733e-17 24.0291886 45.9847229 218 222 230
2.93139524e-17 24.1443915 46.1782433 218 222 230
5.21742378e-17 24.2945377 46.3472317 218 222 230
7.65936e-17 24.4720238 46.4868857 218 222 230
1.2427875e-16 24.6689075 46.594199 218 222 230
1.88130004e-16 24.8772267 46.6679371 218 222 230
2.33646737e-16 25.0893034 46.7085766 218 222 230
2.25235271e-16 25.2980289 46.7182104 218 222 230
1.27676648e-16 25.5604282 46.6892148 218 222 230
2.64771945e-17 25.8208651 46.613704 218 222 230
8.76627405e-17 26.0957141 46.480202 218 222 230
-2.63812028e-16 26.280544 46.3704831 218 222 230
-5.76791954e-16 26.3657884 46.3343261 218 222 230
-4.29609922e-16 26.389081 46.3296203 218 222 230
0 26.4120548 46.3280088 218 222 230
4.19262982e-17 30.268249 46.5243112 218 222 230
-4.49328223e-17 35.4098413 47.0924302 218 222 230
-1.39546309e-16 40.2725959 47.7348388 218 222 230
0 45.1353505 48.2530602 218 222 230
0 47.5939853 49.8229049 218 222 230
-3.13242028e-17 47.5552314 49.5029188 218 222 230
8.07155659e-17 47.4452455 49.2011474 218 222 230
4.198467e-17 47.2758018 48.9320098 218 222 230
7.68219898e-17 47.0608034 48.7053835 218 222 230
1.73189239e-16 46.8149864 48.5264536 218 222 230
1.6040325e-16 46.5526572 48.3958713 218 222 230
-1.35335506e-17 46.2865312 48.3101986 218 222 230
-1.59360377e-17 45.6685293 48.2418559 218 222 230
-1.75948377e-16 47.5939853 60.2390024 218 222 230
-4.4408921e-16 3.91634712 61.4252755 218 222 230
-1.14205356e-17 15.8325375 61.1420558 218 222 230
8.29859855e-17 31.7132614 60.5888315 218 222 230
1.58115465e-17 40.3220239 60.3458179 218 222 230
-4.4408921e-16 3.91634712 1.63082521 218 222 230
1.00194617e-16 7.93849212 1.38497587 218 222 230
2.17965251e-17 13.7687986 0.913816948 218 222 230
-1.12113559e-16 19.3575657 0.485748802 218 222 230
1.63082521 3.91634712 0 255 79 163
1.25729129 3.91634712 0.0433544931 255 79 163
0.880097465 3.91634712 0.183068768 255 79 163
0.568403048 3.91634712 0.393549972 255 79 163
0.333876112 3.91634712 0.642132183 255 79 163
0.158336456 3.91634712 0.929848939 255 79 163
0.0484521741 3.91634712 1.236254 255 79 163
0.0116515887 3.91634712 1.43622909 255 79 163
-4.4408921e-16 3.91634712 1.63082521 255 79 163
1.38497587 7.93849212 1.00194617e-16 255 79 163
0.913816948 13.7687986 2.17965251e-17 255 79 163
0.485748802 19.3575657 -1.12113559e-16 255 79 163
0.275700659 23.6212501 0 255 79 163
0.208415299 23.6212501 0.00833661195 255 79 163
0.147424017 23.6212501 0.031659768 255 79 163
0.0969618026 23.6212501 0.0657881186 255 79 163
0.0549003379 23.6212501 0.110600473 255 79 163
0.0242066072 23.6212501 0.162733428 255 79 163
0.00610310113 23.6212501 0.21801175 255 79 163
0.00147345368 23.6212501 0.247235009 255 79 163
0 23.6212501 0.275700659 255 79 163
1.00194617e-16 7.93849212 1.38497587 255 79 163
2.17965251e-17 13.7687986 0.913816948 255 79 163
-1.12113559e-16 19.3575657 0.485748802 255 79 163
0.0739099639 5.92741962 1.05249847 255 79 163
0.459695329 6.59777712 0.406802894 255 79 163
0.128172843 5.92741962 0.909752757 255 79 163
0.0971306736 15.631721 0.388519638 255 79 163
0.314598731 17.4946433 0.0786500774 255 79 163
0.124864448 20.7787938 0.109760274 255 79 163
0.142272531 19.3575656 0.142272531 255 79 163
0.671374635 4.58670462 0.295849495 255 79 163
0.905155259 4.58670461 0.157825871 255 79 163
0.57516814 4.92188337 0.360447915 255 79 163
0.425969208 4.92188337 0.500548435 255 79 163
0.740153643 4.92188335 0.24148964 255 79 163
0.640208948 5.48051461 0.29401342 255 79 163
1.00387399 5.2570621 0.102727797 255 79 163
1.15058266 6.15087211 0.0427306934 255 79 163
0.107096066 7.26813461 0.889173849 255 79 163
0.186792402 7.49158711 0.713825543 255 79 163
0.0972417857 7.93849211 0.875172883 255 79 163
0.405650042 7.93849211 0.405650042 255 79 163
0.92149828 7.26813461 0.0942985285 255 79 163
0.734288922 7.49158711 0.175319263 255 79 163
0.875172883 7.93849211 0.0972417857 255 79 163
0.58003477 8.58630395 0.234890196 255 79 163
0.670514437 8.91020986 0.167628704 255 79 163
0.547451083 9.5580217 0.221694837 255 79 163
0.338977285 10.8536454 0.338975942 255 79 163
0.157900478 9.88192762 0.631598741 255 79 163
0.805405597 9.39606874 0.0894896005 255 79 163
0.550201666 11.8253631 0.137550698 255 79 163
0.0727497232 12.311222 0.654739937 255 79 163
0.184428599 12.149269 0.455423245 255 79 163
0.127146017 12.7970809 0.508580759 255 79 163
0.170096259 13.1209868 0.420031917 255 79 163
0.267650788 13.7687986 0.267650788 255 79 163
0.374010768 14.3897727 0.151459246 255 79 163
0.427350896 14.7002598 0.106838108 255 79 163
0.340794303 15.3212339 0.138007736 255 79 163
0.201092792 16.5631821 0.201092028 255 79 163
0.0700675554 18.4261045 0.280267618 255 79 163
0.103512531 4.41911523 1.03889023 255 79 163
0.275106718 4.25152587 0.71311323 255 79 163
0.576986961 5.85293544 0.3306927 255 79 163
0.546483833 6.03914586 0.349429885 255 79 163
0.516752789 6.22535628 0.368384927 255 79 163
0.432522102 7.26813461 0.406884805 255 79 163
0.360179189 7.37986086 0.477942175 255 79 163
0.527460253 7.34261878 0.319485125 255 79 163
0.128170769 8.15442939 0.790761766 255 79 163
0.145124132 8.26239803 0.749605853 255 79 163
0.149805316 8.80224123 0.709628779 255 79 163
0.518185498 13.4448927 0.100321276 255 79 163
0.427885894 13.5528613 0.148057907 255 79 163
0.0946638585 14.0792857 0.488962969 255 79 163
0.263926111 18.891835 0.065982 255 79 163
-4.4408921e-16 3.91634712 1.63082521 255 79 163
-4.4408921e-16 3.91634712 61.4252755 255 79 163
3.91634712 -4.4408921e-16 0.340727255 255 79 163
3.12083505 0.0816456624 0.400659476 255 79 163
2.3584917 0.323178426 0.557665941 255 79 163
1.6611028 0.714527665 0.777561354 255 79 163
1.05774589 1.23937611 1.02616042 255 79 163
0.573577784 1.87584034 1.26927784 255 79 163
0.22878577 2.59738311 1.47272832 255 79 163
0.0576203285 3.24701741 1.58792826 255 79 163
3.91634712 -4.4408921e-16 59.5101905 255 79 163
3.26466521 0.0546007016 59.5706502 255 79 163
2.63115448 0.216880314 59.7335598 255 79 163
2.03347937 0.482313954 59.9712149 255 79 163
1.48830517 0.843500392 60.2559113 255 79 163
1.01083324 1.29036848 60.5599446 255 79 163
0.614377143 1.81045799 60.8556104 255 79 163
0.309991452 2.38926704 61.1152044 255 79 163
0.106163526 3.01065637 61.3110223 255 79 163
0.0266314371 3.46040128 61.3951421 255 79 163
0 23.6212501 0.275700659 255 79 163
0 23.9303154 45.5520735 255 79 163
2.14066226 25.9664165 0.283596881 255 79 163
1.58523711 25.8468492 0.282966216 255 79 163
1.07461301 25.5977382 0.281508681 255 79 163
0.638512056 25.2335834 0.279640234 255 79 163
0.302317109 24.7755823 0.277774747 255 79 163
0.0855961894 24.2503931 0.276324476 255 79 163
0.0214972635 23.9387195 0.275847494 255 79 163
1.83288784 25.9382971 45.5520735 255 79 163
0.0428187191 24.3436448 45.5520735 255 79 163
0.179540751 24.7620589 45.5520735 255 79 163
0.413329815 25.1534218 45.5520735 255 79 163
0.732593542 25.4851881 45.5520735 255 79 163
1.1122693 25.7326178 45.5520735 255 79 163
1.47261244 25.8719647 45.5520735 255 79 163
1.33897573 3.91634712 62.7642512 255 79 163
1.01219572 3.91634712 62.7237634 255 79 163
0.715983711 3.91634712 62.6104915 255 79 163
0.470907473 3.91634712 62.4447427 255 79 163
0.266630556 3.91634712 62.2271058 255 79 163
0.117562503 3.91634712 61.9739154 255 79 163
0.0296404961 3.91634712 61.7054491 255 79 163
0.00715601743 3.91634712 61.5635226 255 79 163
-4.4408921e-16 3.91634712 61.4252755 255 79 163
1.62219538 15.8325375 62.7642512 255 79 163
2.15644395 31.1431438 62.7642512 255 79 163
2.39869052 39.4554953 62.7642512 255 79 163
2.51635235 46.4537501 62.7642512 255 79 163
-1.75948377e-16 47.5939853 60.2390024 255 79 163
0.0267204487 47.5672462 60.6055491 255 79 163
0.106261707 47.4922789 60.964399 255 79 163
0.236930862 47.3801727 61.3080406 255 79 163
0.416045893 47.2419252 61.6292599 255 79 163
0.72378995 47.0357793 62.0109769 255 79 163
1.15100489 46.8034595 62.3602291 255 79 163
1.64452383 46.6058213 62.607979 255 79 163
2.07344458 46.4969593 62.7249015 255 79 163
-1.14205356e-17 15.8325375 61.1420558 255 79 163
8.29859855e-17 31.7132614 60.5888315 255 79 163
1.58115465e-17 40.3220239 60.3458179 255 79 163
0.0686162479 9.87444232 61.7531433 255 79 163
0.165723551 7.88841059 62.0197155 255 79 163
0.123563897 9.87444232 61.8982149 255 79 163
0.0740480228 44.9839295 60.867985 255 79 163
0.170651502 43.6789016 61.1868165 255 79 163
0.405477586 44.7204209 61.6313861 255 79 163
0.629045 44.5771016 61.9255792 255 79 163
0.279788259 43.5627417 61.4285605 255 79 163
0.420127735 43.4639227 61.6663929 255 79 163
0.875161614 44.4749349 62.1677226 255 79 163
0.0985788986 47.4179553 60.93868 255 79 163
0.173507784 47.3148823 61.1604142 255 79 163
0.591582722 5.24036828 62.5272855 255 79 163
0.794245162 5.24036828 62.6416872 255 79 163
0.687118502 5.90237886 62.5823539 255 79 163
0.531710449 5.90237886 62.4783592 255 79 163
0.612563587 7.88841059 62.5184982 255 79 163
0.905867401 7.88841059 62.6719741 255 79 163
1.12206143 10.5364529 62.7227512 255 79 163
0.0989544861 12.5224846 61.781968 255 79 163
0.117058249 13.8465058 61.796601 255 79 163
0.208726148 14.5085164 61.9685882 255 79 163
1.00479052 13.8465058 62.6618972 255 79 163
0.46918923 11.8604741 62.3518187 255 79 163
0.819740257 14.5085164 62.5690244 255 79 163
0.475130028 15.8325375 62.2891212 255 79 163
0.113897094 15.8325375 61.7391773 255 79 163
1.02507385 15.8325375 62.6503541 255 79 163
0.294792965 17.533716 62.0362931 255 79 163
0.21799719 18.3843052 61.8922624 255 79 163
0.991738498 17.533716 62.6175443 255 79 163
0.917302323 20.9360729 62.5349256 255 79 163
0.122905103 19.6601891 61.6581053 255 79 163
0.310157759 20.0854837 61.9983514 255 79 163
0.0543865114 21.0310925 61.4045884 255 79 163
0.253567119 26.2296476 61.7499827 255 79 163
0.159808119 21.8500086 61.6839483 255 79 163
0.55251861 23.4878406 62.2117326 255 79 163
1.15119628 25.1890191 62.5939559 255 79 163
1.2788445 27.3154922 62.6221574 255 79 163
0.87244377 26.953544 62.4109475 255 79 163
0.184532371 29.7903705 61.5168124 255 79 163
1.05879047 28.6863957 62.4995536 255 79 163
0.912806407 29.6003313 62.3946023 255 79 163
0.634395965 31.4282026 62.1298552 255 79 163
0.152408502 31.570732 61.3925747 255 79 163
0.386248369 32.4151436 61.8104542 255 79 163
1.29575532 32.2251044 62.5725714 255 79 163
1.36568088 31.2856732 62.6125089 255 79 163
1.15062746 34.1039668 62.4765943 255 79 163
0.0684026125 34.4384275 61.0541859 255 79 163
0.298994623 37.1635936 61.5682727 255 79 163
0.157117308 33.6488199 61.3501954 255 79 163
0.39399335 33.8005355 61.7913288 255 79 163
0.198802767 34.8204111 61.4203445 255 79 163
0.672568144 35.5843784 62.091683 255 79 163
1.37073665 36.3812802 62.5614795 255 79 163
1.48510325 37.5199368 62.5992397 255 79 163
0.209043712 39.1247924 61.3511157 255 79 163
0.169464241 40.1053918 61.239073 255 79 163
0.705498364 39.8887596 62.0587528 255 79 163
0.396735968 40.7674255 61.666294 255 79 163
1.51893968 39.6721275 62.5954801 255 79 163
1.03422878 38.8359495 62.3454313 255 79 163
1.38397412 40.4785826 62.5305858 255 79 163
0.275700875 41.9920861 61.4413312 255 79 163
0.273462116 41.2067584 61.4487147 255 79 163
1.76243047 40.7734941 62.6711965 255 79 163
0.638676151 42.8271172 61.9530285 255 79 163
0.559168844 43.4094916 61.8545096 255 79 163
2.01809639 42.6669127 62.7233927 255 79 163
1.11581274 42.0914928 62.3670154 255 79 163
0.44085571 45.5026033 61.6774836 255 79 163
1.80777329 44.2726214 62.6688025 255 79 163
0.836754658 45.3011146 62.1284055 255 79 163
1.48171597 44.3400592 62.550404 255 79 163
0.314274056 46.0098544 61.468844 255 79 163
0.459033095 45.8936945 61.7006339 255 79 163
0.949457672 45.6631212 62.2210313 255 79 163
0.541166224 46.2743894 61.8080631 255 79 163
1.44891355 45.485947 62.5302729 255 79 163
1.67228665 45.4643425 62.621483 255 79 163
1.01522709 46.0432339 62.2694468 255 79 163
1.80577862 45.808548 62.6634591 255 79 163
0.0699569856 4.5783577 61.8448369 255 79 163
0.106004331 4.5783577 61.9402 255 79 163
0.223219823 4.5783577 62.1591767 255 79 163
0.127972049 4.90936299 61.9856934 255 79 163
0.163247657 4.90936299 62.0555896 255 79 163
0.202857519 4.90936299 62.1238937 255 79 163
0.312513466 5.01969809 62.2750936 255 79 163
0.139680684 5.90237886 61.997703 255 79 163
0.556318144 9.43310193 62.4604037 255 79 163
0.528591856 10.2054476 62.4283547 255 79 163
0.508651791 10.7571231 62.4039423 255 79 163
0.456709055 12.7431548 62.3255589 255 79 163
0.316905126 13.4051654 62.1549817 255 79 163
0.45047063 13.1844952 62.3119416 255 79 163
0.471937471 13.8465058 62.3217707 255 79 163
0.397623743 14.1775111 62.2380979 255 79 163
0.57986786 14.067176 62.4140823 255 79 163
0.551929905 17.9590106 62.3224015 255 79 163
0.345342245 20.6842164 62.0336097 255 79 163
0.363760248 20.9835827 62.0512811 255 79 163
0.287118549 21.2723914 61.9344786 255 79 163
0.472998265 21.3930408 62.1734125 255 79 163
0.641365844 25.7093333 62.2508032 255 79 163
0.650246104 28.4767701 62.2035798 255 79 163
0.546098672 29.2383831 62.0821003 255 79 163
0.659937319 29.3590325 62.1952236 255 79 163
0.0910397823 32.0642025 61.2017113 255 79 163
0.282857643 32.9086141 61.6328206 255 79 163
1.52211217 30.3717376 62.6755669 255 79 163
0.597838746 32.5162874 62.0708997 255 79 163
0.792145848 32.320124 62.2572779 255 79 163
0.718657553 32.5668593 62.188927 255 79 163
0.853852078 33.0792285 62.2942327 255 79 163
0.654116939 33.5062905 62.1101343 255 79 163
0.521014819 34.2416378 61.9501655 255 79 163
0.590870052 34.462189 62.0261748 255 79 163
0.759964852 36.7724369 62.1558583 255 79 163
0.842805466 36.9820098 62.2248557 255 79 163
1.01827661 37.4011558 62.3518912 255 79 163
0.690030142 37.736569 62.0742211 255 79 163
1.21131891 38.3095444 62.4614215 255 79 163
0.501376895 38.1993101 61.8534323 255 79 163
0.621684872 38.7171684 61.9876829 255 79 163
0.551312917 38.9803709 61.9028248 255 79 163
0.750087495 38.7567621 62.1174921 255 79 163
0.0937674107 40.5447247 61.0085318 255 79 163
1.53947904 38.8669964 62.6094791 255 79 163
1.70854714 39.1457224 62.6647045 255 79 163
0.833897918 40.623004 62.1692913 255 79 163
0.998628199 40.7704598 62.2988553 255 79 163
1.1233873 40.6731674 62.3848485 255 79 163
1.03721782 41.2108041 62.3219886 255 79 163
0.631924883 41.6491256 61.9589409 255 79 163
0.634251032 42.0417895 61.9568684 255 79 163
1.22565898 42.5285076 62.4310623 255 79 163
1.01831471 42.9678405 62.2925003 255 79 163
1.28171474 42.747015 62.4610789 255 79 163
1.23060139 43.0382021 62.4301725 255 79 163
1.41827039 43.4496752 62.5261397 255 79 163
1.1293331 43.8410565 62.3622021 255 79 163
0.0746155775 46.8019199 60.8534507 255 79 163
0 23.9303154 45.5520735 255 79 163
0.0428187191 24.3436448 45.5520735 255 79 163
0.179540751 24.7620589 45.5520735 255 79 163
0.413329815 25.1534218 45.5520735 255 79 163
0.732593542 25.4851881 45.5520735 255 79 163
1.1122693 25.7326178 45.5520735 255 79 163
1.47261244 25.8719647 45.5520735 255 79 163
1.83288784 25.9382971 45.5520735 255 79 163
1.83089083 25.9382961 45.5670998 255 79 163
1.82437867 25.9383068 45.5833621 255 79 163
1.81250311 25.9383615 45.6010047 255 79 163
1.78929584 25.9385698 45.6247213 255 79 163
1.7399623 25.93939 45.6608599 255 79 163
1.19652329 25.9803501 45.89079 255 79 163
0.622164484 26.103974 46.0698778 255 79 163
0.303444456 26.2380801 46.1482071 255 79 163
0.208671934 26.3063589 46.1670327 255 79 163
0.171753253 26.3489012 46.1735133 255 79 163
0.157188076 26.3772708 46.1758881 255 79 163
0.152477512 26.3946555 46.176637 255 79 163
0.151127605 26.4120548 46.1768812 255 79 163
0 26.4120548 46.3280088 255 79 163
0.00456978305 26.4120548 46.2911257 255 79 163
0.0173545647 26.4120548 46.2576929 255 79 163
0.0360623034 26.4120548 46.2300316 255 79 163
0.0606265673 26.4120548 46.2069752 255 79 163
0.0892036796 26.4120548 46.1901502 255 79 163
0.119504951 26.4120548 46.1802266 255 79 163
0.135523923 26.4120548 46.1776888 255 79 163
-4.8679047e-17 23.9558585 45.7732454 255 79 163
-1.25889733e-17 24.0291886 45.9847229 255 79 163
2.93139524e-17 24.1443915 46.1782433 255 79 163
5.21742378e-17 24.2945377 46.3472317 255 79 163
7.65936e-17 24.4720238 46.4868857 255 79 163
1.2427875e-16 24.6689075 46.594199 255 79 163
1.88130004e-16 24.8772267 46.6679371 255 79 163
2.33646737e-16 25.0893034 46.7085766 255 79 163
2.25235271e-16 25.2980289 46.7182104 255 79 163
1.27676648e-16 25.5604282 46.6892148 255 79 163
2.64771945e-17 25.8208651 46.613704 255 79 163
8.76627405e-17 26.0957141 46.480202 255 79 163
-2.63812028e-16 26.280544 46.3704831 255 79 163
-5.76791954e-16 26.3657884 46.3343261 255 79 163
-4.29609922e-16 26.389081 46.3296203 255 79 163
0.510893239 25.3206385 45.7445196 255 79 163
0.251405135 25.8506434 46.2211376 255 79 163
0.108653959 26.1604839 46.2432589 255 79 163
0.0617485929 26.2925602 46.2297612 255 79 163
0.0420166398 24.3886993 45.8262949 255 79 163
0.0510890892 24.560789 46.0598923 255 79 163
0.120814778 24.7317391 45.9313099 255 79 163
0.118250059 24.7724208 46.000348 255 79 163
0.0453235828 24.8086227 46.3146869 255 79 163
0.0429574864 24.9091371 46.3805882 255 79 163
0.105097479 24.981215 46.2281509 255 79 163
0.203902899 25.0578045 46.0501785 255 79 163
0.404915323 25.5333769 46.0593784 255 79 163
0.0404366699 25.0150148 46.4351422 255 79 163
0.101045927 25.0450949 46.2747311 255 79 163
0.0377917553 25.1245019 46.4782045 255 79 163
0.0967815165 25.1119231 46.3159658 255 79 163
0.0923342581 25.1810805 46.3517555 255 79 163
0.08773377 25.2519555 46.3820669 255 79 163
1.09717739 25.7604453 45.684415 255 79 163
0.838783995 25.6706906 45.7880136 255 79 163
0.995777008 25.7922409 45.7959824 255 79 163
0.814264995 25.859572 45.9255546 255 79 163
0.646702752 25.9338286 46.0148426 255 79 163
0.30805579 26.132001 46.1425098 255 79 163
0 47.5939853 49.8229049 255 79 163
-1.75948377e-16 47.5939853 60.2390024 255 79 163
1.18155822 48.7755435 60.2390024 255 79 163
0.893196302 48.7398157 60.2390024 255 79 163
0.631808641 48.6398606 60.2390024 255 79 163
0.415544944 48.4935983 60.2390024 255 79 163
0.235283969 48.3015479 60.2390024 255 79 163
0.103741194 48.078124 60.2390024 255 79 163
0.0261557928 47.8412201 60.2390024 255 79 163
0.0063147158 47.7159793 60.2390024 255 79 163
1.18155822 48.7755435 49.8229049 255 79 163
0.0357278521 47.8823472 49.8229049 255 79 163
0.135682879 48.1437349 49.8229049 255 79 163
0.281945254 48.3599986 49.8229049 255 79 163
0.473995593 48.5402595 49.8229049 255 79 163
0.697419513 48.6718023 49.8229049 255 79 163
0.934323394 48.7493877 49.8229049 255 79 163
1.05956423 48.7692288 49.8229049 255 79 163
0 26.4120548 46.3280088 255 79 163
0.00456978305 26.4120548 46.2911257 255 79 163
0.0173545647 26.4120548 46.2576929 255 79 163
0.0360623034 26.4120548 46.2300316 255 79 163
0.0606265673 26.4120548 46.2069752 255 79 163
0.0892036796 26.4120548 46.1901502 255 79 163
0.119504951 26.4120548 46.1802266 255 79 163
0.135523923 26.4120548 46.1776888 255 79 163
0.151127605 26.4120548 46.1768812 255 79 163
0.34743 30.268249 46.1768812 255 79 163
0.915549064 35.4098413 46.1768812 255 79 163
1.55795768 40.2725959 46.1768812 255 79 163
2.07617909 45.1353505 46.1768812 255 79 163
0 45.1353505 48.2530602 255 79 163
0.0430118082 45.1353505 47.8326433 255 79 163
0.181297761 45.1353505 47.4045649 255 79 163
0.419753279 45.1353505 47.0013521 255 79 163
0.748241361 45.1353505 46.6570963 255 79 163
1.14207009 45.1353505 46.3988866 255 79 163
1.56787813 45.1353505 46.240065 255 79 163
1.8254992 45.1353505 46.1920704 255 79 163
4.19262982e-17 30.268249 46.5243112 255 79 163
-4.49328223e-17 35.4098413 47.0924302 255 79 163
-1.39546309e-16 40.2725959 47.7348388 255 79 163
0.101759891 30.268249 46.278641 255 79 163
0.0649468733 31.9821131 46.4366686 255 79 163
0.358205437 33.6959772 46.2664325 255 79 163
0.088598478 42.7039732 47.4582533 255 79 163
0.161239253 42.7039732 47.2687358 255 79 163
0.552581562 41.8935141 46.6537811 255 79 163
1.43351539 42.7039732 46.223652 255 79 163
1.24236226 42.7039732 46.2785012 255 79 163
0.216325243 31.1251811 46.2309625 255 79 163
0.176144596 32.8390452 46.3530257 255 79 163
0.129229637 33.9816212 46.4959992 255 79 163
0.102979741 34.5529093 46.5888001 255 79 163
0.268158112 35.4098413 46.4450393 255 79 163
0.427848907 35.9501474 46.3501423 255 79 163
0.522104993 36.2203004 46.3074074 255 79 163
0.47449202 36.7606065 46.3690308 255 79 163
0.362717428 37.8412186 46.5395986 255 79 163
0.144316758 37.0307595 46.7541482 255 79 163
0.679707036 36.62553 46.2524042 255 79 163
0.688082818 38.6516777 46.3489019 255 79 163
0.0983189739 39.0569073 47.0617519 255 79 163
0.242892754 38.9218307 46.7766775 255 79 163
0.185671434 39.4621368 46.9195669 255 79 163
0.261546309 39.7322898 46.8227404 255 79 163
0.109386855 40.2725959 47.1613629 255 79 163
0.456315239 40.2725959 46.6331964 255 79 163
0.879890548 39.7322898 46.3070425 255 79 163
0.215676031 40.812902 46.9934496 255 79 163
0.125583126 41.083055 47.202664 255 79 163
0.984481698 40.2725959 46.286268 255 79 163
0.844854677 40.812902 46.376698 255 79 163
0.113307075 41.6233611 47.2860722 255 79 163
1.07087853 41.083055 46.2846101 255 79 163
0.58540161 42.4338202 46.6578665 255 79 163
0.601871124 42.7039732 46.6593793 255 79 163
0.651287082 43.5144323 46.6617903 255 79 163
0.0490756304 30.696715 46.3731837 255 79 163
0.439630141 34.9813753 46.2867887 255 79 163
0.381225385 35.1241973 46.3312617 255 79 163
0.101362405 35.6799943 46.7004473 255 79 163
0.149180262 35.5899433 46.6080121 255 79 163
0.417521437 40.9479785 46.7251385 255 79 163
0.611855932 40.993004 46.543319 255 79 163
0.503914925 41.083055 46.6450295 255 79 163
0.346188989 41.263157 46.83598 255 79 163
0.496871069 41.353208 46.6709693 255 79 163
0.515105497 41.5333101 46.6654832 255 79 163
0.135540843 43.7845854 47.4186305 255 79 163
0.263671407 44.3248914 47.1901008 255 79 163
0.163447893 44.3248914 47.3912382 255 79 163
0.11476817 44.5950445 47.5353451 255 79 163
1.36659671 43.7845854 46.2681916 255 79 163
1.32349783 44.3248914 46.29711 255 79 163
1.19966601 44.3248914 46.346719 255 79 163
1.48850457 44.5950445 46.2508268 255 79 163
0.66581429 44.3248914 46.6912832 255 79 163
0 47.5939853 49.8229049 255 79 163
0.0357278521 47.8823472 49.8229049 255 79 163
0.135682879 48.1437349 49.8229049 255 79 163
0.281945254 48.3599986 49.8229049 255 79 163
0.473995593 48.5402595 49.8229049 255 79 163
0.697419513 48.6718023 49.8229049 255 79 163
0.934323394 48.7493877 49.8229049 255 79 163
1.05956423 48.7692288 49.8229049 255 79 163
1.18155822 48.7755435 49.8229049 255 79 163
1.22893007 48.6859645 49.0194222 255 79 163
1.35360068 48.421702 48.2552641 255 79 163
1.52509545 47.9955889 47.5678481 255 79 163
1.7132054 47.4282182 46.9910713 255 79 163
1.88785646 46.7472123 46.5537009 255 79 163
2.01889227 45.9860935 46.2777772 255 79 163
2.06019966 45.563711 46.2021857 255 79 163
2.07617909 45.1353505 46.1768812 255 79 163
0 45.1353505 48.2530602 255 79 163
0.0430118082 45.1353505 47.8326433 255 79 163
0.181297761 45.1353505 47.4045649 255 79 163
0.419753279 45.1353505 47.0013521 255 79 163
0.748241361 45.1353505 46.6570963 255 79 163
1.14207009 45.1353505 46.3988866 255 79 163
1.56787813 45.1353505 46.240065 255 79 163
1.8254992 45.1353505 46.1920704 255 79 163
-3.13242028e-17 47.5552314 49.5029188 255 79 163
8.07155659e-17 47.4452455 49.2011474 255 79 163
4.198467e-17 47.2758018 48.9320098 255 79 163
7.68219898e-17 47.0608034 48.7053835 255 79 163
1.73189239e-16 46.8149864 48.5264536 255 79 163
1.6040325e-16 46.5526572 48.3958713 255 79 163
-1.35335506e-17 46.2865312 48.3101986 255 79 163
-1.59360377e-17 45.6685293 48.2418559 255 79 163
0.356886921 48.3548481 49.1825071 255 79 163
0.595928568 45.7300072 46.8333639 255 79 163
0.0380098186 47.7157837 49.0681169 255 79 163
0.0864769153 47.9210092 49.1717062 255 79 163
0.0886378921 47.8534096 48.9958524 255 79 163
0.0421727907 47.3992251 48.576981 255 79 163
0.168467435 47.87391 48.6867272 255 79 163
0.0973293726 47.5705962 48.5185609 255 79 163
0.427728165 47.805698 48.0386358 255 79 163
0.0442099042 47.2391807 48.4119614 255 79 163
0.10080586 47.453105 48.3779663 255 79 163
0.741859204 48.6496767 49.3289791 255 79 163
0.0463738675 47.0655598 48.2671049 255 79 163
0.104475707 47.3264082 48.2480853 255 79 163
0.773138366 48.6116534 49.0839643 255 79 163
0.108284438 47.1918537 48.1292835 255 79 163
0.806256388 48.5046302 48.7036663 255 79 163
0.679424102 48.3174047 48.4392672 255 79 163
0.951548624 48.5890408 48.799814 255 79 163
0.0519599517 46.5956426 47.9941844 255 79 163
0.207532631 47.1194008 47.8343262 255 79 163
0.119950311 46.7558875 47.8413755 255 79 163
0.523527688 46.867289 47.2308758 255 79 163
0.887788851 48.2139957 48.0721474 255 79 163
0.123772914 46.6024437 47.7669286 255 79 163
0.0556566982 46.2558317 47.8732028 255 79 163
0.942925344 47.9959093 47.7444805 255 79 163
1.09122425 48.1691632 47.8900372 255 79 163
0.132548754 46.215837 47.6263747 255 79 163
1.00153408 47.7429833 47.4437389 255 79 163
0.844808398 47.4744499 47.3144186 255 79 163
1.18293879 47.8478815 47.4647566 255 79 163
0.248549135 46.0933141 47.3546481 255 79 163
0.14089283 45.7476772 47.5285192 255 79 163
1.10616544 47.222469 46.9892251 255 79 163
0.154658812 45.547156 47.4783247 255 79 163
1.16203951 46.8921317 46.7797842 255 79 163
1.35948676 47.089809 46.8129803 255 79 163
0.979573666 46.5038748 46.7124677 255 79 163
1.24584951 46.2620869 46.5032023 255 79 163
1.50328461 46.1831877 46.3948513 255 79 163
1.28081496 45.8857975 46.4017615 255 79 163
1.24071447 45.6342659 46.3811546 255 79 163
1.59931528 45.5575372 46.2543707 255 79 163
3.91634712 0.340727255 0 255 79 163
3.91634712 0.257572009 0.0103028804 255 79 163
3.91634712 0.182195359 0.0391270224 255 79 163
3.91634712 0.119831157 0.0813048658 255 79 163
3.91634712 0.0678490995 0.136686635 255 79 163
3.91634712 0.0299159634 0.201115639 255 79 163
3.91634712 0.007542575 0.269431874 255 79 163
3.91634712 0.00182098161 0.305547714 255 79 163
3.91634712 -4.4408921e-16 0.340727255 255 79 163
3.12083505 0.0816456624 0.400659476 255 79 163
2.3584917 0.323178426 0.557665941 255 79 163
1.6611028 0.714527665 0.777561354 255 79 163
1.05774589 1.23937611 1.02616042 255 79 163
0.573577784 1.87584034 1.26927784 255 79 163
0.22878577 2.59738311 1.47272832 255 79 163
0.0576203285 3.24701741 1.58792826 255 79 163
-4.4408921e-16 3.91634712 1.63082521 255 79 163
1.63082521 3.91634712 0 255 79 163
1.25729129 3.91634712 0.0433544931 255 79 163
0.880097465 3.91634712 0.183068768 255 79 163
0.568403048 3.91634712 0.393549972 255 79 163
0.333876112 3.91634712 0.642132183 255 79 163
0.158336456 3.91634712 0.929848939 255 79 163
0.0484521741 3.91634712 1.236254 255 79 163
0.0116515887 3.91634712 1.43622909 255 79 163
3.52873662 0.379731828 2.59111453e-16 255 79 163
3.15657251 0.491839213 -1.40432441e-16 255 79 163
2.81277481 0.66791188 -2.52951768e-16 255 79 163
2.50722114 0.897011362 -1.49026551e-16 255 79 163
2.24656942 1.16713961 -4.17608438e-17 255 79 163
2.03423451 1.46598685 -3.86182739e-18 255 79 163
1.82637554 1.88870455 2.1244857e-17 255 79 163
1.68641309 2.36933851 9.46064189e-17 255 79 163
1.61516465 3.19628457 -5.61650797e-17 255 79 163
3.17494273 0.189055032 0.116032915 255 79 163
2.47841029 0.4448607 0.158837475 255 79 163
1.76839555 0.758083094 0.38752043 255 79 163
1.44204017 1.84930839 0.0769159887 255 79 163
1.43459487 0.967054679 0.556331958 255 79 163
1.18729612 2.06977878 0.155317549 255 79 163
1.35123247 1.35123245 0.288727174 255 79 163
1.21213977 2.44040879 0.0928421247 255 79 163
1.31637637 2.71083662 0.0420198183 255 79 163
0.68486589 2.57782387 0.418616873 255 79 163
0.901074243 1.5435232 0.714599605 255 79 163
0.934708281 1.4285633 0.828690357 255 79 163
0.763307459 1.87132287 0.632739856 255 79 163
1.10732699 2.89740473 0.103136734 255 79 163
0.909423843 2.9946389 0.192832407 255 79 163
0.510003272 2.18443745 0.85500487 255 79 163
1.06652201 3.18926254 0.108359169 255 79 163
0.527806726 3.24232442 0.461421433 255 79 163
1.11766561 3.44590858 0.084666386 255 79 163
0.391789908 2.30808359 1.05500216 255 79 163
0.357429428 2.54375038 0.917205603 255 79 163
0.370030099 2.7770421 0.766056496 255 79 163
0.245316276 2.90065771 0.966583008 255 79 163
0.155257635 3.00710133 1.17281986 255 79 163
0.175332623 3.21993334 0.999574002 255 79 163
0.155029716 3.45250419 0.983104996 255 79 163
1.9960058 1.1054727 0.0418061167 255 79 163
1.9993436 0.935627262 0.0930988007 255 79 163
1.85857557 1.07090634 0.101200129 255 79 163
1.68940917 1.15803448 0.150350637 255 79 163
87.5229525 8.50697745 -1.49657477e-17 218 222 230
87.8074317 33.5084916 2.12412576e-14 218 222 230
2.16646532 25.6839959 0 218 222 230
1.7651563 25.6072516 -1.09716318e-17 218 222 230
1.38635696 25.4537514 1.7756253e-17 218 222 230
1.04464091 25.2290832 -1.04189453e-17 218 222 230
0.753343758 24.9416273 -1.0401271e-17 218 222 230
0.524011856 24.6023055 -3.4546079e-17 218 222 230
0.365897758 24.2242151 -3.03394244e-17 218 222 230
0.298393377 23.9261142 7.23673851e-17 218 222 230
0.275700659 23.6212501 0 218 222 230
1.63082521 3.91634712 0 218 222 230
1.38497587 7.93849212 1.00194617e-16 218 222 230
0.913816948 13.7687986 2.17965251e-17 218 222 230
0.485748802 19.3575657 -1.12113559e-16 218 222 230
3.91634712 0.340727255 0 218 222 230
3.52873662 0.379731828 2.59111453e-16 218 222 230
3.15657251 0.491839213 -1.40432441e-16 218 222 230
2.81277481 0.66791188 -2.52951768e-16 218 222 230
2.50722114 0.897011362 -1.49026551e-16 218 222 230
2.24656942 1.16713961 -4.17608438e-17 218 222 230
2.03423451 1.46598685 -3.86182739e-18 218 222 230
1.82637554 1.88870455 2.1244857e-17 218 222 230
1.68641309 2.36933851 9.46064189e-17 218 222 230
1.61516465 3.19628457 -5.61650797e-17 218 222 230
6.21853559 0.173557386 0 218 222 230
7.6776324 1.82800078 0 218 222 230
7.64189095 1.44661271 -4.16428818e-19 218 222 230
7.52601191 1.07313074 2.13211555e-17 218 222 230
7.34423422 0.759750147 1.6586432e-17 218 222 230
7.11613771 0.514629465 -2.54178972e-18 218 222 230
6.83239568 0.323786233 2.8847493e-17 218 222 230
6.54008049 0.213683052 -2.72350623e-17 218 222 230
6.38069748 0.183732942 -8.18758678e-17 218 222 230
7.89869928 4.99238747 0 218 222 230
9.54242838 9.00742118 0 218 222 230
9.1739145 8.96846382 6.09131594e-16 218 222 230
8.81993819 8.85648643 -4.41563801e-17 218 222 230
8.49289384 8.6802202 -8.4217529e-17 218 222 230
8.20267815 8.44981311 1.68133876e-16 218 222 230
7.95661388 8.17630425 2.80610293e-16 218 222 230
7.7594812 7.87114823 1.98370059e-16 218 222 230
7.61359429 7.54580078 8.40630276e-17 218 222 230
7.51888495 7.21135738 6.09764629e-17 218 222 230
7.46778218 6.7691296 1.15158236e-16 218 222 230
7.49871189 6.30111636 4.51787346e-17 218 222 230
7.59699166 5.88682371 -6.91820163e-17 218 222 230
7.79485068 5.37487566 -2.09783001e-16 218 222 230
7.87482383 5.15413898 -1.20355378e-15 218 222 230
7.89282899 5.06968571 -1.26057181e-15 218 222 230
52.8649418 8.72740582 -1.64466934e-16 218 222 230
31.2036851 8.91279653 -1.37819389e-16 218 222 230
2.16646532 25.6839959 0 255 79 163
2.16016802 25.7529213 0.0085753772 255 79 163
2.1544598 25.8153992 0.0325665216 255 79 163
2.149737 25.8670914 0.0676723273 255 79 163
2.14580043 25.9101781 0.113768132 255 79 163
2.14292778 25.9416199 0.167394205 255 79 163
2.14123345 25.9601647 0.224255729 255 79 163
2.14080016 25.9649072 0.254315958 255 79 163
2.14066226 25.9664165 0.283596881 255 79 163
1.58523711 25.8468492 0.282966216 255 79 163
1.07461301 25.5977382 0.281508681 255 79 163
0.638512056 25.2335834 0.279640234 255 79 163
0.302317109 24.7755823 0.277774747 255 79 163
0.0855961894 24.2503931 0.276324476 255 79 163
0.0214972635 23.9387195 0.275847494 255 79 163
0 23.6212501 0.275700659 255 79 163
0.275700659 23.6212501 0 255 79 163
0.208415299 23.6212501 0.00833661195 255 79 163
0.147424017 23.6212501 0.031659768 255 79 163
0.0969618026 23.6212501 0.0657881186 255 79 163
0.0549003379 23.6212501 0.110600473 255 79 163
0.0242066072 23.6212501 0.162733428 255 79 163
0.00610310113 23.6212501 0.21801175 255 79 163
0.00147345368 23.6212501 0.247235009 255 79 163
1.7651563 25.6072516 -1.09716318e-17 255 79 163
1.38635696 25.4537514 1.7756253e-17 255 79 163
1.04464091 25.2290832 -1.04189453e-17 255 79 163
0.753343758 24.9416273 -1.0401271e-17 255 79 163
0.524011856 24.6023055 -3.4546079e-17 255 79 163
0.365897758 24.2242151 -3.03394244e-17 255 79 163
0.298393377 23.9261142 7.23673851e-17 255 79 163
1.67809833 25.7900711 0.082914391 255 79 163
0.847349457 25.3219962 0.0821106427 255 79 163
0.281424513 24.5541097 0.0811745327 255 79 163
0.131515526 24.0983702 0.0808584869 255 79 163
1.45008848 25.7054236 0.0827590002 255 79 163
1.31580348 25.6942245 0.144208607 255 79 163
1.20517801 25.5812331 0.0825365132 255 79 163
1.01737504 25.4584543 0.0823279378 255 79 163
0.648753282 25.123116 0.0818215155 255 79 163
0.511363238 25.0284539 0.142458267 255 79 163
0.479811813 24.9064924 0.0815435775 255 79 163
0.362012404 24.7154122 0.0813305266 255 79 163
0.171063846 24.2548901 0.0809453923 255 79 163
0.103455348 23.9412789 0.0807956879 255 79 163
1.34302363 25.5867385 0.0360434822 255 79 163
0.621860058 24.9962803 0.0356334023 255 79 163
3.91634712 3.25406074 62.7642512 255 79 163
3.91634712 2.48427022 62.6718884 255 79 163
3.91634712 1.78461912 62.4135769 255 79 163
3.91634712 1.20065175 62.0345563 255 79 163
3.91634712 0.705860821 61.5339465 255 79 163
3.91634712 0.334078188 60.9463705 255 79 163
3.91634712 0.101420656 60.3162747 255 79 163
3.91634712 0.0243733002 59.9077208 255 79 163
3.91634712 -4.4408921e-16 59.5101905 255 79 163
3.26466521 0.0546007016 59.5706502 255 79 163
2.63115448 0.216880314 59.7335598 255 79 163
2.03347937 0.482313954 59.9712149 255 79 163
1.48830517 0.843500392 60.2559113 255 79 163
1.01083324 1.29036848 60.5599446 255 79 163
0.614377143 1.81045799 60.8556104 255 79 163
0.309991452 2.38926704 61.1152044 255 79 163
0.106163526 3.01065637 61.3110223 255 79 163
0.0266314371 3.46040128 61.3951421 255 79 163
-4.4408921e-16 3.91634712 61.4252755 255 79 163
1.33897573 3.91634712 62.7642512 255 79 163
1.01219572 3.91634712 62.7237634 255 79 163
0.715983711 3.91634712 62.6104915 255 79 163
0.470907473 3.91634712 62.4447427 255 79 163
0.266630556 3.91634712 62.2271058 255 79 163
0.117562503 3.91634712 61.9739154 255 79 163
0.0296404961 3.91634712 61.7054491 255 79 163
0.00715601743 3.91634712 61.5635226 255 79 163
3.88851898 3.25064964 62.7642512 255 79 163
3.85976378 3.24074502 62.7642512 255 79 163
3.8185157 3.21839445 62.7642512 255 79 163
3.31391262 2.90251031 62.7642512 255 79 163
2.9559164 2.79321837 62.7642512 255 79 163
2.57032245 2.77174822 62.7642512 255 79 163
2.2091209 2.84139164 62.7642512 255 79 163
1.9013004 2.98377902 62.7642512 255 79 163
1.66131646 3.17452966 62.7642512 255 79 163
1.49214416 3.39017247 62.7642512 255 79 163
1.3891608 3.61144692 62.7642512 255 79 163
1.35178298 3.76220123 62.7642512 255 79 163
3.33354255 0.986391506 61.8352607 255 79 163
0.483531791 3.23351786 62.3479724 255 79 163
3.81885057 2.51841432 62.681466 255 79 163
3.69663301 1.96053974 62.5003086 255 79 163
3.59925 2.04444448 62.5400537 255 79 163
3.46171931 2.39612137 62.6710673 255 79 163
3.19052185 2.02399209 62.5542992 255 79 163
2.80183591 2.32474576 62.6853181 255 79 163
2.87532975 1.70805219 62.3955068 255 79 163
2.73510345 2.04307777 62.5751687 255 79 163
2.17144977 1.30492376 61.988636 255 79 163
2.52259814 2.07632013 62.5855789 255 79 163
3.27219006 0.313087666 60.8289127 255 79 163
2.20690674 2.41999769 62.6984709 255 79 163
2.02205085 2.23406953 62.610597 255 79 163
2.62712744 0.624233194 61.2410563 255 79 163
2.94652407 0.347691212 60.7999276 255 79 163
3.27759226 0.131204133 60.2707676 255 79 163
2.04454448 1.94468353 62.4648289 255 79 163
1.95494656 2.52034011 62.7038963 255 79 163
3.26864558 0.0781876509 59.9607945 255 79 163
1.8228019 2.33512563 62.6206109 255 79 163
1.13367373 2.05702425 62.1945971 255 79 163
1.73693031 2.64481555 62.7085262 255 79 163
1.64960842 2.44581166 62.6293192 255 79 163
2.26101659 0.589523293 60.9601828 255 79 163
1.50131332 2.56151462 62.6367802 255 79 163
1.4198994 2.91541237 62.7151826 255 79 163
1.98418948 0.731359827 61.0442435 255 79 163
2.16452038 0.509757103 60.6214092 255 79 163
1.29397103 2.76698348 62.6472344 255 79 163
1.22579488 2.54376985 62.5402736 255 79 163
0.741409757 2.60124488 62.2844312 255 79 163
1.71911046 0.895681469 61.1345901 255 79 163
1.1856678 2.90327889 62.6527175 255 79 163
1.25994268 3.49064234 62.7541186 255 79 163
1.79345713 0.721148584 60.7590253 255 79 163
1.30892674 1.39525171 61.6065508 255 79 163
1.46772173 1.08173815 61.2290343 255 79 163
1.10683068 3.46610508 62.7263506 255 79 163
1.03079034 3.15774225 62.6606136 255 79 163
1.44743161 0.97252647 60.9077193 255 79 163
0.921184266 2.98232609 62.569519 255 79 163
0.885382748 3.39173422 62.6466824 255 79 163
0.942004541 1.59850733 61.4545216 255 79 163
0.71346057 2.09738649 61.8322806 255 79 163
0.750288074 1.84933091 61.5467523 255 79 163
0.802387234 1.64323749 61.239486 255 79 163
0.55295369 2.16441546 61.6479938 255 79 163
0.410467022 2.44801486 61.7256456 255 79 163
0.329910965 2.90776786 62.0010806 255 79 163
0.443049461 2.22285156 61.4595447 255 79 163
0.29298154 2.74354489 61.7931196 255 79 163
0.271862961 2.61810254 61.5758642 255 79 163
0.188603446 3.10284481 61.8564136 255 79 163
0.143995945 3.37226793 61.9090688 255 79 163
2.70667283 1.10923433 61.9045682 255 79 163
1.63493209 1.61397164 62.0891673 255 79 163
3.91634712 -4.4408921e-16 0.340727255 218 222 230
3.91634712 -4.4408921e-16 59.5101905 218 222 230
18.5710135 1.92250483e-16 59.7941641 218 222 230
38.1105687 7.2113032e-17 60.4718844 218 222 230
62.4135544 -1.66829698e-16 61.4123043 218 222 230
75.4731722 -1.80990896e-16 61.7932521 218 222 230
88.5327899 -2.22044605e-16 61.9825163 218 222 230
88.5327899 -5.55111512e-17 33.8536923 218 222 230
87.2226665 0 28.3163097 218 222 230
87.2814647 3.45602421e-19 28.3236828 218 222 230
87.3356089 3.95668036e-19 28.3432976 218 222 230
87.3854152 2.72976588e-19 28.3719961 218 222 230
87.4456936 -3.51793418e-20 28.4202094 218 222 230
87.5695427 -1.07762916e-18 28.5651583 218 222 230
87.692476 -2.72934998e-18 28.7705973 218 222 230
87.929064 -9.20940295e-18 29.3509536 218 222 230
88.3185953 -3.67675294e-17 31.0560803 218 222 230
88.4782828 -5.51431026e-17 32.4434826 218 222 230
9.59035398 0 28.3666725 218 222 230
6.21853559 0 13.5475888 218 222 230
6.19395743 -7.92115763e-17 15.1260927 218 222 230
6.30142357 -7.72122283e-16 16.2180524 218 222 230
6.78679782 -2.46271128e-17 18.1415572 218 222 230
7.41270703 2.22943477e-17 20.553448 218 222 230
7.84911348 -4.23089993e-16 23.1848417 218 222 230
8.35272223 1.79716916e-16 26.0957803 218 222 230
8.74104684 -2.68764905e-17 27.3786461 218 222 230
8.995968 1.05503318e-16 27.8979232 218 222 230
9.20351675 -4.56328081e-16 28.1713926 218 222 230
9.34919246 -7.81993696e-16 28.2913207 218 222 230
9.45725138 4.62018451e-15 28.3437897 218 222 230
9.52372685 8.86589823e-15 28.3609443 218 222 230
6.21853559 -4.4408921e-16 0.173557386 218 222 230
60.4329848 0 40.3146644 218 222 230
54.6683786 0 40.3146644 218 222 230
54.3108667 1.40874399e-17 40.2755511 218 222 230
53.967777 -1.45694562e-17 40.1547802 218 222 230
53.6879043 -1.52396965e-17 39.9745038 218 222 230
53.4747489 -7.58129398e-19 39.7570674 218 222 230
53.3125606 -8.45724057e-18 39.4946009 218 222 230
53.2197423 9.9721639e-18 39.2255108 218 222 230
53.1876289 0 38.9413009 218 222 230
53.1876289 0 37.5803956 218 222 230
54.862615 0 35.5811322 218 222 230
54.5272732 -8.41028364e-17 35.6201105 218 222 230
54.2109206 -2.95974346e-17 35.7313796 218 222 230
53.9284851 -3.9178075e-17 35.9036739 218 222 230
53.68993 -3.16251269e-17 36.1234529 218 222 230
53.5001838 -3.86492004e-18 36.3766271 218 222 230
53.3595975 -1.93865027e-17 36.6501451 218 222 230
53.2648337 -6.38596114e-17 36.9333363 218 222 230
53.2053813 9.85332818e-18 37.2575571 218 222 230
61.7899209 0 35.321201 218 222 230
62.5544283 0 36.8006697 218 222 230
62.6103457 5.34687521e-17 36.36286 218 222 230
62.6039607 3.23565039e-18 36.1176092 218 222 230
62.5492604 2.97530454e-17 35.895724 218 222 230
62.470737 6.90165055e-17 35.7320025 218 222 230
62.3459587 2.81382411e-17 35.5691113 218 222 230
62.1965734 -1.95592401e-17 35.4456563 218 222 230
62.0516645 9.5020621e-17 35.3712905 218 222 230
61.9230915 2.57772021e-16 35.3340896 218 222 230
62.5544283 0 38.1695831 218 222 230
62.5144535 9.06603744e-18 38.5847014 218 222 230
62.3955448 1.63567825e-18 38.9848152 218 222 230
62.2013547 -2.90752247e-18 39.3550325 218 222 230
61.9384246 7.42723778e-20 39.6810914 218 222 230
61.6161345 9.85254893e-18 39.9499653 218 222 230
61.2465091 1.39025922e-17 40.1504866 218 222 230
60.848102 -2.25197121e-18 40.2730989 218 222 230
88.5735979 33.8632697 1.60828789 218 222 230
88.2921577 33.8375562 8.28727778 218 222 230
87.5969939 33.7740433 17.1925976 218 222 230
86.1533074 33.6421424 33.0969943 218 222 230
85.7609497 33.6062951 39.3245339 218 222 230
85.5911487 33.5907814 45.5520735 218 222 230
1.83288784 25.9382971 45.5520735 218 222 230
2.14066226 25.9664165 0.283596881 218 222 230
87.7816287 33.7909122 0.283596881 218 222 230
88.592802 33.8650242 1.23881162 218 222 230
88.5772894 33.8636069 1.0277976 218 222 230
88.532993 33.8595598 0.853793969 218 222 230
88.4424185 33.8512846 0.666210367 218 222 230
88.316299 33.8397618 0.509724382 218 222 230
88.1821141 33.8275022 0.403039509 218 222 230
88.0110327 33.8118715 0.321366846 218 222 230
87.8979134 33.8015365 0.293241181 218 222 230
1.33897573 3.91634712 62.7642512 218 222 230
1.62219538 15.8325375 62.7642512 218 222 230
2.15644395 31.1431438 62.7642512 218 222 230
2.39869052 39.4554953 62.7642512 218 222 230
2.51635235 46.4537501 62.7642512 218 222 230
3.91634712 3.25406074 62.7642512 218 222 230
3.88851898 3.25064964 62.7642512 218 222 230
3.85976378 3.24074502 62.7642512 218 222 230
3.8185157 3.21839445 62.7642512 218 222 230
3.31391262 2.90251031 62.7642512 218 222 230
2.9559164 2.79321837 62.7642512 218 222 230
2.57032245 2.77174822 62.7642512 218 222 230
2.2091209 2.84139164 62.7642512 218 222 230
1.9013004 2.98377902 62.7642512 218 222 230
1.66131646 3.17452966 62.7642512 218 222 230
1.49214416 3.39017247 62.7642512 218 222 230
1.3891608 3.61144692 62.7642512 218 222 230
1.35178298 3.76220123 62.7642512 218 222 230
18.5710135 2.97008709 62.7642512 218 222 230
38.1105687 2.29236676 62.7642512 218 222 230
62.4135544 1.35194686 62.7642512 218 222 230
75.4731722 0.9709991 62.7642512 218 222 230
88.5327899 0.781734892 62.7642512 218 222 230
89.1628811 0.881833436 62.7642512 218 222 230
89.1564879 0.830120347 62.7642512 218 222 230
89.1381017 0.780760418 62.7642512 218 222 230
89.1091528 0.735778129 62.7642512 218 222 230
89.0713293 0.696815043 62.7642512 218 222 230
89.0264993 0.665100502 62.7642512 218 222 230
88.9766326 0.641436987 62.7642512 218 222 230
88.9237247 0.626199044 62.7642512 218 222 230
88.8697231 0.619344711 62.7642512 218 222 230
88.816457 0.620438361 62.7642512 218 222 230
88.7493897 0.632837351 62.7642512 218 222 230
88.6829179 0.658491935 62.7642512 218 222 230
88.6288582 0.691629102 62.7642512 218 222 230
88.5884098 0.72639126 62.7642512 218 222 230
88.553887 0.764714258 62.7642512 218 222 230
88.5421369 0.77723378 62.7642512 218 222 230
88.9219216 8.01091289 62.7642512 218 222 230
88.2705786 17.5163522 62.7642512 218 222 230
87.1004466 31.1955058 62.7642512 218 222 230
86.5661942 38.5913966 62.7642512 218 222 230
86.2715601 44.8746595 62.7642512 218 222 230
20.5340477 46.2284308 62.7642512 218 222 230
44.5576414 45.6664205 62.7642512 218 222 230
65.4146007 45.1653117 62.7642512 218 222 230
1.18155822 48.7755435 60.2390024 255 79 163
0.893196302 48.7398157 60.2390024 255 79 163
0.631808641 48.6398606 60.2390024 255 79 163
0.415544944 48.4935983 60.2390024 255 79 163
0.235283969 48.3015479 60.2390024 255 79 163
0.103741194 48.078124 60.2390024 255 79 163
0.0261557928 47.8412201 60.2390024 255 79 163
0.0063147158 47.7159793 60.2390024 255 79 163
-1.75948377e-16 47.5939853 60.2390024 255 79 163
0.0267204487 47.5672462 60.6055491 255 79 163
0.106261707 47.4922789 60.964399 255 79 163
0.236930862 47.3801727 61.3080406 255 79 163
0.416045893 47.2419252 61.6292599 255 79 163
0.72378995 47.0357793 62.0109769 255 79 163
1.15100489 46.8034595 62.3602291 255 79 163
1.64452383 46.6058213 62.607979 255 79 163
2.07344458 46.4969593 62.7249015 255 79 163
2.51635235 46.4537501 62.7642512 255 79 163
2.51635235 48.7755435 60.4424577 255 79 163
2.51635235 48.7326804 60.8865311 255 79 163
2.51635235 48.5950772 61.3399224 255 79 163
2.51635235 48.3570188 61.7722295 255 79 163
2.51635235 48.0260589 62.1508399 255 79 163
2.51635235 47.623284 62.4481784 255 79 163
2.51635235 47.1790626 62.6480521 255 79 163
2.51635235 46.8116178 62.7365056 255 79 163
1.19133741 48.7755435 60.3317091 255 79 163
1.21966371 48.7755435 60.4213449 255 79 163
1.26476015 48.7755435 60.5051929 255 79 163
1.32455492 48.7755435 60.5809512 255 79 163
1.39674866 48.7755435 60.6467587 255 79 163
1.47888358 48.7755435 60.7012118 255 79 163
1.5684132 48.7755435 60.7433708 255 79 163
1.69485929 48.7755435 60.7796984 255 79 163
1.84002158 48.7755435 60.7936739 255 79 163
1.98080398 48.7755435 60.7813097 255 79 163
2.11055195 48.7755435 60.7466623 255 79 163
2.22411289 48.7755435 60.6953706 255 79 163
2.31815311 48.7755435 60.6342726 255 79 163
2.41128369 48.7755435 60.5507419 255 79 163
2.49088182 48.7755435 60.458502 255 79 163
2.50434756 48.7755435 60.4466058 255 79 163
0.402111277 48.4156178 60.659551 255 79 163
2.15387085 48.1111441 62.06132 255 79 163
0.961962056 48.7423873 60.513243 255 79 163
1.0648502 48.7361492 60.7225585 255 79 163
0.76285063 48.6730668 60.5614779 255 79 163
0.867533706 48.6863356 60.7003141 255 79 163
0.898359658 48.6847476 60.7532508 255 79 163
1.27070081 48.7317087 60.9179634 255 79 163
1.34298714 48.7301294 60.9638612 255 79 163
1.43427694 48.7281147 61.0104425 255 79 163
1.11908396 48.6734393 61.0097592 255 79 163
0.842754318 48.6013651 60.9495607 255 79 163
0.798935758 48.3253353 61.3865434 255 79 163
1.16496142 48.6710926 61.047249 255 79 163
1.5334273 48.725897 61.0489281 255 79 163
1.2283361 48.6678493 61.0931779 255 79 163
1.30206068 48.6640725 61.1392677 255 79 163
1.37767695 48.660194 61.179479 255 79 163
1.81697584 48.7193593 61.102373 255 79 163
1.91049529 48.7171391 61.1040298 255 79 163
1.66689461 48.6453462 61.2807129 255 79 163
1.37117925 48.5523485 61.3889728 255 79 163
1.43526616 48.2034075 61.8569623 255 79 163
1.99952011 48.7150049 61.0989941 255 79 163
0.148125626 48.0115203 60.7478067 255 79 163
1.74304795 48.6414597 61.295835 255 79 163
1.81788386 48.6376714 61.3067026 255 79 163
2.09675063 48.7126711 61.0866821 255 79 163
0.367334827 48.0761042 61.1678725 255 79 163
0.212609888 47.9541728 60.9959078 255 79 163
1.89105452 48.6340162 61.3137941 255 79 163
0.0854960303 47.7870666 60.7807231 255 79 163
1.98556849 48.6294099 61.3182719 255 79 163
0.413985431 47.850807 61.4254716 255 79 163
0.510119029 47.8054632 61.5732483 255 79 163
2.2303144 48.6187757 61.3111558 255 79 163
2.00330768 48.500258 61.5611209 255 79 163
0.392444902 47.6519859 61.5047396 255 79 163
0.890283813 47.884984 61.8588219 255 79 163
0.654497433 47.7414474 61.7580103 255 79 163
2.32685028 48.6099073 61.3182801 255 79 163
0.551925259 47.5648166 61.7358718 255 79 163
0.995106087 47.6078319 62.081769 255 79 163
1.20975532 47.5354432 62.2312214 255 79 163
1.02423288 47.3467896 62.1989035 255 79 163
1.68425197 47.6781552 62.326281 255 79 163
1.43851803 47.468269 62.3564462 255 79 163
1.32715153 47.235276 62.3925752 255 79 163
1.87480365 47.370112 62.5172194 255 79 163
2.0831983 47.2958122 62.5795461 255 79 163
1.83288784 25.9382971 45.5520735 255 79 163
1.83089083 25.9382961 45.5670998 255 79 163
1.82437867 25.9383068 45.5833621 255 79 163
1.81250311 25.9383615 45.6010047 255 79 163
1.78929584 25.9385698 45.6247213 255 79 163
1.7399623 25.93939 45.6608599 255 79 163
1.19652329 25.9803501 45.89079 255 79 163
0.622164484 26.103974 46.0698778 255 79 163
0.303444456 26.2380801 46.1482071 255 79 163
0.208671934 26.3063589 46.1670327 255 79 163
0.171753253 26.3489012 46.1735133 255 79 163
0.157188076 26.3772708 46.1758881 255 79 163
0.152477512 26.3946555 46.176637 255 79 163
0.151127605 26.4120548 46.1768812 255 79 163
85.5911487 33.5907814 45.5520735 255 79 163
85.5935323 33.5914448 45.5756492 255 79 163
85.6005775 33.5934233 45.5991506 255 79 163
85.6121216 33.5966925 45.6225081 255 79 163
85.6342227 33.6030028 45.6533111 255 79 163
85.6677825 33.6126561 45.6873262 255 79 163
85.7258464 33.6294555 45.7313037 255 79 163
85.8384891 33.6621325 45.7935473 255 79 163
86.6238847 33.8846647 46.0090402 255 79 163
87.8964294 34.2821382 46.1595685 255 79 163
88.0339594 34.364236 46.1721388 255 79 163
88.0710689 34.4013276 46.1753803 255 79 163
88.0854125 34.4240439 46.1764951 255 79 163
88.0901078 34.435411 46.1767832 255 79 163
88.0931077 34.4467802 46.1768812 255 79 163
1.18155822 48.7755435 49.8229049 218 222 230
1.18155822 48.7755435 60.2390024 218 222 230
1.19133741 48.7755435 60.3317091 218 222 230
1.21966371 48.7755435 60.4213449 218 222 230
1.26476015 48.7755435 60.5051929 218 222 230
1.32455492 48.7755435 60.5809512 218 222 230
1.39674866 48.7755435 60.6467587 218 222 230
1.47888358 48.7755435 60.7012118 218 222 230
1.5684132 48.7755435 60.7433708 218 222 230
1.69485929 48.7755435 60.7796984 218 222 230
1.84002158 48.7755435 60.7936739 218 222 230
1.98080398 48.7755435 60.7813097 218 222 230
2.11055195 48.7755435 60.7466623 218 222 230
2.22411289 48.7755435 60.6953706 218 222 230
2.31815311 48.7755435 60.6342726 218 222 230
2.41128369 48.7755435 60.5507419 218 222 230
2.49088182 48.7755435 60.458502 218 222 230
2.50434756 48.7755435 60.4466058 218 222 230
2.51635235 48.7755435 60.4424577 218 222 230
20.5340477 48.7755435 60.2171385 218 222 230
44.5576414 48.7755435 59.6551281 218 222 230
66.2484259 48.7755435 59.1369508 218 222 230
77.6979708 48.7755435 58.9437795 218 222 230
87.9392105 48.7755435 58.8555594 218 222 230
88.3973282 48.7755435 47.3179845 218 222 230
88.395591 48.7755435 47.3018829 218 222 230
88.3906097 48.7755435 47.2865506 218 222 230
88.3797355 48.7755435 47.2683566 218 222 230
88.3650752 48.7755435 47.2534305 218 222 230
88.3499551 48.7755435 47.2433512 218 222 230
88.3340327 48.7755435 47.2363688 218 222 230
88.3128751 48.7755435 47.231162 218 222 230
88.2925733 48.7755435 47.2292359 218 222 230
88.2733078 48.7755435 47.228925 218 222 230
15.0863966 48.7755435 49.599538 218 222 230
33.6261812 48.7755435 48.9806225 218 222 230
66.7083269 48.7755435 47.673833 218 222 230
77.4908173 48.7755435 47.3789116 218 222 230
0.151127605 26.4120548 46.1768812 218 222 230
0.34743 30.268249 46.1768812 218 222 230
0.915549064 35.4098413 46.1768812 218 222 230
1.55795768 40.2725959 46.1768812 218 222 230
2.07617909 45.1353505 46.1768812 218 222 230
16.1262247 45.3796092 46.1768812 218 222 230
34.8596188 46.0207915 46.1768812 218 222 230
54.355828 46.8240304 46.1768812 218 222 230
71.3145679 47.4192561 46.1768812 218 222 230
80.1434402 47.6256898 46.1768812 218 222 230
88.2733078 47.7234997 46.1768812 218 222 230
88.0931077 34.4467802 46.1768812 218 222 230
1.18155822 48.7755435 49.8229049 255 79 163
15.0863966 48.7755435 49.599538 255 79 163
33.6261812 48.7755435 48.9806225 255 79 163
66.7083269 48.7755435 47.673833 255 79 163
77.4908173 48.7755435 47.3789116 255 79 163
88.2733078 48.7755435 47.228925 255 79 163
1.22893007 48.6859645 49.0194222 255 79 163
1.35360068 48.421702 48.2552641 255 79 163
1.52509545 47.9955889 47.5678481 255 79 163
1.7132054 47.4282182 46.9910713 255 79 163
1.88785646 46.7472123 46.5537009 255 79 163
2.01889227 45.9860935 46.2777772 255 79 163
2.06019966 45.563711 46.2021857 255 79 163
2.07617909 45.1353505 46.1768812 255 79 163
16.1262247 45.3796092 46.1768812 255 79 163
34.8596188 46.0207915 46.1768812 255 79 163
54.355828 46.8240304 46.1768812 255 79 163
71.3145679 47.4192561 46.1768812 255 79 163
80.1434402 47.6256898 46.1768812 255 79 163
88.2733078 47.7234997 46.1768812 255 79 163
88.2733078 48.7437319 46.9721713 255 79 163
88.2733078 48.6547333 46.7394352 255 79 163
88.2733078 48.5245032 46.5468769 255 79 163
88.2733078 48.3535041 46.3863749 255 79 163
88.2733078 48.1545704 46.2692509 255 79 163
88.2733078 47.9436343 46.2001699 255 79 163
88.2733078 47.8321215 46.1825037 255 79 163
1.26757947 48.6916586 49.0448592 255 79 163
1.35332679 48.5902048 48.674381 255 79 163
5.93101674 48.6965316 49.0272982 255 79 163
8.305746 48.5942669 48.6196437 255 79 163
71.837904 48.6041688 46.86238 255 79 163
76.3162751 48.1480982 46.3337425 255 79 163
81.9691884 48.6325509 46.7488517 255 79 163
84.208374 48.1263918 46.2695005 255 79 163
85.5633519 48.5869381 46.6426211 255 79 163
84.208374 48.4567178 46.4957068 255 79 163
85.5633519 48.4680803 46.4983182 255 79 163
84.208374 48.3436447 46.3972377 255 79 163
85.5633519 48.3409581 46.3877115 255 79 163
84.208374 48.2321724 46.323237 255 79 163
3.0564392 48.1741456 47.8073838 255 79 163
3.82211112 48.2550351 47.9303892 255 79 163
3.72805605 48.4399793 48.2794575 255 79 163
3.23643147 47.5789038 47.1136387 255 79 163
3.37863385 46.9902558 46.6802908 255 79 163
4.58415158 48.2787188 47.9643598 255 79 163
6.1082325 48.3246275 48.031055 255 79 163
3.99804445 47.6518561 47.1771685 255 79 163
4.05850463 47.449497 46.9979087 255 79 163
4.12402257 47.1089276 46.750055 255 79 163
4.74174725 47.7868855 47.3079625 255 79 163
6.22915285 48.0337861 47.5859027 255 79 163
3.51465687 45.9282868 46.2619061 255 79 163
4.17497036 46.8739177 46.6113177 255 79 163
4.85969786 47.303979 46.880327 255 79 163
6.33104844 47.6671933 47.1757116 255 79 163
4.23389576 46.3319102 46.3735923 255 79 163
4.24188545 46.1118957 46.3056731 255 79 163
4.91917751 46.9418178 46.6454455 255 79 163
6.40759181 47.0762468 46.7169259 255 79 163
6.38849621 47.3357064 46.8941912 255 79 163
6.52667923 46.4058696 46.391383 255 79 163
6.58622294 46.0604818 46.2854836 255 79 163
9.26727129 48.1571346 47.7237878 255 79 163
8.48712652 48.2738779 47.9162525 255 79 163
8.55264446 48.042465 47.5737074 255 79 163
8.39980107 48.4556447 48.2647573 255 79 163
8.57329817 47.8967726 47.3953479 255 79 163
9.32773146 48.0006906 47.511377 255 79 163
8.58128786 47.7327 47.2197247 255 79 163
9.37867926 47.8236135 47.3055643 255 79 163
9.7010064 47.9730447 47.4727975 255 79 163
9.74803393 47.8442655 47.3237833 255 79 163
9.79169666 47.7054846 47.1803241 255 79 163
11.4961365 48.4316305 48.1679889 255 79 163
9.76622352 45.8072433 46.2232608 255 79 163
13.6112457 46.161123 46.281458 255 79 163
11.0962668 46.9802808 46.6256968 255 79 163
14.2762674 46.7407179 46.4778909 255 79 163
17.4352138 48.481704 48.1632361 255 79 163
15.3463536 48.5356941 48.3355257 255 79 163
15.8662677 46.6253425 46.4157924 255 79 163
18.3496654 48.6747029 48.6978957 255 79 163
23.4418373 48.7339108 48.8413737 255 79 163
21.6129342 48.3621167 47.8305882 255 79 163
22.1651164 46.3422492 46.2742129 255 79 163
20.5012138 46.7084999 46.4065527 255 79 163
27.6195577 48.6838672 48.4687887 255 79 163
26.3966172 46.1961544 46.2171841 255 79 163
29.2511921 48.566885 48.0548077 255 79 163
31.5318135 46.5943178 46.2641302 255 79 163
28.2040082 47.2372847 46.5614459 255 79 163
32.435509 47.0907531 46.4261105 255 79 163
34.5512594 47.0270265 46.3711608 255 79 163
42.5948133 48.7018417 48.0194258 255 79 163
38.8085929 48.5933843 47.8163139 255 79 163
46.4313473 47.4296182 46.3759825 255 79 163
43.9910046 48.0787241 46.8737006 255 79 163
40.9472093 47.4950855 46.4969956 255 79 163
47.6515186 47.0926246 46.2441979 255 79 163
37.9034141 46.7862133 46.2564544 255 79 163
49.1734163 47.408719 46.3287505 255 79 163
52.9596367 47.7496689 46.4333498 255 79 163
49.9700926 47.8513968 46.5511224 255 79 163
51.5634453 48.5118136 47.231801 255 79 163
59.1358861 48.7221724 47.5111597 255 79 163
59.6713821 47.7442183 46.3294441 255 79 163
64.1262409 47.9662851 46.3791958 255 79 163
60.5320774 48.2738891 46.6785356 255 79 163
57.4439527 47.6192675 46.3053563 255 79 163
63.6202021 48.6631048 47.1888296 255 79 163
59.6012832 48.6227504 47.2097628 255 79 163
63.7888817 48.4952188 46.8691115 255 79 163
65.4172839 48.57886 46.963615 255 79 163
66.6153384 48.5120053 46.8276593 255 79 163
67.8598871 48.6730361 47.099448 255 79 163
69.0114474 48.3584142 46.5940104 255 79 163
70.1630076 47.8974567 46.2744464 255 79 163
70.7213064 48.1797386 46.4181575 255 79 163
71.576236 48.0863088 46.3491898 255 79 163
72.5183882 48.20159 46.4093086 255 79 163
74.4026926 48.4024636 46.5499611 255 79 163
72.8586303 47.9453748 46.2691221 255 79 163
75.946755 48.6887277 46.9582235 255 79 163
76.0699284 48.5588021 46.7120997 255 79 163
76.9035462 48.6203664 46.7975897 255 79 163
77.5414071 48.564544 46.6979208 255 79 163
78.8171288 48.4314522 46.5209725 255 79 163
78.153973 48.6921224 46.9276707 255 79 163
79.4802845 48.0412464 46.2584697 255 79 163
80.3099191 48.2779594 46.3783821 255 79 163
81.0563143 48.1960889 46.3217448 255 79 163
82.1070009 48.1731979 46.3026254 255 79 163
1.8351923 48.6542381 48.8866537 255 79 163
2.11899871 48.6328167 48.8074823 255 79 163
2.45480713 48.6957249 49.0563999 255 79 163
2.65535116 48.5778659 48.6300972 255 79 163
7.23139668 46.7705286 46.5427555 255 79 163
7.5837554 46.9479747 46.6337734 255 79 163
7.55398355 47.1096871 46.730326 255 79 163
8.31124478 46.5714733 46.4468798 255 79 163
9.24206355 47.1805838 46.7632441 255 79 163
9.17375569 46.8204383 46.5553895 255 79 163
9.64553315 47.1708766 46.7535002 255 79 163
9.57245139 46.8786201 46.5824743 255 79 163
9.77896009 46.8059711 46.5439715 255 79 163
10.7947 47.7878831 47.251713 255 79 163
10.2180623 46.8645393 46.5703838 255 79 163
11.2962016 47.8279984 47.2878036 255 79 163
11.8945783 48.0162822 47.4980824 255 79 163
13.0913317 48.3322257 47.9501525 255 79 163
13.2912666 48.6949463 48.8996872 255 79 163
12.0937993 47.7525793 47.1998453 255 79 163
13.2246216 48.6078867 48.5791522 255 79 163
13.929658 48.1692331 47.6740966 255 79 163
14.0888642 48.6713089 48.7827453 255 79 163
12.5996148 47.2650546 46.7885668 255 79 163
14.0357955 48.5517213 48.4031837 255 79 163
14.5080273 48.6324674 48.6325345 255 79 163
13.5440785 47.6859201 47.1164034 255 79 163
13.3512887 47.4009307 46.8782142 255 79 163
14.7874694 48.6030397 48.5329117 255 79 163
13.7704519 47.2766911 46.7838544 255 79 163
14.1029627 47.5318232 46.9728622 255 79 163
13.939057 47.1023904 46.6699491 255 79 163
14.6040787 47.6160976 47.0385383 255 79 163
15.6063107 47.7769401 47.1754845 255 79 163
16.9411159 47.9290571 47.3159132 255 79 163
17.8555675 48.297024 47.8006663 255 79 163
17.6085185 48.0005752 47.3877692 255 79 163
16.5914385 46.4514658 46.3470455 255 79 163
18.0657443 48.1882023 47.6272542 255 79 163
16.9540239 46.365029 46.3173273 255 79 163
18.3336893 47.8698749 47.2272424 255 79 163
17.7818232 47.3217013 46.7656272 255 79 163
18.8695794 47.0792104 46.6009644 255 79 163
18.6096224 48.1019591 47.4971066 255 79 163
17.5925424 46.6087362 46.394722 255 79 163
17.497902 46.2363958 46.2784471 255 79 163
19.6107263 48.1960945 47.6077654 255 79 163
19.3636774 47.87801 47.2178076 255 79 163
20.2781289 48.2547521 47.6819683 255 79 163
21.2423607 47.927401 47.2363255 255 79 163
21.549946 47.4509753 46.8029466 255 79 163
20.8717873 47.3613019 46.7495906 255 79 163
21.8890253 47.4948888 46.8302764 255 79 163
22.7078612 48.2130959 47.5657824 255 79 163
22.3408731 47.7274988 47.0158976 255 79 163
22.2822875 47.2993153 46.6876868 255 79 163
23.0688119 46.8903521 46.4557556 255 79 163
23.7956174 48.0445613 47.3190409 255 79 163
24.8762029 47.8591669 47.0932577 255 79 163
24.1590201 48.4393682 47.9133238 255 79 163
25.0077155 48.4631057 47.9392255 255 79 163
26.7051061 48.5075783 47.9883259 255 79 163
24.780544 47.0087988 46.490099 255 79 163
25.9926421 47.6605998 46.8904451 255 79 163
25.6364101 47.0670382 46.5076478 255 79 163
27.5095573 48.2932209 47.5707933 255 79 163
27.1019105 47.4520616 46.7128366 255 79 163
27.4545572 47.9823261 47.1677167 255 79 163
27.911783 48.1639496 47.3756053 255 79 163
28.2418989 48.1938115 47.407653 255 79 163
28.9021308 48.2511297 47.4718621 255 79 163
29.5459842 47.4160579 46.6472914 255 79 163
30.2169721 47.5019185 46.6926467 255 79 163
32.270638 48.6891587 48.3365018 255 79 163
30.9150947 48.4039406 47.6632929 255 79 163
32.1885464 48.5899113 48.0233171 255 79 163
32.0243631 48.271936 47.4204833 255 79 163
31.2234541 47.6259971 46.7633844 255 79 163
30.4496797 47.8538513 46.9716055 255 79 163
31.4904238 47.8663754 46.9608067 255 79 163
32.8252722 48.6575186 48.2025746 255 79 163
33.1950283 48.6336869 48.1143373 255 79 163
33.9345406 48.5795439 47.9408772 255 79 163
31.7780883 47.527808 46.6821625 255 79 163
32.2299361 47.7441335 46.8369836 255 79 163
31.9972285 47.385206 46.5866051 255 79 163
34.6109395 48.6365052 48.0758445 255 79 163
34.949139 48.661017 48.1425303 255 79 163
35.4564382 48.6929686 48.2412526 255 79 163
37.2866953 48.4361704 47.5343736 255 79 163
35.7283244 48.5990062 47.9328528 255 79 163
36.2720968 48.3015296 47.3474053 255 79 163
35.0220854 47.8160445 46.8386901 255 79 163
34.2429 47.9614988 46.9909258 255 79 163
36.7473449 48.0481827 47.0204475 255 79 163
36.4776698 47.8050368 46.7980054 255 79 163
35.835533 47.5631673 46.6308808 255 79 163
36.6832427 47.1907179 46.4113228 255 79 163
36.984969 47.9049871 46.8738086 255 79 163
37.2911173 47.5557612 46.5989512 255 79 163
37.9995674 48.0894279 47.0339321 255 79 163
37.5950547 47.7264153 46.7121506 255 79 163
38.3560035 47.8784043 46.8192116 255 79 163
38.7444907 48.0428358 46.9659309 255 79 163
39.521465 48.3248812 47.2897412 255 79 163
38.7124395 47.6482198 46.6334007 255 79 163
39.4573628 47.5965736 46.5848292 255 79 163
41.0211625 48.291676 47.2006009 255 79 163
41.7710113 48.2751825 47.1575887 255 79 163
42.2007443 48.3856855 47.3035707 255 79 163
43.0602104 48.5641259 47.6060641 255 79 163
42.0037098 48.1326672 46.9799205 255 79 163
42.6661414 48.1145123 46.9435209 255 79 163
44.4941874 48.0848842 46.8675405 255 79 163
44.7457788 48.0879645 46.8644601 255 79 163
47.0183343 48.2553396 46.9896998 255 79 163
48.9973963 48.0676558 46.7435835 255 79 163
55.3943717 48.472065 47.0539339 255 79 163
54.9198058 47.3973214 46.2571818 255 79 163
55.4837836 47.9483534 46.511859 255 79 163
57.3098348 48.4531417 46.9730162 255 79 163
57.3545408 48.218547 46.6941053 255 79 163
58.2899194 48.3337462 46.7939369 255 79 163
58.7270407 48.4471958 46.9271618 255 79 163
58.5226179 48.222317 46.6719159 255 79 163
58.9055393 48.0717652 46.5359517 255 79 163
59.6363327 48.2641018 46.6883229 255 79 163
8.08651021 48.1887272 47.7849907 255 79 163
7.3629608 48.0281672 47.567774 255 79 163
7.92986477 48.0255142 47.5584965 255 79 163
7.97689231 47.8997699 47.4049673 255 79 163
8.14697038 48.0353777 47.5689382 255 79 163
8.02055504 47.7637018 47.2566364 255 79 163
12.8454732 47.8678939 47.310658 255 79 163
14.6957741 48.2160497 47.7310307 255 79 163
14.9126339 48.3377794 47.9279378 255 79 163
14.9752162 48.1588775 47.6416017 255 79 163
16.4036918 47.3265755 46.7869152 255 79 163
16.466274 47.0449592 46.6095272 255 79 163
16.7662772 47.2456112 46.7276568 255 79 163
16.9475699 47.2047916 46.6991819 255 79 163
16.8288594 46.9606951 46.5600011 255 79 163
17.2668292 47.3155004 46.7681383 255 79 163
17.1625607 47.0102028 46.5826876 255 79 163
20.0476734 47.6791776 47.0121325 255 79 163
20.3896714 47.5746486 46.9171363 255 79 163
20.5503767 47.5047093 46.8589792 255 79 163
23.348581 48.5256441 48.1213891 255 79 163
23.2553246 48.1311327 47.4399263 255 79 163
23.1620683 47.5690145 46.8666339 255 79 163
23.3732513 47.7385176 47.0070764 255 79 163
23.4322147 47.5148232 46.8201058 255 79 163
26.6279839 48.1115397 47.3383696 255 79 163
26.5508617 47.5573845 46.7983909 255 79 163
26.4737394 46.8966453 46.4183487 255 79 163
29.2331023 48.1554251 47.3322394 255 79 163
29.3985881 48.1049597 47.2647502 255 79 163
29.748952 48.0246351 47.1625369 255 79 163
32.5276041 48.3114963 47.4659011 255 79 163
32.7500789 48.4403203 47.6769554 255 79 163
32.7124822 48.2887956 47.4267119 255 79 163
33.2226215 48.1873201 47.272815 255 79 163
34.8607213 48.4566419 47.6450188 255 79 163
34.8165125 48.3147076 47.407513 255 79 163
34.9856122 48.3386761 47.4394279 255 79 163
35.233183 48.4388801 47.6008391 255 79 163
35.3752049 48.2833364 47.3459838 255 79 163
35.3873627 48.1217961 47.1365722 255 79 163
35.4116781 47.7408329 46.7684082 255 79 163
35.5700013 48.2546235 47.3003503 255 79 163
35.082137 46.8768865 46.310844 255 79 163
35.3475759 46.8024004 46.2851866 255 79 163
35.7927982 46.9340872 46.3219042 255 79 163
47.3349265 47.7186173 46.5145381 255 79 163
47.8890831 47.8416323 46.5855917 255 79 163
54.4246047 47.9219044 46.5136936 255 79 163
55.1570887 48.0022036 46.5566707 255 79 163
6.64698877 48.4495258 48.2726254 255 79 163
7.29717874 47.454657 46.9802953 255 79 163
32.8290652 47.6907055 46.7816322 255 79 163
54.3902163 47.3777252 46.2567298 255 79 163
3.91634712 0.340727255 0 255 79 163
3.91634712 0.257572009 0.0103028804 255 79 163
3.91634712 0.182195359 0.0391270224 255 79 163
3.91634712 0.119831157 0.0813048658 255 79 163
3.91634712 0.0678490995 0.136686635 255 79 163
3.91634712 0.0299159634 0.201115639 255 79 163
3.91634712 0.007542575 0.269431874 255 79 163
3.91634712 0.00182098161 0.305547714 255 79 163
3.91634712 -4.4408921e-16 0.340727255 255 79 163
6.21853559 -4.4408921e-16 0.173557386 255 79 163
6.21853559 0.173557386 0 255 79 163
6.21853559 0.131200319 0.00524801277 255 79 163
6.21853559 0.092805462 0.0199302628 255 79 163
6.21853559 0.0610387987 0.0414145326 255 79 163
6.21853559 0.0345605237 0.0696245305 255 79 163
6.21853559 0.0152383947 0.102442949 255 79 163
6.21853559 0.00384198676 0.137241419 255 79 163
6.21853559 0.000927559516 0.155637865 255 79 163
87.7816287 33.7909122 0.283596881 255 79 163
87.7824089 33.7823724 0.21438443 255 79 163
87.7845917 33.7584808 0.151646324 255 79 163
87.7877858 33.7235206 0.0997388431 255 79 163
87.7919798 33.677616 0.0564727144 255 79 163
87.796859 33.6242123 0.024899898 255 79 163
87.8020326 33.5675867 0.00627789738 255 79 163
87.8047676 33.5376511 0.00151565422 255 79 163
87.8074317 33.5084916 2.12412576e-14 255 79 163
2.16646532 25.6839959 0 255 79 163
2.16016802 25.7529213 0.0085753772 255 79 163
2.1544598 25.8153992 0.0325665216 255 79 163
2.149737 25.8670914 0.0676723273 255 79 163
2.14580043 25.9101781 0.113768132 255 79 163
2.14292778 25.9416199 0.167394205 255 79 163
2.14123345 25.9601647 0.224255729 255 79 163
2.14080016 25.9649072 0.254315958 255 79 163
2.14066226 25.9664165 0.283596881 255 79 163
7.6776324 1.82800078 0 255 79 163
7.76766423 1.82800078 0.0111548852 255 79 163
7.84927421 1.82800078 0.0423626624 255 79 163
7.91679567 1.82800078 0.0880284357 255 79 163
7.97307643 1.82800078 0.147990044 255 79 163
8.01414648 1.82800078 0.217747055 255 79 163
8.03837005 1.82800078 0.291712755 255 79 163
8.04456479 1.82800078 0.330815222 255 79 163
8.04653636 1.82800078 0.368903964 255 79 163
8.00795928 1.4544378 0.359722571 255 79 163
7.89385667 1.09664148 0.335693263 255 79 163
7.70904397 0.769713663 0.302088345 255 79 163
7.46132175 0.48745273 0.264180124 255 79 163
7.16114573 0.261771796 0.227240905 255 79 163
6.82118504 0.102196453 0.196542993 255 79 163
6.52416209 0.0257303053 0.179781596 255 79 163
6.21853559 -4.4408921e-16 0.173557386 255 79 163
6.21853559 0.173557386 0 255 79 163
6.21853559 0.131200319 0.00524801277 255 79 163
6.21853559 0.092805462 0.0199302628 255 79 163
6.21853559 0.0610387987 0.0414145326 255 79 163
6.21853559 0.0345605237 0.0696245305 255 79 163
6.21853559 0.0152383947 0.102442949 255 79 163
6.21853559 0.00384198676 0.137241419 255 79 163
6.21853559 0.000927559516 0.155637865 255 79 163
7.64189095 1.44661271 -4.16428818e-19 255 79 163
7.52601191 1.07313074 2.13211555e-17 255 79 163
7.34423422 0.759750147 1.6586432e-17 255 79 163
7.11613771 0.514629465 -2.54178972e-18 255 79 163
6.83239568 0.323786233 2.8847493e-17 255 79 163
6.54008049 0.213683052 -2.72350623e-17 255 79 163
6.38069748 0.183732942 -8.18758678e-17 255 79 163
7.89845354 1.44456998 0.104880087 255 79 163
7.58085376 0.741587949 0.0855301753 255 79 163
6.98469838 0.237048701 0.0621768333 255 79 163
6.61328667 0.0984806402 0.0540031636 255 79 163
7.84828877 1.25753109 0.101289768 255 79 163
7.74404534 1.18481794 0.0431113888 255 79 163
7.76473445 1.04723763 0.0958572789 255 79 163
7.77169593 0.943781349 0.163128464 255 79 163
7.68053489 0.889856987 0.0908895836 255 79 163
7.44795664 0.584177933 0.0791234992 255 79 163
7.31300645 0.456557565 0.0733717201 255 79 163
7.16924214 0.346866814 0.068000525 255 79 163
87.5229525 8.50697745 -1.49657477e-17 255 79 163
87.5229525 8.50697745 -1.49657477e-17 255 79 163
89.4146234 8.50697745 1.89167087 255 79 163
89.3714829 8.50697745 1.48998216 255 79 163
89.2326362 8.50697745 1.08210299 255 79 163
88.9940305 8.50697745 0.702407129 255 79 163
88.6682323 8.50697745 0.386096954 255 79 163
88.2830911 8.50697745 0.159444591 255 79 163
87.899421 8.50697745 0.0378396603 255 79 163
89.4146234 8.50697745 1.89167087 255 79 163
89.4146234 33.0955807 1.60828789 255 79 163
89.3835337 33.117965 1.29352649 255 79 163
89.2904873 33.1765582 0.988513329 255 79 163
89.1368894 33.2567644 0.704516275 255 79 163
88.9268297 33.3439731 0.454159501 255 79 163
88.6681904 33.42419 0.250019238 255 79 163
88.3727193 33.4845553 0.102708752 255 79 163
88.0934503 33.5121427 0.0256552203 255 79 163
87.8074317 33.5084916 2.12412576e-14 255 79 163
88.7596521 20.8124713 0.381627052 255 79 163
88.6113559 20.8417678 0.275112468 255 79 163
88.6113545 20.8417678 0.275111569 255 79 163
88.4941405 16.71064 0.231674154 255 79 163
88.7181891 16.71064 0.380650292 255 79 163
88.9062113 20.8124713 0.512993451 255 79 163
88.9254593 16.71064 0.569582028 255 79 163
89.0370183 20.8124713 0.660022229 255 79 163
89.1564727 20.8124713 0.830622714 255 79 163
88.3424771 25.0640091 0.114269089 255 79 163
88.9880522 24.9338335 0.563350988 255 79 163
88.3883011 33.4262324 0.10870096 255 79 163
88.5330661 33.3826281 0.17324987 255 79 163
88.67384 33.3425248 0.253710915 255 79 163
89.2942889 12.6088087 1.20020221 255 79 163
89.3242723 11.2415316 1.29730957 255 79 163
89.2528783 15.3433629 1.07331285 255 79 163
89.2726519 26.2806285 0.992619712 255 79 163
89.037911 29.0909871 0.590481685 255 79 163
88.9210999 29.1202836 0.463791584 255 79 163
89.0221927 27.7052692 0.580885545 255 79 163
89.315801 29.0147071 1.07512563 255 79 163
89.1379988 30.4528441 0.716370506 255 79 163
89.0003115 30.4991106 0.539358446 255 79 163
89.3431065 30.3824598 1.14659216 255 79 163
88.385767 9.41849552 0.206167219 255 79 163
88.6249463 9.41849552 0.351548103 255 79 163
88.8491484 9.41849552 0.539651316 255 79 163
88.6146492 9.87425455 0.34271977 255 79 163
88.6146507 9.87425455 0.342720812 255 79 163
88.7809373 9.87425455 0.474238277 255 79 163
88.931866 9.87425455 0.624145339 255 79 163
89.0725647 9.87425455 0.800914924 255 79 163
88.5765738 10.5578931 0.314156325 255 79 163
88.9018005 10.7857726 0.587103893 255 79 163
88.5465299 12.6088087 0.285654829 255 79 163
88.9741164 14.6597244 0.641225123 255 79 163
89.2942883 12.6088087 1.2002006 255 79 163
89.0819468 14.8876039 0.778151377 255 79 163
88.9395923 16.0270015 0.5907282 255 79 163
88.9277662 25.426157 0.495258929 255 79 163
88.8964705 25.6723188 0.462694438 255 79 163
88.9403678 26.3499689 0.50100438 255 79 163
88.3734296 29.2309281 0.11097018 255 79 163
88.6069037 31.0426286 0.217658311 255 79 163
88.3838065 31.3143876 0.109864211 255 79 163
88.4346477 32.0038011 0.129311522 255 79 163
88.4194552 32.4779449 0.122196087 255 79 163
88.0545561 9.53243528 0.0747141149 255 79 163
89.3333523 9.190616 1.33986876 255 79 163
89.3333528 9.19061601 1.33987041 255 79 163
89.0268349 11.9251702 0.726681025 255 79 163
89.1329776 12.1530497 0.87796781 255 79 163
88.9981588 12.6088087 0.685753738 255 79 163
89.1262635 31.5378126 0.694169948 255 79 163
88.9258266 32.0547983 0.455999253 255 79 163
88.7858031 32.552768 0.33363743 255 79 163
89.1201996 32.0802969 0.683503139 255 79 163
88.9475742 32.5901796 0.476125724 255 79 163
89.0605561 32.5608831 0.602781719 255 79 163
88.9412659 32.8272515 0.469278739 255 79 163
89.0116512 32.9704225 0.543732187 255 79 163
89.1501577 32.7661081 0.725473625 255 79 163
7.6776324 1.82800078 0 255 79 163
7.76766423 1.82800078 0.0111548852 255 79 163
7.84927421 1.82800078 0.0423626624 255 79 163
7.91679567 1.82800078 0.0880284357 255 79 163
7.97307643 1.82800078 0.147990044 255 79 163
8.01414648 1.82800078 0.217747055 255 79 163
8.03837005 1.82800078 0.291712755 255 79 163
8.04456479 1.82800078 0.330815222 255 79 163
8.04653636 1.82800078 0.368903964 255 79 163
8.04653636 4.99238747 0.147837078 255 79 163
7.89869928 4.99238747 0 255 79 163
7.93477925 4.99238747 0.00447028439 255 79 163
7.96748419 4.99238747 0.0169767008 255 79 163
7.9945432 4.99238747 0.0352771128 255 79 163
8.01709753 4.99238747 0.0593065348 255 79 163
8.03355622 4.99238747 0.0872614329 255 79 163
8.04326374 4.99238747 0.11690295 255 79 163
8.04574626 4.99238747 0.132573138 255 79 163
87.5229525 8.50697745 -1.49657477e-17 255 79 163
52.8649418 8.72740582 -1.64466934e-16 255 79 163
31.2036851 8.91279653 -1.37819389e-16 255 79 163
9.54242838 9.00742118 0 255 79 163
87.4992503 7.9523487 0.0635263995 255 79 163
87.4413509 7.42646155 0.250821864 255 79 163
87.3670171 6.95655943 0.552161018 255 79 163
87.2940348 6.56694938 0.95189795 255 79 163
87.2425471 6.29199562 1.3988734 255 79 163
87.2226665 6.11834977 1.89407484 255 79 163
52.6981162 6.06783806 2.10966936 255 79 163
31.1202723 6.02575298 2.28929725 255 79 163
9.54242838 6.00430622 2.38083647 255 79 163
9.54242838 8.26343657 0.0910712396 255 79 163
9.54242838 7.59787068 0.340913858 255 79 163
9.54242838 7.05061794 0.700181739 255 79 163
9.54242838 6.59224147 1.16593255 255 79 163
9.54242838 6.24920055 1.70386767 255 79 163
9.54242838 6.10489796 2.04083176 255 79 163
87.4449848 7.70701437 0.134129588 255 79 163
75.9183038 8.00639914 0.0595409066 255 79 163
70.1159794 7.7532335 0.139544338 255 79 163
64.268535 6.71443966 0.837638124 255 79 163
70.0794883 7.48821838 0.248045143 255 79 163
70.0537444 7.24247724 0.382155535 255 79 163
20.3730567 8.28022389 0.0809819368 255 79 163
20.3313503 6.22754792 1.73549698 255 79 163
16.735043 6.44251107 1.3640368 255 79 163
81.6061693 7.20491321 0.380489086 255 79 163
83.5264519 7.11904008 0.434336742 255 79 163
83.4219071 6.37362942 1.24658933 255 79 163
81.5115872 6.41941356 1.17258022 255 79 163
79.6847788 7.23425187 0.365384507 255 79 163
75.7456008 6.32707212 1.34752086 255 79 163
62.4164854 7.67497338 0.185408964 255 79 163
58.5667384 7.63557404 0.211626609 255 79 163
58.4833256 6.31204922 1.43364907 255 79 163
56.5827267 6.50317073 1.12985895 255 79 163
50.411795 7.76943766 0.179962221 255 79 163
52.8232354 7.85427632 0.143423502 255 79 163
52.781529 7.03080719 0.591196354 255 79 163
45.5889144 7.59666548 0.267048281 255 79 163
50.3561865 6.72318347 0.886782965 255 79 163
46.7459771 6.72559098 0.900037697 255 79 163
49.1435153 6.58577993 1.0528135 255 79 163
47.3245084 6.40342846 1.32049774 255 79 163
44.3299027 6.45940963 1.24707583 255 79 163
38.3406912 6.58680702 1.09850341 255 79 163
41.9509006 7.05187935 0.617776135 255 79 163
39.5811667 7.82266189 0.187895757 255 79 163
36.5772929 7.93981905 0.152918308 255 79 163
37.1650923 7.43268187 0.37818471 255 79 163
33.5409807 6.45525233 1.29755571 255 79 163
31.1619787 7.07082531 0.641673995 255 79 163
33.568785 7.44353765 0.382900579 255 79 163
31.1411255 6.39371149 1.40135762 255 79 163
28.7737086 7.71843781 0.256731527 255 79 163
31.1828319 7.96475721 0.155686316 255 79 163
27.5795735 8.06999283 0.128414607 255 79 163
25.1774012 8.14030871 0.111513332 255 79 163
25.1356949 6.36568057 1.46635813 255 79 163
27.5378671 6.44355911 1.33589514 255 79 163
21.5532897 7.29836935 0.502419756 255 79 163
23.9554619 7.23990362 0.536655369 255 79 163
22.1434061 6.65118038 1.07540205 255 79 163
20.3313503 6.55508041 1.19931445 255 79 163
20.3313503 6.37595155 1.46141457 255 79 163
20.3522035 7.32790079 0.485493818 255 79 163
19.1464834 7.10522327 0.645803938 255 79 163
18.5540499 7.43111362 0.424860888 255 79 163
16.735043 6.70502311 1.02472712 255 79 163
15.550176 7.94483082 0.185675099 255 79 163
13.1387357 7.77631528 0.254758287 255 79 163
11.9399666 7.9371854 0.190850142 255 79 163
11.9399666 7.47863102 0.404497229 255 79 163
13.1387357 7.41972979 0.438085518 255 79 163
85.5247022 7.80156524 0.104585423 255 79 163
84.5645609 7.84948729 0.0912379224 255 79 163
84.2185245 7.59762914 0.177007744 255 79 163
77.7151898 6.71199816 0.797055731 255 79 163
75.7639031 6.50547917 1.05598859 255 79 163
72.8996726 6.70987228 0.812522252 255 79 163
61.722782 6.82504857 0.734814273 255 79 163
60.4499055 6.88378145 0.685034007 255 79 163
59.8221831 7.11594645 0.499755257 255 79 163
58.525032 6.86324744 0.711554367 255 79 163
57.8961331 7.03913095 0.564502112 255 79 163
56.6383353 7.42787775 0.316608292 255 79 163
57.5608304 6.77784964 0.798374975 255 79 163
57.2347959 6.68028531 0.904198957 255 79 163
54.7516385 8.07015274 0.0767344672 255 79 163
51.5271514 6.30467424 1.47572949 255 79 163
52.7398226 6.40694196 1.2912601 255 79 163
49.7776552 7.12184592 0.533754668 255 79 163
44.9594085 6.96189136 0.679961691 255 79 163
38.9609289 7.14633434 0.557106541 255 79 163
35.1594204 7.12399573 0.587203553 255 79 163
34.7721881 7.6395245 0.278111451 255 79 163
34.1565844 6.97826671 0.707813664 255 79 163
33.9606513 7.12628022 0.589590986 255 79 163
32.386235 8.17068638 0.0924799787 255 79 163
29.9330883 6.24753017 1.66977706 255 79 163
28.7459043 6.62808002 1.08365864 255 79 163
27.9637164 7.33523793 0.463521474 255 79 163
28.3524933 6.87071676 0.824688031 255 79 163
28.1557878 7.00408996 0.70569608 255 79 163
27.5587203 7.15403169 0.58880773 255 79 163
26.7649473 7.46503899 0.388870736 255 79 163
26.3576342 7.18238432 0.571331018 255 79 163
25.9503211 6.86863547 0.833940384 255 79 163
25.156548 7.12466316 0.617376742 255 79 163
24.756186 7.16259947 0.589940483 255 79 163
19.7389169 6.59657007 1.14745485 255 79 163
16.1426095 7.2753622 0.526895651 255 79 163
16.3400874 6.96031525 0.771011985 255 79 163
16.1426095 7.09928198 0.655360622 255 79 163
15.1413183 7.20300483 0.578661274 255 79 163
13.1387357 6.47762997 1.31739167 255 79 163
11.5403769 6.77743491 0.952481988 255 79 163
11.340582 6.49578965 1.29316419 255 79 163
10.7411975 6.76146434 0.969819373 255 79 163
10.7411975 6.63328179 1.11484937 255 79 163
10.7411975 6.51519476 1.26661836 255 79 163
10.3416078 6.70311288 1.03377758 255 79 163
10.3416078 6.48885162 1.3035142 255 79 163
10.3416078 6.35127506 1.51612635 255 79 163
86.4093685 7.12078395 0.430030522 255 79 163
86.6870947 6.78437798 0.707242494 255 79 163
86.3836246 6.90579951 0.595551232 255 79 163
84.388378 7.17414842 0.396464237 255 79 163
84.4733047 6.97865716 0.537218154 255 79 163
85.3963855 6.70245517 0.793395484 255 79 163
83.7222945 6.9659222 0.548420903 255 79 163
83.8202158 6.89282451 0.609799555 255 79 163
76.8167468 7.30892238 0.326669417 255 79 163
75.8419979 7.29538087 0.336424505 255 79 163
75.8005079 6.98539972 0.548098797 255 79 163
74.4089882 7.31130909 0.330394588 255 79 163
72.9779853 7.45403549 0.25800174 255 79 163
55.9909002 7.27053384 0.409815288 255 79 163
55.6671826 7.19376731 0.460818029 255 79 163
53.7457306 7.12689697 0.514696816 255 79 163
53.42433 7.09458876 0.539631673 255 79 163
29.9562585 6.92186354 0.771989867 255 79 163
29.3533984 6.85033166 0.841058313 255 79 163
29.1509004 6.77320226 0.919313113 255 79 163
11.340582 7.30736625 0.510062366 255 79 163
85.4605438 7.20997011 0.372554262 255 79 163
86.309526 6.33086984 1.32163413 255 79 163
75.0772945 6.74000944 0.774189169 255 79 163
54.7215172 7.45007968 0.311043945 255 79 163
54.691396 6.89376264 0.699400302 255 79 163
54.657413 6.40819643 1.28095561 255 79 163
53.6947561 6.36388869 1.35898189 255 79 163
53.3764449 6.37792071 1.33636541 255 79 163
9.54242838 9.00742118 0 255 79 163
9.54242838 8.26343657 0.0910712396 255 79 163
9.54242838 7.59787068 0.340913858 255 79 163
9.54242838 7.05061794 0.700181739 255 79 163
9.54242838 6.59224147 1.16593255 255 79 163
9.54242838 6.24920055 1.70386767 255 79 163
9.54242838 6.10489796 2.04083176 255 79 163
9.54242838 6.00430622 2.38083647 255 79 163
9.49188955 6.00494241 2.37436013 255 79 163
9.44092807 6.00664604 2.35570912 255 79 163
9.38916958 6.00911821 2.32578366 255 79 163
9.25207158 6.01626385 2.20522395 255 79 163
9.08628742 6.01838885 2.00880439 255 79 163
8.73883482 5.96631135 1.51777073 255 79 163
8.42056472 5.80771403 1.00267233 255 79 163
8.19575006 5.56373099 0.562567433 255 79 163
8.09431947 5.34002135 0.307514263 255 79 163
8.0671543 5.22881608 0.223153202 255 79 163
8.054541 5.14376694 0.178648075 255 79 163
8.04844554 5.06819086 0.155008034 255 79 163
8.04653636 4.99238747 0.147837078 255 79 163
7.89869928 4.99238747 0 255 79 163
7.93477925 4.99238747 0.00447028439 255 79 163
7.96748419 4.99238747 0.0169767008 255 79 163
7.9945432 4.99238747 0.0352771128 255 79 163
8.01709753 4.99238747 0.0593065348 255 79 163
8.03355622 4.99238747 0.0872614329 255 79 163
8.04326374 4.99238747 0.11690295 255 79 163
8.04574626 4.99238747 0.132573138 255 79 163
9.1739145 8.96846382 6.09131594e-16 255 79 163
8.81993819 8.85648643 -4.41563801e-17 255 79 163
8.49289384 8.6802202 -8.4217529e-17 255 79 163
8.20267815 8.44981311 1.68133876e-16 255 79 163
7.95661388 8.17630425 2.80610293e-16 255 79 163
7.7594812 7.87114823 1.98370059e-16 255 79 163
7.61359429 7.54580078 8.40630276e-17 255 79 163
7.51888495 7.21135738 6.09764629e-17 255 79 163
7.46778218 6.7691296 1.15158236e-16 255 79 163
7.49871189 6.30111636 4.51787346e-17 255 79 163
7.59699166 5.88682371 -6.91820163e-17 255 79 163
7.79485068 5.37487566 -2.09783001e-16 255 79 163
7.87482383 5.15413898 -1.20355378e-15 255 79 163
7.89282899 5.06968571 -1.26057181e-15 255 79 163
9.18043133 7.04537131 0.646834539 255 79 163
8.00142209 5.55327096 0.136334026 255 79 163
7.99657141 5.26496144 0.0691660368 255 79 163
9.17353532 8.05712287 0.133947981 255 79 163
8.85138582 8.1997332 0.0672085062 255 79 163
9.00941857 7.92671944 0.156653432 255 79 163
8.66839555 8.10412827 0.0652819305 255 79 163
8.88012502 7.87422067 0.153786954 255 79 163
8.75581535 7.81149466 0.150401384 255 79 163
8.21491129 7.72801019 0.057845066 255 79 163
8.64508122 7.40608606 0.258658327 255 79 163
8.08857142 7.57087157 0.0547661167 255 79 163
8.3434621 7.49587371 0.133755445 255 79 163
8.54922661 6.71265892 0.515192362 255 79 163
8.25194 7.3952822 0.128529899 255 79 163
7.97954422 7.40396063 0.0514942497 255 79 163
8.16856954 7.28921825 0.123039335 255 79 163
7.88825947 7.22978203 0.0480655551 255 79 163
8.09359196 7.17855504 0.117319889 255 79 163
9.33975116 6.33079171 1.50296111 255 79 163
8.02715827 7.06416372 0.111405475 255 79 163
9.22753824 6.36547638 1.38436598 255 79 163
8.95938914 6.48603772 1.02330507 255 79 163
9.12822522 6.34850867 1.33584258 255 79 163
8.06066102 6.70978921 0.18226433 255 79 163
8.14636601 6.16382395 0.324893748 255 79 163
7.85329292 6.61326985 0.0878515697 255 79 163
9.18050821 6.20639187 1.618088 255 79 163
7.81989539 6.45260792 0.0792872702 255 79 163
8.88621063 6.28114336 1.17935817 255 79 163
8.70424807 6.20002108 1.03135848 255 79 163
8.8492196 6.13857752 1.32917293 255 79 163
8.48796599 6.05560695 0.821443953 255 79 163
8.17647402 5.86656496 0.389616659 255 79 163
3.91634712 3.25406074 62.7642512 255 79 163
3.91634712 2.48427022 62.6718884 255 79 163
3.91634712 1.78461912 62.4135769 255 79 163
3.91634712 1.20065175 62.0345563 255 79 163
3.91634712 0.705860821 61.5339465 255 79 163
3.91634712 0.334078188 60.9463705 255 79 163
3.91634712 0.101420656 60.3162747 255 79 163
3.91634712 0.0243733002 59.9077208 255 79 163
3.91634712 -4.4408921e-16 59.5101905 255 79 163
18.5710135 1.92250483e-16 59.7941641 255 79 163
38.1105687 7.2113032e-17 60.4718844 255 79 163
62.4135544 -1.66829698e-16 61.4123043 255 79 163
75.4731722 -1.80990896e-16 61.7932521 255 79 163
88.5327899 -2.22044605e-16 61.9825163 255 79 163
88.5327899 0.781734892 62.7642512 255 79 163
88.5327899 0.590950749 62.7406132 255 79 163
88.5327899 0.418013139 62.6744816 255 79 163
88.5327899 0.274930153 62.5777124 255 79 163
88.5327899 0.155667055 62.4506493 255 79 163
88.5327899 0.0686365768 62.302829 255 79 163
88.5327899 0.0173050261 62.1460902 255 79 163
88.5327899 0.00417790135 62.0632292 255 79 163
18.5710135 2.97008709 62.7642512 255 79 163
38.1105687 2.29236676 62.7642512 255 79 163
62.4135544 1.35194686 62.7642512 255 79 163
75.4731722 0.9709991 62.7642512 255 79 163
11.2436803 2.43885386 62.683973 255 79 163
8.80123593 2.02285662 62.5432971 255 79 163
79.8263781 0.275384638 62.5221792 255 79 163
75.4731722 0.284399052 62.4798521 255 79 163
82.002981 0.0720950986 62.2589501 255 79 163
5.54464339 0.417932974 61.1187559 255 79 163
5.54464339 0.624110194 61.4385368 255 79 163
5.54464339 0.284961788 60.8558937 255 79 163
6.35879153 1.04448396 61.9149007 255 79 163
6.35879153 1.31385073 62.1365479 255 79 163
5.54464339 0.926040457 61.7943544 255 79 163
6.35879153 0.800092074 61.6648551 255 79 163
6.35879153 0.657560171 61.4903221 255 79 163
6.35879153 0.528143183 61.3071538 255 79 163
8.80123593 0.66933643 61.5298074 255 79 163
8.80123593 0.243606976 60.7974737 255 79 163
12.4649025 1.66921777 62.4064591 255 79 163
11.2436803 2.13169111 62.5965681 255 79 163
12.0578285 0.102867906 60.4314506 255 79 163
14.5002729 2.12084027 62.6126207 255 79 163
13.6861247 0.982045082 61.9317806 255 79 163
16.1285691 1.96401916 62.5690831 255 79 163
16.1285691 0.231804092 60.892765 255 79 163
25.0841986 0.0837960661 60.6693495 255 79 163
23.9986678 0.493128914 61.5465247 255 79 163
23.4559023 0.198290895 60.9796331 255 79 163
26.1697294 0.239124194 61.1477716 255 79 163
31.5973837 0.324708159 61.4654186 255 79 163
28.3407911 0.779025705 61.9852255 255 79 163
30.5118528 1.52604447 62.538505 255 79 163
25.0841986 1.41598068 62.410256 255 79 163
31.5973837 1.92158458 62.6873878 255 79 163
21.8276061 2.17341656 62.6773145 255 79 163
33.2256799 1.56779979 62.5900512 255 79 163
32.6829145 1.08528816 62.3247543 255 79 163
34.8539762 0.0731475972 60.9355613 255 79 163
35.939507 0.207852248 61.35917 255 79 163
40.8109005 1.29166559 62.5731764 255 79 163
46.211564 1.00598169 62.5127558 255 79 163
44.1863152 0.143942579 61.468768 255 79 163
42.1610663 0.272258165 61.6752185 255 79 163
46.211564 0.05953281 61.2759309 255 79 163
44.8613981 0.355430693 61.886555 255 79 163
54.3125592 0.210625535 61.9217491 255 79 163
47.5617298 0.167414678 61.632528 255 79 163
50.2620616 0.52930946 62.2349417 255 79 163
54.3125592 1.24645707 62.7143929 255 79 163
56.337808 0.993177727 62.6538981 255 79 163
55.662725 0.692979124 62.4836233 255 79 163
58.3630568 0.764554375 62.5731126 255 79 163
59.7132227 0.627860086 62.5099938 255 79 163
63.864623 0.22887328 62.1990743 255 79 163
62.4135544 0.0949224856 61.9099488 255 79 163
62.4135544 0.395976066 62.3682751 255 79 163
64.5901574 0.163327479 62.1109413 255 79 163
66.041226 0.216381912 62.2299203 255 79 163
68.9433633 0.334659191 62.429592 255 79 163
66.7667603 0.617589567 62.6098538 255 79 163
65.6784588 0.0872864343 61.9786733 255 79 163
71.1199662 0.138048372 62.2120577 255 79 163
72.2082677 0.664413083 62.6904275 255 79 163
71.8455006 0.460350055 62.5778284 255 79 163
73.2965692 0.522902708 62.6335255 255 79 163
74.0221035 0.436176578 62.5876177 255 79 163
83.4540497 0.34299267 62.6076427 255 79 163
85.2678855 0.378679233 62.6413679 255 79 163
85.2678855 0.289208723 62.5764318 255 79 163
86.356187 0.447922063 62.6839201 255 79 163
4.45911255 2.18531395 62.5853301 255 79 163
4.45911255 1.69903642 62.3708903 255 79 163
4.73049526 2.03706525 62.5308475 255 79 163
4.73049526 1.65661168 62.3486674 255 79 163
5.13756932 2.26774431 62.6146585 255 79 163
5.27326068 1.78737758 62.4205772 255 79 163
6.35879153 2.18656795 62.5922513 255 79 163
8.80123593 1.2843582 62.1328557 255 79 163
9.61538406 1.55771354 62.321327 255 79 163
9.61538406 0.887500185 61.7908658 255 79 163
10.0224581 1.33777772 62.1820649 255 79 163
10.0224581 1.00580116 61.9116428 255 79 163
10.7009149 0.602463832 61.4633203 255 79 163
12.2613655 0.669852097 61.5731253 255 79 163
11.9221371 1.09211239 62.0092724 255 79 163
11.6507544 0.836759812 61.7603863 255 79 163
12.7362852 0.768594587 61.6985962 255 79 163
12.8719766 0.432198771 61.234978 255 79 163
13.9575074 0.358003787 61.1201897 255 79 163
14.7716556 0.984052832 61.9478518 255 79 163
15.314421 0.984853556 61.9559419 255 79 163
15.5858037 1.29008728 62.2060936 255 79 163
16.1285691 0.925869584 61.9117719 255 79 163
16.3999518 1.12808537 62.094094 255 79 163
16.9427173 1.56944045 62.395573 255 79 163
16.5356432 0.771960247 61.7581455 255 79 163
17.7568654 2.27739408 62.6775946 255 79 163
18.5710135 1.87681374 62.5557163 255 79 163
16.6713346 0.635877202 61.5973965 255 79 163
16.9427173 0.401656793 61.2536305 255 79 163
16.9427173 0.907176056 61.9056671 255 79 163
17.7568654 0.094392555 60.5175963 255 79 163
18.5710135 0.20853486 60.8874374 255 79 163
19.2947008 0.148348642 60.7381284 255 79 163
19.6565444 0.122365549 60.6640588 255 79 163
21.4657624 1.32517094 62.3057145 255 79 163
20.7420752 1.71870391 62.5100051 255 79 163
20.7420752 1.04922866 62.0927448 255 79 163
21.1039188 0.786640337 61.8519346 255 79 163
20.7420752 0.510882479 61.5026843 255 79 163
21.8276061 0.367262569 61.2952009 255 79 163
20.3802316 0.189426061 60.8800784 255 79 163
21.2848406 0.943138461 62.0092179 255 79 163
20.1993098 0.0884088337 60.5540304 255 79 163
21.8276061 1.1407466 62.1822376 255 79 163
22.3703715 0.746361185 61.8319454 255 79 163
22.6417542 0.978468065 62.0636912 255 79 163
22.9131369 1.23275377 62.2650369 255 79 163
23.0940587 0.80002832 61.9027041 255 79 163
23.6368241 1.29408415 62.3164712 255 79 163
24.722355 0.53804444 61.6259092 255 79 163
25.0841986 0.56098827 61.6647142 255 79 163
25.626964 0.718887278 61.866264 255 79 163
25.4460422 0.438373249 61.4973525 255 79 163
26.5315731 0.739268094 61.9068752 255 79 163
30.1500092 0.817213296 62.0596132 255 79 163
31.2355401 1.1732883 62.3582691 255 79 163
31.0546182 0.835634812 62.0952804 255 79 163
31.5973837 1.00856924 62.2496751 255 79 163
31.9592273 1.03419321 62.2754333 255 79 163
33.0447581 0.395269494 61.6219224 255 79 163
33.5875236 0.749648715 62.0681311 255 79 163
33.7684454 0.432297412 61.6967413 255 79 163
34.0398281 0.602304564 61.9230159 255 79 163
34.3112108 0.795801158 62.1271694 255 79 163
34.8539762 1.23604352 62.4552403 255 79 163
34.8539762 0.489700124 61.8044389 255 79 163
36.4822725 1.78110084 62.6930072 255 79 163
35.3967416 0.626202173 61.9820402 255 79 163
36.3013507 1.52565385 62.610869 255 79 163
35.939507 1.03136088 62.3465927 255 79 163
35.5776634 0.75302828 62.1149564 255 79 163
35.2158198 0.382124918 61.6599102 255 79 163
37.0250379 1.66826523 62.6670514 255 79 163
38.1105687 1.44855868 62.6033002 255 79 163
35.939507 0.548972359 61.9064819 255 79 163
39.4607346 0.0932062694 61.1645273 255 79 163
38.1105687 0.160950965 61.3156925 255 79 163
40.8109005 0.383945898 61.8161399 255 79 163
41.2609558 0.588512382 62.0817161 255 79 163
40.8109005 0.788531725 62.2595909 255 79 163
41.4859834 0.703988463 62.2006704 255 79 163
42.8361493 0.75930065 62.2782988 255 79 163
42.6111216 0.573842106 62.0987302 255 79 163
45.7615087 0.38410461 61.9516001 255 79 163
46.211564 0.398553412 61.9830865 255 79 163
46.8866469 0.507019421 62.1309155 255 79 163
46.6616192 0.309932372 61.8685466 255 79 163
52.9623933 0.613817714 62.3714079 255 79 163
54.3125592 0.654219579 62.4304657 255 79 163
54.7626145 0.667335677 62.4488308 255 79 163
58.3630568 0.191138594 61.9996968 255 79 163
60.1632779 0.303000727 62.2138094 255 79 163
60.3883056 0.181767794 62.03718 255 79 163
61.0633885 0.149157574 61.9938092 255 79 163
61.5134438 0.129484465 61.9653819 255 79 163
62.8972439 0.771246049 62.639244 255 79 163
62.4135544 0.854302371 62.6693287 255 79 163
63.1390887 0.730861583 62.6227564 255 79 163
63.5018559 0.671841457 62.5962908 255 79 163
63.6227783 0.504205413 62.4867021 255 79 163
64.5901574 0.653309915 62.6009237 255 79 163
73.2965692 0.130725677 62.2413485 255 79 163
74.2639483 0.211627669 62.3798009 255 79 163
74.3848707 0.127298336 62.2550579 255 79 163
74.7476378 0.105324865 62.2202178 255 79 163
74.9894826 0.156048011 62.3132724 255 79 163
87.4444884 0.164493236 62.4579734 255 79 163
87.4444884 0.137161137 62.4203569 255 79 163
10.6556845 1.30586601 62.1649444 255 79 163
10.9722976 1.28997633 62.1563625 255 79 163
11.1984499 1.13043458 62.0339037 255 79 163
11.4472174 1.43989488 62.2637951 255 79 163
11.8542914 0.380650874 61.1282766 255 79 163
17.3497913 1.55651255 62.3928514 255 79 163
17.7568654 1.3121945 62.2480561 255 79 163
18.1639395 1.53058521 62.3874911 255 79 163
18.5710135 0.869918367 61.8943328 255 79 163
17.3497913 0.396046024 61.2516975 255 79 163
17.7568654 0.535346691 61.4799414 255 79 163
18.1639395 0.384915686 61.2482124 255 79 163
18.9328571 0.434550307 61.3481698 255 79 163
19.113779 0.410798435 61.3123252 255 79 163
19.6565444 0.595049331 61.5979545 255 79 163
20.1993098 0.476588373 61.4403946 255 79 163
20.2596171 0.366120501 61.2584211 255 79 163
20.5611534 0.537206563 61.536724 255 79 163
36.4822725 1.06682647 62.3801937 255 79 163
38.560624 0.617641563 62.0479332 255 79 163
38.1105687 0.671418679 62.0928325 255 79 163
38.7856517 0.591619303 62.0252388 255 79 163
39.4607346 0.655792307 62.1084589 255 79 163
40.1358175 0.360598932 61.7625875 255 79 163
57.3504324 0.526598344 62.3872192 255 79 163
61.7384715 0.448591086 62.4051298 255 79 163
61.6634622 0.322723088 62.2724381 255 79 163
61.9634991 0.430651085 62.3929245 255 79 163
19.113779 1.17242259 62.1660764 255 79 163
19.6565444 1.34968025 62.2972338 255 79 163
20.1993098 1.10708486 62.131349 255 79 163
36.2108898 0.564033158 61.9310841 255 79 163
36.8441161 0.401451279 61.7334381 255 79 163
37.2964206 0.519829272 61.9049416 255 79 163
38.560624 1.43734897 62.6045458 255 79 163
38.7856517 1.4317332 62.6051697 255 79 163
39.4607346 1.38426581 62.5946786 255 79 163
62.0760129 0.889700042 62.6792518 255 79 163
18.9328571 2.0603537 62.6242199 255 79 163
19.113779 2.15206338 62.6530909 255 79 163
19.6565444 2.00552332 62.6119314 255 79 163
37.1607292 1.04375785 62.3772194 255 79 163
37.4773424 0.0940935225 61.1006302 255 79 163
60.4329848 0 40.3146644 255 79 163
54.6683786 0 40.3146644 255 79 163
54.6683786 0.00410298179 40.281549 255 79 163
54.6683786 0.0155818038 40.2515312 255 79 163
54.6683786 0.0323785555 40.2266956 255 79 163
54.6683786 0.054433591 40.2059944 255 79 163
54.6683786 0.0800915643 40.1908881 255 79 163
54.6683786 0.107297575 40.1819782 255 79 163
54.6683786 0.121680216 40.1796996 255 79 163
54.6683786 0.135689989 40.1789744 255 79 163
60.4329848 0.135689989 40.1789744 255 79 163
60.4329848 0.00410298179 40.281549 255 79 163
60.4329848 0.0155818038 40.2515312 255 79 163
60.4329848 0.0323785555 40.2266956 255 79 163
60.4329848 0.054433591 40.2059944 255 79 163
60.4329848 0.0800915643 40.1908881 255 79 163
60.4329848 0.107297575 40.1819782 255 79 163
60.4329848 0.121680216 40.1796996 255 79 163
62.5544283 0 38.1695831 255 79 163
62.5270156 0.00339642364 38.1695831 255 79 163
62.5021671 0.0128985235 38.1695831 255 79 163
62.4816082 0.0268027735 38.1695831 255 79 163
62.4644719 0.0450597991 38.1695831 255 79 163
62.451967 0.0662993151 38.1695831 255 79 163
62.4445914 0.0888202868 38.1695831 255 79 163
62.4427053 0.10072615 38.1695831 255 79 163
62.442105 0.112323357 38.1695831 255 79 163
62.4022556 0.113589693 38.5677889 255 79 163
62.2842915 0.116494092 38.9502065 255 79 163
62.092886 0.120455598 39.301673 255 79 163
61.835619 0.124887461 39.6082459 255 79 163
61.5226839 0.129201352 39.8577532 255 79 163
61.1664899 0.132812245 40.0402804 255 79 163
60.8062373 0.135044203 40.1439973 255 79 163
60.4329848 0.135689989 40.1789744 255 79 163
60.4329848 0 40.3146644 255 79 163
60.4329848 0.00410298179 40.281549 255 79 163
60.4329848 0.0155818038 40.2515312 255 79 163
60.4329848 0.0323785555 40.2266956 255 79 163
60.4329848 0.054433591 40.2059944 255 79 163
60.4329848 0.0800915643 40.1908881 255 79 163
60.4329848 0.107297575 40.1819782 255 79 163
60.4329848 0.121680216 40.1796996 255 79 163
62.5144535 9.06603744e-18 38.5847014 255 79 163
62.3955448 1.63567825e-18 38.9848152 255 79 163
62.2013547 -2.90752247e-18 39.3550325 255 79 163
61.9384246 7.42723778e-20 39.6810914 255 79 163
61.6161345 9.85254893e-18 39.9499653 255 79 163
61.2465091 1.39025922e-17 40.1504866 255 79 163
60.848102 -2.25197121e-18 40.2730989 255 79 163
62.4240969 0.0333686204 38.6240415 255 79 163
62.0315288 0.035794156 39.4443795 255 79 163
61.3213841 0.0385679771 40.0143631 255 79 163
60.8888488 0.0394741266 40.1668546 255 79 163
62.4352532 0.0332793689 38.5716829 255 79 163
62.3175829 0.0341315924 38.9583308 255 79 163
62.2314095 0.0346784933 39.1399538 255 79 163
62.1263177 0.0352882464 39.3145756 255 79 163
61.8686498 0.0365801579 39.626496 255 79 163
61.7189542 0.0372195158 39.7610431 255 79 163
61.5544221 0.0378375948 39.8817585 255 79 163
61.1957968 0.0388919445 40.0701366 255 79 163
60.8216006 0.0395604889 40.181141 255 79 163
54.6683786 0 40.3146644 255 79 163
54.6683786 0.00410298179 40.281549 255 79 163
54.6683786 0.0155818038 40.2515312 255 79 163
54.6683786 0.0323785555 40.2266956 255 79 163
54.6683786 0.054433591 40.2059944 255 79 163
54.6683786 0.0800915643 40.1908881 255 79 163
54.6683786 0.107297575 40.1819782 255 79 163
54.6683786 0.121680216 40.1796996 255 79 163
54.6683786 0.135689989 40.1789744 255 79 163
54.3906356 0.141736052 40.147408 255 79 163
54.1270599 0.157304242 40.0543193 255 79 163
53.8910966 0.178539558 39.9044563 255 79 163
53.6947817 0.201587003 39.7054637 255 79 163
53.5481291 0.222591575 39.4674918 255 79 163
53.4604178 0.237368528 39.2108678 255 79 163
53.4307051 0.243076209 38.9413009 255 79 163
53.1876289 0 38.9413009 255 79 163
53.2469522 0.00735011675 38.9413009 255 79 163
53.3007262 0.0279133769 38.9413009 255 79 163
53.3452171 0.0580032219 38.9413009 255 79 163
53.3823013 0.0975128015 38.9413009 255 79 163
53.4093629 0.143476715 38.9413009 255 79 163
53.4253242 0.192213795 38.9413009 255 79 163
53.429406 0.217978981 38.9413009 255 79 163
54.3108667 1.40874399e-17 40.2755511 255 79 163
53.967777 -1.45694562e-17 40.1547802 255 79 163
53.6879043 -1.52396965e-17 39.9745038 255 79 163
53.4747489 -7.58129398e-19 39.7570674 255 79 163
53.3125606 -8.45724057e-18 39.4946009 255 79 163
53.2197423 9.9721639e-18 39.2255108 255 79 163
54.3837389 0.0414849552 40.1883879 255 79 163
53.8642042 0.0521220185 39.9497036 255 79 163
53.4947467 0.0649598535 39.5064927 255 79 163
53.3940242 0.0694530958 39.2321637 255 79 163
54.220238 0.0438830478 40.1419497 255 79 163
54.0659096 0.0469670083 40.0759078 255 79 163
53.7111018 0.0568754172 39.8127812 255 79 163
53.6217258 0.0600036479 39.7084279 255 79 163
62.5544283 0 36.8006697 255 79 163
62.5544283 0 38.1695831 255 79 163
62.5270156 0.00339642364 38.1695831 255 79 163
62.5021671 0.0128985235 38.1695831 255 79 163
62.4816082 0.0268027735 38.1695831 255 79 163
62.4644719 0.0450597991 38.1695831 255 79 163
62.451967 0.0662993151 38.1695831 255 79 163
62.4445914 0.0888202868 38.1695831 255 79 163
62.4427053 0.10072615 38.1695831 255 79 163
62.442105 0.112323357 38.1695831 255 79 163
62.442105 0.112323357 36.8006697 255 79 163
62.5270156 0.00339642364 36.8006697 255 79 163
62.5021671 0.0128985235 36.8006697 255 79 163
62.4816082 0.0268027735 36.8006697 255 79 163
62.4644719 0.0450597991 36.8006697 255 79 163
62.451967 0.0662993151 36.8006697 255 79 163
62.4445914 0.0888202868 36.8006697 255 79 163
62.4427053 0.10072615 36.8006697 255 79 163
53.1876289 0 38.9413009 255 79 163
53.1876289 0 37.5803956 255 79 163
53.2469522 0.00735011675 37.5803956 255 79 163
53.3007262 0.0279133769 37.5803956 255 79 163
53.3452171 0.0580032219 37.5803956 255 79 163
53.3823013 0.0975128015 37.5803956 255 79 163
53.4093629 0.143476715 37.5803956 255 79 163
53.4253242 0.192213795 37.5803956 255 79 163
53.429406 0.217978981 37.5803956 255 79 163
53.4307051 0.243076209 37.5803956 255 79 163
53.4307051 0.243076209 38.9413009 255 79 163
53.2469522 0.00735011675 38.9413009 255 79 163
53.3007262 0.0279133769 38.9413009 255 79 163
53.3452171 0.0580032219 38.9413009 255 79 163
53.3823013 0.0975128015 38.9413009 255 79 163
53.4093629 0.143476715 38.9413009 255 79 163
53.4253242 0.192213795 38.9413009 255 79 163
53.429406 0.217978981 38.9413009 255 79 163
62.5544283 0 36.8006697 255 79 163
62.5270156 0.00339642364 36.8006697 255 79 163
62.5021671 0.0128985235 36.8006697 255 79 163
62.4816082 0.0268027735 36.8006697 255 79 163
62.4644719 0.0450597991 36.8006697 255 79 163
62.451967 0.0662993151 36.8006697 255 79 163
62.4445914 0.0888202868 36.8006697 255 79 163
62.4427053 0.10072615 36.8006697 255 79 163
62.442105 0.112323357 36.8006697 255 79 163
62.4392621 0.119606667 36.7398416 255 79 163
62.4307583 0.140254029 36.6795438 255 79 163
62.4166677 0.172461588 36.6203019 255 79 163
62.3894088 0.230269755 36.5438462 255 79 163
62.3312808 0.340149823 36.4369754 255 79 163
62.2434974 0.480944752 36.3320414 255 79 163
62.1357545 0.620144079 36.2477292 255 79 163
62.0127934 0.737200772 36.1877489 255 79 163
61.9166466 0.796800938 36.1609161 255 79 163
61.8535879 0.819318826 36.1516007 255 79 163
61.8217925 0.825250063 36.1492649 255 79 163
61.7899209 0.827284621 36.1484856 255 79 163
61.7899209 0 35.321201 255 79 163
61.7899209 0.0250153586 35.5231017 255 79 163
61.7899209 0.0950002779 35.7061159 255 79 163
61.7899209 0.197407939 35.857536 255 79 163
61.7899209 0.331874687 35.9837483 255 79 163
61.7899209 0.48830809 36.0758498 255 79 163
61.7899209 0.654179678 36.1301723 255 79 163
61.7899209 0.741868813 36.1440643 255 79 163
62.6103457 5.34687521e-17 36.36286 255 79 163
62.6039607 3.23565039e-18 36.1176092 255 79 163
62.5492604 2.97530454e-17 35.895724 255 79 163
62.470737 6.90165055e-17 35.7320025 255 79 163
62.3459587 2.81382411e-17 35.5691113 255 79 163
62.1965734 -1.95592401e-17 35.4456563 255 79 163
62.0516645 9.5020621e-17 35.3712905 255 79 163
61.9230915 2.57772021e-16 35.3340896 255 79 163
62.4706652 0.0418967196 36.6652612 255 79 163
62.4146379 0.0991565299 36.3832472 255 79 163
62.2500621 0.176048275 36.1120198 255 79 163
61.9626718 0.233308085 35.9321921 255 79 163
54.862615 0 35.5811322 255 79 163
54.862615 0.0171555831 35.7195961 255 79 163
54.862615 0.0651513811 35.8451076 255 79 163
54.862615 0.13538276 35.9489518 255 79 163
54.862615 0.227600326 36.0355084 255 79 163
54.862615 0.334882668 36.0986718 255 79 163
54.862615 0.448637736 36.1359263 255 79 163
54.862615 0.50877512 36.1454535 255 79 163
54.862615 0.567353453 36.1484856 255 79 163
54.5484247 0.549869885 36.1833808 255 79 163
54.2495476 0.504665591 36.2863652 255 79 163
53.9805511 0.442610181 36.4524199 255 79 163
53.7545456 0.374573266 36.6734512 255 79 163
53.5825466 0.311424458 36.9386861 255 79 163
53.4729373 0.264033369 37.2351977 255 79 163
53.4413024 0.248617391 37.4065098 255 79 163
53.4307051 0.243076209 37.5803956 255 79 163
53.1876289 0 37.5803956 255 79 163
53.2469522 0.00735011675 37.5803956 255 79 163
53.3007262 0.0279133769 37.5803956 255 79 163
53.3452171 0.0580032219 37.5803956 255 79 163
53.3823013 0.0975128015 37.5803956 255 79 163
53.4093629 0.143476715 37.5803956 255 79 163
53.4253242 0.192213795 37.5803956 255 79 163
53.429406 0.217978981 37.5803956 255 79 163
54.5272732 -8.41028364e-17 35.6201105 255 79 163
54.2109206 -2.95974346e-17 35.7313796 255 79 163
53.9284851 -3.9178075e-17 35.9036739 255 79 163
53.68993 -3.16251269e-17 36.1234529 255 79 163
53.5001838 -3.86492004e-18 36.3766271 255 79 163
53.3595975 -1.93865027e-17 36.6501451 255 79 163
53.2648337 -6.38596114e-17 36.9333363 255 79 163
53.2053813 9.85332818e-18 37.2575571 255 79 163
54.5081794 0.160912773 36.0275076 255 79 163
53.8895338 0.128791729 36.3601896 255 79 163
53.4913984 0.0900249512 36.9200534 255 79 163
53.3920672 0.0764565789 37.2447518 255 79 163
54.1407636 0.145343455 36.1780197 255 79 163
53.6869949 0.111398544 36.5805365 255 79 163
54.862615 0 35.5811322 255 79 163
54.862615 0.0171555831 35.7195961 255 79 163
54.862615 0.0651513811 35.8451076 255 79 163
54.862615 0.13538276 35.9489518 255 79 163
54.862615 0.227600326 36.0355084 255 79 163
54.862615 0.334882668 36.0986718 255 79 163
54.862615 0.448637736 36.1359263 255 79 163
54.862615 0.50877512 36.1454535 255 79 163
54.862615 0.567353453 36.1484856 255 79 163
61.7899209 0.827284621 36.1484856 255 79 163
61.7899209 0 35.321201 255 79 163
61.7899209 0.0250153586 35.5231017 255 79 163
61.7899209 0.0950002779 35.7061159 255 79 163
61.7899209 0.197407939 35.857536 255 79 163
61.7899209 0.331874687 35.9837483 255 79 163
61.7899209 0.48830809 36.0758498 255 79 163
61.7899209 0.654179678 36.1301723 255 79 163
61.7899209 0.741868813 36.1440643 255 79 163
57.171717 0.191587713 35.9568979 255 79 163
59.480819 0.222550529 35.9259351 255 79 163
6.21853559 0 13.5475888 255 79 163
6.21853559 -4.4408921e-16 0.173557386 255 79 163
8.04653636 1.82800078 0.368903964 255 79 163
8.00795928 1.4544378 0.359722571 255 79 163
7.89385667 1.09664148 0.335693263 255 79 163
7.70904397 0.769713663 0.302088345 255 79 163
7.46132175 0.48745273 0.264180124 255 79 163
7.16114573 0.261771796 0.227240905 255 79 163
6.82118504 0.102196453 0.196542993 255 79 163
6.52416209 0.0257303053 0.179781596 255 79 163
8.04653636 1.82800078 13.5475888 255 79 163
6.61354587 0.0431888219 13.5475888 255 79 163
7.0141834 0.182239133 13.5475888 255 79 163
7.38537855 0.420853185 13.5475888 255 79 163
7.69155572 0.745504343 13.5475888 255 79 163
7.90684895 1.12715498 13.5475888 255 79 163
8.01335288 1.48127652 13.5475888 255 79 163
88.5327899 -5.55111512e-17 33.8536923 255 79 163
88.7386498 0.0243651624 33.8536923 255 79 163
88.933134 0.096114055 33.8536923 255 79 163
89.1054949 0.211282056 33.8536923 255 79 163
89.2462081 0.363504748 33.8536923 255 79 163
89.3474978 0.544370364 33.8536923 255 79 163
89.3976791 0.709796311 33.8536923 255 79 163
89.4146234 0.881833436 33.8536923 255 79 163
89.4146234 0.881833436 62.5125089 255 79 163
89.4049179 0.751361441 62.4991941 255 79 163
89.3760153 0.623761307 62.4628321 255 79 163
89.3285516 0.501841833 62.4087967 255 79 163
89.2635716 0.388286779 62.3424615 255 79 163
89.1522081 0.254178049 62.2441698 255 79 163
88.9982469 0.132847422 62.1347339 255 79 163
88.821286 0.0485266217 62.0439721 255 79 163
88.6670651 0.01028293 61.996597 255 79 163
88.6001241 0.0025745061 61.9861586 255 79 163
88.5327899 -2.22044605e-16 61.9825163 255 79 163
6.21853559 0 13.5475888 255 79 163
6.61354587 0.0431888219 13.5475888 255 79 163
7.0141834 0.182239133 13.5475888 255 79 163
7.38537855 0.420853185 13.5475888 255 79 163
7.69155572 0.745504343 13.5475888 255 79 163
7.90684895 1.12715498 13.5475888 255 79 163
8.01335288 1.48127652 13.5475888 255 79 163
8.04653636 1.82800078 13.5475888 255 79 163
8.05762808 1.83086273 14.330863 255 79 163
8.0908917 1.71174496 15.6218461 255 79 163
8.1241784 0.800129567 19.9809347 255 79 163
8.19960517 0.38865167 22.537225 255 79 163
8.42274241 0.17768279 24.9151587 255 79 163
8.81823548 0.106249207 26.6486163 255 79 163
9.04514164 0.0922843608 27.1787422 255 79 163
9.23133135 0.0859847884 27.4559818 255 79 163
9.36242002 0.0833926148 27.5783779 255 79 163
9.46256984 0.0822393187 27.6342277 255 79 163
9.52637639 0.0818470211 27.6533084 255 79 163
9.59035398 0.0817116847 27.6597032 255 79 163
9.59035398 0 28.3666725 255 79 163
6.19395743 -7.92115763e-17 15.1260927 255 79 163
6.30142357 -7.72122283e-16 16.2180524 255 79 163
6.78679782 -2.46271128e-17 18.1415572 255 79 163
7.41270703 2.22943477e-17 20.553448 255 79 163
7.84911348 -4.23089993e-16 23.1848417 255 79 163
8.35272223 1.79716916e-16 26.0957803 255 79 163
8.74104684 -2.68764905e-17 27.3786461 255 79 163
8.995968 1.05503318e-16 27.8979232 255 79 163
9.20351675 -4.56328081e-16 28.1713926 255 79 163
9.34919246 -7.81993696e-16 28.2913207 255 79 163
9.45725138 4.62018451e-15 28.3437897 255 79 163
9.52372685 8.86589823e-15 28.3609443 255 79 163
8.40375822 0.0421401657 25.5952982 255 79 163
7.96772053 0.165426047 21.705118 255 79 163
8.91339548 0.024629319 27.3273995 255 79 163
9.23963813 0.0214668688 27.8341699 255 79 163
6.59029857 0.0426839009 14.210686 255 79 163
6.91100771 0.123032623 15.9632588 255 79 163
7.43144075 0.514566049 15.1772757 255 79 163
7.45531217 0.500221998 15.6826306 255 79 163
7.85119656 1.12462132 14.8127521 255 79 163
7.42926025 0.518793091 14.9548796 255 79 163
6.80347605 0.0523010403 16.5953586 255 79 163
7.94614518 1.33710781 15.0316023 255 79 163
7.04532939 0.116839544 16.7820621 255 79 163
7.50608274 0.476103082 16.2718212 255 79 163
7.85727358 1.06811276 15.5816894 255 79 163
7.54267854 0.458625226 16.6262494 255 79 163
7.72818592 0.0595363909 20.8753556 255 79 163
7.57599667 0.153635103 18.9352395 255 79 163
7.85122388 0.257711225 20.0142912 255 79 163
7.88505897 0.229876249 20.4980731 255 79 163
8.25406436 0.144229115 24.1111251 255 79 163
7.77386617 0.87660517 13.7459366 255 79 163
7.66363596 0.716425313 13.7579733 255 79 163
7.69976415 0.776272933 13.8786323 255 79 163
7.53626746 0.567813428 13.7718814 255 79 163
7.92099719 1.18247578 13.8020196 255 79 163
7.09060426 0.238238244 14.2126178 255 79 163
6.78939423 0.0987923239 14.1666806 255 79 163
6.98592899 0.179570788 14.1232413 255 79 163
6.78584908 0.102704285 14.4718786 255 79 163
7.52729032 0.591283851 14.1914227 255 79 163
6.88307054 0.142927008 14.5938402 255 79 163
7.98015998 1.39276587 13.9730292 255 79 163
7.08030972 0.243875371 14.6002502 255 79 163
6.83888488 0.126268377 14.8577571 255 79 163
7.43805468 0.523081383 14.597232 255 79 163
6.91002324 0.156908211 14.918825 255 79 163
7.05011467 0.228022013 15.0353756 255 79 163
7.89154274 1.17880713 14.2408644 255 79 163
7.77003478 0.942791546 14.3378012 255 79 163
7.86432545 1.13593818 14.4094024 255 79 163
7.74203864 0.913545044 14.5600482 255 79 163
6.86518005 0.124948799 15.5328875 255 79 163
7.85815104 1.13343371 14.5505124 255 79 163
7.06457801 0.225861043 15.4096336 255 79 163
6.87764242 0.124430993 15.67168 255 79 163
7.85530163 1.13123653 14.6342286 255 79 163
6.88748191 0.124022014 15.7667078 255 79 163
7.16003701 0.110639703 17.3607291 255 79 163
7.76532761 0.823908547 16.0932984 255 79 163
7.86552723 1.03838444 15.8666047 255 79 163
7.41758935 0.265652338 17.2253571 255 79 163
7.87085836 1.02030795 16.0266259 255 79 163
7.36538841 0.189700018 17.5538597 255 79 163
7.21748909 0.0436705823 18.4240845 255 79 163
7.30428568 0.101336842 18.0819918 255 79 163
7.48937437 0.248978498 17.7183001 255 79 163
7.81998719 0.727620211 17.0677847 255 79 163
7.7037696 0.367995665 18.1898524 255 79 163
7.39786072 0.120105656 18.3209271 255 79 163
7.9657181 1.19055171 16.2216701 255 79 163
8.00513628 0.914735983 17.9582847 255 79 163
7.96741205 0.673056285 18.7019495 255 79 163
8.0082494 0.520289269 19.9187987 255 79 163
8.12858526 0.397866959 21.8173457 255 79 163
8.50610799 0.0569461092 25.9130682 255 79 163
6.91158387 0.137217357 13.6934066 255 79 163
7.10689876 0.231396027 13.6827743 255 79 163
6.80577489 0.0991731015 13.8516489 255 79 163
7.09150576 0.229700551 13.9589254 255 79 163
7.65338978 0.731979992 14.0611312 255 79 163
7.72230491 0.659280741 16.6654972 255 79 163
8.83154754 0.032931954 27.0831363 255 79 163
87.2226665 0 28.3163097 255 79 163
87.2226665 0.0702232705 27.7087382 255 79 163
87.2814647 3.45602421e-19 28.3236828 255 79 163
87.3356089 3.95668036e-19 28.3432976 255 79 163
87.3854152 2.72976588e-19 28.3719961 255 79 163
87.4456936 -3.51793418e-20 28.4202094 255 79 163
87.5695427 -1.07762916e-18 28.5651583 255 79 163
87.692476 -2.72934998e-18 28.7705973 255 79 163
87.929064 -9.20940295e-18 29.3509536 255 79 163
88.3185953 -3.67675294e-17 31.0560803 255 79 163
88.4782828 -5.51431026e-17 32.4434826 255 79 163
88.5327899 -5.55111512e-17 33.8536923 255 79 163
88.7386498 0.0243651624 33.8536923 255 79 163
88.933134 0.096114055 33.8536923 255 79 163
89.1054949 0.211282056 33.8536923 255 79 163
89.2462081 0.363504748 33.8536923 255 79 163
89.3474978 0.544370364 33.8536923 255 79 163
89.3976791 0.709796311 33.8536923 255 79 163
89.4146234 0.881833436 33.8536923 255 79 163
88.0399488 -0.0975824897 29.1178826 255 79 163
88.739362 0.0202078993 30.5939394 255 79 163
89.220036 0.360210573 32.1220584 255 79 163
89.3654244 0.610929981 32.9855109 255 79 163
88.4100632 0.00330901464 30.8777827 255 79 163
88.573713 0.0178583471 30.8134291 255 79 163
88.6684445 0.0218363536 30.7855693 255 79 163
88.7237102 0.0233317672 30.7362517 255 79 163
89.1789671 0.303406542 32.2780878 255 79 163
89.0952301 0.225791947 32.3018018 255 79 163
88.8019823 0.0717986162 31.5666211 255 79 163
88.6404121 0.0161792596 32.3633706 255 79 163
88.9094363 0.103522219 32.3274668 255 79 163
88.888142 0.104013705 31.4787633 255 79 163
88.9611564 0.134745068 31.4404149 255 79 163
88.9863996 0.140515342 32.5768082 255 79 163
89.0243924 0.162296909 32.7016983 255 79 163
88.9723581 0.122721476 33.0919637 255 79 163
89.1843737 0.287376134 33.4355541 255 79 163
89.2418507 0.3570946 33.4326886 255 79 163
87.2226665 0 28.3163097 255 79 163
87.2226665 0.0702232705 27.7087382 255 79 163
9.59035398 0.0817116847 27.6597032 255 79 163
9.59035398 0 28.3666725 255 79 163
88.5735979 33.8632697 1.60828789 255 79 163
88.751921 33.8588382 1.60828789 255 79 163
88.9371843 33.8084302 1.60828789 255 79 163
89.0949474 33.7206207 1.60828789 255 79 163
89.2174953 33.6104275 1.60828789 255 79 163
89.312959 33.4782133 1.60828789 255 79 163
89.3768702 33.3338693 1.60828789 255 79 163
89.4056431 33.2129042 1.60828789 255 79 163
89.4146234 33.0955807 1.60828789 255 79 163
89.4146234 32.8129683 8.28727778 255 79 163
89.4146234 32.1149092 17.1925976 255 79 163
89.4146234 30.6652096 33.0969943 255 79 163
89.4146234 30.2712178 39.3245339 255 79 163
89.4146234 30.1007096 45.5520735 255 79 163
89.321928 30.901415 45.5520735 255 79 163
89.020785 31.7148314 45.5520735 255 79 163
88.5633638 32.3902552 45.5520735 255 79 163
88.0195574 32.8993002 45.5520735 255 79 163
87.3871365 33.2788207 45.5520735 255 79 163
86.711793 33.5123704 45.5520735 255 79 163
86.1387956 33.5978422 45.5520735 255 79 163
85.5911487 33.5907814 45.5520735 255 79 163
88.2921577 33.8375562 8.28727778 255 79 163
87.5969939 33.7740433 17.1925976 255 79 163
86.1533074 33.6421424 33.0969943 255 79 163
85.7609497 33.6062951 39.3245339 255 79 163
88.9409173 33.7809101 3.83461786 255 79 163
88.7615663 33.8297784 4.94778284 255 79 163
88.8462704 33.8033579 4.94778284 255 79 163
89.1382525 33.5921862 6.06094782 255 79 163
86.5144 33.5647309 42.4383037 255 79 163
87.0239065 33.4327718 43.476227 255 79 163
86.8498483 33.4927387 42.4383037 255 79 163
89.3231869 30.9426818 42.4383037 255 79 163
89.158634 31.4376334 43.476227 255 79 163
89.2163803 31.3066951 42.4383037 255 79 163
88.9358941 31.8890864 43.476227 255 79 163
89.0827247 31.6308894 42.4383037 255 79 163
89.2624971 33.5360018 2.72145288 255 79 163
89.3500874 33.3901936 2.35039788 255 79 163
89.3007746 33.478203 2.72145288 255 79 163
89.25733 33.5177506 3.83461786 255 79 163
88.7514647 33.7978112 7.1741128 255 79 163
88.8637064 33.7434713 7.5451678 255 79 163
88.6953518 33.7941416 8.28727778 255 79 163
89.0793932 33.5728547 8.28727778 255 79 163
88.7269284 33.7046387 11.2557177 255 79 163
89.3347043 33.21054 8.28727778 255 79 163
89.2025572 33.3948792 9.27675777 255 79 163
89.2563662 33.2899849 9.77149776 255 79 163
89.1842844 33.3478991 10.7609777 255 79 163
88.9854824 33.4699728 12.7399377 255 79 163
89.3242341 33.1149593 10.5136077 255 79 163
89.212206 33.1085738 14.2241577 255 79 163
88.5044349 33.7217466 13.7294177 255 79 163
88.3759756 33.7293281 14.9662677 255 79 163
88.7077151 33.5880622 14.7188977 255 79 163
88.5388069 33.640225 15.7083777 255 79 163
88.2498936 33.7037413 17.1925976 255 79 163
88.6506614 33.5596489 16.2031177 255 79 163
88.871779 33.3454073 17.1925976 255 79 163
89.2611625 32.8843724 16.2031177 255 79 163
89.2852089 32.7587044 17.1925976 255 79 163
88.2262691 33.6550121 18.9597528 255 79 163
87.8391422 33.7328852 19.8433304 255 79 163
89.0602311 33.0289537 18.9597528 255 79 163
89.3439024 32.1582608 22.4940632 255 79 163
89.2587651 32.5173023 21.1686968 255 79 163
89.015364 32.9135985 21.6104856 255 79 163
89.2015951 32.4745771 23.3776408 255 79 163
89.0490479 32.4383164 27.7955287 255 79 163
88.6477469 33.0999737 25.144796 255 79 163
87.7747859 33.5466972 26.9119511 255 79 163
88.2112357 33.5280629 22.4940632 255 79 163
87.2662024 33.6575261 27.7955287 255 79 163
88.1361376 33.3034113 28.6791063 255 79 163
87.5355847 33.558781 29.1208951 255 79 163
89.3215609 31.5953556 30.4462615 255 79 163
89.1375981 32.0343086 31.3298391 255 79 163
87.4264496 33.4631282 33.7889431 255 79 163
87.3247849 33.5160018 33.0969943 255 79 163
86.8653809 33.6048058 34.1349175 255 79 163
89.1824191 31.8203513 33.0969943 255 79 163
88.8217082 32.4157023 33.7889431 255 79 163
88.4406145 32.8730542 33.0969943 255 79 163
86.4945207 33.6275003 35.8647897 255 79 163
87.6415292 33.3329924 35.1728408 255 79 163
89.1742708 31.7459673 34.6538792 255 79 163
88.8083691 32.3814072 34.8268664 255 79 163
88.9808441 32.1581335 34.1349175 255 79 163
86.7089451 33.5842297 37.2486873 255 79 163
87.3006423 33.4329459 36.9027129 255 79 163
89.3104218 31.3147001 35.1728408 255 79 163
89.1097082 31.8424394 35.5188152 255 79 163
87.8399472 33.1559057 37.5946618 255 79 163
87.1249141 33.4754404 37.767649 255 79 163
87.5429048 33.2992229 38.2866106 255 79 163
89.3684165 30.9663341 36.5567385 255 79 163
87.0733637 33.4649789 39.3245339 255 79 163
87.8151681 33.1435655 38.632585 255 79 163
88.3234349 32.7446805 39.3245339 255 79 163
86.9955562 33.4738566 40.3624571 255 79 163
87.4683172 33.2991392 40.0164827 255 79 163
89.3046258 31.1686675 38.2866106 255 79 163
88.954225 32.0487815 37.2486873 255 79 163
86.8347548 33.5099055 41.054406 255 79 163
88.9179552 32.0028235 40.0164827 255 79 163
89.1544834 31.5653306 39.3245339 255 79 163
89.1312528 31.5820932 40.3624571 255 79 163
87.2220067 33.374141 42.0923293 255 79 163
87.4048445 33.2987414 41.9193421 255 79 163
87.5662767 33.219675 41.9193421 255 79 163
88.1828688 32.8042314 42.0923293 255 79 163
88.2175086 32.7878687 41.4003804 255 79 163
89.2070899 31.370397 41.054406 255 79 163
88.8184682 32.1046634 41.9193421 255 79 163
88.915022 31.9505091 42.0923293 255 79 163
88.1657323 32.8127636 42.4383037 255 79 163
88.9262652 31.9358251 41.9193421 255 79 163
87.7153923 33.1211384 43.1302525 255 79 163
89.0376394 31.7305404 42.0923293 255 79 163
88.4575179 32.5347413 42.7842781 255 79 163
88.0367854 32.9073319 42.9572653 255 79 163
88.115221 32.8397129 43.476227 255 79 163
88.0824387 32.8587628 44.1681758 255 79 163
88.9033749 33.4824127 13.9767877 255 79 163
88.1333061 33.7480773 16.6978576 255 79 163
88.9601733 33.3285549 15.9557477 255 79 163
88.4630269 33.5225239 19.5488045 255 79 163
89.3346869 32.5551213 18.0761752 255 79 163
89.1465394 32.8388137 19.8433304 255 79 163
88.7422565 33.3381711 19.4015416 255 79 163
88.8586797 33.2418673 19.2542787 255 79 163
88.5803724 33.4364776 19.8433304 255 79 163
88.4658752 33.4676237 20.726908 255 79 163
88.7341886 33.2887969 20.4323821 255 79 163
88.3847522 33.488175 21.3159597 255 79 163
88.9640782 32.9417558 22.1995373 255 79 163
88.9369672 32.9563632 22.4940632 255 79 163
88.7869172 33.095404 22.935852 255 79 163
89.0355237 32.8053117 22.788589 255 79 163
88.7423869 33.0958086 23.6721666 255 79 163
88.5458537 33.1085227 26.6174253 255 79 163
88.1118248 33.3684073 27.5010029 255 79 163
88.4922872 33.1143856 27.3537399 255 79 163
88.2769886 33.2533269 27.7955287 255 79 163
88.2309539 33.2701654 28.0900546 255 79 163
88.9424035 32.5265656 28.9736322 255 79 163
88.5849605 32.8980876 29.8572098 255 79 163
87.8310725 33.397893 30.4462615 255 79 163
88.882959 32.5731804 29.5626839 255 79 163
87.0041328 33.6230559 31.7716279 255 79 163
87.3564631 33.5442877 31.624365 255 79 163
88.0355303 33.253308 31.3298391 255 79 163
88.7860705 32.6455872 30.4462615 255 79 163
88.4203283 32.9883697 31.0353132 255 79 163
88.5934989 32.8351206 30.8880503 255 79 163
87.1075264 33.5943431 32.2134167 255 79 163
88.9177295 32.4527065 30.7407874 255 79 163
87.1785166 33.5714044 32.5079425 255 79 163
88.6799404 32.7202623 31.3298391 255 79 163
88.6041144 32.7708944 31.9188908 255 79 163
88.2801667 32.9898631 33.5582935 255 79 163
88.1958911 33.0455236 33.7889431 255 79 163
88.1819827 33.0353144 34.3079047 255 79 163
88.4175145 32.8477474 34.1349175 255 79 163
88.0095428 33.1448492 34.5962168 255 79 163
89.2761959 31.5416992 33.4429687 255 79 163
89.3138192 31.4003002 33.6159559 255 79 163
88.2839585 32.9278788 34.9998536 255 79 163
87.5298178 33.3683605 35.7494648 255 79 163
87.4731884 33.3853046 36.0377769 255 79 163
88.3752563 32.8014523 36.2107641 255 79 163
88.6114702 32.6065763 35.1728408 255 79 163
88.5031811 32.7135798 35.345828 255 79 163
87.4160912 33.4017292 36.3260889 255 79 163
88.4614367 32.7429469 35.63414 255 79 163
88.2856241 32.8594309 36.7873881 255 79 163
89.0618022 31.9094533 36.0954393 255 79 163
88.2395707 32.8881405 37.0757001 255 79 163
88.1112155 32.9833692 37.2486873 255 79 163
89.0363792 31.9436736 36.3837513 255 79 163
89.0099747 31.9783247 36.6720633 255 79 163
86.805281 33.5490454 38.4595978 255 79 163
88.4685402 32.6669635 37.4216746 255 79 163
86.6441977 33.5757135 38.8055722 255 79 163
86.786247 33.5461928 38.9785595 255 79 163
88.7101742 32.3791354 37.8253114 255 79 163
89.0933329 31.729785 38.632585 255 79 163
88.3390145 32.7617484 38.2866106 255 79 163
88.5689785 32.5360243 38.1136234 255 79 163
88.5625471 32.5253456 38.632585 255 79 163
88.4858438 32.600281 38.8632347 255 79 163
88.2997206 32.7534868 39.7858331 255 79 163
88.2878905 32.7580628 40.0164827 255 79 163
89.338536 30.9961792 38.9785595 255 79 163
88.2643014 32.7675548 40.477782 255 79 163
87.5558469 33.2354531 41.2273932 255 79 163
88.7509241 32.2257576 40.8814188 255 79 163
88.9320699 31.9515115 40.9390812 255 79 163
88.8119641 32.1309098 41.2273932 255 79 163
87.5350906 33.2289677 42.4383037 255 79 163
88.7208894 32.2079193 43.8222014 255 79 163
87.4222812 33.2645125 44.8601246 255 79 163
88.8295699 32.0473085 44.3988254 255 79 163
87.7257882 33.3959737 31.9188908 255 79 163
88.0195944 33.2453717 31.7716279 255 79 163
87.670731 33.411106 32.2134167 255 79 163
87.9072287 33.2990665 32.0661537 255 79 163
87.9428015 33.2735749 32.2134167 255 79 163
88.1144754 33.1552188 32.5079425 255 79 163
87.8377149 33.310118 32.8024684 255 79 163
86.6685694 33.5243564 44.629475 255 79 163
86.4927465 33.5570329 45.2060991 255 79 163
86.3739408 33.5747494 45.3214239 255 79 163
88.166382 32.7880134 44.4757086 255 79 163
88.2077026 32.7516384 44.629475 255 79 163
88.3317226 32.6367886 44.9370079 255 79 163
89.2415483 31.196895 44.4757086 255 79 163
89.2768469 31.0773514 44.9754495 255 79 163
89.2929092 31.0184999 45.1676575 255 79 163
87.4015406 33.2766783 44.3988254 255 79 163
88.9166989 31.9045686 44.9562287 255 79 163
88.9527197 31.8417148 45.1548436 255 79 163
88.5735979 33.8632697 1.60828789 255 79 163
88.751921 33.8588382 1.60828789 255 79 163
88.9371843 33.8084302 1.60828789 255 79 163
89.0949474 33.7206207 1.60828789 255 79 163
89.2174953 33.6104275 1.60828789 255 79 163
89.312959 33.4782133 1.60828789 255 79 163
89.3768702 33.3338693 1.60828789 255 79 163
89.4056431 33.2129042 1.60828789 255 79 163
89.4146234 33.0955807 1.60828789 255 79 163
89.3835337 33.117965 1.29352649 255 79 163
89.2904873 33.1765582 0.988513329 255 79 163
89.1368894 33.2567644 0.704516275 255 79 163
88.9268297 33.3439731 0.454159501 255 79 163
88.6681904 33.42419 0.250019238 255 79 163
88.3727193 33.4845553 0.102708752 255 79 163
88.0934503 33.5121427 0.0256552203 255 79 163
87.8074317 33.5084916 2.12412576e-14 255 79 163
87.7816287 33.7909122 0.283596881 255 79 163
87.7824089 33.7823724 0.21438443 255 79 163
87.7845917 33.7584808 0.151646324 255 79 163
87.7877858 33.7235206 0.0997388431 255 79 163
87.7919798 33.677616 0.0564727144 255 79 163
87.796859 33.6242123 0.024899898 255 79 163
87.8020326 33.5675867 0.00627789738 255 79 163
87.8047676 33.5376511 0.00151565422 255 79 163
88.592802 33.8650242 1.23881162 255 79 163
88.5772894 33.8636069 1.0277976 255 79 163
88.532993 33.8595598 0.853793969 255 79 163
88.4424185 33.8512846 0.666210367 255 79 163
88.316299 33.8397618 0.509724382 255 79 163
88.1821141 33.8275022 0.403039509 255 79 163
88.0110327 33.8118715 0.321366846 255 79 163
87.8979134 33.8015365 0.293241181 255 79 163
89.1443852 33.6703653 1.34052409 255 79 163
88.9761918 33.7014207 0.818856974 255 79 163
88.6136467 33.7299807 0.376547379 255 79 163
88.0853975 33.7271192 0.116653579 255 79 163
2.51635235 48.7755435 60.4424577 255 79 163
2.51635235 48.7326804 60.8865311 255 79 163
2.51635235 48.5950772 61.3399224 255 79 163
2.51635235 48.3570188 61.7722295 255 79 163
2.51635235 48.0260589 62.1508399 255 79 163
2.51635235 47.623284 62.4481784 255 79 163
2.51635235 47.1790626 62.6480521 255 79 163
2.51635235 46.8116178 62.7365056 255 79 163
2.51635235 46.4537501 62.7642512 255 79 163
20.5340477 48.7755435 60.2171385 255 79 163
44.5576414 48.7755435 59.6551281 255 79 163
66.2484259 48.7755435 59.1369508 255 79 163
77.6979708 48.7755435 58.9437795 255 79 163
87.9392105 48.7755435 58.8555594 255 79 163
86.2715601 44.8746595 62.7642512 255 79 163
86.3309935 45.5508204 62.7051507 255 79 163
86.4849354 46.2063804 62.5295488 255 79 163
86.7061471 46.8213462 62.2428267 255 79 163
86.9676564 47.3770809 61.8539067 255 79 163
87.2426282 47.8569202 61.3748295 255 79 163
87.5042387 48.2466329 60.8202555 255 79 163
87.7255825 48.5347514 60.2069509 255 79 163
87.8796228 48.7128026 59.5532912 255 79 163
87.9239375 48.759823 59.2058287 255 79 163
20.5340477 46.2284308 62.7642512 255 79 163
44.5576414 45.6664205 62.7642512 255 79 163
65.4146007 45.1653117 62.7642512 255 79 163
11.5252 46.9776408 62.6868206 255 79 163
8.52225079 47.3589324 62.564694 255 79 163
83.5046333 47.4042845 61.8429987 255 79 163
81.9847654 47.6424333 61.631141 255 79 163
82.0144821 47.8986147 61.3481668 255 79 163
83.6296845 47.7462246 61.5145185 255 79 163
82.0914532 48.1133239 61.0594293 255 79 163
82.2020589 48.2922313 60.7664863 255 79 163
82.3328135 48.4396548 60.4697518 255 79 163
83.7905913 48.0363945 61.1593812 255 79 163
82.4702996 48.5587064 60.1688468 255 79 163
83.9694185 48.2772067 60.7823529 255 79 163
82.6011048 48.6513947 59.8628338 255 79 163
84.1482793 48.470428 60.3868056 255 79 163
84.3804733 48.7215683 59.5211461 255 79 163
5.51930157 48.1041175 62.064337 255 79 163
5.51930157 47.9163365 62.235687 255 79 163
4.51831849 48.1948171 61.9711919 255 79 163
4.51831849 48.5585486 61.4133952 255 79 163
4.51831849 48.3980464 61.7032405 255 79 163
5.51930157 48.2721367 61.873728 255 79 163
5.51930157 48.4176523 61.667393 255 79 163
8.52225079 48.3075304 61.8095095 255 79 163
8.52225079 48.6034479 61.2824203 255 79 163
13.0266746 47.5320277 62.4577487 255 79 163
11.5252 47.2125899 62.6126374 255 79 163
12.5261831 48.6999354 60.9477505 255 79 163
15.5291323 47.1157151 62.6303925 255 79 163
14.5281492 48.0353976 62.0718859 255 79 163
17.5310984 47.184749 62.5952292 255 79 163
17.5310984 48.5943606 61.2041741 255 79 163
24.53798 46.7897489 62.6848194 255 79 163
23.2033359 47.2391334 62.5369716 255 79 163
31.2112005 46.4475448 62.7278762 255 79 163
28.5419123 47.3886853 62.4175366 255 79 163
28.5419123 48.6934709 60.7124354 255 79 163
27.2072682 48.3039164 61.5996211 255 79 163
26.5399461 48.5880985 61.0772466 255 79 163
36.5497768 46.5790878 62.676393 255 79 163
35.2151327 47.0777032 62.5130914 255 79 163
33.8804886 48.7383308 60.3826407 255 79 163
29.8765564 48.535553 61.1419152 255 79 163
37.8844209 47.5004553 62.2478932 255 79 163
38.551743 46.9077719 62.556721 255 79 163
40.5537091 48.6846312 60.491444 255 79 163
36.5497768 48.4043878 61.2796283 255 79 163
46.8750814 46.9026883 62.4872016 255 79 163
44.5576414 46.8108722 62.5459544 255 79 163
48.0338013 46.3578258 62.6675425 255 79 163
53.8274011 45.9709092 62.7204288 255 79 163
51.5099612 47.0963003 62.3444404 255 79 163
51.6489321 48.6760623 60.2772201 255 79 163
50.3512412 48.2032697 61.3510854 255 79 163
49.7718813 48.5478794 60.7152743 255 79 163
58.462281 46.1629036 62.6597456 255 79 163
57.303561 46.7489525 62.4644596 255 79 163
56.51543 48.7308617 59.9046176 255 79 163
52.7613284 48.4854497 60.8032173 255 79 163
59.7136482 47.2634575 62.1519188 255 79 163
60.2003609 46.566147 62.5187627 255 79 163
62.4943243 48.6682627 60.0822315 255 79 163
58.7402227 48.3332294 60.994995 255 79 163
71.2444653 48.7267742 59.6430134 255 79 163
68.0177126 48.6648019 59.9957116 255 79 163
69.7869992 48.3034589 60.875913 255 79 163
76.0491793 45.5903271 62.7144822 255 79 163
70.937989 45.9661468 62.6518753 255 79 163
73.742485 48.6617467 59.9193307 255 79 163
73.0137519 48.4475135 60.5467687 255 79 163
81.3664686 45.8555657 62.6474521 255 79 163
80.601302 48.4460318 60.4688963 255 79 163
80.5657394 48.3421893 60.6854737 255 79 163
79.8413681 48.5054769 60.3336518 255 79 163
79.8562264 48.5681867 60.1635166 255 79 163
80.0153921 48.696335 59.6926171 255 79 163
80.6638276 48.5314484 60.2588457 255 79 163
79.894712 48.6195901 60.0014424 255 79 163
79.9500148 48.6618112 59.845159 255 79 163
80.7442811 48.6015305 60.0532999 255 79 163
84.8525341 45.9487985 62.6156047 255 79 163
82.0554818 46.24727 62.5244179 255 79 163
83.4335081 47.0078221 62.1382301 255 79 163
85.3453538 45.8159478 62.6501808 255 79 163
85.0573101 47.0294964 62.11849 255 79 163
84.8220523 47.7866767 61.4645094 255 79 163
85.2483692 47.4857954 61.7648498 255 79 163
85.3377828 47.6497261 61.6081564 255 79 163
85.8810739 47.5614523 61.6927161 255 79 163
85.5579678 48.0176729 61.1766602 255 79 163
85.257127 48.4407995 60.4491512 255 79 163
85.8115509 48.4254695 60.4805598 255 79 163
86.3757802 48.3700256 60.5947842 255 79 163
3.51733542 47.0693658 62.6798653 255 79 163
4.01782696 47.1986421 62.6391209 255 79 163
4.01782696 47.3815805 62.5678844 255 79 163
3.51733542 47.723958 62.3835115 255 79 163
5.51930157 47.2530323 62.6165605 255 79 163
10.0237254 47.8173604 62.290566 255 79 163
10.857878 48.2137126 61.910769 255 79 163
12.0256915 48.1630721 61.9598567 255 79 163
12.3593526 47.9715148 62.148994 255 79 163
12.7764289 48.2804762 61.8111331 255 79 163
13.3603356 48.2039803 61.9012481 255 79 163
13.5271662 48.4542749 61.5416556 255 79 163
15.8627933 48.0131385 62.0814424 255 79 163
16.8637764 47.7500835 62.291982 255 79 163
16.5301154 48.0017149 62.0861384 255 79 163
17.5310984 48.0330973 62.0461677 255 79 163
17.8647595 47.8620661 62.1969341 255 79 163
18.5320815 47.4828622 62.4490838 255 79 163
19.5330646 46.8588643 62.6891086 255 79 163
20.5340477 47.1660095 62.5854141 255 79 163
18.03159 48.1510854 61.9161409 255 79 163
18.5320815 48.0320317 62.0370946 255 79 163
18.1984205 48.2604057 61.781145 255 79 163
18.5320815 48.4492762 61.4913677 255 79 163
19.5330646 48.6977596 60.8580673 255 79 163
20.5340477 48.5967064 61.1547172 255 79 163
21.4238104 48.6465918 61.0030491 255 79 163
21.8686918 48.6684434 60.9260639 255 79 163
24.0930986 47.5736447 62.3483692 255 79 163
23.2033359 47.8376009 62.1639679 255 79 163
23.8706579 47.9232556 62.0819487 255 79 163
23.6482172 48.0672548 61.9428039 255 79 163
24.53798 48.4399852 61.4220179 255 79 163
23.2033359 48.3188476 61.6364919 255 79 163
22.7584545 48.6074108 61.0918777 255 79 163
24.53798 47.7332728 62.2324804 255 79 163
22.5360138 48.6973493 60.8093965 255 79 163
25.8726241 47.6235518 62.2977421 255 79 163
25.4277427 47.9423679 62.0458498 255 79 163
26.7623868 47.5474966 62.3393215 255 79 163
28.0970309 48.2527647 61.6582067 255 79 163
28.5419123 48.2260931 61.6873284 255 79 163
29.8765564 47.5847128 62.2820139 255 79 163
29.2092343 48.0628517 61.874003 255 79 163
28.9867936 48.3427084 61.5133578 255 79 163
31.2112005 47.7739058 62.123203 255 79 163
32.5458446 47.9532107 61.9419183 255 79 163
31.8785225 47.2381412 62.4666101 255 79 163
32.9907259 47.185745 62.4824033 255 79 163
32.1009632 48.4958271 61.186476 255 79 163
33.8804886 48.1197326 61.7395466 255 79 163
33.2131666 48.4744939 61.2092427 255 79 163
36.1048955 47.4465157 62.30438 255 79 163
35.2151327 48.2708627 61.5179986 255 79 163
35.8824548 47.8332474 62.0098922 255 79 163
36.5497768 47.6227045 62.176068 255 79 163
36.9946582 47.5825987 62.2003984 255 79 163
38.3293023 48.3068288 61.4096657 255 79 163
39.6639464 47.9653 61.8245605 255 79 163
40.5537091 47.2393134 62.3801937 255 79 163
39.219065 48.2532672 61.4745484 255 79 163
42.5556753 46.4640488 62.6717914 255 79 163
40.5537091 48.1669144 61.5713381 255 79 163
42.3332346 46.805141 62.566156 255 79 163
41.8883532 47.4563382 62.2300276 255 79 163
41.4434719 47.8215743 61.9416961 255 79 163
41.2210312 47.9860376 61.7780518 255 79 163
40.9985905 48.2960656 61.37856 255 79 163
41.8883532 48.5096814 60.9670233 255 79 163
43.2229973 46.5786298 62.6362503 255 79 163
41.8883532 48.0733574 61.6670855 255 79 163
43.6678787 46.6556854 62.6090394 255 79 163
46.1026014 47.7125926 61.9743055 255 79 163
44.5576414 47.8649024 61.8536101 255 79 163
46.8750814 47.6322091 62.0325172 255 79 163
45.3301214 48.618185 60.6150727 255 79 163
44.5576414 48.5572467 60.7995799 255 79 163
47.6475613 47.311579 62.2576891 255 79 163
45.7163614 48.6448775 60.5215953 255 79 163
47.4544413 47.7372058 61.9330057 255 79 163
47.2613213 47.912469 61.763289 255 79 163
46.8750814 48.2188398 61.3895338 255 79 163
48.0338013 48.3669991 61.1300735 255 79 163
48.0338013 47.5065722 62.1168169 255 79 163
46.4888414 48.5705257 60.7249908 255 79 163
46.2957214 48.6801808 60.3801826 255 79 163
49.1925213 47.375138 62.1971448 255 79 163
48.8062813 47.7621494 61.8904573 255 79 163
49.9650013 47.2844643 62.2483068 255 79 163
50.9306012 47.7083651 61.9099172 255 79 163
51.1700448 48.1418557 61.4235562 255 79 163
51.5794466 48.1099013 61.4595926 255 79 163
52.1356448 47.9132997 61.6871924 255 79 163
52.6995636 47.3367691 62.181607 255 79 163
51.9734072 48.2515511 61.2499133 255 79 163
53.8582835 47.5685546 61.9917783 255 79 163
54.9861211 47.787692 61.7763997 255 79 163
54.4067611 46.9259833 62.4061763 255 79 163
55.3723611 46.8676754 62.4260142 255 79 163
54.7542932 48.4388166 60.8649008 255 79 163
56.2683707 47.9894764 61.5360213 255 79 163
55.7507756 48.4139686 60.8966124 255 79 163
58.1686882 47.1918213 62.2162504 255 79 163
57.5197379 48.1722381 61.2744563 255 79 163
58.0218919 47.6516517 61.8645151 255 79 163
58.6012518 47.4029716 62.0639594 255 79 163
58.9720506 47.3570824 62.0938067 255 79 163
59.2269354 47.8684383 61.6311543 255 79 163
60.3160651 48.2196238 61.1576432 255 79 163
62.5641245 46.239563 62.6164949 255 79 163
62.0774117 46.9674217 62.3122207 255 79 163
63.3287789 47.2283738 62.1377114 255 79 163
61.1039863 48.1576413 61.238411 255 79 163
63.7460062 46.0729706 62.6561483 255 79 163
63.6069305 46.4693981 62.5324019 255 79 163
62.285868 48.0582621 61.3583796 255 79 163
61.4284614 47.8185926 61.6544147 255 79 163
62.633505 47.8113362 61.645999 255 79 163
64.3716898 46.2117074 62.6148719 255 79 163
64.7888122 46.3047482 62.5833445 255 79 163
65.623057 46.4915022 62.5104688 255 79 163
62.9115516 48.1505961 61.2210137 255 79 163
63.4677498 47.9513234 61.4764072 255 79 163
63.1432746 48.2665659 61.0371111 255 79 163
63.6067207 48.463215 60.6529106 255 79 163
64.255671 47.8759264 61.5537265 255 79 163
66.2128192 46.1844378 62.6132831 255 79 163
66.5077003 46.0295351 62.6544109 255 79 163
67.0110377 47.1951777 62.1242684 255 79 163
67.166948 46.170778 62.6124872 255 79 163
68.4854433 46.4556129 62.5064811 255 79 163
67.6007999 46.9083823 62.2974609 255 79 163
64.9275733 48.7008651 59.8936133 255 79 163
66.0399696 48.5211619 60.4748169 255 79 163
66.7105102 47.863218 61.536626 255 79 163
65.8315133 47.7156189 61.7043266 255 79 163
67.2889795 48.456568 60.6079769 255 79 163
67.3002724 47.6266232 61.7736005 255 79 163
67.1500086 47.9337104 61.448887 255 79 163
67.4448897 47.8221654 61.5733532 255 79 163
67.9363582 47.6227068 61.7702236 255 79 163
68.9192952 47.1791485 62.1177772 255 79 163
68.1041374 47.9294036 61.4421577 255 79 163
66.7687027 48.7000837 59.8635775 255 79 163
68.0753291 48.2520792 60.9879526 255 79 163
68.4685039 48.1305713 61.1715648 255 79 163
69.3531472 47.8126367 61.5614507 255 79 163
68.9080023 48.1909799 61.0748624 255 79 163
69.9501274 47.4409466 61.9101092 255 79 163
70.4655435 47.5661167 61.7960397 255 79 163
70.8291243 47.6057965 61.7556428 255 79 163
71.5562858 47.683877 61.6725847 255 79 163
71.1440879 46.5767683 62.4389886 255 79 163
70.8625834 48.3540971 60.7678495 255 79 163
72.9165177 46.6601369 62.3892207 255 79 163
71.4003755 48.3784521 60.7131593 255 79 163
73.8027325 46.702505 62.3629109 255 79 163
71.9381676 48.4021476 60.6580647 255 79 163
75.643862 46.985746 62.1924633 255 79 163
74.2813366 47.232833 62.0350794 255 79 163
75.916367 46.9348987 62.2218244 255 79 163
76.4613772 46.8319338 62.2783488 255 79 163
75.8499609 47.537666 61.7732634 255 79 163
76.2598652 47.8219682 61.4811203 255 79 163
75.2385446 48.1103142 61.1215422 255 79 163
76.7705256 47.6601725 61.6488802 255 79 163
77.5880408 47.5298938 61.7670413 255 79 163
77.4185852 47.8180086 61.4757922 255 79 163
77.079674 48.2885611 60.8163216 255 79 163
78.7147045 48.1020646 61.1011706 255 79 163
76.4682577 48.6171918 60.0464196 255 79 163
74.6271283 48.5103453 60.3774672 255 79 163
78.8475168 47.0147437 62.1549779 255 79 163
77.3888224 48.6601428 59.8792329 255 79 163
77.8307831 48.5274616 60.2966436 255 79 163
80.0405865 47.105767 62.0880607 255 79 163
78.2063376 48.6162337 60.0299742 255 79 163
80.2156375 47.5935413 61.6895554 255 79 163
78.7563005 48.6009698 60.0741996 255 79 163
80.966104 47.2947047 61.9445702 255 79 163
81.8022386 46.6189438 62.365446 255 79 163
81.3056578 47.4143759 61.8451551 255 79 163
82.0201236 46.9850023 62.1585516 255 79 163
81.675617 46.8003232 62.2704461 255 79 163
86.1830048 46.9191566 62.185771 255 79 163
86.6717182 47.9422659 61.2716845 255 79 163
86.7088472 48.6131327 59.9752648 255 79 163
86.8753807 48.692388 59.6617011 255 79 163
87.1574953 48.6793702 59.7202334 255 79 163
20.0335561 47.476359 62.4414816 255 79 163
20.5340477 48.0295115 62.0182192 255 79 163
20.0335561 48.4499689 61.4700698 255 79 163
22.3135731 48.3330338 61.6280117 255 79 163
30.8775394 47.083051 62.5467397 255 79 163
30.5438784 47.6803566 62.2054823 255 79 163
31.2112005 47.1347966 62.5215372 255 79 163
30.9887598 47.3233469 62.4304285 255 79 163
30.098997 47.9997134 61.9287631 255 79 163
29.8765564 48.1416886 61.7738529 255 79 163
30.2102174 48.1797183 61.7220221 255 79 163
34.8814717 47.6909796 62.1442239 255 79 163
34.5478107 48.1973703 61.6310318 255 79 163
35.2151327 47.7390516 62.1008964 255 79 163
34.9926921 47.9044719 61.9553784 255 79 163
34.1029293 48.4327359 61.2729684 255 79 163
33.8804886 48.52724 61.0857193 255 79 163
34.2141497 48.5517539 61.0229078 255 79 163
42.778116 47.4271989 62.2391369 255 79 163
43.3712911 47.5789306 62.1219901 255 79 163
44.1127601 47.2935911 62.3094872 255 79 163
44.9438814 48.3176458 61.272087 255 79 163
45.3301214 48.1421374 61.5227752 255 79 163
45.7163614 48.2638921 61.3429973 255 79 163
45.9094814 48.2888715 61.3006482 255 79 163
45.7163614 48.4194604 61.0774769 255 79 163
46.2957214 48.2214499 61.3959791 255 79 163
46.1026014 48.396164 61.113873 255 79 163
53.2634824 46.6711207 62.5304264 255 79 163
53.2737765 46.9413996 62.4091609 255 79 163
53.2943648 47.4538859 62.0899361 255 79 163
53.5608829 46.7347843 62.501982 255 79 163
53.0278466 48.0559133 61.50546 255 79 163
53.3046589 47.9056892 61.6776858 255 79 163
53.309806 48.1011508 61.4424415 255 79 163
56.7859659 47.420049 62.0726724 255 79 163
56.8271424 47.6609236 61.8719377 255 79 163
56.9094955 48.0833655 61.4075823 255 79 163
57.1065283 47.479048 62.0230661 255 79 163
56.7124628 48.5072309 60.6764671 255 79 163
56.9815545 48.4108069 60.8802814 255 79 163
57.017584 48.5352878 60.6019497 255 79 163
60.8144112 47.2304835 62.1625259 255 79 163
64.0780971 46.8980152 62.3326557 255 79 163
63.9313007 47.2227534 62.1354354 255 79 163
64.4720577 46.8460587 62.3569312 255 79 163
64.3136804 47.1055421 62.2089484 255 79 163
64.5222416 47.1493053 62.1788055 255 79 163
64.9586655 47.3468744 62.0353384 255 79 163
65.3101628 47.0494267 62.2345609 255 79 163
65.8891299 46.8302306 62.3535898 255 79 163
66.0221663 46.9954984 62.2606169 255 79 163
64.5916221 48.4044373 60.7615073 255 79 163
65.0744046 48.4457473 60.6670217 255 79 163
70.4440582 46.7337495 62.3689599 255 79 163
72.4955184 47.706141 61.6407102 255 79 163
72.9651348 47.7173138 61.6246482 255 79 163
73.4038687 47.5639691 61.7700056 255 79 163
73.6475442 47.9432593 61.3622912 255 79 163
73.9740722 48.1667044 61.0505943 255 79 163
74.4542324 47.9939887 61.289575 255 79 163
74.7156698 48.0336918 61.2342895 255 79 163
75.4412033 47.6033279 61.7153366 255 79 163
77.448348 46.3111492 62.5164923 255 79 163
76.3640615 48.3037103 60.7963297 255 79 163
81.1662863 46.5996528 62.3772434 255 79 163
80.0285028 48.1275176 61.0529817 255 79 163
80.7659217 47.8890817 61.3677101 255 79 163
20.0335561 48.0301872 62.023028 255 79 163
21.4238104 47.8123136 62.2030986 255 79 163
22.0169856 47.6310518 62.3300232 255 79 163
22.7584545 47.8484517 62.1596882 255 79 163
42.6298222 48.122887 61.5934776 255 79 163
43.2724286 48.2924083 61.3431029 255 79 163
43.9644663 48.1587022 61.5241103 255 79 163
44.1621913 48.066615 61.6379252 255 79 163
65.0165351 47.9843899 61.4147281 255 79 163
21.2755166 46.9308437 62.6619764 255 79 163
21.4238104 48.3222807 61.6558129 255 79 163
43.2394744 48.6172373 60.6629379 255 79 163
43.915035 48.6605402 60.5071528 255 79 163
44.1292372 48.629987 60.6045953 255 79 163
89.1628811 0.881833436 62.7642512 255 79 163
89.2243193 0.881833436 62.756639 255 79 163
89.2800105 0.881833436 62.7353427 255 79 163
89.3260875 0.881833436 62.7041801 255 79 163
89.3644938 0.881833436 62.6632619 255 79 163
89.3925203 0.881833436 62.6156593 255 79 163
89.4090506 0.881833436 62.5651847 255 79 163
89.4132779 0.881833436 62.5385009 255 79 163
89.4146234 0.881833436 62.5125089 255 79 163
89.4146234 8.01091289 62.2715494 255 79 163
89.4146234 17.5163522 61.6202064 255 79 163
89.4146234 31.1955058 60.4500745 255 79 163
89.4146234 38.5913966 59.915822 255 79 163
89.4146234 44.8746595 59.6211879 255 79 163
89.3221484 44.8746595 60.3779956 255 79 163
89.0634685 44.8746595 61.0648271 255 79 163
88.6844832 44.8746595 61.6353004 255 79 163
88.1855578 44.8746595 62.1142703 255 79 163
87.6028536 44.8746595 62.4683803 255 79 163
86.981921 44.8746595 62.682925 255 79 163
86.6219659 44.8746595 62.7446575 255 79 163
86.2715601 44.8746595 62.7642512 255 79 163
88.9219216 8.01091289 62.7642512 255 79 163
88.2705786 17.5163522 62.7642512 255 79 163
87.1004466 31.1955058 62.7642512 255 79 163
86.5661942 38.5913966 62.7642512 255 79 163
89.2951787 5.63455307 62.6592555 255 79 163
89.2703143 8.01091289 62.6199422 255 79 163
89.3000295 14.3478724 62.305876 255 79 163
87.3301964 41.7330281 62.6160426 255 79 163
87.4151739 42.7802385 62.5728726 255 79 163
87.6275282 41.7330281 62.5015891 255 79 163
89.3347518 41.7330281 60.4353815 255 79 163
89.1944202 42.7802385 60.8395009 255 79 163
89.3405414 9.59515277 62.4679233 255 79 163
89.1852282 12.7636325 62.534856 255 79 163
89.0686358 11.1793926 62.6777543 255 79 163
88.810124 15.1399923 62.6970846 255 79 163
89.0082724 14.8759524 62.5996958 255 79 163
88.8946086 15.9321123 62.6342475 255 79 163
88.9550605 16.4601922 62.5781472 255 79 163
88.6916954 17.5163522 62.6839259 255 79 163
89.0795404 17.5163522 62.4291682 255 79 163
89.1915642 19.0362581 62.2134315 255 79 163
89.334298 17.5163522 62.0413232 255 79 163
89.2442615 19.7962111 62.0828039 255 79 163
89.3141454 20.9361406 61.8599497 255 79 163
89.3683691 22.0760701 61.6078939 255 79 163
89.1574382 21.3161171 62.1291614 255 79 163
89.1683174 26.6357879 61.7790275 255 79 163
88.908237 24.355929 62.2578648 255 79 163
88.3140852 25.875835 62.6014497 255 79 163
88.6330212 22.0760701 62.5688507 255 79 163
87.9570139 26.6357879 62.7059468 255 79 163
88.1338455 27.7757174 62.6219425 255 79 163
88.5494822 27.3957409 62.4139048 255 79 163
89.2232724 29.6755999 61.4707185 255 79 163
88.0076215 32.0172715 62.5561148 255 79 163
87.9522828 31.1955058 62.6017689 255 79 163
87.5904663 32.4281543 62.6912849 255 79 163
89.3387656 33.6608028 60.8678078 255 79 163
88.979392 33.2499199 61.6894962 255 79 163
89.2418095 33.0444785 61.2089269 255 79 163
89.1925575 34.0716856 61.2630862 255 79 163
89.0712442 36.1260997 61.3907347 255 79 163
88.6529412 34.8934512 62.0025691 255 79 163
87.8427216 35.7152169 62.5317213 255 79 163
88.1327841 33.6608028 62.4437914 255 79 163
87.3825462 36.1260997 62.6829681 255 79 163
88.2361525 36.5369825 62.2870192 255 79 163
87.6894306 36.7424239 62.5725631 255 79 163
89.3308367 37.3587482 60.6695853 255 79 163
89.1700335 37.769631 61.1108236 255 79 163
87.9627127 39.289537 62.381126 255 79 163
87.6146859 38.5913966 62.5642581 255 79 163
88.5803378 38.5913966 61.9299656 255 79 163
89.2146303 38.5913966 60.9643137 255 79 163
87.5205616 40.3367474 62.5693605 255 79 163
87.6147459 39.6386071 62.5442611 255 79 163
89.0592039 39.289537 61.262925 255 79 163
88.0151585 41.2094228 62.3046481 255 79 163
88.6076305 40.6858176 61.8315591 255 79 163
89.2667042 40.3367474 60.7381916 255 79 163
89.2254107 39.6386071 60.8866363 255 79 163
88.618482 41.3839579 61.7985486 255 79 163
89.0654213 41.2094228 61.1740444 255 79 163
89.2477533 41.7330281 60.7353261 255 79 163
88.62422 41.7330281 61.7820439 255 79 163
88.3781342 42.0820982 62.0134128 255 79 163
87.8123042 42.7802385 62.3924618 255 79 163
88.6975917 42.2566333 61.6834379 255 79 163
88.8938231 42.4311684 61.4184492 255 79 163
88.6426347 42.7802385 61.7326468 255 79 163
88.6558699 43.4783789 61.6999128 255 79 163
89.1412536 8.80303283 62.6959088 255 79 163
89.2976073 16.1081389 62.2099432 255 79 163
88.7299532 18.0229875 62.6532767 255 79 163
89.2971989 16.9882722 62.15772 255 79 163
88.7502829 18.2763051 62.6356349 255 79 163
88.7821298 18.6562816 62.6061278 255 79 163
88.934414 18.7829405 62.4999112 255 79 163
88.733176 19.7962111 62.5938894 255 79 163
89.1231565 21.8227524 62.147594 255 79 163
89.1049654 22.0760701 62.1573217 255 79 163
89.0460805 22.836023 62.1884031 255 79 163
88.5394073 26.3824703 62.4614083 255 79 163
88.7964998 26.2558115 62.2694099 255 79 163
88.6495776 26.6357879 62.3739218 255 79 163
88.6169742 26.8891056 62.3872374 255 79 163
88.7524185 28.6623292 62.1932684 255 79 163
88.3291769 28.9156469 62.4928896 255 79 163
88.8515287 29.2956234 62.06087 255 79 163
88.7321427 29.4222822 62.1757858 255 79 163
88.4651416 29.6755999 62.3797503 255 79 163
87.8057702 30.4355528 62.670513 255 79 163
88.9092336 29.6755999 61.9745797 255 79 163
88.5556815 32.0172715 62.2145284 255 79 163
88.7368167 31.1955058 62.0864445 255 79 163
88.9963939 32.0172715 61.7314805 255 79 163
88.3116229 32.2911934 62.3825901 255 79 163
88.6328622 32.2227129 62.1384092 255 79 163
88.7652844 32.1542324 62.0111717 255 79 163
89.1063784 32.4281543 61.5312715 255 79 163
88.4571902 32.4281543 62.2757649 255 79 163
89.3169021 31.6063887 61.0870353 255 79 163
89.2521411 31.1955058 61.3019107 255 79 163
88.3537 32.8390371 62.3346211 255 79 163
89.2608296 31.8803105 61.2345042 255 79 163
88.64792 32.7020762 62.1031651 255 79 163
89.3431409 31.8118301 60.9771887 255 79 163
88.282055 33.112959 62.372359 255 79 163
88.8352835 33.6608028 61.8590326 255 79 163
88.7554953 33.8662442 61.9409113 255 79 163
88.7222046 34.2086465 61.9612093 255 79 163
88.5801707 35.5782559 62.0447486 255 79 163
88.5425014 35.9206583 62.0660705 255 79 163
88.4446635 36.1260997 62.1434769 255 79 163
88.9815974 36.6739435 61.5128062 255 79 163
87.290136 37.9750724 62.6792717 255 79 163
87.998802 37.3587482 62.4102959 255 79 163
88.6670994 37.0848263 61.8973003 255 79 163
87.6030372 37.9065919 62.5821227 255 79 163
88.2009707 37.769631 62.272772 255 79 163
88.9325414 36.9478654 61.573804 255 79 163
87.397507 38.1805138 62.646726 255 79 163
87.4696342 38.3174748 62.621843 255 79 163
88.8536982 37.3587482 61.6648379 255 79 163
88.5364426 37.6326701 62.0070443 255 79 163
88.6876229 37.5641896 61.8561295 255 79 163
88.9729767 37.4957091 61.4878922 255 79 163
88.7686208 37.769631 61.7548722 255 79 163
87.2584571 38.9404668 62.6742061 255 79 163
88.2920654 39.4058937 62.1574723 255 79 163
88.5885301 39.289537 61.897335 255 79 163
88.4461423 39.464072 62.0274923 255 79 163
88.5929709 39.6386071 61.8809432 255 79 163
88.7686453 39.5222504 61.6868684 255 79 163
89.3310779 38.9404668 60.5822585 255 79 163
88.5976368 39.9876773 61.864511 255 79 163
88.0797674 43.1293087 62.222084 255 79 163
87.7302835 43.7110923 62.4210152 255 79 163
87.7935888 44.4092326 62.3773766 255 79 163
89.2199482 43.7110923 60.7431435 255 79 163
89.2323129 44.1765192 60.6953029 255 79 163
89.0692409 44.1765192 61.0712437 255 79 163
89.2657054 44.4092326 60.5900284 255 79 163
89.0748543 20.3661758 62.2896977 255 79 163
88.4093193 30.0555764 62.4023418 255 79 163
87.0011263 44.2928759 62.6824096 255 79 163
87.8867922 44.1765192 62.3275023 255 79 163
88.597675 43.9438057 61.7543016 255 79 163
88.5678656 44.1765192 61.7813659 255 79 163
88.6073861 44.4092326 61.7335885 255 79 163
88.8892663 29.8655881 61.988215 255 79 163
89.0304354 30.308894 61.7777654 255 79 163
88.9075085 30.6255411 61.9259593 255 79 163
88.4022268 30.530547 62.3888483 255 79 163
89.3221271 30.7521999 61.128871 255 79 163
89.1628811 0.881833436 62.7642512 255 79 163
89.2243193 0.881833436 62.756639 255 79 163
89.2800105 0.881833436 62.7353427 255 79 163
89.3260875 0.881833436 62.7041801 255 79 163
89.3644938 0.881833436 62.6632619 255 79 163
89.3925203 0.881833436 62.6156593 255 79 163
89.4090506 0.881833436 62.5651847 255 79 163
89.4132779 0.881833436 62.5385009 255 79 163
89.4146234 0.881833436 62.5125089 255 79 163
89.4049179 0.751361441 62.4991941 255 79 163
89.3760153 0.623761307 62.4628321 255 79 163
89.3285516 0.501841833 62.4087967 255 79 163
89.2635716 0.388286779 62.3424615 255 79 163
89.1522081 0.254178049 62.2441698 255 79 163
88.9982469 0.132847422 62.1347339 255 79 163
88.821286 0.0485266217 62.0439721 255 79 163
88.6670651 0.01028293 61.996597 255 79 163
88.6001241 0.0025745061 61.9861586 255 79 163
88.5327899 -2.22044605e-16 61.9825163 255 79 163
88.5327899 0.781734892 62.7642512 255 79 163
88.5327899 0.590950749 62.7406132 255 79 163
88.5327899 0.418013139 62.6744816 255 79 163
88.5327899 0.274930153 62.5777124 255 79 163
88.5327899 0.155667055 62.4506493 255 79 163
88.5327899 0.0686365768 62.302829 255 79 163
88.5327899 0.0173050261 62.1460902 255 79 163
88.5327899 0.00417790135 62.0632292 255 79 163
89.1564879 0.830120347 62.7642512 255 79 163
89.1381017 0.780760418 62.7642512 255 79 163
89.1091528 0.735778129 62.7642512 255 79 163
89.0713293 0.696815043 62.7642512 255 79 163
89.0264993 0.665100502 62.7642512 255 79 163
88.9766326 0.641436987 62.7642512 255 79 163
88.9237247 0.626199044 62.7642512 255 79 163
88.8697231 0.619344711 62.7642512 255 79 163
88.816457 0.620438361 62.7642512 255 79 163
88.7493897 0.632837351 62.7642512 255 79 163
88.6829179 0.658491935 62.7642512 255 79 163
88.6288582 0.691629102 62.7642512 255 79 163
88.5884098 0.72639126 62.7642512 255 79 163
88.553887 0.764714258 62.7642512 255 79 163
88.5421369 0.77723378 62.7642512 255 79 163
89.3122469 0.703928962 62.6819188 255 79 163
89.1168208 0.416085267 62.6294207 255 79 163
88.8294105 0.265891008 62.5660611 255 79 163
88.6799814 0.236951583 62.5438852 255 79 163
89.4146234 30.1007096 45.5520735 255 79 163
89.321928 30.901415 45.5520735 255 79 163
89.020785 31.7148314 45.5520735 255 79 163
88.5633638 32.3902552 45.5520735 255 79 163
88.0195574 32.8993002 45.5520735 255 79 163
87.3871365 33.2788207 45.5520735 255 79 163
86.711793 33.5123704 45.5520735 255 79 163
86.1387956 33.5978422 45.5520735 255 79 163
85.5911487 33.5907814 45.5520735 255 79 163
85.5935323 33.5914448 45.5756492 255 79 163
85.6005775 33.5934233 45.5991506 255 79 163
85.6121216 33.5966925 45.6225081 255 79 163
85.6342227 33.6030028 45.6533111 255 79 163
85.6677825 33.6126561 45.6873262 255 79 163
85.7258464 33.6294555 45.7313037 255 79 163
85.8384891 33.6621325 45.7935473 255 79 163
86.6238847 33.8846647 46.0090402 255 79 163
87.8964294 34.2821382 46.1595685 255 79 163
88.0339594 34.364236 46.1721388 255 79 163
88.0710689 34.4013276 46.1753803 255 79 163
88.0854125 34.4240439 46.1764951 255 79 163
88.0901078 34.435411 46.1767832 255 79 163
88.0931077 34.4467802 46.1768812 255 79 163
89.4146234 34.4467802 47.4983968 255 79 163
89.3746635 34.4467802 47.175878 255 79 163
89.2628686 34.4467802 46.8835285 255 79 163
89.0992812 34.4467802 46.641648 255 79 163
88.8844822 34.4467802 46.4400349 255 79 163
88.6345934 34.4467802 46.2929107 255 79 163
88.3696279 34.4467802 46.2061351 255 79 163
88.2295521 34.4467802 46.1839439 255 79 163
89.4146234 30.139781 45.9293145 255 79 163
89.4146234 30.2524386 46.292509 255 79 163
89.4146234 30.4302095 46.629601 255 79 163
89.4146234 30.6629206 46.9309973 255 79 163
89.4146234 30.9393203 47.1897555 255 79 163
89.4146234 31.2476842 47.4016191 255 79 163
89.4146234 31.6885282 47.6086497 255 79 163
89.4146234 32.195855 47.7423154 255 79 163
89.4146234 32.6855106 47.7842831 255 79 163
89.4146234 33.2727187 47.7359205 255 79 163
89.4146234 33.9354379 47.5831025 255 79 163
89.4146234 34.2265292 47.5179753 255 79 163
88.3001146 32.7440437 45.8523118 255 79 163
88.9984411 34.2682645 46.5644844 255 79 163
89.3926668 30.5733196 46.0626097 255 79 163
89.3928913 30.6320448 46.2254966 255 79 163
89.324131 31.0231539 46.1564536 255 79 163
89.3253004 31.0884559 46.2974746 255 79 163
89.1276233 31.8508414 46.4127536 255 79 163
89.3166671 31.8094815 46.9753343 255 79 163
89.3212068 32.0048568 47.0926672 255 79 163
89.1842304 32.1147805 46.7667731 255 79 163
88.7300374 32.3873397 46.1038993 255 79 163
88.4770807 33.1091954 46.324328 255 79 163
89.1909019 32.2202923 46.8384231 255 79 163
89.2001661 32.3663439 46.9214861 255 79 163
89.3353843 32.6056852 47.307895 255 79 163
89.3416751 32.8666374 47.3473994 255 79 163
89.2293272 32.8208503 47.0871841 255 79 163
89.3487828 33.1574103 47.3588733 255 79 163
89.0528815 32.8735743 46.8216199 255 79 163
88.7206901 33.6155318 46.5427169 255 79 163
89.2403757 32.9905427 47.1196422 255 79 163
87.9307729 33.1131244 45.909426 255 79 163
89.2512481 33.1561886 47.1380433 255 79 163
87.6291623 33.2866422 45.8629323 255 79 163
89.26523 33.3677494 47.1439104 255 79 163
89.2902267 33.7485278 47.1107396 255 79 163
88.931364 34.0752506 46.572844 255 79 163
87.022287 33.5339427 45.8086928 255 79 163
89.1650048 33.6679533 46.933085 255 79 163
87.2516804 33.5857267 45.9274112 255 79 163
87.9848468 33.6797492 46.188943 255 79 163
87.5152335 33.7193224 46.053059 255 79 163
86.9766188 33.7340523 45.9428935 255 79 163
87.7788406 33.8545488 46.1351678 255 79 163
88.4930985 34.0894947 46.316366 255 79 163
88.2223551 34.0972654 46.2211382 255 79 163
88.4148954 34.2266543 46.2467559 255 79 163
88.900371 32.5612162 46.5108031 255 79 163
87.5141818 34.0057107 46.0921741 255 79 163
88.3973282 48.7755435 47.3179845 255 79 163
88.6456014 48.7447826 47.3179845 255 79 163
88.8706503 48.6587236 47.3179845 255 79 163
89.0568485 48.532795 47.3179845 255 79 163
89.2120491 48.3674439 47.3179845 255 79 163
89.3253045 48.1750809 47.3179845 255 79 163
89.3921038 47.971112 47.3179845 255 79 163
89.4091865 47.8632825 47.3179845 255 79 163
89.4146234 47.7582484 47.3179845 255 79 163
89.3830806 47.7548678 47.0515532 255 79 163
89.2901881 47.7485945 46.7998573 255 79 163
89.1410987 47.7408888 46.57682 255 79 163
88.9440705 47.7331999 46.3947613 255 79 163
88.7099977 47.726953 46.2637214 255 79 163
88.4959252 47.7238525 46.1988018 255 79 163
88.2733078 47.7234997 46.1768812 255 79 163
88.2733078 48.7755435 47.228925 255 79 163
88.2733078 48.7437319 46.9721713 255 79 163
88.2733078 48.6547333 46.7394352 255 79 163
88.2733078 48.5245032 46.5468769 255 79 163
88.2733078 48.3535041 46.3863749 255 79 163
88.2733078 48.1545704 46.2692509 255 79 163
88.2733078 47.9436343 46.2001699 255 79 163
88.2733078 47.8321215 46.1825037 255 79 163
88.395591 48.7755435 47.3018829 255 79 163
88.3906097 48.7755435 47.2865506 255 79 163
88.3797355 48.7755435 47.2683566 255 79 163
88.3650752 48.7755435 47.2534305 255 79 163
88.3499551 48.7755435 47.2433512 255 79 163
88.3340327 48.7755435 47.2363688 255 79 163
88.3128751 48.7755435 47.231162 255 79 163
88.2925733 48.7755435 47.2292359 255 79 163
89.0876645 48.47634 47.0997787 255 79 163
88.4892239 48.4676463 46.5121664 255 79 163
88.6481233 48.7028897 47.0027795 255 79 163
88.8666304 48.4715686 46.7246621 255 79 163
88.5912834 48.7025179 46.9499321 255 79 163
89.1620931 48.3312271 46.9498377 255 79 163
89.2084884 48.1402023 46.8102218 255 79 163
89.3243895 47.9596908 46.9302207 255 79 163
88.6397947 48.320833 46.4332061 255 79 163
88.9676379 48.1181975 46.5050299 255 79 163
88.7557034 48.1284647 46.3712318 255 79 163
88.3973282 48.7755435 47.3179845 255 79 163
88.6456014 48.7447826 47.3179845 255 79 163
88.8706503 48.6587236 47.3179845 255 79 163
89.0568485 48.532795 47.3179845 255 79 163
89.2120491 48.3674439 47.3179845 255 79 163
89.3253045 48.1750809 47.3179845 255 79 163
89.3921038 47.971112 47.3179845 255 79 163
89.4091865 47.8632825 47.3179845 255 79 163
89.4146234 47.7582484 47.3179845 255 79 163
89.4146234 47.3001306 58.8555594 255 79 163
89.3711181 47.6557761 58.8555594 255 79 163
89.2494196 47.9785075 58.8555594 255 79 163
89.0711394 48.2464816 58.8555594 255 79 163
88.836486 48.4713435 58.8555594 255 79 163
88.5625152 48.6374168 58.8555594 255 79 163
88.2706856 48.7378258 58.8555594 255 79 163
88.1027235 48.7664548 58.8555594 255 79 163
87.9392105 48.7755435 58.8555594 255 79 163
88.2733078 47.7234997 46.1768812 255 79 163
88.0931077 34.4467802 46.1768812 255 79 163
89.4146234 47.7582484 47.3179845 255 79 163
89.3830806 47.7548678 47.0515532 255 79 163
89.2901881 47.7485945 46.7998573 255 79 163
89.1410987 47.7408888 46.57682 255 79 163
88.9440705 47.7331999 46.3947613 255 79 163
88.7099977 47.726953 46.2637214 255 79 163
88.4959252 47.7238525 46.1988018 255 79 163
89.4146234 34.4467802 47.4983968 255 79 163
89.3746635 34.4467802 47.175878 255 79 163
89.2628686 34.4467802 46.8835285 255 79 163
89.0992812 34.4467802 46.641648 255 79 163
88.8844822 34.4467802 46.4400349 255 79 163
88.6345934 34.4467802 46.2929107 255 79 163
88.3696279 34.4467802 46.2061351 255 79 163
88.2295521 34.4467802 46.1839439 255 79 163
89.4146234 8.50697745 1.89167087 255 79 163
89.3714829 8.50697745 1.48998216 255 79 163
89.2326362 8.50697745 1.08210299 255 79 163
88.9940305 8.50697745 0.702407129 255 79 163
88.6682323 8.50697745 0.386096954 255 79 163
88.2830911 8.50697745 0.159444591 255 79 163
87.899421 8.50697745 0.0378396603 255 79 163
87.5229525 8.50697745 -1.49657477e-17 255 79 163
87.4992503 7.9523487 0.0635263995 255 79 163
87.4413509 7.42646155 0.250821864 255 79 163
87.3670171 6.95655943 0.552161018 255 79 163
87.2940348 6.56694938 0.95189795 255 79 163
87.2425471 6.29199562 1.3988734 255 79 163
87.2226665 6.11834977 1.89407484 255 79 163
89.4146234 8.25251486 2.39408913 255 79 163
89.3716845 7.83216123 2.29560433 255 79 163
89.2337291 7.40355116 2.19518513 255 79 163
88.9954392 6.99733712 2.1000131 255 79 163
88.6656535 6.64602856 2.01770489 255 79 163
88.2672851 6.37629117 1.95450802 255 79 163
87.832271 6.20254405 1.91380075 255 79 163
87.5233006 6.13851799 1.89880006 255 79 163
89.4146234 8.45654149 1.89787621 255 79 163
89.4146234 8.40850255 1.91555866 255 79 163
89.4146234 8.36483837 1.94306862 255 79 163
89.4146234 8.32703609 1.97850791 255 79 163
89.4146234 8.29606793 2.01983523 255 79 163
89.4146234 8.27238736 2.06497073 255 79 163
89.4146234 8.2559442 2.11189737 255 79 163
89.4146234 8.24431453 2.17407543 255 79 163
89.4146234 8.24243788 2.23937622 255 79 163
89.4146234 8.25195421 2.32876973 255 79 163
89.4146234 8.2552266 2.36689709 255 79 163
88.8555114 8.14626782 0.593408858 255 79 163
88.7772646 6.84966864 1.71029245 255 79 163
89.3709489 8.29481569 1.53196862 255 79 163
89.3954196 8.25026624 1.70865069 255 79 163
89.3707369 8.25528048 1.54947866 255 79 163
89.2617826 8.04775435 1.27848914 255 79 163
89.3537205 7.99331689 1.67592601 255 79 163
89.353009 7.95071095 1.72809004 255 79 163
89.273781 7.87768546 1.4472144 255 79 163
89.0640879 8.04376606 0.885927976 255 79 163
88.8255479 7.4932479 0.887935076 255 79 163
89.2727301 7.83817099 1.48448543 255 79 163
89.2713097 7.78883457 1.53664064 255 79 163
89.3509028 7.85007033 1.89634934 255 79 163
89.2669071 7.65742101 1.71617535 255 79 163
89.3721122 7.86817505 2.14075542 255 79 163
88.6716558 7.98903284 0.469721716 255 79 163
89.2654847 7.61964705 1.78326344 255 79 163
89.1497095 7.54391819 1.44469279 255 79 163
88.7896878 7.01104916 1.40106927 255 79 163
88.5718135 7.90637002 0.420898708 255 79 163
89.2543809 7.53639652 1.91324046 255 79 163
88.2095639 7.72933926 0.279785997 255 79 163
87.8904792 8.14118539 0.06584273 255 79 163
89.0399591 7.13971607 1.840398 255 79 163
87.8803929 7.96098239 0.100733368 255 79 163
88.1559343 7.36659744 0.440070917 255 79 163
88.3589188 7.0322435 0.834498007 255 79 163
88.1322407 7.14649616 0.585016463 255 79 163
87.8950802 7.21251104 0.440981193 255 79 163
88.0921307 6.81899237 0.881261917 255 79 163
88.0703828 6.65308762 1.0849796 255 79 163
88.3378008 6.54019869 1.57147461 255 79 163
87.8253316 6.70938843 0.878466245 255 79 163
87.9844085 6.46626522 1.33702153 255 79 163
87.5404167 6.31044331 1.40765868 255 79 163
89.4146234 8.50697745 1.89167087 218 222 230
89.4146234 33.0955807 1.60828789 218 222 230
89.4146234 32.8129683 8.28727778 218 222 230
89.4146234 32.1149092 17.1925976 218 222 230
89.4146234 30.6652096 33.0969943 218 222 230
89.4146234 30.2712178 39.3245339 218 222 230
89.4146234 30.1007096 45.5520735 218 222 230
89.4146234 30.139781 45.9293145 218 222 230
89.4146234 30.2524386 46.292509 218 222 230
89.4146234 30.4302095 46.629601 218 222 230
89.4146234 30.6629206 46.9309973 218 222 230
89.4146234 30.9393203 47.1897555 218 222 230
89.4146234 31.2476842 47.4016191 218 222 230
89.4146234 31.6885282 47.6086497 218 222 230
89.4146234 32.195855 47.7423154 218 222 230
89.4146234 32.6855106 47.7842831 218 222 230
89.4146234 33.2727187 47.7359205 218 222 230
89.4146234 33.9354379 47.5831025 218 222 230
89.4146234 34.2265292 47.5179753 218 222 230
89.4146234 34.4467802 47.4983968 218 222 230
89.4146234 47.7582484 47.3179845 218 222 230
89.4146234 47.3001306 58.8555594 218 222 230
89.4146234 44.8746595 59.6211879 218 222 230
89.4146234 44.9235339 59.6275129 218 222 230
89.4146234 44.9750798 59.6454319 218 222 230
89.4146234 45.4784638 59.8934499 218 222 230
89.4146234 45.8562465 59.9770884 218 222 230
89.4146234 46.2065516 59.968943 218 222 230
89.4146234 46.5290426 59.8841913 218 222 230
89.4146234 46.8012223 59.7397281 218 222 230
89.4146234 47.0125132 59.5565634 218 222 230
89.4146234 47.1752212 59.3301661 218 222 230
89.4146234 47.2678826 59.0990189 218 222 230
89.4146234 47.2919345 58.9781961 218 222 230
89.4146234 0.881833436 62.5125089 218 222 230
89.4146234 8.01091289 62.2715494 218 222 230
89.4146234 17.5163522 61.6202064 218 222 230
89.4146234 31.1955058 60.4500745 218 222 230
89.4146234 38.5913966 59.915822 218 222 230
89.4146234 0.881833436 33.8536923 218 222 230
89.4146234 8.25251486 2.39408913 218 222 230
89.4146234 8.45654149 1.89787621 218 222 230
89.4146234 8.40850255 1.91555866 218 222 230
89.4146234 8.36483837 1.94306862 218 222 230
89.4146234 8.32703609 1.97850791 218 222 230
89.4146234 8.29606793 2.01983523 218 222 230
89.4146234 8.27238736 2.06497073 218 222 230
89.4146234 8.2559442 2.11189737 218 222 230
89.4146234 8.24431453 2.17407543 218 222 230
89.4146234 8.24243788 2.23937622 218 222 230
89.4146234 8.25195421 2.32876973 218 222 230
89.4146234 8.2552266 2.36689709 218 222 230
8.04653636 4.99238747 0.147837078 218 222 230
8.04653636 1.82800078 13.5475888 218 222 230
8.04653636 1.82800078 0.368903964 218 222 230
87.2226665 6.11834977 1.89407484 218 222 230
87.2226665 0.0702232705 27.7087382 218 222 230
52.6981162 6.06783806 2.10966936 218 222 230
31.1202723 6.02575298 2.28929725 218 222 230
9.54242838 6.00430622 2.38083647 218 222 230
9.59035398 0.0817116847 27.6597032 218 222 230
9.54242838 6.00430622 2.38083647 255 79 163
9.59035398 0.0817116847 27.6597032 255 79 163
9.49188955 6.00494241 2.37436013 255 79 163
9.44092807 6.00664604 2.35570912 255 79 163
9.38916958 6.00911821 2.32578366 255 79 163
9.25207158 6.01626385 2.20522395 255 79 163
9.08628742 6.01838885 2.00880439 255 79 163
8.73883482 5.96631135 1.51777073 255 79 163
8.42056472 5.80771403 1.00267233 255 79 163
8.19575006 5.56373099 0.562567433 255 79 163
8.09431947 5.34002135 0.307514263 255 79 163
8.0671543 5.22881608 0.223153202 255 79 163
8.054541 5.14376694 0.178648075 255 79 163
8.04844554 5.06819086 0.155008034 255 79 163
8.04653636 4.99238747 0.147837078 255 79 163
8.04653636 1.82800078 13.5475888 255 79 163
8.05762808 1.83086273 14.330863 255 79 163
8.0908917 1.71174496 15.6218461 255 79 163
8.1241784 0.800129567 19.9809347 255 79 163
8.19960517 0.38865167 22.537225 255 79 163
8.42274241 0.17768279 24.9151587 255 79 163
8.81823548 0.106249207 26.6486163 255 79 163
9.04514164 0.0922843608 27.1787422 255 79 163
9.23133135 0.0859847884 27.4559818 255 79 163
9.36242002 0.0833926148 27.5783779 255 79 163
9.46256984 0.0822393187 27.6342277 255 79 163
9.52637639 0.0818470211 27.6533084 255 79 163
8.27688103 5.63468892 0.900177039 255 79 163
8.44160605 5.77328159 1.25157243 255 79 163
8.1357015 5.41366627 0.578444142 255 79 163
8.21768607 5.54158629 0.847385951 255 79 163
8.31963277 5.65071446 1.11236895 255 79 163
8.73078892 4.87580719 6.13756119 255 79 163
8.76361743 4.89227831 6.15793841 255 79 163
8.79685014 4.90962347 6.17056101 255 79 163
8.67254835 4.84845016 6.08023944 255 79 163
8.16470789 4.38843666 5.26024437 255 79 163
8.44644803 4.18779325 8.01501702 255 79 163
8.46666058 4.20654041 8.02893451 255 79 163
8.4873755 4.22636991 8.03689336 255 79 163
8.42657001 4.16984661 7.99556021 255 79 163
8.32141136 4.07633114 7.81407463 255 79 163
8.58361592 4.80498467 5.96367203 255 79 163
8.37678496 4.12605011 7.92418281 255 79 163
8.56369364 4.20836143 8.42397597 255 79 163
8.64157428 4.12290725 9.06340048 255 79 163
8.27427179 3.45428319 10.1410722 255 79 163
8.69391745 3.6497835 11.2388878 255 79 163
8.35107898 3.40666881 10.8304149 255 79 163
8.98358722 2.52171513 16.7268524 255 79 163
8.42048481 3.05085676 12.7109057 255 79 163
8.50310312 0.613413575 23.4371165 255 79 163
8.70594668 0.683568855 23.8771691 255 79 163
8.79342251 0.443538652 25.1472802 255 79 163
8.659838 0.368287893 25.0730382 255 79 163
8.97239895 0.263560968 26.3187939 255 79 163
8.92037724 0.213151181 26.4292097 255 79 163
8.98549224 5.65854035 3.38361506 255 79 163
8.91610938 5.63498052 3.35301822 255 79 163
8.9507041 5.64633978 3.37219778 255 79 163
8.85413852 5.61675231 3.29783527 255 79 163
8.75788327 5.58732981 3.18455799 255 79 163
8.50363795 5.46171724 2.85622017 255 79 163
9.0522127 5.4941944 4.1932347 255 79 163
8.73931547 5.41402631 3.87153486 255 79 163
8.6908648 5.38551762 3.85201735 255 79 163
8.71490895 5.39929332 3.86477008 255 79 163
8.66698475 5.37245565 3.83370497 255 79 163
8.53614433 5.3045544 3.65822055 255 79 163
8.6060622 5.34085062 3.76518391 255 79 163
8.68598707 5.21343249 4.56948091 255 79 163
9.08582301 5.14253742 5.74061117 255 79 163
8.11898254 2.62512462 12.1908269 255 79 163
8.13573591 2.45314318 13.1324604 255 79 163
8.36996803 2.54078276 14.6066368 255 79 163
8.34590929 2.28469034 15.5542551 255 79 163
8.23513757 2.10146907 15.5786036 255 79 163
8.40893574 2.21457778 16.197274 255 79 163
8.29113815 1.75340873 17.4609106 255 79 163
8.45213113 1.75116287 18.375036 255 79 163
8.53136996 1.4007923 20.2103676 255 79 163
8.17515453 5.34791462 1.28756717 255 79 163
8.15622579 5.25046876 1.50751486 255 79 163
8.58402648 4.98351526 5.20621096 255 79 163
8.53546959 4.86522198 5.52379471 255 79 163
8.55132113 4.84536474 5.67047246 255 79 163
8.12330691 2.1922763 14.0789601 255 79 163
60.4329848 0.135689989 40.1789744 218 222 230
54.6683786 0.135689989 40.1789744 218 222 230
60.6249258 4.58229044 40.1789744 218 222 230
61.1660425 10.511091 40.1789744 218 222 230
61.7959226 16.7799512 40.1789744 218 222 230
62.0390201 20.1120539 40.1789744 218 222 230
62.1466752 23.0488113 40.1789744 218 222 230
54.6683786 23.0488113 40.1789744 218 222 230
60.4329848 0.135689989 40.1789744 255 79 163
60.6249258 4.58229044 40.1789744 255 79 163
61.1660425 10.511091 40.1789744 255 79 163
61.7959226 16.7799512 40.1789744 255 79 163
62.0390201 20.1120539 40.1789744 255 79 163
62.1466752 23.0488113 40.1789744 255 79 163
62.442105 0.112323357 38.1695831 255 79 163
62.4022556 0.113589693 38.5677889 255 79 163
62.2842915 0.116494092 38.9502065 255 79 163
62.092886 0.120455598 39.301673 255 79 163
61.835619 0.124887461 39.6082459 255 79 163
61.5226839 0.129201352 39.8577532 255 79 163
61.1664899 0.132812245 40.0402804 255 79 163
60.8062373 0.135044203 40.1439973 255 79 163
62.442105 4.55442987 38.3598508 255 79 163
62.442105 10.4772385 38.8993784 255 79 163
62.442105 16.7630249 39.5313121 255 79 163
62.442105 20.1048228 39.7754847 255 79 163
62.442105 23.0488113 39.8835447 255 79 163
62.4331718 23.0488113 39.955645 255 79 163
62.4081796 23.0488113 40.0210008 255 79 163
62.3716091 23.0488113 40.0750741 255 79 163
62.3235899 23.0488113 40.1201454 255 79 163
62.2677264 23.0488113 40.1530356 255 79 163
62.2084923 23.0488113 40.1724346 255 79 163
62.1771779 23.0488113 40.1773955 255 79 163
61.0267573 2.3557459 40.1053212 255 79 163
62.3712779 17.8825996 39.8956661 255 79 163
62.2526259 16.7714881 39.9894953 255 79 163
62.2007671 18.9989426 40.11864 255 79 163
62.3239849 20.1084383 40.0608543 255 79 163
62.3449352 21.0885627 40.0684326 255 79 163
61.9298499 0.86351288 39.5178735 255 79 163
62.0994438 0.861224245 39.3009527 255 79 163
61.6876085 1.23702227 39.7507239 255 79 163
61.2016836 2.35358895 40.0466488 255 79 163
61.8395593 1.23504152 39.6174467 255 79 163
62.2420741 0.859834 39.0535712 255 79 163
61.9824603 1.23358932 39.463114 255 79 163
62.1148637 1.23295615 39.2845668 255 79 163
62.0399322 1.8510383 39.404273 255 79 163
62.3019536 1.59976297 38.9345017 255 79 163
61.1816001 3.34174631 40.0693546 255 79 163
61.8770566 3.08720259 39.6252558 255 79 163
62.3829753 2.58465194 38.7185532 255 79 163
61.2591166 3.83474651 40.0492972 255 79 163
61.4940724 4.07928439 39.9437608 255 79 163
61.2935122 4.5753253 40.051353 255 79 163
61.9095805 4.56836015 39.6464499 255 79 163
62.3096028 3.82081623 39.0024226 255 79 163
62.20433 4.06999754 39.2350665 255 79 163
62.3144153 4.56139501 39.0297673 255 79 163
62.2872911 5.22025877 39.1324326 255 79 163
62.2296602 6.53798628 39.3291953 255 79 163
61.6742263 5.22954562 39.8680153 255 79 163
61.7086292 6.2166804 39.881947 255 79 163
61.365308 6.05602747 40.0593303 255 79 163
61.5508642 5.56013836 39.9561642 255 79 163
61.4767991 6.87853165 40.0361777 255 79 163
61.6866733 8.52354001 39.9901165 255 79 163
61.9811629 7.52976449 39.7180323 255 79 163
62.3973521 8.50761242 39.060152 255 79 163
62.3416476 9.00350152 39.2748582 255 79 163
62.1879154 8.84351435 39.5512819 255 79 163
62.2657606 9.50038928 39.473597 255 79 163
62.2055253 9.83164778 39.5947674 255 79 163
62.3523244 10.4857017 39.370949 255 79 163
62.0678374 10.4941648 39.8047068 255 79 163
61.9196571 11.1963469 39.9674046 255 79 163
61.635196 10.5026279 40.0893179 255 79 163
61.8457048 11.5474379 40.0298744 255 79 163
61.739603 12.0740745 40.1009187 255 79 163
62.0115154 14.6846891 40.071327 255 79 163
62.1642533 13.637058 39.9011228 255 79 163
61.9675376 12.243978 39.9867943 255 79 163
62.3069385 12.5837848 39.6383087 255 79 163
62.3864848 15.2000415 39.678393 255 79 163
62.3473032 15.723857 39.7997673 255 79 163
62.1359761 17.3312754 40.1024422 255 79 163
62.2922002 18.442387 40.0290697 255 79 163
62.3863814 19.5518827 39.95608 255 79 163
61.0738125 0.686356131 40.076531 255 79 163
61.4079395 0.499278542 39.9287594 255 79 163
61.9872187 2.26309306 39.4810474 255 79 163
61.9601874 2.46912044 39.5183457 255 79 163
61.9327789 2.67514783 39.5548459 255 79 163
61.8871607 3.58092178 39.6314732 255 79 163
61.8925 3.82778137 39.6349073 255 79 163
61.8013315 3.95237202 39.7240788 255 79 163
62.0099004 3.90852009 39.5097804 255 79 163
61.1603094 4.90591803 40.1042919 255 79 163
61.9831808 5.39019856 39.6057162 255 79 163
61.904503 6.70825896 39.748595 255 79 163
62.0930976 8.1869723 39.6336504 255 79 163
62.1426569 8.51557621 39.5920561 255 79 163
61.7069346 9.62209294 40.0237778 255 79 163
61.7198949 10.1713694 40.0391546 255 79 163
61.6913107 10.2817889 40.0572822 255 79 163
62.3246924 10.7197624 39.4545844 255 79 163
62.30969 10.8367927 39.4950126 255 79 163
62.3081586 11.4191234 39.5444673 255 79 163
62.0878686 16.2519041 40.0904153 255 79 163
53.4307051 0.243076209 38.9413009 255 79 163
53.4307051 23.1590247 38.9413009 255 79 163
54.6683786 0.135689989 40.1789744 255 79 163
54.3906356 0.141736052 40.147408 255 79 163
54.1270599 0.157304242 40.0543193 255 79 163
53.8910966 0.178539558 39.9044563 255 79 163
53.6947817 0.201587003 39.7054637 255 79 163
53.5481291 0.222591575 39.4674918 255 79 163
53.4604178 0.237368528 39.2108678 255 79 163
54.6683786 23.0488113 40.1789744 255 79 163
53.4622358 23.1528261 39.218889 255 79 163
53.5552212 23.1368636 39.4823336 255 79 163
53.7049237 23.1150868 39.7182117 255 79 163
53.9037157 23.0914456 39.914505 255 79 163
54.1414683 23.0698898 40.0612123 255 79 163
54.3984239 23.0546856 40.1491751 255 79 163
62.442105 23.2122713 36.8006697 218 222 230
62.442105 23.2122713 39.8206634 218 222 230
62.442105 23.2104646 39.8361355 218 222 230
62.442105 23.2047375 39.8520244 218 222 230
62.442105 23.1947824 39.8673882 218 222 230
62.442105 23.1817378 39.8802005 218 222 230
62.442105 23.1665295 39.8900175 218 222 230
62.442105 23.1501015 39.8966631 218 222 230
62.442105 23.1333547 39.9002172 218 222 230
62.442105 23.1170902 39.9009924 218 222 230
62.442105 23.097253 39.8986081 218 222 230
62.442105 23.0683592 39.8891472 218 222 230
62.442105 23.0488113 39.8835447 218 222 230
62.442105 0.112323357 38.1695831 218 222 230
62.442105 4.55442987 38.3598508 218 222 230
62.442105 10.4772385 38.8993784 218 222 230
62.442105 16.7630249 39.5313121 218 222 230
62.442105 20.1048228 39.7754847 218 222 230
62.442105 0.112323357 36.8006697 218 222 230
53.4307051 23.1590247 38.9413009 218 222 230
53.4307051 23.2095972 37.5803956 218 222 230
53.4307051 0.243076209 37.5803956 218 222 230
53.4307051 0.243076209 38.9413009 218 222 230
62.442105 0.112323357 36.8006697 255 79 163
62.442105 23.2122713 36.8006697 255 79 163
62.4392621 0.119606667 36.7398416 255 79 163
62.4307583 0.140254029 36.6795438 255 79 163
62.4166677 0.172461588 36.6203019 255 79 163
62.3894088 0.230269755 36.5438462 255 79 163
62.3312808 0.340149823 36.4369754 255 79 163
62.2434974 0.480944752 36.3320414 255 79 163
62.1357545 0.620144079 36.2477292 255 79 163
62.0127934 0.737200772 36.1877489 255 79 163
61.9166466 0.796800938 36.1609161 255 79 163
61.8535879 0.819318826 36.1516007 255 79 163
61.8217925 0.825250063 36.1492649 255 79 163
61.7899209 0.827284621 36.1484856 255 79 163
61.7899209 22.9440121 36.1484856 255 79 163
61.9013943 22.9529337 36.158083 255 79 163
62.0095869 22.9768922 36.1865924 255 79 163
62.1113144 23.0116786 36.2331749 255 79 163
62.2035829 23.0530838 36.2964596 255 79 163
62.2836768 23.0968986 36.3745838 255 79 163
62.3492388 23.1389138 36.4652483 255 79 163
62.3983394 23.1749205 36.5657846 255 79 163
62.4295334 23.2007093 36.673234 255 79 163
62.4389545 23.2092492 36.7366425 255 79 163
54.862615 23.0423949 36.1484856 255 79 163
54.5336251 23.0522457 36.1867918 255 79 163
54.2222372 23.077498 36.2996604 255 79 163
53.9451119 23.111702 36.4810531 255 79 163
53.7170761 23.1484077 36.7212643 255 79 163
53.5503306 23.1811651 37.007442 255 79 163
53.4609306 23.2017368 37.2877414 255 79 163
53.4307051 23.2095972 37.5803956 255 79 163
54.862615 0.567353453 36.1484856 255 79 163
54.5484247 0.549869885 36.1833808 255 79 163
54.2495476 0.504665591 36.2863652 255 79 163
53.9805511 0.442610181 36.4524199 255 79 163
53.7545456 0.374573266 36.6734512 255 79 163
53.5825466 0.311424458 36.9386861 255 79 163
53.4729373 0.264033369 37.2351977 255 79 163
53.4413024 0.248617391 37.4065098 255 79 163
53.4307051 0.243076209 37.5803956 255 79 163
54.862615 23.0423949 36.1484856 218 222 230
61.7899209 22.9440121 36.1484856 218 222 230
61.7899209 0.827284621 36.1484856 218 222 230
54.862615 0.567353453 36.1484856 218 222 230
89.4146234 8.25251486 2.39408913 255 79 163
89.4146234 0.881833436 33.8536923 255 79 163
87.2226665 0.0702232705 27.7087382 255 79 163
88.0399488 -0.0975824897 29.1178826 255 79 163
88.739362 0.0202078993 30.5939394 255 79 163
89.220036 0.360210573 32.1220584 255 79 163
89.3654244 0.610929981 32.9855109 255 79 163
87.2226665 6.11834977 1.89407484 255 79 163
89.3716845 7.83216123 2.29560433 255 79 163
89.2337291 7.40355116 2.19518513 255 79 163
88.9954392 6.99733712 2.1000131 255 79 163
88.6656535 6.64602856 2.01770489 255 79 163
88.2672851 6.37629117 1.95450802 255 79 163
87.832271 6.20254405 1.91380075 255 79 163
87.5233006 6.13851799 1.89880006 255 79 163
89.4146234 44.8746595 59.6211879 255 79 163
89.3221484 44.8746595 60.3779956 255 79 163
89.0634685 44.8746595 61.0648271 255 79 163
88.6844832 44.8746595 61.6353004 255 79 163
88.1855578 44.8746595 62.1142703 255 79 163
87.6028536 44.8746595 62.4683803 255 79 163
86.981921 44.8746595 62.682925 255 79 163
86.6219659 44.8746595 62.7446575 255 79 163
86.2715601 44.8746595 62.7642512 255 79 163
86.3309935 45.5508204 62.7051507 255 79 163
86.4849354 46.2063804 62.5295488 255 79 163
86.7061471 46.8213462 62.2428267 255 79 163
86.9676564 47.3770809 61.8539067 255 79 163
87.2426282 47.8569202 61.3748295 255 79 163
87.5042387 48.2466329 60.8202555 255 79 163
87.7255825 48.5347514 60.2069509 255 79 163
87.8796228 48.7128026 59.5532912 255 79 163
87.9239375 48.759823 59.2058287 255 79 163
87.9392105 48.7755435 58.8555594 255 79 163
89.4146234 47.3001306 58.8555594 255 79 163
89.3711181 47.6557761 58.8555594 255 79 163
89.2494196 47.9785075 58.8555594 255 79 163
89.0711394 48.2464816 58.8555594 255 79 163
88.836486 48.4713435 58.8555594 255 79 163
88.5625152 48.6374168 58.8555594 255 79 163
88.2706856 48.7378258 58.8555594 255 79 163
88.1027235 48.7664548 58.8555594 255 79 163
89.4146234 44.9235339 59.6275129 255 79 163
89.4146234 44.9750798 59.6454319 255 79 163
89.4146234 45.4784638 59.8934499 255 79 163
89.4146234 45.8562465 59.9770884 255 79 163
89.4146234 46.2065516 59.968943 255 79 163
89.4146234 46.5290426 59.8841913 255 79 163
89.4146234 46.8012223 59.7397281 255 79 163
89.4146234 47.0125132 59.5565634 255 79 163
89.4146234 47.1752212 59.3301661 255 79 163
89.4146234 47.2678826 59.0990189 255 79 163
89.4146234 47.2919345 58.9781961 255 79 163
88.5160682 45.4614596 61.8056022 255 79 163
88.9618736 48.2559946 59.5281486 255 79 163
89.0184741 45.1007816 61.1514133 255 79 163
89.2490886 45.3187631 60.6618475 255 79 163
89.2100633 45.6044111 60.7847959 255 79 163
89.3367341 45.9966673 60.4553302 255 79 163
89.054219 45.9174119 61.0853386 255 79 163
88.6503717 46.6183033 61.4651067 255 79 163
89.228178 46.0521086 60.7420991 255 79 163
89.2383321 46.2827543 60.6925109 255 79 163
87.5266022 45.5362621 62.4633996 255 79 163
89.3484399 46.5740189 60.3232786 255 79 163
89.2600686 46.7603784 60.5109464 255 79 163
89.3530439 46.8040388 60.2151653 255 79 163
89.1158279 46.7450093 60.8106466 255 79 163
88.8291364 47.6311062 60.6973581 255 79 163
87.9355121 46.1786261 62.1420632 255 79 163
87.5151084 45.8677298 62.4154325 255 79 163
86.9790394 45.5388189 62.6368216 255 79 163
89.268571 46.9443799 60.405138 255 79 163
89.3569685 47.0016512 60.0881009 255 79 163
86.6748976 45.5474438 62.6859264 255 79 163
89.2759581 47.1034584 60.2925215 255 79 163
87.6573117 46.5496102 62.1660703 255 79 163
89.2822862 47.2391594 60.1770899 255 79 163
87.7341809 46.8348714 62.0148233 255 79 163
89.3648132 47.3989864 59.6766795 255 79 163
87.3302997 46.6605681 62.2351841 255 79 163
89.4038301 47.4017258 59.2592965 255 79 163
87.8165725 47.1068597 61.8394907 255 79 163
89.2990545 47.5951713 59.736938 255 79 163
89.19128 47.6376936 60.0407885 255 79 163
87.4564595 47.0418071 62.0093812 255 79 163
88.2600802 47.5003874 61.3382835 255 79 163
89.3742655 47.566911 59.2856875 255 79 163
87.9023712 47.3634353 61.6410363 255 79 163
89.3027918 47.6733815 59.5899039 255 79 163
87.5919567 47.3949894 61.7409766 255 79 163
89.2876567 47.8120732 59.3630149 255 79 163
88.0976496 47.8753381 61.1142505 255 79 163
88.1798799 48.0674759 60.8497777 255 79 163
87.8840716 48.0317335 61.0434402 255 79 163
88.5367242 48.2936936 60.2199691 255 79 163
88.2565021 48.2358159 60.5687203 255 79 163
88.0100204 48.2674688 60.6656986 255 79 163
88.3977907 48.5200776 59.8841999 255 79 163
88.4712915 48.5926273 59.5449867 255 79 163
88.202815 48.6811608 59.5358394 255 79 163
62.1466752 23.0488113 40.1789744 255 79 163
54.6683786 23.0488113 40.1789744 255 79 163
62.2472539 23.4071223 39.8206634 255 79 163
62.2422497 23.3990961 39.8960778 255 79 163
62.2292168 23.3753772 39.9681136 255 79 163
62.2111246 23.337028 40.0335435 255 79 163
62.1909427 23.2857666 40.0894365 255 79 163
62.1716407 23.2238897 40.1332884 255 79 163
62.1561882 23.1541692 40.1631346 255 79 163
62.1492259 23.1020823 40.1749923 255 79 163
54.6683786 23.4071223 39.8206634 255 79 163
54.6683786 23.3962878 39.90811 255 79 163
54.6683786 23.3659761 39.9873766 255 79 163
54.6683786 23.3216216 40.0529592 255 79 163
54.6683786 23.2633818 40.1076239 255 79 163
54.6683786 23.1956278 40.1475146 255 79 163
54.6683786 23.123786 40.1710426 255 79 163
54.6683786 23.0858064 40.1770595 255 79 163
62.442105 23.2122713 39.8206634 255 79 163
62.4362131 23.2598251 39.8206634 255 79 163
62.4197295 23.3029306 39.8206634 255 79 163
62.3956093 23.3385947 39.8206634 255 79 163
62.3639383 23.3683216 39.8206634 255 79 163
62.3270934 23.3900144 39.8206634 255 79 163
62.2880255 23.402809 39.8206634 255 79 163
62.267372 23.406081 39.8206634 255 79 163
62.2472539 23.4071223 39.8206634 255 79 163
62.2422497 23.3990961 39.8960778 255 79 163
62.2292168 23.3753772 39.9681136 255 79 163
62.2111246 23.337028 40.0335435 255 79 163
62.1909427 23.2857666 40.0894365 255 79 163
62.1716407 23.2238897 40.1332884 255 79 163
62.1561882 23.1541692 40.1631346 255 79 163
62.1492259 23.1020823 40.1749923 255 79 163
62.1466752 23.0488113 40.1789744 255 79 163
62.442105 23.0488113 39.8835447 255 79 163
62.4331718 23.0488113 39.955645 255 79 163
62.4081796 23.0488113 40.0210008 255 79 163
62.3716091 23.0488113 40.0750741 255 79 163
62.3235899 23.0488113 40.1201454 255 79 163
62.2677264 23.0488113 40.1530356 255 79 163
62.2084923 23.0488113 40.1724346 255 79 163
62.1771779 23.0488113 40.1773955 255 79 163
62.442105 23.2104646 39.8361355 255 79 163
62.442105 23.2047375 39.8520244 255 79 163
62.442105 23.1947824 39.8673882 255 79 163
62.442105 23.1817378 39.8802005 255 79 163
62.442105 23.1665295 39.8900175 255 79 163
62.442105 23.1501015 39.8966631 255 79 163
62.442105 23.1333547 39.9002172 255 79 163
62.442105 23.1170902 39.9009924 255 79 163
62.442105 23.097253 39.8986081 255 79 163
62.442105 23.0683592 39.8891472 255 79 163
62.3834026 23.3409084 39.8873324 255 79 163
62.3734398 23.2752657 40.0012546 255 79 163
62.3614158 23.1692667 40.0707923 255 79 163
62.3572074 23.1096518 40.0872216 255 79 163
53.6788028 23.4071223 38.9413009 255 79 163
53.618254 23.3996204 38.9413009 255 79 163
53.5633691 23.3786323 38.9413009 255 79 163
53.5179592 23.3479209 38.9413009 255 79 163
53.4801089 23.3075951 38.9413009 255 79 163
53.4524882 23.2606817 38.9413009 255 79 163
53.4361972 23.2109378 38.9413009 255 79 163
53.432031 23.1846404 38.9413009 255 79 163
53.4307051 23.1590247 38.9413009 255 79 163
53.4622358 23.1528261 39.218889 255 79 163
53.5552212 23.1368636 39.4823336 255 79 163
53.7049237 23.1150868 39.7182117 255 79 163
53.9037157 23.0914456 39.914505 255 79 163
54.1414683 23.0698898 40.0612123 255 79 163
54.3984239 23.0546856 40.1491751 255 79 163
54.6683786 23.0488113 40.1789744 255 79 163
54.6683786 23.4071223 39.8206634 255 79 163
54.6683786 23.3962878 39.90811 255 79 163
54.6683786 23.3659761 39.9873766 255 79 163
54.6683786 23.3216216 40.0529592 255 79 163
54.6683786 23.2633818 40.1076239 255 79 163
54.6683786 23.1956278 40.1475146 255 79 163
54.6683786 23.123786 40.1710426 255 79 163
54.6683786 23.0858064 40.1770595 255 79 163
53.6995938 23.4071223 39.1214862 255 79 163
53.7592526 23.4071223 39.2916005 255 79 163
53.8522087 23.4071223 39.4435808 255 79 163
53.9716303 23.4071223 39.571849 255 79 163
54.1103239 23.4071223 39.6733461 255 79 163
54.2615522 23.4071223 39.7472804 255 79 163
54.419704 23.4071223 39.794646 255 79 163
54.5437617 23.4071223 39.8143452 255 79 163
53.5343235 23.3326681 39.2001413 255 79 163
53.7674725 23.321751 39.6597494 255 79 163
54.1741304 23.3085752 39.9676186 255 79 163
54.4159251 23.3039636 40.0473708 255 79 163
53.6049714 23.3290043 39.4036145 255 79 163
53.9675799 23.3144428 39.84678 255 79 163
62.2472539 23.4071223 36.8006697 255 79 163
62.2948078 23.4012304 36.8006697 255 79 163
62.3379133 23.3847468 36.8006697 255 79 163
62.3735774 23.3606267 36.8006697 255 79 163
62.4033042 23.3289556 36.8006697 255 79 163
62.424997 23.2921107 36.8006697 255 79 163
62.4377916 23.2530429 36.8006697 255 79 163
62.4410636 23.2323894 36.8006697 255 79 163
62.442105 23.2122713 36.8006697 255 79 163
62.2472539 23.4071223 39.8206634 255 79 163
62.442105 23.2122713 39.8206634 255 79 163
62.4362131 23.2598251 39.8206634 255 79 163
62.4197295 23.3029306 39.8206634 255 79 163
62.3956093 23.3385947 39.8206634 255 79 163
62.3639383 23.3683216 39.8206634 255 79 163
62.3270934 23.3900144 39.8206634 255 79 163
62.2880255 23.402809 39.8206634 255 79 163
62.267372 23.406081 39.8206634 255 79 163
53.6788028 23.4071223 38.9413009 255 79 163
53.618254 23.3996204 38.9413009 255 79 163
53.5633691 23.3786323 38.9413009 255 79 163
53.5179592 23.3479209 38.9413009 255 79 163
53.4801089 23.3075951 38.9413009 255 79 163
53.4524882 23.2606817 38.9413009 255 79 163
53.4361972 23.2109378 38.9413009 255 79 163
53.432031 23.1846404 38.9413009 255 79 163
53.4307051 23.1590247 38.9413009 255 79 163
53.6282303 23.4071223 37.5803956 255 79 163
53.5800238 23.4011496 37.5803956 255 79 163
53.5363268 23.3844398 37.5803956 255 79 163
53.5001732 23.3599886 37.5803956 255 79 163
53.4700384 23.3278829 37.5803956 255 79 163
53.4480479 23.2905323 37.5803956 255 79 163
53.4350777 23.2509283 37.5803956 255 79 163
53.4317608 23.2299913 37.5803956 255 79 163
53.4307051 23.2095972 37.5803956 255 79 163
61.7899209 23.4071223 36.6115958 255 79 163
61.7899209 23.3931189 36.4985728 255 79 163
61.7899209 23.3539416 36.3961222 255 79 163
61.7899209 23.2966143 36.3113579 255 79 163
61.7899209 23.2213404 36.2407049 255 79 163
61.7899209 23.1337697 36.1891469 255 79 163
61.7899209 23.0409155 36.1587374 255 79 163
61.7899209 22.9918275 36.1509607 255 79 163
61.7899209 22.9440121 36.1484856 255 79 163
61.9013943 22.9529337 36.158083 255 79 163
62.0095869 22.9768922 36.1865924 255 79 163
62.1113144 23.0116786 36.2331749 255 79 163
62.2035829 23.0530838 36.2964596 255 79 163
62.2836768 23.0968986 36.3745838 255 79 163
62.3492388 23.1389138 36.4652483 255 79 163
62.3983394 23.1749205 36.5657846 255 79 163
62.4295334 23.2007093 36.673234 255 79 163
62.4389545 23.2092492 36.7366425 255 79 163
62.442105 23.2122713 36.8006697 255 79 163
62.2472539 23.4071223 36.8006697 255 79 163
62.2948078 23.4012304 36.8006697 255 79 163
62.3379133 23.3847468 36.8006697 255 79 163
62.3735774 23.3606267 36.8006697 255 79 163
62.4033042 23.3289556 36.8006697 255 79 163
62.424997 23.2921107 36.8006697 255 79 163
62.4377916 23.2530429 36.8006697 255 79 163
62.4410636 23.2323894 36.8006697 255 79 163
61.8029308 23.4071223 36.6105632 255 79 163
61.817632 23.4071223 36.6073625 255 79 163
61.9146126 23.4071223 36.5776538 255 79 163
61.9833631 23.4071223 36.570137 255 79 163
62.0545646 23.4071223 36.5786095 255 79 163
62.1084295 23.4071223 36.5977558 255 79 163
62.1628959 23.4071223 36.6322721 255 79 163
62.2046843 23.4071223 36.676196 255 79 163
62.2300617 23.4071223 36.7200755 255 79 163
62.2428204 23.4071223 36.7595468 255 79 163
61.9058315 23.2758328 36.2928357 255 79 163
62.1312611 23.3024051 36.3726432 255 79 163
62.3120649 23.334475 36.5492175 255 79 163
62.365871 23.3456994 36.6692136 255 79 163
54.862615 23.4071223 36.5132131 255 79 163
54.862615 23.3960937 36.4242005 255 79 163
54.862615 23.3652393 36.3435145 255 79 163
54.862615 23.3200905 36.2767575 255 79 163
54.862615 23.2608078 36.2211139 255 79 163
54.862615 23.1918405 36.1805088 255 79 163
54.862615 23.1187122 36.1565595 255 79 163
54.862615 23.0800524 36.1504349 255 79 163
54.862615 23.0423949 36.1484856 255 79 163
54.5336251 23.0522457 36.1867918 255 79 163
54.2222372 23.077498 36.2996604 255 79 163
53.9451119 23.111702 36.4810531 255 79 163
53.7170761 23.1484077 36.7212643 255 79 163
53.5503306 23.1811651 37.007442 255 79 163
53.4609306 23.2017368 37.2877414 255 79 163
53.4307051 23.2095972 37.5803956 255 79 163
53.6282303 23.4071223 37.5803956 255 79 163
53.5800238 23.4011496 37.5803956 255 79 163
53.5363268 23.3844398 37.5803956 255 79 163
53.5001732 23.3599886 37.5803956 255 79 163
53.4700384 23.3278829 37.5803956 255 79 163
53.4480479 23.2905323 37.5803956 255 79 163
53.4350777 23.2509283 37.5803956 255 79 163
53.4317608 23.2299913 37.5803956 255 79 163
54.5832016 23.4071223 36.537614 255 79 163
54.3073504 23.4071223 36.6186463 255 79 163
54.0733431 23.4071223 36.7486787 255 79 163
53.888476 23.4071223 36.9146362 255 79 163
53.743346 23.4071223 37.1236291 255 79 163
53.6590744 23.4071223 37.3406708 255 79 163
53.6360626 23.4071223 37.45943 255 79 163
54.5671522 23.3030089 36.2858901 255 79 163
54.024421 23.319571 36.5293339 255 79 163
53.6333809 23.3395597 36.988427 255 79 163
53.5256538 23.3465558 37.2752434 255 79 163
54.2293265 23.3117653 36.4033995 255 79 163
53.8527155 23.3274835 36.6810958 255 79 163
53.7592693 23.3323356 36.7901985 255 79 163
54.862615 23.4071223 36.5132131 255 79 163
54.862615 23.3960937 36.4242005 255 79 163
54.862615 23.3652393 36.3435145 255 79 163
54.862615 23.3200905 36.2767575 255 79 163
54.862615 23.2608078 36.2211139 255 79 163
54.862615 23.1918405 36.1805088 255 79 163
54.862615 23.1187122 36.1565595 255 79 163
54.862615 23.0800524 36.1504349 255 79 163
54.862615 23.0423949 36.1484856 255 79 163
61.7899209 23.4071223 36.6115958 255 79 163
61.7899209 23.3931189 36.4985728 255 79 163
61.7899209 23.3539416 36.3961222 255 79 163
61.7899209 23.2966143 36.3113579 255 79 163
61.7899209 23.2213404 36.2407049 255 79 163
61.7899209 23.1337697 36.1891469 255 79 163
61.7899209 23.0409155 36.1587374 255 79 163
61.7899209 22.9918275 36.1509607 255 79 163
61.7899209 22.9440121 36.1484856 255 79 163
54.862615 23.4071223 36.5132131 218 222 230
61.7899209 23.4071223 36.6115958 218 222 230
61.8029308 23.4071223 36.6105632 218 222 230
61.817632 23.4071223 36.6073625 218 222 230
61.9146126 23.4071223 36.5776538 218 222 230
61.9833631 23.4071223 36.570137 218 222 230
62.0545646 23.4071223 36.5786095 218 222 230
62.1084295 23.4071223 36.5977558 218 222 230
62.1628959 23.4071223 36.6322721 218 222 230
62.2046843 23.4071223 36.676196 218 222 230
62.2300617 23.4071223 36.7200755 218 222 230
62.2428204 23.4071223 36.7595468 218 222 230
62.2472539 23.4071223 36.8006697 218 222 230
62.2472539 23.4071223 39.8206634 218 222 230
54.6683786 23.4071223 39.8206634 218 222 230
53.6788028 23.4071223 38.9413009 218 222 230
53.6995938 23.4071223 39.1214862 218 222 230
53.7592526 23.4071223 39.2916005 218 222 230
53.8522087 23.4071223 39.4435808 218 222 230
53.9716303 23.4071223 39.571849 218 222 230
54.1103239 23.4071223 39.6733461 218 222 230
54.2615522 23.4071223 39.7472804 218 222 230
54.419704 23.4071223 39.794646 218 222 230
54.5437617 23.4071223 39.8143452 218 222 230
53.6282303 23.4071223 37.5803956 218 222 230
54.5832016 23.4071223 36.537614 218 222 230
54.3073504 23.4071223 36.6186463 218 222 230
54.0733431 23.4071223 36.7486787 218 222 230
53.888476 23.4071223 36.9146362 218 222 230
53.743346 23.4071223 37.1236291 218 222 230
53.6590744 23.4071223 37.3406708 218 222 230
53.6360626 23.4071223 37.45943 218 222 230
3 22 23 24
3 22 24 25
3 22 25 26
3 22 26 27
3 22 27 28
3 22 28 29
3 30 22 29
3 21 22 30
3 15 17 16
3 35 20 19
3 35 21 20
3 35 31 22
3 35 22 21
3 14 17 15
3 13 18 17
3 13 17 14
3 12 18 13
3 1 37 36
3 1 38 37
3 1 39 38
3 1 0 39
3 34 10 9
3 34 11 10
3 34 12 11
3 34 19 18
3 34 35 19
3 34 18 12
3 33 34 9
3 33 3 2
3 33 4 3
3 33 5 4
3 33 6 5
3 33 7 6
3 33 8 7
3 33 9 8
3 32 2 1
3 32 1 36
3 32 33 2
3 64 48 61
3 65 66 64
3 67 62 63
3 68 51 50
3 69 52 51
3 69 53 52
3 69 54 53
3 69 55 54
3 69 56 55
3 69 57 56
3 69 58 57
3 69 59 58
3 69 60 59
3 69 63 60
3 69 70 63
3 69 51 70
3 71 42 43
3 72 40 41
3 72 41 42
3 72 42 71
3 73 71 74
3 75 72 71
3 75 71 73
3 76 64 66
3 76 74 64
3 76 73 74
3 77 73 76
3 77 40 72
3 77 75 73
3 77 72 75
3 78 49 40
3 78 77 76
3 78 40 77
3 79 65 64
3 79 64 61
3 80 79 61
3 81 80 61
3 81 82 80
3 83 49 78
3 83 78 65
3 84 49 83
3 85 49 84
3 85 84 82
3 86 49 85
3 86 85 82
3 87 49 86
3 88 90 89
3 91 50 49
3 91 87 88
3 91 49 87
3 91 88 89
3 91 89 92
3 91 92 50
3 93 61 62
3 93 90 61
3 93 89 90
3 94 92 89
3 94 89 93
3 95 92 94
3 95 94 93
3 95 93 62
3 96 95 62
3 96 62 97
3 98 50 97
3 99 50 98
3 100 68 50
3 100 67 101
3 100 50 99
3 100 99 67
3 100 101 68
3 102 67 63
3 102 101 67
3 102 68 101
3 102 63 70
3 103 46 47
3 103 47 48
3 103 48 64
3 103 74 71
3 103 64 74
3 104 43 44
3 104 44 45
3 104 45 46
3 104 71 43
3 104 103 71
3 104 46 103
3 105 78 76
3 105 76 66
3 106 78 105
3 106 105 66
3 107 66 65
3 107 106 66
3 107 78 106
3 107 65 78
3 108 83 65
3 108 65 79
3 109 80 82
3 109 82 84
3 109 79 80
3 109 108 79
3 110 84 83
3 110 83 108
3 110 108 109
3 110 109 84
3 111 82 81
3 111 81 61
3 112 82 111
3 112 86 82
3 112 111 61
3 113 88 87
3 113 90 88
3 113 87 86
3 113 61 90
3 113 86 112
3 113 112 61
3 114 50 92
3 114 92 95
3 114 95 96
3 115 97 50
3 115 50 114
3 115 96 97
3 115 114 96
3 116 62 67
3 116 97 62
3 116 67 99
3 116 99 98
3 116 98 97
3 117 68 102
3 117 102 70
3 117 51 68
3 117 70 51
3 137 119 118
3 137 118 127
3 136 127 126
3 136 137 127
3 135 126 125
3 135 136 126
3 134 135 125
3 133 125 124
3 133 134 125
3 132 124 123
3 132 133 124
3 131 123 122
3 131 132 123
3 130 122 121
3 130 131 122
3 129 121 120
3 129 130 121
3 128 129 120
3 139 146 138
3 148 145 146
3 148 146 139
3 149 144 145
3 149 145 148
3 150 143 144
3 150 144 149
3 151 142 143
3 151 143 150
3 152 141 142
3 152 142 151
3 153 140 141
3 153 141 152
3 147 140 153
3 179 176 162
3 179 162 180
3 181 179 180
3 182 167 178
3 182 178 183
3 184 182 183
3 185 184 183
3 185 183 186
3 185 186 187
3 188 185 187
3 189 169 168
3 190 170 169
3 190 171 170
3 190 169 189
3 191 157 156
3 192 155 154
3 192 156 155
3 192 191 156
3 193 194 191
3 193 191 192
3 195 194 193
3 195 180 194
3 196 193 192
3 196 195 193
3 196 192 154
3 197 154 163
3 197 196 154
3 198 176 179
3 199 176 198
3 200 176 199
3 201 202 197
3 201 197 163
3 203 201 163
3 203 204 200
3 205 176 200
3 205 200 204
3 206 203 163
3 206 204 203
3 207 176 205
3 207 205 204
3 208 176 207
3 209 204 206
3 209 206 163
3 209 207 204
3 209 163 210
3 211 176 208
3 212 211 208
3 213 177 176
3 213 176 211
3 213 214 177
3 213 211 212
3 215 216 214
3 215 214 213
3 217 163 164
3 217 216 210
3 217 210 163
3 218 219 217
3 218 217 164
3 220 177 214
3 221 218 164
3 222 223 220
3 224 220 223
3 224 177 220
3 225 224 223
3 226 223 227
3 226 227 164
3 226 164 228
3 229 178 177
3 229 230 178
3 229 177 231
3 232 229 231
3 233 230 229
3 233 234 230
3 235 164 165
3 235 228 164
3 235 234 228
3 236 235 165
3 237 178 230
3 238 237 239
3 238 178 237
3 240 238 239
3 241 239 242
3 243 239 241
3 244 178 245
3 244 183 178
3 244 186 183
3 246 241 165
3 246 243 241
3 247 248 187
3 247 186 244
3 247 187 186
3 249 165 166
3 249 246 165
3 249 250 246
3 251 182 184
3 252 249 166
3 253 185 188
3 253 188 254
3 253 184 185
3 253 251 184
3 255 182 251
3 256 255 251
3 257 251 253
3 257 256 251
3 258 172 171
3 258 173 172
3 258 255 256
3 259 253 254
3 259 257 253
3 260 252 166
3 260 254 252
3 260 259 254
3 261 173 258
3 261 174 173
3 261 258 256
3 261 256 257
3 261 257 259
3 262 175 174
3 262 166 175
3 262 259 260
3 262 261 259
3 262 174 261
3 262 260 166
3 263 160 159
3 263 161 160
3 263 162 161
3 264 263 159
3 265 158 157
3 265 159 158
3 265 264 159
3 266 263 264
3 267 266 264
3 267 264 265
3 268 267 265
3 269 268 265
3 269 191 194
3 269 265 157
3 269 267 268
3 269 157 191
3 270 263 266
3 270 266 267
3 270 269 194
3 270 267 269
3 270 194 180
3 270 162 263
3 270 180 162
3 271 180 195
3 271 195 196
3 271 196 197
3 271 181 180
3 272 271 197
3 272 181 271
3 273 197 202
3 273 181 272
3 273 272 197
3 273 202 198
3 273 198 179
3 273 179 181
3 274 198 202
3 274 202 201
3 275 198 274
3 275 199 198
3 276 274 201
3 276 275 274
3 277 199 275
3 277 276 201
3 277 275 276
3 278 199 277
3 278 200 199
3 278 203 200
3 279 277 201
3 279 278 277
3 279 201 203
3 279 203 278
3 280 208 207
3 280 207 209
3 280 209 210
3 280 210 212
3 280 212 208
3 281 212 210
3 281 213 212
3 282 213 281
3 282 281 210
3 283 213 282
3 283 215 213
3 284 210 216
3 284 282 210
3 284 283 282
3 284 215 283
3 284 216 215
3 285 217 219
3 285 214 216
3 285 216 217
3 285 219 214
3 286 219 218
3 286 214 219
3 286 220 214
3 286 218 221
3 287 220 286
3 287 286 221
3 288 220 287
3 288 287 221
3 288 222 220
3 288 221 222
3 289 225 290
3 289 290 231
3 289 224 225
3 289 231 177
3 289 177 224
3 291 227 223
3 291 164 227
3 291 221 164
3 291 223 222
3 291 222 221
3 292 290 225
3 293 223 226
3 293 225 223
3 293 292 225
3 294 293 226
3 294 292 293
3 295 290 292
3 295 226 228
3 295 292 294
3 295 294 226
3 296 232 231
3 296 231 290
3 296 290 295
3 296 295 228
3 297 232 296
3 297 233 229
3 297 229 232
3 297 296 228
3 298 297 228
3 298 233 297
3 298 234 233
3 298 228 234
3 299 234 235
3 299 230 234
3 300 299 235
3 300 230 299
3 300 236 301
3 300 235 236
3 302 230 300
3 302 300 301
3 302 301 236
3 302 236 303
3 304 302 303
3 304 237 230
3 304 230 302
3 305 237 304
3 306 237 305
3 306 239 237
3 306 242 239
3 307 304 303
3 307 305 304
3 307 306 305
3 307 242 306
3 307 303 242
3 308 178 238
3 308 238 240
3 308 240 245
3 308 245 178
3 309 303 236
3 309 236 165
3 309 242 303
3 310 309 165
3 310 242 309
3 310 165 241
3 310 241 242
3 311 239 243
3 311 240 239
3 312 240 311
3 313 311 243
3 313 312 311
3 313 243 246
3 314 240 312
3 314 312 313
3 314 245 240
3 314 313 246
3 314 246 250
3 315 245 314
3 315 314 250
3 315 244 245
3 316 315 250
3 316 244 315
3 316 247 244
3 317 316 250
3 317 247 316
3 317 250 249
3 318 248 247
3 318 247 317
3 319 317 249
3 319 318 317
3 320 319 249
3 320 318 319
3 321 318 320
3 321 320 249
3 321 248 318
3 321 249 252
3 322 187 248
3 322 188 187
3 322 254 188
3 322 248 321
3 322 321 252
3 322 252 254
3 323 182 255
3 323 168 167
3 323 190 189
3 323 171 190
3 323 258 171
3 323 189 168
3 323 167 182
3 323 255 258
3 325 324 353
3 332 331 330
3 333 332 330
3 334 333 330
3 335 334 330
3 346 364 365
3 346 365 366
3 346 366 367
3 346 367 345
3 347 364 346
3 341 340 351
3 352 341 351
3 342 341 352
3 343 342 352
3 344 343 352
3 368 327 326
3 368 328 327
3 369 362 363
3 370 363 364
3 370 369 363
3 370 364 347
3 371 347 348
3 371 348 349
3 371 349 350
3 371 370 347
3 372 326 325
3 372 353 354
3 372 325 353
3 373 372 354
3 373 354 355
3 373 355 356
3 374 326 372
3 374 372 373
3 374 368 326
3 375 374 373
3 376 373 356
3 376 356 357
3 377 357 358
3 377 376 357
3 378 375 373
3 378 373 376
3 379 380 368
3 379 374 375
3 379 368 374
3 379 375 378
3 381 358 359
3 381 377 358
3 382 379 378
3 382 378 376
3 382 380 379
3 382 376 377
3 383 359 360
3 383 360 361
3 383 381 359
3 384 377 381
3 384 380 382
3 384 382 377
3 385 380 384
3 385 384 381
3 385 381 383
3 386 385 383
3 386 362 369
3 386 380 385
3 386 361 362
3 386 369 380
3 386 383 361
3 387 329 328
3 387 330 329
3 387 336 335
3 387 328 368
3 387 335 330
3 388 368 380
3 388 387 368
3 389 337 336
3 389 388 380
3 389 336 387
3 389 387 388
3 390 389 380
3 390 337 389
3 391 337 390
3 391 338 337
3 391 390 380
3 391 380 369
3 392 370 371
3 392 371 350
3 392 339 338
3 392 340 339
3 392 351 340
3 392 350 351
3 392 369 370
3 392 391 369
3 392 338 391
3 395 403 410
3 396 409 408
3 396 410 409
3 396 395 410
3 397 408 407
3 397 396 408
3 398 407 406
3 398 397 407
3 399 406 405
3 399 398 406
3 400 405 404
3 400 399 405
3 401 400 404
3 402 404 393
3 402 401 404
3 394 402 393
3 432 412 411
3 432 413 412
3 420 417 416
3 420 418 417
3 420 419 418
3 435 414 413
3 435 415 414
3 435 416 415
3 435 413 432
3 435 420 416
3 436 432 433
3 437 421 420
3 438 434 424
3 439 440 438
3 441 423 422
3 441 440 442
3 443 437 420
3 443 420 435
3 443 444 437
3 443 436 444
3 445 437 444
3 445 436 433
3 445 444 436
3 446 433 447
3 446 445 433
3 448 421 447
3 449 421 448
3 450 452 451
3 450 449 452
3 453 450 451
3 453 449 450
3 453 422 421
3 453 454 422
3 453 451 454
3 453 421 449
3 455 433 434
3 455 451 452
3 455 452 433
3 456 451 455
3 456 454 451
3 457 456 455
3 457 455 434
3 458 457 434
3 459 458 434
3 459 460 458
3 461 454 456
3 461 456 457
3 461 457 458
3 461 458 460
3 461 422 454
3 462 460 459
3 462 459 434
3 463 462 434
3 464 461 460
3 464 422 461
3 465 422 464
3 465 464 460
3 466 463 434
3 466 434 438
3 466 438 440
3 467 422 465
3 467 441 422
3 467 440 441
3 468 440 439
3 468 442 440
3 469 468 439
3 469 442 468
3 470 469 439
3 470 442 469
3 470 441 442
3 471 435 432
3 471 432 436
3 471 443 435
3 471 436 443
3 472 421 437
3 472 437 445
3 472 445 446
3 473 447 421
3 473 421 472
3 473 446 447
3 473 472 446
3 474 449 448
3 474 452 449
3 474 433 452
3 475 447 433
3 475 448 447
3 475 433 474
3 475 474 448
3 476 462 463
3 476 465 460
3 476 460 462
3 477 467 465
3 477 465 476
3 477 476 478
3 477 478 467
3 479 478 476
3 479 463 466
3 479 476 463
3 480 467 478
3 480 478 479
3 481 466 440
3 481 440 467
3 481 479 466
3 481 467 480
3 481 480 479
3 482 470 439
3 482 438 424
3 482 439 438
3 483 482 484
3 485 424 425
3 485 425 426
3 485 426 427
3 485 482 424
3 485 484 482
3 485 483 484
3 486 441 470
3 486 423 441
3 487 486 488
3 489 428 429
3 489 429 430
3 489 430 431
3 489 431 423
3 489 423 486
3 489 487 488
3 489 486 487
3 490 488 486
3 490 428 489
3 490 489 488
3 490 427 428
3 490 485 427
3 490 470 482
3 490 482 483
3 490 483 485
3 490 486 470
3 492 516 491
3 500 498 499
3 507 515 506
3 524 493 494
3 524 494 495
3 525 512 511
3 526 517 516
3 526 518 517
3 527 492 493
3 527 516 492
3 527 493 524
3 527 526 516
3 528 526 527
3 528 527 524
3 529 519 518
3 529 518 526
3 530 528 524
3 531 529 526
3 531 526 528
3 531 528 530
3 531 530 532
3 533 520 519
3 533 519 529
3 534 529 531
3 534 531 532
3 534 533 529
3 535 495 496
3 535 496 497
3 535 497 498
3 535 498 500
3 535 524 495
3 536 521 520
3 536 520 533
3 537 536 533
3 537 533 534
3 537 534 532
3 538 524 535
3 538 535 500
3 539 536 537
3 539 537 532
3 540 524 538
3 541 524 540
3 541 530 524
3 541 532 530
3 542 500 501
3 542 501 540
3 542 538 500
3 542 540 538
3 543 522 521
3 543 521 536
3 544 539 532
3 545 536 539
3 545 543 536
3 545 539 544
3 545 544 546
3 547 540 501
3 547 541 540
3 547 532 541
3 548 543 545
3 548 545 546
3 549 522 543
3 549 543 548
3 549 523 522
3 550 532 547
3 551 501 502
3 551 547 501
3 551 550 547
3 552 548 546
3 552 523 549
3 552 549 548
3 553 532 550
3 554 546 544
3 554 544 532
3 554 532 553
3 555 502 503
3 555 551 502
3 555 550 551
3 555 553 550
3 556 552 546
3 557 523 552
3 557 556 525
3 557 552 556
3 558 555 503
3 558 554 553
3 558 553 555
3 558 546 554
3 559 509 508
3 559 510 509
3 559 511 510
3 559 508 523
3 559 557 525
3 559 525 511
3 559 523 557
3 560 546 558
3 561 560 558
3 561 503 504
3 561 558 503
3 561 504 560
3 562 556 546
3 562 525 556
3 562 546 560
3 563 562 560
3 563 525 562
3 564 504 505
3 564 560 504
3 564 563 560
3 565 525 563
3 565 563 564
3 566 513 512
3 566 514 513
3 566 512 525
3 566 525 565
3 567 506 515
3 567 505 506
3 567 515 514
3 567 514 566
3 567 564 505
3 567 565 564
3 567 566 565
3 593 568 569
3 570 593 569
3 577 573 574
3 577 574 575
3 577 575 576
3 584 592 583
3 602 570 571
3 602 571 572
3 602 572 573
3 602 594 593
3 602 595 594
3 602 593 570
3 602 573 577
3 603 577 578
3 603 596 595
3 603 602 577
3 603 595 602
3 604 578 579
3 604 603 578
3 605 600 599
3 606 579 580
3 606 604 579
3 607 600 605
3 607 605 608
3 609 600 607
3 610 600 609
3 610 601 600
3 610 609 611
3 612 607 608
3 613 581 612
3 613 580 581
3 613 612 608
3 613 606 580
3 613 608 606
3 614 612 581
3 614 611 609
3 614 607 612
3 614 609 607
3 615 610 611
3 615 601 610
3 616 615 611
3 617 614 581
3 617 611 614
3 618 601 615
3 618 615 616
3 618 616 619
3 620 601 618
3 620 586 585
3 620 587 586
3 620 588 587
3 620 585 601
3 620 619 588
3 620 618 619
3 621 581 582
3 621 617 581
3 622 611 617
3 622 621 582
3 622 617 621
3 623 616 611
3 623 619 616
3 623 611 622
3 624 622 582
3 624 623 622
3 624 619 623
3 625 582 583
3 625 624 582
3 626 619 624
3 626 624 625
3 626 625 583
3 627 589 588
3 627 590 589
3 627 591 590
3 627 592 591
3 627 626 583
3 627 619 626
3 627 588 619
3 627 583 592
3 628 598 597
3 629 596 603
3 629 597 596
3 629 628 597
3 629 603 604
3 630 598 628
3 630 628 629
3 630 629 604
3 631 599 598
3 631 598 630
3 631 630 604
3 631 608 605
3 631 605 599
3 631 604 606
3 631 606 608
3 647 648 649
3 647 649 650
3 647 650 651
3 647 651 652
3 647 652 653
3 647 653 654
3 647 654 655
3 656 647 655
3 664 665 657
3 663 664 657
3 662 663 657
3 661 662 657
3 660 661 657
3 659 660 657
3 658 656 643
3 658 657 647
3 658 647 656
3 658 659 657
3 666 658 643
3 680 681 666
3 679 680 666
3 679 666 643
3 678 679 643
3 677 678 643
3 677 643 644
3 676 677 644
3 675 676 644
3 674 675 644
3 673 674 644
3 672 644 645
3 672 673 644
3 671 672 645
3 670 671 645
3 669 670 645
3 668 669 645
3 646 668 645
3 646 667 668
3 640 642 641
3 639 642 640
3 638 642 639
3 637 642 638
3 636 642 637
3 635 642 636
3 634 646 642
3 634 667 646
3 634 642 635
3 683 667 634
3 633 632 682
3 633 682 683
3 633 683 634
3 708 685 684
3 708 686 685
3 693 692 691
3 701 714 700
3 706 698 705
3 707 698 706
3 699 698 707
3 715 687 686
3 715 688 687
3 715 689 688
3 715 690 689
3 715 691 690
3 715 686 708
3 715 693 691
3 716 695 694
3 716 710 711
3 717 697 696
3 717 712 713
3 718 698 697
3 718 713 714
3 719 708 709
3 719 715 708
3 719 693 715
3 720 694 693
3 720 693 719
3 721 694 720
3 722 709 710
3 722 694 721
3 722 716 694
3 722 721 709
3 722 710 716
3 723 695 716
3 723 716 711
3 724 696 695
3 724 695 723
3 725 711 712
3 725 696 724
3 726 717 696
3 726 696 725
3 726 712 717
3 726 725 712
3 727 697 717
3 727 717 713
3 727 713 718
3 727 718 697
3 728 701 702
3 728 702 703
3 728 703 704
3 728 704 705
3 728 718 714
3 728 698 718
3 728 714 701
3 728 705 698
3 729 721 720
3 729 720 719
3 729 719 709
3 729 709 721
3 730 723 711
3 730 724 723
3 730 725 724
3 730 711 725
3 732 731 758
3 751 769 750
3 757 748 756
3 749 748 757
3 770 735 734
3 771 753 754
3 772 758 759
3 772 759 760
3 772 732 758
3 773 733 732
3 773 734 733
3 773 770 734
3 773 732 772
3 774 770 773
3 774 773 772
3 775 760 761
3 775 772 760
3 775 774 772
3 776 775 761
3 776 770 774
3 776 774 775
3 777 761 762
3 777 776 761
3 778 770 776
3 779 778 776
3 779 780 778
3 779 776 777
3 781 779 777
3 781 780 779
3 782 736 735
3 782 737 736
3 782 735 770
3 783 762 763
3 783 777 762
3 783 781 777
3 784 781 783
3 785 782 770
3 785 786 782
3 787 738 737
3 787 786 741
3 787 782 786
3 787 737 782
3 788 780 781
3 788 781 784
3 789 783 763
3 789 763 764
3 790 739 738
3 790 740 739
3 790 741 740
3 790 738 787
3 790 787 741
3 791 783 789
3 791 788 784
3 791 792 788
3 791 784 783
3 793 789 764
3 793 764 765
3 794 791 789
3 794 789 793
3 794 792 791
3 795 786 785
3 796 794 793
3 797 765 766
3 797 793 765
3 798 795 785
3 798 785 780
3 799 742 741
3 799 741 786
3 799 786 795
3 799 795 798
3 800 796 793
3 800 793 797
3 801 802 792
3 801 792 794
3 801 794 796
3 801 796 800
3 803 798 780
3 804 800 797
3 805 766 767
3 805 767 768
3 805 768 769
3 805 797 766
3 805 769 751
3 806 743 742
3 806 742 799
3 806 799 798
3 806 798 803
3 807 803 780
3 808 803 807
3 809 805 751
3 809 797 805
3 810 804 797
3 810 797 809
3 811 744 743
3 811 743 806
3 811 806 803
3 811 803 808
3 812 802 801
3 812 804 810
3 812 801 800
3 812 800 804
3 812 771 802
3 813 812 810
3 813 751 752
3 813 752 753
3 813 809 751
3 813 753 771
3 813 771 812
3 813 810 809
3 814 808 807
3 814 811 808
3 815 814 807
3 815 792 802
3 815 807 792
3 816 814 815
3 817 811 814
3 817 745 744
3 817 814 816
3 817 744 811
3 818 816 815
3 819 818 815
3 820 815 802
3 820 819 815
3 820 802 771
3 821 817 816
3 821 746 745
3 821 745 817
3 821 816 818
3 821 818 819
3 822 819 820
3 823 747 746
3 823 746 821
3 823 821 819
3 823 819 822
3 824 748 747
3 824 822 820
3 824 747 823
3 824 823 822
3 825 748 824
3 825 756 748
3 825 754 755
3 825 755 756
3 825 820 771
3 825 824 820
3 825 771 754
3 826 785 770
3 826 780 785
3 826 778 780
3 826 770 778
3 827 780 788
3 827 788 792
3 827 807 780
3 827 792 807
3 847 828 860
3 848 828 847
3 852 850 851
3 829 848 849
3 829 849 850
3 829 852 853
3 829 853 854
3 829 854 855
3 829 855 856
3 829 856 857
3 829 857 858
3 829 858 859
3 829 859 846
3 829 828 848
3 829 850 852
3 830 829 846
3 876 846 875
3 877 846 876
3 878 846 877
3 879 846 878
3 870 846 879
3 869 846 870
3 831 830 846
3 831 846 869
3 831 864 863
3 831 865 864
3 831 866 865
3 831 867 866
3 831 868 867
3 831 869 868
3 890 881 882
3 836 883 884
3 836 884 885
3 836 885 886
3 836 886 887
3 836 887 888
3 836 888 889
3 836 889 880
3 838 836 837
3 839 836 838
3 840 836 839
3 841 836 840
3 842 836 841
3 843 836 842
3 844 836 843
3 845 836 844
3 835 882 883
3 835 883 836
3 835 891 890
3 835 892 891
3 835 890 882
3 835 836 845
3 832 831 863
3 832 862 861
3 832 863 862
3 832 896 895
3 832 897 896
3 832 861 897
3 833 832 895
3 833 893 892
3 833 894 893
3 833 895 894
3 833 892 835
3 834 833 835
3 836 880 846
3 880 871 846
3 871 872 846
3 872 873 846
3 873 874 846
3 874 875 846
3 906 899 898
3 906 898 907
3 906 907 908
3 906 908 909
3 906 909 910
3 906 910 911
3 906 911 912
3 906 912 913
3 906 913 914
3 904 902 901
3 904 903 902
3 905 900 899
3 905 901 900
3 905 904 901
3 905 899 906
3 915 928 927
3 915 929 928
3 915 930 929
3 915 931 930
3 915 932 931
3 926 915 927
3 925 915 926
3 924 915 925
3 923 915 924
3 922 915 923
3 921 915 922
3 920 915 921
3 916 915 920
3 933 916 920
3 917 916 933
3 959 918 917
3 959 919 918
3 959 933 934
3 959 917 933
3 938 940 939
3 938 941 940
3 938 942 941
3 938 943 942
3 938 944 943
3 938 945 944
3 938 946 945
3 938 947 946
3 938 948 947
3 938 949 948
3 938 950 949
3 938 951 950
3 938 952 951
3 938 953 952
3 938 937 953
3 960 934 935
3 960 959 934
3 954 936 937
3 954 937 938
3 955 935 936
3 955 936 954
3 961 960 935
3 956 961 935
3 956 935 955
3 957 961 956
3 958 961 957
3 963 988 962
3 971 969 970
3 981 1003 1002
3 981 980 1003
3 979 987 978
3 1004 965 966
3 1005 984 983
3 1005 985 984
3 1006 989 988
3 1006 990 989
3 1006 991 990
3 1006 988 963
3 1007 991 1006
3 1007 992 991
3 1007 993 992
3 1008 963 964
3 1008 964 965
3 1008 1006 963
3 1008 965 1004
3 1009 1006 1008
3 1009 1007 1006
3 1010 1007 1009
3 1011 993 1007
3 1011 994 993
3 1012 995 994
3 1012 994 1011
3 1013 996 995
3 1013 995 1012
3 1014 1007 1010
3 1014 1011 1007
3 1015 1010 1009
3 1015 1008 1004
3 1015 1009 1008
3 1015 1014 1010
3 1015 1004 1016
3 1017 1011 1014
3 1017 1014 1015
3 1017 1012 1011
3 1018 996 1013
3 1018 997 996
3 1019 1013 1012
3 1019 1012 1017
3 1019 1017 1015
3 1019 1015 1016
3 1020 1018 1013
3 1020 1019 1016
3 1020 1013 1019
3 1021 1018 1020
3 1022 998 997
3 1022 997 1018
3 1023 998 1022
3 1023 999 998
3 1024 1018 1021
3 1024 1022 1018
3 1025 1024 1021
3 1025 1016 1026
3 1025 1020 1016
3 1025 1021 1020
3 1027 1000 999
3 1027 999 1023
3 1028 966 967
3 1028 967 968
3 1028 1004 966
3 1029 1024 1025
3 1029 1022 1024
3 1029 1025 1026
3 1029 1023 1022
3 1030 1029 1026
3 1030 1027 1023
3 1030 1023 1029
3 1031 1001 1000
3 1031 1000 1027
3 1032 1004 1028
3 1032 1016 1004
3 1033 1032 1028
3 1034 1030 1026
3 1034 1027 1030
3 1034 1031 1027
3 1035 968 969
3 1035 971 972
3 1035 972 973
3 1035 1033 1028
3 1035 1028 968
3 1035 969 971
3 1036 1031 1034
3 1037 1032 1033
3 1038 1016 1032
3 1038 1032 1037
3 1039 1002 1001
3 1039 1001 1031
3 1039 1031 1036
3 1040 1034 1026
3 1040 1036 1034
3 1040 1039 1036
3 1040 1026 1005
3 1041 973 974
3 1041 1038 1037
3 1041 1035 973
3 1041 1033 1035
3 1041 1037 1033
3 1042 1026 1016
3 1042 1016 1038
3 1043 1042 1038
3 1044 981 1002
3 1044 982 981
3 1044 983 982
3 1044 1002 1039
3 1044 1005 983
3 1044 1039 1040
3 1044 1040 1005
3 1045 974 975
3 1045 1041 974
3 1045 1038 1041
3 1045 1043 1038
3 1046 1043 1045
3 1046 1042 1043
3 1047 1042 1046
3 1047 1026 1042
3 1048 1047 1046
3 1048 975 976
3 1048 1045 975
3 1048 1046 1045
3 1049 1026 1047
3 1049 1005 1026
3 1050 1049 1047
3 1051 1048 976
3 1051 976 977
3 1051 1050 1047
3 1051 1047 1048
3 1052 977 978
3 1052 1005 1049
3 1052 1050 1051
3 1052 1051 977
3 1052 1049 1050
3 1053 1052 978
3 1053 1005 1052
3 1053 986 985
3 1053 987 986
3 1053 978 987
3 1053 985 1005
3 1055 1068 1054
3 1055 1069 1068
3 1056 1070 1069
3 1056 1069 1055
3 1057 1071 1070
3 1057 1070 1056
3 1058 1072 1071
3 1058 1071 1057
3 1059 1073 1072
3 1059 1074 1073
3 1059 1075 1074
3 1059 1072 1058
3 1060 1076 1075
3 1060 1075 1059
3 1061 1077 1076
3 1061 1076 1060
3 1062 1077 1061
3 1063 1078 1077
3 1063 1077 1062
3 1064 1079 1078
3 1064 1078 1063
3 1065 1080 1079
3 1065 1079 1064
3 1066 1081 1080
3 1066 1080 1065
3 1067 1082 1081
3 1067 1081 1066
3 1086 1084 1085
3 1087 1084 1086
3 1088 1084 1087
3 1089 1084 1088
3 1090 1084 1089
3 1091 1084 1090
3 1092 1084 1091
3 1093 1084 1092
3 1094 1084 1093
3 1095 1084 1094
3 1096 1084 1095
3 1100 1084 1099
3 1097 1084 1096
3 1101 1083 1084
3 1101 1084 1100
3 1098 1099 1084
3 1098 1084 1097
3 1117 1083 1101
3 1102 1117 1101
3 1118 1117 1102
3 1103 1118 1102
3 1119 1118 1103
3 1104 1119 1103
3 1107 1108 1109
3 1107 1109 1110
3 1107 1110 1111
3 1107 1111 1112
3 1107 1112 1113
3 1107 1113 1114
3 1107 1114 1115
3 1107 1115 1116
3 1105 1120 1119
3 1105 1119 1104
3 1106 1107 1116
3 1106 1116 1120
3 1106 1120 1105
3 1130 1131 1132
3 1129 1130 1132
3 1128 1129 1132
3 1121 1127 1128
3 1121 1128 1132
3 1126 1127 1121
3 1122 1126 1121
3 1123 1126 1122
3 1124 1126 1123
3 1125 1126 1124
3 1160 1139 1133
3 1161 1140 1139
3 1161 1139 1160
3 1162 1133 1134
3 1163 1162 1134
3 1164 1136 1137
3 1165 1151 1150
3 1166 1137 1138
3 1167 1152 1151
3 1168 1138 1153
3 1168 1153 1154
3 1168 1154 1155
3 1168 1169 1166
3 1168 1166 1138
3 1170 1155 1156
3 1170 1171 1169
3 1170 1169 1168
3 1170 1168 1155
3 1172 1156 1157
3 1172 1157 1158
3 1172 1158 1159
3 1172 1159 1152
3 1172 1152 1167
3 1172 1173 1171
3 1172 1167 1173
3 1172 1170 1156
3 1172 1171 1170
3 1174 1142 1141
3 1175 1174 1176
3 1177 1143 1142
3 1177 1142 1174
3 1177 1174 1175
3 1178 1144 1143
3 1178 1143 1177
3 1179 1162 1180
3 1179 1176 1162
3 1179 1175 1176
3 1181 1177 1175
3 1181 1178 1177
3 1181 1175 1179
3 1182 1178 1181
3 1183 1178 1182
3 1184 1180 1185
3 1184 1179 1180
3 1184 1181 1179
3 1184 1182 1181
3 1186 1145 1144
3 1186 1146 1145
3 1186 1144 1178
3 1187 1178 1183
3 1187 1186 1178
3 1188 1185 1189
3 1188 1184 1185
3 1188 1183 1182
3 1188 1182 1184
3 1188 1187 1183
3 1190 1186 1187
3 1191 1186 1190
3 1191 1146 1186
3 1192 1187 1188
3 1192 1190 1187
3 1192 1194 1193
3 1192 1189 1194
3 1192 1188 1189
3 1192 1191 1190
3 1195 1192 1193
3 1196 1192 1195
3 1196 1146 1191
3 1196 1191 1192
3 1197 1199 1198
3 1197 1198 1200
3 1197 1200 1163
3 1197 1201 1199
3 1202 1201 1197
3 1202 1203 1201
3 1204 1203 1202
3 1205 1202 1197
3 1205 1204 1202
3 1206 1204 1205
3 1207 1204 1206
3 1208 1205 1197
3 1208 1197 1163
3 1209 1146 1196
3 1209 1147 1146
3 1210 1147 1209
3 1210 1209 1211
3 1212 1147 1210
3 1213 1214 1134
3 1215 1147 1212
3 1216 1213 1134
3 1217 1134 1135
3 1217 1216 1134
3 1217 1218 1216
3 1219 1147 1220
3 1221 1217 1135
3 1222 1148 1147
3 1222 1147 1219
3 1223 1221 1135
3 1224 1148 1222
3 1224 1222 1225
3 1226 1148 1224
3 1227 1148 1226
3 1228 1135 1136
3 1228 1229 1135
3 1230 1232 1231
3 1233 1149 1148
3 1233 1232 1230
3 1233 1234 1232
3 1233 1148 1234
3 1235 1149 1233
3 1236 1149 1235
3 1236 1235 1237
3 1236 1237 1238
3 1239 1228 1136
3 1239 1238 1228
3 1240 1150 1149
3 1240 1241 1150
3 1240 1242 1241
3 1240 1149 1243
3 1244 1239 1136
3 1244 1245 1239
3 1244 1242 1245
3 1246 1241 1242
3 1246 1242 1244
3 1247 1244 1136
3 1247 1241 1246
3 1247 1246 1244
3 1248 1247 1136
3 1248 1241 1247
3 1249 1250 1248
3 1249 1136 1164
3 1249 1164 1250
3 1249 1248 1136
3 1251 1150 1241
3 1251 1248 1250
3 1251 1241 1248
3 1252 1150 1251
3 1252 1250 1164
3 1252 1251 1250
3 1253 1150 1252
3 1253 1252 1164
3 1254 1164 1255
3 1254 1253 1164
3 1256 1254 1255
3 1256 1165 1150
3 1256 1255 1165
3 1256 1150 1253
3 1256 1253 1254
3 1257 1255 1164
3 1257 1164 1137
3 1258 1255 1257
3 1258 1165 1255
3 1259 1258 1257
3 1259 1257 1137
3 1259 1165 1258
3 1260 1259 1137
3 1260 1165 1259
3 1260 1261 1165
3 1262 1260 1137
3 1262 1261 1260
3 1262 1137 1166
3 1263 1151 1165
3 1263 1165 1261
3 1264 1261 1262
3 1264 1262 1166
3 1264 1151 1263
3 1264 1263 1261
3 1265 1264 1166
3 1265 1151 1264
3 1266 1151 1265
3 1266 1167 1151
3 1266 1166 1169
3 1266 1169 1171
3 1266 1171 1173
3 1266 1173 1167
3 1266 1265 1166
3 1267 1141 1140
3 1267 1140 1161
3 1267 1160 1133
3 1267 1161 1160
3 1268 1141 1267
3 1269 1267 1133
3 1269 1268 1267
3 1269 1133 1162
3 1269 1162 1176
3 1270 1174 1141
3 1270 1141 1268
3 1270 1269 1176
3 1270 1176 1174
3 1270 1268 1269
3 1271 1195 1193
3 1271 1196 1195
3 1272 1271 1273
3 1274 1209 1196
3 1274 1271 1272
3 1274 1196 1271
3 1275 1203 1204
3 1276 1203 1275
3 1276 1274 1203
3 1276 1209 1274
3 1277 1204 1207
3 1277 1275 1204
3 1278 1276 1275
3 1278 1209 1276
3 1278 1275 1277
3 1279 1209 1278
3 1279 1278 1277
3 1280 1205 1208
3 1280 1206 1205
3 1280 1207 1206
3 1281 1209 1279
3 1281 1211 1209
3 1281 1277 1207
3 1281 1279 1277
3 1281 1207 1280
3 1281 1280 1211
3 1282 1211 1280
3 1282 1280 1208
3 1283 1208 1284
3 1283 1282 1208
3 1285 1208 1163
3 1285 1163 1134
3 1286 1211 1282
3 1286 1282 1283
3 1287 1284 1208
3 1287 1288 1284
3 1287 1208 1285
3 1289 1285 1134
3 1290 1211 1286
3 1290 1210 1211
3 1291 1288 1287
3 1291 1287 1285
3 1291 1285 1289
3 1292 1289 1134
3 1292 1291 1289
3 1293 1284 1288
3 1294 1210 1290
3 1295 1134 1214
3 1295 1292 1134
3 1296 1294 1293
3 1296 1210 1294
3 1297 1296 1293
3 1297 1293 1288
3 1298 1210 1296
3 1298 1297 1212
3 1298 1212 1210
3 1298 1296 1297
3 1299 1297 1288
3 1299 1212 1297
3 1299 1300 1215
3 1299 1215 1212
3 1301 1214 1213
3 1301 1300 1214
3 1302 1213 1216
3 1303 1213 1302
3 1303 1301 1213
3 1304 1147 1215
3 1305 1302 1216
3 1305 1303 1302
3 1306 1147 1304
3 1307 1308 1303
3 1307 1303 1305
3 1307 1309 1308
3 1310 1305 1216
3 1310 1307 1305
3 1310 1309 1307
3 1311 1308 1309
3 1312 1147 1306
3 1312 1311 1309
3 1312 1306 1311
3 1312 1220 1147
3 1312 1309 1220
3 1313 1310 1216
3 1314 1309 1310
3 1314 1310 1313
3 1315 1313 1216
3 1315 1216 1218
3 1316 1315 1218
3 1317 1318 1316
3 1317 1220 1318
3 1317 1219 1220
3 1319 1317 1316
3 1319 1316 1218
3 1319 1219 1317
3 1320 1218 1217
3 1321 1218 1320
3 1321 1319 1218
3 1322 1219 1319
3 1322 1319 1321
3 1322 1323 1219
3 1324 1326 1325
3 1327 1325 1326
3 1327 1326 1217
3 1327 1217 1221
3 1327 1221 1328
3 1329 1324 1325
3 1329 1219 1323
3 1329 1222 1219
3 1330 1325 1327
3 1331 1329 1325
3 1331 1222 1329
3 1331 1325 1330
3 1332 1328 1221
3 1333 1334 1225
3 1333 1225 1222
3 1335 1332 1221
3 1335 1334 1332
3 1335 1225 1334
3 1336 1223 1337
3 1336 1335 1221
3 1336 1337 1225
3 1336 1225 1335
3 1336 1221 1223
3 1338 1224 1225
3 1339 1224 1338
3 1340 1341 1223
3 1340 1223 1135
3 1342 1343 1341
3 1342 1341 1340
3 1344 1345 1341
3 1344 1224 1339
3 1344 1339 1345
3 1346 1341 1343
3 1346 1344 1341
3 1347 1340 1135
3 1347 1342 1340
3 1348 1347 1135
3 1348 1135 1349
3 1350 1224 1344
3 1350 1344 1346
3 1351 1346 1343
3 1351 1350 1346
3 1352 1226 1224
3 1352 1351 1226
3 1352 1224 1350
3 1352 1350 1351
3 1353 1349 1135
3 1354 1353 1135
3 1355 1135 1229
3 1355 1229 1356
3 1355 1354 1135
3 1357 1356 1358
3 1357 1355 1356
3 1359 1227 1360
3 1361 1358 1356
3 1362 1364 1363
3 1362 1363 1358
3 1362 1358 1361
3 1365 1361 1356
3 1365 1364 1362
3 1365 1362 1361
3 1366 1234 1364
3 1366 1364 1365
3 1367 1356 1229
3 1368 1234 1366
3 1368 1365 1356
3 1368 1366 1365
3 1368 1356 1367
3 1369 1234 1368
3 1369 1368 1367
3 1370 1229 1371
3 1370 1367 1229
3 1370 1369 1367
3 1372 1234 1369
3 1372 1369 1370
3 1373 1371 1232
3 1373 1232 1234
3 1373 1370 1371
3 1373 1234 1372
3 1373 1372 1370
3 1374 1232 1371
3 1374 1371 1229
3 1374 1229 1228
3 1375 1374 1228
3 1375 1232 1374
3 1376 1375 1228
3 1376 1228 1377
3 1378 1232 1375
3 1378 1375 1376
3 1379 1232 1378
3 1379 1376 1377
3 1379 1378 1376
3 1379 1231 1232
3 1379 1377 1231
3 1380 1230 1231
3 1380 1231 1377
3 1381 1380 1377
3 1381 1230 1380
3 1382 1381 1377
3 1382 1230 1381
3 1382 1228 1238
3 1382 1377 1228
3 1383 1237 1235
3 1383 1238 1237
3 1383 1382 1238
3 1384 1238 1239
3 1385 1243 1149
3 1385 1386 1243
3 1387 1386 1384
3 1387 1384 1239
3 1388 1243 1386
3 1388 1386 1387
3 1389 1388 1387
3 1389 1243 1388
3 1390 1389 1387
3 1390 1239 1245
3 1390 1387 1239
3 1391 1243 1389
3 1391 1389 1390
3 1392 1243 1391
3 1392 1391 1390
3 1392 1240 1243
3 1393 1392 1390
3 1393 1390 1245
3 1393 1240 1392
3 1393 1245 1242
3 1393 1242 1240
3 1394 1200 1198
3 1394 1395 1163
3 1394 1163 1200
3 1396 1395 1394
3 1397 1395 1396
3 1398 1198 1199
3 1398 1394 1198
3 1398 1396 1394
3 1398 1397 1396
3 1398 1199 1201
3 1398 1201 1203
3 1399 1203 1274
3 1399 1397 1398
3 1399 1272 1273
3 1399 1274 1272
3 1399 1398 1203
3 1400 1293 1294
3 1400 1294 1290
3 1400 1283 1284
3 1400 1284 1293
3 1400 1286 1283
3 1400 1290 1286
3 1401 1292 1295
3 1401 1299 1288
3 1401 1288 1291
3 1401 1291 1292
3 1402 1295 1214
3 1402 1401 1295
3 1403 1402 1214
3 1403 1300 1299
3 1403 1401 1402
3 1403 1214 1300
3 1403 1299 1401
3 1404 1300 1301
3 1404 1215 1300
3 1405 1304 1215
3 1405 1215 1404
3 1406 1404 1301
3 1406 1405 1404
3 1407 1406 1301
3 1408 1406 1407
3 1408 1306 1304
3 1408 1304 1405
3 1408 1405 1406
3 1409 1303 1308
3 1409 1308 1311
3 1409 1301 1303
3 1409 1407 1301
3 1410 1409 1311
3 1410 1408 1407
3 1410 1311 1306
3 1410 1407 1409
3 1410 1306 1408
3 1411 1314 1313
3 1411 1309 1314
3 1411 1313 1315
3 1411 1220 1309
3 1412 1220 1411
3 1412 1411 1315
3 1413 1412 1315
3 1413 1220 1412
3 1413 1315 1316
3 1413 1316 1318
3 1413 1318 1220
3 1414 1415 1320
3 1414 1217 1326
3 1414 1326 1324
3 1414 1320 1217
3 1414 1324 1415
3 1416 1321 1320
3 1416 1322 1321
3 1416 1323 1322
3 1416 1320 1415
3 1417 1416 1415
3 1417 1415 1324
3 1418 1416 1417
3 1418 1417 1324
3 1418 1323 1416
3 1418 1329 1323
3 1418 1324 1329
3 1419 1330 1327
3 1419 1328 1332
3 1419 1332 1334
3 1419 1334 1333
3 1419 1327 1328
3 1419 1333 1420
3 1419 1420 1330
3 1421 1333 1222
3 1421 1420 1333
3 1421 1222 1331
3 1421 1331 1330
3 1421 1330 1420
3 1422 1337 1223
3 1422 1225 1337
3 1422 1338 1225
3 1423 1422 1223
3 1423 1338 1422
3 1424 1341 1345
3 1424 1423 1223
3 1424 1339 1338
3 1424 1345 1339
3 1424 1338 1423
3 1424 1223 1341
3 1425 1351 1343
3 1425 1343 1342
3 1426 1347 1348
3 1426 1342 1347
3 1426 1425 1342
3 1427 1351 1425
3 1427 1425 1426
3 1428 1349 1360
3 1428 1426 1348
3 1428 1348 1349
3 1428 1427 1426
3 1429 1353 1354
3 1430 1360 1349
3 1430 1359 1360
3 1430 1349 1353
3 1430 1353 1429
3 1431 1430 1429
3 1431 1359 1430
3 1432 1429 1354
3 1432 1431 1429
3 1432 1354 1355
3 1432 1355 1357
3 1433 1431 1432
3 1434 1359 1431
3 1434 1431 1433
3 1434 1435 1359
3 1436 1357 1358
3 1436 1363 1435
3 1436 1435 1434
3 1436 1433 1432
3 1436 1432 1357
3 1436 1434 1433
3 1436 1358 1363
3 1437 1148 1227
3 1437 1227 1359
3 1437 1359 1435
3 1438 1435 1363
3 1438 1148 1437
3 1438 1437 1435
3 1439 1148 1438
3 1439 1364 1234
3 1439 1234 1148
3 1439 1363 1364
3 1439 1438 1363
3 1440 1230 1382
3 1440 1233 1230
3 1441 1440 1382
3 1441 1382 1383
3 1441 1383 1235
3 1441 1235 1233
3 1441 1233 1440
3 1442 1236 1238
3 1442 1238 1384
3 1443 1384 1386
3 1443 1386 1385
3 1443 1442 1384
3 1443 1385 1442
3 1444 1189 1185
3 1444 1185 1180
3 1444 1395 1189
3 1444 1162 1163
3 1444 1163 1395
3 1444 1180 1162
3 1445 1193 1194
3 1445 1273 1271
3 1445 1189 1395
3 1445 1399 1273
3 1445 1395 1397
3 1445 1397 1399
3 1445 1194 1189
3 1445 1271 1193
3 1446 1360 1227
3 1446 1227 1226
3 1446 1226 1351
3 1446 1351 1427
3 1446 1428 1360
3 1446 1427 1428
3 1447 1385 1149
3 1447 1149 1236
3 1447 1442 1385
3 1447 1236 1442
3 1458 1449 1448
3 1459 1449 1458
3 1460 1450 1449
3 1460 1449 1459
3 1461 1451 1450
3 1461 1450 1460
3 1462 1452 1451
3 1462 1451 1461
3 1463 1453 1452
3 1463 1452 1462
3 1464 1454 1453
3 1464 1453 1463
3 1465 1455 1454
3 1465 1456 1455
3 1465 1454 1464
3 1457 1456 1465
3 1482 1466 1467
3 1482 1483 1466
3 1481 1482 1467
3 1480 1467 1468
3 1480 1481 1467
3 1479 1468 1469
3 1479 1480 1468
3 1478 1469 1470
3 1478 1479 1469
3 1477 1470 1471
3 1477 1478 1470
3 1476 1471 1472
3 1476 1472 1473
3 1476 1477 1471
3 1475 1473 1474
3 1475 1476 1473
3 1509 1484 1485
3 1493 1489 1490
3 1493 1490 1491
3 1493 1491 1492
3 1502 1501 1515
3 1503 1502 1515
3 1504 1503 1515
3 1506 1505 1499
3 1507 1506 1499
3 1508 1507 1499
3 1500 1508 1499
3 1516 1485 1486
3 1516 1486 1487
3 1516 1487 1488
3 1516 1488 1489
3 1516 1509 1485
3 1516 1489 1493
3 1517 1495 1496
3 1517 1511 1510
3 1518 1497 1498
3 1518 1513 1512
3 1519 1498 1499
3 1519 1505 1504
3 1519 1514 1513
3 1519 1515 1514
3 1519 1518 1498
3 1519 1513 1518
3 1519 1504 1515
3 1519 1499 1505
3 1520 1493 1494
3 1520 1516 1493
3 1520 1509 1516
3 1521 1510 1509
3 1521 1509 1520
3 1522 1520 1494
3 1522 1521 1520
3 1522 1510 1521
3 1523 1494 1495
3 1523 1522 1494
3 1524 1517 1510
3 1524 1522 1523
3 1524 1523 1495
3 1524 1510 1522
3 1524 1495 1517
3 1525 1517 1496
3 1525 1511 1517
3 1526 1496 1497
3 1526 1512 1511
3 1526 1525 1496
3 1526 1511 1525
3 1527 1518 1512
3 1527 1526 1497
3 1527 1497 1518
3 1527 1512 1526
3 1547 1549 1548
3 1547 1550 1549
3 1547 1551 1550
3 1552 1551 1547
3 1552 1547 1548
3 1552 1553 1551
3 1554 1553 1552
3 1555 1553 1554
3 1556 1528 1546
3 1556 1549 1550
3 1556 1550 1528
3 1557 1548 1549
3 1557 1552 1548
3 1557 1549 1556
3 1557 1554 1552
3 1557 1555 1554
3 1558 1545 1544
3 1559 1544 1543
3 1559 1558 1544
3 1560 1543 1542
3 1560 1559 1543
3 1561 1537 1562
3 1563 1553 1555
3 1563 1537 1561
3 1564 1538 1537
3 1564 1555 1557
3 1564 1563 1555
3 1564 1537 1563
3 1565 1567 1566
3 1568 1564 1567
3 1568 1538 1564
3 1568 1567 1565
3 1569 1565 1566
3 1569 1566 1570
3 1571 1568 1565
3 1571 1565 1569
3 1571 1538 1568
3 1572 1534 1535
3 1572 1535 1536
3 1573 1534 1572
3 1574 1533 1534
3 1574 1534 1573
3 1575 1573 1572
3 1576 1573 1575
3 1577 1574 1573
3 1577 1573 1576
3 1578 1574 1577
3 1579 1574 1578
3 1580 1577 1576
3 1580 1576 1575
3 1580 1578 1577
3 1581 1578 1580
3 1581 1562 1579
3 1581 1579 1578
3 1582 1528 1550
3 1583 1582 1550
3 1583 1561 1584
3 1585 1561 1583
3 1585 1563 1561
3 1586 1563 1585
3 1586 1585 1583
3 1586 1550 1551
3 1586 1551 1553
3 1586 1553 1563
3 1586 1583 1550
3 1587 1557 1556
3 1587 1564 1557
3 1588 1587 1556
3 1588 1564 1587
3 1589 1588 1556
3 1589 1564 1588
3 1589 1567 1564
3 1590 1556 1546
3 1590 1589 1556
3 1590 1567 1589
3 1590 1566 1567
3 1590 1570 1566
3 1591 1570 1590
3 1592 1590 1546
3 1592 1591 1590
3 1593 1592 1546
3 1594 1546 1545
3 1594 1593 1546
3 1594 1545 1558
3 1594 1558 1559
3 1594 1559 1560
3 1595 1529 1528
3 1595 1536 1529
3 1595 1575 1572
3 1595 1580 1575
3 1595 1582 1580
3 1595 1528 1582
3 1595 1572 1536
3 1596 1531 1532
3 1596 1532 1533
3 1596 1574 1579
3 1596 1533 1574
3 1597 1530 1531
3 1597 1537 1530
3 1597 1531 1596
3 1597 1579 1562
3 1597 1562 1537
3 1597 1596 1579
3 1598 1581 1580
3 1598 1580 1582
3 1598 1562 1581
3 1599 1561 1562
3 1599 1562 1598
3 1599 1584 1561
3 1600 1582 1583
3 1600 1583 1584
3 1600 1598 1582
3 1600 1584 1599
3 1600 1599 1598
3 1601 1570 1591
3 1601 1569 1570
3 1601 1571 1569
3 1601 1538 1571
3 1601 1591 1592
3 1602 1592 1593
3 1602 1601 1592
3 1603 1594 1560
3 1603 1593 1594
3 1603 1602 1593
3 1604 1601 1602
3 1604 1539 1538
3 1604 1538 1601
3 1605 1602 1603
3 1606 1602 1605
3 1606 1604 1602
3 1607 1603 1560
3 1607 1606 1605
3 1607 1605 1603
3 1608 1607 1560
3 1608 1542 1541
3 1608 1560 1542
3 1609 1539 1604
3 1609 1604 1606
3 1609 1540 1539
3 1609 1541 1540
3 1609 1606 1607
3 1609 1607 1608
3 1609 1608 1541
3 1621 1611 1610
3 1621 1610 1620
3 1622 1612 1611
3 1622 1611 1621
3 1623 1613 1612
3 1623 1612 1622
3 1624 1614 1613
3 1624 1613 1623
3 1625 1615 1614
3 1625 1614 1624
3 1626 1616 1615
3 1626 1615 1625
3 1627 1617 1616
3 1627 1616 1626
3 1619 1618 1617
3 1619 1617 1627
3 1647 1632 1633
3 1648 1629 1628
3 1649 1629 1648
3 1650 1649 1651
3 1650 1651 1652
3 1653 1631 1630
3 1654 1639 1640
3 1655 1654 1640
3 1656 1657 1658
3 1659 1658 1637
3 1659 1656 1658
3 1660 1656 1659
3 1661 1637 1638
3 1661 1659 1637
3 1662 1649 1650
3 1662 1629 1649
3 1663 1629 1662
3 1664 1661 1638
3 1664 1650 1661
3 1665 1664 1638
3 1666 1667 1668
3 1666 1629 1667
3 1666 1669 1629
3 1670 1666 1668
3 1671 1672 1673
3 1674 1638 1639
3 1674 1673 1638
3 1674 1671 1673
3 1674 1639 1675
3 1674 1675 1676
3 1677 1630 1629
3 1677 1629 1669
3 1677 1669 1676
3 1678 1630 1677
3 1678 1677 1679
3 1680 1681 1682
3 1680 1675 1639
3 1683 1681 1680
3 1683 1680 1639
3 1684 1630 1685
3 1686 1630 1684
3 1687 1653 1630
3 1687 1630 1686
3 1688 1639 1654
3 1688 1689 1639
3 1690 1653 1687
3 1690 1687 1691
3 1692 1693 1690
3 1692 1694 1693
3 1692 1688 1654
3 1692 1654 1694
3 1692 1691 1688
3 1692 1690 1691
3 1695 1653 1690
3 1695 1690 1693
3 1696 1653 1695
3 1697 1696 1655
3 1697 1653 1696
3 1697 1655 1698
3 1699 1653 1697
3 1699 1631 1653
3 1700 1631 1699
3 1701 1641 1631
3 1701 1631 1700
3 1702 1701 1700
3 1702 1700 1703
3 1704 1628 1632
3 1704 1632 1647
3 1705 1656 1660
3 1705 1628 1704
3 1705 1648 1628
3 1705 1660 1648
3 1706 1656 1705
3 1706 1657 1656
3 1707 1660 1659
3 1707 1659 1661
3 1707 1661 1708
3 1709 1661 1650
3 1709 1650 1652
3 1710 1650 1664
3 1710 1662 1650
3 1711 1662 1710
3 1711 1710 1664
3 1712 1663 1662
3 1712 1662 1711
3 1712 1711 1664
3 1713 1663 1712
3 1713 1712 1664
3 1714 1663 1713
3 1714 1715 1663
3 1716 1713 1664
3 1716 1714 1713
3 1716 1715 1714
3 1717 1664 1665
3 1717 1665 1715
3 1717 1716 1664
3 1717 1715 1716
3 1718 1629 1663
3 1718 1663 1715
3 1718 1667 1629
3 1719 1720 1638
3 1719 1668 1720
3 1719 1672 1670
3 1719 1638 1673
3 1719 1670 1668
3 1719 1673 1672
3 1721 1669 1666
3 1721 1666 1670
3 1721 1670 1672
3 1721 1671 1669
3 1721 1672 1671
3 1722 1669 1671
3 1722 1671 1674
3 1722 1674 1676
3 1722 1676 1669
3 1723 1677 1676
3 1723 1679 1677
3 1723 1676 1675
3 1723 1675 1679
3 1724 1678 1679
3 1724 1725 1678
3 1724 1675 1680
3 1724 1679 1675
3 1726 1725 1724
3 1726 1724 1680
3 1727 1680 1682
3 1727 1682 1725
3 1727 1725 1726
3 1727 1726 1680
3 1728 1630 1678
3 1728 1678 1725
3 1728 1725 1682
3 1728 1682 1681
3 1728 1685 1630
3 1728 1681 1685
3 1729 1689 1730
3 1729 1683 1639
3 1729 1639 1689
3 1731 1686 1684
3 1732 1730 1689
3 1733 1731 1684
3 1733 1732 1689
3 1733 1684 1732
3 1734 1686 1731
3 1734 1733 1689
3 1734 1731 1733
3 1735 1686 1734
3 1735 1687 1686
3 1736 1734 1689
3 1736 1687 1735
3 1736 1735 1734
3 1737 1736 1689
3 1737 1689 1688
3 1738 1687 1736
3 1738 1736 1737
3 1738 1737 1688
3 1739 1687 1738
3 1739 1738 1688
3 1739 1691 1687
3 1739 1688 1691
3 1740 1695 1693
3 1740 1655 1696
3 1740 1654 1655
3 1740 1693 1694
3 1740 1694 1654
3 1740 1696 1695
3 1741 1697 1698
3 1741 1699 1697
3 1742 1741 1698
3 1742 1698 1655
3 1743 1741 1742
3 1744 1703 1700
3 1744 1699 1741
3 1744 1742 1655
3 1744 1741 1743
3 1744 1743 1742
3 1744 1700 1699
3 1745 1702 1703
3 1745 1703 1744
3 1745 1744 1655
3 1745 1655 1640
3 1746 1702 1745
3 1747 1745 1640
3 1747 1746 1745
3 1748 1746 1747
3 1749 1748 1747
3 1750 1749 1747
3 1751 1643 1642
3 1751 1644 1643
3 1751 1642 1748
3 1751 1748 1749
3 1752 1644 1751
3 1752 1749 1750
3 1752 1751 1749
3 1753 1645 1644
3 1753 1646 1645
3 1753 1640 1646
3 1753 1644 1752
3 1753 1747 1640
3 1753 1750 1747
3 1753 1752 1750
3 1754 1633 1634
3 1754 1704 1647
3 1754 1647 1633
3 1755 1754 1634
3 1755 1634 1635
3 1756 1754 1755
3 1757 1706 1705
3 1757 1657 1706
3 1758 1759 1658
3 1760 1658 1657
3 1760 1657 1757
3 1761 1658 1760
3 1761 1758 1658
3 1761 1757 1758
3 1761 1760 1757
3 1762 1707 1708
3 1762 1660 1707
3 1762 1763 1648
3 1762 1764 1763
3 1762 1708 1764
3 1762 1648 1660
3 1765 1648 1763
3 1766 1648 1765
3 1766 1765 1709
3 1766 1649 1648
3 1766 1651 1649
3 1766 1709 1652
3 1766 1652 1651
3 1767 1718 1715
3 1767 1715 1665
3 1768 1718 1767
3 1768 1767 1665
3 1769 1667 1718
3 1770 1668 1667
3 1770 1667 1769
3 1771 1683 1729
3 1771 1685 1681
3 1771 1681 1683
3 1771 1684 1685
3 1772 1684 1771
3 1772 1771 1729
3 1773 1684 1772
3 1773 1772 1729
3 1773 1729 1730
3 1773 1730 1732
3 1773 1732 1684
3 1774 1642 1641
3 1774 1701 1702
3 1774 1748 1642
3 1774 1702 1746
3 1774 1746 1748
3 1774 1641 1701
3 1775 1705 1704
3 1775 1704 1754
3 1775 1757 1705
3 1775 1754 1756
3 1775 1756 1759
3 1775 1759 1758
3 1775 1758 1757
3 1776 1635 1636
3 1776 1636 1637
3 1776 1755 1635
3 1776 1637 1658
3 1776 1658 1759
3 1776 1756 1755
3 1776 1759 1756
3 1777 1661 1709
3 1777 1708 1661
3 1777 1709 1765
3 1777 1763 1764
3 1777 1764 1708
3 1777 1765 1763
3 1778 1768 1779
3 1778 1769 1718
3 1778 1779 1769
3 1778 1718 1768
3 1780 1779 1768
3 1780 1665 1638
3 1780 1768 1665
3 1781 1769 1779
3 1781 1780 1638
3 1781 1770 1769
3 1781 1779 1780
3 1782 1668 1770
3 1782 1638 1720
3 1782 1770 1781
3 1782 1720 1668
3 1782 1781 1638
3 1784 1812 1783
3 1791 1789 1790
3 1792 1789 1791
3 1805 1824 1823
3 1805 1825 1824
3 1805 1804 1825
3 1806 1805 1823
3 1800 1809 1799
3 1810 1809 1800
3 1801 1810 1800
3 1811 1810 1801
3 1802 1811 1801
3 1803 1811 1802
3 1826 1785 1786
3 1826 1786 1787
3 1827 1798 1799
3 1827 1823 1822
3 1828 1806 1823
3 1828 1799 1809
3 1828 1807 1806
3 1828 1808 1807
3 1828 1809 1808
3 1828 1823 1827
3 1828 1827 1799
3 1829 1784 1785
3 1829 1812 1784
3 1830 1813 1812
3 1830 1814 1813
3 1830 1812 1829
3 1831 1785 1826
3 1831 1829 1785
3 1831 1830 1829
3 1832 1814 1830
3 1832 1815 1814
3 1833 1830 1831
3 1833 1831 1826
3 1833 1832 1830
3 1834 1832 1833
3 1835 1816 1815
3 1835 1815 1832
3 1836 1834 1833
3 1836 1833 1826
3 1837 1817 1816
3 1837 1816 1835
3 1838 1834 1836
3 1838 1835 1832
3 1838 1836 1839
3 1838 1832 1834
3 1840 1837 1835
3 1840 1838 1839
3 1840 1835 1838
3 1841 1817 1837
3 1841 1818 1817
3 1842 1840 1839
3 1842 1841 1837
3 1842 1837 1840
3 1843 1819 1818
3 1843 1818 1841
3 1844 1842 1839
3 1844 1841 1842
3 1844 1843 1841
3 1845 1787 1788
3 1845 1788 1789
3 1845 1826 1787
3 1845 1792 1793
3 1845 1789 1792
3 1846 1843 1844
3 1847 1826 1845
3 1848 1836 1826
3 1848 1826 1847
3 1848 1839 1836
3 1849 1848 1847
3 1850 1844 1839
3 1850 1846 1844
3 1850 1839 1851
3 1852 1819 1843
3 1852 1820 1819
3 1852 1843 1846
3 1852 1850 1851
3 1852 1846 1850
3 1853 1793 1794
3 1853 1794 1795
3 1853 1845 1793
3 1853 1847 1845
3 1853 1849 1847
3 1854 1821 1820
3 1854 1822 1821
3 1854 1827 1822
3 1854 1820 1852
3 1854 1852 1851
3 1854 1851 1827
3 1855 1848 1849
3 1855 1853 1795
3 1855 1839 1848
3 1855 1849 1853
3 1856 1839 1855
3 1857 1795 1796
3 1857 1796 1856
3 1857 1855 1795
3 1857 1856 1855
3 1858 1796 1797
3 1858 1856 1796
3 1858 1851 1839
3 1858 1839 1856
3 1859 1797 1798
3 1859 1827 1851
3 1859 1851 1858
3 1859 1858 1797
3 1859 1798 1827
3 1886 1882 1860
3 1886 1860 1887
3 1888 1885 1889
3 1888 1889 1872
3 1890 1872 1873
3 1890 1888 1872
3 1891 1864 1865
3 1891 1892 1864
3 1893 1865 1866
3 1893 1866 1867
3 1893 1867 1868
3 1893 1891 1865
3 1894 1895 1896
3 1897 1894 1896
3 1897 1896 1892
3 1898 1897 1892
3 1899 1892 1891
3 1899 1891 1893
3 1899 1898 1892
3 1900 1898 1899
3 1900 1897 1898
3 1900 1894 1897
3 1901 1899 1893
3 1901 1900 1899
3 1901 1893 1868
3 1902 1886 1903
3 1904 1868 1869
3 1904 1901 1868
3 1905 1902 1906
3 1905 1886 1902
3 1905 1882 1886
3 1907 1882 1905
3 1908 1904 1869
3 1909 1869 1870
3 1909 1910 1911
3 1912 1913 1914
3 1912 1909 1913
3 1915 1916 1914
3 1917 1883 1882
3 1917 1916 1915
3 1917 1882 1918
3 1917 1918 1916
3 1919 1917 1920
3 1921 1909 1870
3 1921 1913 1909
3 1922 1921 1870
3 1923 1924 1883
3 1925 1926 1870
3 1927 1870 1871
3 1927 1925 1870
3 1927 1928 1925
3 1927 1871 1929
3 1930 1927 1929
3 1930 1929 1931
3 1932 1884 1883
3 1932 1924 1931
3 1932 1883 1924
3 1933 1884 1932
3 1933 1932 1934
3 1935 1884 1933
3 1936 1884 1935
3 1937 1938 1871
3 1937 1939 1938
3 1940 1937 1871
3 1941 1942 1943
3 1944 1871 1872
3 1944 1940 1871
3 1944 1941 1940
3 1944 1942 1941
3 1944 1872 1945
3 1944 1945 1942
3 1946 1885 1884
3 1946 1884 1943
3 1946 1943 1942
3 1947 1946 1942
3 1947 1942 1945
3 1948 1946 1947
3 1948 1885 1946
3 1949 1885 1948
3 1949 1889 1885
3 1950 1885 1888
3 1950 1888 1890
3 1950 1874 1885
3 1951 1874 1950
3 1952 1890 1873
3 1952 1950 1890
3 1952 1951 1950
3 1953 1875 1874
3 1953 1874 1951
3 1953 1951 1952
3 1954 1860 1861
3 1954 1861 1862
3 1955 1862 1863
3 1955 1863 1864
3 1955 1954 1862
3 1956 1954 1955
3 1957 1864 1892
3 1957 1892 1896
3 1957 1955 1864
3 1957 1956 1955
3 1958 1954 1956
3 1958 1860 1954
3 1959 1958 1956
3 1959 1957 1896
3 1959 1956 1957
3 1959 1896 1895
3 1960 1860 1958
3 1960 1959 1895
3 1960 1895 1887
3 1960 1887 1860
3 1960 1958 1959
3 1961 1887 1895
3 1961 1895 1894
3 1961 1894 1900
3 1962 1887 1961
3 1962 1886 1887
3 1963 1962 1961
3 1963 1961 1900
3 1963 1900 1901
3 1964 1962 1963
3 1964 1886 1962
3 1965 1964 1963
3 1966 1963 1901
3 1966 1965 1963
3 1966 1901 1904
3 1967 1968 1969
3 1967 1902 1968
3 1970 1906 1902
3 1970 1902 1967
3 1971 1906 1970
3 1971 1967 1904
3 1971 1970 1967
3 1972 1906 1971
3 1972 1971 1904
3 1972 1904 1908
3 1973 1905 1906
3 1973 1906 1972
3 1973 1972 1908
3 1974 1905 1973
3 1974 1973 1908
3 1975 1907 1905
3 1975 1905 1974
3 1976 1907 1975
3 1976 1974 1908
3 1976 1975 1974
3 1977 1978 1907
3 1977 1907 1976
3 1979 1976 1908
3 1979 1977 1976
3 1980 1882 1907
3 1980 1907 1978
3 1980 1981 1882
3 1982 1908 1983
3 1982 1979 1908
3 1984 1978 1977
3 1984 1982 1983
3 1984 1977 1979
3 1984 1979 1982
3 1985 1983 1908
3 1985 1869 1986
3 1985 1908 1869
3 1987 1986 1869
3 1988 1987 1869
3 1989 1918 1990
3 1989 1990 1991
3 1992 1993 1994
3 1992 1991 1993
3 1995 1994 1993
3 1996 1989 1991
3 1996 1992 1994
3 1996 1991 1992
3 1997 1869 1909
3 1997 1911 1994
3 1997 1909 1911
3 1997 1994 1995
3 1997 1988 1869
3 1998 1989 1996
3 1998 1918 1989
3 1998 1996 1994
3 1999 1998 1994
3 1999 1994 1911
3 2000 1998 1999
3 2000 1918 1998
3 2001 1918 2000
3 2002 2000 1999
3 2002 1999 1911
3 2002 2001 2000
3 2002 1911 1910
3 2003 1918 2001
3 2003 2001 2002
3 2003 2002 1910
3 2003 1916 1918
3 2004 2003 1910
3 2004 1916 2003
3 2004 1910 1909
3 2005 1916 2004
3 2005 2004 1909
3 2006 1916 2005
3 2007 2005 1909
3 2007 1912 2006
3 2007 2006 2005
3 2007 1909 1912
3 2008 1916 2006
3 2008 2006 1912
3 2008 1914 1916
3 2008 1912 1914
3 2009 1914 1913
3 2009 1915 1914
3 2010 1917 1915
3 2011 2009 1913
3 2011 1915 2009
3 2011 2010 1915
3 2012 1917 2010
3 2012 2011 1913
3 2012 2010 2011
3 2013 1920 1917
3 2013 2012 1913
3 2013 1917 2012
3 2014 1913 1921
3 2014 1920 2013
3 2014 2013 1913
3 2015 1920 2014
3 2015 1919 1920
3 2016 2015 2014
3 2016 2014 1921
3 2017 2015 2016
3 2017 2016 1921
3 2018 2019 1919
3 2018 1919 2015
3 2018 2015 2017
3 2020 2019 2018
3 2020 2017 1921
3 2020 2018 2017
3 2021 1919 2019
3 2021 1883 1917
3 2021 1917 1919
3 2022 2019 2020
3 2023 2019 2024
3 2023 2021 2019
3 2025 2024 2019
3 2025 2019 2022
3 2026 2020 1921
3 2026 1921 1922
3 2026 2022 2020
3 2027 2028 1883
3 2027 1883 2021
3 2029 2024 2025
3 2029 2025 2022
3 2029 2026 1922
3 2029 2022 2026
3 2030 2031 1870
3 2030 1926 2032
3 2030 1870 1926
3 2033 2032 1926
3 2033 2034 2032
3 2035 2034 2033
3 2035 1923 2034
3 2035 2033 1926
3 2036 1923 2035
3 2036 1924 1923
3 2036 1925 1928
3 2036 1928 1924
3 2037 2035 1926
3 2037 1925 2036
3 2037 1926 1925
3 2037 2036 2035
3 2038 1928 1927
3 2038 1924 1928
3 2039 2038 1927
3 2039 1924 2038
3 2040 1924 2039
3 2040 1931 1924
3 2040 1930 1931
3 2041 2039 1927
3 2041 2040 2039
3 2041 1930 2040
3 2041 1927 1930
3 2042 1932 1931
3 2042 1931 1929
3 2043 1932 2042
3 2043 2042 1929
3 2044 2043 1929
3 2044 1932 2043
3 2044 1929 1934
3 2044 1934 1932
3 2045 1936 1935
3 2045 1929 1871
3 2046 1936 2045
3 2047 2045 1871
3 2047 2046 2045
3 2048 2047 1871
3 2048 2046 2047
3 2049 2048 1871
3 2049 1871 1938
3 2050 2051 1939
3 2050 1884 2051
3 2052 1884 2050
3 2052 2050 1939
3 2053 1884 2052
3 2054 2053 2052
3 2054 2052 1939
3 2054 1939 1937
3 2055 1884 2053
3 2055 2054 1937
3 2055 1937 1940
3 2055 2053 2054
3 2055 1940 1941
3 2055 1941 1943
3 2055 1943 1884
3 2056 1948 1947
3 2056 1947 1945
3 2056 1949 1948
3 2056 1945 1872
3 2057 1949 2056
3 2058 2056 1872
3 2058 2057 2056
3 2059 2058 1872
3 2059 2057 2058
3 2060 2057 2059
3 2060 2059 1872
3 2060 1949 2057
3 2060 1889 1949
3 2060 1872 1889
3 2061 1876 1875
3 2061 1877 1876
3 2061 1878 1877
3 2061 1875 1953
3 2062 1952 1873
3 2062 1879 1878
3 2062 1880 1879
3 2062 1881 1880
3 2062 1873 1881
3 2062 2061 1953
3 2062 1878 2061
3 2062 1953 1952
3 2063 1886 1964
3 2063 1964 1965
3 2063 1965 1966
3 2063 1903 1886
3 2064 2063 1966
3 2064 1903 2063
3 2065 1966 1969
3 2065 2064 1966
3 2066 2065 1969
3 2066 1969 1968
3 2066 1902 1903
3 2066 1968 1902
3 2066 1903 2064
3 2066 2064 2065
3 2067 1966 1904
3 2067 1969 1966
3 2067 1967 1969
3 2067 1904 1967
3 2068 1980 1978
3 2068 1978 1984
3 2069 1980 2068
3 2069 2068 1984
3 2070 1980 2069
3 2070 2071 1981
3 2070 2069 2071
3 2070 1981 1980
3 2072 1983 1985
3 2072 1984 1983
3 2073 2069 1984
3 2073 2072 1985
3 2073 2071 2069
3 2073 1984 2072
3 2074 2073 1985
3 2074 2071 2073
3 2074 1986 2071
3 2074 1985 1986
3 2075 2071 1986
3 2075 1986 1987
3 2076 2075 1987
3 2077 2076 1987
3 2077 1987 1988
3 2078 2077 1988
3 2079 1997 1995
3 2079 1988 1997
3 2079 2078 1988
3 2080 2079 1995
3 2080 2078 2079
3 2080 1993 1991
3 2080 1995 1993
3 2081 2023 2024
3 2081 2021 2023
3 2081 2027 2021
3 2082 2083 2031
3 2084 2031 2030
3 2084 2082 2031
3 2085 2084 2030
3 2086 2085 2030
3 2086 2034 2085
3 2086 2030 2032
3 2086 2032 2034
3 2087 2045 1935
3 2087 1934 1929
3 2087 1933 1934
3 2087 1935 1933
3 2087 1929 2045
3 2088 2046 2048
3 2088 1936 2046
3 2089 2048 2049
3 2089 2088 2048
3 2089 2049 1938
3 2090 2088 2089
3 2090 2089 1938
3 2090 1939 2051
3 2090 1938 1939
3 2091 2075 2076
3 2091 2076 2077
3 2091 1981 2071
3 2091 2071 2075
3 2092 2091 2077
3 2093 2092 2077
3 2093 2077 2078
3 2093 2080 1991
3 2093 2078 2080
3 2093 1991 1990
3 2094 2029 1922
3 2094 2081 2024
3 2094 2024 2029
3 2095 2081 2094
3 2095 2094 1922
3 2096 2031 2083
3 2097 2028 2083
3 2097 1883 2028
3 2097 2083 2082
3 2098 1883 2097
3 2098 2082 2084
3 2098 2084 2085
3 2098 2097 2082
3 2099 1923 1883
3 2099 2085 2034
3 2099 1883 2098
3 2099 2098 2085
3 2099 2034 1923
3 2100 1936 2088
3 2100 1884 1936
3 2100 2088 2090
3 2100 2090 2051
3 2100 2051 1884
3 2101 1981 2091
3 2101 1882 1981
3 2102 2091 2092
3 2102 1882 2101
3 2102 2101 2091
3 2103 2093 1990
3 2103 1918 1882
3 2103 2092 2093
3 2103 2102 2092
3 2103 1990 1918
3 2103 1882 2102
3 2104 2028 2027
3 2104 2083 2028
3 2104 2081 2095
3 2104 2096 2083
3 2104 2095 2096
3 2104 2027 2081
3 2105 1922 1870
3 2105 1870 2031
3 2105 2095 1922
3 2105 2096 2095
3 2105 2031 2096
3 2114 2115 2116
3 2114 2123 2122
3 2114 2116 2123
3 2113 2122 2121
3 2113 2114 2122
3 2112 2121 2120
3 2112 2113 2121
3 2111 2120 2119
3 2111 2112 2120
3 2110 2119 2118
3 2110 2111 2119
3 2109 2118 2117
3 2109 2110 2118
3 2108 2109 2117
3 2107 2117 2106
3 2107 2108 2117
3 2149 2125 2124
3 2149 2126 2125
3 2133 2130 2129
3 2133 2131 2130
3 2133 2132 2131
3 2142 2155 2141
3 2147 2139 2146
3 2148 2139 2147
3 2140 2139 2148
3 2156 2134 2133
3 2156 2149 2150
3 2157 2136 2135
3 2157 2151 2152
3 2158 2138 2137
3 2158 2153 2154
3 2159 2139 2138
3 2159 2154 2155
3 2160 2127 2126
3 2160 2128 2127
3 2160 2129 2128
3 2160 2126 2149
3 2160 2149 2156
3 2160 2156 2133
3 2160 2133 2129
3 2161 2134 2156
3 2161 2156 2150
3 2162 2135 2134
3 2162 2150 2151
3 2162 2161 2150
3 2162 2134 2161
3 2163 2162 2151
3 2163 2135 2162
3 2163 2157 2135
3 2163 2151 2157
3 2164 2136 2157
3 2164 2157 2152
3 2165 2137 2136
3 2165 2152 2153
3 2165 2164 2152
3 2165 2136 2164
3 2166 2165 2153
3 2166 2153 2158
3 2166 2137 2165
3 2166 2158 2137
3 2167 2154 2159
3 2167 2138 2158
3 2167 2158 2154
3 2167 2159 2138
3 2168 2142 2143
3 2168 2143 2144
3 2168 2144 2145
3 2168 2145 2146
3 2168 2139 2159
3 2168 2159 2155
3 2168 2155 2142
3 2168 2146 2139
3 2193 2170 2169
3 2178 2175 2174
3 2178 2176 2175
3 2178 2177 2176
3 2186 2198 2185
3 2187 2198 2186
3 2191 2183 2190
3 2192 2183 2191
3 2184 2183 2192
3 2199 2171 2170
3 2199 2172 2171
3 2199 2173 2172
3 2199 2174 2173
3 2199 2170 2193
3 2199 2178 2174
3 2200 2194 2195
3 2201 2196 2197
3 2202 2183 2182
3 2202 2187 2188
3 2202 2188 2189
3 2202 2189 2190
3 2202 2197 2198
3 2202 2182 2201
3 2202 2201 2197
3 2202 2198 2187
3 2202 2190 2183
3 2203 2179 2178
3 2203 2193 2194
3 2203 2178 2199
3 2203 2199 2193
3 2204 2180 2179
3 2204 2200 2180
3 2204 2203 2194
3 2204 2194 2200
3 2204 2179 2203
3 2205 2181 2180
3 2205 2195 2196
3 2205 2180 2200
3 2205 2200 2195
3 2206 2182 2181
3 2206 2201 2182
3 2206 2181 2205
3 2206 2205 2196
3 2206 2196 2201
3 2215 2216 2217
3 2215 2217 2224
3 2214 2224 2223
3 2214 2215 2224
3 2213 2223 2222
3 2213 2214 2223
3 2212 2222 2221
3 2212 2213 2222
3 2211 2221 2220
3 2211 2212 2221
3 2210 2220 2219
3 2210 2211 2220
3 2209 2219 2218
3 2209 2210 2219
3 2208 2218 2207
3 2208 2209 2218
3 2233 2234 2235
3 2233 2235 2242
3 2232 2242 2241
3 2232 2233 2242
3 2231 2241 2240
3 2231 2232 2241
3 2230 2240 2239
3 2230 2231 2240
3 2229 2238 2237
3 2229 2239 2238
3 2229 2230 2239
3 2228 2237 2236
3 2228 2229 2237
3 2227 2236 2225
3 2227 2228 2236
3 2226 2227 2225
3 2272 2243 2244
3 2252 2249 2250
3 2252 2250 2251
3 2253 2248 2249
3 2253 2249 2252
3 2265 2279 2278
3 2265 2264 2279
3 2266 2265 2278
3 2270 2269 2260
3 2261 2270 2260
3 2271 2270 2261
3 2262 2271 2261
3 2263 2271 2262
3 2280 2244 2245
3 2280 2245 2246
3 2280 2246 2247
3 2280 2247 2248
3 2280 2253 2254
3 2280 2254 2255
3 2280 2272 2244
3 2280 2248 2253
3 2281 2280 2255
3 2281 2255 2256
3 2281 2256 2257
3 2281 2273 2272
3 2281 2272 2280
3 2282 2273 2281
3 2282 2257 2258
3 2282 2258 2259
3 2282 2274 2273
3 2282 2275 2274
3 2282 2276 2275
3 2282 2281 2257
3 2283 2260 2269
3 2283 2259 2260
3 2283 2267 2266
3 2283 2268 2267
3 2283 2269 2268
3 2283 2277 2276
3 2283 2278 2277
3 2283 2276 2282
3 2283 2282 2259
3 2283 2266 2278
3 2309 2284 2285
3 2309 2285 2286
3 2293 2289 2290
3 2293 2290 2291
3 2293 2291 2292
3 2302 2301 2316
3 2303 2302 2316
3 2307 2306 2299
3 2308 2307 2299
3 2300 2308 2299
3 2317 2286 2287
3 2317 2287 2288
3 2317 2288 2289
3 2317 2293 2294
3 2317 2310 2309
3 2317 2309 2286
3 2317 2289 2293
3 2318 2312 2311
3 2318 2313 2312
3 2319 2296 2297
3 2319 2297 2298
3 2319 2315 2314
3 2320 2298 2299
3 2320 2304 2303
3 2320 2305 2304
3 2320 2306 2305
3 2320 2316 2315
3 2320 2319 2298
3 2320 2315 2319
3 2320 2303 2316
3 2320 2299 2306
3 2321 2294 2295
3 2321 2311 2310
3 2321 2295 2318
3 2321 2318 2311
3 2321 2317 2294
3 2321 2310 2317
3 2322 2295 2296
3 2322 2314 2313
3 2322 2318 2295
3 2322 2319 2314
3 2322 2313 2318
3 2322 2296 2319
3 2341 2324 2323
3 2341 2325 2324
3 2341 2326 2325
3 2341 2327 2326
3 2341 2328 2327
3 2341 2329 2328
3 2341 2330 2329
3 2341 2331 2330
3 2342 2332 2331
3 2342 2333 2334
3 2342 2334 2335
3 2342 2335 2336
3 2342 2336 2337
3 2342 2337 2338
3 2342 2338 2339
3 2342 2339 2340
3 2342 2340 2332
3 2342 2323 2333
3 2342 2341 2323
3 2342 2331 2341
3 2345 2353 2359
3 2346 2359 2358
3 2346 2345 2359
3 2347 2358 2357
3 2347 2346 2358
3 2348 2347 2357
3 2349 2357 2356
3 2349 2348 2357
3 2350 2356 2355
3 2350 2349 2356
3 2351 2355 2354
3 2351 2350 2355
3 2352 2354 2343
3 2352 2351 2354
3 2344 2352 2343
3 2377 2378 2360
3 2376 2360 2361
3 2376 2377 2360
3 2375 2361 2362
3 2375 2376 2361
3 2374 2362 2363
3 2374 2375 2362
3 2373 2363 2364
3 2373 2374 2363
3 2372 2373 2364
3 2371 2364 2365
3 2371 2372 2364
3 2370 2365 2366
3 2370 2371 2365
3 2369 2366 2367
3 2369 2370 2366
3 2368 2369 2367
3 2412 2405 2404
3 2412 2406 2405
3 2412 2404 2413
3 2414 2407 2406
3 2414 2406 2412
3 2415 2407 2414
3 2415 2395 2396
3 2415 2396 2397
3 2415 2397 2398
3 2415 2398 2399
3 2415 2408 2407
3 2415 2409 2408
3 2415 2410 2409
3 2415 2411 2410
3 2415 2399 2411
3 2416 2400 2379
3 2417 2418 2419
3 2420 2418 2421
3 2422 2401 2417
3 2422 2417 2419
3 2422 2402 2401
3 2423 2418 2420
3 2423 2387 2388
3 2423 2420 2387
3 2423 2419 2418
3 2424 2402 2422
3 2425 2422 2419
3 2425 2424 2422
3 2426 2423 2388
3 2426 2419 2423
3 2426 2425 2419
3 2427 2424 2425
3 2428 2404 2403
3 2428 2403 2429
3 2428 2413 2404
3 2430 2428 2429
3 2431 2413 2428
3 2431 2428 2430
3 2432 2390 2391
3 2432 2412 2413
3 2433 2383 2384
3 2433 2384 2385
3 2433 2385 2386
3 2433 2434 2383
3 2435 2436 2434
3 2435 2434 2433
3 2437 2435 2433
3 2437 2433 2386
3 2438 2416 2439
3 2438 2439 2440
3 2441 2438 2442
3 2441 2400 2416
3 2441 2416 2438
3 2443 2441 2442
3 2443 2400 2441
3 2444 2386 2387
3 2444 2437 2386
3 2444 2435 2437
3 2445 2443 2442
3 2446 2400 2443
3 2446 2445 2447
3 2446 2443 2445
3 2448 2447 2449
3 2448 2446 2447
3 2448 2400 2446
3 2448 2449 2400
3 2450 2444 2387
3 2450 2442 2444
3 2451 2445 2442
3 2451 2447 2445
3 2451 2442 2450
3 2452 2450 2387
3 2452 2451 2450
3 2452 2447 2451
3 2453 2421 2449
3 2453 2449 2447
3 2453 2447 2452
3 2454 2401 2400
3 2454 2449 2421
3 2454 2400 2449
3 2455 2452 2387
3 2455 2421 2453
3 2455 2453 2452
3 2456 2421 2418
3 2456 2454 2421
3 2457 2454 2456
3 2457 2401 2454
3 2457 2456 2418
3 2458 2420 2421
3 2458 2387 2420
3 2458 2421 2455
3 2458 2455 2387
3 2459 2417 2401
3 2459 2418 2417
3 2459 2457 2418
3 2459 2401 2457
3 2460 2402 2424
3 2460 2424 2427
3 2461 2427 2425
3 2462 2461 2425
3 2462 2426 2388
3 2462 2425 2426
3 2463 2460 2427
3 2464 2427 2461
3 2464 2461 2462
3 2464 2462 2388
3 2465 2460 2463
3 2465 2402 2460
3 2466 2403 2402
3 2467 2402 2465
3 2467 2466 2402
3 2468 2467 2465
3 2468 2469 2470
3 2471 2429 2403
3 2471 2403 2466
3 2471 2470 2429
3 2471 2466 2467
3 2471 2467 2468
3 2471 2468 2470
3 2472 2464 2388
3 2473 2388 2389
3 2473 2472 2388
3 2473 2470 2469
3 2473 2469 2472
3 2474 2429 2470
3 2474 2430 2429
3 2474 2470 2473
3 2474 2473 2389
3 2475 2430 2474
3 2475 2413 2431
3 2475 2431 2430
3 2475 2474 2389
3 2476 2389 2390
3 2476 2432 2413
3 2476 2475 2389
3 2476 2413 2475
3 2476 2390 2432
3 2477 2391 2392
3 2477 2412 2432
3 2477 2432 2391
3 2478 2379 2380
3 2478 2380 2381
3 2479 2381 2382
3 2479 2382 2383
3 2479 2383 2434
3 2479 2478 2381
3 2479 2434 2436
3 2480 2379 2478
3 2480 2478 2479
3 2480 2479 2436
3 2480 2416 2379
3 2481 2435 2440
3 2481 2439 2416
3 2481 2436 2435
3 2481 2440 2439
3 2481 2416 2480
3 2481 2480 2436
3 2482 2442 2438
3 2482 2440 2435
3 2482 2444 2442
3 2482 2438 2440
3 2482 2435 2444
3 2483 2427 2464
3 2483 2468 2465
3 2483 2463 2427
3 2483 2465 2463
3 2483 2469 2468
3 2483 2464 2472
3 2483 2472 2469
3 2484 2392 2393
3 2484 2393 2394
3 2484 2394 2395
3 2484 2395 2415
3 2484 2412 2477
3 2484 2414 2412
3 2484 2415 2414
3 2484 2477 2392
3 2486 2487 2485
3 2486 2488 2487
3 2486 2489 2488
3 2486 2490 2489
3 2486 2491 2490
3 2486 2492 2491
3 2504 2493 2492
3 2504 2492 2486
3 2508 2494 2493
3 2509 2504 2505
3 2509 2508 2493
3 2509 2494 2508
3 2509 2493 2504
3 2510 2509 2505
3 2511 2510 2505
3 2512 2506 2507
3 2512 2513 2506
3 2514 2495 2494
3 2514 2516 2515
3 2514 2506 2513
3 2514 2515 2495
3 2514 2494 2509
3 2514 2513 2516
3 2517 2514 2509
3 2517 2506 2514
3 2517 2509 2510
3 2518 2505 2506
3 2518 2517 2510
3 2518 2506 2517
3 2518 2511 2505
3 2518 2510 2511
3 2519 2513 2512
3 2519 2515 2516
3 2519 2495 2515
3 2519 2516 2513
3 2520 2495 2519
3 2520 2519 2512
3 2520 2512 2507
3 2521 2496 2495
3 2521 2495 2520
3 2521 2520 2507
3 2522 2497 2496
3 2522 2498 2497
3 2522 2499 2498
3 2522 2500 2499
3 2522 2496 2521
3 2523 2501 2500
3 2523 2502 2501
3 2523 2503 2502
3 2523 2507 2503
3 2523 2500 2522
3 2523 2521 2507
3 2523 2522 2521
3 2527 2525 2524
3 2526 2525 2527
3 2554 2529 2528
3 2554 2530 2529
3 2555 2528 2550
3 2555 2554 2528
3 2556 2554 2555
3 2557 2556 2555
3 2558 2553 2549
3 2559 2560 2558
3 2561 2541 2540
3 2562 2561 2563
3 2562 2565 2564
3 2562 2563 2565
3 2566 2531 2530
3 2566 2532 2531
3 2566 2530 2554
3 2567 2533 2532
3 2567 2534 2533
3 2567 2535 2534
3 2567 2536 2535
3 2567 2532 2566
3 2568 2567 2566
3 2569 2537 2536
3 2569 2566 2554
3 2569 2536 2567
3 2569 2568 2566
3 2569 2567 2568
3 2569 2557 2537
3 2569 2556 2557
3 2569 2554 2556
3 2570 2557 2555
3 2570 2555 2550
3 2571 2557 2570
3 2572 2570 2550
3 2572 2571 2570
3 2572 2573 2571
3 2572 2550 2574
3 2575 2557 2571
3 2575 2571 2573
3 2575 2537 2557
3 2576 2573 2572
3 2576 2572 2574
3 2576 2575 2573
3 2576 2537 2575
3 2577 2576 2574
3 2577 2537 2576
3 2578 2574 2579
3 2578 2577 2574
3 2580 2538 2537
3 2580 2537 2577
3 2580 2578 2579
3 2580 2581 2538
3 2580 2577 2578
3 2580 2579 2581
3 2582 2550 2551
3 2582 2579 2574
3 2582 2574 2550
3 2583 2582 2551
3 2584 2582 2583
3 2585 2584 2583
3 2586 2588 2587
3 2589 2538 2581
3 2590 2538 2589
3 2590 2589 2588
3 2591 2586 2551
3 2591 2588 2586
3 2592 2591 2551
3 2593 2588 2591
3 2594 2539 2538
3 2594 2538 2595
3 2594 2595 2596
3 2597 2598 2594
3 2597 2599 2598
3 2600 2599 2601
3 2602 2551 2552
3 2602 2600 2601
3 2602 2592 2551
3 2602 2601 2592
3 2603 2602 2604
3 2605 2539 2594
3 2605 2594 2598
3 2606 2539 2605
3 2607 2608 2552
3 2607 2552 2609
3 2610 2539 2606
3 2611 2610 2612
3 2613 2552 2553
3 2613 2614 2609
3 2613 2609 2552
3 2615 2617 2616
3 2618 2613 2553
3 2619 2613 2618
3 2620 2616 2621
3 2620 2615 2616
3 2622 2618 2623
3 2622 2619 2618
3 2624 2622 2623
3 2625 2540 2539
3 2625 2539 2620
3 2625 2620 2621
3 2626 2628 2627
3 2629 2630 2626
3 2629 2626 2553
3 2631 2540 2625
3 2631 2625 2632
3 2633 2553 2558
3 2633 2629 2553
3 2634 2635 2628
3 2636 2635 2634
3 2636 2540 2635
3 2637 2633 2558
3 2637 2638 2633
3 2637 2558 2560
3 2639 2638 2637
3 2640 2641 2639
3 2642 2540 2636
3 2642 2561 2540
3 2643 2641 2640
3 2644 2640 2645
3 2644 2643 2640
3 2644 2646 2643
3 2647 2560 2559
3 2648 2563 2561
3 2648 2561 2642
3 2648 2646 2644
3 2648 2642 2646
3 2648 2644 2565
3 2648 2565 2563
3 2649 2564 2565
3 2649 2644 2645
3 2649 2565 2644
3 2649 2645 2650
3 2651 2564 2649
3 2651 2647 2559
3 2651 2650 2647
3 2651 2649 2650
3 2652 2651 2559
3 2653 2579 2582
3 2653 2584 2581
3 2653 2582 2584
3 2653 2581 2579
3 2654 2583 2551
3 2654 2587 2585
3 2654 2585 2583
3 2654 2551 2586
3 2654 2586 2587
3 2655 2581 2584
3 2655 2585 2587
3 2655 2584 2585
3 2655 2587 2588
3 2655 2589 2581
3 2655 2588 2589
3 2656 2591 2592
3 2657 2658 2595
3 2657 2595 2538
3 2657 2538 2590
3 2657 2590 2588
3 2657 2588 2593
3 2657 2593 2658
3 2659 2591 2656
3 2660 2659 2658
3 2660 2591 2659
3 2660 2593 2591
3 2660 2658 2593
3 2661 2658 2659
3 2661 2659 2656
3 2661 2656 2592
3 2662 2661 2592
3 2663 2661 2662
3 2663 2595 2658
3 2663 2658 2661
3 2663 2596 2595
3 2663 2662 2596
3 2664 2596 2662
3 2664 2662 2592
3 2664 2592 2601
3 2665 2596 2664
3 2665 2664 2601
3 2665 2594 2596
3 2666 2665 2601
3 2666 2594 2665
3 2667 2666 2601
3 2668 2667 2597
3 2668 2597 2594
3 2668 2594 2666
3 2668 2666 2667
3 2669 2597 2667
3 2669 2599 2597
3 2669 2601 2599
3 2669 2667 2601
3 2670 2599 2600
3 2670 2598 2599
3 2671 2600 2602
3 2672 2670 2600
3 2672 2598 2670
3 2672 2600 2671
3 2673 2671 2602
3 2673 2598 2672
3 2673 2672 2671
3 2674 2673 2602
3 2674 2598 2673
3 2674 2602 2603
3 2675 2598 2674
3 2675 2674 2603
3 2675 2605 2598
3 2676 2603 2604
3 2676 2604 2677
3 2678 2603 2676
3 2678 2675 2603
3 2678 2605 2675
3 2679 2604 2602
3 2679 2677 2604
3 2679 2602 2552
3 2680 2677 2679
3 2680 2681 2677
3 2682 2676 2677
3 2682 2678 2676
3 2682 2605 2678
3 2683 2677 2681
3 2684 2682 2677
3 2684 2677 2683
3 2685 2679 2552
3 2686 2606 2605
3 2686 2605 2682
3 2686 2682 2684
3 2687 2685 2552
3 2687 2552 2608
3 2688 2683 2681
3 2688 2684 2683
3 2688 2606 2686
3 2688 2686 2684
3 2689 2612 2610
3 2689 2606 2688
3 2689 2610 2606
3 2690 2608 2607
3 2690 2611 2612
3 2691 2690 2607
3 2691 2611 2690
3 2692 2691 2607
3 2693 2616 2617
3 2693 2611 2691
3 2693 2692 2616
3 2693 2691 2692
3 2693 2617 2611
3 2694 2609 2614
3 2694 2607 2609
3 2694 2692 2607
3 2694 2616 2692
3 2695 2610 2611
3 2695 2539 2610
3 2696 2695 2611
3 2696 2617 2615
3 2696 2620 2539
3 2696 2615 2620
3 2696 2539 2695
3 2696 2611 2617
3 2697 2694 2614
3 2697 2616 2694
3 2698 2614 2613
3 2699 2700 2698
3 2699 2698 2613
3 2701 2616 2697
3 2701 2621 2616
3 2702 2701 2697
3 2702 2697 2614
3 2702 2621 2701
3 2703 2613 2619
3 2703 2699 2613
3 2703 2700 2699
3 2704 2614 2698
3 2704 2698 2700
3 2704 2702 2614
3 2704 2621 2702
3 2705 2703 2619
3 2705 2700 2703
3 2706 2625 2621
3 2706 2621 2704
3 2706 2704 2700
3 2707 2632 2705
3 2707 2705 2619
3 2708 2707 2619
3 2708 2619 2622
3 2709 2625 2706
3 2709 2706 2700
3 2710 2705 2632
3 2710 2700 2705
3 2710 2709 2700
3 2710 2625 2709
3 2710 2632 2625
3 2711 2618 2553
3 2711 2623 2618
3 2711 2624 2623
3 2711 2627 2624
3 2712 2632 2707
3 2712 2707 2708
3 2712 2708 2622
3 2713 2711 2553
3 2714 2627 2711
3 2714 2711 2713
3 2714 2713 2553
3 2714 2626 2627
3 2714 2553 2626
3 2715 2631 2632
3 2715 2716 2631
3 2715 2712 2622
3 2715 2632 2712
3 2717 2622 2624
3 2717 2624 2627
3 2718 2715 2622
3 2718 2716 2715
3 2718 2622 2717
3 2719 2717 2627
3 2719 2716 2718
3 2719 2718 2717
3 2720 2635 2716
3 2720 2628 2635
3 2720 2719 2627
3 2720 2627 2628
3 2720 2716 2719
3 2721 2634 2628
3 2721 2628 2626
3 2721 2626 2630
3 2722 2721 2630
3 2722 2634 2721
3 2723 2631 2716
3 2723 2716 2635
3 2723 2635 2540
3 2723 2540 2631
3 2724 2634 2722
3 2724 2722 2630
3 2724 2630 2629
3 2725 2629 2633
3 2725 2633 2638
3 2725 2641 2724
3 2725 2639 2641
3 2725 2638 2639
3 2725 2724 2629
3 2726 2724 2641
3 2726 2634 2724
3 2726 2636 2634
3 2727 2636 2726
3 2727 2642 2636
3 2728 2641 2643
3 2728 2727 2726
3 2728 2726 2641
3 2728 2646 2642
3 2728 2643 2646
3 2728 2642 2727
3 2729 2637 2560
3 2729 2645 2640
3 2729 2639 2637
3 2729 2560 2647
3 2729 2650 2645
3 2729 2647 2650
3 2729 2640 2639
3 2730 2562 2564
3 2730 2651 2652
3 2730 2564 2651
3 2731 2546 2545
3 2732 2730 2652
3 2733 2680 2679
3 2733 2679 2685
3 2734 2681 2680
3 2734 2688 2681
3 2734 2689 2688
3 2734 2680 2733
3 2735 2733 2685
3 2735 2685 2687
3 2736 2733 2735
3 2736 2689 2734
3 2736 2734 2733
3 2737 2689 2736
3 2737 2736 2735
3 2738 2612 2689
3 2738 2737 2735
3 2738 2689 2737
3 2739 2690 2612
3 2739 2608 2690
3 2739 2687 2608
3 2739 2735 2687
3 2739 2612 2738
3 2739 2738 2735
3 2740 2558 2549
3 2740 2559 2558
3 2741 2731 2740
3 2741 2740 2549
3 2741 2547 2546
3 2741 2546 2731
3 2742 2547 2741
3 2742 2548 2547
3 2742 2549 2548
3 2742 2741 2549
3 2743 2732 2652
3 2744 2732 2743
3 2745 2731 2545
3 2745 2732 2744
3 2745 2545 2544
3 2745 2744 2731
3 2746 2561 2562
3 2746 2541 2561
3 2746 2730 2732
3 2746 2562 2730
3 2747 2541 2746
3 2748 2542 2541
3 2748 2543 2542
3 2748 2541 2747
3 2749 2740 2731
3 2749 2743 2652
3 2749 2744 2743
3 2749 2652 2559
3 2749 2731 2744
3 2749 2559 2740
3 2750 2732 2745
3 2750 2746 2732
3 2750 2747 2746
3 2751 2544 2543
3 2751 2745 2544
3 2751 2750 2745
3 2751 2543 2748
3 2751 2748 2747
3 2751 2747 2750
3 2777 2752 2753
3 2761 2758 2759
3 2761 2759 2760
3 2770 2784 2783
3 2770 2769 2784
3 2771 2770 2783
3 2775 2774 2767
3 2776 2775 2767
3 2768 2776 2767
3 2785 2753 2754
3 2785 2754 2755
3 2785 2755 2756
3 2785 2756 2757
3 2785 2757 2758
3 2785 2761 2762
3 2785 2777 2753
3 2785 2758 2761
3 2786 2762 2763
3 2786 2763 2764
3 2786 2778 2777
3 2786 2779 2778
3 2786 2785 2762
3 2786 2777 2785
3 2787 2786 2764
3 2787 2764 2765
3 2787 2765 2766
3 2787 2780 2779
3 2787 2781 2780
3 2787 2779 2786
3 2788 2766 2767
3 2788 2772 2771
3 2788 2773 2772
3 2788 2774 2773
3 2788 2782 2781
3 2788 2783 2782
3 2788 2781 2787
3 2788 2787 2766
3 2788 2771 2783
3 2788 2767 2774
3 2816 2797 2813
3 2816 2817 2797
3 2818 2820 2819
3 2821 2822 2820
3 2821 2820 2818
3 2821 2824 2823
3 2821 2823 2822
3 2825 2824 2821
3 2825 2826 2824
3 2827 2826 2825
3 2827 2828 2826
3 2829 2828 2827
3 2830 2802 2801
3 2830 2828 2829
3 2831 2833 2832
3 2834 2789 2790
3 2834 2790 2791
3 2834 2791 2792
3 2834 2792 2835
3 2836 2835 2833
3 2836 2833 2831
3 2837 2834 2835
3 2837 2835 2836
3 2838 2832 2817
3 2838 2831 2832
3 2838 2836 2831
3 2838 2837 2836
3 2839 2789 2834
3 2839 2834 2837
3 2839 2837 2838
3 2840 2841 2816
3 2842 2798 2789
3 2842 2789 2839
3 2843 2844 2840
3 2843 2816 2813
3 2843 2840 2816
3 2845 2843 2813
3 2846 2798 2842
3 2847 2848 2813
3 2849 2813 2814
3 2849 2847 2813
3 2849 2850 2847
3 2851 2853 2852
3 2854 2855 2849
3 2854 2849 2814
3 2856 2799 2798
3 2856 2798 2851
3 2856 2851 2857
3 2858 2854 2859
3 2860 2799 2856
3 2860 2856 2861
3 2862 2863 2814
3 2864 2862 2814
3 2865 2814 2815
3 2865 2864 2814
3 2865 2866 2864
3 2867 2869 2868
3 2870 2871 2865
3 2870 2865 2815
3 2872 2800 2799
3 2872 2867 2873
3 2872 2799 2867
3 2874 2870 2875
3 2876 2800 2872
3 2876 2872 2877
3 2878 2801 2800
3 2878 2800 2879
3 2878 2879 2880
3 2881 2882 2815
3 2881 2815 2803
3 2883 2878 2884
3 2883 2801 2878
3 2885 2881 2803
3 2886 2887 2822
3 2886 2889 2888
3 2886 2888 2887
3 2890 2828 2830
3 2890 2830 2801
3 2891 2822 2823
3 2891 2886 2822
3 2891 2892 2889
3 2891 2893 2892
3 2891 2889 2886
3 2891 2890 2893
3 2894 2823 2824
3 2894 2824 2826
3 2894 2828 2890
3 2894 2826 2828
3 2894 2890 2891
3 2894 2891 2823
3 2895 2885 2803
3 2895 2896 2885
3 2895 2897 2896
3 2898 2895 2803
3 2898 2803 2804
3 2898 2804 2805
3 2899 2818 2897
3 2899 2897 2895
3 2899 2895 2898
3 2900 2827 2825
3 2900 2821 2818
3 2900 2825 2821
3 2900 2829 2827
3 2900 2818 2899
3 2901 2900 2899
3 2902 2900 2901
3 2903 2901 2899
3 2903 2902 2901
3 2904 2900 2902
3 2904 2902 2903
3 2905 2829 2900
3 2905 2900 2904
3 2905 2830 2829
3 2906 2830 2905
3 2906 2905 2904
3 2907 2906 2904
3 2908 2794 2795
3 2908 2795 2796
3 2908 2796 2797
3 2909 2908 2797
3 2910 2908 2909
3 2910 2832 2833
3 2911 2792 2793
3 2911 2793 2794
3 2911 2910 2833
3 2911 2908 2910
3 2911 2794 2908
3 2911 2835 2792
3 2911 2833 2835
3 2912 2832 2910
3 2912 2909 2797
3 2912 2910 2909
3 2912 2817 2832
3 2912 2797 2817
3 2913 2816 2841
3 2913 2838 2817
3 2913 2817 2816
3 2914 2838 2913
3 2914 2913 2841
3 2914 2839 2838
3 2914 2842 2839
3 2915 2842 2914
3 2915 2914 2841
3 2916 2915 2841
3 2916 2841 2840
3 2917 2842 2915
3 2917 2915 2916
3 2918 2840 2844
3 2918 2917 2916
3 2918 2916 2840
3 2919 2918 2844
3 2919 2842 2917
3 2919 2917 2918
3 2919 2846 2842
3 2920 2844 2843
3 2920 2846 2919
3 2920 2919 2844
3 2921 2843 2845
3 2921 2920 2843
3 2922 2846 2920
3 2922 2920 2921
3 2923 2846 2922
3 2923 2922 2921
3 2924 2923 2921
3 2924 2845 2925
3 2924 2921 2845
3 2926 2845 2813
3 2926 2925 2845
3 2926 2813 2927
3 2928 2923 2924
3 2928 2846 2923
3 2929 2928 2924
3 2929 2924 2925
3 2930 2846 2928
3 2930 2929 2931
3 2930 2931 2846
3 2930 2928 2929
3 2932 2798 2846
3 2932 2846 2931
3 2932 2933 2798
3 2934 2798 2933
3 2935 2798 2934
3 2936 2937 2848
3 2936 2848 2847
3 2938 2937 2936
3 2939 2937 2938
3 2939 2938 2940
3 2939 2941 2937
3 2939 2940 2941
3 2942 2941 2940
3 2943 2938 2936
3 2943 2940 2938
3 2943 2936 2847
3 2944 2798 2935
3 2944 2940 2853
3 2944 2853 2851
3 2944 2942 2940
3 2944 2851 2798
3 2944 2935 2942
3 2945 2943 2847
3 2946 2940 2943
3 2946 2853 2940
3 2946 2943 2945
3 2946 2945 2852
3 2946 2852 2853
3 2947 2945 2847
3 2947 2852 2945
3 2947 2847 2850
3 2948 2851 2852
3 2948 2852 2947
3 2948 2947 2850
3 2949 2851 2948
3 2949 2948 2850
3 2950 2850 2849
3 2951 2949 2850
3 2951 2850 2950
3 2952 2851 2949
3 2952 2949 2951
3 2952 2857 2851
3 2953 2955 2954
3 2956 2849 2855
3 2956 2955 2849
3 2956 2954 2955
3 2957 2953 2954
3 2957 2856 2857
3 2958 2954 2956
3 2959 2856 2957
3 2959 2957 2954
3 2959 2954 2958
3 2960 2855 2854
3 2961 2861 2856
3 2961 2962 2861
3 2963 2861 2962
3 2963 2960 2854
3 2963 2962 2960
3 2964 2861 2963
3 2964 2963 2854
3 2964 2854 2858
3 2965 2860 2861
3 2965 2861 2964
3 2965 2964 2858
3 2966 2858 2859
3 2966 2859 2967
3 2968 2858 2966
3 2968 2965 2858
3 2968 2860 2965
3 2969 2854 2814
3 2969 2859 2854
3 2969 2967 2859
3 2970 2966 2967
3 2970 2968 2966
3 2970 2860 2968
3 2971 2967 2969
3 2971 2972 2967
3 2973 2967 2972
3 2974 2970 2967
3 2974 2967 2973
3 2975 2970 2974
3 2975 2976 2860
3 2975 2860 2970
3 2977 2969 2814
3 2977 2971 2969
3 2978 2974 2973
3 2978 2976 2975
3 2978 2973 2972
3 2978 2975 2974
3 2979 2814 2863
3 2979 2977 2814
3 2980 2981 2863
3 2980 2863 2862
3 2982 2980 2862
3 2983 2799 2984
3 2985 2982 2862
3 2985 2862 2864
3 2986 2799 2983
3 2987 2982 2985
3 2988 2989 2982
3 2988 2982 2987
3 2988 2987 2990
3 2988 2990 2989
3 2991 2985 2864
3 2991 2987 2985
3 2991 2990 2987
3 2992 2989 2990
3 2993 2799 2986
3 2993 2990 2869
3 2993 2992 2990
3 2993 2986 2992
3 2993 2867 2799
3 2993 2869 2867
3 2994 2991 2864
3 2995 2869 2990
3 2995 2991 2994
3 2995 2994 2868
3 2995 2990 2991
3 2995 2868 2869
3 2996 2868 2994
3 2996 2864 2866
3 2996 2994 2864
3 2997 2868 2996
3 2997 2996 2866
3 2998 2868 2997
3 2998 2867 2868
3 2999 2997 2866
3 2999 2998 2997
3 2999 2867 2998
3 3000 2999 2866
3 3000 2866 3001
3 3002 2873 2867
3 3002 2867 2999
3 3002 2999 3000
3 3003 3005 3004
3 3006 3005 2865
3 3006 2865 2871
3 3006 3004 3005
3 3007 3003 3004
3 3007 2872 2873
3 3008 3004 3006
3 3009 3007 3004
3 3009 2872 3007
3 3009 3004 3008
3 3010 2871 2870
3 3011 3012 2877
3 3013 2877 3012
3 3013 3010 2870
3 3013 3012 3010
3 3014 3013 2870
3 3014 2870 2874
3 3015 3013 3014
3 3015 3014 2874
3 3015 2877 3013
3 3016 2876 2877
3 3016 3015 2874
3 3016 2877 3015
3 3017 3019 3018
3 3017 2870 2815
3 3017 2875 2870
3 3017 3018 2875
3 3020 2876 3016
3 3021 3017 2815
3 3022 3017 3021
3 3022 3019 3017
3 3023 3024 3018
3 3023 2876 3020
3 3023 3020 3024
3 3025 3018 3019
3 3025 3023 3018
3 3026 3021 2815
3 3026 3022 3021
3 3027 2815 3028
3 3027 3026 2815
3 3029 2876 3023
3 3029 3023 3025
3 3030 3025 3019
3 3030 3029 3025
3 3031 3030 3032
3 3031 3032 2876
3 3031 2876 3029
3 3031 3029 3030
3 3033 3032 3030
3 3034 3028 2815
3 3035 3034 2815
3 3035 3036 3034
3 3037 2815 2882
3 3037 2882 3038
3 3037 3035 2815
3 3037 3036 3035
3 3037 3039 3036
3 3037 3038 3039
3 3040 2876 3032
3 3040 3041 2800
3 3040 2800 2876
3 3042 3041 3043
3 3042 3044 3041
3 3045 3042 3036
3 3045 3036 3039
3 3046 3044 3042
3 3046 3042 3045
3 3047 3044 3046
3 3047 3046 3045
3 3048 3038 3049
3 3048 3045 3039
3 3048 3047 3045
3 3048 3039 3038
3 3050 3048 3049
3 3050 3047 3048
3 3051 3041 3044
3 3051 2879 2800
3 3051 2800 3041
3 3051 3044 2879
3 3052 2879 3044
3 3052 3044 3047
3 3052 3047 3050
3 3053 3050 3049
3 3053 2879 3052
3 3053 3052 3050
3 3054 3053 3049
3 3055 3053 3054
3 3055 3054 2880
3 3055 2880 2879
3 3055 2879 3053
3 3056 2880 3054
3 3056 3054 3049
3 3057 2880 3056
3 3058 3060 3059
3 3061 3057 3058
3 3061 2880 3057
3 3061 3058 3059
3 3061 2878 2880
3 3062 2882 2881
3 3062 3060 2882
3 3062 3059 3060
3 3063 3061 3059
3 3063 2878 3061
3 3064 3062 2881
3 3065 3063 3059
3 3065 2878 3063
3 3065 2884 2878
3 3066 3064 2881
3 3066 3067 3064
3 3068 3066 2881
3 3068 2881 3069
3 3070 3068 3069
3 3070 3066 3068
3 3071 3072 3070
3 3071 3070 3069
3 3073 3071 3069
3 3074 3073 3069
3 3075 3076 3073
3 3075 3074 3077
3 3075 3073 3074
3 3078 2801 2883
3 3078 2883 3079
3 3078 3079 3072
3 3080 3077 3074
3 3081 2801 3078
3 3081 3078 3076
3 3082 3076 3075
3 3082 3075 3077
3 3082 3081 3076
3 3083 3080 2885
3 3084 3082 3077
3 3084 2801 3081
3 3084 3081 3082
3 3085 3077 3080
3 3085 3080 3083
3 3086 3077 2888
3 3086 3084 3077
3 3086 2888 2889
3 3086 2801 3084
3 3086 2889 2892
3 3086 2892 2893
3 3086 2893 2890
3 3086 2890 2801
3 3087 3085 3083
3 3088 2885 2896
3 3089 2819 2820
3 3090 2897 2818
3 3090 2819 3089
3 3090 2896 2897
3 3090 3088 2896
3 3090 2818 2819
3 3090 3091 3088
3 3090 3089 3091
3 3092 2899 2898
3 3092 2903 2899
3 3092 2807 2903
3 3092 2805 2806
3 3092 2806 2807
3 3092 2898 2805
3 3093 2904 2903
3 3093 2903 2807
3 3093 2809 2907
3 3093 2807 2808
3 3093 2808 2809
3 3093 2907 2904
3 3094 2907 2809
3 3094 2906 2907
3 3095 2830 2906
3 3095 2906 3094
3 3095 2802 2830
3 3096 3094 2809
3 3096 2809 2810
3 3096 2810 2811
3 3096 2811 2812
3 3096 2812 2802
3 3096 3095 3094
3 3096 2802 3095
3 3097 2927 3098
3 3097 2925 2926
3 3097 2926 2927
3 3097 2929 2925
3 3099 2932 2931
3 3099 2933 2932
3 3099 3098 2933
3 3100 2941 2942
3 3100 2942 2935
3 3101 2950 2849
3 3101 3102 2950
3 3103 2849 2955
3 3103 3101 2849
3 3103 2955 2953
3 3104 3102 3101
3 3104 3101 3103
3 3104 3103 2953
3 3104 2953 3102
3 3105 2950 3102
3 3106 2950 3105
3 3106 2951 2950
3 3106 2952 2951
3 3106 2857 2952
3 3107 3105 3102
3 3107 2857 3106
3 3107 3106 3105
3 3107 3102 2953
3 3107 2953 2957
3 3107 2957 2857
3 3108 2956 2855
3 3108 2958 2956
3 3108 3109 2958
3 3110 2855 2960
3 3110 2960 2962
3 3110 3108 2855
3 3110 2962 2961
3 3111 3109 3108
3 3111 3108 3110
3 3111 3110 2961
3 3111 2961 3109
3 3112 2958 3109
3 3113 2958 3112
3 3113 2856 2959
3 3113 2959 2958
3 3114 3112 3109
3 3114 2856 3113
3 3114 3113 3112
3 3114 2961 2856
3 3114 3109 2961
3 3115 2971 2977
3 3115 2972 2971
3 3116 2977 2979
3 3116 3115 2977
3 3117 3116 2979
3 3117 2979 2863
3 3117 2863 2981
3 3118 2983 2984
3 3119 2981 2980
3 3119 3118 2981
3 3120 3119 2980
3 3121 3120 2980
3 3122 2983 3118
3 3122 2986 2983
3 3122 3118 3119
3 3122 3119 3120
3 3122 3120 3121
3 3123 2982 2989
3 3123 2989 2992
3 3123 3121 2980
3 3123 2980 2982
3 3124 2992 2986
3 3124 2986 3122
3 3124 3122 3121
3 3124 3123 2992
3 3124 3121 3123
3 3125 3001 2866
3 3125 2866 2865
3 3126 3127 3001
3 3126 3001 3125
3 3126 3003 3127
3 3128 2865 3005
3 3128 3125 2865
3 3128 3126 3125
3 3128 3005 3003
3 3128 3003 3126
3 3129 3000 3001
3 3129 2873 3002
3 3129 3002 3000
3 3130 3001 3127
3 3130 3129 3001
3 3130 3127 3003
3 3131 3003 3007
3 3131 3129 3130
3 3131 2873 3129
3 3131 3007 2873
3 3131 3130 3003
3 3132 3006 2871
3 3132 3008 3006
3 3133 3134 3008
3 3133 3008 3132
3 3135 3012 3011
3 3135 3011 3134
3 3135 2871 3010
3 3135 3132 2871
3 3135 3134 3133
3 3135 3010 3012
3 3135 3133 3132
3 3136 3008 3134
3 3136 2872 3009
3 3136 3009 3008
3 3137 3134 3011
3 3137 3136 3134
3 3138 3137 3011
3 3138 3136 3137
3 3138 2877 2872
3 3138 3011 2877
3 3138 2872 3136
3 3139 3018 3024
3 3139 3020 3016
3 3139 3024 3020
3 3139 2874 2875
3 3139 2875 3018
3 3139 3016 2874
3 3140 3022 3026
3 3141 3019 3022
3 3141 3033 3030
3 3141 3022 3140
3 3141 3030 3019
3 3142 3140 3026
3 3142 3026 3027
3 3143 3033 3141
3 3143 3140 3142
3 3143 3141 3140
3 3144 3143 3142
3 3144 3033 3143
3 3145 3144 3142
3 3145 3033 3144
3 3146 3043 3145
3 3146 3142 3027
3 3146 3145 3142
3 3146 3027 3028
3 3147 3028 3034
3 3147 3146 3028
3 3148 3147 3034
3 3148 3043 3146
3 3148 3042 3043
3 3148 3146 3147
3 3148 3034 3036
3 3148 3036 3042
3 3149 3032 3033
3 3149 3040 3032
3 3150 3043 3041
3 3150 3040 3149
3 3150 3041 3040
3 3151 3056 3049
3 3151 3058 3057
3 3151 3060 3058
3 3151 3038 2882
3 3151 3049 3038
3 3151 2882 3060
3 3151 3057 3056
3 3152 3065 3059
3 3152 2884 3065
3 3152 3059 3062
3 3153 3152 3062
3 3153 2884 3152
3 3154 3062 3064
3 3154 3153 3062
3 3154 3064 3067
3 3155 3153 3154
3 3155 2884 3153
3 3155 3154 3067
3 3156 2884 3155
3 3156 2883 2884
3 3156 3079 2883
3 3157 3155 3067
3 3157 3156 3155
3 3157 3079 3156
3 3158 3072 3079
3 3158 3157 3067
3 3158 3079 3157
3 3159 3158 3067
3 3159 3067 3066
3 3159 3070 3072
3 3159 3066 3070
3 3159 3072 3158
3 3160 3069 2881
3 3160 3074 3069
3 3160 3080 3074
3 3160 2885 3080
3 3160 2881 2885
3 3161 3072 3071
3 3161 3071 3073
3 3161 3073 3076
3 3161 3076 3078
3 3161 3078 3072
3 3162 3083 2885
3 3162 3087 3083
3 3162 2885 3088
3 3162 3088 3091
3 3162 3091 3089
3 3162 3089 3087
3 3163 2888 3077
3 3163 3077 3085
3 3163 2887 2888
3 3164 2820 2822
3 3164 3089 2820
3 3164 2822 2887
3 3164 3085 3087
3 3164 3087 3089
3 3164 3163 3085
3 3164 2887 3163
3 3165 2929 3097
3 3165 3099 2931
3 3165 3097 3098
3 3165 3098 3099
3 3165 2931 2929
3 3166 3098 2927
3 3167 3100 3166
3 3168 3167 2848
3 3168 2848 2937
3 3168 3100 3167
3 3168 2937 2941
3 3168 2941 3100
3 3169 2976 2978
3 3169 3115 3116
3 3169 2978 2972
3 3169 2972 3115
3 3170 3169 3116
3 3171 3170 3116
3 3172 3171 3116
3 3172 2984 3171
3 3172 3116 3117
3 3172 3117 2981
3 3172 3118 2984
3 3172 2981 3118
3 3173 3145 3043
3 3173 3033 3145
3 3173 3149 3033
3 3173 3043 3150
3 3173 3150 3149
3 3174 2813 2848
3 3174 2848 3167
3 3174 2927 2813
3 3174 3166 2927
3 3174 3167 3166
3 3175 3100 2935
3 3175 2933 3098
3 3175 2934 2933
3 3175 3098 3166
3 3175 3166 3100
3 3175 2935 2934
3 3176 2799 2860
3 3176 2860 2976
3 3176 2976 3169
3 3176 3169 3170
3 3177 2799 3176
3 3177 3176 3170
3 3177 3170 3171
3 3178 2799 3177
3 3178 3177 3171
3 3178 3171 2984
3 3178 2984 2799
3 3205 3179 3180
3 3205 3180 3181
3 3205 3181 3182
3 3205 3182 3183
3 3205 3183 3184
3 3205 3184 3185
3 3205 3185 3186
3 3205 3186 3187
3 3205 3187 3188
3 3205 3201 3179
3 3206 3205 3188
3 3206 3201 3205
3 3207 3188 3189
3 3208 3200 3204
3 3209 3200 3208
3 3209 3208 3210
3 3211 3191 3192
3 3212 3211 3192
3 3213 3214 3215
3 3213 3188 3207
3 3213 3207 3214
3 3213 3206 3188
3 3216 3202 3201
3 3216 3215 3214
3 3216 3201 3215
3 3217 3216 3214
3 3217 3214 3207
3 3218 3216 3217
3 3218 3202 3216
3 3219 3202 3218
3 3220 3202 3219
3 3220 3219 3221
3 3222 3223 3189
3 3224 3222 3189
3 3225 3224 3189
3 3226 3189 3190
3 3226 3225 3189
3 3226 3227 3225
3 3226 3228 3229
3 3226 3190 3228
3 3230 3231 3229
3 3232 3203 3202
3 3232 3202 3231
3 3232 3231 3230
3 3233 3203 3232
3 3233 3232 3234
3 3235 3228 3190
3 3236 3203 3237
3 3238 3203 3236
3 3239 3190 3191
3 3239 3240 3241
3 3242 3243 3244
3 3242 3239 3243
3 3245 3246 3244
3 3247 3204 3203
3 3247 3203 3238
3 3247 3238 3246
3 3247 3246 3245
3 3248 3249 3247
3 3250 3239 3191
3 3250 3243 3239
3 3251 3250 3191
3 3252 3253 3254
3 3255 3251 3191
3 3256 3204 3257
3 3256 3208 3204
3 3258 3254 3255
3 3259 3208 3256
3 3259 3256 3260
3 3259 3210 3208
3 3261 3191 3211
3 3261 3262 3191
3 3263 3259 3260
3 3263 3210 3259
3 3264 3260 3261
3 3264 3263 3260
3 3264 3261 3211
3 3264 3211 3265
3 3266 3210 3263
3 3266 3263 3264
3 3266 3264 3265
3 3267 3209 3210
3 3267 3210 3266
3 3267 3268 3209
3 3269 3266 3265
3 3269 3268 3267
3 3269 3267 3266
3 3270 3269 3265
3 3270 3211 3212
3 3270 3265 3211
3 3271 3268 3269
3 3271 3270 3212
3 3271 3269 3270
3 3272 3271 3212
3 3273 3206 3213
3 3273 3215 3201
3 3273 3213 3215
3 3273 3201 3206
3 3274 3217 3207
3 3274 3218 3217
3 3274 3219 3218
3 3274 3207 3189
3 3275 3220 3221
3 3275 3202 3220
3 3276 3221 3219
3 3276 3189 3223
3 3276 3223 3221
3 3276 3219 3274
3 3276 3274 3189
3 3277 3275 3221
3 3277 3202 3275
3 3278 3202 3277
3 3279 3221 3223
3 3279 3223 3222
3 3279 3277 3221
3 3279 3278 3277
3 3280 3222 3224
3 3280 3231 3202
3 3280 3279 3222
3 3280 3202 3278
3 3280 3278 3279
3 3281 3227 3226
3 3281 3231 3227
3 3282 3281 3226
3 3282 3231 3281
3 3283 3282 3226
3 3283 3231 3282
3 3283 3226 3229
3 3283 3229 3231
3 3284 3232 3230
3 3285 3230 3229
3 3285 3284 3230
3 3285 3229 3228
3 3286 3232 3284
3 3286 3284 3285
3 3286 3285 3228
3 3287 3232 3286
3 3287 3286 3228
3 3287 3234 3232
3 3287 3228 3234
3 3288 3234 3228
3 3288 3289 3233
3 3288 3233 3234
3 3288 3228 3235
3 3290 3288 3235
3 3290 3289 3288
3 3291 3289 3290
3 3291 3292 3289
3 3293 3203 3233
3 3293 3233 3289
3 3293 3289 3292
3 3293 3237 3203
3 3294 3290 3235
3 3294 3291 3290
3 3294 3292 3291
3 3295 3296 3297
3 3295 3237 3296
3 3295 3236 3237
3 3298 3236 3295
3 3298 3238 3236
3 3299 3298 3295
3 3300 3299 3295
3 3300 3301 3299
3 3300 3295 3297
3 3300 3297 3301
3 3302 3298 3299
3 3303 3297 3296
3 3303 3296 3304
3 3303 3304 3190
3 3305 3238 3298
3 3305 3298 3302
3 3306 3301 3297
3 3306 3297 3303
3 3307 3302 3299
3 3307 3299 3301
3 3307 3305 3302
3 3307 3301 3241
3 3307 3241 3240
3 3308 3303 3190
3 3308 3306 3303
3 3308 3301 3306
3 3308 3190 3239
3 3308 3241 3301
3 3308 3239 3241
3 3309 3238 3305
3 3309 3307 3240
3 3309 3305 3307
3 3309 3246 3238
3 3310 3239 3242
3 3310 3309 3240
3 3310 3246 3309
3 3310 3240 3239
3 3311 3246 3310
3 3311 3310 3242
3 3312 3246 3311
3 3312 3311 3242
3 3312 3244 3246
3 3312 3242 3244
3 3313 3245 3244
3 3313 3244 3243
3 3314 3245 3313
3 3314 3313 3243
3 3315 3248 3247
3 3315 3247 3245
3 3315 3245 3314
3 3315 3314 3243
3 3316 3243 3250
3 3316 3315 3243
3 3316 3248 3315
3 3317 3247 3249
3 3317 3249 3318
3 3317 3204 3247
3 3319 3318 3249
3 3319 3248 3316
3 3319 3249 3248
3 3320 3317 3318
3 3320 3318 3321
3 3322 3316 3250
3 3322 3319 3316
3 3323 3317 3320
3 3323 3204 3317
3 3324 3204 3323
3 3324 3323 3320
3 3324 3321 3254
3 3324 3254 3253
3 3324 3253 3204
3 3324 3320 3321
3 3325 3319 3322
3 3326 3321 3318
3 3327 3319 3325
3 3327 3326 3318
3 3327 3318 3319
3 3328 3325 3322
3 3328 3250 3251
3 3328 3327 3325
3 3328 3322 3250
3 3329 3326 3327
3 3329 3328 3251
3 3329 3327 3328
3 3329 3254 3321
3 3329 3321 3326
3 3329 3255 3254
3 3329 3251 3255
3 3330 3253 3252
3 3330 3252 3257
3 3330 3257 3204
3 3330 3204 3253
3 3331 3257 3252
3 3332 3254 3258
3 3332 3331 3252
3 3332 3252 3254
3 3333 3331 3332
3 3334 3331 3333
3 3334 3257 3331
3 3335 3332 3258
3 3335 3334 3333
3 3335 3333 3332
3 3335 3258 3262
3 3336 3255 3191
3 3336 3258 3255
3 3336 3191 3262
3 3336 3262 3258
3 3337 3261 3260
3 3337 3256 3257
3 3337 3257 3334
3 3337 3334 3335
3 3337 3335 3262
3 3337 3262 3261
3 3337 3260 3256
3 3338 3271 3272
3 3338 3268 3271
3 3338 3209 3268
3 3339 3209 3338
3 3339 3338 3272
3 3340 3196 3197
3 3340 3197 3198
3 3341 3272 3212
3 3341 3212 3192
3 3342 3341 3192
3 3342 3343 3341
3 3344 3192 3193
3 3344 3193 3194
3 3344 3342 3192
3 3344 3194 3343
3 3344 3343 3342
3 3345 3280 3224
3 3345 3224 3225
3 3345 3225 3227
3 3345 3227 3231
3 3345 3231 3280
3 3346 3293 3292
3 3347 3200 3209
3 3347 3198 3199
3 3347 3199 3200
3 3347 3348 3340
3 3347 3339 3348
3 3347 3340 3198
3 3347 3209 3339
3 3349 3272 3341
3 3349 3348 3339
3 3349 3339 3272
3 3349 3341 3343
3 3350 3348 3349
3 3350 3349 3343
3 3351 3194 3195
3 3351 3195 3196
3 3351 3340 3348
3 3351 3343 3194
3 3351 3196 3340
3 3351 3348 3350
3 3351 3350 3343
3 3352 3346 3292
3 3352 3292 3294
3 3352 3294 3235
3 3353 3346 3352
3 3353 3352 3235
3 3354 3304 3296
3 3355 3237 3293
3 3355 3293 3346
3 3355 3296 3237
3 3355 3346 3353
3 3355 3354 3296
3 3355 3353 3354
3 3356 3235 3190
3 3356 3190 3304
3 3356 3353 3235
3 3356 3304 3354
3 3356 3354 3353
3 3358 3357 3384
3 3358 3384 3385
3 3386 3358 3385
3 3359 3358 3386
3 3366 3364 3363
3 3366 3365 3364
3 3367 3363 3362
3 3367 3366 3363
3 3377 3396 3397
3 3377 3397 3398
3 3377 3398 3376
3 3378 3396 3377
3 3373 3372 3381
3 3373 3381 3382
3 3383 3373 3382
3 3374 3373 3383
3 3375 3374 3383
3 3399 3360 3359
3 3399 3361 3360
3 3399 3362 3361
3 3399 3368 3367
3 3399 3386 3387
3 3399 3387 3388
3 3399 3359 3386
3 3399 3367 3362
3 3400 3369 3368
3 3400 3370 3369
3 3400 3368 3399
3 3400 3388 3389
3 3400 3389 3390
3 3400 3390 3391
3 3400 3391 3392
3 3400 3392 3393
3 3400 3399 3388
3 3401 3371 3370
3 3401 3372 3371
3 3401 3393 3394
3 3401 3394 3395
3 3401 3395 3396
3 3401 3400 3393
3 3401 3370 3400
3 3402 3396 3378
3 3402 3381 3372
3 3402 3378 3379
3 3402 3379 3380
3 3402 3380 3381
3 3402 3401 3396
3 3402 3372 3401
3 3412 3410 3411
3 3413 3410 3412
3 3414 3410 3413
3 3415 3410 3414
3 3427 3445 3444
3 3427 3426 3445
3 3416 3410 3415
3 3417 3410 3416
3 3421 3432 3420
3 3433 3432 3421
3 3422 3433 3421
3 3423 3433 3422
3 3424 3433 3423
3 3425 3433 3424
3 3446 3406 3407
3 3447 3429 3428
3 3447 3430 3429
3 3448 3403 3404
3 3448 3434 3403
3 3448 3435 3434
3 3449 3436 3435
3 3449 3437 3436
3 3449 3435 3448
3 3450 3404 3405
3 3450 3448 3404
3 3450 3449 3448
3 3451 3449 3450
3 3451 3437 3449
3 3452 3451 3450
3 3452 3450 3405
3 3453 3451 3452
3 3453 3438 3437
3 3453 3439 3438
3 3453 3437 3451
3 3454 3439 3453
3 3454 3440 3439
3 3455 3453 3452
3 3456 3405 3406
3 3456 3406 3446
3 3456 3452 3405
3 3456 3446 3457
3 3458 3453 3455
3 3458 3454 3453
3 3459 3454 3458
3 3460 3440 3454
3 3460 3441 3440
3 3460 3454 3459
3 3461 3441 3460
3 3461 3442 3441
3 3462 3460 3459
3 3463 3443 3442
3 3463 3442 3461
3 3464 3457 3465
3 3464 3462 3459
3 3466 3460 3462
3 3466 3461 3460
3 3466 3462 3464
3 3467 3407 3408
3 3467 3446 3407
3 3467 3457 3446
3 3468 3466 3464
3 3468 3463 3461
3 3468 3461 3466
3 3469 3457 3467
3 3469 3467 3408
3 3470 3463 3468
3 3471 3447 3428
3 3471 3472 3447
3 3471 3428 3427
3 3471 3443 3463
3 3471 3444 3443
3 3471 3463 3470
3 3471 3427 3444
3 3473 3408 3409
3 3473 3409 3410
3 3473 3417 3418
3 3473 3469 3408
3 3473 3410 3417
3 3474 3468 3464
3 3474 3464 3465
3 3474 3465 3472
3 3474 3470 3468
3 3474 3471 3470
3 3474 3472 3471
3 3475 3457 3469
3 3475 3469 3473
3 3476 3465 3457
3 3476 3457 3475
3 3477 3476 3475
3 3478 3473 3418
3 3478 3418 3419
3 3478 3475 3473
3 3478 3477 3475
3 3479 3476 3477
3 3479 3477 3478
3 3480 3447 3472
3 3480 3472 3465
3 3480 3465 3476
3 3480 3476 3479
3 3481 3480 3479
3 3482 3420 3432
3 3482 3431 3430
3 3482 3432 3431
3 3482 3481 3420
3 3482 3430 3447
3 3482 3447 3480
3 3482 3480 3481
3 3483 3455 3452
3 3483 3456 3457
3 3483 3464 3459
3 3483 3459 3458
3 3483 3457 3464
3 3483 3452 3456
3 3483 3458 3455
3 3484 3419 3420
3 3484 3420 3481
3 3484 3481 3479
3 3484 3478 3419
3 3484 3479 3478
3 3486 3509 3485
3 3486 3510 3509
3 3511 3510 3486
3 3502 3516 3515
3 3502 3501 3516
3 3494 3492 3493
3 3499 3507 3498
3 3508 3507 3499
3 3500 3508 3499
3 3517 3487 3488
3 3517 3488 3489
3 3518 3504 3503
3 3518 3505 3504
3 3519 3486 3487
3 3519 3512 3511
3 3519 3513 3512
3 3519 3511 3486
3 3519 3517 3520
3 3519 3487 3517
3 3521 3503 3502
3 3521 3514 3513
3 3521 3515 3514
3 3521 3520 3518
3 3521 3513 3519
3 3521 3502 3515
3 3521 3518 3503
3 3521 3519 3520
3 3522 3489 3490
3 3522 3520 3517
3 3522 3517 3489
3 3523 3522 3490
3 3524 3490 3491
3 3524 3491 3492
3 3524 3494 3495
3 3524 3495 3496
3 3524 3492 3494
3 3524 3523 3490
3 3525 3506 3505
3 3525 3518 3520
3 3525 3505 3518
3 3526 3496 3497
3 3526 3522 3523
3 3526 3520 3522
3 3526 3525 3520
3 3526 3523 3524
3 3526 3524 3496
3 3527 3497 3498
3 3527 3507 3506
3 3527 3525 3526
3 3527 3526 3497
3 3527 3506 3525
3 3527 3498 3507
3 3544 3529 3528
3 3544 3528 3545
3 3543 3529 3544
3 3542 3530 3529
3 3542 3529 3543
3 3541 3531 3530
3 3541 3530 3542
3 3540 3532 3531
3 3540 3531 3541
3 3539 3533 3532
3 3539 3532 3540
3 3538 3534 3533
3 3538 3535 3534
3 3538 3533 3539
3 3537 3536 3535
3 3537 3535 3538
3 3562 3547 3546
3 3562 3546 3554
3 3561 3562 3554
3 3560 3554 3553
3 3560 3561 3554
3 3559 3553 3552
3 3559 3560 3553
3 3558 3552 3551
3 3558 3559 3552
3 3557 3551 3550
3 3557 3558 3551
3 3556 3550 3549
3 3556 3557 3550
3 3555 3549 3548
3 3555 3556 3549
3 3564 3563 3585
3 3578 3595 3577
3 3596 3567 3566
3 3597 3580 3581
3 3598 3565 3564
3 3598 3585 3586
3 3598 3564 3585
3 3599 3586 3587
3 3599 3587 3588
3 3599 3588 3589
3 3599 3589 3590
3 3599 3598 3586
3 3600 3598 3599
3 3601 3565 3598
3 3601 3598 3600
3 3602 3590 3591
3 3602 3601 3600
3 3602 3599 3590
3 3602 3600 3599
3 3603 3591 3592
3 3603 3602 3591
3 3604 3601 3602
3 3605 3565 3601
3 3605 3566 3565
3 3605 3606 3596
3 3605 3596 3566
3 3605 3601 3604
3 3607 3602 3603
3 3607 3604 3602
3 3608 3607 3603
3 3609 3592 3593
3 3609 3603 3592
3 3610 3603 3609
3 3610 3608 3603
3 3611 3578 3579
3 3611 3593 3594
3 3611 3594 3595
3 3611 3609 3593
3 3611 3595 3578
3 3612 3596 3606
3 3612 3567 3596
3 3613 3610 3609
3 3614 3607 3608
3 3614 3610 3613
3 3614 3604 3607
3 3614 3606 3605
3 3614 3605 3604
3 3614 3608 3610
3 3614 3615 3606
3 3616 3568 3567
3 3616 3612 3606
3 3616 3567 3612
3 3617 3609 3611
3 3617 3613 3609
3 3617 3611 3579
3 3618 3568 3616
3 3619 3569 3568
3 3619 3570 3569
3 3619 3571 3570
3 3619 3568 3618
3 3620 3614 3613
3 3620 3579 3580
3 3620 3613 3617
3 3620 3617 3579
3 3620 3580 3597
3 3620 3597 3615
3 3620 3615 3614
3 3621 3572 3571
3 3621 3571 3619
3 3621 3619 3618
3 3622 3618 3616
3 3623 3616 3606
3 3623 3622 3616
3 3623 3606 3615
3 3624 3622 3623
3 3625 3573 3572
3 3625 3572 3621
3 3625 3621 3618
3 3625 3618 3622
3 3625 3622 3624
3 3626 3624 3623
3 3627 3626 3623
3 3628 3581 3582
3 3628 3597 3581
3 3628 3615 3597
3 3628 3623 3615
3 3628 3627 3623
3 3629 3574 3573
3 3629 3573 3625
3 3629 3625 3624
3 3629 3624 3626
3 3629 3626 3627
3 3630 3582 3583
3 3630 3627 3628
3 3630 3629 3627
3 3630 3628 3582
3 3631 3575 3574
3 3631 3576 3575
3 3631 3583 3584
3 3631 3584 3576
3 3631 3629 3630
3 3631 3630 3583
3 3631 3574 3629
3 3632 3633 3634
3 3674 3673 3632
3 3675 3674 3632
3 3676 3675 3632
3 3677 3676 3632
3 3678 3677 3632
3 3679 3678 3632
3 3680 3679 3632
3 3681 3680 3632
3 3682 3681 3632
3 3683 3682 3632
3 3672 3634 3635
3 3672 3632 3634
3 3672 3683 3632
3 3664 3653 3665
3 3663 3653 3664
3 3662 3653 3663
3 3661 3653 3662
3 3660 3653 3661
3 3649 3650 3651
3 3659 3653 3660
3 3658 3653 3659
3 3657 3653 3658
3 3656 3653 3657
3 3655 3653 3656
3 3654 3653 3655
3 3654 3652 3653
3 3670 3649 3651
3 3670 3648 3649
3 3670 3651 3652
3 3670 3652 3654
3 3669 3642 3643
3 3669 3643 3644
3 3669 3648 3670
3 3669 3644 3645
3 3669 3645 3646
3 3669 3646 3647
3 3669 3647 3648
3 3671 3635 3636
3 3671 3636 3637
3 3671 3637 3638
3 3671 3672 3635
3 3668 3638 3639
3 3668 3639 3640
3 3668 3640 3641
3 3668 3641 3642
3 3668 3671 3638
3 3668 3642 3669
3 3667 3671 3668
3 3666 3671 3667
3 3685 3686 3684
3 3692 3691 3690
3 3689 3692 3690
3 3688 3689 3687
3 3688 3692 3689
3 3707 3706 3705
3 3718 3694 3719
3 3717 3694 3718
3 3716 3715 3694
3 3716 3694 3717
3 3720 3702 3701
3 3721 3701 3700
3 3722 3703 3702
3 3722 3704 3703
3 3722 3705 3704
3 3722 3707 3705
3 3723 3702 3720
3 3723 3722 3702
3 3724 3723 3720
3 3724 3720 3701
3 3724 3701 3721
3 3725 3727 3726
3 3728 3727 3725
3 3729 3708 3707
3 3730 3732 3731
3 3733 3732 3730
3 3734 3725 3726
3 3734 3729 3735
3 3734 3735 3728
3 3734 3726 3727
3 3734 3728 3725
3 3734 3727 3732
3 3736 3732 3733
3 3736 3734 3732
3 3737 3736 3733
3 3737 3730 3731
3 3737 3732 3727
3 3737 3731 3732
3 3737 3733 3730
3 3737 3734 3736
3 3738 3734 3737
3 3739 3734 3738
3 3739 3708 3729
3 3739 3729 3734
3 3740 3739 3738
3 3741 3739 3740
3 3742 3693 3694
3 3742 3743 3740
3 3744 3713 3712
3 3745 3742 3694
3 3745 3713 3744
3 3746 3745 3694
3 3747 3745 3746
3 3747 3713 3745
3 3748 3713 3747
3 3748 3746 3694
3 3748 3747 3746
3 3748 3694 3715
3 3749 3714 3713
3 3749 3715 3714
3 3749 3713 3748
3 3749 3748 3715
3 3750 3695 3693
3 3750 3696 3695
3 3751 3750 3752
3 3753 3750 3751
3 3754 3697 3696
3 3754 3698 3697
3 3754 3750 3753
3 3754 3696 3750
3 3755 3699 3698
3 3755 3700 3699
3 3755 3698 3754
3 3756 3750 3693
3 3757 3752 3750
3 3757 3751 3752
3 3757 3750 3756
3 3758 3757 3759
3 3760 3757 3758
3 3761 3754 3753
3 3761 3755 3754
3 3761 3753 3751
3 3762 3751 3757
3 3762 3757 3760
3 3762 3761 3751
3 3763 3757 3756
3 3763 3759 3757
3 3763 3758 3759
3 3763 3760 3758
3 3763 3729 3761
3 3763 3762 3760
3 3763 3761 3762
3 3764 3737 3727
3 3764 3742 3740
3 3764 3693 3742
3 3764 3727 3728
3 3764 3728 3735
3 3764 3756 3693
3 3764 3740 3738
3 3764 3763 3756
3 3764 3738 3737
3 3765 3740 3743
3 3765 3741 3740
3 3765 3739 3741
3 3765 3708 3739
3 3766 3765 3743
3 3766 3708 3765
3 3767 3743 3742
3 3767 3766 3743
3 3768 3767 3742
3 3769 3710 3709
3 3769 3709 3767
3 3769 3767 3768
3 3770 3710 3769
3 3770 3768 3742
3 3770 3769 3768
3 3771 3770 3742
3 3771 3711 3710
3 3771 3710 3770
3 3772 3711 3771
3 3772 3771 3742
3 3773 3772 3742
3 3773 3712 3711
3 3773 3744 3712
3 3773 3711 3772
3 3773 3745 3744
3 3773 3742 3745
3 3774 3722 3723
3 3774 3707 3722
3 3774 3723 3724
3 3774 3724 3721
3 3775 3707 3774
3 3775 3774 3721
3 3775 3700 3755
3 3775 3721 3700
3 3775 3755 3761
3 3775 3761 3729
3 3775 3729 3707
3 3776 3729 3763
3 3776 3763 3764
3 3777 3776 3764
3 3777 3729 3776
3 3778 3777 3764
3 3778 3729 3777
3 3778 3735 3729
3 3778 3764 3735
3 3779 3709 3708
3 3779 3708 3766
3 3779 3767 3709
3 3779 3766 3767
3 3787 3785 3784
3 3787 3786 3785
3 3783 3787 3784
3 3781 3782 3780
3 3781 3783 3782
3 3781 3787 3783
3 3814 3788 3789
3 3815 3805 3804
3 3815 3804 3816
3 3817 3791 3792
3 3818 3817 3792
3 3819 3792 3793
3 3819 3806 3805
3 3819 3807 3806
3 3819 3808 3807
3 3819 3809 3808
3 3819 3810 3809
3 3819 3811 3810
3 3819 3812 3811
3 3819 3813 3812
3 3819 3793 3813
3 3819 3818 3792
3 3819 3805 3818
3 3820 3797 3798
3 3821 3797 3820
3 3822 3814 3823
3 3824 3820 3822
3 3825 3797 3821
3 3825 3794 3795
3 3825 3795 3796
3 3825 3796 3797
3 3826 3820 3824
3 3826 3821 3820
3 3827 3821 3826
3 3827 3825 3821
3 3828 3826 3824
3 3828 3822 3823
3 3828 3824 3822
3 3829 3794 3825
3 3829 3826 3828
3 3829 3827 3826
3 3829 3825 3827
3 3830 3831 3823
3 3830 3814 3789
3 3830 3823 3814
3 3832 3794 3829
3 3832 3802 3794
3 3832 3829 3828
3 3833 3830 3789
3 3834 3833 3789
3 3835 3834 3789
3 3835 3836 3834
3 3837 3802 3832
3 3837 3832 3831
3 3838 3802 3837
3 3839 3802 3838
3 3839 3838 3836
3 3840 3841 3802
3 3840 3839 3836
3 3840 3802 3839
3 3840 3836 3842
3 3843 3845 3844
3 3846 3789 3790
3 3846 3844 3789
3 3846 3790 3847
3 3846 3847 3848
3 3846 3843 3844
3 3849 3803 3802
3 3849 3802 3841
3 3849 3841 3848
3 3850 3803 3849
3 3850 3849 3851
3 3852 3803 3850
3 3852 3850 3851
3 3853 3803 3852
3 3854 3803 3853
3 3854 3853 3855
3 3856 3857 3790
3 3856 3855 3857
3 3858 3856 3790
3 3859 3790 3791
3 3859 3791 3860
3 3859 3860 3861
3 3859 3858 3790
3 3862 3861 3863
3 3862 3859 3861
3 3862 3858 3859
3 3864 3804 3803
3 3864 3861 3860
3 3864 3863 3861
3 3864 3803 3863
3 3865 3864 3860
3 3865 3804 3864
3 3865 3816 3804
3 3866 3816 3791
3 3866 3815 3816
3 3866 3867 3815
3 3866 3791 3817
3 3866 3817 3867
3 3868 3805 3815
3 3868 3815 3867
3 3868 3867 3817
3 3868 3818 3805
3 3868 3817 3818
3 3869 3822 3820
3 3869 3814 3822
3 3869 3801 3788
3 3869 3788 3814
3 3870 3869 3820
3 3870 3798 3799
3 3870 3799 3800
3 3870 3800 3801
3 3870 3801 3869
3 3870 3820 3798
3 3871 3828 3823
3 3871 3832 3828
3 3872 3832 3871
3 3872 3871 3823
3 3873 3832 3872
3 3873 3872 3823
3 3873 3831 3832
3 3873 3823 3831
3 3874 3837 3831
3 3874 3830 3833
3 3874 3831 3830
3 3875 3874 3833
3 3876 3875 3833
3 3876 3834 3836
3 3876 3836 3838
3 3876 3833 3834
3 3877 3874 3875
3 3877 3876 3838
3 3877 3838 3837
3 3877 3875 3876
3 3877 3837 3874
3 3878 3835 3789
3 3878 3845 3842
3 3878 3836 3835
3 3878 3842 3836
3 3878 3789 3844
3 3878 3844 3845
3 3879 3841 3840
3 3879 3842 3845
3 3879 3840 3842
3 3879 3843 3841
3 3879 3845 3843
3 3880 3848 3841
3 3880 3846 3848
3 3880 3841 3843
3 3880 3843 3846
3 3881 3848 3847
3 3881 3849 3848
3 3882 3849 3881
3 3882 3851 3849
3 3882 3847 3851
3 3882 3881 3847
3 3883 3847 3790
3 3883 3851 3847
3 3883 3852 3851
3 3883 3853 3852
3 3884 3855 3853
3 3884 3853 3883
3 3884 3883 3790
3 3885 3855 3884
3 3885 3884 3790
3 3885 3790 3857
3 3885 3857 3855
3 3886 3803 3854
3 3886 3854 3855
3 3887 3886 3855
3 3887 3803 3886
3 3887 3855 3856
3 3888 3863 3803
3 3888 3887 3856
3 3888 3803 3887
3 3888 3856 3858
3 3888 3862 3863
3 3888 3858 3862
3 3889 3816 3865
3 3889 3860 3791
3 3889 3791 3816
3 3889 3865 3860
3 3891 3898 3890
3 3900 3897 3898
3 3900 3898 3891
3 3901 3896 3897
3 3901 3897 3900
3 3902 3895 3896
3 3902 3896 3901
3 3903 3894 3895
3 3903 3895 3902
3 3904 3893 3894
3 3904 3894 3903
3 3905 3892 3893
3 3905 3893 3904
3 3899 3892 3905
3 3909 3908 3907
3 3910 3909 3907
3 3911 3910 3907
3 3912 3911 3907
3 3913 3912 3907
3 3914 3913 3907
3 3915 3914 3907
3 3916 3915 3907
3 3917 3916 3907
3 3918 3907 3906
3 3918 3917 3907
3 3923 3918 3906
3 3922 3923 3906
3 3921 3922 3906
3 3919 3920 3924
3 3924 3920 3906
3 3920 3921 3906
3 3927 3926 3925
3 3927 3925 3928
3 3930 3931 3929
3 3952 3932 3931
3 3952 3931 3930
3 3951 3933 3932
3 3951 3932 3952
3 3950 3934 3933
3 3950 3933 3951
3 3949 3935 3934
3 3949 3934 3950
3 3948 3936 3935
3 3948 3935 3949
3 3947 3937 3936
3 3947 3936 3948
3 3946 3938 3937
3 3946 3937 3947
3 3945 3939 3938
3 3945 3938 3946
3 3944 3940 3939
3 3944 3939 3945
3 3943 3941 3940
3 3943 3942 3941
3 3943 3940 3944
3 3953 3962 3961
3 3954 3963 3962
3 3954 3962 3953
3 3955 3964 3963
3 3955 3963 3954
3 3956 3965 3964
3 3956 3964 3955
3 3957 3966 3965
3 3957 3965 3956
3 3958 3967 3966
3 3958 3966 3957
3 3959 3968 3967
3 3959 3967 3958
3 3960 3969 3968
3 3960 3968 3959
3 3972 3971 3970
3 3972 3970 3973
3 3976 3981 3988
3 3977 3987 3986
3 3977 3988 3987
3 3977 3976 3988
3 3978 3985 3984
3 3978 3986 3985
3 3978 3977 3986
3 3979 3984 3983
3 3979 3978 3984
3 3980 3982 3974
3 3980 3983 3982
3 3980 3979 3983
3 3975 3980 3974
3 3990 3989 4016
3 3990 4016 4017
3 4009 4026 4008
3 4007 4006 4015
3 4027 3993 3992
3 4028 4011 4012
3 4029 3991 3990
3 4029 3992 3991
3 4029 4027 3992
3 4030 4017 4018
3 4030 3990 4017
3 4030 4029 3990
3 4031 4029 4030
3 4031 4027 4029
3 4031 4030 4018
3 4032 4018 4019
3 4032 4031 4018
3 4033 4034 4027
3 4033 4027 4031
3 4035 4034 4033
3 4035 4033 4031
3 4035 4031 4032
3 4036 4034 4035
3 4036 4035 4032
3 4037 3993 4027
3 4037 3994 3993
3 4037 3995 3994
3 4038 4032 4019
3 4038 4019 4020
3 4038 4036 4032
3 4039 4036 4038
3 4040 4020 4021
3 4040 4038 4020
3 4041 4042 4034
3 4041 4036 4039
3 4041 4034 4036
3 4043 4044 4037
3 4043 4027 4034
3 4043 4037 4027
3 4045 3996 3995
3 4045 4037 4044
3 4045 4044 3999
3 4045 3995 4037
3 4046 4038 4040
3 4046 4042 4041
3 4046 4041 4039
3 4046 4039 4038
3 4047 4021 4022
3 4047 4040 4021
3 4048 3997 3996
3 4048 3998 3997
3 4048 3999 3998
3 4048 4045 3999
3 4048 3996 4045
3 4049 4040 4047
3 4049 4046 4040
3 4049 4042 4046
3 4050 4044 4043
3 4051 4049 4047
3 4052 4043 4034
3 4052 4050 4043
3 4053 4022 4023
3 4053 4051 4047
3 4053 4047 4022
3 4054 4000 3999
3 4054 3999 4044
3 4054 4044 4050
3 4054 4050 4052
3 4055 4053 4023
3 4055 4023 4024
3 4055 4024 4025
3 4055 4025 4026
3 4055 4026 4009
3 4056 4052 4034
3 4057 4051 4053
3 4058 4042 4049
3 4058 4049 4051
3 4058 4051 4057
3 4059 4001 4000
3 4059 4000 4054
3 4059 4054 4052
3 4059 4052 4056
3 4060 4034 4042
3 4060 4056 4034
3 4061 4053 4055
3 4061 4055 4009
3 4062 4056 4060
3 4063 4028 4058
3 4063 4057 4053
3 4063 4058 4057
3 4063 4053 4061
3 4064 4002 4001
3 4064 4001 4059
3 4064 4059 4056
3 4064 4056 4062
3 4065 4011 4028
3 4065 4063 4061
3 4065 4009 4010
3 4065 4010 4011
3 4065 4061 4009
3 4065 4028 4063
3 4066 4060 4042
3 4066 4062 4060
3 4066 4064 4062
3 4067 4066 4042
3 4068 4003 4002
3 4068 4002 4064
3 4068 4064 4066
3 4068 4066 4067
3 4069 4058 4028
3 4069 4042 4058
3 4069 4067 4042
3 4070 4067 4069
3 4071 4067 4070
3 4071 4004 4003
3 4071 4003 4068
3 4071 4068 4067
3 4072 4071 4070
3 4072 4004 4071
3 4072 4070 4069
3 4073 4069 4028
3 4073 4072 4069
3 4073 4012 4013
3 4073 4013 4014
3 4073 4028 4012
3 4074 4004 4072
3 4074 4072 4073
3 4074 4073 4014
3 4074 4015 4006
3 4074 4005 4004
3 4074 4006 4005
3 4074 4014 4015
3 4092 4075 4076
3 4092 4084 4075
3 4091 4083 4084
3 4091 4084 4092
3 4090 4082 4083
3 4090 4083 4091
3 4089 4081 4082
3 4089 4082 4090
3 4088 4080 4081
3 4088 4081 4089
3 4087 4079 4080
3 4087 4080 4088
3 4086 4078 4079
3 4086 4079 4087
3 4085 4077 4078
3 4085 4078 4086
3 4094 4093 4118
3 4094 4118 4119
3 4120 4094 4119
3 4095 4120 4121
3 4095 4094 4120
3 4102 4099 4098
3 4102 4100 4099
3 4102 4101 4100
3 4111 4127 4110
3 4103 4102 4098
3 4112 4127 4111
3 4116 4107 4115
3 4108 4107 4116
3 4117 4108 4116
3 4109 4108 4117
3 4128 4096 4095
3 4128 4097 4096
3 4128 4098 4097
3 4128 4095 4121
3 4128 4103 4098
3 4129 4104 4103
3 4129 4105 4104
3 4129 4121 4122
3 4129 4122 4123
3 4129 4123 4124
3 4129 4124 4125
3 4129 4128 4121
3 4129 4103 4128
3 4130 4115 4107
3 4130 4106 4105
3 4130 4107 4106
3 4130 4125 4126
3 4130 4126 4127
3 4130 4127 4112
3 4130 4105 4129
3 4130 4129 4125
3 4131 4112 4113
3 4131 4113 4114
3 4131 4114 4115
3 4131 4115 4130
3 4131 4130 4112
3 4156 4133 4132
3 4156 4134 4133
3 4141 4138 4137
3 4141 4139 4138
3 4141 4140 4139
3 4149 4163 4148
3 4150 4163 4149
3 4154 4146 4153
3 4155 4146 4154
3 4147 4146 4155
3 4164 4135 4134
3 4164 4136 4135
3 4164 4137 4136
3 4164 4156 4157
3 4164 4134 4156
3 4164 4141 4137
3 4165 4143 4142
3 4165 4144 4143
3 4165 4158 4159
3 4166 4145 4144
3 4166 4161 4162
3 4167 4146 4145
3 4167 4150 4151
3 4167 4151 4152
3 4167 4152 4153
3 4167 4162 4163
3 4167 4166 4162
3 4167 4163 4150
3 4167 4153 4146
3 4167 4145 4166
3 4168 4142 4141
3 4168 4157 4158
3 4168 4165 4142
3 4168 4158 4165
3 4168 4141 4164
3 4168 4164 4157
3 4169 4159 4160
3 4169 4160 4161
3 4169 4161 4166
3 4169 4144 4165
3 4169 4165 4159
3 4169 4166 4144
3 4180 4177 4178
3 4181 4175 4176
3 4181 4176 4177
3 4181 4177 4180
3 4182 4174 4175
3 4182 4175 4181
3 4183 4173 4174
3 4183 4174 4182
3 4184 4172 4173
3 4184 4173 4183
3 4185 4171 4172
3 4185 4172 4184
3 4186 4171 4185
3 4187 4170 4171
3 4187 4171 4186
3 4179 4170 4187
3 4204 4195 4196
3 4204 4196 4205
3 4203 4194 4195
3 4203 4195 4204
3 4202 4193 4194
3 4202 4194 4203
3 4201 4192 4193
3 4201 4193 4202
3 4200 4191 4192
3 4200 4192 4201
3 4199 4190 4191
3 4199 4191 4200
3 4198 4188 4189
3 4198 4189 4190
3 4198 4190 4199
3 4197 4188 4198
3 4207 4233 4206
3 4207 4234 4233
3 4215 4211 4212
3 4215 4212 4213
3 4215 4213 4214
3 4226 4242 4241
3 4226 4225 4242
3 4227 4226 4241
3 4231 4230 4222
3 4223 4231 4222
3 4232 4231 4223
3 4224 4232 4223
3 4243 4207 4208
3 4243 4208 4209
3 4243 4209 4210
3 4243 4210 4211
3 4243 4215 4216
3 4243 4216 4217
3 4243 4235 4234
3 4243 4234 4207
3 4243 4211 4215
3 4244 4243 4217
3 4244 4235 4243
3 4244 4217 4218
3 4244 4218 4219
3 4244 4236 4235
3 4244 4237 4236
3 4245 4219 4220
3 4245 4220 4221
3 4245 4238 4237
3 4245 4239 4238
3 4245 4240 4239
3 4245 4244 4219
3 4245 4237 4244
3 4246 4222 4230
3 4246 4221 4222
3 4246 4228 4227
3 4246 4229 4228
3 4246 4230 4229
3 4246 4241 4240
3 4246 4240 4245
3 4246 4227 4241
3 4246 4245 4221
3 4271 4248 4247
3 4256 4253 4252
3 4256 4254 4253
3 4256 4255 4254
3 4264 4277 4263
3 4265 4277 4264
3 4269 4261 4268
3 4270 4261 4269
3 4262 4261 4270
3 4278 4249 4248
3 4278 4250 4249
3 4278 4251 4250
3 4278 4252 4251
3 4278 4257 4256
3 4278 4248 4271
3 4278 4256 4252
3 4279 4272 4273
3 4280 4260 4259
3 4280 4274 4275
3 4281 4261 4260
3 4281 4265 4266
3 4281 4266 4267
3 4281 4267 4268
3 4281 4275 4276
3 4281 4276 4277
3 4281 4280 4275
3 4281 4277 4265
3 4281 4260 4280
3 4281 4268 4261
3 4282 4258 4257
3 4282 4271 4272
3 4282 4279 4258
3 4282 4272 4279
3 4282 4257 4278
3 4282 4278 4271
3 4283 4259 4258
3 4283 4273 4274
3 4283 4258 4279
3 4283 4279 4273
3 4284 4259 4283
3 4284 4283 4274
3 4284 4274 4280
3 4284 4280 4259
3 4301 4292 4293
3 4301 4293 4302
3 4300 4291 4292
3 4300 4292 4301
3 4299 4290 4291
3 4299 4291 4300
3 4298 4289 4290
3 4298 4290 4299
3 4297 4288 4289
3 4297 4289 4298
3 4296 4287 4288
3 4296 4288 4297
3 4295 4285 4286
3 4295 4286 4287
3 4295 4287 4296
3 4294 4285 4295
3 4318 4320 4319
3 4318 4321 4320
3 4318 4322 4321
3 4318 4323 4322
3 4318 4324 4323
3 4318 4325 4324
3 4318 4326 4325
3 4317 4326 4318
3 4327 4317 4318
3 4333 4327 4334
3 4332 4327 4333
3 4331 4327 4332
3 4330 4327 4331
3 4329 4327 4330
3 4328 4327 4329
3 4303 4317 4327
3 4303 4327 4328
3 4304 4316 4317
3 4304 4317 4303
3 4315 4304 4305
3 4315 4305 4306
3 4315 4306 4307
3 4315 4307 4308
3 4315 4316 4304
3 4309 4315 4308
3 4313 4314 4315
3 4310 4315 4309
3 4312 4313 4315
3 4311 4315 4310
3 4311 4312 4315
