ply
format ascii 1.0
comment generated by blendit.inference.finetune_visualize
element vertex 3042
property float x
property float y
property float z
property uchar red
property uchar green
property uchar blue
element face 3984
property list uchar int vertex_indices
end_header
-1.11022302e-16 0.809383129 84.4635554 218 222 230
-1.11022302e-16 0.809383129 97.5638396 218 222 230
0 4.88595988 84.4635554 218 222 230
0 6.50472614 82.8447891 218 222 230
0 6.46414029 83.2049985 218 222 230
0 6.34441788 83.5471455 218 222 230
0 6.1515623 83.8540734 218 222 230
0 5.89524413 84.1103916 218 222 230
0 5.58831624 84.3032471 218 222 230
0 5.24616926 84.4229695 218 222 230
0 6.50472614 49.2338684 218 222 230
0 4.88595988 47.6151021 218 222 230
0 5.24616926 47.655688 218 222 230
0 5.58831624 47.7754104 218 222 230
0 5.89524413 47.968266 218 222 230
0 6.1515623 48.2245841 218 222 230
0 6.34441788 48.531512 218 222 230
0 6.46414029 48.873659 218 222 230
0 0.809383129 47.6151021 218 222 230
-1.11022302e-16 0.809383129 0.809383129 218 222 230
0 16.1791638 0.809383129 218 222 230
0 16.1791638 97.5638396 218 222 230
-1.11022302e-16 0.809383129 84.4635554 255 79 163
-1.11022302e-16 0.809383129 97.5638396 255 79 163
0.0202929249 0.629278439 84.4635554 255 79 163
0.0801541275 0.45820495 84.4635554 255 79 163
0.176581917 0.304741002 84.4635554 255 79 163
0.304741002 0.176581917 84.4635554 255 79 163
0.45820495 0.0801541275 84.4635554 255 79 163
0.629278439 0.0202929249 84.4635554 255 79 163
0.809383129 -1.11022302e-16 84.4635554 255 79 163
0.809383129 -1.11022302e-16 97.5638396 255 79 163
0.629278439 0.0202929249 97.5638396 255 79 163
0.45820495 0.0801541275 97.5638396 255 79 163
0.304741002 0.176581917 97.5638396 255 79 163
0.176581917 0.304741002 97.5638396 255 79 163
0.0801541275 0.45820495 97.5638396 255 79 163
0.0202929249 0.629278439 97.5638396 255 79 163
0 4.88595988 84.4635554 255 79 163
0.0202929249 4.88595988 84.2834507 255 79 163
0.0801541275 4.88595988 84.1123772 255 79 163
0.176581917 4.88595988 83.9589133 255 79 163
0.304741002 4.88595988 83.8307542 255 79 163
0.45820495 4.88595988 83.7343264 255 79 163
0.629278439 4.88595988 83.6744652 255 79 163
0.809383129 4.88595988 83.6541723 255 79 163
0.809383129 0.809383129 83.6541723 255 79 163
0.629278439 0.809383129 83.6744652 255 79 163
0.45820495 0.809383129 83.7343264 255 79 163
0.304741002 0.809383129 83.8307542 255 79 163
0.176581917 0.809383129 83.9589133 255 79 163
0.0801541275 0.809383129 84.1123772 255 79 163
0.0202929249 0.809383129 84.2834507 255 79 163
-1.11022302e-16 0.809383129 84.4635554 255 79 163
0.809383129 0.809383129 98.3732227 255 79 163
0.629278439 0.809383129 98.3529298 255 79 163
0.45820495 0.809383129 98.2930686 255 79 163
0.304741002 0.809383129 98.1966408 255 79 163
0.176581917 0.809383129 98.0684817 255 79 163
0.0801541275 0.809383129 97.9150178 255 79 163
0.0202929249 0.809383129 97.7439443 255 79 163
-1.11022302e-16 0.809383129 97.5638396 255 79 163
0.809383129 16.1791638 98.3732227 255 79 163
0.629278439 16.1791638 98.3529298 255 79 163
0.45820495 16.1791638 98.2930686 255 79 163
0.304741002 16.1791638 98.1966408 255 79 163
0.176581917 16.1791638 98.0684817 255 79 163
0.0801541275 16.1791638 97.9150178 255 79 163
0.0202929249 16.1791638 97.7439443 255 79 163
0 16.1791638 97.5638396 255 79 163
0.809383129 5.69534301 82.8447891 255 79 163
0.809383129 5.67505008 83.0248938 255 79 163
0.809383129 5.61518888 83.1959673 255 79 163
0.809383129 5.51876109 83.3494313 255 79 163
0.809383129 5.39060201 83.4775904 255 79 163
0.809383129 5.23713806 83.5740181 255 79 163
0.809383129 5.06606457 83.6338793 255 79 163
0.809383129 4.88595988 83.6541723 255 79 163
0 4.88595988 84.4635554 255 79 163
0.0202929249 4.88595988 84.2834507 255 79 163
0.0801541275 4.88595988 84.1123772 255 79 163
0.176581917 4.88595988 83.9589133 255 79 163
0.304741002 4.88595988 83.8307542 255 79 163
0.45820495 4.88595988 83.7343264 255 79 163
0.629278439 4.88595988 83.6744652 255 79 163
0 6.50472614 82.8447891 255 79 163
0 6.46414029 83.2049985 255 79 163
0 6.34441788 83.5471455 255 79 163
0 6.1515623 83.8540734 255 79 163
0 5.89524413 84.1103916 255 79 163
0 5.58831624 84.3032471 255 79 163
0 5.24616926 84.4229695 255 79 163
0.0202929249 6.32462145 82.8447891 255 79 163
0.0801541275 6.15354796 82.8447891 255 79 163
0.176581917 6.00008401 82.8447891 255 79 163
0.304741002 5.87192492 82.8447891 255 79 163
0.45820495 5.77549713 82.8447891 255 79 163
0.629278439 5.71563593 82.8447891 255 79 163
0.0202929249 5.20609219 84.2473805 255 79 163
0.0801541275 5.16802476 84.0805961 255 79 163
0.0202929249 5.51017174 84.1409784 255 79 163
0.176581917 5.13387582 83.9309799 255 79 163
0.0801541275 5.43594573 83.9868465 255 79 163
0.0202929249 5.78295069 83.96958 255 79 163
0.304741002 5.10535774 83.806034 255 79 163
0.176581917 5.36936022 83.8485803 255 79 163
0.0801541275 5.67628812 83.8358294 255 79 163
0.45820495 5.08390054 83.7120238 255 79 163
0.0202929249 6.01075078 83.74178 255 79 163
0.304741002 5.31375408 83.733113 255 79 163
0.176581917 5.58060491 83.7158465 255 79 163
0.629278439 5.07058017 83.6536635 255 79 163
0.0801541275 5.87700015 83.6351174 255 79 163
0.45820495 5.27191563 83.6462345 255 79 163
0.0202929249 6.18214916 83.469001 255 79 163
0.304741002 5.50069903 83.6156477 255 79 163
0.176581917 5.7570172 83.5394342 255 79 163
0.629278439 5.24594283 83.5923014 255 79 163
0.0801541275 6.02801728 83.394775 255 79 163
0.45820495 5.44057729 83.5402574 255 79 163
0.0202929249 6.2885512 83.1649215 255 79 163
0.304741002 5.65681839 83.4595283 255 79 163
0.176581917 5.88975104 83.3281895 255 79 163
0.629278439 5.40325444 83.493456 255 79 163
0.0801541275 6.12176688 83.126854 255 79 163
0.45820495 5.58142811 83.3994065 255 79 163
0.304741002 5.77428369 83.2725833 255 79 163
0.176581917 5.97215059 83.0927051 255 79 163
0.629278439 5.53462674 83.3620837 255 79 163
0.45820495 5.68740525 83.2307449 255 79 163
0.304741002 5.84720472 83.064187 255 79 163
0.629278439 5.63347217 83.2047721 255 79 163
0.45820495 5.75319458 83.0427298 255 79 163
0.629278439 5.69483422 83.0294094 255 79 163
0 16.1791638 97.5638396 255 79 163
0 16.1791638 0.809383129 255 79 163
0.701709231 16.9813529 97.5638396 255 79 163
0.51444344 16.9328956 97.5638396 255 79 163
0.344023351 16.8413883 97.5638396 255 79 163
0.200182634 16.7120576 97.5638396 255 79 163
0.091136861 16.5522903 97.5638396 255 79 163
0.0231142624 16.3712115 97.5638396 255 79 163
0.701709231 16.9813529 0.809383129 255 79 163
0.51444344 16.9328956 0.809383129 255 79 163
0.344023351 16.8413883 0.809383129 255 79 163
0.200182634 16.7120576 0.809383129 255 79 163
0.091136861 16.5522903 0.809383129 255 79 163
0.0231142624 16.3712115 0.809383129 255 79 163
0 6.50472614 49.2338684 255 79 163
0.0202929249 6.32462145 49.2338684 255 79 163
0.0801541275 6.15354796 49.2338684 255 79 163
0.176581917 6.00008401 49.2338684 255 79 163
0.304741002 5.87192492 49.2338684 255 79 163
0.45820495 5.77549713 49.2338684 255 79 163
0.629278439 5.71563593 49.2338684 255 79 163
0.809383129 5.69534301 49.2338684 255 79 163
0.809383129 5.69534301 82.8447891 255 79 163
0 6.50472614 82.8447891 255 79 163
0.0202929249 6.32462145 82.8447891 255 79 163
0.0801541275 6.15354796 82.8447891 255 79 163
0.176581917 6.00008401 82.8447891 255 79 163
0.304741002 5.87192492 82.8447891 255 79 163
0.45820495 5.77549713 82.8447891 255 79 163
0.629278439 5.71563593 82.8447891 255 79 163
0.809383129 16.1791638 0 255 79 163
0.629278439 16.1791638 0.0202929249 255 79 163
0.45820495 16.1791638 0.0801541275 255 79 163
0.304741002 16.1791638 0.176581917 255 79 163
0.176581917 16.1791638 0.304741002 255 79 163
0.0801541275 16.1791638 0.45820495 255 79 163
0.0202929249 16.1791638 0.629278439 255 79 163
0 16.1791638 0.809383129 255 79 163
0.809383129 0.809383129 -1.11022302e-16 255 79 163
0.629278439 0.809383129 0.0202929249 255 79 163
0.45820495 0.809383129 0.0801541275 255 79 163
0.304741002 0.809383129 0.176581917 255 79 163
0.176581917 0.809383129 0.304741002 255 79 163
0.0801541275 0.809383129 0.45820495 255 79 163
0.0202929249 0.809383129 0.629278439 255 79 163
-1.11022302e-16 0.809383129 0.809383129 255 79 163
0.809383129 4.88595988 48.4244852 255 79 163
0.809383129 5.06606457 48.4447782 255 79 163
0.809383129 5.23713806 48.5046394 255 79 163
0.809383129 5.39060201 48.6010672 255 79 163
0.809383129 5.51876109 48.7292262 255 79 163
0.809383129 5.61518888 48.8826902 255 79 163
0.809383129 5.67505008 49.0537637 255 79 163
0.809383129 5.69534301 49.2338684 255 79 163
0 6.50472614 49.2338684 255 79 163
0.0202929249 6.32462145 49.2338684 255 79 163
0.0801541275 6.15354796 49.2338684 255 79 163
0.176581917 6.00008401 49.2338684 255 79 163
0.304741002 5.87192492 49.2338684 255 79 163
0.45820495 5.77549713 49.2338684 255 79 163
0.629278439 5.71563593 49.2338684 255 79 163
0 4.88595988 47.6151021 255 79 163
0 5.24616926 47.655688 255 79 163
0 5.58831624 47.7754104 255 79 163
0 5.89524413 47.968266 255 79 163
0 6.1515623 48.2245841 255 79 163
0 6.34441788 48.531512 255 79 163
0 6.46414029 48.873659 255 79 163
0.0202929249 4.88595988 47.7952068 255 79 163
0.0801541275 4.88595988 47.9662803 255 79 163
0.176581917 4.88595988 48.1197442 255 79 163
0.304741002 4.88595988 48.2479033 255 79 163
0.45820495 4.88595988 48.3443311 255 79 163
0.629278439 4.88595988 48.4041923 255 79 163
0.0202929249 6.2885512 48.9137361 255 79 163
0.0801541275 6.12176688 48.9518035 255 79 163
0.0202929249 6.18214916 48.6096565 255 79 163
0.176581917 5.97215059 48.9859524 255 79 163
0.0801541275 6.02801728 48.6838825 255 79 163
0.0202929249 6.01075078 48.3368776 255 79 163
0.304741002 5.84720472 49.0144705 255 79 163
0.176581917 5.88975104 48.750468 255 79 163
0.0801541275 5.87700015 48.4435401 255 79 163
0.45820495 5.75319458 49.0359277 255 79 163
0.0202929249 5.78295069 48.1090775 255 79 163
0.304741002 5.77428369 48.8060742 255 79 163
0.176581917 5.7570172 48.5392233 255 79 163
0.629278439 5.69483422 49.0492481 255 79 163
0.0801541275 5.67628812 48.2428281 255 79 163
0.45820495 5.68740525 48.8479126 255 79 163
0.0202929249 5.51017174 47.9376791 255 79 163
0.304741002 5.65681839 48.6191292 255 79 163
0.176581917 5.58060491 48.3628111 255 79 163
0.629278439 5.63347217 48.8738854 255 79 163
0.0801541275 5.43594573 48.091811 255 79 163
0.45820495 5.58142811 48.679251 255 79 163
0.0202929249 5.20609219 47.8312771 255 79 163
0.304741002 5.50069903 48.4630099 255 79 163
0.176581917 5.36936022 48.2300772 255 79 163
0.629278439 5.53462674 48.7165738 255 79 163
0.0801541275 5.16802476 47.9980614 255 79 163
0.45820495 5.44057729 48.5384001 255 79 163
0.304741002 5.31375408 48.3455446 255 79 163
0.176581917 5.13387582 48.1476777 255 79 163
0.629278439 5.40325444 48.5852015 255 79 163
0.45820495 5.27191563 48.432423 255 79 163
0.304741002 5.10535774 48.2726235 255 79 163
0.629278439 5.24594283 48.4863561 255 79 163
0.45820495 5.08390054 48.3666337 255 79 163
0.629278439 5.07058017 48.424994 255 79 163
0.809383129 0 0.809383129 255 79 163
0.629278439 0.0202929249 0.809383129 255 79 163
0.45820495 0.0801541275 0.809383129 255 79 163
0.304741002 0.176581917 0.809383129 255 79 163
0.176581917 0.304741002 0.809383129 255 79 163
0.0801541275 0.45820495 0.809383129 255 79 163
0.0202929249 0.629278439 0.809383129 255 79 163
-1.11022302e-16 0.809383129 0.809383129 255 79 163
0.809383129 -1.11022302e-16 47.6151021 255 79 163
0 0.809383129 47.6151021 255 79 163
0.0202929249 0.629278439 47.6151021 255 79 163
0.0801541275 0.45820495 47.6151021 255 79 163
0.176581917 0.304741002 47.6151021 255 79 163
0.304741002 0.176581917 47.6151021 255 79 163
0.45820495 0.0801541275 47.6151021 255 79 163
0.629278439 0.0202929249 47.6151021 255 79 163
0 0.809383129 47.6151021 255 79 163
0.0202929249 0.809383129 47.7952068 255 79 163
0.0801541275 0.809383129 47.9662803 255 79 163
0.176581917 0.809383129 48.1197442 255 79 163
0.304741002 0.809383129 48.2479033 255 79 163
0.45820495 0.809383129 48.3443311 255 79 163
0.629278439 0.809383129 48.4041923 255 79 163
0.809383129 0.809383129 48.4244852 255 79 163
0.809383129 4.88595988 48.4244852 255 79 163
0 4.88595988 47.6151021 255 79 163
0.0202929249 4.88595988 47.7952068 255 79 163
0.0801541275 4.88595988 47.9662803 255 79 163
0.176581917 4.88595988 48.1197442 255 79 163
0.304741002 4.88595988 48.2479033 255 79 163
0.45820495 4.88595988 48.3443311 255 79 163
0.629278439 4.88595988 48.4041923 255 79 163
0.809383129 0.809383129 83.6541723 255 79 163
0.629278439 0.809383129 83.6744652 255 79 163
0.45820495 0.809383129 83.7343264 255 79 163
0.304741002 0.809383129 83.8307542 255 79 163
0.176581917 0.809383129 83.9589133 255 79 163
0.0801541275 0.809383129 84.1123772 255 79 163
0.0202929249 0.809383129 84.2834507 255 79 163
-1.11022302e-16 0.809383129 84.4635554 255 79 163
0.809383129 0.809383129 83.6541723 255 79 163
0.809383129 0.629278439 83.6744652 255 79 163
0.809383129 0.45820495 83.7343264 255 79 163
0.809383129 0.304741002 83.8307542 255 79 163
0.809383129 0.176581917 83.9589133 255 79 163
0.809383129 0.0801541275 84.1123772 255 79 163
0.809383129 0.0202929249 84.2834507 255 79 163
0.809383129 -1.11022302e-16 84.4635554 255 79 163
0.0202929249 0.629278439 84.4635554 255 79 163
0.0801541275 0.45820495 84.4635554 255 79 163
0.176581917 0.304741002 84.4635554 255 79 163
0.304741002 0.176581917 84.4635554 255 79 163
0.45820495 0.0801541275 84.4635554 255 79 163
0.629278439 0.0202929249 84.4635554 255 79 163
0.562349295 0.770256813 83.6937863 255 79 163
0.586530688 0.695834138 83.6937863 255 79 163
0.63252643 0.63252643 83.6937863 255 79 163
0.356924205 0.662370312 83.8087507 255 79 163
0.695834138 0.586530688 83.6937863 255 79 163
0.424498579 0.529748135 83.8087507 255 79 163
0.162640155 0.706949105 83.9878119 255 79 163
0.770256813 0.562349295 83.6937863 255 79 163
0.529748135 0.424498579 83.8087507 255 79 163
0.225947863 0.512108013 83.9878119 255 79 163
0.662370312 0.356924205 83.8087507 255 79 163
0.346366281 0.346366281 83.9878119 255 79 163
0.0772892113 0.571511395 84.2134423 255 79 163
0.512108013 0.225947863 83.9878119 255 79 163
0.186626846 0.356924205 84.2134423 255 79 163
0.706949105 0.162640155 83.9878119 255 79 163
0.356924205 0.186626846 84.2134423 255 79 163
0.571511395 0.0772892113 84.2134423 255 79 163
0.809383129 0.809383129 98.3732227 255 79 163
0.809383129 0.629278439 98.3529298 255 79 163
0.809383129 0.45820495 98.2930686 255 79 163
0.809383129 0.304741002 98.1966408 255 79 163
0.809383129 0.176581917 98.0684817 255 79 163
0.809383129 0.0801541275 97.9150178 255 79 163
0.809383129 0.0202929249 97.7439443 255 79 163
0.809383129 -1.11022302e-16 97.5638396 255 79 163
0.809383129 0.809383129 98.3732227 255 79 163
0.629278439 0.809383129 98.3529298 255 79 163
0.45820495 0.809383129 98.2930686 255 79 163
0.304741002 0.809383129 98.1966408 255 79 163
0.176581917 0.809383129 98.0684817 255 79 163
0.0801541275 0.809383129 97.9150178 255 79 163
0.0202929249 0.809383129 97.7439443 255 79 163
-1.11022302e-16 0.809383129 97.5638396 255 79 163
0.629278439 0.0202929249 97.5638396 255 79 163
0.45820495 0.0801541275 97.5638396 255 79 163
0.304741002 0.176581917 97.5638396 255 79 163
0.176581917 0.304741002 97.5638396 255 79 163
0.0801541275 0.45820495 97.5638396 255 79 163
0.0202929249 0.629278439 97.5638396 255 79 163
0.770256813 0.562349295 98.3336087 255 79 163
0.695834138 0.586530688 98.3336087 255 79 163
0.63252643 0.63252643 98.3336087 255 79 163
0.662370312 0.356924205 98.2186443 255 79 163
0.586530688 0.695834138 98.3336087 255 79 163
0.529748135 0.424498579 98.2186443 255 79 163
0.706949105 0.162640155 98.0395831 255 79 163
0.562349295 0.770256813 98.3336087 255 79 163
0.424498579 0.529748135 98.2186443 255 79 163
0.512108013 0.225947863 98.0395831 255 79 163
0.356924205 0.662370312 98.2186443 255 79 163
0.346366281 0.346366281 98.0395831 255 79 163
0.571511395 0.0772892113 97.8139528 255 79 163
0.225947863 0.512108013 98.0395831 255 79 163
0.356924205 0.186626846 97.8139528 255 79 163
0.162640155 0.706949105 98.0395831 255 79 163
0.186626846 0.356924205 97.8139528 255 79 163
0.0772892113 0.571511395 97.8139528 255 79 163
0.809383129 -1.11022302e-16 84.4635554 218 222 230
0.809383129 -1.11022302e-16 97.5638396 218 222 230
60.6253448 -1.11022302e-16 97.5638396 218 222 230
60.6253448 0 84.4635554 218 222 230
60.6253448 4.88595988 83.6541723 218 222 230
60.6253448 0.809383129 83.6541723 218 222 230
0.809383129 4.88595988 83.6541723 218 222 230
0.809383129 0.809383129 83.6541723 218 222 230
0.809383129 0.809383129 98.3732227 218 222 230
60.6253448 0.809383129 98.3732227 218 222 230
60.6253448 46.0357631 98.3732227 218 222 230
0.809383129 46.0357631 98.3732227 218 222 230
0.809383129 28.2392518 98.3732227 218 222 230
0.809383129 16.1791638 98.3732227 218 222 230
2.11227876 16.5035255 98.3732227 218 222 230
3.312304 17.1057605 98.3732227 218 222 230
4.35101622 17.9565393 98.3732227 218 222 230
5.17782897 19.0144279 98.3732227 218 222 230
5.7524755 20.2279059 98.3732227 218 222 230
6.04696987 21.5378756 98.3732227 218 222 230
6.04696987 22.88054 98.3732227 218 222 230
5.7524755 24.1905097 98.3732227 218 222 230
5.17782897 25.4039877 98.3732227 218 222 230
4.35101622 26.4618763 98.3732227 218 222 230
3.312304 27.312655 98.3732227 218 222 230
2.11227876 27.91489 98.3732227 218 222 230
28.6383257 6.51081687 98.3732227 218 222 230
35.8548954 6.51081687 98.3732227 218 222 230
28.6383257 12.4730958 98.3732227 218 222 230
27.9248923 12.3864693 98.3732227 218 222 230
27.2529211 12.1316242 98.3732227 218 222 230
26.6614646 11.7233712 98.3732227 218 222 230
26.184896 11.1854365 98.3732227 218 222 230
25.8509119 10.5490829 98.3732227 218 222 230
25.6789221 9.85129297 98.3732227 218 222 230
25.6789221 9.13261966 98.3732227 218 222 230
25.8509119 8.4348297 98.3732227 218 222 230
26.184896 7.79847609 98.3732227 218 222 230
26.6614646 7.26054139 98.3732227 218 222 230
27.2529211 6.85228843 98.3732227 218 222 230
27.9248923 6.59744336 98.3732227 218 222 230
35.8548954 12.4730958 98.3732227 218 222 230
36.5683288 6.59744336 98.3732227 218 222 230
37.2403 6.85228843 98.3732227 218 222 230
37.8317565 7.26054139 98.3732227 218 222 230
38.3083251 7.79847609 98.3732227 218 222 230
38.6423092 8.4348297 98.3732227 218 222 230
38.814299 9.13261966 98.3732227 218 222 230
38.814299 9.85129297 98.3732227 218 222 230
38.6423092 10.5490829 98.3732227 218 222 230
38.3083251 11.1854365 98.3732227 218 222 230
37.8317565 11.7233712 98.3732227 218 222 230
37.2403 12.1316242 98.3732227 218 222 230
36.5683288 12.3864693 98.3732227 218 222 230
0.701709231 16.9813529 97.5638396 255 79 163
0.51444344 16.9328956 97.5638396 255 79 163
0.344023351 16.8413883 97.5638396 255 79 163
0.200182634 16.7120576 97.5638396 255 79 163
0.091136861 16.5522903 97.5638396 255 79 163
0.0231142624 16.3712115 97.5638396 255 79 163
0 16.1791638 97.5638396 255 79 163
0.809383129 16.1791638 98.3732227 255 79 163
0.629278439 16.1791638 98.3529298 255 79 163
0.45820495 16.1791638 98.2930686 255 79 163
0.304741002 16.1791638 98.1966408 255 79 163
0.176581917 16.1791638 98.0684817 255 79 163
0.0801541275 16.1791638 97.9150178 255 79 163
0.0202929249 16.1791638 97.7439443 255 79 163
0.809383129 16.1791638 98.3732227 255 79 163
0.785423432 16.3576677 98.3529298 255 79 163
0.762665175 16.5272206 98.2930686 255 79 163
0.742249552 16.6793205 98.1966408 255 79 163
0.725200286 16.8063405 98.0684817 255 79 163
0.712372299 16.9019112 97.9150178 255 79 163
0.704408841 16.9612404 97.7439443 255 79 163
0.561849246 16.2149906 98.3336087 255 79 163
0.582165241 16.2837038 98.3336087 255 79 163
0.621129823 16.343837 98.3336087 255 79 163
0.353162649 16.3140516 98.2186443 255 79 163
0.675545029 16.3904549 98.3336087 255 79 163
0.410129289 16.4378687 98.2186443 255 79 163
0.161331012 16.2729596 98.0395831 255 79 163
0.740944809 16.4197314 98.3336087 255 79 163
0.499864124 16.5404529 98.2186443 255 79 163
0.214518975 16.4528531 98.0395831 255 79 163
0.615002296 16.6133849 98.2186443 255 79 163
0.316529576 16.6102839 98.0395831 255 79 163
0.0712028866 16.3974169 97.8139528 255 79 163
0.458990436 16.7323312 98.0395831 255 79 163
0.163376846 16.5977571 97.8139528 255 79 163
0.630209283 16.808978 98.0395831 255 79 163
0.308570859 16.7637419 97.8139528 255 79 163
0.494868334 16.8817483 97.8139528 255 79 163
0.809383129 5.69534301 82.8447891 255 79 163
0.809383129 5.67505008 83.0248938 255 79 163
0.809383129 5.61518888 83.1959673 255 79 163
0.809383129 5.51876109 83.3494313 255 79 163
0.809383129 5.39060201 83.4775904 255 79 163
0.809383129 5.23713806 83.5740181 255 79 163
0.809383129 5.06606457 83.6338793 255 79 163
0.809383129 4.88595988 83.6541723 255 79 163
60.6253448 4.88595988 83.6541723 255 79 163
60.6253448 5.69534301 82.8447891 255 79 163
60.6253448 5.67505008 83.0248938 255 79 163
60.6253448 5.61518888 83.1959673 255 79 163
60.6253448 5.51876109 83.3494313 255 79 163
60.6253448 5.39060201 83.4775904 255 79 163
60.6253448 5.23713806 83.5740181 255 79 163
60.6253448 5.06606457 83.6338793 255 79 163
0.809383129 16.1791638 0 255 79 163
0.785423432 16.3576677 0.0202929249 255 79 163
0.762665175 16.5272206 0.0801541275 255 79 163
0.742249552 16.6793205 0.176581917 255 79 163
0.725200286 16.8063405 0.304741002 255 79 163
0.712372299 16.9019112 0.45820495 255 79 163
0.704408841 16.9612404 0.629278439 255 79 163
0.701709231 16.9813529 0.809383129 255 79 163
0.809383129 16.1791638 0 255 79 163
0.629278439 16.1791638 0.0202929249 255 79 163
0.45820495 16.1791638 0.0801541275 255 79 163
0.304741002 16.1791638 0.176581917 255 79 163
0.176581917 16.1791638 0.304741002 255 79 163
0.0801541275 16.1791638 0.45820495 255 79 163
0.0202929249 16.1791638 0.629278439 255 79 163
0 16.1791638 0.809383129 255 79 163
0.51444344 16.9328956 0.809383129 255 79 163
0.344023351 16.8413883 0.809383129 255 79 163
0.200182634 16.7120576 0.809383129 255 79 163
0.091136861 16.5522903 0.809383129 255 79 163
0.0231142624 16.3712115 0.809383129 255 79 163
0.740944809 16.4197314 0.03961403 255 79 163
0.675545029 16.3904549 0.03961403 255 79 163
0.621129823 16.343837 0.03961403 255 79 163
0.615002296 16.6133849 0.154578423 255 79 163
0.582165241 16.2837038 0.03961403 255 79 163
0.499864124 16.5404529 0.154578423 255 79 163
0.630209283 16.808978 0.333639662 255 79 163
0.561849246 16.2149906 0.03961403 255 79 163
0.410129289 16.4378687 0.154578423 255 79 163
0.458990436 16.7323312 0.333639662 255 79 163
0.353162649 16.3140516 0.154578423 255 79 163
0.316529576 16.6102839 0.333639662 255 79 163
0.494868334 16.8817483 0.559269987 255 79 163
0.214518975 16.4528531 0.333639662 255 79 163
0.308570859 16.7637419 0.559269987 255 79 163
0.161331012 16.2729596 0.333639662 255 79 163
0.163376846 16.5977571 0.559269987 255 79 163
0.0712028866 16.3974169 0.559269987 255 79 163
0.701709231 27.4370627 97.5638396 218 222 230
0.701709231 27.4370627 0.809383129 218 222 230
0.701709231 16.9813529 97.5638396 218 222 230
1.92211768 17.2971485 97.5638396 218 222 230
3.03274294 17.8935001 97.5638396 218 222 230
3.9701508 18.7363466 97.5638396 218 222 230
4.68080053 19.7775481 97.5638396 218 222 230
5.12410282 20.9576357 97.5638396 218 222 230
5.27473813 22.2092078 97.5638396 218 222 230
5.12410282 23.4607799 97.5638396 218 222 230
4.68080053 24.6408675 97.5638396 218 222 230
3.9701508 25.682069 97.5638396 218 222 230
3.03274294 26.5249155 97.5638396 218 222 230
1.92211768 27.121267 97.5638396 218 222 230
0.701709231 16.9813529 0.809383129 218 222 230
1.92211768 17.2971485 0.809383129 218 222 230
3.03274294 17.8935001 0.809383129 218 222 230
3.9701508 18.7363466 0.809383129 218 222 230
4.68080053 19.7775481 0.809383129 218 222 230
5.12410282 20.9576357 0.809383129 218 222 230
5.27473813 22.2092078 0.809383129 218 222 230
5.12410282 23.4607799 0.809383129 218 222 230
4.68080053 24.6408675 0.809383129 218 222 230
3.9701508 25.682069 0.809383129 218 222 230
3.03274294 26.5249155 0.809383129 218 222 230
1.92211768 27.121267 0.809383129 218 222 230
0.809383129 5.69534301 49.2338684 218 222 230
0.809383129 5.69534301 82.8447891 218 222 230
60.6253448 5.69534301 82.8447891 218 222 230
60.6253448 5.69534301 49.2338684 218 222 230
0.809383129 0 0.809383129 255 79 163
0.809383129 0.0202929249 0.629278439 255 79 163
0.809383129 0.0801541275 0.45820495 255 79 163
0.809383129 0.176581917 0.304741002 255 79 163
0.809383129 0.304741002 0.176581917 255 79 163
0.809383129 0.45820495 0.0801541275 255 79 163
0.809383129 0.629278439 0.0202929249 255 79 163
0.809383129 0.809383129 -1.11022302e-16 255 79 163
0.809383129 0 0.809383129 255 79 163
0.629278439 0.0202929249 0.809383129 255 79 163
0.45820495 0.0801541275 0.809383129 255 79 163
0.304741002 0.176581917 0.809383129 255 79 163
0.176581917 0.304741002 0.809383129 255 79 163
0.0801541275 0.45820495 0.809383129 255 79 163
0.0202929249 0.629278439 0.809383129 255 79 163
-1.11022302e-16 0.809383129 0.809383129 255 79 163
0.629278439 0.809383129 0.0202929249 255 79 163
0.45820495 0.809383129 0.0801541275 255 79 163
0.304741002 0.809383129 0.176581917 255 79 163
0.176581917 0.809383129 0.304741002 255 79 163
0.0801541275 0.809383129 0.45820495 255 79 163
0.0202929249 0.809383129 0.629278439 255 79 163
0.770256813 0.03961403 0.562349295 255 79 163
0.695834138 0.03961403 0.586530688 255 79 163
0.63252643 0.03961403 0.63252643 255 79 163
0.662370312 0.154578423 0.356924205 255 79 163
0.586530688 0.03961403 0.695834138 255 79 163
0.529748135 0.154578423 0.424498579 255 79 163
0.706949105 0.333639662 0.162640155 255 79 163
0.562349295 0.03961403 0.770256813 255 79 163
0.424498579 0.154578423 0.529748135 255 79 163
0.512108013 0.333639662 0.225947863 255 79 163
0.356924205 0.154578423 0.662370312 255 79 163
0.346366281 0.333639662 0.346366281 255 79 163
0.571511395 0.559269987 0.0772892113 255 79 163
0.225947863 0.333639662 0.512108013 255 79 163
0.356924205 0.559269987 0.186626846 255 79 163
0.162640155 0.333639662 0.706949105 255 79 163
0.186626846 0.559269987 0.356924205 255 79 163
0.0772892113 0.559269987 0.571511395 255 79 163
0.809383129 0.809383129 -1.11022302e-16 218 222 230
0.809383129 16.1791638 0 218 222 230
60.6253448 0.809383129 -1.11022302e-16 218 222 230
60.6253448 46.0357631 -1.11022302e-16 218 222 230
0.809383129 46.0357631 0 218 222 230
0.809383129 28.2392518 0 218 222 230
2.11227876 16.5035255 0 218 222 230
3.312304 17.1057605 0 218 222 230
4.35101622 17.9565393 0 218 222 230
5.17782897 19.0144279 0 218 222 230
5.7524755 20.2279059 0 218 222 230
6.04696987 21.5378756 0 218 222 230
6.04696987 22.88054 0 218 222 230
5.7524755 24.1905097 0 218 222 230
5.17782897 25.4039877 0 218 222 230
4.35101622 26.4618763 0 218 222 230
3.312304 27.312655 0 218 222 230
2.11227876 27.91489 0 218 222 230
0.809383129 4.88595988 48.4244852 255 79 163
0.809383129 5.06606457 48.4447782 255 79 163
0.809383129 5.23713806 48.5046394 255 79 163
0.809383129 5.39060201 48.6010672 255 79 163
0.809383129 5.51876109 48.7292262 255 79 163
0.809383129 5.61518888 48.8826902 255 79 163
0.809383129 5.67505008 49.0537637 255 79 163
0.809383129 5.69534301 49.2338684 255 79 163
60.6253448 5.69534301 49.2338684 255 79 163
60.6253448 5.67505008 49.0537637 255 79 163
60.6253448 5.61518888 48.8826902 255 79 163
60.6253448 5.51876109 48.7292262 255 79 163
60.6253448 5.39060201 48.6010672 255 79 163
60.6253448 5.23713806 48.5046394 255 79 163
60.6253448 5.06606457 48.4447782 255 79 163
60.6253448 4.88595988 48.4244852 255 79 163
60.6253448 -1.11022302e-16 47.6151021 218 222 230
0.809383129 -1.11022302e-16 47.6151021 218 222 230
60.6253448 -1.11022302e-16 0.809383129 218 222 230
0.809383129 0 0.809383129 218 222 230
0 0.809383129 47.6151021 255 79 163
0.0202929249 0.809383129 47.7952068 255 79 163
0.0801541275 0.809383129 47.9662803 255 79 163
0.176581917 0.809383129 48.1197442 255 79 163
0.304741002 0.809383129 48.2479033 255 79 163
0.45820495 0.809383129 48.3443311 255 79 163
0.629278439 0.809383129 48.4041923 255 79 163
0.809383129 0.809383129 48.4244852 255 79 163
0 0.809383129 47.6151021 255 79 163
0.0202929249 0.629278439 47.6151021 255 79 163
0.0801541275 0.45820495 47.6151021 255 79 163
0.176581917 0.304741002 47.6151021 255 79 163
0.304741002 0.176581917 47.6151021 255 79 163
0.45820495 0.0801541275 47.6151021 255 79 163
0.629278439 0.0202929249 47.6151021 255 79 163
0.809383129 -1.11022302e-16 47.6151021 255 79 163
0.809383129 0.629278439 48.4041923 255 79 163
0.809383129 0.45820495 48.3443311 255 79 163
0.809383129 0.304741002 48.2479033 255 79 163
0.809383129 0.176581917 48.1197442 255 79 163
0.809383129 0.0801541275 47.9662803 255 79 163
0.809383129 0.0202929249 47.7952068 255 79 163
0.03961403 0.770256813 47.862136 255 79 163
0.03961403 0.695834138 47.8379546 255 79 163
0.03961403 0.63252643 47.7919588 255 79 163
0.154578423 0.662370312 48.067561 255 79 163
0.03961403 0.586530688 47.7286511 255 79 163
0.154578423 0.529748135 47.9999867 255 79 163
0.333639662 0.706949105 48.2618451 255 79 163
0.03961403 0.562349295 47.6542284 255 79 163
0.154578423 0.424498579 47.8947371 255 79 163
0.333639662 0.512108013 48.1985374 255 79 163
0.154578423 0.356924205 47.7621149 255 79 163
0.333639662 0.346366281 48.078119 255 79 163
0.559269987 0.571511395 48.347196 255 79 163
0.333639662 0.225947863 47.9123772 255 79 163
0.559269987 0.356924205 48.2378584 255 79 163
0.333639662 0.162640155 47.7175361 255 79 163
0.559269987 0.186626846 48.067561 255 79 163
0.559269987 0.0772892113 47.8529739 255 79 163
60.6253448 4.88595988 48.4244852 218 222 230
0.809383129 4.88595988 48.4244852 218 222 230
60.6253448 0.809383129 48.4244852 218 222 230
0.809383129 0.809383129 48.4244852 218 222 230
60.6253448 0 84.4635554 255 79 163
60.6253448 0.0202929249 84.2834507 255 79 163
60.6253448 0.0801541275 84.1123772 255 79 163
60.6253448 0.176581917 83.9589133 255 79 163
60.6253448 0.304741002 83.8307542 255 79 163
60.6253448 0.45820495 83.7343264 255 79 163
60.6253448 0.629278439 83.6744652 255 79 163
60.6253448 0.809383129 83.6541723 255 79 163
0.809383129 -1.11022302e-16 84.4635554 255 79 163
0.809383129 0.809383129 83.6541723 255 79 163
0.809383129 0.629278439 83.6744652 255 79 163
0.809383129 0.45820495 83.7343264 255 79 163
0.809383129 0.304741002 83.8307542 255 79 163
0.809383129 0.176581917 83.9589133 255 79 163
0.809383129 0.0801541275 84.1123772 255 79 163
0.809383129 0.0202929249 84.2834507 255 79 163
0.809383129 -1.11022302e-16 97.5638396 255 79 163
60.6253448 -1.11022302e-16 97.5638396 255 79 163
60.6253448 0.809383129 98.3732227 255 79 163
60.6253448 0.629278439 98.3529298 255 79 163
60.6253448 0.45820495 98.2930686 255 79 163
60.6253448 0.304741002 98.1966408 255 79 163
60.6253448 0.176581917 98.0684817 255 79 163
60.6253448 0.0801541275 97.9150178 255 79 163
60.6253448 0.0202929249 97.7439443 255 79 163
0.809383129 0.809383129 98.3732227 255 79 163
0.809383129 0.629278439 98.3529298 255 79 163
0.809383129 0.45820495 98.2930686 255 79 163
0.809383129 0.304741002 98.1966408 255 79 163
0.809383129 0.176581917 98.0684817 255 79 163
0.809383129 0.0801541275 97.9150178 255 79 163
0.809383129 0.0202929249 97.7439443 255 79 163
60.6253448 0 84.4635554 255 79 163
60.8054495 0.0202929249 84.4635554 255 79 163
60.976523 0.0801541275 84.4635554 255 79 163
61.1299869 0.176581917 84.4635554 255 79 163
61.258146 0.304741002 84.4635554 255 79 163
61.3545738 0.45820495 84.4635554 255 79 163
61.414435 0.629278439 84.4635554 255 79 163
61.4347279 0.809383129 84.4635554 255 79 163
61.4347279 0.809383129 97.5638396 255 79 163
61.414435 0.629278439 97.5638396 255 79 163
61.3545738 0.45820495 97.5638396 255 79 163
61.258146 0.304741002 97.5638396 255 79 163
61.1299869 0.176581917 97.5638396 255 79 163
60.976523 0.0801541275 97.5638396 255 79 163
60.8054495 0.0202929249 97.5638396 255 79 163
60.6253448 -1.11022302e-16 97.5638396 255 79 163
61.4347279 4.88595988 84.4635554 255 79 163
61.414435 4.88595988 84.2834507 255 79 163
61.3545738 4.88595988 84.1123772 255 79 163
61.258146 4.88595988 83.9589133 255 79 163
61.1299869 4.88595988 83.8307542 255 79 163
60.976523 4.88595988 83.7343264 255 79 163
60.8054495 4.88595988 83.6744652 255 79 163
60.6253448 4.88595988 83.6541723 255 79 163
61.4347279 0.809383129 84.4635554 255 79 163
61.414435 0.809383129 84.2834507 255 79 163
61.3545738 0.809383129 84.1123772 255 79 163
61.258146 0.809383129 83.9589133 255 79 163
61.1299869 0.809383129 83.8307542 255 79 163
60.976523 0.809383129 83.7343264 255 79 163
60.8054495 0.809383129 83.6744652 255 79 163
60.6253448 0.809383129 83.6541723 255 79 163
28.6383257 6.51081687 98.3732227 255 79 163
35.8548954 6.51081687 98.3732227 255 79 163
35.8548954 6.69092155 98.3529298 255 79 163
35.8548954 6.86199504 98.2930686 255 79 163
35.8548954 7.01545899 98.1966408 255 79 163
35.8548954 7.14361808 98.0684817 255 79 163
35.8548954 7.24004587 97.9150178 255 79 163
35.8548954 7.29990707 97.7439443 255 79 163
35.8548954 7.32019999 97.5638396 255 79 163
28.6383257 7.32019999 97.5638396 255 79 163
28.6383257 6.69092155 98.3529298 255 79 163
28.6383257 6.86199504 98.2930686 255 79 163
28.6383257 7.01545899 98.1966408 255 79 163
28.6383257 7.14361808 98.0684817 255 79 163
28.6383257 7.24004587 97.9150178 255 79 163
28.6383257 7.29990707 97.7439443 255 79 163
28.6383257 12.4730958 98.3732227 255 79 163
28.6383257 12.2929911 98.3529298 255 79 163
28.6383257 12.1219176 98.2930686 255 79 163
28.6383257 11.9684536 98.1966408 255 79 163
28.6383257 11.8402946 98.0684817 255 79 163
28.6383257 11.7438668 97.9150178 255 79 163
28.6383257 11.6840056 97.7439443 255 79 163
28.6383257 11.6637126 97.5638396 255 79 163
27.9248923 12.3864693 98.3732227 255 79 163
27.2529211 12.1316242 98.3732227 255 79 163
26.6614646 11.7233712 98.3732227 255 79 163
26.184896 11.1854365 98.3732227 255 79 163
25.8509119 10.5490829 98.3732227 255 79 163
25.6789221 9.85129297 98.3732227 255 79 163
25.6789221 9.13261966 98.3732227 255 79 163
25.8509119 8.4348297 98.3732227 255 79 163
26.184896 7.79847609 98.3732227 255 79 163
26.6614646 7.26054139 98.3732227 255 79 163
27.2529211 6.85228843 98.3732227 255 79 163
27.9248923 6.59744336 98.3732227 255 79 163
28.6383257 6.51081687 98.3732227 255 79 163
28.6383257 6.69092155 98.3529298 255 79 163
28.6383257 6.86199504 98.2930686 255 79 163
28.6383257 7.01545899 98.1966408 255 79 163
28.6383257 7.14361808 98.0684817 255 79 163
28.6383257 7.24004587 97.9150178 255 79 163
28.6383257 7.29990707 97.7439443 255 79 163
28.6383257 7.32019999 97.5638396 255 79 163
28.1185904 11.6006053 97.5638396 255 79 163
27.6290602 11.414951 97.5638396 255 79 163
27.1981848 11.1175393 97.5638396 255 79 163
26.8510053 10.7256545 97.5638396 255 79 163
26.6076982 10.2620717 97.5638396 255 79 163
26.4824039 9.75373261 97.5638396 255 79 163
26.4824039 9.23018002 97.5638396 255 79 163
26.6076982 8.72184091 97.5638396 255 79 163
26.8510053 8.25825811 97.5638396 255 79 163
27.1981848 7.86637337 97.5638396 255 79 163
27.6290602 7.56896159 97.5638396 255 79 163
28.1185904 7.38330729 97.5638396 255 79 163
27.9679942 12.2115981 98.3529298 255 79 163
28.0089347 12.0454957 98.2930686 255 79 163
28.0456611 11.8964911 98.1966408 255 79 163
28.0763315 11.7720561 98.0684817 255 79 163
27.3366199 11.9721494 98.3529298 255 79 163
28.0994082 11.6784303 97.9150178 255 79 163
27.4161217 11.8206714 98.2930686 255 79 163
28.113734 11.6203086 97.7439443 255 79 163
27.48744 11.6847858 98.1966408 255 79 163
27.5469985 11.5713066 98.0684817 255 79 163
26.7808961 11.5885609 98.3529298 255 79 163
27.5918107 11.485924 97.9150178 255 79 163
26.8943388 11.4605106 98.2930686 255 79 163
27.6196296 11.4329195 97.7439443 255 79 163
26.9961042 11.3456412 98.1966408 255 79 163
27.0810894 11.2497127 98.0684817 255 79 163
26.3331193 11.0831254 98.3529298 255 79 163
27.1450328 11.1775355 97.9150178 255 79 163
26.47391 10.9859446 98.2930686 255 79 163
27.1847281 11.1327287 97.7439443 255 79 163
26.6002083 10.8987671 98.1966408 255 79 163
26.7056812 10.8259645 98.0684817 255 79 163
26.0193127 10.4852169 98.3529298 255 79 163
26.7850397 10.7711873 97.9150178 255 79 163
26.1792692 10.4245534 98.2930686 255 79 163
26.8343045 10.7371822 97.7439443 255 79 163
26.3227604 10.3701344 98.1966408 255 79 163
26.4425913 10.3246885 98.0684817 255 79 163
25.8577136 9.82958375 98.3529298 255 79 163
26.5327528 10.2904948 97.9150178 255 79 163
26.0275398 9.80896312 98.2930686 255 79 163
26.588724 10.2692677 97.7439443 255 79 163
26.1798848 9.79046508 98.1966408 255 79 163
26.3071095 9.77501721 98.0684817 255 79 163
25.8577136 9.15432888 98.3529298 255 79 163
26.4028342 9.76339412 97.9150178 255 79 163
26.0275398 9.17494951 98.2930686 255 79 163
26.4622589 9.75617865 97.7439443 255 79 163
26.1798848 9.19344755 98.1966408 255 79 163
26.3071095 9.20889542 98.0684817 255 79 163
26.0193127 8.4986957 98.3529298 255 79 163
26.4028342 9.22051851 97.9150178 255 79 163
26.1792692 8.5593592 98.2930686 255 79 163
26.4622589 9.22773398 97.7439443 255 79 163
26.3227604 8.61377826 98.1966408 255 79 163
26.4425913 8.6592241 98.0684817 255 79 163
26.3331193 7.90078721 98.3529298 255 79 163
26.5327528 8.69341786 97.9150178 255 79 163
26.47391 7.99796803 98.2930686 255 79 163
26.588724 8.71464494 97.7439443 255 79 163
26.6002083 8.08514549 98.1966408 255 79 163
26.7056812 8.15794815 98.0684817 255 79 163
26.7808961 7.39535169 98.3529298 255 79 163
26.7850397 8.21272538 97.9150178 255 79 163
26.8943388 7.52340204 98.2930686 255 79 163
26.8343045 8.24673042 97.7439443 255 79 163
26.9961042 7.63827145 98.1966408 255 79 163
27.0810894 7.7341999 98.0684817 255 79 163
27.3366199 7.01176321 98.3529298 255 79 163
27.1450328 7.80637714 97.9150178 255 79 163
27.4161217 7.16324126 98.2930686 255 79 163
27.1847281 7.85118389 97.7439443 255 79 163
27.48744 7.29912684 98.1966408 255 79 163
27.5469985 7.41260607 98.0684817 255 79 163
27.9679942 6.77231453 98.3529298 255 79 163
27.5918107 7.49798864 97.9150178 255 79 163
28.0089347 6.93841694 98.2930686 255 79 163
27.6196296 7.5509931 97.7439443 255 79 163
28.0456611 7.0874215 98.1966408 255 79 163
28.0763315 7.21185652 98.0684817 255 79 163
28.0994082 7.30548229 97.9150178 255 79 163
28.113734 7.36360404 97.7439443 255 79 163
35.8548954 6.51081687 98.3732227 255 79 163
35.8548954 6.69092155 98.3529298 255 79 163
35.8548954 6.86199504 98.2930686 255 79 163
35.8548954 7.01545899 98.1966408 255 79 163
35.8548954 7.14361808 98.0684817 255 79 163
35.8548954 7.24004587 97.9150178 255 79 163
35.8548954 7.29990707 97.7439443 255 79 163
35.8548954 7.32019999 97.5638396 255 79 163
36.5683288 6.59744336 98.3732227 255 79 163
37.2403 6.85228843 98.3732227 255 79 163
37.8317565 7.26054139 98.3732227 255 79 163
38.3083251 7.79847609 98.3732227 255 79 163
38.6423092 8.4348297 98.3732227 255 79 163
38.814299 9.13261966 98.3732227 255 79 163
38.814299 9.85129297 98.3732227 255 79 163
38.6423092 10.5490829 98.3732227 255 79 163
38.3083251 11.1854365 98.3732227 255 79 163
37.8317565 11.7233712 98.3732227 255 79 163
37.2403 12.1316242 98.3732227 255 79 163
36.5683288 12.3864693 98.3732227 255 79 163
35.8548954 12.4730958 98.3732227 255 79 163
35.8548954 12.2929911 98.3529298 255 79 163
35.8548954 12.1219176 98.2930686 255 79 163
35.8548954 11.9684536 98.1966408 255 79 163
35.8548954 11.8402946 98.0684817 255 79 163
35.8548954 11.7438668 97.9150178 255 79 163
35.8548954 11.6840056 97.7439443 255 79 163
35.8548954 11.6637126 97.5638396 255 79 163
36.3746307 7.38330729 97.5638396 255 79 163
36.8641609 7.56896159 97.5638396 255 79 163
37.2950362 7.86637337 97.5638396 255 79 163
37.6422158 8.25825811 97.5638396 255 79 163
37.8855228 8.72184091 97.5638396 255 79 163
38.0108172 9.23018002 97.5638396 255 79 163
38.0108172 9.75373261 97.5638396 255 79 163
37.8855228 10.2620717 97.5638396 255 79 163
37.6422158 10.7256545 97.5638396 255 79 163
37.2950362 11.1175393 97.5638396 255 79 163
36.8641609 11.414951 97.5638396 255 79 163
36.3746307 11.6006053 97.5638396 255 79 163
36.5252269 6.77231453 98.3529298 255 79 163
36.4842863 6.93841694 98.2930686 255 79 163
36.44756 7.0874215 98.1966408 255 79 163
36.4168895 7.21185652 98.0684817 255 79 163
37.1566012 7.01176321 98.3529298 255 79 163
36.3938129 7.30548229 97.9150178 255 79 163
37.0770994 7.16324126 98.2930686 255 79 163
36.3794871 7.36360404 97.7439443 255 79 163
37.0057811 7.29912684 98.1966408 255 79 163
36.9462226 7.41260607 98.0684817 255 79 163
37.712325 7.39535169 98.3529298 255 79 163
36.9014104 7.49798864 97.9150178 255 79 163
37.5988823 7.52340204 98.2930686 255 79 163
36.8735915 7.5509931 97.7439443 255 79 163
37.4971169 7.63827145 98.1966408 255 79 163
37.4121317 7.7341999 98.0684817 255 79 163
38.1601018 7.90078721 98.3529298 255 79 163
37.3481883 7.80637714 97.9150178 255 79 163
38.0193111 7.99796803 98.2930686 255 79 163
37.3084929 7.85118389 97.7439443 255 79 163
37.8930128 8.08514549 98.1966408 255 79 163
37.7875399 8.15794815 98.0684817 255 79 163
38.4739084 8.4986957 98.3529298 255 79 163
37.7081814 8.21272538 97.9150178 255 79 163
38.3139519 8.5593592 98.2930686 255 79 163
37.6589166 8.24673042 97.7439443 255 79 163
38.1704606 8.61377826 98.1966408 255 79 163
38.0506298 8.6592241 98.0684817 255 79 163
38.6355075 9.15432888 98.3529298 255 79 163
37.9604683 8.69341786 97.9150178 255 79 163
38.4656813 9.17494951 98.2930686 255 79 163
37.9044971 8.71464494 97.7439443 255 79 163
38.3133363 9.19344755 98.1966408 255 79 163
38.1861116 9.20889542 98.0684817 255 79 163
38.6355075 9.82958375 98.3529298 255 79 163
38.0903869 9.22051851 97.9150178 255 79 163
38.4656813 9.80896312 98.2930686 255 79 163
38.0309621 9.22773398 97.7439443 255 79 163
38.3133363 9.79046508 98.1966408 255 79 163
38.1861116 9.77501721 98.0684817 255 79 163
38.4739084 10.4852169 98.3529298 255 79 163
38.0903869 9.76339412 97.9150178 255 79 163
38.3139519 10.4245534 98.2930686 255 79 163
38.0309621 9.75617865 97.7439443 255 79 163
38.1704606 10.3701344 98.1966408 255 79 163
38.0506298 10.3246885 98.0684817 255 79 163
38.1601018 11.0831254 98.3529298 255 79 163
37.9604683 10.2904948 97.9150178 255 79 163
38.0193111 10.9859446 98.2930686 255 79 163
37.9044971 10.2692677 97.7439443 255 79 163
37.8930128 10.8987671 98.1966408 255 79 163
37.7875399 10.8259645 98.0684817 255 79 163
37.712325 11.5885609 98.3529298 255 79 163
37.7081814 10.7711873 97.9150178 255 79 163
37.5988823 11.4605106 98.2930686 255 79 163
37.6589166 10.7371822 97.7439443 255 79 163
37.4971169 11.3456412 98.1966408 255 79 163
37.4121317 11.2497127 98.0684817 255 79 163
37.1566012 11.9721494 98.3529298 255 79 163
37.3481883 11.1775355 97.9150178 255 79 163
37.0770994 11.8206714 98.2930686 255 79 163
37.3084929 11.1327287 97.7439443 255 79 163
37.0057811 11.6847858 98.1966408 255 79 163
36.9462226 11.5713066 98.0684817 255 79 163
36.5252269 12.2115981 98.3529298 255 79 163
36.9014104 11.485924 97.9150178 255 79 163
36.4842863 12.0454957 98.2930686 255 79 163
36.8735915 11.4329195 97.7439443 255 79 163
36.44756 11.8964911 98.1966408 255 79 163
36.4168895 11.7720561 98.0684817 255 79 163
36.3938129 11.6784303 97.9150178 255 79 163
36.3794871 11.6203086 97.7439443 255 79 163
35.8548954 12.4730958 98.3732227 255 79 163
28.6383257 12.4730958 98.3732227 255 79 163
28.6383257 12.2929911 98.3529298 255 79 163
28.6383257 12.1219176 98.2930686 255 79 163
28.6383257 11.9684536 98.1966408 255 79 163
28.6383257 11.8402946 98.0684817 255 79 163
28.6383257 11.7438668 97.9150178 255 79 163
28.6383257 11.6840056 97.7439443 255 79 163
28.6383257 11.6637126 97.5638396 255 79 163
35.8548954 11.6637126 97.5638396 255 79 163
35.8548954 12.2929911 98.3529298 255 79 163
35.8548954 12.1219176 98.2930686 255 79 163
35.8548954 11.9684536 98.1966408 255 79 163
35.8548954 11.8402946 98.0684817 255 79 163
35.8548954 11.7438668 97.9150178 255 79 163
35.8548954 11.6840056 97.7439443 255 79 163
61.4347279 0.809383129 97.5638396 255 79 163
61.414435 0.809383129 97.7439443 255 79 163
61.3545738 0.809383129 97.9150178 255 79 163
61.258146 0.809383129 98.0684817 255 79 163
61.1299869 0.809383129 98.1966408 255 79 163
60.976523 0.809383129 98.2930686 255 79 163
60.8054495 0.809383129 98.3529298 255 79 163
60.6253448 0.809383129 98.3732227 255 79 163
61.4347279 46.0357631 97.5638396 255 79 163
60.6253448 46.0357631 98.3732227 255 79 163
60.8054495 46.0357631 98.3529298 255 79 163
60.976523 46.0357631 98.2930686 255 79 163
61.1299869 46.0357631 98.1966408 255 79 163
61.258146 46.0357631 98.0684817 255 79 163
61.3545738 46.0357631 97.9150178 255 79 163
61.414435 46.0357631 97.7439443 255 79 163
0.809383129 16.1791638 98.3732227 255 79 163
0.785423432 16.3576677 98.3529298 255 79 163
0.762665175 16.5272206 98.2930686 255 79 163
0.742249552 16.6793205 98.1966408 255 79 163
0.725200286 16.8063405 98.0684817 255 79 163
0.712372299 16.9019112 97.9150178 255 79 163
0.704408841 16.9612404 97.7439443 255 79 163
0.701709231 16.9813529 97.5638396 255 79 163
2.11227876 16.5035255 98.3732227 255 79 163
3.312304 17.1057605 98.3732227 255 79 163
4.35101622 17.9565393 98.3732227 255 79 163
5.17782897 19.0144279 98.3732227 255 79 163
5.7524755 20.2279059 98.3732227 255 79 163
6.04696987 21.5378756 98.3732227 255 79 163
6.04696987 22.88054 98.3732227 255 79 163
5.7524755 24.1905097 98.3732227 255 79 163
5.17782897 25.4039877 98.3732227 255 79 163
4.35101622 26.4618763 98.3732227 255 79 163
3.312304 27.312655 98.3732227 255 79 163
2.11227876 27.91489 98.3732227 255 79 163
0.809383129 28.2392518 98.3732227 255 79 163
0.785423432 28.0607479 98.3529298 255 79 163
0.762665175 27.891195 98.2930686 255 79 163
0.742249552 27.739095 98.1966408 255 79 163
0.725200286 27.6120751 98.0684817 255 79 163
0.712372299 27.5165044 97.9150178 255 79 163
0.704408841 27.4571752 97.7439443 255 79 163
0.701709231 27.4370627 97.5638396 255 79 163
1.92211768 17.2971485 97.5638396 255 79 163
3.03274294 17.8935001 97.5638396 255 79 163
3.9701508 18.7363466 97.5638396 255 79 163
4.68080053 19.7775481 97.5638396 255 79 163
5.12410282 20.9576357 97.5638396 255 79 163
5.27473813 22.2092078 97.5638396 255 79 163
5.12410282 23.4607799 97.5638396 255 79 163
4.68080053 24.6408675 97.5638396 255 79 163
3.9701508 25.682069 97.5638396 255 79 163
3.03274294 26.5249155 97.5638396 255 79 163
1.92211768 27.121267 97.5638396 255 79 163
2.04975021 16.6724275 98.3529298 255 79 163
1.99035709 16.83286 98.2930686 255 79 163
1.93707764 16.9767784 98.1966408 255 79 163
1.89258351 17.0969658 98.0684817 255 79 163
1.85910581 17.1873957 97.9150178 255 79 163
1.83832326 17.2435335 97.7439443 255 79 163
3.21425179 17.2568349 98.3529298 255 79 163
3.12111634 17.4003338 98.2930686 255 79 163
3.03756783 17.5290615 98.1966408 255 79 163
2.96779574 17.6365632 98.0684817 255 79 163
2.91529874 17.7174482 97.9150178 255 79 163
2.88270923 17.7676606 97.7439443 255 79 163
4.22221563 18.0824286 98.3529298 255 79 163
4.09987364 18.2020052 98.2930686 255 79 163
3.99012498 18.3092732 98.1966408 255 79 163
3.89847292 18.3988536 98.0684817 255 79 163
3.82951327 18.4662545 97.9150178 255 79 163
3.78670395 18.5080962 97.7439443 255 79 163
5.02455272 19.1090011 98.3529298 255 79 163
4.87896238 19.198832 98.2930686 255 79 163
4.74835846 19.2794161 98.1966408 255 79 163
5.23922197 19.4874501 98.3529298 255 79 163
4.63928999 19.3467126 98.0684817 255 79 163
5.08741142 19.5663152 98.2930686 255 79 163
4.55722611 19.397347 97.9150178 255 79 163
4.95122757 19.6370622 98.1966408 255 79 163
4.50628185 19.4287802 97.7439443 255 79 163
4.83749925 19.6961437 98.0684817 255 79 163
4.75192927 19.740597 97.9150178 255 79 163
5.58218833 20.2865572 98.3529298 255 79 163
4.69880846 19.7681931 97.7439443 255 79 163
5.42044006 20.3422675 98.2930686 255 79 163
5.27534144 20.3922433 98.1966408 255 79 163
5.7354104 20.8083226 98.3529298 255 79 163
5.15416831 20.4339784 98.0684817 255 79 163
5.56922241 20.8489144 98.2930686 255 79 163
5.06299681 20.4653803 97.9150178 255 79 163
5.42014107 20.8853278 98.1966408 255 79 163
5.00639864 20.4848741 97.7439443 255 79 163
5.29564193 20.9157369 98.0684817 255 79 163
5.86796495 21.5577487 98.3529298 255 79 163
5.20196792 20.938617 97.9150178 255 79 163
5.69793609 21.5766252 98.2930686 255 79 163
5.14381622 20.9528207 97.7439443 255 79 163
5.54540923 21.5935587 98.1966408 255 79 163
5.41803273 21.6077 98.0684817 255 79 163
5.90401657 22.2092078 98.3529298 255 79 163
5.32219375 21.61834 97.9150178 255 79 163
5.73294308 22.2092078 98.2930686 255 79 163
5.26269808 21.6249452 97.7439443 255 79 163
5.57947913 22.2092078 98.1966408 255 79 163
5.45132005 22.2092078 98.0684817 255 79 163
5.86796495 22.8606669 98.3529298 255 79 163
5.35489226 22.2092078 97.9150178 255 79 163
5.69793609 22.8417904 98.2930686 255 79 163
5.29503106 22.2092078 97.7439443 255 79 163
5.54540923 22.8248569 98.1966408 255 79 163
5.41803273 22.8107156 98.0684817 255 79 163
5.7354104 23.6100929 98.3529298 255 79 163
5.32219375 22.8000756 97.9150178 255 79 163
5.56922241 23.5695012 98.2930686 255 79 163
5.26269808 22.7934704 97.7439443 255 79 163
5.42014107 23.5330878 98.1966408 255 79 163
5.58218833 24.1318583 98.3529298 255 79 163
5.29564193 23.5026786 98.0684817 255 79 163
5.42044006 24.076148 98.2930686 255 79 163
5.20196792 23.4797986 97.9150178 255 79 163
5.27534144 24.0261723 98.1966408 255 79 163
5.14381622 23.4655949 97.7439443 255 79 163
5.15416831 23.9844371 98.0684817 255 79 163
5.06299681 23.9530353 97.9150178 255 79 163
5.23922197 24.9309655 98.3529298 255 79 163
5.00639864 23.9335414 97.7439443 255 79 163
5.08741142 24.8521004 98.2930686 255 79 163
4.95122757 24.7813534 98.1966408 255 79 163
5.02455272 25.3094145 98.3529298 255 79 163
4.83749925 24.7222719 98.0684817 255 79 163
4.87896238 25.2195836 98.2930686 255 79 163
4.75192927 24.6778186 97.9150178 255 79 163
4.74835846 25.1389995 98.1966408 255 79 163
4.69880846 24.6502225 97.7439443 255 79 163
4.63928999 25.071703 98.0684817 255 79 163
4.55722611 25.0210686 97.9150178 255 79 163
4.50628185 24.9896354 97.7439443 255 79 163
4.44379143 26.0963828 98.3529298 255 79 163
4.31502911 25.9837488 98.2930686 255 79 163
4.199521 25.8827089 98.1966408 255 79 163
4.10305917 25.7983296 98.0684817 255 79 163
4.03048062 25.7348421 97.9150178 255 79 163
3.98542473 25.6954298 97.7439443 255 79 163
3.39455042 27.0397812 98.3529298 255 79 163
3.29619067 26.8998115 98.2930686 255 79 163
3.20795564 26.7742497 98.1966408 255 79 163
3.13426979 26.669392 98.0684817 255 79 163
3.07882804 26.5904963 97.9150178 255 79 163
3.04441048 26.5415188 97.7439443 255 79 163
2.15142711 27.7072777 98.3529298 255 79 163
2.08908783 27.5479669 98.2930686 255 79 163
2.03316548 27.4050547 98.1966408 255 79 163
1.98646424 27.2857076 98.0684817 255 79 163
1.95132589 27.1959099 97.9150178 255 79 163
1.92951243 27.1401647 97.7439443 255 79 163
0.809383129 46.0357631 98.3732227 255 79 163
60.6253448 46.0357631 98.3732227 255 79 163
60.6253448 46.8451462 97.5638396 255 79 163
60.6253448 46.8248533 97.7439443 255 79 163
60.6253448 46.7649921 97.9150178 255 79 163
60.6253448 46.6685643 98.0684817 255 79 163
60.6253448 46.5404052 98.1966408 255 79 163
60.6253448 46.3869412 98.2930686 255 79 163
60.6253448 46.2158678 98.3529298 255 79 163
0.809383129 46.8451462 97.5638396 255 79 163
0.809383129 46.2158678 98.3529298 255 79 163
0.809383129 46.3869412 98.2930686 255 79 163
0.809383129 46.5404052 98.1966408 255 79 163
0.809383129 46.6685643 98.0684817 255 79 163
0.809383129 46.7649921 97.9150178 255 79 163
0.809383129 46.8248533 97.7439443 255 79 163
0.809383129 28.2392518 98.3732227 255 79 163
0.809383129 46.0357631 98.3732227 255 79 163
0.629278439 46.0357631 98.3529298 255 79 163
0.45820495 46.0357631 98.2930686 255 79 163
0.304741002 46.0357631 98.1966408 255 79 163
0.176581917 46.0357631 98.0684817 255 79 163
0.0801541275 46.0357631 97.9150178 255 79 163
0.0202929249 46.0357631 97.7439443 255 79 163
-1.11022302e-16 46.0357631 97.5638396 255 79 163
0 28.2392518 97.5638396 255 79 163
0.629278439 28.2392518 98.3529298 255 79 163
0.45820495 28.2392518 98.2930686 255 79 163
0.304741002 28.2392518 98.1966408 255 79 163
0.176581917 28.2392518 98.0684817 255 79 163
0.0801541275 28.2392518 97.9150178 255 79 163
0.0202929249 28.2392518 97.7439443 255 79 163
61.4347279 6.50472614 82.8447891 255 79 163
61.414435 6.32462145 82.8447891 255 79 163
61.3545738 6.15354796 82.8447891 255 79 163
61.258146 6.00008401 82.8447891 255 79 163
61.1299869 5.87192492 82.8447891 255 79 163
60.976523 5.77549713 82.8447891 255 79 163
60.8054495 5.71563593 82.8447891 255 79 163
60.6253448 5.69534301 82.8447891 255 79 163
61.4347279 6.46414029 83.2049985 255 79 163
61.4347279 6.34441788 83.5471455 255 79 163
61.4347279 6.1515623 83.8540734 255 79 163
61.4347279 5.89524413 84.1103916 255 79 163
61.4347279 5.58831624 84.3032471 255 79 163
61.4347279 5.24616926 84.4229695 255 79 163
61.4347279 4.88595988 84.4635554 255 79 163
61.414435 4.88595988 84.2834507 255 79 163
61.3545738 4.88595988 84.1123772 255 79 163
61.258146 4.88595988 83.9589133 255 79 163
61.1299869 4.88595988 83.8307542 255 79 163
60.976523 4.88595988 83.7343264 255 79 163
60.8054495 4.88595988 83.6744652 255 79 163
60.6253448 4.88595988 83.6541723 255 79 163
60.6253448 5.67505008 83.0248938 255 79 163
60.6253448 5.61518888 83.1959673 255 79 163
60.6253448 5.51876109 83.3494313 255 79 163
60.6253448 5.39060201 83.4775904 255 79 163
60.6253448 5.23713806 83.5740181 255 79 163
60.6253448 5.06606457 83.6338793 255 79 163
61.414435 6.2885512 83.1649215 255 79 163
61.3545738 6.12176688 83.126854 255 79 163
61.414435 6.18214916 83.469001 255 79 163
61.258146 5.97215059 83.0927051 255 79 163
61.3545738 6.02801728 83.394775 255 79 163
61.414435 6.01075078 83.74178 255 79 163
61.1299869 5.84720472 83.064187 255 79 163
61.258146 5.88975104 83.3281895 255 79 163
61.3545738 5.87700015 83.6351174 255 79 163
60.976523 5.75319458 83.0427298 255 79 163
61.414435 5.78295069 83.96958 255 79 163
61.1299869 5.77428369 83.2725833 255 79 163
61.258146 5.7570172 83.5394342 255 79 163
60.8054495 5.69483422 83.0294094 255 79 163
61.3545738 5.67628812 83.8358294 255 79 163
60.976523 5.68740525 83.2307449 255 79 163
61.414435 5.51017174 84.1409784 255 79 163
61.1299869 5.65681839 83.4595283 255 79 163
61.258146 5.58060491 83.7158465 255 79 163
60.8054495 5.63347217 83.2047721 255 79 163
61.3545738 5.43594573 83.9868465 255 79 163
60.976523 5.58142811 83.3994065 255 79 163
61.414435 5.20609219 84.2473805 255 79 163
61.1299869 5.50069903 83.6156477 255 79 163
61.258146 5.36936022 83.8485803 255 79 163
60.8054495 5.53462674 83.3620837 255 79 163
61.3545738 5.16802476 84.0805961 255 79 163
60.976523 5.44057729 83.5402574 255 79 163
61.1299869 5.31375408 83.733113 255 79 163
61.258146 5.13387582 83.9309799 255 79 163
60.8054495 5.40325444 83.493456 255 79 163
60.976523 5.27191563 83.6462345 255 79 163
61.1299869 5.10535774 83.806034 255 79 163
60.8054495 5.24594283 83.5923014 255 79 163
60.976523 5.08390054 83.7120238 255 79 163
60.8054495 5.07058017 83.6536635 255 79 163
0.809383129 16.1791638 0 255 79 163
0.785423432 16.3576677 0.0202929249 255 79 163
0.762665175 16.5272206 0.0801541275 255 79 163
0.742249552 16.6793205 0.176581917 255 79 163
0.725200286 16.8063405 0.304741002 255 79 163
0.712372299 16.9019112 0.45820495 255 79 163
0.704408841 16.9612404 0.629278439 255 79 163
0.701709231 16.9813529 0.809383129 255 79 163
1.92211768 17.2971485 0.809383129 255 79 163
3.03274294 17.8935001 0.809383129 255 79 163
3.9701508 18.7363466 0.809383129 255 79 163
4.68080053 19.7775481 0.809383129 255 79 163
5.12410282 20.9576357 0.809383129 255 79 163
5.27473813 22.2092078 0.809383129 255 79 163
5.12410282 23.4607799 0.809383129 255 79 163
4.68080053 24.6408675 0.809383129 255 79 163
3.9701508 25.682069 0.809383129 255 79 163
3.03274294 26.5249155 0.809383129 255 79 163
1.92211768 27.121267 0.809383129 255 79 163
0.701709231 27.4370627 0.809383129 255 79 163
0.809383129 28.2392518 0 255 79 163
0.785423432 28.0607479 0.0202929249 255 79 163
0.762665175 27.891195 0.0801541275 255 79 163
0.742249552 27.739095 0.176581917 255 79 163
0.725200286 27.6120751 0.304741002 255 79 163
0.712372299 27.5165044 0.45820495 255 79 163
0.704408841 27.4571752 0.629278439 255 79 163
2.11227876 16.5035255 0 255 79 163
3.312304 17.1057605 0 255 79 163
4.35101622 17.9565393 0 255 79 163
5.17782897 19.0144279 0 255 79 163
5.7524755 20.2279059 0 255 79 163
6.04696987 21.5378756 0 255 79 163
6.04696987 22.88054 0 255 79 163
5.7524755 24.1905097 0 255 79 163
5.17782897 25.4039877 0 255 79 163
4.35101622 26.4618763 0 255 79 163
3.312304 27.312655 0 255 79 163
2.11227876 27.91489 0 255 79 163
1.83832326 17.2435335 0.629278439 255 79 163
1.85910581 17.1873957 0.45820495 255 79 163
1.89258351 17.0969658 0.304741002 255 79 163
1.93707764 16.9767784 0.176581917 255 79 163
1.99035709 16.83286 0.0801541275 255 79 163
2.04975021 16.6724275 0.0202929249 255 79 163
2.88270923 17.7676606 0.629278439 255 79 163
2.91529874 17.7174482 0.45820495 255 79 163
2.96779574 17.6365632 0.304741002 255 79 163
3.03756783 17.5290615 0.176581917 255 79 163
3.12111634 17.4003338 0.0801541275 255 79 163
3.21425179 17.2568349 0.0202929249 255 79 163
3.82951327 18.4662545 0.45820495 255 79 163
3.89847292 18.3988536 0.304741002 255 79 163
3.99012498 18.3092732 0.176581917 255 79 163
4.09987364 18.2020052 0.0801541275 255 79 163
4.22221563 18.0824286 0.0202929249 255 79 163
4.55722611 19.397347 0.45820495 255 79 163
4.63928999 19.3467126 0.304741002 255 79 163
4.69880846 19.7681931 0.629278439 255 79 163
4.74835846 19.2794161 0.176581917 255 79 163
4.75192927 19.740597 0.45820495 255 79 163
4.87896238 19.198832 0.0801541275 255 79 163
4.83749925 19.6961437 0.304741002 255 79 163
5.02455272 19.1090011 0.0202929249 255 79 163
4.95122757 19.6370622 0.176581917 255 79 163
5.08741142 19.5663152 0.0801541275 255 79 163
5.00639864 20.4848741 0.629278439 255 79 163
5.23922197 19.4874501 0.0202929249 255 79 163
5.06299681 20.4653803 0.45820495 255 79 163
5.15416831 20.4339784 0.304741002 255 79 163
5.14381622 20.9528207 0.629278439 255 79 163
5.27534144 20.3922433 0.176581917 255 79 163
5.20196792 20.938617 0.45820495 255 79 163
5.42044006 20.3422675 0.0801541275 255 79 163
5.29564193 20.9157369 0.304741002 255 79 163
5.58218833 20.2865572 0.0202929249 255 79 163
5.42014107 20.8853278 0.176581917 255 79 163
5.26269808 21.6249452 0.629278439 255 79 163
5.56922241 20.8489144 0.0801541275 255 79 163
5.32219375 21.61834 0.45820495 255 79 163
5.7354104 20.8083226 0.0202929249 255 79 163
5.41803273 21.6077 0.304741002 255 79 163
5.54540923 21.5935587 0.176581917 255 79 163
5.29503106 22.2092078 0.629278439 255 79 163
5.69793609 21.5766252 0.0801541275 255 79 163
5.35489226 22.2092078 0.45820495 255 79 163
5.86796495 21.5577487 0.0202929249 255 79 163
5.45132005 22.2092078 0.304741002 255 79 163
5.57947913 22.2092078 0.176581917 255 79 163
5.26269808 22.7934704 0.629278439 255 79 163
5.73294308 22.2092078 0.0801541275 255 79 163
5.32219375 22.8000756 0.45820495 255 79 163
5.90401657 22.2092078 0.0202929249 255 79 163
5.41803273 22.8107156 0.304741002 255 79 163
5.54540923 22.8248569 0.176581917 255 79 163
5.14381622 23.4655949 0.629278439 255 79 163
5.69793609 22.8417904 0.0801541275 255 79 163
5.20196792 23.4797986 0.45820495 255 79 163
5.86796495 22.8606669 0.0202929249 255 79 163
5.29564193 23.5026786 0.304741002 255 79 163
5.00639864 23.9335414 0.629278439 255 79 163
5.42014107 23.5330878 0.176581917 255 79 163
5.06299681 23.9530353 0.45820495 255 79 163
5.56922241 23.5695012 0.0801541275 255 79 163
5.15416831 23.9844371 0.304741002 255 79 163
5.7354104 23.6100929 0.0202929249 255 79 163
5.27534144 24.0261723 0.176581917 255 79 163
5.42044006 24.076148 0.0801541275 255 79 163
4.69880846 24.6502225 0.629278439 255 79 163
5.58218833 24.1318583 0.0202929249 255 79 163
4.75192927 24.6778186 0.45820495 255 79 163
4.83749925 24.7222719 0.304741002 255 79 163
4.50628185 24.9896354 0.629278439 255 79 163
4.95122757 24.7813534 0.176581917 255 79 163
4.55722611 25.0210686 0.45820495 255 79 163
5.08741142 24.8521004 0.0801541275 255 79 163
4.63928999 25.071703 0.304741002 255 79 163
5.23922197 24.9309655 0.0202929249 255 79 163
4.74835846 25.1389995 0.176581917 255 79 163
4.87896238 25.2195836 0.0801541275 255 79 163
5.02455272 25.3094145 0.0202929249 255 79 163
3.98542473 25.6954298 0.629278439 255 79 163
4.03048062 25.7348421 0.45820495 255 79 163
4.10305917 25.7983296 0.304741002 255 79 163
4.199521 25.8827089 0.176581917 255 79 163
4.31502911 25.9837488 0.0801541275 255 79 163
4.44379143 26.0963828 0.0202929249 255 79 163
3.04441048 26.5415188 0.629278439 255 79 163
3.07882804 26.5904963 0.45820495 255 79 163
3.13426979 26.669392 0.304741002 255 79 163
3.20795564 26.7742497 0.176581917 255 79 163
3.29619067 26.8998115 0.0801541275 255 79 163
3.39455042 27.0397812 0.0202929249 255 79 163
1.92951243 27.1401647 0.629278439 255 79 163
1.95132589 27.1959099 0.45820495 255 79 163
1.98646424 27.2857076 0.304741002 255 79 163
2.03316548 27.4050547 0.176581917 255 79 163
2.08908783 27.5479669 0.0801541275 255 79 163
2.15142711 27.7072777 0.0202929249 255 79 163
0.701709231 27.4370627 97.5638396 255 79 163
0.701709231 27.4370627 0.809383129 255 79 163
0.51444344 27.48552 97.5638396 255 79 163
0.344023351 27.5770272 97.5638396 255 79 163
0.200182634 27.706358 97.5638396 255 79 163
0.091136861 27.8661253 97.5638396 255 79 163
0.0231142624 28.0472041 97.5638396 255 79 163
0 28.2392518 97.5638396 255 79 163
0 28.2392518 0.809383129 255 79 163
0.0231142624 28.0472041 0.809383129 255 79 163
0.091136861 27.8661253 0.809383129 255 79 163
0.200182634 27.706358 0.809383129 255 79 163
0.344023351 27.5770272 0.809383129 255 79 163
0.51444344 27.48552 0.809383129 255 79 163
61.4347279 6.50472614 49.2338684 255 79 163
61.414435 6.32462145 49.2338684 255 79 163
61.3545738 6.15354796 49.2338684 255 79 163
61.258146 6.00008401 49.2338684 255 79 163
61.1299869 5.87192492 49.2338684 255 79 163
60.976523 5.77549713 49.2338684 255 79 163
60.8054495 5.71563593 49.2338684 255 79 163
60.6253448 5.69534301 49.2338684 255 79 163
61.4347279 6.50472614 82.8447891 255 79 163
61.414435 6.32462145 82.8447891 255 79 163
61.3545738 6.15354796 82.8447891 255 79 163
61.258146 6.00008401 82.8447891 255 79 163
61.1299869 5.87192492 82.8447891 255 79 163
60.976523 5.77549713 82.8447891 255 79 163
60.8054495 5.71563593 82.8447891 255 79 163
60.6253448 5.69534301 82.8447891 255 79 163
0.809383129 0 0.809383129 255 79 163
0.809383129 0.0202929249 0.629278439 255 79 163
0.809383129 0.0801541275 0.45820495 255 79 163
0.809383129 0.176581917 0.304741002 255 79 163
0.809383129 0.304741002 0.176581917 255 79 163
0.809383129 0.45820495 0.0801541275 255 79 163
0.809383129 0.629278439 0.0202929249 255 79 163
0.809383129 0.809383129 -1.11022302e-16 255 79 163
60.6253448 0.809383129 -1.11022302e-16 255 79 163
60.6253448 -1.11022302e-16 0.809383129 255 79 163
60.6253448 0.0202929249 0.629278439 255 79 163
60.6253448 0.0801541275 0.45820495 255 79 163
60.6253448 0.176581917 0.304741002 255 79 163
60.6253448 0.304741002 0.176581917 255 79 163
60.6253448 0.45820495 0.0801541275 255 79 163
60.6253448 0.629278439 0.0202929249 255 79 163
60.6253448 0.809383129 -1.11022302e-16 255 79 163
60.6253448 46.0357631 -1.11022302e-16 255 79 163
61.4347279 46.0357631 0.809383129 255 79 163
61.414435 46.0357631 0.629278439 255 79 163
61.3545738 46.0357631 0.45820495 255 79 163
61.258146 46.0357631 0.304741002 255 79 163
61.1299869 46.0357631 0.176581917 255 79 163
60.976523 46.0357631 0.0801541275 255 79 163
60.8054495 46.0357631 0.0202929249 255 79 163
61.4347279 0.809383129 0.809383129 255 79 163
61.414435 0.809383129 0.629278439 255 79 163
61.3545738 0.809383129 0.45820495 255 79 163
61.258146 0.809383129 0.304741002 255 79 163
61.1299869 0.809383129 0.176581917 255 79 163
60.976523 0.809383129 0.0801541275 255 79 163
60.8054495 0.809383129 0.0202929249 255 79 163
0.809383129 28.2392518 0 255 79 163
0.629278439 28.2392518 0.0202929249 255 79 163
0.45820495 28.2392518 0.0801541275 255 79 163
0.304741002 28.2392518 0.176581917 255 79 163
0.176581917 28.2392518 0.304741002 255 79 163
0.0801541275 28.2392518 0.45820495 255 79 163
0.0202929249 28.2392518 0.629278439 255 79 163
0 28.2392518 0.809383129 255 79 163
-1.11022302e-16 46.0357631 0.809383129 255 79 163
0.809383129 46.0357631 0 255 79 163
0.629278439 46.0357631 0.0202929249 255 79 163
0.45820495 46.0357631 0.0801541275 255 79 163
0.304741002 46.0357631 0.176581917 255 79 163
0.176581917 46.0357631 0.304741002 255 79 163
0.0801541275 46.0357631 0.45820495 255 79 163
0.0202929249 46.0357631 0.629278439 255 79 163
0.809383129 46.0357631 0 255 79 163
0.809383129 46.2158678 0.0202929249 255 79 163
0.809383129 46.3869412 0.0801541275 255 79 163
0.809383129 46.5404052 0.176581917 255 79 163
0.809383129 46.6685643 0.304741002 255 79 163
0.809383129 46.7649921 0.45820495 255 79 163
0.809383129 46.8248533 0.629278439 255 79 163
0.809383129 46.8451462 0.809383129 255 79 163
60.6253448 46.8451462 0.809383129 255 79 163
60.6253448 46.0357631 -1.11022302e-16 255 79 163
60.6253448 46.2158678 0.0202929249 255 79 163
60.6253448 46.3869412 0.0801541275 255 79 163
60.6253448 46.5404052 0.176581917 255 79 163
60.6253448 46.6685643 0.304741002 255 79 163
60.6253448 46.7649921 0.45820495 255 79 163
60.6253448 46.8248533 0.629278439 255 79 163
60.6253448 5.69534301 49.2338684 255 79 163
60.6253448 5.67505008 49.0537637 255 79 163
60.6253448 5.61518888 48.8826902 255 79 163
60.6253448 5.51876109 48.7292262 255 79 163
60.6253448 5.39060201 48.6010672 255 79 163
60.6253448 5.23713806 48.5046394 255 79 163
60.6253448 5.06606457 48.4447782 255 79 163
60.6253448 4.88595988 48.4244852 255 79 163
61.4347279 4.88595988 47.6151021 255 79 163
61.414435 4.88595988 47.7952068 255 79 163
61.3545738 4.88595988 47.9662803 255 79 163
61.258146 4.88595988 48.1197442 255 79 163
61.1299869 4.88595988 48.2479033 255 79 163
60.976523 4.88595988 48.3443311 255 79 163
60.8054495 4.88595988 48.4041923 255 79 163
61.4347279 6.50472614 49.2338684 255 79 163
61.4347279 6.46414029 48.873659 255 79 163
61.4347279 6.34441788 48.531512 255 79 163
61.4347279 6.1515623 48.2245841 255 79 163
61.4347279 5.89524413 47.968266 255 79 163
61.4347279 5.58831624 47.7754104 255 79 163
61.4347279 5.24616926 47.655688 255 79 163
61.414435 6.32462145 49.2338684 255 79 163
61.3545738 6.15354796 49.2338684 255 79 163
61.258146 6.00008401 49.2338684 255 79 163
61.1299869 5.87192492 49.2338684 255 79 163
60.976523 5.77549713 49.2338684 255 79 163
60.8054495 5.71563593 49.2338684 255 79 163
61.414435 5.20609219 47.8312771 255 79 163
61.3545738 5.16802476 47.9980614 255 79 163
61.414435 5.51017174 47.9376791 255 79 163
61.258146 5.13387582 48.1476777 255 79 163
61.3545738 5.43594573 48.091811 255 79 163
61.414435 5.78295069 48.1090775 255 79 163
61.1299869 5.10535774 48.2726235 255 79 163
61.258146 5.36936022 48.2300772 255 79 163
61.3545738 5.67628812 48.2428281 255 79 163
60.976523 5.08390054 48.3666337 255 79 163
61.414435 6.01075078 48.3368776 255 79 163
61.1299869 5.31375408 48.3455446 255 79 163
61.258146 5.58060491 48.3628111 255 79 163
60.8054495 5.07058017 48.424994 255 79 163
61.3545738 5.87700015 48.4435401 255 79 163
60.976523 5.27191563 48.432423 255 79 163
61.414435 6.18214916 48.6096565 255 79 163
61.1299869 5.50069903 48.4630099 255 79 163
61.258146 5.7570172 48.5392233 255 79 163
60.8054495 5.24594283 48.4863561 255 79 163
61.3545738 6.02801728 48.6838825 255 79 163
60.976523 5.44057729 48.5384001 255 79 163
61.414435 6.2885512 48.9137361 255 79 163
61.1299869 5.65681839 48.6191292 255 79 163
61.258146 5.88975104 48.750468 255 79 163
60.8054495 5.40325444 48.5852015 255 79 163
61.3545738 6.12176688 48.9518035 255 79 163
60.976523 5.58142811 48.679251 255 79 163
61.1299869 5.77428369 48.8060742 255 79 163
61.258146 5.97215059 48.9859524 255 79 163
60.8054495 5.53462674 48.7165738 255 79 163
60.976523 5.68740525 48.8479126 255 79 163
61.1299869 5.84720472 49.0144705 255 79 163
60.8054495 5.63347217 48.8738854 255 79 163
60.976523 5.75319458 49.0359277 255 79 163
60.8054495 5.69483422 49.0492481 255 79 163
60.6253448 -1.11022302e-16 47.6151021 255 79 163
0.809383129 -1.11022302e-16 47.6151021 255 79 163
60.6253448 0.809383129 48.4244852 255 79 163
60.6253448 0.629278439 48.4041923 255 79 163
60.6253448 0.45820495 48.3443311 255 79 163
60.6253448 0.304741002 48.2479033 255 79 163
60.6253448 0.176581917 48.1197442 255 79 163
60.6253448 0.0801541275 47.9662803 255 79 163
60.6253448 0.0202929249 47.7952068 255 79 163
0.809383129 0.809383129 48.4244852 255 79 163
0.809383129 0.629278439 48.4041923 255 79 163
0.809383129 0.45820495 48.3443311 255 79 163
0.809383129 0.304741002 48.2479033 255 79 163
0.809383129 0.176581917 48.1197442 255 79 163
0.809383129 0.0801541275 47.9662803 255 79 163
0.809383129 0.0202929249 47.7952068 255 79 163
61.4347279 0.809383129 0.809383129 255 79 163
61.414435 0.629278439 0.809383129 255 79 163
61.3545738 0.45820495 0.809383129 255 79 163
61.258146 0.304741002 0.809383129 255 79 163
61.1299869 0.176581917 0.809383129 255 79 163
60.976523 0.0801541275 0.809383129 255 79 163
60.8054495 0.0202929249 0.809383129 255 79 163
60.6253448 -1.11022302e-16 0.809383129 255 79 163
61.4347279 0.809383129 47.6151021 255 79 163
61.414435 0.629278439 47.6151021 255 79 163
61.3545738 0.45820495 47.6151021 255 79 163
61.258146 0.304741002 47.6151021 255 79 163
61.1299869 0.176581917 47.6151021 255 79 163
60.976523 0.0801541275 47.6151021 255 79 163
60.8054495 0.0202929249 47.6151021 255 79 163
60.6253448 -1.11022302e-16 47.6151021 255 79 163
61.4347279 0.809383129 47.6151021 255 79 163
61.414435 0.809383129 47.7952068 255 79 163
61.3545738 0.809383129 47.9662803 255 79 163
61.258146 0.809383129 48.1197442 255 79 163
61.1299869 0.809383129 48.2479033 255 79 163
60.976523 0.809383129 48.3443311 255 79 163
60.8054495 0.809383129 48.4041923 255 79 163
60.6253448 0.809383129 48.4244852 255 79 163
61.4347279 4.88595988 47.6151021 255 79 163
61.414435 4.88595988 47.7952068 255 79 163
61.3545738 4.88595988 47.9662803 255 79 163
61.258146 4.88595988 48.1197442 255 79 163
61.1299869 4.88595988 48.2479033 255 79 163
60.976523 4.88595988 48.3443311 255 79 163
60.8054495 4.88595988 48.4041923 255 79 163
60.6253448 4.88595988 48.4244852 255 79 163
60.6253448 0 84.4635554 255 79 163
60.8054495 0.0202929249 84.4635554 255 79 163
60.976523 0.0801541275 84.4635554 255 79 163
61.1299869 0.176581917 84.4635554 255 79 163
61.258146 0.304741002 84.4635554 255 79 163
61.3545738 0.45820495 84.4635554 255 79 163
61.414435 0.629278439 84.4635554 255 79 163
61.4347279 0.809383129 84.4635554 255 79 163
60.6253448 0 84.4635554 255 79 163
60.6253448 0.0202929249 84.2834507 255 79 163
60.6253448 0.0801541275 84.1123772 255 79 163
60.6253448 0.176581917 83.9589133 255 79 163
60.6253448 0.304741002 83.8307542 255 79 163
60.6253448 0.45820495 83.7343264 255 79 163
60.6253448 0.629278439 83.6744652 255 79 163
60.6253448 0.809383129 83.6541723 255 79 163
61.414435 0.809383129 84.2834507 255 79 163
61.3545738 0.809383129 84.1123772 255 79 163
61.258146 0.809383129 83.9589133 255 79 163
61.1299869 0.809383129 83.8307542 255 79 163
60.976523 0.809383129 83.7343264 255 79 163
60.8054495 0.809383129 83.6744652 255 79 163
60.8723786 0.03961403 84.4244291 255 79 163
60.8481972 0.03961403 84.3500064 255 79 163
60.8022015 0.03961403 84.2866987 255 79 163
61.0778037 0.154578423 84.3165426 255 79 163
60.7388938 0.03961403 84.240703 255 79 163
61.0102293 0.154578423 84.1839204 255 79 163
61.2720878 0.333639662 84.3611214 255 79 163
60.6644711 0.03961403 84.2165216 255 79 163
60.9049798 0.154578423 84.0786708 255 79 163
61.20878 0.333639662 84.1662803 255 79 163
60.7723576 0.154578423 84.0110965 255 79 163
61.0883616 0.333639662 84.0005385 255 79 163
61.3574387 0.559269987 84.2256837 255 79 163
60.9226199 0.333639662 83.8801201 255 79 163
61.2481011 0.559269987 84.0110965 255 79 163
60.7277788 0.333639662 83.8168124 255 79 163
61.0778037 0.559269987 83.8407991 255 79 163
60.8632165 0.559269987 83.7314615 255 79 163
60.6253448 0.809383129 98.3732227 255 79 163
60.6253448 0.629278439 98.3529298 255 79 163
60.6253448 0.45820495 98.2930686 255 79 163
60.6253448 0.304741002 98.1966408 255 79 163
60.6253448 0.176581917 98.0684817 255 79 163
60.6253448 0.0801541275 97.9150178 255 79 163
60.6253448 0.0202929249 97.7439443 255 79 163
60.6253448 -1.11022302e-16 97.5638396 255 79 163
61.4347279 0.809383129 97.5638396 255 79 163
61.414435 0.629278439 97.5638396 255 79 163
61.3545738 0.45820495 97.5638396 255 79 163
61.258146 0.304741002 97.5638396 255 79 163
61.1299869 0.176581917 97.5638396 255 79 163
60.976523 0.0801541275 97.5638396 255 79 163
60.8054495 0.0202929249 97.5638396 255 79 163
61.4347279 0.809383129 97.5638396 255 79 163
61.414435 0.809383129 97.7439443 255 79 163
61.3545738 0.809383129 97.9150178 255 79 163
61.258146 0.809383129 98.0684817 255 79 163
61.1299869 0.809383129 98.1966408 255 79 163
60.976523 0.809383129 98.2930686 255 79 163
60.8054495 0.809383129 98.3529298 255 79 163
61.3951139 0.562349295 97.6029659 255 79 163
61.3951139 0.586530688 97.6773886 255 79 163
61.3951139 0.63252643 97.7406963 255 79 163
61.2801495 0.356924205 97.7108524 255 79 163
61.3951139 0.695834138 97.786692 255 79 163
61.2801495 0.424498579 97.8434746 255 79 163
61.1010882 0.162640155 97.6662736 255 79 163
61.3951139 0.770256813 97.8108734 255 79 163
61.2801495 0.529748135 97.9487242 255 79 163
61.1010882 0.225947863 97.8611147 255 79 163
61.2801495 0.662370312 98.0162985 255 79 163
61.1010882 0.346366281 98.0268565 255 79 163
60.8754579 0.0772892113 97.8017113 255 79 163
61.1010882 0.512108013 98.1472749 255 79 163
60.8754579 0.186626846 98.0162985 255 79 163
61.1010882 0.706949105 98.2105826 255 79 163
60.8754579 0.356924205 98.1865959 255 79 163
60.8754579 0.571511395 98.2959335 255 79 163
61.4347279 4.88595988 84.4635554 218 222 230
61.4347279 0.809383129 84.4635554 218 222 230
61.4347279 6.50472614 82.8447891 218 222 230
61.4347279 6.46414029 83.2049985 218 222 230
61.4347279 6.34441788 83.5471455 218 222 230
61.4347279 6.1515623 83.8540734 218 222 230
61.4347279 5.89524413 84.1103916 218 222 230
61.4347279 5.58831624 84.3032471 218 222 230
61.4347279 5.24616926 84.4229695 218 222 230
61.4347279 6.50472614 49.2338684 218 222 230
61.4347279 6.46414029 48.873659 218 222 230
61.4347279 6.34441788 48.531512 218 222 230
61.4347279 6.1515623 48.2245841 218 222 230
61.4347279 5.89524413 47.968266 218 222 230
61.4347279 5.58831624 47.7754104 218 222 230
61.4347279 5.24616926 47.655688 218 222 230
61.4347279 4.88595988 47.6151021 218 222 230
61.4347279 0.809383129 47.6151021 218 222 230
61.4347279 0.809383129 0.809383129 218 222 230
61.4347279 46.0357631 0.809383129 218 222 230
61.4347279 46.0357631 97.5638396 218 222 230
61.4347279 0.809383129 97.5638396 218 222 230
61.4347279 25.970401 61.3117642 218 222 230
61.4347279 25.970401 88.0211276 218 222 230
61.4347279 24.3516347 59.692998 218 222 230
61.4347279 24.7118441 59.7335838 218 222 230
61.4347279 25.0539911 59.8533062 218 222 230
61.4347279 25.360919 60.0461618 218 222 230
61.4347279 25.6172372 60.30248 218 222 230
61.4347279 25.8100927 60.6094079 218 222 230
61.4347279 25.9298151 60.9515548 218 222 230
61.4347279 10.775736 59.692998 218 222 230
61.4347279 9.15696979 61.3117642 218 222 230
61.4347279 9.19755564 60.9515548 218 222 230
61.4347279 9.31727805 60.6094079 218 222 230
61.4347279 9.51013363 60.30248 218 222 230
61.4347279 9.7664518 60.0461618 218 222 230
61.4347279 10.0733797 59.8533062 218 222 230
61.4347279 10.4155267 59.7335838 218 222 230
61.4347279 9.15696979 88.0211276 218 222 230
61.4347279 10.775736 89.6398939 218 222 230
61.4347279 10.4155267 89.599308 218 222 230
61.4347279 10.0733797 89.4795856 218 222 230
61.4347279 9.7664518 89.28673 218 222 230
61.4347279 9.51013363 89.0304119 218 222 230
61.4347279 9.31727805 88.723484 218 222 230
61.4347279 9.19755564 88.381337 218 222 230
61.4347279 24.3516347 89.6398939 218 222 230
61.4347279 25.9298151 88.381337 218 222 230
61.4347279 25.8100927 88.723484 218 222 230
61.4347279 25.6172372 89.0304119 218 222 230
61.4347279 25.360919 89.28673 218 222 230
61.4347279 25.0539911 89.4795856 218 222 230
61.4347279 24.7118441 89.599308 218 222 230
28.6383257 7.32019999 97.5638396 218 222 230
28.6383257 7.32019999 62.9824676 218 222 230
35.8548954 7.32019999 62.9824676 218 222 230
35.8548954 7.32019999 97.5638396 218 222 230
28.6383257 11.6637126 97.5638396 218 222 230
28.6383257 11.6637126 62.9824676 218 222 230
28.1185904 11.6006053 62.9824676 218 222 230
27.6290602 11.414951 62.9824676 218 222 230
27.1981848 11.1175393 62.9824676 218 222 230
26.8510053 10.7256545 62.9824676 218 222 230
26.6076982 10.2620717 62.9824676 218 222 230
26.4824039 9.75373261 62.9824676 218 222 230
26.4824039 9.23018002 62.9824676 218 222 230
26.6076982 8.72184091 62.9824676 218 222 230
26.8510053 8.25825811 62.9824676 218 222 230
27.1981848 7.86637337 62.9824676 218 222 230
27.6290602 7.56896159 62.9824676 218 222 230
28.1185904 7.38330729 62.9824676 218 222 230
28.6383257 7.32019999 62.9824676 218 222 230
28.6383257 7.32019999 97.5638396 218 222 230
28.1185904 11.6006053 97.5638396 218 222 230
27.6290602 11.414951 97.5638396 218 222 230
27.1981848 11.1175393 97.5638396 218 222 230
26.8510053 10.7256545 97.5638396 218 222 230
26.6076982 10.2620717 97.5638396 218 222 230
26.4824039 9.75373261 97.5638396 218 222 230
26.4824039 9.23018002 97.5638396 218 222 230
26.6076982 8.72184091 97.5638396 218 222 230
26.8510053 8.25825811 97.5638396 218 222 230
27.1981848 7.86637337 97.5638396 218 222 230
27.6290602 7.56896159 97.5638396 218 222 230
28.1185904 7.38330729 97.5638396 218 222 230
35.8548954 7.32019999 97.5638396 218 222 230
35.8548954 7.32019999 62.9824676 218 222 230
36.3746307 7.38330729 62.9824676 218 222 230
36.8641609 7.56896159 62.9824676 218 222 230
37.2950362 7.86637337 62.9824676 218 222 230
37.6422158 8.25825811 62.9824676 218 222 230
37.8855228 8.72184091 62.9824676 218 222 230
38.0108172 9.23018002 62.9824676 218 222 230
38.0108172 9.75373261 62.9824676 218 222 230
37.8855228 10.2620717 62.9824676 218 222 230
37.6422158 10.7256545 62.9824676 218 222 230
37.2950362 11.1175393 62.9824676 218 222 230
36.8641609 11.414951 62.9824676 218 222 230
36.3746307 11.6006053 62.9824676 218 222 230
35.8548954 11.6637126 62.9824676 218 222 230
35.8548954 11.6637126 97.5638396 218 222 230
36.3746307 7.38330729 97.5638396 218 222 230
36.8641609 7.56896159 97.5638396 218 222 230
37.2950362 7.86637337 97.5638396 218 222 230
37.6422158 8.25825811 97.5638396 218 222 230
37.8855228 8.72184091 97.5638396 218 222 230
38.0108172 9.23018002 97.5638396 218 222 230
38.0108172 9.75373261 97.5638396 218 222 230
37.8855228 10.2620717 97.5638396 218 222 230
37.6422158 10.7256545 97.5638396 218 222 230
37.2950362 11.1175393 97.5638396 218 222 230
36.8641609 11.414951 97.5638396 218 222 230
36.3746307 11.6006053 97.5638396 218 222 230
35.8548954 11.6637126 97.5638396 218 222 230
35.8548954 11.6637126 62.9824676 218 222 230
28.6383257 11.6637126 62.9824676 218 222 230
28.6383257 11.6637126 97.5638396 218 222 230
60.6253448 46.0357631 98.3732227 255 79 163
60.8054495 46.0357631 98.3529298 255 79 163
60.976523 46.0357631 98.2930686 255 79 163
61.1299869 46.0357631 98.1966408 255 79 163
61.258146 46.0357631 98.0684817 255 79 163
61.3545738 46.0357631 97.9150178 255 79 163
61.414435 46.0357631 97.7439443 255 79 163
61.4347279 46.0357631 97.5638396 255 79 163
60.6253448 46.8451462 97.5638396 255 79 163
60.8054495 46.8248533 97.5638396 255 79 163
60.976523 46.7649921 97.5638396 255 79 163
61.1299869 46.6685643 97.5638396 255 79 163
61.258146 46.5404052 97.5638396 255 79 163
61.3545738 46.3869412 97.5638396 255 79 163
61.414435 46.2158678 97.5638396 255 79 163
60.6253448 46.8451462 97.5638396 255 79 163
60.6253448 46.8248533 97.7439443 255 79 163
60.6253448 46.7649921 97.9150178 255 79 163
60.6253448 46.6685643 98.0684817 255 79 163
60.6253448 46.5404052 98.1966408 255 79 163
60.6253448 46.3869412 98.2930686 255 79 163
60.6253448 46.2158678 98.3529298 255 79 163
60.8723786 46.8055322 97.6029659 255 79 163
60.8481972 46.8055322 97.6773886 255 79 163
60.8022015 46.8055322 97.7406963 255 79 163
61.0778037 46.6905678 97.7108524 255 79 163
60.7388938 46.8055322 97.786692 255 79 163
61.0102293 46.6905678 97.8434746 255 79 163
61.2720878 46.5115065 97.6662736 255 79 163
60.6644711 46.8055322 97.8108734 255 79 163
60.9049798 46.6905678 97.9487242 255 79 163
61.20878 46.5115065 97.8611147 255 79 163
60.7723576 46.6905678 98.0162985 255 79 163
61.0883616 46.5115065 98.0268565 255 79 163
61.3574387 46.2858762 97.8017113 255 79 163
60.9226199 46.5115065 98.1472749 255 79 163
61.2481011 46.2858762 98.0162985 255 79 163
60.7277788 46.5115065 98.2105826 255 79 163
61.0778037 46.2858762 98.1865959 255 79 163
60.8632165 46.2858762 98.2959335 255 79 163
0.809383129 28.2392518 98.3732227 255 79 163
0.785423432 28.0607479 98.3529298 255 79 163
0.762665175 27.891195 98.2930686 255 79 163
0.742249552 27.739095 98.1966408 255 79 163
0.725200286 27.6120751 98.0684817 255 79 163
0.712372299 27.5165044 97.9150178 255 79 163
0.704408841 27.4571752 97.7439443 255 79 163
0.701709231 27.4370627 97.5638396 255 79 163
0.809383129 28.2392518 98.3732227 255 79 163
0.629278439 28.2392518 98.3529298 255 79 163
0.45820495 28.2392518 98.2930686 255 79 163
0.304741002 28.2392518 98.1966408 255 79 163
0.176581917 28.2392518 98.0684817 255 79 163
0.0801541275 28.2392518 97.9150178 255 79 163
0.0202929249 28.2392518 97.7439443 255 79 163
0 28.2392518 97.5638396 255 79 163
0.51444344 27.48552 97.5638396 255 79 163
0.344023351 27.5770272 97.5638396 255 79 163
0.200182634 27.706358 97.5638396 255 79 163
0.091136861 27.8661253 97.5638396 255 79 163
0.0231142624 28.0472041 97.5638396 255 79 163
0.740944809 27.9986842 98.3336087 255 79 163
0.675545029 28.0279606 98.3336087 255 79 163
0.621129823 28.0745785 98.3336087 255 79 163
0.615002296 27.8050307 98.2186443 255 79 163
0.582165241 28.1347118 98.3336087 255 79 163
0.499864124 27.8779626 98.2186443 255 79 163
0.630209283 27.6094376 98.0395831 255 79 163
0.561849246 28.203425 98.3336087 255 79 163
0.410129289 27.9805469 98.2186443 255 79 163
0.458990436 27.6860844 98.0395831 255 79 163
0.353162649 28.104364 98.2186443 255 79 163
0.316529576 27.8081316 98.0395831 255 79 163
0.494868334 27.5366673 97.8139528 255 79 163
0.214518975 27.9655625 98.0395831 255 79 163
0.308570859 27.6546737 97.8139528 255 79 163
0.161331012 28.1454559 98.0395831 255 79 163
0.163376846 27.8206585 97.8139528 255 79 163
0.0712028866 28.0209987 97.8139528 255 79 163
0.809383129 46.0357631 98.3732227 255 79 163
0.629278439 46.0357631 98.3529298 255 79 163
0.45820495 46.0357631 98.2930686 255 79 163
0.304741002 46.0357631 98.1966408 255 79 163
0.176581917 46.0357631 98.0684817 255 79 163
0.0801541275 46.0357631 97.9150178 255 79 163
0.0202929249 46.0357631 97.7439443 255 79 163
-1.11022302e-16 46.0357631 97.5638396 255 79 163
0.809383129 46.0357631 98.3732227 255 79 163
0.809383129 46.2158678 98.3529298 255 79 163
0.809383129 46.3869412 98.2930686 255 79 163
0.809383129 46.5404052 98.1966408 255 79 163
0.809383129 46.6685643 98.0684817 255 79 163
0.809383129 46.7649921 97.9150178 255 79 163
0.809383129 46.8248533 97.7439443 255 79 163
0.809383129 46.8451462 97.5638396 255 79 163
0.0202929249 46.2158678 97.5638396 255 79 163
0.0801541275 46.3869412 97.5638396 255 79 163
0.176581917 46.5404052 97.5638396 255 79 163
0.304741002 46.6685643 97.5638396 255 79 163
0.45820495 46.7649921 97.5638396 255 79 163
0.629278439 46.8248533 97.5638396 255 79 163
0.562349295 46.0748894 98.3336087 255 79 163
0.586530688 46.1493121 98.3336087 255 79 163
0.63252643 46.2126198 98.3336087 255 79 163
0.356924205 46.1827759 98.2186443 255 79 163
0.695834138 46.2586155 98.3336087 255 79 163
0.424498579 46.3153981 98.2186443 255 79 163
0.162640155 46.1381971 98.0395831 255 79 163
0.770256813 46.2827969 98.3336087 255 79 163
0.529748135 46.4206476 98.2186443 255 79 163
0.225947863 46.3330382 98.0395831 255 79 163
0.662370312 46.488222 98.2186443 255 79 163
0.346366281 46.4987799 98.0395831 255 79 163
0.0772892113 46.2736348 97.8139528 255 79 163
0.512108013 46.6191983 98.0395831 255 79 163
0.186626846 46.488222 97.8139528 255 79 163
0.706949105 46.682506 98.0395831 255 79 163
0.356924205 46.6585193 97.8139528 255 79 163
0.571511395 46.767857 97.8139528 255 79 163
0.809383129 46.8451462 0.809383129 218 222 230
0.809383129 46.8451462 97.5638396 218 222 230
60.6253448 46.8451462 97.5638396 218 222 230
60.6253448 46.8451462 0.809383129 218 222 230
-1.11022302e-16 46.0357631 0.809383129 218 222 230
-1.11022302e-16 46.0357631 97.5638396 218 222 230
0 28.2392518 97.5638396 218 222 230
0 28.2392518 0.809383129 218 222 230
0.809383129 28.2392518 0 255 79 163
0.629278439 28.2392518 0.0202929249 255 79 163
0.45820495 28.2392518 0.0801541275 255 79 163
0.304741002 28.2392518 0.176581917 255 79 163
0.176581917 28.2392518 0.304741002 255 79 163
0.0801541275 28.2392518 0.45820495 255 79 163
0.0202929249 28.2392518 0.629278439 255 79 163
0 28.2392518 0.809383129 255 79 163
0.809383129 28.2392518 0 255 79 163
0.785423432 28.0607479 0.0202929249 255 79 163
0.762665175 27.891195 0.0801541275 255 79 163
0.742249552 27.739095 0.176581917 255 79 163
0.725200286 27.6120751 0.304741002 255 79 163
0.712372299 27.5165044 0.45820495 255 79 163
0.704408841 27.4571752 0.629278439 255 79 163
0.701709231 27.4370627 0.809383129 255 79 163
0.0231142624 28.0472041 0.809383129 255 79 163
0.091136861 27.8661253 0.809383129 255 79 163
0.200182634 27.706358 0.809383129 255 79 163
0.344023351 27.5770272 0.809383129 255 79 163
0.51444344 27.48552 0.809383129 255 79 163
0.561849246 28.203425 0.03961403 255 79 163
0.582165241 28.1347118 0.03961403 255 79 163
0.621129823 28.0745785 0.03961403 255 79 163
0.353162649 28.104364 0.154578423 255 79 163
0.675545029 28.0279606 0.03961403 255 79 163
0.410129289 27.9805469 0.154578423 255 79 163
0.161331012 28.1454559 0.333639662 255 79 163
0.740944809 27.9986842 0.03961403 255 79 163
0.499864124 27.8779626 0.154578423 255 79 163
0.214518975 27.9655625 0.333639662 255 79 163
0.615002296 27.8050307 0.154578423 255 79 163
0.316529576 27.8081316 0.333639662 255 79 163
0.0712028866 28.0209987 0.559269987 255 79 163
0.458990436 27.6860844 0.333639662 255 79 163
0.163376846 27.8206585 0.559269987 255 79 163
0.630209283 27.6094376 0.333639662 255 79 163
0.308570859 27.6546737 0.559269987 255 79 163
0.494868334 27.5366673 0.559269987 255 79 163
60.6253448 -1.11022302e-16 0.809383129 255 79 163
60.6253448 0.0202929249 0.629278439 255 79 163
60.6253448 0.0801541275 0.45820495 255 79 163
60.6253448 0.176581917 0.304741002 255 79 163
60.6253448 0.304741002 0.176581917 255 79 163
60.6253448 0.45820495 0.0801541275 255 79 163
60.6253448 0.629278439 0.0202929249 255 79 163
60.6253448 0.809383129 -1.11022302e-16 255 79 163
61.4347279 0.809383129 0.809383129 255 79 163
61.414435 0.809383129 0.629278439 255 79 163
61.3545738 0.809383129 0.45820495 255 79 163
61.258146 0.809383129 0.304741002 255 79 163
61.1299869 0.809383129 0.176581917 255 79 163
60.976523 0.809383129 0.0801541275 255 79 163
60.8054495 0.809383129 0.0202929249 255 79 163
61.4347279 0.809383129 0.809383129 255 79 163
61.414435 0.629278439 0.809383129 255 79 163
61.3545738 0.45820495 0.809383129 255 79 163
61.258146 0.304741002 0.809383129 255 79 163
61.1299869 0.176581917 0.809383129 255 79 163
60.976523 0.0801541275 0.809383129 255 79 163
60.8054495 0.0202929249 0.809383129 255 79 163
61.3951139 0.770256813 0.562349295 255 79 163
61.3951139 0.695834138 0.586530688 255 79 163
61.3951139 0.63252643 0.63252643 255 79 163
61.2801495 0.662370312 0.356924205 255 79 163
61.3951139 0.586530688 0.695834138 255 79 163
61.2801495 0.529748135 0.424498579 255 79 163
61.1010882 0.706949105 0.162640155 255 79 163
61.3951139 0.562349295 0.770256813 255 79 163
61.2801495 0.424498579 0.529748135 255 79 163
61.1010882 0.512108013 0.225947863 255 79 163
61.2801495 0.356924205 0.662370312 255 79 163
61.1010882 0.346366281 0.346366281 255 79 163
60.8754579 0.571511395 0.0772892113 255 79 163
61.1010882 0.225947863 0.512108013 255 79 163
60.8754579 0.356924205 0.186626846 255 79 163
61.1010882 0.162640155 0.706949105 255 79 163
60.8754579 0.186626846 0.356924205 255 79 163
60.8754579 0.0772892113 0.571511395 255 79 163
60.6253448 46.0357631 -1.11022302e-16 255 79 163
60.6253448 46.2158678 0.0202929249 255 79 163
60.6253448 46.3869412 0.0801541275 255 79 163
60.6253448 46.5404052 0.176581917 255 79 163
60.6253448 46.6685643 0.304741002 255 79 163
60.6253448 46.7649921 0.45820495 255 79 163
60.6253448 46.8248533 0.629278439 255 79 163
60.6253448 46.8451462 0.809383129 255 79 163
61.4347279 46.0357631 0.809383129 255 79 163
61.414435 46.2158678 0.809383129 255 79 163
61.3545738 46.3869412 0.809383129 255 79 163
61.258146 46.5404052 0.809383129 255 79 163
61.1299869 46.6685643 0.809383129 255 79 163
60.976523 46.7649921 0.809383129 255 79 163
60.8054495 46.8248533 0.809383129 255 79 163
61.4347279 46.0357631 0.809383129 255 79 163
61.414435 46.0357631 0.629278439 255 79 163
61.3545738 46.0357631 0.45820495 255 79 163
61.258146 46.0357631 0.304741002 255 79 163
61.1299869 46.0357631 0.176581917 255 79 163
60.976523 46.0357631 0.0801541275 255 79 163
60.8054495 46.0357631 0.0202929249 255 79 163
61.3951139 46.2827969 0.770256813 255 79 163
61.3951139 46.2586155 0.695834138 255 79 163
61.3951139 46.2126198 0.63252643 255 79 163
61.2801495 46.488222 0.662370312 255 79 163
61.3951139 46.1493121 0.586530688 255 79 163
61.2801495 46.4206476 0.529748135 255 79 163
61.1010882 46.682506 0.706949105 255 79 163
61.3951139 46.0748894 0.562349295 255 79 163
61.2801495 46.3153981 0.424498579 255 79 163
61.1010882 46.6191983 0.512108013 255 79 163
61.2801495 46.1827759 0.356924205 255 79 163
61.1010882 46.4987799 0.346366281 255 79 163
60.8754579 46.767857 0.571511395 255 79 163
61.1010882 46.3330382 0.225947863 255 79 163
60.8754579 46.6585193 0.356924205 255 79 163
61.1010882 46.1381971 0.162640155 255 79 163
60.8754579 46.488222 0.186626846 255 79 163
60.8754579 46.2736348 0.0772892113 255 79 163
0.809383129 46.0357631 0 255 79 163
0.809383129 46.2158678 0.0202929249 255 79 163
0.809383129 46.3869412 0.0801541275 255 79 163
0.809383129 46.5404052 0.176581917 255 79 163
0.809383129 46.6685643 0.304741002 255 79 163
0.809383129 46.7649921 0.45820495 255 79 163
0.809383129 46.8248533 0.629278439 255 79 163
0.809383129 46.8451462 0.809383129 255 79 163
0.809383129 46.0357631 0 255 79 163
0.629278439 46.0357631 0.0202929249 255 79 163
0.45820495 46.0357631 0.0801541275 255 79 163
0.304741002 46.0357631 0.176581917 255 79 163
0.176581917 46.0357631 0.304741002 255 79 163
0.0801541275 46.0357631 0.45820495 255 79 163
0.0202929249 46.0357631 0.629278439 255 79 163
-1.11022302e-16 46.0357631 0.809383129 255 79 163
0.629278439 46.8248533 0.809383129 255 79 163
0.45820495 46.7649921 0.809383129 255 79 163
0.304741002 46.6685643 0.809383129 255 79 163
0.176581917 46.5404052 0.809383129 255 79 163
0.0801541275 46.3869412 0.809383129 255 79 163
0.0202929249 46.2158678 0.809383129 255 79 163
0.770256813 46.2827969 0.03961403 255 79 163
0.695834138 46.2586155 0.03961403 255 79 163
0.63252643 46.2126198 0.03961403 255 79 163
0.662370312 46.488222 0.154578423 255 79 163
0.586530688 46.1493121 0.03961403 255 79 163
0.529748135 46.4206476 0.154578423 255 79 163
0.706949105 46.682506 0.333639662 255 79 163
0.562349295 46.0748894 0.03961403 255 79 163
0.424498579 46.3153981 0.154578423 255 79 163
0.512108013 46.6191983 0.333639662 255 79 163
0.356924205 46.1827759 0.154578423 255 79 163
0.346366281 46.4987799 0.333639662 255 79 163
0.571511395 46.767857 0.559269987 255 79 163
0.225947863 46.3330382 0.333639662 255 79 163
0.356924205 46.6585193 0.559269987 255 79 163
0.162640155 46.1381971 0.333639662 255 79 163
0.186626846 46.488222 0.559269987 255 79 163
0.0772892113 46.2736348 0.559269987 255 79 163
60.6253448 0.809383129 48.4244852 255 79 163
60.6253448 0.629278439 48.4041923 255 79 163
60.6253448 0.45820495 48.3443311 255 79 163
60.6253448 0.304741002 48.2479033 255 79 163
60.6253448 0.176581917 48.1197442 255 79 163
60.6253448 0.0801541275 47.9662803 255 79 163
60.6253448 0.0202929249 47.7952068 255 79 163
60.6253448 -1.11022302e-16 47.6151021 255 79 163
61.4347279 0.809383129 47.6151021 255 79 163
61.414435 0.629278439 47.6151021 255 79 163
61.3545738 0.45820495 47.6151021 255 79 163
61.258146 0.304741002 47.6151021 255 79 163
61.1299869 0.176581917 47.6151021 255 79 163
60.976523 0.0801541275 47.6151021 255 79 163
60.8054495 0.0202929249 47.6151021 255 79 163
61.4347279 0.809383129 47.6151021 255 79 163
61.414435 0.809383129 47.7952068 255 79 163
61.3545738 0.809383129 47.9662803 255 79 163
61.258146 0.809383129 48.1197442 255 79 163
61.1299869 0.809383129 48.2479033 255 79 163
60.976523 0.809383129 48.3443311 255 79 163
60.8054495 0.809383129 48.4041923 255 79 163
61.3951139 0.562349295 47.6542284 255 79 163
61.3951139 0.586530688 47.7286511 255 79 163
61.3951139 0.63252643 47.7919588 255 79 163
61.2801495 0.356924205 47.7621149 255 79 163
61.3951139 0.695834138 47.8379546 255 79 163
61.2801495 0.424498579 47.8947371 255 79 163
61.1010882 0.162640155 47.7175361 255 79 163
61.3951139 0.770256813 47.862136 255 79 163
61.2801495 0.529748135 47.9999867 255 79 163
61.1010882 0.225947863 47.9123772 255 79 163
61.2801495 0.662370312 48.067561 255 79 163
61.1010882 0.346366281 48.078119 255 79 163
60.8754579 0.0772892113 47.8529739 255 79 163
61.1010882 0.512108013 48.1985374 255 79 163
60.8754579 0.186626846 48.067561 255 79 163
61.1010882 0.706949105 48.2618451 255 79 163
60.8754579 0.356924205 48.2378584 255 79 163
60.8754579 0.571511395 48.347196 255 79 163
61.4347279 46.0357631 0.809383129 255 79 163
61.414435 46.2158678 0.809383129 255 79 163
61.3545738 46.3869412 0.809383129 255 79 163
61.258146 46.5404052 0.809383129 255 79 163
61.1299869 46.6685643 0.809383129 255 79 163
60.976523 46.7649921 0.809383129 255 79 163
60.8054495 46.8248533 0.809383129 255 79 163
60.6253448 46.8451462 0.809383129 255 79 163
60.6253448 46.8451462 97.5638396 255 79 163
60.8054495 46.8248533 97.5638396 255 79 163
60.976523 46.7649921 97.5638396 255 79 163
61.1299869 46.6685643 97.5638396 255 79 163
61.258146 46.5404052 97.5638396 255 79 163
61.3545738 46.3869412 97.5638396 255 79 163
61.414435 46.2158678 97.5638396 255 79 163
61.4347279 46.0357631 97.5638396 255 79 163
61.4347279 25.970401 61.3117642 255 79 163
61.4347279 25.970401 88.0211276 255 79 163
61.414435 25.7902963 88.0211276 255 79 163
61.3545738 25.6192228 88.0211276 255 79 163
61.258146 25.4657589 88.0211276 255 79 163
61.1299869 25.3375998 88.0211276 255 79 163
60.976523 25.241172 88.0211276 255 79 163
60.8054495 25.1813108 88.0211276 255 79 163
60.6253448 25.1610179 88.0211276 255 79 163
60.6253448 25.1610179 61.3117642 255 79 163
61.414435 25.7902963 61.3117642 255 79 163
61.3545738 25.6192228 61.3117642 255 79 163
61.258146 25.4657589 61.3117642 255 79 163
61.1299869 25.3375998 61.3117642 255 79 163
60.976523 25.241172 61.3117642 255 79 163
60.8054495 25.1813108 61.3117642 255 79 163
61.4347279 24.3516347 59.692998 255 79 163
61.414435 24.3516347 59.8731026 255 79 163
61.3545738 24.3516347 60.0441761 255 79 163
61.258146 24.3516347 60.1976401 255 79 163
61.1299869 24.3516347 60.3257992 255 79 163
60.976523 24.3516347 60.422227 255 79 163
60.8054495 24.3516347 60.4820882 255 79 163
60.6253448 24.3516347 60.5023811 255 79 163
61.4347279 24.7118441 59.7335838 255 79 163
61.4347279 25.0539911 59.8533062 255 79 163
61.4347279 25.360919 60.0461618 255 79 163
61.4347279 25.6172372 60.30248 255 79 163
61.4347279 25.8100927 60.6094079 255 79 163
61.4347279 25.9298151 60.9515548 255 79 163
61.4347279 25.970401 61.3117642 255 79 163
61.414435 25.7902963 61.3117642 255 79 163
61.3545738 25.6192228 61.3117642 255 79 163
61.258146 25.4657589 61.3117642 255 79 163
61.1299869 25.3375998 61.3117642 255 79 163
60.976523 25.241172 61.3117642 255 79 163
60.8054495 25.1813108 61.3117642 255 79 163
60.6253448 25.1610179 61.3117642 255 79 163
60.6253448 24.5317394 60.522674 255 79 163
60.6253448 24.7028129 60.5825352 255 79 163
60.6253448 24.8562769 60.678963 255 79 163
60.6253448 24.9844359 60.8071221 255 79 163
60.6253448 25.0808637 60.960586 255 79 163
60.6253448 25.1407249 61.1316595 255 79 163
61.414435 24.671767 59.9091729 255 79 163
61.3545738 24.6336996 60.0759572 255 79 163
61.414435 24.9758466 60.0155749 255 79 163
61.258146 24.5995507 60.2255735 255 79 163
61.3545738 24.9016206 60.1697068 255 79 163
61.414435 25.2486255 60.1869733 255 79 163
61.1299869 24.5710326 60.3505194 255 79 163
61.258146 24.8350351 60.3079731 255 79 163
61.3545738 25.141963 60.3207239 255 79 163
60.976523 24.5495754 60.4445295 255 79 163
61.414435 25.4764256 60.4147734 255 79 163
61.1299869 24.7794289 60.4234404 255 79 163
61.258146 25.0462798 60.4407069 255 79 163
60.8054495 24.536255 60.5028899 255 79 163
61.3545738 25.342675 60.521436 255 79 163
60.976523 24.7375905 60.5103188 255 79 163
61.414435 25.647824 60.6875524 255 79 163
61.1299869 24.9663739 60.5409057 255 79 163
61.258146 25.2226921 60.6171192 255 79 163
60.8054495 24.7116177 60.5642519 255 79 163
61.3545738 25.4936921 60.7617784 255 79 163
60.976523 24.9062521 60.616296 255 79 163
61.414435 25.7542261 60.9916319 255 79 163
61.1299869 25.1224932 60.6970251 255 79 163
61.258146 25.3554259 60.8283639 255 79 163
60.8054495 24.8689293 60.6630974 255 79 163
61.3545738 25.5874417 61.0296993 255 79 163
60.976523 25.047103 60.7571468 255 79 163
61.1299869 25.2399585 60.88397 255 79 163
61.258146 25.4378254 61.0638483 255 79 163
60.8054495 25.0003016 60.7944697 255 79 163
60.976523 25.1530801 60.9258085 255 79 163
61.1299869 25.3128796 61.0923663 255 79 163
60.8054495 25.099147 60.9517813 255 79 163
60.976523 25.2188694 61.1138236 255 79 163
60.8054495 25.1605091 61.1271439 255 79 163
61.4347279 25.970401 88.0211276 255 79 163
61.414435 25.7902963 88.0211276 255 79 163
61.3545738 25.6192228 88.0211276 255 79 163
61.258146 25.4657589 88.0211276 255 79 163
61.1299869 25.3375998 88.0211276 255 79 163
60.976523 25.241172 88.0211276 255 79 163
60.8054495 25.1813108 88.0211276 255 79 163
60.6253448 25.1610179 88.0211276 255 79 163
61.4347279 25.9298151 88.381337 255 79 163
61.4347279 25.8100927 88.723484 255 79 163
61.4347279 25.6172372 89.0304119 255 79 163
61.4347279 25.360919 89.28673 255 79 163
61.4347279 25.0539911 89.4795856 255 79 163
61.4347279 24.7118441 89.599308 255 79 163
61.4347279 24.3516347 89.6398939 255 79 163
61.414435 24.3516347 89.4597892 255 79 163
61.3545738 24.3516347 89.2887157 255 79 163
61.258146 24.3516347 89.1352517 255 79 163
61.1299869 24.3516347 89.0070926 255 79 163
60.976523 24.3516347 88.9106649 255 79 163
60.8054495 24.3516347 88.8508037 255 79 163
60.6253448 24.3516347 88.8305107 255 79 163
60.6253448 25.1407249 88.2012323 255 79 163
60.6253448 25.0808637 88.3723058 255 79 163
60.6253448 24.9844359 88.5257697 255 79 163
60.6253448 24.8562769 88.6539288 255 79 163
60.6253448 24.7028129 88.7503566 255 79 163
60.6253448 24.5317394 88.8102178 255 79 163
61.414435 25.7542261 88.3412599 255 79 163
61.3545738 25.5874417 88.3031925 255 79 163
61.414435 25.647824 88.6453395 255 79 163
61.258146 25.4378254 88.2690435 255 79 163
61.3545738 25.4936921 88.5711135 255 79 163
61.414435 25.4764256 88.9181184 255 79 163
61.1299869 25.3128796 88.2405255 255 79 163
61.258146 25.3554259 88.5045279 255 79 163
61.3545738 25.342675 88.8114558 255 79 163
60.976523 25.2188694 88.2190683 255 79 163
61.414435 25.2486255 89.1459185 255 79 163
61.1299869 25.2399585 88.4489218 255 79 163
61.258146 25.2226921 88.7157726 255 79 163
60.8054495 25.1605091 88.2057479 255 79 163
61.3545738 25.141963 89.0121679 255 79 163
60.976523 25.1530801 88.4070834 255 79 163
61.414435 24.9758466 89.3173169 255 79 163
61.1299869 25.1224932 88.6358668 255 79 163
61.258146 25.0462798 88.8921849 255 79 163
60.8054495 25.099147 88.3811106 255 79 163
61.3545738 24.9016206 89.163185 255 79 163
60.976523 25.047103 88.575745 255 79 163
61.414435 24.671767 89.4237189 255 79 163
61.1299869 24.9663739 88.7919861 255 79 163
61.258146 24.8350351 89.0249188 255 79 163
60.8054495 25.0003016 88.5384222 255 79 163
61.3545738 24.6336996 89.2569346 255 79 163
60.976523 24.9062521 88.7165958 255 79 163
61.1299869 24.7794289 88.9094514 255 79 163
61.258146 24.5995507 89.1073183 255 79 163
60.8054495 24.8689293 88.6697945 255 79 163
60.976523 24.7375905 88.822573 255 79 163
61.1299869 24.5710326 88.9823724 255 79 163
60.8054495 24.7116177 88.7686399 255 79 163
60.976523 24.5495754 88.8883623 255 79 163
60.8054495 24.536255 88.8300019 255 79 163
61.4347279 10.775736 59.692998 255 79 163
61.4347279 24.3516347 59.692998 255 79 163
61.414435 24.3516347 59.8731026 255 79 163
61.3545738 24.3516347 60.0441761 255 79 163
61.258146 24.3516347 60.1976401 255 79 163
61.1299869 24.3516347 60.3257992 255 79 163
60.976523 24.3516347 60.422227 255 79 163
60.8054495 24.3516347 60.4820882 255 79 163
60.6253448 24.3516347 60.5023811 255 79 163
60.6253448 10.775736 60.5023811 255 79 163
61.414435 10.775736 59.8731026 255 79 163
61.3545738 10.775736 60.0441761 255 79 163
61.258146 10.775736 60.1976401 255 79 163
61.1299869 10.775736 60.3257992 255 79 163
60.976523 10.775736 60.422227 255 79 163
60.8054495 10.775736 60.4820882 255 79 163
61.4347279 24.3516347 89.6398939 255 79 163
61.4347279 10.775736 89.6398939 255 79 163
61.414435 10.775736 89.4597892 255 79 163
61.3545738 10.775736 89.2887157 255 79 163
61.258146 10.775736 89.1352517 255 79 163
61.1299869 10.775736 89.0070926 255 79 163
60.976523 10.775736 88.9106649 255 79 163
60.8054495 10.775736 88.8508037 255 79 163
60.6253448 10.775736 88.8305107 255 79 163
60.6253448 24.3516347 88.8305107 255 79 163
61.414435 24.3516347 89.4597892 255 79 163
61.3545738 24.3516347 89.2887157 255 79 163
61.258146 24.3516347 89.1352517 255 79 163
61.1299869 24.3516347 89.0070926 255 79 163
60.976523 24.3516347 88.9106649 255 79 163
60.8054495 24.3516347 88.8508037 255 79 163
61.4347279 9.15696979 61.3117642 255 79 163
61.414435 9.33707448 61.3117642 255 79 163
61.3545738 9.50814797 61.3117642 255 79 163
61.258146 9.66161192 61.3117642 255 79 163
61.1299869 9.789771 61.3117642 255 79 163
60.976523 9.88619879 61.3117642 255 79 163
60.8054495 9.94606 61.3117642 255 79 163
60.6253448 9.96635292 61.3117642 255 79 163
61.4347279 9.19755564 60.9515548 255 79 163
61.4347279 9.31727805 60.6094079 255 79 163
61.4347279 9.51013363 60.30248 255 79 163
61.4347279 9.7664518 60.0461618 255 79 163
61.4347279 10.0733797 59.8533062 255 79 163
61.4347279 10.4155267 59.7335838 255 79 163
61.4347279 10.775736 59.692998 255 79 163
61.414435 10.775736 59.8731026 255 79 163
61.3545738 10.775736 60.0441761 255 79 163
61.258146 10.775736 60.1976401 255 79 163
61.1299869 10.775736 60.3257992 255 79 163
60.976523 10.775736 60.422227 255 79 163
60.8054495 10.775736 60.4820882 255 79 163
60.6253448 10.775736 60.5023811 255 79 163
60.6253448 9.98664585 61.1316595 255 79 163
60.6253448 10.046507 60.960586 255 79 163
60.6253448 10.1429348 60.8071221 255 79 163
60.6253448 10.2710939 60.678963 255 79 163
60.6253448 10.4245579 60.5825352 255 79 163
60.6253448 10.5956314 60.522674 255 79 163
61.414435 9.37314473 60.9916319 255 79 163
61.3545738 9.53992905 61.0296993 255 79 163
61.414435 9.47954677 60.6875524 255 79 163
61.258146 9.68954534 61.0638483 255 79 163
61.3545738 9.63367865 60.7617784 255 79 163
61.414435 9.65094514 60.4147734 255 79 163
61.1299869 9.81449121 61.0923663 255 79 163
61.258146 9.77194489 60.8283639 255 79 163
61.3545738 9.78469578 60.521436 255 79 163
60.976523 9.90850135 61.1138236 255 79 163
61.414435 9.87874523 60.1869733 255 79 163
61.1299869 9.88741224 60.88397 255 79 163
61.258146 9.90467873 60.6171192 255 79 163
60.8054495 9.96686171 61.1271439 255 79 163
61.3545738 9.98540781 60.3207239 255 79 163
60.976523 9.97429068 60.9258085 255 79 163
61.414435 10.1515242 60.0155749 255 79 163
61.1299869 10.0048775 60.6970251 255 79 163
61.258146 10.081091 60.4407069 255 79 163
60.8054495 10.0282238 60.9517813 255 79 163
61.3545738 10.2257502 60.1697068 255 79 163
60.976523 10.0802678 60.7571468 255 79 163
61.414435 10.4556037 59.9091729 255 79 163
61.1299869 10.1609969 60.5409057 255 79 163
61.258146 10.2923357 60.3079731 255 79 163
60.8054495 10.1270692 60.7944697 255 79 163
61.3545738 10.4936712 60.0759572 255 79 163
60.976523 10.2211186 60.616296 255 79 163
61.1299869 10.3479418 60.4234404 255 79 163
61.258146 10.5278201 60.2255735 255 79 163
60.8054495 10.2584415 60.6630974 255 79 163
60.976523 10.3897803 60.5103188 255 79 163
61.1299869 10.5563382 60.3505194 255 79 163
60.8054495 10.4157531 60.5642519 255 79 163
60.976523 10.5777954 60.4445295 255 79 163
60.8054495 10.5911158 60.5028899 255 79 163
61.4347279 10.775736 89.6398939 255 79 163
61.414435 10.775736 89.4597892 255 79 163
61.3545738 10.775736 89.2887157 255 79 163
61.258146 10.775736 89.1352517 255 79 163
61.1299869 10.775736 89.0070926 255 79 163
60.976523 10.775736 88.9106649 255 79 163
60.8054495 10.775736 88.8508037 255 79 163
60.6253448 10.775736 88.8305107 255 79 163
61.4347279 10.4155267 89.599308 255 79 163
61.4347279 10.0733797 89.4795856 255 79 163
61.4347279 9.7664518 89.28673 255 79 163
61.4347279 9.51013363 89.0304119 255 79 163
61.4347279 9.31727805 88.723484 255 79 163
61.4347279 9.19755564 88.381337 255 79 163
61.4347279 9.15696979 88.0211276 255 79 163
61.414435 9.33707448 88.0211276 255 79 163
61.3545738 9.50814797 88.0211276 255 79 163
61.258146 9.66161192 88.0211276 255 79 163
61.1299869 9.789771 88.0211276 255 79 163
60.976523 9.88619879 88.0211276 255 79 163
60.8054495 9.94606 88.0211276 255 79 163
60.6253448 9.96635292 88.0211276 255 79 163
60.6253448 10.5956314 88.8102178 255 79 163
60.6253448 10.4245579 88.7503566 255 79 163
60.6253448 10.2710939 88.6539288 255 79 163
60.6253448 10.1429348 88.5257697 255 79 163
60.6253448 10.046507 88.3723058 255 79 163
60.6253448 9.98664585 88.2012323 255 79 163
61.414435 10.4556037 89.4237189 255 79 163
61.3545738 10.4936712 89.2569346 255 79 163
61.414435 10.1515242 89.3173169 255 79 163
61.258146 10.5278201 89.1073183 255 79 163
61.3545738 10.2257502 89.163185 255 79 163
61.414435 9.87874523 89.1459185 255 79 163
61.1299869 10.5563382 88.9823724 255 79 163
61.258146 10.2923357 89.0249188 255 79 163
61.3545738 9.98540781 89.0121679 255 79 163
60.976523 10.5777954 88.8883623 255 79 163
61.414435 9.65094514 88.9181184 255 79 163
61.1299869 10.3479418 88.9094514 255 79 163
61.258146 10.081091 88.8921849 255 79 163
60.8054495 10.5911158 88.8300019 255 79 163
61.3545738 9.78469578 88.8114558 255 79 163
60.976523 10.3897803 88.822573 255 79 163
61.414435 9.47954677 88.6453395 255 79 163
61.1299869 10.1609969 88.7919861 255 79 163
61.258146 9.90467873 88.7157726 255 79 163
60.8054495 10.4157531 88.7686399 255 79 163
61.3545738 9.63367865 88.5711135 255 79 163
60.976523 10.2211186 88.7165958 255 79 163
61.414435 9.37314473 88.3412599 255 79 163
61.1299869 10.0048775 88.6358668 255 79 163
61.258146 9.77194489 88.5045279 255 79 163
60.8054495 10.2584415 88.6697945 255 79 163
61.3545738 9.53992905 88.3031925 255 79 163
60.976523 10.0802678 88.575745 255 79 163
61.1299869 9.88741224 88.4489218 255 79 163
61.258146 9.68954534 88.2690435 255 79 163
60.8054495 10.1270692 88.5384222 255 79 163
60.976523 9.97429068 88.4070834 255 79 163
61.1299869 9.81449121 88.2405255 255 79 163
60.8054495 10.0282238 88.3811106 255 79 163
60.976523 9.90850135 88.2190683 255 79 163
60.8054495 9.96686171 88.2057479 255 79 163
61.4347279 9.15696979 88.0211276 255 79 163
61.4347279 9.15696979 61.3117642 255 79 163
61.414435 9.33707448 61.3117642 255 79 163
61.3545738 9.50814797 61.3117642 255 79 163
61.258146 9.66161192 61.3117642 255 79 163
61.1299869 9.789771 61.3117642 255 79 163
60.976523 9.88619879 61.3117642 255 79 163
60.8054495 9.94606 61.3117642 255 79 163
60.6253448 9.96635292 61.3117642 255 79 163
60.6253448 9.96635292 88.0211276 255 79 163
61.414435 9.33707448 88.0211276 255 79 163
61.3545738 9.50814797 88.0211276 255 79 163
61.258146 9.66161192 88.0211276 255 79 163
61.1299869 9.789771 88.0211276 255 79 163
60.976523 9.88619879 88.0211276 255 79 163
60.8054495 9.94606 88.0211276 255 79 163
28.6383257 7.32019999 62.9824676 255 79 163
28.6383257 7.34049292 62.8023629 255 79 163
28.6383257 7.40035412 62.6312894 255 79 163
28.6383257 7.49678191 62.4778255 255 79 163
28.6383257 7.624941 62.3496664 255 79 163
28.6383257 7.77840494 62.2532386 255 79 163
28.6383257 7.94947843 62.1933774 255 79 163
28.6383257 8.12958312 62.1730845 255 79 163
35.8548954 8.12958312 62.1730845 255 79 163
35.8548954 7.32019999 62.9824676 255 79 163
35.8548954 7.34049292 62.8023629 255 79 163
35.8548954 7.40035412 62.6312894 255 79 163
35.8548954 7.49678191 62.4778255 255 79 163
35.8548954 7.624941 62.3496664 255 79 163
35.8548954 7.77840494 62.2532386 255 79 163
35.8548954 7.94947843 62.1933774 255 79 163
28.6383257 10.8543295 62.1730845 255 79 163
28.3122884 10.8147414 62.1730845 255 79 163
28.0051993 10.6982779 62.1730845 255 79 163
27.7349051 10.5117073 62.1730845 255 79 163
27.5171145 10.2658725 62.1730845 255 79 163
27.3644846 9.97506051 62.1730845 255 79 163
27.2858857 9.65617226 62.1730845 255 79 163
27.2858857 9.32774037 62.1730845 255 79 163
27.3644846 9.00885212 62.1730845 255 79 163
27.5171145 8.71804013 62.1730845 255 79 163
27.7349051 8.47220534 62.1730845 255 79 163
28.0051993 8.28563476 62.1730845 255 79 163
28.3122884 8.16917121 62.1730845 255 79 163
28.6383257 8.12958312 62.1730845 255 79 163
28.6383257 7.32019999 62.9824676 255 79 163
28.6383257 7.34049292 62.8023629 255 79 163
28.6383257 7.40035412 62.6312894 255 79 163
28.6383257 7.49678191 62.4778255 255 79 163
28.6383257 7.624941 62.3496664 255 79 163
28.6383257 7.77840494 62.2532386 255 79 163
28.6383257 7.94947843 62.1933774 255 79 163
28.6383257 11.6637126 62.9824676 255 79 163
28.1185904 11.6006053 62.9824676 255 79 163
27.6290602 11.414951 62.9824676 255 79 163
27.1981848 11.1175393 62.9824676 255 79 163
26.8510053 10.7256545 62.9824676 255 79 163
26.6076982 10.2620717 62.9824676 255 79 163
26.4824039 9.75373261 62.9824676 255 79 163
26.4824039 9.23018002 62.9824676 255 79 163
26.6076982 8.72184091 62.9824676 255 79 163
26.8510053 8.25825811 62.9824676 255 79 163
27.1981848 7.86637337 62.9824676 255 79 163
27.6290602 7.56896159 62.9824676 255 79 163
28.1185904 7.38330729 62.9824676 255 79 163
28.6383257 11.6434197 62.8023629 255 79 163
28.6383257 11.5835585 62.6312894 255 79 163
28.6383257 11.4871307 62.4778255 255 79 163
28.6383257 11.3589716 62.3496664 255 79 163
28.6383257 11.2055077 62.2532386 255 79 163
28.6383257 11.0344342 62.1933774 255 79 163
28.1234468 7.40301053 62.8023629 255 79 163
28.1377725 7.46113228 62.6312894 255 79 163
28.1608492 7.55475805 62.4778255 255 79 163
27.6384908 7.58693009 62.8023629 255 79 163
28.1915197 7.67919307 62.3496664 255 79 163
27.6663097 7.63993455 62.6312894 255 79 163
28.228246 7.82819763 62.2532386 255 79 163
27.7111219 7.72531712 62.4778255 255 79 163
27.2116415 7.88156284 62.8023629 255 79 163
28.2691866 7.99430004 62.1933774 255 79 163
27.7706804 7.83879635 62.3496664 255 79 163
27.2513369 7.92636959 62.6312894 255 79 163
27.8419986 7.97468193 62.2532386 255 79 163
27.3152803 7.99854683 62.4778255 255 79 163
26.867706 8.26978581 62.8023629 255 79 163
27.9215005 8.12615998 62.1933774 255 79 163
27.4002655 8.09447528 62.3496664 255 79 163
26.9169708 8.30379084 62.6312894 255 79 163
27.5020309 8.2093447 62.2532386 255 79 163
26.9963293 8.35856807 62.4778255 255 79 163
26.6266725 8.72903688 62.8023629 255 79 163
27.6154736 8.33739504 62.1933774 255 79 163
27.1018022 8.43137073 62.3496664 255 79 163
26.6826436 8.75026396 62.6312894 255 79 163
27.2281005 8.51854819 62.2532386 255 79 163
26.7728052 8.78445772 62.4778255 255 79 163
26.5025489 9.23262606 62.8023629 255 79 163
27.3688913 8.61572901 62.1933774 255 79 163
26.892636 8.82990356 62.3496664 255 79 163
26.5619736 9.23984153 62.6312894 255 79 163
27.0361273 8.88432262 62.2532386 255 79 163
26.6576983 9.25146462 62.4778255 255 79 163
26.5025489 9.75128657 62.8023629 255 79 163
27.1960838 8.94498612 62.1933774 255 79 163
26.784923 9.26691249 62.3496664 255 79 163
26.5619736 9.7440711 62.6312894 255 79 163
26.937268 9.28541052 62.2532386 255 79 163
26.6576983 9.73244801 62.4778255 255 79 163
26.6266725 10.2548757 62.8023629 255 79 163
27.1070942 9.30603115 62.1933774 255 79 163
26.784923 9.71700014 62.3496664 255 79 163
26.6826436 10.2336487 62.6312894 255 79 163
26.937268 9.69850211 62.2532386 255 79 163
26.7728052 10.1994549 62.4778255 255 79 163
26.867706 10.7141268 62.8023629 255 79 163
27.1070942 9.67788148 62.1933774 255 79 163
26.892636 10.1540091 62.3496664 255 79 163
26.9169708 10.6801218 62.6312894 255 79 163
27.0361273 10.09959 62.2532386 255 79 163
26.9963293 10.6253446 62.4778255 255 79 163
27.2116415 11.1023498 62.8023629 255 79 163
27.1960838 10.0389265 62.1933774 255 79 163
27.1018022 10.5525419 62.3496664 255 79 163
27.2513369 11.057543 62.6312894 255 79 163
27.2281005 10.4653644 62.2532386 255 79 163
27.3152803 10.9853658 62.4778255 255 79 163
27.6384908 11.3969825 62.8023629 255 79 163
27.3688913 10.3681836 62.1933774 255 79 163
27.4002655 10.8894373 62.3496664 255 79 163
27.6663097 11.3439781 62.6312894 255 79 163
27.5020309 10.7745679 62.2532386 255 79 163
27.7111219 11.2585955 62.4778255 255 79 163
28.1234468 11.5809021 62.8023629 255 79 163
27.6154736 10.6465176 62.1933774 255 79 163
27.7706804 11.1451163 62.3496664 255 79 163
28.1377725 11.5227804 62.6312894 255 79 163
27.8419986 11.0092307 62.2532386 255 79 163
28.1608492 11.4291546 62.4778255 255 79 163
27.9215005 10.8577527 62.1933774 255 79 163
28.1915197 11.3047196 62.3496664 255 79 163
28.228246 11.155715 62.2532386 255 79 163
28.2691866 10.9896126 62.1933774 255 79 163
35.8548954 8.12958312 62.1730845 255 79 163
36.1809327 8.16917121 62.1730845 255 79 163
36.4880218 8.28563476 62.1730845 255 79 163
36.7583159 8.47220534 62.1730845 255 79 163
36.9761066 8.71804013 62.1730845 255 79 163
37.1287365 9.00885212 62.1730845 255 79 163
37.2073354 9.32774037 62.1730845 255 79 163
37.2073354 9.65617226 62.1730845 255 79 163
37.1287365 9.97506051 62.1730845 255 79 163
36.9761066 10.2658725 62.1730845 255 79 163
36.7583159 10.5117073 62.1730845 255 79 163
36.4880218 10.6982779 62.1730845 255 79 163
36.1809327 10.8147414 62.1730845 255 79 163
35.8548954 10.8543295 62.1730845 255 79 163
35.8548954 11.6637126 62.9824676 255 79 163
35.8548954 11.6434197 62.8023629 255 79 163
35.8548954 11.5835585 62.6312894 255 79 163
35.8548954 11.4871307 62.4778255 255 79 163
35.8548954 11.3589716 62.3496664 255 79 163
35.8548954 11.2055077 62.2532386 255 79 163
35.8548954 11.0344342 62.1933774 255 79 163
35.8548954 7.32019999 62.9824676 255 79 163
36.3746307 7.38330729 62.9824676 255 79 163
36.8641609 7.56896159 62.9824676 255 79 163
37.2950362 7.86637337 62.9824676 255 79 163
37.6422158 8.25825811 62.9824676 255 79 163
37.8855228 8.72184091 62.9824676 255 79 163
38.0108172 9.23018002 62.9824676 255 79 163
38.0108172 9.75373261 62.9824676 255 79 163
37.8855228 10.2620717 62.9824676 255 79 163
37.6422158 10.7256545 62.9824676 255 79 163
37.2950362 11.1175393 62.9824676 255 79 163
36.8641609 11.414951 62.9824676 255 79 163
36.3746307 11.6006053 62.9824676 255 79 163
35.8548954 7.34049292 62.8023629 255 79 163
35.8548954 7.40035412 62.6312894 255 79 163
35.8548954 7.49678191 62.4778255 255 79 163
35.8548954 7.624941 62.3496664 255 79 163
35.8548954 7.77840494 62.2532386 255 79 163
35.8548954 7.94947843 62.1933774 255 79 163
36.3697743 11.5809021 62.8023629 255 79 163
36.3554486 11.5227804 62.6312894 255 79 163
36.3323719 11.4291546 62.4778255 255 79 163
36.8547303 11.3969825 62.8023629 255 79 163
36.3017014 11.3047196 62.3496664 255 79 163
36.8269114 11.3439781 62.6312894 255 79 163
36.2649751 11.155715 62.2532386 255 79 163
36.7820992 11.2585955 62.4778255 255 79 163
37.2815795 11.1023498 62.8023629 255 79 163
36.2240345 10.9896126 62.1933774 255 79 163
36.7225407 11.1451163 62.3496664 255 79 163
37.2418842 11.057543 62.6312894 255 79 163
36.6512224 11.0092307 62.2532386 255 79 163
37.1779408 10.9853658 62.4778255 255 79 163
37.6255151 10.7141268 62.8023629 255 79 163
36.5717206 10.8577527 62.1933774 255 79 163
37.0929556 10.8894373 62.3496664 255 79 163
37.5762503 10.6801218 62.6312894 255 79 163
36.9911901 10.7745679 62.2532386 255 79 163
37.4968918 10.6253446 62.4778255 255 79 163
37.8665486 10.2548757 62.8023629 255 79 163
36.8777474 10.6465176 62.1933774 255 79 163
37.3914189 10.5525419 62.3496664 255 79 163
37.8105774 10.2336487 62.6312894 255 79 163
37.2651205 10.4653644 62.2532386 255 79 163
37.7204159 10.1994549 62.4778255 255 79 163
37.9906722 9.75128657 62.8023629 255 79 163
37.1243298 10.3681836 62.1933774 255 79 163
37.6005851 10.1540091 62.3496664 255 79 163
37.9312475 9.7440711 62.6312894 255 79 163
37.4570938 10.09959 62.2532386 255 79 163
37.8355227 9.73244801 62.4778255 255 79 163
37.9906722 9.23262606 62.8023629 255 79 163
37.2971373 10.0389265 62.1933774 255 79 163
37.7082981 9.71700014 62.3496664 255 79 163
37.9312475 9.23984153 62.6312894 255 79 163
37.5559531 9.69850211 62.2532386 255 79 163
37.8355227 9.25146462 62.4778255 255 79 163
37.8665486 8.72903688 62.8023629 255 79 163
37.3861269 9.67788148 62.1933774 255 79 163
37.7082981 9.26691249 62.3496664 255 79 163
37.8105774 8.75026396 62.6312894 255 79 163
37.5559531 9.28541052 62.2532386 255 79 163
37.7204159 8.78445772 62.4778255 255 79 163
37.6255151 8.26978581 62.8023629 255 79 163
37.3861269 9.30603115 62.1933774 255 79 163
37.6005851 8.82990356 62.3496664 255 79 163
37.5762503 8.30379084 62.6312894 255 79 163
37.4570938 8.88432262 62.2532386 255 79 163
37.4968918 8.35856807 62.4778255 255 79 163
37.2815795 7.88156284 62.8023629 255 79 163
37.2971373 8.94498612 62.1933774 255 79 163
37.3914189 8.43137073 62.3496664 255 79 163
37.2418842 7.92636959 62.6312894 255 79 163
37.2651205 8.51854819 62.2532386 255 79 163
37.1779408 7.99854683 62.4778255 255 79 163
36.8547303 7.58693009 62.8023629 255 79 163
37.1243298 8.61572901 62.1933774 255 79 163
37.0929556 8.09447528 62.3496664 255 79 163
36.8269114 7.63993455 62.6312894 255 79 163
36.9911901 8.2093447 62.2532386 255 79 163
36.7820992 7.72531712 62.4778255 255 79 163
36.3697743 7.40301053 62.8023629 255 79 163
36.8777474 8.33739504 62.1933774 255 79 163
36.7225407 7.83879635 62.3496664 255 79 163
36.3554486 7.46113228 62.6312894 255 79 163
36.6512224 7.97468193 62.2532386 255 79 163
36.3323719 7.55475805 62.4778255 255 79 163
36.5717206 8.12615998 62.1933774 255 79 163
36.3017014 7.67919307 62.3496664 255 79 163
36.2649751 7.82819763 62.2532386 255 79 163
36.2240345 7.99430004 62.1933774 255 79 163
35.8548954 11.6637126 62.9824676 255 79 163
35.8548954 11.6434197 62.8023629 255 79 163
35.8548954 11.5835585 62.6312894 255 79 163
35.8548954 11.4871307 62.4778255 255 79 163
35.8548954 11.3589716 62.3496664 255 79 163
35.8548954 11.2055077 62.2532386 255 79 163
35.8548954 11.0344342 62.1933774 255 79 163
35.8548954 10.8543295 62.1730845 255 79 163
28.6383257 10.8543295 62.1730845 255 79 163
28.6383257 11.6637126 62.9824676 255 79 163
28.6383257 11.6434197 62.8023629 255 79 163
28.6383257 11.5835585 62.6312894 255 79 163
28.6383257 11.4871307 62.4778255 255 79 163
28.6383257 11.3589716 62.3496664 255 79 163
28.6383257 11.2055077 62.2532386 255 79 163
28.6383257 11.0344342 62.1933774 255 79 163
-1.11022302e-16 46.0357631 97.5638396 255 79 163
0.0202929249 46.2158678 97.5638396 255 79 163
0.0801541275 46.3869412 97.5638396 255 79 163
0.176581917 46.5404052 97.5638396 255 79 163
0.304741002 46.6685643 97.5638396 255 79 163
0.45820495 46.7649921 97.5638396 255 79 163
0.629278439 46.8248533 97.5638396 255 79 163
0.809383129 46.8451462 97.5638396 255 79 163
0.809383129 46.8451462 0.809383129 255 79 163
0.629278439 46.8248533 0.809383129 255 79 163
0.45820495 46.7649921 0.809383129 255 79 163
0.304741002 46.6685643 0.809383129 255 79 163
0.176581917 46.5404052 0.809383129 255 79 163
0.0801541275 46.3869412 0.809383129 255 79 163
0.0202929249 46.2158678 0.809383129 255 79 163
-1.11022302e-16 46.0357631 0.809383129 255 79 163
60.6253448 25.1610179 61.3117642 218 222 230
60.6253448 25.1610179 88.0211276 218 222 230
45.4962907 25.1610179 61.3117642 218 222 230
45.4962907 25.1610179 88.0211276 218 222 230
45.4962907 24.3516347 60.5023811 255 79 163
45.4962907 24.5317394 60.522674 255 79 163
45.4962907 24.7028129 60.5825352 255 79 163
45.4962907 24.8562769 60.678963 255 79 163
45.4962907 24.9844359 60.8071221 255 79 163
45.4962907 25.0808637 60.960586 255 79 163
45.4962907 25.1407249 61.1316595 255 79 163
45.4962907 25.1610179 61.3117642 255 79 163
60.6253448 25.1610179 61.3117642 255 79 163
60.6253448 24.3516347 60.5023811 255 79 163
60.6253448 24.5317394 60.522674 255 79 163
60.6253448 24.7028129 60.5825352 255 79 163
60.6253448 24.8562769 60.678963 255 79 163
60.6253448 24.9844359 60.8071221 255 79 163
60.6253448 25.0808637 60.960586 255 79 163
60.6253448 25.1407249 61.1316595 255 79 163
45.4962907 25.1610179 88.0211276 255 79 163
45.4962907 25.1407249 88.2012323 255 79 163
45.4962907 25.0808637 88.3723058 255 79 163
45.4962907 24.9844359 88.5257697 255 79 163
45.4962907 24.8562769 88.6539288 255 79 163
45.4962907 24.7028129 88.7503566 255 79 163
45.4962907 24.5317394 88.8102178 255 79 163
45.4962907 24.3516347 88.8305107 255 79 163
60.6253448 24.3516347 88.8305107 255 79 163
60.6253448 25.1610179 88.0211276 255 79 163
60.6253448 25.1407249 88.2012323 255 79 163
60.6253448 25.0808637 88.3723058 255 79 163
60.6253448 24.9844359 88.5257697 255 79 163
60.6253448 24.8562769 88.6539288 255 79 163
60.6253448 24.7028129 88.7503566 255 79 163
60.6253448 24.5317394 88.8102178 255 79 163
60.6253448 10.775736 60.5023811 218 222 230
45.4962907 10.775736 60.5023811 218 222 230
45.4962907 24.3516347 60.5023811 218 222 230
60.6253448 24.3516347 60.5023811 218 222 230
60.6253448 24.3516347 88.8305107 218 222 230
60.6253448 10.775736 88.8305107 218 222 230
45.4962907 24.3516347 88.8305107 218 222 230
45.4962907 10.775736 88.8305107 218 222 230
45.4962907 9.96635292 61.3117642 255 79 163
45.4962907 9.98664585 61.1316595 255 79 163
45.4962907 10.046507 60.960586 255 79 163
45.4962907 10.1429348 60.8071221 255 79 163
45.4962907 10.2710939 60.678963 255 79 163
45.4962907 10.4245579 60.5825352 255 79 163
45.4962907 10.5956314 60.522674 255 79 163
45.4962907 10.775736 60.5023811 255 79 163
60.6253448 10.775736 60.5023811 255 79 163
60.6253448 9.96635292 61.3117642 255 79 163
60.6253448 9.98664585 61.1316595 255 79 163
60.6253448 10.046507 60.960586 255 79 163
60.6253448 10.1429348 60.8071221 255 79 163
60.6253448 10.2710939 60.678963 255 79 163
60.6253448 10.4245579 60.5825352 255 79 163
60.6253448 10.5956314 60.522674 255 79 163
60.6253448 9.96635292 88.0211276 255 79 163
45.4962907 9.96635292 88.0211276 255 79 163
60.6253448 10.775736 88.8305107 255 79 163
60.6253448 10.5956314 88.8102178 255 79 163
60.6253448 10.4245579 88.7503566 255 79 163
60.6253448 10.2710939 88.6539288 255 79 163
60.6253448 10.1429348 88.5257697 255 79 163
60.6253448 10.046507 88.3723058 255 79 163
60.6253448 9.98664585 88.2012323 255 79 163
45.4962907 10.775736 88.8305107 255 79 163
45.4962907 10.5956314 88.8102178 255 79 163
45.4962907 10.4245579 88.7503566 255 79 163
45.4962907 10.2710939 88.6539288 255 79 163
45.4962907 10.1429348 88.5257697 255 79 163
45.4962907 10.046507 88.3723058 255 79 163
45.4962907 9.98664585 88.2012323 255 79 163
60.6253448 9.96635292 61.3117642 218 222 230
45.4962907 9.96635292 61.3117642 218 222 230
60.6253448 9.96635292 88.0211276 218 222 230
45.4962907 9.96635292 88.0211276 218 222 230
28.6383257 10.8543295 62.1730845 218 222 230
28.3122884 10.8147414 62.1730845 218 222 230
28.0051993 10.6982779 62.1730845 218 222 230
27.7349051 10.5117073 62.1730845 218 222 230
27.5171145 10.2658725 62.1730845 218 222 230
27.3644846 9.97506051 62.1730845 218 222 230
27.2858857 9.65617226 62.1730845 218 222 230
27.2858857 9.32774037 62.1730845 218 222 230
27.3644846 9.00885212 62.1730845 218 222 230
27.5171145 8.71804013 62.1730845 218 222 230
27.7349051 8.47220534 62.1730845 218 222 230
28.0051993 8.28563476 62.1730845 218 222 230
28.3122884 8.16917121 62.1730845 218 222 230
28.6383257 8.12958312 62.1730845 218 222 230
35.8548954 8.12958312 62.1730845 218 222 230
36.1809327 8.16917121 62.1730845 218 222 230
36.4880218 8.28563476 62.1730845 218 222 230
36.7583159 8.47220534 62.1730845 218 222 230
36.9761066 8.71804013 62.1730845 218 222 230
37.1287365 9.00885212 62.1730845 218 222 230
37.2073354 9.32774037 62.1730845 218 222 230
37.2073354 9.65617226 62.1730845 218 222 230
37.1287365 9.97506051 62.1730845 218 222 230
36.9761066 10.2658725 62.1730845 218 222 230
36.7583159 10.5117073 62.1730845 218 222 230
36.4880218 10.6982779 62.1730845 218 222 230
36.1809327 10.8147414 62.1730845 218 222 230
35.8548954 10.8543295 62.1730845 218 222 230
44.6869076 24.3516347 61.3117642 255 79 163
44.7072005 24.5317394 61.3117642 255 79 163
44.7670617 24.7028129 61.3117642 255 79 163
44.8634895 24.8562769 61.3117642 255 79 163
44.9916486 24.9844359 61.3117642 255 79 163
45.1451126 25.0808637 61.3117642 255 79 163
45.316186 25.1407249 61.3117642 255 79 163
45.4962907 25.1610179 61.3117642 255 79 163
44.6869076 24.3516347 88.0211276 255 79 163
44.7072005 24.5317394 88.0211276 255 79 163
44.7670617 24.7028129 88.0211276 255 79 163
44.8634895 24.8562769 88.0211276 255 79 163
44.9916486 24.9844359 88.0211276 255 79 163
45.1451126 25.0808637 88.0211276 255 79 163
45.316186 25.1407249 88.0211276 255 79 163
45.4962907 25.1610179 88.0211276 255 79 163
44.6869076 24.3516347 61.3117642 255 79 163
44.7072005 24.3516347 61.1316595 255 79 163
44.7670617 24.3516347 60.960586 255 79 163
44.8634895 24.3516347 60.8071221 255 79 163
44.9916486 24.3516347 60.678963 255 79 163
45.1451126 24.3516347 60.5825352 255 79 163
45.316186 24.3516347 60.522674 255 79 163
45.4962907 24.3516347 60.5023811 255 79 163
44.6869076 24.3516347 61.3117642 255 79 163
44.7072005 24.5317394 61.3117642 255 79 163
44.7670617 24.7028129 61.3117642 255 79 163
44.8634895 24.8562769 61.3117642 255 79 163
44.9916486 24.9844359 61.3117642 255 79 163
45.1451126 25.0808637 61.3117642 255 79 163
45.316186 25.1407249 61.3117642 255 79 163
45.4962907 25.1610179 61.3117642 255 79 163
45.4962907 24.5317394 60.522674 255 79 163
45.4962907 24.7028129 60.5825352 255 79 163
45.4962907 24.8562769 60.678963 255 79 163
45.4962907 24.9844359 60.8071221 255 79 163
45.4962907 25.0808637 60.960586 255 79 163
45.4962907 25.1407249 61.1316595 255 79 163
44.7265216 24.390761 61.0647304 255 79 163
44.7265216 24.4651837 61.0889118 255 79 163
44.7265216 24.5284914 61.1349075 255 79 163
44.841486 24.4986475 60.8593053 255 79 163
44.7265216 24.5744872 61.1982152 255 79 163
44.841486 24.6312697 60.9268797 255 79 163
45.0205473 24.4540688 60.6650212 255 79 163
44.7265216 24.5986686 61.2726379 255 79 163
44.841486 24.7365193 61.0321292 255 79 163
45.0205473 24.6489098 60.7283289 255 79 163
44.841486 24.8040937 61.1647514 255 79 163
45.0205473 24.8146516 60.8487474 255 79 163
45.2461776 24.5895065 60.5796703 255 79 163
45.0205473 24.93507 61.0144891 255 79 163
45.2461776 24.8040937 60.6890079 255 79 163
45.0205473 24.9983777 61.2093302 255 79 163
45.2461776 24.974391 60.8593053 255 79 163
45.2461776 25.0837287 61.0738925 255 79 163
44.6869076 24.3516347 88.0211276 255 79 163
44.7072005 24.5317394 88.0211276 255 79 163
44.7670617 24.7028129 88.0211276 255 79 163
44.8634895 24.8562769 88.0211276 255 79 163
44.9916486 24.9844359 88.0211276 255 79 163
45.1451126 25.0808637 88.0211276 255 79 163
45.316186 25.1407249 88.0211276 255 79 163
45.4962907 25.1610179 88.0211276 255 79 163
44.6869076 24.3516347 88.0211276 255 79 163
44.7072005 24.3516347 88.2012323 255 79 163
44.7670617 24.3516347 88.3723058 255 79 163
44.8634895 24.3516347 88.5257697 255 79 163
44.9916486 24.3516347 88.6539288 255 79 163
45.1451126 24.3516347 88.7503566 255 79 163
45.316186 24.3516347 88.8102178 255 79 163
45.4962907 24.3516347 88.8305107 255 79 163
45.4962907 25.1407249 88.2012323 255 79 163
45.4962907 25.0808637 88.3723058 255 79 163
45.4962907 24.9844359 88.5257697 255 79 163
45.4962907 24.8562769 88.6539288 255 79 163
45.4962907 24.7028129 88.7503566 255 79 163
45.4962907 24.5317394 88.8102178 255 79 163
44.7265216 24.5986686 88.0602539 255 79 163
44.7265216 24.5744872 88.1346766 255 79 163
44.7265216 24.5284914 88.1979843 255 79 163
44.841486 24.8040937 88.1681404 255 79 163
44.7265216 24.4651837 88.24398 255 79 163
44.841486 24.7365193 88.3007626 255 79 163
45.0205473 24.9983777 88.1235616 255 79 163
44.7265216 24.390761 88.2681614 255 79 163
44.841486 24.6312697 88.4060122 255 79 163
45.0205473 24.93507 88.3184027 255 79 163
44.841486 24.4986475 88.4735865 255 79 163
45.0205473 24.8146516 88.4841445 255 79 163
45.2461776 25.0837287 88.2589993 255 79 163
45.0205473 24.6489098 88.6045629 255 79 163
45.2461776 24.974391 88.4735865 255 79 163
45.0205473 24.4540688 88.6678706 255 79 163
45.2461776 24.8040937 88.6438839 255 79 163
45.2461776 24.5895065 88.7532215 255 79 163
44.6869076 10.775736 61.3117642 255 79 163
44.7072005 10.775736 61.1316595 255 79 163
44.7670617 10.775736 60.960586 255 79 163
44.8634895 10.775736 60.8071221 255 79 163
44.9916486 10.775736 60.678963 255 79 163
45.1451126 10.775736 60.5825352 255 79 163
45.316186 10.775736 60.522674 255 79 163
45.4962907 10.775736 60.5023811 255 79 163
44.6869076 24.3516347 61.3117642 255 79 163
44.7072005 24.3516347 61.1316595 255 79 163
44.7670617 24.3516347 60.960586 255 79 163
44.8634895 24.3516347 60.8071221 255 79 163
44.9916486 24.3516347 60.678963 255 79 163
45.1451126 24.3516347 60.5825352 255 79 163
45.316186 24.3516347 60.522674 255 79 163
45.4962907 24.3516347 60.5023811 255 79 163
44.6869076 24.3516347 88.0211276 255 79 163
44.7072005 24.3516347 88.2012323 255 79 163
44.7670617 24.3516347 88.3723058 255 79 163
44.8634895 24.3516347 88.5257697 255 79 163
44.9916486 24.3516347 88.6539288 255 79 163
45.1451126 24.3516347 88.7503566 255 79 163
45.316186 24.3516347 88.8102178 255 79 163
45.4962907 24.3516347 88.8305107 255 79 163
44.6869076 10.775736 88.0211276 255 79 163
45.4962907 10.775736 88.8305107 255 79 163
45.316186 10.775736 88.8102178 255 79 163
45.1451126 10.775736 88.7503566 255 79 163
44.9916486 10.775736 88.6539288 255 79 163
44.8634895 10.775736 88.5257697 255 79 163
44.7670617 10.775736 88.3723058 255 79 163
44.7072005 10.775736 88.2012323 255 79 163
44.6869076 10.775736 61.3117642 255 79 163
44.7072005 10.5956314 61.3117642 255 79 163
44.7670617 10.4245579 61.3117642 255 79 163
44.8634895 10.2710939 61.3117642 255 79 163
44.9916486 10.1429348 61.3117642 255 79 163
45.1451126 10.046507 61.3117642 255 79 163
45.316186 9.98664585 61.3117642 255 79 163
45.4962907 9.96635292 61.3117642 255 79 163
44.6869076 10.775736 61.3117642 255 79 163
44.7072005 10.775736 61.1316595 255 79 163
44.7670617 10.775736 60.960586 255 79 163
44.8634895 10.775736 60.8071221 255 79 163
44.9916486 10.775736 60.678963 255 79 163
45.1451126 10.775736 60.5825352 255 79 163
45.316186 10.775736 60.522674 255 79 163
45.4962907 10.775736 60.5023811 255 79 163
45.4962907 9.98664585 61.1316595 255 79 163
45.4962907 10.046507 60.960586 255 79 163
45.4962907 10.1429348 60.8071221 255 79 163
45.4962907 10.2710939 60.678963 255 79 163
45.4962907 10.4245579 60.5825352 255 79 163
45.4962907 10.5956314 60.522674 255 79 163
44.7265216 10.5287022 61.2726379 255 79 163
44.7265216 10.5528836 61.1982152 255 79 163
44.7265216 10.5988794 61.1349075 255 79 163
44.841486 10.3232771 61.1647514 255 79 163
44.7265216 10.6621871 61.0889118 255 79 163
44.841486 10.3908515 61.0321292 255 79 163
45.0205473 10.1289931 61.2093302 255 79 163
44.7265216 10.7366097 61.0647304 255 79 163
44.841486 10.4961011 60.9268797 255 79 163
45.0205473 10.1923008 61.0144891 255 79 163
44.841486 10.6287232 60.8593053 255 79 163
45.0205473 10.3127192 60.8487474 255 79 163
45.2461776 10.0436421 61.0738925 255 79 163
45.0205473 10.4784609 60.7283289 255 79 163
45.2461776 10.1529798 60.8593053 255 79 163
45.0205473 10.673302 60.6650212 255 79 163
45.2461776 10.3232771 60.6890079 255 79 163
45.2461776 10.5378643 60.5796703 255 79 163
45.4962907 10.775736 88.8305107 255 79 163
45.4962907 10.5956314 88.8102178 255 79 163
45.4962907 10.4245579 88.7503566 255 79 163
45.4962907 10.2710939 88.6539288 255 79 163
45.4962907 10.1429348 88.5257697 255 79 163
45.4962907 10.046507 88.3723058 255 79 163
45.4962907 9.98664585 88.2012323 255 79 163
45.4962907 9.96635292 88.0211276 255 79 163
45.4962907 10.775736 88.8305107 255 79 163
45.316186 10.775736 88.8102178 255 79 163
45.1451126 10.775736 88.7503566 255 79 163
44.9916486 10.775736 88.6539288 255 79 163
44.8634895 10.775736 88.5257697 255 79 163
44.7670617 10.775736 88.3723058 255 79 163
44.7072005 10.775736 88.2012323 255 79 163
44.6869076 10.775736 88.0211276 255 79 163
45.316186 9.98664585 88.0211276 255 79 163
45.1451126 10.046507 88.0211276 255 79 163
44.9916486 10.1429348 88.0211276 255 79 163
44.8634895 10.2710939 88.0211276 255 79 163
44.7670617 10.4245579 88.0211276 255 79 163
44.7072005 10.5956314 88.0211276 255 79 163
45.4571644 10.5287022 88.7908967 255 79 163
45.3827417 10.5528836 88.7908967 255 79 163
45.319434 10.5988794 88.7908967 255 79 163
45.3492779 10.3232771 88.6759323 255 79 163
45.2734383 10.6621871 88.7908967 255 79 163
45.2166557 10.3908515 88.6759323 255 79 163
45.3938567 10.1289931 88.4968711 255 79 163
45.2492569 10.7366097 88.7908967 255 79 163
45.1114062 10.4961011 88.6759323 255 79 163
45.1990156 10.1923008 88.4968711 255 79 163
45.0438318 10.6287232 88.6759323 255 79 163
45.0332739 10.3127192 88.4968711 255 79 163
45.258419 10.0436421 88.2712407 255 79 163
44.9128555 10.4784609 88.4968711 255 79 163
45.0438318 10.1529798 88.2712407 255 79 163
44.8495478 10.673302 88.4968711 255 79 163
44.8735345 10.3232771 88.2712407 255 79 163
44.7641968 10.5378643 88.2712407 255 79 163
45.4962907 9.96635292 88.0211276 255 79 163
45.4962907 9.96635292 61.3117642 255 79 163
45.316186 9.98664585 88.0211276 255 79 163
45.1451126 10.046507 88.0211276 255 79 163
44.9916486 10.1429348 88.0211276 255 79 163
44.8634895 10.2710939 88.0211276 255 79 163
44.7670617 10.4245579 88.0211276 255 79 163
44.7072005 10.5956314 88.0211276 255 79 163
44.6869076 10.775736 88.0211276 255 79 163
44.6869076 10.775736 61.3117642 255 79 163
44.7072005 10.5956314 61.3117642 255 79 163
44.7670617 10.4245579 61.3117642 255 79 163
44.8634895 10.2710939 61.3117642 255 79 163
44.9916486 10.1429348 61.3117642 255 79 163
45.1451126 10.046507 61.3117642 255 79 163
45.316186 9.98664585 61.3117642 255 79 163
44.6869076 10.775736 88.0211276 218 222 230
44.6869076 10.775736 61.3117642 218 222 230
44.6869076 24.3516347 61.3117642 218 222 230
44.6869076 24.3516347 88.0211276 218 222 230
3 15 20 14
3 16 20 15
3 13 14 20
3 17 20 16
3 12 20 19
3 12 13 20
3 10 20 17
3 11 12 19
3 18 11 19
3 21 3 4
3 21 4 5
3 21 5 6
3 21 6 7
3 21 7 8
3 21 10 3
3 21 20 10
3 1 2 0
3 1 8 9
3 1 9 2
3 1 21 8
3 23 22 24
3 37 24 25
3 37 23 24
3 36 25 26
3 36 37 25
3 35 26 27
3 35 36 26
3 34 27 28
3 34 35 27
3 33 28 29
3 33 34 28
3 32 29 30
3 32 33 29
3 31 32 30
3 53 38 39
3 52 39 40
3 52 53 39
3 51 40 41
3 51 52 40
3 50 41 42
3 50 51 41
3 49 42 43
3 49 50 42
3 48 43 44
3 48 49 43
3 47 44 45
3 47 48 44
3 46 47 45
3 68 61 60
3 68 69 61
3 67 60 59
3 67 68 60
3 66 58 57
3 66 59 58
3 66 67 59
3 65 66 57
3 64 56 55
3 64 57 56
3 64 65 57
3 63 55 54
3 63 64 55
3 62 63 54
3 92 86 85
3 98 79 78
3 98 78 91
3 99 80 79
3 99 79 98
3 100 91 90
3 100 98 91
3 101 81 80
3 101 80 99
3 102 98 100
3 102 99 98
3 103 90 89
3 103 100 90
3 104 82 81
3 104 81 101
3 105 101 99
3 105 99 102
3 106 100 103
3 106 102 100
3 107 83 82
3 107 82 104
3 108 89 88
3 108 103 89
3 109 104 101
3 109 101 105
3 110 102 106
3 110 105 102
3 111 76 77
3 111 84 83
3 111 77 84
3 111 83 107
3 112 106 103
3 112 103 108
3 113 104 109
3 113 107 104
3 114 88 87
3 114 108 88
3 115 109 105
3 115 105 110
3 116 110 106
3 116 106 112
3 117 107 113
3 117 75 76
3 117 76 111
3 117 111 107
3 118 108 114
3 118 112 108
3 119 113 109
3 119 109 115
3 120 87 86
3 120 114 87
3 120 86 92
3 121 115 110
3 121 110 116
3 122 112 118
3 122 116 112
3 123 74 75
3 123 75 117
3 123 113 119
3 123 117 113
3 124 118 114
3 124 120 92
3 124 92 93
3 124 114 120
3 125 115 121
3 125 119 115
3 126 121 116
3 126 116 122
3 127 124 93
3 127 93 94
3 127 118 124
3 127 122 118
3 128 73 74
3 128 123 119
3 128 119 125
3 128 74 123
3 129 121 126
3 129 125 121
3 130 94 95
3 130 127 94
3 130 126 122
3 130 122 127
3 131 71 72
3 131 72 73
3 131 73 128
3 131 125 129
3 131 128 125
3 132 95 96
3 132 129 126
3 132 130 95
3 132 126 130
3 133 70 71
3 133 96 97
3 133 97 70
3 133 71 131
3 133 132 96
3 133 131 129
3 133 129 132
3 147 135 134
3 147 134 141
3 146 140 139
3 146 141 140
3 146 147 141
3 145 146 139
3 144 139 138
3 144 145 139
3 143 137 136
3 143 138 137
3 143 144 138
3 142 143 136
3 157 148 149
3 158 149 150
3 158 157 149
3 159 158 150
3 160 150 151
3 160 151 152
3 160 159 150
3 161 160 152
3 162 152 153
3 162 153 154
3 162 161 152
3 163 162 154
3 156 154 155
3 156 163 154
3 165 164 172
3 165 172 173
3 166 173 174
3 166 165 173
3 167 174 175
3 167 166 174
3 168 175 176
3 168 167 175
3 169 176 177
3 169 168 176
3 170 177 178
3 170 169 177
3 171 178 179
3 171 170 178
3 202 196 195
3 208 189 188
3 208 188 201
3 209 190 189
3 209 189 208
3 210 201 200
3 210 208 201
3 211 191 190
3 211 190 209
3 212 208 210
3 212 209 208
3 213 200 199
3 213 210 200
3 214 192 191
3 214 191 211
3 215 211 209
3 215 209 212
3 216 210 213
3 216 212 210
3 217 193 192
3 217 192 214
3 218 199 198
3 218 213 199
3 219 214 211
3 219 211 215
3 220 212 216
3 220 215 212
3 221 186 187
3 221 194 193
3 221 187 194
3 221 193 217
3 222 216 213
3 222 213 218
3 223 214 219
3 223 217 214
3 224 198 197
3 224 218 198
3 225 219 215
3 225 215 220
3 226 220 216
3 226 216 222
3 227 217 223
3 227 185 186
3 227 186 221
3 227 221 217
3 228 218 224
3 228 222 218
3 229 223 219
3 229 219 225
3 230 197 196
3 230 224 197
3 230 196 202
3 231 225 220
3 231 220 226
3 232 222 228
3 232 226 222
3 233 184 185
3 233 185 227
3 233 223 229
3 233 227 223
3 234 228 224
3 234 230 202
3 234 202 203
3 234 224 230
3 235 225 231
3 235 229 225
3 236 231 226
3 236 226 232
3 237 234 203
3 237 203 204
3 237 228 234
3 237 232 228
3 238 183 184
3 238 233 229
3 238 229 235
3 238 184 233
3 239 231 236
3 239 235 231
3 240 204 205
3 240 237 204
3 240 239 236
3 240 236 232
3 240 232 237
3 241 182 183
3 241 183 238
3 241 235 239
3 241 238 235
3 242 205 206
3 242 240 205
3 242 239 240
3 243 180 181
3 243 181 182
3 243 206 207
3 243 207 180
3 243 182 241
3 243 242 206
3 243 241 239
3 243 239 242
3 254 251 250
3 254 253 251
3 255 250 249
3 255 254 250
3 256 249 248
3 256 255 249
3 257 248 247
3 257 256 248
3 258 247 246
3 258 257 247
3 259 246 245
3 259 258 246
3 252 245 244
3 252 259 245
3 269 260 261
3 270 261 262
3 270 269 261
3 271 262 263
3 271 270 262
3 272 263 264
3 272 271 263
3 273 264 265
3 273 272 264
3 274 265 266
3 274 273 265
3 275 274 266
3 268 266 267
3 268 275 266
3 292 283 282
3 291 297 290
3 298 278 277
3 299 277 276
3 299 298 277
3 300 276 284
3 300 299 276
3 301 279 278
3 301 278 298
3 301 298 299
3 302 284 285
3 302 300 284
3 303 299 300
3 303 301 299
3 304 280 279
3 304 281 280
3 304 279 301
3 305 285 286
3 305 302 285
3 306 303 300
3 306 300 302
3 307 301 303
3 307 304 301
3 308 286 287
3 308 302 305
3 308 305 286
3 308 306 302
3 309 303 306
3 309 307 303
3 310 282 281
3 310 293 292
3 310 281 304
3 310 304 307
3 310 292 282
3 311 306 308
3 311 309 306
3 312 294 293
3 312 295 294
3 312 293 310
3 312 307 309
3 312 310 307
3 313 287 288
3 313 288 289
3 313 308 287
3 313 311 308
3 314 296 295
3 314 295 312
3 314 309 311
3 314 312 309
3 315 289 290
3 315 297 296
3 315 296 314
3 315 290 297
3 315 313 289
3 315 311 313
3 315 314 311
3 332 323 322
3 331 337 330
3 338 318 317
3 339 317 316
3 339 338 317
3 340 316 324
3 340 339 316
3 341 319 318
3 341 318 338
3 341 338 339
3 342 324 325
3 342 340 324
3 343 339 340
3 343 341 339
3 344 320 319
3 344 321 320
3 344 319 341
3 345 325 326
3 345 342 325
3 346 343 340
3 346 340 342
3 347 341 343
3 347 344 341
3 348 326 327
3 348 342 345
3 348 345 326
3 348 346 342
3 349 343 346
3 349 347 343
3 350 322 321
3 350 333 332
3 350 321 344
3 350 344 347
3 350 332 322
3 351 346 348
3 351 349 346
3 352 334 333
3 352 335 334
3 352 333 350
3 352 347 349
3 352 350 347
3 353 327 328
3 353 328 329
3 353 348 327
3 353 351 348
3 354 336 335
3 354 335 352
3 354 349 351
3 354 352 349
3 355 329 330
3 355 337 336
3 355 336 354
3 355 330 337
3 355 353 329
3 355 351 353
3 355 354 351
3 359 357 356
3 358 357 359
3 361 362 360
3 361 363 362
3 370 369 364
3 371 370 364
3 372 371 364
3 393 364 394
3 395 394 364
3 392 364 393
3 396 395 364
3 391 372 364
3 391 364 392
3 382 396 364
3 390 373 372
3 390 372 391
3 389 374 373
3 389 373 390
3 388 375 374
3 388 374 389
3 387 376 375
3 387 375 388
3 386 376 387
3 386 377 376
3 385 378 377
3 385 377 386
3 384 378 385
3 367 378 384
3 367 379 378
3 367 380 379
3 367 381 380
3 367 368 381
3 365 383 382
3 365 398 383
3 365 399 398
3 365 400 399
3 365 401 400
3 365 402 401
3 365 403 402
3 365 404 403
3 365 405 404
3 365 406 405
3 365 382 364
3 366 384 397
3 366 406 365
3 366 407 406
3 366 408 407
3 366 409 408
3 366 397 409
3 366 367 384
3 415 416 423
3 410 411 430
3 431 419 418
3 432 418 417
3 432 419 431
3 432 431 418
3 433 417 424
3 433 432 417
3 434 420 419
3 434 419 432
3 435 424 425
3 435 433 424
3 436 432 433
3 436 434 432
3 437 421 420
3 437 422 421
3 437 420 434
3 438 425 426
3 438 435 425
3 438 426 435
3 439 436 433
3 439 433 435
3 440 422 437
3 440 437 434
3 440 434 436
3 441 426 427
3 441 435 426
3 441 439 435
3 442 436 439
3 442 440 436
3 443 414 415
3 443 423 422
3 443 422 440
3 443 415 423
3 444 439 441
3 444 442 439
3 445 413 414
3 445 414 443
3 445 440 442
3 445 443 440
3 446 427 428
3 446 428 429
3 446 441 427
3 446 429 444
3 446 444 441
3 447 412 413
3 447 413 445
3 447 442 444
3 447 445 442
3 448 411 412
3 448 429 430
3 448 430 411
3 448 444 429
3 448 412 447
3 448 447 444
3 455 457 456
3 455 464 457
3 454 463 464
3 454 464 455
3 453 462 463
3 453 463 454
3 452 461 462
3 452 462 453
3 451 460 461
3 451 461 452
3 450 459 460
3 450 460 451
3 449 458 459
3 449 459 450
3 481 472 471
3 480 485 479
3 486 467 466
3 487 466 465
3 487 486 466
3 487 467 486
3 488 465 473
3 488 487 465
3 489 468 467
3 489 467 487
3 490 473 474
3 490 488 473
3 491 487 488
3 491 489 487
3 492 469 468
3 492 470 469
3 492 468 489
3 493 474 475
3 493 490 474
3 493 475 490
3 494 491 488
3 494 488 490
3 495 470 492
3 495 492 489
3 495 489 491
3 496 475 476
3 496 490 475
3 496 494 490
3 497 491 494
3 497 495 491
3 498 471 470
3 498 482 481
3 498 481 471
3 498 470 495
3 499 494 496
3 499 497 494
3 500 483 482
3 500 482 498
3 500 495 497
3 500 498 495
3 501 476 477
3 501 477 478
3 501 496 476
3 501 478 499
3 501 499 496
3 502 484 483
3 502 483 500
3 502 497 499
3 502 500 497
3 503 478 479
3 503 485 484
3 503 484 502
3 503 479 485
3 503 499 478
3 503 502 499
3 507 518 506
3 507 519 518
3 507 520 519
3 508 520 507
3 509 521 520
3 509 522 521
3 509 520 508
3 510 522 509
3 511 523 522
3 511 522 510
3 512 524 523
3 512 523 511
3 513 525 524
3 513 524 512
3 514 526 525
3 514 527 526
3 514 525 513
3 515 527 514
3 516 528 527
3 516 527 515
3 517 529 528
3 517 505 529
3 517 528 516
3 504 505 517
3 532 531 530
3 532 530 533
3 550 541 540
3 549 555 548
3 556 536 535
3 557 535 534
3 557 556 535
3 558 534 542
3 558 557 534
3 559 537 536
3 559 536 556
3 559 556 557
3 560 542 543
3 560 558 542
3 561 557 558
3 561 559 557
3 562 538 537
3 562 539 538
3 562 537 559
3 563 543 544
3 563 560 543
3 564 561 558
3 564 558 560
3 565 559 561
3 565 562 559
3 566 544 545
3 566 560 563
3 566 563 544
3 566 564 560
3 567 561 564
3 567 565 561
3 568 540 539
3 568 551 550
3 568 539 562
3 568 562 565
3 568 550 540
3 569 564 566
3 569 567 564
3 570 552 551
3 570 553 552
3 570 551 568
3 570 565 567
3 570 568 565
3 571 545 546
3 571 546 547
3 571 566 545
3 571 569 566
3 572 554 553
3 572 553 570
3 572 567 569
3 572 570 567
3 573 547 548
3 573 555 554
3 573 554 572
3 573 548 555
3 573 571 547
3 573 569 571
3 573 572 569
3 580 574 575
3 581 574 580
3 582 574 581
3 583 574 582
3 578 588 589
3 578 589 590
3 578 590 591
3 578 591 579
3 576 583 584
3 576 584 585
3 576 585 586
3 576 574 583
3 577 586 587
3 577 587 588
3 577 588 578
3 577 576 586
3 599 601 600
3 598 602 601
3 598 601 599
3 597 603 602
3 597 602 598
3 596 604 603
3 596 603 597
3 595 605 604
3 595 604 596
3 594 606 605
3 594 605 595
3 593 607 606
3 593 606 594
3 592 607 593
3 610 609 611
3 608 609 610
3 628 619 618
3 627 633 626
3 634 614 613
3 635 613 612
3 635 634 613
3 636 612 620
3 636 635 612
3 637 615 614
3 637 614 634
3 637 634 635
3 638 620 621
3 638 636 620
3 639 635 636
3 639 637 635
3 640 616 615
3 640 617 616
3 640 615 637
3 641 621 622
3 641 638 621
3 642 639 636
3 642 636 638
3 643 637 639
3 643 640 637
3 644 622 623
3 644 638 641
3 644 641 622
3 644 642 638
3 645 639 642
3 645 643 639
3 646 618 617
3 646 629 628
3 646 617 640
3 646 640 643
3 646 628 618
3 647 642 644
3 647 645 642
3 648 630 629
3 648 631 630
3 648 629 646
3 648 643 645
3 648 646 643
3 649 623 624
3 649 624 625
3 649 644 623
3 649 647 644
3 650 632 631
3 650 631 648
3 650 645 647
3 650 648 645
3 651 625 626
3 651 633 632
3 651 632 650
3 651 626 633
3 651 649 625
3 651 647 649
3 651 650 647
3 652 655 654
3 652 653 655
3 666 663 662
3 666 665 663
3 667 662 661
3 667 666 662
3 668 661 660
3 668 667 661
3 669 660 659
3 669 668 660
3 670 659 658
3 670 669 659
3 671 658 657
3 671 670 658
3 664 657 656
3 664 671 657
3 674 681 682
3 675 682 683
3 675 674 682
3 676 683 684
3 676 675 683
3 677 684 685
3 677 676 684
3 678 685 686
3 678 677 685
3 679 686 687
3 679 678 686
3 680 687 672
3 680 679 687
3 673 680 672
3 703 688 689
3 702 689 690
3 702 703 689
3 701 690 691
3 701 702 690
3 700 691 692
3 700 701 691
3 699 692 693
3 699 700 692
3 698 693 694
3 698 699 693
3 697 694 695
3 697 698 694
3 696 697 695
3 718 711 710
3 718 719 711
3 717 710 709
3 717 718 710
3 716 709 708
3 716 717 709
3 715 708 707
3 715 716 708
3 714 707 706
3 714 715 707
3 713 706 705
3 713 714 706
3 712 705 704
3 712 713 705
3 727 728 729
3 727 729 735
3 726 735 734
3 726 727 735
3 725 733 732
3 725 734 733
3 725 726 734
3 724 725 732
3 723 732 731
3 723 724 732
3 722 730 720
3 722 731 730
3 722 723 731
3 721 722 720
3 776 737 736
3 776 736 744
3 777 738 737
3 777 737 776
3 778 739 738
3 778 738 777
3 779 740 739
3 779 739 778
3 780 744 745
3 780 776 744
3 781 741 740
3 781 740 779
3 782 776 780
3 782 777 776
3 783 742 741
3 783 743 742
3 783 764 743
3 783 741 781
3 784 778 777
3 784 777 782
3 785 778 784
3 785 779 778
3 786 780 745
3 786 745 746
3 787 779 785
3 787 781 779
3 788 780 786
3 788 782 780
3 789 783 781
3 789 765 764
3 789 781 787
3 789 764 783
3 790 782 788
3 790 784 782
3 791 784 790
3 791 785 784
3 792 746 747
3 792 786 746
3 792 788 786
3 793 787 785
3 793 785 791
3 794 788 792
3 795 787 793
3 795 766 765
3 795 789 787
3 795 765 789
3 796 790 788
3 796 788 794
3 797 790 796
3 797 791 790
3 798 747 748
3 798 792 747
3 799 793 791
3 799 791 797
3 800 794 792
3 800 792 798
3 801 795 793
3 801 767 766
3 801 766 795
3 801 793 799
3 802 796 794
3 802 794 800
3 803 797 796
3 803 799 797
3 803 796 802
3 804 748 749
3 804 749 750
3 804 798 748
3 805 799 803
3 806 800 798
3 806 802 800
3 806 798 804
3 807 768 767
3 807 767 801
3 807 801 799
3 807 799 805
3 808 802 806
3 809 802 808
3 809 803 802
3 810 750 751
3 810 804 750
3 811 805 803
3 811 803 809
3 812 806 804
3 812 808 806
3 812 804 810
3 813 769 768
3 813 768 807
3 813 807 805
3 813 805 811
3 814 808 812
3 815 809 808
3 815 808 814
3 816 810 751
3 817 809 815
3 817 811 809
3 818 812 810
3 818 810 816
3 819 811 817
3 819 770 769
3 819 813 811
3 819 769 813
3 820 814 812
3 820 812 818
3 821 814 820
3 821 815 814
3 822 751 752
3 822 816 751
3 823 815 821
3 823 817 815
3 824 816 822
3 824 818 816
3 825 817 823
3 825 771 770
3 825 770 819
3 825 819 817
3 826 818 824
3 826 820 818
3 827 821 820
3 827 820 826
3 828 822 752
3 828 752 753
3 829 823 821
3 829 821 827
3 830 822 828
3 830 824 822
3 831 771 825
3 831 772 771
3 831 823 829
3 831 773 772
3 831 825 823
3 832 826 824
3 832 827 826
3 832 824 830
3 833 827 832
3 834 753 754
3 834 828 753
3 835 831 829
3 835 829 827
3 835 827 833
3 836 830 828
3 836 828 834
3 837 774 773
3 837 773 831
3 837 831 835
3 838 832 830
3 838 830 836
3 839 832 838
3 839 833 832
3 840 754 755
3 840 755 756
3 840 756 757
3 840 834 754
3 841 835 833
3 841 833 839
3 842 840 757
3 842 757 758
3 842 836 834
3 842 834 840
3 843 774 837
3 843 837 835
3 843 835 841
3 844 836 842
3 844 758 759
3 844 842 758
3 844 838 836
3 845 844 759
3 845 759 760
3 845 839 838
3 845 838 844
3 846 760 761
3 846 841 839
3 846 845 760
3 846 839 845
3 847 846 761
3 847 761 762
3 847 762 763
3 847 775 774
3 847 763 775
3 847 841 846
3 847 774 843
3 847 843 841
3 876 855 854
3 869 867 868
3 888 849 848
3 888 848 856
3 889 850 849
3 889 849 888
3 890 851 850
3 890 850 889
3 891 852 851
3 891 851 890
3 892 856 857
3 892 888 856
3 893 853 852
3 893 852 891
3 894 888 892
3 894 889 888
3 895 854 853
3 895 876 854
3 895 853 893
3 896 890 889
3 896 889 894
3 897 890 896
3 897 891 890
3 898 892 857
3 898 857 858
3 898 858 859
3 899 893 891
3 899 891 897
3 900 892 898
3 900 894 892
3 901 877 876
3 901 893 899
3 901 895 893
3 901 876 895
3 902 896 894
3 902 894 900
3 903 897 896
3 903 896 902
3 904 898 859
3 905 899 897
3 905 897 903
3 906 898 904
3 906 900 898
3 907 878 877
3 907 899 905
3 907 901 899
3 907 877 901
3 908 900 906
3 908 902 900
3 909 902 908
3 909 903 902
3 910 859 860
3 910 904 859
3 911 905 903
3 911 903 909
3 912 906 904
3 912 904 910
3 913 878 907
3 913 879 878
3 913 880 879
3 913 907 905
3 913 905 911
3 914 906 912
3 914 908 906
3 915 909 908
3 915 908 914
3 916 860 861
3 916 910 860
3 917 909 915
3 917 911 909
3 918 912 910
3 918 910 916
3 919 880 913
3 919 913 911
3 919 911 917
3 920 914 912
3 920 912 918
3 921 915 914
3 921 914 920
3 922 861 862
3 922 916 861
3 923 915 921
3 923 917 915
3 924 918 916
3 924 916 922
3 925 881 880
3 925 880 919
3 925 919 917
3 925 917 923
3 926 920 918
3 926 918 924
3 927 921 920
3 927 920 926
3 928 862 863
3 928 922 862
3 929 923 921
3 929 921 927
3 930 924 922
3 930 922 928
3 931 923 929
3 931 882 881
3 931 881 925
3 931 925 923
3 932 924 930
3 932 926 924
3 933 926 932
3 933 927 926
3 934 863 864
3 934 928 863
3 935 927 933
3 935 929 927
3 936 928 934
3 936 930 928
3 937 929 935
3 937 883 882
3 937 884 883
3 937 882 931
3 937 931 929
3 938 930 936
3 938 932 930
3 938 933 932
3 939 933 938
3 940 934 864
3 940 936 934
3 940 864 865
3 941 935 933
3 941 933 939
3 941 937 935
3 942 936 940
3 943 884 937
3 943 937 941
3 944 936 942
3 944 938 936
3 944 939 938
3 945 939 944
3 946 865 866
3 946 940 865
3 947 941 939
3 947 939 945
3 947 943 941
3 948 942 940
3 948 944 942
3 948 940 946
3 949 885 884
3 949 884 943
3 949 943 947
3 950 944 948
3 951 944 950
3 951 945 944
3 952 867 869
3 952 866 867
3 952 946 866
3 953 945 951
3 953 947 945
3 954 869 870
3 954 952 869
3 954 948 946
3 954 946 952
3 955 886 885
3 955 887 886
3 955 885 949
3 955 949 947
3 955 947 953
3 956 950 948
3 956 870 871
3 956 954 870
3 956 948 954
3 957 871 872
3 957 951 950
3 957 956 871
3 957 950 956
3 958 951 957
3 958 872 873
3 958 957 872
3 958 953 951
3 959 873 874
3 959 874 875
3 959 875 887
3 959 887 955
3 959 955 953
3 959 958 873
3 959 953 958
3 967 968 969
3 967 969 975
3 966 975 974
3 966 967 975
3 965 974 973
3 965 966 974
3 964 973 972
3 964 965 973
3 963 972 971
3 963 964 972
3 962 971 970
3 962 963 971
3 961 970 960
3 961 962 970
3 986 983 982
3 986 985 983
3 987 982 981
3 987 986 982
3 988 981 980
3 988 987 981
3 989 980 979
3 989 988 980
3 990 979 978
3 990 989 979
3 991 978 977
3 991 990 978
3 984 977 976
3 984 991 977
3 1013 1011 1012
3 1014 1011 1013
3 1031 993 992
3 1031 992 1000
3 1032 994 993
3 1032 993 1031
3 1033 995 994
3 1033 994 1032
3 1034 995 1033
3 1034 996 995
3 1035 997 996
3 1035 996 1034
3 1036 998 997
3 1036 999 998
3 1036 1035 1020
3 1036 1020 999
3 1036 997 1035
3 1037 1000 1001
3 1037 1031 1000
3 1038 1031 1037
3 1038 1032 1031
3 1039 1033 1032
3 1039 1032 1038
3 1040 1033 1039
3 1040 1034 1033
3 1041 1020 1035
3 1041 1035 1034
3 1041 1034 1040
3 1041 1040 1021
3 1042 1021 1020
3 1042 1020 1041
3 1042 1041 1021
3 1043 1001 1002
3 1043 1037 1001
3 1044 1038 1037
3 1044 1037 1043
3 1045 1039 1038
3 1045 1038 1044
3 1046 1039 1045
3 1046 1021 1040
3 1046 1040 1039
3 1047 1046 1022
3 1047 1021 1046
3 1048 1047 1022
3 1048 1021 1047
3 1048 1022 1021
3 1049 1002 1003
3 1049 1043 1002
3 1050 1043 1049
3 1050 1044 1043
3 1051 1045 1044
3 1051 1044 1050
3 1052 1003 1004
3 1052 1050 1049
3 1052 1049 1003
3 1053 1022 1046
3 1053 1045 1051
3 1053 1046 1045
3 1054 1050 1052
3 1055 1022 1053
3 1056 1051 1050
3 1056 1050 1054
3 1057 1023 1022
3 1057 1022 1055
3 1058 1051 1056
3 1058 1053 1051
3 1059 1055 1053
3 1059 1053 1058
3 1059 1057 1055
3 1060 1052 1004
3 1061 1023 1057
3 1061 1057 1059
3 1062 1054 1052
3 1062 1052 1060
3 1063 1056 1054
3 1063 1054 1062
3 1064 1004 1005
3 1064 1060 1004
3 1064 1062 1060
3 1065 1056 1063
3 1065 1058 1056
3 1066 1063 1062
3 1066 1062 1064
3 1067 1059 1058
3 1067 1058 1065
3 1068 1063 1066
3 1069 1024 1023
3 1069 1023 1061
3 1069 1061 1059
3 1069 1059 1067
3 1070 1065 1063
3 1070 1063 1068
3 1071 1064 1005
3 1072 1065 1070
3 1072 1067 1065
3 1073 1066 1064
3 1073 1064 1071
3 1074 1024 1069
3 1074 1069 1067
3 1074 1067 1072
3 1075 1068 1066
3 1075 1066 1073
3 1076 1070 1068
3 1076 1072 1070
3 1076 1068 1075
3 1077 1073 1071
3 1077 1005 1006
3 1077 1071 1005
3 1078 1072 1076
3 1079 1075 1073
3 1079 1073 1077
3 1080 1072 1078
3 1080 1074 1072
3 1080 1025 1024
3 1080 1024 1074
3 1081 1075 1079
3 1082 1076 1075
3 1082 1075 1081
3 1083 1077 1006
3 1084 1080 1078
3 1084 1078 1076
3 1084 1076 1082
3 1085 1077 1083
3 1085 1079 1077
3 1086 1025 1080
3 1086 1080 1084
3 1087 1082 1081
3 1087 1081 1079
3 1087 1079 1085
3 1088 1082 1087
3 1089 1006 1007
3 1089 1083 1006
3 1090 1084 1082
3 1090 1086 1084
3 1090 1082 1088
3 1091 1085 1083
3 1091 1083 1089
3 1092 1025 1086
3 1092 1026 1025
3 1092 1086 1090
3 1093 1087 1085
3 1093 1085 1091
3 1094 1089 1007
3 1095 1088 1087
3 1095 1087 1093
3 1096 1091 1089
3 1096 1089 1094
3 1097 1090 1088
3 1097 1088 1095
3 1098 1093 1091
3 1098 1095 1093
3 1098 1091 1096
3 1099 1026 1092
3 1099 1092 1090
3 1099 1090 1097
3 1100 1097 1095
3 1100 1095 1098
3 1101 1097 1100
3 1102 1007 1008
3 1102 1094 1007
3 1102 1096 1094
3 1103 1027 1026
3 1103 1026 1099
3 1103 1099 1097
3 1103 1097 1101
3 1104 1096 1102
3 1105 1098 1096
3 1105 1096 1104
3 1106 1102 1008
3 1107 1098 1105
3 1107 1100 1098
3 1108 1104 1102
3 1108 1102 1106
3 1109 1100 1107
3 1109 1101 1100
3 1110 1104 1108
3 1110 1107 1105
3 1110 1105 1104
3 1111 1101 1109
3 1111 1027 1103
3 1111 1103 1101
3 1112 1107 1110
3 1113 1107 1112
3 1113 1109 1107
3 1114 1111 1109
3 1114 1027 1111
3 1114 1109 1113
3 1114 1028 1027
3 1115 1008 1009
3 1115 1106 1008
3 1116 1108 1106
3 1116 1106 1115
3 1116 1115 1009
3 1117 1116 1009
3 1117 1110 1108
3 1117 1108 1116
3 1118 1110 1117
3 1118 1112 1110
3 1119 1113 1112
3 1119 1112 1118
3 1120 1028 1114
3 1120 1114 1113
3 1120 1113 1119
3 1120 1029 1028
3 1121 1009 1010
3 1122 1121 1010
3 1122 1009 1121
3 1123 1117 1009
3 1123 1122 1010
3 1123 1009 1122
3 1124 1118 1117
3 1124 1119 1118
3 1124 1117 1123
3 1125 1120 1119
3 1125 1119 1124
3 1126 1030 1029
3 1126 1029 1120
3 1126 1120 1125
3 1127 1010 1011
3 1128 1011 1014
3 1128 1010 1127
3 1128 1014 1015
3 1128 1127 1011
3 1129 1010 1128
3 1129 1128 1015
3 1129 1123 1010
3 1130 1015 1016
3 1130 1125 1124
3 1130 1124 1123
3 1130 1129 1015
3 1130 1123 1129
3 1131 1016 1017
3 1131 1125 1130
3 1131 1130 1016
3 1132 1131 1017
3 1132 1017 1018
3 1132 1018 1019
3 1132 1019 1030
3 1132 1030 1126
3 1132 1126 1125
3 1132 1125 1131
3 1136 1135 1142
3 1136 1142 1148
3 1137 1148 1147
3 1137 1136 1148
3 1138 1147 1146
3 1138 1137 1147
3 1139 1146 1145
3 1139 1138 1146
3 1140 1145 1144
3 1140 1139 1145
3 1141 1144 1143
3 1141 1140 1144
3 1134 1143 1133
3 1134 1141 1143
3 1156 1157 1158
3 1156 1164 1163
3 1156 1158 1164
3 1155 1163 1162
3 1155 1156 1163
3 1154 1155 1162
3 1153 1162 1161
3 1153 1154 1162
3 1152 1161 1160
3 1152 1153 1161
3 1151 1159 1149
3 1151 1160 1159
3 1151 1152 1160
3 1150 1151 1149
3 1180 1178 1179
3 1193 1166 1165
3 1193 1165 1173
3 1194 1167 1166
3 1194 1166 1193
3 1195 1173 1174
3 1195 1193 1173
3 1196 1168 1167
3 1196 1167 1194
3 1197 1193 1195
3 1197 1194 1193
3 1198 1174 1175
3 1198 1195 1174
3 1199 1169 1168
3 1199 1168 1196
3 1200 1196 1194
3 1200 1194 1197
3 1201 1197 1195
3 1201 1195 1198
3 1202 1170 1169
3 1202 1169 1199
3 1203 1175 1176
3 1203 1198 1175
3 1204 1196 1200
3 1204 1199 1196
3 1205 1197 1201
3 1205 1200 1197
3 1206 1171 1170
3 1206 1172 1171
3 1206 1187 1172
3 1206 1170 1202
3 1207 1198 1203
3 1207 1201 1198
3 1208 1202 1199
3 1208 1199 1204
3 1209 1176 1177
3 1209 1203 1176
3 1210 1204 1200
3 1210 1200 1205
3 1211 1205 1201
3 1211 1201 1207
3 1212 1188 1187
3 1212 1202 1208
3 1212 1187 1206
3 1212 1206 1202
3 1213 1203 1209
3 1213 1207 1203
3 1214 1204 1210
3 1214 1208 1204
3 1215 1177 1178
3 1215 1178 1180
3 1215 1209 1177
3 1216 1210 1205
3 1216 1205 1211
3 1217 1207 1213
3 1217 1211 1207
3 1218 1212 1208
3 1218 1208 1214
3 1218 1189 1188
3 1218 1188 1212
3 1219 1180 1181
3 1219 1215 1180
3 1219 1209 1215
3 1219 1213 1209
3 1220 1214 1210
3 1220 1210 1216
3 1221 1216 1211
3 1221 1211 1217
3 1222 1181 1182
3 1222 1219 1181
3 1222 1213 1219
3 1222 1217 1213
3 1223 1189 1218
3 1223 1190 1189
3 1223 1214 1220
3 1223 1218 1214
3 1224 1216 1221
3 1224 1220 1216
3 1225 1182 1183
3 1225 1222 1182
3 1225 1217 1222
3 1225 1221 1217
3 1226 1191 1190
3 1226 1190 1223
3 1226 1223 1220
3 1226 1220 1224
3 1227 1183 1184
3 1227 1224 1221
3 1227 1225 1183
3 1227 1221 1225
3 1228 1224 1227
3 1228 1184 1185
3 1228 1185 1186
3 1228 1192 1191
3 1228 1186 1192
3 1228 1191 1226
3 1228 1227 1184
3 1228 1226 1224
3 1250 1267 1251
3 1249 1267 1250
3 1268 1235 1236
3 1268 1236 1237
3 1269 1234 1235
3 1269 1268 1237
3 1269 1235 1268
3 1270 1233 1234
3 1270 1234 1269
3 1271 1232 1233
3 1271 1233 1270
3 1272 1231 1232
3 1272 1232 1271
3 1273 1229 1230
3 1273 1230 1231
3 1273 1256 1229
3 1273 1231 1272
3 1274 1237 1238
3 1275 1274 1238
3 1275 1237 1274
3 1275 1269 1237
3 1276 1269 1275
3 1276 1275 1238
3 1276 1270 1269
3 1277 1270 1276
3 1277 1271 1270
3 1278 1271 1277
3 1278 1272 1271
3 1279 1257 1256
3 1279 1273 1272
3 1279 1272 1278
3 1279 1256 1273
3 1280 1238 1239
3 1281 1238 1280
3 1281 1276 1238
3 1281 1280 1239
3 1282 1277 1276
3 1282 1276 1281
3 1283 1277 1282
3 1283 1278 1277
3 1284 1278 1283
3 1284 1258 1257
3 1284 1257 1279
3 1284 1279 1278
3 1285 1239 1240
3 1286 1281 1239
3 1286 1239 1285
3 1287 1285 1240
3 1288 1281 1286
3 1288 1282 1281
3 1289 1285 1287
3 1289 1286 1285
3 1290 1283 1282
3 1290 1284 1283
3 1290 1282 1288
3 1291 1286 1289
3 1292 1259 1258
3 1292 1258 1284
3 1292 1284 1290
3 1293 1288 1286
3 1293 1290 1288
3 1293 1286 1291
3 1294 1290 1293
3 1295 1240 1241
3 1295 1287 1240
3 1296 1260 1259
3 1296 1259 1292
3 1296 1292 1290
3 1296 1290 1294
3 1297 1289 1287
3 1297 1287 1295
3 1298 1291 1289
3 1298 1289 1297
3 1299 1295 1241
3 1300 1293 1291
3 1300 1291 1298
3 1301 1297 1295
3 1301 1295 1299
3 1302 1294 1293
3 1302 1293 1300
3 1303 1298 1297
3 1303 1297 1301
3 1304 1294 1302
3 1304 1260 1296
3 1304 1296 1294
3 1305 1298 1303
3 1305 1300 1298
3 1305 1302 1300
3 1306 1241 1242
3 1306 1299 1241
3 1307 1302 1305
3 1308 1301 1299
3 1308 1299 1306
3 1309 1261 1260
3 1309 1260 1304
3 1309 1304 1302
3 1309 1302 1307
3 1310 1303 1301
3 1310 1301 1308
3 1311 1305 1303
3 1311 1303 1310
3 1312 1306 1242
3 1313 1305 1311
3 1313 1307 1305
3 1314 1310 1308
3 1314 1306 1312
3 1314 1308 1306
3 1315 1307 1313
3 1315 1261 1309
3 1315 1309 1307
3 1316 1310 1314
3 1317 1310 1316
3 1317 1311 1310
3 1317 1313 1311
3 1318 1242 1243
3 1318 1312 1242
3 1319 1313 1317
3 1320 1312 1318
3 1320 1314 1312
3 1321 1315 1313
3 1321 1261 1315
3 1321 1313 1319
3 1321 1262 1261
3 1322 1316 1314
3 1322 1314 1320
3 1323 1317 1316
3 1323 1316 1322
3 1324 1318 1243
3 1325 1319 1317
3 1325 1317 1323
3 1326 1320 1318
3 1326 1318 1324
3 1327 1321 1319
3 1327 1262 1321
3 1327 1319 1325
3 1328 1322 1320
3 1328 1320 1326
3 1329 1243 1244
3 1329 1324 1243
3 1329 1326 1324
3 1330 1323 1322
3 1330 1322 1328
3 1331 1326 1329
3 1332 1325 1323
3 1332 1323 1330
3 1333 1328 1326
3 1333 1326 1331
3 1334 1263 1262
3 1334 1262 1327
3 1334 1327 1325
3 1334 1325 1332
3 1335 1328 1333
3 1335 1330 1328
3 1335 1332 1330
3 1336 1332 1335
3 1337 1329 1244
3 1338 1263 1334
3 1338 1334 1332
3 1338 1332 1336
3 1339 1331 1329
3 1339 1329 1337
3 1340 1333 1331
3 1340 1335 1333
3 1340 1331 1339
3 1341 1244 1245
3 1341 1337 1244
3 1342 1335 1340
3 1343 1337 1341
3 1343 1339 1337
3 1344 1336 1335
3 1344 1335 1342
3 1345 1340 1339
3 1345 1339 1343
3 1346 1264 1263
3 1346 1263 1338
3 1346 1336 1344
3 1346 1338 1336
3 1347 1340 1345
3 1347 1342 1340
3 1348 1344 1342
3 1348 1342 1347
3 1349 1346 1344
3 1349 1344 1348
3 1349 1264 1346
3 1350 1341 1245
3 1350 1343 1341
3 1351 1343 1350
3 1352 1345 1343
3 1352 1343 1351
3 1353 1345 1352
3 1353 1347 1345
3 1354 1348 1347
3 1354 1347 1353
3 1354 1353 1265
3 1355 1349 1348
3 1355 1348 1354
3 1355 1264 1349
3 1355 1354 1265
3 1355 1265 1264
3 1356 1245 1246
3 1356 1350 1245
3 1357 1351 1350
3 1357 1350 1356
3 1358 1352 1351
3 1358 1351 1357
3 1359 1353 1352
3 1359 1265 1353
3 1359 1352 1358
3 1360 1265 1359
3 1360 1359 1266
3 1361 1266 1265
3 1361 1360 1266
3 1361 1265 1360
3 1362 1246 1247
3 1362 1247 1248
3 1362 1356 1246
3 1362 1248 1255
3 1363 1362 1255
3 1363 1356 1362
3 1363 1255 1254
3 1363 1357 1356
3 1364 1363 1254
3 1364 1357 1363
3 1364 1254 1253
3 1364 1358 1357
3 1364 1359 1358
3 1365 1364 1253
3 1365 1252 1251
3 1365 1253 1252
3 1365 1266 1359
3 1365 1359 1364
3 1366 1251 1267
3 1366 1365 1251
3 1366 1266 1365
3 1367 1267 1266
3 1367 1366 1267
3 1367 1266 1366
3 1369 1368 1370
3 1381 1370 1371
3 1381 1369 1370
3 1380 1371 1372
3 1380 1381 1371
3 1379 1372 1373
3 1379 1380 1372
3 1378 1373 1374
3 1378 1379 1373
3 1377 1374 1375
3 1377 1378 1374
3 1376 1377 1375
3 1397 1389 1388
3 1396 1397 1388
3 1395 1388 1387
3 1395 1396 1388
3 1394 1387 1386
3 1394 1395 1387
3 1393 1386 1385
3 1393 1394 1386
3 1392 1385 1384
3 1392 1393 1385
3 1391 1383 1382
3 1391 1384 1383
3 1391 1392 1384
3 1390 1391 1382
3 1407 1398 1399
3 1408 1399 1400
3 1408 1407 1399
3 1409 1400 1401
3 1409 1408 1400
3 1410 1401 1402
3 1410 1409 1401
3 1411 1402 1403
3 1411 1410 1402
3 1412 1403 1404
3 1412 1411 1403
3 1413 1404 1405
3 1413 1412 1404
3 1406 1413 1405
3 1416 1423 1424
3 1417 1424 1425
3 1417 1416 1424
3 1418 1417 1425
3 1419 1425 1426
3 1419 1426 1427
3 1419 1418 1425
3 1420 1419 1427
3 1421 1427 1428
3 1421 1428 1429
3 1421 1420 1427
3 1422 1421 1429
3 1415 1429 1414
3 1415 1422 1429
3 1440 1430 1431
3 1440 1431 1432
3 1440 1439 1430
3 1441 1440 1432
3 1442 1432 1433
3 1442 1433 1434
3 1442 1441 1432
3 1443 1442 1434
3 1444 1434 1435
3 1444 1435 1436
3 1444 1443 1434
3 1445 1444 1436
3 1438 1436 1437
3 1438 1445 1436
3 1455 1446 1447
3 1456 1447 1448
3 1456 1455 1447
3 1457 1448 1449
3 1457 1456 1448
3 1458 1449 1450
3 1458 1457 1449
3 1459 1450 1451
3 1459 1458 1450
3 1460 1451 1452
3 1460 1459 1451
3 1461 1452 1453
3 1461 1460 1452
3 1454 1461 1453
3 1484 1478 1477
3 1490 1471 1470
3 1490 1470 1483
3 1491 1472 1471
3 1491 1471 1490
3 1492 1483 1482
3 1492 1490 1483
3 1493 1473 1472
3 1493 1472 1491
3 1494 1490 1492
3 1494 1491 1490
3 1495 1482 1481
3 1495 1492 1482
3 1496 1474 1473
3 1496 1473 1493
3 1497 1493 1491
3 1497 1491 1494
3 1498 1492 1495
3 1498 1494 1492
3 1499 1475 1474
3 1499 1474 1496
3 1500 1481 1480
3 1500 1495 1481
3 1501 1496 1493
3 1501 1493 1497
3 1502 1494 1498
3 1502 1497 1494
3 1503 1468 1469
3 1503 1476 1475
3 1503 1469 1476
3 1503 1475 1499
3 1504 1498 1495
3 1504 1495 1500
3 1505 1496 1501
3 1505 1499 1496
3 1505 1503 1499
3 1506 1480 1479
3 1506 1500 1480
3 1507 1501 1497
3 1507 1497 1502
3 1508 1502 1498
3 1508 1498 1504
3 1509 1466 1467
3 1509 1467 1468
3 1509 1468 1503
3 1509 1503 1505
3 1510 1500 1506
3 1510 1504 1500
3 1511 1505 1501
3 1511 1501 1507
3 1512 1479 1478
3 1512 1506 1479
3 1512 1478 1484
3 1513 1507 1502
3 1513 1502 1508
3 1514 1504 1510
3 1514 1508 1504
3 1515 1509 1505
3 1515 1505 1511
3 1515 1466 1509
3 1516 1510 1506
3 1516 1512 1484
3 1516 1484 1485
3 1516 1506 1512
3 1517 1507 1513
3 1517 1511 1507
3 1517 1515 1511
3 1518 1513 1508
3 1518 1508 1514
3 1519 1516 1485
3 1519 1485 1486
3 1519 1486 1487
3 1519 1510 1516
3 1519 1514 1510
3 1520 1464 1465
3 1520 1465 1466
3 1520 1515 1517
3 1520 1466 1515
3 1521 1517 1513
3 1521 1513 1518
3 1522 1519 1487
3 1522 1518 1514
3 1522 1514 1519
3 1523 1464 1520
3 1523 1517 1521
3 1523 1520 1517
3 1524 1487 1488
3 1524 1522 1487
3 1524 1521 1518
3 1524 1518 1522
3 1525 1462 1463
3 1525 1463 1464
3 1525 1464 1523
3 1525 1488 1489
3 1525 1489 1462
3 1525 1524 1488
3 1525 1523 1521
3 1525 1521 1524
3 1527 1526 1534
3 1541 1534 1533
3 1541 1527 1534
3 1540 1541 1533
3 1539 1533 1532
3 1539 1540 1533
3 1538 1532 1531
3 1538 1539 1532
3 1537 1530 1529
3 1537 1531 1530
3 1537 1538 1531
3 1536 1537 1529
3 1535 1529 1528
3 1535 1536 1529
3 1556 1548 1547
3 1556 1549 1548
3 1556 1557 1549
3 1555 1556 1547
3 1554 1546 1545
3 1554 1547 1546
3 1554 1555 1547
3 1553 1554 1545
3 1552 1545 1544
3 1552 1553 1545
3 1551 1543 1542
3 1551 1544 1543
3 1551 1552 1544
3 1550 1551 1542
3 1572 1565 1564
3 1572 1573 1565
3 1571 1564 1563
3 1571 1572 1564
3 1570 1563 1562
3 1570 1571 1563
3 1569 1562 1561
3 1569 1570 1562
3 1568 1561 1560
3 1568 1569 1561
3 1567 1560 1559
3 1567 1568 1560
3 1566 1559 1558
3 1566 1567 1559
3 1590 1581 1580
3 1589 1595 1588
3 1596 1576 1575
3 1597 1575 1574
3 1597 1596 1575
3 1598 1574 1582
3 1598 1597 1574
3 1599 1577 1576
3 1599 1576 1596
3 1599 1596 1597
3 1600 1582 1583
3 1600 1598 1582
3 1601 1597 1598
3 1601 1599 1597
3 1602 1578 1577
3 1602 1579 1578
3 1602 1577 1599
3 1603 1583 1584
3 1603 1600 1583
3 1604 1601 1598
3 1604 1598 1600
3 1605 1599 1601
3 1605 1602 1599
3 1606 1584 1585
3 1606 1600 1603
3 1606 1603 1584
3 1606 1604 1600
3 1607 1601 1604
3 1607 1605 1601
3 1608 1580 1579
3 1608 1591 1590
3 1608 1579 1602
3 1608 1602 1605
3 1608 1590 1580
3 1609 1604 1606
3 1609 1607 1604
3 1610 1592 1591
3 1610 1593 1592
3 1610 1591 1608
3 1610 1605 1607
3 1610 1608 1605
3 1611 1585 1586
3 1611 1586 1587
3 1611 1606 1585
3 1611 1609 1606
3 1612 1594 1593
3 1612 1593 1610
3 1612 1607 1609
3 1612 1610 1607
3 1613 1587 1588
3 1613 1595 1594
3 1613 1594 1612
3 1613 1588 1595
3 1613 1611 1587
3 1613 1609 1611
3 1613 1612 1609
3 1620 1621 1628
3 1614 1615 1635
3 1636 1624 1623
3 1637 1623 1622
3 1637 1636 1623
3 1638 1622 1629
3 1638 1637 1622
3 1639 1625 1624
3 1639 1636 1637
3 1639 1624 1636
3 1640 1629 1630
3 1640 1638 1629
3 1641 1637 1638
3 1641 1639 1637
3 1642 1626 1625
3 1642 1627 1626
3 1642 1625 1639
3 1643 1630 1631
3 1643 1640 1630
3 1644 1641 1638
3 1644 1638 1640
3 1645 1639 1641
3 1645 1642 1639
3 1646 1631 1632
3 1646 1644 1640
3 1646 1643 1631
3 1646 1640 1643
3 1647 1641 1644
3 1647 1645 1641
3 1648 1619 1620
3 1648 1628 1627
3 1648 1627 1642
3 1648 1642 1645
3 1648 1620 1628
3 1649 1644 1646
3 1649 1647 1644
3 1650 1618 1619
3 1650 1619 1648
3 1650 1645 1647
3 1650 1648 1645
3 1651 1632 1633
3 1651 1633 1634
3 1651 1646 1632
3 1651 1649 1646
3 1652 1616 1617
3 1652 1617 1618
3 1652 1618 1650
3 1652 1647 1649
3 1652 1650 1647
3 1653 1615 1616
3 1653 1634 1635
3 1653 1635 1615
3 1653 1616 1652
3 1653 1651 1634
3 1653 1649 1651
3 1653 1652 1649
3 1682 1681 1673
3 1680 1673 1681
3 1683 1682 1673
3 1684 1683 1673
3 1679 1673 1680
3 1666 1679 1678
3 1666 1673 1679
3 1667 1672 1673
3 1667 1673 1666
3 1668 1672 1667
3 1665 1666 1678
3 1669 1672 1668
3 1664 1665 1678
3 1663 1664 1678
3 1670 1672 1669
3 1671 1672 1670
3 1685 1663 1678
3 1692 1663 1685
3 1691 1663 1692
3 1690 1663 1691
3 1689 1663 1690
3 1688 1663 1689
3 1674 1676 1684
3 1674 1684 1673
3 1677 1676 1674
3 1702 1677 1674
3 1703 1702 1674
3 1704 1703 1674
3 1705 1704 1674
3 1706 1705 1674
3 1707 1706 1674
3 1701 1707 1674
3 1693 1657 1656
3 1693 1658 1657
3 1693 1659 1658
3 1693 1660 1659
3 1693 1661 1660
3 1662 1661 1693
3 1654 1662 1693
3 1654 1700 1699
3 1654 1693 1700
3 1675 1655 1654
3 1675 1701 1674
3 1675 1695 1694
3 1675 1696 1695
3 1675 1654 1699
3 1675 1697 1696
3 1675 1698 1697
3 1675 1699 1698
3 1675 1694 1701
3 1656 1663 1686
3 1686 1663 1687
3 1687 1663 1688
3 1686 1693 1656
3 1711 1709 1708
3 1711 1710 1709
3 1712 1714 1713
3 1728 1715 1714
3 1728 1714 1712
3 1729 1715 1728
3 1730 1716 1715
3 1730 1717 1716
3 1730 1715 1729
3 1731 1717 1730
3 1732 1718 1717
3 1732 1717 1731
3 1733 1719 1718
3 1733 1718 1732
3 1734 1720 1719
3 1734 1721 1720
3 1734 1719 1733
3 1735 1721 1734
3 1736 1722 1721
3 1736 1721 1735
3 1737 1723 1722
3 1737 1722 1736
3 1738 1724 1723
3 1738 1723 1737
3 1739 1725 1724
3 1739 1724 1738
3 1727 1726 1725
3 1727 1725 1739
3 1740 1742 1741
3 1756 1743 1742
3 1756 1742 1740
3 1757 1743 1756
3 1758 1744 1743
3 1758 1745 1744
3 1758 1743 1757
3 1759 1745 1758
3 1760 1746 1745
3 1760 1745 1759
3 1761 1747 1746
3 1761 1746 1760
3 1762 1748 1747
3 1762 1747 1761
3 1763 1749 1748
3 1763 1748 1762
3 1764 1750 1749
3 1764 1749 1763
3 1765 1751 1750
3 1765 1750 1764
3 1766 1752 1751
3 1766 1751 1765
3 1767 1753 1752
3 1767 1754 1753
3 1767 1752 1766
3 1755 1754 1767
3 1771 1769 1768
3 1771 1770 1769
3 1778 1779 1786
3 1772 1773 1793
3 1794 1782 1781
3 1795 1781 1780
3 1795 1794 1781
3 1796 1780 1787
3 1796 1795 1780
3 1797 1783 1782
3 1797 1794 1795
3 1797 1782 1794
3 1798 1787 1788
3 1798 1796 1787
3 1799 1795 1796
3 1799 1797 1795
3 1800 1784 1783
3 1800 1785 1784
3 1800 1783 1797
3 1801 1788 1789
3 1801 1798 1788
3 1802 1799 1796
3 1802 1796 1798
3 1803 1797 1799
3 1803 1800 1797
3 1804 1789 1790
3 1804 1802 1798
3 1804 1801 1789
3 1804 1798 1801
3 1805 1799 1802
3 1805 1803 1799
3 1806 1777 1778
3 1806 1786 1785
3 1806 1785 1800
3 1806 1800 1803
3 1806 1778 1786
3 1807 1802 1804
3 1807 1805 1802
3 1808 1776 1777
3 1808 1777 1806
3 1808 1803 1805
3 1808 1806 1803
3 1809 1790 1791
3 1809 1791 1792
3 1809 1804 1790
3 1809 1807 1804
3 1810 1774 1775
3 1810 1775 1776
3 1810 1776 1808
3 1810 1805 1807
3 1810 1808 1805
3 1811 1773 1774
3 1811 1792 1793
3 1811 1793 1773
3 1811 1774 1810
3 1811 1809 1792
3 1811 1807 1809
3 1811 1810 1807
3 1828 1819 1818
3 1827 1832 1826
3 1833 1814 1813
3 1834 1813 1812
3 1834 1833 1813
3 1834 1814 1833
3 1835 1812 1820
3 1835 1834 1812
3 1836 1815 1814
3 1836 1814 1834
3 1837 1820 1821
3 1837 1835 1820
3 1838 1834 1835
3 1838 1836 1834
3 1839 1816 1815
3 1839 1817 1816
3 1839 1815 1836
3 1840 1821 1822
3 1840 1837 1821
3 1840 1822 1837
3 1841 1838 1835
3 1841 1835 1837
3 1842 1817 1839
3 1842 1839 1836
3 1842 1836 1838
3 1843 1822 1823
3 1843 1837 1822
3 1843 1841 1837
3 1844 1838 1841
3 1844 1842 1838
3 1845 1818 1817
3 1845 1829 1828
3 1845 1828 1818
3 1845 1817 1842
3 1846 1841 1843
3 1846 1844 1841
3 1847 1830 1829
3 1847 1829 1845
3 1847 1842 1844
3 1847 1845 1842
3 1848 1823 1824
3 1848 1824 1825
3 1848 1843 1823
3 1848 1825 1846
3 1848 1846 1843
3 1849 1831 1830
3 1849 1830 1847
3 1849 1844 1846
3 1849 1847 1844
3 1850 1825 1826
3 1850 1832 1831
3 1850 1831 1849
3 1850 1826 1832
3 1850 1846 1825
3 1850 1849 1846
3 1867 1858 1857
3 1866 1872 1865
3 1873 1853 1852
3 1874 1852 1851
3 1874 1873 1852
3 1875 1851 1859
3 1875 1874 1851
3 1876 1854 1853
3 1876 1853 1873
3 1876 1873 1874
3 1877 1859 1860
3 1877 1875 1859
3 1878 1874 1875
3 1878 1876 1874
3 1879 1855 1854
3 1879 1856 1855
3 1879 1854 1876
3 1880 1860 1861
3 1880 1877 1860
3 1881 1878 1875
3 1881 1875 1877
3 1882 1876 1878
3 1882 1879 1876
3 1883 1861 1862
3 1883 1877 1880
3 1883 1880 1861
3 1883 1881 1877
3 1884 1878 1881
3 1884 1882 1878
3 1885 1857 1856
3 1885 1868 1867
3 1885 1856 1879
3 1885 1879 1882
3 1885 1867 1857
3 1886 1881 1883
3 1886 1884 1881
3 1887 1869 1868
3 1887 1870 1869
3 1887 1868 1885
3 1887 1882 1884
3 1887 1885 1882
3 1888 1862 1863
3 1888 1863 1864
3 1888 1883 1862
3 1888 1886 1883
3 1889 1871 1870
3 1889 1870 1887
3 1889 1884 1886
3 1889 1887 1884
3 1890 1864 1865
3 1890 1872 1871
3 1890 1871 1889
3 1890 1865 1872
3 1890 1888 1864
3 1890 1886 1888
3 1890 1889 1886
3 1893 1891 1892
3 1893 1894 1891
3 1896 1895 1898
3 1897 1896 1898
3 1915 1906 1905
3 1914 1919 1913
3 1920 1901 1900
3 1921 1900 1899
3 1921 1920 1900
3 1921 1901 1920
3 1922 1899 1907
3 1922 1921 1899
3 1923 1902 1901
3 1923 1901 1921
3 1924 1907 1908
3 1924 1922 1907
3 1925 1921 1922
3 1925 1923 1921
3 1926 1903 1902
3 1926 1904 1903
3 1926 1902 1923
3 1927 1908 1909
3 1927 1924 1908
3 1927 1909 1924
3 1928 1925 1922
3 1928 1922 1924
3 1929 1904 1926
3 1929 1926 1923
3 1929 1923 1925
3 1930 1909 1910
3 1930 1924 1909
3 1930 1928 1924
3 1931 1925 1928
3 1931 1929 1925
3 1932 1905 1904
3 1932 1916 1915
3 1932 1915 1905
3 1932 1904 1929
3 1933 1928 1930
3 1933 1931 1928
3 1934 1917 1916
3 1934 1916 1932
3 1934 1929 1931
3 1934 1932 1929
3 1935 1910 1911
3 1935 1911 1912
3 1935 1930 1910
3 1935 1912 1933
3 1935 1933 1930
3 1936 1918 1917
3 1936 1917 1934
3 1936 1931 1933
3 1936 1934 1931
3 1937 1912 1913
3 1937 1919 1918
3 1937 1918 1936
3 1937 1913 1919
3 1937 1933 1912
3 1937 1936 1933
3 1944 1945 1952
3 1938 1939 1959
3 1960 1948 1947
3 1961 1947 1946
3 1961 1960 1947
3 1962 1946 1953
3 1962 1961 1946
3 1963 1949 1948
3 1963 1960 1961
3 1963 1948 1960
3 1964 1953 1954
3 1964 1962 1953
3 1965 1961 1962
3 1965 1963 1961
3 1966 1950 1949
3 1966 1951 1950
3 1966 1949 1963
3 1967 1954 1955
3 1967 1964 1954
3 1968 1965 1962
3 1968 1962 1964
3 1969 1963 1965
3 1969 1966 1963
3 1970 1955 1956
3 1970 1968 1964
3 1970 1967 1955
3 1970 1964 1967
3 1971 1965 1968
3 1971 1969 1965
3 1972 1943 1944
3 1972 1952 1951
3 1972 1951 1966
3 1972 1966 1969
3 1972 1944 1952
3 1973 1968 1970
3 1973 1971 1968
3 1974 1942 1943
3 1974 1943 1972
3 1974 1969 1971
3 1974 1972 1969
3 1975 1956 1957
3 1975 1957 1958
3 1975 1970 1956
3 1975 1973 1970
3 1976 1940 1941
3 1976 1941 1942
3 1976 1942 1974
3 1976 1971 1973
3 1976 1974 1971
3 1977 1939 1940
3 1977 1958 1959
3 1977 1959 1939
3 1977 1940 1976
3 1977 1975 1958
3 1977 1973 1975
3 1977 1976 1973
3 1984 1985 1992
3 1978 1979 1999
3 2000 1988 1987
3 2001 1987 1986
3 2001 2000 1987
3 2002 1986 1993
3 2002 2001 1986
3 2003 1989 1988
3 2003 2000 2001
3 2003 1988 2000
3 2004 1993 1994
3 2004 2002 1993
3 2005 2001 2002
3 2005 2003 2001
3 2006 1990 1989
3 2006 1991 1990
3 2006 1989 2003
3 2007 1994 1995
3 2007 2004 1994
3 2008 2005 2002
3 2008 2002 2004
3 2009 2003 2005
3 2009 2006 2003
3 2010 1995 1996
3 2010 2008 2004
3 2010 2007 1995
3 2010 2004 2007
3 2011 2005 2008
3 2011 2009 2005
3 2012 1983 1984
3 2012 1992 1991
3 2012 1991 2006
3 2012 2006 2009
3 2012 1984 1992
3 2013 2008 2010
3 2013 2011 2008
3 2014 1982 1983
3 2014 1983 2012
3 2014 2009 2011
3 2014 2012 2009
3 2015 1996 1997
3 2015 1997 1998
3 2015 2010 1996
3 2015 2013 2010
3 2016 1980 1981
3 2016 1981 1982
3 2016 1982 2014
3 2016 2011 2013
3 2016 2014 2011
3 2017 1979 1980
3 2017 1998 1999
3 2017 1999 1979
3 2017 1980 2016
3 2017 2015 1998
3 2017 2013 2015
3 2017 2016 2013
3 2034 2025 2024
3 2033 2039 2032
3 2040 2020 2019
3 2041 2019 2018
3 2041 2040 2019
3 2042 2018 2026
3 2042 2041 2018
3 2043 2021 2020
3 2043 2020 2040
3 2043 2040 2041
3 2044 2026 2027
3 2044 2042 2026
3 2045 2041 2042
3 2045 2043 2041
3 2046 2022 2021
3 2046 2023 2022
3 2046 2021 2043
3 2047 2027 2028
3 2047 2044 2027
3 2048 2045 2042
3 2048 2042 2044
3 2049 2043 2045
3 2049 2046 2043
3 2050 2028 2029
3 2050 2044 2047
3 2050 2047 2028
3 2050 2048 2044
3 2051 2045 2048
3 2051 2049 2045
3 2052 2024 2023
3 2052 2035 2034
3 2052 2023 2046
3 2052 2046 2049
3 2052 2034 2024
3 2053 2048 2050
3 2053 2051 2048
3 2054 2036 2035
3 2054 2037 2036
3 2054 2035 2052
3 2054 2049 2051
3 2054 2052 2049
3 2055 2029 2030
3 2055 2030 2031
3 2055 2050 2029
3 2055 2053 2050
3 2056 2038 2037
3 2056 2037 2054
3 2056 2051 2053
3 2056 2054 2051
3 2057 2031 2032
3 2057 2039 2038
3 2057 2038 2056
3 2057 2032 2039
3 2057 2055 2031
3 2057 2053 2055
3 2057 2056 2053
3 2064 2065 2072
3 2058 2059 2079
3 2080 2068 2067
3 2081 2067 2066
3 2081 2080 2067
3 2082 2066 2073
3 2082 2081 2066
3 2083 2069 2068
3 2083 2080 2081
3 2083 2068 2080
3 2084 2073 2074
3 2084 2082 2073
3 2085 2081 2082
3 2085 2083 2081
3 2086 2070 2069
3 2086 2071 2070
3 2086 2069 2083
3 2087 2074 2075
3 2087 2084 2074
3 2088 2085 2082
3 2088 2082 2084
3 2089 2083 2085
3 2089 2086 2083
3 2090 2075 2076
3 2090 2088 2084
3 2090 2087 2075
3 2090 2084 2087
3 2091 2085 2088
3 2091 2089 2085
3 2092 2063 2064
3 2092 2072 2071
3 2092 2071 2086
3 2092 2086 2089
3 2092 2064 2072
3 2093 2088 2090
3 2093 2091 2088
3 2094 2062 2063
3 2094 2063 2092
3 2094 2089 2091
3 2094 2092 2089
3 2095 2076 2077
3 2095 2077 2078
3 2095 2090 2076
3 2095 2093 2090
3 2096 2060 2061
3 2096 2061 2062
3 2096 2062 2094
3 2096 2091 2093
3 2096 2094 2091
3 2097 2059 2060
3 2097 2078 2079
3 2097 2079 2059
3 2097 2060 2096
3 2097 2095 2078
3 2097 2093 2095
3 2097 2096 2093
3 2113 2098 2099
3 2112 2099 2100
3 2112 2113 2099
3 2111 2100 2101
3 2111 2112 2100
3 2110 2101 2102
3 2110 2111 2101
3 2109 2102 2103
3 2109 2110 2102
3 2108 2103 2104
3 2108 2109 2103
3 2107 2104 2105
3 2107 2108 2104
3 2106 2107 2105
3 2121 2122 2123
3 2121 2129 2128
3 2121 2123 2129
3 2120 2121 2128
3 2119 2127 2126
3 2119 2128 2127
3 2119 2120 2128
3 2118 2119 2126
3 2117 2126 2125
3 2117 2118 2126
3 2116 2124 2114
3 2116 2125 2124
3 2116 2117 2125
3 2115 2116 2114
3 2145 2143 2144
3 2158 2131 2130
3 2158 2130 2138
3 2159 2132 2131
3 2159 2131 2158
3 2160 2138 2139
3 2160 2158 2138
3 2161 2133 2132
3 2161 2132 2159
3 2162 2158 2160
3 2162 2159 2158
3 2163 2139 2140
3 2163 2160 2139
3 2164 2134 2133
3 2164 2133 2161
3 2165 2161 2159
3 2165 2159 2162
3 2166 2162 2160
3 2166 2160 2163
3 2167 2135 2134
3 2167 2134 2164
3 2168 2140 2141
3 2168 2163 2140
3 2169 2161 2165
3 2169 2164 2161
3 2170 2162 2166
3 2170 2169 2165
3 2170 2165 2162
3 2171 2136 2135
3 2171 2137 2136
3 2171 2152 2137
3 2171 2135 2167
3 2172 2163 2168
3 2172 2166 2163
3 2173 2167 2164
3 2173 2164 2169
3 2174 2141 2142
3 2174 2168 2141
3 2175 2169 2170
3 2176 2170 2166
3 2176 2166 2172
3 2177 2153 2152
3 2177 2167 2173
3 2177 2152 2171
3 2177 2171 2167
3 2178 2168 2174
3 2178 2172 2168
3 2179 2169 2175
3 2179 2173 2169
3 2180 2142 2143
3 2180 2143 2145
3 2180 2174 2142
3 2181 2175 2170
3 2181 2170 2176
3 2182 2172 2178
3 2182 2176 2172
3 2183 2177 2173
3 2183 2173 2179
3 2183 2154 2153
3 2183 2153 2177
3 2184 2145 2146
3 2184 2180 2145
3 2184 2174 2180
3 2184 2178 2174
3 2185 2175 2181
3 2185 2179 2175
3 2186 2181 2176
3 2186 2176 2182
3 2187 2146 2147
3 2187 2182 2178
3 2187 2184 2146
3 2187 2178 2184
3 2188 2154 2183
3 2188 2155 2154
3 2188 2179 2185
3 2188 2183 2179
3 2189 2181 2186
3 2189 2185 2181
3 2190 2182 2187
3 2190 2147 2148
3 2190 2187 2147
3 2190 2186 2182
3 2191 2155 2188
3 2191 2156 2155
3 2191 2188 2185
3 2191 2185 2189
3 2192 2190 2148
3 2192 2148 2149
3 2192 2149 2150
3 2192 2189 2186
3 2192 2186 2190
3 2193 2150 2151
3 2193 2157 2156
3 2193 2151 2157
3 2193 2156 2191
3 2193 2191 2189
3 2193 2189 2192
3 2193 2192 2150
3 2209 2207 2208
3 2222 2195 2194
3 2222 2194 2202
3 2223 2196 2195
3 2223 2195 2222
3 2224 2202 2203
3 2224 2222 2202
3 2225 2197 2196
3 2225 2196 2223
3 2226 2222 2224
3 2226 2223 2222
3 2227 2203 2204
3 2227 2224 2203
3 2228 2198 2197
3 2228 2197 2225
3 2229 2225 2223
3 2229 2223 2226
3 2230 2226 2224
3 2230 2224 2227
3 2231 2199 2198
3 2231 2198 2228
3 2232 2204 2205
3 2232 2227 2204
3 2233 2225 2229
3 2233 2228 2225
3 2234 2226 2230
3 2234 2229 2226
3 2235 2200 2199
3 2235 2201 2200
3 2235 2216 2201
3 2235 2199 2231
3 2236 2227 2232
3 2236 2230 2227
3 2237 2231 2228
3 2237 2228 2233
3 2238 2205 2206
3 2238 2232 2205
3 2239 2233 2229
3 2239 2229 2234
3 2240 2234 2230
3 2240 2230 2236
3 2241 2217 2216
3 2241 2218 2217
3 2241 2231 2237
3 2241 2216 2235
3 2241 2235 2231
3 2242 2232 2238
3 2242 2236 2232
3 2243 2233 2239
3 2243 2237 2233
3 2244 2206 2207
3 2244 2207 2209
3 2244 2238 2206
3 2245 2239 2234
3 2245 2234 2240
3 2246 2236 2242
3 2246 2240 2236
3 2247 2241 2237
3 2247 2237 2243
3 2247 2218 2241
3 2248 2209 2210
3 2248 2244 2209
3 2248 2238 2244
3 2248 2242 2238
3 2249 2243 2239
3 2249 2239 2245
3 2250 2245 2240
3 2250 2240 2246
3 2251 2210 2211
3 2251 2248 2210
3 2251 2242 2248
3 2251 2246 2242
3 2251 2250 2246
3 2252 2219 2218
3 2252 2218 2247
3 2252 2243 2249
3 2252 2247 2243
3 2253 2245 2250
3 2253 2249 2245
3 2254 2211 2212
3 2254 2251 2211
3 2254 2250 2251
3 2255 2220 2219
3 2255 2219 2252
3 2255 2252 2249
3 2255 2249 2253
3 2256 2212 2213
3 2256 2253 2250
3 2256 2254 2212
3 2256 2250 2254
3 2256 2255 2253
3 2257 2213 2214
3 2257 2214 2215
3 2257 2221 2220
3 2257 2215 2221
3 2257 2220 2255
3 2257 2256 2213
3 2257 2255 2256
3 2265 2266 2267
3 2265 2267 2273
3 2264 2273 2272
3 2264 2265 2273
3 2263 2272 2271
3 2263 2264 2272
3 2262 2270 2269
3 2262 2271 2270
3 2262 2263 2271
3 2261 2262 2269
3 2260 2268 2258
3 2260 2269 2268
3 2260 2261 2269
3 2259 2260 2258
3 2281 2282 2283
3 2281 2283 2289
3 2280 2289 2288
3 2280 2281 2289
3 2279 2287 2286
3 2279 2288 2287
3 2279 2280 2288
3 2278 2279 2286
3 2277 2286 2285
3 2277 2278 2286
3 2276 2285 2284
3 2276 2277 2285
3 2275 2284 2274
3 2275 2276 2284
3 2305 2303 2304
3 2318 2291 2290
3 2318 2290 2298
3 2319 2292 2291
3 2319 2291 2318
3 2320 2298 2299
3 2320 2318 2298
3 2321 2293 2292
3 2321 2292 2319
3 2322 2318 2320
3 2322 2319 2318
3 2323 2299 2300
3 2323 2320 2299
3 2324 2294 2293
3 2324 2293 2321
3 2325 2321 2319
3 2325 2319 2322
3 2326 2322 2320
3 2326 2320 2323
3 2327 2295 2294
3 2327 2294 2324
3 2328 2300 2301
3 2328 2323 2300
3 2329 2321 2325
3 2329 2324 2321
3 2330 2322 2326
3 2330 2325 2322
3 2331 2296 2295
3 2331 2297 2296
3 2331 2312 2297
3 2331 2295 2327
3 2332 2323 2328
3 2332 2326 2323
3 2333 2327 2324
3 2333 2324 2329
3 2333 2331 2327
3 2334 2301 2302
3 2334 2328 2301
3 2335 2329 2325
3 2335 2325 2330
3 2336 2330 2326
3 2336 2326 2332
3 2337 2331 2333
3 2337 2313 2312
3 2337 2314 2313
3 2337 2312 2331
3 2338 2328 2334
3 2338 2332 2328
3 2339 2329 2335
3 2339 2333 2329
3 2340 2302 2303
3 2340 2338 2334
3 2340 2303 2305
3 2340 2334 2302
3 2341 2335 2330
3 2341 2330 2336
3 2342 2332 2338
3 2342 2336 2332
3 2343 2314 2337
3 2343 2333 2339
3 2343 2337 2333
3 2344 2338 2340
3 2344 2305 2306
3 2344 2340 2305
3 2345 2339 2335
3 2345 2335 2341
3 2346 2336 2342
3 2346 2341 2336
3 2347 2306 2307
3 2347 2344 2306
3 2347 2342 2338
3 2347 2338 2344
3 2348 2339 2345
3 2348 2315 2314
3 2348 2316 2315
3 2348 2343 2339
3 2348 2314 2343
3 2349 2345 2341
3 2349 2341 2346
3 2350 2307 2308
3 2350 2346 2342
3 2350 2342 2347
3 2350 2347 2307
3 2351 2348 2345
3 2351 2316 2348
3 2351 2345 2349
3 2352 2349 2346
3 2352 2308 2309
3 2352 2309 2310
3 2352 2350 2308
3 2352 2346 2350
3 2353 2310 2311
3 2353 2317 2316
3 2353 2311 2317
3 2353 2352 2310
3 2353 2351 2349
3 2353 2349 2352
3 2353 2316 2351
3 2369 2367 2368
3 2382 2355 2354
3 2382 2354 2362
3 2383 2356 2355
3 2383 2355 2382
3 2384 2362 2363
3 2384 2382 2362
3 2385 2357 2356
3 2385 2356 2383
3 2386 2382 2384
3 2386 2383 2382
3 2387 2363 2364
3 2387 2384 2363
3 2388 2358 2357
3 2388 2357 2385
3 2389 2385 2383
3 2389 2383 2386
3 2390 2386 2384
3 2390 2384 2387
3 2391 2359 2358
3 2391 2358 2388
3 2392 2364 2365
3 2392 2387 2364
3 2393 2385 2389
3 2393 2388 2385
3 2394 2386 2390
3 2394 2389 2386
3 2395 2360 2359
3 2395 2361 2360
3 2395 2376 2361
3 2395 2359 2391
3 2396 2387 2392
3 2396 2390 2387
3 2397 2391 2388
3 2397 2388 2393
3 2398 2365 2366
3 2398 2392 2365
3 2399 2393 2389
3 2399 2389 2394
3 2400 2394 2390
3 2400 2390 2396
3 2401 2377 2376
3 2401 2391 2397
3 2401 2376 2395
3 2401 2395 2391
3 2402 2392 2398
3 2402 2396 2392
3 2403 2393 2399
3 2403 2397 2393
3 2404 2366 2367
3 2404 2367 2369
3 2404 2398 2366
3 2405 2399 2394
3 2405 2403 2399
3 2405 2394 2400
3 2406 2396 2402
3 2406 2400 2396
3 2407 2401 2397
3 2407 2397 2403
3 2407 2378 2377
3 2407 2377 2401
3 2408 2369 2370
3 2408 2404 2369
3 2408 2398 2404
3 2408 2402 2398
3 2409 2403 2405
3 2410 2405 2400
3 2410 2400 2406
3 2411 2370 2371
3 2411 2408 2370
3 2411 2402 2408
3 2411 2406 2402
3 2412 2378 2407
3 2412 2379 2378
3 2412 2403 2409
3 2412 2407 2403
3 2413 2405 2410
3 2413 2409 2405
3 2414 2371 2372
3 2414 2411 2371
3 2414 2406 2411
3 2414 2410 2406
3 2415 2379 2412
3 2415 2380 2379
3 2415 2412 2409
3 2415 2409 2413
3 2416 2372 2373
3 2416 2414 2372
3 2416 2413 2410
3 2416 2410 2414
3 2417 2373 2374
3 2417 2374 2375
3 2417 2381 2380
3 2417 2375 2381
3 2417 2380 2415
3 2417 2415 2413
3 2417 2413 2416
3 2417 2416 2373
3 2425 2426 2427
3 2425 2433 2432
3 2425 2427 2433
3 2424 2425 2432
3 2423 2431 2430
3 2423 2432 2431
3 2423 2424 2432
3 2422 2423 2430
3 2421 2430 2429
3 2421 2422 2430
3 2420 2428 2418
3 2420 2429 2428
3 2420 2421 2429
3 2419 2420 2418
3 2443 2435 2434
3 2444 2435 2443
3 2445 2436 2435
3 2445 2435 2444
3 2446 2437 2436
3 2446 2436 2445
3 2447 2438 2437
3 2447 2437 2446
3 2448 2439 2438
3 2448 2438 2447
3 2449 2440 2439
3 2449 2439 2448
3 2442 2441 2440
3 2442 2440 2449
3 2490 2464 2465
3 2490 2483 2464
3 2491 2490 2465
3 2491 2465 2466
3 2492 2466 2467
3 2492 2491 2466
3 2493 2482 2483
3 2493 2483 2490
3 2494 2467 2468
3 2494 2492 2467
3 2495 2493 2490
3 2495 2490 2491
3 2496 2468 2469
3 2496 2494 2468
3 2497 2495 2491
3 2497 2491 2492
3 2498 2482 2493
3 2498 2481 2482
3 2499 2462 2461
3 2499 2463 2462
3 2499 2469 2470
3 2499 2470 2463
3 2499 2496 2469
3 2500 2492 2494
3 2500 2497 2492
3 2501 2493 2495
3 2501 2498 2493
3 2502 2500 2494
3 2502 2494 2496
3 2503 2501 2495
3 2503 2495 2497
3 2504 2480 2481
3 2504 2481 2498
3 2505 2499 2461
3 2505 2496 2499
3 2505 2502 2496
3 2506 2497 2500
3 2506 2503 2497
3 2507 2498 2501
3 2507 2504 2498
3 2508 2500 2502
3 2508 2506 2500
3 2509 2501 2503
3 2509 2507 2501
3 2510 2479 2480
3 2510 2480 2504
3 2511 2461 2460
3 2511 2502 2505
3 2511 2505 2461
3 2511 2508 2502
3 2512 2503 2506
3 2512 2509 2503
3 2513 2504 2507
3 2513 2507 2509
3 2513 2510 2504
3 2514 2506 2508
3 2514 2512 2506
3 2515 2513 2509
3 2516 2477 2478
3 2516 2478 2479
3 2516 2479 2510
3 2517 2460 2459
3 2517 2508 2511
3 2517 2514 2508
3 2517 2511 2460
3 2518 2509 2512
3 2518 2515 2509
3 2519 2510 2513
3 2519 2516 2510
3 2520 2512 2514
3 2520 2518 2512
3 2521 2519 2513
3 2521 2513 2515
3 2522 2477 2516
3 2523 2459 2458
3 2523 2517 2459
3 2523 2520 2514
3 2523 2514 2517
3 2524 2515 2518
3 2524 2521 2515
3 2525 2516 2519
3 2525 2522 2516
3 2526 2524 2518
3 2526 2518 2520
3 2527 2525 2519
3 2527 2519 2521
3 2528 2476 2477
3 2528 2477 2522
3 2529 2458 2457
3 2529 2523 2458
3 2529 2520 2523
3 2529 2526 2520
3 2530 2524 2526
3 2530 2521 2524
3 2530 2527 2521
3 2531 2522 2525
3 2531 2528 2522
3 2532 2530 2526
3 2533 2531 2525
3 2533 2525 2527
3 2534 2475 2476
3 2534 2476 2528
3 2534 2528 2531
3 2535 2532 2526
3 2535 2457 2456
3 2535 2529 2457
3 2535 2526 2529
3 2536 2533 2527
3 2536 2527 2530
3 2537 2534 2531
3 2538 2536 2530
3 2538 2530 2532
3 2539 2537 2531
3 2539 2531 2533
3 2539 2533 2536
3 2540 2473 2474
3 2540 2474 2475
3 2540 2475 2534
3 2541 2456 2455
3 2541 2535 2456
3 2541 2532 2535
3 2541 2538 2532
3 2542 2539 2536
3 2543 2540 2534
3 2543 2534 2537
3 2544 2536 2538
3 2544 2542 2536
3 2545 2537 2539
3 2545 2543 2537
3 2546 2473 2540
3 2547 2454 2453
3 2547 2455 2454
3 2547 2541 2455
3 2547 2544 2538
3 2547 2538 2541
3 2548 2545 2539
3 2548 2539 2542
3 2549 2546 2540
3 2549 2540 2543
3 2550 2548 2542
3 2550 2542 2544
3 2551 2543 2545
3 2551 2549 2543
3 2552 2473 2546
3 2552 2471 2472
3 2552 2472 2473
3 2552 2484 2471
3 2553 2547 2453
3 2553 2544 2547
3 2553 2550 2544
3 2554 2545 2548
3 2554 2551 2545
3 2555 2546 2549
3 2555 2484 2552
3 2555 2485 2484
3 2555 2552 2546
3 2556 2548 2550
3 2556 2554 2548
3 2556 2550 2553
3 2557 2486 2485
3 2557 2555 2549
3 2557 2549 2551
3 2557 2485 2555
3 2558 2452 2451
3 2558 2453 2452
3 2558 2553 2453
3 2558 2556 2553
3 2559 2487 2486
3 2559 2551 2554
3 2559 2486 2557
3 2559 2554 2556
3 2559 2557 2551
3 2560 2488 2487
3 2560 2487 2559
3 2560 2559 2556
3 2561 2451 2450
3 2561 2489 2488
3 2561 2450 2489
3 2561 2558 2451
3 2561 2488 2560
3 2561 2556 2558
3 2561 2560 2556
3 2596 2583 2584
3 2602 2576 2577
3 2602 2595 2576
3 2603 2602 2577
3 2603 2577 2578
3 2604 2578 2579
3 2604 2603 2578
3 2605 2594 2595
3 2605 2595 2602
3 2606 2579 2580
3 2606 2604 2579
3 2607 2605 2602
3 2607 2602 2603
3 2608 2580 2581
3 2608 2606 2580
3 2609 2607 2603
3 2609 2603 2604
3 2610 2594 2605
3 2610 2593 2594
3 2611 2575 2574
3 2611 2581 2582
3 2611 2582 2575
3 2611 2608 2581
3 2612 2604 2606
3 2612 2609 2604
3 2613 2605 2607
3 2613 2610 2605
3 2614 2612 2606
3 2614 2606 2608
3 2615 2613 2607
3 2615 2607 2609
3 2616 2592 2593
3 2616 2593 2610
3 2617 2574 2573
3 2617 2608 2611
3 2617 2611 2574
3 2617 2614 2608
3 2618 2609 2612
3 2618 2615 2609
3 2619 2610 2613
3 2619 2616 2610
3 2620 2612 2614
3 2620 2618 2612
3 2621 2613 2615
3 2621 2619 2613
3 2622 2591 2592
3 2622 2592 2616
3 2623 2572 2571
3 2623 2573 2572
3 2623 2614 2617
3 2623 2617 2573
3 2623 2620 2614
3 2624 2615 2618
3 2624 2621 2615
3 2625 2616 2619
3 2625 2622 2616
3 2626 2618 2620
3 2626 2620 2623
3 2626 2624 2618
3 2627 2619 2621
3 2627 2625 2619
3 2628 2590 2591
3 2628 2591 2622
3 2629 2626 2623
3 2629 2623 2571
3 2630 2621 2624
3 2630 2627 2621
3 2631 2622 2625
3 2631 2628 2622
3 2632 2630 2624
3 2632 2624 2626
3 2633 2631 2625
3 2633 2625 2627
3 2634 2589 2590
3 2634 2590 2628
3 2635 2571 2570
3 2635 2629 2571
3 2635 2626 2629
3 2635 2632 2626
3 2636 2627 2630
3 2636 2633 2627
3 2637 2628 2631
3 2637 2634 2628
3 2638 2636 2630
3 2638 2630 2632
3 2638 2632 2635
3 2639 2637 2631
3 2639 2631 2633
3 2640 2588 2589
3 2640 2589 2634
3 2641 2569 2568
3 2641 2570 2569
3 2641 2635 2570
3 2641 2638 2635
3 2642 2633 2636
3 2642 2639 2633
3 2643 2634 2637
3 2643 2640 2634
3 2644 2642 2636
3 2644 2636 2638
3 2645 2643 2637
3 2645 2637 2639
3 2646 2587 2588
3 2646 2588 2640
3 2646 2640 2643
3 2647 2644 2638
3 2647 2641 2568
3 2647 2638 2641
3 2648 2645 2639
3 2648 2639 2642
3 2649 2646 2643
3 2650 2648 2642
3 2650 2642 2644
3 2651 2643 2645
3 2651 2649 2643
3 2652 2646 2649
3 2652 2586 2587
3 2652 2587 2646
3 2653 2568 2567
3 2653 2647 2568
3 2653 2650 2644
3 2653 2644 2647
3 2654 2651 2645
3 2654 2648 2650
3 2654 2645 2648
3 2655 2652 2649
3 2656 2654 2650
3 2657 2651 2654
3 2657 2649 2651
3 2657 2655 2649
3 2658 2652 2655
3 2658 2585 2586
3 2658 2586 2652
3 2659 2566 2565
3 2659 2567 2566
3 2659 2653 2567
3 2659 2650 2653
3 2659 2656 2650
3 2660 2657 2654
3 2661 2658 2655
3 2662 2660 2654
3 2662 2654 2656
3 2662 2656 2659
3 2663 2661 2655
3 2663 2655 2657
3 2664 2596 2584
3 2664 2584 2585
3 2664 2585 2658
3 2665 2659 2565
3 2665 2662 2659
3 2666 2657 2660
3 2666 2663 2657
3 2667 2658 2661
3 2667 2596 2664
3 2667 2597 2596
3 2667 2598 2597
3 2667 2664 2658
3 2668 2666 2660
3 2668 2660 2662
3 2668 2662 2665
3 2669 2661 2663
3 2669 2667 2661
3 2669 2598 2667
3 2670 2565 2564
3 2670 2665 2565
3 2670 2668 2665
3 2671 2598 2669
3 2671 2599 2598
3 2671 2663 2666
3 2671 2669 2663
3 2672 2671 2666
3 2672 2599 2671
3 2672 2600 2599
3 2672 2666 2668
3 2673 2563 2562
3 2673 2564 2563
3 2673 2601 2600
3 2673 2562 2601
3 2673 2670 2564
3 2673 2668 2670
3 2673 2600 2672
3 2673 2672 2668
3 2683 2675 2674
3 2684 2675 2683
3 2685 2676 2675
3 2685 2675 2684
3 2686 2677 2676
3 2686 2676 2685
3 2687 2678 2677
3 2687 2677 2686
3 2688 2679 2678
3 2688 2678 2687
3 2689 2680 2679
3 2689 2679 2688
3 2682 2681 2680
3 2682 2680 2689
3 2697 2698 2699
3 2696 2699 2700
3 2696 2697 2699
3 2695 2700 2701
3 2695 2696 2700
3 2694 2701 2702
3 2694 2695 2701
3 2693 2702 2703
3 2693 2694 2702
3 2692 2703 2704
3 2692 2693 2703
3 2691 2704 2705
3 2691 2692 2704
3 2690 2691 2705
3 2709 2708 2706
3 2707 2709 2706
3 2716 2718 2717
3 2716 2725 2718
3 2715 2724 2725
3 2715 2725 2716
3 2714 2723 2724
3 2714 2724 2715
3 2713 2721 2722
3 2713 2722 2723
3 2713 2723 2714
3 2712 2721 2713
3 2711 2720 2721
3 2711 2721 2712
3 2710 2719 2720
3 2710 2720 2711
3 2732 2734 2733
3 2732 2741 2734
3 2731 2740 2741
3 2731 2741 2732
3 2730 2739 2740
3 2730 2740 2731
3 2729 2737 2738
3 2729 2738 2739
3 2729 2739 2730
3 2728 2737 2729
3 2727 2736 2737
3 2727 2737 2728
3 2726 2735 2736
3 2726 2736 2727
3 2745 2743 2742
3 2745 2744 2743
3 2747 2748 2746
3 2747 2749 2748
3 2756 2758 2757
3 2756 2765 2758
3 2755 2764 2765
3 2755 2765 2756
3 2754 2763 2764
3 2754 2764 2755
3 2753 2761 2762
3 2753 2762 2763
3 2753 2763 2754
3 2752 2761 2753
3 2751 2760 2761
3 2751 2761 2752
3 2750 2759 2760
3 2750 2760 2751
3 2767 2774 2766
3 2781 2773 2774
3 2781 2774 2767
3 2780 2772 2773
3 2780 2773 2781
3 2779 2771 2772
3 2779 2772 2780
3 2778 2770 2771
3 2778 2771 2779
3 2777 2769 2770
3 2777 2770 2778
3 2776 2768 2769
3 2776 2769 2777
3 2775 2768 2776
3 2783 2785 2784
3 2782 2783 2784
3 2801 2802 2803
3 2807 2803 2804
3 2807 2804 2805
3 2807 2805 2806
3 2809 2807 2808
3 2813 2800 2801
3 2813 2809 2810
3 2813 2810 2811
3 2813 2811 2812
3 2813 2801 2803
3 2813 2803 2807
3 2813 2807 2809
3 2795 2796 2797
3 2793 2794 2795
3 2793 2795 2797
3 2786 2798 2799
3 2786 2799 2800
3 2786 2800 2813
3 2791 2792 2793
3 2791 2793 2797
3 2788 2786 2787
3 2788 2798 2786
3 2789 2790 2791
3 2789 2797 2798
3 2789 2791 2797
3 2789 2798 2788
3 2829 2820 2821
3 2828 2820 2829
3 2827 2819 2820
3 2827 2820 2828
3 2826 2817 2818
3 2826 2818 2819
3 2826 2819 2827
3 2825 2817 2826
3 2824 2816 2817
3 2824 2817 2825
3 2823 2814 2815
3 2823 2815 2816
3 2823 2816 2824
3 2822 2814 2823
3 2846 2836 2837
3 2845 2844 2851
3 2852 2831 2832
3 2853 2830 2831
3 2853 2831 2852
3 2854 2838 2830
3 2854 2830 2853
3 2855 2832 2833
3 2855 2852 2832
3 2855 2853 2852
3 2856 2839 2838
3 2856 2838 2854
3 2857 2854 2853
3 2857 2853 2855
3 2858 2833 2834
3 2858 2834 2835
3 2858 2855 2833
3 2859 2840 2839
3 2859 2839 2856
3 2860 2854 2857
3 2860 2856 2854
3 2861 2857 2855
3 2861 2855 2858
3 2862 2841 2840
3 2862 2859 2856
3 2862 2840 2859
3 2862 2856 2860
3 2863 2860 2857
3 2863 2857 2861
3 2864 2835 2836
3 2864 2846 2847
3 2864 2858 2835
3 2864 2861 2858
3 2864 2836 2846
3 2865 2862 2860
3 2865 2860 2863
3 2866 2847 2848
3 2866 2848 2849
3 2866 2864 2847
3 2866 2863 2861
3 2866 2861 2864
3 2867 2842 2841
3 2867 2843 2842
3 2867 2841 2862
3 2867 2862 2865
3 2868 2849 2850
3 2868 2866 2849
3 2868 2865 2863
3 2868 2863 2866
3 2869 2844 2843
3 2869 2850 2851
3 2869 2868 2850
3 2869 2851 2844
3 2869 2843 2867
3 2869 2867 2865
3 2869 2865 2868
3 2886 2876 2877
3 2885 2884 2891
3 2892 2871 2872
3 2893 2870 2871
3 2893 2871 2892
3 2894 2878 2870
3 2894 2870 2893
3 2895 2872 2873
3 2895 2892 2872
3 2895 2893 2892
3 2896 2879 2878
3 2896 2878 2894
3 2897 2894 2893
3 2897 2893 2895
3 2898 2873 2874
3 2898 2874 2875
3 2898 2895 2873
3 2899 2880 2879
3 2899 2879 2896
3 2900 2894 2897
3 2900 2896 2894
3 2901 2897 2895
3 2901 2895 2898
3 2902 2881 2880
3 2902 2899 2896
3 2902 2880 2899
3 2902 2896 2900
3 2903 2900 2897
3 2903 2897 2901
3 2904 2875 2876
3 2904 2886 2887
3 2904 2898 2875
3 2904 2901 2898
3 2904 2876 2886
3 2905 2902 2900
3 2905 2900 2903
3 2906 2887 2888
3 2906 2888 2889
3 2906 2904 2887
3 2906 2903 2901
3 2906 2901 2904
3 2907 2882 2881
3 2907 2883 2882
3 2907 2881 2902
3 2907 2902 2905
3 2908 2889 2890
3 2908 2906 2889
3 2908 2905 2903
3 2908 2903 2906
3 2909 2884 2883
3 2909 2890 2891
3 2909 2908 2890
3 2909 2891 2884
3 2909 2883 2907
3 2909 2907 2905
3 2909 2905 2908
3 2924 2916 2917
3 2924 2917 2925
3 2923 2915 2916
3 2923 2916 2924
3 2922 2914 2915
3 2922 2915 2923
3 2921 2913 2914
3 2921 2914 2922
3 2920 2912 2913
3 2920 2913 2921
3 2919 2910 2911
3 2919 2911 2912
3 2919 2912 2920
3 2918 2910 2919
3 2936 2932 2933
3 2936 2933 2935
3 2937 2931 2932
3 2937 2932 2936
3 2938 2930 2931
3 2938 2931 2937
3 2939 2929 2930
3 2939 2930 2938
3 2940 2928 2929
3 2940 2929 2939
3 2941 2927 2928
3 2941 2928 2940
3 2934 2926 2927
3 2934 2927 2941
3 2958 2948 2949
3 2957 2956 2963
3 2964 2943 2944
3 2965 2942 2943
3 2965 2943 2964
3 2966 2950 2942
3 2966 2942 2965
3 2967 2944 2945
3 2967 2964 2944
3 2967 2965 2964
3 2968 2951 2950
3 2968 2950 2966
3 2969 2966 2965
3 2969 2965 2967
3 2970 2945 2946
3 2970 2946 2947
3 2970 2967 2945
3 2971 2952 2951
3 2971 2951 2968
3 2972 2966 2969
3 2972 2968 2966
3 2973 2969 2967
3 2973 2967 2970
3 2974 2953 2952
3 2974 2971 2968
3 2974 2952 2971
3 2974 2968 2972
3 2975 2972 2969
3 2975 2969 2973
3 2976 2947 2948
3 2976 2958 2959
3 2976 2970 2947
3 2976 2973 2970
3 2976 2948 2958
3 2977 2974 2972
3 2977 2972 2975
3 2978 2959 2960
3 2978 2960 2961
3 2978 2976 2959
3 2978 2975 2973
3 2978 2973 2976
3 2979 2954 2953
3 2979 2955 2954
3 2979 2953 2974
3 2979 2974 2977
3 2980 2961 2962
3 2980 2978 2961
3 2980 2977 2975
3 2980 2975 2978
3 2981 2956 2955
3 2981 2962 2963
3 2981 2980 2962
3 2981 2963 2956
3 2981 2955 2979
3 2981 2979 2977
3 2981 2977 2980
3 2998 2988 2989
3 2997 2996 3003
3 3004 2983 2984
3 3005 2982 2983
3 3005 2983 3004
3 3006 2990 2982
3 3006 2982 3005
3 3007 2984 2985
3 3007 3004 2984
3 3007 3005 3004
3 3008 2991 2990
3 3008 2990 3006
3 3009 3006 3005
3 3009 3005 3007
3 3010 2985 2986
3 3010 2986 2987
3 3010 3007 2985
3 3011 2992 2991
3 3011 2991 3008
3 3012 3006 3009
3 3012 3008 3006
3 3013 3009 3007
3 3013 3007 3010
3 3014 2993 2992
3 3014 3011 3008
3 3014 2992 3011
3 3014 3008 3012
3 3015 3012 3009
3 3015 3009 3013
3 3016 2987 2988
3 3016 2998 2999
3 3016 3010 2987
3 3016 3013 3010
3 3016 2988 2998
3 3017 3014 3012
3 3017 3012 3015
3 3018 2999 3000
3 3018 3000 3001
3 3018 3016 2999
3 3018 3015 3013
3 3018 3013 3016
3 3019 2994 2993
3 3019 2995 2994
3 3019 2993 3014
3 3019 3014 3017
3 3020 3001 3002
3 3020 3018 3001
3 3020 3017 3015
3 3020 3015 3018
3 3021 2996 2995
3 3021 3002 3003
3 3021 3020 3002
3 3021 3003 2996
3 3021 2995 3019
3 3021 3019 3017
3 3021 3017 3020
3 3023 3024 3022
3 3037 3025 3024
3 3037 3024 3023
3 3036 3026 3025
3 3036 3025 3037
3 3035 3027 3026
3 3035 3026 3036
3 3034 3028 3027
3 3034 3027 3035
3 3033 3029 3028
3 3033 3028 3034
3 3032 3030 3029
3 3032 3029 3033
3 3031 3030 3032
3 3038 3039 3040
3 3041 3038 3040
