ply
format ascii 1.0
comment generated by blendit.inference.finetune_visualize
element vertex 4149
property float x
property float y
property float z
property uchar red
property uchar green
property uchar blue
element face 6296
property list uchar int vertex_indices
end_header
0 48.3935148 77.5992492 218 222 230
0 48.3935148 76.5621176 218 222 230
1.24001133e-16 48.3228712 75.0402728 218 222 230
-4.34387041e-17 48.0982805 74.2738585 218 222 230
-4.52148724e-17 47.7443339 73.6509989 218 222 230
-1.09467867e-16 47.3692121 73.2336267 218 222 230
-2.25034183e-16 46.858465 72.8659502 218 222 230
4.98099195e-17 46.3109822 72.6412867 218 222 230
2.83602205e-16 46.0020911 72.5771486 218 222 230
0 45.6869587 72.5551903 218 222 230
-1.53642483e-17 36.5214986 72.6907984 218 222 230
-4.164447e-17 24.263853 73.0366735 218 222 230
-4.63390065e-17 11.7664578 73.4015691 218 222 230
0 2.84074728 73.5583257 218 222 230
-1.37118244e-18 2.4905733 73.5192951 218 222 230
1.28057014e-17 2.15870184 73.4075403 218 222 230
8.08165976e-18 1.8597278 73.2336567 218 222 230
-2.6019199e-17 1.60371613 73.0104465 218 222 230
-5.00400543e-17 1.39610212 72.7513957 218 222 230
-2.29193111e-17 1.23803968 72.4692604 218 222 230
3.8732061e-17 1.12712213 72.1748479 218 222 230
3.83927693e-17 1.04497924 71.7855337 218 222 230
0 1.02058255 71.3970678 218 222 230
-4.4408921e-16 1.320576 2.02072695 218 222 230
0 78.8103822 2.02072695 218 222 230
0 80.529002 3.09635614 218 222 230
-3.17804866e-16 80.5035318 2.8810348 218 222 230
-4.38191942e-17 80.4310532 2.67736269 218 222 230
-7.21529897e-17 80.3189914 2.49468407 218 222 230
-2.19446572e-16 80.17617 2.33956206 218 222 230
-1.95481884e-16 80.0120198 2.2156433 218 222 230
2.15780441e-17 79.8358152 2.12372482 218 222 230
2.12264831e-16 79.6559681 2.06199789 218 222 230
7.01921709e-17 79.4221914 2.01945919 218 222 230
-2.47334578e-16 79.0970361 2.01151159 218 222 230
-1.74421656e-17 80.615771 19.2265028 218 222 230
4.45438772e-17 80.8324275 41.5641046 218 222 230
7.62706015e-17 81.0417747 63.6630693 218 222 230
1.47627102e-17 81.1194313 80.031853 218 222 230
0 51.6217976 78.9333822 218 222 230
3.84545886e-17 57.6362256 79.1246662 218 222 230
8.95741054e-17 66.3706145 79.5299606 218 222 230
8.76618628e-17 74.7261416 79.8893784 218 222 230
7.37976382e-16 48.432367 77.9223171 218 222 230
1.52585472e-16 48.5433965 78.2293596 218 222 230
1.72860919e-17 48.7165126 78.5070361 218 222 230
1.83562329e-16 48.9397913 78.7452115 218 222 230
2.55193507e-16 49.2002101 78.9371355 218 222 230
1.43906098e-16 49.4843885 79.079475 218 222 230
2.38957823e-17 49.7793074 79.1722092 218 222 230
7.62997952e-17 50.0729851 79.2183963 218 222 230
3.60185382e-16 50.4450711 79.2179152 218 222 230
3.68060407e-16 50.816964 79.1559049 218 222 230
6.39843335e-19 51.2786143 79.0102442 218 222 230
1.1441242e-15 51.4755935 78.9510715 218 222 230
0 5.8846382 27.0976211 218 222 230
0 6.06355677 30.6047348 218 222 230
-3.9088785e-17 6.07366093 31.2300104 218 222 230
4.70604359e-18 6.15440221 31.5558706 218 222 230
1.38372605e-18 6.29428385 31.8249984 218 222 230
-1.29442477e-17 6.44791341 32.0070819 218 222 230
-3.97805495e-17 6.66104136 32.1685074 218 222 230
-7.15494581e-17 6.89203406 32.2675963 218 222 230
-6.60446274e-17 7.02294336 32.2959492 218 222 230
0 7.15668115 32.3056632 218 222 230
0 19.3524478 32.3056632 218 222 230
-5.93487977e-17 19.7158811 32.2665139 218 222 230
1.34725346e-17 20.0614651 32.1539229 218 222 230
1.62262485e-17 20.3747001 31.9777913 218 222 230
-2.51912878e-18 20.6452968 31.7503243 218 222 230
3.1890299e-17 20.867347 31.4845695 218 222 230
1.12664924e-16 21.0390341 31.1930545 218 222 230
1.48499325e-16 21.1619671 30.88661 218 222 230
-3.06409141e-18 21.2571262 30.4698064 218 222 230
0 21.2860759 30.0514745 218 222 230
0 21.2860759 26.3046504 218 222 230
-8.09043371e-18 21.2456246 25.9096716 218 222 230
-2.61118134e-17 21.1231971 25.5296492 218 222 230
-4.20977872e-18 20.9196555 25.1819427 218 222 230
1.41282006e-17 20.6404409 24.8856601 218 222 230
2.72809386e-17 20.2967607 24.6600091 218 222 230
-3.90765474e-17 19.9352994 24.5288085 218 222 230
0 19.5519083 24.4835608 218 222 230
0 8.3059692 24.8668717 218 222 230
-2.8967646e-17 5.92406311 26.6967818 218 222 230
-8.61774151e-17 6.03880285 26.3123136 218 222 230
-7.13569994e-17 6.22122929 25.958252 218 222 230
-3.58669967e-17 6.46144623 25.6455849 218 222 230
-1.55000135e-17 6.74833491 25.3820223 218 222 230
-3.31416946e-18 7.07054793 25.172101 218 222 230
1.07608703e-17 7.41738459 25.0175605 218 222 230
6.80720643e-18 7.77948079 24.9179328 218 222 230
-1.40265815e-17 8.04187639 24.8794778 218 222 230
0 35.3075236 39.9841872 218 222 230
0 34.2272646 39.85302 218 222 230
0 33.2097864 39.4671414 218 222 230
0 32.3142209 38.8489772 218 222 230
0 31.5926154 38.0344529 218 222 230
0 31.0869068 37.0709058 218 222 230
0 30.8264852 36.0143335 218 222 230
0 30.8264852 34.9261404 218 222 230
0 31.0869068 33.8695681 218 222 230
0 31.5926154 32.9060209 218 222 230
0 32.3142209 32.0914967 218 222 230
0 33.2097864 31.4733325 218 222 230
0 34.2272646 31.0874539 218 222 230
0 35.3075236 30.9562867 218 222 230
0 36.3877826 31.0874539 218 222 230
0 37.4052609 31.4733325 218 222 230
0 38.3008263 32.0914967 218 222 230
0 39.0224319 32.9060209 218 222 230
0 39.5281404 33.8695681 218 222 230
0 39.7885621 34.9261404 218 222 230
0 39.7885621 36.0143335 218 222 230
0 39.5281404 37.0709058 218 222 230
0 39.0224319 38.0344529 218 222 230
0 38.3008263 38.8489772 218 222 230
0 37.4052609 39.4671414 218 222 230
0 36.3877826 39.85302 218 222 230
0 48.3935148 77.5992492 255 79 163
0 48.3935148 76.5621176 255 79 163
0.0115204594 48.3005324 76.5621176 255 79 163
0.0437509954 48.2162479 76.5621176 255 79 163
0.0909133533 48.1465135 76.5621176 255 79 163
0.152840058 48.0883883 76.5621176 255 79 163
0.224883185 48.0459723 76.5621176 255 79 163
0.301272931 48.0209549 76.5621176 255 79 163
0.341656885 48.0145571 76.5621176 255 79 163
0.380993893 48.0125209 76.5621176 255 79 163
0.380993893 48.0125209 77.5992492 255 79 163
0.0115204594 48.3005324 77.5992492 255 79 163
0.0437509954 48.2162479 77.5992492 255 79 163
0.0909133533 48.1465135 77.5992492 255 79 163
0.152840058 48.0883883 77.5992492 255 79 163
0.224883185 48.0459723 77.5992492 255 79 163
0.301272931 48.0209549 77.5992492 255 79 163
0.341656885 48.0145571 77.5992492 255 79 163
0 48.3935148 77.5992492 255 79 163
0.0115204594 48.3005324 77.5992492 255 79 163
0.0437509954 48.2162479 77.5992492 255 79 163
0.0909133533 48.1465135 77.5992492 255 79 163
0.152840058 48.0883883 77.5992492 255 79 163
0.224883185 48.0459723 77.5992492 255 79 163
0.301272931 48.0209549 77.5992492 255 79 163
0.341656885 48.0145571 77.5992492 255 79 163
0.380993893 48.0125209 77.5992492 255 79 163
0.431629281 48.0546575 78.1501656 255 79 163
0.569685872 48.1800325 78.6883357 255 79 163
0.77383137 48.3857129 79.2013348 255 79 163
1.02281589 48.6670071 79.6773054 255 79 163
1.2955163 49.0175555 80.1051606 255 79 163
1.57095574 49.4294153 80.4747863 255 79 163
1.82826817 49.8931586 80.7772757 255 79 163
2.04660106 50.3980089 81.005205 255 79 163
2.20497154 50.9320466 81.1529321 255 79 163
2.26410727 51.2753088 81.2028802 255 79 163
2.28618396 51.6217976 81.2195661 255 79 163
0 51.6217976 78.9333822 255 79 163
0.0428832623 51.6217976 79.3741078 255 79 163
0.180581196 51.6217976 79.8239292 255 79 163
0.418707134 51.6217976 80.2521571 255 79 163
0.749371259 51.6217976 80.6259671 255 79 163
1.15100308 51.6217976 80.917822 255 79 163
1.59280789 51.6217976 81.1118832 255 79 163
1.94413416 51.6217976 81.1938332 255 79 163
7.37976382e-16 48.432367 77.9223171 255 79 163
1.52585472e-16 48.5433965 78.2293596 255 79 163
1.72860919e-17 48.7165126 78.5070361 255 79 163
1.83562329e-16 48.9397913 78.7452115 255 79 163
2.55193507e-16 49.2002101 78.9371355 255 79 163
1.43906098e-16 49.4843885 79.079475 255 79 163
2.38957823e-17 49.7793074 79.1722092 255 79 163
7.62997952e-17 50.0729851 79.2183963 255 79 163
3.60185382e-16 50.4450711 79.2179152 255 79 163
3.68060407e-16 50.816964 79.1559049 255 79 163
6.39843335e-19 51.2786143 79.0102442 255 79 163
1.1441242e-15 51.4755935 78.9510715 255 79 163
0.135462903 48.2146807 78.2769667 255 79 163
0.198472696 48.4700995 78.9047255 255 79 163
0.644549488 51.0417405 80.5153935 255 79 163
0.0585829984 48.9152426 79.0750302 255 79 163
0.126593226 49.050426 79.3381023 255 79 163
0.0819976509 49.41628 79.440207 255 79 163
0.389465568 49.3430783 79.8779685 255 79 163
0.0391850748 49.7263093 79.4245873 255 79 163
0.0883711672 49.5539016 79.5103867 255 79 163
0.0434803767 49.9462884 79.4876531 255 79 163
0.0947864474 49.6931279 79.571214 255 79 163
0.53084385 48.5095945 79.310838 255 79 163
0.103314683 49.8796886 79.6384146 255 79 163
0.508473413 48.7403503 79.5579224 255 79 163
0.0552054909 50.5521601 79.5595735 255 79 163
0.742064232 48.9200845 79.8710048 255 79 163
0.211502808 50.0544352 79.8793165 255 79 163
0.126930014 50.4141083 79.7550204 255 79 163
0.580827843 50.4604475 80.4029962 255 79 163
0.918115254 48.9367446 79.9613311 255 79 163
0.82936259 49.1083086 80.0648384 255 79 163
0.135059772 50.6111451 79.7745152 255 79 163
0.0609185551 50.866403 79.5497908 255 79 163
0.916887204 49.3103061 80.2432355 255 79 163
1.05779021 49.1946953 80.2195113 255 79 163
0.839333234 49.6718936 80.3901192 255 79 163
0.146149301 50.9077629 79.7857727 255 79 163
0.0669173799 51.2720018 79.5118511 255 79 163
0.271570989 50.9326551 80.0335409 255 79 163
0.153269042 51.1390559 79.7839646 255 79 163
1.13081494 49.8813884 80.6245187 255 79 163
0.156798769 51.2875882 79.7804201 255 79 163
1.36260223 49.8702215 80.700783 255 79 163
1.20579283 50.121307 80.7420356 255 79 163
0.165257242 51.3985949 79.7937488 255 79 163
1.27349892 50.3687038 80.841343 255 79 163
1.06609804 50.595348 80.7890092 255 79 163
1.47923299 50.1970963 80.8598943 255 79 163
1.34698046 50.6944617 80.941554 255 79 163
1.3918822 50.9538426 80.9984688 255 79 163
1.63154611 50.7621341 81.0473408 255 79 163
1.46832525 51.172879 81.0503522 255 79 163
0 48.3935148 76.5621176 255 79 163
0.0115204594 48.3005324 76.5621176 255 79 163
0.0437509954 48.2162479 76.5621176 255 79 163
0.0909133533 48.1465135 76.5621176 255 79 163
0.152840058 48.0883883 76.5621176 255 79 163
0.224883185 48.0459723 76.5621176 255 79 163
0.301272931 48.0209549 76.5621176 255 79 163
0.341656885 48.0145571 76.5621176 255 79 163
0.380993893 48.0125209 76.5621176 255 79 163
0.411265184 47.9888624 76.2312416 255 79 163
0.494269286 47.9183683 75.9070978 255 79 163
0.618291547 47.8024728 75.5962813 255 79 163
0.77161731 47.6435341 75.3051162 255 79 163
1.00138734 47.3703671 74.9576314 255 79 163
1.26268042 46.9909458 74.6365378 255 79 163
1.48886749 46.5519552 74.4034095 255 79 163
1.62974292 46.1224649 74.2776977 255 79 163
1.66789877 45.9056813 74.2468638 255 79 163
1.68136504 45.6869587 74.2365553 255 79 163
0 45.6869587 72.5551903 255 79 163
0.0433095484 45.6869587 72.9343507 255 79 163
0.182848853 45.6869587 73.3177109 255 79 163
0.393367289 45.6869587 73.635954 255 79 163
0.642724382 45.6869587 73.8773907 255 79 163
0.932547976 45.6869587 74.060601 255 79 163
1.24283066 45.6869587 74.1783588 255 79 163
1.46510673 45.6869587 74.2225897 255 79 163
1.24001133e-16 48.3228712 75.0402728 255 79 163
-4.34387041e-17 48.0982805 74.2738585 255 79 163
-4.52148724e-17 47.7443339 73.6509989 255 79 163
-1.09467867e-16 47.3692121 73.2336267 255 79 163
-2.25034183e-16 46.858465 72.8659502 255 79 163
4.98099195e-17 46.3109822 72.6412867 255 79 163
2.83602205e-16 46.0020911 72.5771486 255 79 163
0.127956031 48.0933334 76.0834598 255 79 163
0.232100142 47.8135774 75.1411564 255 79 163
0.476094916 46.2335347 73.8142936 255 79 163
0.0797900699 47.6484757 74.234803 255 79 163
0.371950805 47.1856165 74.3192176 255 79 163
0.0880886181 47.4532168 73.9921959 255 79 163
0.0939994891 47.2862009 73.8232854 255 79 163
0.185775376 46.9320382 73.7573937 255 79 163
0.046518529 46.7967439 73.2548241 255 79 163
0.107530548 46.7608629 73.448791 255 79 163
0.800184006 47.0345895 74.5587295 255 79 163
0.0487363699 46.4616458 73.1038533 255 79 163
0.111772728 46.5164895 73.3355276 255 79 163
0.875775578 46.8166918 74.4187545 255 79 163
0.114831779 46.2787109 73.2556041 255 79 163
0.989381251 46.3804291 74.2274383 255 79 163
1.20157402 46.286339 74.2654156 255 79 163
1.02851134 46.1534107 74.1672798 255 79 163
0.487839306 46.853876 74.1552331 255 79 163
0.519684428 46.620229 74.0310525 255 79 163
0 51.6217976 78.9333822 255 79 163
0.0428832623 51.6217976 79.3741078 255 79 163
0.180581196 51.6217976 79.8239292 255 79 163
0.418707134 51.6217976 80.2521571 255 79 163
0.749371259 51.6217976 80.6259671 255 79 163
1.15100308 51.6217976 80.917822 255 79 163
1.59280789 51.6217976 81.1118832 255 79 163
1.94413416 51.6217976 81.1938332 255 79 163
2.28618396 51.6217976 81.2195661 255 79 163
2.09394818 57.6597336 81.2195661 255 79 163
1.68482529 66.4693761 81.2195661 255 79 163
1.32524329 74.8724425 81.2195661 255 79 163
1.1861416 81.3169546 81.2195661 255 79 163
0.921273844 81.3050709 81.1895972 255 79 163
0.669834934 81.2760198 81.1011853 255 79 163
0.44456737 81.2367992 80.9588478 255 79 163
0.256810509 81.1944762 80.7698768 255 79 163
0.11592614 81.1561362 80.5438869 255 79 163
0.0293508779 81.128975 80.2943335 255 79 163
1.47627102e-17 81.1194313 80.031853 255 79 163
3.84545886e-17 57.6362256 79.1246662 255 79 163
8.95741054e-17 66.3706145 79.5299606 255 79 163
8.76618628e-17 74.7261416 79.8893784 255 79 163
0.0957199937 54.6290116 79.6572286 255 79 163
0.243385823 53.6266069 79.9983225 255 79 163
0.174164863 54.6290116 79.8735184 255 79 163
1.65782498 54.6407656 81.1506918 255 79 163
1.44055309 54.6407656 81.0829428 255 79 163
1.34725776 53.634443 81.0355533 255 79 163
0.717919165 78.0334594 81.1057397 255 79 163
0.618687901 79.1012393 81.063376 255 79 163
0.467927711 79.0743516 80.9627556 255 79 163
0.596573107 78.0142893 81.0411182 255 79 163
0.706378617 53.630525 80.6147676 255 79 163
0.721074468 52.9609492 80.6179753 255 79 163
0.515056089 54.2987947 80.424296 255 79 163
0.748375808 54.1336863 80.6614138 255 79 163
0.935604671 53.9672718 80.8075865 255 79 163
0.683785312 54.6348886 80.6109258 255 79 163
0.676130603 54.9696765 80.6099002 255 79 163
0.660668956 55.6392523 80.6082256 255 79 163
0.134491642 55.9681631 79.8106601 255 79 163
0.155955932 56.6377389 79.8862806 255 79 163
0.276436457 56.9744858 80.1454544 255 79 163
1.46045472 55.9799172 81.1035557 255 79 163
0.147069783 57.6421026 79.8959381 255 79 163
0.613442643 57.6479796 80.6061235 255 79 163
1.36357347 56.649493 81.0757445 255 79 163
1.09340455 56.9823218 80.9540727 255 79 163
0.179623092 58.6132432 80.005314 255 79 163
0.251448059 60.5555246 80.2137739 255 79 163
1.32332735 57.6538566 81.0725298 255 79 163
1.14979113 61.0582719 81.0494787 255 79 163
1.26439022 59.8374538 81.0790783 255 79 163
0.863450186 60.0768108 80.8699045 255 79 163
0.934641336 63.4999081 80.9859058 255 79 163
0.556612079 62.0151741 80.662954 255 79 163
0.162129548 62.9804377 80.1235704 255 79 163
0.126069311 64.1928943 80.0849423 255 79 163
0.317441392 63.9618989 80.4356802 255 79 163
0.224745907 64.9352613 80.3205825 255 79 163
0.304880401 65.4301726 80.4666982 255 79 163
0.118546138 66.3953049 80.1526509 255 79 163
0.49417379 66.4199953 80.7253923 255 79 163
1.02472701 65.4630932 81.0679793 255 79 163
0.143706487 67.3264402 80.2481103 255 79 163
0.198765608 69.1887107 80.4245037 255 79 163
1.06540492 66.4446857 81.1011878 255 79 163
0.712386727 67.3593607 80.9310789 255 79 163
0.827550885 67.8290434 81.0126784 255 79 163
1.00245826 68.5335675 81.1081819 255 79 163
0.68385281 68.7519486 80.942634 255 79 163
0.906015281 69.6965961 81.0855402 255 79 163
0.437197097 70.5977589 80.782369 255 79 163
0.731768559 72.0226534 81.036624 255 79 163
0.0987438922 72.6619502 80.3308711 255 79 163
0.248582297 72.4488513 80.60572 255 79 163
0.176126928 73.3743975 80.5150584 255 79 163
0.239143268 73.8493624 80.6290287 255 79 163
0.0933075242 74.7627168 80.3797984 255 79 163
0.388876492 74.7992921 80.8306896 255 79 163
0.274014104 76.9182401 80.7418488 255 79 163
0.624011509 75.5299916 81.0283039 255 79 163
0.838205499 74.8358673 81.1264322 255 79 163
0.751263848 75.8953413 81.1007665 255 79 163
0.739061721 76.6080473 81.1025933 255 79 163
0.157032401 79.037341 80.601523 255 79 163
0.112381237 80.0968915 80.5274539 255 79 163
0.0782965022 80.4409193 80.450349 255 79 163
0.2795771 52.2913734 80.0401892 255 79 163
1.30093668 52.2913734 81.0019501 255 79 163
0.645039856 56.3088281 80.6070452 255 79 163
0.438262807 56.8648489 80.3867882 255 79 163
0.637175459 56.6436159 80.606637 255 79 163
0.532365722 56.8100304 80.4998151 255 79 163
0.780126559 56.7565179 80.7374335 255 79 163
0.644696216 58.7806505 80.6636801 255 79 163
0.891143503 58.6210793 80.8586898 255 79 163
1.03882315 59.1076291 80.9598603 255 79 163
0.533660038 58.8604362 80.5529527 255 79 163
1.48198257 58.1404065 81.1332199 255 79 163
0.638080707 59.2658944 80.6693843 255 79 163
0.638279531 60.8068982 80.7085889 255 79 163
0.480908623 63.2401729 80.6188464 255 79 163
0.569668002 65.1991772 80.7635161 255 79 163
0.426025075 67.5777418 80.6874033 255 79 163
0.736761934 73.5814861 81.0640335 255 79 163
0.739492752 74.3609024 81.0764003 255 79 163
0.772355995 74.519224 81.0943791 255 79 163
0.715375819 52.2913734 80.6030854 255 79 163
0 45.6869587 72.5551903 255 79 163
0.0433095484 45.6869587 72.9343507 255 79 163
0.182848853 45.6869587 73.3177109 255 79 163
0.393367289 45.6869587 73.635954 255 79 163
0.642724382 45.6869587 73.8773907 255 79 163
0.932547976 45.6869587 74.060601 255 79 163
1.24283066 45.6869587 74.1783588 255 79 163
1.46510673 45.6869587 74.2225897 255 79 163
1.68136504 45.6869587 74.2365553 255 79 163
1.54575692 36.5214986 74.2365553 255 79 163
1.19988183 24.263853 74.2365553 255 79 163
0.834986248 11.7664578 74.2365553 255 79 163
0.67822963 2.84074728 74.2365553 255 79 163
0 2.84074728 73.5583257 255 79 163
0.0205082471 2.84074728 73.7238492 255 79 163
0.0778837194 2.84074728 73.873889 255 79 163
0.161840206 2.84074728 73.9980272 255 79 163
0.272079573 2.84074728 74.1014993 255 79 163
0.40032778 2.84074728 74.1770066 255 79 163
0.536313658 2.84074728 74.2215416 255 79 163
0.60820351 2.84074728 74.2329306 255 79 163
-1.53642483e-17 36.5214986 72.6907984 255 79 163
-4.164447e-17 24.263853 73.0366735 255 79 163
-4.63390065e-17 11.7664578 73.4015691 255 79 163
1.11930249 41.1042286 74.1536985 255 79 163
0.860320722 42.6318053 74.0337744 255 79 163
0.210745742 8.79122096 73.9968079 255 79 163
0.24456181 11.7664578 73.9919935 255 79 163
0.441267818 7.30360254 74.1735964 255 79 163
0.144249255 44.6685742 73.2420287 255 79 163
0.217681084 44.159382 73.3909103 255 79 163
0.27842206 44.6685742 73.4867251 255 79 163
0.33318467 44.159382 73.5674076 255 79 163
0.107782445 42.6318053 73.1700316 255 79 163
0.284917703 42.6318053 73.5107791 255 79 163
0.0456265938 40.5950364 72.9940256 255 79 163
1.02458573 39.0674597 74.1300375 255 79 163
0.102872334 38.0490753 73.2186179 255 79 163
0.438257145 39.5766519 73.7321389 255 79 163
0.193053078 37.539883 73.4223626 255 79 163
0.976979194 38.0490753 74.1174671 255 79 163
0.788151645 37.539883 74.0289019 255 79 163
0.452741719 36.5214986 73.7838136 255 79 163
0.108530219 36.5214986 73.2597834 255 79 163
0.976771974 36.5214986 74.1280251 255 79 163
0.132370926 35.1595379 73.3417279 255 79 163
0.18442123 32.4356167 73.4988704 255 79 163
0.656823278 35.1595379 73.9705691 255 79 163
0.764975131 34.4785576 74.0453116 255 79 163
0.929517919 33.4570872 74.1332756 255 79 163
0.677569625 28.3497348 74.0671629 255 79 163
0.406070813 30.3926758 73.8304845 255 79 163
0.634301289 33.116597 73.9796895 255 79 163
0.229358601 27.6687545 73.67018 255 79 163
0.0909277849 27.3282644 73.4182053 255 79 163
0.161412269 26.3067939 73.5909063 255 79 163
0.218292167 25.6258136 73.6975073 255 79 163
0.0842457419 24.263853 73.4783437 255 79 163
0.501670564 22.8752535 74.0333995 255 79 163
0.758211677 24.263853 74.1523096 255 79 163
0.579704183 22.1809538 74.0916293 255 79 163
0.696375001 21.1395042 74.1591803 255 79 163
0.483177047 15.9322562 74.1157611 255 79 163
0.294790732 18.0151554 73.9417646 255 79 163
0.473439202 20.7923543 74.044832 255 79 163
0.136651016 20.0980546 73.6899513 255 79 163
0.162701 15.2379565 73.8347835 255 79 163
0.0643427359 14.8908066 73.6574707 255 79 163
0.113452201 13.849357 73.7827465 255 79 163
0.152836834 13.1550573 73.8591419 255 79 163
0.107301011 5.07217491 73.9058947 255 79 163
0.0700455834 4.3283657 73.8459848 255 79 163
0.70380556 45.1777664 73.9247108 255 79 163
0.947844655 45.3474972 74.0688795 255 79 163
0.805950639 45.1777664 73.9920749 255 79 163
1.09404153 45.3474972 74.1312658 255 79 163
0.911788313 45.1777664 74.0513332 255 79 163
0.696233368 44.838305 73.9204723 255 79 163
0.953304621 44.9231703 74.0725952 255 79 163
0.92258108 44.159382 74.0599283 255 79 163
0.390183258 42.1226131 73.6537967 255 79 163
0.448145355 41.868017 73.7207579 255 79 163
0.968523424 41.1042286 74.0953093 255 79 163
0.267312569 41.4436901 73.4954472 255 79 163
0.372367262 40.8496325 73.6441956 255 79 163
0.393998305 40.4253057 73.6741427 255 79 163
0.454703044 38.897729 73.7567268 255 79 163
0.462866713 38.5582675 73.7688486 255 79 163
0.62108301 38.3885367 73.9096385 255 79 163
0.446193193 38.0490753 73.7578771 255 79 163
0.350825891 37.8793445 73.6525348 255 79 163
0.525846368 37.7944791 73.8372206 255 79 163
0.645649074 26.3067939 74.0751431 255 79 163
0.475198575 25.3988202 73.9749736 255 79 163
0.629420939 25.2853234 74.0792001 255 79 163
0.672524847 24.9448333 74.1063545 255 79 163
0.351437252 24.263853 73.8851181 255 79 163
0.701209813 24.7178398 74.1229 255 79 163
0.110964638 23.8009865 73.5519462 255 79 163
0.125604698 23.5695532 73.5877707 255 79 163
0.149097798 23.2224034 73.6401641 255 79 163
0.246375422 23.1066868 73.7889811 255 79 163
0.144926046 22.1809538 73.6568512 255 79 163
0.332318028 12.923624 74.0536248 255 79 163
0.439920704 12.8079074 74.1265752 255 79 163
0.469295107 12.4607575 74.1456998 255 79 163
0.247685837 4.08042929 74.07534 255 79 163
0.3671226 3.95646109 74.1563386 255 79 163
0.299221129 3.58455649 74.117212 255 79 163
0.33310605 3.58455649 74.138908 255 79 163
0 80.529002 3.09635614 255 79 163
0.0416598695 80.8652416 3.09635614 255 79 163
0.158210771 81.1700284 3.09635614 255 79 163
0.328757588 81.4221991 3.09635614 255 79 163
0.552694702 81.6323894 3.09635614 255 79 163
0.81321446 81.7857727 3.09635614 255 79 163
1.0894523 81.8762398 3.09635614 255 79 163
1.2354873 81.8993752 3.09635614 255 79 163
1.37773637 81.9067384 3.09635614 255 79 163
1.29096733 81.9067384 19.2265028 255 79 163
1.07431088 81.9067384 41.5641046 255 79 163
0.864963698 81.9067384 63.6630693 255 79 163
0.787307053 81.9067384 80.031853 255 79 163
0.595163012 81.8829319 80.031853 255 79 163
0.420992712 81.8163289 80.031853 255 79 163
0.276889839 81.7188699 80.031853 255 79 163
0.156776641 81.5909011 80.031853 255 79 163
0.0691258143 81.4420272 80.031853 255 79 163
0.0174283753 81.2841712 80.031853 255 79 163
0.00420768119 81.2007195 80.031853 255 79 163
1.47627102e-17 81.1194313 80.031853 255 79 163
-1.74421656e-17 80.615771 19.2265028 255 79 163
4.45438772e-17 80.8324275 41.5641046 255 79 163
7.62706015e-17 81.0417747 63.6630693 255 79 163
0.0764505259 81.008331 11.1614295 255 79 163
0.509797814 81.7792889 48.9304261 255 79 163
0.118337562 81.4333881 56.2967477 255 79 163
0.2585307 81.6794815 69.1193305 255 79 163
0.253342002 81.6533964 63.6630693 255 79 163
0.0692573264 81.4213267 71.8474611 255 79 163
0.467864802 81.570632 7.1288928 255 79 163
0.358694347 81.4641395 7.1288928 255 79 163
0.576363441 81.6535263 5.78471392 255 79 163
0.530323776 81.6219163 7.1288928 255 79 163
0.595457246 81.6692422 7.1288928 255 79 163
0.706954346 81.7356667 5.78471392 255 79 163
0.801326122 81.7831948 5.78471392 255 79 163
0.842617223 81.8048056 8.47307169 255 79 163
0.513803779 81.6141126 9.36919095 255 79 163
1.00253943 81.8634548 12.0575487 255 79 163
0.085995306 81.0625381 16.538145 255 79 163
0.364643055 81.4919152 13.8497872 255 79 163
0.812995887 81.8083889 16.538145 255 79 163
0.161136968 81.2301384 17.4342643 255 79 163
0.656727021 81.7344593 17.4342643 255 79 163
0.378115576 81.5286228 19.2265028 255 79 163
0.0906410094 81.0909693 19.2265028 255 79 163
0.815769084 81.8160974 19.2265028 255 79 163
0.785693436 81.8194391 24.8109032 255 79 163
0.643794107 81.7457899 22.9494364 255 79 163
0.588784908 81.7595422 34.1182373 255 79 163
0.348556863 81.5581815 30.3953037 255 79 163
0.536980447 81.6892835 25.4313922 255 79 163
0.156625828 81.2802351 26.6723701 255 79 163
0.200198636 81.4123703 35.3592152 255 79 163
0.0795511722 81.1907778 35.9797041 255 79 163
0.142242625 81.3377679 37.8411709 255 79 163
0.193347578 81.4292882 39.0821488 255 79 163
0.132294013 81.3775623 45.2472653 255 79 163
0.184212582 81.4518461 44.0195451 255 79 163
0.177495164 81.468434 47.7027059 255 79 163
0.281504379 81.625234 52.6135869 255 79 163
0.397127904 81.745918 57.524468 255 79 163
0.456874671 81.7925197 59.9799085 255 79 163
0.383552348 81.7514155 61.2076287 255 79 163
0.334017087 81.7542281 73.6662149 255 79 163
0.285826744 81.7211154 75.9396571 255 79 163
0.374250994 81.7852921 75.9396571 255 79 163
0.446000424 81.8267519 77.3037224 255 79 163
0.101476464 81.0498055 3.9924754 255 79 163
0.235257775 81.3014798 4.44053503 255 79 163
0.141702937 81.1403269 4.44053503 255 79 163
0.0861057267 81.0130524 5.11262447 255 79 163
0.203550294 81.2542972 5.33665429 255 79 163
0.461784758 81.5749586 10.862723 255 79 163
0.436595481 81.5547444 11.6094891 255 79 163
0.411991401 81.5341451 12.3562551 255 79 163
0.371761275 81.5102281 16.538145 255 79 163
0.292477718 81.4224051 16.8368514 255 79 163
0.120231777 81.1649546 20.0538214 255 79 163
0.136574617 81.201291 20.4674807 255 79 163
0.162978317 81.2548251 21.0879696 255 79 163
0.160948527 81.2629443 22.9494364 255 79 163
0.269786889 81.416634 21.2947993 255 79 163
0.551279383 81.683493 21.7084585 255 79 163
0.5689705 81.7644958 37.8411709 255 79 163
0.421630244 81.6746443 39.4958081 255 79 163
0.558958631 81.7669987 39.7026377 255 79 163
0.598835858 81.7908038 40.3231267 255 79 163
0.625510153 81.8053528 40.736786 255 79 163
0.678862727 81.8313092 41.5641046 255 79 163
0.314658371 81.59208 41.5641046 255 79 163
0.615490531 81.8069768 42.3825847 255 79 163
0.58450727 81.7935778 42.7918248 255 79 163
0.539023898 81.7719824 43.405685 255 79 163
0.52917605 81.7744444 45.2472653 255 79 163
0.404958097 81.6838218 43.610305 255 79 163
0.186494754 81.5679454 61.6168688 255 79 163
0.112300954 81.4575346 61.8214889 255 79 163
0.0932167194 81.4252471 62.435349 255 79 163
0.161953032 81.5947019 77.7584108 255 79 163
0.137437882 81.5621502 78.6677877 255 79 163
0.112452356 81.5231277 78.6677877 255 79 163
0.164825128 81.5998426 78.6677877 255 79 163
0.0591691354 81.4176227 79.1224761 255 79 163
0.385379351 81.4853722 3.54441577 255 79 163
0.815266222 81.7870802 3.54441577 255 79 163
0.614295428 81.6766574 3.76844558 255 79 163
0.912291227 81.8260626 3.54441577 255 79 163
0.682715566 81.719302 3.76844558 255 79 163
0.752974839 81.7575919 3.76844558 255 79 163
0.769173356 81.7663935 4.44053503 255 79 163
0.405512787 81.557087 19.6401621 255 79 163
0.419460393 81.5709377 19.8469917 255 79 163
0.6919764 81.7606601 19.6401621 255 79 163
0.631899005 81.727953 19.8469917 255 79 163
0.498332282 81.6392672 20.3295942 255 79 163
0.740814346 81.7866637 20.260651 255 79 163
0.675854503 81.7557044 20.7432535 255 79 163
0.101589826 81.2799683 40.5299563 255 79 163
0.226546311 81.4846542 40.4610131 255 79 163
0.150262153 81.3756518 40.9436156 255 79 163
0.122367595 81.3270801 41.1504453 255 79 163
0.0754291919 81.2278756 41.5641046 255 79 163
0.12138348 81.3317419 41.9733446 255 79 163
0.148453203 81.3820454 42.1779647 255 79 163
0.0995599318 81.2924919 42.5872048 255 79 163
0.221721209 81.493644 42.6554115 255 79 163
0.339417943 81.7245617 62.5717624 255 79 163
0.504048674 81.8250398 62.639969 255 79 163
0.427281079 81.7858463 63.0492091 255 79 163
0.365768443 81.746666 63.2538292 255 79 163
0.45364088 81.8321227 79.3498203 255 79 163
0.0894953591 81.42376 63.4584492 255 79 163
0 2.84074728 73.5583257 255 79 163
0.0205082471 2.84074728 73.7238492 255 79 163
0.0778837194 2.84074728 73.873889 255 79 163
0.161840206 2.84074728 73.9980272 255 79 163
0.272079573 2.84074728 74.1014993 255 79 163
0.40032778 2.84074728 74.1770066 255 79 163
0.536313658 2.84074728 74.2215416 255 79 163
0.60820351 2.84074728 74.2329306 255 79 163
0.67822963 2.84074728 74.2365553 255 79 163
0.699227706 2.16646071 74.1553851 255 79 163
0.753542397 1.5306651 73.9165301 255 79 163
0.826598363 0.969664678 73.5335881 255 79 163
0.903893296 0.515570847 73.0283508 255 79 163
0.970943159 0.194463948 72.4296419 255 79 163
1.00664245 0.049035386 71.922438 255 79 163
1.02058255 -1.55774056e-17 71.3970678 255 79 163
0 1.02058255 71.3970678 255 79 163
0.0308602842 0.771507105 71.3970678 255 79 163
0.117197423 0.545730938 71.3970678 255 79 163
0.243532991 0.358931039 71.3970678 255 79 163
0.409418363 0.203228847 71.3970678 255 79 163
0.602402975 0.0896074787 71.3970678 255 79 163
0.807031036 0.0225923237 71.3970678 255 79 163
0.915209043 0.00545439798 71.3970678 255 79 163
-1.37118244e-18 2.4905733 73.5192951 255 79 163
1.28057014e-17 2.15870184 73.4075403 255 79 163
8.08165976e-18 1.8597278 73.2336567 255 79 163
-2.6019199e-17 1.60371613 73.0104465 255 79 163
-5.00400543e-17 1.39610212 72.7513957 255 79 163
-2.29193111e-17 1.23803968 72.4692604 255 79 163
3.8732061e-17 1.12712213 72.1748479 255 79 163
3.83927693e-17 1.04497924 71.7855337 255 79 163
0.204039038 2.25436886 73.9661631 255 79 163
0.293088966 0.357553145 71.9638413 255 79 163
0.38209867 1.6250408 73.8567786 255 79 163
0.237694977 1.21879117 73.430937 255 79 163
0.542130969 0.815979584 73.3011486 255 79 163
0.455148775 0.675255901 73.0526182 255 79 163
0.0689086251 0.737604702 72.1062751 255 79 163
0.278604805 0.533319163 72.5082658 255 79 163
0.586637951 0.447058411 72.8005041 255 79 163
0.623772286 0.192059241 72.2112215 255 79 163
0.040608138 1.87412098 73.5296595 255 79 163
0.0933642927 1.89644081 73.6745688 255 79 163
0.0960713948 1.71855175 73.5801647 255 79 163
0.135435053 1.5510637 73.5439929 255 79 163
0.149970557 1.06469005 73.1117639 255 79 163
0.0487302116 1.07665881 72.7808258 255 79 163
0.111732151 1.0156795 72.9434758 255 79 163
0.11505791 0.906209898 72.7815636 255 79 163
0.161350625 0.777536897 72.7012875 255 79 163
0 80.529002 3.09635614 255 79 163
0.0416598695 80.8652416 3.09635614 255 79 163
0.158210771 81.1700284 3.09635614 255 79 163
0.328757588 81.4221991 3.09635614 255 79 163
0.552694702 81.6323894 3.09635614 255 79 163
0.81321446 81.7857727 3.09635614 255 79 163
1.0894523 81.8762398 3.09635614 255 79 163
1.2354873 81.8993752 3.09635614 255 79 163
1.37773637 81.9067384 3.09635614 255 79 163
1.41246226 81.8311469 2.41635544 255 79 163
1.5022329 81.6080641 1.76955605 255 79 163
1.62543779 81.2483813 1.18753938 255 79 163
1.7604664 80.769661 0.698722413 255 79 163
1.88570823 80.1952772 0.326972023 255 79 163
1.97955275 79.5532741 0.0904399445 255 79 163
2.00984349 79.1845705 0.0226932741 255 79 163
2.02072695 78.8103822 -4.4408921e-16 255 79 163
0 78.8103822 2.02072695 255 79 163
0.0430487649 78.8103822 1.60584576 255 79 163
0.181498758 78.8103822 1.18372213 255 79 163
0.420016212 78.8103822 0.787413306 255 79 163
0.747784166 78.8103822 0.451346792 255 79 163
1.13920491 78.8103822 0.202415562 255 79 163
1.56023211 78.8103822 0.0531696026 255 79 163
1.79358109 78.8103822 0.0128070895 255 79 163
-3.17804866e-16 80.5035318 2.8810348 255 79 163
-4.38191942e-17 80.4310532 2.67736269 255 79 163
-7.21529897e-17 80.3189914 2.49468407 255 79 163
-2.19446572e-16 80.17617 2.33956206 255 79 163
-1.95481884e-16 80.0120198 2.2156433 255 79 163
2.15780441e-17 79.8358152 2.12372482 255 79 163
2.12264831e-16 79.6559681 2.06199789 255 79 163
7.01921709e-17 79.4221914 2.01945919 255 79 163
-2.47334578e-16 79.0970361 2.01151159 255 79 163
0.41396178 81.4255247 2.49946882 255 79 163
0.58142508 79.3700084 0.644481159 255 79 163
0.1170491 81.0415893 2.73827847 255 79 163
0.043354668 80.7413367 2.52931786 255 79 163
0.0995438205 80.9484567 2.57608937 255 79 163
0.0443873765 80.6626379 2.37801763 255 79 163
0.1010963 80.8979551 2.44614262 255 79 163
0.102919108 80.8373579 2.32135152 255 79 163
0.0480712664 80.3698675 2.02052308 255 79 163
0.193510675 80.8831249 2.04903885 255 79 163
0.111039534 80.5533385 1.93037493 255 79 163
0.47765274 80.8577675 1.463622 255 79 163
0.0495862086 80.2444564 1.9170472 255 79 163
0.113645599 80.4575263 1.83678954 255 79 163
0.0511427529 80.1121591 1.82760582 255 79 163
0.861402773 81.7680518 2.65356558 255 79 163
0.116325784 80.3564246 1.75103393 255 79 163
0.892823311 81.7333821 2.43378386 255 79 163
0.119044723 80.2508932 1.67320293 255 79 163
0.91779763 81.6396623 2.11580646 255 79 163
0.768591062 81.4294825 1.84146996 255 79 163
0.055616503 79.7024286 1.64222412 255 79 163
1.08683361 81.7303039 2.20520483 255 79 163
0.225488889 80.1854892 1.38624661 255 79 163
0.12847626 79.852495 1.45993495 255 79 163
0.55452114 79.9132418 0.806240528 255 79 163
0.0578498913 79.4649891 1.58164373 255 79 163
0.131708382 79.6974491 1.40373554 255 79 163
0.987995278 81.3439169 1.51494669 255 79 163
0.136046648 79.4585251 1.3402074 255 79 163
1.02881815 81.1501291 1.24752816 255 79 163
1.19720063 81.3376469 1.39162993 255 79 163
0.139008534 79.2514558 1.30456857 255 79 163
1.07143993 80.9281726 1.0036733 255 79 163
0.249767193 79.4511936 1.09936488 255 79 163
0.901975347 80.6092443 0.858959181 255 79 163
1.2639637 81.0574677 1.04027034 255 79 163
0.153081429 79.108748 1.2581625 255 79 163
1.15632088 80.4043438 0.592843511 255 79 163
1.19398449 80.1161462 0.435820878 255 79 163
1.39784069 80.3540937 0.476958018 255 79 163
1.00012594 79.6655545 0.381536834 255 79 163
1.22657314 79.8129821 0.311251132 255 79 163
1.45430226 79.951206 0.280493141 255 79 163
1.25267327 79.4941749 0.219329694 255 79 163
1.21996626 79.2654198 0.194883187 255 79 163
1.320576 0 2.02072695 255 79 163
0.998286485 0.0399314594 2.02072695 255 79 163
0.706144916 0.151646826 2.02072695 255 79 163
0.46443643 0.315117893 2.02072695 255 79 163
0.262966614 0.529764167 2.02072695 255 79 163
0.115947001 0.779475321 2.02072695 255 79 163
0.0292331869 1.04425244 2.02072695 255 79 163
0.00705768198 1.18422865 2.02072695 255 79 163
-4.4408921e-16 1.320576 2.02072695 255 79 163
1.02058255 -1.55774056e-17 71.3970678 255 79 163
0 1.02058255 71.3970678 255 79 163
0.0308602842 0.771507105 71.3970678 255 79 163
0.117197423 0.545730938 71.3970678 255 79 163
0.243532991 0.358931039 71.3970678 255 79 163
0.409418363 0.203228847 71.3970678 255 79 163
0.602402975 0.0896074787 71.3970678 255 79 163
0.807031036 0.0225923237 71.3970678 255 79 163
0.915209043 0.00545439798 71.3970678 255 79 163
0 78.8103822 2.02072695 255 79 163
0.0430487649 78.8103822 1.60584576 255 79 163
0.181498758 78.8103822 1.18372213 255 79 163
0.420016212 78.8103822 0.787413306 255 79 163
0.747784166 78.8103822 0.451346792 255 79 163
1.13920491 78.8103822 0.202415562 255 79 163
1.56023211 78.8103822 0.0531696026 255 79 163
1.79358109 78.8103822 0.0128070895 255 79 163
2.02072695 78.8103822 -4.4408921e-16 255 79 163
2.02072695 0.793156065 -4.4408921e-16 255 79 163
1.65334135 0.812927301 0.0336777034 255 79 163
1.29820125 0.865588321 0.133587775 255 79 163
0.967144628 0.941160097 0.296400417 255 79 163
0.671206305 1.0296636 0.516688701 255 79 163
0.420250259 1.1211198 0.787109657 255 79 163
0.222641478 1.20554966 1.09864968 255 79 163
0.084966976 1.27297416 1.44092474 255 79 163
0.0213546858 1.30783705 1.7277296 255 79 163
-4.4408921e-16 1.320576 2.02072695 255 79 163
0 5.8846382 27.0976211 255 79 163
0.0144525331 6.00128557 27.0976211 255 79 163
0.0548860676 6.1070214 27.0976211 255 79 163
0.114051724 6.1945038 27.0976211 255 79 163
0.191739403 6.26742247 27.0976211 255 79 163
0.282118237 6.3206338 27.0976211 255 79 163
0.377949948 6.35201843 27.0976211 255 79 163
0.428612029 6.36004449 27.0976211 255 79 163
0.477960704 6.3625989 27.0976211 255 79 163
0.299042131 6.3625989 30.6047348 255 79 163
0 6.06355677 30.6047348 255 79 163
0.00904240929 6.13653867 30.6047348 255 79 163
0.0343401591 6.20269362 30.6047348 255 79 163
0.0713578968 6.25742808 30.6047348 255 79 163
0.119964171 6.30305057 30.6047348 255 79 163
0.176510826 6.33634291 30.6047348 255 79 163
0.236469143 6.3559791 30.6047348 255 79 163
0.268166511 6.3610007 30.6047348 255 79 163
0.120692003 6.2419069 28.266659 255 79 163
0.101328051 6.26127085 29.4356969 255 79 163
0 5.8846382 27.0976211 255 79 163
0.0144525331 6.00128557 27.0976211 255 79 163
0.0548860676 6.1070214 27.0976211 255 79 163
0.114051724 6.1945038 27.0976211 255 79 163
0.191739403 6.26742247 27.0976211 255 79 163
0.282118237 6.3206338 27.0976211 255 79 163
0.377949948 6.35201843 27.0976211 255 79 163
0.428612029 6.36004449 27.0976211 255 79 163
0.477960704 6.3625989 27.0976211 255 79 163
0.471562737 6.40141807 26.7116474 255 79 163
0.450910533 6.51638934 26.3412045 255 79 163
0.420574805 6.70284388 26.0012094 255 79 163
0.38531426 6.95313677 25.7052394 255 79 163
0.349972093 7.25708807 25.4649632 255 79 163
0.319379441 7.60249296 25.2897438 255 79 163
0.299381741 7.94814725 25.1913179 255 79 163
0.291245952 8.3059692 25.1581177 255 79 163
0 8.3059692 24.8668717 255 79 163
0.00880666913 8.3059692 24.9379509 255 79 163
0.0334448939 8.3059692 25.0023812 255 79 163
0.0694975606 8.3059692 25.0556887 255 79 163
0.116836645 8.3059692 25.1001218 255 79 163
0.1719091 8.3059692 25.1325462 255 79 163
0.230304273 8.3059692 25.1516704 255 79 163
0.261175275 8.3059692 25.1565611 255 79 163
-2.8967646e-17 5.92406311 26.6967818 255 79 163
-8.61774151e-17 6.03880285 26.3123136 255 79 163
-7.13569994e-17 6.22122929 25.958252 255 79 163
-3.58669967e-17 6.46144623 25.6455849 255 79 163
-1.55000135e-17 6.74833491 25.3820223 255 79 163
-3.31416946e-18 7.07054793 25.172101 255 79 163
1.07608703e-17 7.41738459 25.0175605 255 79 163
6.80720643e-18 7.77948079 24.9179328 255 79 163
-1.40265815e-17 8.04187639 24.8794778 255 79 163
0.137703651 6.27865126 26.6348994 255 79 163
0.119701914 6.69608225 25.8137794 255 79 163
0.0969026684 7.42279098 25.2636815 255 79 163
0.0887296918 7.85479017 25.1208788 255 79 163
0.0574810681 6.31681729 26.2302938 255 79 163
0.133487949 6.36950979 26.3539367 255 79 163
0.13025363 6.4414829 26.1968849 255 79 163
0.223423308 6.55362943 26.1403678 255 79 163
0.125801114 6.54490528 26.0178719 255 79 163
0.112160452 6.9017116 25.6025429 255 79 163
0.0459830593 7.06217503 25.3781169 255 79 163
0.106897121 7.06127406 25.474191 255 79 163
0.189996797 7.03645795 25.5690279 255 79 163
0.102651696 7.20312502 25.3798521 255 79 163
0 6.06355677 30.6047348 255 79 163
0.00904240929 6.13653867 30.6047348 255 79 163
0.0343401591 6.20269362 30.6047348 255 79 163
0.0713578968 6.25742808 30.6047348 255 79 163
0.119964171 6.30305057 30.6047348 255 79 163
0.176510826 6.33634291 30.6047348 255 79 163
0.236469143 6.3559791 30.6047348 255 79 163
0.268166511 6.3610007 30.6047348 255 79 163
0.299042131 6.3625989 30.6047348 255 79 163
0.307556552 6.36732976 30.6914762 255 79 163
0.331243519 6.38145863 30.7771941 255 79 163
0.367660822 6.4048117 30.8608813 255 79 163
0.431787476 6.44980942 30.9676146 255 79 163
0.518521924 6.51828108 31.0785186 255 79 163
0.644256922 6.63595182 31.2063622 255 79 163
0.77672286 6.79799581 31.3158067 255 79 163
0.858378037 6.94590212 31.3731677 255 79 163
0.892186156 7.05032312 31.3945543 255 79 163
0.90109845 7.10338103 31.3999255 255 79 163
0.903946396 7.15668115 31.4017168 255 79 163
0 7.15668115 32.3056632 255 79 163
0.0273334505 7.15668115 32.085053 255 79 163
0.103803645 7.15668115 31.8850795 255 79 163
0.21570109 7.15668115 31.7196278 255 79 163
0.362628435 7.15668115 31.5817198 255 79 163
0.533558013 7.15668115 31.4810836 255 79 163
0.714800381 7.15668115 31.4217272 255 79 163
0.810615383 7.15668115 31.4065478 255 79 163
-3.9088785e-17 6.07366093 31.2300104 255 79 163
4.70604359e-18 6.15440221 31.5558706 255 79 163
1.38372605e-18 6.29428385 31.8249984 255 79 163
-1.29442477e-17 6.44791341 32.0070819 255 79 163
-3.97805495e-17 6.66104136 32.1685074 255 79 163
-7.15494581e-17 6.89203406 32.2675963 255 79 163
-6.60446274e-17 7.02294336 32.2959492 255 79 163
0.0974866386 6.28753876 30.8031127 255 79 163
0.157668988 6.41232071 31.1983435 255 79 163
0.230152795 6.71169745 31.5287487 255 79 163
0.255306438 6.92271178 31.6298292 255 79 163
0 19.5519083 24.4835608 255 79 163
0.0203971901 19.5519083 24.6481879 255 79 163
0.0774619609 19.5519083 24.7974153 255 79 163
0.160963803 19.5519083 24.9208812 255 79 163
0.270606199 19.5519083 25.023793 255 79 163
0.398159911 19.5519083 25.0988913 255 79 163
0.533409394 19.5519083 25.1431852 255 79 163
0.604909946 19.5519083 25.1545126 255 79 163
0.674556858 19.5519083 25.1581177 255 79 163
0.291245952 8.3059692 25.1581177 255 79 163
0 8.3059692 24.8668717 255 79 163
0.00880666913 8.3059692 24.9379509 255 79 163
0.0334448939 8.3059692 25.0023812 255 79 163
0.0694975606 8.3059692 25.0556887 255 79 163
0.116836645 8.3059692 25.1001218 255 79 163
0.1719091 8.3059692 25.1325462 255 79 163
0.230304273 8.3059692 25.1516704 255 79 163
0.261175275 8.3059692 25.1565611 255 79 163
0.167210183 15.8032619 24.9909075 255 79 163
0.121168062 12.0546156 25.0369496 255 79 163
0 7.15668115 32.3056632 255 79 163
0 19.3524478 32.3056632 255 79 163
0.0273334505 19.3524478 32.085053 255 79 163
0.103803645 19.3524478 31.8850795 255 79 163
0.21570109 19.3524478 31.7196278 255 79 163
0.362628435 19.3524478 31.5817198 255 79 163
0.533558013 19.3524478 31.4810836 255 79 163
0.714800381 19.3524478 31.4217272 255 79 163
0.810615383 19.3524478 31.4065478 255 79 163
0.903946396 19.3524478 31.4017168 255 79 163
0.903946396 7.15668115 31.4017168 255 79 163
0.0273334505 7.15668115 32.085053 255 79 163
0.103803645 7.15668115 31.8850795 255 79 163
0.21570109 7.15668115 31.7196278 255 79 163
0.362628435 7.15668115 31.5817198 255 79 163
0.533558013 7.15668115 31.4810836 255 79 163
0.714800381 7.15668115 31.4217272 255 79 163
0.810615383 7.15668115 31.4065478 255 79 163
0 21.2860759 26.3046504 255 79 163
0.0177897699 21.1424935 26.3046504 255 79 163
0.0675598185 21.0123422 26.3046504 255 79 163
0.140387426 20.9046592 26.3046504 255 79 163
0.23601398 20.8149029 26.3046504 255 79 163
0.347262205 20.7494045 26.3046504 255 79 163
0.465222432 20.7107728 26.3046504 255 79 163
0.527582903 20.7008935 26.3046504 255 79 163
0.588326688 20.6977492 26.3046504 255 79 163
0.594514139 20.6661176 26.0371523 255 79 163
0.608599262 20.5729759 25.7843907 255 79 163
0.627043409 20.4234333 25.5602976 255 79 163
0.646280872 20.2256914 25.3772675 255 79 163
0.662753118 19.9906359 25.2454687 255 79 163
0.671831115 19.7755821 25.1801648 255 79 163
0.674556858 19.5519083 25.1581177 255 79 163
0 19.5519083 24.4835608 255 79 163
0.0203971901 19.5519083 24.6481879 255 79 163
0.0774619609 19.5519083 24.7974153 255 79 163
0.160963803 19.5519083 24.9208812 255 79 163
0.270606199 19.5519083 25.023793 255 79 163
0.398159911 19.5519083 25.0988913 255 79 163
0.533409394 19.5519083 25.1431852 255 79 163
0.604909946 19.5519083 25.1545126 255 79 163
-8.09043371e-18 21.2456246 25.9096716 255 79 163
-2.61118134e-17 21.1231971 25.5296492 255 79 163
-4.20977872e-18 20.9196555 25.1819427 255 79 163
1.41282006e-17 20.6404409 24.8856601 255 79 163
2.72809386e-17 20.2967607 24.6600091 255 79 163
-3.90765474e-17 19.9352994 24.5288085 255 79 163
0.174037533 20.8380923 26.0110871 255 79 163
0.182968975 20.5899067 25.4768742 255 79 163
0.193205918 20.1325953 25.0988421 255 79 163
0.196562093 19.8505967 24.9960095 255 79 163
0 19.3524478 32.3056632 255 79 163
0.0273334505 19.3524478 32.085053 255 79 163
0.103803645 19.3524478 31.8850795 255 79 163
0.21570109 19.3524478 31.7196278 255 79 163
0.362628435 19.3524478 31.5817198 255 79 163
0.533558013 19.3524478 31.4810836 255 79 163
0.714800381 19.3524478 31.4217272 255 79 163
0.810615383 19.3524478 31.4065478 255 79 163
0.903946396 19.3524478 31.4017168 255 79 163
0.892237631 19.6253731 31.3737048 255 79 163
0.855883622 19.8868222 31.2907473 255 79 163
0.803057536 20.1257937 31.1563993 255 79 163
0.742215724 20.3323939 30.9765037 255 79 163
0.681934783 20.4982733 30.7587588 255 79 163
0.630762197 20.6168694 30.5122612 255 79 163
0.600492386 20.6773638 30.2853692 255 79 163
0.588326688 20.6977492 30.0514745 255 79 163
0 21.2860759 30.0514745 255 79 163
0.0177897699 21.1424935 30.0514745 255 79 163
0.0675598185 21.0123422 30.0514745 255 79 163
0.140387426 20.9046592 30.0514745 255 79 163
0.23601398 20.8149029 30.0514745 255 79 163
0.347262205 20.7494045 30.0514745 255 79 163
0.465222432 20.7107728 30.0514745 255 79 163
0.527582903 20.7008935 30.0514745 255 79 163
-5.93487977e-17 19.7158811 32.2665139 255 79 163
1.34725346e-17 20.0614651 32.1539229 255 79 163
1.62262485e-17 20.3747001 31.9777913 255 79 163
-2.51912878e-18 20.6452968 31.7503243 255 79 163
3.1890299e-17 20.867347 31.4845695 255 79 163
1.12664924e-16 21.0390341 31.1930545 255 79 163
1.48499325e-16 21.1619671 30.88661 255 79 163
-3.06409141e-18 21.2571262 30.4698064 255 79 163
0.260718045 19.7103998 31.6197687 255 79 163
0.230181488 20.3343857 31.2827865 255 79 163
0.191763686 20.735993 30.7177536 255 79 163
0.17802797 20.8366025 30.3902242 255 79 163
0 21.2860759 30.0514745 255 79 163
0 21.2860759 26.3046504 255 79 163
0.0177897699 21.1424935 26.3046504 255 79 163
0.0675598185 21.0123422 26.3046504 255 79 163
0.140387426 20.9046592 26.3046504 255 79 163
0.23601398 20.8149029 26.3046504 255 79 163
0.347262205 20.7494045 26.3046504 255 79 163
0.465222432 20.7107728 26.3046504 255 79 163
0.527582903 20.7008935 26.3046504 255 79 163
0.588326688 20.6977492 26.3046504 255 79 163
0.588326688 20.6977492 30.0514745 255 79 163
0.0177897699 21.1424935 30.0514745 255 79 163
0.0675598185 21.0123422 30.0514745 255 79 163
0.140387426 20.9046592 30.0514745 255 79 163
0.23601398 20.8149029 30.0514745 255 79 163
0.347262205 20.7494045 30.0514745 255 79 163
0.465222432 20.7107728 30.0514745 255 79 163
0.527582903 20.7008935 30.0514745 255 79 163
0.571049153 35.3075236 39.413138 255 79 163
0.571049153 34.3639256 39.2985645 255 79 163
0.571049153 33.4751661 38.9615025 255 79 163
0.571049153 32.6928966 38.4215408 255 79 163
0.571049153 32.0625796 37.71006 255 79 163
0.571049153 31.6208471 36.8684089 255 79 163
0.571049153 31.3933707 35.9455011 255 79 163
0.571049153 31.3933707 34.9949727 255 79 163
0.571049153 31.6208471 34.0720649 255 79 163
0.571049153 32.0625796 33.2304138 255 79 163
0.571049153 32.6928966 32.5189331 255 79 163
0.571049153 33.4751661 31.9789714 255 79 163
0.571049153 34.3639256 31.6419094 255 79 163
0.571049153 35.3075236 31.5273358 255 79 163
0.571049153 36.2511216 31.6419094 255 79 163
0.571049153 37.1398811 31.9789714 255 79 163
0.571049153 37.9221507 32.5189331 255 79 163
0.571049153 38.5524676 33.2304138 255 79 163
0.571049153 38.9942002 34.0720649 255 79 163
0.571049153 39.2216765 34.9949727 255 79 163
0.571049153 39.2216765 35.9455011 255 79 163
0.571049153 38.9942002 36.8684089 255 79 163
0.571049153 38.5524676 37.71006 255 79 163
0.571049153 37.9221507 38.4215408 255 79 163
0.571049153 37.1398811 38.9615025 255 79 163
0.571049153 36.2511216 39.2985645 255 79 163
0.571049153 35.3075236 39.413138 255 79 163
0 35.3075236 39.9841872 255 79 163
0.0143173945 35.3075236 39.8571168 255 79 163
0.0565516441 35.3075236 39.7364182 255 79 163
0.124584947 35.3075236 39.6281439 255 79 163
0.21500583 35.3075236 39.537723 255 79 163
0.323280211 35.3075236 39.4696897 255 79 163
0.443978762 35.3075236 39.4274554 255 79 163
0 35.3075236 39.9841872 255 79 163
0 34.2272646 39.85302 255 79 163
0 33.2097864 39.4671414 255 79 163
0 32.3142209 38.8489772 255 79 163
0 31.5926154 38.0344529 255 79 163
0 31.0869068 37.0709058 255 79 163
0 30.8264852 36.0143335 255 79 163
0 30.8264852 34.9261404 255 79 163
0 31.0869068 33.8695681 255 79 163
0 31.5926154 32.9060209 255 79 163
0 32.3142209 32.0914967 255 79 163
0 33.2097864 31.4733325 255 79 163
0 34.2272646 31.0874539 255 79 163
0 35.3075236 30.9562867 255 79 163
0 36.3877826 31.0874539 255 79 163
0 37.4052609 31.4733325 255 79 163
0 38.3008263 32.0914967 255 79 163
0 39.0224319 32.9060209 255 79 163
0 39.5281404 33.8695681 255 79 163
0 39.7885621 34.9261404 255 79 163
0 39.7885621 36.0143335 255 79 163
0 39.5281404 37.0709058 255 79 163
0 39.0224319 38.0344529 255 79 163
0 38.3008263 38.8489772 255 79 163
0 37.4052609 39.4671414 255 79 163
0 36.3877826 39.85302 255 79 163
0.0143173945 35.3075236 39.8571168 255 79 163
0.0565516441 35.3075236 39.7364182 255 79 163
0.124584947 35.3075236 39.6281439 255 79 163
0.21500583 35.3075236 39.537723 255 79 163
0.323280211 35.3075236 39.4696897 255 79 163
0.443978762 35.3075236 39.4274554 255 79 163
0.0143173945 36.3573727 39.729642 255 79 163
0.0565516441 36.3284877 39.6124508 255 79 163
0.124584947 36.3025759 39.5073226 255 79 163
0.21500583 36.2809368 39.4195292 255 79 163
0.323280211 36.2646553 39.3534729 255 79 163
0.443978762 36.254548 39.3124659 255 79 163
0.0143173945 37.3462084 39.3546261 255 79 163
0.0565516441 37.2901169 39.2477529 255 79 163
0.124584947 37.2397993 39.1518807 255 79 163
0.21500583 37.1977787 39.071817 255 79 163
0.323280211 37.166162 39.0115765 255 79 163
0.443978762 37.1465348 38.9741799 255 79 163
0.0143173945 38.2165631 38.7538637 255 79 163
0.0565516441 38.1365251 38.6635195 255 79 163
0.124584947 38.0647259 38.582475 255 79 163
0.21500583 38.0047658 38.514794 255 79 163
0.323280211 37.9596514 38.4638703 255 79 163
0.443978762 37.9316449 38.4322575 255 79 163
0.0143173945 38.917855 37.9622687 255 79 163
0.0565516441 38.818522 37.8937041 255 79 163
0.124584947 38.729414 37.8321973 255 79 163
0.21500583 38.654999 37.7808324 255 79 163
0.323280211 38.5990087 37.742185 255 79 163
0.443978762 38.5642506 37.7181933 255 79 163
0.0143173945 39.4093276 37.025846 255 79 163
0.0565516441 39.2964725 36.9830457 255 79 163
0.124584947 39.1952342 36.9446511 255 79 163
0.21500583 39.1106892 36.9125874 255 79 163
0.323280211 39.0470769 36.8884624 255 79 163
0.443978762 39.0075872 36.873486 255 79 163
0.0143173945 39.6624182 35.9990169 255 79 163
0.0565516441 39.5425997 35.9844683 255 79 163
0.124584947 39.4351147 35.9714172 255 79 163
0.21500583 39.3453531 35.9605182 255 79 163
0.323280211 39.2778159 35.9523177 255 79 163
0.443978762 39.2358896 35.9472269 255 79 163
0.0143173945 39.6624182 34.941457 255 79 163
0.0565516441 39.5425997 34.9560056 255 79 163
0.124584947 39.4351147 34.9690566 255 79 163
0.21500583 39.3453531 34.9799557 255 79 163
0.323280211 39.2778159 34.9881562 255 79 163
0.443978762 39.2358896 34.993247 255 79 163
0.0143173945 39.4093276 33.9146279 255 79 163
0.0565516441 39.2964725 33.9574282 255 79 163
0.124584947 39.1952342 33.9958228 255 79 163
0.21500583 39.1106892 34.0278865 255 79 163
0.323280211 39.0470769 34.0520114 255 79 163
0.443978762 39.0075872 34.0669879 255 79 163
0.0143173945 38.917855 32.9782051 255 79 163
0.0565516441 38.818522 33.0467697 255 79 163
0.124584947 38.729414 33.1082766 255 79 163
0.21500583 38.654999 33.1596415 255 79 163
0.323280211 38.5990087 33.1982888 255 79 163
0.443978762 38.5642506 33.2222806 255 79 163
0.0143173945 38.2165631 32.1866102 255 79 163
0.0565516441 38.1365251 32.2769544 255 79 163
0.124584947 38.0647259 32.3579989 255 79 163
0.21500583 38.0047658 32.4256799 255 79 163
0.323280211 37.9596514 32.4766036 255 79 163
0.443978762 37.9316449 32.5082164 255 79 163
0.0143173945 37.3462084 31.5858477 255 79 163
0.0565516441 37.2901169 31.692721 255 79 163
0.124584947 37.2397993 31.7885932 255 79 163
0.21500583 37.1977787 31.8686569 255 79 163
0.323280211 37.166162 31.9288974 255 79 163
0.443978762 37.1465348 31.966294 255 79 163
0.0143173945 36.3573727 31.2108318 255 79 163
0.0565516441 36.3284877 31.3280231 255 79 163
0.124584947 36.3025759 31.4331512 255 79 163
0.21500583 36.2809368 31.5209446 255 79 163
0.323280211 36.2646553 31.587001 255 79 163
0.443978762 36.254548 31.628008 255 79 163
0.0143173945 35.3075236 31.0833571 255 79 163
0.0565516441 35.3075236 31.2040556 255 79 163
0.124584947 35.3075236 31.31233 255 79 163
0.21500583 35.3075236 31.4027509 255 79 163
0.323280211 35.3075236 31.4707842 255 79 163
0.443978762 35.3075236 31.5130184 255 79 163
0.0143173945 34.2576746 31.2108318 255 79 163
0.0565516441 34.2865596 31.3280231 255 79 163
0.124584947 34.3124714 31.4331512 255 79 163
0.21500583 34.3341105 31.5209446 255 79 163
0.323280211 34.3503919 31.587001 255 79 163
0.443978762 34.3604993 31.628008 255 79 163
0.0143173945 33.2688389 31.5858477 255 79 163
0.0565516441 33.3249303 31.692721 255 79 163
0.124584947 33.3752479 31.7885932 255 79 163
0.21500583 33.4172686 31.8686569 255 79 163
0.323280211 33.4488853 31.9288974 255 79 163
0.443978762 33.4685125 31.966294 255 79 163
0.0143173945 32.3984842 32.1866102 255 79 163
0.0565516441 32.4785221 32.2769544 255 79 163
0.124584947 32.5503213 32.3579989 255 79 163
0.21500583 32.6102815 32.4256799 255 79 163
0.323280211 32.6553959 32.4766036 255 79 163
0.443978762 32.6834024 32.5082164 255 79 163
0.0143173945 31.6971923 32.9782051 255 79 163
0.0565516441 31.7965252 33.0467697 255 79 163
0.124584947 31.8856333 33.1082766 255 79 163
0.21500583 31.9600482 33.1596415 255 79 163
0.323280211 32.0160386 33.1982888 255 79 163
0.443978762 32.0507967 33.2222806 255 79 163
0.0143173945 31.2057197 33.9146279 255 79 163
0.0565516441 31.3185748 33.9574282 255 79 163
0.124584947 31.4198131 33.9958228 255 79 163
0.21500583 31.5043581 34.0278865 255 79 163
0.323280211 31.5679704 34.0520114 255 79 163
0.443978762 31.6074601 34.0669879 255 79 163
0.0143173945 30.9526291 34.941457 255 79 163
0.0565516441 31.0724476 34.9560056 255 79 163
0.124584947 31.1799325 34.9690566 255 79 163
0.21500583 31.2696941 34.9799557 255 79 163
0.323280211 31.3372314 34.9881562 255 79 163
0.443978762 31.3791577 34.993247 255 79 163
0.0143173945 30.9526291 35.9990169 255 79 163
0.0565516441 31.0724476 35.9844683 255 79 163
0.124584947 31.1799325 35.9714172 255 79 163
0.21500583 31.2696941 35.9605182 255 79 163
0.323280211 31.3372314 35.9523177 255 79 163
0.443978762 31.3791577 35.9472269 255 79 163
0.0143173945 31.2057197 37.025846 255 79 163
0.0565516441 31.3185748 36.9830457 255 79 163
0.124584947 31.4198131 36.9446511 255 79 163
0.21500583 31.5043581 36.9125874 255 79 163
0.323280211 31.5679704 36.8884624 255 79 163
0.443978762 31.6074601 36.873486 255 79 163
0.0143173945 31.6971923 37.9622687 255 79 163
0.0565516441 31.7965252 37.8937041 255 79 163
0.124584947 31.8856333 37.8321973 255 79 163
0.21500583 31.9600482 37.7808324 255 79 163
0.323280211 32.0160386 37.742185 255 79 163
0.443978762 32.0507967 37.7181933 255 79 163
0.0143173945 32.3984842 38.7538637 255 79 163
0.0565516441 32.4785221 38.6635195 255 79 163
0.124584947 32.5503213 38.582475 255 79 163
0.21500583 32.6102815 38.514794 255 79 163
0.323280211 32.6553959 38.4638703 255 79 163
0.443978762 32.6834024 38.4322575 255 79 163
0.0143173945 33.2688389 39.3546261 255 79 163
0.0565516441 33.3249303 39.2477529 255 79 163
0.124584947 33.3752479 39.1518807 255 79 163
0.21500583 33.4172686 39.071817 255 79 163
0.323280211 33.4488853 39.0115765 255 79 163
0.443978762 33.4685125 38.9741799 255 79 163
0.0143173945 34.2576746 39.729642 255 79 163
0.0565516441 34.2865596 39.6124508 255 79 163
0.124584947 34.3124714 39.5073226 255 79 163
0.21500583 34.3341105 39.4195292 255 79 163
0.323280211 34.3503919 39.3534729 255 79 163
0.443978762 34.3604993 39.3124659 255 79 163
0.380993893 48.0125209 77.5992492 218 222 230
0.380993893 48.0125209 76.5621176 218 222 230
37.7774992 48.0125209 78.3145695 218 222 230
29.8562372 48.0125209 78.2226823 218 222 230
19.0792465 48.0125209 77.9599564 218 222 230
8.25996749 48.0125209 77.6943894 218 222 230
37.7774992 48.0125209 76.5621176 218 222 230
37.7774992 48.0125209 78.3145695 255 79 163
29.8562372 48.0125209 78.2226823 255 79 163
19.0792465 48.0125209 77.9599564 255 79 163
8.25996749 48.0125209 77.6943894 255 79 163
0.380993893 48.0125209 77.5992492 255 79 163
36.6853347 50.9220839 81.2195661 255 79 163
36.7270282 50.3818628 81.1690137 255 79 163
36.8400382 49.860326 81.0191823 255 79 163
37.0022544 49.3755052 80.7752104 255 79 163
37.191363 48.9442799 80.4453791 255 79 163
37.3849896 48.5818085 80.0409728 255 79 163
37.5608166 48.300932 79.5759931 255 79 163
37.6966368 48.1116301 79.0666962 255 79 163
37.7560073 48.0374004 78.6938916 255 79 163
29.3448336 51.0192976 81.2195661 255 79 163
19.4857593 51.2611046 81.2195661 255 79 163
9.47389711 51.5132505 81.2195661 255 79 163
2.28618396 51.6217976 81.2195661 255 79 163
0.431629281 48.0546575 78.1501656 255 79 163
0.569685872 48.1800325 78.6883357 255 79 163
0.77383137 48.3857129 79.2013348 255 79 163
1.02281589 48.6670071 79.6773054 255 79 163
1.2955163 49.0175555 80.1051606 255 79 163
1.57095574 49.4294153 80.4747863 255 79 163
1.82826817 49.8931586 80.7772757 255 79 163
2.04660106 50.3980089 81.005205 255 79 163
2.20497154 50.9320466 81.1529321 255 79 163
2.26410727 51.2753088 81.2028802 255 79 163
34.9340144 48.1930737 79.3080609 255 79 163
33.6206134 48.1490101 79.1672341 255 79 163
34.8108632 48.3360582 79.632437 255 79 163
33.5238001 48.2392222 79.4128316 255 79 163
34.6832849 48.5201743 79.9411589 255 79 163
33.4292458 48.3536673 79.6543924 255 79 163
33.3481377 48.4948769 79.8925993 255 79 163
34.5661766 48.7466346 80.2315511 255 79 163
4.51689954 48.1001392 78.421549 255 79 163
3.35220482 48.2282972 78.847661 255 79 163
3.5260997 48.3661528 79.1774308 255 79 163
4.64139144 48.1662055 78.6736184 255 79 163
3.70881333 48.5376741 79.4950078 255 79 163
4.77774185 48.2507175 78.9216083 255 79 163
4.9154619 48.3545894 79.1662596 255 79 163
3.8863973 48.7437048 79.7986818 255 79 163
5.04411781 48.4793399 79.4080554 255 79 163
4.04494541 48.985544 80.086092 255 79 163
5.15328405 48.6271152 79.6471197 255 79 163
5.23246965 48.8007282 79.883086 255 79 163
35.7031074 49.2638887 80.6976629 255 79 163
36.0444143 49.623261 80.9120374 255 79 163
35.6466024 49.5072396 80.8494934 255 79 163
35.9928465 49.9769881 81.0605296 255 79 163
35.6257556 49.7760454 80.9818949 255 79 163
34.4217381 49.5740791 80.8811357 255 79 163
31.6427415 48.0940084 78.9444566 255 79 163
34.3495188 50.0461027 81.0793816 255 79 163
31.7663953 48.3183162 79.5671147 255 79 163
30.9349701 48.3014514 79.5216953 255 79 163
29.7283863 48.2231083 79.3242793 255 79 163
30.4901585 48.4632703 79.8117228 255 79 163
29.6005354 48.8917226 80.3403644 255 79 163
32.6812904 50.3657222 81.1586065 255 79 163
28.5167372 48.2768902 79.43243 255 79 163
27.9748381 48.104295 78.9252139 255 79 163
30.6792683 50.0828616 81.0768476 255 79 163
30.3196907 49.6592567 80.9015155 255 79 163
32.013703 49.1897774 80.6226554 255 79 163
29.4726845 49.9109336 81.0086314 255 79 163
28.3462694 49.3258689 80.6877145 255 79 163
25.0096409 48.0531924 78.6165895 255 79 163
26.0934391 48.4056569 79.6470221 255 79 163
26.7784368 49.9472175 81.0045998 255 79 163
26.5501043 49.3431353 80.6807223 255 79 163
27.7191364 49.5661488 80.8311592 255 79 163
22.5863428 48.1082407 78.8265728 255 79 163
25.9907234 50.3408922 81.1264313 255 79 163
25.3978289 49.8414598 80.949013 255 79 163
21.9759666 48.5715166 79.839189 255 79 163
21.6456433 48.2365261 79.2035194 255 79 163
23.1282419 48.288068 79.356868 255 79 163
23.822402 50.640463 81.1785045 255 79 163
20.8579298 48.4227577 79.5786189 255 79 163
19.1808747 48.2411901 79.1615438 255 79 163
20.3327875 48.5792489 79.820095 255 79 163
19.2825029 48.9656235 80.2664636 255 79 163
21.0611862 50.4361276 81.1226219 255 79 163
22.6366132 49.6293137 80.8153679 255 79 163
20.4682918 49.916938 80.9378476 255 79 163
18.1249057 48.5897608 79.794137 255 79 163
19.3841311 50.0670595 80.9912841 255 79 163
18.26041 49.9522937 80.9326175 255 79 163
17.7493635 50.5038618 81.1199125 255 79 163
13.203417 48.0572663 78.3558641 255 79 163
15.6751418 48.1138531 78.6862612 255 79 163
14.9908747 50.8380051 81.1754179 255 79 163
16.0129676 49.7202573 80.792632 255 79 163
10.2655023 48.1178619 78.5860414 255 79 163
12.271037 48.4516261 79.4631455 255 79 163
12.7434324 50.6024235 81.11597 255 79 163
12.0071687 49.5066429 80.6145085 255 79 163
13.2544789 50.0300745 80.9211115 255 79 163
11.8752345 50.19067 80.9775496 255 79 163
10.8724671 49.7856492 80.776284 255 79 163
8.5634499 48.259614 78.9957282 255 79 163
9.79931228 48.3180078 79.1544747 255 79 163
7.92439287 48.5859848 79.6171443 255 79 163
8.8669323 49.0415158 80.1905712 255 79 163
6.5877147 48.0930395 78.4166669 255 79 163
6.0731824 48.1846237 78.7500456 255 79 163
6.65204265 48.1222595 78.5417475 255 79 163
6.68651012 48.4736454 79.4165797 255 79 163
6.70662577 48.1571358 78.6696897 255 79 163
7.45312315 48.4052887 79.3000387 255 79 163
6.15245645 48.2431859 78.9182634 255 79 163
8.06008795 50.5650034 81.0817684 255 79 163
9.1704147 50.2286323 80.9733315 255 79 163
8.32903607 50.0204375 80.8768299 255 79 163
6.13545329 50.9231902 81.1594078 255 79 163
6.6462788 49.6117201 80.6335446 255 79 163
2.548528 48.8165278 79.8826832 255 79 163
4.46623138 50.6065969 81.0795229 255 79 163
3.18774256 50.0631909 80.8687111 255 79 163
4.17051331 49.2648087 80.3540232 255 79 163
4.36765869 50.1371287 80.9076613 255 79 163
3.21731041 50.2329248 80.9444642 255 79 163
3.22834864 50.4106317 81.0128084 255 79 163
2.80736191 50.1739595 80.9180011 255 79 163
2.87986421 50.4646963 81.0305237 255 79 163
2.90693493 50.6997086 81.10104 255 79 163
35.2569853 48.7334528 80.2207015 255 79 163
33.8849379 48.9747895 80.4582011 255 79 163
31.8900492 48.6901869 80.1433643 255 79 163
31.4743365 48.6781166 80.1243594 255 79 163
30.4049246 48.9876115 80.4405323 255 79 163
28.4315033 48.7111756 80.1279182 255 79 163
28.1179368 48.8042216 80.2306251 255 79 163
28.1940476 48.9668365 80.3967124 255 79 163
27.5334207 48.7156404 80.120942 255 79 163
27.0534269 48.603199 79.9698671 255 79 163
27.5953259 48.9709164 80.3931945 255 79 163
28.531985 50.2979487 81.128149 255 79 163
26.3217717 48.8147367 80.2174904 255 79 163
25.10504 48.3643579 79.5529058 255 79 163
26.0137908 49.1237117 80.508404 255 79 163
24.6108405 48.3444899 79.5048501 255 79 163
25.745634 49.0190478 80.413787 255 79 163
24.116641 48.325149 79.4561481 255 79 163
24.2120401 48.9274249 80.3046621 255 79 163
25.234436 48.9882217 80.3782731 255 79 163
24.4774237 49.7708165 80.9078461 255 79 163
23.3256317 48.8668555 80.2287402 255 79 163
22.8824275 48.8370736 80.1895885 255 79 163
24.0172211 49.7354606 80.886005 255 79 163
22.5802739 48.7435874 80.0772748 255 79 163
23.5570184 49.7000877 80.8633157 255 79 163
22.3062899 49.0474256 80.391069 255 79 163
19.9685882 48.1103558 78.773694 255 79 163
21.6936238 49.3169143 80.6030364 255 79 163
21.1007294 48.8827888 80.2102614 255 79 163
21.2221292 49.1678108 80.4801806 255 79 163
20.5530031 48.8867879 80.2056234 255 79 163
20.6631108 49.0617227 80.3796234 255 79 163
20.4005397 49.1757828 80.4750786 255 79 163
18.3126768 48.1117134 78.7397534 255 79 163
17.5461071 48.4342076 79.5328196 255 79 163
16.6779092 48.2459392 79.1188012 255 79 163
20.0278608 49.104202 80.4082693 255 79 163
18.5559395 49.1176732 80.3982579 255 79 163
17.9771409 48.9057337 80.1836507 255 79 163
18.1926578 49.1973694 80.4612631 255 79 163
17.9032585 49.0861002 80.3601079 255 79 163
16.7456613 48.6851416 79.9012295 255 79 163
17.2731616 49.2851578 80.5190199 255 79 163
16.7795374 48.985445 80.2466421 255 79 163
16.3454384 48.8319277 80.0751054 255 79 163
15.9666095 48.6290774 79.8107229 255 79 163
15.2089518 48.3066042 79.231563 255 79 163
15.6109597 48.888003 80.1259708 255 79 163
14.2296469 48.3514196 79.3079656 255 79 163
15.1661638 48.9261114 80.1600174 255 79 163
14.2765718 49.0047188 80.2273682 255 79 163
13.7399944 48.3751484 79.3464901 255 79 163
13.250342 48.3997596 79.3852074 255 79 163
15.0934714 49.8215801 80.8376683 255 79 163
14.6337233 49.8730129 80.8593749 255 79 163
13.2673626 49.0873604 80.2927913 255 79 163
14.1739751 49.9249248 80.880525 255 79 163
12.7627579 49.1298297 80.3251001 255 79 163
12.1391028 48.9109323 80.0973291 255 79 163
12.5108949 49.2507904 80.4270736 255 79 163
11.5717521 49.0242034 80.2078837 255 79 163
11.7168909 49.177386 80.3538816 255 79 163
11.2374963 48.9164656 80.0904172 255 79 163
10.7581016 48.6838835 79.7991626 255 79 163
11.1158199 49.1820995 80.3503787 255 79 163
10.2039555 49.5245468 80.6072581 255 79 163
10.0016339 48.8183578 79.9604459 255 79 163
9.62340002 48.889968 80.0388733 255 79 163
7.85654532 48.1053473 78.4912589 255 79 163
10.7405329 50.4940268 81.0749837 255 79 163
10.1731821 50.6475737 81.114164 255 79 163
9.83892629 50.5081822 81.074159 255 79 163
8.37345375 49.1596106 80.2978427 255 79 163
8.12671447 49.2206558 80.3497204 255 79 163
7.63323591 49.3465 80.449724 255 79 163
6.66639446 48.9691333 80.0913966 255 79 163
4.80006417 49.4119495 80.4777551 255 79 163
2.86813528 49.3895978 80.4491213 255 79 163
2.67794495 49.4389038 80.486311 255 79 163
2.84787749 49.6399906 80.6290447 255 79 163
33.2831141 49.6361118 80.9077693 255 79 163
32.8599771 49.4833063 80.8230525 255 79 163
9.39690736 49.5101226 80.5890567 255 79 163
5.46775873 50.1466153 80.9170942 255 79 163
5.35011419 49.4171705 80.4856287 255 79 163
0.380993893 48.0125209 76.5621176 255 79 163
0.411265184 47.9888624 76.2312416 255 79 163
0.494269286 47.9183683 75.9070978 255 79 163
0.618291547 47.8024728 75.5962813 255 79 163
0.77161731 47.6435341 75.3051162 255 79 163
1.00138734 47.3703671 74.9576314 255 79 163
1.26268042 46.9909458 74.6365378 255 79 163
1.48886749 46.5519552 74.4034095 255 79 163
1.62974292 46.1224649 74.2776977 255 79 163
1.66789877 45.9056813 74.2468638 255 79 163
1.68136504 45.6869587 74.2365553 255 79 163
37.7774992 48.0125209 76.5621176 255 79 163
37.7576879 48.0066422 76.3968662 255 79 163
37.7007203 47.9890358 76.2324502 255 79 163
37.610296 47.9597908 76.069701 255 79 163
37.4440808 47.9029567 75.8567151 255 79 163
37.1147501 47.7805815 75.549703 255 79 163
36.4993124 47.5187408 75.1293531 255 79 163
35.7438573 47.1256199 74.7349631 255 79 163
35.0585586 46.6500119 74.445335 255 79 163
34.6847246 46.2668021 74.3100027 255 79 163
34.5543735 46.0620166 74.2669986 255 79 163
34.4902894 45.9063431 74.2469264 255 79 163
34.4645168 45.7967734 74.2391496 255 79 163
34.4556849 45.6869587 74.2365553 255 79 163
2.28618396 51.6217976 81.2195661 218 222 230
2.09394818 57.6597336 81.2195661 218 222 230
1.68482529 66.4693761 81.2195661 218 222 230
1.32524329 74.8724425 81.2195661 218 222 230
1.1861416 81.3169546 81.2195661 218 222 230
36.6853347 50.9220839 81.2195661 218 222 230
29.3448336 51.0192976 81.2195661 218 222 230
19.4857593 51.2611046 81.2195661 218 222 230
9.47389711 51.5132505 81.2195661 218 222 230
36.6853347 80.2963258 81.2195661 218 222 230
36.687902 80.3233185 81.2195661 218 222 230
36.6958822 80.3540003 81.2195661 218 222 230
36.7722417 80.5643411 81.2195661 218 222 230
36.7953037 80.716215 81.2195661 218 222 230
36.7820355 80.8768711 81.2195661 218 222 230
36.7427295 80.9992624 81.2195661 218 222 230
36.6684024 81.1235631 81.2195661 218 222 230
36.5826136 81.2108033 81.2195661 218 222 230
36.4868991 81.2716948 81.2195661 218 222 230
36.4074842 81.3015992 81.2195661 218 222 230
36.3516592 81.3130486 81.2195661 218 222 230
36.2949057 81.3169546 81.2195661 218 222 230
1.1861416 81.9067384 80.6297823 255 79 163
1.1861416 81.8889045 80.7737204 255 79 163
1.1861416 81.8390112 80.904194 255 79 163
1.1861416 81.7660033 81.0121437 255 79 163
1.1861416 81.6701399 81.1021223 255 79 163
1.1861416 81.5586161 81.1677829 255 79 163
1.1861416 81.4403637 81.2065103 255 79 163
1.1861416 81.3778488 81.2164141 255 79 163
1.1861416 81.3169546 81.2195661 255 79 163
0.921273844 81.3050709 81.1895972 255 79 163
0.669834934 81.2760198 81.1011853 255 79 163
0.44456737 81.2367992 80.9588478 255 79 163
0.256810509 81.1944762 80.7698768 255 79 163
0.11592614 81.1561362 80.5438869 255 79 163
0.0293508779 81.128975 80.2943335 255 79 163
1.47627102e-17 81.1194313 80.031853 255 79 163
0.787307053 81.9067384 80.031853 255 79 163
0.595163012 81.8829319 80.031853 255 79 163
0.420992712 81.8163289 80.031853 255 79 163
0.276889839 81.7188699 80.031853 255 79 163
0.156776641 81.5909011 80.031853 255 79 163
0.0691258143 81.4420272 80.031853 255 79 163
0.0174283753 81.2841712 80.031853 255 79 163
0.00420768119 81.2007195 80.031853 255 79 163
1.10860805 81.9067384 80.6207985 255 79 163
1.03519463 81.9067384 80.5952002 255 79 163
0.969207067 81.9067384 80.5555747 255 79 163
0.912958229 81.9067384 80.5050167 255 79 163
0.867715839 81.9067384 80.4468346 255 79 163
0.833729875 81.9067384 80.3842679 255 79 163
0.810329098 81.9067384 80.320225 255 79 163
0.78737703 81.9067384 80.1672149 255 79 163
0.96094572 81.7304741 81.018504 255 79 163
0.567413701 81.7104716 80.8077138 255 79 163
0.31399681 81.6868791 80.451855 255 79 163
0.25093244 81.6788912 80.2453091 255 79 163
0.67822963 2.84074728 74.2365553 218 222 230
17.5818791 2.58707924 74.2365553 218 222 230
34.4855286 2.29064623 74.2365553 218 222 230
34.6182231 2.27268146 74.2365553 218 222 230
35.2278975 2.07470993 74.2365553 218 222 230
35.6826124 2.01827233 74.2365553 218 222 230
36.1222281 2.06867164 74.2365553 218 222 230
36.5191254 2.21798971 74.2365553 218 222 230
36.8426064 2.44243819 74.2365553 218 222 230
37.0790329 2.71190172 74.2365553 218 222 230
37.2281679 2.9982535 74.2365553 218 222 230
37.2874299 3.20969631 74.2365553 218 222 230
37.3078889 3.42776121 74.2365553 218 222 230
36.943879 10.771677 74.2365553 218 222 230
36.1637805 20.5635648 74.2365553 218 222 230
35.0514422 33.5369823 74.2365553 218 222 230
34.6648564 39.6119705 74.2365553 218 222 230
34.4556849 45.6869587 74.2365553 218 222 230
1.68136504 45.6869587 74.2365553 218 222 230
1.54575692 36.5214986 74.2365553 218 222 230
1.19988183 24.263853 74.2365553 218 222 230
0.834986248 11.7664578 74.2365553 218 222 230
1.1861416 81.9067384 80.6297823 218 222 230
36.2949057 81.9067384 80.6297823 218 222 230
35.8453725 81.9067384 3.09635614 218 222 230
36.0784655 81.9067384 41.8630692 218 222 230
1.37773637 81.9067384 3.09635614 218 222 230
1.29096733 81.9067384 19.2265028 218 222 230
1.07431088 81.9067384 41.5641046 218 222 230
0.864963698 81.9067384 63.6630693 218 222 230
0.787307053 81.9067384 80.031853 218 222 230
1.10860805 81.9067384 80.6207985 218 222 230
1.03519463 81.9067384 80.5952002 218 222 230
0.969207067 81.9067384 80.5555747 218 222 230
0.912958229 81.9067384 80.5050167 218 222 230
0.867715839 81.9067384 80.4468346 218 222 230
0.833729875 81.9067384 80.3842679 218 222 230
0.810329098 81.9067384 80.320225 218 222 230
0.78737703 81.9067384 80.1672149 218 222 230
1.02058255 -1.55774056e-17 71.3970678 255 79 163
17.7530556 1.22062108e-16 71.6531538 255 79 163
34.4855286 -7.72215059e-17 71.9459091 255 79 163
0.67822963 2.84074728 74.2365553 255 79 163
0.699227706 2.16646071 74.1553851 255 79 163
0.753542397 1.5306651 73.9165301 255 79 163
0.826598363 0.969664678 73.5335881 255 79 163
0.903893296 0.515570847 73.0283508 255 79 163
0.970943159 0.194463948 72.4296419 255 79 163
1.00664245 0.049035386 71.922438 255 79 163
17.5818791 2.58707924 74.2365553 255 79 163
34.4855286 2.29064623 74.2365553 255 79 163
34.4855286 1.84949964 74.1936746 255 79 163
34.4855286 1.3992291 74.0559886 255 79 163
34.4855286 0.970487606 73.817871 255 79 163
34.4855286 0.596072911 73.4871688 255 79 163
34.4855286 0.303527498 73.0853911 255 79 163
34.4855286 0.108735334 72.6432792 255 79 163
34.4855286 0.0259816823 72.2899362 255 79 163
9.16771075 2.12023652 74.1631394 255 79 163
6.38733996 1.73213348 74.0273882 255 79 163
26.1192921 0.149671888 72.6629301 255 79 163
26.0337039 1.70920056 74.1320919 255 79 163
28.9080376 0.194907897 72.8151171 255 79 163
28.8509788 1.59654949 74.1091869 255 79 163
2.83759896 0.15924636 72.3432664 255 79 163
2.82105248 0.304936488 72.685045 255 79 163
3.7530772 0.239210426 72.5519431 255 79 163
3.74610716 0.369221485 72.810375 255 79 163
3.72825749 0.517820163 73.0439411 255 79 163
6.56127091 0.133393879 72.2987051 255 79 163
10.2918658 0.0564047327 72.0563104 255 79 163
10.1579696 1.43484242 73.9077922 255 79 163
9.20423874 1.82011708 74.0742687 255 79 163
10.1830281 1.24853601 73.7975811 255 79 163
9.27641112 1.23947929 73.7846395 255 79 163
9.24288622 1.52703707 73.9495111 255 79 163
10.634835 1.25101533 73.8027989 255 79 163
10.653099 1.1160395 73.7102479 255 79 163
14.9275074 0.126363405 72.4008387 255 79 163
12.1019593 0.543806065 73.1619475 255 79 163
12.9505164 1.70708584 74.0527355 255 79 163
15.8408274 0.279146855 72.7901742 255 79 163
14.8419192 1.50789086 73.979661 255 79 163
17.7102615 0.181449593 72.603509 255 79 163
17.6674674 0.757199533 73.4793558 255 79 163
22.3819451 0.184367747 72.691436 255 79 163
20.5132717 0.203642632 72.7058308 255 79 163
23.2734878 0.824711846 73.6111367 255 79 163
22.2963569 1.67701522 74.1012183 255 79 163
20.4276834 1.66061079 74.0837562 255 79 163
25.1421612 0.846987374 73.6510883 255 79 163
26.1192921 0.250352693 72.8964279 255 79 163
26.076498 0.858226691 73.6702584 255 79 163
27.0013249 1.09282671 73.8523558 255 79 163
27.4851354 0.816105784 73.6480089 255 79 163
27.9594362 0.641203981 73.4837674 255 79 163
28.9080376 0.350295945 73.1132464 255 79 163
28.8795082 0.892835534 73.7244627 255 79 163
30.7481817 0.917112303 73.7578125 255 79 163
1.46706441 0.868548126 73.4422473 255 79 163
1.78729743 0.819636043 73.3949343 255 79 163
2.43428412 0.712203021 73.2825623 255 79 163
1.7270092 1.34459361 73.8126592 255 79 163
2.2137426 1.25390526 73.755495 255 79 163
1.70190495 1.77138296 74.0290471 255 79 163
2.20324356 1.57737726 73.942952 255 79 163
3.59794236 1.63098392 73.9725658 255 79 163
5.05779872 1.06421643 73.6292203 255 79 163
6.43745694 1.34174169 73.8303977 255 79 163
6.48557185 0.978326368 73.5676522 255 79 163
7.45790664 0.475819222 73.0133684 255 79 163
6.53603789 0.329673105 72.7617392 255 79 163
7.90622451 0.723772077 73.3327742 255 79 163
7.91884102 0.558240509 73.1334237 255 79 163
8.70984928 0.330770461 72.7874471 255 79 163
9.78413846 0.461808022 73.0179391 255 79 163
10.2374469 0.4658096 73.0293344 255 79 163
9.91710167 0.688103581 73.3129864 255 79 163
10.4724824 0.422450215 72.965778 255 79 163
10.3759976 0.655798484 73.2808441 255 79 163
11.0156414 0.461469344 73.0324992 255 79 163
12.5262378 1.07128124 73.6943203 255 79 163
13.326661 0.659130869 73.3195017 255 79 163
13.9390119 0.719896999 73.3942634 255 79 163
14.239981 0.961028935 73.6247034 255 79 163
14.8847133 0.648541657 73.3271103 255 79 163
15.203418 0.50874855 73.1562516 255 79 163
15.3413733 0.791925173 73.4849447 255 79 163
15.4888384 0.932811564 73.6148292 255 79 163
15.7837686 1.23785823 73.8399597 255 79 163
15.812298 0.684390835 73.3793849 255 79 163
18.6588629 0.0831734252 72.3204135 255 79 163
19.5646702 0.348711434 72.9778513 255 79 163
16.6828239 1.91554141 74.143349 255 79 163
17.6246732 1.63420832 74.0549766 255 79 163
20.1685418 0.626259216 73.3720464 255 79 163
19.5361408 0.780037337 73.5251318 255 79 163
19.9961768 0.916327213 73.6524534 255 79 163
19.8333217 1.05238081 73.7560408 255 79 163
19.5076114 1.34238793 73.934255 255 79 163
20.4704776 0.791294842 73.5473568 255 79 163
21.7305246 0.550264819 73.3026248 255 79 163
21.4048143 0.802475273 73.5691112 255 79 163
21.079104 1.06712724 73.7794973 255 79 163
22.339151 0.78034364 73.559585 255 79 163
22.6505966 0.795067855 73.5770198 255 79 163
26.5603085 0.607241791 73.4312934 255 79 163
31.3805826 0.212191456 72.8824498 255 79 163
32.6168551 0.31121062 73.0851407 255 79 163
32.6168551 0.22127499 72.9137606 255 79 163
33.2397463 0.133493714 72.7067495 255 79 163
32.6168551 0.416410491 73.2501471 255 79 163
33.2397463 0.231524832 72.940403 255 79 163
31.361563 1.59576998 74.1193429 255 79 163
32.6168551 1.59724077 74.1240655 255 79 163
33.2397463 1.68136495 74.1512187 255 79 163
3.66309992 1.0169608 73.5835786 255 79 163
4.40543796 0.584032149 73.1379907 255 79 163
5.12404895 0.39776667 72.8694265 255 79 163
5.80953482 0.491538038 73.0213122 255 79 163
6.05170251 0.434005696 72.9361742 255 79 163
7.82042507 1.49252273 73.92336 255 79 163
8.9931302 0.722871333 73.3421282 255 79 163
8.55523163 1.23582734 73.7768758 255 79 163
8.53696763 1.37606341 73.8637855 255 79 163
8.75939133 1.52174279 73.9438874 255 79 163
18.1631651 0.334790727 72.9315477 255 79 163
17.1751456 1.30053947 73.8903062 255 79 163
18.6208237 0.46442904 73.1437682 255 79 163
19.0975019 0.344066101 72.9625201 255 79 163
31.9892091 0.94048607 73.7835308 255 79 163
32.1984244 1.15065535 73.922829 255 79 163
32.6168551 0.942839011 73.7889375 255 79 163
32.9283007 0.981284352 73.8182209 255 79 163
32.8244855 1.17897999 73.9420316 255 79 163
33.4473767 0.977494907 73.8181795 255 79 163
7.63916586 0.929782986 73.5340288 255 79 163
18.1227485 0.984794074 73.6866334 255 79 163
18.5843694 1.10089664 73.7774111 255 79 163
17.9303073 1.7673438 74.1053406 255 79 163
18.0831243 1.83396764 74.1272909 255 79 163
18.5579533 1.66679422 74.0738214 255 79 163
2.02072695 78.8103822 -4.4408921e-16 255 79 163
37.0608421 78.8103822 -4.4408921e-16 255 79 163
1.37773637 81.9067384 3.09635614 255 79 163
1.41246226 81.8311469 2.41635544 255 79 163
1.5022329 81.6080641 1.76955605 255 79 163
1.62543779 81.2483813 1.18753938 255 79 163
1.7604664 80.769661 0.698722413 255 79 163
1.88570823 80.1952772 0.326972023 255 79 163
1.97955275 79.5532741 0.0904399445 255 79 163
2.00984349 79.1845705 0.0226932741 255 79 163
35.8453725 81.9067384 3.09635614 255 79 163
35.8893086 81.8570514 2.54388123 255 79 163
36.0066339 81.709585 2.0091374 255 79 163
36.1756241 81.4690721 1.50928658 255 79 163
36.374555 81.1432315 1.06037095 255 79 163
36.5817022 80.7425208 0.676797944 255 79 163
36.7753414 80.2798003 0.370877875 255 79 163
36.9337483 79.7699206 0.152428913 255 79 163
37.0266162 79.2961673 0.0383446618 255 79 163
2.02072695 0 0.793156065 255 79 163
2.02072695 0.0239833824 0.59958456 255 79 163
2.02072695 0.0910811644 0.424120325 255 79 163
2.02072695 0.18926413 0.278946892 255 79 163
2.02072695 0.318183627 0.157941356 255 79 163
2.02072695 0.468163572 0.0696393595 255 79 163
2.02072695 0.627192343 0.0175578531 255 79 163
2.02072695 0.711263976 0.00423894063 255 79 163
2.02072695 0.793156065 -4.4408921e-16 255 79 163
1.65334135 0.812927301 0.0336777034 255 79 163
1.29820125 0.865588321 0.133587775 255 79 163
0.967144628 0.941160097 0.296400417 255 79 163
0.671206305 1.0296636 0.516688701 255 79 163
0.420250259 1.1211198 0.787109657 255 79 163
0.222641478 1.20554966 1.09864968 255 79 163
0.084966976 1.27297416 1.44092474 255 79 163
0.0213546858 1.30783705 1.7277296 255 79 163
-4.4408921e-16 1.320576 2.02072695 255 79 163
1.320576 0 2.02072695 255 79 163
0.998286485 0.0399314594 2.02072695 255 79 163
0.706144916 0.151646826 2.02072695 255 79 163
0.46443643 0.315117893 2.02072695 255 79 163
0.262966614 0.529764167 2.02072695 255 79 163
0.115947001 0.779475321 2.02072695 255 79 163
0.0292331869 1.04425244 2.02072695 255 79 163
0.00705768198 1.18422865 2.02072695 255 79 163
1.87820586 1.19866577e-16 0.809877157 255 79 163
1.74305438 -4.77540348e-17 0.85754927 255 79 163
1.62126888 -1.4563632e-16 0.931507028 255 79 163
1.51719449 -1.31480741e-16 1.02620291 255 79 163
1.43343131 -7.18167339e-17 1.13565075 255 79 163
1.37084804 -3.02534167e-17 1.25385665 255 79 163
1.32869096 -2.65262902e-17 1.37522481 255 79 163
1.30030685 -4.78160128e-17 1.53377141 255 79 163
1.30394469 -7.16006373e-17 1.80119953 255 79 163
1.62467215 0.240867108 0.285490841 255 79 163
0.419412709 0.378230681 1.65523601 255 79 163
1.51872661 0.0603004951 0.630566787 255 79 163
1.09347013 0.0728366383 1.01874984 255 79 163
0.943576175 0.293110303 0.670021456 255 79 163
1.24104545 0.452984559 0.279871004 255 79 163
0.904217932 0.140539425 1.08220064 255 79 163
0.951792726 0.0806484045 1.28988912 255 79 163
1.0279272 0.0367946151 1.54507198 255 79 163
1.05002007 0.586426829 0.323088596 255 79 163
0.917792702 0.083182156 1.38689347 255 79 163
0.521005004 0.356162435 1.29850055 255 79 163
0.871855562 0.0874474176 1.57115785 255 79 163
0.850912398 0.0899964933 1.70852969 255 79 163
0.633207852 0.670469465 0.655954848 255 79 163
0.716518739 0.161295714 1.58350565 255 79 163
0.545855808 0.5700795 0.857792394 255 79 163
0.370853779 0.739720541 1.0029647 255 79 163
0.287363071 0.765125857 1.15908016 255 79 163
0.304517445 0.893957446 1.02336745 255 79 163
0.256594799 0.645528662 1.43335929 255 79 163
0.218286957 0.787736753 1.32181687 255 79 163
0.197408132 0.932570581 1.24003477 255 79 163
0.153814475 0.810510333 1.52866535 255 79 163
1.02058255 -1.55774056e-17 71.3970678 218 222 230
17.7530556 1.22062108e-16 71.6531538 218 222 230
34.4855286 -7.72215059e-17 71.9459091 218 222 230
36.1098373 0 2.5221955 218 222 230
35.873391 -1.11643644e-16 17.360784 218 222 230
35.2975696 -3.33311613e-16 37.1455687 218 222 230
34.7807187 -3.81551722e-16 54.5457389 218 222 230
34.583279 -2.77955455e-16 63.727871 218 222 230
35.3843832 0 2.16025609 218 222 230
35.5969621 -1.56387951e-16 2.12837687 218 222 230
35.7144815 -5.63884606e-17 2.12880293 218 222 230
35.8239622 -1.16988507e-17 2.15334769 218 222 230
35.905107 -9.46356362e-17 2.190456 218 222 230
35.9860952 -1.51601813e-16 2.2505247 218 222 230
36.0476385 7.07832915e-17 2.32314715 218 222 230
36.0847824 4.74754449e-16 2.39394407 218 222 230
36.103387 6.53138002e-16 2.45690975 218 222 230
2.02072695 0 0.793156065 218 222 230
10.370609 -1.24440133e-16 1.04959616 218 222 230
22.8774961 1.72029043e-17 1.68815324 218 222 230
29.7439711 2.08712781e-17 2.00185473 218 222 230
1.87820586 1.19866577e-16 0.809877157 218 222 230
1.74305438 -4.77540348e-17 0.85754927 218 222 230
1.62126888 -1.4563632e-16 0.931507028 218 222 230
1.51719449 -1.31480741e-16 1.02620291 218 222 230
1.43343131 -7.18167339e-17 1.13565075 218 222 230
1.37084804 -3.02534167e-17 1.25385665 218 222 230
1.32869096 -2.65262902e-17 1.37522481 218 222 230
1.30030685 -4.78160128e-17 1.53377141 218 222 230
1.30394469 -7.16006373e-17 1.80119953 218 222 230
1.320576 0 2.02072695 218 222 230
35.3843832 2.16025609 -3.37600996e-17 218 222 230
35.6101307 18.1457992 -2.04313275e-16 218 222 230
36.180998 39.4598566 -2.5250054e-16 218 222 230
36.7345241 59.1351194 -1.70883004e-16 218 222 230
36.9511065 69.5459479 -9.82387398e-17 218 222 230
37.0608421 78.8103822 -4.4408921e-16 218 222 230
2.02072695 78.8103822 -4.4408921e-16 218 222 230
2.02072695 0.793156065 -4.4408921e-16 218 222 230
10.370609 1.04959616 -1.24440133e-16 218 222 230
22.8774961 1.68815324 1.72029043e-17 218 222 230
29.7439711 2.00185473 2.08712781e-17 218 222 230
0.299042131 6.3625989 30.6047348 218 222 230
10.0042443 6.3625989 30.773767 218 222 230
19.7094465 6.3625989 30.9406958 218 222 230
0.477960704 6.3625989 27.0976211 218 222 230
4.24644105 6.3625989 26.8727679 218 222 230
9.27108151 6.3625989 26.2950635 218 222 230
14.0061 6.3625989 25.7078114 218 222 230
16.5181312 6.3625989 25.4679416 218 222 230
18.7411185 6.3625989 25.3366315 218 222 230
19.4673777 6.3625989 26.3250853 218 222 230
19.4386886 6.3625989 25.9696583 218 222 230
19.3781514 6.3625989 25.7810054 218 222 230
19.3005253 6.3625989 25.6434438 218 222 230
19.1806276 6.3625989 25.5089462 218 222 230
19.038919 6.3625989 25.4113586 218 222 230
18.8950263 6.3625989 25.3561628 218 222 230
0.291245952 8.3059692 25.1581177 255 79 163
4.02297586 8.09721344 25.1581177 255 79 163
8.99861575 7.53464203 25.1581177 255 79 163
13.8698671 6.92737954 25.1581177 255 79 163
16.4597559 6.67702485 25.1581177 255 79 163
18.7411185 6.5411127 25.1581177 255 79 163
0.477960704 6.3625989 27.0976211 255 79 163
0.471562737 6.40141807 26.7116474 255 79 163
0.450910533 6.51638934 26.3412045 255 79 163
0.420574805 6.70284388 26.0012094 255 79 163
0.38531426 6.95313677 25.7052394 255 79 163
0.349972093 7.25708807 25.4649632 255 79 163
0.319379441 7.60249296 25.2897438 255 79 163
0.299381741 7.94814725 25.1913179 255 79 163
4.24644105 6.3625989 26.8727679 255 79 163
9.27108151 6.3625989 26.2950635 255 79 163
14.0061 6.3625989 25.7078114 255 79 163
16.5181312 6.3625989 25.4679416 255 79 163
18.7411185 6.3625989 25.3366315 255 79 163
18.7411185 6.36799679 25.2930648 255 79 163
18.7411185 6.38309833 25.2535734 255 79 163
18.7411185 6.40519614 25.2208996 255 79 163
18.7411185 6.43421175 25.1936652 255 79 163
18.7411185 6.46796739 25.1737912 255 79 163
18.7411185 6.50375963 25.1620694 255 79 163
18.7411185 6.52268144 25.1590717 255 79 163
1.60962167 7.24288933 25.4548511 255 79 163
2.18647396 7.72561886 25.2280522 255 79 163
2.20414509 7.55653129 25.2841517 255 79 163
2.22177534 7.39050599 25.3575041 255 79 163
2.23694317 7.22706615 25.4499574 255 79 163
1.63148705 7.03715848 25.6054695 255 79 163
14.7785743 6.60157752 25.2178623 255 79 163
13.9379836 6.52580346 25.3213222 255 79 163
15.661329 6.41145443 25.3535398 255 79 163
16.4889436 6.45401624 25.249535 255 79 163
1.05152491 6.62452324 26.1120609 255 79 163
0.860336843 6.4756611 26.4365405 255 79 163
1.05472388 6.52795111 26.3007229 255 79 163
1.67207452 6.591434 26.15177 255 79 163
1.69236825 6.45597211 26.4663421 255 79 163
2.54662488 7.18271041 25.4701574 255 79 163
3.03874187 7.4971347 25.2901128 255 79 163
2.90677579 6.74080648 25.8695762 255 79 163
3.46487583 7.38589419 25.3274589 255 79 163
3.68815337 7.19884817 25.4214391 255 79 163
4.07884216 7.4555982 25.279562 255 79 163
4.13470846 6.86775735 25.6632761 255 79 163
3.57660842 6.44988896 26.3811129 255 79 163
3.76264177 6.55205294 26.1214742 255 79 163
4.6378984 7.35444365 25.3048403 255 79 163
5.75601089 7.16141173 25.3578209 255 79 163
4.19057475 6.48334238 26.2448089 255 79 163
4.7123868 6.65616085 25.8830359 255 79 163
5.00122597 6.57239351 25.9972961 255 79 163
5.43448473 6.47478102 26.1677567 255 79 163
5.54166011 6.64132291 25.8463953 255 79 163
6.12478296 6.49573157 26.0580945 255 79 163
7.50537944 6.53634006 25.8530823 255 79 163
6.6225284 6.79189715 25.5874159 255 79 163
7.81057207 7.19827952 25.2509711 255 79 163
7.70884119 6.94183176 25.392683 255 79 163
8.25199759 7.01009039 25.3199905 255 79 163
8.54628127 6.89620434 25.3742058 255 79 163
9.06673219 7.09768342 25.2397937 255 79 163
10.7131881 6.84817323 25.2795112 255 79 163
9.13484863 6.70074781 25.4962666 255 79 163
9.20296507 6.44304279 25.8821126 255 79 163
9.70637276 6.55246127 25.6269615 255 79 163
9.99213482 6.49590919 25.6913588 255 79 163
10.518248 6.53398577 25.5813383 255 79 163
11.5704743 6.60883438 25.4043531 255 79 163
10.4207779 6.43197436 25.7824968 255 79 163
12.3823495 6.45705814 25.5359546 255 79 163
12.7201707 6.80391692 25.207153 255 79 163
13.1261083 6.69474086 25.2411531 255 79 163
14.3923372 6.42747948 25.4176399 255 79 163
15.232928 6.4863789 25.2818976 255 79 163
16.0605425 6.54004789 25.2024799 255 79 163
1.96465571 6.7529831 25.8924821 255 79 163
3.31608668 6.78299892 25.7975085 255 79 163
3.57654587 6.92550567 25.6349163 255 79 163
3.52074213 6.80422632 25.7626438 255 79 163
3.6323809 6.73649945 25.8386469 255 79 163
4.81956219 6.90417256 25.5916766 255 79 163
13.5661042 6.43911925 25.464199 255 79 163
0.903946396 7.15668115 31.4017168 255 79 163
19.6473301 6.82381989 31.4017168 255 79 163
0.299042131 6.3625989 30.6047348 255 79 163
0.307556552 6.36732976 30.6914762 255 79 163
0.331243519 6.38145863 30.7771941 255 79 163
0.367660822 6.4048117 30.8608813 255 79 163
0.431787476 6.44980942 30.9676146 255 79 163
0.518521924 6.51828108 31.0785186 255 79 163
0.644256922 6.63595182 31.2063622 255 79 163
0.77672286 6.79799581 31.3158067 255 79 163
0.858378037 6.94590212 31.3731677 255 79 163
0.892186156 7.05032312 31.3945543 255 79 163
0.90109845 7.10338103 31.3999255 255 79 163
10.0042443 6.3625989 30.773767 255 79 163
19.7094465 6.3625989 30.9406958 255 79 163
19.6509269 6.7161948 31.3889865 255 79 163
19.6604656 6.61450402 31.3515014 255 79 163
19.6734334 6.52435668 31.2913221 255 79 163
19.6873028 6.45073746 31.211756 255 79 163
19.6995407 6.39773005 31.117188 255 79 163
19.7066676 6.37146638 31.0306744 255 79 163
0.537882389 6.47259745 31.0094572 255 79 163
3.91826953 6.65609189 31.2419159 255 79 163
3.93250968 6.70139683 31.2746316 255 79 163
3.93642973 6.7338215 31.2950652 255 79 163
5.45267139 6.55724747 31.1668912 255 79 163
5.45409535 6.57693766 31.187378 255 79 163
5.44821528 6.5388447 31.1461751 255 79 163
5.43131118 6.50559723 31.1041773 255 79 163
5.39048348 6.46389639 31.0404856 255 79 163
10.1851736 6.68120792 31.3220645 255 79 163
14.8275856 6.46958356 31.1981271 255 79 163
14.8257872 6.51470524 31.2496104 255 79 163
14.832355 6.43411065 31.14547 255 79 163
16.4341671 6.57759017 31.3163932 255 79 163
16.4385456 6.51281147 31.2637381 255 79 163
10.094709 6.44253202 31.0819843 255 79 163
18.804957 20.0891807 25.1581177 218 222 230
18.7411185 6.5411127 25.1581177 218 222 230
0.291245952 8.3059692 25.1581177 218 222 230
4.02297586 8.09721344 25.1581177 218 222 230
8.99861575 7.53464203 25.1581177 218 222 230
13.8698671 6.92737954 25.1581177 218 222 230
16.4597559 6.67702485 25.1581177 218 222 230
0.674556858 19.5519083 25.1581177 218 222 230
9.73975692 19.8141417 25.1581177 218 222 230
0.903946396 7.15668115 31.4017168 218 222 230
19.6473301 6.82381989 31.4017168 218 222 230
19.4362262 10.3157464 31.4017168 218 222 230
18.9094324 15.3078907 31.4017168 218 222 230
18.6636032 18.0376404 31.4017168 218 222 230
18.5560512 20.300035 31.4017168 218 222 230
0.903946396 19.3524478 31.4017168 218 222 230
4.66491721 19.4897001 31.4017168 218 222 230
9.7299988 19.8149434 31.4017168 218 222 230
14.8603168 20.151226 31.4017168 218 222 230
0.674556858 19.5519083 25.1581177 255 79 163
9.73975692 19.8141417 25.1581177 255 79 163
18.804957 20.0891807 25.1581177 255 79 163
0.588326688 20.6977492 26.3046504 255 79 163
0.594514139 20.6661176 26.0371523 255 79 163
0.608599262 20.5729759 25.7843907 255 79 163
0.627043409 20.4234333 25.5602976 255 79 163
0.646280872 20.2256914 25.3772675 255 79 163
0.662753118 19.9906359 25.2454687 255 79 163
0.671831115 19.7755821 25.1801648 255 79 163
9.69664183 20.6977492 26.0434319 255 79 163
18.804957 20.6977492 25.7666862 255 79 163
18.804957 20.6793474 25.6181637 255 79 163
18.804957 20.627865 25.4835344 255 79 163
18.804957 20.5525317 25.3721465 255 79 163
18.804957 20.453615 25.2793021 255 79 163
18.804957 20.3385392 25.2115502 255 79 163
18.804957 20.2165204 25.1715894 255 79 163
18.804957 20.1520144 25.1613701 255 79 163
5.16184262 20.6378191 25.8597682 255 79 163
6.69971728 20.3054506 25.3638664 255 79 163
5.17969747 20.5311408 25.6412841 255 79 163
5.17146136 20.5918137 25.7494915 255 79 163
12.7471186 20.4873421 25.3974799 255 79 163
9.71819937 20.4386966 25.4171703 255 79 163
14.2723569 20.272042 25.2188565 255 79 163
2.92712716 20.1008322 25.2843643 255 79 163
2.17536182 19.9938412 25.2402815 255 79 163
2.9257643 20.2051121 25.3463015 255 79 163
4.1846572 20.1711466 25.3108257 255 79 163
8.19817956 20.6074765 25.6992747 255 79 163
16.538657 20.5988914 25.4627595 255 79 163
17.2940903 20.6339774 25.5137061 255 79 163
1.1261584 20.4803447 25.6294299 255 79 163
1.11940088 20.5793019 25.7932615 255 79 163
1.38184425 20.514565 25.6771709 255 79 163
1.38493798 20.4252366 25.5573904 255 79 163
1.89648427 20.4245042 25.5518659 255 79 163
1.75704549 20.5740888 25.776444 255 79 163
2.89197787 20.5978531 25.8095911 255 79 163
8.21255125 20.2727333 25.3133275 255 79 163
8.96896824 20.2585968 25.2911549 255 79 163
9.21871195 20.323023 25.3293524 255 79 163
17.671807 20.365148 25.2307914 255 79 163
18.0495236 20.3972067 25.2462193 255 79 163
18.0495236 20.4277791 25.2657944 255 79 163
1.02974742 20.0158238 25.2550552 255 79 163
9.45767689 20.6069837 25.6602135 255 79 163
0.588326688 20.6977492 30.0514745 255 79 163
4.43489077 20.6977492 30.1817948 255 79 163
9.57218895 20.6977492 30.507793 255 79 163
14.8174016 20.6977492 30.8528299 255 79 163
18.5560512 20.6977492 31.0040026 255 79 163
0.903946396 19.3524478 31.4017168 255 79 163
0.892237631 19.6253731 31.3737048 255 79 163
0.855883622 19.8868222 31.2907473 255 79 163
0.803057536 20.1257937 31.1563993 255 79 163
0.742215724 20.3323939 30.9765037 255 79 163
0.681934783 20.4982733 30.7587588 255 79 163
0.630762197 20.6168694 30.5122612 255 79 163
0.600492386 20.6773638 30.2853692 255 79 163
4.66491721 19.4897001 31.4017168 255 79 163
9.7299988 19.8149434 31.4017168 255 79 163
14.8603168 20.151226 31.4017168 255 79 163
18.5560512 20.300035 31.4017168 255 79 163
18.5560512 20.6857232 31.1010656 255 79 163
18.5560512 20.6520782 31.1890491 255 79 163
18.5560512 20.6028461 31.2618438 255 79 163
18.5560512 20.5382016 31.3225199 255 79 163
18.5560512 20.4629968 31.3667973 255 79 163
18.5560512 20.3832546 31.3929127 255 79 163
18.5560512 20.3410984 31.3995912 255 79 163
1.99338809 20.4980413 30.7801468 255 79 163
2.58855334 20.6135186 30.5618881 255 79 163
2.03127727 20.3928675 30.9264917 255 79 163
2.61897418 20.5624513 30.6798631 255 79 163
2.64538711 20.4976482 30.7960005 255 79 163
2.06100398 20.2639791 31.0613581 255 79 163
2.66356424 20.4170452 30.9102062 255 79 163
3.3306819 20.1302847 31.1890684 255 79 163
11.3731965 20.5997016 31.0095263 255 79 163
13.1359057 20.365833 31.3187377 255 79 163
16.0779232 20.564803 31.2504752 255 79 163
14.8388592 20.5373306 31.2412981 255 79 163
1.48247519 19.8253872 31.3195229 255 79 163
3.45137534 20.5793006 30.6702165 255 79 163
3.88278633 20.5606308 30.7233151 255 79 163
4.10515889 20.4979687 30.8392758 255 79 163
4.49239738 20.6123024 30.6326953 255 79 163
4.54990399 20.3421675 31.0461351 255 79 163
4.6074106 19.9324791 31.3166868 255 79 163
5.14627339 20.1849095 31.1940379 255 79 163
5.44445809 20.1023737 31.2528729 255 79 163
6.00248975 20.2064784 31.2027724 255 79 163
7.11855308 20.3866877 31.0906552 255 79 163
6.22399898 20.5548301 30.8300403 255 79 163
5.89173514 19.978012 31.321746 255 79 163
7.98903499 20.1847822 31.273475 255 79 163
8.34537101 20.6289738 30.7827379 255 79 163
8.22659234 20.5242157 30.9731951 255 79 163
8.78061197 20.5764729 30.9166113 255 79 163
9.0707726 20.5345046 30.9986025 255 79 163
9.65109388 20.4375528 31.1415204 255 79 163
10.2514297 20.3306869 31.2530717 255 79 163
10.5515976 20.2762488 31.2963417 255 79 163
11.1256318 20.3572827 31.2638419 255 79 163
12.2737002 20.4909265 31.194894 255 79 163
13.9766537 20.6214374 31.0964694 255 79 163
4.79058208 20.5696592 30.7400947 255 79 163
5.26838771 20.564429 30.7701755 255 79 163
9.91180933 20.6049941 30.9226098 255 79 163
9.4003857 20.198803 31.3051208 255 79 163
14.4184852 20.4057883 31.3287266 255 79 163
19.6237092 20.6977492 30.0472044 218 222 230
19.756088 20.6977492 26.2609868 218 222 230
19.7463379 20.6977492 26.1679291 218 222 230
19.7183064 20.6977492 26.0786287 218 222 230
19.6742442 20.6977492 25.9962622 218 222 230
19.6168358 20.6977492 25.9233149 218 222 230
19.549038 20.6977492 25.8615306 218 222 230
19.4739197 20.6977492 25.8118957 218 222 230
19.3945074 20.6977492 25.7746558 218 222 230
19.2868041 20.6977492 25.7434123 218 222 230
19.1696308 20.6977492 25.7300588 218 222 230
18.9644726 20.6977492 25.7470073 218 222 230
18.804957 20.6977492 25.7666862 218 222 230
0.588326688 20.6977492 26.3046504 218 222 230
9.69664183 20.6977492 26.0434319 218 222 230
0.588326688 20.6977492 30.0514745 218 222 230
4.43489077 20.6977492 30.1817948 218 222 230
9.57218895 20.6977492 30.507793 218 222 230
14.8174016 20.6977492 30.8528299 218 222 230
18.5560512 20.6977492 31.0040026 218 222 230
18.805826 20.6977492 30.9793749 218 222 230
19.0488426 20.6977492 30.9007452 218 222 230
19.250902 20.6977492 30.7794234 218 222 230
19.4076315 20.6977492 30.6292028 218 222 230
19.5288334 20.6977492 30.4441899 218 222 230
19.599144 20.6977492 30.2518504 218 222 230
36.6191628 35.3075236 39.413138 218 222 230
0.571049153 35.3075236 39.413138 218 222 230
36.6191628 35.3075236 39.413138 218 222 230
36.6191628 34.3639256 39.2985645 218 222 230
36.6191628 33.4751661 38.9615025 218 222 230
36.6191628 32.6928966 38.4215408 218 222 230
36.6191628 32.0625796 37.71006 218 222 230
36.6191628 31.6208471 36.8684089 218 222 230
36.6191628 31.3933707 35.9455011 218 222 230
36.6191628 31.3933707 34.9949727 218 222 230
36.6191628 31.6208471 34.0720649 218 222 230
36.6191628 32.0625796 33.2304138 218 222 230
36.6191628 32.6928966 32.5189331 218 222 230
36.6191628 33.4751661 31.9789714 218 222 230
36.6191628 34.3639256 31.6419094 218 222 230
36.6191628 35.3075236 31.5273358 218 222 230
36.6191628 36.2511216 31.6419094 218 222 230
36.6191628 37.1398811 31.9789714 218 222 230
36.6191628 37.9221507 32.5189331 218 222 230
36.6191628 38.5524676 33.2304138 218 222 230
36.6191628 38.9942002 34.0720649 218 222 230
36.6191628 39.2216765 34.9949727 218 222 230
36.6191628 39.2216765 35.9455011 218 222 230
36.6191628 38.9942002 36.8684089 218 222 230
36.6191628 38.5524676 37.71006 218 222 230
36.6191628 37.9221507 38.4215408 218 222 230
36.6191628 37.1398811 38.9615025 218 222 230
36.6191628 36.2511216 39.2985645 218 222 230
0.571049153 35.3075236 39.413138 218 222 230
0.571049153 34.3639256 39.2985645 218 222 230
0.571049153 33.4751661 38.9615025 218 222 230
0.571049153 32.6928966 38.4215408 218 222 230
0.571049153 32.0625796 37.71006 218 222 230
0.571049153 31.6208471 36.8684089 218 222 230
0.571049153 31.3933707 35.9455011 218 222 230
0.571049153 31.3933707 34.9949727 218 222 230
0.571049153 31.6208471 34.0720649 218 222 230
0.571049153 32.0625796 33.2304138 218 222 230
0.571049153 32.6928966 32.5189331 218 222 230
0.571049153 33.4751661 31.9789714 218 222 230
0.571049153 34.3639256 31.6419094 218 222 230
0.571049153 35.3075236 31.5273358 218 222 230
0.571049153 36.2511216 31.6419094 218 222 230
0.571049153 37.1398811 31.9789714 218 222 230
0.571049153 37.9221507 32.5189331 218 222 230
0.571049153 38.5524676 33.2304138 218 222 230
0.571049153 38.9942002 34.0720649 218 222 230
0.571049153 39.2216765 34.9949727 218 222 230
0.571049153 39.2216765 35.9455011 218 222 230
0.571049153 38.9942002 36.8684089 218 222 230
0.571049153 38.5524676 37.71006 218 222 230
0.571049153 37.9221507 38.4215408 218 222 230
0.571049153 37.1398811 38.9615025 218 222 230
0.571049153 36.2511216 39.2985645 218 222 230
37.7774992 48.0125209 78.3145695 255 79 163
37.7774992 48.0125209 76.5621176 255 79 163
37.9046572 48.139679 76.5621176 255 79 163
37.9008122 48.1086458 76.5621176 255 79 163
37.8900552 48.0805155 76.5621176 255 79 163
37.8743146 48.0572414 76.5621176 255 79 163
37.8536463 48.0378419 76.5621176 255 79 163
37.8296017 48.0236854 76.5621176 255 79 163
37.8041063 48.0153358 76.5621176 255 79 163
37.790628 48.0132005 76.5621176 255 79 163
37.9046572 48.139679 78.3145695 255 79 163
37.9008122 48.1086458 78.3145695 255 79 163
37.8900552 48.0805155 78.3145695 255 79 163
37.8743146 48.0572414 78.3145695 255 79 163
37.8536463 48.0378419 78.3145695 255 79 163
37.8296017 48.0236854 78.3145695 255 79 163
37.8041063 48.0153358 78.3145695 255 79 163
37.790628 48.0132005 78.3145695 255 79 163
37.9046572 50.9220839 80.0002436 255 79 163
37.8677874 50.9220839 80.297822 255 79 163
37.7646377 50.9220839 80.567564 255 79 163
37.6137006 50.9220839 80.7907398 255 79 163
37.415512 50.9220839 80.9767621 255 79 163
37.1849471 50.9220839 81.1125092 255 79 163
36.9404715 50.9220839 81.1925744 255 79 163
36.8112278 50.9220839 81.2130496 255 79 163
36.6853347 50.9220839 81.2195661 255 79 163
36.7270282 50.3818628 81.1690137 255 79 163
36.8400382 49.860326 81.0191823 255 79 163
37.0022544 49.3755052 80.7752104 255 79 163
37.191363 48.9442799 80.4453791 255 79 163
37.3849896 48.5818085 80.0409728 255 79 163
37.5608166 48.300932 79.5759931 255 79 163
37.6966368 48.1116301 79.0666962 255 79 163
37.7560073 48.0374004 78.6938916 255 79 163
37.7774992 48.0125209 78.3145695 255 79 163
37.9046572 48.139679 78.3145695 255 79 163
37.9008122 48.1086458 78.3145695 255 79 163
37.8900552 48.0805155 78.3145695 255 79 163
37.8743146 48.0572414 78.3145695 255 79 163
37.8536463 48.0378419 78.3145695 255 79 163
37.8296017 48.0236854 78.3145695 255 79 163
37.8041063 48.0153358 78.3145695 255 79 163
37.790628 48.0132005 78.3145695 255 79 163
37.9046572 50.1568745 80.0301659 255 79 163
37.9046572 49.7043343 79.9906572 255 79 163
37.9046572 49.2287009 79.8495079 255 79 163
37.9046572 48.8443307 79.6305439 255 79 163
37.9046572 48.532012 79.3407435 255 79 163
37.9046572 48.3272181 79.0411418 255 79 163
37.9046572 48.1930715 78.7063219 255 79 163
37.9046572 48.1532875 78.5122877 255 79 163
37.560876 50.4222354 80.8274765 255 79 163
37.6481795 49.4492166 80.518871 255 79 163
37.7659605 48.6187982 79.8535758 255 79 163
37.8536367 48.1185151 78.8722339 255 79 163
37.8198578 50.7120909 80.4466587 255 79 163
37.8266119 50.2539364 80.4152158 255 79 163
37.1616912 50.3842373 81.0858329 255 79 163
37.0389358 50.2048711 81.0944658 255 79 163
37.1931163 50.1267231 81.0271403 255 79 163
37.8375479 49.8089848 80.3314286 255 79 163
37.3653745 49.8773523 80.8817059 255 79 163
37.2877652 49.6075922 80.829835 255 79 163
37.5769121 50.1684683 80.7806124 255 79 163
37.9046572 48.139679 76.5621176 255 79 163
37.9008122 48.1086458 76.5621176 255 79 163
37.8900552 48.0805155 76.5621176 255 79 163
37.8743146 48.0572414 76.5621176 255 79 163
37.8536463 48.0378419 76.5621176 255 79 163
37.8296017 48.0236854 76.5621176 255 79 163
37.8041063 48.0153358 76.5621176 255 79 163
37.790628 48.0132005 76.5621176 255 79 163
37.7774992 48.0125209 76.5621176 255 79 163
37.7576879 48.0066422 76.3968662 255 79 163
37.7007203 47.9890358 76.2324502 255 79 163
37.610296 47.9597908 76.069701 255 79 163
37.4440808 47.9029567 75.8567151 255 79 163
37.1147501 47.7805815 75.549703 255 79 163
36.4993124 47.5187408 75.1293531 255 79 163
35.7438573 47.1256199 74.7349631 255 79 163
35.0585586 46.6500119 74.445335 255 79 163
34.6847246 46.2668021 74.3100027 255 79 163
34.5543735 46.0620166 74.2669986 255 79 163
34.4902894 45.9063431 74.2469264 255 79 163
34.4645168 45.7967734 74.2391496 255 79 163
34.4556849 45.6869587 74.2365553 255 79 163
37.9046572 45.6869587 70.7875831 255 79 163
37.8124796 45.6869587 71.5796307 255 79 163
37.5154178 45.6869587 72.3792628 255 79 163
37.0680022 45.6869587 73.0395174 255 79 163
36.5398638 45.6869587 73.535602 255 79 163
35.9290197 45.6869587 73.9060273 255 79 163
35.2790875 45.6869587 74.1368245 255 79 163
34.861786 45.6869587 74.2125636 255 79 163
37.9046572 48.1809038 76.244324 255 79 163
37.9046572 48.5758626 74.7940262 255 79 163
37.9046572 48.627298 74.1264272 255 79 163
37.9046572 48.5183899 73.2395086 255 79 163
37.9046572 48.203436 72.4144313 255 79 163
37.9046572 47.7305377 71.7417407 255 79 163
37.9046572 47.1627281 71.2514026 255 79 163
37.9046572 46.5595851 70.9446052 255 79 163
37.9046572 46.1296852 70.8278461 255 79 163
37.8256076 48.0453669 76.0930007 255 79 163
36.9362825 46.3295735 73.3314731 255 79 163
37.826063 48.2417872 74.9276767 255 79 163
37.5595702 47.9075227 75.078384 255 79 163
37.8110355 48.22732 74.6690268 255 79 163
37.5940387 47.9247008 75.8121406 255 79 163
37.7920863 48.1814394 74.3429986 255 79 163
37.6654971 47.9454003 74.1804601 255 79 163
37.8343543 48.0373588 73.2233156 255 79 163
37.7486958 47.936104 73.5874954 255 79 163
37.2023199 47.3691692 74.0445115 255 79 163
37.731767 47.7724111 73.288358 255 79 163
37.0891003 47.6443943 75.1456535 255 79 163
37.8200885 47.603467 72.5572906 255 79 163
37.7124625 47.5200182 72.9447331 255 79 163
37.5688878 47.4748014 73.3585981 255 79 163
37.046498 46.9053165 73.6207421 255 79 163
36.8528278 47.4800013 74.9036625 255 79 163
36.9271157 47.4310689 74.6746034 255 79 163
37.8134333 47.2876174 72.2430199 255 79 163
36.7121131 47.4729533 74.9992338 255 79 163
37.699635 47.2989764 72.7154747 255 79 163
37.6893325 47.0760633 72.5312747 255 79 163
37.8051481 46.6770016 71.8517504 255 79 163
36.4635378 47.1474139 74.550723 255 79 163
37.6764502 46.7011309 72.3017402 255 79 163
37.5013335 46.8008163 72.7840335 255 79 163
37.6705587 46.4596837 72.1975454 255 79 163
36.5067292 46.8974314 74.176616 255 79 163
37.8130995 46.0691251 71.6122321 255 79 163
36.2418731 46.908076 74.3688189 255 79 163
36.0295344 46.9641518 74.5295084 255 79 163
37.6218168 46.1957358 72.226697 255 79 163
36.0793445 46.6944108 74.2431265 255 79 163
36.2852718 46.4424338 73.9383057 255 79 163
35.9541415 46.4923366 74.1507723 255 79 163
35.6279507 46.5319875 74.2980439 255 79 163
35.8412847 46.2548927 74.071217 255 79 163
35.8009299 46.1430521 74.043776 255 79 163
35.4128695 46.1769569 74.1868996 255 79 163
35.8269911 45.9957412 73.9892659 255 79 163
37.895577 48.2914367 75.6174922 255 79 163
1.1861416 81.9067384 80.6297823 255 79 163
1.1861416 81.8889045 80.7737204 255 79 163
1.1861416 81.8390112 80.904194 255 79 163
1.1861416 81.7660033 81.0121437 255 79 163
1.1861416 81.6701399 81.1021223 255 79 163
1.1861416 81.5586161 81.1677829 255 79 163
1.1861416 81.4403637 81.2065103 255 79 163
1.1861416 81.3778488 81.2164141 255 79 163
1.1861416 81.3169546 81.2195661 255 79 163
36.2949057 81.3169546 81.2195661 255 79 163
36.2949057 81.4608926 81.2017323 255 79 163
36.2949057 81.5913663 81.151839 255 79 163
36.2949057 81.699316 81.078831 255 79 163
36.2949057 81.7892946 80.9829676 255 79 163
36.2949057 81.8549552 80.8714439 255 79 163
36.2949057 81.8936825 80.7531915 255 79 163
36.2949057 81.9035863 80.6906766 255 79 163
36.2949057 81.9067384 80.6297823 255 79 163
37.9046572 50.9220839 80.0002436 255 79 163
37.8677874 50.9220839 80.297822 255 79 163
37.7646377 50.9220839 80.567564 255 79 163
37.6137006 50.9220839 80.7907398 255 79 163
37.415512 50.9220839 80.9767621 255 79 163
37.1849471 50.9220839 81.1125092 255 79 163
36.9404715 50.9220839 81.1925744 255 79 163
36.8112278 50.9220839 81.2130496 255 79 163
36.6853347 50.9220839 81.2195661 255 79 163
37.9046572 80.2963258 80.0002436 255 79 163
36.6853347 80.2963258 81.2195661 255 79 163
36.9829131 80.2963258 81.1826964 255 79 163
37.252655 80.2963258 81.0795466 255 79 163
37.4758308 80.2963258 80.9286095 255 79 163
37.6618532 80.2963258 80.7304209 255 79 163
37.7976003 80.2963258 80.4998561 255 79 163
37.8776654 80.2963258 80.2553804 255 79 163
37.8981407 80.2963258 80.1261367 255 79 163
36.6853347 80.2963258 81.2195661 255 79 163
36.9829131 80.2963258 81.1826964 255 79 163
37.252655 80.2963258 81.0795466 255 79 163
37.4758308 80.2963258 80.9286095 255 79 163
37.6618532 80.2963258 80.7304209 255 79 163
37.7976003 80.2963258 80.4998561 255 79 163
37.8776654 80.2963258 80.2553804 255 79 163
37.8981407 80.2963258 80.1261367 255 79 163
37.9046572 80.2963258 80.0002436 255 79 163
37.8757818 80.5999438 80.0253479 255 79 163
37.7902009 80.892686 80.0923417 255 79 163
37.6509737 81.1640672 80.1879162 255 79 163
37.4630672 81.4043524 80.2987382 255 79 163
37.2331952 81.6049016 80.411463 255 79 163
36.9695913 81.7584865 80.5127463 255 79 163
36.6817209 81.8595641 80.5892535 255 79 163
36.489747 81.894902 80.6190378 255 79 163
36.2949057 81.9067384 80.6297823 255 79 163
36.2949057 81.3169546 81.2195661 255 79 163
36.2949057 81.4608926 81.2017323 255 79 163
36.2949057 81.5913663 81.151839 255 79 163
36.2949057 81.699316 81.078831 255 79 163
36.2949057 81.7892946 80.9829676 255 79 163
36.2949057 81.8549552 80.8714439 255 79 163
36.2949057 81.8936825 80.7531915 255 79 163
36.2949057 81.9035863 80.6906766 255 79 163
36.687902 80.3233185 81.2195661 255 79 163
36.6958822 80.3540003 81.2195661 255 79 163
36.7722417 80.5643411 81.2195661 255 79 163
36.7953037 80.716215 81.2195661 255 79 163
36.7820355 80.8768711 81.2195661 255 79 163
36.7427295 80.9992624 81.2195661 255 79 163
36.6684024 81.1235631 81.2195661 255 79 163
36.5826136 81.2108033 81.2195661 255 79 163
36.4868991 81.2716948 81.2195661 255 79 163
36.4074842 81.3015992 81.2195661 255 79 163
36.3516592 81.3130486 81.2195661 255 79 163
37.5261928 80.5773609 80.8725538 255 79 163
36.902818 81.5586643 81.0101843 255 79 163
36.6125469 81.6880108 81.036567 255 79 163
37.1348938 80.452325 81.1356077 255 79 163
37.1296828 80.6181954 81.1400668 255 79 163
37.3312996 81.1228235 80.9348577 255 79 163
37.0968041 80.8360458 81.1480394 255 79 163
37.7543088 80.7508858 80.4872747 255 79 163
37.6325718 80.9028535 80.6543708 255 79 163
37.6229927 81.0679683 80.5528242 255 79 163
37.3610196 81.4183974 80.6574039 255 79 163
37.0935693 81.2187938 81.0790656 255 79 163
34.4855286 2.29064623 74.2365553 255 79 163
34.4855286 1.84949964 74.1936746 255 79 163
34.4855286 1.3992291 74.0559886 255 79 163
34.4855286 0.970487606 73.817871 255 79 163
34.4855286 0.596072911 73.4871688 255 79 163
34.4855286 0.303527498 73.0853911 255 79 163
34.4855286 0.108735334 72.6432792 255 79 163
34.4855286 0.0259816823 72.2899362 255 79 163
34.4855286 -7.72215059e-17 71.9459091 255 79 163
35.0330102 0.0441652921 71.9973711 255 79 163
35.5662495 0.175614739 72.1324283 255 79 163
36.0713456 0.390919022 72.3293351 255 79 163
36.5352216 0.684318454 72.566581 255 79 163
36.9460144 1.04799295 72.8227816 255 79 163
37.2933562 1.47237776 73.0765696 255 79 163
37.5685716 1.94648024 73.3065134 255 79 163
37.7648157 2.45817386 73.4910771 255 79 163
37.869505 2.93797157 73.6001585 255 79 163
37.9046572 3.42776121 73.6397871 255 79 163
37.3078889 3.42776121 74.2365553 255 79 163
37.4535316 3.42776121 74.2185103 255 79 163
37.5855503 3.42776121 74.1680261 255 79 163
37.6947784 3.42776121 74.0941536 255 79 163
37.7858226 3.42776121 73.9971549 255 79 163
37.8522607 3.42776121 73.8843105 255 79 163
37.8914467 3.42776121 73.7646577 255 79 163
37.9014678 3.42776121 73.7014024 255 79 163
34.6182231 2.27268146 74.2365553 255 79 163
35.2278975 2.07470993 74.2365553 255 79 163
35.6826124 2.01827233 74.2365553 255 79 163
36.1222281 2.06867164 74.2365553 255 79 163
36.5191254 2.21798971 74.2365553 255 79 163
36.8426064 2.44243819 74.2365553 255 79 163
37.0790329 2.71190172 74.2365553 255 79 163
37.2281679 2.9982535 74.2365553 255 79 163
37.2874299 3.20969631 74.2365553 255 79 163
35.0273046 0.70406935 73.5878219 255 79 163
37.646671 2.79897102 74.0406112 255 79 163
34.6932656 1.4292866 74.0709394 255 79 163
34.7964115 1.44288587 74.0791482 255 79 163
34.9661293 1.69693355 74.1714372 255 79 163
35.2085113 1.44148726 74.091021 255 79 163
35.4895503 1.23316658 73.9841367 255 79 163
34.8754636 0.164299254 72.7598875 255 79 163
35.6732505 1.68539161 74.1840493 255 79 163
35.6656295 1.48308922 74.109096 255 79 163
36.1021192 1.00836237 73.7239536 255 79 163
35.0658081 0.209322083 72.8290026 255 79 163
35.3228023 0.262404374 72.8687229 255 79 163
35.9139932 1.53526587 74.11988 255 79 163
35.2380989 0.152657848 72.5790286 255 79 163
35.6256403 0.47729271 73.1890091 255 79 163
36.3072274 1.84205398 74.1963642 255 79 163
36.3165251 1.49472379 74.0470179 255 79 163
35.9304664 0.473851094 73.0092232 255 79 163
36.403149 1.71896487 74.1419335 255 79 163
37.0539135 1.71162142 73.9055054 255 79 163
35.9913767 0.416513851 72.7770589 255 79 163
36.1661717 0.592911299 73.0799389 255 79 163
36.6135063 1.84000562 74.1515877 255 79 163
36.3923934 0.730324586 73.1558752 255 79 163
36.7943521 1.97105573 74.159941 255 79 163
36.3062144 0.591299281 72.8923362 255 79 163
36.6076259 0.885498728 73.2353473 255 79 163
36.7884481 1.15030083 73.5052963 255 79 163
36.6011347 0.798661513 73.0171381 255 79 163
37.2365142 2.28477162 74.1265161 255 79 163
37.0788591 1.33540895 73.4342854 255 79 163
37.3000368 2.56899142 74.1836282 255 79 163
37.2449494 1.54528764 73.5130326 255 79 163
37.1685878 1.36530154 73.3047291 255 79 163
37.3937101 1.76854501 73.587812 255 79 163
37.516884 2.10628225 73.7855332 255 79 163
37.677137 2.36257455 73.7434925 255 79 163
37.3078889 3.42776121 74.2365553 255 79 163
37.4535316 3.42776121 74.2185103 255 79 163
37.5855503 3.42776121 74.1680261 255 79 163
37.6947784 3.42776121 74.0941536 255 79 163
37.7858226 3.42776121 73.9971549 255 79 163
37.8522607 3.42776121 73.8843105 255 79 163
37.8914467 3.42776121 73.7646577 255 79 163
37.9014678 3.42776121 73.7014024 255 79 163
37.9046572 3.42776121 73.6397871 255 79 163
37.9046572 10.771677 73.2757771 255 79 163
37.9046572 20.5635648 72.4956786 255 79 163
37.9046572 33.5369823 71.3833404 255 79 163
37.9046572 39.6119705 70.9967545 255 79 163
37.9046572 45.6869587 70.7875831 255 79 163
37.8124796 45.6869587 71.5796307 255 79 163
37.5154178 45.6869587 72.3792628 255 79 163
37.0680022 45.6869587 73.0395174 255 79 163
36.5398638 45.6869587 73.535602 255 79 163
35.9290197 45.6869587 73.9060273 255 79 163
35.2790875 45.6869587 74.1368245 255 79 163
34.861786 45.6869587 74.2125636 255 79 163
34.4556849 45.6869587 74.2365553 255 79 163
36.943879 10.771677 74.2365553 255 79 163
36.1637805 20.5635648 74.2365553 255 79 163
35.0514422 33.5369823 74.2365553 255 79 163
34.6648564 39.6119705 74.2365553 255 79 163
37.4064696 7.09971912 74.1941618 255 79 163
37.6515712 8.32370509 74.0140845 255 79 163
37.6232518 10.771677 73.9551499 255 79 163
35.2483393 42.6494646 74.1599784 255 79 163
35.6833244 43.6619626 74.0247833 255 79 163
35.5681957 42.6494646 74.0739588 255 79 163
35.8854383 42.6494646 73.9537457 255 79 163
36.1046467 43.6619626 73.8353323 255 79 163
37.8145709 42.6494646 71.6399096 255 79 163
37.6526881 43.6619626 72.1185722 255 79 163
37.709873 42.6494646 71.9950732 255 79 163
37.8249334 4.65174718 73.9070965 255 79 163
37.8470827 4.65174718 73.8631168 255 79 163
37.741539 5.26374016 74.0094924 255 79 163
37.7664281 5.26374016 73.97918 255 79 163
37.7893962 5.26374016 73.9475696 255 79 163
37.4557153 11.8596646 74.0547524 255 79 163
37.3562372 12.4036583 74.0994503 255 79 163
37.1887507 13.219649 74.1570102 255 79 163
37.159659 17.2996022 74.0503058 255 79 163
37.5170897 15.6676209 73.8489878 255 79 163
37.4043078 13.4916459 74.0339345 255 79 163
37.7520637 14.0356396 73.6261815 255 79 163
37.7811536 16.7556084 73.401671 255 79 163
37.6403937 17.843596 73.5839864 255 79 163
36.9323032 19.4755773 74.092716 255 79 163
37.7974202 18.1155928 73.2714224 255 79 163
37.7005697 18.9315835 73.4202055 255 79 163
36.804588 20.5635648 74.1143254 255 79 163
37.3947662 20.5635648 73.7266644 255 79 163
37.6156263 19.4755773 73.5228259 255 79 163
37.7824273 20.5635648 73.1364861 255 79 163
37.7412154 22.0050556 73.1316888 255 79 163
37.0936605 22.0050556 73.9081352 255 79 163
37.8461813 22.725801 72.7746585 255 79 163
36.2961462 24.8880373 74.1722149 255 79 163
36.6213206 23.8069192 74.0939624 255 79 163
37.0095101 24.1672919 73.8740578 255 79 163
36.6089499 25.6087827 74.0448827 255 79 163
37.2252276 27.0502735 73.5571258 255 79 163
36.6238941 29.2125098 73.9163646 255 79 163
37.6908726 28.4917644 72.7913717 255 79 163
37.632852 24.8880373 73.1493346 255 79 163
37.8288631 29.2125098 72.341704 255 79 163
35.8746176 31.374746 74.1553538 255 79 163
37.7223034 30.2936279 72.5953714 255 79 163
37.4536088 29.9332552 73.122742 255 79 163
36.2835224 32.0954914 73.9967425 255 79 163
36.1016956 33.5369823 74.0362263 255 79 163
36.6452341 34.211981 73.726541 255 79 163
37.0689699 33.5369823 73.400868 255 79 163
36.6141255 35.224479 73.7139433 255 79 163
35.6385672 35.5619783 74.1459117 255 79 163
36.0324143 35.0557293 74.0285284 255 79 163
36.4090099 34.5494803 73.8626435 255 79 163
37.6508431 34.211981 72.5207721 255 79 163
37.7043281 33.5369823 72.4335937 255 79 163
36.1194075 35.8994777 73.9724652 255 79 163
37.8161466 34.5494803 72.0237893 255 79 163
35.316661 36.9119757 74.1961179 255 79 163
37.8647866 36.236977 71.6848375 255 79 163
37.5217347 35.5619783 72.7048655 255 79 163
35.4962888 38.5994724 74.1402206 255 79 163
36.3067044 37.5869744 73.8370671 255 79 163
36.0106496 38.9369718 73.9563767 255 79 163
37.8100922 37.5869744 71.8724312 255 79 163
37.3516844 37.9244737 72.8710511 255 79 163
37.6330043 37.2494751 72.4001821 255 79 163
35.8574099 39.6119705 74.0090834 255 79 163
37.6829858 38.0932234 72.2415124 255 79 163
37.4976926 38.5994724 72.608697 255 79 163
36.2552709 40.2869692 73.8054487 255 79 163
36.9557415 39.6119705 73.2876397 255 79 163
35.8625735 40.6244685 73.9910993 255 79 163
35.6600711 41.2994672 74.0579713 255 79 163
37.6771853 39.6119705 72.1893081 255 79 163
37.3416659 38.9369718 72.8463116 255 79 163
37.499375 40.2869692 72.5411087 255 79 163
37.6878289 40.6244685 72.1221623 255 79 163
35.9773474 42.3119652 73.9163011 255 79 163
36.1759587 42.1432156 73.8171286 255 79 163
36.3257326 42.1432156 73.7290687 255 79 163
37.7359987 41.2994672 71.9624995 255 79 163
36.9977277 42.3119652 73.1734801 255 79 163
36.9859733 41.6369665 73.2016585 255 79 163
37.5085032 42.1432156 72.4650873 255 79 163
37.0039068 42.6494646 73.1595209 255 79 163
36.7298553 42.9869639 73.4169224 255 79 163
37.5836068 42.3119652 72.3109345 255 79 163
37.0896852 43.1557136 73.0528805 255 79 163
37.3119443 43.3244633 72.7595287 255 79 163
37.0325054 43.6619626 73.1084223 255 79 163
37.043604 44.3369613 73.0847542 255 79 163
37.7481681 11.1343395 73.7843019 255 79 163
37.7983346 11.3156708 73.6873684 255 79 163
37.3758284 19.2035804 73.8131993 255 79 163
36.6150898 21.2843102 74.16142 255 79 163
36.9165356 22.725801 73.9895249 255 79 163
37.4081341 22.3654283 73.616331 255 79 163
37.6008337 22.4855526 73.3585055 255 79 163
37.5131797 22.725801 73.4692593 255 79 163
37.367837 23.206298 73.613971 255 79 163
37.5535246 23.4465464 73.3694727 255 79 163
37.5802803 23.9270434 73.2991061 255 79 163
37.2001292 25.24841 73.6725426 255 79 163
37.2463606 28.2515159 73.4730871 255 79 163
37.2581562 28.8521371 73.4289883 255 79 163
37.3258037 29.2125098 73.3320967 255 79 163
36.7167104 30.1735037 73.8255011 255 79 163
36.7649652 30.6540006 73.7750272 255 79 163
37.0712205 30.8942491 73.5179288 255 79 163
37.5616224 31.374746 72.864416 255 79 163
36.8391639 31.374746 73.6929363 255 79 163
36.6627944 31.6149945 73.806845 255 79 163
37.0193597 31.7351187 73.5278269 255 79 163
37.1650575 31.855243 73.3787948 255 79 163
37.422777 32.0954914 73.0466063 255 79 163
36.9149922 32.0954914 73.6031697 255 79 163
35.7195279 34.0432313 74.1491502 255 79 163
37.7254175 32.3357399 72.4537034 255 79 163
37.8208714 32.4558641 72.1419097 255 79 163
37.7881524 32.8162368 72.2369521 255 79 163
37.7629857 33.0564853 72.3016286 255 79 163
36.9879363 34.3244807 73.4461174 255 79 163
37.234292 34.211981 73.1891097 255 79 163
37.1434939 34.3807306 73.2857597 255 79 163
36.9803289 34.6619801 73.439558 255 79 163
37.2259135 34.71823 73.1760183 255 79 163
37.3326338 34.9994794 73.026324 255 79 163
36.8229973 35.5619783 73.544293 255 79 163
36.923189 35.730728 73.4508371 255 79 163
36.1800484 36.4619766 73.9308075 255 79 163
36.9511325 36.0119775 73.4143836 255 79 163
37.0070788 36.5744764 73.338977 255 79 163
36.2110827 36.743226 73.9086793 255 79 163
36.2425559 37.0244755 73.8856808 255 79 163
37.5603253 36.1244772 72.6054469 255 79 163
37.5790874 36.4057267 72.5548929 255 79 163
37.0629115 37.1369753 73.2603296 255 79 163
37.5974672 36.6869761 72.503812 255 79 163
37.0907134 37.4182247 73.2198297 255 79 163
36.8813284 37.7557241 73.4173254 255 79 163
37.1824467 37.5869744 73.1081014 255 79 163
36.6120089 38.1494733 73.6255771 255 79 163
36.7584914 38.4307228 73.5030093 255 79 163
37.0412803 38.4869727 73.2352425 255 79 163
36.8624825 38.7682221 73.4022382 255 79 163
36.7484097 38.9369718 73.496557 255 79 163
37.0362107 38.824472 73.2293629 255 79 163
36.8188732 39.1619713 73.4296409 255 79 163
37.8074894 39.1057215 71.8073599 255 79 163
36.964959 40.2869692 73.258806 255 79 163
36.9715866 40.7369683 73.2396635 255 79 163
36.3642753 41.4682169 73.716768 255 79 163
37.4358006 41.4682169 72.6134847 255 79 163
36.4112703 43.9994619 73.6457863 255 79 163
37.526191 45.01196 72.3677972 255 79 163
37.1022399 45.3494593 73.0028955 255 79 163
37.8148483 45.3494593 71.5746877 255 79 163
36.5610865 45.518209 73.5208108 255 79 163
37.9046572 79.8474537 3.09635614 255 79 163
37.8616343 80.2661922 3.09635614 255 79 163
37.7232987 80.6924664 3.09635614 255 79 163
37.484823 81.0935899 3.09635614 255 79 163
37.1565471 81.4353689 3.09635614 255 79 163
36.7634349 81.6907699 3.09635614 255 79 163
36.3390567 81.8466859 3.09635614 255 79 163
36.0888545 81.8922935 3.09635614 255 79 163
35.8453725 81.9067384 3.09635614 255 79 163
37.9046572 80.0780241 41.5482999 255 79 163
37.9046572 80.2963258 80.0002436 255 79 163
37.8757818 80.5999438 80.0253479 255 79 163
37.7902009 80.892686 80.0923417 255 79 163
37.6509737 81.1640672 80.1879162 255 79 163
37.4630672 81.4043524 80.2987382 255 79 163
37.2331952 81.6049016 80.411463 255 79 163
36.9695913 81.7584865 80.5127463 255 79 163
36.6817209 81.8595641 80.5892535 255 79 163
36.489747 81.894902 80.6190378 255 79 163
36.2949057 81.9067384 80.6297823 255 79 163
36.0784655 81.9067384 41.8630692 255 79 163
36.9536763 81.6041948 15.9136707 255 79 163
37.1024916 81.5023126 15.9136707 255 79 163
37.2891012 81.3431628 15.9136707 255 79 163
37.4944442 81.1122244 15.9136707 255 79 163
37.660482 80.8553664 15.9136707 255 79 163
37.3265205 81.3286017 22.322328 255 79 163
37.4178882 81.2308182 22.322328 255 79 163
37.5022344 81.1273127 22.322328 255 79 163
37.6282687 80.9401924 22.322328 255 79 163
37.73082 80.7428246 22.322328 255 79 163
37.8091376 80.5394574 22.322328 255 79 163
36.9193997 81.660424 28.8359084 255 79 163
37.6837944 81.0232873 54.4705376 255 79 163
37.1398398 81.6331328 60.9777055 255 79 163
37.0009579 81.7146309 61.0254927 255 79 163
37.2767272 81.5336314 60.9442085 255 79 163
37.4109457 81.4130269 60.9316564 255 79 163
36.7656946 81.8258901 67.5602559 255 79 163
37.3414114 81.4983932 67.3811091 255 79 163
37.4955099 81.3442441 67.3269196 255 79 163
37.6334806 81.1628552 67.2962202 255 79 163
36.9064862 81.7859838 80.4642603 255 79 163
37.0412281 81.7231915 80.4088493 255 79 163
37.5677921 81.0458643 24.4935215 255 79 163
37.3939695 81.2712827 25.5791182 255 79 163
37.4674144 81.1860691 25.5791182 255 79 163
37.7192195 80.8155822 30.9021788 255 79 163
37.6645768 80.9464169 35.1921041 255 79 163
36.8044537 81.7439864 37.4682207 255 79 163
37.7478 80.8463838 45.908174 255 79 163
36.9990192 81.6921322 52.4530332 255 79 163
36.997056 81.6798381 48.1668034 255 79 163
37.7307206 81.0080733 71.559191 255 79 163
37.3892899 81.469536 73.8262988 255 79 163
37.269128 81.5714087 73.8740861 255 79 163
37.5299794 81.3155891 71.6472029 255 79 163
37.5033637 81.3515705 73.7928019 255 79 163
37.6103156 81.2151384 73.7802498 255 79 163
37.7707311 80.9283028 73.6906763 255 79 163
37.6184517 81.2075579 75.8926485 255 79 163
37.4862295 81.3746079 75.9468379 255 79 163
37.7312145 81.0174883 75.8619491 255 79 163
37.3879337 81.2968319 29.8690436 255 79 163
37.2945779 81.4183369 36.3301624 255 79 163
37.5774762 81.0988015 37.3632976 255 79 163
37.8278326 80.5881778 39.4557987 255 79 163
36.6117383 81.8314078 43.9380832 255 79 163
37.1266927 81.5916949 46.0130971 255 79 163
37.4385445 81.3245007 47.0374887 255 79 163
37.3335168 81.508939 68.8335186 255 79 163
37.3295066 81.5141051 69.5597234 255 79 163
37.4004213 81.4515854 70.2555499 255 79 163
37.041229 81.7208755 76.8169021 255 79 163
36.789228 81.8275606 77.2519342 255 79 163
36.9211219 81.7788787 78.2883101 255 79 163
36.9163513 81.7812858 79.0136269 255 79 163
37.493949 81.2149117 38.0957724 255 79 163
37.4490447 81.270387 38.4620097 255 79 163
37.0341821 81.6286471 39.5956962 255 79 163
37.0159714 81.6448481 41.034415 255 79 163
37.1424585 81.5600596 40.659434 255 79 163
37.3694086 81.3714898 41.7056846 255 79 163
36.7502786 81.7784741 41.7843769 255 79 163
37.4068638 81.3294158 40.9819534 255 79 163
37.4252087 81.3078425 40.6200878 255 79 163
37.6442975 81.0232464 42.3711251 255 79 163
37.7763043 80.7515627 41.6269922 255 79 163
37.3309727 81.4120818 42.4235866 255 79 163
37.5611313 81.1514716 42.7431915 255 79 163
37.3114126 81.4318141 42.7825377 255 79 163
37.6316399 81.0521459 43.7981857 255 79 163
37.2860499 81.4638302 44.9231286 255 79 163
37.234256 81.5087496 45.2864514 255 79 163
37.3917863 81.4720731 77.0751296 255 79 163
37.6805162 81.1137692 78.0501676 255 79 163
37.3668736 81.4968848 79.1090949 255 79 163
37.4433498 81.4242653 79.5529843 255 79 163
37.5530885 81.2999707 79.156829 255 79 163
37.5512751 81.3025673 79.5194874 255 79 163
37.6527072 81.1604068 79.1442769 255 79 163
37.5187823 81.3420612 79.7646283 255 79 163
37.7526331 80.9788074 79.4379672 255 79 163
37.6453624 81.1723832 79.7104388 255 79 163
37.5046746 81.207081 39.1711682 255 79 163
37.5311818 81.1747265 39.5257475 255 79 163
37.4971283 81.220267 39.8905276 255 79 163
37.8037334 80.6704217 40.5413955 255 79 163
36.7271157 81.7883538 42.1433279 255 79 163
36.7155402 81.7931335 42.3228035 255 79 163
37.7904336 80.7111452 41.0841938 255 79 163
37.7858158 80.7246532 41.2651266 255 79 163
36.6808511 81.8068358 42.86123 255 79 163
37.1864413 81.5403017 43.8681344 255 79 163
37.3520558 81.5091296 78.1692389 255 79 163
37.9046572 79.8474537 3.09635614 255 79 163
37.8616343 80.2661922 3.09635614 255 79 163
37.7232987 80.6924664 3.09635614 255 79 163
37.484823 81.0935899 3.09635614 255 79 163
37.1565471 81.4353689 3.09635614 255 79 163
36.7634349 81.6907699 3.09635614 255 79 163
36.3390567 81.8466859 3.09635614 255 79 163
36.0888545 81.8922935 3.09635614 255 79 163
35.8453725 81.9067384 3.09635614 255 79 163
35.8893086 81.8570514 2.54388123 255 79 163
36.0066339 81.709585 2.0091374 255 79 163
36.1756241 81.4690721 1.50928658 255 79 163
36.374555 81.1432315 1.06037095 255 79 163
36.5817022 80.7425208 0.676797944 255 79 163
36.7753414 80.2798003 0.370877875 255 79 163
36.9337483 79.7699206 0.152428913 255 79 163
37.0266162 79.2961673 0.0383446618 255 79 163
37.0608421 78.8103822 -4.4408921e-16 255 79 163
37.9046572 78.8103822 0.84381514 255 79 163
37.879142 78.8103822 0.637880174 255 79 163
37.8077587 78.8103822 0.451208995 255 79 163
37.7033047 78.8103822 0.296763299 255 79 163
37.5661511 78.8103822 0.16802911 255 79 163
37.4065919 78.8103822 0.0740872427 255 79 163
37.2374059 78.8103822 0.0186792776 255 79 163
37.1479646 78.8103822 0.00450968282 255 79 163
37.9046572 79.8650739 2.94398709 255 79 163
37.9046572 79.9491517 2.60364547 255 79 163
37.9046572 79.9946395 2.26420041 255 79 163
37.9046572 79.9796533 1.97236894 255 79 163
37.9046572 79.8904689 1.63868023 255 79 163
37.9046572 79.7287963 1.34359742 255 79 163
37.9046572 79.5181676 1.11508447 255 79 163
37.9046572 79.2828064 0.958869599 255 79 163
37.9046572 79.0530772 0.873701049 255 79 163
37.3168037 81.2706848 2.60697142 255 79 163
37.6422125 79.3632508 0.316897676 255 79 163
37.7496645 80.6339543 2.88890308 255 79 163
37.7628509 80.604272 2.78858474 255 79 163
37.8448739 80.3626012 2.70101627 255 79 163
37.7683395 80.5950777 2.53968809 255 79 163
37.8523267 80.3471259 2.1821905 255 79 163
37.6664476 80.7864281 2.26574814 255 79 163
37.7804149 80.5476275 2.15022791 255 79 163
37.4141482 80.9770651 1.64862493 255 79 163
36.6704149 81.7188136 2.73017039 255 79 163
37.8562562 80.3054803 1.94617014 255 79 163
37.7879737 80.4982797 1.93965464 255 79 163
36.6337163 81.7135256 2.54443752 255 79 163
37.7939918 80.4470634 1.77998961 255 79 163
36.666854 81.6559591 2.28560173 255 79 163
36.9445074 81.4614676 2.0331994 255 79 163
36.4079557 81.756312 2.36031439 255 79 163
37.8645355 80.1222346 1.4650984 255 79 163
37.7182611 80.4835325 1.44508529 255 79 163
37.8099072 80.2507625 1.37616056 255 79 163
37.544868 80.3307372 0.820984046 255 79 163
36.7709354 81.4534018 1.7407579 255 79 163
37.8165364 80.1362064 1.21294556 255 79 163
36.8290672 81.3268114 1.50601114 255 79 163
36.5644214 81.4874276 1.65007282 255 79 163
37.8223938 80.0132798 1.07059589 255 79 163
36.8914423 81.1797461 1.28278544 255 79 163
37.8273302 79.8890954 0.951977169 255 79 163
36.6601309 81.2988817 1.33880383 255 79 163
37.1495671 80.9123212 1.08740239 255 79 163
37.7744207 79.7564847 0.701021298 255 79 163
37.0344351 80.7908993 0.843460067 255 79 163
37.8387267 79.477352 0.683874388 255 79 163
36.8773252 80.7911871 0.770191252 255 79 163
37.0988798 80.5853646 0.669334107 255 79 163
37.1603794 80.3643555 0.514243581 255 79 163
36.9787296 80.5017534 0.547102054 255 79 163
37.2172178 80.1295779 0.379746893 255 79 163
37.387713 79.8745534 0.32663738 255 79 163
37.0720126 80.1872056 0.360184564 255 79 163
2.02072695 0 0.793156065 255 79 163
2.02072695 0.0239833824 0.59958456 255 79 163
2.02072695 0.0910811644 0.424120325 255 79 163
2.02072695 0.18926413 0.278946892 255 79 163
2.02072695 0.318183627 0.157941356 255 79 163
2.02072695 0.468163572 0.0696393595 255 79 163
2.02072695 0.627192343 0.0175578531 255 79 163
2.02072695 0.711263976 0.00423894063 255 79 163
2.02072695 0.793156065 -4.4408921e-16 255 79 163
10.370609 1.04959616 -1.24440133e-16 255 79 163
22.8774961 1.68815324 1.72029043e-17 255 79 163
29.7439711 2.00185473 2.08712781e-17 255 79 163
35.3843832 2.16025609 -3.37600996e-17 255 79 163
35.3843832 0 2.16025609 255 79 163
35.3843832 0.0429582836 1.73158796 255 79 163
35.3843832 0.181002637 1.2946568 255 79 163
35.3843832 0.419342224 0.881223144 255 79 163
35.3843832 0.748798184 0.524868385 255 79 163
35.3843832 1.14598507 0.252912211 255 79 163
35.3843832 1.57857744 0.0797858758 255 79 163
35.3843832 1.87340559 0.0191294799 255 79 163
10.370609 -1.24440133e-16 1.04959616 255 79 163
22.8774961 1.72029043e-17 1.68815324 255 79 163
29.7439711 2.08712781e-17 2.00185473 255 79 163
6.19566798 0.531489758 0.075831629 255 79 163
4.80402097 0.450243909 0.100218191 255 79 163
32.5641772 0.0964942711 1.4671284 255 79 163
33.5042458 0.244885477 1.13148894 255 79 163
32.5641772 0.175596212 1.25598628 255 79 163
32.5641772 1.39307608 0.121303279 255 79 163
2.94849162 0.0729881313 0.472981375 255 79 163
3.41237396 0.10867894 0.410535617 255 79 163
4.80402097 0.148614492 0.370436271 255 79 163
7.58731499 0.257350221 0.292765343 255 79 163
8.978962 0.614644884 0.0743546139 255 79 163
11.7602631 0.195419889 0.482567481 255 79 163
10.370609 0.307419598 0.307419598 255 79 163
12.4550902 0.146271186 0.585084742 255 79 163
13.4973308 0.083961638 0.755654742 255 79 163
16.6240526 0.397319265 0.397319265 255 79 163
18.7085337 0.187471154 0.749884615 255 79 163
13.8447443 0.213139013 0.526322869 255 79 163
14.5395714 0.637780235 0.159445059 255 79 163
18.0137067 0.845477509 0.125070637 255 79 163
19.4033608 0.652872064 0.264386208 255 79 163
19.7507743 0.962645242 0.106960582 255 79 163
21.487842 0.141272026 0.954998899 255 79 163
20.7930149 0.80678423 0.201696057 255 79 163
21.487842 0.700990455 0.283872168 255 79 163
22.8774961 0.494448635 0.494448635 255 79 163
22.8774961 0.118528107 1.06675296 255 79 163
23.6404378 0.303439183 0.749309003 255 79 163
22.8774961 1.06675296 0.118528107 255 79 163
24.0219086 0.223070519 0.892282077 255 79 163
24.5941149 0.124605455 1.1214491 255 79 163
23.6404378 1.02082599 0.151009761 255 79 163
25.1663211 0.921068476 0.230267119 255 79 163
24.7848503 0.313450774 0.774031504 255 79 163
25.547792 0.159215319 1.07629555 255 79 163
27.4551461 0.243762899 0.975051595 255 79 163
26.3107336 0.543832725 0.543832725 255 79 163
27.0736753 1.11795627 0.165378146 255 79 163
28.9810295 0.172441492 1.16570449 255 79 163
28.0273524 1.2214305 0.1357145 255 79 163
27.836617 0.83508682 0.338175654 255 79 163
28.5995586 0.999833074 0.249958269 255 79 163
29.7439711 0.140553622 1.2649826 255 79 163
29.7439711 0.586329676 0.586329676 255 79 163
28.9810295 0.855653048 0.346504127 255 79 163
30.3706836 0.266650844 1.02054983 255 79 163
30.6840398 0.151885051 1.26440001 255 79 163
31.3107523 0.13224477 1.331572 255 79 163
31.6241085 0.641724919 0.570204617 255 79 163
30.3706836 1.048819 0.250801284 255 79 163
29.7439711 1.2649826 0.140553622 255 79 163
30.6840398 1.30880861 0.134303359 255 79 163
31.3107523 1.3374595 0.130035564 255 79 163
32.2508209 0.660065317 0.563828716 255 79 163
32.5641772 0.669187999 0.560457737 255 79 163
32.8775334 0.507301805 0.734118381 255 79 163
33.0342115 0.732322893 0.51113199 255 79 163
33.8176021 1.08538907 0.273076707 255 79 163
34.4443145 0.8043849 0.46919325 255 79 163
34.4443145 0.624832975 0.630151294 255 79 163
34.4443145 0.934581579 0.37291453 255 79 163
34.7576707 0.913877872 0.390287027 255 79 163
34.7576707 1.14097517 0.250989811 255 79 163
2.71655045 0.374265208 0.124697898 255 79 163
2.48460928 0.512939822 0.0534214015 255 79 163
2.71655045 0.414703898 0.100730724 255 79 163
8.978962 0.192808168 0.403879124 255 79 163
9.67478551 0.162575893 0.46742616 255 79 163
9.90672668 0.205691141 0.412170057 255 79 163
10.8338271 0.491308457 0.170002926 255 79 163
11.0654361 0.594992732 0.115190593 255 79 163
11.5286541 0.423717441 0.233243004 255 79 163
11.4128496 0.560125073 0.140031268 255 79 163
12.4550902 0.585084742 0.146271186 255 79 163
21.1404285 0.417099794 0.521013929 255 79 163
23.8311732 0.566461384 0.453482936 255 79 163
25.3570565 0.473092652 0.590956565 255 79 163
27.2644107 0.619684403 0.496090838 255 79 163
28.7902941 0.512971706 0.640770885 255 79 163
29.3625003 1.41983338 0.0827251317 255 79 163
30.4751357 0.422335014 0.789643808 255 79 163
30.5273617 0.512798936 0.681622183 255 79 163
30.6840398 0.614058606 0.578837064 255 79 163
30.5795877 0.750376028 0.455341209 255 79 163
30.997396 0.623294404 0.576085096 255 79 163
33.660924 0.601860743 0.643009907 255 79 163
34.4443145 0.179505193 1.28394603 255 79 163
34.9143489 0.15041559 1.36141653 255 79 163
35.071027 0.107001527 1.48415189 255 79 163
34.9143489 0.248464712 1.14802673 255 79 163
10.2159816 0.490908264 0.158051762 255 79 163
10.1386678 0.591367124 0.101576306 255 79 163
36.1098373 0 2.5221955 255 79 163
36.5013199 0.0432149673 2.5221955 255 79 163
36.8981234 0.182373475 2.5221955 255 79 163
37.2648025 0.42098075 2.5221955 255 79 163
37.5655908 0.744981698 2.5221955 255 79 163
37.7748646 1.12469857 2.5221955 255 79 163
37.8738059 1.46346912 2.5221955 255 79 163
37.9046572 1.79481985 2.5221955 255 79 163
37.9046572 2.03126621 17.360784 255 79 163
37.9046572 2.60708761 37.1455687 255 79 163
37.9046572 3.14522971 55.3926779 255 79 163
37.9046572 3.34237274 65.021766 255 79 163
37.9046572 3.42776121 73.6397871 255 79 163
34.4855286 -7.72215059e-17 71.9459091 255 79 163
35.0330102 0.0441652921 71.9973711 255 79 163
35.5662495 0.175614739 72.1324283 255 79 163
36.0713456 0.390919022 72.3293351 255 79 163
36.5352216 0.684318454 72.566581 255 79 163
36.9460144 1.04799295 72.8227816 255 79 163
37.2933562 1.47237776 73.0765696 255 79 163
37.5685716 1.94648024 73.3065134 255 79 163
37.7648157 2.45817386 73.4910771 255 79 163
37.869505 2.93797157 73.6001585 255 79 163
35.873391 -1.11643644e-16 17.360784 255 79 163
35.2975696 -3.33311613e-16 37.1455687 255 79 163
34.7807187 -3.81551722e-16 54.5457389 255 79 163
34.583279 -2.77955455e-16 63.727871 255 79 163
36.64294 0.10504637 9.94148976 255 79 163
36.7356396 0.128250304 7.46839167 255 79 163
36.9489315 1.03808933 69.8278432 255 79 163
37.4476992 1.69074574 68.6755506 255 79 163
37.5734045 1.93002277 68.7941734 255 79 163
37.1929184 1.32084943 69.9725606 255 79 163
37.6773168 2.17225459 68.9222738 255 79 163
37.3996222 1.62076023 70.1370428 255 79 163
37.7610922 2.41795724 69.0491679 255 79 163
37.5704426 1.93521785 70.3070392 255 79 163
37.8423494 2.76029326 70.5793743 255 79 163
37.7597442 2.44066126 73.3581785 255 79 163
37.8249828 2.6924224 73.4731502 255 79 163
37.6064304 0.813148995 4.17092756 255 79 163
37.4386832 0.596335961 4.17092756 255 79 163
37.7284545 1.02931944 4.17092756 255 79 163
37.4957623 0.66781116 4.99529359 255 79 163
37.367776 0.526757949 4.99529359 255 79 163
37.6077184 0.82065492 4.99529359 255 79 163
37.5197568 0.71701647 7.46839167 255 79 163
37.7655741 1.1421247 7.46839167 255 79 163
37.8431384 1.41647174 10.7658558 255 79 163
36.6362621 0.120381506 13.2389539 255 79 163
37.3009687 0.525294081 12.4145878 255 79 163
36.6309627 0.128850471 14.8876859 255 79 163
36.8696718 0.245544003 15.712052 255 79 163
37.755728 1.22297957 14.8876859 255 79 163
36.6210893 0.142618651 17.360784 255 79 163
37.3097131 0.594944098 17.360784 255 79 163
37.6407477 1.00222894 15.712052 255 79 163
37.7620385 1.28356786 17.360784 255 79 163
36.6721935 0.182317115 19.5590934 255 79 163
36.7789273 0.281432476 23.9557122 255 79 163
37.538309 0.904655796 19.5590934 255 79 163
37.8380378 1.6654842 23.9557122 255 79 163
37.5229579 0.942563596 22.8565575 255 79 163
37.7531775 1.36331761 22.3069802 255 79 163
37.7092828 1.32073105 25.0548669 255 79 163
37.5981933 1.22585579 30.5506405 255 79 163
37.2313253 0.673331946 27.2531764 255 79 163
36.5066005 0.206813122 29.4514858 255 79 163
36.0910397 0.0725446996 30.5506405 255 79 163
36.8489633 0.427512391 31.6497952 255 79 163
36.356195 0.172051354 32.1993725 255 79 163
37.828991 1.89165518 33.8481046 255 79 163
37.6828168 1.49964134 34.9472593 255 79 163
36.327349 0.23332962 39.0789209 255 79 163
36.2572247 0.18304805 37.1455687 255 79 163
37.7216091 1.64743245 37.1455687 255 79 163
35.86418 0.0816190867 40.0455971 255 79 163
37.8201504 2.11266934 43.0867819 255 79 163
37.4197166 1.19750628 41.9789493 255 79 163
37.7119276 1.73456607 41.4956112 255 79 163
37.6578079 1.66870139 44.0064059 255 79 163
37.5248209 1.51934503 49.0279952 255 79 163
37.0613038 0.843353371 45.8456538 255 79 163
36.168633 0.256808313 47.779006 255 79 163
36.4789103 0.356436716 42.9456254 255 79 163
35.6630039 0.0896661322 48.7456822 255 79 163
36.6048997 0.52634808 49.8064626 255 79 163
36.0046056 0.211116845 50.1956963 255 79 163
37.812051 2.31515467 52.2103365 255 79 163
36.0396623 0.275886817 55.8012366 255 79 163
35.9272287 0.219714277 54.7574736 255 79 163
35.5117575 0.0957159862 56.2172507 255 79 163
35.2014403 0.0422377638 58.7207908 255 79 163
36.2671995 0.409364428 57.8887626 255 79 163
37.6803156 2.01907477 57.4764762 255 79 163
37.3427206 1.3876394 57.613905 255 79 163
37.4990082 1.62259587 56.6407202 255 79 163
35.4347714 0.0987954299 60.8083168 255 79 163
37.8074148 2.43106006 58.3867248 255 79 163
35.8296877 0.230552172 61.6440727 255 79 163
36.2181292 0.421632006 62.5543213 255 79 163
36.4807496 0.576623728 61.5563057 255 79 163
37.8618989 2.7365281 60.5984052 255 79 163
35.4664231 0.125725327 65.3217702 255 79 163
35.802431 0.233580689 64.0513448 255 79 163
35.9889922 0.319708854 65.0061196 255 79 163
36.9287033 0.975953912 64.3748185 255 79 163
37.8045004 2.50392024 63.2012688 255 79 163
37.4858526 1.67521828 61.3807716 255 79 163
37.6703394 2.10886039 64.6982923 255 79 163
37.6144514 1.96179144 63.5924521 255 79 163
35.1336438 0.0548816622 67.5298165 255 79 163
36.3563095 0.53456893 66.9156693 255 79 163
35.4287866 0.127666019 69.4307892 255 79 163
37.7972006 2.5246025 66.8486583 255 79 163
37.4989967 1.76622038 66.8709953 255 79 163
37.5235604 1.80309411 65.9687177 255 79 163
37.8266653 2.64867767 66.9079697 255 79 163
37.7369786 2.3260961 67.4971633 255 79 163
35.6019784 0.185124458 70.8315488 255 79 163
35.8597507 0.28156251 69.5262556 255 79 163
35.4123529 0.12680347 71.2201562 255 79 163
35.8798051 0.294471992 70.8572797 255 79 163
35.7759195 0.25136277 71.2823293 255 79 163
36.6289277 0.750299266 70.6442775 255 79 163
36.6659065 0.77605256 69.7171885 255 79 163
36.301764 0.519239178 70.9801359 255 79 163
36.4562052 0.622038636 71.0524946 255 79 163
36.9509015 1.04522879 70.8129795 255 79 163
36.3307913 0.539264296 71.4781081 255 79 163
36.8185086 0.916830539 71.233189 255 79 163
37.1136372 1.22738565 70.9244724 255 79 163
36.9487119 1.04525487 71.3181872 255 79 163
36.8173627 0.917752213 71.7343184 255 79 163
37.1328479 1.25310055 71.43681 255 79 163
37.5436189 1.88618157 71.2363984 255 79 163
37.5298395 1.86143998 71.701078 255 79 163
37.4573929 1.72940377 72.1595753 255 79 163
36.6748962 0.0929449431 3.34656153 255 79 163
37.0015992 0.23974147 3.34656153 255 79 163
36.761406 0.125423529 3.75874454 255 79 163
36.7541079 0.126224184 4.99529359 255 79 163
37.4467294 0.645820749 9.3919124 255 79 163
37.407242 0.611236182 10.3536728 255 79 163
37.3731465 0.582099772 11.0406445 255 79 163
37.3032526 0.539744685 13.5137425 255 79 163
37.0978812 0.377046671 14.3381086 255 79 163
37.3043101 0.547189616 14.0633199 255 79 163
37.3058018 0.55863216 14.8876859 255 79 163
37.1701491 0.441522949 15.1624746 255 79 163
37.401132 0.663459958 15.2998689 255 79 163
37.4888779 0.770936953 15.4372633 255 79 163
37.8189973 1.4702043 18.4599387 255 79 163
37.6346846 1.07989029 20.6582481 255 79 163
37.3359286 0.659590571 19.9254783 255 79 163
37.2199654 0.548132796 20.1086708 255 79 163
37.1368309 0.491408809 21.2078255 255 79 163
37.3281647 0.668594852 21.024633 255 79 163
37.480727 0.896910254 23.5893273 255 79 163
37.4586615 0.874151542 23.9557122 255 79 163
37.3253075 0.723685982 24.5052896 255 79 163
37.5529757 1.01635941 24.3220971 255 79 163
37.1633045 0.639227583 29.0851009 255 79 163
36.8082772 0.379370238 30.1842556 255 79 163
37.1276671 0.622022579 30.0010631 255 79 163
36.9527559 0.485663914 30.5506405 255 79 163
36.9187467 0.465996759 30.9170254 255 79 163
37.5162449 1.12251164 32.0161801 255 79 163
37.2314561 0.780753939 33.1153348 255 79 163
36.6260544 0.319650707 33.8481046 255 79 163
37.4710958 1.07063114 32.7489499 255 79 163
35.9734886 0.0772467454 35.4968366 255 79 163
37.3980958 0.992860391 33.8481046 255 79 163
36.2591419 0.165432531 35.3136442 255 79 163
36.8038871 0.445766416 34.9472593 255 79 163
37.1093167 0.685778266 34.5808744 255 79 163
37.2467112 0.821863392 34.3976819 255 79 163
37.5052471 1.15429514 34.2144895 255 79 163
36.0669474 0.107072271 36.046414 255 79 163
37.3187397 0.91549607 34.9472593 255 79 163
37.1410589 0.763598281 37.1455687 255 79 163
36.1299574 0.129939959 36.4127989 255 79 163
36.9417473 0.616262335 39.0789209 255 79 163
37.4358044 1.15777936 39.0789209 255 79 163
37.7725126 1.80481019 37.7900194 255 79 163
36.6699766 0.427225126 39.7233717 255 79 163
37.794848 1.88468475 38.1122448 255 79 163
37.0292488 0.700811749 39.562259 255 79 163
37.1772664 0.843601135 39.4011463 255 79 163
37.5598586 1.37919422 40.0455971 255 79 163
36.8336856 0.546414078 40.0455971 255 79 163
37.7321154 1.71622978 38.7566956 255 79 163
37.8244292 2.00569894 38.5955829 255 79 163
36.7203324 0.479602608 41.0122732 255 79 163
37.0482091 0.738467961 40.6900478 255 79 163
36.6419613 0.436919005 41.6567239 255 79 163
37.366883 1.13777018 42.6704522 255 79 163
37.3393552 1.10799187 43.0162037 255 79 163
37.1717565 0.915491881 43.4760157 255 79 163
37.4593578 1.28691524 43.3462711 255 79 163
37.1358874 0.891591009 44.265895 255 79 163
36.9818329 0.795700576 47.550885 255 79 163
36.5461408 0.47007489 48.5175611 255 79 163
36.940698 0.771701375 48.4035006 255 79 163
36.7264737 0.601114016 48.8868387 255 79 163
36.6865086 0.575765535 49.19338 255 79 163
37.4262515 1.38259257 50.3482648 255 79 163
37.0800542 0.956344352 51.2678887 255 79 163
36.3456852 0.38974299 51.786867 255 79 163
37.3723706 1.31442201 51.0083996 255 79 163
35.5701786 0.0933791422 53.166303 255 79 163
35.9127606 0.200256112 53.0600845 255 79 163
36.5685139 0.541082828 52.8476475 255 79 163
37.2858502 1.21286171 51.9986018 255 79 163
37.072534 0.965065903 52.281617 255 79 163
35.6883027 0.129133618 53.6966932 255 79 163
35.7676528 0.156467176 54.0502867 255 79 163
37.3650715 1.33244631 52.528992 255 79 163
37.1925886 1.11260718 52.988804 255 79 163
37.4650566 1.49171961 52.7293148 255 79 163
37.6347263 1.82473262 53.1299605 255 79 163
36.8410279 0.79044983 55.6179982 255 79 163
36.9865391 0.918118115 54.9692084 255 79 163
36.4512049 0.50292468 56.2197359 255 79 163
36.7648762 0.729459862 55.9423931 255 79 163
36.8721653 0.826565528 56.2209784 255 79 163
36.6466885 0.641820777 56.4289855 255 79 163
37.0454077 0.99652608 56.1751688 255 79 163
37.3490801 1.37193519 56.0835496 255 79 163
36.5240793 0.559076997 56.9155779 255 79 163
36.9702396 0.934417607 57.2647414 255 79 163
37.8090883 2.38922291 56.0166991 255 79 163
37.6841954 1.98415577 55.1809431 255 79 163
37.1036191 1.07787693 57.3811293 255 79 163
36.8604161 0.835971393 57.7513338 255 79 163
36.1724764 0.365668564 58.723276 255 79 163
37.1635195 1.15802765 58.0935252 255 79 163
37.6227135 1.90593929 58.777908 255 79 163
36.12451 0.344636504 59.1405326 255 79 163
37.0652457 1.04853823 58.3333353 255 79 163
36.0761703 0.324163888 59.5577893 255 79 163
36.9552463 0.94941086 59.5602744 255 79 163
35.9784631 0.284939961 60.3923027 255 79 163
37.0292832 1.01522659 58.742315 255 79 163
36.8780569 0.885180876 60.4444496 255 79 163
37.5803072 1.82953697 59.6455292 255 79 163
37.5578981 1.79111101 60.0793398 255 79 163
37.5346851 1.75256658 60.5131504 255 79 163
36.8384671 0.853542728 60.8865372 255 79 163
37.0481246 1.06992486 61.4685387 255 79 163
36.7235565 0.755904471 61.1097933 255 79 163
36.7949727 0.824676368 61.8304662 255 79 163
35.4015365 0.100124829 63.1410962 255 79 163
36.9410889 0.963568299 61.9675465 255 79 163
35.7668449 0.214925803 63.147782 255 79 163
36.4679052 0.581825185 63.1611537 255 79 163
35.5350757 0.138061226 63.4445124 255 79 163
36.791591 0.82718954 62.3654156 255 79 163
37.0441511 1.07488828 62.2709627 255 79 163
35.6242618 0.166965978 63.6467898 255 79 163
37.3801708 1.51576571 62.5810647 255 79 163
37.3227701 1.43690494 63.1812113 255 79 163
37.1390334 1.19628711 63.3768029 255 79 163
37.0714929 1.12110588 63.7094748 255 79 163
37.4310776 1.60702209 63.3182915 255 79 163
36.8104532 0.868364227 64.939452 255 79 163
36.7492409 0.816457774 65.2217688 255 79 163
37.3538971 1.50877842 65.4374179 255 79 163
36.622913 0.716682495 65.7864023 255 79 163
37.1430605 1.22878604 66.1072683 255 79 163
37.0257549 1.0961539 66.4421935 255 79 163
36.1916642 0.437988953 67.4136986 255 79 163
37.2023034 1.30751765 66.5851274 255 79 163
37.8145967 2.5780668 65.4952418 255 79 163
36.107646 0.393222442 67.6627132 255 79 163
37.0071023 1.07958079 66.8933323 255 79 163
36.9694019 1.04637545 67.7956099 255 79 163
36.2043384 0.448297599 68.0196925 255 79 163
36.4765439 0.621731619 67.9449983 255 79 163
37.1206467 1.22115947 68.5095685 255 79 163
35.9515747 0.319131192 68.490058 255 79 163
37.4304511 1.6526672 67.6463866 255 79 163
37.2978292 1.45431001 68.5770973 255 79 163
36.3451049 0.53843734 68.9701788 255 79 163
36.186934 0.443615765 69.1555378 255 79 163
36.5410177 0.674492029 69.017912 255 79 163
37.8157309 2.64814136 72.6704325 255 79 163
36.5413507 0.530941167 53.5195453 255 79 163
36.6958599 0.648800836 54.0027663 255 79 163
36.4105896 0.458481807 54.5097475 255 79 163
37.3384062 1.34497345 55.3994707 255 79 163
36.103697 0.348665885 60.9590551 255 79 163
36.483334 0.598395216 63.8804098 255 79 163
37.3162909 1.44627909 64.8188721 255 79 163
37.2436773 1.18570475 53.5663634 255 79 163
37.4157873 1.43801676 54.1045567 255 79 163
37.2815911 1.25265572 54.5918547 255 79 163
37.1890177 1.13698829 54.7176393 255 79 163
37.7442894 2.12867738 54.209065 255 79 163
37.7882979 2.28371319 54.7486173 255 79 163
37.7574749 2.18377893 54.8927259 255 79 163
35.3843832 0 2.16025609 255 79 163
35.3843832 0.0429582836 1.73158796 255 79 163
35.3843832 0.181002637 1.2946568 255 79 163
35.3843832 0.419342224 0.881223144 255 79 163
35.3843832 0.748798184 0.524868385 255 79 163
35.3843832 1.14598507 0.252912211 255 79 163
35.3843832 1.57857744 0.0797858758 255 79 163
35.3843832 1.87340559 0.0191294799 255 79 163
35.3843832 2.16025609 -3.37600996e-17 255 79 163
35.9521214 2.13722688 0.0648049154 255 79 163
36.4906031 2.08249778 0.255911224 255 79 163
36.9720942 2.00936574 0.563417582 255 79 163
37.3718995 1.93097478 0.97138127 255 79 163
37.6696222 1.86040014 1.45874898 255 79 163
37.8451904 1.81218283 1.97765792 255 79 163
37.9046572 1.79481985 2.5221955 255 79 163
36.1098373 0 2.5221955 255 79 163
36.5013199 0.0432149673 2.5221955 255 79 163
36.8981234 0.182373475 2.5221955 255 79 163
37.2648025 0.42098075 2.5221955 255 79 163
37.5655908 0.744981698 2.5221955 255 79 163
37.7748646 1.12469857 2.5221955 255 79 163
37.8738059 1.46346912 2.5221955 255 79 163
35.5969621 -1.56387951e-16 2.12837687 255 79 163
35.7144815 -5.63884606e-17 2.12880293 255 79 163
35.8239622 -1.16988507e-17 2.15334769 255 79 163
35.905107 -9.46356362e-17 2.190456 255 79 163
35.9860952 -1.51601813e-16 2.2505247 255 79 163
36.0476385 7.07832915e-17 2.32314715 255 79 163
36.0847824 4.74754449e-16 2.39394407 255 79 163
36.103387 6.53138002e-16 2.45690975 255 79 163
35.8059524 0.625979343 0.675183248 255 79 163
37.3226205 0.530980148 2.07980632 255 79 163
35.5827547 0.0424197836 1.73709593 255 79 163
35.8454773 0.156658385 1.39851447 255 79 163
35.9575816 0.0613516051 1.72285296 255 79 163
36.0614049 0.143330803 1.49799601 255 79 163
35.9110005 0.36578865 1.01720887 255 79 163
36.5872986 0.589065875 1.01378785 255 79 163
36.0754059 0.0600459228 1.77745339 255 79 163
36.1752707 0.14092679 1.55542985 255 79 163
36.2697504 0.13880372 1.61447612 255 79 163
36.2931901 0.0574686588 1.93789686 255 79 163
35.9857939 0.778067216 0.572470329 255 79 163
36.3616205 0.0566246332 2.01338109 255 79 163
36.0801596 0.857624593 0.533780381 255 79 163
36.4898644 0.133476308 1.80819899 255 79 163
36.5709657 0.247386268 1.55968709 255 79 163
37.1615831 0.545780426 1.66634019 255 79 163
36.5455221 0.13205152 1.87572222 255 79 163
36.6007606 0.130606468 1.95481882 255 79 163
36.462268 0.043607273 2.29014787 255 79 163
35.7547092 1.62106611 0.0943515543 255 79 163
36.2441994 1.25743046 0.342748696 255 79 163
36.7336922 0.146037287 2.11812794 255 79 163
35.9386641 1.63731178 0.123054123 255 79 163
35.9477919 1.85330923 0.083544988 255 79 163
36.6539983 1.29419064 0.513450662 255 79 163
36.8748703 1.27018369 0.6683485 255 79 163
37.1657848 0.987493256 1.11184331 255 79 163
36.7785532 1.53865697 0.496602822 255 79 163
37.0770855 1.24532982 0.847340892 255 79 163
37.0688944 1.49952327 0.729088775 255 79 163
37.4116374 1.19772998 1.26332368 255 79 163
37.5496262 0.816430691 2.02799332 255 79 163
37.5433393 1.17645419 1.50006088 255 79 163
37.5270265 1.42360899 1.30774802 255 79 163
37.6713597 1.15062942 1.82780324 255 79 163
37.8144616 1.47750656 1.98445786 255 79 163
35.3843832 2.16025609 -3.37600996e-17 255 79 163
35.6101307 18.1457992 -2.04313275e-16 255 79 163
36.180998 39.4598566 -2.5250054e-16 255 79 163
36.7345241 59.1351194 -1.70883004e-16 255 79 163
36.9511065 69.5459479 -9.82387398e-17 255 79 163
37.0608421 78.8103822 -4.4408921e-16 255 79 163
35.9521214 2.13722688 0.0648049154 255 79 163
36.4906031 2.08249778 0.255911224 255 79 163
36.9720942 2.00936574 0.563417582 255 79 163
37.3718995 1.93097478 0.97138127 255 79 163
37.6696222 1.86040014 1.45874898 255 79 163
37.8451904 1.81218283 1.97765792 255 79 163
37.9046572 1.79481985 2.5221955 255 79 163
37.9046572 17.7055785 2.30386726 255 79 163
37.9046572 38.9199234 1.73970977 255 79 163
37.9046572 58.8651528 1.17675288 255 79 163
37.9046572 69.4290828 0.955494844 255 79 163
37.9046572 78.8103822 0.84381514 255 79 163
37.879142 78.8103822 0.637880174 255 79 163
37.8077587 78.8103822 0.451208995 255 79 163
37.7033047 78.8103822 0.296763299 255 79 163
37.5661511 78.8103822 0.16802911 255 79 163
37.4065919 78.8103822 0.0740872427 255 79 163
37.2374059 78.8103822 0.0186792776 255 79 163
37.1479646 78.8103822 0.00450968282 255 79 163
37.7781082 1.86289731 1.73301545 255 79 163
37.1893185 9.93291731 0.71533873 255 79 163
36.8164226 7.33435384 0.425403381 255 79 163
37.1329345 7.30843439 0.679981219 255 79 163
37.3948496 9.92140272 0.949000884 255 79 163
37.5578075 9.89403813 1.18815549 255 79 163
37.6852915 9.85747216 1.43152597 255 79 163
37.3915689 7.26581402 0.967273292 255 79 163
37.7820176 9.81827665 1.67947947 255 79 163
37.5959582 7.21530636 1.2796725 255 79 163
37.655773 72.5951376 0.283134278 255 79 163
37.6250844 69.4875154 0.279572784 255 79 163
37.3755886 74.1781651 0.0754861894 255 79 163
36.5755596 4.72283065 0.292029743 255 79 163
36.1092347 4.74730497 0.101838185 255 79 163
36.6592779 3.82851289 0.341604558 255 79 163
36.7417997 4.70152046 0.388710651 255 79 163
36.878487 5.57049177 0.477929926 255 79 163
37.8307887 4.50506311 1.90030995 255 79 163
37.2197252 5.52120604 0.77780524 255 79 163
37.125678 4.64890205 0.688301845 255 79 163
36.3015242 7.38838484 0.158724356 255 79 163
36.6785224 12.6705446 0.306533701 255 79 163
37.3728344 10.8073516 0.91248796 255 79 163
37.4822031 10.7820978 1.06072388 255 79 163
37.1702862 11.2822914 0.684877027 255 79 163
37.2673024 11.2640084 0.784880099 255 79 163
37.3572373 11.2444106 0.888871758 255 79 163
37.6711949 13.3981333 1.35754319 255 79 163
36.128035 15.4081719 0.071064888 255 79 163
36.5252532 16.2473442 0.204053847 255 79 163
36.4532496 18.035744 0.161267507 255 79 163
37.7079755 20.1850115 1.32956833 255 79 163
37.6320141 24.923767 1.0905724 255 79 163
36.5307022 23.3393302 0.152661668 255 79 163
36.771328 21.5347831 0.283332307 255 79 163
36.6639958 26.2846178 0.183529796 255 79 163
36.9670318 23.8674758 0.379699527 255 79 163
36.9149527 32.175193 0.247426123 255 79 163
37.3075219 28.5328613 0.597135288 255 79 163
37.7318722 30.7921839 1.16802682 255 79 163
37.8458693 31.9218452 1.4696964 255 79 163
37.7717903 33.7263924 1.1958017 255 79 163
37.5695559 33.2093259 0.827495106 255 79 163
37.6697025 35.5475582 0.939818868 255 79 163
36.8417331 36.9416465 0.157237293 255 79 163
37.1827474 41.4660192 0.292343657 255 79 163
36.8129313 39.3248733 0.121302881 255 79 163
37.3974579 39.18989 0.507199249 255 79 163
37.7587007 41.2860415 0.986665957 255 79 163
37.7827908 39.0549067 1.0967972 255 79 163
37.7083195 45.7483109 0.78535083 255 79 163
37.0717574 42.6040838 0.208224958 255 79 163
36.9066132 44.3111806 0.110893777 255 79 163
37.2255618 44.7902241 0.275005581 255 79 163
37.0184841 47.036357 0.131090699 255 79 163
37.4835551 49.1625047 0.421102053 255 79 163
37.2179174 52.4867096 0.17168496 255 79 163
37.6734282 53.504789 0.570994148 255 79 163
37.8132218 54.0138288 0.822918444 255 79 163
37.7439645 55.6759312 0.642770792 255 79 163
37.6887031 56.7839995 0.533274495 255 79 163
37.8221519 58.9326445 0.742548088 255 79 163
37.4081734 60.2039024 0.201055417 255 79 163
37.1642007 59.0676278 0.0822729496 255 79 163
37.5609653 59.0001361 0.34369194 255 79 163
37.3272012 60.8057855 0.144363998 255 79 163
37.2037053 61.7086103 0.0778835468 255 79 163
37.3849145 66.0367167 0.129935665 255 79 163
37.5962878 64.2821011 0.308369392 255 79 163
37.42592 61.9645574 0.193868792 255 79 163
37.765173 62.4764517 0.557936692 255 79 163
37.7278037 66.5826335 0.436719887 255 79 163
37.8343473 66.855592 0.632788727 255 79 163
37.778821 67.7328998 0.503344947 255 79 163
37.7334256 68.3177716 0.422837092 255 79 163
37.738923 75.1945616 0.362979071 255 79 163
37.703848 76.4942736 0.30921071 255 79 163
37.7732752 76.4942736 0.404869097 255 79 163
37.8183758 77.2663098 0.481100375 255 79 163
36.0227473 2.99438449 0.0810463721 255 79 163
37.4709361 2.51727011 1.10532714 255 79 163
37.2500651 2.8444565 0.823385706 255 79 163
37.3497219 2.8457051 0.939918882 255 79 163
37.5608666 3.39882444 1.24391567 255 79 163
37.412503 4.166788 1.0150635 255 79 163
37.323315 4.32749268 0.900770268 255 79 163
37.5713054 4.57698258 1.25526305 255 79 163
37.4671563 4.89172373 1.08766585 255 79 163
37.60286 5.01313457 1.30897871 255 79 163
37.2590297 13.0343389 0.758317372 255 79 163
36.9151492 13.8256166 0.448239903 255 79 163
37.0265597 14.4031526 0.52803385 255 79 163
37.2488777 14.6647889 0.730000564 255 79 163
37.6039061 15.1880616 1.20300422 255 79 163
36.971335 15.2981167 0.476184784 255 79 163
36.8879247 15.7543879 0.411734631 255 79 163
37.1655 15.5656125 0.637334493 255 79 163
37.494119 16.100604 1.01377807 255 79 163
36.7699362 15.9187067 0.334395336 255 79 163
37.0620365 16.1739741 0.539277264 255 79 163
37.753292 16.3314147 1.50559083 255 79 163
37.8080581 16.9030913 1.65795637 255 79 163
37.7430618 17.8156337 1.45435884 255 79 163
37.2312328 17.9256888 0.673424447 255 79 163
36.2822777 19.2387754 0.0945262711 255 79 163
36.9301801 20.3317517 0.394622953 255 79 163
37.1998813 20.6838487 0.607689405 255 79 163
37.3855751 20.2583816 0.811065784 255 79 163
37.3213542 20.8598973 0.728624101 255 79 163
37.2086124 21.8624235 0.600161054 255 79 163
37.3951441 22.0262436 0.796114288 255 79 163
37.2142214 25.6041924 0.552731117 255 79 163
37.3937541 31.4836885 0.638186896 255 79 163
37.5944526 31.6297407 0.896491227 255 79 163
37.5118213 32.0485191 0.76995833 255 79 163
37.5316399 32.4354547 0.789193608 255 79 163
37.3114037 36.2446024 0.474931506 255 79 163
37.5877714 36.7616688 0.782513914 255 79 163
37.8309033 37.8407961 1.26585724 255 79 163
37.4739009 41.9450626 0.538072797 255 79 163
37.2630937 55.7659201 0.160390863 255 79 163
37.2847331 57.4055253 0.154981031 255 79 163
37.4359408 57.19835 0.258013521 255 79 163
37.2442171 57.9595595 0.127861208 255 79 163
37.2173542 58.3289156 0.111401274 255 79 163
37.7955719 59.3338999 0.673014309 255 79 163
37.7809375 59.5345276 0.639048066 255 79 163
37.7756756 60.515169 0.610988934 255 79 163
37.3738291 68.9318597 0.102768324 255 79 163
37.463525 69.1170783 0.152640899 255 79 163
37.3997526 77.6523279 0.0740201666 255 79 163
37.5746343 78.038346 0.177246042 255 79 163
36.6792121 2.9194205 0.356094394 255 79 163
37.8018256 2.15604498 1.80772567 255 79 163
37.7376778 2.5703048 1.61625428 255 79 163
37.8231129 2.59682214 1.88217423 255 79 163
37.1679501 3.61366866 0.734198879 255 79 163
37.525196 16.5385327 1.05405899 255 79 163
37.1631368 19.1164919 0.593627149 255 79 163
36.8816532 19.7485785 0.368281441 255 79 163
37.1286686 19.7118934 0.555589471 255 79 163
37.2192159 19.8940562 0.636497426 255 79 163
37.5083609 37.1813705 0.667550307 255 79 163
37.4658626 37.3912213 0.612861859 255 79 163
37.4431927 37.9907776 0.576431415 255 79 163
37.0841012 16.3929384 0.555495742 255 79 163
37.7309887 18.212568 1.41770202 255 79 163
37.7248037 18.4110352 1.39946973 255 79 163
37.7192206 19.0023606 1.37611166 255 79 163
36.8386085 38.1307602 0.143654373 255 79 163
36.8374039 38.7253171 0.137158582 255 79 163
36.829182 38.9251691 0.131745707 255 79 163
19.4673777 6.3625989 26.3250853 255 79 163
19.575003 6.37593361 26.3250853 255 79 163
19.6725608 6.41323984 26.3250853 255 79 163
19.7532769 6.46782937 26.3250853 255 79 163
19.8205557 6.53950834 26.3250853 255 79 163
19.8696514 6.62289688 26.3250853 255 79 163
19.8986086 6.71131654 26.3250853 255 79 163
19.9060139 6.7580602 26.3250853 255 79 163
19.9083708 6.80359203 26.3250853 255 79 163
19.9083708 6.56152319 30.9406958 255 79 163
19.9023557 6.51297527 30.9406958 255 79 163
19.8855275 6.46896868 30.9406958 255 79 163
19.8609032 6.43255905 30.9406958 255 79 163
19.82857 6.40221074 30.9406958 255 79 163
19.7909549 6.38006452 30.9406958 255 79 163
19.7510703 6.36700243 30.9406958 255 79 163
19.7299851 6.36366203 30.9406958 255 79 163
19.7094465 6.3625989 30.9406958 255 79 163
19.4673777 6.3625989 26.3250853 255 79 163
19.575003 6.37593361 26.3250853 255 79 163
19.6725608 6.41323984 26.3250853 255 79 163
19.7532769 6.46782937 26.3250853 255 79 163
19.8205557 6.53950834 26.3250853 255 79 163
19.8696514 6.62289688 26.3250853 255 79 163
19.8986086 6.71131654 26.3250853 255 79 163
19.9060139 6.7580602 26.3250853 255 79 163
19.9083708 6.80359203 26.3250853 255 79 163
19.8800478 6.78939776 26.069559 255 79 163
19.7964492 6.75290422 25.8264448 255 79 163
19.6616433 6.70284598 25.6075502 255 79 163
19.4821925 6.64794006 25.4234914 255 79 163
19.2668185 6.5969004 25.2831806 255 79 163
19.0259702 6.55844872 25.1934048 255 79 163
18.8846326 6.54569128 25.1669734 255 79 163
18.7411185 6.5411127 25.1581177 255 79 163
18.7411185 6.3625989 25.3366315 255 79 163
18.7411185 6.36799679 25.2930648 255 79 163
18.7411185 6.38309833 25.2535734 255 79 163
18.7411185 6.40519614 25.2208996 255 79 163
18.7411185 6.43421175 25.1936652 255 79 163
18.7411185 6.46796739 25.1737912 255 79 163
18.7411185 6.50375963 25.1620694 255 79 163
18.7411185 6.52268144 25.1590717 255 79 163
19.4386886 6.3625989 25.9696583 255 79 163
19.3781514 6.3625989 25.7810054 255 79 163
19.3005253 6.3625989 25.6434438 255 79 163
19.1806276 6.3625989 25.5089462 255 79 163
19.038919 6.3625989 25.4113586 255 79 163
18.8950263 6.3625989 25.3561628 255 79 163
19.7572837 6.48746649 26.0931515 255 79 163
19.5762544 6.4614499 25.6590862 255 79 163
19.2181564 6.4300994 25.3345075 255 79 163
18.9882098 6.41913081 25.2425042 255 79 163
19.9083708 6.82381989 31.1406761 255 79 163
19.9004775 6.82381989 31.2043837 255 79 163
19.8783945 6.82381989 31.2621318 255 79 163
19.8460808 6.82381989 31.3099108 255 79 163
19.8036513 6.82381989 31.3497357 255 79 163
19.7542905 6.82381989 31.3787973 255 79 163
19.7019515 6.82381989 31.3959382 255 79 163
19.6742821 6.82381989 31.4003217 255 79 163
19.6473301 6.82381989 31.4017168 255 79 163
19.6509269 6.7161948 31.3889865 255 79 163
19.6604656 6.61450402 31.3515014 255 79 163
19.6734334 6.52435668 31.2913221 255 79 163
19.6873028 6.45073746 31.211756 255 79 163
19.6995407 6.39773005 31.117188 255 79 163
19.7066676 6.37146638 31.0306744 255 79 163
19.7094465 6.3625989 30.9406958 255 79 163
19.9083708 6.56152319 30.9406958 255 79 163
19.9023557 6.51297527 30.9406958 255 79 163
19.8855275 6.46896868 30.9406958 255 79 163
19.8609032 6.43255905 30.9406958 255 79 163
19.82857 6.40221074 30.9406958 255 79 163
19.7909549 6.38006452 30.9406958 255 79 163
19.7510703 6.36700243 30.9406958 255 79 163
19.7299851 6.36366203 30.9406958 255 79 163
19.9083708 6.72692315 31.1308678 255 79 163
19.9083708 6.67673341 31.1129112 255 79 163
19.9083708 6.64065201 31.0910173 255 79 163
19.9083708 6.60574102 31.0581361 255 79 163
19.9083708 6.58062336 31.0199581 255 79 163
19.9083708 6.56650097 30.9815694 255 79 163
19.8328615 6.73800699 31.3166658 255 79 163
19.8389642 6.57946737 31.247104 255 79 163
19.8464218 6.46397639 31.1139875 255 79 163
19.8490556 6.43191213 31.030146 255 79 163
18.804957 20.0891807 25.1581177 255 79 163
18.7411185 6.5411127 25.1581177 255 79 163
19.9083708 20.5454665 26.2609868 255 79 163
19.8899099 20.528284 26.0600558 255 79 163
19.8351413 20.482559 25.8658579 255 79 163
19.7459004 20.4169605 25.6849043 255 79 163
19.6251884 20.3401692 25.5232558 255 79 163
19.4770649 20.2608791 25.3863124 255 79 163
19.3065016 20.1877923 25.2786347 255 79 163
19.1192071 20.1296102 25.2037973 255 79 163
18.9637318 20.0999271 25.1695989 255 79 163
19.9083708 6.80359203 26.3250853 255 79 163
19.8800478 6.78939776 26.069559 255 79 163
19.7964492 6.75290422 25.8264448 255 79 163
19.6616433 6.70284598 25.6075502 255 79 163
19.4821925 6.64794006 25.4234914 255 79 163
19.2668185 6.5969004 25.2831806 255 79 163
19.0259702 6.55844872 25.1934048 255 79 163
18.8846326 6.54569128 25.1669734 255 79 163
19.8032965 20.4031728 25.7912771 255 79 163
19.2525802 13.3960133 25.2645838 255 79 163
19.3082838 15.6595019 25.2867638 255 79 163
19.3623535 13.4210424 25.3232391 255 79 163
19.4702645 13.4392892 25.3975954 255 79 163
19.5414264 13.4446625 25.4578155 255 79 163
19.4844487 15.6777098 25.4014986 255 79 163
19.6936668 13.4666011 25.6291553 255 79 163
19.6389968 13.4517596 25.5593749 255 79 163
19.7522253 13.4956921 25.7188163 255 79 163
19.800243 13.5322356 25.8096774 255 79 163
19.5812703 15.7069981 25.4879122 255 79 163
19.6740135 15.7507545 25.5932671 255 79 163
19.0814869 11.1110465 25.2044886 255 79 163
19.4692121 11.1816436 25.4040047 255 79 163
19.5980343 11.2104942 25.5220858 255 79 163
19.7457275 11.2309723 25.7181419 255 79 163
19.3486325 17.9253408 25.3040604 255 79 163
19.4983695 8.93197534 25.4337797 255 79 163
19.7811626 19.62466 25.7478513 255 79 163
19.769238 19.2354036 25.7265337 255 79 163
19.7405101 18.0738539 25.6806725 255 79 163
19.8088405 7.86778368 25.8517681 255 79 163
19.2207484 19.8081705 25.2396165 255 79 163
19.3245466 19.821647 25.288297 255 79 163
19.5015675 19.8771351 25.4060013 255 79 163
19.3460014 19.6622922 25.3001993 255 79 163
19.4222121 19.6676654 25.3472839 255 79 163
19.4915875 19.6825069 25.3981714 255 79 163
19.3470825 19.0833084 25.3014257 255 79 163
19.4077254 7.78029057 25.3661175 255 79 163
19.2056834 6.98486255 25.2543623 255 79 163
19.3603723 7.20444819 25.3355128 255 79 163
19.4278781 7.20673748 25.3810722 255 79 163
19.4897719 7.2131162 25.4293276 255 79 163
19.2995244 6.99064123 25.3001282 255 79 163
19.9083708 6.82381989 31.1406761 255 79 163
19.9004775 6.82381989 31.2043837 255 79 163
19.8783945 6.82381989 31.2621318 255 79 163
19.8460808 6.82381989 31.3099108 255 79 163
19.8036513 6.82381989 31.3497357 255 79 163
19.7542905 6.82381989 31.3787973 255 79 163
19.7019515 6.82381989 31.3959382 255 79 163
19.6742821 6.82381989 31.4003217 255 79 163
19.6473301 6.82381989 31.4017168 255 79 163
19.9083708 10.3157464 30.9295723 255 79 163
19.9083708 15.364417 30.3968875 255 79 163
19.9083708 18.1232742 30.1509484 255 79 163
19.9083708 20.4130877 30.0472044 255 79 163
18.5560512 20.300035 31.4017168 255 79 163
18.8786912 20.3088691 31.3626254 255 79 163
19.1825949 20.3279744 31.247591 255 79 163
19.450155 20.3524807 31.0633833 255 79 163
19.666024 20.3776965 30.8208202 255 79 163
19.8179593 20.3989721 30.5339845 255 79 163
19.8855694 20.4096556 30.2947459 255 79 163
19.4362262 10.3157464 31.4017168 255 79 163
18.9094324 15.3078907 31.4017168 255 79 163
18.6636032 18.0376404 31.4017168 255 79 163
19.805107 9.15177087 31.2842424 255 79 163
19.7700828 10.3157464 31.2634289 255 79 163
19.5829156 11.9797945 31.320353 255 79 163
19.8035421 13.6626847 30.982402 255 79 163
19.8008168 19.2378774 30.6068255 255 79 163
19.7308659 19.2256243 30.7462374 255 79 163
19.4312382 18.8296297 31.1107615 255 79 163
19.6508997 19.6012431 30.8572304 255 79 163
19.8379454 11.1477704 31.1200154 255 79 163
19.6955012 12.8118185 31.1888472 255 79 163
19.5396415 13.9274646 31.2523967 255 79 163
19.4428591 14.4852877 31.2853389 255 79 163
19.4997858 14.7689098 31.2362568 255 79 163
19.7743139 15.8005332 30.8654891 255 79 163
19.72674 15.6457401 30.9531999 255 79 163
19.350205 16.2366494 31.2621753 255 79 163
19.7187609 16.1006984 30.9334966 255 79 163
19.5756777 16.7010287 31.0690237 255 79 163
19.8330656 16.0327229 30.7239701 255 79 163
19.7579542 17.1751105 30.8000505 255 79 163
19.1540767 17.3693346 31.3179063 255 79 163
19.3927946 17.3045932 31.1929297 255 79 163
19.2887673 17.6063755 31.2468159 255 79 163
19.3769983 17.7644028 31.1865329 255 79 163
19.1208398 18.0590489 31.3142133 255 79 163
19.5429032 18.0804573 31.0362492 255 79 163
19.8206567 18.1018658 30.6122898 255 79 163
19.7254041 18.3444537 30.7915553 255 79 163
19.7944667 18.476452 30.654189 255 79 163
19.2479698 19.5769693 31.2206397 255 79 163
19.1504944 19.9506391 31.2673915 255 79 163
19.0610278 20.0700491 31.3056755 255 79 163
19.3051849 19.9550561 31.1793174 255 79 163
19.6473813 10.7317584 31.3364694 255 79 163
19.3485934 15.4768154 31.2933439 255 79 163
19.4438762 15.4299282 31.240992 255 79 163
19.614925 15.3361539 31.108271 255 79 163
19.8045735 15.0666634 30.8655737 255 79 163
19.7521859 15.1564935 30.9503426 255 79 163
19.756088 20.6977492 26.2609868 255 79 163
19.793253 20.6931445 26.2609868 255 79 163
19.8269414 20.680262 26.2609868 255 79 163
19.8548141 20.6614113 26.2609868 255 79 163
19.8780467 20.6366593 26.2609868 255 79 163
19.8950003 20.6078637 26.2609868 255 79 163
19.9049997 20.5773308 26.2609868 255 79 163
19.9075569 20.5611894 26.2609868 255 79 163
19.9083708 20.5454665 26.2609868 255 79 163
19.8899099 20.528284 26.0600558 255 79 163
19.8351413 20.482559 25.8658579 255 79 163
19.7459004 20.4169605 25.6849043 255 79 163
19.6251884 20.3401692 25.5232558 255 79 163
19.4770649 20.2608791 25.3863124 255 79 163
19.3065016 20.1877923 25.2786347 255 79 163
19.1192071 20.1296102 25.2037973 255 79 163
18.9637318 20.0999271 25.1695989 255 79 163
18.804957 20.0891807 25.1581177 255 79 163
18.804957 20.6977492 25.7666862 255 79 163
18.804957 20.6793474 25.6181637 255 79 163
18.804957 20.627865 25.4835344 255 79 163
18.804957 20.5525317 25.3721465 255 79 163
18.804957 20.453615 25.2793021 255 79 163
18.804957 20.3385392 25.2115502 255 79 163
18.804957 20.2165204 25.1715894 255 79 163
18.804957 20.1520144 25.1613701 255 79 163
19.7463379 20.6977492 26.1679291 255 79 163
19.7183064 20.6977492 26.0786287 255 79 163
19.6742442 20.6977492 25.9962622 255 79 163
19.6168358 20.6977492 25.9233149 255 79 163
19.549038 20.6977492 25.8615306 255 79 163
19.4739197 20.6977492 25.8118957 255 79 163
19.3945074 20.6977492 25.7746558 255 79 163
19.2868041 20.6977492 25.7434123 255 79 163
19.1696308 20.6977492 25.7300588 255 79 163
18.9644726 20.6977492 25.7470073 255 79 163
19.8299983 20.6457328 26.0270292 255 79 163
19.5915379 20.6004933 25.6337103 255 79 163
19.217711 20.5459122 25.4038912 255 79 163
19.0123718 20.5268452 25.3522488 255 79 163
18.5560512 20.6977492 31.0040026 255 79 163
18.5560512 20.6857232 31.1010656 255 79 163
18.5560512 20.6520782 31.1890491 255 79 163
18.5560512 20.6028461 31.2618438 255 79 163
18.5560512 20.5382016 31.3225199 255 79 163
18.5560512 20.4629968 31.3667973 255 79 163
18.5560512 20.3832546 31.3929127 255 79 163
18.5560512 20.3410984 31.3995912 255 79 163
18.5560512 20.300035 31.4017168 255 79 163
18.8786912 20.3088691 31.3626254 255 79 163
19.1825949 20.3279744 31.247591 255 79 163
19.450155 20.3524807 31.0633833 255 79 163
19.666024 20.3776965 30.8208202 255 79 163
19.8179593 20.3989721 30.5339845 255 79 163
19.8855694 20.4096556 30.2947459 255 79 163
19.9083708 20.4130877 30.0472044 255 79 163
19.6237092 20.6977492 30.0472044 255 79 163
19.6931815 20.6891417 30.0472044 255 79 163
19.7561551 20.6650604 30.0472044 255 79 163
19.8082575 20.6298229 30.0472044 255 79 163
19.8516861 20.583554 30.0472044 255 79 163
19.8833774 20.5297266 30.0472044 255 79 163
19.9020693 20.4726516 30.0472044 255 79 163
19.9068494 20.4424785 30.0472044 255 79 163
18.805826 20.6977492 30.9793749 255 79 163
19.0488426 20.6977492 30.9007452 255 79 163
19.250902 20.6977492 30.7794234 255 79 163
19.4076315 20.6977492 30.6292028 255 79 163
19.5288334 20.6977492 30.4441899 255 79 163
19.599144 20.6977492 30.2518504 255 79 163
18.8318008 20.5836616 31.2553425 255 79 163
19.3349169 20.5952868 31.023871 255 79 163
19.6931248 20.6084775 30.5947902 255 79 163
19.7911087 20.6129048 30.3290982 255 79 163
19.6237092 20.6977492 30.0472044 255 79 163
19.6931815 20.6891417 30.0472044 255 79 163
19.7561551 20.6650604 30.0472044 255 79 163
19.8082575 20.6298229 30.0472044 255 79 163
19.8516861 20.583554 30.0472044 255 79 163
19.8833774 20.5297266 30.0472044 255 79 163
19.9020693 20.4726516 30.0472044 255 79 163
19.9068494 20.4424785 30.0472044 255 79 163
19.9083708 20.4130877 30.0472044 255 79 163
19.9083708 20.5454665 26.2609868 255 79 163
19.756088 20.6977492 26.2609868 255 79 163
19.793253 20.6931445 26.2609868 255 79 163
19.8269414 20.680262 26.2609868 255 79 163
19.8548141 20.6614113 26.2609868 255 79 163
19.8780467 20.6366593 26.2609868 255 79 163
19.8950003 20.6078637 26.2609868 255 79 163
19.9049997 20.5773308 26.2609868 255 79 163
19.9075569 20.5611894 26.2609868 255 79 163
37.9046572 35.3075236 40.6986324 255 79 163
37.9046572 34.0562867 40.5467047 255 79 163
37.9046572 32.8777671 40.0997512 255 79 163
37.9046572 31.8404561 39.3837471 255 79 163
37.9046572 31.0046385 38.4403041 255 79 163
37.9046572 30.418889 37.3242515 255 79 163
37.9046572 30.1172491 36.1004504 255 79 163
37.9046572 30.1172491 34.8400235 255 79 163
37.9046572 30.418889 33.6162224 255 79 163
37.9046572 31.0046385 32.5001698 255 79 163
37.9046572 31.8404561 31.5567267 255 79 163
37.9046572 32.8777671 30.8407227 255 79 163
37.9046572 34.0562867 30.3937691 255 79 163
37.9046572 35.3075236 30.2418415 255 79 163
37.9046572 36.5587606 30.3937691 255 79 163
37.9046572 37.7372802 30.8407227 255 79 163
37.9046572 38.7745911 31.5567267 255 79 163
37.9046572 39.6104087 32.5001698 255 79 163
37.9046572 40.1961583 33.6162224 255 79 163
37.9046572 40.4977982 34.8400235 255 79 163
37.9046572 40.4977982 36.1004504 255 79 163
37.9046572 40.1961583 37.3242515 255 79 163
37.9046572 39.6104087 38.4403041 255 79 163
37.9046572 38.7745911 39.3837471 255 79 163
37.9046572 37.7372802 40.0997512 255 79 163
37.9046572 36.5587606 40.5467047 255 79 163
37.9046572 35.3075236 40.6986324 255 79 163
36.6191628 35.3075236 39.413138 255 79 163
36.9052122 35.3075236 39.4453681 255 79 163
37.1769179 35.3075236 39.540442 255 79 163
37.4206555 35.3075236 39.6935924 255 79 163
37.6242028 35.3075236 39.8971398 255 79 163
37.7773532 35.3075236 40.1408773 255 79 163
37.8724272 35.3075236 40.412583 255 79 163
36.6191628 35.3075236 39.413138 255 79 163
36.6191628 34.3639256 39.2985645 255 79 163
36.6191628 33.4751661 38.9615025 255 79 163
36.6191628 32.6928966 38.4215408 255 79 163
36.6191628 32.0625796 37.71006 255 79 163
36.6191628 31.6208471 36.8684089 255 79 163
36.6191628 31.3933707 35.9455011 255 79 163
36.6191628 31.3933707 34.9949727 255 79 163
36.6191628 31.6208471 34.0720649 255 79 163
36.6191628 32.0625796 33.2304138 255 79 163
36.6191628 32.6928966 32.5189331 255 79 163
36.6191628 33.4751661 31.9789714 255 79 163
36.6191628 34.3639256 31.6419094 255 79 163
36.6191628 35.3075236 31.5273358 255 79 163
36.6191628 36.2511216 31.6419094 255 79 163
36.6191628 37.1398811 31.9789714 255 79 163
36.6191628 37.9221507 32.5189331 255 79 163
36.6191628 38.5524676 33.2304138 255 79 163
36.6191628 38.9942002 34.0720649 255 79 163
36.6191628 39.2216765 34.9949727 255 79 163
36.6191628 39.2216765 35.9455011 255 79 163
36.6191628 38.9942002 36.8684089 255 79 163
36.6191628 38.5524676 37.71006 255 79 163
36.6191628 37.9221507 38.4215408 255 79 163
36.6191628 37.1398811 38.9615025 255 79 163
36.6191628 36.2511216 39.2985645 255 79 163
36.9052122 35.3075236 39.4453681 255 79 163
37.1769179 35.3075236 39.540442 255 79 163
37.4206555 35.3075236 39.6935924 255 79 163
37.6242028 35.3075236 39.8971398 255 79 163
37.7773532 35.3075236 40.1408773 255 79 163
37.8724272 35.3075236 40.412583 255 79 163
36.9052122 36.2588348 39.329858 255 79 163
37.1769179 36.2815875 39.4221692 255 79 163
37.4206555 36.3182388 39.5708694 255 79 163
37.6242028 36.3669508 39.768502 255 79 163
36.9052122 37.1548592 38.9900407 255 79 163
37.7773532 36.425281 40.005157 255 79 163
37.1769179 37.1990422 39.0742245 255 79 163
37.8724272 36.4903045 40.2689674 255 79 163
37.4206555 37.2702148 39.2098325 255 79 163
37.6242028 37.364808 39.3900647 255 79 163
36.9052122 37.9435232 38.4456653 255 79 163
37.7773532 37.4780784 39.6058836 255 79 163
37.1769179 38.0065688 38.5168292 255 79 163
37.8724272 37.6043464 39.846467 255 79 163
37.4206555 38.1081264 38.6314639 255 79 163
37.6242028 38.2431032 38.7838213 255 79 163
36.9052122 38.5789924 37.7283688 255 79 163
37.7773532 38.4047311 38.9662614 255 79 163
37.1769179 38.6572367 37.7823769 255 79 163
37.8724272 38.5849053 39.1696361 255 79 163
37.4206555 38.7832771 37.8693763 255 79 163
37.6242028 38.9507932 37.9850044 255 79 163
36.9052122 39.0243358 36.8798379 255 79 163
37.7773532 39.1513853 38.1234631 255 79 163
37.1769179 39.1132315 36.9135515 255 79 163
37.8724272 39.3749947 38.2778095 255 79 163
37.4206555 39.2564296 36.9678594 255 79 163
37.6242028 39.4467497 37.0400383 255 79 163
36.9052122 39.2536716 35.949386 255 79 163
37.7773532 39.6746482 37.1264688 255 79 163
37.1769179 39.3480523 35.9608459 255 79 163
37.8724272 39.9286975 37.222817 255 79 163
37.4206555 39.5000861 35.9793062 255 79 163
37.6242028 39.7021494 36.0038411 255 79 163
36.9052122 39.2536716 34.9910878 255 79 163
37.7773532 39.9441098 36.0332204 255 79 163
37.1769179 39.3480523 34.9796279 255 79 163
37.8724272 40.2138344 36.0659709 255 79 163
37.4206555 39.5000861 34.9611677 255 79 163
37.6242028 39.7021494 34.9366328 255 79 163
36.9052122 39.0243358 34.060636 255 79 163
37.7773532 39.9441098 34.9072535 255 79 163
37.1769179 39.1132315 34.0269223 255 79 163
37.8724272 40.2138344 34.8745029 255 79 163
37.4206555 39.2564296 33.9726144 255 79 163
37.6242028 39.4467497 33.9004356 255 79 163
36.9052122 38.5789924 33.2121051 255 79 163
37.7773532 39.6746482 33.814005 255 79 163
37.1769179 38.6572367 33.1580969 255 79 163
37.8724272 39.9286975 33.7176569 255 79 163
37.4206555 38.7832771 33.0710976 255 79 163
37.6242028 38.9507932 32.9554695 255 79 163
36.9052122 37.9435232 32.4948086 255 79 163
37.7773532 39.1513853 32.8170108 255 79 163
37.1769179 38.0065688 32.4236447 255 79 163
37.8724272 39.3749947 32.6626644 255 79 163
37.4206555 38.1081264 32.3090099 255 79 163
37.6242028 38.2431032 32.1566526 255 79 163
36.9052122 37.1548592 31.9504331 255 79 163
37.7773532 38.4047311 31.9742124 255 79 163
37.1769179 37.1990422 31.8662493 255 79 163
37.8724272 38.5849053 31.7708378 255 79 163
37.4206555 37.2702148 31.7306414 255 79 163
37.6242028 37.364808 31.5504091 255 79 163
36.9052122 36.2588348 31.6106159 255 79 163
37.7773532 37.4780784 31.3345903 255 79 163
37.1769179 36.2815875 31.5183046 255 79 163
37.8724272 37.6043464 31.0940068 255 79 163
37.4206555 36.3182388 31.3696045 255 79 163
37.6242028 36.3669508 31.1719718 255 79 163
36.9052122 35.3075236 31.4951058 255 79 163
37.7773532 36.425281 30.9353169 255 79 163
37.1769179 35.3075236 31.4000319 255 79 163
37.8724272 36.4903045 30.6715065 255 79 163
37.4206555 35.3075236 31.2468814 255 79 163
37.6242028 35.3075236 31.0433341 255 79 163
36.9052122 34.3562125 31.6106159 255 79 163
37.7773532 35.3075236 30.7995966 255 79 163
37.1769179 34.3334598 31.5183046 255 79 163
37.8724272 35.3075236 30.5278909 255 79 163
37.4206555 34.2968085 31.3696045 255 79 163
37.6242028 34.2480964 31.1719718 255 79 163
36.9052122 33.4601881 31.9504331 255 79 163
37.7773532 34.1897662 30.9353169 255 79 163
37.1769179 33.416005 31.8662493 255 79 163
37.8724272 34.1247428 30.6715065 255 79 163
37.4206555 33.3448325 31.7306414 255 79 163
37.6242028 33.2502393 31.5504091 255 79 163
36.9052122 32.6715241 32.4948086 255 79 163
37.7773532 33.1369688 31.3345903 255 79 163
37.1769179 32.6084784 32.4236447 255 79 163
37.8724272 33.0107009 31.0940068 255 79 163
37.4206555 32.5069209 32.3090099 255 79 163
37.6242028 32.3719441 32.1566526 255 79 163
36.9052122 32.0360549 33.2121051 255 79 163
37.7773532 32.2103162 31.9742124 255 79 163
37.1769179 31.9578105 33.1580969 255 79 163
37.8724272 32.030142 31.7708378 255 79 163
37.4206555 31.8317702 33.0710976 255 79 163
37.6242028 31.664254 32.9554695 255 79 163
36.9052122 31.5907115 34.060636 255 79 163
37.7773532 31.463662 32.8170108 255 79 163
37.1769179 31.5018158 34.0269223 255 79 163
37.8724272 31.2400526 32.6626644 255 79 163
37.4206555 31.3586176 33.9726144 255 79 163
37.6242028 31.1682976 33.9004356 255 79 163
36.9052122 31.3613757 34.9910878 255 79 163
37.7773532 30.940399 33.814005 255 79 163
37.1769179 31.266995 34.9796279 255 79 163
37.8724272 30.6863498 33.7176569 255 79 163
37.4206555 31.1149612 34.9611677 255 79 163
37.6242028 30.9128979 34.9366328 255 79 163
36.9052122 31.3613757 35.949386 255 79 163
37.7773532 30.6709375 34.9072535 255 79 163
37.1769179 31.266995 35.9608459 255 79 163
37.8724272 30.4012128 34.8745029 255 79 163
37.4206555 31.1149612 35.9793062 255 79 163
37.6242028 30.9128979 36.0038411 255 79 163
36.9052122 31.5907115 36.8798379 255 79 163
37.7773532 30.6709375 36.0332204 255 79 163
37.1769179 31.5018158 36.9135515 255 79 163
37.8724272 30.4012128 36.0659709 255 79 163
37.4206555 31.3586176 36.9678594 255 79 163
37.6242028 31.1682976 37.0400383 255 79 163
36.9052122 32.0360549 37.7283688 255 79 163
37.7773532 30.940399 37.1264688 255 79 163
37.1769179 31.9578105 37.7823769 255 79 163
37.8724272 30.6863498 37.222817 255 79 163
37.4206555 31.8317702 37.8693763 255 79 163
37.6242028 31.664254 37.9850044 255 79 163
36.9052122 32.6715241 38.4456653 255 79 163
37.7773532 31.463662 38.1234631 255 79 163
37.1769179 32.6084784 38.5168292 255 79 163
37.8724272 31.2400526 38.2778095 255 79 163
37.4206555 32.5069209 38.6314639 255 79 163
37.6242028 32.3719441 38.7838213 255 79 163
36.9052122 33.4601881 38.9900407 255 79 163
37.7773532 32.2103162 38.9662614 255 79 163
37.1769179 33.416005 39.0742245 255 79 163
37.8724272 32.030142 39.1696361 255 79 163
37.4206555 33.3448325 39.2098325 255 79 163
37.6242028 33.2502393 39.3900647 255 79 163
36.9052122 34.3562125 39.329858 255 79 163
37.7773532 33.1369688 39.6058836 255 79 163
37.1769179 34.3334598 39.4221692 255 79 163
37.8724272 33.0107009 39.846467 255 79 163
37.4206555 34.2968085 39.5708694 255 79 163
37.6242028 34.2480964 39.768502 255 79 163
37.7773532 34.1897662 40.005157 255 79 163
37.8724272 34.1247428 40.2689674 255 79 163
37.9046572 1.79481985 2.5221955 218 222 230
37.9046572 17.7055785 2.30386726 218 222 230
37.9046572 38.9199234 1.73970977 218 222 230
37.9046572 58.8651528 1.17675288 218 222 230
37.9046572 69.4290828 0.955494844 218 222 230
37.9046572 78.8103822 0.84381514 218 222 230
37.9046572 79.8474537 3.09635614 218 222 230
37.9046572 79.8650739 2.94398709 218 222 230
37.9046572 79.9491517 2.60364547 218 222 230
37.9046572 79.9946395 2.26420041 218 222 230
37.9046572 79.9796533 1.97236894 218 222 230
37.9046572 79.8904689 1.63868023 218 222 230
37.9046572 79.7287963 1.34359742 218 222 230
37.9046572 79.5181676 1.11508447 218 222 230
37.9046572 79.2828064 0.958869599 218 222 230
37.9046572 79.0530772 0.873701049 218 222 230
37.9046572 80.0780241 41.5482999 218 222 230
37.9046572 80.2963258 80.0002436 218 222 230
37.9046572 50.9220839 80.0002436 218 222 230
37.9046572 50.1568745 80.0301659 218 222 230
37.9046572 49.7043343 79.9906572 218 222 230
37.9046572 49.2287009 79.8495079 218 222 230
37.9046572 48.8443307 79.6305439 218 222 230
37.9046572 48.532012 79.3407435 218 222 230
37.9046572 48.3272181 79.0411418 218 222 230
37.9046572 48.1930715 78.7063219 218 222 230
37.9046572 48.1532875 78.5122877 218 222 230
37.9046572 48.139679 78.3145695 218 222 230
37.9046572 48.139679 76.5621176 218 222 230
37.9046572 48.1809038 76.244324 218 222 230
37.9046572 48.5758626 74.7940262 218 222 230
37.9046572 48.627298 74.1264272 218 222 230
37.9046572 48.5183899 73.2395086 218 222 230
37.9046572 48.203436 72.4144313 218 222 230
37.9046572 47.7305377 71.7417407 218 222 230
37.9046572 47.1627281 71.2514026 218 222 230
37.9046572 46.5595851 70.9446052 218 222 230
37.9046572 46.1296852 70.8278461 218 222 230
37.9046572 45.6869587 70.7875831 218 222 230
37.9046572 3.42776121 73.6397871 218 222 230
37.9046572 10.771677 73.2757771 218 222 230
37.9046572 20.5635648 72.4956786 218 222 230
37.9046572 33.5369823 71.3833404 218 222 230
37.9046572 39.6119705 70.9967545 218 222 230
37.9046572 2.03126621 17.360784 218 222 230
37.9046572 2.60708761 37.1455687 218 222 230
37.9046572 3.14522971 55.3926779 218 222 230
37.9046572 3.34237274 65.021766 218 222 230
37.9046572 35.3075236 40.6986324 218 222 230
37.9046572 34.0562867 40.5467047 218 222 230
37.9046572 32.8777671 40.0997512 218 222 230
37.9046572 31.8404561 39.3837471 218 222 230
37.9046572 31.0046385 38.4403041 218 222 230
37.9046572 30.418889 37.3242515 218 222 230
37.9046572 30.1172491 36.1004504 218 222 230
37.9046572 30.1172491 34.8400235 218 222 230
37.9046572 30.418889 33.6162224 218 222 230
37.9046572 31.0046385 32.5001698 218 222 230
37.9046572 31.8404561 31.5567267 218 222 230
37.9046572 32.8777671 30.8407227 218 222 230
37.9046572 34.0562867 30.3937691 218 222 230
37.9046572 35.3075236 30.2418415 218 222 230
37.9046572 36.5587606 30.3937691 218 222 230
37.9046572 37.7372802 30.8407227 218 222 230
37.9046572 38.7745911 31.5567267 218 222 230
37.9046572 39.6104087 32.5001698 218 222 230
37.9046572 40.1961583 33.6162224 218 222 230
37.9046572 40.4977982 34.8400235 218 222 230
37.9046572 40.4977982 36.1004504 218 222 230
37.9046572 40.1961583 37.3242515 218 222 230
37.9046572 39.6104087 38.4403041 218 222 230
37.9046572 38.7745911 39.3837471 218 222 230
37.9046572 37.7372802 40.0997512 218 222 230
37.9046572 36.5587606 40.5467047 218 222 230
19.9083708 20.5454665 26.2609868 218 222 230
19.9083708 6.80359203 26.3250853 218 222 230
19.9083708 6.56152319 30.9406958 218 222 230
19.9083708 6.82381989 31.1406761 218 222 230
19.9083708 6.72692315 31.1308678 218 222 230
19.9083708 6.67673341 31.1129112 218 222 230
19.9083708 6.64065201 31.0910173 218 222 230
19.9083708 6.60574102 31.0581361 218 222 230
19.9083708 6.58062336 31.0199581 218 222 230
19.9083708 6.56650097 30.9815694 218 222 230
19.9083708 10.3157464 30.9295723 218 222 230
19.9083708 15.364417 30.3968875 218 222 230
19.9083708 18.1232742 30.1509484 218 222 230
19.9083708 20.4130877 30.0472044 218 222 230
3 25 26 27
3 25 27 28
3 25 28 29
3 25 29 30
3 25 30 31
3 25 31 32
3 33 25 32
3 34 25 33
3 24 25 34
3 35 25 24
3 109 35 24
3 110 35 109
3 108 109 24
3 111 35 110
3 107 108 24
3 112 36 35
3 112 35 111
3 113 36 112
3 114 36 113
3 115 36 114
3 79 106 107
3 79 107 24
3 78 105 106
3 78 106 79
3 80 24 23
3 80 79 24
3 77 104 105
3 77 105 78
3 81 80 23
3 76 104 77
3 82 81 23
3 75 103 104
3 75 104 76
3 42 38 37
3 74 102 103
3 74 103 75
3 73 101 102
3 73 102 74
3 72 101 73
3 71 100 101
3 71 101 72
3 70 100 71
3 69 100 70
3 69 99 100
3 68 99 69
3 68 98 99
3 67 98 68
3 66 98 67
3 66 97 98
3 65 97 66
3 65 96 97
3 41 42 37
3 83 82 23
3 92 83 23
3 91 92 23
3 90 91 23
3 89 90 23
3 88 89 23
3 87 88 23
3 86 87 23
3 85 86 23
3 84 85 23
3 40 41 37
3 5 40 37
3 4 40 5
3 6 115 116
3 6 37 36
3 6 36 115
3 6 5 37
3 3 40 4
3 7 6 116
3 8 116 117
3 8 7 116
3 2 40 3
3 9 117 118
3 9 8 117
3 39 40 2
3 1 53 54
3 1 54 39
3 1 39 2
3 0 53 1
3 0 50 51
3 0 51 52
3 0 52 53
3 49 50 0
3 48 49 0
3 44 0 43
3 47 48 0
3 45 0 44
3 46 47 0
3 46 0 45
3 10 118 93
3 10 9 118
3 10 93 94
3 11 10 94
3 11 94 95
3 11 95 96
3 12 96 65
3 12 11 96
3 12 65 64
3 22 12 64
3 22 59 58
3 22 60 59
3 22 61 60
3 22 62 61
3 22 63 62
3 22 64 63
3 13 12 22
3 21 13 22
3 20 13 21
3 19 13 20
3 15 14 13
3 18 13 19
3 16 15 13
3 17 13 18
3 17 16 13
3 22 55 23
3 55 84 23
3 22 56 55
3 22 57 56
3 22 58 57
3 128 129 136
3 127 128 136
3 126 136 135
3 126 127 136
3 125 135 134
3 125 126 135
3 124 134 133
3 124 125 134
3 123 132 131
3 123 133 132
3 123 124 133
3 122 131 130
3 122 123 131
3 121 130 119
3 121 122 130
3 120 121 119
3 138 165 137
3 166 165 138
3 139 166 138
3 146 142 143
3 146 143 144
3 146 144 145
3 158 157 176
3 156 164 155
3 177 139 140
3 177 140 141
3 177 141 142
3 177 146 147
3 177 167 166
3 177 166 139
3 177 142 146
3 178 167 177
3 178 177 147
3 179 161 160
3 179 162 161
3 180 168 167
3 180 169 168
3 180 170 169
3 180 167 178
3 181 170 180
3 181 180 178
3 182 181 183
3 182 171 170
3 182 170 181
3 184 172 171
3 184 171 182
3 185 184 182
3 185 182 183
3 186 173 172
3 186 172 184
3 187 184 185
3 187 186 184
3 187 185 183
3 188 147 148
3 188 148 149
3 188 178 147
3 189 186 187
3 189 173 186
3 189 187 183
3 190 183 181
3 190 181 178
3 190 178 188
3 190 188 149
3 191 174 173
3 192 190 149
3 192 183 190
3 193 191 173
3 193 189 183
3 193 173 189
3 194 193 195
3 194 191 193
3 196 149 150
3 196 192 149
3 197 183 192
3 197 192 196
3 198 194 195
3 198 191 194
3 199 175 174
3 199 191 198
3 199 174 191
3 200 183 197
3 201 150 151
3 201 196 150
3 201 151 200
3 201 200 197
3 201 197 196
3 202 193 183
3 202 195 193
3 202 200 151
3 202 183 200
3 203 199 198
3 203 198 195
3 203 175 199
3 204 176 175
3 204 175 203
3 205 195 179
3 205 203 195
3 206 204 203
3 206 205 179
3 206 203 205
3 207 195 202
3 208 206 179
3 208 204 206
3 209 151 152
3 209 202 151
3 209 207 202
3 210 195 207
3 210 207 209
3 211 179 160
3 211 159 158
3 211 160 159
3 211 204 208
3 211 176 204
3 211 208 179
3 211 158 176
3 212 195 210
3 213 179 195
3 213 195 212
3 214 152 153
3 214 209 152
3 214 210 209
3 214 212 210
3 214 153 212
3 215 213 212
3 216 179 213
3 216 213 215
3 217 153 154
3 217 212 153
3 217 215 212
3 217 216 215
3 218 154 155
3 218 155 164
3 218 163 162
3 218 164 163
3 218 162 179
3 218 217 154
3 218 216 217
3 218 179 216
3 228 225 224
3 228 226 225
3 228 227 226
3 239 252 238
3 245 236 244
3 237 236 245
3 253 220 219
3 253 221 220
3 253 222 221
3 253 223 222
3 253 224 223
3 253 229 228
3 253 230 229
3 253 219 246
3 253 228 224
3 254 231 230
3 254 232 231
3 254 246 247
3 254 230 253
3 254 253 246
3 255 241 242
3 256 254 247
3 256 247 248
3 256 257 254
3 258 257 256
3 258 256 248
3 259 248 249
3 259 257 258
3 259 258 248
3 260 259 249
3 261 249 250
3 261 260 249
3 262 260 261
3 263 233 232
3 263 254 257
3 263 232 254
3 264 250 251
3 264 261 250
3 265 262 261
3 265 261 264
3 266 234 233
3 266 233 263
3 266 263 257
3 267 239 240
3 267 240 241
3 267 251 252
3 267 241 255
3 267 252 239
3 267 265 264
3 267 255 265
3 267 264 251
3 268 234 266
3 269 235 234
3 269 234 268
3 270 269 268
3 270 236 235
3 270 242 243
3 270 243 244
3 270 255 242
3 270 268 255
3 270 244 236
3 270 235 269
3 271 266 257
3 271 259 260
3 271 257 259
3 272 266 271
3 272 268 266
3 272 271 260
3 272 260 262
3 272 255 268
3 272 262 265
3 272 265 255
3 296 293 273
3 296 273 297
3 298 296 297
3 299 281 282
3 299 300 301
3 299 301 281
3 302 284 285
3 303 304 305
3 303 285 286
3 303 286 287
3 303 302 285
3 303 305 302
3 306 297 307
3 306 307 301
3 308 298 297
3 308 297 306
3 309 308 306
3 310 306 301
3 310 309 306
3 310 300 309
3 310 301 300
3 311 298 308
3 311 308 309
3 311 309 300
3 312 298 311
3 312 311 300
3 312 313 298
3 312 300 313
3 314 296 298
3 314 298 313
3 314 293 296
3 315 293 314
3 316 293 315
3 317 300 299
3 317 299 282
3 317 313 300
3 318 293 316
3 318 316 319
3 320 317 282
3 321 320 282
3 322 318 319
3 322 323 293
3 322 293 318
3 324 319 321
3 324 321 282
3 325 282 283
3 325 326 282
3 325 327 326
3 325 283 328
3 325 328 329
3 330 294 293
3 330 323 329
3 330 293 323
3 331 294 330
3 332 331 330
3 333 294 331
3 333 331 332
3 334 294 333
3 335 334 336
3 335 294 334
3 337 336 334
3 337 328 283
3 338 339 294
3 338 335 336
3 338 294 335
3 340 336 337
3 340 337 283
3 341 340 283
3 341 338 336
3 341 336 340
3 342 341 283
3 343 342 283
3 343 344 342
3 345 339 344
3 345 283 284
3 345 343 283
3 345 346 339
3 345 284 347
3 345 347 346
3 345 344 343
3 348 295 294
3 348 294 339
3 348 339 346
3 349 348 346
3 349 346 347
3 350 348 349
3 350 295 348
3 351 295 350
3 352 295 351
3 352 351 353
3 352 354 295
3 355 352 353
3 355 354 352
3 355 356 284
3 355 353 356
3 357 355 284
3 357 354 355
3 358 357 284
3 358 354 357
3 358 284 302
3 358 305 354
3 358 302 305
3 359 305 304
3 359 292 295
3 359 295 354
3 359 354 305
3 360 304 303
3 360 303 287
3 360 287 288
3 360 288 289
3 360 292 359
3 360 359 304
3 361 289 290
3 361 290 291
3 361 291 292
3 361 292 360
3 361 360 289
3 362 273 274
3 362 274 275
3 362 275 276
3 362 307 297
3 362 297 273
3 363 278 279
3 363 279 280
3 363 280 281
3 363 301 307
3 363 281 301
3 364 314 313
3 364 315 314
3 364 313 317
3 364 317 320
3 365 316 315
3 365 319 316
3 366 315 364
3 366 365 315
3 367 321 319
3 367 319 365
3 367 365 366
3 368 320 321
3 368 366 364
3 368 364 320
3 368 321 367
3 368 367 366
3 369 319 370
3 369 322 319
3 369 370 371
3 369 372 322
3 373 319 324
3 373 370 319
3 373 324 282
3 373 371 370
3 373 282 326
3 373 326 371
3 374 327 323
3 374 323 322
3 374 326 327
3 374 371 326
3 374 322 372
3 374 369 371
3 374 372 369
3 375 329 323
3 375 323 327
3 375 325 329
3 375 327 325
3 376 330 329
3 376 332 330
3 376 328 332
3 376 329 328
3 377 332 328
3 377 337 334
3 377 333 332
3 377 334 333
3 377 328 337
3 378 341 342
3 378 344 339
3 378 342 344
3 378 339 338
3 378 338 341
3 379 349 347
3 379 350 349
3 379 351 350
3 379 347 284
3 380 351 379
3 380 353 351
3 380 379 284
3 381 284 356
3 381 356 353
3 381 353 380
3 381 380 284
3 382 276 277
3 382 277 278
3 382 362 276
3 382 278 363
3 382 307 362
3 382 363 307
3 407 392 391
3 407 391 408
3 409 410 406
3 409 394 410
3 411 395 394
3 411 394 409
3 412 384 383
3 412 385 384
3 413 414 412
3 415 414 413
3 416 412 383
3 416 413 412
3 417 415 413
3 417 413 416
3 417 408 415
3 418 383 404
3 418 416 383
3 419 392 407
3 420 418 404
3 420 421 418
3 422 420 404
3 423 392 419
3 424 392 423
3 424 422 425
3 426 422 404
3 426 425 422
3 427 392 424
3 427 424 425
3 428 425 426
3 428 404 429
3 428 426 404
3 430 392 427
3 430 427 425
3 430 425 428
3 431 392 430
3 431 430 428
3 432 393 392
3 432 392 431
3 432 434 433
3 432 433 393
3 435 428 429
3 435 431 428
3 435 432 431
3 435 434 432
3 435 429 434
3 436 433 434
3 437 404 405
3 437 429 404
3 437 436 434
3 437 434 429
3 438 437 405
3 439 438 405
3 440 439 405
3 441 393 442
3 443 393 441
3 444 394 393
3 444 393 443
3 444 445 394
3 444 446 445
3 447 446 444
3 447 448 446
3 449 445 446
3 450 405 406
3 450 448 405
3 450 446 448
3 450 449 446
3 451 445 449
3 451 449 450
3 451 450 406
3 452 406 410
3 452 451 406
3 453 406 396
3 453 409 406
3 453 411 409
3 454 396 397
3 454 453 396
3 455 386 385
3 455 387 386
3 455 385 412
3 455 412 414
3 456 388 387
3 456 387 455
3 457 456 455
3 458 389 388
3 458 390 389
3 458 391 390
3 458 388 456
3 459 456 457
3 459 458 456
3 460 457 455
3 460 455 414
3 461 459 457
3 461 391 458
3 461 458 459
3 461 457 460
3 462 414 415
3 462 460 414
3 462 461 460
3 462 391 461
3 462 408 391
3 462 415 408
3 463 417 416
3 463 408 417
3 464 408 463
3 464 407 408
3 464 465 407
3 466 464 463
3 466 416 418
3 466 463 416
3 466 465 464
3 467 466 418
3 467 465 466
3 468 418 421
3 468 421 419
3 468 465 467
3 468 467 418
3 468 419 407
3 468 407 465
3 469 419 421
3 469 421 420
3 470 419 469
3 470 469 420
3 471 423 419
3 471 419 470
3 472 470 420
3 472 423 471
3 472 471 470
3 473 420 422
3 473 472 420
3 474 423 472
3 474 424 423
3 474 422 424
3 474 473 422
3 474 472 473
3 475 433 436
3 475 436 437
3 475 438 439
3 475 437 438
3 475 393 433
3 476 475 439
3 476 439 440
3 477 393 475
3 477 475 476
3 478 393 477
3 478 476 440
3 478 440 479
3 478 477 476
3 480 442 393
3 480 478 479
3 480 479 442
3 480 393 478
3 481 479 440
3 481 440 405
3 482 442 479
3 482 481 405
3 482 479 481
3 483 482 405
3 484 442 482
3 484 441 442
3 484 482 483
3 485 443 441
3 485 405 448
3 485 444 443
3 485 483 405
3 485 447 444
3 485 441 484
3 485 448 447
3 485 484 483
3 486 451 452
3 486 452 410
3 487 394 445
3 487 445 451
3 487 451 486
3 488 486 410
3 488 410 394
3 488 487 486
3 488 394 487
3 489 453 454
3 490 395 411
3 490 411 453
3 490 453 489
3 491 397 398
3 491 398 399
3 491 399 400
3 491 454 397
3 491 489 454
3 491 490 489
3 492 400 401
3 492 401 402
3 492 402 403
3 492 403 395
3 492 395 490
3 492 491 400
3 492 490 491
3 517 493 514
3 518 504 503
3 519 515 516
3 520 504 521
3 520 521 516
3 522 516 513
3 522 520 516
3 523 525 524
3 526 525 523
3 527 528 525
3 527 529 528
3 527 525 526
3 530 526 523
3 530 527 526
3 530 501 529
3 530 529 527
3 530 523 524
3 531 530 524
3 531 524 517
3 532 530 531
3 532 502 501
3 532 501 530
3 533 534 517
3 533 517 514
3 535 502 532
3 535 532 534
3 536 533 514
3 537 502 535
3 537 536 538
3 539 538 536
3 539 536 514
3 540 502 537
3 540 537 538
3 541 503 502
3 541 502 542
3 541 544 543
3 541 543 503
3 545 544 541
3 545 546 544
3 547 543 544
3 548 514 515
3 548 546 514
3 548 547 544
3 548 544 546
3 549 548 515
3 550 549 515
3 551 552 515
3 553 551 515
3 553 515 519
3 553 519 554
3 553 554 518
3 555 504 518
3 555 554 519
3 555 518 554
3 556 504 555
3 556 555 519
3 557 504 556
3 558 505 504
3 558 504 520
3 558 520 522
3 559 558 522
3 559 522 513
3 560 505 558
3 560 558 559
3 561 505 560
3 561 560 559
3 562 494 493
3 563 562 564
3 565 493 517
3 565 562 493
3 565 517 524
3 565 564 562
3 565 563 564
3 566 563 565
3 566 565 524
3 566 525 528
3 566 524 525
3 566 528 529
3 567 532 531
3 567 531 517
3 568 532 567
3 568 567 517
3 569 532 568
3 569 568 517
3 569 534 532
3 569 517 534
3 570 534 533
3 570 535 534
3 571 535 570
3 571 570 533
3 571 533 536
3 571 536 537
3 571 537 535
3 572 539 514
3 573 572 514
3 574 573 514
3 575 574 514
3 575 514 546
3 575 576 574
3 575 577 576
3 575 542 577
3 575 541 542
3 575 545 541
3 575 546 545
3 578 543 547
3 578 548 549
3 578 547 548
3 578 503 543
3 578 549 550
3 579 578 550
3 580 503 578
3 580 578 579
3 581 503 580
3 582 584 583
3 582 503 581
3 582 583 503
3 585 583 584
3 585 503 583
3 586 503 585
3 587 503 586
3 588 503 587
3 588 518 503
3 588 587 589
3 588 551 553
3 588 589 552
3 588 552 551
3 588 553 518
3 590 557 556
3 591 556 519
3 591 519 516
3 591 590 556
3 592 591 516
3 593 559 513
3 593 561 559
3 594 593 595
3 596 561 593
3 596 593 594
3 597 510 509
3 597 511 510
3 597 512 511
3 597 513 512
3 597 593 513
3 597 595 593
3 597 594 595
3 597 596 594
3 598 495 494
3 598 496 495
3 598 497 496
3 598 494 562
3 599 498 497
3 599 497 598
3 600 562 563
3 600 598 562
3 600 599 598
3 601 499 498
3 601 500 499
3 601 501 500
3 601 498 599
3 602 599 600
3 603 599 602
3 603 601 599
3 604 563 566
3 604 602 600
3 604 603 602
3 604 566 529
3 604 601 603
3 604 529 501
3 604 501 601
3 604 600 563
3 605 538 539
3 605 539 572
3 606 605 572
3 607 538 605
3 607 502 540
3 607 540 538
3 608 605 606
3 608 607 605
3 609 608 606
3 609 572 573
3 609 606 572
3 610 502 607
3 610 608 609
3 610 607 608
3 611 610 609
3 611 502 610
3 611 573 574
3 611 609 573
3 611 574 576
3 611 576 577
3 611 542 502
3 611 577 542
3 612 550 515
3 612 579 550
3 613 580 579
3 613 581 580
3 613 579 612
3 613 582 581
3 614 582 613
3 614 613 612
3 614 584 582
3 615 584 614
3 615 612 515
3 615 614 612
3 615 515 616
3 615 616 584
3 617 616 515
3 617 584 616
3 618 584 617
3 618 585 584
3 619 515 552
3 619 552 589
3 619 617 515
3 619 618 617
3 620 618 619
3 620 586 585
3 620 619 589
3 620 587 586
3 620 585 618
3 620 589 587
3 621 590 591
3 621 591 592
3 622 557 590
3 622 590 621
3 622 504 557
3 623 621 592
3 623 504 622
3 623 622 621
3 624 504 623
3 624 521 504
3 625 506 505
3 625 507 506
3 625 508 507
3 625 509 508
3 625 597 509
3 625 505 561
3 625 561 596
3 625 596 597
3 626 623 592
3 626 624 623
3 626 521 624
3 626 592 516
3 626 516 521
3 651 628 627
3 629 628 651
3 636 633 632
3 636 634 633
3 636 635 634
3 644 658 643
3 645 658 644
3 649 641 648
3 650 641 649
3 642 641 650
3 659 630 629
3 659 631 630
3 659 632 631
3 659 651 652
3 659 629 651
3 659 636 632
3 660 645 646
3 660 646 647
3 660 647 648
3 660 658 645
3 660 648 641
3 661 637 636
3 661 638 637
3 661 662 638
3 661 636 659
3 663 639 638
3 663 638 662
3 664 639 663
3 665 657 658
3 665 660 666
3 665 658 660
3 667 640 639
3 667 639 664
3 668 641 640
3 668 640 667
3 668 666 660
3 668 667 666
3 668 660 641
3 669 652 653
3 670 661 659
3 670 652 669
3 670 659 652
3 671 661 670
3 671 670 669
3 671 669 653
3 672 653 654
3 672 654 662
3 672 662 661
3 672 671 653
3 672 661 671
3 673 654 655
3 673 662 654
3 673 664 663
3 673 663 662
3 674 655 656
3 675 664 673
3 675 655 674
3 675 673 655
3 676 664 675
3 676 674 656
3 676 675 674
3 677 664 676
3 677 656 657
3 677 665 666
3 677 667 664
3 677 676 656
3 677 657 665
3 677 666 667
3 679 703 678
3 687 684 685
3 687 685 686
3 696 695 711
3 702 701 693
3 694 702 693
3 712 681 682
3 713 699 698
3 714 679 680
3 714 680 681
3 714 681 712
3 715 704 703
3 715 705 704
3 715 703 679
3 715 679 714
3 716 714 712
3 716 715 714
3 717 706 705
3 717 705 715
3 718 715 716
3 718 717 715
3 718 716 712
3 719 717 718
3 720 706 717
3 720 707 706
3 721 718 712
3 721 719 718
3 722 721 723
3 722 719 721
3 722 717 719
3 722 720 717
3 724 708 707
3 724 707 720
3 725 720 722
3 725 722 723
3 725 724 720
3 726 709 708
3 726 708 724
3 727 682 683
3 727 683 684
3 727 684 687
3 727 712 682
3 728 725 723
3 728 726 724
3 728 724 725
3 729 712 727
3 730 728 723
3 730 726 728
3 731 712 729
3 732 723 721
3 732 712 731
3 732 721 712
3 733 710 709
3 733 709 726
3 734 687 688
3 734 729 727
3 734 731 729
3 734 727 687
3 735 730 723
3 736 733 726
3 736 726 730
3 736 730 735
3 736 735 737
3 738 711 710
3 738 710 733
3 739 733 736
3 739 738 733
3 739 736 737
3 740 723 732
3 740 732 731
3 741 738 739
3 742 723 740
3 743 688 689
3 743 734 688
3 743 731 734
3 743 740 731
3 743 742 740
3 744 738 741
3 744 711 738
3 745 723 742
3 746 741 739
3 746 739 737
3 746 737 713
3 746 744 741
3 747 735 723
3 747 737 735
3 747 723 745
3 748 689 690
3 748 743 689
3 748 745 742
3 748 742 743
3 749 697 696
3 749 698 697
3 749 711 744
3 749 746 713
3 749 744 746
3 749 713 698
3 749 696 711
3 750 737 747
3 750 747 745
3 751 737 750
3 752 690 691
3 752 748 690
3 752 745 748
3 752 750 745
3 752 751 750
3 753 713 737
3 753 737 751
3 754 753 751
3 755 752 691
3 755 691 692
3 755 751 752
3 755 754 751
3 756 692 693
3 756 753 754
3 756 755 692
3 756 754 755
3 757 693 701
3 757 700 699
3 757 701 700
3 757 756 693
3 757 713 753
3 757 699 713
3 757 753 756
3 768 766 765
3 769 764 763
3 769 765 764
3 769 768 765
3 770 763 762
3 770 769 763
3 771 762 761
3 771 770 762
3 772 761 760
3 772 771 761
3 773 760 759
3 773 772 760
3 774 773 759
3 775 759 758
3 775 774 759
3 767 775 758
3 783 784 785
3 783 785 786
3 782 786 787
3 782 783 786
3 781 787 788
3 781 782 787
3 780 788 789
3 780 781 788
3 779 789 790
3 779 790 791
3 779 780 789
3 778 791 792
3 778 779 791
3 777 792 793
3 777 778 792
3 776 793 794
3 776 777 793
3 813 796 795
3 813 797 796
3 813 798 797
3 813 799 798
3 813 800 799
3 813 801 800
3 813 802 801
3 813 803 802
3 813 804 803
3 814 795 805
3 814 805 806
3 814 806 807
3 814 807 808
3 814 808 809
3 814 809 810
3 814 810 811
3 814 811 812
3 814 812 804
3 814 813 795
3 814 804 813
3 840 815 816
3 840 816 817
3 824 820 821
3 824 821 822
3 824 822 823
3 833 832 848
3 834 833 848
3 835 834 848
3 838 837 830
3 839 838 830
3 831 839 830
3 849 817 818
3 849 818 819
3 849 819 820
3 849 841 840
3 849 840 817
3 849 820 824
3 850 826 827
3 851 828 829
3 851 846 845
3 852 851 829
3 852 829 830
3 852 836 835
3 852 837 836
3 852 847 846
3 852 848 847
3 852 846 851
3 852 835 848
3 852 830 837
3 853 842 841
3 854 853 841
3 854 824 825
3 854 849 824
3 854 841 849
3 855 854 825
3 855 853 854
3 855 842 853
3 856 825 826
3 856 855 825
3 857 843 842
3 857 842 855
3 857 826 850
3 857 850 843
3 857 855 856
3 857 856 826
3 858 844 843
3 858 850 827
3 858 843 850
3 859 845 844
3 859 844 858
3 860 859 858
3 861 827 828
3 861 828 860
3 861 858 827
3 861 860 858
3 862 828 851
3 862 851 845
3 862 860 828
3 862 859 860
3 862 845 859
3 891 864 863
3 872 870 869
3 872 871 870
3 873 869 868
3 873 872 869
3 884 896 897
3 884 897 883
3 885 896 884
3 880 879 888
3 889 880 888
3 881 880 889
3 890 881 889
3 882 881 890
3 898 865 864
3 898 866 865
3 898 867 866
3 898 868 867
3 898 874 873
3 898 875 874
3 898 864 891
3 898 873 868
3 899 876 875
3 899 877 876
3 899 891 892
3 899 892 893
3 899 875 898
3 899 898 891
3 900 877 899
3 900 878 877
3 900 879 878
3 900 893 894
3 900 894 895
3 900 899 893
3 901 885 886
3 901 886 887
3 901 887 888
3 901 895 896
3 901 896 885
3 901 879 900
3 901 900 895
3 901 888 879
3 920 903 902
3 920 904 903
3 920 905 904
3 920 906 905
3 920 907 906
3 920 908 907
3 920 909 908
3 920 910 909
3 920 902 912
3 921 911 910
3 921 912 913
3 921 913 914
3 921 914 915
3 921 915 916
3 921 916 917
3 921 917 918
3 921 918 919
3 921 919 911
3 921 910 920
3 921 920 912
3 931 932 939
3 930 939 938
3 930 931 939
3 929 938 937
3 929 930 938
3 928 937 936
3 928 929 937
3 927 936 935
3 927 928 936
3 926 935 934
3 926 927 935
3 925 934 933
3 925 926 934
3 924 933 922
3 924 925 933
3 923 924 922
3 964 941 940
3 964 942 941
3 949 946 945
3 949 947 946
3 949 948 947
3 957 969 956
3 958 969 957
3 962 954 961
3 963 954 962
3 955 954 963
3 970 943 942
3 970 944 943
3 970 945 944
3 970 950 949
3 970 964 965
3 970 942 964
3 970 949 945
3 971 951 950
3 971 952 951
3 971 965 966
3 971 966 967
3 971 950 970
3 971 970 965
3 972 953 952
3 972 967 968
3 972 952 971
3 972 971 967
3 973 954 953
3 973 958 959
3 973 959 960
3 973 960 961
3 973 968 969
3 973 953 972
3 973 969 958
3 973 972 968
3 973 961 954
3 999 975 974
3 976 975 999
3 983 980 979
3 983 981 980
3 983 982 981
3 992 1006 991
3 993 1006 992
3 997 989 996
3 998 989 997
3 990 989 998
3 1007 977 976
3 1007 978 977
3 1007 979 978
3 1007 984 983
3 1007 999 1000
3 1007 1000 1001
3 1007 976 999
3 1007 983 979
3 1008 985 984
3 1008 986 985
3 1008 1001 1002
3 1008 1002 1003
3 1008 1003 1004
3 1008 984 1007
3 1008 1007 1001
3 1009 987 986
3 1009 988 987
3 1009 1004 1005
3 1009 986 1008
3 1009 1008 1004
3 1010 989 988
3 1010 993 994
3 1010 994 995
3 1010 995 996
3 1010 1005 1006
3 1010 988 1009
3 1010 1006 993
3 1010 996 989
3 1010 1009 1005
3 1019 1020 1021
3 1019 1021 1028
3 1018 1028 1027
3 1018 1019 1028
3 1017 1027 1026
3 1017 1018 1027
3 1016 1025 1024
3 1016 1026 1025
3 1016 1017 1026
3 1015 1016 1024
3 1014 1024 1023
3 1014 1015 1024
3 1013 1023 1022
3 1013 1014 1023
3 1012 1022 1011
3 1012 1013 1022
3 1029 1030 1094
3 1095 1057 1056
3 1095 1056 1088
3 1096 1058 1057
3 1096 1057 1095
3 1097 1059 1058
3 1097 1058 1096
3 1098 1060 1059
3 1098 1059 1097
3 1099 1061 1060
3 1099 1060 1098
3 1100 1054 1055
3 1100 1062 1061
3 1100 1055 1062
3 1100 1061 1099
3 1101 1095 1088
3 1101 1088 1087
3 1102 1095 1101
3 1102 1096 1095
3 1103 1097 1096
3 1103 1096 1102
3 1104 1097 1103
3 1104 1098 1097
3 1105 1099 1098
3 1105 1098 1104
3 1106 1100 1099
3 1106 1053 1054
3 1106 1054 1100
3 1106 1099 1105
3 1107 1087 1086
3 1107 1101 1087
3 1108 1101 1107
3 1108 1102 1101
3 1109 1102 1108
3 1109 1103 1102
3 1110 1104 1103
3 1110 1103 1109
3 1111 1105 1104
3 1111 1104 1110
3 1112 1052 1053
3 1112 1053 1106
3 1112 1105 1111
3 1112 1106 1105
3 1113 1086 1085
3 1113 1107 1086
3 1114 1108 1107
3 1114 1107 1113
3 1115 1108 1114
3 1115 1109 1108
3 1116 1109 1115
3 1116 1110 1109
3 1117 1110 1116
3 1117 1111 1110
3 1118 1111 1117
3 1118 1050 1051
3 1118 1051 1052
3 1118 1112 1111
3 1118 1052 1112
3 1119 1113 1085
3 1119 1084 1083
3 1119 1085 1084
3 1120 1113 1119
3 1120 1114 1113
3 1121 1115 1114
3 1121 1114 1120
3 1122 1115 1121
3 1122 1116 1115
3 1123 1116 1122
3 1123 1117 1116
3 1124 1117 1123
3 1124 1049 1050
3 1124 1118 1117
3 1124 1050 1118
3 1125 1083 1082
3 1125 1119 1083
3 1126 1119 1125
3 1126 1120 1119
3 1127 1121 1120
3 1127 1120 1126
3 1128 1122 1121
3 1128 1121 1127
3 1129 1123 1122
3 1129 1124 1123
3 1129 1122 1128
3 1130 1049 1124
3 1130 1124 1129
3 1131 1125 1082
3 1132 1125 1131
3 1132 1126 1125
3 1133 1128 1127
3 1133 1127 1126
3 1133 1126 1132
3 1134 1129 1128
3 1134 1128 1133
3 1135 1129 1134
3 1135 1130 1129
3 1136 1049 1130
3 1136 1047 1048
3 1136 1048 1049
3 1136 1130 1135
3 1137 1131 1082
3 1137 1081 1080
3 1137 1082 1081
3 1138 1132 1131
3 1138 1131 1137
3 1138 1133 1132
3 1139 1133 1138
3 1140 1134 1133
3 1140 1133 1139
3 1141 1134 1140
3 1141 1135 1134
3 1142 1047 1136
3 1142 1136 1135
3 1142 1135 1141
3 1143 1137 1080
3 1144 1138 1137
3 1144 1139 1138
3 1144 1137 1143
3 1145 1139 1144
3 1146 1140 1139
3 1146 1139 1145
3 1147 1141 1140
3 1147 1140 1146
3 1148 1046 1047
3 1148 1047 1142
3 1148 1141 1147
3 1148 1142 1141
3 1149 1143 1080
3 1149 1079 1078
3 1149 1080 1079
3 1150 1143 1149
3 1150 1144 1143
3 1151 1145 1144
3 1151 1144 1150
3 1152 1146 1145
3 1152 1145 1151
3 1153 1147 1146
3 1153 1146 1152
3 1154 1147 1153
3 1154 1045 1046
3 1154 1046 1148
3 1154 1148 1147
3 1155 1149 1078
3 1156 1149 1155
3 1156 1150 1149
3 1156 1151 1150
3 1157 1151 1156
3 1158 1151 1157
3 1158 1152 1151
3 1159 1153 1152
3 1159 1152 1158
3 1160 1045 1154
3 1160 1044 1045
3 1160 1153 1159
3 1160 1154 1153
3 1161 1155 1078
3 1161 1078 1077
3 1162 1155 1161
3 1162 1156 1155
3 1163 1157 1156
3 1163 1156 1162
3 1164 1157 1163
3 1164 1158 1157
3 1165 1158 1164
3 1165 1159 1158
3 1166 1043 1044
3 1166 1044 1160
3 1166 1160 1159
3 1166 1159 1165
3 1167 1162 1161
3 1167 1161 1077
3 1167 1077 1076
3 1168 1162 1167
3 1169 1163 1162
3 1169 1162 1168
3 1170 1164 1163
3 1170 1163 1169
3 1171 1164 1170
3 1171 1165 1164
3 1172 1042 1043
3 1172 1166 1165
3 1172 1165 1171
3 1172 1043 1166
3 1173 1167 1076
3 1173 1076 1075
3 1174 1167 1173
3 1174 1168 1167
3 1175 1169 1168
3 1175 1168 1174
3 1176 1169 1175
3 1176 1170 1169
3 1177 1171 1170
3 1177 1172 1171
3 1177 1170 1176
3 1178 1041 1042
3 1178 1042 1172
3 1178 1172 1177
3 1179 1174 1173
3 1179 1173 1075
3 1179 1075 1074
3 1180 1174 1179
3 1181 1175 1174
3 1181 1174 1180
3 1182 1176 1175
3 1182 1175 1181
3 1183 1176 1182
3 1183 1177 1176
3 1184 1040 1041
3 1184 1041 1178
3 1184 1178 1177
3 1184 1177 1183
3 1185 1074 1073
3 1185 1179 1074
3 1185 1180 1179
3 1186 1180 1185
3 1187 1180 1186
3 1187 1181 1180
3 1187 1182 1181
3 1188 1182 1187
3 1189 1182 1188
3 1189 1183 1182
3 1189 1184 1183
3 1190 1184 1189
3 1190 1039 1040
3 1190 1040 1184
3 1191 1072 1071
3 1191 1073 1072
3 1191 1185 1073
3 1192 1185 1191
3 1192 1186 1185
3 1193 1187 1186
3 1193 1186 1192
3 1194 1187 1193
3 1194 1188 1187
3 1195 1189 1188
3 1195 1188 1194
3 1196 1038 1039
3 1196 1190 1189
3 1196 1189 1195
3 1196 1039 1190
3 1197 1192 1191
3 1197 1191 1071
3 1198 1192 1197
3 1199 1193 1192
3 1199 1192 1198
3 1200 1193 1199
3 1200 1194 1193
3 1200 1195 1194
3 1201 1195 1200
3 1202 1036 1037
3 1202 1037 1038
3 1202 1038 1196
3 1202 1196 1195
3 1202 1195 1201
3 1203 1197 1071
3 1203 1071 1070
3 1204 1197 1203
3 1204 1198 1197
3 1205 1199 1198
3 1205 1198 1204
3 1206 1199 1205
3 1206 1200 1199
3 1207 1200 1206
3 1207 1201 1200
3 1208 1035 1036
3 1208 1036 1202
3 1208 1202 1201
3 1208 1201 1207
3 1209 1070 1069
3 1209 1203 1070
3 1209 1204 1203
3 1210 1205 1204
3 1210 1204 1209
3 1211 1205 1210
3 1212 1206 1205
3 1212 1205 1211
3 1212 1207 1206
3 1213 1208 1207
3 1213 1207 1212
3 1214 1035 1208
3 1214 1208 1213
3 1215 1068 1067
3 1215 1069 1068
3 1215 1209 1069
3 1215 1210 1209
3 1216 1210 1215
3 1217 1211 1210
3 1217 1210 1216
3 1218 1212 1211
3 1218 1211 1217
3 1219 1212 1218
3 1219 1213 1212
3 1220 1034 1035
3 1220 1035 1214
3 1220 1214 1213
3 1220 1213 1219
3 1221 1215 1067
3 1222 1216 1215
3 1222 1215 1221
3 1222 1217 1216
3 1223 1217 1222
3 1224 1217 1223
3 1224 1218 1217
3 1225 1220 1219
3 1225 1218 1224
3 1225 1219 1218
3 1226 1032 1033
3 1226 1033 1034
3 1226 1220 1225
3 1226 1034 1220
3 1227 1222 1221
3 1227 1067 1066
3 1227 1221 1067
3 1228 1222 1227
3 1229 1223 1222
3 1229 1222 1228
3 1230 1223 1229
3 1230 1224 1223
3 1231 1224 1230
3 1231 1225 1224
3 1232 1032 1226
3 1232 1226 1225
3 1232 1225 1231
3 1233 1227 1066
3 1233 1066 1065
3 1234 1228 1227
3 1234 1229 1228
3 1234 1227 1233
3 1235 1229 1234
3 1236 1230 1229
3 1236 1229 1235
3 1236 1231 1230
3 1237 1231 1236
3 1238 1031 1032
3 1238 1032 1232
3 1238 1232 1231
3 1238 1231 1237
3 1239 1064 1063
3 1239 1065 1064
3 1239 1233 1065
3 1239 1063 1089
3 1240 1233 1239
3 1240 1234 1233
3 1240 1089 1090
3 1240 1239 1089
3 1241 1235 1234
3 1241 1090 1091
3 1241 1091 1092
3 1241 1234 1240
3 1241 1240 1090
3 1242 1236 1235
3 1242 1235 1241
3 1242 1241 1092
3 1243 1237 1236
3 1243 1236 1242
3 1243 1092 1093
3 1243 1093 1094
3 1243 1242 1092
3 1244 1030 1031
3 1244 1031 1238
3 1244 1238 1237
3 1244 1237 1243
3 1244 1243 1094
3 1244 1094 1030
3 1248 1251 1247
3 1249 1251 1248
3 1246 1249 1250
3 1246 1251 1249
3 1245 1246 1250
3 1280 1263 1262
3 1280 1264 1263
3 1280 1265 1264
3 1280 1252 1265
3 1281 1253 1252
3 1281 1252 1280
3 1281 1280 1282
3 1283 1282 1284
3 1283 1281 1282
3 1285 1283 1284
3 1286 1284 1287
3 1286 1285 1284
3 1288 1256 1255
3 1289 1270 1256
3 1289 1271 1270
3 1289 1272 1271
3 1289 1256 1288
3 1290 1288 1291
3 1290 1289 1288
3 1292 1293 1294
3 1292 1290 1291
3 1292 1291 1293
3 1295 1294 1296
3 1295 1292 1294
3 1297 1298 1299
3 1297 1295 1296
3 1297 1296 1298
3 1300 1261 1260
3 1301 1260 1259
3 1301 1300 1260
3 1302 1300 1301
3 1303 1258 1257
3 1303 1259 1258
3 1303 1301 1259
3 1304 1302 1301
3 1304 1301 1303
3 1305 1300 1302
3 1305 1302 1304
3 1306 1253 1281
3 1306 1281 1283
3 1307 1303 1257
3 1307 1304 1303
3 1307 1305 1304
3 1308 1285 1286
3 1308 1283 1285
3 1308 1306 1283
3 1309 1253 1306
3 1309 1306 1308
3 1310 1253 1309
3 1310 1311 1312
3 1310 1309 1311
3 1313 1257 1266
3 1313 1307 1257
3 1314 1253 1310
3 1314 1315 1253
3 1314 1310 1312
3 1316 1317 1318
3 1316 1313 1266
3 1316 1318 1313
3 1319 1317 1316
3 1319 1312 1317
3 1319 1316 1266
3 1320 1312 1319
3 1321 1254 1253
3 1321 1253 1315
3 1321 1315 1322
3 1323 1324 1325
3 1326 1254 1321
3 1327 1324 1323
3 1328 1324 1327
3 1329 1330 1326
3 1329 1326 1331
3 1332 1266 1267
3 1332 1327 1266
3 1332 1328 1327
3 1333 1330 1329
3 1334 1335 1336
3 1337 1332 1267
3 1337 1338 1332
3 1339 1337 1267
3 1340 1334 1336
3 1341 1339 1267
3 1342 1341 1267
3 1343 1342 1267
3 1344 1255 1254
3 1344 1254 1345
3 1346 1267 1268
3 1346 1347 1343
3 1346 1343 1267
3 1348 1344 1349
3 1348 1255 1344
3 1350 1351 1352
3 1350 1346 1268
3 1353 1351 1350
3 1354 1351 1353
3 1355 1255 1348
3 1355 1348 1356
3 1357 1355 1358
3 1359 1288 1255
3 1360 1288 1359
3 1360 1294 1293
3 1360 1291 1288
3 1360 1359 1361
3 1360 1296 1294
3 1360 1293 1291
3 1362 1363 1364
3 1365 1360 1361
3 1365 1363 1362
3 1365 1361 1363
3 1365 1299 1298
3 1365 1296 1360
3 1365 1362 1299
3 1365 1298 1296
3 1366 1367 1268
3 1366 1368 1367
3 1369 1268 1269
3 1369 1370 1366
3 1369 1366 1268
3 1371 1273 1272
3 1371 1272 1289
3 1371 1274 1273
3 1371 1275 1274
3 1371 1289 1290
3 1371 1292 1295
3 1371 1290 1292
3 1372 1369 1269
3 1373 1374 1375
3 1376 1373 1375
3 1377 1375 1372
3 1377 1376 1375
3 1378 1277 1276
3 1378 1373 1376
3 1379 1278 1277
3 1379 1277 1378
3 1379 1376 1377
3 1379 1378 1376
3 1380 1279 1278
3 1380 1269 1279
3 1380 1372 1269
3 1380 1377 1372
3 1380 1278 1379
3 1380 1379 1377
3 1381 1262 1261
3 1381 1284 1282
3 1381 1261 1300
3 1381 1280 1262
3 1381 1287 1284
3 1381 1300 1305
3 1381 1282 1280
3 1381 1305 1287
3 1382 1286 1287
3 1382 1287 1305
3 1383 1308 1286
3 1383 1286 1318
3 1384 1308 1383
3 1384 1309 1308
3 1384 1383 1318
3 1384 1311 1309
3 1385 1318 1317
3 1385 1384 1318
3 1385 1312 1311
3 1385 1311 1384
3 1385 1317 1312
3 1386 1312 1320
3 1386 1314 1312
3 1387 1314 1386
3 1388 1386 1320
3 1388 1320 1325
3 1388 1387 1386
3 1389 1314 1387
3 1389 1315 1314
3 1390 1322 1315
3 1390 1315 1389
3 1391 1390 1389
3 1391 1325 1324
3 1391 1388 1325
3 1391 1324 1390
3 1391 1387 1388
3 1391 1389 1387
3 1392 1320 1319
3 1392 1323 1325
3 1392 1327 1323
3 1392 1266 1327
3 1392 1325 1320
3 1392 1319 1266
3 1393 1390 1324
3 1393 1322 1390
3 1394 1321 1322
3 1395 1324 1328
3 1395 1393 1324
3 1396 1321 1394
3 1397 1393 1395
3 1397 1394 1322
3 1397 1322 1393
3 1397 1395 1328
3 1398 1326 1321
3 1398 1396 1399
3 1398 1321 1396
3 1398 1331 1326
3 1400 1396 1394
3 1400 1394 1397
3 1400 1399 1396
3 1400 1397 1328
3 1401 1399 1400
3 1401 1400 1328
3 1401 1328 1332
3 1402 1398 1399
3 1402 1331 1398
3 1403 1331 1402
3 1403 1402 1338
3 1404 1399 1401
3 1404 1401 1332
3 1405 1329 1331
3 1405 1331 1403
3 1406 1402 1399
3 1406 1399 1404
3 1406 1338 1402
3 1406 1332 1338
3 1406 1404 1332
3 1407 1329 1405
3 1407 1403 1338
3 1407 1405 1403
3 1408 1254 1326
3 1408 1326 1330
3 1408 1330 1333
3 1408 1333 1335
3 1408 1335 1334
3 1408 1334 1254
3 1409 1329 1407
3 1409 1338 1337
3 1409 1407 1338
3 1410 1333 1329
3 1410 1329 1409
3 1411 1337 1339
3 1411 1409 1337
3 1411 1410 1409
3 1412 1333 1410
3 1412 1335 1333
3 1413 1412 1410
3 1413 1411 1339
3 1413 1410 1411
3 1414 1413 1339
3 1414 1412 1413
3 1415 1334 1340
3 1415 1340 1416
3 1415 1416 1417
3 1415 1345 1254
3 1415 1417 1345
3 1415 1254 1334
3 1418 1335 1412
3 1418 1336 1335
3 1418 1339 1341
3 1418 1412 1414
3 1418 1341 1336
3 1418 1414 1339
3 1419 1340 1336
3 1419 1336 1341
3 1419 1341 1342
3 1420 1416 1340
3 1420 1340 1419
3 1421 1419 1342
3 1421 1420 1419
3 1422 1421 1342
3 1422 1420 1421
3 1423 1417 1416
3 1424 1416 1420
3 1424 1343 1347
3 1424 1342 1343
3 1424 1422 1342
3 1424 1420 1422
3 1425 1416 1424
3 1425 1423 1416
3 1425 1424 1347
3 1426 1425 1347
3 1426 1423 1425
3 1427 1345 1417
3 1427 1428 1345
3 1427 1423 1426
3 1427 1417 1423
3 1429 1426 1347
3 1429 1428 1427
3 1429 1427 1426
3 1430 1345 1428
3 1430 1344 1345
3 1431 1428 1429
3 1431 1430 1428
3 1431 1432 1430
3 1433 1344 1430
3 1433 1430 1432
3 1434 1349 1344
3 1434 1344 1433
3 1435 1431 1429
3 1435 1429 1347
3 1435 1347 1346
3 1436 1431 1435
3 1436 1432 1431
3 1436 1435 1346
3 1437 1433 1432
3 1437 1434 1433
3 1438 1352 1437
3 1438 1432 1436
3 1438 1436 1346
3 1438 1437 1432
3 1438 1350 1352
3 1438 1346 1350
3 1439 1437 1352
3 1439 1349 1434
3 1439 1434 1437
3 1440 1349 1439
3 1441 1352 1351
3 1441 1439 1352
3 1441 1351 1440
3 1441 1440 1439
3 1442 1349 1440
3 1443 1440 1351
3 1443 1442 1440
3 1443 1351 1354
3 1444 1349 1442
3 1445 1349 1444
3 1445 1348 1349
3 1445 1356 1348
3 1446 1444 1442
3 1446 1354 1447
3 1446 1443 1354
3 1446 1442 1443
3 1446 1447 1445
3 1446 1445 1444
3 1448 1356 1445
3 1448 1445 1447
3 1449 1355 1356
3 1449 1448 1447
3 1449 1356 1448
3 1449 1358 1355
3 1450 1359 1255
3 1450 1355 1357
3 1450 1357 1364
3 1450 1363 1361
3 1450 1361 1359
3 1450 1364 1363
3 1450 1255 1355
3 1451 1447 1354
3 1451 1354 1353
3 1451 1350 1268
3 1451 1353 1350
3 1452 1451 1268
3 1452 1447 1451
3 1453 1268 1367
3 1453 1447 1452
3 1453 1452 1268
3 1454 1357 1358
3 1455 1454 1368
3 1455 1357 1454
3 1456 1366 1370
3 1456 1368 1366
3 1456 1357 1455
3 1456 1455 1368
3 1457 1362 1364
3 1457 1364 1357
3 1457 1357 1456
3 1457 1456 1370
3 1457 1299 1362
3 1458 1297 1299
3 1458 1375 1374
3 1458 1374 1297
3 1459 1374 1373
3 1459 1297 1374
3 1459 1295 1297
3 1459 1371 1295
3 1460 1276 1275
3 1460 1275 1371
3 1460 1371 1459
3 1461 1459 1373
3 1461 1378 1276
3 1461 1276 1460
3 1461 1373 1378
3 1461 1460 1459
3 1462 1305 1307
3 1462 1382 1305
3 1462 1307 1313
3 1463 1318 1286
3 1463 1286 1382
3 1463 1313 1318
3 1463 1382 1462
3 1463 1462 1313
3 1464 1454 1358
3 1464 1367 1368
3 1464 1358 1449
3 1464 1447 1453
3 1464 1368 1454
3 1464 1449 1447
3 1464 1453 1367
3 1465 1370 1369
3 1465 1375 1458
3 1465 1372 1375
3 1465 1369 1372
3 1466 1465 1458
3 1466 1458 1299
3 1466 1457 1370
3 1466 1299 1457
3 1466 1370 1465
3 1467 1479 1478
3 1468 1480 1479
3 1468 1481 1480
3 1468 1479 1467
3 1469 1482 1481
3 1469 1481 1468
3 1470 1483 1482
3 1470 1482 1469
3 1471 1484 1483
3 1471 1483 1470
3 1472 1485 1484
3 1472 1484 1471
3 1473 1486 1485
3 1473 1485 1472
3 1474 1487 1486
3 1474 1486 1473
3 1475 1488 1487
3 1475 1487 1474
3 1476 1489 1488
3 1476 1490 1489
3 1476 1488 1475
3 1477 1491 1490
3 1477 1490 1476
3 1500 1493 1492
3 1494 1493 1500
3 1499 1494 1500
3 1501 1495 1494
3 1501 1498 1497
3 1501 1499 1498
3 1501 1494 1499
3 1513 1496 1495
3 1513 1501 1502
3 1513 1502 1503
3 1513 1503 1504
3 1513 1504 1505
3 1513 1495 1501
3 1506 1513 1505
3 1511 1512 1513
3 1507 1513 1506
3 1510 1511 1513
3 1508 1513 1507
3 1509 1510 1513
3 1509 1513 1508
3 1515 1514 1538
3 1539 1515 1538
3 1516 1515 1539
3 1523 1520 1519
3 1523 1521 1520
3 1523 1522 1521
3 1531 1545 1530
3 1532 1545 1531
3 1536 1528 1535
3 1537 1528 1536
3 1529 1528 1537
3 1546 1517 1516
3 1546 1518 1517
3 1546 1519 1518
3 1546 1524 1523
3 1546 1539 1540
3 1546 1516 1539
3 1546 1523 1519
3 1547 1525 1524
3 1547 1526 1525
3 1547 1540 1541
3 1547 1541 1542
3 1547 1542 1543
3 1547 1543 1544
3 1547 1546 1540
3 1547 1524 1546
3 1548 1527 1526
3 1548 1544 1545
3 1548 1526 1547
3 1548 1547 1544
3 1549 1528 1527
3 1549 1532 1533
3 1549 1533 1534
3 1549 1534 1535
3 1549 1545 1532
3 1549 1548 1545
3 1549 1535 1528
3 1549 1527 1548
3 1551 1571 1550
3 1570 1571 1551
3 1562 1552 1553
3 1562 1553 1554
3 1562 1554 1555
3 1562 1555 1556
3 1562 1556 1557
3 1562 1557 1558
3 1562 1558 1559
3 1562 1559 1560
3 1562 1560 1561
3 1563 1551 1552
3 1563 1552 1562
3 1564 1570 1551
3 1564 1551 1563
3 1565 1569 1570
3 1565 1570 1564
3 1566 1568 1569
3 1566 1569 1565
3 1567 1568 1566
3 1574 1576 1577
3 1575 1577 1578
3 1575 1578 1579
3 1575 1574 1577
3 1572 1579 1580
3 1572 1582 1581
3 1572 1583 1582
3 1572 1584 1583
3 1572 1585 1584
3 1572 1586 1585
3 1572 1587 1586
3 1572 1588 1587
3 1572 1580 1588
3 1573 1575 1579
3 1573 1579 1572
3 1608 1599 1592
3 1608 1592 1609
3 1610 1590 1591
3 1611 1600 1599
3 1612 1610 1591
3 1613 1600 1611
3 1614 1597 1598
3 1614 1598 1589
3 1615 1597 1614
3 1616 1615 1614
3 1616 1614 1589
3 1617 1615 1616
3 1618 1615 1617
3 1619 1616 1589
3 1620 1589 1590
3 1620 1619 1589
3 1621 1608 1622
3 1621 1624 1623
3 1621 1625 1624
3 1621 1622 1625
3 1626 1621 1623
3 1626 1623 1627
3 1628 1629 1620
3 1628 1620 1590
3 1630 1608 1621
3 1630 1621 1626
3 1630 1599 1608
3 1631 1628 1590
3 1632 1599 1630
3 1633 1631 1590
3 1633 1634 1631
3 1635 1636 1590
3 1635 1590 1610
3 1635 1610 1637
3 1638 1611 1599
3 1638 1599 1639
3 1638 1637 1611
3 1640 1637 1610
3 1640 1610 1641
3 1640 1611 1637
3 1642 1640 1641
3 1642 1611 1640
3 1643 1611 1642
3 1643 1613 1611
3 1644 1613 1643
3 1645 1613 1644
3 1645 1610 1612
3 1645 1612 1646
3 1647 1613 1645
3 1647 1645 1646
3 1648 1647 1646
3 1648 1613 1647
3 1648 1646 1612
3 1649 1595 1596
3 1650 1596 1597
3 1650 1649 1596
3 1650 1597 1615
3 1651 1650 1615
3 1651 1615 1618
3 1652 1594 1595
3 1652 1595 1649
3 1652 1649 1650
3 1653 1650 1651
3 1653 1652 1650
3 1654 1592 1593
3 1654 1593 1594
3 1654 1594 1652
3 1655 1592 1654
3 1655 1652 1653
3 1655 1654 1652
3 1656 1609 1592
3 1656 1592 1655
3 1656 1655 1653
3 1657 1659 1658
3 1657 1658 1609
3 1657 1609 1656
3 1660 1659 1661
3 1660 1661 1619
3 1662 1660 1663
3 1664 1619 1620
3 1664 1663 1660
3 1664 1660 1619
3 1665 1664 1620
3 1666 1665 1620
3 1667 1665 1666
3 1667 1623 1624
3 1668 1666 1620
3 1669 1627 1623
3 1669 1623 1667
3 1669 1667 1666
3 1669 1666 1668
3 1670 1620 1629
3 1670 1629 1627
3 1670 1627 1669
3 1670 1668 1620
3 1670 1669 1668
3 1671 1627 1629
3 1671 1630 1626
3 1671 1626 1627
3 1672 1671 1629
3 1672 1630 1671
3 1672 1629 1628
3 1673 1672 1628
3 1673 1630 1672
3 1674 1632 1630
3 1674 1630 1673
3 1675 1673 1628
3 1675 1632 1674
3 1675 1674 1673
3 1676 1628 1631
3 1676 1675 1628
3 1677 1632 1675
3 1677 1675 1676
3 1678 1679 1632
3 1678 1632 1677
3 1680 1631 1634
3 1680 1676 1631
3 1680 1677 1676
3 1680 1678 1677
3 1680 1679 1678
3 1681 1636 1682
3 1681 1590 1636
3 1681 1633 1590
3 1683 1599 1632
3 1683 1632 1679
3 1683 1684 1599
3 1685 1682 1636
3 1685 1686 1682
3 1687 1686 1685
3 1688 1639 1689
3 1688 1689 1686
3 1688 1687 1639
3 1688 1686 1687
3 1690 1685 1636
3 1690 1639 1687
3 1690 1687 1685
3 1691 1636 1635
3 1692 1636 1691
3 1692 1690 1636
3 1693 1639 1690
3 1693 1638 1639
3 1693 1690 1692
3 1693 1692 1638
3 1694 1691 1635
3 1694 1638 1692
3 1694 1692 1691
3 1695 1635 1637
3 1695 1637 1638
3 1695 1694 1635
3 1695 1638 1694
3 1696 1643 1642
3 1696 1644 1643
3 1696 1645 1644
3 1696 1610 1645
3 1696 1641 1610
3 1696 1642 1641
3 1697 1648 1612
3 1697 1612 1591
3 1698 1697 1699
3 1700 1697 1591
3 1700 1607 1606
3 1700 1591 1607
3 1700 1699 1697
3 1701 1697 1698
3 1702 1701 1698
3 1702 1700 1606
3 1702 1699 1700
3 1702 1605 1604
3 1702 1606 1605
3 1702 1698 1699
3 1703 1613 1648
3 1703 1600 1613
3 1704 1600 1703
3 1705 1601 1600
3 1705 1602 1601
3 1705 1600 1704
3 1706 1656 1653
3 1706 1657 1656
3 1706 1651 1618
3 1706 1653 1651
3 1707 1657 1706
3 1707 1706 1618
3 1707 1617 1616
3 1707 1618 1617
3 1708 1616 1619
3 1708 1707 1616
3 1708 1657 1707
3 1709 1659 1657
3 1709 1657 1708
3 1710 1659 1709
3 1710 1661 1659
3 1710 1709 1708
3 1710 1708 1619
3 1710 1619 1661
3 1711 1608 1609
3 1711 1609 1658
3 1712 1662 1663
3 1712 1665 1667
3 1712 1667 1624
3 1712 1664 1665
3 1712 1663 1664
3 1713 1712 1624
3 1713 1662 1712
3 1713 1711 1662
3 1714 1711 1713
3 1715 1713 1624
3 1715 1622 1608
3 1715 1624 1625
3 1715 1608 1711
3 1715 1625 1622
3 1715 1714 1713
3 1715 1711 1714
3 1716 1634 1633
3 1716 1633 1681
3 1717 1679 1680
3 1717 1680 1634
3 1717 1634 1684
3 1717 1683 1679
3 1717 1684 1683
3 1718 1716 1681
3 1719 1718 1681
3 1719 1681 1682
3 1719 1686 1718
3 1719 1682 1686
3 1720 1648 1697
3 1720 1703 1648
3 1720 1697 1701
3 1721 1704 1703
3 1721 1703 1720
3 1722 1720 1701
3 1722 1721 1720
3 1723 1722 1701
3 1724 1721 1722
3 1724 1704 1721
3 1724 1705 1704
3 1724 1722 1723
3 1725 1701 1702
3 1725 1603 1602
3 1725 1604 1603
3 1725 1702 1604
3 1725 1723 1701
3 1725 1602 1705
3 1725 1705 1724
3 1725 1724 1723
3 1726 1711 1658
3 1726 1658 1659
3 1726 1659 1660
3 1726 1662 1711
3 1726 1660 1662
3 1727 1716 1718
3 1727 1684 1634
3 1727 1634 1716
3 1728 1727 1718
3 1728 1718 1686
3 1728 1686 1689
3 1729 1599 1684
3 1729 1684 1727
3 1730 1599 1729
3 1731 1728 1689
3 1731 1639 1599
3 1731 1689 1639
3 1731 1599 1730
3 1731 1727 1728
3 1731 1729 1727
3 1731 1730 1729
3 1733 1732 1741
3 1750 1741 1740
3 1750 1733 1741
3 1749 1740 1739
3 1749 1750 1740
3 1748 1739 1738
3 1748 1749 1739
3 1747 1748 1738
3 1746 1738 1737
3 1746 1747 1738
3 1745 1737 1736
3 1745 1746 1737
3 1744 1736 1735
3 1744 1745 1736
3 1743 1735 1734
3 1743 1744 1735
3 1742 1743 1734
3 1752 1751 1777
3 1778 1752 1777
3 1760 1757 1756
3 1760 1758 1757
3 1760 1759 1758
3 1770 1785 1769
3 1776 1767 1775
3 1768 1767 1776
3 1786 1754 1753
3 1786 1755 1754
3 1786 1756 1755
3 1787 1771 1772
3 1787 1772 1773
3 1788 1753 1752
3 1788 1778 1779
3 1788 1779 1780
3 1788 1780 1781
3 1788 1752 1778
3 1788 1786 1753
3 1789 1781 1782
3 1789 1782 1783
3 1789 1788 1781
3 1789 1790 1788
3 1791 1761 1760
3 1791 1786 1788
3 1791 1760 1756
3 1791 1756 1786
3 1791 1788 1790
3 1792 1790 1789
3 1793 1792 1789
3 1793 1783 1784
3 1793 1789 1783
3 1794 1784 1785
3 1794 1793 1784
3 1795 1762 1761
3 1795 1763 1762
3 1795 1791 1790
3 1795 1761 1791
3 1796 1797 1792
3 1796 1792 1793
3 1796 1793 1794
3 1798 1796 1794
3 1799 1770 1771
3 1799 1785 1770
3 1799 1771 1787
3 1799 1794 1785
3 1799 1798 1794
3 1800 1764 1763
3 1800 1795 1790
3 1800 1763 1795
3 1801 1798 1799
3 1801 1787 1797
3 1801 1799 1787
3 1801 1796 1798
3 1801 1797 1796
3 1802 1800 1790
3 1802 1790 1792
3 1802 1792 1797
3 1803 1800 1802
3 1803 1802 1797
3 1804 1803 1797
3 1805 1765 1764
3 1805 1800 1803
3 1805 1803 1804
3 1805 1764 1800
3 1806 1804 1797
3 1806 1797 1787
3 1807 1804 1806
3 1808 1766 1765
3 1808 1765 1805
3 1808 1805 1804
3 1808 1804 1807
3 1809 1767 1766
3 1809 1808 1807
3 1809 1773 1774
3 1809 1774 1775
3 1809 1766 1808
3 1809 1806 1787
3 1809 1807 1806
3 1809 1787 1773
3 1809 1775 1767
3 1827 1832 1831
3 1827 1833 1832
3 1827 1834 1833
3 1827 1835 1834
3 1827 1836 1835
3 1827 1837 1836
3 1838 1837 1827
3 1839 1838 1827
3 1840 1839 1827
3 1828 1840 1827
3 1813 1818 1819
3 1813 1819 1820
3 1813 1820 1821
3 1813 1821 1822
3 1813 1822 1823
3 1813 1823 1824
3 1813 1824 1825
3 1813 1825 1826
3 1813 1830 1818
3 1814 1828 1829
3 1814 1829 1830
3 1814 1830 1813
3 1815 1810 1840
3 1815 1840 1828
3 1815 1828 1814
3 1816 1810 1815
3 1811 1810 1816
3 1817 1811 1816
3 1812 1811 1817
3 1842 1850 1849
3 1842 1851 1850
3 1842 1841 1851
3 1843 1849 1848
3 1843 1842 1849
3 1847 1843 1848
3 1844 1843 1847
3 1845 1844 1847
3 1846 1845 1847
3 1860 1862 1863
3 1860 1863 1864
3 1860 1864 1865
3 1860 1865 1866
3 1860 1866 1867
3 1861 1862 1860
3 1859 1861 1860
3 1854 1861 1859
3 1858 1854 1859
3 1853 1858 1857
3 1853 1854 1858
3 1856 1853 1857
3 1852 1856 1855
3 1852 1853 1856
3 1893 1873 1872
3 1892 1893 1872
3 1891 1892 1872
3 1887 1888 1885
3 1886 1887 1885
3 1894 1880 1879
3 1894 1881 1880
3 1894 1868 1881
3 1895 1869 1868
3 1895 1868 1894
3 1896 1895 1894
3 1897 1896 1894
3 1898 1897 1894
3 1898 1894 1899
3 1900 1872 1871
3 1900 1871 1901
3 1902 1884 1885
3 1903 1902 1885
3 1903 1888 1889
3 1903 1889 1890
3 1903 1890 1891
3 1903 1891 1872
3 1903 1885 1888
3 1904 1878 1877
3 1904 1879 1878
3 1904 1894 1879
3 1904 1899 1894
3 1905 1875 1874
3 1905 1876 1875
3 1905 1877 1876
3 1905 1904 1877
3 1906 1904 1905
3 1907 1904 1906
3 1907 1899 1904
3 1908 1907 1906
3 1908 1874 1882
3 1908 1906 1905
3 1908 1905 1874
3 1909 1895 1896
3 1909 1897 1898
3 1909 1896 1897
3 1910 1909 1911
3 1910 1895 1909
3 1910 1869 1895
3 1912 1869 1910
3 1913 1869 1912
3 1914 1869 1913
3 1914 1913 1915
3 1916 1908 1882
3 1916 1911 1908
3 1917 1916 1882
3 1918 1869 1914
3 1918 1914 1915
3 1918 1919 1869
3 1920 1915 1917
3 1920 1917 1882
3 1921 1915 1920
3 1921 1920 1882
3 1922 1921 1882
3 1923 1924 1922
3 1923 1922 1882
3 1925 1882 1883
3 1925 1883 1926
3 1925 1927 1919
3 1925 1924 1923
3 1925 1919 1924
3 1925 1923 1882
3 1925 1926 1927
3 1928 1870 1869
3 1928 1869 1919
3 1928 1919 1927
3 1929 1928 1927
3 1929 1927 1926
3 1930 1870 1928
3 1930 1928 1929
3 1930 1929 1926
3 1931 1870 1930
3 1931 1930 1926
3 1932 1933 1870
3 1932 1870 1931
3 1932 1931 1934
3 1935 1926 1883
3 1935 1931 1926
3 1935 1934 1931
3 1936 1935 1883
3 1936 1932 1934
3 1936 1934 1935
3 1936 1933 1932
3 1937 1933 1936
3 1937 1936 1883
3 1938 1933 1937
3 1938 1939 1933
3 1940 1883 1884
3 1940 1937 1883
3 1940 1938 1937
3 1940 1884 1941
3 1940 1939 1938
3 1940 1941 1939
3 1942 1871 1870
3 1942 1870 1933
3 1942 1933 1939
3 1942 1939 1941
3 1943 1901 1871
3 1943 1871 1942
3 1943 1942 1941
3 1944 1945 1900
3 1944 1902 1945
3 1944 1884 1902
3 1944 1901 1884
3 1944 1900 1901
3 1946 1900 1945
3 1946 1945 1902
3 1946 1903 1872
3 1946 1902 1903
3 1946 1872 1900
3 1947 1907 1908
3 1947 1908 1911
3 1947 1911 1909
3 1947 1899 1907
3 1947 1898 1899
3 1947 1909 1898
3 1948 1912 1910
3 1948 1911 1916
3 1948 1910 1911
3 1949 1912 1948
3 1949 1913 1912
3 1950 1949 1948
3 1950 1948 1916
3 1951 1913 1949
3 1951 1950 1916
3 1951 1949 1950
3 1951 1915 1913
3 1951 1917 1915
3 1951 1916 1917
3 1952 1922 1924
3 1952 1918 1915
3 1952 1919 1918
3 1952 1915 1921
3 1952 1921 1922
3 1952 1924 1919
3 1953 1941 1884
3 1953 1884 1901
3 1953 1901 1943
3 1953 1943 1941
3 1956 1957 1958
3 1975 1958 1959
3 1975 1959 1960
3 1975 1960 1961
3 1975 1961 1962
3 1975 1962 1963
3 1975 1956 1958
3 1976 1963 1964
3 1976 1964 1965
3 1976 1965 1966
3 1976 1966 1954
3 1976 1956 1975
3 1976 1975 1963
3 1976 1978 1977
3 1976 1954 1978
3 1979 1980 1967
3 1981 1980 1979
3 1981 1979 1967
3 1982 1981 1967
3 1982 1980 1981
3 1983 1967 1956
3 1983 1978 1980
3 1983 1980 1982
3 1983 1976 1977
3 1983 1982 1967
3 1983 1956 1976
3 1983 1977 1978
3 1984 1954 1955
3 1984 1980 1978
3 1984 1978 1954
3 1985 1984 1986
3 1987 1968 1967
3 1987 1984 1985
3 1988 1955 1969
3 1988 1969 1970
3 1988 1984 1955
3 1988 1986 1984
3 1989 1970 1971
3 1989 1971 1972
3 1989 1972 1973
3 1989 1973 1974
3 1989 1974 1968
3 1989 1968 1987
3 1989 1988 1970
3 1989 1985 1986
3 1989 1987 1985
3 1989 1986 1988
3 1990 1967 1980
3 1990 1987 1967
3 1990 1980 1984
3 1990 1984 1987
3 1997 1992 1991
3 1996 1991 1999
3 1996 1997 1991
3 1995 1996 1999
3 1994 1999 1998
3 1994 1995 1999
3 1993 1994 1998
3 2009 2004 2003
3 2009 2005 2004
3 2000 2002 2001
3 2008 2003 2002
3 2008 2002 2000
3 2008 2009 2003
3 2007 2008 2000
3 2006 2007 2000
3 2029 2020 2013
3 2030 2032 2031
3 2030 2029 2032
3 2033 2020 2034
3 2033 2034 2011
3 2035 2011 2012
3 2035 2033 2011
3 2036 2037 2010
3 2038 2037 2036
3 2039 2010 2011
3 2039 2031 2032
3 2039 2030 2031
3 2039 2036 2010
3 2039 2032 2029
3 2039 2011 2030
3 2039 2038 2036
3 2040 2029 2030
3 2040 2020 2029
3 2041 2021 2020
3 2041 2020 2033
3 2041 2033 2035
3 2042 2021 2041
3 2043 2015 2016
3 2043 2016 2017
3 2044 2013 2014
3 2044 2014 2015
3 2044 2015 2043
3 2045 2043 2046
3 2045 2044 2043
3 2047 2046 2037
3 2048 2013 2044
3 2048 2044 2045
3 2048 2045 2046
3 2048 2046 2047
3 2049 2029 2013
3 2049 2037 2038
3 2049 2039 2029
3 2049 2038 2039
3 2049 2047 2037
3 2049 2013 2048
3 2049 2048 2047
3 2050 2040 2030
3 2050 2030 2011
3 2051 2050 2011
3 2051 2040 2050
3 2052 2011 2034
3 2052 2051 2011
3 2053 2035 2012
3 2053 2041 2035
3 2053 2042 2041
3 2054 2026 2025
3 2054 2027 2026
3 2054 2028 2027
3 2054 2012 2028
3 2054 2053 2012
3 2055 2042 2053
3 2055 2022 2021
3 2055 2023 2022
3 2055 2024 2023
3 2055 2025 2024
3 2055 2021 2042
3 2055 2053 2054
3 2055 2054 2025
3 2056 2017 2018
3 2056 2018 2019
3 2056 2019 2010
3 2056 2043 2017
3 2056 2010 2037
3 2056 2046 2043
3 2056 2037 2046
3 2057 2051 2052
3 2057 2040 2051
3 2057 2052 2034
3 2057 2034 2020
3 2057 2020 2040
3 2082 2067 2068
3 2082 2068 2069
3 2082 2069 2070
3 2082 2070 2058
3 2083 2058 2059
3 2083 2082 2058
3 2083 2084 2082
3 2085 2084 2083
3 2086 2087 2084
3 2086 2084 2085
3 2088 2087 2086
3 2089 2071 2063
3 2089 2087 2088
3 2090 2060 2061
3 2091 2073 2072
3 2092 2061 2062
3 2092 2074 2073
3 2092 2062 2075
3 2092 2075 2076
3 2092 2076 2077
3 2092 2077 2078
3 2092 2078 2079
3 2092 2079 2080
3 2092 2080 2081
3 2092 2081 2074
3 2092 2093 2061
3 2092 2073 2093
3 2094 2063 2064
3 2094 2064 2065
3 2094 2065 2066
3 2094 2066 2067
3 2094 2084 2087
3 2094 2067 2082
3 2094 2089 2063
3 2094 2082 2084
3 2094 2087 2089
3 2095 2086 2085
3 2095 2083 2059
3 2095 2085 2083
3 2095 2088 2086
3 2095 2089 2088
3 2096 2089 2095
3 2096 2095 2059
3 2097 2089 2096
3 2097 2096 2059
3 2098 2097 2059
3 2098 2099 2097
3 2100 2097 2099
3 2100 2071 2089
3 2100 2089 2097
3 2101 2071 2100
3 2101 2100 2099
3 2102 2071 2101
3 2103 2105 2104
3 2106 2072 2071
3 2106 2071 2102
3 2106 2103 2104
3 2106 2102 2103
3 2106 2107 2072
3 2106 2104 2107
3 2108 2059 2060
3 2108 2105 2059
3 2108 2104 2105
3 2109 2104 2108
3 2109 2107 2104
3 2110 2109 2108
3 2110 2107 2109
3 2110 2108 2060
3 2111 2110 2060
3 2111 2060 2112
3 2113 2072 2112
3 2114 2072 2113
3 2115 2114 2090
3 2115 2072 2114
3 2115 2091 2072
3 2115 2090 2116
3 2115 2116 2091
3 2117 2090 2061
3 2117 2116 2090
3 2117 2091 2116
3 2117 2061 2093
3 2118 2099 2098
3 2118 2101 2099
3 2118 2098 2059
3 2119 2102 2101
3 2119 2105 2103
3 2119 2059 2105
3 2119 2103 2102
3 2119 2101 2118
3 2119 2118 2059
3 2120 2113 2112
3 2120 2114 2113
3 2120 2090 2114
3 2120 2060 2090
3 2120 2112 2060
3 2121 2107 2110
3 2121 2110 2111
3 2121 2111 2112
3 2121 2072 2107
3 2121 2112 2072
3 2122 2091 2117
3 2122 2117 2093
3 2122 2073 2091
3 2122 2093 2073
3 2123 2144 2143
3 2123 2145 2144
3 2123 2146 2145
3 2123 2147 2146
3 2123 2148 2147
3 2142 2123 2143
3 2126 2125 2124
3 2127 2126 2124
3 2128 2127 2124
3 2129 2128 2124
3 2130 2129 2124
3 2131 2130 2124
3 2132 2131 2124
3 2133 2132 2124
3 2134 2133 2124
3 2135 2124 2123
3 2135 2142 2141
3 2135 2123 2142
3 2135 2134 2124
3 2137 2141 2140
3 2137 2135 2141
3 2139 2137 2140
3 2136 2139 2138
3 2136 2137 2139
3 2152 2177 2151
3 2152 2178 2177
3 2152 2179 2178
3 2153 2179 2152
3 2154 2180 2179
3 2154 2181 2180
3 2154 2179 2153
3 2155 2181 2154
3 2156 2182 2181
3 2156 2181 2155
3 2157 2183 2182
3 2157 2184 2183
3 2157 2182 2156
3 2158 2184 2157
3 2159 2185 2184
3 2159 2184 2158
3 2160 2186 2185
3 2160 2185 2159
3 2161 2187 2186
3 2161 2188 2187
3 2161 2186 2160
3 2162 2188 2161
3 2163 2188 2162
3 2163 2189 2188
3 2164 2189 2163
3 2164 2190 2189
3 2164 2191 2190
3 2165 2191 2164
3 2166 2191 2165
3 2166 2192 2191
3 2166 2193 2192
3 2167 2193 2166
3 2167 2194 2193
3 2168 2194 2167
3 2169 2194 2168
3 2169 2195 2194
3 2169 2196 2195
3 2170 2196 2169
3 2171 2196 2170
3 2171 2197 2196
3 2172 2197 2171
3 2172 2198 2197
3 2173 2198 2172
3 2173 2199 2198
3 2173 2200 2199
3 2174 2200 2173
3 2175 2200 2174
3 2175 2201 2200
3 2176 2202 2201
3 2176 2201 2175
3 2149 2150 2202
3 2149 2202 2176
3 2205 2213 2214
3 2206 2214 2215
3 2206 2205 2214
3 2207 2215 2216
3 2207 2206 2215
3 2208 2207 2216
3 2209 2216 2217
3 2209 2208 2216
3 2210 2217 2218
3 2210 2209 2217
3 2211 2218 2219
3 2211 2210 2218
3 2212 2219 2220
3 2212 2211 2219
3 2204 2220 2203
3 2204 2212 2220
3 2230 2227 2228
3 2230 2228 2229
3 2240 2239 2254
3 2241 2254 2253
3 2241 2240 2254
3 2245 2244 2237
3 2246 2245 2237
3 2238 2246 2237
3 2255 2224 2225
3 2256 2232 2233
3 2256 2249 2248
3 2257 2233 2234
3 2257 2234 2235
3 2257 2250 2249
3 2257 2251 2250
3 2257 2256 2233
3 2257 2249 2256
3 2258 2235 2236
3 2258 2236 2237
3 2258 2242 2241
3 2258 2243 2242
3 2258 2244 2243
3 2258 2252 2251
3 2258 2253 2252
3 2258 2251 2257
3 2258 2257 2235
3 2258 2241 2253
3 2258 2237 2244
3 2259 2221 2222
3 2259 2222 2223
3 2259 2223 2224
3 2259 2224 2255
3 2260 2247 2221
3 2260 2259 2255
3 2260 2221 2259
3 2261 2225 2226
3 2261 2226 2227
3 2261 2227 2230
3 2261 2255 2225
3 2262 2230 2231
3 2262 2261 2230
3 2263 2255 2261
3 2263 2262 2231
3 2263 2261 2262
3 2264 2248 2247
3 2264 2247 2260
3 2264 2256 2248
3 2265 2264 2260
3 2265 2263 2231
3 2266 2256 2264
3 2266 2231 2232
3 2266 2265 2231
3 2266 2232 2256
3 2266 2264 2265
3 2267 2263 2265
3 2267 2255 2263
3 2267 2265 2260
3 2267 2260 2255
3 2269 2298 2268
3 2277 2274 2275
3 2277 2275 2276
3 2278 2273 2274
3 2278 2274 2277
3 2297 2296 2287
3 2288 2297 2287
3 2289 2297 2288
3 2307 2270 2271
3 2307 2271 2272
3 2307 2272 2273
3 2308 2294 2293
3 2309 2307 2310
3 2311 2300 2299
3 2311 2309 2310
3 2311 2299 2309
3 2312 2278 2279
3 2312 2279 2280
3 2312 2280 2281
3 2312 2310 2307
3 2312 2273 2278
3 2312 2307 2273
3 2313 2301 2300
3 2313 2311 2310
3 2313 2300 2311
3 2314 2313 2310
3 2315 2302 2301
3 2316 2315 2301
3 2316 2313 2314
3 2316 2301 2313
3 2316 2314 2317
3 2318 2315 2316
3 2318 2316 2317
3 2319 2310 2312
3 2319 2281 2282
3 2319 2312 2281
3 2320 2303 2302
3 2320 2315 2318
3 2320 2302 2315
3 2321 2320 2318
3 2322 2321 2318
3 2322 2317 2323
3 2322 2318 2317
3 2324 2310 2319
3 2325 2310 2324
3 2325 2314 2310
3 2325 2317 2314
3 2326 2304 2303
3 2326 2303 2320
3 2327 2282 2283
3 2327 2324 2319
3 2327 2319 2282
3 2327 2283 2324
3 2328 2320 2321
3 2328 2322 2323
3 2328 2321 2322
3 2328 2326 2320
3 2329 2326 2328
3 2330 2304 2326
3 2330 2305 2304
3 2331 2317 2325
3 2331 2325 2324
3 2331 2324 2283
3 2332 2330 2326
3 2332 2326 2329
3 2333 2328 2323
3 2333 2329 2328
3 2333 2332 2329
3 2333 2323 2308
3 2334 2330 2332
3 2334 2333 2308
3 2334 2332 2333
3 2335 2317 2331
3 2335 2323 2317
3 2336 2291 2290
3 2336 2292 2291
3 2336 2306 2305
3 2336 2290 2306
3 2336 2305 2330
3 2336 2330 2334
3 2337 2335 2331
3 2338 2283 2284
3 2338 2331 2283
3 2338 2284 2337
3 2338 2337 2331
3 2339 2308 2293
3 2339 2293 2292
3 2339 2334 2308
3 2339 2292 2336
3 2339 2336 2334
3 2340 2337 2284
3 2340 2335 2337
3 2341 2323 2335
3 2341 2335 2340
3 2341 2308 2323
3 2342 2341 2340
3 2343 2284 2285
3 2343 2342 2340
3 2343 2340 2284
3 2344 2341 2342
3 2345 2308 2341
3 2345 2341 2344
3 2346 2285 2286
3 2346 2286 2287
3 2346 2343 2285
3 2346 2342 2343
3 2346 2344 2342
3 2346 2345 2344
3 2347 2346 2287
3 2347 2287 2296
3 2347 2295 2294
3 2347 2296 2295
3 2347 2294 2308
3 2347 2345 2346
3 2347 2308 2345
3 2348 2307 2309
3 2348 2269 2270
3 2348 2299 2298
3 2348 2298 2269
3 2348 2270 2307
3 2348 2309 2299
3 2365 2349 2350
3 2365 2366 2349
3 2364 2365 2350
3 2363 2350 2351
3 2363 2364 2350
3 2362 2351 2352
3 2362 2363 2351
3 2361 2352 2353
3 2361 2362 2352
3 2360 2353 2354
3 2360 2361 2353
3 2359 2354 2355
3 2359 2355 2356
3 2359 2360 2354
3 2358 2356 2357
3 2358 2359 2356
3 2377 2375 2374
3 2378 2373 2372
3 2378 2374 2373
3 2378 2377 2374
3 2379 2372 2371
3 2379 2378 2372
3 2380 2371 2370
3 2380 2379 2371
3 2381 2370 2369
3 2381 2380 2370
3 2382 2369 2368
3 2382 2381 2369
3 2383 2382 2368
3 2384 2368 2367
3 2384 2383 2368
3 2376 2384 2367
3 2386 2411 2385
3 2386 2412 2411
3 2394 2391 2392
3 2394 2392 2393
3 2404 2419 2418
3 2404 2420 2419
3 2404 2421 2420
3 2404 2403 2421
3 2405 2404 2418
3 2409 2408 2400
3 2401 2409 2400
3 2410 2409 2401
3 2402 2410 2401
3 2422 2387 2388
3 2422 2388 2389
3 2423 2399 2400
3 2423 2418 2417
3 2424 2400 2408
3 2424 2406 2405
3 2424 2407 2406
3 2424 2408 2407
3 2424 2423 2400
3 2424 2405 2418
3 2424 2418 2423
3 2425 2387 2422
3 2425 2386 2387
3 2425 2412 2386
3 2426 2412 2425
3 2426 2413 2412
3 2426 2422 2427
3 2426 2425 2422
3 2428 2414 2413
3 2428 2415 2414
3 2428 2413 2426
3 2428 2426 2427
3 2429 2389 2390
3 2429 2390 2391
3 2429 2394 2395
3 2429 2422 2389
3 2429 2391 2394
3 2430 2427 2422
3 2430 2422 2429
3 2431 2427 2430
3 2431 2430 2429
3 2431 2395 2396
3 2431 2396 2397
3 2431 2429 2395
3 2432 2399 2423
3 2432 2427 2431
3 2432 2397 2398
3 2432 2398 2399
3 2432 2431 2397
3 2433 2416 2415
3 2433 2417 2416
3 2433 2428 2427
3 2433 2415 2428
3 2433 2432 2423
3 2433 2427 2432
3 2433 2423 2417
3 2461 2434 2435
3 2443 2441 2442
3 2454 2469 2468
3 2454 2453 2469
3 2459 2458 2451
3 2460 2459 2451
3 2452 2460 2451
3 2470 2437 2438
3 2470 2438 2439
3 2471 2456 2455
3 2471 2457 2456
3 2471 2458 2457
3 2472 2435 2436
3 2472 2436 2437
3 2472 2461 2435
3 2472 2437 2470
3 2473 2472 2470
3 2473 2461 2472
3 2474 2462 2461
3 2474 2461 2473
3 2475 2474 2473
3 2475 2462 2474
3 2475 2473 2470
3 2476 2475 2470
3 2477 2439 2440
3 2477 2440 2441
3 2477 2441 2443
3 2477 2470 2439
3 2478 2463 2462
3 2479 2478 2462
3 2479 2475 2476
3 2479 2476 2480
3 2479 2462 2475
3 2481 2470 2477
3 2482 2470 2481
3 2483 2479 2480
3 2483 2478 2479
3 2483 2463 2478
3 2484 2443 2444
3 2484 2481 2477
3 2484 2482 2481
3 2484 2477 2443
3 2484 2444 2482
3 2485 2470 2482
3 2485 2480 2476
3 2485 2476 2470
3 2486 2463 2483
3 2486 2464 2463
3 2486 2465 2464
3 2487 2483 2480
3 2488 2480 2485
3 2488 2485 2482
3 2489 2487 2490
3 2489 2483 2487
3 2489 2486 2483
3 2491 2444 2445
3 2491 2488 2482
3 2491 2482 2444
3 2492 2488 2491
3 2492 2480 2488
3 2493 2489 2490
3 2493 2465 2486
3 2493 2486 2489
3 2494 2480 2492
3 2495 2466 2465
3 2495 2465 2493
3 2495 2493 2490
3 2496 2445 2446
3 2496 2492 2491
3 2496 2491 2445
3 2496 2494 2492
3 2497 2480 2494
3 2498 2490 2487
3 2498 2487 2480
3 2498 2480 2497
3 2499 2446 2447
3 2499 2496 2446
3 2499 2494 2496
3 2499 2497 2494
3 2500 2466 2495
3 2500 2495 2490
3 2501 2490 2498
3 2501 2499 2447
3 2501 2498 2497
3 2501 2497 2499
3 2502 2455 2454
3 2502 2467 2466
3 2502 2468 2467
3 2502 2454 2468
3 2502 2500 2471
3 2502 2471 2455
3 2502 2466 2500
3 2503 2490 2501
3 2504 2447 2448
3 2504 2501 2447
3 2504 2503 2501
3 2505 2448 2449
3 2505 2490 2503
3 2505 2504 2448
3 2505 2503 2504
3 2506 2500 2490
3 2506 2471 2500
3 2506 2490 2505
3 2507 2451 2458
3 2507 2449 2450
3 2507 2450 2451
3 2507 2471 2506
3 2507 2505 2449
3 2507 2506 2505
3 2507 2458 2471
3 2534 2530 2508
3 2535 2530 2534
3 2536 2530 2535
3 2536 2535 2517
3 2537 2529 2533
3 2538 2537 2539
3 2538 2527 2528
3 2538 2528 2529
3 2538 2539 2540
3 2538 2529 2537
3 2541 2538 2540
3 2542 2520 2521
3 2543 2544 2542
3 2543 2542 2521
3 2545 2510 2511
3 2545 2511 2512
3 2545 2512 2513
3 2546 2513 2514
3 2546 2514 2515
3 2546 2515 2516
3 2546 2516 2517
3 2546 2545 2513
3 2547 2508 2509
3 2547 2509 2510
3 2547 2534 2508
3 2547 2510 2545
3 2548 2534 2547
3 2548 2547 2545
3 2549 2545 2546
3 2549 2548 2545
3 2549 2534 2548
3 2549 2546 2517
3 2549 2535 2534
3 2549 2517 2535
3 2550 2530 2536
3 2551 2530 2550
3 2552 2531 2530
3 2552 2530 2551
3 2552 2553 2531
3 2552 2554 2553
3 2555 2556 2554
3 2555 2551 2556
3 2555 2554 2552
3 2555 2552 2551
3 2557 2517 2518
3 2557 2554 2556
3 2557 2556 2517
3 2557 2553 2554
3 2558 2553 2557
3 2559 2531 2553
3 2560 2558 2557
3 2560 2557 2518
3 2561 2560 2518
3 2561 2558 2560
3 2562 2559 2563
3 2562 2531 2559
3 2564 2563 2559
3 2564 2561 2518
3 2565 2563 2564
3 2565 2564 2518
3 2566 2565 2518
3 2566 2563 2565
3 2566 2567 2563
3 2568 2566 2518
3 2569 2532 2531
3 2569 2531 2570
3 2569 2570 2571
3 2572 2573 2574
3 2572 2574 2569
3 2575 2573 2576
3 2577 2518 2519
3 2577 2575 2576
3 2577 2576 2568
3 2577 2568 2518
3 2578 2532 2569
3 2578 2569 2574
3 2579 2580 2577
3 2581 2532 2578
3 2582 2532 2581
3 2583 2582 2584
3 2585 2586 2587
3 2585 2587 2588
3 2589 2590 2519
3 2591 2586 2585
3 2592 2589 2519
3 2593 2533 2532
3 2593 2532 2586
3 2593 2586 2591
3 2594 2519 2520
3 2594 2595 2592
3 2594 2592 2519
3 2596 2533 2593
3 2596 2593 2597
3 2598 2533 2596
3 2599 2600 2601
3 2599 2594 2520
3 2599 2601 2594
3 2602 2533 2598
3 2603 2600 2599
3 2604 2600 2603
3 2605 2602 2606
3 2607 2533 2602
3 2607 2602 2605
3 2608 2533 2607
3 2608 2537 2533
3 2609 2606 2610
3 2611 2606 2609
3 2612 2611 2609
3 2612 2609 2520
3 2613 2539 2537
3 2613 2608 2614
3 2613 2540 2539
3 2613 2537 2608
3 2615 2613 2614
3 2615 2540 2613
3 2616 2520 2542
3 2616 2612 2520
3 2617 2615 2618
3 2619 2617 2618
3 2620 2540 2615
3 2620 2615 2617
3 2621 2541 2540
3 2621 2540 2620
3 2622 2617 2619
3 2622 2542 2544
3 2622 2619 2616
3 2622 2544 2620
3 2622 2616 2542
3 2622 2620 2617
3 2623 2620 2544
3 2623 2621 2620
3 2624 2623 2544
3 2624 2544 2543
3 2625 2541 2621
3 2625 2621 2623
3 2625 2623 2624
3 2625 2624 2543
3 2626 2625 2543
3 2627 2550 2536
3 2627 2536 2517
3 2628 2551 2550
3 2628 2550 2627
3 2628 2556 2551
3 2628 2627 2517
3 2628 2517 2556
3 2629 2553 2558
3 2629 2559 2553
3 2629 2558 2561
3 2629 2564 2559
3 2629 2561 2564
3 2630 2570 2531
3 2630 2562 2563
3 2630 2531 2562
3 2630 2563 2567
3 2630 2567 2631
3 2630 2631 2570
3 2632 2631 2567
3 2632 2567 2566
3 2633 2632 2566
3 2633 2566 2568
3 2634 2632 2633
3 2634 2633 2568
3 2634 2631 2632
3 2635 2631 2634
3 2635 2570 2631
3 2635 2571 2570
3 2636 2635 2634
3 2636 2571 2635
3 2636 2634 2568
3 2637 2568 2576
3 2637 2636 2568
3 2637 2571 2636
3 2637 2576 2571
3 2638 2576 2573
3 2638 2571 2576
3 2638 2573 2572
3 2638 2569 2571
3 2638 2572 2569
3 2639 2574 2573
3 2639 2573 2575
3 2640 2574 2639
3 2640 2639 2575
3 2641 2577 2580
3 2641 2574 2640
3 2641 2640 2575
3 2641 2575 2577
3 2642 2578 2574
3 2642 2574 2641
3 2642 2641 2580
3 2643 2578 2642
3 2643 2642 2580
3 2644 2580 2579
3 2644 2643 2580
3 2644 2579 2645
3 2646 2578 2643
3 2646 2643 2644
3 2646 2644 2645
3 2647 2581 2578
3 2647 2578 2646
3 2648 2646 2645
3 2648 2647 2646
3 2649 2645 2650
3 2649 2648 2645
3 2651 2650 2584
3 2651 2582 2581
3 2651 2584 2582
3 2651 2649 2650
3 2651 2581 2647
3 2651 2647 2648
3 2651 2648 2649
3 2652 2582 2583
3 2652 2583 2588
3 2652 2586 2532
3 2652 2587 2586
3 2652 2532 2582
3 2652 2588 2587
3 2653 2650 2645
3 2654 2579 2577
3 2654 2653 2645
3 2654 2577 2519
3 2654 2645 2579
3 2655 2650 2653
3 2655 2653 2654
3 2655 2654 2519
3 2656 2650 2655
3 2656 2655 2519
3 2656 2584 2650
3 2656 2519 2590
3 2656 2590 2584
3 2657 2588 2583
3 2658 2657 2583
3 2658 2590 2589
3 2658 2583 2584
3 2658 2584 2590
3 2659 2657 2658
3 2659 2658 2589
3 2660 2588 2657
3 2660 2657 2659
3 2660 2585 2588
3 2661 2660 2659
3 2661 2659 2589
3 2661 2589 2592
3 2662 2660 2661
3 2662 2585 2660
3 2662 2661 2592
3 2662 2592 2595
3 2663 2585 2662
3 2663 2662 2595
3 2663 2591 2585
3 2664 2663 2595
3 2664 2591 2663
3 2665 2593 2591
3 2666 2664 2595
3 2666 2591 2664
3 2666 2667 2665
3 2666 2665 2591
3 2668 2665 2667
3 2668 2593 2665
3 2669 2668 2667
3 2669 2593 2668
3 2669 2597 2593
3 2670 2667 2666
3 2670 2666 2595
3 2670 2595 2594
3 2671 2670 2594
3 2671 2667 2670
3 2672 2669 2667
3 2672 2597 2669
3 2673 2667 2671
3 2673 2671 2594
3 2673 2601 2672
3 2673 2594 2601
3 2673 2672 2667
3 2674 2597 2672
3 2674 2672 2601
3 2675 2597 2674
3 2676 2601 2600
3 2676 2674 2601
3 2676 2600 2675
3 2676 2675 2674
3 2677 2596 2597
3 2677 2597 2675
3 2677 2675 2600
3 2678 2598 2596
3 2678 2596 2677
3 2679 2678 2677
3 2679 2677 2600
3 2679 2600 2604
3 2680 2598 2678
3 2680 2678 2679
3 2681 2598 2680
3 2682 2604 2610
3 2682 2679 2604
3 2682 2680 2679
3 2682 2681 2680
3 2683 2606 2602
3 2683 2610 2606
3 2683 2682 2610
3 2683 2598 2681
3 2683 2681 2682
3 2683 2602 2598
3 2684 2599 2520
3 2684 2603 2599
3 2684 2604 2603
3 2684 2610 2604
3 2684 2609 2610
3 2684 2520 2609
3 2685 2606 2611
3 2685 2605 2606
3 2686 2607 2605
3 2686 2605 2685
3 2686 2611 2612
3 2686 2685 2611
3 2687 2618 2615
3 2687 2615 2614
3 2687 2614 2608
3 2687 2608 2607
3 2687 2607 2686
3 2687 2686 2618
3 2688 2612 2616
3 2688 2616 2619
3 2688 2619 2618
3 2688 2686 2612
3 2688 2618 2686
3 2689 2538 2541
3 2689 2526 2527
3 2689 2541 2625
3 2689 2625 2626
3 2689 2527 2538
3 2690 2626 2543
3 2691 2690 2523
3 2691 2626 2690
3 2691 2523 2524
3 2692 2523 2690
3 2692 2690 2543
3 2692 2521 2522
3 2692 2522 2523
3 2692 2543 2521
3 2693 2689 2626
3 2693 2526 2689
3 2693 2626 2691
3 2693 2524 2525
3 2693 2691 2524
3 2693 2525 2526
3 2715 2698 2699
3 2715 2699 2700
3 2715 2700 2701
3 2715 2701 2702
3 2716 2698 2715
3 2717 2697 2698
3 2717 2698 2716
3 2718 2697 2717
3 2719 2694 2695
3 2719 2695 2696
3 2719 2696 2697
3 2719 2697 2718
3 2720 2716 2715
3 2720 2717 2716
3 2721 2718 2717
3 2721 2717 2720
3 2722 2718 2721
3 2723 2718 2722
3 2723 2719 2718
3 2724 2719 2723
3 2725 2703 2694
3 2725 2694 2719
3 2725 2719 2724
3 2726 2702 2714
3 2726 2720 2715
3 2726 2715 2702
3 2727 2704 2703
3 2728 2727 2729
3 2730 2727 2728
3 2731 2727 2730
3 2731 2728 2729
3 2731 2730 2728
3 2732 2714 2713
3 2732 2729 2714
3 2733 2729 2732
3 2734 2729 2733
3 2735 2729 2734
3 2735 2704 2727
3 2735 2727 2731
3 2735 2731 2729
3 2736 2711 2710
3 2736 2712 2711
3 2737 2710 2709
3 2737 2736 2710
3 2738 2721 2720
3 2738 2723 2722
3 2738 2722 2721
3 2738 2724 2723
3 2738 2725 2724
3 2739 2720 2726
3 2739 2738 2720
3 2740 2739 2726
3 2740 2738 2739
3 2741 2725 2738
3 2741 2703 2725
3 2741 2738 2740
3 2742 2703 2741
3 2743 2726 2714
3 2744 2727 2703
3 2745 2746 2714
3 2745 2714 2729
3 2745 2729 2727
3 2747 2704 2735
3 2748 2750 2749
3 2751 2750 2748
3 2752 2750 2751
3 2753 2704 2747
3 2753 2747 2750
3 2753 2750 2752
3 2754 2749 2755
3 2754 2748 2749
3 2754 2751 2748
3 2754 2752 2751
3 2756 2704 2753
3 2756 2753 2752
3 2756 2752 2754
3 2757 2740 2726
3 2757 2742 2741
3 2757 2741 2740
3 2758 2757 2726
3 2758 2759 2742
3 2758 2726 2743
3 2758 2743 2759
3 2758 2742 2757
3 2760 2703 2742
3 2760 2742 2759
3 2761 2746 2762
3 2761 2714 2746
3 2763 2762 2746
3 2763 2744 2762
3 2763 2727 2744
3 2763 2746 2745
3 2763 2745 2727
3 2764 2734 2733
3 2764 2735 2734
3 2764 2733 2732
3 2765 2764 2732
3 2765 2747 2735
3 2765 2735 2764
3 2766 2750 2747
3 2766 2732 2749
3 2766 2749 2750
3 2766 2765 2732
3 2766 2747 2765
3 2767 2755 2749
3 2768 2732 2713
3 2768 2749 2732
3 2768 2767 2749
3 2769 2768 2713
3 2770 2712 2736
3 2770 2736 2737
3 2770 2769 2713
3 2770 2713 2712
3 2771 2760 2759
3 2771 2759 2743
3 2772 2760 2771
3 2772 2771 2743
3 2773 2772 2743
3 2773 2743 2714
3 2774 2775 2773
3 2774 2777 2776
3 2774 2714 2777
3 2774 2773 2714
3 2778 2774 2776
3 2778 2779 2775
3 2778 2775 2774
3 2780 2703 2781
3 2780 2781 2776
3 2780 2776 2782
3 2783 2780 2782
3 2783 2782 2784
3 2785 2744 2703
3 2785 2703 2780
3 2785 2783 2784
3 2785 2780 2783
3 2786 2744 2785
3 2787 2762 2744
3 2787 2786 2761
3 2787 2744 2786
3 2787 2761 2762
3 2788 2767 2768
3 2788 2755 2767
3 2788 2754 2755
3 2788 2756 2754
3 2789 2756 2788
3 2789 2704 2756
3 2790 2769 2770
3 2791 2737 2709
3 2791 2792 2790
3 2791 2790 2770
3 2791 2770 2737
3 2793 2792 2791
3 2793 2794 2792
3 2795 2708 2707
3 2795 2709 2708
3 2795 2791 2709
3 2795 2793 2791
3 2796 2705 2704
3 2796 2706 2705
3 2796 2704 2789
3 2796 2789 2794
3 2796 2794 2793
3 2797 2707 2706
3 2797 2706 2796
3 2797 2795 2707
3 2797 2793 2795
3 2797 2796 2793
3 2798 2772 2773
3 2798 2760 2772
3 2799 2798 2773
3 2799 2760 2798
3 2800 2775 2779
3 2800 2773 2775
3 2800 2760 2799
3 2800 2799 2773
3 2801 2703 2760
3 2801 2800 2779
3 2801 2760 2800
3 2802 2776 2777
3 2802 2782 2776
3 2802 2777 2714
3 2803 2802 2714
3 2803 2782 2802
3 2803 2784 2782
3 2804 2703 2801
3 2804 2779 2778
3 2804 2801 2779
3 2805 2804 2778
3 2805 2778 2776
3 2805 2703 2804
3 2805 2781 2703
3 2805 2776 2781
3 2806 2784 2803
3 2806 2714 2761
3 2806 2803 2714
3 2807 2784 2806
3 2807 2806 2761
3 2807 2785 2784
3 2807 2761 2786
3 2807 2786 2785
3 2808 2768 2769
3 2808 2790 2792
3 2808 2769 2790
3 2808 2789 2788
3 2808 2788 2768
3 2808 2792 2794
3 2808 2794 2789
3 2835 2810 2809
3 2818 2816 2815
3 2818 2817 2816
3 2828 2843 2827
3 2833 2825 2832
3 2834 2825 2833
3 2826 2825 2834
3 2844 2813 2812
3 2845 2829 2830
3 2845 2830 2831
3 2845 2831 2832
3 2846 2811 2810
3 2846 2812 2811
3 2846 2810 2835
3 2846 2844 2812
3 2847 2844 2846
3 2847 2846 2835
3 2848 2835 2836
3 2848 2847 2835
3 2849 2844 2847
3 2849 2848 2836
3 2849 2847 2848
3 2850 2836 2837
3 2851 2844 2849
3 2852 2853 2851
3 2852 2836 2850
3 2852 2851 2849
3 2852 2849 2836
3 2854 2814 2813
3 2854 2815 2814
3 2854 2818 2815
3 2854 2813 2844
3 2855 2837 2838
3 2855 2850 2837
3 2856 2853 2852
3 2856 2850 2855
3 2856 2852 2850
3 2857 2854 2844
3 2858 2856 2855
3 2858 2853 2856
3 2859 2857 2844
3 2860 2851 2853
3 2860 2859 2844
3 2860 2844 2851
3 2861 2819 2818
3 2861 2857 2859
3 2861 2854 2857
3 2861 2818 2854
3 2862 2855 2838
3 2862 2838 2839
3 2862 2858 2855
3 2863 2853 2858
3 2864 2863 2858
3 2864 2865 2863
3 2864 2858 2862
3 2866 2860 2853
3 2866 2859 2860
3 2867 2865 2864
3 2867 2864 2862
3 2868 2866 2853
3 2869 2859 2866
3 2869 2861 2859
3 2869 2820 2819
3 2869 2866 2868
3 2869 2819 2861
3 2870 2862 2839
3 2870 2839 2840
3 2870 2865 2867
3 2870 2867 2862
3 2871 2868 2853
3 2872 2870 2840
3 2872 2840 2841
3 2872 2865 2870
3 2873 2821 2820
3 2873 2820 2869
3 2873 2869 2868
3 2873 2868 2871
3 2874 2853 2863
3 2874 2863 2865
3 2874 2871 2853
3 2875 2865 2872
3 2876 2874 2865
3 2876 2871 2874
3 2877 2828 2829
3 2877 2841 2842
3 2877 2842 2843
3 2877 2829 2845
3 2877 2875 2872
3 2877 2843 2828
3 2877 2845 2875
3 2877 2872 2841
3 2878 2822 2821
3 2878 2821 2873
3 2878 2873 2871
3 2878 2871 2876
3 2879 2876 2865
3 2879 2878 2876
3 2880 2879 2865
3 2881 2823 2822
3 2881 2878 2879
3 2881 2822 2878
3 2881 2879 2880
3 2882 2880 2865
3 2883 2825 2824
3 2883 2845 2832
3 2883 2865 2875
3 2883 2875 2845
3 2883 2882 2865
3 2883 2832 2825
3 2884 2824 2823
3 2884 2883 2824
3 2884 2823 2881
3 2884 2881 2880
3 2884 2880 2882
3 2884 2882 2883
3 2909 2893 2894
3 2909 2910 2893
3 2911 2898 2908
3 2912 2898 2911
3 2912 2911 2913
3 2914 2896 2897
3 2915 2885 2886
3 2915 2886 2887
3 2915 2887 2888
3 2916 2885 2915
3 2917 2916 2910
3 2917 2906 2885
3 2917 2909 2918
3 2917 2910 2909
3 2917 2918 2906
3 2917 2885 2916
3 2919 2918 2909
3 2919 2909 2894
3 2920 2906 2921
3 2922 2906 2920
3 2923 2906 2922
3 2923 2907 2906
3 2923 2924 2925
3 2923 2925 2907
3 2926 2924 2923
3 2926 2927 2924
3 2928 2894 2895
3 2928 2925 2924
3 2928 2924 2927
3 2928 2927 2894
3 2929 2925 2928
3 2930 2929 2928
3 2930 2928 2895
3 2931 2907 2925
3 2932 2929 2930
3 2932 2930 2895
3 2933 2934 2931
3 2933 2932 2895
3 2935 2907 2931
3 2935 2931 2934
3 2936 2935 2934
3 2936 2907 2935
3 2937 2934 2933
3 2937 2933 2895
3 2938 2907 2936
3 2939 2907 2938
3 2940 2895 2941
3 2940 2936 2934
3 2940 2937 2895
3 2940 2934 2937
3 2942 2939 2938
3 2943 2908 2907
3 2943 2907 2939
3 2943 2944 2908
3 2943 2939 2942
3 2943 2945 2944
3 2946 2895 2896
3 2946 2941 2895
3 2946 2945 2941
3 2947 2908 2944
3 2948 2949 2946
3 2948 2946 2896
3 2950 2949 2948
3 2951 2908 2947
3 2951 2947 2952
3 2953 2952 2947
3 2954 2951 2952
3 2954 2908 2951
3 2955 2908 2954
3 2956 2911 2908
3 2956 2908 2955
3 2956 2957 2913
3 2956 2913 2911
3 2958 2959 2896
3 2958 2952 2959
3 2960 2958 2896
3 2961 2896 2914
3 2961 2960 2896
3 2962 2961 2914
3 2962 2957 2961
3 2962 2913 2957
3 2963 2962 2914
3 2963 2913 2962
3 2964 2913 2963
3 2964 2912 2913
3 2965 2963 2914
3 2965 2964 2963
3 2965 2912 2964
3 2966 2914 2897
3 2966 2965 2914
3 2967 2968 2966
3 2969 2967 2966
3 2970 2903 2902
3 2970 2967 2969
3 2970 2968 2967
3 2971 2903 2970
3 2971 2904 2903
3 2971 2905 2904
3 2971 2897 2905
3 2971 2969 2966
3 2971 2970 2969
3 2971 2966 2897
3 2972 2916 2915
3 2972 2888 2889
3 2972 2915 2888
3 2973 2889 2890
3 2973 2890 2891
3 2973 2891 2892
3 2973 2892 2893
3 2973 2972 2889
3 2973 2893 2910
3 2974 2910 2916
3 2974 2972 2973
3 2974 2973 2910
3 2974 2916 2972
3 2975 2918 2919
3 2975 2906 2918
3 2976 2975 2919
3 2976 2906 2975
3 2977 2921 2906
3 2977 2906 2976
3 2978 2920 2921
3 2979 2978 2894
3 2980 2920 2978
3 2980 2978 2979
3 2981 2979 2894
3 2981 2980 2979
3 2982 2922 2920
3 2982 2927 2926
3 2982 2926 2923
3 2982 2923 2922
3 2982 2894 2927
3 2982 2920 2980
3 2982 2980 2981
3 2982 2981 2894
3 2983 2929 2932
3 2983 2931 2925
3 2983 2933 2931
3 2983 2932 2933
3 2983 2925 2929
3 2984 2940 2941
3 2984 2936 2940
3 2984 2941 2942
3 2984 2942 2938
3 2984 2938 2936
3 2985 2942 2941
3 2985 2943 2942
3 2985 2945 2943
3 2985 2941 2945
3 2986 2945 2946
3 2986 2946 2949
3 2986 2944 2945
3 2986 2949 2944
3 2987 2947 2944
3 2987 2949 2950
3 2987 2944 2949
3 2987 2953 2947
3 2987 2950 2953
3 2988 2950 2948
3 2988 2948 2896
3 2988 2952 2953
3 2988 2896 2959
3 2988 2953 2950
3 2988 2959 2952
3 2989 2954 2952
3 2989 2955 2954
3 2989 2952 2958
3 2990 2989 2958
3 2991 2955 2989
3 2991 2989 2990
3 2992 2990 2958
3 2992 2991 2990
3 2992 2958 2960
3 2993 2960 2961
3 2993 2961 2957
3 2993 2956 2955
3 2993 2957 2956
3 2993 2991 2992
3 2993 2992 2960
3 2993 2955 2991
3 2994 2965 2966
3 2994 2966 2968
3 2994 2912 2965
3 2995 2912 2994
3 2995 2898 2912
3 2995 2994 2968
3 2996 2898 2995
3 2997 2898 2996
3 2997 2899 2898
3 2997 2900 2899
3 2998 2996 2995
3 2998 2995 2968
3 2998 2900 2997
3 2998 2901 2900
3 2998 2902 2901
3 2998 2968 2970
3 2998 2970 2902
3 2998 2997 2996
3 2999 2921 2977
3 2999 2978 2921
3 3000 2978 2999
3 3000 2999 2977
3 3000 2976 2919
3 3000 2977 2976
3 3000 2919 2894
3 3000 2894 2978
3 3028 3024 3001
3 3028 3001 3029
3 3030 3031 3032
3 3033 3032 3034
3 3033 3030 3032
3 3035 3034 3036
3 3035 3033 3034
3 3037 3035 3036
3 3038 3012 3013
3 3038 3037 3036
3 3039 3022 3021
3 3040 3023 3022
3 3040 3022 3039
3 3041 3042 3005
3 3043 3005 3006
3 3043 3006 3007
3 3043 3007 3008
3 3043 3041 3005
3 3044 3042 3041
3 3044 3045 3042
3 3046 3041 3043
3 3046 3044 3041
3 3047 3029 3045
3 3047 3045 3044
3 3047 3044 3046
3 3048 3043 3008
3 3048 3046 3043
3 3048 3047 3046
3 3049 3008 3009
3 3049 3048 3008
3 3050 3028 3051
3 3050 3024 3028
3 3052 3024 3050
3 3053 3024 3052
3 3054 3049 3009
3 3054 3051 3049
3 3055 3024 3053
3 3055 3053 3056
3 3057 3056 3053
3 3057 3054 3009
3 3058 3057 3009
3 3058 3056 3057
3 3059 3024 3055
3 3059 3060 3024
3 3059 3055 3056
3 3061 3059 3056
3 3062 3009 3010
3 3062 3063 3064
3 3062 3064 3009
3 3065 3062 3066
3 3065 3066 3067
3 3068 3060 3067
3 3069 3060 3068
3 3069 3025 3024
3 3069 3024 3060
3 3070 3071 3069
3 3072 3066 3062
3 3072 3062 3010
3 3073 3072 3010
3 3074 3025 3075
3 3076 3073 3010
3 3077 3025 3074
3 3078 3010 3011
3 3078 3079 3080
3 3081 3082 3083
3 3081 3078 3082
3 3084 3085 3083
3 3086 3026 3025
3 3086 3025 3077
3 3086 3077 3085
3 3086 3085 3084
3 3087 3088 3086
3 3089 3078 3011
3 3089 3082 3078
3 3090 3026 3091
3 3090 3092 3026
3 3093 3027 3026
3 3093 3026 3092
3 3093 3092 3094
3 3095 3096 3097
3 3098 3027 3093
3 3099 3096 3095
3 3099 3095 3011
3 3100 3027 3098
3 3101 3100 3102
3 3103 3011 3012
3 3103 3099 3011
3 3104 3027 3105
3 3106 3105 3107
3 3106 3104 3105
3 3108 3103 3012
3 3108 3109 3103
3 3110 3108 3012
3 3110 3107 3111
3 3110 3111 3108
3 3112 3014 3027
3 3112 3027 3104
3 3112 3104 3113
3 3114 3014 3112
3 3115 3116 3117
3 3118 3012 3038
3 3118 3038 3036
3 3119 3032 3031
3 3119 3034 3032
3 3119 3036 3034
3 3119 3116 3115
3 3119 3118 3036
3 3119 3115 3118
3 3120 3014 3114
3 3120 3114 3121
3 3122 3015 3014
3 3122 3016 3015
3 3122 3014 3120
3 3123 3120 3121
3 3124 3016 3122
3 3124 3122 3120
3 3124 3120 3123
3 3125 3126 3030
3 3125 3030 3033
3 3125 3121 3126
3 3125 3123 3121
3 3127 3123 3125
3 3127 3124 3123
3 3128 3127 3125
3 3129 3128 3125
3 3129 3125 3033
3 3129 3033 3035
3 3130 3124 3127
3 3130 3017 3016
3 3130 3127 3128
3 3130 3016 3124
3 3131 3130 3128
3 3131 3128 3129
3 3132 3129 3035
3 3132 3035 3037
3 3132 3131 3129
3 3133 3131 3132
3 3134 3018 3017
3 3134 3130 3131
3 3134 3131 3133
3 3134 3017 3130
3 3135 3134 3133
3 3135 3133 3132
3 3136 3132 3037
3 3136 3037 3038
3 3136 3135 3132
3 3137 3135 3136
3 3137 3136 3038
3 3138 3018 3134
3 3138 3019 3018
3 3138 3020 3019
3 3138 3135 3137
3 3138 3134 3135
3 3139 3001 3002
3 3139 3002 3003
3 3140 3003 3004
3 3140 3004 3005
3 3140 3139 3003
3 3140 3005 3042
3 3141 3139 3140
3 3141 3001 3139
3 3141 3140 3042
3 3142 3029 3001
3 3142 3001 3141
3 3142 3045 3029
3 3142 3141 3042
3 3142 3042 3045
3 3143 3029 3047
3 3143 3047 3048
3 3143 3048 3049
3 3143 3028 3029
3 3144 3143 3049
3 3144 3028 3143
3 3145 3051 3028
3 3145 3028 3144
3 3145 3144 3049
3 3145 3049 3051
3 3146 3050 3051
3 3146 3051 3054
3 3147 3052 3050
3 3147 3050 3146
3 3148 3147 3146
3 3148 3146 3054
3 3149 3147 3148
3 3149 3148 3054
3 3150 3147 3149
3 3150 3053 3052
3 3150 3052 3147
3 3151 3149 3054
3 3151 3150 3149
3 3151 3053 3150
3 3152 3151 3054
3 3152 3053 3151
3 3152 3057 3053
3 3152 3054 3057
3 3153 3009 3064
3 3153 3058 3009
3 3153 3056 3058
3 3153 3064 3154
3 3153 3061 3056
3 3153 3154 3061
3 3155 3154 3156
3 3155 3156 3059
3 3155 3059 3061
3 3155 3061 3154
3 3157 3063 3060
3 3157 3064 3063
3 3157 3059 3156
3 3157 3060 3059
3 3158 3157 3156
3 3158 3156 3154
3 3158 3064 3157
3 3158 3154 3064
3 3159 3060 3063
3 3159 3063 3062
3 3160 3060 3159
3 3160 3159 3062
3 3161 3065 3067
3 3161 3067 3060
3 3161 3060 3160
3 3162 3160 3062
3 3162 3065 3161
3 3162 3161 3160
3 3162 3062 3065
3 3163 3068 3067
3 3163 3067 3066
3 3164 3069 3068
3 3165 3068 3163
3 3165 3163 3066
3 3165 3164 3068
3 3166 3069 3164
3 3166 3165 3066
3 3166 3164 3165
3 3167 3069 3166
3 3167 3166 3066
3 3167 3070 3069
3 3168 3167 3066
3 3168 3070 3167
3 3168 3066 3072
3 3169 3170 3071
3 3169 3071 3070
3 3171 3070 3168
3 3171 3169 3070
3 3171 3168 3072
3 3172 3025 3069
3 3172 3071 3170
3 3172 3069 3071
3 3173 3169 3171
3 3173 3171 3072
3 3173 3170 3169
3 3174 3172 3170
3 3174 3170 3175
3 3176 3175 3170
3 3177 3170 3173
3 3177 3176 3170
3 3178 3072 3073
3 3178 3173 3072
3 3178 3177 3173
3 3179 3025 3172
3 3179 3172 3174
3 3179 3174 3175
3 3180 3181 3175
3 3180 3175 3176
3 3180 3073 3076
3 3180 3176 3177
3 3180 3178 3073
3 3180 3177 3178
3 3180 3076 3181
3 3182 3175 3181
3 3182 3075 3025
3 3182 3025 3179
3 3182 3181 3075
3 3182 3179 3175
3 3183 3075 3181
3 3183 3181 3184
3 3183 3074 3075
3 3185 3184 3181
3 3185 3076 3010
3 3185 3181 3076
3 3186 3077 3074
3 3186 3074 3183
3 3187 3185 3010
3 3187 3184 3185
3 3188 3186 3183
3 3189 3183 3184
3 3189 3184 3190
3 3189 3188 3183
3 3189 3190 3188
3 3191 3077 3186
3 3191 3188 3190
3 3191 3186 3188
3 3192 3190 3184
3 3192 3184 3187
3 3193 3010 3078
3 3193 3080 3190
3 3193 3078 3080
3 3193 3187 3010
3 3193 3190 3192
3 3193 3192 3187
3 3194 3077 3191
3 3195 3080 3079
3 3195 3190 3080
3 3195 3079 3194
3 3195 3191 3190
3 3195 3194 3191
3 3196 3085 3077
3 3196 3077 3194
3 3196 3194 3079
3 3197 3085 3196
3 3197 3079 3078
3 3197 3196 3079
3 3198 3085 3197
3 3198 3197 3078
3 3199 3085 3198
3 3200 3198 3078
3 3200 3081 3199
3 3200 3199 3198
3 3200 3078 3081
3 3201 3085 3199
3 3201 3199 3081
3 3201 3083 3085
3 3201 3081 3083
3 3202 3083 3082
3 3202 3084 3083
3 3203 3086 3084
3 3204 3202 3082
3 3204 3084 3202
3 3204 3203 3084
3 3205 3086 3203
3 3205 3203 3204
3 3205 3204 3082
3 3206 3086 3205
3 3206 3205 3082
3 3206 3082 3087
3 3206 3087 3086
3 3207 3087 3082
3 3207 3082 3089
3 3208 3087 3207
3 3208 3088 3087
3 3208 3209 3088
3 3210 3207 3089
3 3210 3208 3207
3 3211 3026 3086
3 3211 3086 3088
3 3211 3088 3209
3 3212 3211 3209
3 3212 3209 3213
3 3214 3209 3208
3 3214 3210 3089
3 3214 3208 3210
3 3215 3209 3214
3 3215 3213 3209
3 3216 3211 3212
3 3216 3026 3211
3 3217 3026 3216
3 3217 3091 3026
3 3218 3214 3089
3 3218 3215 3214
3 3219 3213 3215
3 3219 3215 3218
3 3220 3218 3089
3 3220 3219 3218
3 3220 3221 3219
3 3220 3089 3221
3 3222 3091 3223
3 3222 3090 3091
3 3224 3092 3090
3 3225 3224 3090
3 3225 3090 3222
3 3226 3224 3225
3 3226 3227 3224
3 3228 3225 3222
3 3228 3229 3097
3 3228 3222 3229
3 3228 3227 3226
3 3228 3226 3225
3 3230 3092 3224
3 3230 3224 3227
3 3230 3094 3092
3 3231 3228 3097
3 3231 3227 3228
3 3231 3230 3227
3 3232 3097 3229
3 3232 3095 3097
3 3232 3011 3095
3 3232 3233 3011
3 3234 3097 3096
3 3234 3231 3097
3 3235 3234 3096
3 3235 3094 3230
3 3235 3230 3231
3 3235 3231 3234
3 3236 3093 3094
3 3237 3235 3096
3 3237 3099 3238
3 3237 3096 3099
3 3239 3093 3236
3 3240 3235 3237
3 3240 3237 3238
3 3240 3236 3094
3 3240 3094 3235
3 3241 3239 3242
3 3241 3243 3098
3 3241 3098 3093
3 3241 3093 3239
3 3244 3242 3239
3 3244 3239 3236
3 3244 3236 3240
3 3244 3240 3238
3 3245 3243 3241
3 3245 3241 3242
3 3246 3242 3244
3 3246 3244 3238
3 3246 3238 3099
3 3246 3099 3103
3 3247 3246 3103
3 3247 3245 3242
3 3247 3242 3246
3 3248 3249 3245
3 3248 3245 3247
3 3248 3109 3249
3 3248 3247 3103
3 3248 3103 3109
3 3250 3249 3109
3 3250 3251 3249
3 3250 3102 3251
3 3252 3101 3102
3 3252 3102 3250
3 3253 3027 3100
3 3253 3100 3101
3 3254 3250 3109
3 3254 3252 3250
3 3255 3253 3101
3 3255 3101 3256
3 3257 3253 3255
3 3257 3027 3253
3 3258 3101 3252
3 3258 3252 3254
3 3258 3256 3101
3 3259 3258 3254
3 3259 3254 3109
3 3260 3257 3255
3 3260 3255 3256
3 3260 3105 3027
3 3260 3027 3257
3 3261 3259 3109
3 3261 3258 3259
3 3261 3109 3108
3 3262 3256 3258
3 3262 3258 3261
3 3262 3263 3256
3 3264 3256 3263
3 3264 3111 3107
3 3265 3262 3261
3 3265 3108 3111
3 3265 3261 3108
3 3265 3263 3262
3 3265 3264 3263
3 3265 3111 3264
3 3266 3106 3107
3 3267 3266 3268
3 3267 3106 3266
3 3269 3104 3106
3 3269 3106 3267
3 3269 3267 3268
3 3269 3113 3104
3 3270 3268 3117
3 3270 3269 3268
3 3271 3113 3269
3 3271 3269 3270
3 3272 3112 3113
3 3273 3117 3116
3 3273 3270 3117
3 3273 3271 3270
3 3274 3012 3118
3 3274 3110 3012
3 3274 3268 3110
3 3274 3115 3117
3 3274 3117 3268
3 3274 3118 3115
3 3275 3112 3272
3 3276 3272 3113
3 3276 3273 3116
3 3276 3113 3271
3 3276 3277 3272
3 3276 3271 3273
3 3278 3112 3275
3 3279 3277 3280
3 3279 3272 3277
3 3279 3275 3272
3 3279 3278 3275
3 3281 3278 3279
3 3281 3114 3112
3 3281 3112 3278
3 3282 3031 3283
3 3282 3276 3116
3 3282 3119 3031
3 3282 3280 3277
3 3282 3116 3119
3 3282 3277 3276
3 3282 3283 3280
3 3284 3281 3279
3 3284 3279 3280
3 3285 3114 3281
3 3285 3126 3121
3 3285 3121 3114
3 3285 3281 3284
3 3286 3283 3031
3 3286 3284 3280
3 3286 3031 3030
3 3286 3285 3284
3 3286 3030 3126
3 3286 3126 3285
3 3286 3280 3283
3 3287 3021 3020
3 3287 3013 3023
3 3287 3038 3013
3 3287 3020 3138
3 3287 3039 3021
3 3287 3137 3038
3 3287 3138 3137
3 3287 3023 3040
3 3287 3040 3039
3 3288 3216 3212
3 3288 3212 3213
3 3288 3217 3216
3 3288 3213 3219
3 3289 3217 3288
3 3290 3091 3217
3 3290 3217 3289
3 3290 3223 3091
3 3291 3229 3222
3 3291 3222 3223
3 3291 3233 3232
3 3291 3232 3229
3 3292 3245 3249
3 3292 3243 3245
3 3292 3249 3251
3 3292 3098 3243
3 3292 3251 3102
3 3292 3102 3100
3 3292 3100 3098
3 3293 3107 3105
3 3293 3260 3256
3 3293 3105 3260
3 3293 3264 3107
3 3293 3256 3264
3 3294 3266 3107
3 3294 3110 3268
3 3294 3268 3266
3 3294 3107 3110
3 3295 3288 3219
3 3295 3289 3288
3 3295 3219 3221
3 3296 3289 3295
3 3296 3295 3221
3 3297 3289 3296
3 3298 3223 3290
3 3298 3291 3223
3 3298 3233 3291
3 3298 3297 3233
3 3298 3289 3297
3 3298 3290 3289
3 3299 3296 3221
3 3299 3297 3296
3 3299 3089 3011
3 3299 3221 3089
3 3300 3299 3011
3 3301 3233 3297
3 3301 3297 3299
3 3301 3299 3300
3 3301 3300 3011
3 3301 3011 3233
3 3319 3318 3332
3 3333 3305 3306
3 3334 3322 3321
3 3335 3302 3303
3 3335 3303 3304
3 3335 3325 3302
3 3336 3335 3304
3 3337 3326 3325
3 3337 3335 3336
3 3337 3325 3335
3 3338 3337 3336
3 3339 3304 3305
3 3339 3336 3304
3 3339 3338 3336
3 3339 3305 3333
3 3339 3340 3338
3 3341 3327 3326
3 3341 3326 3337
3 3342 3341 3337
3 3342 3337 3338
3 3342 3338 3340
3 3343 3341 3342
3 3344 3328 3327
3 3344 3341 3343
3 3344 3327 3341
3 3345 3306 3307
3 3345 3340 3339
3 3345 3333 3306
3 3345 3339 3333
3 3346 3329 3328
3 3346 3328 3344
3 3347 3345 3307
3 3347 3340 3345
3 3348 3344 3343
3 3349 3348 3343
3 3349 3340 3350
3 3349 3342 3340
3 3349 3343 3342
3 3351 3346 3344
3 3351 3344 3348
3 3351 3348 3349
3 3352 3346 3351
3 3352 3349 3350
3 3352 3351 3349
3 3353 3346 3352
3 3353 3320 3319
3 3353 3330 3329
3 3353 3331 3330
3 3353 3332 3331
3 3353 3329 3346
3 3353 3319 3332
3 3354 3307 3308
3 3354 3308 3309
3 3355 3347 3307
3 3355 3307 3354
3 3356 3353 3352
3 3356 3321 3320
3 3356 3352 3350
3 3356 3350 3334
3 3356 3334 3321
3 3356 3320 3353
3 3357 3355 3354
3 3358 3309 3310
3 3358 3310 3311
3 3358 3311 3312
3 3358 3357 3354
3 3358 3354 3309
3 3359 3340 3347
3 3359 3347 3355
3 3360 3340 3359
3 3361 3350 3340
3 3361 3340 3360
3 3362 3312 3313
3 3362 3355 3357
3 3362 3358 3312
3 3362 3357 3358
3 3362 3359 3355
3 3362 3360 3359
3 3363 3361 3360
3 3364 3313 3314
3 3364 3362 3313
3 3364 3360 3362
3 3364 3363 3360
3 3365 3361 3363
3 3365 3363 3364
3 3366 3323 3322
3 3366 3334 3350
3 3366 3322 3334
3 3366 3350 3361
3 3367 3366 3361
3 3367 3361 3365
3 3368 3314 3315
3 3368 3364 3314
3 3368 3367 3365
3 3368 3365 3364
3 3369 3323 3366
3 3369 3366 3367
3 3369 3367 3368
3 3370 3315 3316
3 3370 3316 3317
3 3370 3324 3323
3 3370 3317 3324
3 3370 3368 3315
3 3370 3323 3369
3 3370 3369 3368
3 3396 3382 3381
3 3397 3399 3398
3 3400 3399 3397
3 3401 3399 3400
3 3402 3403 3399
3 3402 3399 3401
3 3404 3384 3383
3 3404 3405 3403
3 3404 3403 3402
3 3406 3407 3375
3 3406 3387 3407
3 3408 3375 3376
3 3408 3406 3375
3 3409 3411 3410
3 3412 3411 3409
3 3413 3409 3410
3 3413 3398 3399
3 3413 3412 3409
3 3413 3399 3403
3 3414 3404 3383
3 3414 3405 3404
3 3415 3403 3405
3 3415 3416 3412
3 3415 3413 3403
3 3415 3412 3413
3 3417 3371 3372
3 3417 3413 3410
3 3417 3398 3413
3 3417 3397 3398
3 3417 3410 3371
3 3417 3418 3397
3 3419 3400 3397
3 3420 3404 3402
3 3420 3402 3401
3 3420 3400 3419
3 3420 3401 3400
3 3421 3419 3397
3 3421 3397 3418
3 3422 3421 3418
3 3422 3419 3421
3 3423 3422 3418
3 3423 3420 3419
3 3423 3419 3422
3 3424 3420 3423
3 3424 3384 3404
3 3424 3404 3420
3 3425 3417 3372
3 3425 3418 3417
3 3426 3425 3372
3 3427 3426 3372
3 3428 3429 3384
3 3430 3431 3372
3 3432 3433 3430
3 3432 3372 3373
3 3432 3430 3372
3 3432 3373 3434
3 3432 3434 3435
3 3436 3429 3435
3 3437 3429 3436
3 3437 3385 3384
3 3437 3384 3429
3 3438 3385 3437
3 3438 3437 3439
3 3440 3385 3438
3 3440 3438 3439
3 3441 3434 3373
3 3442 3444 3443
3 3442 3443 3373
3 3445 3385 3446
3 3445 3446 3444
3 3445 3444 3442
3 3445 3447 3385
3 3448 3442 3373
3 3449 3448 3373
3 3450 3448 3449
3 3451 3452 3447
3 3451 3373 3374
3 3451 3453 3452
3 3451 3449 3373
3 3451 3450 3449
3 3451 3374 3453
3 3451 3447 3450
3 3454 3452 3453
3 3455 3447 3452
3 3455 3452 3454
3 3455 3386 3385
3 3455 3385 3447
3 3456 3386 3455
3 3457 3386 3456
3 3458 3386 3457
3 3459 3461 3460
3 3459 3460 3374
3 3462 3459 3374
3 3463 3374 3375
3 3463 3375 3464
3 3463 3464 3465
3 3463 3462 3374
3 3466 3465 3467
3 3466 3463 3465
3 3466 3462 3463
3 3468 3465 3464
3 3469 3386 3467
3 3469 3467 3465
3 3469 3387 3386
3 3469 3465 3468
3 3470 3468 3464
3 3470 3387 3469
3 3470 3469 3468
3 3471 3407 3387
3 3471 3387 3470
3 3472 3387 3406
3 3472 3388 3387
3 3472 3406 3408
3 3473 3472 3408
3 3474 3388 3472
3 3474 3472 3473
3 3475 3389 3388
3 3475 3390 3389
3 3475 3388 3474
3 3475 3474 3473
3 3476 3377 3371
3 3476 3371 3410
3 3476 3410 3411
3 3477 3380 3379
3 3477 3381 3380
3 3478 3477 3379
3 3479 3477 3478
3 3480 3479 3478
3 3481 3414 3480
3 3482 3481 3411
3 3482 3411 3412
3 3482 3412 3416
3 3483 3414 3481
3 3483 3481 3482
3 3483 3482 3416
3 3484 3483 3416
3 3484 3416 3415
3 3485 3483 3484
3 3485 3484 3415
3 3485 3414 3483
3 3485 3415 3405
3 3485 3405 3414
3 3486 3423 3418
3 3486 3424 3423
3 3487 3424 3486
3 3487 3486 3418
3 3487 3418 3425
3 3488 3487 3425
3 3488 3424 3487
3 3489 3424 3488
3 3489 3490 3424
3 3491 3488 3425
3 3491 3489 3488
3 3491 3490 3489
3 3492 3491 3425
3 3493 3490 3491
3 3493 3491 3492
3 3493 3494 3490
3 3495 3492 3425
3 3495 3425 3426
3 3496 3493 3492
3 3496 3494 3493
3 3496 3492 3495
3 3496 3495 3426
3 3497 3384 3424
3 3497 3424 3490
3 3497 3490 3494
3 3498 3500 3499
3 3498 3384 3497
3 3498 3499 3384
3 3501 3427 3372
3 3501 3372 3431
3 3501 3431 3502
3 3503 3504 3502
3 3503 3502 3431
3 3505 3428 3504
3 3505 3504 3503
3 3505 3503 3431
3 3506 3505 3431
3 3506 3431 3430
3 3507 3505 3506
3 3507 3430 3433
3 3507 3506 3430
3 3507 3428 3505
3 3507 3429 3428
3 3507 3433 3429
3 3508 3432 3435
3 3508 3435 3429
3 3508 3433 3432
3 3508 3429 3433
3 3509 3436 3435
3 3509 3435 3434
3 3510 3437 3436
3 3510 3436 3509
3 3511 3437 3510
3 3511 3509 3434
3 3511 3510 3509
3 3512 3437 3511
3 3512 3434 3439
3 3512 3511 3434
3 3512 3439 3437
3 3513 3440 3439
3 3513 3514 3440
3 3513 3434 3441
3 3513 3441 3514
3 3513 3439 3434
3 3515 3385 3440
3 3515 3440 3514
3 3515 3446 3385
3 3516 3445 3442
3 3516 3447 3445
3 3516 3442 3448
3 3516 3448 3450
3 3516 3450 3447
3 3517 3455 3454
3 3517 3456 3455
3 3517 3457 3456
3 3517 3453 3374
3 3517 3454 3453
3 3518 3517 3374
3 3519 3457 3517
3 3519 3517 3518
3 3519 3458 3457
3 3520 3518 3374
3 3520 3458 3519
3 3520 3519 3518
3 3520 3461 3458
3 3521 3460 3461
3 3521 3461 3520
3 3521 3374 3460
3 3521 3520 3374
3 3522 3458 3461
3 3522 3386 3458
3 3523 3461 3459
3 3523 3386 3522
3 3523 3522 3461
3 3524 3467 3386
3 3524 3523 3459
3 3524 3386 3523
3 3524 3459 3462
3 3524 3466 3467
3 3524 3462 3466
3 3525 3464 3375
3 3525 3470 3464
3 3525 3471 3470
3 3526 3525 3375
3 3526 3471 3525
3 3526 3375 3407
3 3526 3407 3471
3 3527 3475 3473
3 3527 3408 3376
3 3527 3395 3394
3 3527 3376 3395
3 3527 3473 3408
3 3528 3391 3390
3 3528 3392 3391
3 3528 3393 3392
3 3528 3394 3393
3 3528 3527 3394
3 3528 3390 3475
3 3528 3475 3527
3 3529 3476 3411
3 3529 3378 3377
3 3529 3379 3378
3 3529 3478 3379
3 3529 3377 3476
3 3530 3381 3477
3 3530 3383 3382
3 3530 3396 3381
3 3530 3382 3396
3 3531 3530 3477
3 3531 3479 3480
3 3531 3477 3479
3 3532 3530 3531
3 3532 3531 3480
3 3532 3480 3414
3 3532 3414 3383
3 3532 3383 3530
3 3533 3481 3480
3 3533 3411 3481
3 3533 3480 3478
3 3533 3478 3529
3 3533 3529 3411
3 3534 3497 3494
3 3534 3498 3497
3 3534 3500 3498
3 3535 3500 3427
3 3535 3427 3501
3 3536 3501 3502
3 3536 3535 3501
3 3537 3535 3536
3 3538 3537 3536
3 3538 3504 3428
3 3538 3502 3504
3 3538 3536 3502
3 3539 3515 3514
3 3539 3514 3441
3 3540 3515 3539
3 3540 3539 3441
3 3541 3446 3515
3 3541 3444 3446
3 3541 3515 3540
3 3542 3494 3496
3 3542 3496 3426
3 3542 3534 3494
3 3542 3500 3534
3 3542 3426 3427
3 3542 3427 3500
3 3543 3499 3500
3 3543 3384 3499
3 3544 3543 3500
3 3544 3500 3535
3 3544 3384 3543
3 3545 3535 3537
3 3545 3537 3538
3 3545 3538 3428
3 3545 3544 3535
3 3545 3384 3544
3 3545 3428 3384
3 3546 3441 3373
3 3546 3540 3441
3 3546 3541 3540
3 3547 3444 3541
3 3547 3546 3373
3 3547 3541 3546
3 3548 3443 3444
3 3548 3373 3443
3 3548 3444 3547
3 3548 3547 3373
3 3565 3550 3549
3 3565 3549 3566
3 3564 3550 3565
3 3563 3551 3550
3 3563 3550 3564
3 3562 3552 3551
3 3562 3551 3563
3 3561 3553 3552
3 3561 3552 3562
3 3560 3554 3553
3 3560 3553 3561
3 3559 3555 3554
3 3559 3556 3555
3 3559 3554 3560
3 3558 3557 3556
3 3558 3556 3559
3 3576 3572 3573
3 3576 3573 3574
3 3576 3574 3575
3 3585 3584 3597
3 3586 3585 3597
3 3590 3589 3582
3 3591 3590 3582
3 3583 3591 3582
3 3598 3567 3568
3 3598 3568 3569
3 3598 3569 3570
3 3598 3570 3571
3 3598 3571 3572
3 3598 3576 3577
3 3598 3592 3567
3 3598 3572 3576
3 3599 3577 3578
3 3599 3578 3579
3 3599 3593 3592
3 3599 3594 3593
3 3599 3598 3577
3 3599 3592 3598
3 3600 3579 3580
3 3600 3580 3581
3 3600 3595 3594
3 3600 3596 3595
3 3600 3594 3599
3 3600 3599 3579
3 3601 3581 3582
3 3601 3587 3586
3 3601 3588 3587
3 3601 3589 3588
3 3601 3597 3596
3 3601 3596 3600
3 3601 3600 3581
3 3601 3586 3597
3 3601 3582 3589
3 3626 3603 3602
3 3611 3608 3607
3 3611 3609 3608
3 3611 3610 3609
3 3619 3630 3631
3 3619 3631 3618
3 3620 3630 3619
3 3624 3616 3623
3 3625 3616 3624
3 3617 3616 3625
3 3632 3604 3603
3 3632 3605 3604
3 3632 3606 3605
3 3632 3607 3606
3 3632 3612 3611
3 3632 3603 3626
3 3632 3611 3607
3 3633 3613 3612
3 3633 3614 3613
3 3633 3626 3627
3 3633 3627 3628
3 3633 3612 3632
3 3633 3632 3626
3 3634 3615 3614
3 3634 3628 3629
3 3634 3629 3630
3 3634 3633 3628
3 3634 3614 3633
3 3635 3616 3615
3 3635 3620 3621
3 3635 3621 3622
3 3635 3622 3623
3 3635 3634 3630
3 3635 3630 3620
3 3635 3615 3634
3 3635 3623 3616
3 3655 3639 3640
3 3655 3640 3641
3 3655 3641 3642
3 3656 3657 3636
3 3658 3657 3656
3 3659 3657 3658
3 3660 3661 3657
3 3660 3657 3659
3 3662 3660 3663
3 3664 3661 3660
3 3664 3660 3662
3 3665 3647 3638
3 3665 3667 3666
3 3665 3666 3661
3 3665 3638 3667
3 3665 3661 3664
3 3668 3636 3637
3 3668 3656 3636
3 3669 3656 3668
3 3670 3658 3656
3 3670 3659 3658
3 3670 3656 3669
3 3670 3660 3659
3 3671 3663 3660
3 3671 3662 3663
3 3671 3647 3665
3 3671 3664 3662
3 3671 3665 3664
3 3671 3660 3670
3 3672 3657 3661
3 3672 3666 3667
3 3672 3636 3657
3 3672 3661 3666
3 3673 3669 3668
3 3673 3668 3637
3 3673 3670 3669
3 3673 3671 3670
3 3674 3638 3639
3 3674 3639 3655
3 3674 3655 3642
3 3675 3638 3674
3 3676 3667 3638
3 3676 3672 3667
3 3676 3638 3675
3 3677 3648 3647
3 3677 3647 3671
3 3677 3671 3673
3 3678 3645 3646
3 3678 3646 3636
3 3679 3644 3645
3 3679 3645 3678
3 3680 3642 3643
3 3680 3643 3644
3 3680 3674 3642
3 3680 3644 3679
3 3681 3679 3678
3 3682 3680 3679
3 3682 3679 3681
3 3683 3674 3680
3 3683 3680 3682
3 3683 3675 3674
3 3684 3676 3675
3 3684 3681 3678
3 3684 3682 3681
3 3684 3683 3682
3 3684 3675 3683
3 3684 3678 3636
3 3684 3636 3672
3 3684 3672 3676
3 3685 3677 3673
3 3685 3673 3637
3 3686 3653 3652
3 3686 3654 3653
3 3686 3637 3654
3 3686 3685 3637
3 3686 3687 3685
3 3688 3685 3687
3 3689 3649 3648
3 3689 3650 3649
3 3689 3685 3688
3 3689 3677 3685
3 3689 3648 3677
3 3690 3651 3650
3 3690 3652 3651
3 3690 3686 3652
3 3690 3687 3686
3 3690 3688 3687
3 3690 3689 3688
3 3690 3650 3689
3 3714 3691 3692
3 3714 3692 3693
3 3714 3693 3694
3 3714 3694 3695
3 3714 3695 3696
3 3714 3696 3697
3 3714 3697 3698
3 3714 3698 3699
3 3714 3700 3691
3 3714 3699 3711
3 3715 3700 3714
3 3715 3714 3711
3 3716 3711 3712
3 3717 3701 3700
3 3718 3703 3702
3 3718 3720 3719
3 3721 3708 3709
3 3721 3709 3710
3 3721 3710 3703
3 3721 3703 3718
3 3721 3718 3719
3 3722 3716 3723
3 3722 3717 3700
3 3722 3723 3717
3 3722 3700 3715
3 3724 3716 3712
3 3724 3723 3716
3 3724 3717 3723
3 3725 3724 3712
3 3725 3717 3724
3 3726 3725 3712
3 3727 3701 3728
3 3727 3728 3729
3 3730 3727 3729
3 3730 3729 3731
3 3732 3701 3727
3 3732 3730 3731
3 3732 3702 3701
3 3732 3731 3733
3 3732 3733 3702
3 3732 3727 3730
3 3734 3712 3713
3 3734 3729 3712
3 3734 3731 3729
3 3735 3733 3731
3 3735 3731 3734
3 3736 3735 3734
3 3736 3733 3735
3 3736 3734 3713
3 3737 3733 3736
3 3738 3736 3713
3 3738 3737 3736
3 3738 3739 3737
3 3738 3713 3720
3 3740 3737 3739
3 3740 3702 3733
3 3740 3733 3737
3 3741 3739 3738
3 3741 3738 3720
3 3741 3740 3739
3 3742 3702 3740
3 3742 3740 3741
3 3742 3718 3702
3 3742 3741 3720
3 3742 3720 3718
3 3743 3713 3704
3 3743 3720 3713
3 3743 3719 3720
3 3743 3721 3719
3 3744 3743 3704
3 3745 3704 3705
3 3745 3705 3706
3 3745 3744 3704
3 3746 3706 3707
3 3746 3707 3708
3 3746 3721 3743
3 3746 3743 3744
3 3746 3745 3706
3 3746 3744 3745
3 3746 3708 3721
3 3747 3711 3716
3 3747 3722 3715
3 3747 3716 3722
3 3747 3715 3711
3 3748 3712 3729
3 3748 3729 3728
3 3749 3750 3726
3 3749 3728 3750
3 3749 3748 3728
3 3749 3712 3748
3 3749 3726 3712
3 3751 3701 3717
3 3751 3717 3725
3 3751 3725 3726
3 3752 3726 3750
3 3752 3750 3728
3 3752 3728 3701
3 3752 3751 3726
3 3752 3701 3751
3 3754 3753 3779
3 3780 3755 3754
3 3780 3754 3779
3 3762 3759 3758
3 3762 3760 3759
3 3762 3761 3760
3 3772 3788 3771
3 3777 3769 3776
3 3778 3769 3777
3 3770 3769 3778
3 3789 3756 3755
3 3789 3757 3756
3 3789 3758 3757
3 3789 3763 3762
3 3789 3780 3781
3 3789 3781 3782
3 3789 3782 3783
3 3789 3755 3780
3 3789 3762 3758
3 3790 3789 3783
3 3790 3764 3763
3 3790 3765 3764
3 3790 3766 3765
3 3790 3783 3784
3 3790 3784 3785
3 3790 3785 3786
3 3790 3786 3787
3 3790 3763 3789
3 3791 3767 3766
3 3791 3768 3767
3 3791 3787 3788
3 3791 3766 3790
3 3791 3790 3787
3 3792 3769 3768
3 3792 3772 3773
3 3792 3773 3774
3 3792 3774 3775
3 3792 3775 3776
3 3792 3791 3788
3 3792 3768 3791
3 3792 3788 3772
3 3792 3776 3769
3 3817 3794 3793
3 3802 3799 3798
3 3802 3800 3799
3 3802 3801 3800
3 3810 3822 3809
3 3811 3822 3810
3 3815 3807 3814
3 3816 3807 3815
3 3808 3807 3816
3 3823 3795 3794
3 3823 3796 3795
3 3823 3797 3796
3 3823 3798 3797
3 3823 3803 3802
3 3823 3817 3818
3 3823 3794 3817
3 3823 3802 3798
3 3824 3804 3803
3 3824 3805 3804
3 3824 3818 3819
3 3824 3819 3820
3 3824 3803 3823
3 3824 3823 3818
3 3825 3806 3805
3 3825 3820 3821
3 3825 3805 3824
3 3825 3824 3820
3 3826 3807 3806
3 3826 3811 3812
3 3826 3812 3813
3 3826 3813 3814
3 3826 3821 3822
3 3826 3806 3825
3 3826 3825 3821
3 3826 3822 3811
3 3826 3814 3807
3 3838 3828 3827
3 3838 3827 3837
3 3839 3829 3828
3 3839 3828 3838
3 3840 3830 3829
3 3840 3829 3839
3 3841 3831 3830
3 3841 3830 3840
3 3842 3832 3831
3 3842 3831 3841
3 3843 3833 3832
3 3843 3832 3842
3 3844 3834 3833
3 3844 3835 3834
3 3844 3833 3843
3 3836 3835 3844
3 3911 3873 3872
3 3911 3872 3904
3 3912 3874 3873
3 3912 3873 3911
3 3913 3875 3874
3 3913 3874 3912
3 3914 3876 3875
3 3914 3875 3913
3 3915 3904 3903
3 3915 3911 3904
3 3916 3877 3876
3 3916 3876 3914
3 3917 3912 3911
3 3917 3911 3915
3 3918 3877 3916
3 3918 3870 3871
3 3918 3878 3877
3 3918 3871 3878
3 3919 3912 3917
3 3919 3913 3912
3 3920 3913 3919
3 3920 3914 3913
3 3921 3915 3903
3 3921 3903 3902
3 3922 3916 3914
3 3922 3914 3920
3 3923 3915 3921
3 3923 3919 3917
3 3923 3917 3915
3 3924 3869 3870
3 3924 3916 3922
3 3924 3870 3918
3 3924 3918 3916
3 3925 3919 3923
3 3926 3920 3919
3 3926 3919 3925
3 3927 3902 3901
3 3927 3921 3902
3 3928 3922 3920
3 3928 3920 3926
3 3929 3921 3927
3 3929 3923 3921
3 3930 3867 3868
3 3930 3868 3869
3 3930 3922 3928
3 3930 3924 3922
3 3930 3869 3924
3 3931 3923 3929
3 3931 3925 3923
3 3932 3925 3931
3 3932 3926 3925
3 3933 3901 3900
3 3933 3927 3901
3 3934 3926 3932
3 3934 3930 3928
3 3934 3928 3926
3 3935 3929 3927
3 3935 3927 3933
3 3936 3866 3867
3 3936 3930 3934
3 3936 3867 3930
3 3937 3929 3935
3 3937 3931 3929
3 3938 3931 3937
3 3938 3932 3931
3 3939 3899 3898
3 3939 3900 3899
3 3939 3933 3900
3 3940 3936 3934
3 3940 3932 3938
3 3940 3934 3932
3 3941 3933 3939
3 3941 3935 3933
3 3942 3866 3936
3 3942 3936 3940
3 3943 3937 3935
3 3943 3935 3941
3 3944 3938 3937
3 3944 3937 3943
3 3945 3939 3898
3 3946 3940 3938
3 3946 3938 3944
3 3947 3941 3939
3 3947 3939 3945
3 3948 3866 3942
3 3948 3865 3866
3 3948 3942 3940
3 3948 3940 3946
3 3949 3943 3941
3 3949 3944 3943
3 3949 3941 3947
3 3950 3944 3949
3 3951 3945 3898
3 3951 3898 3897
3 3952 3946 3944
3 3952 3944 3950
3 3953 3945 3951
3 3953 3947 3945
3 3954 3864 3865
3 3954 3865 3948
3 3954 3948 3946
3 3954 3946 3952
3 3955 3947 3953
3 3955 3949 3947
3 3956 3949 3955
3 3956 3950 3949
3 3957 3896 3895
3 3957 3951 3897
3 3957 3897 3896
3 3958 3952 3950
3 3958 3950 3956
3 3959 3951 3957
3 3959 3953 3951
3 3960 3863 3864
3 3960 3864 3954
3 3960 3954 3952
3 3960 3952 3958
3 3961 3955 3953
3 3961 3953 3959
3 3962 3956 3955
3 3962 3955 3961
3 3962 3958 3956
3 3963 3895 3894
3 3963 3957 3895
3 3964 3958 3962
3 3965 3959 3957
3 3965 3957 3963
3 3965 3961 3959
3 3966 3862 3863
3 3966 3863 3960
3 3966 3960 3958
3 3966 3958 3964
3 3967 3961 3965
3 3968 3962 3961
3 3968 3964 3962
3 3968 3961 3967
3 3969 3963 3894
3 3970 3964 3968
3 3971 3965 3963
3 3971 3963 3969
3 3971 3967 3965
3 3972 3964 3970
3 3972 3861 3862
3 3972 3862 3966
3 3972 3966 3964
3 3973 3967 3971
3 3973 3968 3967
3 3974 3968 3973
3 3974 3970 3968
3 3975 3971 3969
3 3975 3969 3894
3 3975 3894 3893
3 3976 3970 3974
3 3977 3971 3975
3 3978 3861 3972
3 3978 3860 3861
3 3978 3970 3976
3 3978 3972 3970
3 3979 3973 3971
3 3979 3971 3977
3 3980 3974 3973
3 3980 3973 3979
3 3981 3975 3893
3 3981 3893 3892
3 3982 3974 3980
3 3982 3976 3974
3 3983 3977 3975
3 3983 3975 3981
3 3984 3859 3860
3 3984 3860 3978
3 3984 3978 3976
3 3984 3976 3982
3 3985 3979 3977
3 3985 3977 3983
3 3986 3980 3979
3 3986 3979 3985
3 3986 3982 3980
3 3987 3981 3892
3 3987 3892 3891
3 3988 3982 3986
3 3989 3983 3981
3 3989 3981 3987
3 3990 3858 3859
3 3990 3859 3984
3 3990 3984 3982
3 3990 3982 3988
3 3991 3983 3989
3 3991 3985 3983
3 3992 3986 3985
3 3992 3985 3991
3 3993 3891 3890
3 3993 3989 3987
3 3993 3987 3891
3 3994 3988 3986
3 3994 3986 3992
3 3995 3989 3993
3 3996 3857 3858
3 3996 3858 3990
3 3996 3990 3988
3 3996 3988 3994
3 3997 3991 3989
3 3997 3989 3995
3 3997 3992 3991
3 3998 3992 3997
3 3999 3993 3890
3 3999 3890 3889
3 3999 3995 3993
3 4000 3994 3992
3 4000 3992 3998
3 4001 3995 3999
3 4002 3856 3857
3 4002 3857 3996
3 4002 3996 3994
3 4002 3994 4000
3 4003 3997 3995
3 4003 3995 4001
3 4004 3997 4003
3 4004 3998 3997
3 4004 4000 3998
3 4005 3889 3888
3 4005 3999 3889
3 4006 4002 4000
3 4006 4000 4004
3 4007 3999 4005
3 4007 4001 3999
3 4008 3855 3856
3 4008 3856 4002
3 4008 4002 4006
3 4009 4001 4007
3 4009 4003 4001
3 4010 4004 4003
3 4010 4003 4009
3 4011 3888 3887
3 4011 4005 3888
3 4011 4007 4005
3 4012 4006 4004
3 4012 4004 4010
3 4013 4007 4011
3 4014 3854 3855
3 4014 4006 4012
3 4014 4008 4006
3 4014 3855 4008
3 4015 4009 4007
3 4015 4007 4013
3 4016 4010 4009
3 4016 4009 4015
3 4017 3887 3886
3 4017 4011 3887
3 4018 4012 4010
3 4018 4010 4016
3 4019 4013 4011
3 4019 4011 4017
3 4020 3853 3854
3 4020 3854 4014
3 4020 4014 4012
3 4020 4012 4018
3 4021 4015 4013
3 4021 4013 4019
3 4022 4016 4015
3 4022 4015 4021
3 4022 4018 4016
3 4023 3886 3885
3 4023 4017 3886
3 4023 4019 4017
3 4024 4018 4022
3 4025 4019 4023
3 4026 3852 3853
3 4026 3853 4020
3 4026 4020 4018
3 4026 4018 4024
3 4027 4021 4019
3 4027 4019 4025
3 4028 4022 4021
3 4028 4021 4027
3 4029 3884 3883
3 4029 3885 3884
3 4029 4023 3885
3 4029 4025 4023
3 4030 4024 4022
3 4030 4022 4028
3 4030 4026 4024
3 4031 4025 4029
3 4032 3851 3852
3 4032 3852 4026
3 4032 4026 4030
3 4033 4027 4025
3 4033 4025 4031
3 4034 4028 4027
3 4034 4027 4033
3 4034 4030 4028
3 4035 4029 3883
3 4036 4030 4034
3 4037 4029 4035
3 4037 4031 4029
3 4038 4030 4036
3 4038 3850 3851
3 4038 3851 4032
3 4038 4032 4030
3 4039 4031 4037
3 4039 4033 4031
3 4040 4033 4039
3 4040 4034 4033
3 4041 3882 3881
3 4041 3883 3882
3 4041 4035 3883
3 4042 4036 4034
3 4042 4038 4036
3 4042 4034 4040
3 4043 4035 4041
3 4043 4037 4035
3 4044 3849 3850
3 4044 3850 4038
3 4044 4038 4042
3 4045 4039 4037
3 4045 4037 4043
3 4045 4040 4039
3 4046 4040 4045
3 4047 4041 3881
3 4048 4044 4042
3 4048 4040 4046
3 4048 4042 4040
3 4049 4043 4041
3 4049 4041 4047
3 4050 3848 3849
3 4050 4044 4048
3 4050 3849 4044
3 4051 4045 4043
3 4051 4043 4049
3 4052 4045 4051
3 4052 4046 4045
3 4053 4047 3881
3 4053 3880 3879
3 4053 3881 3880
3 4053 3879 3905
3 4054 4048 4046
3 4054 4050 4048
3 4054 4046 4052
3 4055 4049 4047
3 4055 4047 4053
3 4055 3905 3906
3 4055 4053 3905
3 4056 3847 3848
3 4056 3848 4050
3 4056 4050 4054
3 4057 4051 4049
3 4057 4049 4055
3 4057 3906 3907
3 4057 4055 3906
3 4058 4057 3907
3 4058 4051 4057
3 4058 3907 3908
3 4058 4052 4051
3 4059 4054 4052
3 4059 3908 3909
3 4059 3909 3910
3 4059 4058 3908
3 4059 4052 4058
3 4060 3845 3846
3 4060 3846 3847
3 4060 3847 4056
3 4060 4056 4054
3 4060 4054 4059
3 4060 3910 3845
3 4060 4059 3910
3 4066 4072 4071
3 4066 4073 4072
3 4066 4074 4073
3 4066 4075 4074
3 4066 4076 4075
3 4070 4066 4071
3 4069 4066 4070
3 4068 4066 4069
3 4067 4066 4068
3 4065 4066 4067
3 4077 4065 4067
3 4077 4064 4065
3 4125 4063 4064
3 4126 4125 4064
3 4124 4063 4125
3 4127 4126 4064
3 4127 4064 4077
3 4123 4063 4124
3 4128 4127 4077
3 4122 4063 4123
3 4129 4128 4077
3 4121 4062 4063
3 4121 4063 4122
3 4130 4129 4077
3 4120 4062 4121
3 4131 4130 4077
3 4119 4062 4120
3 4105 4061 4062
3 4105 4062 4119
3 4105 4118 4117
3 4105 4119 4118
3 4096 4131 4077
3 4096 4077 4095
3 4094 4077 4078
3 4094 4095 4077
3 4097 4131 4096
3 4097 4132 4131
3 4098 4132 4097
3 4098 4133 4132
3 4093 4094 4078
3 4099 4134 4133
3 4099 4133 4098
3 4079 4089 4090
3 4079 4090 4091
3 4079 4091 4092
3 4079 4092 4093
3 4079 4093 4078
3 4088 4079 4080
3 4088 4089 4079
3 4081 4088 4080
3 4086 4087 4088
3 4082 4088 4081
3 4085 4086 4088
3 4083 4088 4082
3 4084 4088 4083
3 4084 4085 4088
3 4104 4109 4134
3 4104 4134 4099
3 4106 4114 4113
3 4106 4115 4114
3 4106 4116 4115
3 4106 4117 4116
3 4106 4105 4117
3 4103 4110 4109
3 4103 4111 4110
3 4103 4109 4104
3 4102 4111 4103
3 4102 4112 4111
3 4107 4112 4102
3 4107 4106 4113
3 4107 4113 4112
3 4108 4107 4102
3 4101 4108 4102
3 4100 4108 4101
3 4135 4147 4148
3 4146 4147 4135
3 4137 4139 4138
3 4137 4140 4139
3 4137 4141 4140
3 4137 4142 4141
3 4137 4143 4142
3 4137 4144 4143
3 4137 4138 4145
3 4136 4145 4146
3 4136 4146 4135
3 4136 4137 4145
