ply
format ascii 1.0
comment generated by blendit.inference.finetune_visualize
element vertex 3156
property float x
property float y
property float z
property uchar red
property uchar green
property uchar blue
element face 4100
property list uchar int vertex_indices
end_header
-1.11022302e-16 0.587838171 0.587838171 218 222 230
-1.11022302e-16 0.587838171 34.4598578 218 222 230
0 8.02500968 0.587838171 218 222 230
-1.11022302e-16 8.02500968 34.4598578 218 222 230
-1.11022302e-16 0.587838171 0.587838171 255 79 163
-1.11022302e-16 0.587838171 34.4598578 255 79 163
0.587838171 -1.11022302e-16 0.587838171 255 79 163
0.457031872 0.0147383303 0.587838171 255 79 163
0.332784748 0.0582142796 0.587838171 255 79 163
0.221327066 0.128247782 0.587838171 255 79 163
0.128247782 0.221327066 0.587838171 255 79 163
0.0582142796 0.332784748 0.587838171 255 79 163
0.0147383303 0.457031872 0.587838171 255 79 163
0.587838171 -1.11022302e-16 34.4598578 255 79 163
0.457031872 0.0147383303 34.4598578 255 79 163
0.332784748 0.0582142796 34.4598578 255 79 163
0.221327066 0.128247782 34.4598578 255 79 163
0.128247782 0.221327066 34.4598578 255 79 163
0.0582142796 0.332784748 34.4598578 255 79 163
0.0147383303 0.457031872 34.4598578 255 79 163
-1.11022302e-16 0.587838171 0.587838171 255 79 163
0 8.02500968 0.587838171 255 79 163
0.0147383303 8.02500968 0.457031872 255 79 163
0.0582142796 8.02500968 0.332784748 255 79 163
0.128247782 8.02500968 0.221327066 255 79 163
0.221327066 8.02500968 0.128247782 255 79 163
0.332784748 8.02500968 0.0582142796 255 79 163
0.457031872 8.02500968 0.0147383303 255 79 163
0.587838171 8.02500968 -1.11022302e-16 255 79 163
0.587838171 0.587838171 0 255 79 163
0.457031872 0.587838171 0.0147383303 255 79 163
0.332784748 0.587838171 0.0582142796 255 79 163
0.221327066 0.587838171 0.128247782 255 79 163
0.128247782 0.587838171 0.221327066 255 79 163
0.0582142796 0.587838171 0.332784748 255 79 163
0.0147383303 0.587838171 0.457031872 255 79 163
0.587838171 0.587838171 35.047696 255 79 163
0.457031872 0.587838171 35.0329577 255 79 163
0.332784748 0.587838171 34.9894817 255 79 163
0.221327066 0.587838171 34.9194482 255 79 163
0.128247782 0.587838171 34.826369 255 79 163
0.0582142796 0.587838171 34.7149113 255 79 163
0.0147383303 0.587838171 34.5906641 255 79 163
-1.11022302e-16 0.587838171 34.4598578 255 79 163
0.587838171 8.02500968 35.047696 255 79 163
0.457031872 8.02500968 35.0329577 255 79 163
0.332784748 8.02500968 34.9894817 255 79 163
0.221327066 8.02500968 34.9194482 255 79 163
0.128247782 8.02500968 34.826369 255 79 163
0.0582142796 8.02500968 34.7149113 255 79 163
0.0147383303 8.02500968 34.5906641 255 79 163
-1.11022302e-16 8.02500968 34.4598578 255 79 163
0 8.02500968 0.587838171 255 79 163
-1.11022302e-16 8.02500968 34.4598578 255 79 163
0.587838171 8.61284785 34.4598578 255 79 163
0.457031872 8.59810952 34.4598578 255 79 163
0.332784748 8.55463357 34.4598578 255 79 163
0.221327066 8.48460007 34.4598578 255 79 163
0.128247782 8.39152078 34.4598578 255 79 163
0.0582142796 8.2800631 34.4598578 255 79 163
0.0147383303 8.15581598 34.4598578 255 79 163
0.587838171 8.61284785 0.587838171 255 79 163
0.0147383303 8.15581598 0.587838171 255 79 163
0.0582142796 8.2800631 0.587838171 255 79 163
0.128247782 8.39152078 0.587838171 255 79 163
0.221327066 8.48460007 0.587838171 255 79 163
0.332784748 8.55463357 0.587838171 255 79 163
0.457031872 8.59810952 0.587838171 255 79 163
0.587838171 -1.11022302e-16 0.587838171 255 79 163
0.457031872 0.0147383303 0.587838171 255 79 163
0.332784748 0.0582142796 0.587838171 255 79 163
0.221327066 0.128247782 0.587838171 255 79 163
0.128247782 0.221327066 0.587838171 255 79 163
0.0582142796 0.332784748 0.587838171 255 79 163
0.0147383303 0.457031872 0.587838171 255 79 163
-1.11022302e-16 0.587838171 0.587838171 255 79 163
0.587838171 0.587838171 0 255 79 163
0.457031872 0.587838171 0.0147383303 255 79 163
0.332784748 0.587838171 0.0582142796 255 79 163
0.221327066 0.587838171 0.128247782 255 79 163
0.128247782 0.587838171 0.221327066 255 79 163
0.0582142796 0.587838171 0.332784748 255 79 163
0.0147383303 0.587838171 0.457031872 255 79 163
0.587838171 0.587838171 0 255 79 163
0.587838171 0.457031872 0.0147383303 255 79 163
0.587838171 0.332784748 0.0582142796 255 79 163
0.587838171 0.221327066 0.128247782 255 79 163
0.587838171 0.128247782 0.221327066 255 79 163
0.587838171 0.0582142796 0.332784748 255 79 163
0.587838171 0.0147383303 0.457031872 255 79 163
0.408422624 0.55942154 0.028770848 255 79 163
0.425985068 0.505369896 0.028770848 255 79 163
0.459390821 0.459390821 0.028770848 255 79 163
0.259226644 0.481065814 0.112267101 255 79 163
0.505369896 0.425985068 0.028770848 255 79 163
0.30830451 0.384745078 0.112267101 255 79 163
0.11812217 0.513442465 0.242315564 255 79 163
0.55942154 0.408422624 0.028770848 255 79 163
0.384745078 0.30830451 0.112267101 255 79 163
0.164101245 0.371933423 0.242315564 255 79 163
0.481065814 0.259226644 0.112267101 255 79 163
0.251558642 0.251558642 0.242315564 255 79 163
0.0561335504 0.415076867 0.406186186 255 79 163
0.371933423 0.164101245 0.242315564 255 79 163
0.135543206 0.259226644 0.406186186 255 79 163
0.513442465 0.11812217 0.242315564 255 79 163
0.259226644 0.135543206 0.406186186 255 79 163
0.415076867 0.0561335504 0.406186186 255 79 163
0.587838171 0.587838171 35.047696 255 79 163
0.587838171 0.457031872 35.0329577 255 79 163
0.587838171 0.332784748 34.9894817 255 79 163
0.587838171 0.221327066 34.9194482 255 79 163
0.587838171 0.128247782 34.826369 255 79 163
0.587838171 0.0582142796 34.7149113 255 79 163
0.587838171 0.0147383303 34.5906641 255 79 163
0.587838171 -1.11022302e-16 34.4598578 255 79 163
0.587838171 0.587838171 35.047696 255 79 163
0.457031872 0.587838171 35.0329577 255 79 163
0.332784748 0.587838171 34.9894817 255 79 163
0.221327066 0.587838171 34.9194482 255 79 163
0.128247782 0.587838171 34.826369 255 79 163
0.0582142796 0.587838171 34.7149113 255 79 163
0.0147383303 0.587838171 34.5906641 255 79 163
-1.11022302e-16 0.587838171 34.4598578 255 79 163
0.457031872 0.0147383303 34.4598578 255 79 163
0.332784748 0.0582142796 34.4598578 255 79 163
0.221327066 0.128247782 34.4598578 255 79 163
0.128247782 0.221327066 34.4598578 255 79 163
0.0582142796 0.332784748 34.4598578 255 79 163
0.0147383303 0.457031872 34.4598578 255 79 163
0.55942154 0.408422624 35.0189252 255 79 163
0.505369896 0.425985068 35.0189252 255 79 163
0.459390821 0.459390821 35.0189252 255 79 163
0.481065814 0.259226644 34.9354289 255 79 163
0.425985068 0.505369896 35.0189252 255 79 163
0.384745078 0.30830451 34.9354289 255 79 163
0.513442465 0.11812217 34.8053805 255 79 163
0.408422624 0.55942154 35.0189252 255 79 163
0.30830451 0.384745078 34.9354289 255 79 163
0.371933423 0.164101245 34.8053805 255 79 163
0.259226644 0.481065814 34.9354289 255 79 163
0.251558642 0.251558642 34.8053805 255 79 163
0.415076867 0.0561335504 34.6415098 255 79 163
0.164101245 0.371933423 34.8053805 255 79 163
0.259226644 0.135543206 34.6415098 255 79 163
0.11812217 0.513442465 34.8053805 255 79 163
0.135543206 0.259226644 34.6415098 255 79 163
0.0561335504 0.415076867 34.6415098 255 79 163
0.587838171 -1.11022302e-16 0.587838171 218 222 230
0.587838171 -1.11022302e-16 34.4598578 218 222 230
46.2947371 -1.11022302e-16 34.4598578 218 222 230
46.2947371 0 0.587838171 218 222 230
20.1985035 8.02500968 0 218 222 230
0.587838171 8.02500968 -1.11022302e-16 218 222 230
0.587838171 0.587838171 0 218 222 230
46.2947371 0.587838171 -1.11022302e-16 218 222 230
46.2947371 52.7832903 -1.11022302e-16 218 222 230
21.4375376 52.7832903 -3.55271368e-15 218 222 230
21.4375376 9.20068602 0 218 222 230
20.5037246 8.06158589 -6.39310775e-17 218 222 230
20.7932747 8.17051169 -9.4760691e-19 218 222 230
21.0265727 8.32808214 -2.96474777e-17 218 222 230
21.2027709 8.51433823 -2.10412265e-19 218 222 230
21.3359833 8.73648746 -2.35910357e-17 218 222 230
21.4116368 8.96267986 -2.85927983e-17 218 222 230
0 8.02500968 0.587838171 255 79 163
0.0147383303 8.02500968 0.457031872 255 79 163
0.0582142796 8.02500968 0.332784748 255 79 163
0.128247782 8.02500968 0.221327066 255 79 163
0.221327066 8.02500968 0.128247782 255 79 163
0.332784748 8.02500968 0.0582142796 255 79 163
0.457031872 8.02500968 0.0147383303 255 79 163
0.587838171 8.02500968 -1.11022302e-16 255 79 163
0 8.02500968 0.587838171 255 79 163
0.0147383303 8.15581598 0.587838171 255 79 163
0.0582142796 8.2800631 0.587838171 255 79 163
0.128247782 8.39152078 0.587838171 255 79 163
0.221327066 8.48460007 0.587838171 255 79 163
0.332784748 8.55463357 0.587838171 255 79 163
0.457031872 8.59810952 0.587838171 255 79 163
0.587838171 8.61284785 0.587838171 255 79 163
0.587838171 8.15581598 0.0147383303 255 79 163
0.587838171 8.2800631 0.0582142796 255 79 163
0.587838171 8.39152078 0.128247782 255 79 163
0.587838171 8.48460007 0.221327066 255 79 163
0.587838171 8.55463357 0.332784748 255 79 163
0.587838171 8.59810952 0.457031872 255 79 163
0.028770848 8.05342631 0.408422624 255 79 163
0.028770848 8.10747795 0.425985068 255 79 163
0.028770848 8.15345703 0.459390821 255 79 163
0.112267101 8.13178204 0.259226644 255 79 163
0.028770848 8.18686278 0.505369896 255 79 163
0.112267101 8.22810277 0.30830451 255 79 163
0.242315564 8.09940538 0.11812217 255 79 163
0.028770848 8.20442523 0.55942154 255 79 163
0.112267101 8.30454334 0.384745078 255 79 163
0.242315564 8.24091443 0.164101245 255 79 163
0.112267101 8.35362121 0.481065814 255 79 163
0.242315564 8.36128921 0.251558642 255 79 163
0.406186186 8.19777098 0.0561335504 255 79 163
0.242315564 8.4487466 0.371933423 255 79 163
0.406186186 8.35362121 0.135543206 255 79 163
0.242315564 8.49472568 0.513442465 255 79 163
0.406186186 8.47730464 0.259226644 255 79 163
0.406186186 8.5567143 0.415076867 255 79 163
10.1685282 52.7832903 35.047696 218 222 230
10.1685282 9.20068602 35.047696 218 222 230
10.1363774 8.93584281 35.047696 218 222 230
10.0430573 8.68722841 35.047696 218 222 230
9.89683746 8.46826466 35.047696 218 222 230
9.70853542 8.28827871 35.047696 218 222 230
9.48929629 8.1529191 35.047696 218 222 230
9.24945284 8.06526495 35.047696 218 222 230
9.09058577 8.03508706 35.047696 218 222 230
8.92949411 8.02500968 35.047696 218 222 230
0.587838171 8.02500968 35.047696 218 222 230
0.587838171 0.587838171 35.047696 218 222 230
46.2947371 0.587838171 35.047696 218 222 230
46.2947371 17.4744453 35.047696 218 222 230
41.977828 17.4744453 35.047696 218 222 230
40.8021517 18.6501217 35.047696 218 222 230
40.8316283 18.3885091 35.047696 218 222 230
40.9185802 18.1400148 35.047696 218 222 230
41.0586472 17.9170995 35.047696 218 222 230
41.2448058 17.7309409 35.047696 218 222 230
41.4677212 17.5908739 35.047696 218 222 230
41.7162154 17.503922 35.047696 218 222 230
40.8021517 52.7832903 35.047696 218 222 230
19.4023707 33.6191731 35.047696 218 222 230
19.5117405 32.7184313 35.047696 218 222 230
19.8334939 31.8700374 35.047696 218 222 230
20.3489317 31.1232968 35.047696 218 222 230
21.0280984 30.5216076 35.047696 218 222 230
21.8315235 30.0999376 35.047696 218 222 230
22.7125148 29.8827927 35.047696 218 222 230
23.6198722 29.8827927 35.047696 218 222 230
24.5008635 30.0999376 35.047696 218 222 230
25.3042886 30.5216076 35.047696 218 222 230
25.9834554 31.1232968 35.047696 218 222 230
26.4988931 31.8700374 35.047696 218 222 230
26.8206465 32.7184313 35.047696 218 222 230
26.9300164 33.6191731 35.047696 218 222 230
19.4023707 38.4456886 35.047696 218 222 230
26.9300164 38.4456886 35.047696 218 222 230
26.8206465 39.3464304 35.047696 218 222 230
26.4988931 40.1948243 35.047696 218 222 230
25.9834554 40.9415649 35.047696 218 222 230
25.3042886 41.5432541 35.047696 218 222 230
24.5008635 41.9649241 35.047696 218 222 230
23.6198722 42.182069 35.047696 218 222 230
22.7125148 42.182069 35.047696 218 222 230
21.8315235 41.9649241 35.047696 218 222 230
21.0280984 41.5432541 35.047696 218 222 230
20.3489317 40.9415649 35.047696 218 222 230
19.8334939 40.1948243 35.047696 218 222 230
19.5117405 39.3464304 35.047696 218 222 230
29.8703222 2.11969139 35.047696 218 222 230
30.9144479 2.97103973 35.047696 218 222 230
27.9675619 2.83839267 35.047696 218 222 230
28.0430104 2.57659282 35.047696 218 222 230
28.1766945 2.33918981 35.047696 218 222 230
28.3614348 2.13893334 35.047696 218 222 230
28.5873098 1.98657814 35.047696 218 222 230
28.842189 1.89030643 35.047696 218 222 230
29.1123841 1.85528847 35.047696 218 222 230
29.3833842 1.88340489 35.047696 218 222 230
29.6406355 1.9731457 35.047696 218 222 230
27.725262 4.29842889 35.047696 218 222 230
29.3879134 5.55362321 35.047696 218 222 230
29.1186886 5.64313799 35.047696 218 222 230
28.8358592 5.66555119 35.047696 218 222 230
28.5558958 5.61955755 35.047696 218 222 230
28.2951027 5.50783555 35.047696 218 222 230
28.0686673 5.33689147 35.047696 218 222 230
27.8897764 5.11668042 35.047696 218 222 230
27.7688479 4.86002665 35.047696 218 222 230
27.7129241 4.58187668 35.047696 218 222 230
30.674339 4.94493532 35.047696 218 222 230
30.8977987 4.80672116 35.047696 218 222 230
31.084982 4.62233089 35.047696 218 222 230
31.2265398 4.40097424 35.047696 218 222 230
31.3154017 4.1537073 35.047696 218 222 230
31.3471292 3.89288028 35.047696 218 222 230
31.3201378 3.63152069 35.047696 218 222 230
31.2357755 3.38268264 35.047696 218 222 230
31.098256 3.15879482 35.047696 218 222 230
0.587838171 8.61284785 34.4598578 255 79 163
0.457031872 8.59810952 34.4598578 255 79 163
0.332784748 8.55463357 34.4598578 255 79 163
0.221327066 8.48460007 34.4598578 255 79 163
0.128247782 8.39152078 34.4598578 255 79 163
0.0582142796 8.2800631 34.4598578 255 79 163
0.0147383303 8.15581598 34.4598578 255 79 163
-1.11022302e-16 8.02500968 34.4598578 255 79 163
0.587838171 8.02500968 35.047696 255 79 163
0.457031872 8.02500968 35.0329577 255 79 163
0.332784748 8.02500968 34.9894817 255 79 163
0.221327066 8.02500968 34.9194482 255 79 163
0.128247782 8.02500968 34.826369 255 79 163
0.0582142796 8.02500968 34.7149113 255 79 163
0.0147383303 8.02500968 34.5906641 255 79 163
0.587838171 8.02500968 35.047696 255 79 163
0.587838171 8.15581598 35.0329577 255 79 163
0.587838171 8.2800631 34.9894817 255 79 163
0.587838171 8.39152078 34.9194482 255 79 163
0.587838171 8.48460007 34.826369 255 79 163
0.587838171 8.55463357 34.7149113 255 79 163
0.587838171 8.59810952 34.5906641 255 79 163
0.408422624 8.05342631 35.0189252 255 79 163
0.425985068 8.10747795 35.0189252 255 79 163
0.459390821 8.15345703 35.0189252 255 79 163
0.259226644 8.13178204 34.9354289 255 79 163
0.505369896 8.18686278 35.0189252 255 79 163
0.30830451 8.22810277 34.9354289 255 79 163
0.11812217 8.09940538 34.8053805 255 79 163
0.55942154 8.20442523 35.0189252 255 79 163
0.384745078 8.30454334 34.9354289 255 79 163
0.164101245 8.24091443 34.8053805 255 79 163
0.481065814 8.35362121 34.9354289 255 79 163
0.251558642 8.36128921 34.8053805 255 79 163
0.0561335504 8.19777098 34.6415098 255 79 163
0.371933423 8.4487466 34.8053805 255 79 163
0.135543206 8.35362121 34.6415098 255 79 163
0.513442465 8.49472568 34.8053805 255 79 163
0.259226644 8.47730464 34.6415098 255 79 163
0.415076867 8.5567143 34.6415098 255 79 163
20.1985035 8.61284785 0.587838171 218 222 230
0.587838171 8.61284785 0.587838171 218 222 230
0.587838171 8.61284785 34.4598578 218 222 230
8.92949411 8.61284785 34.4598578 218 222 230
0.587838171 0.587838171 0 255 79 163
46.2947371 0.587838171 -1.11022302e-16 255 79 163
46.2947371 0 0.587838171 255 79 163
46.2947371 0.0147383303 0.457031872 255 79 163
46.2947371 0.0582142796 0.332784748 255 79 163
46.2947371 0.128247782 0.221327066 255 79 163
46.2947371 0.221327066 0.128247782 255 79 163
46.2947371 0.332784748 0.0582142796 255 79 163
46.2947371 0.457031872 0.0147383303 255 79 163
0.587838171 -1.11022302e-16 0.587838171 255 79 163
0.587838171 0.457031872 0.0147383303 255 79 163
0.587838171 0.332784748 0.0582142796 255 79 163
0.587838171 0.221327066 0.128247782 255 79 163
0.587838171 0.128247782 0.221327066 255 79 163
0.587838171 0.0582142796 0.332784748 255 79 163
0.587838171 0.0147383303 0.457031872 255 79 163
0.587838171 0.587838171 35.047696 255 79 163
0.587838171 0.457031872 35.0329577 255 79 163
0.587838171 0.332784748 34.9894817 255 79 163
0.587838171 0.221327066 34.9194482 255 79 163
0.587838171 0.128247782 34.826369 255 79 163
0.587838171 0.0582142796 34.7149113 255 79 163
0.587838171 0.0147383303 34.5906641 255 79 163
0.587838171 -1.11022302e-16 34.4598578 255 79 163
46.2947371 -1.11022302e-16 34.4598578 255 79 163
46.2947371 0.587838171 35.047696 255 79 163
46.2947371 0.457031872 35.0329577 255 79 163
46.2947371 0.332784748 34.9894817 255 79 163
46.2947371 0.221327066 34.9194482 255 79 163
46.2947371 0.128247782 34.826369 255 79 163
46.2947371 0.0582142796 34.7149113 255 79 163
46.2947371 0.0147383303 34.5906641 255 79 163
46.2947371 0 0.587838171 255 79 163
46.4255434 0.0147383303 0.587838171 255 79 163
46.5497905 0.0582142796 0.587838171 255 79 163
46.6612482 0.128247782 0.587838171 255 79 163
46.7543275 0.221327066 0.587838171 255 79 163
46.824361 0.332784748 0.587838171 255 79 163
46.8678369 0.457031872 0.587838171 255 79 163
46.8825753 0.587838171 0.587838171 255 79 163
46.8825753 0.587838171 34.4598578 255 79 163
46.2947371 -1.11022302e-16 34.4598578 255 79 163
46.4255434 0.0147383303 34.4598578 255 79 163
46.5497905 0.0582142796 34.4598578 255 79 163
46.6612482 0.128247782 34.4598578 255 79 163
46.7543275 0.221327066 34.4598578 255 79 163
46.824361 0.332784748 34.4598578 255 79 163
46.8678369 0.457031872 34.4598578 255 79 163
20.1985035 8.02500968 0 255 79 163
20.1985035 8.16847289 0.0177749982 255 79 163
20.1985035 8.29851612 0.0675037202 255 79 163
20.1985035 8.40610968 0.140270856 255 79 163
20.1985035 8.49579149 0.235818006 255 79 163
20.1985035 8.56123547 0.346973856 255 79 163
20.1985035 8.59983506 0.464836135 255 79 163
20.1985035 8.60970621 0.527144825 255 79 163
20.1985035 8.61284785 0.587838171 255 79 163
0.587838171 8.02500968 -1.11022302e-16 255 79 163
0.587838171 8.15581598 0.0147383303 255 79 163
0.587838171 8.2800631 0.0582142796 255 79 163
0.587838171 8.39152078 0.128247782 255 79 163
0.587838171 8.48460007 0.221327066 255 79 163
0.587838171 8.55463357 0.332784748 255 79 163
0.587838171 8.59810952 0.457031872 255 79 163
0.587838171 8.61284785 0.587838171 255 79 163
20.1985035 8.02500968 0 255 79 163
20.1985035 8.16847289 0.0177749982 255 79 163
20.1985035 8.29851612 0.0675037202 255 79 163
20.1985035 8.40610968 0.140270856 255 79 163
20.1985035 8.49579149 0.235818006 255 79 163
20.1985035 8.56123547 0.346973856 255 79 163
20.1985035 8.59983506 0.464836135 255 79 163
20.1985035 8.60970621 0.527144825 255 79 163
20.1985035 8.61284785 0.587838171 255 79 163
20.351967 8.62795351 0.545995834 255 79 163
20.5023 8.67449438 0.504836443 255 79 163
20.6436424 8.75554646 0.466060128 255 79 163
20.7540757 8.86023326 0.435948062 255 79 163
20.8233641 8.96624875 0.417272754 255 79 163
20.8639666 9.07466495 0.406450683 255 79 163
20.8757795 9.13712375 0.403321567 255 79 163
20.8797585 9.20068602 0.402268519 255 79 163
21.4375376 9.20068602 0 255 79 163
21.3203809 9.20068602 0.0117930171 255 79 163
21.2030496 9.20068602 0.04879356 255 79 163
21.0936854 9.20068602 0.111058012 255 79 163
21.0000805 9.20068602 0.19517424 255 79 163
20.9279327 9.20068602 0.294825427 255 79 163
20.5037246 8.06158589 -6.39310775e-17 255 79 163
20.7932747 8.17051169 -9.4760691e-19 255 79 163
21.0265727 8.32808214 -2.96474777e-17 255 79 163
21.2027709 8.51433823 -2.10412265e-19 255 79 163
21.3359833 8.73648746 -2.35910357e-17 255 79 163
21.4116368 8.96267986 -2.85927983e-17 255 79 163
20.3493656 8.44223451 0.161213634 255 79 163
20.6494034 8.52586182 0.140493455 255 79 163
20.911264 8.7244383 0.122993568 255 79 163
21.0717708 9.02698466 0.112477561 255 79 163
21.4375376 9.20068602 0 255 79 163
21.3203809 9.20068602 0.0117930171 255 79 163
21.2030496 9.20068602 0.04879356 255 79 163
21.0936854 9.20068602 0.111058012 255 79 163
21.0000805 9.20068602 0.19517424 255 79 163
20.9279327 9.20068602 0.294825427 255 79 163
20.8797585 9.20068602 0.402268519 255 79 163
20.8797585 52.7832903 0.402268519 255 79 163
21.4375376 52.7832903 -3.55271368e-15 255 79 163
21.2921473 52.7832903 0.0182634576 255 79 163
21.1557911 52.7832903 0.071918981 255 79 163
21.0369421 52.7832903 0.157632539 255 79 163
20.9429851 52.7832903 0.270078088 255 79 163
21.4375376 53.3711285 0.587838171 255 79 163
21.4375376 53.3563901 0.457031872 255 79 163
21.4375376 53.3129142 0.332784748 255 79 163
21.4375376 53.2428807 0.221327066 255 79 163
21.4375376 53.1498014 0.128247782 255 79 163
21.4375376 53.0383437 0.0582142796 255 79 163
21.4375376 52.9140966 0.0147383303 255 79 163
21.4375376 52.7832903 -3.55271368e-15 255 79 163
46.2947371 53.3711285 0.587838171 255 79 163
46.2947371 53.3563901 0.457031872 255 79 163
46.2947371 53.3129142 0.332784748 255 79 163
46.2947371 53.2428807 0.221327066 255 79 163
46.2947371 53.1498014 0.128247782 255 79 163
46.2947371 53.0383437 0.0582142796 255 79 163
46.2947371 52.9140966 0.0147383303 255 79 163
46.2947371 52.7832903 -1.11022302e-16 255 79 163
46.8825753 52.7832903 0.587838171 255 79 163
46.8678369 52.7832903 0.457031872 255 79 163
46.824361 52.7832903 0.332784748 255 79 163
46.7543275 52.7832903 0.221327066 255 79 163
46.6612482 52.7832903 0.128247782 255 79 163
46.5497905 52.7832903 0.0582142796 255 79 163
46.4255434 52.7832903 0.0147383303 255 79 163
46.2947371 52.7832903 -1.11022302e-16 255 79 163
46.8825753 0.587838171 0.587838171 255 79 163
46.8678369 0.587838171 0.457031872 255 79 163
46.824361 0.587838171 0.332784748 255 79 163
46.7543275 0.587838171 0.221327066 255 79 163
46.6612482 0.587838171 0.128247782 255 79 163
46.5497905 0.587838171 0.0582142796 255 79 163
46.4255434 0.587838171 0.0147383303 255 79 163
46.2947371 0.587838171 -1.11022302e-16 255 79 163
19.4023707 33.6191731 35.047696 255 79 163
19.533177 33.6191731 35.0329577 255 79 163
19.6574241 33.6191731 34.9894817 255 79 163
19.7688818 33.6191731 34.9194482 255 79 163
19.8619611 33.6191731 34.826369 255 79 163
19.9319946 33.6191731 34.7149113 255 79 163
19.9754705 33.6191731 34.5906641 255 79 163
19.9902088 33.6191731 34.4598578 255 79 163
19.5117405 32.7184313 35.047696 255 79 163
19.8334939 31.8700374 35.047696 255 79 163
20.3489317 31.1232968 35.047696 255 79 163
21.0280984 30.5216076 35.047696 255 79 163
21.8315235 30.0999376 35.047696 255 79 163
22.7125148 29.8827927 35.047696 255 79 163
23.6198722 29.8827927 35.047696 255 79 163
24.5008635 30.0999376 35.047696 255 79 163
25.3042886 30.5216076 35.047696 255 79 163
25.9834554 31.1232968 35.047696 255 79 163
26.4988931 31.8700374 35.047696 255 79 163
26.8206465 32.7184313 35.047696 255 79 163
26.9300164 33.6191731 35.047696 255 79 163
26.7992101 33.6191731 35.0329577 255 79 163
26.6749629 33.6191731 34.9894817 255 79 163
26.5635053 33.6191731 34.9194482 255 79 163
26.470426 33.6191731 34.826369 255 79 163
26.4003925 33.6191731 34.7149113 255 79 163
26.3569165 33.6191731 34.5906641 255 79 163
26.3421782 33.6191731 34.4598578 255 79 163
20.0824972 32.8591102 34.4598578 255 79 163
20.3539987 32.1432194 34.4598578 255 79 163
20.7889348 31.5131057 34.4598578 255 79 163
21.3620286 31.0053889 34.4598578 255 79 163
22.0399738 30.6495758 34.4598578 255 79 163
22.7833709 30.4663449 34.4598578 255 79 163
23.5490162 30.4663449 34.4598578 255 79 163
24.2924132 30.6495758 34.4598578 255 79 163
24.9703584 31.0053889 34.4598578 255 79 163
25.5434522 31.5131057 34.4598578 255 79 163
25.9783883 32.1432194 34.4598578 255 79 163
26.2498898 32.8591102 34.4598578 255 79 163
19.6387458 32.7497353 35.0329577 255 79 163
19.7593825 32.7794696 34.9894817 255 79 163
19.8676015 32.8061431 34.9194482 255 79 163
19.957976 32.8284185 34.826369 255 79 163
20.0259745 32.8451786 34.7149113 255 79 163
20.0681871 32.8555831 34.5906641 255 79 163
19.9493171 31.9308261 35.0329577 255 79 163
20.0593325 31.9885666 34.9894817 255 79 163
20.1580234 32.0403636 34.9194482 255 79 163
20.240441 32.0836197 34.826369 255 79 163
20.3024526 32.1161659 34.7149113 255 79 163
20.3409486 32.1363701 34.5906641 255 79 163
20.4468416 31.2100375 35.0329577 255 79 163
20.5398419 31.2924285 34.9894817 255 79 163
20.6232692 31.3663387 34.9194482 255 79 163
20.69294 31.4280616 34.826369 255 79 163
20.7453608 31.4745024 34.7149113 255 79 163
20.777903 31.5033323 34.5906641 255 79 163
21.1024049 30.629259 35.0329577 255 79 163
21.1729853 30.7315124 34.9894817 255 79 163
21.2363005 30.8232403 34.9194482 255 79 163
21.2891755 30.899843 34.826369 255 79 163
21.3289591 30.9574795 34.7149113 255 79 163
21.3536563 30.9932595 34.5906641 255 79 163
21.8779081 30.2222436 35.0329577 255 79 163
21.9219667 30.3384166 34.9894817 255 79 163
21.9614902 30.4426314 34.9194482 255 79 163
21.9944965 30.529662 34.826369 255 79 163
22.0193308 30.5951445 34.7149113 255 79 163
22.0347475 30.6357952 34.5906641 255 79 163
22.7282818 30.0126453 35.0329577 255 79 163
22.7432581 30.1359865 34.9894817 255 79 163
22.7566928 30.2466315 34.9194482 255 79 163
22.7679123 30.3390322 34.826369 255 79 163
22.7763539 30.408555 34.7149113 255 79 163
22.7815944 30.451714 34.5906641 255 79 163
23.6041053 30.0126453 35.0329577 255 79 163
23.5891289 30.1359865 34.9894817 255 79 163
23.5756942 30.2466315 34.9194482 255 79 163
23.5644747 30.3390322 34.826369 255 79 163
23.5560331 30.408555 34.7149113 255 79 163
23.5507927 30.451714 34.5906641 255 79 163
24.4544789 30.2222436 35.0329577 255 79 163
24.4104203 30.3384166 34.9894817 255 79 163
24.3708969 30.4426314 34.9194482 255 79 163
24.3378905 30.529662 34.826369 255 79 163
24.3130563 30.5951445 34.7149113 255 79 163
24.2976395 30.6357952 34.5906641 255 79 163
25.2299821 30.629259 35.0329577 255 79 163
25.1594017 30.7315124 34.9894817 255 79 163
25.0960865 30.8232403 34.9194482 255 79 163
25.0432115 30.899843 34.826369 255 79 163
25.0034279 30.9574795 34.7149113 255 79 163
24.9787308 30.9932595 34.5906641 255 79 163
25.8855454 31.2100375 35.0329577 255 79 163
25.7925451 31.2924285 34.9894817 255 79 163
25.7091179 31.3663387 34.9194482 255 79 163
25.639447 31.4280616 34.826369 255 79 163
25.5870262 31.4745024 34.7149113 255 79 163
25.554484 31.5033323 34.5906641 255 79 163
26.3830699 31.9308261 35.0329577 255 79 163
26.2730545 31.9885666 34.9894817 255 79 163
26.1743637 32.0403636 34.9194482 255 79 163
26.0919461 32.0836197 34.826369 255 79 163
26.0299345 32.1161659 34.7149113 255 79 163
25.9914384 32.1363701 34.5906641 255 79 163
26.6936412 32.7497353 35.0329577 255 79 163
26.5730045 32.7794696 34.9894817 255 79 163
26.4647856 32.8061431 34.9194482 255 79 163
26.374411 32.8284185 34.826369 255 79 163
26.3064125 32.8451786 34.7149113 255 79 163
26.2641999 32.8555831 34.5906641 255 79 163
19.4023707 38.4456886 35.047696 255 79 163
19.4023707 33.6191731 35.047696 255 79 163
19.533177 33.6191731 35.0329577 255 79 163
19.6574241 33.6191731 34.9894817 255 79 163
19.7688818 33.6191731 34.9194482 255 79 163
19.8619611 33.6191731 34.826369 255 79 163
19.9319946 33.6191731 34.7149113 255 79 163
19.9754705 33.6191731 34.5906641 255 79 163
19.9902088 33.6191731 34.4598578 255 79 163
19.9902088 38.4456886 34.4598578 255 79 163
19.533177 38.4456886 35.0329577 255 79 163
19.6574241 38.4456886 34.9894817 255 79 163
19.7688818 38.4456886 34.9194482 255 79 163
19.8619611 38.4456886 34.826369 255 79 163
19.9319946 38.4456886 34.7149113 255 79 163
19.9754705 38.4456886 34.5906641 255 79 163
26.9300164 33.6191731 35.047696 255 79 163
26.9300164 38.4456886 35.047696 255 79 163
26.7992101 38.4456886 35.0329577 255 79 163
26.6749629 38.4456886 34.9894817 255 79 163
26.5635053 38.4456886 34.9194482 255 79 163
26.470426 38.4456886 34.826369 255 79 163
26.4003925 38.4456886 34.7149113 255 79 163
26.3569165 38.4456886 34.5906641 255 79 163
26.3421782 38.4456886 34.4598578 255 79 163
26.3421782 33.6191731 34.4598578 255 79 163
26.7992101 33.6191731 35.0329577 255 79 163
26.6749629 33.6191731 34.9894817 255 79 163
26.5635053 33.6191731 34.9194482 255 79 163
26.470426 33.6191731 34.826369 255 79 163
26.4003925 33.6191731 34.7149113 255 79 163
26.3569165 33.6191731 34.5906641 255 79 163
26.9300164 38.4456886 35.047696 255 79 163
26.7992101 38.4456886 35.0329577 255 79 163
26.6749629 38.4456886 34.9894817 255 79 163
26.5635053 38.4456886 34.9194482 255 79 163
26.470426 38.4456886 34.826369 255 79 163
26.4003925 38.4456886 34.7149113 255 79 163
26.3569165 38.4456886 34.5906641 255 79 163
26.3421782 38.4456886 34.4598578 255 79 163
26.8206465 39.3464304 35.047696 255 79 163
26.4988931 40.1948243 35.047696 255 79 163
25.9834554 40.9415649 35.047696 255 79 163
25.3042886 41.5432541 35.047696 255 79 163
24.5008635 41.9649241 35.047696 255 79 163
23.6198722 42.182069 35.047696 255 79 163
22.7125148 42.182069 35.047696 255 79 163
21.8315235 41.9649241 35.047696 255 79 163
21.0280984 41.5432541 35.047696 255 79 163
20.3489317 40.9415649 35.047696 255 79 163
19.8334939 40.1948243 35.047696 255 79 163
19.5117405 39.3464304 35.047696 255 79 163
19.4023707 38.4456886 35.047696 255 79 163
19.533177 38.4456886 35.0329577 255 79 163
19.6574241 38.4456886 34.9894817 255 79 163
19.7688818 38.4456886 34.9194482 255 79 163
19.8619611 38.4456886 34.826369 255 79 163
19.9319946 38.4456886 34.7149113 255 79 163
19.9754705 38.4456886 34.5906641 255 79 163
19.9902088 38.4456886 34.4598578 255 79 163
26.2498898 39.2057515 34.4598578 255 79 163
25.9783883 39.9216423 34.4598578 255 79 163
25.5434522 40.551756 34.4598578 255 79 163
24.9703584 41.0594728 34.4598578 255 79 163
24.2924132 41.4152859 34.4598578 255 79 163
23.5490162 41.5985168 34.4598578 255 79 163
22.7833709 41.5985168 34.4598578 255 79 163
22.0399738 41.4152859 34.4598578 255 79 163
21.3620286 41.0594728 34.4598578 255 79 163
20.7889348 40.551756 34.4598578 255 79 163
20.3539987 39.9216423 34.4598578 255 79 163
20.0824972 39.2057515 34.4598578 255 79 163
26.6936412 39.3151264 35.0329577 255 79 163
26.5730045 39.2853921 34.9894817 255 79 163
26.4647856 39.2587186 34.9194482 255 79 163
26.374411 39.2364432 34.826369 255 79 163
26.3064125 39.2196831 34.7149113 255 79 163
26.2641999 39.2092786 34.5906641 255 79 163
26.3830699 40.1340356 35.0329577 255 79 163
26.2730545 40.0762951 34.9894817 255 79 163
26.1743637 40.0244981 34.9194482 255 79 163
26.0919461 39.981242 34.826369 255 79 163
26.0299345 39.9486958 34.7149113 255 79 163
25.9914384 39.9284916 34.5906641 255 79 163
25.8855454 40.8548242 35.0329577 255 79 163
25.7925451 40.7724332 34.9894817 255 79 163
25.7091179 40.698523 34.9194482 255 79 163
25.639447 40.6368001 34.826369 255 79 163
25.5870262 40.5903593 34.7149113 255 79 163
25.554484 40.5615294 34.5906641 255 79 163
25.2299821 41.4356026 35.0329577 255 79 163
25.1594017 41.3333493 34.9894817 255 79 163
25.0960865 41.2416214 34.9194482 255 79 163
25.0432115 41.1650186 34.826369 255 79 163
25.0034279 41.1073822 34.7149113 255 79 163
24.9787308 41.0716022 34.5906641 255 79 163
24.4544789 41.8426181 35.0329577 255 79 163
24.4104203 41.726445 34.9894817 255 79 163
24.3708969 41.6222303 34.9194482 255 79 163
24.3378905 41.5351997 34.826369 255 79 163
24.3130563 41.4697172 34.7149113 255 79 163
24.2976395 41.4290665 34.5906641 255 79 163
23.6041053 42.0522164 35.0329577 255 79 163
23.5891289 41.9288752 34.9894817 255 79 163
23.5756942 41.8182302 34.9194482 255 79 163
23.5644747 41.7258295 34.826369 255 79 163
23.5560331 41.6563066 34.7149113 255 79 163
23.5507927 41.6131477 34.5906641 255 79 163
22.7282818 42.0522164 35.0329577 255 79 163
22.7432581 41.9288752 34.9894817 255 79 163
22.7566928 41.8182302 34.9194482 255 79 163
22.7679123 41.7258295 34.826369 255 79 163
22.7763539 41.6563066 34.7149113 255 79 163
22.7815944 41.6131477 34.5906641 255 79 163
21.8779081 41.8426181 35.0329577 255 79 163
21.9219667 41.726445 34.9894817 255 79 163
21.9614902 41.6222303 34.9194482 255 79 163
21.9944965 41.5351997 34.826369 255 79 163
22.0193308 41.4697172 34.7149113 255 79 163
22.0347475 41.4290665 34.5906641 255 79 163
21.1024049 41.4356026 35.0329577 255 79 163
21.1729853 41.3333493 34.9894817 255 79 163
21.2363005 41.2416214 34.9194482 255 79 163
21.2891755 41.1650186 34.826369 255 79 163
21.3289591 41.1073822 34.7149113 255 79 163
21.3536563 41.0716022 34.5906641 255 79 163
20.4468416 40.8548242 35.0329577 255 79 163
20.5398419 40.7724332 34.9894817 255 79 163
20.6232692 40.698523 34.9194482 255 79 163
20.69294 40.6368001 34.826369 255 79 163
20.7453608 40.5903593 34.7149113 255 79 163
20.777903 40.5615294 34.5906641 255 79 163
19.9493171 40.1340356 35.0329577 255 79 163
20.0593325 40.0762951 34.9894817 255 79 163
20.1580234 40.0244981 34.9194482 255 79 163
20.240441 39.981242 34.826369 255 79 163
20.3024526 39.9486958 34.7149113 255 79 163
20.3409486 39.9284916 34.5906641 255 79 163
19.6387458 39.3151264 35.0329577 255 79 163
19.7593825 39.2853921 34.9894817 255 79 163
19.8676015 39.2587186 34.9194482 255 79 163
19.957976 39.2364432 34.826369 255 79 163
20.0259745 39.2196831 34.7149113 255 79 163
20.0681871 39.2092786 34.5906641 255 79 163
29.8703222 2.11969139 35.047696 255 79 163
30.9144479 2.97103973 35.047696 255 79 163
30.8317873 3.0724178 35.0329577 255 79 163
30.7532717 3.16871236 34.9894817 255 79 163
30.6828381 3.25509478 34.9194482 255 79 163
30.6240184 3.32723349 34.826369 255 79 163
30.579762 3.38151117 34.7149113 255 79 163
30.5522882 3.41520609 34.5906641 255 79 163
30.5429746 3.42662865 34.4598578 255 79 163
29.4988489 2.57528031 34.4598578 255 79 163
29.7876616 2.22106946 35.0329577 255 79 163
29.709146 2.31736401 34.9894817 255 79 163
29.6387124 2.40374644 34.9194482 255 79 163
29.5798927 2.47588515 34.826369 255 79 163
29.5356363 2.53016282 34.7149113 255 79 163
29.5081625 2.56385774 34.5906641 255 79 163
27.9675619 2.83839267 35.047696 255 79 163
28.0966033 2.8598077 35.0329577 255 79 163
28.219174 2.88014889 34.9894817 255 79 163
28.3291279 2.89839625 34.9194482 255 79 163
28.4209513 2.91363479 34.826369 255 79 163
28.4900399 2.92510036 34.7149113 255 79 163
28.5329293 2.93221805 34.5906641 255 79 163
28.5474687 2.93463095 34.4598578 255 79 163
28.0430104 2.57659282 35.047696 255 79 163
28.1766945 2.33918981 35.047696 255 79 163
28.3614348 2.13893334 35.047696 255 79 163
28.5873098 1.98657814 35.047696 255 79 163
28.842189 1.89030643 35.047696 255 79 163
29.1123841 1.85528847 35.047696 255 79 163
29.3833842 1.88340489 35.047696 255 79 163
29.6406355 1.9731457 35.047696 255 79 163
29.8703222 2.11969139 35.047696 255 79 163
29.7876616 2.22106946 35.0329577 255 79 163
29.709146 2.31736401 34.9894817 255 79 163
29.6387124 2.40374644 34.9194482 255 79 163
29.5798927 2.47588515 34.826369 255 79 163
29.5356363 2.53016282 34.7149113 255 79 163
29.5081625 2.56385774 34.5906641 255 79 163
29.4988489 2.57528031 34.4598578 255 79 163
28.585193 2.80373102 34.4598578 255 79 163
28.652035 2.68502952 34.4598578 255 79 163
28.7444052 2.58490128 34.4598578 255 79 163
28.8573427 2.50872368 34.4598578 255 79 163
28.9847823 2.46058783 34.4598578 255 79 163
29.1198798 2.44307885 34.4598578 255 79 163
29.2553799 2.45713706 34.4598578 255 79 163
29.3840055 2.50200747 34.4598578 255 79 163
28.1636573 2.62713582 35.0329577 255 79 163
28.2782546 2.67514439 34.9894817 255 79 163
28.2824677 2.41614638 35.0329577 255 79 163
28.3810557 2.71821117 34.9194482 255 79 163
28.382937 2.48924404 34.9894817 255 79 163
28.4466537 2.23817054 35.0329577 255 79 163
28.4669058 2.75417662 34.826369 255 79 163
28.4730645 2.55481734 34.9194482 255 79 163
28.5275994 2.33243158 34.9894817 255 79 163
28.5315 2.78123727 34.7149113 255 79 163
28.6473978 2.10276645 35.0329577 255 79 163
28.5483307 2.60957818 34.826369 255 79 163
28.6002129 2.4169898 34.9194482 255 79 163
28.5715993 2.79803619 34.5906641 255 79 163
28.7044727 2.2131286 34.9894817 255 79 163
28.6049615 2.65078062 34.7149113 255 79 163
28.873919 2.01720598 35.0329577 255 79 163
28.6608531 2.48760512 34.826369 255 79 163
28.7556725 2.31213056 34.9194482 255 79 163
28.6401172 2.6763586 34.5906641 255 79 163
28.9040579 2.13774226 34.9894817 255 79 163
28.7064792 2.54073657 34.7149113 255 79 163
29.114052 1.98608414 35.0329577 255 79 163
28.79843 2.39480797 34.826369 255 79 163
28.9310944 2.24587107 34.9194482 255 79 163
28.7348033 2.57371994 34.5906641 255 79 163
29.1156363 2.11032116 34.9894817 255 79 163
28.830601 2.45701502 34.7149113 255 79 163
29.3549006 2.01107231 35.0329577 255 79 163
28.9536729 2.33617038 34.826369 255 79 163
29.1170576 2.22176978 34.9194482 255 79 163
28.8505724 2.49563241 34.5906641 255 79 163
29.3278452 2.13233795 34.9894817 255 79 163
28.9706611 2.40411222 34.7149113 255 79 163
29.58353 2.09082852 35.0329577 255 79 163
29.1182445 2.3148415 34.826369 255 79 163
29.3035748 2.24112105 34.9194482 255 79 163
28.9812071 2.44628969 34.5906641 255 79 163
29.5292879 2.20261022 34.9894817 255 79 163
29.1191375 2.3848693 34.7149113 255 79 163
29.2833064 2.33196676 34.826369 255 79 163
29.4806293 2.30288562 34.9194482 255 79 163
29.1196919 2.42834172 34.5906641 255 79 163
29.2680563 2.40031971 34.7149113 255 79 163
29.4399941 2.38662648 34.826369 255 79 163
29.2585892 2.4427524 34.5906641 255 79 163
29.4094199 2.44963369 34.7149113 255 79 163
29.3904398 2.4887478 34.5906641 255 79 163
30.4229201 4.41357645 34.4598578 255 79 163
30.53465 4.34446937 34.4598578 255 79 163
30.6282416 4.25227423 34.4598578 255 79 163
30.6990205 4.14159591 34.4598578 255 79 163
30.7434514 4.01796244 34.4598578 255 79 163
30.7593152 3.88754893 34.4598578 255 79 163
30.7458195 3.75686913 34.4598578 255 79 163
30.7036384 3.63245011 34.4598578 255 79 163
30.6348786 3.52050619 34.4598578 255 79 163
30.5429746 3.42662865 34.4598578 255 79 163
30.9144479 2.97103973 35.047696 255 79 163
30.8317873 3.0724178 35.0329577 255 79 163
30.7532717 3.16871236 34.9894817 255 79 163
30.6828381 3.25509478 34.9194482 255 79 163
30.6240184 3.32723349 34.826369 255 79 163
30.579762 3.38151117 34.7149113 255 79 163
30.5522882 3.41520609 34.5906641 255 79 163
30.674339 4.94493532 35.047696 255 79 163
30.8977987 4.80672116 35.047696 255 79 163
31.084982 4.62233089 35.047696 255 79 163
31.2265398 4.40097424 35.047696 255 79 163
31.3154017 4.1537073 35.047696 255 79 163
31.3471292 3.89288028 35.047696 255 79 163
31.3201378 3.63152069 35.047696 255 79 163
31.2357755 3.38268264 35.047696 255 79 163
31.098256 3.15879482 35.047696 255 79 163
30.6183931 4.82669685 35.0329577 255 79 163
30.5652525 4.71438735 34.9894817 255 79 163
30.5175819 4.61363848 34.9194482 255 79 163
30.4777718 4.52950223 34.826369 255 79 163
30.4478184 4.46619752 34.7149113 255 79 163
30.4292237 4.42689872 34.5906641 255 79 163
30.9951448 3.23928317 35.0329577 255 79 163
30.8972041 3.3157355 34.9894817 255 79 163
31.1173638 3.43826113 35.0329577 255 79 163
30.8093449 3.38431817 34.9194482 255 79 163
31.0048898 3.49105268 34.9894817 255 79 163
31.1923399 3.65941334 35.0329577 255 79 163
30.735973 3.44159216 34.826369 255 79 163
30.9039934 3.53841011 34.9194482 255 79 163
31.0709504 3.68590734 34.9894817 255 79 163
30.6807674 3.48468551 34.7149113 255 79 163
31.2163283 3.89169394 35.0329577 255 79 163
30.8197339 3.57795871 34.826369 255 79 163
30.9620562 3.70967417 34.9194482 255 79 163
30.6464964 3.51143734 34.5906641 255 79 163
31.0920863 3.89056709 34.9894817 255 79 163
30.7563365 3.60771535 34.7149113 255 79 163
31.1881308 4.12350123 35.0329577 255 79 163
30.8711177 3.72952205 34.826369 255 79 163
30.9806332 3.88955624 34.9194482 255 79 163
30.7169802 3.62618791 34.5906641 255 79 163
31.0672418 4.09480981 34.9894817 255 79 163
30.8026949 3.74445573 34.7149113 255 79 163
31.1091557 4.34325713 35.0329577 255 79 163
30.8875577 3.88871206 34.826369 255 79 163
30.9587965 4.06907176 34.9194482 255 79 163
30.7602189 3.75372638 34.5906641 255 79 163
30.9976578 4.2884342 34.9894817 255 79 163
30.8175271 3.8880769 34.7149113 255 79 163
30.9833477 4.53998554 35.0329577 255 79 163
30.868233 4.04757769 34.826369 255 79 163
30.8976369 4.2392545 34.9194482 255 79 163
30.7740529 3.88768259 34.5906641 255 79 163
30.8868098 4.46176932 34.9894817 255 79 163
30.8000923 4.0314054 34.7149113 255 79 163
30.8169905 4.70386046 35.0329577 255 79 163
30.8141086 4.19818409 34.826369 255 79 163
30.800209 4.39160434 34.9194482 255 79 163
30.7577914 4.02136584 34.5906641 255 79 163
30.7402343 4.60615762 34.9894817 255 79 163
30.7512613 4.16728244 34.7149113 255 79 163
30.727888 4.33300894 34.826369 255 79 163
30.6713792 4.51851188 34.9194482 255 79 163
30.7122465 4.14809906 34.5906641 255 79 163
30.6734731 4.28892136 34.7149113 255 79 163
30.6138776 4.44531815 34.826369 255 79 163
30.6396931 4.26155232 34.5906641 255 79 163
30.570613 4.39024668 34.7149113 255 79 163
30.5437548 4.35605898 34.5906641 255 79 163
27.725262 4.29842889 35.047696 255 79 163
27.9675619 2.83839267 35.047696 255 79 163
28.0966033 2.8598077 35.0329577 255 79 163
28.219174 2.88014889 34.9894817 255 79 163
28.3291279 2.89839625 34.9194482 255 79 163
28.4209513 2.91363479 34.826369 255 79 163
28.4900399 2.92510036 34.7149113 255 79 163
28.5329293 2.93221805 34.5906641 255 79 163
28.5474687 2.93463095 34.4598578 255 79 163
28.3051688 4.39466717 34.4598578 255 79 163
27.8543034 4.31984392 35.0329577 255 79 163
27.9768741 4.34018512 34.9894817 255 79 163
28.086828 4.35843248 34.9194482 255 79 163
28.1786514 4.37367101 34.826369 255 79 163
28.24774 4.38513659 34.7149113 255 79 163
28.2906293 4.39225428 34.5906641 255 79 163
30.674339 4.94493532 35.047696 255 79 163
29.3879134 5.55362321 35.047696 255 79 163
29.3319674 5.43538473 35.0329577 255 79 163
29.2788268 5.32307523 34.9894817 255 79 163
29.2311563 5.22232637 34.9194482 255 79 163
29.1913462 5.13819011 34.826369 255 79 163
29.1613928 5.0748854 34.7149113 255 79 163
29.1427981 5.03558661 34.5906641 255 79 163
29.1364945 5.02226433 34.4598578 255 79 163
30.4229201 4.41357645 34.4598578 255 79 163
30.6183931 4.82669685 35.0329577 255 79 163
30.5652525 4.71438735 34.9894817 255 79 163
30.5175819 4.61363848 34.9194482 255 79 163
30.4777718 4.52950223 34.826369 255 79 163
30.4478184 4.46619752 34.7149113 255 79 163
30.4292237 4.42689872 34.5906641 255 79 163
29.3879134 5.55362321 35.047696 255 79 163
29.3319674 5.43538473 35.0329577 255 79 163
29.2788268 5.32307523 34.9894817 255 79 163
29.2311563 5.22232637 34.9194482 255 79 163
29.1913462 5.13819011 34.826369 255 79 163
29.1613928 5.0748854 34.7149113 255 79 163
29.1427981 5.03558661 34.5906641 255 79 163
29.1364945 5.02226433 34.4598578 255 79 163
29.1186886 5.64313799 35.047696 255 79 163
28.8358592 5.66555119 35.047696 255 79 163
28.5558958 5.61955755 35.047696 255 79 163
28.2951027 5.50783555 35.047696 255 79 163
28.0686673 5.33689147 35.047696 255 79 163
27.8897764 5.11668042 35.047696 255 79 163
27.7688479 4.86002665 35.047696 255 79 163
27.7129241 4.58187668 35.047696 255 79 163
27.725262 4.29842889 35.047696 255 79 163
27.8543034 4.31984392 35.0329577 255 79 163
27.9768741 4.34018512 34.9894817 255 79 163
28.086828 4.35843248 34.9194482 255 79 163
28.1786514 4.37367101 34.826369 255 79 163
28.24774 4.38513659 34.7149113 255 79 163
28.2906293 4.39225428 34.5906641 255 79 163
28.3051688 4.39466717 34.4598578 255 79 163
29.0018821 5.06702172 34.4598578 255 79 163
28.8604674 5.07822832 34.4598578 255 79 163
28.7204857 5.0552315 34.4598578 255 79 163
28.5900892 4.9993705 34.4598578 255 79 163
28.4768715 4.91389846 34.4598578 255 79 163
28.387426 4.80379294 34.4598578 255 79 163
28.3269617 4.67546605 34.4598578 255 79 163
28.2989999 4.53639107 34.4598578 255 79 163
29.0926967 5.51494006 35.0329577 255 79 163
29.0680082 5.39317051 34.9894817 255 79 163
28.841335 5.53485956 35.0329577 255 79 163
29.045861 5.28393537 34.9194482 255 79 163
28.8465363 5.41072135 34.9894817 255 79 163
29.0273656 5.19271215 34.826369 255 79 163
28.5925205 5.49398319 35.0329577 255 79 163
28.8512021 5.29936137 34.9194482 255 79 163
29.0134496 5.12407517 34.7149113 255 79 163
28.6273087 5.37470565 34.9894817 255 79 163
28.8550986 5.20636368 34.826369 255 79 163
28.3607434 5.39469144 35.0329577 255 79 163
29.0048107 5.08146616 34.5906641 255 79 163
28.658516 5.26770601 34.9194482 255 79 163
28.8580304 5.13639157 34.7149113 255 79 163
28.4230925 5.28722084 34.9894817 255 79 163
28.6845774 5.17834968 34.826369 255 79 163
28.1595013 5.24276667 35.0329577 255 79 163
28.8598504 5.09295373 34.5906641 255 79 163
28.4790237 5.19081278 34.9194482 255 79 163
28.7041862 5.11111735 34.7149113 255 79 163
28.2457804 5.15336168 34.9894817 255 79 163
28.5257324 5.11030157 34.826369 255 79 163
28.0005138 5.04705641 35.0329577 255 79 163
28.7163591 5.06938033 34.5906641 255 79 163
28.3231784 5.07315964 34.9194482 255 79 163
28.5608763 5.04972437 34.7149113 255 79 163
28.1056985 4.98092363 34.9894817 255 79 163
28.3878142 5.00618222 34.826369 255 79 163
27.8930399 4.81895805 35.0329577 255 79 163
28.5826932 5.01211878 34.5906641 255 79 163
28.2000558 4.92159827 34.9194482 255 79 163
28.4364465 4.95578794 34.7149113 255 79 163
28.0110044 4.7799488 34.9894817 255 79 163
28.2788545 4.87205514 34.826369 255 79 163
27.8433382 4.57175518 35.0329577 255 79 163
28.4666369 4.92450378 34.5906641 255 79 163
28.1168262 4.744955 34.9194482 255 79 163
28.3381432 4.83477854 34.7149113 255 79 163
27.9672129 4.56214121 34.9894817 255 79 163
28.2051989 4.71573136 34.826369 255 79 163
28.3749489 4.81163768 34.5906641 255 79 163
28.0783364 4.55351686 34.9194482 255 79 163
28.2716911 4.69374329 34.7149113 255 79 163
28.1711366 4.54631459 34.826369 255 79 163
28.3129687 4.68009337 34.5906641 255 79 163
28.2409601 4.54089556 34.7149113 255 79 163
28.2843057 4.53753148 34.5906641 255 79 163
10.1685282 52.7832903 35.047696 255 79 163
10.1685282 9.20068602 35.047696 255 79 163
10.0307989 52.7832903 35.0313334 255 79 163
9.90073705 52.7832903 34.9831566 255 79 163
9.78558321 52.7832903 34.9058476 255 79 163
9.69174806 52.7832903 34.8037101 255 79 163
9.62445541 52.7832903 34.6824303 255 79 163
9.58745149 52.7832903 34.5487598 255 79 163
9.58279631 52.7832903 34.4101401 255 79 163
9.61074903 52.7832903 34.2742882 255 79 163
9.61074903 9.20068602 34.2742882 255 79 163
10.0339668 9.20068602 35.0320876 255 79 163
9.90887371 9.20068602 34.9872413 255 79 163
9.80206515 9.20068602 34.9194865 255 79 163
9.70980617 9.20068602 34.8274552 255 79 163
9.63976751 9.20068602 34.716696 255 79 163
9.59657435 9.20068602 34.5955873 255 79 163
9.58084454 9.20068602 34.4733343 255 79 163
9.58775413 9.20068602 34.3689999 255 79 163
10.1685282 52.7832903 35.047696 255 79 163
40.8021517 52.7832903 35.047696 255 79 163
40.8021517 53.3711285 34.4598578 255 79 163
40.8021517 53.3563901 34.5906641 255 79 163
40.8021517 53.3129142 34.7149113 255 79 163
40.8021517 53.2428807 34.826369 255 79 163
40.8021517 53.1498014 34.9194482 255 79 163
40.8021517 53.0383437 34.9894817 255 79 163
40.8021517 52.9140966 35.0329577 255 79 163
10.1685282 53.3711285 34.4598578 255 79 163
10.1685282 53.3563901 34.5906641 255 79 163
10.1685282 53.3129142 34.7149113 255 79 163
10.1685282 53.2428807 34.826369 255 79 163
10.1685282 53.1498014 34.9194482 255 79 163
10.1685282 53.0383437 34.9894817 255 79 163
10.1685282 52.9140966 35.0329577 255 79 163
10.1685282 9.20068602 35.047696 255 79 163
10.0339668 9.20068602 35.0320876 255 79 163
9.90887371 9.20068602 34.9872413 255 79 163
9.80206515 9.20068602 34.9194865 255 79 163
9.70980617 9.20068602 34.8274552 255 79 163
9.63976751 9.20068602 34.716696 255 79 163
9.59657435 9.20068602 34.5955873 255 79 163
9.58084454 9.20068602 34.4733343 255 79 163
9.58775413 9.20068602 34.3689999 255 79 163
9.61074903 9.20068602 34.2742882 255 79 163
9.59742524 9.08481867 34.2778159 255 79 163
9.5589147 8.9755284 34.2880719 255 79 163
9.49916966 8.87805851 34.3041489 255 79 163
9.42332178 8.79554512 34.3247664 255 79 163
9.33641965 8.72912939 34.3485538 255 79 163
9.24260395 8.67857095 34.3743006 255 79 163
9.11167545 8.63425082 34.4101685 255 79 163
9.02086199 8.61815791 34.4349601 255 79 163
8.92949411 8.61284785 34.4598578 255 79 163
8.92949411 8.02500968 35.047696 255 79 163
8.92949411 8.16847289 35.029921 255 79 163
8.92949411 8.29851612 34.9801923 255 79 163
8.92949411 8.40610968 34.9074252 255 79 163
8.92949411 8.49579149 34.811878 255 79 163
8.92949411 8.56123547 34.7007222 255 79 163
8.92949411 8.59983506 34.5828599 255 79 163
8.92949411 8.60970621 34.5205512 255 79 163
10.1363774 8.93584281 35.047696 255 79 163
10.0430573 8.68722841 35.047696 255 79 163
9.89683746 8.46826466 35.047696 255 79 163
9.70853542 8.28827871 35.047696 255 79 163
9.48929629 8.1529191 35.047696 255 79 163
9.24945284 8.06526495 35.047696 255 79 163
9.09058577 8.03508706 35.047696 255 79 163
9.67569999 9.05225651 34.8056699 255 79 163
9.55493115 8.7827827 34.8196817 255 79 163
9.34373764 8.58072635 34.8412192 255 79 163
9.07602433 8.46402673 34.8642651 255 79 163
40.8021517 18.6501217 35.047696 255 79 163
40.932958 18.6501217 35.0329577 255 79 163
41.0572051 18.6501217 34.9894817 255 79 163
41.1686628 18.6501217 34.9194482 255 79 163
41.2617421 18.6501217 34.826369 255 79 163
41.3317756 18.6501217 34.7149113 255 79 163
41.3752515 18.6501217 34.5906641 255 79 163
41.3899898 18.6501217 34.4598578 255 79 163
41.3899898 52.7832903 34.4598578 255 79 163
41.3752515 52.7832903 34.5906641 255 79 163
41.3317756 52.7832903 34.7149113 255 79 163
41.2617421 52.7832903 34.826369 255 79 163
41.1686628 52.7832903 34.9194482 255 79 163
41.0572051 52.7832903 34.9894817 255 79 163
40.932958 52.7832903 35.0329577 255 79 163
40.8021517 52.7832903 35.047696 255 79 163
0.587838171 8.02500968 35.047696 255 79 163
8.92949411 8.02500968 35.047696 255 79 163
8.92949411 8.16847289 35.029921 255 79 163
8.92949411 8.29851612 34.9801923 255 79 163
8.92949411 8.40610968 34.9074252 255 79 163
8.92949411 8.49579149 34.811878 255 79 163
8.92949411 8.56123547 34.7007222 255 79 163
8.92949411 8.59983506 34.5828599 255 79 163
8.92949411 8.60970621 34.5205512 255 79 163
8.92949411 8.61284785 34.4598578 255 79 163
0.587838171 8.61284785 34.4598578 255 79 163
0.587838171 8.15581598 35.0329577 255 79 163
0.587838171 8.2800631 34.9894817 255 79 163
0.587838171 8.39152078 34.9194482 255 79 163
0.587838171 8.48460007 34.826369 255 79 163
0.587838171 8.55463357 34.7149113 255 79 163
0.587838171 8.59810952 34.5906641 255 79 163
40.8021517 18.6501217 35.047696 255 79 163
40.932958 18.6501217 35.0329577 255 79 163
41.0572051 18.6501217 34.9894817 255 79 163
41.1686628 18.6501217 34.9194482 255 79 163
41.2617421 18.6501217 34.826369 255 79 163
41.3317756 18.6501217 34.7149113 255 79 163
41.3752515 18.6501217 34.5906641 255 79 163
41.3899898 18.6501217 34.4598578 255 79 163
40.8316283 18.3885091 35.047696 255 79 163
40.9185802 18.1400148 35.047696 255 79 163
41.0586472 17.9170995 35.047696 255 79 163
41.2448058 17.7309409 35.047696 255 79 163
41.4677212 17.5908739 35.047696 255 79 163
41.7162154 17.503922 35.047696 255 79 163
41.977828 17.4744453 35.047696 255 79 163
41.977828 17.6052516 35.0329577 255 79 163
41.977828 17.7294988 34.9894817 255 79 163
41.977828 17.8409564 34.9194482 255 79 163
41.977828 17.9340357 34.826369 255 79 163
41.977828 18.0040692 34.7149113 255 79 163
41.977828 18.0475452 34.5906641 255 79 163
41.977828 18.0622835 34.4598578 255 79 163
41.4047282 18.5193154 34.4598578 255 79 163
41.4482041 18.3950683 34.4598578 255 79 163
41.5182376 18.2836106 34.4598578 255 79 163
41.6113169 18.1905313 34.4598578 255 79 163
41.7227746 18.1204978 34.4598578 255 79 163
41.8470217 18.0770218 34.4598578 255 79 163
40.959155 18.4176162 35.0329577 255 79 163
41.080287 18.4452638 34.9894817 255 79 163
41.0364326 18.1967696 35.0329577 255 79 163
41.1889502 18.4700655 34.9194482 255 79 163
41.1483754 18.2506784 34.9894817 255 79 163
41.1609157 17.9986559 35.0329577 255 79 163
41.2796958 18.4907776 34.826369 255 79 163
41.2487953 18.299038 34.9194482 255 79 163
41.258056 18.0761227 34.9894817 255 79 163
41.3479734 18.5063615 34.7149113 255 79 163
41.3263622 17.8332094 35.0329577 255 79 163
41.3326569 18.3394236 34.826369 255 79 163
41.3451971 18.1456154 34.9194482 255 79 163
41.3903594 18.5160358 34.5906641 255 79 163
41.403829 17.9303497 34.9894817 255 79 163
41.3957549 18.36981 34.7149113 255 79 163
41.5244759 17.7087263 35.0329577 255 79 163
41.4179695 18.2036494 34.826369 255 79 163
41.4733217 18.0174908 34.9194482 255 79 163
41.4349253 18.3886735 34.5906641 255 79 163
41.5783847 17.8206691 34.9894817 255 79 163
41.4727239 18.2473146 34.7149113 255 79 163
41.7453225 17.6314487 35.0329577 255 79 163
41.5313557 18.0902631 34.826369 255 79 163
41.6267444 17.921089 34.9194482 255 79 163
41.5067147 18.2744214 34.5906641 255 79 163
41.7729701 17.7525807 34.9894817 255 79 163
41.5750209 18.1450175 34.7149113 255 79 163
41.66713 18.0049505 34.826369 255 79 163
41.7977718 17.8612439 34.9194482 255 79 163
41.6021277 18.1790084 34.5906641 255 79 163
41.6975164 18.0680485 34.7149113 255 79 163
41.8184839 17.9519895 34.826369 255 79 163
41.7163799 18.107219 34.5906641 255 79 163
41.8340678 18.0202671 34.7149113 255 79 163
41.8437421 18.062653 34.5906641 255 79 163
46.2947371 17.4744453 35.047696 255 79 163
41.977828 17.4744453 35.047696 255 79 163
46.2947371 17.6052516 35.0329577 255 79 163
46.2947371 17.7294988 34.9894817 255 79 163
46.2947371 17.8409564 34.9194482 255 79 163
46.2947371 17.9340357 34.826369 255 79 163
46.2947371 18.0040692 34.7149113 255 79 163
46.2947371 18.0475452 34.5906641 255 79 163
46.2947371 18.0622835 34.4598578 255 79 163
41.977828 18.0622835 34.4598578 255 79 163
41.977828 17.6052516 35.0329577 255 79 163
41.977828 17.7294988 34.9894817 255 79 163
41.977828 17.8409564 34.9194482 255 79 163
41.977828 17.9340357 34.826369 255 79 163
41.977828 18.0040692 34.7149113 255 79 163
41.977828 18.0475452 34.5906641 255 79 163
46.2947371 0.587838171 35.047696 255 79 163
46.4255434 0.587838171 35.0329577 255 79 163
46.5497905 0.587838171 34.9894817 255 79 163
46.6612482 0.587838171 34.9194482 255 79 163
46.7543275 0.587838171 34.826369 255 79 163
46.824361 0.587838171 34.7149113 255 79 163
46.8678369 0.587838171 34.5906641 255 79 163
46.8825753 0.587838171 34.4598578 255 79 163
46.8825753 17.4744453 34.4598578 255 79 163
46.8678369 17.4744453 34.5906641 255 79 163
46.824361 17.4744453 34.7149113 255 79 163
46.7543275 17.4744453 34.826369 255 79 163
46.6612482 17.4744453 34.9194482 255 79 163
46.5497905 17.4744453 34.9894817 255 79 163
46.4255434 17.4744453 35.0329577 255 79 163
46.2947371 17.4744453 35.047696 255 79 163
20.1985035 8.61284785 0.587838171 255 79 163
20.351967 8.62795351 0.545995834 255 79 163
20.5023 8.67449438 0.504836443 255 79 163
20.6436424 8.75554646 0.466060128 255 79 163
20.7540757 8.86023326 0.435948062 255 79 163
20.8233641 8.96624875 0.417272754 255 79 163
20.8639666 9.07466495 0.406450683 255 79 163
20.8757795 9.13712375 0.403321567 255 79 163
20.8797585 9.20068602 0.402268519 255 79 163
9.61074903 9.20068602 34.2742882 255 79 163
9.59742524 9.08481867 34.2778159 255 79 163
9.5589147 8.9755284 34.2880719 255 79 163
9.49916966 8.87805851 34.3041489 255 79 163
9.42332178 8.79554512 34.3247664 255 79 163
9.33641965 8.72912939 34.3485538 255 79 163
9.24260395 8.67857095 34.3743006 255 79 163
9.11167545 8.63425082 34.4101685 255 79 163
9.02086199 8.61815791 34.4349601 255 79 163
8.92949411 8.61284785 34.4598578 255 79 163
46.2947371 0 0.587838171 255 79 163
46.4255434 0.0147383303 0.587838171 255 79 163
46.5497905 0.0582142796 0.587838171 255 79 163
46.6612482 0.128247782 0.587838171 255 79 163
46.7543275 0.221327066 0.587838171 255 79 163
46.824361 0.332784748 0.587838171 255 79 163
46.8678369 0.457031872 0.587838171 255 79 163
46.8825753 0.587838171 0.587838171 255 79 163
46.2947371 0 0.587838171 255 79 163
46.2947371 0.0147383303 0.457031872 255 79 163
46.2947371 0.0582142796 0.332784748 255 79 163
46.2947371 0.128247782 0.221327066 255 79 163
46.2947371 0.221327066 0.128247782 255 79 163
46.2947371 0.332784748 0.0582142796 255 79 163
46.2947371 0.457031872 0.0147383303 255 79 163
46.2947371 0.587838171 -1.11022302e-16 255 79 163
46.8678369 0.587838171 0.457031872 255 79 163
46.824361 0.587838171 0.332784748 255 79 163
46.7543275 0.587838171 0.221327066 255 79 163
46.6612482 0.587838171 0.128247782 255 79 163
46.5497905 0.587838171 0.0582142796 255 79 163
46.4255434 0.587838171 0.0147383303 255 79 163
46.4741526 0.028770848 0.55942154 255 79 163
46.4565902 0.028770848 0.505369896 255 79 163
46.4231844 0.028770848 0.459390821 255 79 163
46.6233486 0.112267101 0.481065814 255 79 163
46.3772054 0.028770848 0.425985068 255 79 163
46.5742708 0.112267101 0.384745078 255 79 163
46.7644531 0.242315564 0.513442465 255 79 163
46.3231537 0.028770848 0.408422624 255 79 163
46.4978302 0.112267101 0.30830451 255 79 163
46.718474 0.242315564 0.371933423 255 79 163
46.4015095 0.112267101 0.259226644 255 79 163
46.6310166 0.242315564 0.251558642 255 79 163
46.8264417 0.406186186 0.415076867 255 79 163
46.5106418 0.242315564 0.164101245 255 79 163
46.7470321 0.406186186 0.259226644 255 79 163
46.3691328 0.242315564 0.11812217 255 79 163
46.6233486 0.406186186 0.135543206 255 79 163
46.4674984 0.406186186 0.0561335504 255 79 163
46.2947371 -1.11022302e-16 34.4598578 255 79 163
46.4255434 0.0147383303 34.4598578 255 79 163
46.5497905 0.0582142796 34.4598578 255 79 163
46.6612482 0.128247782 34.4598578 255 79 163
46.7543275 0.221327066 34.4598578 255 79 163
46.824361 0.332784748 34.4598578 255 79 163
46.8678369 0.457031872 34.4598578 255 79 163
46.8825753 0.587838171 34.4598578 255 79 163
46.2947371 0.587838171 35.047696 255 79 163
46.4255434 0.587838171 35.0329577 255 79 163
46.5497905 0.587838171 34.9894817 255 79 163
46.6612482 0.587838171 34.9194482 255 79 163
46.7543275 0.587838171 34.826369 255 79 163
46.824361 0.587838171 34.7149113 255 79 163
46.8678369 0.587838171 34.5906641 255 79 163
46.2947371 0.587838171 35.047696 255 79 163
46.2947371 0.457031872 35.0329577 255 79 163
46.2947371 0.332784748 34.9894817 255 79 163
46.2947371 0.221327066 34.9194482 255 79 163
46.2947371 0.128247782 34.826369 255 79 163
46.2947371 0.0582142796 34.7149113 255 79 163
46.2947371 0.0147383303 34.5906641 255 79 163
46.4741526 0.55942154 35.0189252 255 79 163
46.4565902 0.505369896 35.0189252 255 79 163
46.4231844 0.459390821 35.0189252 255 79 163
46.6233486 0.481065814 34.9354289 255 79 163
46.3772054 0.425985068 35.0189252 255 79 163
46.5742708 0.384745078 34.9354289 255 79 163
46.7644531 0.513442465 34.8053805 255 79 163
46.3231537 0.408422624 35.0189252 255 79 163
46.4978302 0.30830451 34.9354289 255 79 163
46.718474 0.371933423 34.8053805 255 79 163
46.4015095 0.259226644 34.9354289 255 79 163
46.6310166 0.251558642 34.8053805 255 79 163
46.8264417 0.415076867 34.6415098 255 79 163
46.5106418 0.164101245 34.8053805 255 79 163
46.7470321 0.259226644 34.6415098 255 79 163
46.3691328 0.11812217 34.8053805 255 79 163
46.6233486 0.135543206 34.6415098 255 79 163
46.4674984 0.0561335504 34.6415098 255 79 163
46.8825753 52.7832903 0.587838171 218 222 230
46.8825753 52.7832903 15.9749495 218 222 230
46.8825753 18.6501217 15.9749495 218 222 230
46.8825753 17.4744453 17.1506259 218 222 230
46.8825753 17.503922 16.8890133 218 222 230
46.8825753 17.5908739 16.640519 218 222 230
46.8825753 17.7309409 16.4176037 218 222 230
46.8825753 17.9170995 16.2314451 218 222 230
46.8825753 18.1400148 16.0913781 218 222 230
46.8825753 18.3885091 16.0044262 218 222 230
46.8825753 17.4744453 34.4598578 218 222 230
46.8825753 0.587838171 34.4598578 218 222 230
46.8825753 0.587838171 0.587838171 218 222 230
46.8825753 10.8916327 25.2946729 218 222 230
46.8825753 11.8553183 25.4116855 218 222 230
46.8825753 12.762998 25.755923 218 222 230
46.8825753 13.5619207 26.3073795 218 222 230
46.8825753 14.205656 27.0340065 218 222 230
46.8825753 14.6567923 27.8935749 218 222 230
46.8825753 14.8891112 28.8361298 218 222 230
46.8825753 14.8891112 29.8068934 218 222 230
46.8825753 14.6567923 30.7494483 218 222 230
46.8825753 14.205656 31.6090167 218 222 230
46.8825753 13.5619207 32.3356437 218 222 230
46.8825753 12.762998 32.8871002 218 222 230
46.8825753 11.8553183 33.2313377 218 222 230
46.8825753 10.8916327 33.3483503 218 222 230
46.8825753 9.8916327 25.2946729 218 222 230
46.8825753 9.8916327 33.3483503 218 222 230
46.8825753 8.92794711 33.2313377 218 222 230
46.8825753 8.02026743 32.8871002 218 222 230
46.8825753 7.2213447 32.3356437 218 222 230
46.8825753 6.5776094 31.6090167 218 222 230
46.8825753 6.12647308 30.7494483 218 222 230
46.8825753 5.89415416 29.8068934 218 222 230
46.8825753 5.89415416 28.8361298 218 222 230
46.8825753 6.12647308 27.8935749 218 222 230
46.8825753 6.5776094 27.0340065 218 222 230
46.8825753 7.2213447 26.3073795 218 222 230
46.8825753 8.02026743 25.755923 218 222 230
46.8825753 8.92794711 25.4116855 218 222 230
21.4375376 52.7832903 -3.55271368e-15 255 79 163
21.2921473 52.7832903 0.0182634576 255 79 163
21.1557911 52.7832903 0.071918981 255 79 163
21.0369421 52.7832903 0.157632539 255 79 163
20.9429851 52.7832903 0.270078088 255 79 163
20.8797585 52.7832903 0.402268519 255 79 163
21.4375376 53.3711285 0.587838171 255 79 163
21.3134201 53.3563901 0.546545039 255 79 163
21.1955263 53.3129142 0.507322517 255 79 163
21.089768 53.2428807 0.472137386 255 79 163
21.0014483 53.1498014 0.442753975 255 79 163
20.934996 53.0383437 0.420645692 255 79 163
20.8937431 52.9140966 0.406921138 255 79 163
21.4375376 53.3711285 0.587838171 255 79 163
21.4375376 53.3563901 0.457031872 255 79 163
21.4375376 53.3129142 0.332784748 255 79 163
21.4375376 53.2428807 0.221327066 255 79 163
21.4375376 53.1498014 0.128247782 255 79 163
21.4375376 53.0383437 0.0582142796 255 79 163
21.4375376 52.9140966 0.0147383303 255 79 163
21.2761938 53.3423576 0.504377902 255 79 163
21.3096547 53.3423576 0.458828851 255 79 163
21.3554955 53.3423576 0.425768668 255 79 163
21.1590765 53.2588614 0.383277083 255 79 163
21.4092784 53.3423576 0.408397773 255 79 163
21.2354263 53.2588614 0.307593825 255 79 163
21.015134 53.1288129 0.36933635 255 79 163
21.3313418 53.2588614 0.259039882 255 79 163
21.1027358 53.1288129 0.250087387 255 79 163
21.2227484 53.1288129 0.163534702 255 79 163
20.986978 52.9649423 0.256851377 255 79 163
21.3635539 53.1288129 0.11805711 255 79 163
21.1105147 52.9649423 0.134393294 255 79 163
21.2657092 52.9649423 0.0558313641 255 79 163
9.61074903 52.7832903 34.2742882 218 222 230
9.61074903 9.20068602 34.2742882 218 222 230
20.8797585 9.20068602 0.402268519 218 222 230
20.8797585 52.7832903 0.402268519 218 222 230
21.4375376 53.3711285 0.587838171 218 222 230
46.2947371 53.3711285 0.587838171 218 222 230
10.1685282 53.3711285 34.4598578 218 222 230
40.8021517 53.3711285 34.4598578 218 222 230
40.8021517 53.3711285 17.1506259 218 222 230
41.977828 53.3711285 15.9749495 218 222 230
41.7162154 53.3711285 16.0044262 218 222 230
41.4677212 53.3711285 16.0913781 218 222 230
41.2448058 53.3711285 16.2314451 218 222 230
41.0586472 53.3711285 16.4176037 218 222 230
40.9185802 53.3711285 16.640519 218 222 230
40.8316283 53.3711285 16.8890133 218 222 230
46.2947371 53.3711285 15.9749495 218 222 230
46.8825753 52.7832903 0.587838171 255 79 163
46.8678369 52.9140966 0.587838171 255 79 163
46.824361 53.0383437 0.587838171 255 79 163
46.7543275 53.1498014 0.587838171 255 79 163
46.6612482 53.2428807 0.587838171 255 79 163
46.5497905 53.3129142 0.587838171 255 79 163
46.4255434 53.3563901 0.587838171 255 79 163
46.2947371 53.3711285 0.587838171 255 79 163
46.8825753 52.7832903 0.587838171 255 79 163
46.8678369 52.7832903 0.457031872 255 79 163
46.824361 52.7832903 0.332784748 255 79 163
46.7543275 52.7832903 0.221327066 255 79 163
46.6612482 52.7832903 0.128247782 255 79 163
46.5497905 52.7832903 0.0582142796 255 79 163
46.4255434 52.7832903 0.0147383303 255 79 163
46.2947371 52.7832903 -1.11022302e-16 255 79 163
46.2947371 53.3563901 0.457031872 255 79 163
46.2947371 53.3129142 0.332784748 255 79 163
46.2947371 53.2428807 0.221327066 255 79 163
46.2947371 53.1498014 0.128247782 255 79 163
46.2947371 53.0383437 0.0582142796 255 79 163
46.2947371 52.9140966 0.0147383303 255 79 163
46.8538044 52.9627058 0.55942154 255 79 163
46.8538044 52.9451434 0.505369896 255 79 163
46.8538044 52.9117376 0.459390821 255 79 163
46.7703082 53.1119018 0.481065814 255 79 163
46.8538044 52.8657586 0.425985068 255 79 163
46.7703082 53.0628239 0.384745078 255 79 163
46.6402597 53.2530063 0.513442465 255 79 163
46.8538044 52.8117069 0.408422624 255 79 163
46.7703082 52.9863834 0.30830451 255 79 163
46.6402597 53.2070272 0.371933423 255 79 163
46.7703082 52.8900626 0.259226644 255 79 163
46.6402597 53.1195698 0.251558642 255 79 163
46.4763891 53.3149949 0.415076867 255 79 163
46.6402597 52.999195 0.164101245 255 79 163
46.4763891 53.2355852 0.259226644 255 79 163
46.6402597 52.857686 0.11812217 255 79 163
46.4763891 53.1119018 0.135543206 255 79 163
46.4763891 52.9560516 0.0561335504 255 79 163
19.9902088 33.6191731 34.4598578 218 222 230
19.9902088 33.6191731 12.1608461 218 222 230
20.0824972 32.8591102 12.1608461 218 222 230
20.3539987 32.1432194 12.1608461 218 222 230
20.7889348 31.5131057 12.1608461 218 222 230
21.3620286 31.0053889 12.1608461 218 222 230
22.0399738 30.6495758 12.1608461 218 222 230
22.7833709 30.4663449 12.1608461 218 222 230
23.5490162 30.4663449 12.1608461 218 222 230
24.2924132 30.6495758 12.1608461 218 222 230
24.9703584 31.0053889 12.1608461 218 222 230
25.5434522 31.5131057 12.1608461 218 222 230
25.9783883 32.1432194 12.1608461 218 222 230
26.2498898 32.8591102 12.1608461 218 222 230
26.3421782 33.6191731 12.1608461 218 222 230
26.3421782 33.6191731 34.4598578 218 222 230
20.0824972 32.8591102 34.4598578 218 222 230
20.3539987 32.1432194 34.4598578 218 222 230
20.7889348 31.5131057 34.4598578 218 222 230
21.3620286 31.0053889 34.4598578 218 222 230
22.0399738 30.6495758 34.4598578 218 222 230
22.7833709 30.4663449 34.4598578 218 222 230
23.5490162 30.4663449 34.4598578 218 222 230
24.2924132 30.6495758 34.4598578 218 222 230
24.9703584 31.0053889 34.4598578 218 222 230
25.5434522 31.5131057 34.4598578 218 222 230
25.9783883 32.1432194 34.4598578 218 222 230
26.2498898 32.8591102 34.4598578 218 222 230
19.9902088 38.4456886 34.4598578 218 222 230
19.9902088 38.4456886 12.1608461 218 222 230
19.9902088 33.6191731 12.1608461 218 222 230
19.9902088 33.6191731 34.4598578 218 222 230
26.3421782 33.6191731 34.4598578 218 222 230
26.3421782 33.6191731 12.1608461 218 222 230
26.3421782 38.4456886 12.1608461 218 222 230
26.3421782 38.4456886 34.4598578 218 222 230
26.3421782 38.4456886 34.4598578 218 222 230
26.3421782 38.4456886 12.1608461 218 222 230
26.2498898 39.2057515 12.1608461 218 222 230
25.9783883 39.9216423 12.1608461 218 222 230
25.5434522 40.551756 12.1608461 218 222 230
24.9703584 41.0594728 12.1608461 218 222 230
24.2924132 41.4152859 12.1608461 218 222 230
23.5490162 41.5985168 12.1608461 218 222 230
22.7833709 41.5985168 12.1608461 218 222 230
22.0399738 41.4152859 12.1608461 218 222 230
21.3620286 41.0594728 12.1608461 218 222 230
20.7889348 40.551756 12.1608461 218 222 230
20.3539987 39.9216423 12.1608461 218 222 230
20.0824972 39.2057515 12.1608461 218 222 230
19.9902088 38.4456886 12.1608461 218 222 230
19.9902088 38.4456886 34.4598578 218 222 230
26.2498898 39.2057515 34.4598578 218 222 230
25.9783883 39.9216423 34.4598578 218 222 230
25.5434522 40.551756 34.4598578 218 222 230
24.9703584 41.0594728 34.4598578 218 222 230
24.2924132 41.4152859 34.4598578 218 222 230
23.5490162 41.5985168 34.4598578 218 222 230
22.7833709 41.5985168 34.4598578 218 222 230
22.0399738 41.4152859 34.4598578 218 222 230
21.3620286 41.0594728 34.4598578 218 222 230
20.7889348 40.551756 34.4598578 218 222 230
20.3539987 39.9216423 34.4598578 218 222 230
20.0824972 39.2057515 34.4598578 218 222 230
29.4988489 2.57528031 34.4598578 218 222 230
30.5429746 3.42662865 34.4598578 218 222 230
29.4988489 2.57528031 21.726971 218 222 230
30.5429746 3.42662865 21.726971 218 222 230
29.4988489 2.57528031 34.4598578 255 79 163
29.4988489 2.57528031 21.726971 255 79 163
28.5474687 2.93463095 34.4598578 255 79 163
28.585193 2.80373102 34.4598578 255 79 163
28.652035 2.68502952 34.4598578 255 79 163
28.7444052 2.58490128 34.4598578 255 79 163
28.8573427 2.50872368 34.4598578 255 79 163
28.9847823 2.46058783 34.4598578 255 79 163
29.1198798 2.44307885 34.4598578 255 79 163
29.2553799 2.45713706 34.4598578 255 79 163
29.3840055 2.50200747 34.4598578 255 79 163
28.5474687 2.93463095 21.726971 255 79 163
28.585193 2.80373102 21.726971 255 79 163
28.652035 2.68502952 21.726971 255 79 163
28.7444052 2.58490128 21.726971 255 79 163
28.8573427 2.50872368 21.726971 255 79 163
28.9847823 2.46058783 21.726971 255 79 163
29.1198798 2.44307885 21.726971 255 79 163
29.2553799 2.45713706 21.726971 255 79 163
29.3840055 2.50200747 21.726971 255 79 163
30.4229201 4.41357645 34.4598578 255 79 163
30.4229201 4.41357645 21.726971 255 79 163
30.53465 4.34446937 34.4598578 255 79 163
30.6282416 4.25227423 34.4598578 255 79 163
30.6990205 4.14159591 34.4598578 255 79 163
30.7434514 4.01796244 34.4598578 255 79 163
30.7593152 3.88754893 34.4598578 255 79 163
30.7458195 3.75686913 34.4598578 255 79 163
30.7036384 3.63245011 34.4598578 255 79 163
30.6348786 3.52050619 34.4598578 255 79 163
30.5429746 3.42662865 34.4598578 255 79 163
30.5429746 3.42662865 21.726971 255 79 163
30.6348786 3.52050619 21.726971 255 79 163
30.7036384 3.63245011 21.726971 255 79 163
30.7458195 3.75686913 21.726971 255 79 163
30.7593152 3.88754893 21.726971 255 79 163
30.7434514 4.01796244 21.726971 255 79 163
30.6990205 4.14159591 21.726971 255 79 163
30.6282416 4.25227423 21.726971 255 79 163
30.53465 4.34446937 21.726971 255 79 163
28.5474687 2.93463095 34.4598578 218 222 230
28.5474687 2.93463095 21.726971 218 222 230
28.3051688 4.39466717 34.4598578 218 222 230
28.3051688 4.39466717 21.726971 218 222 230
30.4229201 4.41357645 34.4598578 218 222 230
30.4229201 4.41357645 21.726971 218 222 230
29.1364945 5.02226433 21.726971 218 222 230
29.1364945 5.02226433 34.4598578 218 222 230
29.1364945 5.02226433 21.726971 255 79 163
29.0018821 5.06702172 21.726971 255 79 163
28.8604674 5.07822832 21.726971 255 79 163
28.7204857 5.0552315 21.726971 255 79 163
28.5900892 4.9993705 21.726971 255 79 163
28.4768715 4.91389846 21.726971 255 79 163
28.387426 4.80379294 21.726971 255 79 163
28.3269617 4.67546605 21.726971 255 79 163
28.2989999 4.53639107 21.726971 255 79 163
28.3051688 4.39466717 21.726971 255 79 163
28.3051688 4.39466717 34.4598578 255 79 163
29.1364945 5.02226433 34.4598578 255 79 163
29.0018821 5.06702172 34.4598578 255 79 163
28.8604674 5.07822832 34.4598578 255 79 163
28.7204857 5.0552315 34.4598578 255 79 163
28.5900892 4.9993705 34.4598578 255 79 163
28.4768715 4.91389846 34.4598578 255 79 163
28.387426 4.80379294 34.4598578 255 79 163
28.3269617 4.67546605 34.4598578 255 79 163
28.2989999 4.53639107 34.4598578 255 79 163
10.1685282 53.3711285 34.4598578 255 79 163
10.1685282 53.3563901 34.5906641 255 79 163
10.1685282 53.3129142 34.7149113 255 79 163
10.1685282 53.2428807 34.826369 255 79 163
10.1685282 53.1498014 34.9194482 255 79 163
10.1685282 53.0383437 34.9894817 255 79 163
10.1685282 52.9140966 35.0329577 255 79 163
10.1685282 52.7832903 35.047696 255 79 163
10.1685282 53.3711285 34.4598578 255 79 163
10.0444107 53.3563901 34.4185647 255 79 163
9.9265169 53.3129142 34.3793422 255 79 163
9.82075858 53.2428807 34.3441571 255 79 163
9.73243889 53.1498014 34.3147737 255 79 163
9.66598653 53.0383437 34.2926654 255 79 163
9.62473372 52.9140966 34.2789408 255 79 163
9.61074903 52.7832903 34.2742882 255 79 163
10.0307989 52.7832903 35.0313334 255 79 163
9.90073705 52.7832903 34.9831566 255 79 163
9.78558321 52.7832903 34.9058476 255 79 163
9.69174806 52.7832903 34.8037101 255 79 163
9.62445541 52.7832903 34.6824303 255 79 163
9.58745149 52.7832903 34.5487598 255 79 163
9.58279631 52.7832903 34.4101401 255 79 163
10.1400067 53.3423576 34.6392568 255 79 163
10.0857762 53.3423576 34.6215661 255 79 163
10.0397059 53.3423576 34.5879292 255 79 163
10.0613717 53.2588614 34.7883443 255 79 163
10.006339 53.3423576 34.5416631 255 79 163
9.96478198 53.2588614 34.7389158 255 79 163
10.0938579 53.1288129 34.9295303 255 79 163
9.98896563 53.3423576 34.4873301 255 79 163
9.88828387 53.2588614 34.6619692 255 79 163
9.95188061 53.1288129 34.8832155 255 79 163
9.98929912 53.3423576 34.430288 255 79 163
9.8394209 53.2588614 34.5650921 255 79 163
9.83126713 53.1288129 34.7951529 255 79 163
9.99514533 52.9649423 34.9913601 255 79 163
9.82301151 53.2588614 34.4578378 255 79 163
9.74391127 53.1288129 34.6740267 255 79 163
9.83885989 52.9649423 34.9113831 255 79 163
9.69842727 53.1288129 34.531781 255 79 163
9.71508334 52.9649423 34.7868808 255 79 163
9.69930036 53.1288129 34.382443 255 79 163
9.6360214 52.9649423 34.6301305 255 79 163
9.60947045 52.9649423 34.4565894 255 79 163
40.8021517 53.3711285 34.4598578 255 79 163
40.932958 53.3563901 34.4598578 255 79 163
41.0572051 53.3129142 34.4598578 255 79 163
41.1686628 53.2428807 34.4598578 255 79 163
41.2617421 53.1498014 34.4598578 255 79 163
41.3317756 53.0383437 34.4598578 255 79 163
41.3752515 52.9140966 34.4598578 255 79 163
41.3899898 52.7832903 34.4598578 255 79 163
40.8021517 53.3711285 34.4598578 255 79 163
40.8021517 53.3563901 34.5906641 255 79 163
40.8021517 53.3129142 34.7149113 255 79 163
40.8021517 53.2428807 34.826369 255 79 163
40.8021517 53.1498014 34.9194482 255 79 163
40.8021517 53.0383437 34.9894817 255 79 163
40.8021517 52.9140966 35.0329577 255 79 163
40.8021517 52.7832903 35.047696 255 79 163
41.3752515 52.7832903 34.5906641 255 79 163
41.3317756 52.7832903 34.7149113 255 79 163
41.2617421 52.7832903 34.826369 255 79 163
41.1686628 52.7832903 34.9194482 255 79 163
41.0572051 52.7832903 34.9894817 255 79 163
40.932958 52.7832903 35.0329577 255 79 163
40.9815672 53.3423576 34.4882745 255 79 163
40.9640048 53.3423576 34.5423261 255 79 163
40.930599 53.3423576 34.5883052 255 79 163
41.1307632 53.2588614 34.5666302 255 79 163
40.8846199 53.3423576 34.621711 255 79 163
41.0816853 53.2588614 34.6629509 255 79 163
41.2718677 53.1288129 34.5342536 255 79 163
40.8305683 53.3423576 34.6392734 255 79 163
41.0052448 53.2588614 34.7393915 255 79 163
41.2258886 53.1288129 34.6757626 255 79 163
40.908924 53.2588614 34.7884694 255 79 163
41.1384312 53.1288129 34.7961374 255 79 163
41.3338563 52.9649423 34.6326192 255 79 163
41.0180564 53.1288129 34.8835948 255 79 163
41.2544466 52.9649423 34.7884694 255 79 163
40.8765474 53.1288129 34.9295739 255 79 163
41.1307632 52.9649423 34.9121528 255 79 163
40.974913 52.9649423 34.9915625 255 79 163
41.3899898 52.7832903 34.4598578 218 222 230
41.3899898 18.6501217 34.4598578 218 222 230
41.3899898 18.6501217 17.1506259 218 222 230
41.3899898 52.7832903 17.1506259 218 222 230
41.977828 18.0622835 34.4598578 255 79 163
41.977828 18.0622835 17.1506259 255 79 163
41.3899898 18.6501217 34.4598578 255 79 163
41.4047282 18.5193154 34.4598578 255 79 163
41.4482041 18.3950683 34.4598578 255 79 163
41.5182376 18.2836106 34.4598578 255 79 163
41.6113169 18.1905313 34.4598578 255 79 163
41.7227746 18.1204978 34.4598578 255 79 163
41.8470217 18.0770218 34.4598578 255 79 163
41.3899898 18.6501217 17.1506259 255 79 163
41.8470217 18.0770218 17.1506259 255 79 163
41.7227746 18.1204978 17.1506259 255 79 163
41.6113169 18.1905313 17.1506259 255 79 163
41.5182376 18.2836106 17.1506259 255 79 163
41.4482041 18.3950683 17.1506259 255 79 163
41.4047282 18.5193154 17.1506259 255 79 163
46.8825753 17.4744453 34.4598578 255 79 163
46.8678369 17.4744453 34.5906641 255 79 163
46.824361 17.4744453 34.7149113 255 79 163
46.7543275 17.4744453 34.826369 255 79 163
46.6612482 17.4744453 34.9194482 255 79 163
46.5497905 17.4744453 34.9894817 255 79 163
46.4255434 17.4744453 35.0329577 255 79 163
46.2947371 17.4744453 35.047696 255 79 163
46.8825753 17.4744453 34.4598578 255 79 163
46.8678369 17.6052516 34.4598578 255 79 163
46.824361 17.7294988 34.4598578 255 79 163
46.7543275 17.8409564 34.4598578 255 79 163
46.6612482 17.9340357 34.4598578 255 79 163
46.5497905 18.0040692 34.4598578 255 79 163
46.4255434 18.0475452 34.4598578 255 79 163
46.2947371 18.0622835 34.4598578 255 79 163
46.2947371 17.6052516 35.0329577 255 79 163
46.2947371 17.7294988 34.9894817 255 79 163
46.2947371 17.8409564 34.9194482 255 79 163
46.2947371 17.9340357 34.826369 255 79 163
46.2947371 18.0040692 34.7149113 255 79 163
46.2947371 18.0475452 34.5906641 255 79 163
46.8538044 17.502862 34.6392734 255 79 163
46.8538044 17.5569136 34.621711 255 79 163
46.8538044 17.6028927 34.5883052 255 79 163
46.7703082 17.5812177 34.7884694 255 79 163
46.8538044 17.6362984 34.5423261 255 79 163
46.7703082 17.6775384 34.7393915 255 79 163
46.6402597 17.548841 34.9295739 255 79 163
46.8538044 17.6538609 34.4882745 255 79 163
46.7703082 17.753979 34.6629509 255 79 163
46.6402597 17.6903501 34.8835948 255 79 163
46.7703082 17.8030569 34.5666302 255 79 163
46.6402597 17.8107249 34.7961374 255 79 163
46.4763891 17.6472066 34.9915625 255 79 163
46.6402597 17.8981823 34.6757626 255 79 163
46.4763891 17.8030569 34.9121528 255 79 163
46.6402597 17.9441613 34.5342536 255 79 163
46.4763891 17.9267403 34.7884694 255 79 163
46.4763891 18.00615 34.6326192 255 79 163
46.2947371 18.0622835 34.4598578 218 222 230
41.977828 18.0622835 34.4598578 218 222 230
41.977828 18.0622835 17.1506259 218 222 230
46.2947371 18.0622835 17.1506259 218 222 230
46.8825753 10.8916327 25.2946729 255 79 163
46.8678369 10.8916327 25.4254792 255 79 163
46.824361 10.8916327 25.5497263 255 79 163
46.7543275 10.8916327 25.661184 255 79 163
46.6612482 10.8916327 25.7542633 255 79 163
46.5497905 10.8916327 25.8242968 255 79 163
46.4255434 10.8916327 25.8677727 255 79 163
46.2947371 10.8916327 25.8825111 255 79 163
46.8825753 11.8553183 25.4116855 255 79 163
46.8825753 12.762998 25.755923 255 79 163
46.8825753 13.5619207 26.3073795 255 79 163
46.8825753 14.205656 27.0340065 255 79 163
46.8825753 14.6567923 27.8935749 255 79 163
46.8825753 14.8891112 28.8361298 255 79 163
46.8825753 14.8891112 29.8068934 255 79 163
46.8825753 14.6567923 30.7494483 255 79 163
46.8825753 14.205656 31.6090167 255 79 163
46.8825753 13.5619207 32.3356437 255 79 163
46.8825753 12.762998 32.8871002 255 79 163
46.8825753 11.8553183 33.2313377 255 79 163
46.8825753 10.8916327 33.3483503 255 79 163
46.8678369 10.8916327 33.217544 255 79 163
46.824361 10.8916327 33.0932969 255 79 163
46.7543275 10.8916327 32.9818392 255 79 163
46.6612482 10.8916327 32.8887599 255 79 163
46.5497905 10.8916327 32.8187264 255 79 163
46.4255434 10.8916327 32.7752505 255 79 163
46.2947371 10.8916327 32.7605122 255 79 163
46.2947371 11.7146394 25.9824422 255 79 163
46.2947371 12.4898159 26.2764278 255 79 163
46.2947371 13.1721119 26.7473827 255 79 163
46.2947371 13.7218747 27.3679366 255 79 163
46.2947371 14.1071541 28.1020252 255 79 163
46.2947371 14.3055591 28.9069859 255 79 163
46.2947371 14.3055591 29.7360373 255 79 163
46.2947371 14.1071541 30.540998 255 79 163
46.2947371 13.7218747 31.2750866 255 79 163
46.2947371 13.1721119 31.8956405 255 79 163
46.2947371 12.4898159 32.3665954 255 79 163
46.2947371 11.7146394 32.6605811 255 79 163
46.8678369 11.8240143 25.5386908 255 79 163
46.824361 11.79428 25.6593275 255 79 163
46.7543275 11.7676064 25.7675465 255 79 163
46.6612482 11.7453311 25.857921 255 79 163
46.5497905 11.728571 25.9259195 255 79 163
46.4255434 11.7181665 25.9681321 255 79 163
46.8678369 12.7022092 25.8717462 255 79 163
46.824361 12.6444687 25.9817616 255 79 163
46.7543275 12.5926718 26.0804525 255 79 163
46.6612482 12.5494157 26.1628701 255 79 163
46.5497905 12.5168695 26.2248817 255 79 163
46.4255434 12.4966652 26.2633777 255 79 163
46.8678369 13.4751801 26.4052895 255 79 163
46.824361 13.392789 26.4982898 255 79 163
46.7543275 13.3188789 26.581717 255 79 163
46.6612482 13.2571559 26.6513879 255 79 163
46.5497905 13.2107151 26.7038087 255 79 163
46.4255434 13.1818852 26.7363509 255 79 163
46.8678369 14.0980045 27.1083129 255 79 163
46.824361 13.9957511 27.1788933 255 79 163
46.7543275 13.9040233 27.2422085 255 79 163
46.6612482 13.8274205 27.2950836 255 79 163
46.5497905 13.7697841 27.3348671 255 79 163
46.4255434 13.7340041 27.3595643 255 79 163
46.8678369 14.5344863 27.9399595 255 79 163
46.824361 14.4183132 27.9840181 255 79 163
46.7543275 14.3140985 28.0235415 255 79 163
46.6612482 14.2270678 28.0565479 255 79 163
46.5497905 14.1615854 28.0813821 255 79 163
46.4255434 14.1209347 28.0967989 255 79 163
46.8678369 14.7592587 28.8518968 255 79 163
46.824361 14.6359174 28.8668731 255 79 163
46.7543275 14.5252724 28.8803079 255 79 163
46.6612482 14.4328718 28.8915273 255 79 163
46.5497905 14.3633489 28.8999689 255 79 163
46.4255434 14.3201899 28.9052094 255 79 163
46.8678369 14.7592587 29.7911264 255 79 163
46.824361 14.6359174 29.7761501 255 79 163
46.7543275 14.5252724 29.7627153 255 79 163
46.6612482 14.4328718 29.7514959 255 79 163
46.5497905 14.3633489 29.7430543 255 79 163
46.4255434 14.3201899 29.7378138 255 79 163
46.8678369 14.5344863 30.7030637 255 79 163
46.824361 14.4183132 30.6590051 255 79 163
46.7543275 14.3140985 30.6194817 255 79 163
46.6612482 14.2270678 30.5864753 255 79 163
46.5497905 14.1615854 30.5616411 255 79 163
46.4255434 14.1209347 30.5462243 255 79 163
46.8678369 14.0980045 31.5347103 255 79 163
46.824361 13.9957511 31.4641299 255 79 163
46.7543275 13.9040233 31.4008147 255 79 163
46.6612482 13.8274205 31.3479396 255 79 163
46.5497905 13.7697841 31.3081561 255 79 163
46.4255434 13.7340041 31.2834589 255 79 163
46.8678369 13.4751801 32.2377338 255 79 163
46.824361 13.392789 32.1447334 255 79 163
46.7543275 13.3188789 32.0613062 255 79 163
46.6612482 13.2571559 31.9916353 255 79 163
46.5497905 13.2107151 31.9392145 255 79 163
46.4255434 13.1818852 31.9066723 255 79 163
46.8678369 12.7022092 32.771277 255 79 163
46.824361 12.6444687 32.6612616 255 79 163
46.7543275 12.5926718 32.5625708 255 79 163
46.6612482 12.5494157 32.4801531 255 79 163
46.5497905 12.5168695 32.4181416 255 79 163
46.4255434 12.4966652 32.3796455 255 79 163
46.8678369 11.8240143 33.1043324 255 79 163
46.824361 11.79428 32.9836957 255 79 163
46.7543275 11.7676064 32.8754768 255 79 163
46.6612482 11.7453311 32.7851022 255 79 163
46.5497905 11.728571 32.7171037 255 79 163
46.4255434 11.7181665 32.6748911 255 79 163
46.8825753 9.8916327 25.2946729 255 79 163
46.8825753 10.8916327 25.2946729 255 79 163
46.8678369 10.8916327 25.4254792 255 79 163
46.824361 10.8916327 25.5497263 255 79 163
46.7543275 10.8916327 25.661184 255 79 163
46.6612482 10.8916327 25.7542633 255 79 163
46.5497905 10.8916327 25.8242968 255 79 163
46.4255434 10.8916327 25.8677727 255 79 163
46.2947371 10.8916327 25.8825111 255 79 163
46.2947371 9.8916327 25.8825111 255 79 163
46.8678369 9.8916327 25.4254792 255 79 163
46.824361 9.8916327 25.5497263 255 79 163
46.7543275 9.8916327 25.661184 255 79 163
46.6612482 9.8916327 25.7542633 255 79 163
46.5497905 9.8916327 25.8242968 255 79 163
46.4255434 9.8916327 25.8677727 255 79 163
46.8825753 10.8916327 33.3483503 255 79 163
46.8825753 9.8916327 33.3483503 255 79 163
46.8678369 9.8916327 33.217544 255 79 163
46.824361 9.8916327 33.0932969 255 79 163
46.7543275 9.8916327 32.9818392 255 79 163
46.6612482 9.8916327 32.8887599 255 79 163
46.5497905 9.8916327 32.8187264 255 79 163
46.4255434 9.8916327 32.7752505 255 79 163
46.2947371 9.8916327 32.7605122 255 79 163
46.2947371 10.8916327 32.7605122 255 79 163
46.8678369 10.8916327 33.217544 255 79 163
46.824361 10.8916327 33.0932969 255 79 163
46.7543275 10.8916327 32.9818392 255 79 163
46.6612482 10.8916327 32.8887599 255 79 163
46.5497905 10.8916327 32.8187264 255 79 163
46.4255434 10.8916327 32.7752505 255 79 163
46.8825753 9.8916327 33.3483503 255 79 163
46.8678369 9.8916327 33.217544 255 79 163
46.824361 9.8916327 33.0932969 255 79 163
46.7543275 9.8916327 32.9818392 255 79 163
46.6612482 9.8916327 32.8887599 255 79 163
46.5497905 9.8916327 32.8187264 255 79 163
46.4255434 9.8916327 32.7752505 255 79 163
46.2947371 9.8916327 32.7605122 255 79 163
46.8825753 8.92794711 33.2313377 255 79 163
46.8825753 8.02026743 32.8871002 255 79 163
46.8825753 7.2213447 32.3356437 255 79 163
46.8825753 6.5776094 31.6090167 255 79 163
46.8825753 6.12647308 30.7494483 255 79 163
46.8825753 5.89415416 29.8068934 255 79 163
46.8825753 5.89415416 28.8361298 255 79 163
46.8825753 6.12647308 27.8935749 255 79 163
46.8825753 6.5776094 27.0340065 255 79 163
46.8825753 7.2213447 26.3073795 255 79 163
46.8825753 8.02026743 25.755923 255 79 163
46.8825753 8.92794711 25.4116855 255 79 163
46.8825753 9.8916327 25.2946729 255 79 163
46.8678369 9.8916327 25.4254792 255 79 163
46.824361 9.8916327 25.5497263 255 79 163
46.7543275 9.8916327 25.661184 255 79 163
46.6612482 9.8916327 25.7542633 255 79 163
46.5497905 9.8916327 25.8242968 255 79 163
46.4255434 9.8916327 25.8677727 255 79 163
46.2947371 9.8916327 25.8825111 255 79 163
46.2947371 9.068626 32.6605811 255 79 163
46.2947371 8.29344945 32.3665954 255 79 163
46.2947371 7.61115351 31.8956405 255 79 163
46.2947371 7.06139073 31.2750866 255 79 163
46.2947371 6.67611132 30.540998 255 79 163
46.2947371 6.47770633 29.7360373 255 79 163
46.2947371 6.47770633 28.9069859 255 79 163
46.2947371 6.67611132 28.1020252 255 79 163
46.2947371 7.06139073 27.3679366 255 79 163
46.2947371 7.61115351 26.7473827 255 79 163
46.2947371 8.29344945 26.2764278 255 79 163
46.2947371 9.068626 25.9824422 255 79 163
46.8678369 8.95925111 33.1043324 255 79 163
46.824361 8.98898539 32.9836957 255 79 163
46.7543275 9.01565896 32.8754768 255 79 163
46.6612482 9.03793429 32.7851022 255 79 163
46.5497905 9.05469441 32.7171037 255 79 163
46.4255434 9.06509888 32.6748911 255 79 163
46.8678369 8.08105615 32.771277 255 79 163
46.824361 8.13879667 32.6612616 255 79 163
46.7543275 8.19059364 32.5625708 255 79 163
46.6612482 8.23384974 32.4801531 255 79 163
46.5497905 8.26639593 32.4181416 255 79 163
46.4255434 8.28660021 32.3796455 255 79 163
46.8678369 7.30808532 32.2377338 255 79 163
46.824361 7.3904764 32.1447334 255 79 163
46.7543275 7.46438652 32.0613062 255 79 163
46.6612482 7.5261095 31.9916353 255 79 163
46.5497905 7.5725503 31.9392145 255 79 163
46.4255434 7.60138019 31.9066723 255 79 163
46.8678369 6.68526087 31.5347103 255 79 163
46.824361 6.78751425 31.4641299 255 79 163
46.7543275 6.87924212 31.4008147 255 79 163
46.6612482 6.95584487 31.3479396 255 79 163
46.5497905 7.01348132 31.3081561 255 79 163
46.4255434 7.04926132 31.2834589 255 79 163
46.8678369 6.2487791 30.7030637 255 79 163
46.824361 6.36495218 30.6590051 255 79 163
46.7543275 6.46916692 30.6194817 255 79 163
46.6612482 6.55619756 30.5864753 255 79 163
46.5497905 6.62168003 30.5616411 255 79 163
46.4255434 6.66233074 30.5462243 255 79 163
46.8678369 6.02400674 29.7911264 255 79 163
46.824361 6.14734796 29.7761501 255 79 163
46.7543275 6.25799299 29.7627153 255 79 163
46.6612482 6.35039362 29.7514959 255 79 163
46.5497905 6.4199165 29.7430543 255 79 163
46.4255434 6.46307546 29.7378138 255 79 163
46.8678369 6.02400674 28.8518968 255 79 163
46.824361 6.14734796 28.8668731 255 79 163
46.7543275 6.25799299 28.8803079 255 79 163
46.6612482 6.35039362 28.8915273 255 79 163
46.5497905 6.4199165 28.8999689 255 79 163
46.4255434 6.46307546 28.9052094 255 79 163
46.8678369 6.2487791 27.9399595 255 79 163
46.824361 6.36495218 27.9840181 255 79 163
46.7543275 6.46916692 28.0235415 255 79 163
46.6612482 6.55619756 28.0565479 255 79 163
46.5497905 6.62168003 28.0813821 255 79 163
46.4255434 6.66233074 28.0967989 255 79 163
46.8678369 6.68526087 27.1083129 255 79 163
46.824361 6.78751425 27.1788933 255 79 163
46.7543275 6.87924212 27.2422085 255 79 163
46.6612482 6.95584487 27.2950836 255 79 163
46.5497905 7.01348132 27.3348671 255 79 163
46.4255434 7.04926132 27.3595643 255 79 163
46.8678369 7.30808532 26.4052895 255 79 163
46.824361 7.3904764 26.4982898 255 79 163
46.7543275 7.46438652 26.581717 255 79 163
46.6612482 7.5261095 26.6513879 255 79 163
46.5497905 7.5725503 26.7038087 255 79 163
46.4255434 7.60138019 26.7363509 255 79 163
46.8678369 8.08105615 25.8717462 255 79 163
46.824361 8.13879667 25.9817616 255 79 163
46.7543275 8.19059364 26.0804525 255 79 163
46.6612482 8.23384974 26.1628701 255 79 163
46.5497905 8.26639593 26.2248817 255 79 163
46.4255434 8.28660021 26.2633777 255 79 163
46.8678369 8.95925111 25.5386908 255 79 163
46.824361 8.98898539 25.6593275 255 79 163
46.7543275 9.01565896 25.7675465 255 79 163
46.6612482 9.03793429 25.857921 255 79 163
46.5497905 9.05469441 25.9259195 255 79 163
46.4255434 9.06509888 25.9681321 255 79 163
46.8825753 52.7832903 0.587838171 255 79 163
46.8678369 52.9140966 0.587838171 255 79 163
46.824361 53.0383437 0.587838171 255 79 163
46.7543275 53.1498014 0.587838171 255 79 163
46.6612482 53.2428807 0.587838171 255 79 163
46.5497905 53.3129142 0.587838171 255 79 163
46.4255434 53.3563901 0.587838171 255 79 163
46.2947371 53.3711285 0.587838171 255 79 163
46.2947371 53.3711285 15.9749495 255 79 163
46.8825753 52.7832903 15.9749495 255 79 163
46.8678369 52.9140966 15.9749495 255 79 163
46.824361 53.0383437 15.9749495 255 79 163
46.7543275 53.1498014 15.9749495 255 79 163
46.6612482 53.2428807 15.9749495 255 79 163
46.5497905 53.3129142 15.9749495 255 79 163
46.4255434 53.3563901 15.9749495 255 79 163
46.8825753 18.6501217 15.9749495 255 79 163
46.8825753 52.7832903 15.9749495 255 79 163
46.2947371 52.7832903 16.5627877 255 79 163
46.4255434 52.7832903 16.5480494 255 79 163
46.5497905 52.7832903 16.5045734 255 79 163
46.6612482 52.7832903 16.4345399 255 79 163
46.7543275 52.7832903 16.3414606 255 79 163
46.824361 52.7832903 16.2300029 255 79 163
46.8678369 52.7832903 16.1057558 255 79 163
46.2947371 18.6501217 16.5627877 255 79 163
46.8678369 18.6501217 16.1057558 255 79 163
46.824361 18.6501217 16.2300029 255 79 163
46.7543275 18.6501217 16.3414606 255 79 163
46.6612482 18.6501217 16.4345399 255 79 163
46.5497905 18.6501217 16.5045734 255 79 163
46.4255434 18.6501217 16.5480494 255 79 163
46.8825753 17.4744453 17.1506259 255 79 163
46.8678369 17.6052516 17.1506259 255 79 163
46.824361 17.7294988 17.1506259 255 79 163
46.7543275 17.8409564 17.1506259 255 79 163
46.6612482 17.9340357 17.1506259 255 79 163
46.5497905 18.0040692 17.1506259 255 79 163
46.4255434 18.0475452 17.1506259 255 79 163
46.2947371 18.0622835 17.1506259 255 79 163
46.8825753 17.503922 16.8890133 255 79 163
46.8825753 17.5908739 16.640519 255 79 163
46.8825753 17.7309409 16.4176037 255 79 163
46.8825753 17.9170995 16.2314451 255 79 163
46.8825753 18.1400148 16.0913781 255 79 163
46.8825753 18.3885091 16.0044262 255 79 163
46.8825753 18.6501217 15.9749495 255 79 163
46.8678369 18.6501217 16.1057558 255 79 163
46.824361 18.6501217 16.2300029 255 79 163
46.7543275 18.6501217 16.3414606 255 79 163
46.6612482 18.6501217 16.4345399 255 79 163
46.5497905 18.6501217 16.5045734 255 79 163
46.4255434 18.6501217 16.5480494 255 79 163
46.2947371 18.6501217 16.5627877 255 79 163
46.2947371 18.0770218 17.0198196 255 79 163
46.2947371 18.1204978 16.8955724 255 79 163
46.2947371 18.1905313 16.7841148 255 79 163
46.2947371 18.2836106 16.6910355 255 79 163
46.2947371 18.3950683 16.621002 255 79 163
46.2947371 18.5193154 16.577526 255 79 163
46.8678369 17.6314487 16.9181204 255 79 163
46.824361 17.7525807 16.945768 255 79 163
46.8678369 17.7087263 16.6972737 255 79 163
46.7543275 17.8612439 16.9705697 255 79 163
46.824361 17.8206691 16.7511826 255 79 163
46.8678369 17.8332094 16.4991601 255 79 163
46.6612482 17.9519895 16.9912818 255 79 163
46.7543275 17.921089 16.7995422 255 79 163
46.824361 17.9303497 16.5766269 255 79 163
46.5497905 18.0202671 17.0068657 255 79 163
46.8678369 17.9986559 16.3337136 255 79 163
46.6612482 18.0049505 16.8399278 255 79 163
46.7543275 18.0174908 16.6461196 255 79 163
46.4255434 18.062653 17.01654 255 79 163
46.824361 18.0761227 16.4308539 255 79 163
46.5497905 18.0680485 16.8703142 255 79 163
46.8678369 18.1967696 16.2092305 255 79 163
46.6612482 18.0902631 16.7041536 255 79 163
46.7543275 18.1456154 16.517995 255 79 163
46.4255434 18.107219 16.8891777 255 79 163
46.824361 18.2506784 16.3211733 255 79 163
46.5497905 18.1450175 16.7478188 255 79 163
46.8678369 18.4176162 16.1319529 255 79 163
46.6612482 18.2036494 16.5907673 255 79 163
46.7543275 18.299038 16.4215932 255 79 163
46.4255434 18.1790084 16.7749256 255 79 163
46.824361 18.4452638 16.2530849 255 79 163
46.5497905 18.2473146 16.6455217 255 79 163
46.6612482 18.3394236 16.5054547 255 79 163
46.7543275 18.4700655 16.3617481 255 79 163
46.4255434 18.2744214 16.6795126 255 79 163
46.5497905 18.36981 16.5685527 255 79 163
46.6612482 18.4907776 16.4524937 255 79 163
46.4255434 18.3886735 16.6077232 255 79 163
46.5497905 18.5063615 16.5207713 255 79 163
46.4255434 18.5160358 16.5631572 255 79 163
46.8825753 17.4744453 34.4598578 255 79 163
46.8825753 17.4744453 17.1506259 255 79 163
46.8678369 17.6052516 17.1506259 255 79 163
46.824361 17.7294988 17.1506259 255 79 163
46.7543275 17.8409564 17.1506259 255 79 163
46.6612482 17.9340357 17.1506259 255 79 163
46.5497905 18.0040692 17.1506259 255 79 163
46.4255434 18.0475452 17.1506259 255 79 163
46.2947371 18.0622835 17.1506259 255 79 163
46.2947371 18.0622835 34.4598578 255 79 163
46.8678369 17.6052516 34.4598578 255 79 163
46.824361 17.7294988 34.4598578 255 79 163
46.7543275 17.8409564 34.4598578 255 79 163
46.6612482 17.9340357 34.4598578 255 79 163
46.5497905 18.0040692 34.4598578 255 79 163
46.4255434 18.0475452 34.4598578 255 79 163
10.1685282 53.3711285 34.4598578 255 79 163
10.0444107 53.3563901 34.4185647 255 79 163
9.9265169 53.3129142 34.3793422 255 79 163
9.82075858 53.2428807 34.3441571 255 79 163
9.73243889 53.1498014 34.3147737 255 79 163
9.66598653 53.0383437 34.2926654 255 79 163
9.62473372 52.9140966 34.2789408 255 79 163
9.61074903 52.7832903 34.2742882 255 79 163
21.4375376 53.3711285 0.587838171 255 79 163
21.3134201 53.3563901 0.546545039 255 79 163
21.1955263 53.3129142 0.507322517 255 79 163
21.089768 53.2428807 0.472137386 255 79 163
21.0014483 53.1498014 0.442753975 255 79 163
20.934996 53.0383437 0.420645692 255 79 163
20.8937431 52.9140966 0.406921138 255 79 163
20.8797585 52.7832903 0.402268519 255 79 163
46.2947371 53.3711285 15.9749495 255 79 163
41.977828 53.3711285 15.9749495 255 79 163
41.977828 53.3563901 16.1057558 255 79 163
41.977828 53.3129142 16.2300029 255 79 163
41.977828 53.2428807 16.3414606 255 79 163
41.977828 53.1498014 16.4345399 255 79 163
41.977828 53.0383437 16.5045734 255 79 163
41.977828 52.9140966 16.5480494 255 79 163
41.977828 52.7832903 16.5627877 255 79 163
46.2947371 52.7832903 16.5627877 255 79 163
46.2947371 52.9140966 16.5480494 255 79 163
46.2947371 53.0383437 16.5045734 255 79 163
46.2947371 53.1498014 16.4345399 255 79 163
46.2947371 53.2428807 16.3414606 255 79 163
46.2947371 53.3129142 16.2300029 255 79 163
46.2947371 53.3563901 16.1057558 255 79 163
40.8021517 53.3711285 17.1506259 255 79 163
40.8021517 53.3711285 34.4598578 255 79 163
40.932958 53.3563901 34.4598578 255 79 163
41.0572051 53.3129142 34.4598578 255 79 163
41.1686628 53.2428807 34.4598578 255 79 163
41.2617421 53.1498014 34.4598578 255 79 163
41.3317756 53.0383437 34.4598578 255 79 163
41.3752515 52.9140966 34.4598578 255 79 163
41.3899898 52.7832903 34.4598578 255 79 163
41.3899898 52.7832903 17.1506259 255 79 163
40.932958 53.3563901 17.1506259 255 79 163
41.0572051 53.3129142 17.1506259 255 79 163
41.1686628 53.2428807 17.1506259 255 79 163
41.2617421 53.1498014 17.1506259 255 79 163
41.3317756 53.0383437 17.1506259 255 79 163
41.3752515 52.9140966 17.1506259 255 79 163
41.977828 53.3711285 15.9749495 255 79 163
41.977828 53.3563901 16.1057558 255 79 163
41.977828 53.3129142 16.2300029 255 79 163
41.977828 53.2428807 16.3414606 255 79 163
41.977828 53.1498014 16.4345399 255 79 163
41.977828 53.0383437 16.5045734 255 79 163
41.977828 52.9140966 16.5480494 255 79 163
41.977828 52.7832903 16.5627877 255 79 163
41.7162154 53.3711285 16.0044262 255 79 163
41.4677212 53.3711285 16.0913781 255 79 163
41.2448058 53.3711285 16.2314451 255 79 163
41.0586472 53.3711285 16.4176037 255 79 163
40.9185802 53.3711285 16.640519 255 79 163
40.8316283 53.3711285 16.8890133 255 79 163
40.8021517 53.3711285 17.1506259 255 79 163
40.932958 53.3563901 17.1506259 255 79 163
41.0572051 53.3129142 17.1506259 255 79 163
41.1686628 53.2428807 17.1506259 255 79 163
41.2617421 53.1498014 17.1506259 255 79 163
41.3317756 53.0383437 17.1506259 255 79 163
41.3752515 52.9140966 17.1506259 255 79 163
41.3899898 52.7832903 17.1506259 255 79 163
41.8470217 52.7832903 16.577526 255 79 163
41.7227746 52.7832903 16.621002 255 79 163
41.6113169 52.7832903 16.6910355 255 79 163
41.5182376 52.7832903 16.7841148 255 79 163
41.4482041 52.7832903 16.8955724 255 79 163
41.4047282 52.7832903 17.0198196 255 79 163
41.7453225 53.3563901 16.1319529 255 79 163
41.7729701 53.3129142 16.2530849 255 79 163
41.5244759 53.3563901 16.2092305 255 79 163
41.7977718 53.2428807 16.3617481 255 79 163
41.5783847 53.3129142 16.3211733 255 79 163
41.3263622 53.3563901 16.3337136 255 79 163
41.8184839 53.1498014 16.4524937 255 79 163
41.6267444 53.2428807 16.4215932 255 79 163
41.403829 53.3129142 16.4308539 255 79 163
41.8340678 53.0383437 16.5207713 255 79 163
41.1609157 53.3563901 16.4991601 255 79 163
41.66713 53.1498014 16.5054547 255 79 163
41.4733217 53.2428807 16.517995 255 79 163
41.8437421 52.9140966 16.5631572 255 79 163
41.258056 53.3129142 16.5766269 255 79 163
41.6975164 53.0383437 16.5685527 255 79 163
41.0364326 53.3563901 16.6972737 255 79 163
41.5313557 53.1498014 16.5907673 255 79 163
41.3451971 53.2428807 16.6461196 255 79 163
41.7163799 52.9140966 16.6077232 255 79 163
41.1483754 53.3129142 16.7511826 255 79 163
41.5750209 53.0383437 16.6455217 255 79 163
40.959155 53.3563901 16.9181204 255 79 163
41.4179695 53.1498014 16.7041536 255 79 163
41.2487953 53.2428807 16.7995422 255 79 163
41.6021277 52.9140966 16.6795126 255 79 163
41.080287 53.3129142 16.945768 255 79 163
41.4727239 53.0383437 16.7478188 255 79 163
41.3326569 53.1498014 16.8399278 255 79 163
41.1889502 53.2428807 16.9705697 255 79 163
41.5067147 52.9140966 16.7749256 255 79 163
41.3957549 53.0383437 16.8703142 255 79 163
41.2796958 53.1498014 16.9912818 255 79 163
41.4349253 52.9140966 16.8891777 255 79 163
41.3479734 53.0383437 17.0068657 255 79 163
41.3903594 52.9140966 17.01654 255 79 163
20.578047 33.6191731 11.573008 255 79 163
20.6532538 32.9997891 11.573008 255 79 163
20.8745036 32.4164014 11.573008 255 79 163
21.228938 31.9029145 11.573008 255 79 163
21.6959587 31.4891702 11.573008 255 79 163
22.2484241 31.199214 11.573008 255 79 163
22.8542269 31.049897 11.573008 255 79 163
23.4781601 31.049897 11.573008 255 79 163
24.0839629 31.199214 11.573008 255 79 163
24.6364283 31.4891702 11.573008 255 79 163
25.103449 31.9029145 11.573008 255 79 163
25.4578834 32.4164014 11.573008 255 79 163
25.6791332 32.9997891 11.573008 255 79 163
25.75434 33.6191731 11.573008 255 79 163
26.3421782 33.6191731 12.1608461 255 79 163
26.3274399 33.6191731 12.0300398 255 79 163
26.2839639 33.6191731 11.9057927 255 79 163
26.2139304 33.6191731 11.794335 255 79 163
26.1208511 33.6191731 11.7012557 255 79 163
26.0093934 33.6191731 11.6312222 255 79 163
25.8851463 33.6191731 11.5877463 255 79 163
19.9902088 33.6191731 12.1608461 255 79 163
20.0824972 32.8591102 12.1608461 255 79 163
20.3539987 32.1432194 12.1608461 255 79 163
20.7889348 31.5131057 12.1608461 255 79 163
21.3620286 31.0053889 12.1608461 255 79 163
22.0399738 30.6495758 12.1608461 255 79 163
22.7833709 30.4663449 12.1608461 255 79 163
23.5490162 30.4663449 12.1608461 255 79 163
24.2924132 30.6495758 12.1608461 255 79 163
24.9703584 31.0053889 12.1608461 255 79 163
25.5434522 31.5131057 12.1608461 255 79 163
25.9783883 32.1432194 12.1608461 255 79 163
26.2498898 32.8591102 12.1608461 255 79 163
20.0049472 33.6191731 12.0300398 255 79 163
20.0484231 33.6191731 11.9057927 255 79 163
20.1184566 33.6191731 11.794335 255 79 163
20.2115359 33.6191731 11.7012557 255 79 163
20.3229936 33.6191731 11.6312222 255 79 163
20.4472407 33.6191731 11.5877463 255 79 163
26.2355798 32.8626373 12.0300398 255 79 163
26.1933672 32.8730418 11.9057927 255 79 163
26.1253687 32.8898019 11.794335 255 79 163
26.0349941 32.9120772 11.7012557 255 79 163
25.9267752 32.9387508 11.6312222 255 79 163
25.8061385 32.9684851 11.5877463 255 79 163
25.9653381 32.1500686 12.0300398 255 79 163
25.9268421 32.1702729 11.9057927 255 79 163
25.8648305 32.2028191 11.794335 255 79 163
25.7824129 32.2460752 11.7012557 255 79 163
25.683722 32.2978722 11.6312222 255 79 163
25.5737067 32.3556127 11.5877463 255 79 163
25.5324204 31.522879 12.0300398 255 79 163
25.4998782 31.5517089 11.9057927 255 79 163
25.4474573 31.5981497 11.794335 255 79 163
25.3777865 31.6598726 11.7012557 255 79 163
25.2943592 31.7337828 11.6312222 255 79 163
25.2013589 31.8161738 11.5877463 255 79 163
24.9619861 31.0175183 12.0300398 255 79 163
24.937289 31.0532983 11.9057927 255 79 163
24.8975054 31.1109348 11.794335 255 79 163
24.8446303 31.1875375 11.7012557 255 79 163
24.7813152 31.2792654 11.6312222 255 79 163
24.7107347 31.3815188 11.5877463 255 79 163
24.2871869 30.6633564 12.0300398 255 79 163
24.2717701 30.7040071 11.9057927 255 79 163
24.2469359 30.7694896 11.794335 255 79 163
24.2139295 30.8565202 11.7012557 255 79 163
24.1744061 30.9607349 11.6312222 255 79 163
24.1303475 31.076908 11.5877463 255 79 163
23.5472397 30.4809758 12.0300398 255 79 163
23.5419992 30.5241347 11.9057927 255 79 163
23.5335576 30.5936576 11.794335 255 79 163
23.5223381 30.6860582 11.7012557 255 79 163
23.5089034 30.7967033 11.6312222 255 79 163
23.4939271 30.9200445 11.5877463 255 79 163
22.7851474 30.4809758 12.0300398 255 79 163
22.7903878 30.5241347 11.9057927 255 79 163
22.7988294 30.5936576 11.794335 255 79 163
22.8100489 30.6860582 11.7012557 255 79 163
22.8234836 30.7967033 11.6312222 255 79 163
22.83846 30.9200445 11.5877463 255 79 163
22.0452001 30.6633564 12.0300398 255 79 163
22.0606169 30.7040071 11.9057927 255 79 163
22.0854511 30.7694896 11.794335 255 79 163
22.1184575 30.8565202 11.7012557 255 79 163
22.1579809 30.9607349 11.6312222 255 79 163
22.2020396 31.076908 11.5877463 255 79 163
21.3704009 31.0175183 12.0300398 255 79 163
21.3950981 31.0532983 11.9057927 255 79 163
21.4348816 31.1109348 11.794335 255 79 163
21.4877567 31.1875375 11.7012557 255 79 163
21.5510719 31.2792654 11.6312222 255 79 163
21.6216523 31.3815188 11.5877463 255 79 163
20.7999666 31.522879 12.0300398 255 79 163
20.8325089 31.5517089 11.9057927 255 79 163
20.8849297 31.5981497 11.794335 255 79 163
20.9546005 31.6598726 11.7012557 255 79 163
21.0380278 31.7337828 11.6312222 255 79 163
21.1310281 31.8161738 11.5877463 255 79 163
20.3670489 32.1500686 12.0300398 255 79 163
20.4055449 32.1702729 11.9057927 255 79 163
20.4675565 32.2028191 11.794335 255 79 163
20.5499741 32.2460752 11.7012557 255 79 163
20.648665 32.2978722 11.6312222 255 79 163
20.7586804 32.3556127 11.5877463 255 79 163
20.0968072 32.8626373 12.0300398 255 79 163
20.1390199 32.8730418 11.9057927 255 79 163
20.2070183 32.8898019 11.794335 255 79 163
20.2973929 32.9120772 11.7012557 255 79 163
20.4056118 32.9387508 11.6312222 255 79 163
20.5262485 32.9684851 11.5877463 255 79 163
19.9902088 38.4456886 12.1608461 255 79 163
20.0049472 38.4456886 12.0300398 255 79 163
20.0484231 38.4456886 11.9057927 255 79 163
20.1184566 38.4456886 11.794335 255 79 163
20.2115359 38.4456886 11.7012557 255 79 163
20.3229936 38.4456886 11.6312222 255 79 163
20.4472407 38.4456886 11.5877463 255 79 163
20.578047 38.4456886 11.573008 255 79 163
20.578047 33.6191731 11.573008 255 79 163
19.9902088 33.6191731 12.1608461 255 79 163
20.0049472 33.6191731 12.0300398 255 79 163
20.0484231 33.6191731 11.9057927 255 79 163
20.1184566 33.6191731 11.794335 255 79 163
20.2115359 33.6191731 11.7012557 255 79 163
20.3229936 33.6191731 11.6312222 255 79 163
20.4472407 33.6191731 11.5877463 255 79 163
26.3421782 33.6191731 12.1608461 255 79 163
26.3274399 33.6191731 12.0300398 255 79 163
26.2839639 33.6191731 11.9057927 255 79 163
26.2139304 33.6191731 11.794335 255 79 163
26.1208511 33.6191731 11.7012557 255 79 163
26.0093934 33.6191731 11.6312222 255 79 163
25.8851463 33.6191731 11.5877463 255 79 163
25.75434 33.6191731 11.573008 255 79 163
25.75434 38.4456886 11.573008 255 79 163
26.3421782 38.4456886 12.1608461 255 79 163
26.3274399 38.4456886 12.0300398 255 79 163
26.2839639 38.4456886 11.9057927 255 79 163
26.2139304 38.4456886 11.794335 255 79 163
26.1208511 38.4456886 11.7012557 255 79 163
26.0093934 38.4456886 11.6312222 255 79 163
25.8851463 38.4456886 11.5877463 255 79 163
25.75434 38.4456886 11.573008 255 79 163
25.6791332 39.0650726 11.573008 255 79 163
25.4578834 39.6484603 11.573008 255 79 163
25.103449 40.1619472 11.573008 255 79 163
24.6364283 40.5756915 11.573008 255 79 163
24.0839629 40.8656477 11.573008 255 79 163
23.4781601 41.0149646 11.573008 255 79 163
22.8542269 41.0149646 11.573008 255 79 163
22.2484241 40.8656477 11.573008 255 79 163
21.6959587 40.5756915 11.573008 255 79 163
21.228938 40.1619472 11.573008 255 79 163
20.8745036 39.6484603 11.573008 255 79 163
20.6532538 39.0650726 11.573008 255 79 163
20.578047 38.4456886 11.573008 255 79 163
19.9902088 38.4456886 12.1608461 255 79 163
20.0049472 38.4456886 12.0300398 255 79 163
20.0484231 38.4456886 11.9057927 255 79 163
20.1184566 38.4456886 11.794335 255 79 163
20.2115359 38.4456886 11.7012557 255 79 163
20.3229936 38.4456886 11.6312222 255 79 163
20.4472407 38.4456886 11.5877463 255 79 163
26.3421782 38.4456886 12.1608461 255 79 163
26.2498898 39.2057515 12.1608461 255 79 163
25.9783883 39.9216423 12.1608461 255 79 163
25.5434522 40.551756 12.1608461 255 79 163
24.9703584 41.0594728 12.1608461 255 79 163
24.2924132 41.4152859 12.1608461 255 79 163
23.5490162 41.5985168 12.1608461 255 79 163
22.7833709 41.5985168 12.1608461 255 79 163
22.0399738 41.4152859 12.1608461 255 79 163
21.3620286 41.0594728 12.1608461 255 79 163
20.7889348 40.551756 12.1608461 255 79 163
20.3539987 39.9216423 12.1608461 255 79 163
20.0824972 39.2057515 12.1608461 255 79 163
26.3274399 38.4456886 12.0300398 255 79 163
26.2839639 38.4456886 11.9057927 255 79 163
26.2139304 38.4456886 11.794335 255 79 163
26.1208511 38.4456886 11.7012557 255 79 163
26.0093934 38.4456886 11.6312222 255 79 163
25.8851463 38.4456886 11.5877463 255 79 163
20.0968072 39.2022244 12.0300398 255 79 163
20.1390199 39.1918199 11.9057927 255 79 163
20.2070183 39.1750598 11.794335 255 79 163
20.2973929 39.1527845 11.7012557 255 79 163
20.4056118 39.1261109 11.6312222 255 79 163
20.5262485 39.0963766 11.5877463 255 79 163
20.3670489 39.9147931 12.0300398 255 79 163
20.4055449 39.8945888 11.9057927 255 79 163
20.4675565 39.8620426 11.794335 255 79 163
20.5499741 39.8187865 11.7012557 255 79 163
20.648665 39.7669895 11.6312222 255 79 163
20.7586804 39.709249 11.5877463 255 79 163
20.7999666 40.5419827 12.0300398 255 79 163
20.8325089 40.5131528 11.9057927 255 79 163
20.8849297 40.466712 11.794335 255 79 163
20.9546005 40.4049891 11.7012557 255 79 163
21.0380278 40.3310789 11.6312222 255 79 163
21.1310281 40.2486879 11.5877463 255 79 163
21.3704009 41.0473434 12.0300398 255 79 163
21.3950981 41.0115634 11.9057927 255 79 163
21.4348816 40.9539269 11.794335 255 79 163
21.4877567 40.8773242 11.7012557 255 79 163
21.5510719 40.7855963 11.6312222 255 79 163
21.6216523 40.6833429 11.5877463 255 79 163
22.0452001 41.4015053 12.0300398 255 79 163
22.0606169 41.3608546 11.9057927 255 79 163
22.0854511 41.2953721 11.794335 255 79 163
22.1184575 41.2083415 11.7012557 255 79 163
22.1579809 41.1041268 11.6312222 255 79 163
22.2020396 40.9879537 11.5877463 255 79 163
22.7851474 41.5838859 12.0300398 255 79 163
22.7903878 41.540727 11.9057927 255 79 163
22.7988294 41.4712041 11.794335 255 79 163
22.8100489 41.3788035 11.7012557 255 79 163
22.8234836 41.2681584 11.6312222 255 79 163
22.83846 41.1448172 11.5877463 255 79 163
23.5472397 41.5838859 12.0300398 255 79 163
23.5419992 41.540727 11.9057927 255 79 163
23.5335576 41.4712041 11.794335 255 79 163
23.5223381 41.3788035 11.7012557 255 79 163
23.5089034 41.2681584 11.6312222 255 79 163
23.4939271 41.1448172 11.5877463 255 79 163
24.2871869 41.4015053 12.0300398 255 79 163
24.2717701 41.3608546 11.9057927 255 79 163
24.2469359 41.2953721 11.794335 255 79 163
24.2139295 41.2083415 11.7012557 255 79 163
24.1744061 41.1041268 11.6312222 255 79 163
24.1303475 40.9879537 11.5877463 255 79 163
24.9619861 41.0473434 12.0300398 255 79 163
24.937289 41.0115634 11.9057927 255 79 163
24.8975054 40.9539269 11.794335 255 79 163
24.8446303 40.8773242 11.7012557 255 79 163
24.7813152 40.7855963 11.6312222 255 79 163
24.7107347 40.6833429 11.5877463 255 79 163
25.5324204 40.5419827 12.0300398 255 79 163
25.4998782 40.5131528 11.9057927 255 79 163
25.4474573 40.466712 11.794335 255 79 163
25.3777865 40.4049891 11.7012557 255 79 163
25.2943592 40.3310789 11.6312222 255 79 163
25.2013589 40.2486879 11.5877463 255 79 163
25.9653381 39.9147931 12.0300398 255 79 163
25.9268421 39.8945888 11.9057927 255 79 163
25.8648305 39.8620426 11.794335 255 79 163
25.7824129 39.8187865 11.7012557 255 79 163
25.683722 39.7669895 11.6312222 255 79 163
25.5737067 39.709249 11.5877463 255 79 163
26.2355798 39.2022244 12.0300398 255 79 163
26.1933672 39.1918199 11.9057927 255 79 163
26.1253687 39.1750598 11.794335 255 79 163
26.0349941 39.1527845 11.7012557 255 79 163
25.9267752 39.1261109 11.6312222 255 79 163
25.8061385 39.0963766 11.5877463 255 79 163
29.1273755 3.03086923 21.1391328 255 79 163
29.2100361 2.92949116 21.1538711 255 79 163
29.2885518 2.83319661 21.1973471 255 79 163
29.3589854 2.74681418 21.2673806 255 79 163
29.4178051 2.67467547 21.3604599 255 79 163
29.4620615 2.6203978 21.4719175 255 79 163
29.4895353 2.58670288 21.5961647 255 79 163
29.4988489 2.57528031 21.726971 255 79 163
30.1715012 3.88221757 21.1391328 255 79 163
30.2541618 3.7808395 21.1538711 255 79 163
30.3326775 3.68454495 21.1973471 255 79 163
30.4031111 3.59816253 21.2673806 255 79 163
30.4619308 3.52602381 21.3604599 255 79 163
30.5061872 3.47174614 21.4719175 255 79 163
30.533661 3.43805122 21.5961647 255 79 163
30.5429746 3.42662865 21.726971 255 79 163
29.1273755 3.03086923 21.1391328 255 79 163
28.9983341 3.0094542 21.1538711 255 79 163
28.8757634 2.989113 21.1973471 255 79 163
28.7658096 2.97086564 21.2673806 255 79 163
28.6739861 2.95562711 21.3604599 255 79 163
28.6048976 2.94416153 21.4719175 255 79 163
28.5620082 2.93704384 21.5961647 255 79 163
28.5474687 2.93463095 21.726971 255 79 163
29.1273755 3.03086923 21.1391328 255 79 163
29.2100361 2.92949116 21.1538711 255 79 163
29.2885518 2.83319661 21.1973471 255 79 163
29.3589854 2.74681418 21.2673806 255 79 163
29.4178051 2.67467547 21.3604599 255 79 163
29.4620615 2.6203978 21.4719175 255 79 163
29.4895353 2.58670288 21.5961647 255 79 163
29.4988489 2.57528031 21.726971 255 79 163
28.585193 2.80373102 21.726971 255 79 163
28.652035 2.68502952 21.726971 255 79 163
28.7444052 2.58490128 21.726971 255 79 163
28.8573427 2.50872368 21.726971 255 79 163
28.9847823 2.46058783 21.726971 255 79 163
29.1198798 2.44307885 21.726971 255 79 163
29.2553799 2.45713706 21.726971 255 79 163
29.3840055 2.50200747 21.726971 255 79 163
28.9560409 2.97052111 21.1679036 255 79 163
28.9869369 2.91565455 21.1679036 255 79 163
29.0347076 2.87463192 21.1679036 255 79 163
28.8263051 2.86133329 21.2513999 255 79 163
29.0936131 2.85238242 21.1679036 255 79 163
28.9022712 2.76873585 21.2513999 255 79 163
28.6788157 2.87287581 21.3814484 255 79 163
29.1565754 2.8515795 21.1679036 255 79 163
29.0052854 2.70763577 21.2513999 255 79 163
28.7597023 2.72923327 21.3814484 255 79 163
29.2160292 2.87231963 21.1679036 255 79 163
29.1229696 2.68537471 21.2513999 255 79 163
28.8847677 2.62183463 21.3814484 255 79 163
28.6402333 2.75655431 21.545319 255 79 163
29.2411833 2.70462751 21.2513999 255 79 163
29.0389844 2.56358469 21.3814484 255 79 163
28.7631491 2.60672851 21.545319 255 79 163
29.2038219 2.56148261 21.3814484 255 79 163
28.9298295 2.50786651 21.545319 255 79 163
29.3594738 2.61578099 21.3814484 255 79 163
29.1202467 2.47184736 21.545319 255 79 163
29.3115204 2.50299903 21.545319 255 79 163
30.1715012 3.88221757 21.1391328 255 79 163
30.2541618 3.7808395 21.1538711 255 79 163
30.3326775 3.68454495 21.1973471 255 79 163
30.4031111 3.59816253 21.2673806 255 79 163
30.4619308 3.52602381 21.3604599 255 79 163
30.5061872 3.47174614 21.4719175 255 79 163
30.533661 3.43805122 21.5961647 255 79 163
30.5429746 3.42662865 21.726971 255 79 163
30.1715012 3.88221757 21.1391328 255 79 163
30.2274472 4.00045605 21.1538711 255 79 163
30.2805878 4.11276555 21.1973471 255 79 163
30.3282583 4.21351441 21.2673806 255 79 163
30.3680684 4.29765067 21.3604599 255 79 163
30.3980218 4.36095538 21.4719175 255 79 163
30.4166165 4.40025417 21.5961647 255 79 163
30.4229201 4.41357645 21.726971 255 79 163
30.6348786 3.52050619 21.726971 255 79 163
30.7036384 3.63245011 21.726971 255 79 163
30.7458195 3.75686913 21.726971 255 79 163
30.7593152 3.88754893 21.726971 255 79 163
30.7434514 4.01796244 21.726971 255 79 163
30.6990205 4.14159591 21.726971 255 79 163
30.6282416 4.25227423 21.726971 255 79 163
30.53465 4.34446937 21.726971 255 79 163
30.3082134 3.7626048 21.1679036 255 79 163
30.3400021 3.8143581 21.1679036 255 79 163
30.3529533 3.8736977 21.1679036 255 79 163
30.4659195 3.70137584 21.2513999 255 79 163
30.3456192 3.93398976 21.1679036 255 79 163
30.509077 3.80853961 21.2513999 255 79 163
30.5294185 3.56906728 21.3814484 255 79 163
30.3188198 3.988494 21.1679036 255 79 163
30.5144955 3.92394014 21.2513999 255 79 163
30.6126422 3.70455918 21.3814484 255 79 163
30.275551 4.03111715 21.1679036 255 79 163
30.4815693 4.03467633 21.2513999 255 79 163
30.6465489 3.85991225 21.3814484 255 79 163
30.6478801 3.5896095 21.545319 255 79 163
30.4139792 4.12836853 21.2513999 255 79 163
30.6273481 4.01775892 21.3814484 255 79 163
30.7177104 3.76300412 21.545319 255 79 163
30.5571863 4.16045286 21.3814484 255 79 163
30.7264777 3.9497261 21.545319 255 79 163
30.4439071 4.27204173 21.3814484 255 79 163
30.6732019 4.12890103 21.545319 255 79 163
30.5638389 4.28049818 21.545319 255 79 163
28.8850756 4.49090545 21.1391328 255 79 163
28.7560342 4.46949042 21.1538711 255 79 163
28.6334635 4.44914923 21.1973471 255 79 163
28.5235096 4.43090187 21.2673806 255 79 163
28.4316862 4.41566334 21.3604599 255 79 163
28.3625976 4.40419776 21.4719175 255 79 163
28.3197083 4.39708007 21.5961647 255 79 163
28.3051688 4.39466717 21.726971 255 79 163
29.1273755 3.03086923 21.1391328 255 79 163
28.9983341 3.0094542 21.1538711 255 79 163
28.8757634 2.989113 21.1973471 255 79 163
28.7658096 2.97086564 21.2673806 255 79 163
28.6739861 2.95562711 21.3604599 255 79 163
28.6048976 2.94416153 21.4719175 255 79 163
28.5620082 2.93704384 21.5961647 255 79 163
28.5474687 2.93463095 21.726971 255 79 163
30.1715012 3.88221757 21.1391328 255 79 163
30.2274472 4.00045605 21.1538711 255 79 163
30.2805878 4.11276555 21.1973471 255 79 163
30.3282583 4.21351441 21.2673806 255 79 163
30.3680684 4.29765067 21.3604599 255 79 163
30.3980218 4.36095538 21.4719175 255 79 163
30.4166165 4.40025417 21.5961647 255 79 163
30.4229201 4.41357645 21.726971 255 79 163
28.8850756 4.49090545 21.1391328 255 79 163
28.9410216 4.60914393 21.1538711 255 79 163
28.9941622 4.72145343 21.1973471 255 79 163
29.0418327 4.82220229 21.2673806 255 79 163
29.0816428 4.90633855 21.3604599 255 79 163
29.1115962 4.96964326 21.4719175 255 79 163
29.1301909 5.00894205 21.5961647 255 79 163
29.1364945 5.02226433 21.726971 255 79 163
28.8850756 4.49090545 21.1391328 255 79 163
28.9410216 4.60914393 21.1538711 255 79 163
28.9941622 4.72145343 21.1973471 255 79 163
29.0418327 4.82220229 21.2673806 255 79 163
29.0816428 4.90633855 21.3604599 255 79 163
29.1115962 4.96964326 21.4719175 255 79 163
29.1301909 5.00894205 21.5961647 255 79 163
29.1364945 5.02226433 21.726971 255 79 163
28.8850756 4.49090545 21.1391328 255 79 163
28.7560342 4.46949042 21.1538711 255 79 163
28.6334635 4.44914923 21.1973471 255 79 163
28.5235096 4.43090187 21.2673806 255 79 163
28.4316862 4.41566334 21.3604599 255 79 163
28.3625976 4.40419776 21.4719175 255 79 163
28.3197083 4.39708007 21.5961647 255 79 163
28.3051688 4.39466717 21.726971 255 79 163
29.0018821 5.06702172 21.726971 255 79 163
28.8604674 5.07822832 21.726971 255 79 163
28.7204857 5.0552315 21.726971 255 79 163
28.5900892 4.9993705 21.726971 255 79 163
28.4768715 4.91389846 21.726971 255 79 163
28.387426 4.80379294 21.726971 255 79 163
28.3269617 4.67546605 21.726971 255 79 163
28.2989999 4.53639107 21.726971 255 79 163
28.9363983 4.66515651 21.1679036 255 79 163
28.8806083 4.6725025 21.1679036 255 79 163
28.8252471 4.66242218 21.1679036 255 79 163
28.930182 4.83347119 21.2513999 255 79 163
28.775627 4.63588287 21.1679036 255 79 163
28.8231797 4.83083892 21.2513999 255 79 163
29.01944 4.94710064 21.3814484 255 79 163
28.7365099 4.59543133 21.1679036 255 79 163
28.7221169 4.79558616 21.2513999 255 79 163
28.8733801 4.96633269 21.3814484 255 79 163
28.7116493 4.54494933 21.1679036 255 79 163
28.6366919 4.73109581 21.2513999 255 79 163
28.7284424 4.93994207 21.3814484 255 79 163
28.9580593 5.04518846 21.545319 255 79 163
28.7034309 4.48928121 21.1679036 255 79 163
28.5751021 4.64355645 21.2513999 255 79 163
28.5985355 4.87046127 21.3814484 255 79 163
28.7849259 5.04092936 21.545319 255 79 163
28.5432579 4.54136848 21.2513999 255 79 163
28.4961254 4.76455775 21.3814484 255 79 163
28.6214029 4.98388919 21.545319 255 79 163
28.4310395 4.63239417 21.3814484 255 79 163
28.4831823 4.87954161 21.545319 255 79 163
28.4095236 4.48665313 21.3814484 255 79 163
28.383528 4.73789995 21.545319 255 79 163
28.3320029 4.57255635 21.545319 255 79 163
41.977828 52.7832903 16.5627877 255 79 163
41.8470217 52.7832903 16.577526 255 79 163
41.7227746 52.7832903 16.621002 255 79 163
41.6113169 52.7832903 16.6910355 255 79 163
41.5182376 52.7832903 16.7841148 255 79 163
41.4482041 52.7832903 16.8955724 255 79 163
41.4047282 52.7832903 17.0198196 255 79 163
41.3899898 52.7832903 17.1506259 255 79 163
41.977828 18.6501217 16.5627877 255 79 163
41.8470217 18.6501217 16.577526 255 79 163
41.7227746 18.6501217 16.621002 255 79 163
41.6113169 18.6501217 16.6910355 255 79 163
41.5182376 18.6501217 16.7841148 255 79 163
41.4482041 18.6501217 16.8955724 255 79 163
41.4047282 18.6501217 17.0198196 255 79 163
41.3899898 18.6501217 17.1506259 255 79 163
41.977828 18.0622835 17.1506259 255 79 163
41.977828 18.0770218 17.0198196 255 79 163
41.977828 18.1204978 16.8955724 255 79 163
41.977828 18.1905313 16.7841148 255 79 163
41.977828 18.2836106 16.6910355 255 79 163
41.977828 18.3950683 16.621002 255 79 163
41.977828 18.5193154 16.577526 255 79 163
41.977828 18.6501217 16.5627877 255 79 163
41.977828 18.0622835 17.1506259 255 79 163
41.8470217 18.0770218 17.1506259 255 79 163
41.7227746 18.1204978 17.1506259 255 79 163
41.6113169 18.1905313 17.1506259 255 79 163
41.5182376 18.2836106 17.1506259 255 79 163
41.4482041 18.3950683 17.1506259 255 79 163
41.4047282 18.5193154 17.1506259 255 79 163
41.3899898 18.6501217 17.1506259 255 79 163
41.8470217 18.6501217 16.577526 255 79 163
41.7227746 18.6501217 16.621002 255 79 163
41.6113169 18.6501217 16.6910355 255 79 163
41.5182376 18.6501217 16.7841148 255 79 163
41.4482041 18.6501217 16.8955724 255 79 163
41.4047282 18.6501217 17.0198196 255 79 163
41.9494114 18.0910544 16.9712103 255 79 163
41.8953597 18.0910544 16.9887728 255 79 163
41.8493807 18.0910544 17.0221785 255 79 163
41.8710556 18.1745506 16.8220143 255 79 163
41.8159749 18.0910544 17.0681576 255 79 163
41.7747349 18.1745506 16.8710922 255 79 163
41.9034323 18.3045991 16.6809099 255 79 163
41.7984125 18.0910544 17.1222092 255 79 163
41.6982943 18.1745506 16.9475328 255 79 163
41.7619233 18.3045991 16.7268889 255 79 163
41.6492165 18.1745506 17.0438535 255 79 163
41.6415485 18.3045991 16.8143463 255 79 163
41.8050667 18.4684697 16.6189212 255 79 163
41.5540911 18.3045991 16.9347211 255 79 163
41.6492165 18.4684697 16.6983309 255 79 163
41.508112 18.3045991 17.0762302 255 79 163
41.525533 18.4684697 16.8220143 255 79 163
41.4461234 18.4684697 16.9778646 255 79 163
41.977828 18.0622835 17.1506259 255 79 163
41.977828 18.0770218 17.0198196 255 79 163
41.977828 18.1204978 16.8955724 255 79 163
41.977828 18.1905313 16.7841148 255 79 163
41.977828 18.2836106 16.6910355 255 79 163
41.977828 18.3950683 16.621002 255 79 163
41.977828 18.5193154 16.577526 255 79 163
41.977828 18.6501217 16.5627877 255 79 163
46.2947371 18.6501217 16.5627877 255 79 163
46.2947371 18.0622835 17.1506259 255 79 163
46.2947371 18.0770218 17.0198196 255 79 163
46.2947371 18.1204978 16.8955724 255 79 163
46.2947371 18.1905313 16.7841148 255 79 163
46.2947371 18.2836106 16.6910355 255 79 163
46.2947371 18.3950683 16.621002 255 79 163
46.2947371 18.5193154 16.577526 255 79 163
46.2947371 10.8916327 25.8825111 218 222 230
19.1923972 10.8916327 25.8825111 218 222 230
19.1923972 11.7146394 25.9824422 218 222 230
19.1923972 12.4898159 26.2764278 218 222 230
19.1923972 13.1721119 26.7473827 218 222 230
19.1923972 13.7218747 27.3679366 218 222 230
19.1923972 14.1071541 28.1020252 218 222 230
19.1923972 14.3055591 28.9069859 218 222 230
19.1923972 14.3055591 29.7360373 218 222 230
19.1923972 14.1071541 30.540998 218 222 230
19.1923972 13.7218747 31.2750866 218 222 230
19.1923972 13.1721119 31.8956405 218 222 230
19.1923972 12.4898159 32.3665954 218 222 230
19.1923972 11.7146394 32.6605811 218 222 230
19.1923972 10.8916327 32.7605122 218 222 230
46.2947371 10.8916327 32.7605122 218 222 230
46.2947371 11.7146394 25.9824422 218 222 230
46.2947371 12.4898159 26.2764278 218 222 230
46.2947371 13.1721119 26.7473827 218 222 230
46.2947371 13.7218747 27.3679366 218 222 230
46.2947371 14.1071541 28.1020252 218 222 230
46.2947371 14.3055591 28.9069859 218 222 230
46.2947371 14.3055591 29.7360373 218 222 230
46.2947371 14.1071541 30.540998 218 222 230
46.2947371 13.7218747 31.2750866 218 222 230
46.2947371 13.1721119 31.8956405 218 222 230
46.2947371 12.4898159 32.3665954 218 222 230
46.2947371 11.7146394 32.6605811 218 222 230
46.2947371 9.8916327 25.8825111 218 222 230
19.1923972 9.8916327 25.8825111 218 222 230
19.1923972 10.8916327 25.8825111 218 222 230
46.2947371 10.8916327 25.8825111 218 222 230
46.2947371 10.8916327 32.7605122 218 222 230
19.1923972 10.8916327 32.7605122 218 222 230
19.1923972 9.8916327 32.7605122 218 222 230
46.2947371 9.8916327 32.7605122 218 222 230
46.2947371 9.8916327 32.7605122 218 222 230
19.1923972 9.8916327 32.7605122 218 222 230
19.1923972 9.068626 32.6605811 218 222 230
19.1923972 8.29344945 32.3665954 218 222 230
19.1923972 7.61115351 31.8956405 218 222 230
19.1923972 7.06139073 31.2750866 218 222 230
19.1923972 6.67611132 30.540998 218 222 230
19.1923972 6.47770633 29.7360373 218 222 230
19.1923972 6.47770633 28.9069859 218 222 230
19.1923972 6.67611132 28.1020252 218 222 230
19.1923972 7.06139073 27.3679366 218 222 230
19.1923972 7.61115351 26.7473827 218 222 230
19.1923972 8.29344945 26.2764278 218 222 230
19.1923972 9.068626 25.9824422 218 222 230
19.1923972 9.8916327 25.8825111 218 222 230
46.2947371 9.8916327 25.8825111 218 222 230
46.2947371 9.068626 32.6605811 218 222 230
46.2947371 8.29344945 32.3665954 218 222 230
46.2947371 7.61115351 31.8956405 218 222 230
46.2947371 7.06139073 31.2750866 218 222 230
46.2947371 6.67611132 30.540998 218 222 230
46.2947371 6.47770633 29.7360373 218 222 230
46.2947371 6.47770633 28.9069859 218 222 230
46.2947371 6.67611132 28.1020252 218 222 230
46.2947371 7.06139073 27.3679366 218 222 230
46.2947371 7.61115351 26.7473827 218 222 230
46.2947371 8.29344945 26.2764278 218 222 230
46.2947371 9.068626 25.9824422 218 222 230
46.8825753 52.7832903 15.9749495 255 79 163
46.8678369 52.9140966 15.9749495 255 79 163
46.824361 53.0383437 15.9749495 255 79 163
46.7543275 53.1498014 15.9749495 255 79 163
46.6612482 53.2428807 15.9749495 255 79 163
46.5497905 53.3129142 15.9749495 255 79 163
46.4255434 53.3563901 15.9749495 255 79 163
46.2947371 53.3711285 15.9749495 255 79 163
46.2947371 52.7832903 16.5627877 255 79 163
46.2947371 52.9140966 16.5480494 255 79 163
46.2947371 53.0383437 16.5045734 255 79 163
46.2947371 53.1498014 16.4345399 255 79 163
46.2947371 53.2428807 16.3414606 255 79 163
46.2947371 53.3129142 16.2300029 255 79 163
46.2947371 53.3563901 16.1057558 255 79 163
46.2947371 52.7832903 16.5627877 255 79 163
46.4255434 52.7832903 16.5480494 255 79 163
46.5497905 52.7832903 16.5045734 255 79 163
46.6612482 52.7832903 16.4345399 255 79 163
46.7543275 52.7832903 16.3414606 255 79 163
46.824361 52.7832903 16.2300029 255 79 163
46.8678369 52.7832903 16.1057558 255 79 163
46.3231537 52.9627058 16.5340168 255 79 163
46.3772054 52.9451434 16.5340168 255 79 163
46.4231844 52.9117376 16.5340168 255 79 163
46.4015095 53.1119018 16.4505206 255 79 163
46.4565902 52.8657586 16.5340168 255 79 163
46.4978302 53.0628239 16.4505206 255 79 163
46.3691328 53.2530063 16.3204721 255 79 163
46.4741526 52.8117069 16.5340168 255 79 163
46.5742708 52.9863834 16.4505206 255 79 163
46.5106418 53.2070272 16.3204721 255 79 163
46.6233486 52.8900626 16.4505206 255 79 163
46.6310166 53.1195698 16.3204721 255 79 163
46.4674984 53.3149949 16.1566015 255 79 163
46.718474 52.999195 16.3204721 255 79 163
46.6233486 53.2355852 16.1566015 255 79 163
46.7644531 52.857686 16.3204721 255 79 163
46.7470321 53.1119018 16.1566015 255 79 163
46.8264417 52.9560516 16.1566015 255 79 163
46.2947371 18.6501217 16.5627877 218 222 230
46.2947371 52.7832903 16.5627877 218 222 230
41.977828 18.6501217 16.5627877 218 222 230
41.977828 52.7832903 16.5627877 218 222 230
20.578047 33.6191731 11.573008 218 222 230
20.6532538 32.9997891 11.573008 218 222 230
20.8745036 32.4164014 11.573008 218 222 230
21.228938 31.9029145 11.573008 218 222 230
21.6959587 31.4891702 11.573008 218 222 230
22.2484241 31.199214 11.573008 218 222 230
22.8542269 31.049897 11.573008 218 222 230
23.4781601 31.049897 11.573008 218 222 230
24.0839629 31.199214 11.573008 218 222 230
24.6364283 31.4891702 11.573008 218 222 230
25.103449 31.9029145 11.573008 218 222 230
25.4578834 32.4164014 11.573008 218 222 230
25.6791332 32.9997891 11.573008 218 222 230
25.75434 33.6191731 11.573008 218 222 230
25.75434 38.4456886 11.573008 218 222 230
25.6791332 39.0650726 11.573008 218 222 230
25.4578834 39.6484603 11.573008 218 222 230
25.103449 40.1619472 11.573008 218 222 230
24.6364283 40.5756915 11.573008 218 222 230
24.0839629 40.8656477 11.573008 218 222 230
23.4781601 41.0149646 11.573008 218 222 230
22.8542269 41.0149646 11.573008 218 222 230
22.2484241 40.8656477 11.573008 218 222 230
21.6959587 40.5756915 11.573008 218 222 230
21.228938 40.1619472 11.573008 218 222 230
20.8745036 39.6484603 11.573008 218 222 230
20.6532538 39.0650726 11.573008 218 222 230
20.578047 38.4456886 11.573008 218 222 230
29.1273755 3.03086923 21.1391328 218 222 230
30.1715012 3.88221757 21.1391328 218 222 230
28.8850756 4.49090545 21.1391328 218 222 230
18.604559 10.8916327 26.4703492 255 79 163
18.604559 11.5739605 26.5531988 255 79 163
18.604559 12.2166339 26.7969327 255 79 163
18.604559 12.7823031 27.1873859 255 79 163
18.604559 13.2380933 27.7018668 255 79 163
18.604559 13.5575158 28.3104755 255 79 163
18.604559 13.7220069 28.977842 255 79 163
18.604559 13.7220069 29.6651813 255 79 163
18.604559 13.5575158 30.3325477 255 79 163
18.604559 13.2380933 30.9411564 255 79 163
18.604559 12.7823031 31.4556373 255 79 163
18.604559 12.2166339 31.8460905 255 79 163
18.604559 11.5739605 32.0898244 255 79 163
18.604559 10.8916327 32.172674 255 79 163
19.1923972 10.8916327 32.7605122 255 79 163
19.0615909 10.8916327 32.7457738 255 79 163
18.9373438 10.8916327 32.7022979 255 79 163
18.8258861 10.8916327 32.6322644 255 79 163
18.7328068 10.8916327 32.5391851 255 79 163
18.6627733 10.8916327 32.4277274 255 79 163
18.6192973 10.8916327 32.3034803 255 79 163
19.1923972 10.8916327 25.8825111 255 79 163
19.1923972 11.7146394 25.9824422 255 79 163
19.1923972 12.4898159 26.2764278 255 79 163
19.1923972 13.1721119 26.7473827 255 79 163
19.1923972 13.7218747 27.3679366 255 79 163
19.1923972 14.1071541 28.1020252 255 79 163
19.1923972 14.3055591 28.9069859 255 79 163
19.1923972 14.3055591 29.7360373 255 79 163
19.1923972 14.1071541 30.540998 255 79 163
19.1923972 13.7218747 31.2750866 255 79 163
19.1923972 13.1721119 31.8956405 255 79 163
19.1923972 12.4898159 32.3665954 255 79 163
19.1923972 11.7146394 32.6605811 255 79 163
19.0615909 10.8916327 25.8972494 255 79 163
18.9373438 10.8916327 25.9407253 255 79 163
18.8258861 10.8916327 26.0107588 255 79 163
18.7328068 10.8916327 26.1038381 255 79 163
18.6627733 10.8916327 26.2152958 255 79 163
18.6192973 10.8916327 26.3395429 255 79 163
19.0615909 11.7111123 32.646271 255 79 163
18.9373438 11.7007078 32.6040584 255 79 163
18.8258861 11.6839477 32.5360599 255 79 163
18.7328068 11.6616724 32.4456853 255 79 163
18.6627733 11.6349988 32.3374664 255 79 163
18.6192973 11.6052645 32.2168297 255 79 163
19.0615909 12.4829667 32.3535452 255 79 163
18.9373438 12.4627624 32.3150492 255 79 163
18.8258861 12.4302162 32.2530376 255 79 163
18.7328068 12.3869601 32.17062 255 79 163
18.6627733 12.3351632 32.0719291 255 79 163
18.6192973 12.2774226 31.9619137 255 79 163
19.0615909 13.1623386 31.8846087 255 79 163
18.9373438 13.1335087 31.8520665 255 79 163
18.8258861 13.0870679 31.7996456 255 79 163
18.7328068 13.0253449 31.7299748 255 79 163
18.6627733 12.9514348 31.6465475 255 79 163
18.6192973 12.8690437 31.5535472 255 79 163
19.0615909 13.7097453 31.2667143 255 79 163
18.9373438 13.6739653 31.2420171 255 79 163
18.8258861 13.6163288 31.2022335 255 79 163
18.7328068 13.5397261 31.1493585 255 79 163
18.6627733 13.4479982 31.0860433 255 79 163
18.6192973 13.3457448 31.0154629 255 79 163
19.0615909 14.0933735 30.5357717 255 79 163
18.9373438 14.0527228 30.5203549 255 79 163
18.8258861 13.9872403 30.4955207 255 79 163
18.7328068 13.9002097 30.4625143 255 79 163
18.6627733 13.7959949 30.4229909 255 79 163
18.6192973 13.6798219 30.3789323 255 79 163
19.0615909 14.2909282 29.7342608 255 79 163
18.9373438 14.2477692 29.7290204 255 79 163
18.8258861 14.1782464 29.7205788 255 79 163
18.7328068 14.0858457 29.7093593 255 79 163
18.6627733 13.9752007 29.6959245 255 79 163
18.6192973 13.8518595 29.6809482 255 79 163
19.0615909 14.2909282 28.9087624 255 79 163
18.9373438 14.2477692 28.9140029 255 79 163
18.8258861 14.1782464 28.9224445 255 79 163
18.7328068 14.0858457 28.9336639 255 79 163
18.6627733 13.9752007 28.9470987 255 79 163
18.6192973 13.8518595 28.962075 255 79 163
19.0615909 14.0933735 28.1072515 255 79 163
18.9373438 14.0527228 28.1226683 255 79 163
18.8258861 13.9872403 28.1475025 255 79 163
18.7328068 13.9002097 28.1805089 255 79 163
18.6627733 13.7959949 28.2200323 255 79 163
18.6192973 13.6798219 28.2640909 255 79 163
19.0615909 13.7097453 27.376309 255 79 163
18.9373438 13.6739653 27.4010061 255 79 163
18.8258861 13.6163288 27.4407897 255 79 163
18.7328068 13.5397261 27.4936647 255 79 163
18.6627733 13.4479982 27.5569799 255 79 163
18.6192973 13.3457448 27.6275603 255 79 163
19.0615909 13.1623386 26.7584145 255 79 163
18.9373438 13.1335087 26.7909567 255 79 163
18.8258861 13.0870679 26.8433776 255 79 163
18.7328068 13.0253449 26.9130484 255 79 163
18.6627733 12.9514348 26.9964757 255 79 163
18.6192973 12.8690437 27.089476 255 79 163
19.0615909 12.4829667 26.289478 255 79 163
18.9373438 12.4627624 26.327974 255 79 163
18.8258861 12.4302162 26.3899856 255 79 163
18.7328068 12.3869601 26.4724032 255 79 163
18.6627733 12.3351632 26.5710941 255 79 163
18.6192973 12.2774226 26.6811095 255 79 163
19.0615909 11.7111123 25.9967522 255 79 163
18.9373438 11.7007078 26.0389648 255 79 163
18.8258861 11.6839477 26.1069633 255 79 163
18.7328068 11.6616724 26.1973379 255 79 163
18.6627733 11.6349988 26.3055568 255 79 163
18.6192973 11.6052645 26.4261935 255 79 163
19.1923972 9.8916327 25.8825111 255 79 163
19.0615909 9.8916327 25.8972494 255 79 163
18.9373438 9.8916327 25.9407253 255 79 163
18.8258861 9.8916327 26.0107588 255 79 163
18.7328068 9.8916327 26.1038381 255 79 163
18.6627733 9.8916327 26.2152958 255 79 163
18.6192973 9.8916327 26.3395429 255 79 163
18.604559 9.8916327 26.4703492 255 79 163
18.604559 10.8916327 26.4703492 255 79 163
19.1923972 10.8916327 25.8825111 255 79 163
19.0615909 10.8916327 25.8972494 255 79 163
18.9373438 10.8916327 25.9407253 255 79 163
18.8258861 10.8916327 26.0107588 255 79 163
18.7328068 10.8916327 26.1038381 255 79 163
18.6627733 10.8916327 26.2152958 255 79 163
18.6192973 10.8916327 26.3395429 255 79 163
19.1923972 10.8916327 32.7605122 255 79 163
19.0615909 10.8916327 32.7457738 255 79 163
18.9373438 10.8916327 32.7022979 255 79 163
18.8258861 10.8916327 32.6322644 255 79 163
18.7328068 10.8916327 32.5391851 255 79 163
18.6627733 10.8916327 32.4277274 255 79 163
18.6192973 10.8916327 32.3034803 255 79 163
18.604559 10.8916327 32.172674 255 79 163
18.604559 9.8916327 32.172674 255 79 163
19.1923972 9.8916327 32.7605122 255 79 163
19.0615909 9.8916327 32.7457738 255 79 163
18.9373438 9.8916327 32.7022979 255 79 163
18.8258861 9.8916327 32.6322644 255 79 163
18.7328068 9.8916327 32.5391851 255 79 163
18.6627733 9.8916327 32.4277274 255 79 163
18.6192973 9.8916327 32.3034803 255 79 163
18.604559 9.8916327 32.172674 255 79 163
18.604559 9.20930488 32.0898244 255 79 163
18.604559 8.56663147 31.8460905 255 79 163
18.604559 8.00096232 31.4556373 255 79 163
18.604559 7.54517206 30.9411564 255 79 163
18.604559 7.22574956 30.3325477 255 79 163
18.604559 7.0612585 29.6651813 255 79 163
18.604559 7.0612585 28.977842 255 79 163
18.604559 7.22574956 28.3104755 255 79 163
18.604559 7.54517206 27.7018668 255 79 163
18.604559 8.00096232 27.1873859 255 79 163
18.604559 8.56663147 26.7969327 255 79 163
18.604559 9.20930488 26.5531988 255 79 163
18.604559 9.8916327 26.4703492 255 79 163
19.1923972 9.8916327 25.8825111 255 79 163
19.0615909 9.8916327 25.8972494 255 79 163
18.9373438 9.8916327 25.9407253 255 79 163
18.8258861 9.8916327 26.0107588 255 79 163
18.7328068 9.8916327 26.1038381 255 79 163
18.6627733 9.8916327 26.2152958 255 79 163
18.6192973 9.8916327 26.3395429 255 79 163
19.1923972 9.8916327 32.7605122 255 79 163
19.1923972 9.068626 32.6605811 255 79 163
19.1923972 8.29344945 32.3665954 255 79 163
19.1923972 7.61115351 31.8956405 255 79 163
19.1923972 7.06139073 31.2750866 255 79 163
19.1923972 6.67611132 30.540998 255 79 163
19.1923972 6.47770633 29.7360373 255 79 163
19.1923972 6.47770633 28.9069859 255 79 163
19.1923972 6.67611132 28.1020252 255 79 163
19.1923972 7.06139073 27.3679366 255 79 163
19.1923972 7.61115351 26.7473827 255 79 163
19.1923972 8.29344945 26.2764278 255 79 163
19.1923972 9.068626 25.9824422 255 79 163
19.0615909 9.8916327 32.7457738 255 79 163
18.9373438 9.8916327 32.7022979 255 79 163
18.8258861 9.8916327 32.6322644 255 79 163
18.7328068 9.8916327 32.5391851 255 79 163
18.6627733 9.8916327 32.4277274 255 79 163
18.6192973 9.8916327 32.3034803 255 79 163
19.0615909 9.07215311 25.9967522 255 79 163
18.9373438 9.08255759 26.0389648 255 79 163
18.8258861 9.0993177 26.1069633 255 79 163
18.7328068 9.12159303 26.1973379 255 79 163
18.6627733 9.1482666 26.3055568 255 79 163
18.6192973 9.17800088 26.4261935 255 79 163
19.0615909 8.3002987 26.289478 255 79 163
18.9373438 8.32050298 26.327974 255 79 163
18.8258861 8.35304917 26.3899856 255 79 163
18.7328068 8.39630527 26.4724032 255 79 163
18.6627733 8.44810224 26.5710941 255 79 163
18.6192973 8.50584275 26.6811095 255 79 163
19.0615909 7.62092683 26.7584145 255 79 163
18.9373438 7.64975672 26.7909567 255 79 163
18.8258861 7.69619752 26.8433776 255 79 163
18.7328068 7.7579205 26.9130484 255 79 163
18.6627733 7.83183062 26.9964757 255 79 163
18.6192973 7.9142217 27.089476 255 79 163
19.0615909 7.07352014 27.376309 255 79 163
18.9373438 7.10930014 27.4010061 255 79 163
18.8258861 7.16693658 27.4407897 255 79 163
18.7328068 7.24353933 27.4936647 255 79 163
18.6627733 7.33526721 27.5569799 255 79 163
18.6192973 7.43752059 27.6275603 255 79 163
19.0615909 6.6898919 28.1072515 255 79 163
18.9373438 6.73054262 28.1226683 255 79 163
18.8258861 6.79602508 28.1475025 255 79 163
18.7328068 6.88305572 28.1805089 255 79 163
18.6627733 6.98727047 28.2200323 255 79 163
18.6192973 7.10344355 28.2640909 255 79 163
19.0615909 6.4923372 28.9087624 255 79 163
18.9373438 6.53549616 28.9140029 255 79 163
18.8258861 6.60501904 28.9224445 255 79 163
18.7328068 6.69741967 28.9336639 255 79 163
18.6627733 6.8080647 28.9470987 255 79 163
18.6192973 6.93140593 28.962075 255 79 163
19.0615909 6.4923372 29.7342608 255 79 163
18.9373438 6.53549616 29.7290204 255 79 163
18.8258861 6.60501904 29.7205788 255 79 163
18.7328068 6.69741967 29.7093593 255 79 163
18.6627733 6.8080647 29.6959245 255 79 163
18.6192973 6.93140593 29.6809482 255 79 163
19.0615909 6.6898919 30.5357717 255 79 163
18.9373438 6.73054262 30.5203549 255 79 163
18.8258861 6.79602508 30.4955207 255 79 163
18.7328068 6.88305572 30.4625143 255 79 163
18.6627733 6.98727047 30.4229909 255 79 163
18.6192973 7.10344355 30.3789323 255 79 163
19.0615909 7.07352014 31.2667143 255 79 163
18.9373438 7.10930014 31.2420171 255 79 163
18.8258861 7.16693658 31.2022335 255 79 163
18.7328068 7.24353933 31.1493585 255 79 163
18.6627733 7.33526721 31.0860433 255 79 163
18.6192973 7.43752059 31.0154629 255 79 163
19.0615909 7.62092683 31.8846087 255 79 163
18.9373438 7.64975672 31.8520665 255 79 163
18.8258861 7.69619752 31.7996456 255 79 163
18.7328068 7.7579205 31.7299748 255 79 163
18.6627733 7.83183062 31.6465475 255 79 163
18.6192973 7.9142217 31.5535472 255 79 163
19.0615909 8.3002987 32.3535452 255 79 163
18.9373438 8.32050298 32.3150492 255 79 163
18.8258861 8.35304917 32.2530376 255 79 163
18.7328068 8.39630527 32.17062 255 79 163
18.6627733 8.44810224 32.0719291 255 79 163
18.6192973 8.50584275 31.9619137 255 79 163
19.0615909 9.07215311 32.646271 255 79 163
18.9373438 9.08255759 32.6040584 255 79 163
18.8258861 9.0993177 32.5360599 255 79 163
18.7328068 9.12159303 32.4456853 255 79 163
18.6627733 9.1482666 32.3374664 255 79 163
18.6192973 9.17800088 32.2168297 255 79 163
18.604559 9.8916327 32.172674 218 222 230
18.604559 9.20930488 32.0898244 218 222 230
18.604559 8.56663147 31.8460905 218 222 230
18.604559 8.00096232 31.4556373 218 222 230
18.604559 7.54517206 30.9411564 218 222 230
18.604559 7.22574956 30.3325477 218 222 230
18.604559 7.0612585 29.6651813 218 222 230
18.604559 7.0612585 28.977842 218 222 230
18.604559 7.22574956 28.3104755 218 222 230
18.604559 7.54517206 27.7018668 218 222 230
18.604559 8.00096232 27.1873859 218 222 230
18.604559 8.56663147 26.7969327 218 222 230
18.604559 9.20930488 26.5531988 218 222 230
18.604559 9.8916327 26.4703492 218 222 230
18.604559 10.8916327 26.4703492 218 222 230
18.604559 11.5739605 26.5531988 218 222 230
18.604559 12.2166339 26.7969327 218 222 230
18.604559 12.7823031 27.1873859 218 222 230
18.604559 13.2380933 27.7018668 218 222 230
18.604559 13.5575158 28.3104755 218 222 230
18.604559 13.7220069 28.977842 218 222 230
18.604559 13.7220069 29.6651813 218 222 230
18.604559 13.5575158 30.3325477 218 222 230
18.604559 13.2380933 30.9411564 218 222 230
18.604559 12.7823031 31.4556373 218 222 230
18.604559 12.2166339 31.8460905 218 222 230
18.604559 11.5739605 32.0898244 218 222 230
18.604559 10.8916327 32.172674 218 222 230
3 1 2 0
3 1 3 2
3 5 4 12
3 19 5 12
3 18 12 11
3 18 19 12
3 17 11 10
3 17 18 11
3 16 10 9
3 16 17 10
3 15 9 8
3 15 16 9
3 14 8 7
3 14 15 8
3 13 7 6
3 13 14 7
3 28 29 30
3 27 30 31
3 27 28 30
3 26 31 32
3 26 27 31
3 25 32 33
3 25 26 32
3 24 33 34
3 24 25 33
3 23 34 35
3 23 24 34
3 22 35 20
3 22 23 35
3 21 22 20
3 50 43 42
3 50 51 43
3 49 42 41
3 49 50 42
3 48 40 39
3 48 41 40
3 48 49 41
3 47 39 38
3 47 48 39
3 46 47 38
3 45 37 36
3 45 38 37
3 45 46 38
3 44 45 36
3 55 54 61
3 55 61 67
3 56 67 66
3 56 55 67
3 57 66 65
3 57 56 66
3 58 65 64
3 58 57 65
3 59 64 63
3 59 58 64
3 60 63 62
3 60 59 63
3 53 62 52
3 53 60 62
3 74 75 82
3 68 69 89
3 90 78 77
3 91 77 76
3 91 90 77
3 92 76 83
3 92 91 76
3 93 79 78
3 93 90 91
3 93 78 90
3 94 83 84
3 94 92 83
3 95 91 92
3 95 93 91
3 96 80 79
3 96 81 80
3 96 79 93
3 97 84 85
3 97 94 84
3 98 95 92
3 98 92 94
3 99 93 95
3 99 96 93
3 100 85 86
3 100 98 94
3 100 97 85
3 100 94 97
3 101 95 98
3 101 99 95
3 102 73 74
3 102 82 81
3 102 81 96
3 102 96 99
3 102 74 82
3 103 98 100
3 103 101 98
3 104 72 73
3 104 73 102
3 104 99 101
3 104 102 99
3 105 86 87
3 105 87 88
3 105 100 86
3 105 103 100
3 106 70 71
3 106 71 72
3 106 72 104
3 106 101 103
3 106 104 101
3 107 69 70
3 107 88 89
3 107 89 69
3 107 70 106
3 107 105 88
3 107 103 105
3 107 106 103
3 124 115 114
3 123 129 122
3 130 110 109
3 131 109 108
3 131 130 109
3 132 108 116
3 132 131 108
3 133 111 110
3 133 110 130
3 133 130 131
3 134 116 117
3 134 132 116
3 135 131 132
3 135 133 131
3 136 112 111
3 136 113 112
3 136 111 133
3 137 117 118
3 137 134 117
3 138 135 132
3 138 132 134
3 139 133 135
3 139 136 133
3 140 118 119
3 140 134 137
3 140 137 118
3 140 138 134
3 141 135 138
3 141 139 135
3 142 114 113
3 142 125 124
3 142 113 136
3 142 136 139
3 142 124 114
3 143 138 140
3 143 141 138
3 144 126 125
3 144 127 126
3 144 125 142
3 144 139 141
3 144 142 139
3 145 119 120
3 145 120 121
3 145 140 119
3 145 143 140
3 146 128 127
3 146 127 144
3 146 141 143
3 146 144 141
3 147 121 122
3 147 129 128
3 147 128 146
3 147 122 129
3 147 145 121
3 147 143 145
3 147 146 143
3 151 149 148
3 150 149 151
3 152 154 153
3 155 152 159
3 155 159 160
3 155 160 161
3 155 161 162
3 155 162 163
3 155 163 164
3 155 164 158
3 155 154 152
3 156 158 157
3 156 155 158
3 181 172 171
3 180 186 179
3 187 167 166
3 188 166 165
3 188 187 166
3 189 165 173
3 189 188 165
3 190 168 167
3 190 167 187
3 190 187 188
3 191 173 174
3 191 189 173
3 192 188 189
3 192 190 188
3 193 169 168
3 193 170 169
3 193 168 190
3 194 174 175
3 194 191 174
3 195 192 189
3 195 189 191
3 196 190 192
3 196 193 190
3 197 175 176
3 197 191 194
3 197 194 175
3 197 195 191
3 198 192 195
3 198 196 192
3 199 171 170
3 199 182 181
3 199 170 193
3 199 193 196
3 199 181 171
3 200 195 197
3 200 198 195
3 201 183 182
3 201 184 183
3 201 182 199
3 201 196 198
3 201 199 196
3 202 176 177
3 202 177 178
3 202 197 176
3 202 200 197
3 203 185 184
3 203 184 201
3 203 198 200
3 203 201 198
3 204 178 179
3 204 186 185
3 204 185 203
3 204 179 186
3 204 202 178
3 204 200 202
3 204 203 200
3 214 215 216
3 213 214 216
3 212 213 216
3 260 211 212
3 260 216 261
3 260 212 216
3 262 261 216
3 259 210 211
3 259 211 260
3 263 262 216
3 258 210 259
3 258 209 210
3 264 263 216
3 267 209 258
3 267 208 209
3 276 207 208
3 276 208 267
3 275 206 207
3 275 207 276
3 274 206 275
3 273 206 274
3 272 206 273
3 217 257 256
3 217 265 264
3 217 266 265
3 217 256 266
3 217 280 281
3 217 281 282
3 217 282 283
3 217 283 284
3 217 284 285
3 217 285 257
3 232 231 206
3 230 206 231
3 233 232 206
3 234 206 272
3 234 233 206
3 235 271 270
3 235 272 271
3 235 234 272
3 236 235 270
3 223 268 277
3 223 277 278
3 224 278 279
3 224 223 278
3 222 269 268
3 222 268 223
3 225 224 279
3 225 279 280
3 221 269 222
3 221 270 269
3 226 280 217
3 226 225 280
3 220 270 221
3 220 237 236
3 220 238 237
3 220 239 238
3 220 236 270
3 219 226 217
3 240 239 220
3 241 240 220
3 205 228 242
3 205 253 252
3 205 254 253
3 205 255 254
3 205 242 255
3 218 219 217
3 251 205 252
3 250 205 251
3 249 205 250
3 227 205 249
3 227 244 243
3 227 245 244
3 227 246 245
3 227 247 246
3 227 248 247
3 227 249 248
3 227 243 241
3 227 241 220
3 205 206 228
3 228 206 229
3 229 206 230
3 216 217 264
3 292 293 300
3 286 287 307
3 308 296 295
3 309 295 294
3 309 308 295
3 310 294 301
3 310 309 294
3 311 297 296
3 311 308 309
3 311 296 308
3 312 301 302
3 312 310 301
3 313 309 310
3 313 311 309
3 314 298 297
3 314 299 298
3 314 297 311
3 315 302 303
3 315 312 302
3 316 313 310
3 316 310 312
3 317 311 313
3 317 314 311
3 318 303 304
3 318 316 312
3 318 315 303
3 318 312 315
3 319 313 316
3 319 317 313
3 320 291 292
3 320 300 299
3 320 299 314
3 320 314 317
3 320 292 300
3 321 316 318
3 321 319 316
3 322 290 291
3 322 291 320
3 322 317 319
3 322 320 317
3 323 304 305
3 323 305 306
3 323 318 304
3 323 321 318
3 324 288 289
3 324 289 290
3 324 290 322
3 324 319 321
3 324 322 319
3 325 287 288
3 325 306 307
3 325 307 287
3 325 288 324
3 325 323 306
3 325 321 323
3 325 324 321
3 327 328 329
3 326 327 329
3 333 332 339
3 333 339 345
3 334 345 344
3 334 333 345
3 335 344 343
3 335 334 344
3 336 343 342
3 336 335 343
3 337 342 341
3 337 336 342
3 338 341 340
3 338 337 341
3 331 340 330
3 331 338 340
3 356 346 347
3 356 355 346
3 357 347 348
3 357 356 347
3 358 348 349
3 358 357 348
3 359 349 350
3 359 350 351
3 359 358 349
3 360 359 351
3 361 351 352
3 361 360 351
3 354 352 353
3 354 361 352
3 371 362 363
3 372 363 364
3 372 371 363
3 373 364 365
3 373 372 364
3 374 365 366
3 374 373 365
3 375 366 367
3 375 374 366
3 376 367 368
3 376 375 367
3 377 368 369
3 377 376 368
3 370 377 369
3 394 386 385
3 393 384 383
3 393 385 384
3 393 394 385
3 392 383 382
3 392 393 383
3 391 382 381
3 391 392 382
3 390 381 380
3 390 391 381
3 389 380 379
3 389 390 380
3 388 379 378
3 388 389 379
3 387 388 378
3 418 395 396
3 397 418 396
3 404 400 401
3 404 401 402
3 404 402 403
3 413 412 423
3 410 417 409
3 411 417 410
3 424 397 398
3 424 398 399
3 424 399 400
3 424 418 397
3 424 400 404
3 425 404 405
3 425 405 406
3 425 419 418
3 425 420 419
3 425 424 404
3 425 418 424
3 426 406 407
3 426 407 408
3 426 421 420
3 426 422 421
3 426 420 425
3 426 425 406
3 427 408 409
3 427 414 413
3 427 415 414
3 427 416 415
3 427 417 416
3 427 423 422
3 427 426 408
3 427 413 423
3 427 422 426
3 427 409 417
3 433 434 435
3 433 435 440
3 432 440 439
3 432 433 440
3 431 439 438
3 431 432 439
3 430 438 437
3 430 431 438
3 429 437 436
3 429 430 437
3 428 429 436
3 455 448 447
3 455 456 448
3 454 447 446
3 454 455 447
3 453 446 445
3 453 454 446
3 452 445 444
3 452 453 445
3 451 444 443
3 451 452 444
3 450 443 442
3 450 451 443
3 449 442 441
3 449 450 442
3 458 457 465
3 458 465 466
3 459 466 467
3 459 458 466
3 460 467 468
3 460 459 467
3 461 468 469
3 461 460 468
3 462 469 470
3 462 461 469
3 463 470 471
3 463 462 470
3 464 471 472
3 464 463 471
3 513 474 473
3 513 473 481
3 514 475 474
3 514 474 513
3 515 476 475
3 515 475 514
3 516 477 476
3 516 476 515
3 517 478 477
3 517 477 516
3 518 478 517
3 518 479 478
3 518 480 479
3 518 501 480
3 519 481 482
3 519 513 481
3 520 513 519
3 520 514 513
3 521 515 514
3 521 514 520
3 522 515 521
3 522 516 515
3 523 517 516
3 523 516 522
3 524 502 501
3 524 518 517
3 524 517 523
3 524 501 518
3 525 482 483
3 525 519 482
3 526 519 525
3 526 520 519
3 526 521 520
3 527 521 526
3 528 522 521
3 528 521 527
3 529 522 528
3 529 523 522
3 530 523 529
3 530 503 502
3 530 502 524
3 530 524 523
3 531 483 484
3 531 484 485
3 531 525 483
3 532 525 531
3 532 526 525
3 533 526 532
3 533 527 526
3 534 527 533
3 534 528 527
3 535 528 534
3 535 529 528
3 536 530 529
3 536 504 503
3 536 505 504
3 536 529 535
3 536 503 530
3 537 531 485
3 538 533 532
3 538 531 537
3 538 532 531
3 539 533 538
3 540 534 533
3 540 533 539
3 541 534 540
3 541 535 534
3 542 536 535
3 542 505 536
3 542 535 541
3 543 485 486
3 543 486 487
3 543 537 485
3 544 538 537
3 544 537 543
3 545 539 538
3 545 538 544
3 546 541 540
3 546 540 539
3 546 539 545
3 547 541 546
3 548 506 505
3 548 505 542
3 548 542 541
3 548 541 547
3 549 543 487
3 550 544 543
3 550 543 549
3 551 545 544
3 551 544 550
3 552 545 551
3 552 546 545
3 553 547 546
3 553 546 552
3 554 507 506
3 554 506 548
3 554 548 547
3 554 547 553
3 555 487 488
3 555 488 489
3 555 550 549
3 555 549 487
3 556 550 555
3 557 550 556
3 557 551 550
3 558 551 557
3 558 552 551
3 558 553 552
3 559 553 558
3 560 554 553
3 560 553 559
3 560 508 507
3 560 507 554
3 561 489 490
3 561 555 489
3 562 555 561
3 562 556 555
3 563 558 557
3 563 557 556
3 563 556 562
3 564 558 563
3 565 559 558
3 565 558 564
3 565 560 559
3 566 508 560
3 566 560 565
3 566 509 508
3 566 510 509
3 567 562 561
3 567 561 490
3 568 562 567
3 569 563 562
3 569 564 563
3 569 562 568
3 570 564 569
3 571 565 564
3 571 566 565
3 571 564 570
3 572 510 566
3 572 566 571
3 573 490 491
3 573 567 490
3 574 567 573
3 574 568 567
3 575 569 568
3 575 568 574
3 576 570 569
3 576 569 575
3 577 570 576
3 577 571 570
3 578 511 510
3 578 512 511
3 578 510 572
3 578 572 571
3 578 571 577
3 579 491 492
3 579 492 493
3 579 493 494
3 579 573 491
3 580 573 579
3 580 579 494
3 580 494 495
3 580 574 573
3 581 580 495
3 581 495 496
3 581 575 574
3 581 574 580
3 582 575 581
3 582 496 497
3 582 497 498
3 582 581 496
3 582 576 575
3 582 577 576
3 583 582 498
3 583 577 582
3 584 583 498
3 584 498 499
3 584 499 500
3 584 500 512
3 584 512 578
3 584 578 577
3 584 577 583
3 592 593 594
3 592 594 600
3 591 600 599
3 591 592 600
3 590 599 598
3 590 591 599
3 589 598 597
3 589 590 598
3 588 596 595
3 588 597 596
3 588 589 597
3 587 588 595
3 586 595 585
3 586 587 595
3 608 609 610
3 608 610 616
3 607 616 615
3 607 608 616
3 606 615 614
3 606 607 615
3 605 614 613
3 605 606 614
3 604 613 612
3 604 605 613
3 603 612 611
3 603 604 612
3 602 611 601
3 602 603 611
3 645 624 623
3 657 618 617
3 657 617 625
3 658 619 618
3 658 618 657
3 659 620 619
3 659 619 658
3 660 621 620
3 660 620 659
3 661 622 621
3 661 621 660
3 662 622 661
3 662 623 622
3 662 645 623
3 663 625 626
3 663 657 625
3 664 657 663
3 664 658 657
3 665 659 658
3 665 658 664
3 666 659 665
3 666 660 659
3 667 660 666
3 667 661 660
3 668 646 645
3 668 662 661
3 668 661 667
3 668 645 662
3 669 626 627
3 669 663 626
3 670 664 663
3 670 663 669
3 671 664 670
3 671 665 664
3 672 666 665
3 672 665 671
3 673 666 672
3 673 667 666
3 674 667 673
3 674 647 646
3 674 668 667
3 674 646 668
3 675 627 628
3 675 669 627
3 676 670 669
3 676 669 675
3 677 670 676
3 677 671 670
3 678 672 671
3 678 671 677
3 679 673 672
3 679 672 678
3 680 674 673
3 680 648 647
3 680 649 648
3 680 673 679
3 680 647 674
3 681 628 629
3 681 676 675
3 681 675 628
3 682 676 681
3 683 677 676
3 683 678 677
3 683 676 682
3 684 678 683
3 685 679 678
3 685 678 684
3 685 680 679
3 686 649 680
3 686 680 685
3 687 629 630
3 687 630 631
3 687 681 629
3 688 683 682
3 688 682 681
3 688 681 687
3 689 683 688
3 690 684 683
3 690 683 689
3 691 684 690
3 691 685 684
3 691 686 685
3 692 650 649
3 692 649 686
3 692 686 691
3 693 687 631
3 694 688 687
3 694 687 693
3 695 689 688
3 695 688 694
3 696 690 689
3 696 689 695
3 697 691 690
3 697 690 696
3 698 651 650
3 698 650 692
3 698 692 691
3 698 691 697
3 699 631 632
3 699 693 631
3 700 693 699
3 700 694 693
3 701 694 700
3 701 695 694
3 702 695 701
3 702 696 695
3 703 696 702
3 703 697 696
3 704 698 697
3 704 697 703
3 704 652 651
3 704 651 698
3 705 632 633
3 705 633 634
3 705 699 632
3 706 700 699
3 706 699 705
3 707 701 700
3 707 700 706
3 708 702 701
3 708 701 707
3 709 703 702
3 709 702 708
3 710 652 704
3 710 703 709
3 710 653 652
3 710 704 703
3 711 705 634
3 711 706 705
3 712 706 711
3 713 707 706
3 713 708 707
3 713 706 712
3 714 708 713
3 715 709 708
3 715 708 714
3 716 710 709
3 716 653 710
3 716 654 653
3 716 709 715
3 717 634 635
3 717 711 634
3 718 711 717
3 718 712 711
3 719 713 712
3 719 712 718
3 720 714 713
3 720 713 719
3 721 714 720
3 721 715 714
3 722 655 654
3 722 654 716
3 722 716 715
3 722 715 721
3 723 635 636
3 723 636 637
3 723 637 638
3 723 717 635
3 724 717 723
3 724 723 638
3 724 638 639
3 724 718 717
3 725 724 639
3 725 639 640
3 725 719 718
3 725 718 724
3 726 719 725
3 726 640 641
3 726 725 640
3 726 720 719
3 726 721 720
3 727 641 642
3 727 726 641
3 727 721 726
3 728 727 642
3 728 642 643
3 728 643 644
3 728 656 655
3 728 644 656
3 728 655 722
3 728 722 721
3 728 721 727
3 736 737 738
3 736 738 744
3 735 744 743
3 735 736 744
3 734 743 742
3 734 735 743
3 733 741 740
3 733 742 741
3 733 734 742
3 732 733 740
3 731 740 739
3 731 732 740
3 730 739 729
3 730 731 739
3 762 760 761
3 777 746 745
3 777 745 753
3 778 747 746
3 778 746 777
3 779 753 754
3 779 777 753
3 780 748 747
3 780 747 778
3 781 777 779
3 781 778 777
3 782 754 755
3 782 779 754
3 783 749 748
3 783 748 780
3 784 780 778
3 784 778 781
3 785 781 779
3 785 779 782
3 786 750 749
3 786 749 783
3 787 755 756
3 787 782 755
3 788 783 780
3 788 780 784
3 789 781 785
3 789 784 781
3 790 751 750
3 790 752 751
3 790 769 752
3 790 750 786
3 791 785 782
3 791 782 787
3 792 786 783
3 792 783 788
3 793 756 757
3 793 787 756
3 794 788 784
3 794 784 789
3 795 785 791
3 795 789 785
3 796 790 786
3 796 770 769
3 796 769 790
3 796 786 792
3 797 791 787
3 797 787 793
3 798 792 788
3 798 788 794
3 799 757 758
3 799 793 757
3 800 794 789
3 800 789 795
3 801 791 797
3 801 795 791
3 802 770 796
3 802 796 792
3 802 771 770
3 802 792 798
3 803 797 793
3 803 793 799
3 804 798 794
3 804 794 800
3 805 799 758
3 805 758 759
3 805 803 799
3 806 800 795
3 806 795 801
3 807 801 797
3 807 806 801
3 807 797 803
3 808 802 798
3 808 772 771
3 808 798 804
3 808 771 802
3 809 803 805
3 810 804 800
3 810 800 806
3 811 759 760
3 811 805 759
3 811 760 762
3 812 806 807
3 813 807 803
3 813 803 809
3 814 773 772
3 814 804 810
3 814 772 808
3 814 808 804
3 815 762 763
3 815 809 805
3 815 805 811
3 815 811 762
3 816 810 806
3 816 806 812
3 816 814 810
3 817 812 807
3 817 807 813
3 817 816 812
3 818 763 764
3 818 813 809
3 818 809 815
3 818 817 813
3 818 815 763
3 819 814 816
3 819 774 773
3 819 773 814
3 820 816 817
3 821 764 765
3 821 817 818
3 821 818 764
3 822 775 774
3 822 776 775
3 822 774 819
3 822 819 816
3 822 816 820
3 823 765 766
3 823 821 765
3 823 820 817
3 823 817 821
3 824 766 767
3 824 767 768
3 824 768 776
3 824 776 822
3 824 823 766
3 824 822 820
3 824 820 823
3 851 843 842
3 857 836 835
3 857 835 850
3 858 837 836
3 858 836 857
3 859 850 849
3 859 857 850
3 860 838 837
3 860 837 858
3 861 858 857
3 861 857 859
3 862 849 848
3 862 859 849
3 863 839 838
3 863 838 860
3 864 858 861
3 864 860 858
3 865 859 862
3 865 861 859
3 866 840 839
3 866 839 863
3 867 848 847
3 867 862 848
3 868 863 860
3 868 860 864
3 869 864 861
3 869 861 865
3 870 833 834
3 870 841 840
3 870 834 841
3 870 840 866
3 871 862 867
3 871 865 862
3 872 866 863
3 872 863 868
3 873 847 846
3 873 867 847
3 874 864 869
3 874 868 864
3 875 865 871
3 875 869 865
3 876 870 866
3 876 832 833
3 876 866 872
3 876 833 870
3 877 871 867
3 877 867 873
3 878 872 868
3 878 868 874
3 879 846 845
3 879 873 846
3 880 869 875
3 880 874 869
3 881 871 877
3 881 875 871
3 882 831 832
3 882 876 872
3 882 872 878
3 882 832 876
3 883 877 873
3 883 873 879
3 884 878 874
3 884 874 880
3 885 845 844
3 885 879 845
3 886 880 875
3 886 875 881
3 887 877 883
3 887 881 877
3 888 830 831
3 888 878 884
3 888 831 882
3 888 882 878
3 889 879 885
3 889 883 879
3 890 880 886
3 890 884 880
3 891 844 843
3 891 885 844
3 891 843 851
3 892 886 881
3 892 881 887
3 893 883 889
3 893 887 883
3 894 829 830
3 894 830 888
3 894 888 884
3 894 884 890
3 895 851 852
3 895 891 851
3 895 889 885
3 895 885 891
3 896 890 886
3 896 886 892
3 897 892 887
3 897 887 893
3 898 852 853
3 898 895 852
3 898 889 895
3 898 893 889
3 899 828 829
3 899 829 894
3 899 890 896
3 899 894 890
3 900 892 897
3 900 896 892
3 901 853 854
3 901 898 853
3 901 897 893
3 901 893 898
3 902 827 828
3 902 828 899
3 902 899 896
3 902 896 900
3 903 854 855
3 903 900 897
3 903 901 854
3 903 897 901
3 904 825 826
3 904 826 827
3 904 855 856
3 904 856 825
3 904 900 903
3 904 827 902
3 904 903 855
3 904 902 900
3 912 913 914
3 912 914 920
3 911 920 919
3 911 912 920
3 910 919 918
3 910 911 919
3 909 918 917
3 909 910 918
3 908 916 915
3 908 917 916
3 908 909 917
3 907 908 915
3 906 915 905
3 906 907 915
3 929 930 936
3 928 929 936
3 927 936 935
3 927 928 936
3 926 935 934
3 926 927 935
3 925 934 933
3 925 926 934
3 924 932 931
3 924 933 932
3 924 925 933
3 923 924 931
3 922 931 921
3 922 923 931
3 954 952 953
3 969 938 937
3 969 937 945
3 970 939 938
3 970 938 969
3 971 945 946
3 971 969 945
3 972 940 939
3 972 939 970
3 973 969 971
3 973 970 969
3 974 941 940
3 974 940 972
3 975 946 947
3 975 971 946
3 976 972 970
3 976 970 973
3 977 942 941
3 977 941 974
3 978 973 971
3 978 971 975
3 979 974 972
3 979 972 976
3 980 947 948
3 980 975 947
3 981 943 942
3 981 944 943
3 981 961 944
3 981 942 977
3 982 976 973
3 982 973 978
3 983 974 979
3 983 977 974
3 984 978 975
3 984 975 980
3 985 979 976
3 985 976 982
3 986 948 949
3 986 980 948
3 987 977 983
3 987 962 961
3 987 961 981
3 987 981 977
3 988 982 978
3 988 978 984
3 989 979 985
3 989 983 979
3 990 984 980
3 990 988 984
3 990 980 986
3 991 982 988
3 991 985 982
3 992 949 950
3 992 990 986
3 992 986 949
3 993 983 989
3 993 963 962
3 993 962 987
3 993 987 983
3 994 988 990
3 995 985 991
3 995 989 985
3 996 990 992
3 996 994 990
3 997 991 988
3 997 988 994
3 998 950 951
3 998 992 950
3 999 993 989
3 999 963 993
3 999 989 995
3 999 964 963
3 1000 994 996
3 1001 991 997
3 1001 995 991
3 1002 996 992
3 1002 992 998
3 1003 997 994
3 1003 994 1000
3 1004 998 951
3 1004 951 952
3 1004 952 954
3 1005 965 964
3 1005 999 995
3 1005 964 999
3 1005 995 1001
3 1006 1000 996
3 1006 996 1002
3 1007 1001 997
3 1007 997 1003
3 1007 1005 1001
3 1008 954 955
3 1008 1002 998
3 1008 998 1004
3 1008 1004 954
3 1008 1006 1002
3 1009 1000 1006
3 1009 1003 1000
3 1010 966 965
3 1010 1005 1007
3 1010 965 1005
3 1011 955 956
3 1011 1008 955
3 1011 1006 1008
3 1012 1007 1003
3 1012 1003 1009
3 1013 956 957
3 1013 1011 956
3 1013 1009 1006
3 1013 1006 1011
3 1014 967 966
3 1014 1007 1012
3 1014 966 1010
3 1014 1010 1007
3 1015 957 958
3 1015 1012 1009
3 1015 1013 957
3 1015 1009 1013
3 1016 958 959
3 1016 959 960
3 1016 968 967
3 1016 960 968
3 1016 967 1014
3 1016 1015 958
3 1016 1014 1012
3 1016 1012 1015
3 1028 1018 1017
3 1028 1017 1019
3 1029 1019 1020
3 1029 1028 1019
3 1030 1020 1021
3 1030 1029 1020
3 1031 1021 1022
3 1031 1030 1021
3 1032 1022 1023
3 1032 1031 1022
3 1033 1023 1024
3 1033 1032 1023
3 1034 1024 1025
3 1034 1033 1024
3 1035 1025 1026
3 1035 1034 1025
3 1027 1035 1026
3 1038 1045 1046
3 1039 1038 1046
3 1040 1046 1047
3 1040 1047 1048
3 1040 1039 1046
3 1041 1048 1049
3 1041 1040 1048
3 1042 1041 1049
3 1043 1049 1050
3 1043 1050 1051
3 1043 1042 1049
3 1044 1043 1051
3 1037 1051 1036
3 1037 1044 1051
3 1079 1052 1053
3 1054 1079 1053
3 1062 1059 1060
3 1062 1060 1061
3 1063 1058 1059
3 1063 1059 1062
3 1072 1085 1084
3 1072 1071 1085
3 1073 1072 1084
3 1077 1076 1068
3 1069 1077 1068
3 1078 1077 1069
3 1070 1078 1069
3 1086 1054 1055
3 1086 1055 1056
3 1086 1056 1057
3 1086 1057 1058
3 1086 1080 1079
3 1086 1079 1054
3 1086 1058 1063
3 1087 1080 1086
3 1087 1063 1064
3 1087 1064 1065
3 1087 1065 1066
3 1087 1081 1080
3 1087 1082 1081
3 1087 1086 1063
3 1088 1066 1067
3 1088 1067 1068
3 1088 1083 1082
3 1088 1082 1087
3 1088 1087 1066
3 1089 1074 1073
3 1089 1075 1074
3 1089 1076 1075
3 1089 1084 1083
3 1089 1088 1068
3 1089 1073 1084
3 1089 1083 1088
3 1089 1068 1076
3 1097 1098 1099
3 1096 1099 1100
3 1096 1097 1099
3 1095 1100 1101
3 1095 1096 1100
3 1094 1101 1102
3 1094 1095 1101
3 1093 1102 1103
3 1093 1094 1102
3 1092 1103 1104
3 1092 1093 1103
3 1091 1104 1105
3 1091 1092 1104
3 1090 1091 1105
3 1114 1115 1116
3 1114 1116 1122
3 1113 1114 1122
3 1112 1122 1121
3 1112 1113 1122
3 1111 1121 1120
3 1111 1112 1121
3 1110 1120 1119
3 1110 1111 1120
3 1109 1119 1118
3 1109 1110 1119
3 1108 1118 1117
3 1108 1109 1118
3 1107 1117 1106
3 1107 1108 1117
3 1138 1136 1137
3 1151 1124 1123
3 1151 1123 1131
3 1152 1125 1124
3 1152 1124 1151
3 1153 1131 1132
3 1153 1151 1131
3 1154 1126 1125
3 1154 1125 1152
3 1155 1151 1153
3 1155 1152 1151
3 1156 1132 1133
3 1156 1153 1132
3 1157 1127 1126
3 1157 1126 1154
3 1158 1154 1152
3 1158 1152 1155
3 1159 1155 1153
3 1159 1153 1156
3 1160 1128 1127
3 1160 1127 1157
3 1161 1133 1134
3 1161 1156 1133
3 1162 1154 1158
3 1162 1157 1154
3 1163 1155 1159
3 1163 1158 1155
3 1164 1129 1128
3 1164 1130 1129
3 1164 1145 1130
3 1164 1128 1160
3 1165 1156 1161
3 1165 1159 1156
3 1166 1160 1157
3 1166 1157 1162
3 1167 1134 1135
3 1167 1161 1134
3 1168 1162 1158
3 1168 1158 1163
3 1169 1163 1159
3 1169 1159 1165
3 1170 1146 1145
3 1170 1160 1166
3 1170 1145 1164
3 1170 1164 1160
3 1171 1161 1167
3 1171 1165 1161
3 1172 1162 1168
3 1172 1166 1162
3 1173 1135 1136
3 1173 1136 1138
3 1173 1167 1135
3 1174 1168 1163
3 1174 1163 1169
3 1175 1165 1171
3 1175 1169 1165
3 1176 1170 1166
3 1176 1166 1172
3 1176 1147 1146
3 1176 1146 1170
3 1177 1138 1139
3 1177 1173 1138
3 1177 1167 1173
3 1177 1175 1171
3 1177 1171 1167
3 1178 1172 1168
3 1178 1168 1174
3 1179 1174 1169
3 1179 1169 1175
3 1180 1139 1140
3 1180 1177 1139
3 1180 1175 1177
3 1181 1147 1176
3 1181 1148 1147
3 1181 1172 1178
3 1181 1176 1172
3 1182 1174 1179
3 1182 1178 1174
3 1183 1140 1141
3 1183 1180 1140
3 1183 1175 1180
3 1183 1179 1175
3 1184 1149 1148
3 1184 1148 1181
3 1184 1181 1178
3 1184 1178 1182
3 1185 1141 1142
3 1185 1182 1179
3 1185 1183 1141
3 1185 1179 1183
3 1186 1182 1185
3 1186 1142 1143
3 1186 1143 1144
3 1186 1150 1149
3 1186 1144 1150
3 1186 1149 1184
3 1186 1185 1142
3 1186 1184 1182
3 1197 1188 1187
3 1197 1187 1189
3 1198 1189 1190
3 1198 1197 1189
3 1199 1190 1191
3 1199 1198 1190
3 1200 1191 1192
3 1200 1199 1191
3 1201 1192 1193
3 1201 1200 1192
3 1202 1193 1194
3 1202 1201 1193
3 1196 1194 1195
3 1196 1202 1194
3 1218 1203 1204
3 1217 1204 1205
3 1217 1218 1204
3 1216 1205 1206
3 1216 1217 1205
3 1215 1206 1207
3 1215 1216 1206
3 1214 1207 1208
3 1214 1215 1207
3 1213 1208 1209
3 1213 1214 1208
3 1212 1209 1210
3 1212 1213 1209
3 1211 1212 1210
3 1226 1228 1227
3 1226 1229 1228
3 1225 1230 1229
3 1225 1229 1226
3 1224 1231 1230
3 1224 1230 1225
3 1223 1232 1231
3 1223 1231 1224
3 1222 1233 1232
3 1222 1232 1223
3 1221 1234 1233
3 1221 1235 1234
3 1221 1233 1222
3 1220 1236 1235
3 1220 1235 1221
3 1219 1237 1236
3 1219 1236 1220
3 1254 1245 1244
3 1253 1259 1252
3 1260 1240 1239
3 1261 1239 1238
3 1261 1260 1239
3 1262 1238 1246
3 1262 1261 1238
3 1263 1241 1240
3 1263 1240 1260
3 1263 1260 1261
3 1264 1246 1247
3 1264 1262 1246
3 1265 1261 1262
3 1265 1263 1261
3 1266 1242 1241
3 1266 1243 1242
3 1266 1241 1263
3 1267 1247 1248
3 1267 1264 1247
3 1268 1265 1262
3 1268 1262 1264
3 1269 1263 1265
3 1269 1266 1263
3 1270 1248 1249
3 1270 1264 1267
3 1270 1267 1248
3 1270 1268 1264
3 1271 1265 1268
3 1271 1269 1265
3 1272 1244 1243
3 1272 1255 1254
3 1272 1243 1266
3 1272 1266 1269
3 1272 1254 1244
3 1273 1268 1270
3 1273 1271 1268
3 1274 1256 1255
3 1274 1257 1256
3 1274 1255 1272
3 1274 1269 1271
3 1274 1272 1269
3 1275 1249 1250
3 1275 1250 1251
3 1275 1270 1249
3 1275 1273 1270
3 1276 1258 1257
3 1276 1257 1274
3 1276 1271 1273
3 1276 1274 1271
3 1277 1251 1252
3 1277 1259 1258
3 1277 1258 1276
3 1277 1252 1259
3 1277 1275 1251
3 1277 1273 1275
3 1277 1276 1273
3 1284 1285 1292
3 1278 1279 1299
3 1300 1288 1287
3 1301 1287 1286
3 1301 1300 1287
3 1302 1286 1293
3 1302 1301 1286
3 1303 1289 1288
3 1303 1300 1301
3 1303 1288 1300
3 1304 1293 1294
3 1304 1302 1293
3 1305 1301 1302
3 1305 1303 1301
3 1306 1290 1289
3 1306 1291 1290
3 1306 1289 1303
3 1307 1294 1295
3 1307 1304 1294
3 1308 1305 1302
3 1308 1302 1304
3 1309 1303 1305
3 1309 1306 1303
3 1310 1295 1296
3 1310 1308 1304
3 1310 1307 1295
3 1310 1304 1307
3 1311 1305 1308
3 1311 1309 1305
3 1312 1283 1284
3 1312 1292 1291
3 1312 1291 1306
3 1312 1306 1309
3 1312 1284 1292
3 1313 1308 1310
3 1313 1311 1308
3 1314 1282 1283
3 1314 1283 1312
3 1314 1309 1311
3 1314 1312 1309
3 1315 1296 1297
3 1315 1297 1298
3 1315 1310 1296
3 1315 1313 1310
3 1316 1280 1281
3 1316 1281 1282
3 1316 1282 1314
3 1316 1311 1313
3 1316 1314 1311
3 1317 1279 1280
3 1317 1298 1299
3 1317 1299 1279
3 1317 1280 1316
3 1317 1315 1298
3 1317 1313 1315
3 1317 1316 1313
3 1320 1318 1319
3 1330 1323 1322
3 1330 1324 1323
3 1330 1325 1324
3 1330 1326 1325
3 1330 1327 1326
3 1330 1320 1327
3 1330 1318 1320
3 1335 1334 1321
3 1333 1321 1334
3 1336 1335 1321
3 1332 1321 1333
3 1331 1321 1332
3 1345 1321 1331
3 1358 1322 1321
3 1358 1330 1322
3 1358 1321 1345
3 1328 1338 1337
3 1328 1339 1338
3 1340 1339 1328
3 1357 1330 1358
3 1341 1340 1328
3 1356 1330 1357
3 1342 1341 1328
3 1355 1330 1356
3 1343 1342 1328
3 1354 1330 1355
3 1344 1343 1328
3 1346 1344 1328
3 1329 1330 1354
3 1329 1346 1328
3 1329 1347 1346
3 1329 1348 1347
3 1329 1349 1348
3 1329 1350 1349
3 1329 1351 1350
3 1329 1352 1351
3 1329 1353 1352
3 1329 1354 1353
3 1321 1328 1337
3 1321 1337 1336
3 1363 1364 1371
3 1359 1360 1378
3 1379 1367 1366
3 1380 1366 1365
3 1380 1379 1366
3 1381 1365 1372
3 1381 1372 1373
3 1381 1380 1365
3 1382 1368 1367
3 1382 1379 1380
3 1382 1367 1379
3 1383 1373 1374
3 1383 1381 1373
3 1384 1382 1380
3 1384 1380 1381
3 1385 1369 1368
3 1385 1370 1369
3 1385 1368 1382
3 1386 1374 1375
3 1386 1381 1383
3 1386 1384 1381
3 1386 1383 1374
3 1387 1385 1382
3 1387 1382 1384
3 1388 1387 1384
3 1388 1384 1386
3 1389 1362 1363
3 1389 1371 1370
3 1389 1363 1371
3 1389 1370 1385
3 1389 1385 1387
3 1390 1375 1376
3 1390 1376 1377
3 1390 1386 1375
3 1390 1388 1386
3 1391 1361 1362
3 1391 1362 1389
3 1391 1387 1388
3 1391 1389 1387
3 1392 1360 1361
3 1392 1377 1378
3 1392 1361 1391
3 1392 1378 1360
3 1392 1390 1377
3 1392 1388 1390
3 1392 1391 1388
3 1393 1395 1394
3 1396 1395 1393
3 1405 1398 1397
3 1405 1397 1406
3 1404 1398 1405
3 1407 1406 1397
3 1408 1407 1397
3 1403 1398 1404
3 1401 1397 1399
3 1401 1408 1397
3 1402 1398 1403
3 1409 1398 1402
3 1400 1401 1399
3 1426 1417 1416
3 1425 1431 1424
3 1432 1412 1411
3 1433 1411 1410
3 1433 1432 1411
3 1434 1410 1418
3 1434 1433 1410
3 1435 1413 1412
3 1435 1412 1432
3 1435 1432 1433
3 1436 1418 1419
3 1436 1434 1418
3 1437 1433 1434
3 1437 1435 1433
3 1438 1414 1413
3 1438 1415 1414
3 1438 1413 1435
3 1439 1419 1420
3 1439 1436 1419
3 1440 1437 1434
3 1440 1434 1436
3 1441 1435 1437
3 1441 1438 1435
3 1442 1420 1421
3 1442 1436 1439
3 1442 1439 1420
3 1442 1440 1436
3 1443 1437 1440
3 1443 1441 1437
3 1444 1416 1415
3 1444 1427 1426
3 1444 1415 1438
3 1444 1438 1441
3 1444 1426 1416
3 1445 1440 1442
3 1445 1443 1440
3 1446 1428 1427
3 1446 1429 1428
3 1446 1427 1444
3 1446 1441 1443
3 1446 1444 1441
3 1447 1421 1422
3 1447 1422 1423
3 1447 1442 1421
3 1447 1445 1442
3 1448 1430 1429
3 1448 1429 1446
3 1448 1443 1445
3 1448 1446 1443
3 1449 1423 1424
3 1449 1431 1430
3 1449 1430 1448
3 1449 1424 1431
3 1449 1447 1423
3 1449 1445 1447
3 1449 1448 1445
3 1466 1451 1450
3 1466 1452 1451
3 1466 1453 1452
3 1467 1453 1466
3 1468 1454 1453
3 1468 1453 1467
3 1469 1455 1454
3 1469 1454 1468
3 1470 1456 1455
3 1470 1457 1456
3 1470 1455 1469
3 1471 1457 1470
3 1472 1458 1457
3 1472 1457 1471
3 1473 1459 1458
3 1473 1458 1472
3 1474 1460 1459
3 1474 1459 1473
3 1475 1461 1460
3 1475 1462 1461
3 1475 1460 1474
3 1476 1463 1462
3 1476 1462 1475
3 1477 1463 1476
3 1465 1464 1463
3 1465 1463 1477
3 1481 1479 1478
3 1481 1480 1479
3 1485 1483 1482
3 1485 1484 1483
3 1502 1487 1486
3 1502 1488 1487
3 1503 1489 1488
3 1503 1488 1502
3 1504 1490 1489
3 1504 1489 1503
3 1505 1491 1490
3 1505 1490 1504
3 1506 1492 1491
3 1506 1493 1492
3 1506 1491 1505
3 1507 1493 1506
3 1508 1494 1493
3 1508 1493 1507
3 1509 1495 1494
3 1509 1494 1508
3 1510 1496 1495
3 1510 1495 1509
3 1511 1497 1496
3 1511 1498 1497
3 1511 1496 1510
3 1512 1499 1498
3 1512 1498 1511
3 1513 1499 1512
3 1501 1500 1499
3 1501 1499 1513
3 1515 1516 1514
3 1515 1517 1516
3 1537 1518 1519
3 1537 1528 1518
3 1536 1527 1528
3 1536 1528 1537
3 1535 1526 1527
3 1535 1527 1536
3 1534 1525 1526
3 1534 1526 1535
3 1533 1524 1525
3 1533 1525 1534
3 1532 1522 1523
3 1532 1523 1524
3 1532 1524 1533
3 1531 1522 1532
3 1530 1521 1522
3 1530 1522 1531
3 1529 1520 1521
3 1529 1521 1530
3 1539 1540 1538
3 1557 1541 1540
3 1557 1540 1539
3 1556 1542 1541
3 1556 1541 1557
3 1555 1543 1542
3 1555 1542 1556
3 1554 1544 1543
3 1554 1543 1555
3 1553 1545 1544
3 1553 1544 1554
3 1552 1546 1545
3 1552 1545 1553
3 1551 1547 1546
3 1551 1546 1552
3 1550 1548 1547
3 1550 1547 1551
3 1549 1548 1550
3 1558 1561 1560
3 1558 1559 1561
3 1565 1563 1562
3 1565 1564 1563
3 1574 1576 1575
3 1574 1585 1576
3 1573 1584 1585
3 1573 1585 1574
3 1572 1583 1584
3 1572 1584 1573
3 1571 1581 1582
3 1571 1582 1583
3 1571 1583 1572
3 1570 1580 1581
3 1570 1581 1571
3 1569 1580 1570
3 1568 1579 1580
3 1568 1580 1569
3 1567 1578 1579
3 1567 1579 1568
3 1566 1577 1578
3 1566 1578 1567
3 1602 1593 1592
3 1601 1608 1600
3 1609 1588 1587
3 1610 1587 1586
3 1610 1609 1587
3 1611 1586 1594
3 1611 1610 1586
3 1612 1589 1588
3 1612 1588 1609
3 1612 1609 1610
3 1613 1611 1594
3 1614 1612 1610
3 1614 1610 1611
3 1615 1590 1589
3 1615 1591 1590
3 1615 1589 1612
3 1616 1594 1595
3 1616 1613 1594
3 1617 1614 1611
3 1617 1611 1613
3 1618 1615 1612
3 1618 1612 1614
3 1619 1595 1596
3 1619 1616 1595
3 1620 1613 1616
3 1620 1617 1613
3 1621 1618 1614
3 1621 1614 1617
3 1622 1592 1591
3 1622 1603 1602
3 1622 1591 1615
3 1622 1602 1592
3 1622 1615 1618
3 1623 1596 1597
3 1623 1619 1596
3 1623 1616 1619
3 1623 1620 1616
3 1624 1617 1620
3 1624 1621 1617
3 1625 1604 1603
3 1625 1603 1622
3 1625 1618 1621
3 1625 1622 1618
3 1626 1620 1623
3 1626 1624 1620
3 1627 1605 1604
3 1627 1606 1605
3 1627 1604 1625
3 1627 1621 1624
3 1627 1625 1621
3 1628 1597 1598
3 1628 1598 1599
3 1628 1623 1597
3 1628 1626 1623
3 1629 1607 1606
3 1629 1606 1627
3 1629 1624 1626
3 1629 1627 1624
3 1630 1628 1599
3 1630 1626 1628
3 1630 1629 1626
3 1630 1599 1600
3 1630 1608 1607
3 1630 1600 1608
3 1630 1607 1629
3 1647 1638 1637
3 1646 1652 1645
3 1653 1633 1632
3 1654 1632 1631
3 1654 1653 1632
3 1655 1631 1639
3 1655 1654 1631
3 1656 1634 1633
3 1656 1633 1653
3 1656 1653 1654
3 1657 1639 1640
3 1657 1655 1639
3 1658 1654 1655
3 1658 1656 1654
3 1659 1635 1634
3 1659 1636 1635
3 1659 1634 1656
3 1660 1640 1641
3 1660 1657 1640
3 1661 1658 1655
3 1661 1655 1657
3 1662 1656 1658
3 1662 1659 1656
3 1663 1641 1642
3 1663 1657 1660
3 1663 1660 1641
3 1663 1661 1657
3 1664 1658 1661
3 1664 1662 1658
3 1665 1637 1636
3 1665 1648 1647
3 1665 1636 1659
3 1665 1659 1662
3 1665 1647 1637
3 1666 1661 1663
3 1666 1664 1661
3 1667 1649 1648
3 1667 1650 1649
3 1667 1648 1665
3 1667 1662 1664
3 1667 1665 1662
3 1668 1642 1643
3 1668 1643 1644
3 1668 1663 1642
3 1668 1666 1663
3 1669 1651 1650
3 1669 1650 1667
3 1669 1664 1666
3 1669 1667 1664
3 1670 1644 1645
3 1670 1652 1651
3 1670 1651 1669
3 1670 1645 1652
3 1670 1668 1644
3 1670 1666 1668
3 1670 1669 1666
3 1672 1673 1674
3 1672 1674 1671
3 1685 1675 1676
3 1685 1683 1675
3 1686 1682 1683
3 1686 1683 1685
3 1687 1681 1682
3 1687 1682 1686
3 1688 1680 1681
3 1688 1681 1687
3 1689 1679 1680
3 1689 1680 1688
3 1690 1678 1679
3 1690 1679 1689
3 1684 1677 1678
3 1684 1678 1690
3 1707 1698 1697
3 1706 1712 1705
3 1713 1693 1692
3 1714 1692 1691
3 1714 1713 1692
3 1715 1691 1699
3 1715 1714 1691
3 1716 1694 1693
3 1716 1693 1713
3 1716 1713 1714
3 1717 1699 1700
3 1717 1715 1699
3 1718 1714 1715
3 1718 1716 1714
3 1719 1695 1694
3 1719 1696 1695
3 1719 1694 1716
3 1720 1700 1701
3 1720 1717 1700
3 1721 1718 1715
3 1721 1715 1717
3 1722 1716 1718
3 1722 1719 1716
3 1723 1701 1702
3 1723 1717 1720
3 1723 1720 1701
3 1723 1721 1717
3 1724 1718 1721
3 1724 1722 1718
3 1725 1697 1696
3 1725 1708 1707
3 1725 1696 1719
3 1725 1719 1722
3 1725 1707 1697
3 1726 1721 1723
3 1726 1724 1721
3 1727 1709 1708
3 1727 1710 1709
3 1727 1708 1725
3 1727 1722 1724
3 1727 1725 1722
3 1728 1702 1703
3 1728 1703 1704
3 1728 1723 1702
3 1728 1726 1723
3 1729 1711 1710
3 1729 1710 1727
3 1729 1724 1726
3 1729 1727 1724
3 1730 1704 1705
3 1730 1712 1711
3 1730 1711 1729
3 1730 1705 1712
3 1730 1728 1704
3 1730 1726 1728
3 1730 1729 1726
3 1734 1732 1731
3 1734 1733 1732
3 1756 1754 1755
3 1775 1736 1735
3 1775 1735 1743
3 1776 1737 1736
3 1776 1736 1775
3 1777 1738 1737
3 1777 1737 1776
3 1778 1739 1738
3 1778 1738 1777
3 1779 1740 1739
3 1779 1739 1778
3 1780 1740 1779
3 1780 1741 1740
3 1780 1742 1741
3 1780 1763 1742
3 1781 1743 1744
3 1781 1775 1743
3 1782 1775 1781
3 1782 1776 1775
3 1783 1777 1776
3 1783 1776 1782
3 1784 1777 1783
3 1784 1778 1777
3 1785 1779 1778
3 1785 1778 1784
3 1786 1764 1763
3 1786 1780 1779
3 1786 1779 1785
3 1786 1763 1780
3 1787 1744 1745
3 1787 1781 1744
3 1788 1781 1787
3 1788 1782 1781
3 1789 1782 1788
3 1789 1783 1782
3 1790 1784 1783
3 1790 1783 1789
3 1791 1784 1790
3 1791 1785 1784
3 1792 1785 1791
3 1792 1765 1764
3 1792 1764 1786
3 1792 1786 1785
3 1793 1745 1746
3 1793 1787 1745
3 1794 1787 1793
3 1794 1788 1787
3 1795 1788 1794
3 1795 1789 1788
3 1796 1789 1795
3 1796 1790 1789
3 1797 1790 1796
3 1797 1791 1790
3 1798 1792 1791
3 1798 1766 1765
3 1798 1791 1797
3 1798 1765 1792
3 1799 1746 1747
3 1799 1793 1746
3 1800 1793 1799
3 1800 1794 1793
3 1801 1795 1794
3 1801 1794 1800
3 1802 1796 1795
3 1802 1795 1801
3 1803 1796 1802
3 1803 1797 1796
3 1804 1766 1798
3 1804 1767 1766
3 1804 1798 1797
3 1804 1797 1803
3 1805 1747 1748
3 1805 1799 1747
3 1806 1800 1799
3 1806 1799 1805
3 1807 1801 1800
3 1807 1800 1806
3 1808 1802 1801
3 1808 1801 1807
3 1809 1803 1802
3 1809 1802 1808
3 1810 1768 1767
3 1810 1769 1768
3 1810 1767 1804
3 1810 1804 1803
3 1810 1803 1809
3 1811 1748 1749
3 1811 1805 1748
3 1811 1806 1805
3 1812 1807 1806
3 1812 1806 1811
3 1813 1807 1812
3 1814 1808 1807
3 1814 1807 1813
3 1815 1809 1808
3 1815 1808 1814
3 1816 1769 1810
3 1816 1810 1809
3 1816 1809 1815
3 1817 1749 1750
3 1817 1811 1749
3 1817 1812 1811
3 1818 1812 1817
3 1819 1812 1818
3 1819 1813 1812
3 1820 1813 1819
3 1820 1814 1813
3 1820 1815 1814
3 1821 1815 1820
3 1822 1816 1815
3 1822 1815 1821
3 1822 1770 1769
3 1822 1769 1816
3 1823 1750 1751
3 1823 1751 1752
3 1823 1817 1750
3 1824 1818 1817
3 1824 1817 1823
3 1825 1819 1818
3 1825 1818 1824
3 1826 1819 1825
3 1826 1820 1819
3 1827 1821 1820
3 1827 1820 1826
3 1828 1821 1827
3 1828 1770 1822
3 1828 1771 1770
3 1828 1772 1771
3 1828 1822 1821
3 1829 1823 1752
3 1830 1823 1829
3 1830 1824 1823
3 1831 1824 1830
3 1831 1825 1824
3 1832 1826 1825
3 1832 1825 1831
3 1833 1827 1826
3 1833 1826 1832
3 1834 1828 1827
3 1834 1772 1828
3 1834 1827 1833
3 1835 1752 1753
3 1835 1829 1752
3 1835 1830 1829
3 1836 1831 1830
3 1836 1830 1835
3 1837 1831 1836
3 1838 1832 1831
3 1838 1833 1832
3 1838 1831 1837
3 1839 1833 1838
3 1840 1773 1772
3 1840 1774 1773
3 1840 1772 1834
3 1840 1834 1833
3 1840 1833 1839
3 1841 1754 1756
3 1841 1753 1754
3 1841 1835 1753
3 1842 1835 1841
3 1842 1756 1757
3 1842 1757 1758
3 1842 1841 1756
3 1842 1836 1835
3 1843 1842 1758
3 1843 1758 1759
3 1843 1837 1836
3 1843 1836 1842
3 1844 1837 1843
3 1844 1838 1837
3 1844 1843 1759
3 1845 1759 1760
3 1845 1760 1761
3 1845 1844 1759
3 1845 1839 1838
3 1845 1838 1844
3 1846 1761 1762
3 1846 1762 1774
3 1846 1774 1840
3 1846 1840 1839
3 1846 1845 1761
3 1846 1839 1845
3 1854 1855 1856
3 1854 1856 1862
3 1853 1862 1861
3 1853 1854 1862
3 1852 1861 1860
3 1852 1853 1861
3 1851 1860 1859
3 1851 1852 1860
3 1850 1859 1858
3 1850 1851 1859
3 1849 1858 1857
3 1849 1850 1858
3 1848 1857 1847
3 1848 1849 1857
3 1870 1871 1872
3 1870 1872 1878
3 1869 1878 1877
3 1869 1870 1878
3 1868 1877 1876
3 1868 1869 1877
3 1867 1876 1875
3 1867 1868 1876
3 1866 1875 1874
3 1866 1867 1875
3 1865 1874 1873
3 1865 1866 1874
3 1864 1873 1863
3 1864 1865 1873
3 1907 1886 1885
3 1900 1898 1899
3 1919 1880 1879
3 1919 1879 1887
3 1920 1881 1880
3 1920 1880 1919
3 1921 1882 1881
3 1921 1881 1920
3 1922 1883 1882
3 1922 1882 1921
3 1923 1884 1883
3 1923 1883 1922
3 1924 1884 1923
3 1924 1885 1884
3 1924 1907 1885
3 1925 1887 1888
3 1925 1919 1887
3 1926 1919 1925
3 1926 1920 1919
3 1927 1921 1920
3 1927 1920 1926
3 1928 1921 1927
3 1928 1922 1921
3 1929 1922 1928
3 1929 1923 1922
3 1930 1908 1907
3 1930 1924 1923
3 1930 1923 1929
3 1930 1907 1924
3 1931 1888 1889
3 1931 1925 1888
3 1932 1926 1925
3 1932 1925 1931
3 1933 1926 1932
3 1933 1927 1926
3 1934 1928 1927
3 1934 1927 1933
3 1935 1928 1934
3 1935 1929 1928
3 1936 1929 1935
3 1936 1909 1908
3 1936 1930 1929
3 1936 1908 1930
3 1937 1889 1890
3 1937 1931 1889
3 1938 1932 1931
3 1938 1931 1937
3 1939 1932 1938
3 1939 1933 1932
3 1940 1934 1933
3 1940 1933 1939
3 1941 1935 1934
3 1941 1934 1940
3 1942 1936 1935
3 1942 1910 1909
3 1942 1935 1941
3 1942 1909 1936
3 1943 1890 1891
3 1943 1938 1937
3 1943 1937 1890
3 1944 1938 1943
3 1945 1939 1938
3 1945 1940 1939
3 1945 1938 1944
3 1946 1940 1945
3 1947 1941 1940
3 1947 1940 1946
3 1948 1910 1942
3 1948 1911 1910
3 1948 1942 1941
3 1948 1941 1947
3 1949 1891 1892
3 1949 1943 1891
3 1950 1945 1944
3 1950 1944 1943
3 1950 1943 1949
3 1951 1945 1950
3 1952 1946 1945
3 1952 1945 1951
3 1953 1946 1952
3 1953 1947 1946
3 1954 1912 1911
3 1954 1913 1912
3 1954 1911 1948
3 1954 1948 1947
3 1954 1947 1953
3 1955 1892 1893
3 1955 1949 1892
3 1955 1950 1949
3 1956 1950 1955
3 1957 1951 1950
3 1957 1950 1956
3 1958 1952 1951
3 1958 1953 1952
3 1958 1951 1957
3 1959 1953 1958
3 1960 1913 1954
3 1960 1954 1953
3 1960 1953 1959
3 1961 1893 1894
3 1961 1894 1895
3 1961 1955 1893
3 1962 1955 1961
3 1962 1956 1955
3 1963 1957 1956
3 1963 1956 1962
3 1963 1958 1957
3 1964 1958 1963
3 1965 1958 1964
3 1965 1959 1958
3 1966 1960 1959
3 1966 1959 1965
3 1966 1914 1913
3 1966 1913 1960
3 1967 1961 1895
3 1968 1961 1967
3 1968 1962 1961
3 1969 1962 1968
3 1969 1963 1962
3 1970 1964 1963
3 1970 1963 1969
3 1971 1965 1964
3 1971 1964 1970
3 1972 1914 1966
3 1972 1915 1914
3 1972 1916 1915
3 1972 1965 1971
3 1972 1966 1965
3 1973 1895 1896
3 1973 1896 1897
3 1973 1967 1895
3 1974 1968 1967
3 1974 1967 1973
3 1975 1969 1968
3 1975 1968 1974
3 1976 1970 1969
3 1976 1969 1975
3 1977 1970 1976
3 1977 1971 1970
3 1978 1972 1971
3 1978 1916 1972
3 1978 1917 1916
3 1978 1971 1977
3 1979 1973 1897
3 1980 1973 1979
3 1980 1974 1973
3 1980 1975 1974
3 1981 1975 1980
3 1982 1977 1976
3 1982 1976 1975
3 1982 1975 1981
3 1983 1977 1982
3 1984 1917 1978
3 1984 1978 1977
3 1984 1977 1983
3 1985 1898 1900
3 1985 1897 1898
3 1985 1979 1897
3 1986 1979 1985
3 1986 1900 1901
3 1986 1901 1902
3 1986 1985 1900
3 1986 1980 1979
3 1986 1981 1980
3 1987 1986 1902
3 1987 1981 1986
3 1988 1902 1903
3 1988 1982 1981
3 1988 1987 1902
3 1988 1981 1987
3 1989 1903 1904
3 1989 1988 1903
3 1989 1982 1988
3 1989 1983 1982
3 1990 1904 1905
3 1990 1905 1906
3 1990 1918 1917
3 1990 1906 1918
3 1990 1917 1984
3 1990 1984 1983
3 1990 1989 1904
3 1990 1983 1989
3 2000 1991 1992
3 2001 1992 1993
3 2001 2000 1992
3 2002 1993 1994
3 2002 2001 1993
3 2003 1994 1995
3 2003 2002 1994
3 2004 1995 1996
3 2004 2003 1995
3 2005 1996 1997
3 2005 2004 1996
3 2006 1997 1998
3 2006 2005 1997
3 1999 2006 1998
3 2010 2009 2016
3 2010 2016 2022
3 2011 2022 2021
3 2011 2010 2022
3 2012 2021 2020
3 2012 2011 2021
3 2013 2020 2019
3 2013 2012 2020
3 2014 2019 2018
3 2014 2013 2019
3 2015 2018 2017
3 2015 2014 2018
3 2008 2017 2007
3 2008 2015 2017
3 2038 2036 2037
3 2051 2024 2023
3 2051 2023 2031
3 2052 2025 2024
3 2052 2024 2051
3 2053 2031 2032
3 2053 2051 2031
3 2054 2026 2025
3 2054 2025 2052
3 2055 2051 2053
3 2055 2052 2051
3 2056 2032 2033
3 2056 2053 2032
3 2057 2027 2026
3 2057 2026 2054
3 2058 2054 2052
3 2058 2052 2055
3 2059 2055 2053
3 2059 2053 2056
3 2060 2028 2027
3 2060 2027 2057
3 2061 2033 2034
3 2061 2056 2033
3 2062 2054 2058
3 2062 2057 2054
3 2063 2055 2059
3 2063 2058 2055
3 2064 2029 2028
3 2064 2030 2029
3 2064 2045 2030
3 2064 2028 2060
3 2065 2056 2061
3 2065 2059 2056
3 2066 2060 2057
3 2066 2057 2062
3 2067 2034 2035
3 2067 2061 2034
3 2068 2062 2058
3 2068 2058 2063
3 2069 2063 2059
3 2069 2059 2065
3 2070 2046 2045
3 2070 2060 2066
3 2070 2045 2064
3 2070 2064 2060
3 2071 2061 2067
3 2071 2065 2061
3 2072 2062 2068
3 2072 2066 2062
3 2073 2035 2036
3 2073 2036 2038
3 2073 2067 2035
3 2074 2068 2063
3 2074 2063 2069
3 2075 2065 2071
3 2075 2069 2065
3 2076 2070 2066
3 2076 2066 2072
3 2076 2047 2046
3 2076 2046 2070
3 2077 2038 2039
3 2077 2073 2038
3 2077 2067 2073
3 2077 2071 2067
3 2078 2072 2068
3 2078 2076 2072
3 2078 2068 2074
3 2079 2074 2069
3 2079 2069 2075
3 2080 2039 2040
3 2080 2040 2041
3 2080 2077 2039
3 2080 2071 2077
3 2080 2075 2071
3 2080 2079 2075
3 2081 2047 2076
3 2081 2048 2047
3 2081 2076 2078
3 2082 2074 2079
3 2082 2078 2074
3 2083 2080 2041
3 2083 2079 2080
3 2084 2049 2048
3 2084 2048 2081
3 2084 2081 2078
3 2084 2078 2082
3 2085 2041 2042
3 2085 2082 2079
3 2085 2083 2041
3 2085 2079 2083
3 2086 2082 2085
3 2086 2042 2043
3 2086 2043 2044
3 2086 2050 2049
3 2086 2044 2050
3 2086 2049 2084
3 2086 2085 2042
3 2086 2084 2082
3 2094 2095 2096
3 2094 2096 2102
3 2093 2102 2101
3 2093 2094 2102
3 2092 2101 2100
3 2092 2093 2101
3 2091 2100 2099
3 2091 2092 2100
3 2090 2099 2098
3 2090 2091 2099
3 2089 2098 2097
3 2089 2090 2098
3 2088 2097 2087
3 2088 2089 2097
3 2118 2110 2109
3 2117 2118 2109
3 2116 2109 2108
3 2116 2117 2109
3 2115 2108 2107
3 2115 2116 2108
3 2114 2107 2106
3 2114 2115 2107
3 2113 2105 2104
3 2113 2106 2105
3 2113 2114 2106
3 2112 2104 2103
3 2112 2113 2104
3 2111 2112 2103
3 2127 2128 2129
3 2126 2129 2130
3 2126 2127 2129
3 2125 2130 2131
3 2125 2126 2130
3 2124 2131 2132
3 2124 2125 2131
3 2123 2132 2133
3 2123 2124 2132
3 2122 2133 2134
3 2122 2123 2133
3 2121 2134 2119
3 2121 2122 2134
3 2120 2121 2119
3 2142 2143 2144
3 2142 2150 2149
3 2142 2144 2150
3 2141 2149 2148
3 2141 2142 2149
3 2140 2148 2147
3 2140 2141 2148
3 2139 2147 2146
3 2139 2140 2147
3 2138 2146 2145
3 2138 2139 2146
3 2137 2145 2135
3 2137 2138 2145
3 2136 2137 2135
3 2166 2164 2165
3 2179 2152 2151
3 2179 2151 2159
3 2180 2153 2152
3 2180 2152 2179
3 2181 2159 2160
3 2181 2179 2159
3 2182 2154 2153
3 2182 2153 2180
3 2183 2179 2181
3 2183 2180 2179
3 2184 2160 2161
3 2184 2181 2160
3 2185 2155 2154
3 2185 2154 2182
3 2186 2182 2180
3 2186 2180 2183
3 2187 2183 2181
3 2187 2181 2184
3 2188 2156 2155
3 2188 2155 2185
3 2189 2161 2162
3 2189 2184 2161
3 2190 2182 2186
3 2190 2185 2182
3 2191 2183 2187
3 2191 2186 2183
3 2192 2157 2156
3 2192 2158 2157
3 2192 2173 2158
3 2192 2156 2188
3 2193 2184 2189
3 2193 2187 2184
3 2194 2188 2185
3 2194 2185 2190
3 2195 2162 2163
3 2195 2189 2162
3 2196 2190 2186
3 2196 2186 2191
3 2197 2191 2187
3 2197 2187 2193
3 2198 2174 2173
3 2198 2188 2194
3 2198 2173 2192
3 2198 2192 2188
3 2199 2189 2195
3 2199 2193 2189
3 2200 2190 2196
3 2200 2194 2190
3 2201 2163 2164
3 2201 2164 2166
3 2201 2195 2163
3 2202 2196 2191
3 2202 2200 2196
3 2202 2191 2197
3 2203 2193 2199
3 2203 2197 2193
3 2204 2198 2194
3 2204 2194 2200
3 2204 2175 2174
3 2204 2174 2198
3 2205 2166 2167
3 2205 2201 2166
3 2205 2195 2201
3 2205 2199 2195
3 2206 2200 2202
3 2207 2202 2197
3 2207 2197 2203
3 2208 2167 2168
3 2208 2205 2167
3 2208 2199 2205
3 2208 2203 2199
3 2209 2175 2204
3 2209 2176 2175
3 2209 2200 2206
3 2209 2204 2200
3 2210 2202 2207
3 2210 2206 2202
3 2211 2168 2169
3 2211 2208 2168
3 2211 2203 2208
3 2211 2207 2203
3 2212 2176 2209
3 2212 2177 2176
3 2212 2209 2206
3 2212 2206 2210
3 2213 2169 2170
3 2213 2211 2169
3 2213 2210 2207
3 2213 2207 2211
3 2214 2170 2171
3 2214 2171 2172
3 2214 2178 2177
3 2214 2172 2178
3 2214 2177 2212
3 2214 2212 2210
3 2214 2210 2213
3 2214 2213 2170
3 2255 2229 2230
3 2255 2248 2229
3 2256 2255 2230
3 2256 2230 2231
3 2257 2231 2232
3 2257 2256 2231
3 2258 2232 2233
3 2258 2257 2232
3 2259 2233 2234
3 2259 2258 2233
3 2260 2228 2227
3 2260 2234 2235
3 2260 2235 2228
3 2260 2259 2234
3 2261 2247 2248
3 2261 2248 2255
3 2262 2255 2256
3 2262 2261 2255
3 2263 2262 2256
3 2263 2256 2257
3 2264 2257 2258
3 2264 2263 2257
3 2265 2264 2258
3 2265 2258 2259
3 2266 2227 2226
3 2266 2260 2227
3 2266 2259 2260
3 2266 2265 2259
3 2267 2246 2247
3 2267 2247 2261
3 2268 2261 2262
3 2268 2267 2261
3 2269 2262 2263
3 2269 2268 2262
3 2270 2263 2264
3 2270 2269 2263
3 2271 2264 2265
3 2271 2270 2264
3 2272 2265 2266
3 2272 2226 2225
3 2272 2271 2265
3 2272 2266 2226
3 2273 2244 2245
3 2273 2245 2246
3 2273 2246 2267
3 2273 2267 2268
3 2274 2273 2268
3 2275 2274 2268
3 2275 2268 2269
3 2276 2269 2270
3 2276 2275 2269
3 2277 2270 2271
3 2277 2276 2270
3 2278 2225 2224
3 2278 2272 2225
3 2278 2271 2272
3 2278 2277 2271
3 2279 2244 2273
3 2280 2273 2274
3 2280 2279 2273
3 2281 2274 2275
3 2281 2280 2274
3 2282 2281 2275
3 2282 2275 2276
3 2283 2276 2277
3 2283 2282 2276
3 2284 2224 2223
3 2284 2278 2224
3 2284 2277 2278
3 2284 2283 2277
3 2285 2243 2244
3 2285 2279 2280
3 2285 2244 2279
3 2286 2285 2280
3 2287 2280 2281
3 2287 2281 2282
3 2287 2286 2280
3 2288 2282 2283
3 2288 2287 2282
3 2289 2288 2283
3 2290 2223 2222
3 2290 2284 2223
3 2290 2283 2284
3 2290 2289 2283
3 2291 2242 2243
3 2291 2243 2285
3 2291 2285 2286
3 2292 2291 2286
3 2293 2292 2286
3 2293 2286 2287
3 2293 2287 2288
3 2294 2293 2288
3 2295 2294 2288
3 2295 2288 2289
3 2295 2289 2290
3 2296 2222 2221
3 2296 2290 2222
3 2296 2295 2290
3 2297 2240 2241
3 2297 2241 2242
3 2297 2242 2291
3 2298 2291 2292
3 2298 2297 2291
3 2299 2298 2292
3 2299 2292 2293
3 2300 2299 2293
3 2300 2293 2294
3 2300 2294 2295
3 2301 2300 2295
3 2302 2295 2296
3 2302 2220 2219
3 2302 2221 2220
3 2302 2301 2295
3 2302 2296 2221
3 2303 2297 2298
3 2303 2240 2297
3 2304 2303 2298
3 2305 2298 2299
3 2305 2304 2298
3 2306 2299 2300
3 2306 2305 2299
3 2307 2300 2301
3 2307 2306 2300
3 2308 2301 2302
3 2308 2307 2301
3 2308 2302 2219
3 2309 2240 2303
3 2309 2303 2304
3 2309 2239 2240
3 2310 2309 2304
3 2311 2304 2305
3 2311 2310 2304
3 2312 2305 2306
3 2312 2311 2305
3 2313 2312 2306
3 2313 2306 2307
3 2314 2219 2218
3 2314 2308 2219
3 2314 2307 2308
3 2314 2313 2307
3 2315 2238 2239
3 2315 2239 2309
3 2316 2309 2310
3 2316 2315 2309
3 2317 2311 2312
3 2317 2316 2310
3 2317 2310 2311
3 2318 2317 2312
3 2319 2312 2313
3 2319 2318 2312
3 2320 2217 2216
3 2320 2218 2217
3 2320 2314 2218
3 2320 2313 2314
3 2320 2319 2313
3 2321 2236 2237
3 2321 2237 2238
3 2321 2238 2315
3 2321 2249 2236
3 2322 2249 2321
3 2322 2321 2315
3 2322 2315 2316
3 2322 2250 2249
3 2323 2250 2322
3 2323 2251 2250
3 2323 2316 2317
3 2323 2322 2316
3 2324 2252 2251
3 2324 2251 2323
3 2324 2323 2317
3 2324 2317 2318
3 2325 2253 2252
3 2325 2318 2319
3 2325 2252 2324
3 2325 2324 2318
3 2326 2216 2215
3 2326 2254 2253
3 2326 2215 2254
3 2326 2320 2216
3 2326 2319 2320
3 2326 2253 2325
3 2326 2325 2319
3 2337 2328 2327
3 2337 2327 2336
3 2338 2329 2328
3 2338 2328 2337
3 2339 2330 2329
3 2339 2331 2330
3 2339 2329 2338
3 2340 2331 2339
3 2341 2332 2331
3 2341 2331 2340
3 2342 2333 2332
3 2342 2332 2341
3 2335 2334 2333
3 2335 2333 2342
3 2353 2344 2343
3 2353 2343 2352
3 2354 2345 2344
3 2354 2344 2353
3 2355 2346 2345
3 2355 2347 2346
3 2355 2345 2354
3 2356 2347 2355
3 2357 2348 2347
3 2357 2347 2356
3 2358 2349 2348
3 2358 2348 2357
3 2351 2350 2349
3 2351 2349 2358
3 2399 2373 2374
3 2399 2392 2373
3 2400 2399 2374
3 2400 2374 2375
3 2401 2375 2376
3 2401 2400 2375
3 2402 2376 2377
3 2402 2401 2376
3 2403 2377 2378
3 2403 2402 2377
3 2404 2372 2371
3 2404 2378 2379
3 2404 2379 2372
3 2404 2403 2378
3 2405 2391 2392
3 2405 2392 2399
3 2406 2399 2400
3 2406 2405 2399
3 2407 2406 2400
3 2407 2400 2401
3 2408 2401 2402
3 2408 2407 2401
3 2409 2408 2402
3 2409 2402 2403
3 2410 2371 2370
3 2410 2404 2371
3 2410 2403 2404
3 2410 2409 2403
3 2411 2390 2391
3 2411 2391 2405
3 2412 2405 2406
3 2412 2411 2405
3 2413 2406 2407
3 2413 2412 2406
3 2414 2407 2408
3 2414 2413 2407
3 2415 2408 2409
3 2415 2414 2408
3 2416 2409 2410
3 2416 2370 2369
3 2416 2415 2409
3 2416 2410 2370
3 2417 2389 2390
3 2417 2390 2411
3 2418 2417 2411
3 2418 2411 2412
3 2419 2418 2412
3 2419 2412 2413
3 2420 2413 2414
3 2420 2419 2413
3 2421 2414 2415
3 2421 2420 2414
3 2422 2369 2368
3 2422 2416 2369
3 2422 2415 2416
3 2422 2421 2415
3 2423 2388 2389
3 2423 2389 2417
3 2424 2417 2418
3 2424 2423 2417
3 2425 2418 2419
3 2425 2424 2418
3 2426 2419 2420
3 2426 2425 2419
3 2427 2426 2420
3 2427 2420 2421
3 2428 2368 2367
3 2428 2422 2368
3 2428 2421 2422
3 2428 2427 2421
3 2429 2387 2388
3 2429 2388 2423
3 2430 2423 2424
3 2430 2424 2425
3 2430 2429 2423
3 2431 2430 2425
3 2432 2425 2426
3 2432 2426 2427
3 2432 2431 2425
3 2433 2432 2427
3 2434 2367 2366
3 2434 2428 2367
3 2434 2427 2428
3 2434 2433 2427
3 2435 2386 2387
3 2435 2387 2429
3 2435 2429 2430
3 2436 2435 2430
3 2437 2430 2431
3 2437 2431 2432
3 2437 2436 2430
3 2438 2437 2432
3 2439 2438 2432
3 2439 2432 2433
3 2440 2366 2365
3 2440 2434 2366
3 2440 2433 2434
3 2440 2439 2433
3 2441 2384 2385
3 2441 2385 2386
3 2441 2386 2435
3 2442 2435 2436
3 2442 2441 2435
3 2443 2436 2437
3 2443 2442 2436
3 2444 2443 2437
3 2444 2437 2438
3 2445 2439 2440
3 2445 2444 2438
3 2445 2438 2439
3 2446 2364 2363
3 2446 2365 2364
3 2446 2445 2440
3 2446 2440 2365
3 2447 2441 2442
3 2447 2384 2441
3 2448 2447 2442
3 2449 2442 2443
3 2449 2448 2442
3 2450 2443 2444
3 2450 2449 2443
3 2451 2444 2445
3 2451 2450 2444
3 2452 2363 2362
3 2452 2446 2363
3 2452 2445 2446
3 2452 2451 2445
3 2453 2447 2448
3 2453 2384 2447
3 2453 2383 2384
3 2454 2453 2448
3 2455 2454 2448
3 2455 2448 2449
3 2455 2449 2450
3 2456 2455 2450
3 2457 2450 2451
3 2457 2456 2450
3 2458 2452 2362
3 2458 2451 2452
3 2458 2457 2451
3 2459 2382 2383
3 2459 2383 2453
3 2460 2459 2453
3 2460 2453 2454
3 2461 2454 2455
3 2461 2460 2454
3 2462 2455 2456
3 2462 2461 2455
3 2463 2462 2456
3 2463 2456 2457
3 2464 2361 2360
3 2464 2362 2361
3 2464 2458 2362
3 2464 2457 2458
3 2464 2463 2457
3 2465 2380 2381
3 2465 2381 2382
3 2465 2382 2459
3 2465 2393 2380
3 2466 2465 2459
3 2466 2393 2465
3 2466 2394 2393
3 2466 2459 2460
3 2467 2394 2466
3 2467 2466 2460
3 2467 2395 2394
3 2467 2460 2461
3 2468 2396 2395
3 2468 2395 2467
3 2468 2461 2462
3 2468 2467 2461
3 2469 2468 2462
3 2469 2397 2396
3 2469 2396 2468
3 2469 2462 2463
3 2469 2463 2464
3 2470 2360 2359
3 2470 2398 2397
3 2470 2359 2398
3 2470 2464 2360
3 2470 2397 2469
3 2470 2469 2464
3 2486 2477 2478
3 2485 2477 2486
3 2484 2476 2477
3 2484 2477 2485
3 2483 2475 2476
3 2483 2476 2484
3 2482 2474 2475
3 2482 2475 2483
3 2481 2473 2474
3 2481 2474 2482
3 2480 2472 2473
3 2480 2473 2481
3 2479 2471 2472
3 2479 2472 2480
3 2503 2493 2494
3 2502 2501 2510
3 2511 2487 2488
3 2511 2488 2489
3 2512 2487 2511
3 2513 2487 2512
3 2514 2489 2490
3 2514 2511 2489
3 2514 2512 2511
3 2515 2495 2487
3 2515 2487 2513
3 2516 2513 2512
3 2516 2512 2514
3 2517 2490 2491
3 2517 2491 2492
3 2517 2514 2490
3 2518 2495 2515
3 2519 2513 2516
3 2519 2515 2513
3 2520 2516 2514
3 2520 2514 2517
3 2521 2496 2495
3 2521 2497 2496
3 2521 2495 2518
3 2522 2518 2515
3 2522 2515 2519
3 2523 2519 2516
3 2523 2516 2520
3 2524 2492 2493
3 2524 2503 2504
3 2524 2520 2517
3 2524 2517 2492
3 2524 2493 2503
3 2525 2498 2497
3 2525 2518 2522
3 2525 2497 2521
3 2525 2521 2518
3 2526 2522 2519
3 2526 2519 2523
3 2527 2504 2505
3 2527 2505 2506
3 2527 2524 2504
3 2527 2523 2520
3 2527 2520 2524
3 2528 2525 2522
3 2528 2522 2526
3 2529 2506 2507
3 2529 2527 2506
3 2529 2526 2523
3 2529 2523 2527
3 2530 2499 2498
3 2530 2500 2499
3 2530 2498 2525
3 2530 2525 2528
3 2531 2526 2529
3 2531 2507 2508
3 2531 2508 2509
3 2531 2529 2507
3 2531 2528 2526
3 2532 2500 2530
3 2532 2530 2528
3 2532 2531 2509
3 2532 2528 2531
3 2532 2501 2500
3 2532 2509 2510
3 2532 2510 2501
3 2549 2539 2540
3 2548 2547 2556
3 2557 2534 2535
3 2558 2533 2534
3 2558 2534 2557
3 2559 2533 2558
3 2560 2535 2536
3 2560 2557 2535
3 2560 2558 2557
3 2561 2541 2533
3 2561 2533 2559
3 2562 2558 2560
3 2562 2559 2558
3 2563 2536 2537
3 2563 2537 2538
3 2563 2560 2536
3 2564 2542 2541
3 2564 2541 2561
3 2565 2559 2562
3 2565 2561 2559
3 2566 2560 2563
3 2566 2562 2560
3 2567 2543 2542
3 2567 2542 2564
3 2568 2561 2565
3 2568 2564 2561
3 2569 2562 2566
3 2569 2565 2562
3 2570 2538 2539
3 2570 2549 2550
3 2570 2563 2538
3 2570 2539 2549
3 2570 2566 2563
3 2571 2544 2543
3 2571 2564 2568
3 2571 2543 2567
3 2571 2567 2564
3 2572 2568 2565
3 2572 2565 2569
3 2573 2550 2551
3 2573 2551 2552
3 2573 2570 2550
3 2573 2569 2566
3 2573 2566 2570
3 2574 2571 2568
3 2574 2568 2572
3 2575 2552 2553
3 2575 2573 2552
3 2575 2572 2569
3 2575 2569 2573
3 2576 2545 2544
3 2576 2546 2545
3 2576 2544 2571
3 2576 2571 2574
3 2577 2572 2575
3 2577 2553 2554
3 2577 2554 2555
3 2577 2575 2553
3 2577 2574 2572
3 2578 2546 2576
3 2578 2576 2574
3 2578 2577 2555
3 2578 2574 2577
3 2578 2547 2546
3 2578 2555 2556
3 2578 2556 2547
3 2594 2585 2586
3 2593 2585 2594
3 2592 2584 2585
3 2592 2585 2593
3 2591 2583 2584
3 2591 2584 2592
3 2590 2582 2583
3 2590 2583 2591
3 2589 2581 2582
3 2589 2582 2590
3 2588 2579 2580
3 2588 2580 2581
3 2588 2581 2589
3 2587 2579 2588
3 2610 2601 2602
3 2609 2601 2610
3 2608 2600 2601
3 2608 2601 2609
3 2607 2599 2600
3 2607 2600 2608
3 2606 2598 2599
3 2606 2599 2607
3 2605 2597 2598
3 2605 2598 2606
3 2604 2595 2596
3 2604 2596 2597
3 2604 2597 2605
3 2603 2595 2604
3 2627 2617 2618
3 2626 2625 2634
3 2635 2612 2613
3 2636 2611 2612
3 2636 2612 2635
3 2637 2611 2636
3 2638 2613 2614
3 2638 2635 2613
3 2638 2636 2635
3 2639 2619 2611
3 2639 2611 2637
3 2640 2636 2638
3 2640 2637 2636
3 2641 2614 2615
3 2641 2615 2616
3 2641 2638 2614
3 2642 2619 2639
3 2643 2637 2640
3 2643 2639 2637
3 2644 2638 2641
3 2644 2640 2638
3 2645 2620 2619
3 2645 2619 2642
3 2646 2642 2639
3 2646 2639 2643
3 2647 2643 2640
3 2647 2640 2644
3 2648 2616 2617
3 2648 2627 2628
3 2648 2641 2616
3 2648 2617 2627
3 2648 2644 2641
3 2649 2621 2620
3 2649 2620 2645
3 2650 2645 2642
3 2650 2642 2646
3 2651 2643 2647
3 2651 2646 2643
3 2652 2628 2629
3 2652 2648 2628
3 2652 2647 2644
3 2652 2644 2648
3 2653 2622 2621
3 2653 2645 2650
3 2653 2621 2649
3 2653 2649 2645
3 2654 2650 2646
3 2654 2646 2651
3 2655 2629 2630
3 2655 2630 2631
3 2655 2652 2629
3 2655 2651 2647
3 2655 2647 2652
3 2656 2650 2654
3 2656 2653 2650
3 2657 2654 2651
3 2657 2631 2632
3 2657 2651 2655
3 2657 2655 2631
3 2658 2653 2656
3 2658 2623 2622
3 2658 2624 2623
3 2658 2622 2653
3 2659 2657 2632
3 2659 2654 2657
3 2659 2632 2633
3 2659 2656 2654
3 2660 2625 2624
3 2660 2624 2658
3 2660 2659 2633
3 2660 2656 2659
3 2660 2633 2634
3 2660 2658 2656
3 2660 2634 2625
3 2662 2669 2661
3 2662 2670 2669
3 2663 2671 2670
3 2663 2672 2671
3 2663 2670 2662
3 2664 2672 2663
3 2665 2673 2672
3 2665 2674 2673
3 2665 2672 2664
3 2666 2675 2674
3 2666 2674 2665
3 2667 2675 2666
3 2668 2676 2675
3 2668 2675 2667
3 2693 2683 2684
3 2692 2691 2698
3 2699 2678 2679
3 2700 2677 2678
3 2700 2678 2699
3 2701 2685 2677
3 2701 2677 2700
3 2702 2679 2680
3 2702 2699 2679
3 2702 2700 2699
3 2703 2686 2685
3 2703 2685 2701
3 2704 2701 2700
3 2704 2700 2702
3 2705 2680 2681
3 2705 2681 2682
3 2705 2702 2680
3 2706 2687 2686
3 2706 2686 2703
3 2707 2701 2704
3 2707 2703 2701
3 2708 2704 2702
3 2708 2702 2705
3 2709 2688 2687
3 2709 2706 2703
3 2709 2687 2706
3 2709 2703 2707
3 2710 2707 2704
3 2710 2704 2708
3 2711 2682 2683
3 2711 2693 2694
3 2711 2705 2682
3 2711 2708 2705
3 2711 2683 2693
3 2712 2709 2707
3 2712 2707 2710
3 2713 2694 2695
3 2713 2695 2696
3 2713 2711 2694
3 2713 2710 2708
3 2713 2708 2711
3 2714 2689 2688
3 2714 2690 2689
3 2714 2688 2709
3 2714 2709 2712
3 2715 2696 2697
3 2715 2713 2696
3 2715 2712 2710
3 2715 2710 2713
3 2716 2691 2690
3 2716 2697 2698
3 2716 2715 2697
3 2716 2698 2691
3 2716 2690 2714
3 2716 2714 2712
3 2716 2712 2715
3 2724 2732 2725
3 2723 2731 2732
3 2723 2732 2724
3 2722 2730 2731
3 2722 2731 2723
3 2721 2729 2730
3 2721 2730 2722
3 2720 2728 2729
3 2720 2729 2721
3 2719 2727 2728
3 2719 2728 2720
3 2718 2726 2727
3 2718 2727 2719
3 2717 2726 2718
3 2749 2734 2733
3 2749 2735 2734
3 2750 2736 2735
3 2750 2735 2749
3 2751 2737 2736
3 2751 2736 2750
3 2752 2738 2737
3 2752 2739 2738
3 2752 2737 2751
3 2753 2739 2752
3 2754 2740 2739
3 2754 2739 2753
3 2755 2741 2740
3 2755 2740 2754
3 2756 2742 2741
3 2756 2741 2755
3 2757 2743 2742
3 2757 2742 2756
3 2758 2744 2743
3 2758 2743 2757
3 2759 2745 2744
3 2759 2744 2758
3 2760 2746 2745
3 2760 2745 2759
3 2748 2747 2746
3 2748 2746 2760
3 2764 2762 2761
3 2764 2763 2762
3 2768 2766 2765
3 2768 2767 2766
3 2785 2770 2769
3 2785 2771 2770
3 2786 2772 2771
3 2786 2771 2785
3 2787 2773 2772
3 2787 2772 2786
3 2788 2774 2773
3 2788 2775 2774
3 2788 2773 2787
3 2789 2775 2788
3 2790 2776 2775
3 2790 2777 2776
3 2790 2775 2789
3 2791 2777 2790
3 2792 2778 2777
3 2792 2777 2791
3 2793 2779 2778
3 2793 2778 2792
3 2794 2780 2779
3 2794 2779 2793
3 2795 2781 2780
3 2795 2780 2794
3 2796 2782 2781
3 2796 2781 2795
3 2784 2783 2782
3 2784 2782 2796
3 2803 2804 2811
3 2797 2798 2818
3 2819 2807 2806
3 2820 2806 2805
3 2820 2819 2806
3 2821 2805 2812
3 2821 2820 2805
3 2822 2808 2807
3 2822 2819 2820
3 2822 2807 2819
3 2823 2812 2813
3 2823 2821 2812
3 2824 2820 2821
3 2824 2822 2820
3 2825 2809 2808
3 2825 2810 2809
3 2825 2808 2822
3 2826 2813 2814
3 2826 2823 2813
3 2827 2824 2821
3 2827 2821 2823
3 2828 2822 2824
3 2828 2825 2822
3 2829 2814 2815
3 2829 2827 2823
3 2829 2826 2814
3 2829 2823 2826
3 2830 2824 2827
3 2830 2828 2824
3 2831 2802 2803
3 2831 2811 2810
3 2831 2810 2825
3 2831 2825 2828
3 2831 2803 2811
3 2832 2827 2829
3 2832 2830 2827
3 2833 2801 2802
3 2833 2802 2831
3 2833 2828 2830
3 2833 2831 2828
3 2834 2815 2816
3 2834 2816 2817
3 2834 2829 2815
3 2834 2832 2829
3 2835 2799 2800
3 2835 2800 2801
3 2835 2801 2833
3 2835 2830 2832
3 2835 2833 2830
3 2836 2798 2799
3 2836 2817 2818
3 2836 2818 2798
3 2836 2799 2835
3 2836 2834 2817
3 2836 2832 2834
3 2836 2835 2832
3 2840 2839 2837
3 2838 2840 2837
3 2846 2844 2845
3 2842 2843 2844
3 2848 2846 2847
3 2848 2844 2846
3 2850 2848 2849
3 2852 2850 2851
3 2852 2848 2850
3 2853 2848 2852
3 2854 2841 2842
3 2854 2842 2844
3 2854 2844 2848
3 2854 2848 2853
3 2865 2866 2867
3 2862 2863 2864
3 2862 2864 2865
3 2862 2867 2868
3 2862 2865 2867
3 2855 2868 2841
3 2855 2841 2854
3 2861 2862 2868
3 2856 2868 2855
3 2859 2860 2861
3 2858 2856 2857
3 2858 2861 2868
3 2858 2868 2856
3 2858 2859 2861
3 2870 2871 2869
3 2912 2886 2887
3 2912 2905 2886
3 2913 2912 2887
3 2913 2887 2888
3 2914 2888 2889
3 2914 2913 2888
3 2915 2889 2890
3 2915 2914 2889
3 2916 2890 2891
3 2916 2915 2890
3 2917 2885 2884
3 2917 2891 2892
3 2917 2892 2885
3 2917 2916 2891
3 2918 2904 2905
3 2918 2905 2912
3 2919 2912 2913
3 2919 2918 2912
3 2920 2919 2913
3 2920 2913 2914
3 2921 2914 2915
3 2921 2920 2914
3 2922 2921 2915
3 2922 2915 2916
3 2923 2884 2883
3 2923 2917 2884
3 2923 2916 2917
3 2923 2922 2916
3 2924 2903 2904
3 2924 2904 2918
3 2925 2918 2919
3 2925 2924 2918
3 2926 2919 2920
3 2926 2925 2919
3 2927 2920 2921
3 2927 2926 2920
3 2928 2927 2921
3 2928 2921 2922
3 2929 2922 2923
3 2929 2882 2881
3 2929 2883 2882
3 2929 2928 2922
3 2929 2923 2883
3 2930 2902 2903
3 2930 2903 2924
3 2931 2930 2924
3 2931 2924 2925
3 2932 2931 2925
3 2932 2925 2926
3 2933 2926 2927
3 2933 2932 2926
3 2934 2927 2928
3 2934 2933 2927
3 2935 2928 2929
3 2935 2934 2928
3 2935 2929 2881
3 2936 2901 2902
3 2936 2930 2931
3 2936 2902 2930
3 2937 2936 2931
3 2938 2931 2932
3 2938 2937 2931
3 2939 2938 2932
3 2939 2932 2933
3 2940 2939 2933
3 2940 2933 2934
3 2941 2881 2880
3 2941 2934 2935
3 2941 2940 2934
3 2941 2935 2881
3 2942 2900 2901
3 2942 2901 2936
3 2943 2936 2937
3 2943 2942 2936
3 2944 2937 2938
3 2944 2943 2937
3 2945 2938 2939
3 2945 2944 2938
3 2946 2939 2940
3 2946 2945 2939
3 2947 2880 2879
3 2947 2946 2940
3 2947 2941 2880
3 2947 2940 2941
3 2948 2899 2900
3 2948 2900 2942
3 2949 2942 2943
3 2949 2948 2942
3 2950 2943 2944
3 2950 2949 2943
3 2951 2944 2945
3 2951 2950 2944
3 2952 2945 2946
3 2952 2951 2945
3 2953 2879 2878
3 2953 2947 2879
3 2953 2946 2947
3 2953 2952 2946
3 2954 2898 2899
3 2954 2899 2948
3 2955 2954 2948
3 2955 2948 2949
3 2956 2955 2949
3 2956 2949 2950
3 2957 2956 2950
3 2957 2950 2951
3 2958 2952 2953
3 2958 2957 2951
3 2958 2951 2952
3 2959 2878 2877
3 2959 2958 2953
3 2959 2953 2878
3 2960 2897 2898
3 2960 2898 2954
3 2961 2960 2954
3 2961 2954 2955
3 2962 2955 2956
3 2962 2961 2955
3 2963 2956 2957
3 2963 2962 2956
3 2964 2957 2958
3 2964 2963 2957
3 2965 2877 2876
3 2965 2958 2959
3 2965 2964 2958
3 2965 2959 2877
3 2966 2896 2897
3 2966 2897 2960
3 2967 2960 2961
3 2967 2961 2962
3 2967 2966 2960
3 2968 2962 2963
3 2968 2967 2962
3 2969 2968 2963
3 2970 2963 2964
3 2970 2969 2963
3 2971 2965 2876
3 2971 2876 2875
3 2971 2964 2965
3 2971 2970 2964
3 2972 2895 2896
3 2972 2896 2966
3 2973 2966 2967
3 2973 2972 2966
3 2974 2967 2968
3 2974 2973 2967
3 2974 2968 2969
3 2975 2974 2969
3 2976 2969 2970
3 2976 2975 2969
3 2977 2875 2874
3 2977 2971 2875
3 2977 2970 2971
3 2977 2976 2970
3 2978 2893 2894
3 2978 2894 2895
3 2978 2906 2893
3 2978 2895 2972
3 2979 2972 2973
3 2979 2906 2978
3 2979 2907 2906
3 2979 2908 2907
3 2979 2978 2972
3 2979 2973 2974
3 2980 2908 2979
3 2980 2979 2974
3 2981 2909 2908
3 2981 2910 2909
3 2981 2974 2975
3 2981 2975 2976
3 2981 2980 2974
3 2981 2908 2980
3 2982 2910 2981
3 2982 2981 2976
3 2983 2873 2872
3 2983 2874 2873
3 2983 2910 2982
3 2983 2911 2910
3 2983 2872 2911
3 2983 2977 2874
3 2983 2976 2977
3 2983 2982 2976
3 2994 2985 2984
3 2994 2984 2993
3 2995 2986 2985
3 2995 2985 2994
3 2996 2987 2986
3 2996 2986 2995
3 2997 2988 2987
3 2997 2987 2996
3 2998 2989 2988
3 2998 2988 2997
3 2999 2990 2989
3 2999 2989 2998
3 2992 2991 2990
3 2992 2990 2999
3 3010 3001 3000
3 3010 3000 3009
3 3011 3002 3001
3 3011 3001 3010
3 3012 3003 3002
3 3012 3002 3011
3 3013 3004 3003
3 3013 3003 3012
3 3014 3005 3004
3 3014 3004 3013
3 3015 3006 3005
3 3015 3005 3014
3 3008 3007 3006
3 3008 3006 3015
3 3056 3030 3031
3 3056 3049 3030
3 3057 3056 3031
3 3057 3031 3032
3 3058 3032 3033
3 3058 3057 3032
3 3059 3033 3034
3 3059 3058 3033
3 3060 3034 3035
3 3060 3059 3034
3 3061 3029 3028
3 3061 3035 3036
3 3061 3036 3029
3 3061 3060 3035
3 3062 3048 3049
3 3062 3049 3056
3 3063 3056 3057
3 3063 3062 3056
3 3064 3063 3057
3 3064 3057 3058
3 3065 3058 3059
3 3065 3064 3058
3 3066 3065 3059
3 3066 3059 3060
3 3067 3028 3027
3 3067 3061 3028
3 3067 3060 3061
3 3067 3066 3060
3 3068 3047 3048
3 3068 3048 3062
3 3069 3062 3063
3 3069 3068 3062
3 3070 3063 3064
3 3070 3069 3063
3 3071 3064 3065
3 3071 3070 3064
3 3072 3071 3065
3 3072 3065 3066
3 3073 3066 3067
3 3073 3027 3026
3 3073 3072 3066
3 3073 3067 3027
3 3074 3046 3047
3 3074 3047 3068
3 3075 3074 3068
3 3075 3068 3069
3 3076 3075 3069
3 3076 3069 3070
3 3077 3070 3071
3 3077 3076 3070
3 3078 3071 3072
3 3078 3077 3071
3 3079 3026 3025
3 3079 3073 3026
3 3079 3072 3073
3 3079 3078 3072
3 3080 3045 3046
3 3080 3074 3075
3 3080 3046 3074
3 3081 3080 3075
3 3082 3075 3076
3 3082 3076 3077
3 3082 3081 3075
3 3083 3082 3077
3 3084 3077 3078
3 3084 3083 3077
3 3085 3025 3024
3 3085 3078 3079
3 3085 3084 3078
3 3085 3079 3025
3 3086 3044 3045
3 3086 3045 3080
3 3087 3080 3081
3 3087 3086 3080
3 3088 3081 3082
3 3088 3087 3081
3 3089 3082 3083
3 3089 3088 3082
3 3090 3083 3084
3 3090 3089 3083
3 3091 3024 3023
3 3091 3085 3024
3 3091 3084 3085
3 3091 3090 3084
3 3092 3043 3044
3 3092 3044 3086
3 3092 3086 3087
3 3093 3092 3087
3 3094 3087 3088
3 3094 3093 3087
3 3095 3088 3089
3 3095 3094 3088
3 3096 3095 3089
3 3096 3089 3090
3 3097 3023 3022
3 3097 3091 3023
3 3097 3090 3091
3 3097 3096 3090
3 3098 3042 3043
3 3098 3043 3092
3 3099 3092 3093
3 3099 3098 3092
3 3100 3093 3094
3 3100 3099 3093
3 3101 3100 3094
3 3101 3094 3095
3 3102 3101 3095
3 3102 3095 3096
3 3103 3096 3097
3 3103 3022 3021
3 3103 3102 3096
3 3103 3097 3022
3 3104 3041 3042
3 3104 3042 3098
3 3105 3098 3099
3 3105 3104 3098
3 3106 3099 3100
3 3106 3105 3099
3 3107 3100 3101
3 3107 3106 3100
3 3108 3101 3102
3 3108 3107 3101
3 3109 3021 3020
3 3109 3103 3021
3 3109 3102 3103
3 3109 3108 3102
3 3110 3041 3104
3 3110 3040 3041
3 3111 3104 3105
3 3111 3110 3104
3 3112 3105 3106
3 3112 3111 3105
3 3113 3106 3107
3 3113 3112 3106
3 3114 3107 3108
3 3114 3113 3107
3 3115 3019 3018
3 3115 3020 3019
3 3115 3109 3020
3 3115 3108 3109
3 3115 3114 3108
3 3116 3039 3040
3 3116 3040 3110
3 3116 3110 3111
3 3117 3116 3111
3 3118 3111 3112
3 3118 3112 3113
3 3118 3117 3111
3 3119 3118 3113
3 3120 3113 3114
3 3120 3114 3115
3 3120 3119 3113
3 3121 3018 3017
3 3121 3115 3018
3 3121 3120 3115
3 3122 3037 3038
3 3122 3038 3039
3 3122 3039 3116
3 3122 3050 3037
3 3123 3050 3122
3 3123 3122 3116
3 3123 3051 3050
3 3123 3116 3117
3 3124 3123 3117
3 3124 3052 3051
3 3124 3117 3118
3 3124 3051 3123
3 3125 3053 3052
3 3125 3118 3119
3 3125 3052 3124
3 3125 3124 3118
3 3126 3125 3119
3 3126 3054 3053
3 3126 3119 3120
3 3126 3053 3125
3 3127 3017 3016
3 3127 3055 3054
3 3127 3016 3055
3 3127 3121 3017
3 3127 3120 3121
3 3127 3054 3126
3 3127 3126 3120
3 3151 3149 3150
3 3138 3139 3140
3 3138 3140 3141
3 3153 3151 3152
3 3153 3149 3151
3 3136 3137 3138
3 3155 3141 3142
3 3155 3142 3143
3 3155 3143 3144
3 3155 3144 3145
3 3155 3145 3146
3 3155 3146 3147
3 3155 3147 3148
3 3155 3148 3149
3 3155 3153 3154
3 3155 3149 3153
3 3128 3141 3155
3 3134 3135 3136
3 3134 3136 3138
3 3130 3128 3129
3 3130 3141 3128
3 3132 3133 3134
3 3131 3138 3141
3 3131 3134 3138
3 3131 3141 3130
3 3131 3132 3134
