ply
format ascii 1.0
comment generated by blendit.inference.finetune_visualize
element vertex 2477
property float x
property float y
property float z
property uchar red
property uchar green
property uchar blue
element face 4050
property list uchar int vertex_indices
end_header
0 13.4516012 0 218 222 230
0 95.1798478 0 218 222 230
-2.14676001e-16 95.3057583 18.6428732 218 222 230
-9.11891171e-17 95.5828194 44.3530166 218 222 230
1.01016885e-16 95.8541711 69.8753398 218 222 230
-2.22044605e-16 95.9737131 88.7060333 218 222 230
-2.22044605e-16 1.84465349 88.7060333 218 222 230
0 1.84465349 75.4297467 218 222 230
0 2.52980057 76.2287004 218 222 230
0 3.389049 76.8365208 218 222 230
0 4.37055068 77.2165313 218 222 230
0 5.41508057 77.3458016 218 222 230
0 42.5582179 77.3458016 218 222 230
0 43.5835997 77.2212977 218 222 230
0 44.5493901 76.8550217 218 222 230
0 45.3994607 76.2682603 218 222 230
0 46.0844087 75.4951139 218 222 230
0 46.5644272 74.5805149 218 222 230
0 46.8116195 73.5776166 218 222 230
0 46.8116195 72.5447037 218 222 230
0 46.5644272 71.5418054 218 222 230
0 46.0844087 70.6272064 218 222 230
0 45.3994607 69.85406 218 222 230
0 44.5493901 69.2672986 218 222 230
0 43.5835997 68.9010226 218 222 230
0 42.5582179 68.7765188 218 222 230
0 5.41508057 68.7765188 218 222 230
0 4.37055068 68.905789 218 222 230
0 3.389049 69.2857995 218 222 230
0 2.52980057 69.8936199 218 222 230
-2.22044605e-16 1.84465349 70.6925736 218 222 230
0 1.84465349 12.837695 218 222 230
0 11.2056042 13.0857178 218 222 230
-3.90659426e-17 11.5981393 13.0462522 218 222 230
1.89420891e-17 11.9736636 12.9312893 218 222 230
5.68190389e-17 12.3174273 12.7486272 218 222 230
2.98714464e-17 12.6178932 12.5089122 218 222 230
-1.10246639e-17 12.8673545 12.2245275 218 222 230
-1.24480665e-17 13.0621757 11.9082786 218 222 230
1.02125804e-17 13.2025463 11.5720272 218 222 230
-1.89283493e-17 13.3081426 11.1278296 218 222 230
0 13.3408364 10.6792135 218 222 230
9.24446373e-33 81.1371067 50.6868445 218 222 230
0 87.7215841 16.649265 218 222 230
2.86717522e-16 88.2283728 14.0294882 218 222 230
3.74819345e-16 78.6486189 16.4941319 218 222 230
1.01906834e-16 65.0487771 19.7172386 218 222 230
1.62783072e-18 57.5992222 21.5230893 218 222 230
0 51.4971538 23.1071654 218 222 230
0 50.3401283 32.368543 218 222 230
-1.64095404e-16 49.2624003 31.2392211 218 222 230
7.74262904e-17 48.5634907 30.0975891 218 222 230
3.49572148e-16 48.1633575 28.907495 218 222 230
2.0539349e-16 48.0504259 27.7151951 218 222 230
-1.83461519e-16 48.2319355 26.470833 218 222 230
-1.26561529e-16 48.6767856 25.38134 218 222 230
2.0046464e-16 49.3072151 24.4940307 218 222 230
-2.46401179e-16 50.1362341 23.758698 218 222 230
-1.03689396e-15 50.7887656 23.3776545 218 222 230
-1.84877459e-16 55.9149019 36.8829338 218 222 230
-1.32714586e-16 63.2356591 42.5790158 218 222 230
-1.02920736e-16 71.0332116 48.596698 218 222 230
-3.05311332e-16 76.2121222 52.6959226 218 222 230
0 81.018519 51.1560282 218 222 230
0 80.9384286 51.384458 218 222 230
0 80.8439038 51.6072982 218 222 230
0 80.4364813 52.2755569 218 222 230
0 79.9257945 52.7896316 218 222 230
0 79.3062574 53.1650593 218 222 230
0 78.6838145 53.3598888 218 222 230
0 78.0986127 53.4089286 218 222 230
0 77.515649 53.337629 218 222 230
0 76.9580288 53.1529843 218 222 230
0 76.5700275 52.9490525 218 222 230
0 13.4516012 0 218 222 230
0 95.1798478 0 218 222 230
0.018308609 13.3010493 0 218 222 230
0.0461430858 13.2152956 0 218 222 230
0.0876484952 13.1315536 0 218 222 230
0.143446316 13.0520582 0 218 222 230
0.211876144 12.9811883 0 218 222 230
0.289727744 12.9224107 0 218 222 230
0.373818132 12.8772429 0 218 222 230
0.461865112 12.8458609 0 218 222 230
0.550701603 12.8282444 0 218 222 230
0.647475362 12.823749 0 218 222 230
0.738534401 12.8332267 0 218 222 230
51.5807054 21.9089673 0 218 222 230
51.5807054 98.3218458 0 218 222 230
3.14199795 98.3218458 0 218 222 230
0.0924514982 95.9364306 0 218 222 230
0.351000634 96.6229296 0 218 222 230
0.72972774 97.19308 0 218 222 230
1.02959488 97.505768 0 218 222 230
1.43956033 97.820654 0 218 222 230
1.88744501 98.0605158 0 218 222 230
2.35353972 98.2213088 0 218 222 230
2.75314457 98.2976907 0 218 222 230
0 13.4516012 0 255 79 163
0.018308609 13.3010493 0 255 79 163
0.0461430858 13.2152956 0 255 79 163
0.0876484952 13.1315536 0 255 79 163
0.143446316 13.0520582 0 255 79 163
0.211876144 12.9811883 0 255 79 163
0.289727744 12.9224107 0 255 79 163
0.373818132 12.8772429 0 255 79 163
0.461865112 12.8458609 0 255 79 163
0.550701603 12.8282444 0 255 79 163
0.647475362 12.823749 0 255 79 163
0.738534401 12.8332267 0 255 79 163
0.629493311 12.813762 10.6792135 255 79 163
0 13.3408364 10.6792135 255 79 163
0.0155865894 13.2125891 10.6792135 255 79 163
0.0598657314 13.0948261 10.6792135 255 79 163
0.125740802 12.9961132 10.6792135 255 79 163
0.213611655 12.9129251 10.6792135 255 79 163
0.317269182 12.8518824 10.6792135 255 79 163
0.428350529 12.8162424 10.6792135 255 79 163
0.532232021 12.8054396 10.6792135 255 79 163
-2.22044605e-16 95.9737131 88.7060333 218 222 230
0.116182678 96.7049104 89.3289719 218 222 230
0.398354201 97.284646 89.8097122 218 222 230
0.663724657 97.6122713 90.0674432 218 222 230
1.01516561 97.9091591 90.280218 218 222 230
1.36967274 98.1101487 90.3965552 218 222 230
1.5478541 98.1828513 90.424709 218 222 230
1.72810173 98.2397701 90.434135 218 222 230
0 95.1798478 0 218 222 230
-2.14676001e-16 95.3057583 18.6428732 218 222 230
-9.11891171e-17 95.5828194 44.3530166 218 222 230
1.01016885e-16 95.8541711 69.8753398 218 222 230
0.0924514982 95.9364306 0 218 222 230
0.351000634 96.6229296 0 218 222 230
0.72972774 97.19308 0 218 222 230
1.02959488 97.505768 0 218 222 230
1.43956033 97.820654 0 218 222 230
1.88744501 98.0605158 0 218 222 230
2.35353972 98.2213088 0 218 222 230
2.75314457 98.2976907 0 218 222 230
3.14199795 98.3218458 0 218 222 230
3.01391754 98.3218458 18.8810729 218 222 230
2.72902214 98.3218458 45.2170675 218 222 230
2.45677944 98.3218458 71.1312113 218 222 230
2.34278456 98.3218458 90.434135 218 222 230
2.03281248 98.3012492 90.434135 218 222 230
0.0817769175 95.9371473 9.32143658 218 222 230
0.22341947 96.3685363 6.21429105 218 222 230
0.445239987 97.3512096 89.4897134 218 222 230
0.686928563 97.6349172 89.5700841 218 222 230
0.774914132 97.7189499 89.8576064 218 222 230
0.999972095 97.8980634 89.8815535 218 222 230
0.963835935 97.8725758 90.1037635 218 222 230
1.12796331 97.9818844 90.1219236 218 222 230
1.16319189 98.0029965 90.2507891 218 222 230
1.2800702 98.0666073 90.1219236 218 222 230
1.30961385 98.0815315 90.2507891 218 222 230
1.52837272 98.1755562 90.2259941 218 222 230
2.05762473 98.1314883 2.07143035 218 222 230
1.79455655 98.0215347 2.07143035 218 222 230
1.3412128 97.7612647 3.10714553 218 222 230
1.13602381 97.605541 3.10714553 218 222 230
1.23446006 97.6810487 2.07143035 218 222 230
1.51775748 97.8733444 2.07143035 218 222 230
1.52553557 97.8801748 3.10714553 218 222 230
1.71606762 97.9850305 3.10714553 218 222 230
2.06470372 98.140699 6.253991 218 222 230
0.33279388 96.6317199 10.3836184 218 222 230
0.17082832 96.2441988 9.32143658 218 222 230
0.24407761 96.4347231 9.32143658 218 222 230
0.349821099 96.6592109 9.32143658 218 222 230
0.419064237 96.7903287 10.3836184 218 222 230
0.434265102 96.8189181 10.9147093 218 222 230
0.524082006 96.9606779 10.9147093 218 222 230
1.05825943 97.5720766 12.507982 218 222 230
2.39646871 98.2444393 10.4630183 218 222 230
0.185672992 96.3114855 13.4907639 218 222 230
0.253670048 96.4952054 15.5754276 218 222 230
2.0190616 98.1447035 15.6945274 218 222 230
0.0380127833 95.8890277 30.0960702 218 222 230
0.0899586307 96.07288 22.967597 218 222 230
0.374388315 96.8242925 27.2923209 218 222 230
2.21380706 98.2332935 27.5157293 218 222 230
1.27773793 97.8044147 25.9301462 218 222 230
1.86543401 98.1145753 25.2490588 218 222 230
1.72235697 98.0670593 28.8828344 218 222 230
1.44779908 97.959896 36.1503857 218 222 230
0.844782528 97.4770633 31.6170447 218 222 230
0.0857915372 96.1770574 35.8226688 218 222 230
0.249459155 96.6355019 34.4207941 218 222 230
0.197474578 96.5445746 37.9850307 218 222 230
0.495378617 97.0985639 37.3734823 218 222 230
2.10266829 98.2377391 40.6837266 218 222 230
1.63470663 98.0800253 42.0508317 218 222 230
0.236380231 96.7239154 47.4288445 218 222 230
0.19213605 96.5926213 44.5690294 218 222 230
0.0812875191 96.2896578 48.7507456 218 222 230
1.99021111 98.2422373 53.6458035 218 222 230
1.67975414 98.1352064 51.3816356 218 222 230
1.15039901 97.8559817 51.9705819 218 222 230
1.54757393 98.0929147 54.9459369 218 222 230
1.29895194 97.9971078 62.0745395 218 222 230
0.758543722 97.5633021 57.5462037 218 222 230
0.223983372 96.8077182 60.190006 218 222 230
0.33701602 96.9737817 53.1484747 218 222 230
0.0770448876 96.3957236 61.5119072 218 222 230
0.177332454 96.7258537 63.7107717 218 222 230
0.444705 97.2236967 63.165361 218 222 230
1.88804671 98.2463239 66.6028754 218 222 230
1.46906687 98.1045282 67.9030088 218 222 230
0.213939479 96.8756149 72.3164923 218 222 230
0.173066156 96.7642504 70.1893077 218 222 230
0.721157135 97.6006887 70.5032756 218 222 230
0.0737627693 96.4777766 73.2231006 218 222 230
1.55415285 98.1491621 70.8172434 218 222 230
1.42015808 98.1117632 78.1578756 218 222 230
1.53016564 98.1518274 75.5249168 218 222 230
1.21148819 98.0189737 83.4237932 218 222 230
0.700364242 97.6214815 79.9186223 218 222 230
0.208122177 96.9149399 81.731839 218 222 230
0.308340259 97.0884848 76.5708615 218 222 230
0.07182121 96.5263155 82.6384474 218 222 230
0.166156451 96.8264377 84.3123278 218 222 230
0.301258814 97.1168105 86.0649132 218 222 230
0.105634505 96.6711919 89.0978733 218 222 230
1.78007581 98.2506428 86.9289641 218 222 230
1.51149224 98.1668637 87.9131605 218 222 230
1.66495367 98.2214445 90.1578442 218 222 230
0.217795941 96.3315611 0.690476784 218 222 230
0.450894514 96.8036423 0.690476784 218 222 230
0.30140417 96.5259946 1.03571518 218 222 230
0.505454286 96.8918958 1.03571518 218 222 230
0.276041375 96.47281 1.55357276 218 222 230
0.523812764 96.9220014 1.72619196 218 222 230
0.257881367 96.4375073 3.10714553 218 222 230
0.596034747 97.0360395 4.66071829 218 222 230
0.538183697 96.9598452 6.21429105 218 222 230
0.376815622 96.6949661 6.21429105 218 222 230
0.728010532 97.2148545 7.25882844 218 222 230
1.48590474 97.8637339 6.24075769 218 222 230
1.20319563 97.671525 7.27206176 218 222 230
0.832400968 97.3348527 7.78109713 218 222 230
1.06979977 97.5639004 7.78771379 218 222 230
1.48520696 97.8700978 8.67948196 218 222 230
0.910536102 97.424697 10.0560244 218 222 230
1.21560654 97.6899181 9.89222744 218 222 230
0.993579506 97.5063434 10.5871153 218 222 230
1.27321661 97.7346291 10.4233183 218 222 230
1.35430256 97.7923635 10.6888638 218 222 230
1.25270976 97.722771 11.2952365 218 222 230
1.69755097 97.9958839 11.4855001 218 222 230
0.535845405 96.9889401 12.999373 218 222 230
0.952789652 97.4825122 13.8977578 218 222 230
0.643694188 97.1469447 14.9202396 218 222 230
0.901825155 97.4363143 14.5926457 218 222 230
0.969042743 97.5059227 15.6349775 218 222 230
0.764494771 97.2979259 15.9691881 218 222 230
0.422871635 96.8329681 16.6376094 218 222 230
0.099803334 96.067379 17.6402413 218 222 230
0.211726613 96.4163063 18.7024231 218 222 230
1.11174478 97.6331204 16.1660684 218 222 230
0.940009175 97.4836348 16.6773093 218 222 230
1.27209323 97.756679 16.3497154 218 222 230
1.61174934 97.968155 16.7170093 218 222 230
2.31806956 98.2383616 17.7990411 218 222 230
1.90485391 98.1101954 18.8215229 218 222 230
2.06444793 98.1706911 19.7825727 218 222 230
2.1442222 98.1969149 20.2630976 218 222 230
0.473333169 96.9539129 22.5400054 218 222 230
0.261320266 96.5553208 21.5657224 218 222 230
0.6901019 97.2435616 21.6054223 218 222 230
0.939567171 97.5117088 22.0991805 218 222 230
1.29633645 97.7968831 21.6451223 218 222 230
1.51951363 97.9419674 23.0866969 218 222 230
0.778470373 97.3494312 22.3262096 218 222 230
1.93175389 98.1276362 21.2042973 218 222 230
2.26352328 98.2313049 20.9838849 218 222 230
0.60212557 97.1416797 23.0271469 218 222 230
0.967764488 97.547098 23.7677842 218 222 230
0.898563638 97.4874441 24.7156007 218 222 230
0.728522043 97.3043233 24.1083279 218 222 230
0.520092007 97.037537 24.4488716 218 222 230
0.468778138 96.967077 25.396688 218 222 230
1.20038489 97.7544764 26.9127321 218 222 230
1.16241323 97.7287778 27.4040251 218 222 230
0.953215506 97.5587453 28.0875777 218 222 230
0.512204957 97.0570131 28.7570752 218 222 230
1.34279508 97.8572108 27.8969615 218 222 230
0.669654453 97.2755107 30.1986498 218 222 230
0.308400152 96.7288698 30.8565575 218 222 230
0.287972984 96.6974982 32.0446364 218 222 230
0.775796805 97.4221051 34.0627415 218 222 230
0.451414236 97.0172586 35.4646162 218 222 230
0.74242904 97.3944517 35.2855899 218 222 230
0.573970925 97.1968628 35.9865272 218 222 230
0.547118816 97.1643052 36.4488456 218 222 230
1.29095944 97.875147 38.0691982 218 222 230
1.21504767 97.8298017 39.0286045 218 222 230
1.10460317 97.7582727 40.4677139 218 222 230
0.355944713 96.8980669 40.2517012 218 222 230
0.880471434 97.5626638 39.4363034 218 222 230
0.0835406516 96.2333295 42.3023589 218 222 230
0.87515582 97.5672472 40.8994142 218 222 230
0.486500021 97.1204886 41.7628148 218 222 230
0.179455327 96.5368493 42.1225109 218 222 230
1.20406477 97.8342493 41.2232707 218 222 230
0.114645381 96.3541567 43.0579157 218 222 230
1.34409473 97.9257493 41.4991244 218 222 230
0.998551697 97.6827727 41.9068233 218 222 230
0.138209318 96.4342044 43.5616203 218 222 230
1.86842446 98.1850435 45.9783279 218 222 230
1.72606352 98.130061 45.0010548 218 222 230
0.385410709 97.0140117 47.9654838 218 222 230
0.623936299 97.3469453 47.5728529 218 222 230
0.47335462 97.1529497 48.2338035 218 222 230
1.93949618 98.208843 46.4669645 218 222 230
0.730584294 97.4745409 48.550126 218 222 230
1.17147688 97.8474461 47.7168614 218 222 230
1.37105984 97.9790808 49.1827711 218 222 230
1.74578399 98.1463327 47.3722333 218 222 230
0.543692652 97.2562082 48.9667584 218 222 230
2.04567731 98.2400187 47.1999193 218 222 230
0.469075281 97.163517 50.3606638 218 222 230
0.726174143 97.4796557 49.9680329 218 222 230
0.422498967 97.1008238 51.2899341 218 222 230
1.08013486 97.8113133 52.92162 218 222 230
1.04569264 97.7883291 53.3971391 218 222 230
0.857253435 97.6355681 54.0472058 218 222 230
1.20746337 97.9040384 53.913405 218 222 230
0.82360664 97.6116952 55.2135384 218 222 230
0.696309863 97.5142912 59.9369164 218 222 230
0.405227307 97.1507389 61.2588176 218 222 230
0.666333519 97.4895053 61.1322728 218 222 230
0.51520616 97.3120417 61.7932234 218 222 230
0.491111431 97.2828001 62.2506026 218 222 230
1.15860034 97.920946 63.947592 218 222 230
1.09076179 97.8801323 64.8841182 218 222 230
0.0751486979 96.4431283 67.9251398 218 222 230
0.319804199 97.042629 65.9749397 218 222 230
0.992148231 97.8156477 66.2889075 218 222 230
0.790620977 97.6401369 65.2477254 218 222 230
0.161394771 96.7164931 67.7782215 218 222 230
0.437358635 97.2418377 67.484385 218 222 230
0.786280816 97.6438792 66.6874 218 222 230
0.103169598 96.5511186 68.6798624 218 222 230
1.08179292 97.8837644 67.0436302 218 222 230
0.897528268 97.7474277 67.6936969 218 222 230
1.20769418 97.9659457 67.3300897 218 222 230
0.349102165 97.1372193 72.7582363 218 222 230
0.564651125 97.4395784 72.5258042 218 222 230
0.428936311 97.2626357 72.9791084 218 222 230
0.493308711 97.3549607 73.5370685 218 222 230
0.66228486 97.5537521 73.269751 218 222 230
1.06007229 97.8925603 72.7351161 218 222 230
1.24387723 98.0108765 73.8510364 218 222 230
1.75047037 98.2198564 71.9331637 218 222 230
1.57830488 98.1631703 72.5724546 218 222 230
1.84857609 98.2479027 72.4911238 218 222 230
0.426750576 97.2680331 74.5483328 218 222 230
0.660034693 97.5563618 74.3159007 218 222 230
1.04946076 97.8968576 75.873565 218 222 230
0.385084975 97.2089502 75.222509 218 222 230
0.870215761 97.7649077 76.867434 218 222 230
0.78547059 97.6930342 77.3643685 218 222 230
0.756528172 97.6695332 78.2157864 218 222 230
0.64639422 97.5721815 81.6914182 218 222 230
0.377401273 97.2311561 82.5980265 218 222 230
0.620288632 97.5470216 82.5778161 218 222 230
0.480391101 97.3802792 83.0311203 218 222 230
0.458431628 97.3519409 83.3594634 218 222 230
0.416039183 97.2944837 84.0161496 218 222 230
0.692519382 97.6293264 84.7443532 218 222 230
1.02433961 97.9070306 85.4725568 218 222 230
0.0818549721 96.585991 87.9562733 218 222 230
0.346214502 97.1969627 87.2065133 218 222 230
0.711672548 97.6533845 86.7334635 218 222 230
0.935002338 97.8448038 86.4969387 218 222 230
0.970675097 97.872406 87.0677387 218 222 230
0.853515076 97.782554 87.5598369 218 222 230
1.14441599 97.9877006 87.349546 218 222 230
0.704935099 97.6500792 88.2031291 218 222 230
0.923323461 97.8401579 88.701437 218 222 230
0.956681018 97.4411805 1.55357276 218 222 230
0.624076437 97.0685758 3.10714553 218 222 230
1.10143307 97.5786902 3.88393191 218 222 230
1.40483207 97.8081906 4.67395161 218 222 230
1.25639605 97.7064043 5.45735465 218 222 230
1.33162316 97.7613476 5.71848899 218 222 230
0.322406598 96.6000088 8.29013251 218 222 230
0.466768966 96.8584044 8.12045405 218 222 230
0.357457414 96.6698521 8.55126686 218 222 230
0.832946792 97.3403214 9.00045927 218 222 230
0.954249671 97.4642672 9.29771532 218 222 230
0.497052511 96.9347402 13.6942609 218 222 230
0.413276351 96.8199533 17.1587753 218 222 230
0.551738934 97.0388266 17.6931745 218 222 230
0.394430853 96.7940278 18.2011071 218 222 230
0.883074206 97.4387716 18.761973 218 222 230
1.5581226 97.9447018 18.280507 218 222 230
1.44015506 97.879908 19.2722728 218 222 230
1.16724632 97.6953467 20.0499893 218 222 230
1.58477142 97.9676952 20.5503642 218 222 230
1.31911707 97.8081142 20.6939975 218 222 230
1.35599727 97.8336868 20.9342599 218 222 230
1.54287651 97.946718 21.0242724 218 222 230
1.2600156 97.7704212 21.4048598 218 222 230
0.331725859 96.7162926 23.5379625 218 222 230
0.228207316 96.5461274 29.7927613 218 222 230
0.588566723 97.168255 29.4894523 218 222 230
1.05170183 97.6487566 28.8199548 218 222 230
0.88481448 97.5002115 29.0431206 218 222 230
0.349731456 96.8004426 29.9280575 218 222 230
0.253593687 96.6075525 30.14736 218 222 230
1.10214424 97.6917681 29.1861434 218 222 230
0.587167534 97.2278791 37.8092371 218 222 230
0.635708434 97.2905541 38.0271144 218 222 230
0.607532224 97.2591385 38.5068176 218 222 230
0.81238859 97.4891483 38.3609445 218 222 230
0.693741694 97.3648691 38.8166462 218 222 230
0.45000556 97.0718303 42.4823695 218 222 230
0.325582216 96.8649135 42.8421197 218 222 230
0.472718719 97.1080381 42.7342218 218 222 230
0.573667169 97.2530319 43.4178285 218 222 230
0.80077691 97.5210689 44.7850421 218 222 230
1.0566911 97.7546853 46.1120743 218 222 230
1.43349939 98.0015001 46.6727151 218 222 230
1.19322128 97.8571445 46.7755904 218 222 230
1.22624005 97.8803994 47.0199087 218 222 230
0.910696704 97.6616539 50.5701108 218 222 230
0.789464696 97.5516356 51.0107445 218 222 230
1.00873445 97.7451689 50.8711497 218 222 230
0.975063604 97.7207974 51.3357848 218 222 230
1.03247193 97.7676845 51.5473839 218 222 230
0.527113947 97.3397664 63.6079082 218 222 230
0.570698663 97.3960176 63.8291819 218 222 230
0.54546953 97.3676998 64.297445 218 222 230
0.729296893 97.5743172 64.1808273 218 222 230
0.40471498 97.1976375 68.1867796 218 222 230
0.501191599 97.3395103 68.9589449 218 222 230
1.25259647 98.0086967 71.7587371 218 222 230
1.10822077 97.9228863 72.2294839 218 222 230
0.31706377 97.1504397 88.0797012 218 222 230
1.02806925 97.5668876 17.2050919 218 222 230
0.599990457 97.115583 19.3762062 218 222 230
0.471584646 96.9346737 20.1060449 218 222 230
0.639071975 97.1754408 20.8078558 218 222 230
0.988406337 97.6772992 42.3925268 218 222 230
0.839565822 97.545432 42.734294 218 222 230
1.05526376 97.7335812 42.7343301 218 222 230
1.09856567 97.7754235 44.2094417 218 222 230
0.543811239 97.2285296 45.3405518 218 222 230
0.578300439 97.2844564 46.7704594 218 222 230
0.763256993 97.4965069 46.7721697 218 222 230
0.631827525 97.3529441 47.1022174 218 222 230
0.979052863 97.822329 69.8880942 218 222 230
0.141484488 96.2226068 19.1504471 218 222 230
0.111908125 96.1254939 19.374459 218 222 230
1.64508499 97.988257 17.5020665 218 222 230
0.154564574 96.2701984 20.1048801 218 222 230
1.81414004 98.1591547 43.8257803 218 222 230
1.90363223 98.192466 44.7132546 218 222 230
1.84422817 98.1730811 44.809188 218 222 230
0.499248733 97.3433183 70.0387009 218 222 230
0 11.2056042 13.0857178 218 222 230
0.0240284966 11.2056042 12.8917822 218 222 230
0.0912524937 11.2056042 12.7159879 218 222 230
0.189620147 11.2056042 12.5705414 218 222 230
0.31878215 11.2056042 12.4493082 218 222 230
0.469044217 11.2056042 12.3608401 218 222 230
0.62837213 11.2056042 12.3086607 218 222 230
0.712601907 11.2056042 12.2953167 218 222 230
0.79464804 11.2056042 12.2910698 218 222 230
0.810452887 11.5596228 12.2535986 218 222 230
0.800379382 11.8978023 12.1405614 218 222 230
0.770347514 12.2027554 11.9546613 218 222 230
0.728115761 12.4576308 11.7043084 218 222 230
0.683255969 12.6489624 11.4031271 218 222 230
0.646661369 12.7685312 11.0678289 218 222 230
0.634166443 12.8025005 10.8747694 218 222 230
0.629493311 12.813762 10.6792135 218 222 230
0 13.3408364 10.6792135 218 222 230
0.0155865894 13.2125891 10.6792135 218 222 230
0.0598657314 13.0948261 10.6792135 218 222 230
0.125740802 12.9961132 10.6792135 218 222 230
0.213611655 12.9129251 10.6792135 218 222 230
0.317269182 12.8518824 10.6792135 218 222 230
0.428350529 12.8162424 10.6792135 218 222 230
0.532232021 12.8054396 10.6792135 218 222 230
-3.90659426e-17 11.5981393 13.0462522 218 222 230
1.89420891e-17 11.9736636 12.9312893 218 222 230
5.68190389e-17 12.3174273 12.7486272 218 222 230
2.98714464e-17 12.6178932 12.5089122 218 222 230
-1.10246639e-17 12.8673545 12.2245275 218 222 230
-1.24480665e-17 13.0621757 11.9082786 218 222 230
1.02125804e-17 13.2025463 11.5720272 218 222 230
-1.89283493e-17 13.3081426 11.1278296 218 222 230
0.238953039 11.5632212 12.477074 218 222 230
0.23397242 12.205547 12.1757329 218 222 230
0.214185378 12.6690385 11.6570496 218 222 230
0.195054396 12.9019316 11.0166346 218 222 230
-2.22044605e-16 1.84465349 88.7060333 255 79 163
0.103725072 1.23480542 89.2957247 255 79 163
0.352484928 0.760135463 89.7519844 255 79 163
0.673505743 0.419465991 90.0750339 255 79 163
0.988904259 0.21050546 90.2680585 255 79 163
1.31289579 0.0783069053 90.3835134 255 79 163
1.51551907 0.029600586 90.4210097 255 79 163
1.72810173 0.00368575899 90.434135 255 79 163
1.72810173 98.2397701 90.434135 255 79 163
-2.22044605e-16 95.9737131 88.7060333 255 79 163
0.116182678 96.7049104 89.3289719 255 79 163
0.398354201 97.284646 89.8097122 255 79 163
0.663724657 97.6122713 90.0674432 255 79 163
1.01516561 97.9091591 90.280218 255 79 163
1.36967274 98.1101487 90.3965552 255 79 163
1.5478541 98.1828513 90.424709 255 79 163
0 1.84465349 12.837695 218 222 230
0.0674293702 1.35046635 12.5642255 218 222 230
0.219637886 0.971686846 12.3876295 218 222 230
0.36464563 0.743598024 12.3137977 218 222 230
0.511632527 0.56958423 12.2910698 218 222 230
0.79464804 11.2056042 12.2910698 218 222 230
0 11.2056042 13.0857178 218 222 230
0.0240284966 11.2056042 12.8917822 218 222 230
0.0912524937 11.2056042 12.7159879 218 222 230
0.189620147 11.2056042 12.5705414 218 222 230
0.31878215 11.2056042 12.4493082 218 222 230
0.469044217 11.2056042 12.3608401 218 222 230
0.62837213 11.2056042 12.3086607 218 222 230
0.712601907 11.2056042 12.2953167 218 222 230
0.266117089 0.960025291 12.3580211 218 222 230
0.1548069 1.20711886 12.4458767 218 222 230
0.3221826 4.53994731 12.3716154 218 222 230
0.0678246699 6.52512885 12.6847051 218 222 230
0.104253547 6.52512885 12.6181888 218 222 230
0.148336358 6.52512885 12.5552922 218 222 230
0.174653529 6.52512885 12.5238194 218 222 230
0.202839258 6.52512885 12.493909 218 222 230
0.351386622 8.08528731 12.3995974 218 222 230
0.075062952 3.1923004 12.5913216 218 222 230
0.0913354142 9.64544577 12.6982807 218 222 230
0.279844085 1.88094231 12.3610308 218 222 230
0.394297946 10.425525 12.395063 218 222 230
0.355138106 10.425525 12.4190711 218 222 230
0.498079832 10.6855514 12.3464667 218 222 230
0.0698933032 1.8627979 12.570643 218 222 230
0.0882268038 10.8155646 12.7183637 218 222 230
-2.22044605e-16 1.84465349 88.7060333 255 79 163
0.103725072 1.23480542 89.2957247 255 79 163
0.352484928 0.760135463 89.7519844 255 79 163
0.673505743 0.419465991 90.0750339 255 79 163
0.988904259 0.21050546 90.2680585 255 79 163
1.31289579 0.0783069053 90.3835134 255 79 163
1.51551907 0.029600586 90.4210097 255 79 163
1.72810173 0.00368575899 90.434135 255 79 163
0 1.84465349 75.4297467 255 79 163
0.0431759413 1.44788512 75.4297467 255 79 163
0.182172492 1.04533914 75.4297467 255 79 163
0.42078697 0.671900047 75.4297467 255 79 163
0.745750518 0.363046672 75.4297467 255 79 163
1.12834135 0.144758369 75.4297467 255 79 163
1.49018026 0.0343785853 75.4297467 255 79 163
1.84465349 0 75.4297467 255 79 163
1.84465349 -2.22044605e-16 90.434135 255 79 163
1.76692354 0.00163841832 90.434135 255 79 163
1.80577988 0.000409650065 90.434135 255 79 163
0 1.84465349 12.837695 255 79 163
0.0674293702 1.35046635 12.5642255 255 79 163
0.219637886 0.971686846 12.3876295 255 79 163
0.36464563 0.743598024 12.3137977 255 79 163
0.511632527 0.56958423 12.2910698 255 79 163
0.794406261 0.328168323 12.2910698 255 79 163
1.11984815 0.148362321 12.2910698 255 79 163
1.47473655 0.0374711635 12.2910698 255 79 163
1.84465349 -2.22044605e-16 12.2910698 255 79 163
1.84465349 -2.22044605e-16 70.6925736 255 79 163
-2.22044605e-16 1.84465349 70.6925736 255 79 163
0.0462493142 1.43417947 70.6925736 255 79 163
0.182678123 1.04428833 70.6925736 255 79 163
0.402445316 0.694530849 70.6925736 255 79 163
0.694530849 0.402445316 70.6925736 255 79 163
1.04428833 0.182678123 70.6925736 255 79 163
1.43417947 0.0462493142 70.6925736 255 79 163
0 5.41508057 68.7765188 218 222 230
0 4.37055068 68.905789 218 222 230
0 3.389049 69.2857995 218 222 230
0 2.52980057 69.8936199 218 222 230
-2.22044605e-16 1.84465349 70.6925736 218 222 230
45.5238087 5.41508057 68.7765188 218 222 230
45.5238087 4.38969877 68.9010226 218 222 230
45.5238087 3.42390843 69.2672986 218 222 230
45.5238087 2.57383778 69.85406 218 222 230
45.5238087 1.88888983 70.6272064 218 222 230
45.5238087 1.40887127 71.5418054 218 222 230
45.5238087 1.16167903 72.5447037 218 222 230
45.5238087 1.16167903 73.5776166 218 222 230
45.5238087 1.40887127 74.5805149 218 222 230
45.5238087 1.88888983 75.4951139 218 222 230
45.5238087 2.57383778 76.2682603 218 222 230
45.5238087 3.42390843 76.8550217 218 222 230
45.5238087 4.38969877 77.2212977 218 222 230
45.5238087 5.41508057 77.3458016 218 222 230
0 5.41508057 77.3458016 218 222 230
0 1.84465349 75.4297467 218 222 230
0 2.52980057 76.2287004 218 222 230
0 3.389049 76.8365208 218 222 230
0 4.37055068 77.2165313 218 222 230
1.14657237e-16 1.39799204 71.5708073 218 222 230
6.75479022e-17 1.17438947 72.449041 218 222 230
-5.20686749e-17 1.13871117 73.3272748 218 222 230
3.54418377e-17 1.28608313 74.2055085 218 222 230
-1.64239734e-16 1.50701548 74.8176276 218 222 230
0 5.41508057 77.3458016 218 222 230
45.5238087 5.41508057 77.3458016 218 222 230
45.5238087 42.5582179 77.3458016 218 222 230
0 42.5582179 77.3458016 218 222 230
0 42.5582179 68.7765188 218 222 230
45.5238087 42.5582179 68.7765188 218 222 230
45.5238087 5.41508057 68.7765188 218 222 230
0 5.41508057 68.7765188 218 222 230
0 42.5582179 77.3458016 218 222 230
45.5238087 42.5582179 77.3458016 218 222 230
45.5238087 43.5835997 77.2212977 218 222 230
45.5238087 44.5493901 76.8550217 218 222 230
45.5238087 45.3994607 76.2682603 218 222 230
45.5238087 46.0844087 75.4951139 218 222 230
45.5238087 46.5644272 74.5805149 218 222 230
45.5238087 46.8116195 73.5776166 218 222 230
45.5238087 46.8116195 72.5447037 218 222 230
45.5238087 46.5644272 71.5418054 218 222 230
45.5238087 46.0844087 70.6272064 218 222 230
45.5238087 45.3994607 69.85406 218 222 230
45.5238087 44.5493901 69.2672986 218 222 230
45.5238087 43.5835997 68.9010226 218 222 230
45.5238087 42.5582179 68.7765188 218 222 230
0 42.5582179 68.7765188 218 222 230
0 43.5835997 77.2212977 218 222 230
0 44.5493901 76.8550217 218 222 230
0 45.3994607 76.2682603 218 222 230
0 46.0844087 75.4951139 218 222 230
0 46.5644272 74.5805149 218 222 230
0 46.8116195 73.5776166 218 222 230
0 46.8116195 72.5447037 218 222 230
0 46.5644272 71.5418054 218 222 230
0 46.0844087 70.6272064 218 222 230
0 45.3994607 69.85406 218 222 230
0 44.5493901 69.2672986 218 222 230
0 43.5835997 68.9010226 218 222 230
9.24446373e-33 81.1371067 50.6868445 218 222 230
0 87.7215841 16.649265 218 222 230
49.1569946 81.171984 50.506551 218 222 230
49.7586043 87.7215841 16.649265 218 222 230
49.461903 84.446784 33.577908 218 222 230
2.39572217 87.7215841 16.649265 218 222 230
2.86717522e-16 88.2283728 14.0294882 218 222 230
0.0751856549 88.1027155 14.6790571 218 222 230
0.212913817 88.019941 15.1069491 218 222 230
0.424180097 87.9409257 15.515408 218 222 230
0.663178153 87.878805 15.8365327 218 222 230
0.94623393 87.8252457 16.1134003 218 222 230
1.26233567 87.7821592 16.3361302 218 222 230
1.59845798 87.7506304 16.4991143 218 222 230
1.9412257 87.7308486 16.6013734 218 222 230
2.1713967 87.7238273 16.6376694 218 222 230
0 50.3401283 32.368543 255 79 163
0.0429794365 50.6184076 32.0468239 255 79 163
0.181119832 50.9019375 31.7190345 255 79 163
0.419508911 51.1697422 31.409425 255 79 163
0.748592952 51.3997189 31.1435484 255 79 163
1.14447112 51.5740498 30.9420042 255 79 163
1.57440263 51.68357 30.8153877 255 79 163
1.85422872 51.7198226 30.773476 255 79 163
2.12647972 51.7312711 30.7602403 255 79 163
1.89379482 57.1538223 35.4506157 255 79 163
1.41262643 64.1597991 41.5106159 255 79 163
0.862771639 71.5976368 47.9441651 255 79 163
0.575061136 76.5883272 52.2609914 255 79 163
-3.05311332e-16 76.2121222 52.6959226 255 79 163
0.0173886474 76.3039359 52.5897767 255 79 163
0.0660364841 76.387161 52.49356 255 79 163
0.13722198 76.4560188 52.4139534 255 79 163
0.230692352 76.5134134 52.3475993 255 79 163
0.339432159 76.5552962 52.2991785 255 79 163
0.454732627 76.5799992 52.2706193 255 79 163
0.515686998 76.5863166 52.2633158 255 79 163
-1.84877459e-16 55.9149019 36.8829338 255 79 163
-1.32714586e-16 63.2356591 42.5790158 255 79 163
-1.02920736e-16 71.0332116 48.596698 255 79 163
0.0950825416 53.5153542 34.177357 255 79 163
0.242781445 52.8217095 33.1527148 255 79 163
0.173032427 53.6502447 34.0214098 255 79 163
0.207153805 73.1070307 49.5613429 255 79 163
0.252699962 71.4323205 48.1352876 255 79 163
0.420688422 74.0537151 50.1479748 255 79 163
0.910837364 52.0893072 31.564025 255 79 163
1.13247424 52.1768088 31.4628642 255 79 163
1.31384283 52.2318263 31.3992583 255 79 163
0.800737998 52.340451 31.8825325 255 79 163
0.622261282 52.2372422 32.0018523 255 79 163
0.924376876 52.3995092 31.8142552 255 79 163
1.05334205 52.4521723 31.7533713 255 79 163
0.900102365 53.3022541 32.5971563 255 79 163
1.33183838 53.4500773 32.4262577 255 79 163
0.128079092 54.8132326 35.1122989 255 79 163
1.54188407 54.7065089 33.4091163 255 79 163
0.145849585 55.4616994 35.580316 255 79 163
0.254574006 55.9166291 35.6632263 255 79 163
1.25159974 56.1666974 34.7652665 255 79 163
0.621087108 54.9893996 34.2997766 255 79 163
0.132966552 56.370942 36.3557051 255 79 163
0.554679662 56.790951 35.870132 255 79 163
0.99969902 56.3956039 35.1094827 255 79 163
1.19669897 57.0668356 35.5511812 255 79 163
0.324646012 57.4078073 36.7302747 255 79 163
0.232980057 57.711823 37.1654472 255 79 163
1.09216971 57.8265693 36.2461431 255 79 163
0.893531572 59.3430109 37.6395651 255 79 163
0.12546136 58.1666252 37.8196181 255 79 163
0.311734696 58.5963279 37.7161608 255 79 163
0.150623914 59.212251 38.5773825 255 79 163
0.202614716 61.2942714 40.1035834 255 79 163
0.488904681 60.3369693 38.850385 255 79 163
0.67586752 62.034641 40.0342865 255 79 163
0.975372189 62.3374062 40.0775819 255 79 163
0.766615093 62.8667565 40.6455677 255 79 163
0.638323202 63.2122502 41.0327875 255 79 163
0.892646117 64.0949137 41.58563 255 79 163
0.413748703 63.8891248 41.823543 255 79 163
0.237157077 64.6031046 42.6683814 255 79 163
0.0991829018 63.5758301 42.1857435 255 79 163
0.168401832 64.9587649 43.0923379 255 79 163
0.0892401174 65.4938307 43.7264513 255 79 163
0.132575934 68.7714329 46.2007289 255 79 163
0.330956123 67.6622065 44.9776998 255 79 163
0.220540168 65.8695884 43.7096051 255 79 163
0.625295293 66.5368113 43.7733634 255 79 163
0.627334668 69.6925771 46.3884964 255 79 163
0.484629658 70.278736 46.9635409 255 79 163
0.398907403 70.6655302 47.3515033 255 79 163
0.0969466935 75.1452106 51.4077379 255 79 163
0.106933521 51.0814335 32.1203741 255 79 163
0.15022236 51.312162 32.1580561 255 79 163
0.248136292 51.4502556 31.9984059 255 79 163
0.178883017 51.8159382 32.4889227 255 79 163
0.787314699 53.9604106 33.2569228 255 79 163
0.73313007 54.2886047 33.5878284 255 79 163
0.69488091 54.5224243 33.8248885 255 79 163
0.588519924 55.3780087 34.662312 255 79 163
0.400085088 55.54576 35.0772297 255 79 163
0.57252129 55.5723804 34.8435022 255 79 163
0.587903853 55.8895936 35.0856268 255 79 163
0.490138292 55.9765225 35.2895558 255 79 163
0.71728775 56.0672049 35.0832417 255 79 163
0.59881396 57.8132624 36.6548501 255 79 163
0.191653773 62.4906168 41.0804234 255 79 163
0.186075041 63.0890466 41.5685462 255 79 163
0.309469724 63.1433106 41.3747039 255 79 163
0.153744063 63.2510568 41.7745688 255 79 163
0.134075818 63.3591669 41.9117978 255 79 163
0.803804221 64.3500426 41.8474323 255 79 163
0.760677693 64.4766702 41.9794166 255 79 163
0.52325709 64.6600544 42.3241631 255 79 163
0.697747467 64.6655024 42.1786754 255 79 163
0.673607328 65.2892703 42.71024 255 79 163
0.115616997 70.6752704 47.7578106 255 79 163
0.19265666 70.6799867 47.6131688 255 79 163
0.0949812131 70.8634695 47.9578013 255 79 163
0.321717855 75.9185034 51.7745543 255 79 163
2.86717522e-16 88.2283728 14.0294882 218 222 230
0.0751856549 88.1027155 14.6790571 218 222 230
0.212913817 88.019941 15.1069491 218 222 230
0.424180097 87.9409257 15.515408 218 222 230
0.663178153 87.878805 15.8365327 218 222 230
0.94623393 87.8252457 16.1134003 218 222 230
1.26233567 87.7821592 16.3361302 218 222 230
1.59845798 87.7506304 16.4991143 218 222 230
1.9412257 87.7308486 16.6013734 218 222 230
2.1713967 87.7238273 16.6376694 218 222 230
2.39572217 87.7215841 16.649265 218 222 230
2.70101467 78.6565814 19.2694564 218 222 230
3.36701291 65.6120615 23.0399064 218 222 230
3.68743588 58.4812146 25.1010402 218 222 230
3.85478313 52.5675416 26.8103563 218 222 230
0 51.4971538 23.1071654 218 222 230
0.1141932 51.7557582 24.0018518 218 222 230
0.433636846 51.9903827 24.8135758 218 222 230
0.901505097 52.1850724 25.4871381 218 222 230
1.51704759 52.3482418 26.0516509 218 222 230
2.2352569 52.4684901 26.4676704 218 222 230
2.99964545 52.5408713 26.7180858 218 222 230
3.43293356 52.5611128 26.7881147 218 222 230
3.74819345e-16 78.6486189 16.4941319 218 222 230
1.01906834e-16 65.0487771 19.7172386 218 222 230
1.62783072e-18 57.5992222 21.5230893 218 222 230
0.701690779 87.5267401 15.9751688 218 222 230
0.308379518 87.8231315 15.3561868 218 222 230
0.136365968 84.7791137 15.7844667 218 222 230
0.17597444 83.1158006 16.3319401 218 222 230
1.5916233 83.1399763 17.7894684 218 222 230
1.58977491 84.6772185 17.3605872 218 222 230
0.100794881 54.7848929 23.1340489 218 222 230
0.27562527 53.9224987 23.9329862 218 222 230
0.210592245 54.8896251 23.4963879 218 222 230
2.99687291 55.5013123 25.8758984 218 222 230
2.4943556 54.4735106 26.0148222 218 222 230
2.24517423 55.4334198 25.6410125 218 222 230
2.61935831 55.4732558 25.7788318 218 222 230
1.9986218 54.4113149 25.7996455 218 222 230
0.696163744 85.6903646 16.4749161 218 222 230
0.694503379 84.7717197 16.7232082 218 222 230
0.486089499 84.2264098 16.6158378 218 222 230
0.740265171 83.9398266 16.9961266 218 222 230
0.999745643 83.683737 17.2969942 218 222 230
0.735895872 83.1679886 17.1994377 218 222 230
0.740794482 82.683378 17.3344127 218 222 230
0.751161863 81.7139984 17.603815 218 222 230
0.180873565 81.1705556 16.8483059 218 222 230
0.183579259 80.197293 17.1042742 218 222 230
0.187918111 78.7366986 17.4858032 218 222 230
0.336890414 79.7375551 17.5542818 218 222 230
0.786293309 78.8047409 18.4081511 218 222 230
1.63692706 81.205577 18.3433565 218 222 230
1.66181159 80.2383084 18.6200623 218 222 230
0.24003566 77.2452797 17.988321 218 222 230
0.0839632426 76.44937 17.7224312 218 222 230
1.7015705 78.7873306 19.0348613 218 222 230
1.3528698 79.7734972 18.5945553 218 222 230
0.0388105725 72.6579604 18.4177708 218 222 230
0.369611894 74.2643717 19.0000329 218 222 230
1.80251123 75.4314623 19.9931826 218 222 230
1.24346671 75.0765261 19.7800868 218 222 230
1.42783539 76.5666231 19.5019768 218 222 230
2.1990994 74.3450651 20.4241128 218 222 230
0.094369049 69.6716256 19.4107082 218 222 230
0.556394101 69.0779926 20.6079009 218 222 230
0.223506216 68.5894987 20.0853937 218 222 230
2.56739886 71.4392085 21.3138424 218 222 230
1.7402525 73.6140333 20.4590065 218 222 230
2.45818653 67.8199274 22.2993818 218 222 230
1.60126095 69.9712414 21.363206 218 222 230
0.103204879 63.9748849 20.827383 218 222 230
0.235425134 65.2985822 20.9249544 218 222 230
1.94310578 67.0834408 22.3154037 218 222 230
0.29682683 64.5021472 21.2720327 218 222 230
2.12470299 65.6381318 22.7866288 218 222 230
0.0459993426 61.8506382 21.0626555 218 222 230
0.443984653 62.9109591 21.9720082 218 222 230
1.47549558 64.7712397 22.6609672 218 222 230
0.983456309 65.5222253 22.0421584 218 222 230
2.18233516 63.7971331 23.3120941 218 222 230
1.50157025 63.5421606 23.0052346 218 222 230
1.74857392 64.3866947 22.939054 218 222 230
0.108398738 60.2603883 21.7658769 218 222 230
2.06907657 62.7929805 23.5361411 218 222 230
2.6326863 63.2292811 23.6190183 218 222 230
0.253628786 59.7354278 22.3624155 218 222 230
0.3120375 60.7951541 22.2364863 218 222 230
0.633342185 60.1135633 23.0012291 218 222 230
0.464637093 59.2472517 22.9449921 218 222 230
2.98229391 61.6531473 24.1357039 218 222 230
0.258623399 57.940234 22.8345152 218 222 230
0.641912725 58.919212 23.3244197 218 222 230
1.07925351 58.25176 24.0439295 218 222 230
0.242396111 56.9231162 23.0542809 218 222 230
0.456570061 57.3752444 23.4161551 218 222 230
0.188381941 56.210746 23.0821531 218 222 230
2.75181933 59.6625344 24.6450073 218 222 230
1.83410072 60.7776614 23.9599692 218 222 230
2.32927907 58.4444642 24.8422595 218 222 230
2.16060963 59.2237972 24.5537001 218 222 230
1.86488153 57.7267113 24.8076307 218 222 230
0.354732232 55.310926 23.7516097 218 222 230
0.441177563 55.5204231 23.8752305 218 222 230
0.542245762 55.5699126 24.0464478 218 222 230
2.30375711 57.4410248 25.109348 218 222 230
1.00391433 55.5555684 24.6857499 218 222 230
1.02335275 56.2296765 24.5255031 218 222 230
0.994053744 55.2185069 24.7658475 218 222 230
2.40843314 56.7856818 25.3345157 218 222 230
0.652333882 54.4417913 24.5272273 218 222 230
1.76655994 55.8805013 25.2526196 218 222 230
0.898843188 54.6932988 24.7961902 218 222 230
1.92279303 55.7336157 25.3894931 218 222 230
1.2998808 54.9595994 25.1455852 218 222 230
0.963934506 54.2073147 25.0061139 218 222 230
0.943431798 53.5331993 25.1663356 218 222 230
1.2859549 86.7404544 16.6414084 218 222 230
0.773970386 79.7746634 18.1406274 218 222 230
0.635300089 77.2980473 18.6288423 218 222 230
1.19604749 77.3170276 19.1524705 218 222 230
0.440410058 76.7778531 18.4876057 218 222 230
0.723197227 76.9299508 18.828179 218 222 230
0.563891211 76.5420935 18.7301682 218 222 230
0.87085399 77.0625328 18.9485803 218 222 230
1.86588573 78.2780418 19.2366625 218 222 230
0.495611114 75.7844572 18.8256736 218 222 230
1.9495104 78.0225107 19.3344953 218 222 230
0.763562355 76.0588794 19.0985064 218 222 230
1.77552542 77.5417152 19.4058924 218 222 230
0.451975967 75.2784588 18.886204 218 222 230
2.07651674 77.6380979 19.477383 218 222 230
0.335408742 73.0055315 19.2489834 218 222 230
1.04680579 74.3395589 19.8198884 218 222 230
0.952007659 73.9685828 19.8311659 218 222 230
0.318637869 72.3756057 19.3717086 218 222 230
0.929253934 73.3368422 19.9730553 218 222 230
0.883261286 72.0723072 20.2531882 218 222 230
0.302103714 71.7453522 19.4933008 218 222 230
0.269802088 70.4838973 19.7332049 218 222 230
1.69617085 72.4009785 20.7645898 218 222 230
0.835870818 70.8609199 20.5136557 218 222 230
1.67330271 71.7940044 20.9158358 218 222 230
0.812008633 70.2547208 20.6421405 218 222 230
0.722542376 69.8639268 20.6357395 218 222 230
1.64986661 71.1867261 21.0660296 218 222 230
1.02754252 69.5425357 21.0475464 218 222 230
0.099654791 66.3127197 20.2440294 218 222 230
0.414156349 67.5704705 20.7493983 218 222 230
1.46208395 68.9892328 21.5371316 218 222 230
1.01414952 68.2029254 21.3807896 218 222 230
0.213594173 66.5082075 20.5693428 218 222 230
0.576470351 66.8901398 21.1886828 218 222 230
1.39243324 68.4967934 21.6191292 218 222 230
0.137994989 65.9743251 20.4697978 218 222 230
0.16735348 65.7489527 20.6210849 218 222 230
0.888001347 67.2070801 21.5068449 218 222 230
1.28830803 67.7563371 21.7359078 218 222 230
1.06490062 67.3601445 21.6472237 218 222 230
1.49708747 67.5364785 21.9444348 218 222 230
1.18507597 67.0137352 21.8452638 218 222 230
1.11701743 66.5174886 21.9140899 218 222 230
0.849090875 64.9466719 22.0429267 218 222 230
0.784673124 64.6577915 22.0394923 218 222 230
0.66196552 64.0779646 22.0254758 218 222 230
0.897896325 63.8591854 22.3790593 218 222 230
2.41779947 65.2354923 23.0021145 218 222 230
0.905642385 63.2434251 22.5469696 218 222 230
1.03559841 61.8293056 23.0553009 218 222 230
0.397901939 62.2063051 22.062293 218 222 230
2.56625956 65.0315669 23.1008429 218 222 230
0.375624269 61.8537364 22.106599 218 222 230
0.353877355 61.5010164 22.1503819 218 222 230
1.99184691 62.1222537 23.6810364 218 222 230
0.151717993 58.8616922 22.2804938 218 222 230
1.95278421 61.7864988 23.7521301 218 222 230
0.110675918 58.424196 22.2373587 218 222 230
1.91345539 61.4504821 23.8223175 218 222 230
1.17329343 60.4655945 23.5497307 218 222 230
0.152694255 58.2628022 22.436158 218 222 230
1.47943958 60.0609538 23.9165337 218 222 230
1.06564153 59.4440143 23.7134839 218 222 230
1.310026 59.6973853 23.8767748 218 222 230
1.31866764 59.1016123 24.0432228 218 222 230
1.23713649 58.8191581 24.0463296 218 222 230
1.06715774 57.8024505 24.1510925 218 222 230
1.06103822 57.5777853 24.2046378 218 222 230
1.04865857 57.1284362 24.3116639 218 222 230
0.522687749 56.2299084 23.837377 218 222 230
1.62550552 56.8561884 24.8895173 218 222 230
1.6721204 56.5310682 25.0109279 218 222 230
1.54168081 53.020063 25.8834919 218 222 230
0.540904881 66.1486021 21.3208023 218 222 230
0.490740621 65.6454137 21.365612 218 222 230
0.674413051 65.9419327 21.5685986 218 222 230
2.24814444 52.8031906 26.3794046 218 222 230
0 50.3401283 32.368543 218 222 230
0.0429794365 50.6184076 32.0468239 218 222 230
0.181119832 50.9019375 31.7190345 218 222 230
0.419508911 51.1697422 31.409425 218 222 230
0.748592952 51.3997189 31.1435484 218 222 230
1.14447112 51.5740498 30.9420042 218 222 230
1.57440263 51.68357 30.8153877 218 222 230
1.85422872 51.7198226 30.773476 218 222 230
2.12647972 51.7312711 30.7602403 218 222 230
2.15866175 51.4777192 30.5037259 218 222 230
2.23943662 51.2668731 30.210843 218 222 230
2.36055558 51.1036403 29.8885052 218 222 230
2.51356475 50.9919964 29.544168 218 222 230
2.68980032 50.9349572 29.1857919 218 222 230
2.88038873 50.9345123 28.8218192 218 222 230
3.07627271 50.9914936 28.4611204 218 222 230
3.26827416 51.1053961 28.1128747 218 222 230
3.44719552 51.2741884 27.7863542 218 222 230
3.60395202 51.4941696 27.4906042 218 222 230
3.72971854 51.7599275 27.2340297 218 222 230
3.81606657 52.0644461 27.0239358 218 222 230
3.84987154 52.3095258 26.9020062 218 222 230
3.85478313 52.5675416 26.8103563 218 222 230
0 51.4971538 23.1071654 218 222 230
0.1141932 51.7557582 24.0018518 218 222 230
0.433636846 51.9903827 24.8135758 218 222 230
0.901505097 52.1850724 25.4871381 218 222 230
1.51704759 52.3482418 26.0516509 218 222 230
2.2352569 52.4684901 26.4676704 218 222 230
2.99964545 52.5408713 26.7180858 218 222 230
3.43293356 52.5611128 26.7881147 218 222 230
-1.64095404e-16 49.2624003 31.2392211 218 222 230
7.74262904e-17 48.5634907 30.0975891 218 222 230
3.49572148e-16 48.1633575 28.907495 218 222 230
2.0539349e-16 48.0504259 27.7151951 218 222 230
-1.83461519e-16 48.2319355 26.470833 218 222 230
-1.26561529e-16 48.6767856 25.38134 218 222 230
2.0046464e-16 49.3072151 24.4940307 218 222 230
-2.46401179e-16 50.1362341 23.758698 218 222 230
-1.03689396e-15 50.7887656 23.3776545 218 222 230
0.642858421 50.8479558 30.7320852 218 222 230
1.1185086 51.509241 26.0687554 218 222 230
0.0437639651 50.1139502 31.5641312 218 222 230
0.163153019 50.3649788 31.2624982 218 222 230
0.156290325 50.1132272 31.0026512 218 222 230
0.0739335889 49.2805345 30.2213928 218 222 230
0.169435706 49.6285511 30.251584 218 222 230
0.297254983 50.0692575 30.4602798 218 222 230
0.079643434 48.9923591 29.5222561 218 222 230
0.179564595 49.4041682 29.7479945 218 222 230
0.762388196 50.2187412 29.4743697 218 222 230
1.30274292 51.3000089 30.568564 218 222 230
0.189452913 49.2566104 29.2730724 218 222 230
0.0882136214 48.7833005 28.4875102 218 222 230
0.199467962 49.1660811 28.7948586 218 222 230
1.40051739 51.1880183 30.3708566 218 222 230
0.352534707 49.5428658 29.0681847 218 222 230
0.845014684 50.1153488 28.7460448 218 222 230
1.20733902 50.8307963 29.9988469 218 222 230
1.43305188 51.0855493 30.2073751 218 222 230
0.209172034 49.1315261 28.3268206 218 222 230
1.70703172 51.1792174 30.1914056 218 222 230
0.0967236613 48.821108 27.418569 218 222 230
0.219491368 49.1541042 27.818298 218 222 230
0.389155733 49.4901068 28.182175 218 222 230
0.931034575 50.185648 27.9915606 218 222 230
1.56404162 50.8542699 29.6761455 218 222 230
0.228995614 49.2353039 27.335305 218 222 230
1.61672493 50.8041408 29.4877769 218 222 230
0.10438321 49.1187019 26.3821332 218 222 230
1.39221043 50.5965248 29.1392467 218 222 230
1.88076712 50.9388854 29.6208443 218 222 230
0.238584876 49.388145 26.8281962 218 222 230
1.67273659 50.7683865 29.2954861 218 222 230
0.425095481 49.6558277 27.2745862 218 222 230
1.01127214 50.4447119 27.2567746 218 222 230
1.96655229 50.8844714 29.3773557 218 222 230
0.246119731 49.5727227 26.4104303 218 222 230
1.76129935 50.7425971 29.0024684 218 222 230
0.1103689 49.6416125 25.480868 218 222 230
1.8225208 50.7443813 28.8050454 218 222 230
0.254063593 49.8547426 25.9427259 218 222 230
1.55770862 50.6149788 28.4384874 218 222 230
2.13057123 50.8504122 28.940948 218 222 230
0.455684721 50.0414574 26.4360282 218 222 230
1.07663878 50.8924753 26.5965945 218 222 230
1.88456418 50.7616611 28.6075788 218 222 230
0.259290835 50.1154534 25.6108875 218 222 230
0.114504245 50.3600121 24.7415446 218 222 230
2.2288886 50.8667971 28.6897823 218 222 230
1.97741638 50.8167908 28.3144623 218 222 230
0.0274246679 50.9689161 23.7987599 218 222 230
0.264839024 50.5126641 25.2189609 218 222 230
1.68850659 50.7638363 27.8872254 218 222 230
0.478236149 50.622847 25.7253964 218 222 230
2.03830667 50.8731563 28.1223208 218 222 230
0.102566982 51.1354425 24.1880189 218 222 230
0.267946244 50.854449 24.9590296 218 222 230
2.40131315 50.9588552 28.2575714 218 222 230
2.12599311 50.9865327 27.8432143 218 222 230
0.319589852 51.2330537 24.8693483 218 222 230
2.18114459 51.0811817 27.6645361 218 222 230
1.83164821 51.1169312 27.2543758 218 222 230
2.56482727 51.1303764 27.8473142 218 222 230
2.23272931 51.1905094 27.4935674 218 222 230
2.65006107 51.2626923 27.628483 218 222 230
2.30176649 51.3804104 27.2547901 218 222 230
1.91652166 51.5222441 26.8281274 218 222 230
2.34137773 51.5236305 27.1087006 218 222 230
2.77736919 51.5493866 27.2833933 218 222 230
2.38932222 51.7604511 26.9128806 218 222 230
2.35222055 51.9771305 26.7414909 218 222 230
0.686853083 50.5001784 30.1981492 218 222 230
51.5807054 21.9089673 0 218 222 230
51.5807054 21.9089673 12.2910698 218 222 230
0.738534401 12.8332267 0 218 222 230
0.629493311 12.813762 10.6792135 218 222 230
11.3183378 14.7218075 10.7727439 218 222 230
25.4802219 17.2498189 11.0254383 218 222 230
40.0572076 19.8519293 11.2997611 218 222 230
50.3309504 21.6858759 11.4179136 218 222 230
3.14199795 98.3218458 0 218 222 230
51.5807054 98.3218458 0 218 222 230
3.01391754 98.3218458 18.8810729 218 222 230
2.72902214 98.3218458 45.2170675 218 222 230
2.45677944 98.3218458 71.1312113 218 222 230
2.34278456 98.3218458 90.434135 218 222 230
51.5807054 98.3218458 90.434135 218 222 230
51.5807054 0 14.3450694 218 222 230
51.5807054 0 90.434135 218 222 230
51.5807054 20.8263074 13.3873848 218 222 230
51.5807054 11.5701708 13.8324028 218 222 230
51.5807054 5.78508539 14.1443897 218 222 230
51.5807054 21.1080077 13.3460367 218 222 230
51.5807054 21.3461873 13.2514516 218 222 230
51.5807054 21.5364904 13.1210352 218 222 230
51.5807054 21.6940875 12.9525739 218 222 230
51.5807054 21.8112766 12.7538649 218 222 230
51.5807054 21.8833081 12.5346791 218 222 230
51.5807054 21.902615 12.4135588 218 222 230
51.5807054 21.9089673 12.2910698 218 222 230
51.5807054 21.9089673 0 218 222 230
51.5807054 98.3218458 0 218 222 230
51.5807054 98.3218458 90.434135 218 222 230
51.5807054 50.1560957 27.5073721 218 222 230
51.5807054 87.7215841 16.649265 218 222 230
51.5807054 48.8881858 30.2022901 218 222 230
51.5807054 48.8204859 30.130462 218 222 230
51.5807054 48.7681474 30.0468737 218 222 230
51.5807054 48.7308824 29.9554437 218 222 230
51.5807054 48.7018872 29.8270434 218 222 230
51.5807054 48.6918487 29.6791971 218 222 230
51.5807054 48.7061279 29.4822798 218 222 230
51.5807054 48.7692481 29.192808 218 222 230
51.5807054 48.9284171 28.7778758 218 222 230
51.5807054 49.1757126 28.3434497 218 222 230
51.5807054 49.488109 27.9533073 218 222 230
51.5807054 49.830893 27.6625398 218 222 230
51.5807054 49.9877877 27.572752 218 222 230
51.5807054 75.5084919 53.2282098 218 222 230
51.5807054 76.5610245 53.9587026 218 222 230
51.5807054 77.65584 54.4047592 218 222 230
51.5807054 78.7416877 54.5868862 218 222 230
51.5807054 79.880161 54.516574 218 222 230
51.5807054 80.8959469 54.2106102 218 222 230
51.5807054 81.75082 53.7310785 218 222 230
51.5807054 82.4979975 53.0663196 218 222 230
51.5807054 83.087682 52.2401301 218 222 230
51.5807054 83.3694119 51.6227283 218 222 230
51.5807054 83.5515793 50.9668773 218 222 230
51.5807054 89.6801899 16.0831403 218 222 230
51.5807054 86.6051246 33.5229273 218 222 230
2.34278456 98.3218458 90.434135 218 222 230
51.5807054 98.3218458 90.434135 218 222 230
1.72810173 98.2397701 90.434135 218 222 230
2.03281248 98.3012492 90.434135 218 222 230
1.72810173 0.00368575899 90.434135 218 222 230
1.76692354 0.00163841832 90.434135 218 222 230
1.80577988 0.000409650065 90.434135 218 222 230
1.84465349 -2.22044605e-16 90.434135 218 222 230
51.5807054 0 90.434135 218 222 230
0.79464804 11.2056042 12.2910698 255 79 163
11.4987299 13.2104586 12.2910698 255 79 163
25.643765 15.9921708 12.2910698 255 79 163
40.2161715 18.8730816 12.2910698 255 79 163
50.4843904 20.8263074 12.2910698 255 79 163
0.810452887 11.5596228 12.2535986 255 79 163
0.800379382 11.8978023 12.1405614 255 79 163
0.770347514 12.2027554 11.9546613 255 79 163
0.728115761 12.4576308 11.7043084 255 79 163
0.683255969 12.6489624 11.4031271 255 79 163
0.646661369 12.7685312 11.0678289 255 79 163
0.634166443 12.8025005 10.8747694 255 79 163
0.629493311 12.813762 10.6792135 255 79 163
11.3183378 14.7218075 10.7727439 255 79 163
25.4802219 17.2498189 11.0254383 255 79 163
40.0572076 19.8519293 11.2997611 255 79 163
50.3309504 21.6858759 11.4179136 255 79 163
50.3355901 21.6598843 11.6310093 255 79 163
50.3485705 21.5871683 11.8241714 255 79 163
50.3675645 21.4807643 11.9839875 255 79 163
50.3925046 21.3410501 12.117198 255 79 163
50.421519 21.1785121 12.2144064 255 79 163
50.4522839 21.0061676 12.271741 255 79 163
50.468548 20.9150565 12.2864033 255 79 163
6.13738678 12.6906525 12.2127394 255 79 163
4.33085109 12.6322794 12.0953205 255 79 163
45.209914 20.6801953 11.7680993 255 79 163
1.83579799 12.9121897 11.2805847 255 79 163
1.84897743 12.8553402 11.4094848 255 79 163
2.4554805 12.8688018 11.571937 255 79 163
2.46944155 12.8086059 11.6587688 255 79 163
1.87311138 12.7606291 11.576337 255 79 163
2.4440688 12.9252714 11.4780837 255 79 163
4.23226631 13.1788088 11.5898479 255 79 163
4.20178513 13.3466934 11.2606088 255 79 163
6.56959934 13.8295455 11.0854577 255 79 163
8.48060397 13.2012037 12.1875208 255 79 163
9.65218451 13.4566364 12.173853 255 79 163
10.2168794 13.7427373 12.0870416 255 79 163
9.54560928 14.3040667 11.2946182 255 79 163
7.8121424 13.6663827 11.7973386 255 79 163
10.143475 14.3208792 11.4928945 255 79 163
11.3531997 14.2761142 11.8461858 255 79 163
11.422064 13.7651388 12.1844021 255 79 163
11.3154163 14.6129751 11.331441 255 79 163
13.687673 14.9522269 11.5329491 255 79 163
12.9074372 14.7384972 11.6420583 255 79 163
14.8621114 15.2499388 11.3655496 255 79 163
20.7704085 16.2327376 11.5966811 255 79 163
18.4419738 15.5759017 11.8800345 255 79 163
15.2711843 15.1671521 11.6583621 255 79 163
16.120184 14.8287361 12.1064285 255 79 163
21.6127447 15.967053 12.0549095 255 79 163
22.0438761 15.7783965 12.1972192 255 79 163
23.1984597 16.1607832 12.1232913 255 79 163
23.9695236 16.4081919 12.063056 255 79 163
27.9246465 17.5282469 11.6692131 255 79 163
27.1198614 17.3223746 11.7559346 255 79 163
29.1353615 17.8172395 11.5375182 255 79 163
35.2172487 18.8484728 11.7418141 255 79 163
32.8187632 18.2263364 11.9627874 255 79 163
29.5551487 17.7658173 11.7771424 255 79 163
30.4193723 17.5248887 12.1417776 255 79 163
36.0795424 18.6746107 12.1047882 255 79 163
36.5184335 18.5442965 12.2171349 255 79 163
37.7101568 18.8974888 12.1592848 255 79 163
38.5058076 19.1264036 12.112237 255 79 163
41.7803395 20.0821309 11.7016247 255 79 163
43.530886 20.1587567 12.0463885 255 79 163
46.402286 20.5893189 12.1285172 255 79 163
47.8305511 20.8462503 12.1339175 255 79 163
47.8382918 20.8028868 12.1623338 255 79 163
47.8230773 20.8881187 12.1027917 255 79 163
48.7148416 20.8414101 12.223893 255 79 163
48.7039976 20.9021579 12.195568 255 79 163
1.15160932 11.8856186 12.17297 255 79 163
1.33178302 12.2161413 12.017128 255 79 163
1.32266101 12.0459636 12.1147672 255 79 163
1.62340503 12.0555049 12.1365277 255 79 163
1.70127141 12.3206238 11.991489 255 79 163
2.52592229 12.2475657 12.1231944 255 79 163
4.83757261 13.1847508 11.7256465 255 79 163
5.141129 13.1826617 11.7893805 255 79 163
6.11123012 12.8463284 12.1515688 255 79 163
5.60945499 13.4421576 11.571385 255 79 163
6.31763401 13.4655543 11.7140368 255 79 163
6.81573462 13.5328828 11.7423668 255 79 163
8.60128377 13.7883153 11.8220817 255 79 163
8.99585602 13.8492728 11.8342707 255 79 163
9.21234144 13.7312268 11.9711923 255 79 163
9.58275705 13.9707668 11.821732 255 79 163
9.79281976 13.9021034 11.9213469 255 79 163
9.8689102 14.0924977 11.7472815 255 79 163
11.9355408 13.945049 12.1495484 255 79 163
12.1924118 14.0342612 12.130295 255 79 163
12.5779153 14.1669757 12.0991839 255 79 163
12.6838403 14.3794183 11.9734379 255 79 163
13.7587536 14.3871025 12.1014819 255 79 163
23.1296913 16.6598499 11.6201545 255 79 163
24.1918625 16.7418658 11.7939569 255 79 163
24.3093226 16.8734625 11.6321205 255 79 163
24.6994144 16.9716226 11.5852041 255 79 163
24.9597498 17.0355269 11.553834 255 79 163
25.4810726 17.1596828 11.4911233 255 79 163
25.5158573 16.8794491 11.9202013 255 79 163
26.1070497 16.6250715 12.1735295 255 79 163
25.5765563 16.4540434 12.2021452 255 79 163
26.3724462 16.7097465 12.1577842 255 79 163
26.7707517 16.8355782 12.1324249 255 79 163
26.8838427 17.016212 12.0287 255 79 163
27.9869497 17.0653981 12.1355551 255 79 163
37.6457728 19.2876118 11.7639746 255 79 163
38.7386824 19.3986116 11.9012951 255 79 163
38.8600605 19.5070371 11.774469 255 79 163
39.2615235 19.6011168 11.7379516 255 79 163
39.5395795 19.5981367 11.8319058 255 79 163
40.9839799 19.5575778 12.1378984 255 79 163
40.6890845 19.5623838 12.0968511 255 79 163
41.832418 19.7609435 12.1092804 255 79 163
48.9363873 21.2499616 11.9474412 255 79 163
49.0612946 21.3750564 11.7821271 255 79 163
49.4961728 21.413346 11.8581374 255 79 163
49.7745553 21.5034985 11.7838709 255 79 163
11.7410195 14.3958532 11.7974617 255 79 163
14.2984608 14.8855864 11.7848134 255 79 163
25.1286886 16.7649135 11.958372 255 79 163
25.9161843 16.993956 11.8807376 255 79 163
39.4157841 19.225735 12.1579761 255 79 163
39.8708266 19.2750967 12.1781079 255 79 163
39.9464641 19.3769662 12.1276132 255 79 163
40.1005959 19.5647013 12.0006869 255 79 163
40.2685155 19.7368695 11.826782 255 79 163
40.3554188 19.8064646 11.7311825 255 79 163
11.5115625 14.6603164 11.3020347 255 79 163
25.3840722 16.3906124 12.2118752 255 79 163
25.6831622 17.2061463 11.4677704 255 79 163
49.5267058 0 12.2910698 218 222 230
1.84465349 -2.22044605e-16 12.2910698 218 222 230
0.511632527 0.56958423 12.2910698 218 222 230
0.794406261 0.328168323 12.2910698 218 222 230
1.11984815 0.148362321 12.2910698 218 222 230
1.47473655 0.0374711635 12.2910698 218 222 230
0.79464804 11.2056042 12.2910698 218 222 230
11.4987299 13.2104586 12.2910698 218 222 230
25.643765 15.9921708 12.2910698 218 222 230
40.2161715 18.8730816 12.2910698 218 222 230
50.4843904 20.8263074 12.2910698 218 222 230
50.0393724 11.5701708 12.2910698 218 222 230
49.7273855 5.78508539 12.2910698 218 222 230
-2.22044605e-16 1.84465349 70.6925736 255 79 163
0.0462493142 1.43417947 70.6925736 255 79 163
0.182678123 1.04428833 70.6925736 255 79 163
0.402445316 0.694530849 70.6925736 255 79 163
0.694530849 0.402445316 70.6925736 255 79 163
1.04428833 0.182678123 70.6925736 255 79 163
1.43417947 0.0462493142 70.6925736 255 79 163
1.84465349 -2.22044605e-16 70.6925736 255 79 163
1.14657237e-16 1.39799204 71.5708073 255 79 163
6.75479022e-17 1.17438947 72.449041 255 79 163
-5.20686749e-17 1.13871117 73.3272748 255 79 163
3.54418377e-17 1.28608313 74.2055085 255 79 163
-1.64239734e-16 1.50701548 74.8176276 255 79 163
0 1.84465349 75.4297467 255 79 163
0.0431759413 1.44788512 75.4297467 255 79 163
0.182172492 1.04533914 75.4297467 255 79 163
0.42078697 0.671900047 75.4297467 255 79 163
0.745750518 0.363046672 75.4297467 255 79 163
1.12834135 0.144758369 75.4297467 255 79 163
1.49018026 0.0343785853 75.4297467 255 79 163
1.84465349 0 75.4297467 255 79 163
1.70077826 2.28766658e-16 73.0611602 255 79 163
0.620225001 0.447280506 71.1662904 255 79 163
0.620225001 0.447280506 74.9560299 255 79 163
1.20623533 0.0998824478 71.4031505 255 79 163
0.673599183 0.340563158 72.1137244 255 79 163
1.18329626 0.0772621116 72.5874435 255 79 163
0.679683233 0.308387762 73.0611602 255 79 163
0.21833476 0.908922261 71.36855 255 79 163
0.357650775 0.676726738 71.616942 255 79 163
0.248529395 0.793958938 71.842266 255 79 163
1.18329626 0.0772621116 73.5348768 255 79 163
0.673599183 0.340563158 74.0085959 255 79 163
0.152258072 0.917755528 72.044524 255 79 163
0.270404991 0.685460026 72.7551014 255 79 163
0.271360967 0.679734148 73.194217 255 79 163
1.20623533 0.0998824478 74.7191698 255 79 163
0.255534386 0.762705943 74.1070525 255 79 163
0.206030736 0.9498602 74.8868283 255 79 163
49.5267058 0 12.2910698 218 222 230
1.84465349 -2.22044605e-16 12.2910698 218 222 230
1.84465349 -2.22044605e-16 70.6925736 218 222 230
1.70077826 2.28766658e-16 73.0611602 218 222 230
1.84465349 0 75.4297467 218 222 230
1.84465349 -2.22044605e-16 90.434135 218 222 230
51.5807054 0 90.434135 218 222 230
51.5807054 0 14.3450694 218 222 230
49.9448129 0 12.3340744 218 222 230
50.3702453 0 12.4722759 218 222 230
50.7703906 0 12.7103943 218 222 230
50.983223 0 12.8968042 218 222 230
51.2105158 0 13.1687624 218 222 230
51.3854373 0 13.4709804 218 222 230
51.5039544 0 13.7888297 218 222 230
51.562301 0 14.0707215 218 222 230
45.5238087 5.41508057 68.7765188 218 222 230
45.5238087 4.38969877 68.9010226 218 222 230
45.5238087 3.42390843 69.2672986 218 222 230
45.5238087 2.57383778 69.85406 218 222 230
45.5238087 1.88888983 70.6272064 218 222 230
45.5238087 1.40887127 71.5418054 218 222 230
45.5238087 1.16167903 72.5447037 218 222 230
45.5238087 1.16167903 73.5776166 218 222 230
45.5238087 1.40887127 74.5805149 218 222 230
45.5238087 1.88888983 75.4951139 218 222 230
45.5238087 2.57383778 76.2682603 218 222 230
45.5238087 3.42390843 76.8550217 218 222 230
45.5238087 4.38969877 77.2212977 218 222 230
45.5238087 5.41508057 77.3458016 218 222 230
45.5238087 42.5582179 77.3458016 218 222 230
45.5238087 43.5835997 77.2212977 218 222 230
45.5238087 44.5493901 76.8550217 218 222 230
45.5238087 45.3994607 76.2682603 218 222 230
45.5238087 46.0844087 75.4951139 218 222 230
45.5238087 46.5644272 74.5805149 218 222 230
45.5238087 46.8116195 73.5776166 218 222 230
45.5238087 46.8116195 72.5447037 218 222 230
45.5238087 46.5644272 71.5418054 218 222 230
45.5238087 46.0844087 70.6272064 218 222 230
45.5238087 45.3994607 69.85406 218 222 230
45.5238087 44.5493901 69.2672986 218 222 230
45.5238087 43.5835997 68.9010226 218 222 230
45.5238087 42.5582179 68.7765188 218 222 230
0.575061136 76.5883272 52.2609914 255 79 163
0.537981033 76.8421925 52.4562427 255 79 163
0.500900931 77.1342525 52.6299973 255 79 163
0.434156746 77.7495254 52.8596756 255 79 163
0.37408698 78.3780649 52.9385541 255 79 163
0.314017213 79.0335221 52.867301 255 79 163
0.253947447 79.6612672 52.640003 255 79 163
0.223912564 79.9478054 52.4731324 255 79 163
0.19387768 80.2086437 52.2765459 255 79 163
0.133807914 80.6388038 51.8172288 255 79 163
0.0737381478 80.9379116 51.3105324 255 79 163
0.0553036108 81.004058 51.1525495 255 79 163
0.0368690739 81.058904 50.9953396 255 79 163
9.24446373e-33 81.1371067 50.6868445 255 79 163
50.1427491 76.4492028 52.1406522 255 79 163
50.1090583 76.9992407 52.5150498 255 79 163
50.0191893 77.620393 52.753611 255 79 163
49.8890642 78.2797011 52.8436666 255 79 163
49.7346352 78.9421784 52.7803927 255 79 163
49.5718788 79.5726352 52.5670781 255 79 163
49.4167834 80.1375314 52.2149803 255 79 163
49.2853284 80.606766 51.7427648 255 79 163
49.1934602 80.9553105 51.1755376 255 79 163
49.166319 81.0840999 50.84767 255 79 163
49.1569946 81.171984 50.506551 255 79 163
24.6754365 80.8496219 51.434246 255 79 163
16.4948932 80.7830609 51.5717245 255 79 163
16.5249288 80.6092548 51.8230524 255 79 163
16.544952 80.4747851 51.9837549 255 79 163
16.5749865 80.2459177 52.2099105 255 79 163
24.690454 80.7731215 51.5636829 255 79 163
24.7054713 80.6882053 51.6912223 255 79 163
24.7401679 80.3475591 52.089867 255 79 163
16.6181407 79.7687994 52.54898 255 79 163
16.6581877 79.3606217 52.7378458 255 79 163
24.7355057 80.4930184 51.9375973 255 79 163
24.7702026 80.098699 52.3049987 255 79 163
24.8002384 79.8211145 52.4930858 255 79 163
16.7095061 78.7662902 52.8858888 255 79 163
24.813809 79.6382554 52.592889 255 79 163
24.8471803 79.2889166 52.7389067 255 79 163
16.7441129 78.3841123 52.9114503 255 79 163
24.8657191 79.0871869 52.7995196 255 79 163
16.7688331 78.1157911 52.8982465 255 79 163
24.8842607 78.882073 52.8448802 255 79 163
24.9301947 78.5191524 52.8871634 255 79 163
24.9959223 78.1836344 52.8845228 255 79 163
25.07347 77.8708899 52.8459488 255 79 163
32.8791101 80.7455611 51.5823844 255 79 163
50.0159066 77.2429954 52.6285128 255 79 163
49.9386921 77.5278922 52.7282612 255 79 163
8.49611344 79.091114 52.8417552 255 79 163
5.75436316 79.2625376 52.7971793 255 79 163
5.80879489 78.6343337 52.9232888 255 79 163
8.47453633 79.3747913 52.7529872 255 79 163
8.52614924 78.7627035 52.9049299 255 79 163
8.54617274 78.5426709 52.9249066 255 79 163
5.88152141 77.8457929 52.8764973 255 79 163
8.60520321 77.8934935 52.8821394 255 79 163
5.92766374 77.3973296 52.7449359 255 79 163
11.1279659 80.1216372 52.3283774 255 79 163
8.41947281 79.9215492 52.4777508 255 79 163
8.4294844 79.8275269 52.5362271 255 79 163
8.37442056 80.3073092 52.1758139 255 79 163
8.64104546 77.5366666 52.7916005 255 79 163
11.1446518 79.9739082 52.4364745 255 79 163
8.44450165 79.6816025 52.6172127 255 79 163
8.6534056 77.4200765 52.7508101 255 79 163
5.96062411 77.1080466 52.6135674 255 79 163
8.67194714 77.2521707 52.6815598 255 79 163
11.1890711 79.5091934 52.6927483 255 79 163
11.2368287 78.9641241 52.865299 255 79 163
11.3181731 78.0535085 52.9023091 255 79 163
11.350308 77.7221996 52.840927 255 79 163
12.8242656 77.1495694 52.6287224 255 79 163
33.4298963 77.3255437 52.6773478 255 79 163
14.1391214 77.4463199 52.7532368 255 79 163
27.6957807 78.5292867 52.8792735 255 79 163
29.0457099 78.7047188 52.8601055 255 79 163
41.0488157 80.7853327 51.5002796 255 79 163
38.3809075 80.3658475 52.0310243 255 79 163
43.8888988 80.2596372 52.1189698 255 79 163
41.1057051 80.3996934 51.9907113 255 79 163
41.190684 80.0579219 52.2884342 255 79 163
41.2366181 79.74741 52.4889866 255 79 163
41.3576124 79.0854392 52.7568964 255 79 163
44.0440027 79.4611135 52.6235087 255 79 163
41.4233399 78.7434697 52.8259921 255 79 163
41.5008876 78.4130932 52.8528044 255 79 163
44.1395195 79.0257942 52.7673063 255 79 163
41.5822658 78.0916974 52.8423324 255 79 163
44.2454701 78.5883125 52.8389573 255 79 163
49.8366637 78.2150871 52.8416655 255 79 163
1.91150108 80.8662488 51.4549253 255 79 163
1.92993638 80.7769599 51.611453 255 79 163
1.94222531 80.7105493 51.7144198 255 79 163
2.84881559 80.7314449 51.6820217 255 79 163
1.96839221 80.5506181 51.927954 255 79 163
2.86725161 80.6238778 51.8343118 255 79 163
2.87646855 80.5654064 51.9088025 255 79 163
2.885685 80.5038272 51.9819562 255 79 163
4.18721028 80.86723 51.4503793 255 79 163
8.28977126 80.8403275 51.4932779 255 79 163
12.1576148 78.9870239 52.8583357 255 79 163
12.1883404 78.6245324 52.9121688 255 79 163
11.7930891 78.0186566 52.8969338 255 79 163
12.6418866 78.7175557 52.901926 255 79 163
12.0305471 78.0012724 52.8940867 255 79 163
12.6640963 78.4547161 52.9199567 255 79 163
12.6879751 78.1772152 52.9121515 255 79 163
12.7334052 77.8099586 52.8588906 255 79 163
15.8051499 78.8529698 52.8750643 255 79 163
15.7774162 79.1926359 52.7962995 255 79 163
15.3570539 78.8881636 52.8700895 255 79 163
15.378631 78.5946898 52.9071423 255 79 163
15.3986545 78.3743365 52.9145456 255 79 163
15.8356051 78.5043833 52.9112077 255 79 163
25.6872237 80.252297 52.1752015 255 79 163
25.6972353 80.16857 52.2465349 255 79 163
25.7122526 80.0368028 52.3481465 255 79 163
25.7238181 79.8835351 52.4518786 255 79 163
25.7353837 79.7225902 52.5460645 255 79 163
25.7554072 79.5189144 52.6460889 255 79 163
26.1856086 79.9143364 52.4306895 255 79 163
26.1931174 79.8428609 52.475537 255 79 163
26.200626 79.7698494 52.5183718 255 79 163
26.2156432 79.6195607 52.5977063 255 79 163
26.2179743 79.5186265 52.6447711 255 79 163
26.8605732 79.9879255 52.3791182 255 79 163
26.2329917 79.3603932 52.7091487 255 79 163
27.1389757 79.5368616 52.6337473 255 79 163
28.8667522 80.279789 52.1402243 255 79 163
30.96241 79.8893899 52.4315896 255 79 163
31.6187108 80.0324346 52.3325465 255 79 163
33.0179499 79.5407455 52.6142882 255 79 163
32.9313123 80.2964669 52.1123324 255 79 163
31.6649907 79.5560404 52.6112098 255 79 163
30.9885111 79.5636673 52.609683 255 79 163
35.7366492 79.7814724 52.4829884 255 79 163
35.0840605 78.2761588 52.8650855 255 79 163
33.092391 79.0885495 52.7755295 255 79 163
33.1879078 78.6436424 52.8560617 255 79 163
36.0321369 78.0950713 52.8524861 255 79 163
44.6982364 80.8468356 51.3906774 255 79 163
41.7183037 77.2165172 52.6228639 255 79 163
46.5229467 80.8756372 51.3363943 255 79 163
46.5276089 80.7744885 51.5086237 255 79 163
47.4040708 80.9569458 51.1734213 255 79 163
45.323495 77.6029658 52.7521358 255 79 163
45.8625074 77.1655887 52.5973596 255 79 163
47.1941096 77.3741284 52.6799174 255 79 163
48.1347086 77.3297771 52.6632376 255 79 163
0.845452322 79.8107577 52.5581337 255 79 163
1.14120452 79.8832688 52.5139549 255 79 163
0.885498413 79.410236 52.7511062 255 79 163
1.1712392 79.5914142 52.6732761 255 79 163
1.74272113 79.9328501 52.4815285 255 79 163
1.6298856 79.5560599 52.6891508 255 79 163
1.23130967 78.9573762 52.8830394 255 79 163
1.6599214 79.2433881 52.8088694 255 79 163
4.44357736 80.1957033 52.2822528 255 79 163
4.69068392 80.6067558 51.8540431 255 79 163
5.22252354 80.0206278 52.416531 255 79 163
4.81628102 79.5408675 52.6917519 255 79 163
5.69763118 79.8368485 52.5360416 255 79 163
4.32002408 79.9501543 52.4666174 255 79 163
4.34723995 79.6748751 52.6282453 255 79 163
4.3836032 79.2959536 52.788284 255 79 163
4.8586671 79.0784531 52.851337 255 79 163
6.99370122 80.4223789 52.0645845 255 79 163
13.858593 80.1444355 52.3030562 255 79 163
15.2389243 80.0246207 52.3898976 255 79 163
13.9529199 79.2714844 52.7763624 255 79 163
15.2239065 80.1557812 52.2900335 255 79 163
15.6575806 80.3213603 52.1436731 255 79 163
13.5933388 78.278608 52.9163009 255 79 163
15.4184216 79.7651091 52.5545435 255 79 163
14.0460206 78.3296898 52.9169401 255 79 163
16.2824323 80.1660216 52.2785899 255 79 163
14.4968986 78.3445525 52.9162418 255 79 163
16.1511725 79.9919923 52.4102524 255 79 163
16.1611841 79.8995888 52.4717831 255 79 163
25.6532308 78.6116794 52.8788807 255 79 163
27.9005029 79.4938903 52.650366 255 79 163
28.2812665 79.4722581 52.6584346 255 79 163
28.536081 79.2225635 52.7496039 255 79 163
28.9562311 79.5544762 52.6200961 255 79 163
29.6249574 79.6690588 52.5621513 255 79 163
31.1547058 78.5131973 52.8712205 255 79 163
32.0277994 78.8045456 52.8382382 255 79 163
32.2092037 78.4175224 52.872159 255 79 163
32.5474435 78.413067 52.8714336 255 79 163
32.7609316 78.4897166 52.8684136 255 79 163
35.4103549 79.050352 52.7793228 255 79 163
35.6176156 78.7312211 52.8399073 255 79 163
35.8843931 78.959119 52.7994694 255 79 163
36.7450752 79.2852788 52.7061535 255 79 163
37.2492881 79.0224744 52.7816994 255 79 163
37.7109846 78.9944282 52.78724 255 79 163
38.6343775 78.938161 52.7975611 255 79 163
40.1763406 78.0356249 52.8390281 255 79 163
40.6449823 78.0542422 52.8402335 255 79 163
44.2103793 80.272545 52.1068313 255 79 163
44.3711195 80.2789683 52.1007432 255 79 163
45.1356349 80.2212205 52.150587 255 79 163
46.6646655 80.1006845 52.2466601 255 79 163
45.4666973 78.5258993 52.8420452 255 79 163
46.0057097 78.0222726 52.8298091 255 79 163
46.0773109 78.4947478 52.8431692 255 79 163
46.3468171 78.2410578 52.8453329 255 79 163
46.8311268 79.4104424 52.6403784 255 79 163
47.0126182 78.3656502 52.846246 255 79 163
46.6292479 77.9392234 52.8187929 255 79 163
47.3866483 78.0030815 52.82637 255 79 163
47.4829177 78.339999 52.8459338 255 79 163
49.1470742 78.5979805 52.8329628 255 79 163
48.9346719 78.1030685 52.8352084 255 79 163
48.8532937 78.4259458 52.8435373 255 79 163
2.56517585 79.8035303 52.5604641 255 79 163
3.0671214 78.7744381 52.9117893 255 79 163
0.722122593 77.9059638 52.8928768 255 79 163
0.866104986 77.9857731 52.9062145 255 79 163
2.9764032 79.7369681 52.597385 255 79 163
1.59977713 78.2434107 52.9329413 255 79 163
3.42427683 79.8094999 52.5558473 255 79 163
1.36866659 77.5089086 52.7889778 255 79 163
1.78401085 77.8991118 52.8908888 255 79 163
1.80254973 77.7121027 52.8494653 255 79 163
1.39338687 77.2827495 52.7006139 255 79 163
1.82109127 77.5320549 52.7964906 255 79 163
3.20093555 77.3851017 52.7423383 255 79 163
4.61781742 78.3921454 52.9344759 255 79 163
4.49739257 78.0559977 52.9127665 255 79 163
5.39316542 78.2033995 52.9262715 255 79 163
4.98513642 77.716647 52.8478869 255 79 163
4.51387276 77.8848234 52.8857254 255 79 163
13.2502398 79.475749 52.7018158 255 79 163
37.8150978 79.7530961 52.4936885 255 79 163
38.4664393 79.8932952 52.4080916 255 79 163
40.0157787 78.9188506 52.7986365 255 79 163
40.7064793 78.9092118 52.7992047 255 79 163
44.9139506 79.3000111 52.6844721 255 79 163
45.3011661 79.4338712 52.632898 255 79 163
45.6064729 79.4192609 52.6384083 255 79 163
45.559881 79.127807 52.7383235 255 79 163
46.0146908 79.4163163 52.6390426 255 79 163
47.4219518 79.4693417 52.615398 255 79 163
48.1792381 78.7585829 52.8146465 255 79 163
48.7980107 79.4911563 52.6046825 255 79 163
48.1569733 78.0141301 52.827057 255 79 163
3.13402848 78.0481249 52.9131923 255 79 163
40.5607419 79.7287725 52.5007471 255 79 163
47.1635627 80.2901815 52.0865095 255 79 163
47.4130113 80.3785253 52.0015906 255 79 163
48.1010408 80.386645 51.9927083 255 79 163
47.8746778 80.1138746 52.2350245 255 79 163
48.4958033 80.4639192 51.9114007 255 79 163
40.8047788 80.3360203 52.0543874 255 79 163
49.7586043 87.7215841 16.649265 255 79 163
50.1303974 87.762911 16.6373197 255 79 163
50.3569936 87.8304875 16.6177871 255 79 163
50.580022 87.9323452 16.5883457 255 79 163
50.845292 88.1086866 16.5373751 255 79 163
51.0359894 88.2842634 16.4866256 255 79 163
51.2117683 88.499422 16.4244351 255 79 163
51.3952006 88.8199754 16.3317808 255 79 163
51.5258417 89.2037395 16.2208558 255 79 163
51.5675188 89.4452904 16.1510368 255 79 163
51.5807054 89.6801899 16.0831403 255 79 163
51.5807054 86.6051246 33.5229273 255 79 163
51.5807054 83.5515793 50.9668773 255 79 163
51.5378978 83.1063211 50.8807433 255 79 163
51.4005582 82.6513198 50.7927245 255 79 163
51.1627067 82.2156504 50.7084454 255 79 163
50.8309977 81.8307448 50.6339865 255 79 163
50.4251978 81.5237355 50.5745964 255 79 163
49.9744771 81.3114225 50.533525 255 79 163
49.5606105 81.2052109 50.5129787 255 79 163
49.1569946 81.171984 50.506551 255 79 163
49.461903 84.446784 33.577908 255 79 163
51.0470244 88.2455513 16.7506251 255 79 163
51.4046903 88.8186107 16.4456446 255 79 163
51.4530184 88.9379586 16.4120635 255 79 163
51.01369 86.6849329 24.9935468 255 79 163
50.7382901 86.9711094 22.1939872 255 79 163
51.1265111 87.3086875 22.2592908 255 79 163
51.1625848 86.850839 25.015671 255 79 163
51.4447818 87.3292847 25.1181949 255 79 163
50.5625084 85.8176694 27.8315521 255 79 163
50.1040583 82.9588826 42.0711496 255 79 163
50.2036344 82.4706376 44.903724 255 79 163
50.2464698 87.2631332 19.4055287 255 79 163
51.4679929 88.6356963 18.2502249 255 79 163
51.4750515 88.4861754 19.1696171 255 79 163
51.0980275 86.5098785 26.4625705 255 79 163
51.3664415 86.4968851 28.8073676 255 79 163
50.3547984 85.0131715 31.6048732 255 79 163
51.3189046 86.0794653 30.6517179 255 79 163
51.216896 85.7465288 31.5892372 255 79 163
50.9616152 85.0986598 33.4677587 255 79 163
50.2434333 84.6146923 33.492263 255 79 163
51.3716009 85.3430983 35.4138934 255 79 163
51.4324774 85.8226356 33.4896834 255 79 163
51.4962108 85.5057083 36.3947742 255 79 163
50.3038635 83.7539649 38.2697568 255 79 163
50.400143 84.1538617 36.369516 255 79 163
50.7295992 83.5861032 40.6502207 255 79 163
50.320138 83.0529545 42.0893476 255 79 163
50.5285546 83.1704049 42.112068 255 79 163
50.7254528 83.3102341 42.1391176 255 79 163
51.4894576 83.9478165 45.1107292 255 79 163
51.2133373 84.376622 39.2608815 255 79 163
51.4383576 83.268355 47.9850643 255 79 163
51.4781454 83.2140466 48.9502331 255 79 163
51.34342 83.0466211 47.9421704 255 79 163
50.8921722 88.0327337 17.1327534 255 79 163
51.0962535 88.2157434 17.1856711 255 79 163
51.0331588 88.1074415 17.4096993 255 79 163
51.1201118 88.2016643 17.4033536 255 79 163
50.9922906 87.8070063 18.8003283 255 79 163
50.7946779 87.7826558 18.0665899 255 79 163
51.1945753 88.0099306 18.9188852 255 79 163
50.9992759 87.72795 19.2591933 255 79 163
51.043109 87.5855076 20.2587058 255 79 163
51.0267658 86.0968118 28.3077629 255 79 163
50.7966809 85.5751255 30.0174563 255 79 163
50.9082343 85.4717745 31.1138752 255 79 163
51.0200619 85.5553595 31.2707817 255 79 163
51.493719 86.1654901 32.5540827 255 79 163
50.0300628 84.3579586 34.4707739 255 79 163
50.6024313 84.4520254 35.3990197 255 79 163
50.9435184 84.6172853 36.037688 255 79 163
51.0497349 84.8479259 35.3968546 255 79 163
51.2406874 85.0483006 35.725841 255 79 163
51.1632957 84.905468 35.8826981 255 79 163
51.0924014 84.7264881 36.3621626 255 79 163
50.8621834 84.3663892 36.9910778 255 79 163
51.0610726 84.5181821 37.3106662 255 79 163
51.1141521 84.4682519 37.9602073 255 79 163
50.8095045 83.9994934 38.7525903 255 79 163
51.1993005 83.5738012 43.6142405 255 79 163
51.3729183 83.6314641 45.0757821 255 79 163
50.7469523 82.6341376 45.9110273 255 79 163
50.9941281 83.0458023 45.014988 255 79 163
50.4904363 82.6231268 44.9332226 255 79 163
50.7568299 82.8163599 44.970603 255 79 163
50.9825626 82.7736345 46.4258499 255 79 163
50.8664854 82.6540691 46.4027203 255 79 163
50.3426833 82.0092325 47.7414904 255 79 163
50.6026668 81.9075698 49.1853361 255 79 163
50.4144103 81.784053 49.1614421 255 79 163
50.1372264 81.5540746 49.6047907 255 79 163
50.4022156 81.6880842 49.6307145 255 79 163
51.0831402 82.3999835 49.1179797 255 79 163
50.7794761 82.048941 49.2126839 255 79 163
50.9187748 82.0938961 49.7092177 255 79 163
50.7657636 81.8898403 49.9949686 255 79 163
51.0849928 82.2855331 49.7462894 255 79 163
51.2286416 82.4918819 49.786207 255 79 163
51.0055489 82.1301368 50.0414533 255 79 163
50.2801233 87.6668497 17.3414322 255 79 163
51.2017505 88.1626678 18.1494105 255 79 163
50.5766948 84.5232904 34.9184058 255 79 163
50.5871325 83.1243378 42.5778686 255 79 163
50.713751 83.1748477 42.8249957 255 79 163
50.5523114 82.9270847 43.5153852 255 79 163
50.7611291 82.9535965 44.2457073 255 79 163
50.9264353 82.4525228 47.8272437 255 79 163
51.4972032 83.0195477 50.3761198 255 79 163
51.038912 84.8786867 35.1556052 255 79 163
51.5807054 50.1560957 27.5073721 218 222 230
51.5807054 87.7215841 16.649265 218 222 230
3.85478313 52.5675416 26.8103563 218 222 230
12.7888386 52.2380796 26.9055856 218 222 230
24.7009127 51.5259511 27.1114226 218 222 230
40.8287883 50.5295071 27.3994395 218 222 230
46.2047469 50.2964443 27.4668051 218 222 230
2.39572217 87.7215841 16.649265 218 222 230
2.70101467 78.6565814 19.2694564 218 222 230
3.36701291 65.6120615 23.0399064 218 222 230
3.68743588 58.4812146 25.1010402 218 222 230
49.7586043 87.7215841 16.649265 218 222 230
50.1303974 87.762911 16.6373197 218 222 230
50.3569936 87.8304875 16.6177871 218 222 230
50.580022 87.9323452 16.5883457 218 222 230
50.845292 88.1086866 16.5373751 218 222 230
51.0359894 88.2842634 16.4866256 218 222 230
51.2117683 88.499422 16.4244351 218 222 230
51.3952006 88.8199754 16.3317808 218 222 230
51.5258417 89.2037395 16.2208558 218 222 230
51.5675188 89.4452904 16.1510368 218 222 230
51.5807054 89.6801899 16.0831403 218 222 230
50.1427491 76.4492028 52.1406522 218 222 230
50.1427491 49.8288967 29.1147326 218 222 230
0.575061136 76.5883272 52.2609914 218 222 230
2.12647972 51.7312711 30.7602403 218 222 230
1.89379482 57.1538223 35.4506157 218 222 230
1.41262643 64.1597991 41.5106159 218 222 230
0.862771639 71.5976368 47.9441651 218 222 230
10.743484 51.5226276 30.5797687 218 222 230
22.2328231 51.0130627 30.1390074 218 222 230
40.0230406 50.1341581 29.3787762 218 222 230
45.0828948 49.951082 29.2204198 218 222 230
3.85478313 52.5675416 26.8103563 218 222 230
12.7888386 52.2380796 26.9055856 218 222 230
24.7009127 51.5259511 27.1114226 218 222 230
40.8287883 50.5295071 27.3994395 218 222 230
46.2047469 50.2964443 27.4668051 218 222 230
51.5807054 50.1560957 27.5073721 218 222 230
2.12647972 51.7312711 30.7602403 218 222 230
2.15866175 51.4777192 30.5037259 218 222 230
2.23943662 51.2668731 30.210843 218 222 230
2.36055558 51.1036403 29.8885052 218 222 230
2.51356475 50.9919964 29.544168 218 222 230
2.68980032 50.9349572 29.1857919 218 222 230
2.88038873 50.9345123 28.8218192 218 222 230
3.07627271 50.9914936 28.4611204 218 222 230
3.26827416 51.1053961 28.1128747 218 222 230
3.44719552 51.2741884 27.7863542 218 222 230
3.60395202 51.4941696 27.4906042 218 222 230
3.72971854 51.7599275 27.2340297 218 222 230
3.81606657 52.0644461 27.0239358 218 222 230
3.84987154 52.3095258 26.9020062 218 222 230
10.743484 51.5226276 30.5797687 218 222 230
22.2328231 51.0130627 30.1390074 218 222 230
40.0230406 50.1341581 29.3787762 218 222 230
45.0828948 49.951082 29.2204198 218 222 230
50.1427491 49.8288967 29.1147326 218 222 230
50.3384378 49.6472175 28.9049984 218 222 230
50.4570352 49.5694863 28.7564243 218 222 230
50.5759606 49.5189951 28.5967701 218 222 230
50.7241074 49.4966112 28.3905502 218 222 230
50.8437967 49.5118337 28.2243479 218 222 230
50.9638213 49.55635 28.0637509 218 222 230
51.0786793 49.624928 27.9204509 218 222 230
51.1938113 49.7169953 27.7912309 218 222 230
51.3091932 49.8298534 27.6799695 218 222 230
51.424797 49.9601467 27.5900351 218 222 230
51.5027128 50.0557109 27.5429173 218 222 230
2.56555616 51.0213718 29.6573696 218 222 230
2.50343425 51.1008312 29.8841438 218 222 230
2.40813985 51.1771379 30.0505458 218 222 230
2.32002213 51.2657808 30.209751 218 222 230
5.25011751 51.2222393 30.1736028 218 222 230
6.90987852 50.9704734 29.6653464 218 222 230
5.93154376 50.906534 28.6718306 218 222 230
5.81965122 50.8867407 28.9142775 218 222 230
7.00587915 50.9211648 29.491372 218 222 230
6.81193641 51.0331259 29.8342514 218 222 230
5.56671527 50.9250813 29.3966186 218 222 230
5.69601044 50.8931009 29.1568449 218 222 230
48.584284 49.8383202 27.703593 218 222 230
47.1434636 49.5617382 28.5635441 218 222 230
49.4157491 49.7572189 27.7721112 218 222 230
49.3374549 49.6892635 27.8587054 218 222 230
48.5242717 49.7786696 27.7644181 218 222 230
49.2575499 49.6307123 27.9550164 218 222 230
48.4644266 49.7247696 27.8303818 218 222 230
49.1682717 49.5792795 28.0704646 218 222 230
48.3903544 49.6664564 27.9185984 218 222 230
48.330891 49.6268492 27.9940139 218 222 230
49.079248 49.5436422 28.1918856 218 222 230
48.2715923 49.5941111 28.0726734 218 222 230
49.0000733 49.5256629 28.3034512 218 222 230
48.173748 49.5555845 28.208381 218 222 230
48.8953112 49.5222591 28.4535266 218 222 230
4.6180114 51.9469633 27.0899646 218 222 230
4.6051059 51.7983564 27.1946484 218 222 230
4.38444057 51.2434076 27.8142108 218 222 230
5.00208135 51.7792058 27.2050324 218 222 230
4.20595417 51.0650435 28.1799747 218 222 230
4.99962554 51.674225 27.291556 218 222 230
4.09406163 50.9902373 28.4134869 218 222 230
3.86488826 50.9161681 28.9314509 218 222 230
3.7355931 50.9226045 29.1753417 218 222 230
4.87771839 51.2592431 27.7762144 218 222 230
4.83063118 51.1966877 27.8813345 218 222 230
4.77468491 51.1402312 27.9893322 218 222 230
4.71180155 51.0658198 28.1578373 218 222 230
4.64998116 51.0246213 28.2721438 218 222 230
4.58533358 50.9897909 28.3879332 218 222 230
4.50695531 50.948368 28.5673657 218 222 230
4.41749477 50.9217726 28.7489753 218 222 230
4.25919589 50.9153185 29.1674862 218 222 230
4.16319526 50.9368474 29.3496498 218 222 230
4.06525315 50.9725936 29.5287294 218 222 230
5.22899352 51.099142 28.0593207 218 222 230
6.14937956 51.193032 27.8461827 218 222 230
6.09642309 51.0247253 28.1997072 218 222 230
6.13647406 51.1079106 28.0047842 218 222 230
6.02571818 50.9526305 28.4325882 218 222 230
5.16030453 51.0381312 28.2100564 218 222 230
5.03987118 50.9578719 28.4832017 218 222 230
4.9555592 50.9280052 28.641989 218 222 230
4.69503568 50.9161986 29.2448697 218 222 230
6.4919092 51.7800926 27.1861922 218 222 230
6.37773265 51.5560759 27.3787832 218 222 230
8.59088568 51.9400789 27.056771 218 222 230
8.15137662 50.9105177 28.4197963 218 222 230
7.29667777 50.8846952 28.6366979 218 222 230
7.27977533 50.8682069 28.7697167 218 222 230
7.29913358 50.9093665 28.5052534 218 222 230
8.28156763 51.0209389 29.8585731 218 222 230
7.17371796 50.8649846 29.1329315 218 222 230
7.09533969 50.8858237 29.3134697 218 222 230
10.958937 51.6389728 27.2205697 218 222 230
8.958601 51.051891 29.948048 218 222 230
9.01541242 50.8350197 29.2234898 218 222 230
8.3375139 50.975053 29.7473118 218 222 230
8.91941186 51.0941246 30.0275904 218 222 230
8.87468159 51.1394596 30.1052071 218 222 230
8.82668128 51.1876831 30.1806901 218 222 230
12.2775 51.3063669 27.4846368 218 222 230
11.2280118 51.2586073 27.5739578 218 222 230
11.7661613 50.7987349 28.4809929 218 222 230
12.5882313 50.797374 29.4714172 218 222 230
11.2548227 50.8727759 29.6191631 218 222 230
12.9992663 50.9701615 29.9263667 218 222 230
16.0771186 50.9881025 30.0424205 218 222 230
15.2550486 50.6639227 29.1788747 218 222 230
19.1324254 51.4660871 27.1847657 218 222 230
16.3481817 51.4117395 27.2759249 218 222 230
18.7439359 50.7578332 29.7579071 218 222 230
22.3042187 51.1124628 27.3488302 218 222 230
19.9075248 50.7813032 27.8052492 218 222 230
24.0838903 50.7877475 27.5769301 218 222 230
22.6917685 50.7854812 27.6442024 218 222 230
23.4668679 50.3869682 28.3906961 218 222 230
24.8950944 50.3483079 29.1777546 218 222 230
22.8498455 50.4605172 29.3323364 218 222 230
25.6092076 50.4666626 29.5268944 218 222 230
29.9425799 50.6995745 27.4494119 218 222 230
28.5314446 50.5684589 27.6159546 218 222 230
30.4138186 50.350597 29.5103497 218 222 230
28.9855921 50.1458892 28.8896655 218 222 230
33.5713161 50.6447981 27.4065432 218 222 230
34.5043164 50.084174 29.2234308 218 222 230
38.0065178 50.2906964 27.5490166 218 222 230
35.1842472 50.106342 27.8576174 218 222 230
36.1925086 49.9253388 28.9599891 218 222 230
38.8129833 50.0473544 27.7537913 218 222 230
37.6036439 49.8238012 28.7098493 218 222 230
38.5444007 49.7804519 28.5491216 218 222 230
40.4259145 49.7474253 28.25045 218 222 230
40.6273514 50.0232108 27.7129868 218 222 230
41.077648 49.8159038 27.9922466 218 222 230
41.4035148 49.8711225 27.8758673 218 222 230
41.8923149 49.9767362 27.7212574 218 222 230
41.920957 49.789197 27.9920121 218 222 230
41.9782412 49.6864305 28.6331577 218 222 230
42.9558416 49.6735382 28.2342472 218 222 230
40.8090654 49.7478289 28.7850769 218 222 230
40.2244775 49.7858232 28.8629218 218 222 230
42.6078133 49.9088295 27.774358 218 222 230
44.03881 49.7890347 27.8822363 218 222 230
43.3389925 49.6746754 28.7372388 218 222 230
44.0258488 49.6211403 28.4774095 218 222 230
45.2957926 49.8267352 27.7865465 218 222 230
44.0193682 49.6747724 28.7856589 218 222 230
45.9242839 49.8496138 27.74388 218 222 230
45.6438209 49.6063858 28.2195212 218 222 230
44.5608524 49.6182371 28.5950865 218 222 230
44.9218419 49.5994804 28.4676595 218 222 230
46.3306771 49.6697886 27.9909637 218 222 230
46.6741052 49.7204382 27.8875585 218 222 230
47.2678189 49.8990582 27.6704996 218 222 230
45.3633578 49.6412469 28.7623337 218 222 230
47.2381696 49.8671168 27.699178 218 222 230
45.9567264 49.6102442 28.6951046 218 222 230
47.2066009 49.6727373 27.9482015 218 222 230
47.6024101 49.7737066 27.7894061 218 222 230
3.09586643 51.2557116 30.2007442 218 222 230
6.72292515 51.3247869 27.6326486 218 222 230
6.83843312 51.1490984 27.8981806 218 222 230
6.89552139 51.2242903 27.7708791 218 222 230
7.46064282 51.4265786 27.4905634 218 222 230
7.94500963 51.2746841 27.6637984 218 222 230
8.02427919 51.1359598 27.8741267 218 222 230
8.1828183 50.9341152 28.3331712 218 222 230
8.38685199 51.3158516 27.596322 218 222 230
8.63424642 51.2648127 27.6548109 218 222 230
8.24444526 50.8405282 29.0894398 218 222 230
7.23660132 50.8590421 28.9511794 218 222 230
8.77575533 50.8942959 28.424137 218 222 230
9.12903527 51.168772 27.7751866 218 222 230
9.07222385 50.875785 28.4695705 218 222 230
9.53264746 50.858436 28.4940848 218 222 230
9.36023578 50.8239335 28.7345452 218 222 230
9.93625965 50.8196534 29.2658165 218 222 230
9.83763108 50.88237 28.3664122 218 222 230
9.87050727 50.8196109 28.6626539 218 222 230
10.5462269 50.7827604 29.0002983 218 222 230
10.2113997 51.0503762 27.9260145 218 222 230
10.7525819 50.9956109 28.0026046 218 222 230
10.9110585 51.0721575 27.851957 218 222 230
10.8871193 50.8930133 28.239434 218 222 230
9.87944823 51.0525341 29.977875 218 222 230
11.1801333 50.858305 28.3196124 218 222 230
10.4086569 50.9102338 29.6761954 218 222 230
10.3398718 51.0525253 29.9917136 218 222 230
10.6448555 50.9854011 29.8699454 218 222 230
12.7787849 51.4070574 27.3705614 218 222 230
10.8481779 50.9446256 29.7873071 218 222 230
13.0294274 51.4600277 27.3177726 218 222 230
13.4053911 51.5424089 27.2440931 218 222 230
13.3602662 51.29493 27.461792 218 222 230
13.2700162 50.9176159 28.0019198 218 222 230
14.0219436 51.0135358 27.7872309 218 222 230
12.5414696 50.746796 28.6410839 218 222 230
13.9868723 51.4210571 27.3265559 218 222 230
15.1498348 51.1957892 27.5043152 218 222 230
12.9525046 50.7261147 29.1365095 218 222 230
12.9291238 50.7256398 28.7205246 218 222 230
13.4304087 50.7330853 28.5513806 218 222 230
13.1346413 50.710291 28.9676771 218 222 230
13.510605 50.6998484 28.8384811 218 222 230
14.0920862 50.6810767 28.9545267 218 222 230
14.6384961 50.7108754 28.4617261 218 222 230
14.8206328 50.7459838 28.3033536 218 222 230
15.184906 50.8519069 28.0013428 218 222 230
15.2199773 50.6693732 28.5764856 218 222 230
15.7252287 50.7401447 28.2227901 218 222 230
16.0226329 50.6187182 28.9264568 218 222 230
15.99539 50.6947443 28.3358156 218 222 230
16.406425 50.6066661 28.8018533 218 222 230
17.7929959 50.958242 27.6719002 218 222 230
16.7357314 51.0511984 27.6047516 218 222 230
16.7939747 50.6322273 29.2662256 218 222 230
16.7745603 50.6020229 28.6791063 218 222 230
18.3216281 50.9128592 27.7054129 218 222 230
17.3069501 50.6224057 29.293423 218 222 230
17.5108309 50.6127597 28.4402102 218 222 230
18.3329009 50.6038048 29.3448344 218 222 230
18.3253857 50.645945 28.2125339 218 222 230
18.7326631 50.6713464 28.1042071 218 222 230
19.1202128 50.5332204 28.5387898 218 222 230
19.1242837 50.7028699 28.0000343 218 222 230
19.3747173 50.5096299 28.6481497 218 222 230
19.871827 50.5783118 29.4142913 218 222 230
19.8837263 50.4826374 28.8652017 218 222 230
19.8956255 50.5524034 28.3126037 218 222 230
20.2871417 50.4845092 28.5633865 218 222 230
21.070174 50.4564324 29.0630364 218 222 230
20.4888494 50.5027596 28.4160881 218 222 230
21.0939725 50.6230003 27.999333 218 222 230
21.6871963 50.5539516 28.097482 218 222 230
22.0866453 50.5817622 27.9989709 218 222 230
21.7478215 50.4711516 28.335577 218 222 230
22.288353 50.6407565 27.8737275 218 222 230
22.2804202 50.4916328 28.1957328 218 222 230
21.8690719 50.4082523 28.8317181 218 222 230
21.0582747 50.6131689 29.5849549 218 222 230
21.724023 50.517322 29.3977423 218 222 230
21.6514985 50.6376632 29.662565 218 222 230
22.0509475 50.5721726 29.5535671 218 222 230
22.3172469 50.5320854 29.4801974 218 222 230
24.8341979 50.846867 27.4888976 218 222 230
24.1486175 50.3675797 28.3514418 218 222 230
25.2093518 50.8778994 27.4489742 218 222 230
24.4894923 50.3579956 28.33223 218 222 230
25.7720825 50.9259542 27.3942646 218 222 230
26.8432524 50.473718 27.8291138 218 222 230
24.8989252 50.3741338 28.2159833 218 222 230
25.7177909 50.4272838 27.9976146 218 222 230
25.7539853 50.7284415 27.5676796 218 222 230
25.3064426 50.2826075 28.5720849 218 222 230
25.4073643 50.2795698 28.9028003 218 222 230
25.6634993 50.2612256 28.7655359 218 222 230
26.0567503 50.2708669 28.4323283 218 222 230
26.22623 50.2398315 28.6576588 218 222 230
27.1460174 50.2029817 28.7393181 218 222 230
27.9144223 50.2090315 28.3516761 218 222 230
28.6828271 50.2995907 27.9964934 218 222 230
29.2036664 50.2516254 28.0515026 218 222 230
29.464086 50.2287329 28.0788515 218 222 230
29.8924058 50.2751414 27.9428017 218 222 230
30.7490455 50.4017502 27.7011746 218 222 230
29.8673188 50.1528216 28.247443 218 222 230
30.0494854 50.0893258 28.6881573 218 222 230
30.5814321 50.069339 28.590642 218 222 230
31.1749469 50.0522481 28.4949021 218 222 230
32.2274461 50.2975088 27.7555539 218 222 230
32.3619766 50.0329938 28.3130726 218 222 230
31.3878976 50.0666512 28.9223732 218 222 230
32.9666463 50.2475255 27.7819349 218 222 230
32.1886661 50.0414426 28.9310589 218 222 230
33.7902031 49.9929453 28.9453685 218 222 230
33.2411653 50.044043 28.1470005 218 222 230
33.6807596 50.055919 28.0689516 218 222 230
34.1819221 50.0692262 27.9944708 218 222 230
34.4872252 49.9373617 28.3738177 218 222 230
34.4929222 49.9234541 28.6656575 218 222 230
34.8442818 49.90897 28.5276045 218 222 230
35.1816617 49.8960754 28.5489483 218 222 230
35.8564215 49.8721359 28.590392 218 222 230
36.3490621 50.0070976 27.948606 218 222 230
36.9314696 49.9617805 27.9935274 218 222 230
37.1555277 49.8671806 28.2258846 218 222 230
37.8050808 49.8990746 28.0599666 218 222 230
38.2754592 49.9120895 27.9930911 218 222 230
38.4546339 49.951158 27.9085279 218 222 230
38.0515208 49.8360384 28.2202286 218 222 230
39.2837207 49.8689606 29.01517 218 222 230
7.00607554 50.9175888 28.4964157 218 222 230
9.40114269 51.4320817 27.4361558 218 222 230
11.217478 50.764563 28.9709682 218 222 230
12.5325849 51.0651331 27.7832276 218 222 230
12.4094848 50.9362979 28.0210744 218 222 230
12.6601273 50.9658343 27.9461042 218 222 230
12.8634236 50.9495882 27.9647168 218 222 230
14.0570149 50.7595197 28.3463787 218 222 230
16.0367052 51.0064381 27.6946501 218 222 230
16.0229335 50.8772842 27.8952875 218 222 230
16.1717859 50.9665047 27.7438531 218 222 230
16.7551459 50.7458375 28.1084744 218 222 230
16.0498757 50.7195736 29.5125734 218 222 230
19.1283545 51.0232674 27.5350171 218 222 230
18.3291433 50.5398193 28.7755773 218 222 230
18.9320743 50.5449568 29.1636869 218 222 230
19.079622 50.5179803 28.9917368 218 222 230
19.0593266 50.5508252 29.2167357 218 222 230
21.0820732 50.4598612 28.5184792 218 222 230
22.5651328 50.3812515 28.7667228 218 222 230
51.5807054 20.8263074 13.3873848 255 79 163
51.5807054 21.1080077 13.3460367 255 79 163
51.5807054 21.3461873 13.2514516 255 79 163
51.5807054 21.5364904 13.1210352 255 79 163
51.5807054 21.6940875 12.9525739 255 79 163
51.5807054 21.8112766 12.7538649 255 79 163
51.5807054 21.8833081 12.5346791 255 79 163
51.5807054 21.902615 12.4135588 255 79 163
51.5807054 21.9089673 12.2910698 255 79 163
50.3309504 21.6858759 11.4179136 255 79 163
50.3355901 21.6598843 11.6310093 255 79 163
50.3485705 21.5871683 11.8241714 255 79 163
50.3675645 21.4807643 11.9839875 255 79 163
50.3925046 21.3410501 12.117198 255 79 163
50.421519 21.1785121 12.2144064 255 79 163
50.4522839 21.0061676 12.271741 255 79 163
50.468548 20.9150565 12.2864033 255 79 163
50.4843904 20.8263074 12.2910698 255 79 163
50.7519485 20.8263074 12.32422 255 79 163
50.9944784 20.8263074 12.4169638 255 79 163
51.1951399 20.8263074 12.5526742 255 79 163
51.362396 20.8263074 12.7308691 255 79 163
51.4844486 20.8263074 12.9381742 255 79 163
51.5564366 20.8263074 13.1579867 255 79 163
51.5748463 20.8263074 13.274192 255 79 163
50.5351287 21.3185948 12.1584646 255 79 163
50.8877895 21.7281021 12.0188536 255 79 163
51.2903291 20.9534209 12.6393999 255 79 163
51.3941697 21.5249507 12.7395389 255 79 163
51.0316393 21.3781613 12.3844511 255 79 163
51.4093004 21.7678389 12.5906115 255 79 163
51.4279674 21.7525167 12.6338845 255 79 163
51.4514155 21.822535 12.546103 255 79 163
51.4443507 21.7322009 12.6786448 255 79 163
50.4843904 20.8263074 12.2910698 255 79 163
50.7519485 20.8263074 12.32422 255 79 163
50.9944784 20.8263074 12.4169638 255 79 163
51.1951399 20.8263074 12.5526742 255 79 163
51.362396 20.8263074 12.7308691 255 79 163
51.4844486 20.8263074 12.9381742 255 79 163
51.5564366 20.8263074 13.1579867 255 79 163
51.5748463 20.8263074 13.274192 255 79 163
51.5807054 20.8263074 13.3873848 255 79 163
51.5807054 11.5701708 13.8324028 255 79 163
51.5807054 5.78508539 14.1443897 255 79 163
51.5807054 0 14.3450694 255 79 163
49.5267058 0 12.2910698 255 79 163
49.9448129 0 12.3340744 255 79 163
50.3702453 0 12.4722759 255 79 163
50.7703906 0 12.7103943 255 79 163
50.983223 0 12.8968042 255 79 163
51.2105158 0 13.1687624 255 79 163
51.3854373 0 13.4709804 255 79 163
51.5039544 0 13.7888297 255 79 163
51.562301 0 14.0707215 255 79 163
50.0393724 11.5701708 12.2910698 255 79 163
49.7273855 5.78508539 12.2910698 255 79 163
51.5198243 16.1982391 13.1881959 255 79 163
51.4376201 17.7409285 12.9339001 255 79 163
51.4710708 16.1982391 13.0594781 255 79 163
50.213247 2.8925427 12.3867619 255 79 163
50.4790101 1.9283618 12.5066714 255 79 163
50.3353656 2.8925427 12.4307105 255 79 163
51.4963594 2.8925427 13.6948267 255 79 163
51.3785657 1.9283618 13.4199175 255 79 163
50.9193723 19.7978478 12.3931234 255 79 163
51.1340369 19.283618 12.5312361 255 79 163
51.0034849 19.283618 12.4438743 255 79 163
50.7985817 17.7409285 12.3707416 255 79 163
51.0518195 17.7409285 12.5032523 255 79 163
50.5763327 15.6840093 12.328217 255 79 163
50.64463 13.1128602 12.386424 255 79 163
51.1535705 14.6555497 12.6665352 255 79 163
51.4898947 14.1413198 13.1925131 255 79 163
50.8116835 12.5986304 12.4742177 255 79 163
51.4716525 13.1128602 13.1925447 255 79 163
51.3848934 12.5986304 13.0375042 255 79 163
51.1292594 11.5701708 12.7425158 255 79 163
50.6067289 11.5701708 12.3992894 255 79 163
50.8961085 10.9273835 12.5683032 255 79 163
50.7651121 10.6059899 12.4949681 255 79 163
51.4724858 11.5701708 13.2650463 255 79 163
50.5548037 10.1238994 12.4050589 255 79 163
51.0815901 8.67762809 12.7901851 255 79 163
50.6834423 7.71344719 12.5153855 255 79 163
51.4427372 10.9273835 13.2237348 255 79 163
51.3698545 9.64180899 13.1344734 255 79 163
50.8724052 9.96320262 12.5779021 255 79 163
51.4286613 8.03484082 13.3188879 255 79 163
50.5037482 6.42787266 12.450383 255 79 163
51.4556382 7.23135674 13.4166747 255 79 163
51.2692124 7.39205356 13.0602668 255 79 163
50.4095828 5.78508539 12.4211945 255 79 163
51.0378806 5.78508539 12.8338946 255 79 163
51.3500128 6.74926629 13.2138405 255 79 163
50.6189735 5.14229813 12.5319153 255 79 163
50.382411 4.82090449 12.4246199 255 79 163
51.4505807 5.78508539 13.4621924 255 79 163
51.2605813 6.42787266 13.0815804 255 79 163
50.3260026 4.17811723 12.4115767 255 79 163
51.0143074 3.8567236 12.8600634 255 79 163
51.3404304 5.14229813 13.2538192 255 79 163
51.4477895 4.82090449 13.4909662 255 79 163
51.4649102 4.17811723 13.5585945 255 79 163
51.4430447 2.8925427 13.541411 255 79 163
51.0074911 3.21393633 12.8677893 255 79 163
51.0043034 2.8925427 12.8714386 255 79 163
50.8430518 2.57114906 12.7323932 255 79 163
51.0629827 2.41045225 12.9429945 255 79 163
51.1832879 2.24975543 13.0921757 255 79 163
51.0039642 1.9283618 12.8898172 255 79 163
51.4453636 20.0549627 12.8785914 255 79 163
51.5229532 20.3120776 13.0500826 255 79 163
51.4746092 20.0549627 12.9365394 255 79 163
51.0900385 16.541059 12.5590602 255 79 163
51.1096213 15.9411242 12.5904227 255 79 163
51.1240881 15.5125993 12.6145195 255 79 163
51.1604899 13.9699099 12.6947082 255 79 163
51.1641129 13.62709 12.709363 255 79 163
51.2869031 13.4556801 12.8559227 255 79 163
51.1410426 13.1128602 12.7032902 255 79 163
51.0392135 12.9414503 12.6180643 255 79 163
51.208963 12.8557453 12.7829759 255 79 163
51.166296 10.7666867 12.808723 255 79 163
51.1244046 7.87414401 12.8610511 255 79 163
50.9890213 6.58856948 12.7647449 255 79 163
50.9322133 4.98160131 12.7562664 255 79 163
51.0255502 4.82090449 12.8474956 255 79 163
51.1440954 4.92803571 12.9746782 255 79 163
51.0216742 4.49951086 12.8518076 255 79 163
51.5807054 50.1560957 27.5073721 255 79 163
51.5807054 50.1560957 27.5073721 255 79 163
51.5807054 48.8881858 30.2022901 255 79 163
51.5807054 48.8204859 30.130462 255 79 163
51.5807054 48.7681474 30.0468737 255 79 163
51.5807054 48.7308824 29.9554437 255 79 163
51.5807054 48.7018872 29.8270434 255 79 163
51.5807054 48.6918487 29.6791971 255 79 163
51.5807054 48.7061279 29.4822798 255 79 163
51.5807054 48.7692481 29.192808 255 79 163
51.5807054 48.9284171 28.7778758 255 79 163
51.5807054 49.1757126 28.3434497 255 79 163
51.5807054 49.488109 27.9533073 255 79 163
51.5807054 49.830893 27.6625398 255 79 163
51.5807054 49.9877877 27.572752 255 79 163
51.5408913 49.108017 29.9481429 255 79 163
51.423654 49.3156749 29.7080692 255 79 163
51.2354852 49.4996602 29.4953636 255 79 163
50.9868053 49.6497845 29.3218045 255 79 163
50.6913851 49.7577347 29.1970031 255 79 163
50.4224068 49.8109347 29.1354985 255 79 163
50.1427491 49.8288967 29.1147326 255 79 163
50.3384378 49.6472175 28.9049984 255 79 163
50.4570352 49.5694863 28.7564243 255 79 163
50.5759606 49.5189951 28.5967701 255 79 163
50.7241074 49.4966112 28.3905502 255 79 163
50.8437967 49.5118337 28.2243479 255 79 163
50.9638213 49.55635 28.0637509 255 79 163
51.0786793 49.624928 27.9204509 255 79 163
51.1938113 49.7169953 27.7912309 255 79 163
51.3091932 49.8298534 27.6799695 255 79 163
51.424797 49.9601467 27.5900351 255 79 163
51.5027128 50.0557109 27.5429173 255 79 163
51.3756379 49.7101262 27.7838257 255 79 163
51.2991484 49.730441 27.7713919 255 79 163
51.2354992 49.3133016 29.1452406 255 79 163
51.4252714 49.1127979 28.9559013 255 79 163
51.2603945 49.2733877 28.8596057 255 79 163
51.2436214 49.2847835 28.9565177 255 79 163
51.2786968 49.2705486 28.7554944 255 79 163
51.0412104 49.408482 28.7876378 255 79 163
51.4461864 49.1562141 28.6755859 255 79 163
51.3003892 49.2784854 28.6346022 255 79 163
51.1068743 49.3883388 28.5915009 255 79 163
51.328998 49.3053157 28.4798607 255 79 163
51.5763469 49.3531751 28.1166386 255 79 163
51.1834239 49.4104487 28.3622913 255 79 163
51.347126 49.3309686 28.384882 255 79 163
51.5647922 49.3882931 28.0849435 255 79 163
51.5686858 49.5308407 27.9194214 255 79 163
51.3802657 49.3937314 28.2181629 255 79 163
51.5476946 49.4228311 28.0546027 255 79 163
51.5389625 49.5853941 27.8755075 255 79 163
51.4962488 49.6354003 27.8370041 255 79 163
51.5774773 49.5092788 27.9361103 255 79 163
51.3988194 49.4372708 28.1291494 255 79 163
51.4417463 49.6778544 27.8058781 255 79 163
51.5628587 49.7071209 27.7571471 255 79 163
51.5721571 49.686258 27.7721886 255 79 163
51.5654233 49.7686014 27.7080994 255 79 163
51.5570308 50.0336647 27.549862 255 79 163
51.4809244 49.0483781 29.5070052 255 79 163
51.4817807 49.0335755 29.4525619 255 79 163
50.836517 49.5370002 28.963796 255 79 163
51.5074012 49.145194 28.5583234 255 79 163
51.5124179 49.1861107 28.46174 255 79 163
51.5757881 49.2842169 28.2081625 255 79 163
51.5228846 49.2823066 28.2747187 255 79 163
51.5701632 49.3036556 28.1901196 255 79 163
51.5258597 49.31225 28.2245396 255 79 163
51.5798661 49.4986326 27.9446298 255 79 163
51.5799893 49.576459 27.8669011 255 79 163
51.5783795 49.665017 27.7880294 255 79 163
51.5768983 49.7955099 27.6865587 255 79 163
51.5802002 49.7437227 27.7240109 255 79 163
51.5775088 49.8657603 27.6396208 255 79 163
51.5723785 50.013874 27.5590678 255 79 163
51.5645139 49.2273689 28.3092032 255 79 163
51.5649596 49.2445204 28.2823299 255 79 163
51.5805375 49.6129287 27.8325091 255 79 163
51.579741 49.8119676 27.6748065 255 79 163
51.5798177 49.8484044 27.6506398 255 79 163
51.5799726 49.923354 27.605648 255 79 163
51.5780354 50.0009974 27.5653349 255 79 163
51.5805642 49.697505 27.7601445 255 79 163
51.5806713 49.717996 27.7438287 255 79 163
51.5804616 49.8210931 27.6687305 255 79 163
51.5805876 49.7862091 27.6928738 255 79 163
51.580677 49.8082711 27.6775951 255 79 163
51.5804712 49.8396457 27.6564699 255 79 163
51.5804904 49.8772793 27.6327766 255 79 163
51.5805313 49.9546735 27.5890242 255 79 163
51.5806945 49.5996923 27.844249 255 79 163
51.5806978 49.7734372 27.7021316 255 79 163
51.5806477 49.8541202 27.6473288 255 79 163
51.5806576 49.9313241 27.6017043 255 79 163
51.5806441 49.6481644 27.8012857 255 79 163
51.5806837 49.6579703 27.7928472 255 79 163
51.5805479 49.7583051 27.7130833 255 79 163
51.5807047 49.5963698 27.8472237 255 79 163
51.5806999 49.6546916 27.7956133 255 79 163
51.5806611 49.704444 27.7545496 255 79 163
51.5807033 49.7115183 27.7489428 255 79 163
51.5807004 49.6979499 27.7597577 255 79 163
51.580647 49.7658012 27.7076097 255 79 163
51.5807041 49.6530504 27.7970023 255 79 163
51.5807002 49.6761924 27.7775317 255 79 163
51.5806963 49.6845031 27.7706824 255 79 163
51.5807018 49.6828726 27.7720178 255 79 163
51.5807053 49.7098961 27.7502314 255 79 163
51.5807054 49.5955384 27.8479699 255 79 163
51.5807051 49.6522294 27.7976984 255 79 163
51.5807048 49.6812409 27.7733573 255 79 163
51.5807053 49.6518187 27.7980468 255 79 163
51.5807052 49.6808328 27.7736927 255 79 163
51.5807032 49.6895829 27.7665304 255 79 163
51.5807045 49.6887683 27.7671938 255 79 163
51.5807042 49.6963236 27.7610699 255 79 163
51.5807051 49.69551 27.7617275 255 79 163
51.5807054 49.7094904 27.7505543 255 79 163
51.5807054 49.5953304 27.8481566 255 79 163
51.5807054 49.6516134 27.7982211 255 79 163
51.5807054 49.6804247 27.7740285 255 79 163
51.5807052 49.6881571 27.767692 255 79 163
51.5807053 49.695103 27.7620567 255 79 163
51.5807054 75.5084919 53.2282098 255 79 163
51.5372246 75.7380745 52.9627889 255 79 163
51.4155794 75.9461812 52.7221963 255 79 163
51.2375781 76.118362 52.5231378 255 79 163
51.0038528 76.2618788 52.3572178 255 79 163
50.7319459 76.3666081 52.2361401 255 79 163
50.4436338 76.4283786 52.1647271 255 79 163
50.2912157 76.4441753 52.1464645 255 79 163
50.1427491 76.4492028 52.1406522 255 79 163
51.5807054 48.8881858 30.2022901 255 79 163
51.5408913 49.108017 29.9481429 255 79 163
51.423654 49.3156749 29.7080692 255 79 163
51.2354852 49.4996602 29.4953636 255 79 163
50.9868053 49.6497845 29.3218045 255 79 163
50.6913851 49.7577347 29.1970031 255 79 163
50.4224068 49.8109347 29.1354985 255 79 163
50.1427491 49.8288967 29.1147326 255 79 163
51.5807054 75.5084919 53.2282098 255 79 163
51.5372246 75.7380745 52.9627889 255 79 163
51.4155794 75.9461812 52.7221963 255 79 163
51.2375781 76.118362 52.5231378 255 79 163
51.0038528 76.2618788 52.3572178 255 79 163
50.7319459 76.3666081 52.2361401 255 79 163
50.4436338 76.4283786 52.1647271 255 79 163
50.2912157 76.4441753 52.1464645 255 79 163
50.1427491 76.4492028 52.1406522 255 79 163
50.1090583 76.9992407 52.5150498 255 79 163
50.0191893 77.620393 52.753611 255 79 163
49.8890642 78.2797011 52.8436666 255 79 163
49.7346352 78.9421784 52.7803927 255 79 163
49.5718788 79.5726352 52.5670781 255 79 163
49.4167834 80.1375314 52.2149803 255 79 163
49.2853284 80.606766 51.7427648 255 79 163
49.1934602 80.9553105 51.1755376 255 79 163
49.166319 81.0840999 50.84767 255 79 163
49.1569946 81.171984 50.506551 255 79 163
51.5807054 83.5515793 50.9668773 255 79 163
51.5378978 83.1063211 50.8807433 255 79 163
51.4005582 82.6513198 50.7927245 255 79 163
51.1627067 82.2156504 50.7084454 255 79 163
50.8309977 81.8307448 50.6339865 255 79 163
50.4251978 81.5237355 50.5745964 255 79 163
49.9744771 81.3114225 50.533525 255 79 163
49.5606105 81.2052109 50.5129787 255 79 163
51.5807054 76.5610245 53.9587026 255 79 163
51.5807054 77.65584 54.4047592 255 79 163
51.5807054 78.7416877 54.5868862 255 79 163
51.5807054 79.880161 54.516574 255 79 163
51.5807054 80.8959469 54.2106102 255 79 163
51.5807054 81.75082 53.7310785 255 79 163
51.5807054 82.4979975 53.0663196 255 79 163
51.5807054 83.087682 52.2401301 255 79 163
51.5807054 83.3694119 51.6227283 255 79 163
51.1495335 76.8037144 52.8991354 255 79 163
50.8804985 81.607174 51.4327322 255 79 163
51.4766929 76.6775547 53.4005838 255 79 163
51.5338007 77.244401 53.8662138 255 79 163
51.4736834 77.0792775 53.5953829 255 79 163
51.3885075 76.9743234 53.3487596 255 79 163
51.122898 77.5162052 53.1990815 255 79 163
51.4692526 77.5644059 53.7690032 255 79 163
51.5296817 78.2256372 54.1175151 255 79 163
51.464669 78.0082584 53.8739958 255 79 163
50.6506086 76.953302 52.6075277 255 79 163
51.3736511 77.8242497 53.6361338 255 79 163
51.084383 78.2845658 53.3395541 255 79 163
50.8004697 77.3488875 52.8759989 255 79 163
51.4594227 78.4795439 53.9324476 255 79 163
50.6259583 77.2669871 52.7519466 255 79 163
50.4495352 77.1834669 52.6525029 255 79 163
51.5249019 79.230218 54.1443448 255 79 163
51.4539527 78.9470944 53.9377824 255 79 163
50.593474 77.5974144 52.86074 255 79 163
51.3549427 78.7010545 53.7290516 255 79 163
51.0387511 79.0750709 53.3053277 255 79 163
50.7394952 78.0449695 53.0402764 255 79 163
50.5548258 77.9363964 52.9309614 255 79 163
51.4480971 79.4317544 53.887392 255 79 163
50.3698278 77.8320668 52.848569 255 79 163
51.5200239 80.2091728 53.9428188 255 79 163
50.5108055 78.2838812 52.9623335 255 79 163
51.442329 79.8998605 53.7820123 255 79 163
51.3340895 79.5953851 53.6199655 255 79 163
50.9907738 79.8475073 53.088577 255 79 163
50.6633448 78.7642508 53.0438456 255 79 163
51.4370477 80.3243036 53.6338872 255 79 163
50.46323 78.631105 52.9537887 255 79 163
50.2636471 78.5091778 52.8917404 255 79 163
51.5156593 81.0786911 53.5415868 255 79 163
51.4315414 80.7658541 53.419225 255 79 163
50.4127815 78.9778519 52.9050422 255 79 163
51.313919 80.4293622 53.3119261 255 79 163
50.9452266 80.5571684 52.6918387 255 79 163
50.5802856 79.4700299 52.8824733 255 79 163
51.4272109 81.1147223 53.1977603 255 79 163
50.361359 79.3152109 52.8170483 255 79 163
50.143138 79.1793193 52.7788022 255 79 163
51.511985 81.8256153 52.9628717 255 79 163
51.4224466 81.5034404 52.8828941 255 79 163
51.2962061 81.1596752 52.8263036 255 79 163
50.9068815 81.1580808 52.130269 255 79 163
50.3095981 79.6428044 52.6895931 255 79 163
51.5101154 82.2228933 52.5142967 255 79 163
51.4189342 81.7968473 52.582116 255 79 163
50.4985946 80.123922 52.5606121 255 79 163
50.2594147 79.9520502 52.5256944 255 79 163
50.020463 79.8067979 52.5147247 255 79 163
51.4159256 82.0576795 52.2494577 255 79 163
50.2114597 80.2424433 52.325283 255 79 163
51.2788235 81.9118709 51.9539917 255 79 163
51.413096 82.3217108 51.8132344 255 79 163
51.5380793 82.9407035 51.4809219 255 79 163
50.426548 80.6881241 52.0922465 255 79 163
50.1676003 80.5062274 52.0933633 255 79 163
51.4084219 82.4639229 51.4841162 255 79 163
49.9077892 80.3576181 52.1126791 255 79 163
50.1285641 80.742833 51.8300676 255 79 163
50.3724062 81.1280575 51.5010669 255 79 163
50.0961036 80.9458154 51.5421814 255 79 163
49.8172694 80.8014182 51.59359 255 79 163
50.0710847 81.1146243 51.2300686 255 79 163
50.0343709 81.1991243 51.0028155 255 79 163
3 44 2 1
3 43 2 44
3 45 44 1
3 3 2 43
3 46 45 1
3 63 3 42
3 64 3 63
3 65 3 64
3 4 65 66
3 4 66 67
3 4 67 68
3 4 3 65
3 69 4 68
3 70 4 69
3 71 4 70
3 0 47 46
3 0 48 47
3 0 57 58
3 0 58 48
3 0 46 1
3 41 56 57
3 41 57 0
3 40 55 56
3 40 56 41
3 39 54 55
3 39 55 40
3 38 54 39
3 37 53 54
3 37 54 38
3 36 53 37
3 35 52 53
3 35 53 36
3 34 51 52
3 34 52 35
3 33 51 34
3 22 61 60
3 21 61 22
3 23 22 60
3 20 61 21
3 20 62 61
3 24 23 60
3 24 60 59
3 19 72 73
3 19 73 62
3 19 62 20
3 25 49 50
3 25 59 49
3 25 24 59
3 18 4 71
3 18 5 4
3 18 71 72
3 18 72 19
3 17 5 18
3 16 5 17
3 15 5 16
3 14 5 15
3 13 5 14
3 12 5 13
3 26 25 50
3 26 32 31
3 26 33 32
3 26 50 51
3 26 51 33
3 27 26 31
3 28 27 31
3 29 28 31
3 30 29 31
3 6 5 12
3 6 8 7
3 6 9 8
3 6 10 9
3 6 11 10
3 6 12 11
3 42 3 43
3 81 80 79
3 83 82 81
3 83 81 79
3 76 78 77
3 76 79 78
3 86 76 74
3 86 84 83
3 86 85 84
3 86 83 79
3 86 79 76
3 87 86 74
3 75 87 74
3 94 91 92
3 94 92 93
3 95 90 91
3 95 91 94
3 96 90 95
3 89 75 90
3 89 96 97
3 89 90 96
3 88 87 75
3 88 75 89
3 112 98 99
3 112 99 100
3 112 111 98
3 113 100 101
3 113 112 100
3 114 101 102
3 114 102 103
3 114 113 101
3 115 103 104
3 115 114 103
3 116 104 105
3 116 105 106
3 116 115 104
3 117 106 107
3 117 116 106
3 118 107 108
3 118 117 107
3 110 108 109
3 110 118 108
3 145 127 128
3 145 146 127
3 147 120 121
3 148 121 122
3 148 147 121
3 149 148 122
3 150 148 149
3 151 122 123
3 151 149 122
3 151 150 149
3 152 151 123
3 152 150 151
3 153 123 124
3 153 152 123
3 154 150 152
3 154 152 153
3 155 153 124
3 155 154 153
3 156 124 125
3 156 155 124
3 156 154 155
3 157 137 136
3 157 138 137
3 157 139 138
3 157 136 158
3 159 161 160
3 159 162 161
3 163 162 159
3 164 158 162
3 164 157 158
3 164 162 163
3 165 139 157
3 165 157 164
3 166 167 145
3 166 168 167
3 166 169 168
3 170 169 166
3 171 170 166
3 172 171 173
3 172 170 171
3 174 140 139
3 174 139 165
3 175 145 128
3 175 166 145
3 175 171 166
3 176 175 128
3 177 140 174
3 178 179 128
3 178 128 129
3 178 180 179
3 181 183 182
3 181 141 140
3 181 140 183
3 184 185 181
3 184 186 185
3 187 188 178
3 187 178 129
3 189 187 129
3 189 190 187
3 191 141 181
3 191 181 185
3 192 141 191
3 193 194 129
3 195 193 129
3 196 142 141
3 196 141 197
3 196 197 198
3 199 200 196
3 199 201 200
3 202 201 203
3 204 129 130
3 204 195 129
3 204 203 195
3 204 202 203
3 205 204 130
3 206 204 205
3 207 142 196
3 207 196 200
3 208 142 207
3 209 211 210
3 209 210 130
3 212 209 130
3 213 142 208
3 214 142 215
3 214 217 216
3 218 217 219
3 220 130 119
3 220 212 130
3 220 218 219
3 220 219 212
3 221 220 119
3 222 221 119
3 223 119 120
3 223 120 147
3 224 143 142
3 224 214 216
3 224 142 214
3 225 143 224
3 226 125 126
3 226 156 125
3 226 126 144
3 226 144 143
3 226 150 154
3 226 154 156
3 226 143 225
3 227 131 127
3 227 132 131
3 228 133 132
3 228 134 133
3 228 132 227
3 229 228 227
3 230 134 228
3 230 228 229
3 231 227 127
3 231 229 227
3 231 230 229
3 232 230 231
3 233 127 146
3 233 231 127
3 233 232 231
3 234 236 235
3 234 233 146
3 234 146 236
3 237 238 235
3 237 235 236
3 237 236 146
3 239 238 237
3 239 165 238
3 240 239 237
3 241 239 240
3 242 174 165
3 242 165 239
3 242 239 241
3 243 169 170
3 244 174 242
3 245 170 172
3 245 243 170
3 246 174 244
3 246 244 243
3 246 243 245
3 247 174 246
3 247 246 245
3 248 245 172
3 248 247 245
3 248 172 173
3 249 174 247
3 249 247 248
3 249 248 173
3 249 177 174
3 250 173 171
3 250 171 175
3 251 249 173
3 251 177 249
3 251 173 250
3 252 175 176
3 253 177 251
3 254 252 176
3 254 253 252
3 254 177 253
3 255 254 176
3 255 176 256
3 257 176 128
3 257 256 176
3 257 128 258
3 259 177 254
3 259 254 255
3 260 255 256
3 260 259 255
3 261 177 259
3 261 259 260
3 261 260 262
3 261 262 177
3 263 264 140
3 263 140 177
3 263 177 262
3 265 140 264
3 266 140 265
3 267 268 179
3 267 269 268
3 270 271 269
3 270 272 271
3 273 269 267
3 273 270 269
3 273 272 270
3 274 271 272
3 275 272 183
3 275 183 140
3 275 274 272
3 275 140 266
3 276 267 179
3 276 272 273
3 276 273 267
3 277 183 272
3 277 272 276
3 278 182 183
3 278 183 277
3 278 277 279
3 278 279 280
3 281 179 180
3 281 182 278
3 281 280 179
3 281 278 280
3 282 181 182
3 282 281 180
3 282 182 281
3 283 181 282
3 283 282 180
3 284 283 180
3 285 180 178
3 285 284 180
3 286 283 284
3 286 184 181
3 286 181 283
3 287 186 184
3 288 186 287
3 289 186 288
3 289 288 178
3 289 178 188
3 290 186 289
3 290 289 188
3 290 185 186
3 291 188 187
3 292 290 188
3 292 185 290
3 292 188 291
3 293 291 187
3 293 185 292
3 293 292 291
3 294 293 187
3 294 185 293
3 294 187 190
3 294 190 185
3 295 191 185
3 295 185 190
3 296 191 295
3 297 299 298
3 297 191 296
3 297 296 299
3 300 189 129
3 300 298 189
3 301 298 302
3 301 297 298
3 303 298 300
3 303 302 298
3 304 191 297
3 304 297 301
3 305 300 129
3 306 192 191
3 306 191 304
3 307 301 302
3 307 304 301
3 307 192 306
3 307 306 304
3 308 305 129
3 308 129 194
3 309 141 310
3 311 193 195
3 312 193 311
3 313 311 195
3 313 312 311
3 314 141 309
3 315 317 316
3 315 316 312
3 315 312 313
3 318 316 317
3 319 317 315
3 319 313 195
3 319 315 313
3 320 197 141
3 320 317 197
3 320 141 314
3 320 318 317
3 321 319 195
3 322 319 321
3 322 317 319
3 323 195 203
3 323 203 198
3 323 321 195
3 324 198 203
3 324 196 198
3 325 196 324
3 325 324 203
3 326 325 203
3 327 196 325
3 327 325 326
3 327 326 199
3 327 199 196
3 328 326 203
3 328 199 326
3 328 201 199
3 328 203 201
3 329 201 202
3 329 200 201
3 330 202 204
3 331 329 202
3 331 200 329
3 331 202 330
3 332 330 204
3 332 200 331
3 332 331 330
3 333 332 204
3 333 200 332
3 333 206 200
3 333 204 206
3 334 207 200
3 334 200 206
3 335 207 334
3 336 205 130
3 336 337 205
3 338 339 337
3 338 207 335
3 338 335 339
3 340 337 336
3 340 341 337
3 342 338 337
3 342 337 341
3 343 336 130
3 343 340 336
3 343 130 210
3 344 342 341
3 344 338 342
3 344 207 338
3 345 344 341
3 346 208 207
3 346 207 344
3 346 344 345
3 346 345 208
3 347 209 212
3 348 211 209
3 348 209 347
3 349 347 212
3 349 348 347
3 350 349 212
3 351 353 352
3 351 352 348
3 351 348 349
3 351 350 353
3 351 349 350
3 354 142 213
3 355 352 353
3 356 142 354
3 356 215 142
3 356 353 215
3 356 354 355
3 356 355 353
3 357 350 212
3 358 359 215
3 358 215 353
3 358 353 350
3 358 350 357
3 360 219 359
3 360 358 357
3 360 359 358
3 360 212 219
3 360 357 212
3 361 359 219
3 361 215 359
3 361 214 215
3 362 214 361
3 362 361 219
3 363 219 217
3 363 362 219
3 363 214 362
3 363 217 214
3 364 217 218
3 364 216 217
3 365 364 218
3 365 218 220
3 366 216 364
3 366 364 365
3 367 365 220
3 367 216 366
3 367 366 365
3 368 367 220
3 368 216 367
3 368 220 221
3 368 369 216
3 368 221 369
3 370 216 369
3 370 369 221
3 370 221 222
3 371 224 216
3 371 370 222
3 371 216 370
3 372 222 119
3 372 373 222
3 372 119 223
3 374 222 373
3 375 371 222
3 375 222 374
3 375 224 371
3 376 375 374
3 376 224 375
3 377 376 374
3 377 374 373
3 378 224 376
3 378 376 377
3 378 377 225
3 378 225 224
3 379 225 377
3 380 147 148
3 380 148 150
3 380 225 379
3 380 379 147
3 380 150 226
3 380 226 225
3 381 135 134
3 381 136 135
3 381 158 136
3 381 161 162
3 381 162 158
3 381 232 161
3 381 134 230
3 381 230 232
3 382 160 161
3 382 233 234
3 382 161 232
3 382 232 233
3 383 163 159
3 383 159 160
3 383 164 163
3 383 382 234
3 383 160 382
3 384 164 383
3 384 165 164
3 384 383 234
3 385 234 235
3 385 384 234
3 385 165 384
3 386 235 238
3 386 238 165
3 386 385 235
3 386 165 385
3 387 146 145
3 388 240 237
3 388 237 146
3 388 146 387
3 389 145 167
3 389 167 168
3 389 168 169
3 389 388 387
3 389 387 145
3 390 242 241
3 390 389 169
3 390 240 388
3 390 388 389
3 390 241 240
3 391 390 169
3 391 243 244
3 391 244 242
3 391 169 243
3 391 242 390
3 392 250 175
3 392 251 250
3 392 175 252
3 392 253 251
3 392 252 253
3 393 256 257
3 393 260 256
3 394 393 257
3 395 257 258
3 395 394 257
3 395 396 394
3 395 258 396
3 397 264 263
3 397 394 396
3 398 397 396
3 398 264 397
3 398 265 264
3 399 265 398
3 400 265 399
3 400 399 401
3 400 266 265
3 400 274 275
3 400 275 266
3 402 400 401
3 403 274 400
3 403 400 402
3 404 269 271
3 404 274 403
3 404 403 402
3 404 271 274
3 405 276 179
3 405 277 276
3 405 179 280
3 405 279 277
3 405 280 279
3 406 285 178
3 406 407 285
3 408 286 284
3 408 284 285
3 408 184 286
3 409 285 407
3 409 408 285
3 410 287 407
3 410 407 406
3 411 406 178
3 411 288 287
3 411 178 288
3 411 287 410
3 411 410 406
3 412 407 287
3 412 287 184
3 412 184 408
3 412 409 407
3 412 408 409
3 413 295 190
3 413 190 189
3 414 295 413
3 414 413 189
3 415 414 189
3 416 296 295
3 416 295 414
3 416 414 415
3 417 298 299
3 417 189 298
3 417 415 189
3 417 299 296
3 417 296 416
3 417 416 415
3 418 302 303
3 419 303 300
3 419 300 305
3 419 418 303
3 419 305 308
3 420 418 419
3 421 194 422
3 421 419 308
3 421 420 419
3 421 308 194
3 423 310 422
3 423 309 310
3 424 320 314
3 424 318 320
3 424 309 423
3 424 314 309
3 424 423 425
3 426 424 425
3 426 316 318
3 426 318 424
3 427 322 321
3 427 317 322
3 427 197 317
3 428 321 323
3 428 427 321
3 429 197 427
3 429 427 428
3 430 428 323
3 430 197 429
3 430 429 428
3 431 323 198
3 431 198 197
3 431 430 323
3 431 197 430
3 432 334 206
3 432 206 205
3 433 432 205
3 433 334 432
3 434 433 205
3 434 337 339
3 434 339 335
3 434 205 337
3 435 433 434
3 435 334 433
3 435 434 335
3 435 335 334
3 436 341 340
3 436 340 343
3 436 345 341
3 437 436 343
3 437 345 436
3 437 343 210
3 437 208 345
3 438 354 213
3 438 213 211
3 438 211 348
3 439 438 348
3 439 348 352
3 439 355 354
3 439 354 438
3 439 352 355
3 440 373 372
3 440 372 223
3 440 377 373
3 440 223 147
3 440 379 377
3 440 147 379
3 441 393 394
3 441 394 397
3 441 262 260
3 441 260 393
3 442 399 398
3 442 398 396
3 442 396 258
3 443 399 442
3 444 401 399
3 444 402 401
3 444 269 404
3 444 404 402
3 444 399 443
3 444 268 269
3 445 307 302
3 445 302 418
3 445 192 307
3 446 420 421
3 446 418 420
3 446 445 418
3 447 446 421
3 447 192 445
3 447 445 446
3 448 447 421
3 448 421 422
3 448 422 310
3 449 422 194
3 449 423 422
3 449 194 193
3 450 423 449
3 450 449 193
3 451 423 450
3 451 425 423
3 451 426 425
3 452 451 450
3 452 426 451
3 452 450 193
3 452 193 312
3 452 312 316
3 452 316 426
3 453 208 437
3 453 211 213
3 453 213 208
3 454 442 258
3 454 258 128
3 455 454 128
3 455 443 442
3 455 442 454
3 456 262 441
3 456 263 262
3 456 397 263
3 456 441 397
3 457 128 179
3 457 444 443
3 457 268 444
3 457 455 128
3 457 179 268
3 457 443 455
3 458 192 447
3 458 447 448
3 458 141 192
3 459 458 448
3 459 141 458
3 460 448 310
3 460 310 141
3 460 459 448
3 460 141 459
3 461 437 210
3 461 210 211
3 461 453 437
3 461 211 453
3 487 463 462
3 464 463 487
3 471 468 467
3 471 469 468
3 471 470 469
3 480 494 479
3 481 494 480
3 486 477 485
3 478 477 486
3 495 465 464
3 495 466 465
3 495 467 466
3 495 472 471
3 495 487 488
3 495 464 487
3 495 471 467
3 496 473 472
3 496 474 473
3 496 488 489
3 496 489 490
3 496 490 491
3 496 472 495
3 496 495 488
3 497 475 474
3 497 491 492
3 497 492 493
3 497 496 491
3 497 474 496
3 498 476 475
3 498 477 476
3 498 481 482
3 498 482 483
3 498 483 484
3 498 484 485
3 498 493 494
3 498 475 497
3 498 497 493
3 498 494 481
3 498 485 477
3 508 499 500
3 509 500 501
3 509 508 500
3 510 501 502
3 510 509 501
3 511 502 503
3 511 510 502
3 512 503 504
3 512 511 503
3 513 504 505
3 513 512 504
3 514 505 506
3 514 513 505
3 507 514 506
3 529 518 517
3 529 519 518
3 530 517 516
3 530 529 517
3 531 520 519
3 532 515 521
3 533 531 532
3 534 531 533
3 535 531 534
3 536 531 535
3 537 520 531
3 537 534 533
3 537 533 532
3 537 535 534
3 537 531 536
3 537 536 535
3 538 532 531
3 538 515 532
3 539 532 521
3 539 537 532
3 540 529 530
3 540 531 519
3 540 519 529
3 540 530 516
3 540 538 531
3 541 520 537
3 541 537 539
3 541 539 542
3 543 525 526
3 543 526 527
3 543 527 528
3 543 528 520
3 543 520 541
3 543 541 542
3 544 516 515
3 544 515 538
3 544 540 516
3 544 538 540
3 545 521 522
3 545 522 523
3 545 523 524
3 545 524 525
3 545 539 521
3 545 525 543
3 545 542 539
3 545 543 542
3 546 554 555
3 547 555 556
3 547 546 555
3 548 556 557
3 548 547 556
3 549 557 558
3 549 548 557
3 550 558 559
3 550 549 558
3 551 559 560
3 551 550 559
3 552 551 560
3 553 560 561
3 553 552 560
3 563 553 561
3 564 563 561
3 562 564 561
3 576 565 566
3 576 575 565
3 577 566 567
3 577 576 566
3 578 567 568
3 578 568 569
3 578 577 567
3 579 569 570
3 579 578 569
3 580 570 571
3 580 579 570
3 581 571 572
3 581 580 571
3 574 572 573
3 574 581 572
3 582 588 587
3 583 589 588
3 583 588 582
3 584 590 589
3 584 589 583
3 585 591 590
3 585 590 584
3 586 592 591
3 586 591 585
3 606 592 586
3 607 593 592
3 607 592 606
3 608 594 593
3 608 593 607
3 609 595 594
3 609 594 608
3 610 596 595
3 610 595 609
3 602 596 610
3 603 597 596
3 603 596 602
3 604 598 597
3 604 597 603
3 605 599 598
3 605 598 604
3 601 600 599
3 601 599 605
3 614 612 611
3 614 613 612
3 618 616 615
3 618 617 616
3 635 620 619
3 635 621 620
3 636 622 621
3 636 621 635
3 637 623 622
3 637 622 636
3 638 624 623
3 638 623 637
3 639 625 624
3 639 624 638
3 640 626 625
3 640 625 639
3 641 627 626
3 641 628 627
3 641 626 640
3 642 628 641
3 643 629 628
3 643 628 642
3 644 630 629
3 644 629 643
3 645 631 630
3 645 632 631
3 645 630 644
3 646 632 645
3 634 633 632
3 634 632 646
3 647 651 649
3 652 650 651
3 652 651 647
3 662 652 647
3 648 658 659
3 648 659 660
3 648 660 661
3 648 661 662
3 648 662 647
3 657 658 648
3 656 657 648
3 655 656 648
3 654 655 648
3 653 654 648
3 687 663 684
3 687 688 663
3 689 688 687
3 690 691 686
3 690 674 691
3 692 675 674
3 692 674 690
3 693 668 667
3 694 668 693
3 695 669 668
3 695 670 669
3 695 671 670
3 695 668 694
3 696 693 697
3 698 693 696
3 699 695 694
3 699 693 698
3 699 694 693
3 700 696 697
3 700 697 688
3 700 699 698
3 700 698 696
3 701 695 699
3 701 699 700
3 701 671 695
3 702 687 684
3 703 672 671
3 703 671 701
3 704 702 684
3 705 704 684
3 706 672 703
3 706 703 707
3 708 705 684
3 708 709 705
3 710 672 706
3 710 705 709
3 711 672 710
3 711 710 709
3 712 709 708
3 712 708 684
3 713 712 684
3 714 711 709
3 714 709 712
3 714 672 711
3 714 715 672
3 716 713 684
3 717 713 716
3 718 684 685
3 718 716 684
3 718 717 716
3 718 715 717
3 718 685 719
3 718 720 715
3 718 719 720
3 721 720 719
3 722 673 672
3 722 672 715
3 722 715 720
3 722 720 721
3 723 673 722
3 723 722 721
3 724 673 723
3 725 673 724
3 725 724 726
3 727 728 685
3 727 726 728
3 729 727 685
3 730 685 686
3 730 686 731
3 730 729 685
3 730 731 732
3 733 732 734
3 733 730 732
3 735 674 673
3 735 673 734
3 735 734 732
3 735 732 731
3 736 674 735
3 736 735 731
3 737 691 674
3 737 674 736
3 738 676 677
3 738 677 678
3 738 686 676
3 738 690 686
3 738 692 690
3 739 664 663
3 739 665 664
3 739 666 665
3 740 739 663
3 741 667 666
3 741 739 740
3 741 693 667
3 741 666 739
3 741 697 693
3 742 740 663
3 742 697 741
3 742 663 688
3 742 741 740
3 742 688 697
3 743 700 688
3 743 701 700
3 743 703 701
3 743 688 689
3 744 703 743
3 744 743 689
3 745 703 744
3 745 744 689
3 745 702 707
3 745 707 703
3 745 687 702
3 745 689 687
3 746 707 702
3 746 706 707
3 747 702 704
3 747 746 702
3 748 706 746
3 748 746 747
3 749 747 704
3 749 706 748
3 749 748 747
3 750 704 705
3 750 749 704
3 750 705 710
3 751 706 749
3 751 749 750
3 751 710 706
3 751 750 710
3 752 712 713
3 752 714 712
3 752 713 717
3 752 715 714
3 752 717 715
3 753 719 685
3 753 721 719
3 753 723 721
3 753 724 723
3 754 753 685
3 755 724 753
3 755 753 754
3 755 726 724
3 756 754 685
3 756 755 754
3 756 726 755
3 757 756 685
3 757 726 756
3 757 685 728
3 757 728 726
3 758 673 725
3 758 725 726
3 759 673 758
3 759 758 726
3 760 759 726
3 760 726 727
3 761 673 759
3 761 759 760
3 762 734 673
3 762 673 761
3 762 760 727
3 762 761 760
3 762 727 729
3 762 729 730
3 762 733 734
3 762 730 733
3 763 736 731
3 763 731 686
3 764 736 763
3 764 691 737
3 764 737 736
3 765 763 686
3 765 691 764
3 765 764 763
3 765 686 691
3 766 678 679
3 766 679 680
3 766 680 681
3 766 681 682
3 766 682 683
3 766 683 675
3 766 738 678
3 766 675 692
3 766 692 738
3 793 771 770
3 793 772 771
3 793 773 772
3 794 769 768
3 794 770 769
3 794 793 770
3 795 768 767
3 795 767 790
3 795 794 768
3 796 795 790
3 797 778 777
3 797 777 798
3 799 792 782
3 800 782 783
3 800 783 784
3 800 799 782
3 800 801 799
3 802 781 780
3 803 805 804
3 803 802 805
3 803 804 806
3 803 781 802
3 803 788 789
3 803 789 781
3 807 793 794
3 807 794 795
3 808 807 795
3 808 798 807
3 809 808 795
3 809 795 796
3 810 798 808
3 810 808 809
3 810 809 796
3 811 798 810
3 811 797 798
3 812 810 796
3 812 811 810
3 812 797 811
3 813 812 796
3 813 797 812
3 813 814 797
3 815 813 796
3 815 814 813
3 815 796 790
3 816 814 815
3 816 815 790
3 817 816 790
3 817 819 818
3 817 818 816
3 820 797 814
3 820 778 797
3 821 778 820
3 822 819 817
3 822 817 790
3 823 822 790
3 824 825 819
3 824 778 821
3 824 821 825
3 826 790 791
3 826 823 790
3 826 827 823
3 828 830 829
3 831 828 829
3 832 826 791
3 833 832 834
3 835 779 778
3 835 778 831
3 835 831 836
3 837 835 838
3 837 779 835
3 839 840 791
3 841 779 837
3 842 840 839
3 843 779 841
3 844 839 791
3 844 845 839
3 844 791 792
3 846 843 847
3 848 850 849
3 851 844 792
3 852 848 849
3 853 848 852
3 854 855 851
3 856 855 854
3 857 856 854
3 858 780 779
3 858 779 853
3 858 853 852
3 859 861 860
3 862 859 792
3 863 861 859
3 863 859 862
3 864 862 792
3 864 792 799
3 865 780 858
3 865 858 866
3 867 780 865
3 867 865 868
3 869 867 861
3 870 871 864
3 870 799 801
3 870 864 799
3 872 871 870
3 873 780 867
3 873 867 869
3 874 875 872
3 876 872 870
3 876 874 872
3 877 780 873
3 877 805 802
3 877 802 780
3 878 870 801
3 878 801 800
3 878 876 870
3 879 875 874
3 879 874 876
3 880 876 878
3 881 804 805
3 881 805 877
3 881 877 879
3 882 806 804
3 882 804 881
3 882 879 876
3 882 876 880
3 882 881 879
3 883 878 800
3 883 880 878
3 883 882 880
3 883 806 882
3 884 806 883
3 884 784 785
3 884 883 800
3 884 800 784
3 885 774 773
3 885 775 774
3 885 776 775
3 885 777 776
3 885 793 807
3 885 798 777
3 885 773 793
3 885 807 798
3 886 814 816
3 886 819 825
3 886 818 819
3 886 816 818
3 886 820 814
3 886 821 820
3 886 825 821
3 887 888 819
3 887 819 822
3 889 887 822
3 889 822 823
3 890 887 889
3 891 890 889
3 892 830 888
3 892 887 890
3 892 888 887
3 893 824 819
3 893 819 888
3 893 778 824
3 894 889 823
3 894 891 889
3 895 778 893
3 896 891 894
3 896 890 891
3 896 892 890
3 896 830 892
3 896 829 830
3 897 888 830
3 897 895 893
3 897 893 888
3 898 894 823
3 898 896 894
3 898 823 827
3 898 829 896
3 899 897 830
3 899 778 895
3 899 895 897
3 899 831 778
3 899 830 828
3 899 828 831
3 900 827 826
3 901 898 827
3 901 829 898
3 901 831 829
3 901 836 831
3 902 827 900
3 902 901 827
3 902 836 901
3 903 900 826
3 904 902 900
3 904 836 902
3 904 900 903
3 904 903 905
3 906 826 832
3 906 903 826
3 906 905 903
3 906 832 907
3 908 835 836
3 908 836 904
3 908 904 905
3 909 905 906
3 909 906 907
3 910 908 905
3 910 835 908
3 910 905 909
3 911 909 907
3 912 832 833
3 912 911 907
3 912 907 832
3 913 911 838
3 913 910 909
3 913 909 911
3 913 835 910
3 913 838 835
3 914 838 911
3 914 912 833
3 914 911 912
3 915 916 834
3 915 834 832
3 915 832 791
3 917 838 914
3 917 837 838
3 917 914 833
3 918 834 916
3 918 917 833
3 918 833 834
3 919 916 915
3 919 920 916
3 921 837 917
3 921 917 918
3 922 919 915
3 922 915 791
3 923 922 791
3 923 791 840
3 924 916 920
3 924 918 916
3 925 921 918
3 926 918 924
3 926 925 918
3 927 841 837
3 927 921 925
3 927 925 926
3 927 837 921
3 928 924 920
3 928 841 927
3 928 926 924
3 928 927 926
3 929 928 920
3 929 841 928
3 929 847 843
3 929 843 841
3 930 846 847
3 931 930 842
3 931 846 930
3 932 839 845
3 932 931 842
3 932 842 839
3 933 931 932
3 933 849 850
3 933 850 846
3 933 932 845
3 933 846 931
3 934 779 843
3 934 843 846
3 934 846 850
3 935 936 852
3 935 852 849
3 935 849 933
3 935 933 845
3 937 845 844
3 937 936 935
3 937 935 845
3 938 779 934
3 938 853 779
3 938 848 853
3 938 934 850
3 938 850 848
3 939 936 937
3 939 937 844
3 940 855 936
3 940 851 855
3 940 939 844
3 940 936 939
3 940 844 851
3 941 852 936
3 941 858 852
3 942 854 851
3 942 857 854
3 942 860 857
3 942 851 792
3 943 941 936
3 943 858 941
3 944 942 792
3 945 866 858
3 945 943 936
3 945 858 943
3 946 866 945
3 946 945 936
3 946 936 855
3 946 855 856
3 947 942 944
3 947 792 859
3 947 859 860
3 947 860 942
3 947 944 792
3 948 866 946
3 948 865 866
3 948 868 865
3 949 856 857
3 949 857 860
3 950 946 856
3 950 948 946
3 950 856 949
3 950 868 948
3 951 949 860
3 951 950 949
3 951 868 950
3 952 868 951
3 952 860 861
3 952 951 860
3 952 867 868
3 952 861 867
3 953 861 863
3 953 869 861
3 954 953 863
3 954 869 953
3 955 869 954
3 955 954 863
3 956 864 871
3 956 955 863
3 956 875 955
3 956 862 864
3 956 863 862
3 956 871 872
3 956 872 875
3 957 873 869
3 957 869 955
3 957 955 875
3 957 877 873
3 958 957 875
3 958 875 879
3 958 877 957
3 958 879 877
3 959 884 785
3 959 803 806
3 959 785 786
3 959 806 884
3 960 929 920
3 960 920 919
3 960 919 922
3 960 922 923
3 961 923 840
3 961 960 923
3 961 842 930
3 961 840 842
3 961 930 847
3 962 960 961
3 962 847 929
3 962 929 960
3 962 961 847
3 963 786 787
3 963 787 788
3 963 803 959
3 963 788 803
3 963 959 786
3 973 970 971
3 973 971 972
3 994 993 985
3 986 994 985
3 1004 967 968
3 1005 991 990
3 1006 964 965
3 1006 965 966
3 1006 995 964
3 1007 966 967
3 1007 967 1004
3 1007 1006 966
3 1008 1007 1004
3 1008 1006 1007
3 1008 995 1006
3 1009 995 1008
3 1009 996 995
3 1010 1009 1008
3 1011 1008 1004
3 1011 1010 1008
3 1012 997 996
3 1012 996 1009
3 1013 1011 1014
3 1013 1009 1010
3 1013 1010 1011
3 1013 1012 1009
3 1015 968 969
3 1015 969 970
3 1015 970 973
3 1015 1004 968
3 1016 1012 1013
3 1017 998 997
3 1017 997 1012
3 1018 1017 1012
3 1018 1012 1016
3 1019 1004 1015
3 1020 1018 1016
3 1020 1013 1014
3 1020 1016 1013
3 1020 1014 1021
3 1022 1004 1019
3 1022 1019 1023
3 1024 1017 1018
3 1025 973 974
3 1025 974 975
3 1025 1019 1015
3 1025 1023 1019
3 1025 1015 973
3 1026 999 998
3 1026 998 1017
3 1027 1017 1024
3 1027 1026 1017
3 1028 1021 1029
3 1028 1018 1020
3 1028 1027 1024
3 1028 1024 1018
3 1028 1020 1021
3 1030 1022 1023
3 1030 1023 1025
3 1031 1026 1027
3 1032 1022 1030
3 1032 1014 1022
3 1033 999 1026
3 1033 1000 999
3 1034 1014 1032
3 1034 1021 1014
3 1035 975 976
3 1035 1032 1030
3 1035 1030 1025
3 1035 1025 975
3 1036 1026 1031
3 1036 1033 1026
3 1037 1034 1032
3 1038 1029 1039
3 1038 1028 1029
3 1038 1027 1028
3 1038 1031 1027
3 1038 1036 1031
3 1040 976 977
3 1040 1035 976
3 1040 1032 1035
3 1040 1037 1032
3 1041 1033 1036
3 1042 1034 1037
3 1043 1001 1000
3 1043 1000 1033
3 1043 1033 1041
3 1044 1034 1042
3 1045 1043 1041
3 1046 1034 1044
3 1046 1029 1021
3 1046 1021 1034
3 1047 1044 1042
3 1047 977 978
3 1047 1040 977
3 1047 1037 1040
3 1047 1042 1037
3 1048 1039 1049
3 1048 1036 1038
3 1048 1041 1036
3 1048 1038 1039
3 1048 1045 1041
3 1050 1046 1044
3 1051 1043 1045
3 1051 1045 1048
3 1052 1043 1051
3 1052 1002 1001
3 1052 1001 1043
3 1053 978 979
3 1053 1050 1044
3 1053 1047 978
3 1053 1044 1047
3 1054 1046 1050
3 1054 1050 1053
3 1055 1002 1052
3 1055 988 987
3 1055 1003 1002
3 1055 987 1003
3 1056 1052 1051
3 1057 1046 1054
3 1057 1039 1029
3 1057 1029 1046
3 1058 1051 1048
3 1058 1048 1049
3 1058 1049 1005
3 1058 1056 1051
3 1059 1057 1054
3 1060 988 1055
3 1060 1055 1052
3 1061 1052 1056
3 1061 1056 1058
3 1061 1060 1052
3 1062 1053 979
3 1062 979 980
3 1062 1059 1054
3 1062 1054 1053
3 1063 1057 1059
3 1064 1005 990
3 1064 1061 1058
3 1064 989 988
3 1064 990 989
3 1064 1058 1005
3 1064 1060 1061
3 1064 988 1060
3 1065 1057 1063
3 1066 1039 1057
3 1066 1049 1039
3 1066 1057 1065
3 1067 980 981
3 1067 1062 980
3 1067 1059 1062
3 1067 1063 1059
3 1067 1065 1063
3 1068 1066 1065
3 1069 981 982
3 1069 1067 981
3 1069 1065 1067
3 1069 1068 1065
3 1070 1066 1068
3 1070 1068 1069
3 1071 1066 1070
3 1071 1049 1066
3 1071 1005 1049
3 1072 1071 1070
3 1073 982 983
3 1073 1069 982
3 1073 1070 1069
3 1073 1072 1070
3 1074 983 984
3 1074 1073 983
3 1074 1071 1072
3 1074 1072 1073
3 1075 1074 984
3 1075 985 993
3 1075 984 985
3 1075 992 991
3 1075 993 992
3 1075 991 1005
3 1075 1005 1071
3 1075 1071 1074
3 1076 1014 1011
3 1076 1022 1014
3 1076 1004 1022
3 1076 1011 1004
3 1079 1081 1080
3 1082 1081 1079
3 1077 1083 1082
3 1077 1084 1083
3 1077 1078 1084
3 1077 1082 1079
3 1086 1085 1087
3 1086 1087 1088
3 1091 1088 1089
3 1091 1089 1090
3 1091 1086 1088
3 1109 1106 1134
3 1135 1134 1106
3 1105 1109 1108
3 1105 1106 1109
3 1104 1122 1121
3 1104 1108 1122
3 1104 1105 1108
3 1103 1121 1120
3 1103 1104 1121
3 1102 1103 1120
3 1101 1119 1118
3 1101 1120 1119
3 1101 1102 1120
3 1100 1101 1118
3 1100 1118 1117
3 1099 1100 1117
3 1099 1117 1116
3 1098 1099 1116
3 1098 1115 1114
3 1098 1116 1115
3 1107 1124 1125
3 1107 1125 1126
3 1107 1126 1127
3 1107 1127 1128
3 1107 1128 1129
3 1107 1129 1130
3 1107 1130 1131
3 1107 1131 1132
3 1107 1132 1133
3 1107 1133 1135
3 1107 1135 1106
3 1097 1098 1114
3 1097 1114 1113
3 1094 1112 1111
3 1094 1113 1112
3 1094 1097 1113
3 1095 1094 1111
3 1093 1096 1095
3 1093 1092 1096
3 1093 1111 1110
3 1093 1095 1111
3 1093 1110 1123
3 1093 1123 1124
3 1093 1124 1107
3 1143 1140 1141
3 1143 1141 1142
3 1138 1140 1143
3 1136 1139 1138
3 1136 1143 1144
3 1136 1138 1143
3 1137 1136 1144
3 1169 1146 1145
3 1169 1145 1170
3 1171 1160 1161
3 1172 1154 1155
3 1172 1155 1156
3 1172 1156 1157
3 1172 1173 1154
3 1174 1175 1176
3 1177 1174 1176
3 1177 1176 1173
3 1177 1173 1172
3 1178 1174 1177
3 1178 1175 1174
3 1178 1170 1175
3 1179 1178 1177
3 1179 1177 1172
3 1179 1172 1157
3 1180 1179 1157
3 1180 1157 1158
3 1181 1146 1169
3 1182 1146 1181
3 1183 1146 1182
3 1184 1180 1158
3 1184 1185 1180
3 1186 1184 1158
3 1186 1187 1183
3 1188 1146 1183
3 1188 1183 1187
3 1189 1186 1158
3 1189 1187 1186
3 1190 1191 1158
3 1192 1158 1159
3 1192 1190 1158
3 1192 1159 1193
3 1192 1193 1194
3 1195 1192 1194
3 1195 1194 1196
3 1197 1194 1193
3 1198 1147 1146
3 1198 1196 1194
3 1198 1146 1196
3 1198 1194 1197
3 1199 1147 1198
3 1200 1147 1199
3 1201 1202 1159
3 1203 1159 1160
3 1203 1201 1159
3 1203 1160 1204
3 1203 1204 1205
3 1206 1203 1205
3 1206 1205 1207
3 1208 1205 1204
3 1209 1148 1147
3 1209 1147 1207
3 1209 1205 1208
3 1209 1207 1205
3 1210 1148 1209
3 1211 1148 1210
3 1212 1160 1171
3 1212 1171 1213
3 1214 1149 1148
3 1214 1148 1213
3 1214 1213 1171
3 1215 1216 1214
3 1217 1215 1214
3 1217 1214 1171
3 1218 1167 1168
3 1218 1168 1149
3 1218 1149 1214
3 1218 1214 1216
3 1219 1216 1215
3 1219 1215 1217
3 1219 1218 1216
3 1220 1145 1150
3 1220 1150 1151
3 1220 1151 1152
3 1221 1152 1153
3 1221 1153 1154
3 1221 1222 1220
3 1221 1220 1152
3 1221 1154 1173
3 1221 1173 1176
3 1223 1222 1221
3 1223 1220 1222
3 1223 1145 1220
3 1224 1223 1221
3 1224 1221 1176
3 1225 1223 1224
3 1225 1145 1223
3 1225 1224 1176
3 1225 1170 1145
3 1225 1176 1175
3 1225 1175 1170
3 1226 1178 1179
3 1226 1170 1178
3 1227 1228 1169
3 1227 1170 1226
3 1227 1169 1170
3 1229 1226 1179
3 1229 1179 1180
3 1229 1227 1226
3 1229 1228 1227
3 1230 1229 1180
3 1230 1228 1229
3 1231 1230 1180
3 1231 1180 1185
3 1231 1181 1169
3 1231 1169 1228
3 1231 1228 1230
3 1231 1185 1181
3 1232 1185 1184
3 1232 1181 1185
3 1233 1232 1184
3 1233 1181 1232
3 1234 1181 1233
3 1234 1182 1181
3 1235 1233 1184
3 1235 1182 1234
3 1235 1234 1233
3 1236 1183 1182
3 1236 1182 1235
3 1237 1184 1186
3 1237 1235 1184
3 1237 1183 1236
3 1237 1186 1183
3 1237 1236 1235
3 1238 1188 1187
3 1238 1146 1188
3 1239 1146 1238
3 1240 1146 1239
3 1241 1240 1239
3 1242 1191 1190
3 1242 1196 1146
3 1242 1241 1191
3 1242 1146 1240
3 1242 1240 1241
3 1243 1199 1198
3 1243 1198 1197
3 1243 1193 1159
3 1243 1197 1193
3 1243 1200 1199
3 1244 1200 1243
3 1245 1243 1159
3 1245 1244 1243
3 1246 1244 1245
3 1246 1245 1159
3 1247 1159 1248
3 1247 1248 1249
3 1247 1246 1159
3 1250 1251 1249
3 1250 1147 1251
3 1252 1147 1250
3 1253 1147 1252
3 1254 1253 1252
3 1255 1254 1202
3 1255 1253 1254
3 1255 1147 1253
3 1255 1207 1147
3 1255 1202 1201
3 1255 1201 1203
3 1255 1206 1207
3 1255 1203 1206
3 1256 1204 1160
3 1256 1208 1204
3 1256 1209 1208
3 1256 1210 1209
3 1256 1211 1210
3 1257 1211 1256
3 1258 1256 1160
3 1258 1257 1256
3 1259 1258 1160
3 1260 1259 1160
3 1261 1148 1262
3 1263 1148 1261
3 1263 1261 1212
3 1263 1213 1148
3 1263 1212 1213
3 1264 1218 1219
3 1264 1219 1217
3 1265 1264 1217
3 1265 1217 1171
3 1265 1171 1161
3 1266 1264 1265
3 1266 1165 1166
3 1266 1166 1167
3 1266 1167 1218
3 1266 1218 1264
3 1267 1161 1162
3 1267 1162 1163
3 1267 1163 1164
3 1267 1164 1165
3 1267 1265 1161
3 1267 1266 1265
3 1267 1165 1266
3 1268 1239 1238
3 1268 1238 1187
3 1268 1191 1241
3 1268 1241 1239
3 1269 1190 1192
3 1269 1196 1242
3 1269 1192 1195
3 1269 1242 1190
3 1269 1195 1196
3 1270 1244 1246
3 1270 1200 1244
3 1270 1247 1249
3 1270 1246 1247
3 1271 1202 1254
3 1271 1254 1252
3 1271 1250 1249
3 1271 1252 1250
3 1272 1259 1260
3 1272 1257 1258
3 1272 1258 1259
3 1272 1148 1211
3 1272 1211 1257
3 1273 1148 1272
3 1274 1260 1275
3 1274 1272 1260
3 1274 1262 1148
3 1274 1275 1262
3 1274 1273 1272
3 1274 1148 1273
3 1276 1260 1160
3 1276 1275 1260
3 1276 1262 1275
3 1277 1261 1262
3 1277 1212 1261
3 1277 1262 1276
3 1277 1160 1212
3 1277 1276 1160
3 1278 1189 1158
3 1278 1187 1189
3 1278 1158 1191
3 1278 1268 1187
3 1278 1191 1268
3 1279 1270 1249
3 1279 1249 1251
3 1279 1147 1200
3 1279 1251 1147
3 1279 1200 1270
3 1280 1202 1271
3 1280 1271 1249
3 1280 1248 1159
3 1280 1249 1248
3 1280 1159 1202
3 1290 1291 1292
3 1290 1292 1293
3 1289 1293 1281
3 1289 1290 1293
3 1282 1289 1281
3 1285 1282 1286
3 1283 1285 1284
3 1283 1282 1285
3 1288 1289 1282
3 1287 1282 1283
3 1287 1288 1282
3 1302 1294 1295
3 1307 1306 1308
3 1316 1296 1297
3 1316 1297 1298
3 1316 1298 1299
3 1317 1310 1309
3 1317 1311 1310
3 1318 1299 1300
3 1318 1300 1301
3 1318 1301 1315
3 1318 1319 1316
3 1318 1316 1299
3 1320 1318 1315
3 1320 1321 1319
3 1320 1319 1318
3 1322 1295 1296
3 1322 1302 1295
3 1322 1296 1316
3 1323 1316 1319
3 1323 1322 1316
3 1324 1322 1323
3 1324 1323 1319
3 1324 1302 1322
3 1325 1326 1321
3 1325 1321 1320
3 1325 1320 1315
3 1327 1303 1302
3 1327 1302 1324
3 1327 1324 1319
3 1328 1304 1303
3 1328 1319 1321
3 1328 1303 1327
3 1328 1327 1319
3 1329 1304 1328
3 1329 1321 1326
3 1329 1328 1321
3 1330 1312 1311
3 1330 1313 1312
3 1330 1314 1313
3 1330 1315 1314
3 1330 1317 1326
3 1330 1325 1315
3 1330 1311 1317
3 1330 1326 1325
3 1331 1305 1304
3 1331 1326 1317
3 1331 1304 1329
3 1331 1329 1326
3 1332 1306 1305
3 1332 1309 1308
3 1332 1305 1331
3 1332 1317 1309
3 1332 1308 1306
3 1332 1331 1317
3 1345 1343 1344
3 1346 1341 1342
3 1346 1342 1343
3 1346 1343 1345
3 1340 1334 1333
3 1340 1333 1341
3 1340 1346 1347
3 1340 1347 1348
3 1340 1341 1346
3 1335 1334 1340
3 1337 1336 1335
3 1339 1338 1337
3 1339 1335 1340
3 1339 1337 1335
3 1376 1363 1364
3 1376 1364 1365
3 1376 1365 1366
3 1376 1366 1367
3 1376 1367 1368
3 1376 1368 1369
3 1376 1369 1370
3 1376 1370 1371
3 1376 1371 1372
3 1376 1372 1373
3 1376 1373 1374
3 1376 1374 1375
3 1362 1363 1376
3 1349 1356 1357
3 1349 1357 1358
3 1349 1358 1359
3 1349 1359 1360
3 1349 1360 1361
3 1349 1361 1362
3 1349 1362 1376
3 1354 1355 1356
3 1354 1356 1349
3 1351 1349 1350
3 1353 1354 1349
3 1352 1349 1351
3 1352 1353 1349
3 1402 1390 1401
3 1402 1404 1403
3 1402 1405 1404
3 1402 1403 1390
3 1402 1406 1405
3 1407 1406 1402
3 1408 1406 1407
3 1409 1411 1410
3 1409 1410 1406
3 1409 1406 1408
3 1409 1408 1412
3 1413 1411 1409
3 1414 1415 1411
3 1414 1411 1413
3 1416 1415 1414
3 1417 1418 1415
3 1417 1415 1416
3 1419 1420 1418
3 1419 1418 1417
3 1421 1420 1419
3 1422 1420 1421
3 1423 1420 1422
3 1424 1420 1423
3 1425 1402 1401
3 1426 1393 1392
3 1426 1427 1393
3 1428 1430 1429
3 1428 1429 1431
3 1432 1430 1428
3 1433 1434 1430
3 1433 1430 1432
3 1435 1436 1434
3 1435 1434 1433
3 1437 1439 1438
3 1437 1438 1440
3 1441 1436 1435
3 1442 1443 1439
3 1442 1431 1443
3 1442 1439 1437
3 1444 1445 1436
3 1444 1436 1441
3 1446 1445 1444
3 1447 1428 1431
3 1447 1431 1442
3 1448 1432 1428
3 1448 1433 1432
3 1448 1428 1447
3 1449 1435 1433
3 1449 1433 1448
3 1449 1441 1435
3 1450 1441 1449
3 1450 1444 1441
3 1450 1446 1444
3 1451 1446 1450
3 1451 1391 1377
3 1451 1452 1391
3 1451 1424 1452
3 1451 1377 1445
3 1451 1445 1446
3 1453 1424 1451
3 1453 1420 1424
3 1454 1452 1424
3 1455 1452 1454
3 1456 1457 1425
3 1456 1425 1401
3 1458 1459 1456
3 1458 1460 1459
3 1458 1461 1460
3 1458 1462 1461
3 1463 1465 1464
3 1463 1464 1462
3 1463 1462 1458
3 1466 1465 1463
3 1466 1467 1465
3 1468 1467 1466
3 1469 1394 1393
3 1469 1395 1394
3 1469 1393 1427
3 1470 1386 1387
3 1470 1387 1388
3 1470 1388 1389
3 1470 1389 1390
3 1471 1386 1470
3 1472 1386 1471
3 1473 1471 1470
3 1473 1472 1471
3 1473 1474 1472
3 1475 1474 1473
3 1476 1474 1475
3 1477 1474 1476
3 1478 1470 1390
3 1478 1473 1470
3 1478 1475 1473
3 1478 1476 1475
3 1478 1477 1476
3 1479 1437 1440
3 1479 1390 1403
3 1479 1478 1390
3 1480 1447 1442
3 1480 1448 1447
3 1481 1448 1480
3 1482 1448 1481
3 1482 1450 1449
3 1482 1449 1448
3 1483 1481 1480
3 1484 1482 1481
3 1484 1450 1482
3 1484 1451 1450
3 1485 1481 1483
3 1486 1481 1485
3 1486 1484 1481
3 1487 1453 1451
3 1487 1451 1484
3 1487 1484 1486
3 1488 1489 1411
3 1488 1491 1490
3 1488 1411 1415
3 1488 1490 1489
3 1492 1420 1453
3 1493 1420 1492
3 1493 1491 1488
3 1493 1418 1420
3 1493 1488 1415
3 1493 1492 1491
3 1493 1415 1418
3 1494 1409 1412
3 1494 1407 1402
3 1494 1408 1407
3 1494 1412 1408
3 1494 1413 1409
3 1495 1413 1494
3 1496 1413 1495
3 1496 1414 1413
3 1497 1414 1496
3 1498 1414 1497
3 1498 1416 1414
3 1499 1417 1416
3 1499 1419 1417
3 1499 1416 1498
3 1500 1495 1494
3 1500 1496 1495
3 1500 1497 1496
3 1501 1498 1497
3 1501 1497 1500
3 1502 1498 1501
3 1503 1499 1498
3 1503 1498 1502
3 1504 1499 1503
3 1505 1500 1494
3 1505 1494 1402
3 1505 1501 1500
3 1505 1502 1501
3 1505 1503 1502
3 1506 1499 1504
3 1507 1454 1506
3 1507 1504 1503
3 1507 1503 1505
3 1507 1506 1504
3 1508 1505 1402
3 1508 1402 1425
3 1509 1508 1425
3 1510 1512 1511
3 1510 1425 1512
3 1510 1509 1425
3 1513 1510 1511
3 1513 1514 1509
3 1513 1509 1510
3 1515 1511 1512
3 1515 1512 1425
3 1515 1425 1457
3 1516 1518 1517
3 1516 1452 1518
3 1519 1452 1516
3 1520 1458 1456
3 1520 1456 1401
3 1521 1452 1519
3 1521 1391 1452
3 1521 1467 1468
3 1522 1520 1401
3 1523 1520 1522
3 1524 1522 1401
3 1524 1400 1399
3 1524 1401 1400
3 1524 1523 1522
3 1525 1521 1468
3 1526 1391 1521
3 1526 1521 1525
3 1527 1391 1526
3 1528 1392 1391
3 1528 1426 1392
3 1528 1391 1527
3 1528 1427 1426
3 1529 1383 1384
3 1529 1384 1385
3 1530 1385 1386
3 1530 1386 1472
3 1530 1529 1385
3 1530 1472 1474
3 1531 1382 1383
3 1531 1383 1529
3 1532 1529 1530
3 1532 1531 1529
3 1533 1530 1474
3 1534 1532 1530
3 1534 1530 1533
3 1535 1381 1382
3 1535 1382 1531
3 1535 1531 1532
3 1536 1532 1534
3 1536 1535 1532
3 1537 1477 1478
3 1537 1478 1538
3 1539 1537 1538
3 1540 1541 1429
3 1540 1542 1537
3 1540 1539 1541
3 1540 1543 1542
3 1540 1537 1539
3 1540 1544 1543
3 1545 1429 1430
3 1545 1540 1429
3 1545 1544 1540
3 1546 1478 1479
3 1546 1429 1541
3 1546 1438 1439
3 1546 1431 1429
3 1546 1440 1438
3 1546 1439 1443
3 1546 1443 1431
3 1546 1539 1538
3 1546 1541 1539
3 1546 1479 1440
3 1546 1538 1478
3 1547 1479 1403
3 1547 1437 1479
3 1548 1549 1547
3 1548 1547 1550
3 1551 1548 1550
3 1551 1547 1403
3 1551 1403 1404
3 1551 1404 1405
3 1551 1550 1547
3 1552 1485 1483
3 1552 1486 1485
3 1552 1453 1487
3 1552 1487 1486
3 1553 1548 1551
3 1553 1490 1549
3 1553 1489 1490
3 1553 1549 1548
3 1554 1453 1552
3 1554 1552 1549
3 1555 1551 1405
3 1555 1406 1410
3 1555 1405 1406
3 1556 1453 1554
3 1556 1554 1549
3 1556 1490 1491
3 1556 1491 1492
3 1556 1492 1453
3 1556 1549 1490
3 1557 1551 1555
3 1557 1553 1551
3 1558 1489 1553
3 1558 1555 1410
3 1558 1411 1489
3 1558 1557 1555
3 1558 1410 1411
3 1558 1553 1557
3 1559 1422 1421
3 1559 1421 1419
3 1559 1423 1422
3 1559 1454 1424
3 1559 1424 1423
3 1559 1506 1454
3 1559 1419 1499
3 1559 1499 1506
3 1560 1454 1507
3 1560 1507 1505
3 1560 1505 1508
3 1561 1560 1508
3 1562 1455 1454
3 1562 1560 1561
3 1562 1454 1560
3 1563 1561 1508
3 1563 1562 1561
3 1563 1455 1562
3 1564 1563 1508
3 1564 1455 1563
3 1564 1509 1514
3 1564 1508 1509
3 1565 1514 1513
3 1565 1452 1455
3 1565 1564 1514
3 1565 1455 1564
3 1566 1513 1511
3 1566 1565 1513
3 1566 1511 1517
3 1567 1452 1565
3 1567 1565 1566
3 1568 1452 1567
3 1568 1567 1566
3 1569 1517 1518
3 1569 1518 1452
3 1569 1566 1517
3 1569 1452 1568
3 1569 1568 1566
3 1570 1517 1511
3 1570 1516 1517
3 1570 1511 1515
3 1571 1519 1516
3 1571 1516 1570
3 1572 1519 1571
3 1572 1570 1515
3 1572 1571 1570
3 1573 1519 1572
3 1573 1572 1515
3 1574 1519 1573
3 1575 1576 1519
3 1575 1519 1574
3 1577 1519 1576
3 1577 1521 1519
3 1578 1467 1521
3 1578 1465 1467
3 1578 1464 1465
3 1578 1521 1577
3 1579 1458 1520
3 1579 1463 1458
3 1580 1579 1520
3 1580 1463 1579
3 1581 1520 1523
3 1581 1523 1582
3 1581 1580 1520
3 1583 1525 1468
3 1584 1526 1525
3 1584 1525 1583
3 1584 1583 1585
3 1586 1584 1585
3 1586 1585 1587
3 1588 1586 1587
3 1589 1584 1586
3 1589 1586 1588
3 1589 1527 1526
3 1589 1526 1584
3 1590 1589 1588
3 1590 1527 1589
3 1590 1588 1591
3 1590 1528 1527
3 1592 1396 1395
3 1592 1395 1469
3 1593 1594 1592
3 1593 1592 1469
3 1593 1427 1528
3 1593 1469 1427
3 1595 1533 1474
3 1595 1534 1533
3 1595 1536 1534
3 1595 1596 1536
3 1595 1474 1477
3 1597 1379 1380
3 1597 1380 1381
3 1598 1597 1381
3 1598 1381 1535
3 1599 1595 1477
3 1599 1596 1595
3 1600 1598 1535
3 1600 1535 1536
3 1600 1536 1596
3 1601 1599 1477
3 1601 1596 1599
3 1601 1477 1537
3 1601 1537 1542
3 1601 1542 1543
3 1601 1544 1596
3 1601 1543 1544
3 1602 1597 1598
3 1602 1379 1597
3 1602 1598 1600
3 1603 1600 1596
3 1603 1602 1600
3 1604 1602 1603
3 1605 1377 1378
3 1605 1378 1379
3 1605 1379 1602
3 1606 1602 1604
3 1606 1605 1602
3 1607 1377 1605
3 1607 1445 1377
3 1607 1605 1606
3 1608 1596 1544
3 1608 1544 1545
3 1609 1596 1608
3 1610 1545 1430
3 1610 1430 1434
3 1610 1608 1545
3 1611 1434 1436
3 1611 1445 1607
3 1611 1436 1445
3 1611 1609 1608
3 1611 1607 1612
3 1611 1612 1609
3 1611 1608 1610
3 1611 1610 1434
3 1613 1547 1549
3 1613 1549 1552
3 1613 1437 1547
3 1613 1552 1483
3 1613 1442 1437
3 1613 1480 1442
3 1613 1483 1480
3 1614 1574 1573
3 1614 1615 1576
3 1614 1573 1515
3 1614 1515 1457
3 1614 1576 1575
3 1614 1575 1574
3 1614 1457 1615
3 1616 1576 1615
3 1616 1577 1576
3 1617 1461 1462
3 1617 1462 1464
3 1617 1464 1578
3 1617 1578 1577
3 1617 1577 1616
3 1618 1466 1463
3 1618 1468 1466
3 1618 1463 1580
3 1618 1580 1581
3 1618 1583 1468
3 1619 1618 1581
3 1620 1619 1581
3 1621 1583 1618
3 1621 1618 1619
3 1621 1619 1620
3 1621 1585 1583
3 1622 1585 1621
3 1622 1587 1585
3 1622 1582 1587
3 1622 1581 1582
3 1622 1621 1620
3 1622 1620 1581
3 1623 1624 1591
3 1623 1591 1588
3 1623 1588 1587
3 1623 1587 1582
3 1625 1624 1623
3 1625 1594 1624
3 1625 1397 1396
3 1625 1396 1592
3 1625 1592 1594
3 1626 1591 1624
3 1626 1594 1593
3 1626 1590 1591
3 1626 1528 1590
3 1626 1624 1594
3 1626 1593 1528
3 1627 1603 1596
3 1627 1604 1603
3 1627 1606 1604
3 1627 1596 1609
3 1627 1612 1607
3 1627 1609 1612
3 1627 1607 1606
3 1628 1460 1461
3 1628 1616 1615
3 1628 1615 1457
3 1628 1617 1616
3 1628 1461 1617
3 1629 1623 1582
3 1629 1582 1523
3 1630 1629 1523
3 1630 1523 1524
3 1631 1630 1524
3 1632 1623 1629
3 1632 1629 1630
3 1632 1630 1631
3 1632 1625 1623
3 1633 1397 1625
3 1633 1398 1397
3 1633 1399 1398
3 1633 1524 1399
3 1633 1631 1524
3 1633 1625 1632
3 1633 1632 1631
3 1634 1457 1456
3 1634 1460 1628
3 1634 1456 1459
3 1634 1459 1460
3 1634 1628 1457
3 1657 1639 1640
3 1657 1640 1641
3 1658 1641 1642
3 1658 1657 1641
3 1659 1642 1643
3 1659 1643 1644
3 1659 1658 1642
3 1660 1661 1662
3 1663 1660 1662
3 1664 1645 1646
3 1664 1663 1662
3 1665 1661 1660
3 1666 1655 1656
3 1667 1655 1666
3 1668 1656 1635
3 1668 1661 1665
3 1668 1665 1656
3 1669 1644 1645
3 1669 1659 1644
3 1669 1658 1659
3 1670 1664 1662
3 1670 1669 1645
3 1670 1645 1664
3 1671 1665 1660
3 1671 1660 1663
3 1671 1663 1664
3 1672 1671 1664
3 1672 1664 1646
3 1673 1656 1665
3 1674 1672 1646
3 1675 1676 1673
3 1677 1656 1673
3 1677 1673 1676
3 1678 1679 1646
3 1680 1678 1646
3 1681 1656 1682
3 1681 1666 1656
3 1683 1666 1681
3 1683 1684 1666
3 1683 1685 1684
3 1683 1686 1685
3 1687 1646 1647
3 1687 1680 1646
3 1687 1688 1680
3 1689 1687 1647
3 1690 1689 1647
3 1690 1691 1689
3 1692 1638 1639
3 1692 1639 1657
3 1693 1657 1658
3 1693 1692 1657
3 1694 1692 1693
3 1695 1658 1669
3 1695 1693 1658
3 1695 1694 1693
3 1696 1668 1697
3 1698 1669 1670
3 1699 1668 1696
3 1699 1696 1698
3 1699 1698 1670
3 1700 1670 1662
3 1700 1662 1661
3 1700 1661 1668
3 1700 1699 1670
3 1700 1668 1699
3 1701 1671 1672
3 1701 1665 1671
3 1702 1672 1674
3 1702 1673 1665
3 1702 1701 1672
3 1702 1665 1701
3 1703 1673 1702
3 1703 1702 1674
3 1704 1675 1673
3 1704 1674 1675
3 1704 1673 1703
3 1704 1703 1674
3 1705 1676 1675
3 1705 1674 1646
3 1705 1675 1674
3 1705 1646 1679
3 1705 1679 1676
3 1706 1707 1682
3 1706 1682 1656
3 1706 1656 1677
3 1708 1707 1709
3 1708 1682 1707
3 1710 1709 1678
3 1710 1678 1680
3 1711 1708 1709
3 1711 1710 1680
3 1711 1709 1710
3 1712 1682 1708
3 1712 1708 1711
3 1712 1711 1680
3 1713 1682 1712
3 1713 1681 1682
3 1714 1712 1680
3 1714 1713 1712
3 1714 1681 1713
3 1715 1714 1680
3 1715 1681 1714
3 1715 1680 1688
3 1716 1681 1715
3 1716 1715 1688
3 1716 1683 1681
3 1716 1688 1683
3 1717 1686 1683
3 1717 1688 1687
3 1717 1687 1718
3 1717 1683 1688
3 1719 1720 1718
3 1719 1667 1721
3 1719 1721 1722
3 1719 1722 1720
3 1723 1724 1719
3 1723 1718 1687
3 1723 1719 1718
3 1723 1689 1691
3 1723 1687 1689
3 1725 1655 1667
3 1725 1719 1724
3 1725 1667 1719
3 1726 1727 1725
3 1728 1652 1653
3 1728 1653 1654
3 1728 1654 1655
3 1728 1725 1727
3 1728 1655 1725
3 1729 1728 1727
3 1729 1652 1728
3 1729 1727 1726
3 1730 1731 1726
3 1730 1691 1690
3 1732 1726 1731
3 1732 1729 1726
3 1733 1651 1652
3 1733 1652 1729
3 1733 1729 1732
3 1734 1731 1730
3 1734 1732 1731
3 1735 1734 1730
3 1735 1730 1690
3 1736 1650 1651
3 1736 1651 1733
3 1736 1733 1732
3 1736 1732 1734
3 1736 1734 1735
3 1737 1635 1636
3 1737 1636 1637
3 1737 1637 1638
3 1737 1668 1635
3 1737 1638 1692
3 1737 1697 1668
3 1737 1692 1694
3 1737 1694 1697
3 1738 1695 1669
3 1738 1694 1695
3 1738 1697 1694
3 1738 1669 1698
3 1738 1696 1697
3 1738 1698 1696
3 1739 1707 1706
3 1739 1677 1676
3 1739 1706 1677
3 1740 1666 1684
3 1740 1684 1685
3 1740 1685 1686
3 1741 1686 1717
3 1741 1740 1686
3 1742 1740 1741
3 1742 1666 1740
3 1742 1667 1666
3 1742 1741 1717
3 1743 1667 1742
3 1743 1718 1720
3 1743 1721 1667
3 1743 1717 1718
3 1743 1722 1721
3 1743 1742 1717
3 1743 1720 1722
3 1744 1724 1723
3 1744 1726 1725
3 1744 1691 1730
3 1744 1723 1691
3 1744 1725 1724
3 1744 1730 1726
3 1745 1647 1648
3 1745 1648 1649
3 1745 1649 1650
3 1745 1735 1690
3 1745 1736 1735
3 1745 1690 1647
3 1745 1650 1736
3 1746 1707 1739
3 1746 1678 1709
3 1746 1709 1707
3 1746 1679 1678
3 1746 1676 1679
3 1746 1739 1676
3 1748 1764 1763
3 1748 1765 1764
3 1748 1766 1765
3 1748 1767 1766
3 1748 1768 1767
3 1762 1748 1763
3 1761 1748 1762
3 1760 1748 1761
3 1759 1748 1760
3 1758 1748 1759
3 1747 1748 1758
3 1753 1747 1758
3 1752 1753 1758
3 1755 1758 1754
3 1751 1758 1755
3 1751 1752 1758
3 1756 1751 1755
3 1750 1751 1756
3 1757 1750 1756
3 1749 1750 1757
3 1769 1778 1777
3 1769 1779 1778
3 1769 1770 1779
3 1773 1776 1772
3 1774 1777 1776
3 1774 1776 1773
3 1775 1769 1777
3 1775 1777 1774
3 1771 1769 1775
3 1816 1790 1789
3 1816 1791 1790
3 1817 1816 1789
3 1818 1789 1788
3 1818 1817 1789
3 1819 1788 1787
3 1819 1818 1788
3 1820 1786 1800
3 1821 1822 1823
3 1821 1824 1822
3 1825 1821 1823
3 1825 1826 1820
3 1825 1827 1826
3 1825 1823 1827
3 1828 1785 1784
3 1829 1803 1804
3 1830 1785 1828
3 1830 1810 1811
3 1830 1811 1812
3 1830 1812 1813
3 1830 1813 1814
3 1830 1814 1815
3 1830 1815 1785
3 1831 1809 1810
3 1831 1828 1832
3 1831 1830 1828
3 1831 1810 1830
3 1833 1808 1809
3 1833 1831 1832
3 1833 1832 1834
3 1833 1809 1831
3 1835 1833 1834
3 1835 1834 1836
3 1835 1808 1833
3 1835 1836 1837
3 1838 1808 1835
3 1838 1835 1837
3 1838 1807 1808
3 1838 1837 1839
3 1840 1807 1838
3 1840 1838 1839
3 1840 1806 1807
3 1840 1839 1841
3 1842 1806 1840
3 1842 1840 1841
3 1842 1804 1805
3 1842 1805 1806
3 1842 1829 1804
3 1842 1841 1829
3 1843 1799 1798
3 1843 1780 1799
3 1844 1798 1797
3 1844 1843 1798
3 1845 1797 1796
3 1845 1844 1797
3 1846 1843 1844
3 1847 1796 1795
3 1847 1845 1796
3 1848 1846 1844
3 1849 1795 1794
3 1849 1847 1795
3 1850 1794 1793
3 1850 1849 1794
3 1851 1792 1791
3 1851 1793 1792
3 1851 1850 1793
3 1852 1848 1844
3 1852 1844 1845
3 1853 1852 1845
3 1854 1853 1845
3 1855 1854 1845
3 1856 1855 1845
3 1856 1845 1847
3 1857 1856 1847
3 1858 1857 1847
3 1858 1847 1849
3 1859 1849 1850
3 1859 1858 1849
3 1860 1859 1850
3 1861 1850 1851
3 1861 1860 1850
3 1862 1861 1851
3 1863 1864 1848
3 1863 1852 1853
3 1863 1848 1852
3 1863 1865 1866
3 1863 1866 1864
3 1863 1822 1867
3 1863 1867 1865
3 1868 1823 1822
3 1868 1822 1863
3 1868 1853 1854
3 1868 1854 1855
3 1868 1863 1853
3 1869 1855 1856
3 1869 1827 1823
3 1869 1868 1855
3 1869 1823 1868
3 1870 1827 1869
3 1870 1856 1857
3 1870 1826 1827
3 1870 1857 1858
3 1870 1869 1856
3 1871 1826 1870
3 1871 1820 1826
3 1871 1858 1859
3 1871 1859 1860
3 1871 1860 1861
3 1871 1862 1820
3 1871 1861 1862
3 1871 1870 1858
3 1872 1780 1843
3 1872 1843 1846
3 1873 1848 1864
3 1873 1846 1848
3 1873 1872 1846
3 1874 1781 1780
3 1874 1780 1872
3 1875 1876 1877
3 1875 1878 1876
3 1879 1824 1821
3 1879 1880 1881
3 1879 1881 1824
3 1879 1821 1825
3 1882 1781 1874
3 1883 1884 1885
3 1886 1883 1885
3 1887 1886 1885
3 1888 1879 1825
3 1888 1887 1885
3 1888 1825 1820
3 1888 1885 1879
3 1888 1820 1800
3 1889 1781 1882
3 1889 1882 1890
3 1889 1890 1891
3 1892 1891 1893
3 1894 1893 1800
3 1894 1892 1893
3 1895 1800 1801
3 1895 1894 1800
3 1895 1896 1894
3 1897 1782 1781
3 1897 1781 1898
3 1899 1895 1801
3 1900 1782 1897
3 1900 1897 1901
3 1902 1903 1904
3 1902 1782 1900
3 1902 1900 1903
3 1905 1906 1801
3 1907 1905 1801
3 1908 1782 1909
3 1910 1907 1801
3 1910 1911 1907
3 1910 1801 1802
3 1912 1783 1782
3 1912 1782 1908
3 1913 1910 1802
3 1914 1783 1912
3 1914 1912 1915
3 1916 1913 1802
3 1917 1783 1914
3 1918 1916 1802
3 1919 1920 1917
3 1921 1783 1917
3 1921 1917 1920
3 1922 1921 1920
3 1923 1921 1922
3 1923 1783 1921
3 1924 1783 1923
3 1925 1923 1922
3 1925 1922 1926
3 1925 1926 1927
3 1925 1924 1923
3 1928 1922 1920
3 1928 1802 1926
3 1928 1926 1922
3 1928 1929 1802
3 1928 1920 1929
3 1930 1784 1783
3 1930 1931 1784
3 1930 1783 1924
3 1930 1927 1931
3 1930 1925 1927
3 1930 1924 1925
3 1932 1802 1803
3 1932 1926 1802
3 1932 1927 1926
3 1933 1931 1927
3 1933 1927 1932
3 1934 1784 1931
3 1935 1932 1803
3 1935 1933 1932
3 1936 1934 1937
3 1936 1784 1934
3 1938 1935 1803
3 1938 1933 1935
3 1939 1933 1938
3 1939 1937 1934
3 1939 1931 1933
3 1939 1934 1931
3 1940 1936 1937
3 1941 1936 1940
3 1941 1784 1936
3 1941 1940 1829
3 1942 1828 1784
3 1943 1939 1938
3 1943 1937 1939
3 1943 1938 1803
3 1944 1784 1941
3 1944 1942 1784
3 1945 1937 1943
3 1945 1943 1803
3 1945 1803 1829
3 1945 1829 1940
3 1945 1940 1937
3 1946 1941 1829
3 1946 1944 1941
3 1946 1829 1841
3 1947 1942 1944
3 1947 1944 1946
3 1947 1946 1841
3 1947 1828 1942
3 1947 1832 1828
3 1947 1834 1832
3 1947 1836 1834
3 1947 1837 1836
3 1947 1839 1837
3 1947 1841 1839
3 1948 1819 1787
3 1948 1817 1818
3 1948 1787 1786
3 1948 1851 1791
3 1948 1786 1820
3 1948 1791 1816
3 1948 1816 1817
3 1948 1820 1862
3 1948 1862 1851
3 1948 1818 1819
3 1949 1873 1864
3 1949 1872 1873
3 1950 1878 1951
3 1950 1949 1864
3 1950 1866 1865
3 1950 1951 1949
3 1950 1864 1866
3 1952 1874 1872
3 1952 1872 1949
3 1952 1951 1878
3 1952 1949 1951
3 1953 1874 1952
3 1954 1875 1955
3 1954 1878 1875
3 1954 1952 1878
3 1954 1953 1952
3 1956 1954 1955
3 1956 1953 1954
3 1956 1874 1953
3 1957 1874 1956
3 1957 1956 1955
3 1958 1880 1879
3 1958 1885 1884
3 1958 1959 1880
3 1958 1875 1877
3 1958 1879 1885
3 1958 1877 1959
3 1960 1955 1875
3 1960 1875 1958
3 1960 1958 1884
3 1960 1961 1957
3 1960 1957 1955
3 1962 1960 1884
3 1962 1961 1960
3 1963 1961 1962
3 1964 1962 1884
3 1964 1884 1965
3 1964 1963 1962
3 1966 1961 1963
3 1967 1966 1963
3 1967 1965 1968
3 1967 1964 1965
3 1967 1963 1964
3 1967 1968 1969
3 1967 1969 1966
3 1970 1969 1968
3 1971 1890 1882
3 1971 1882 1969
3 1971 1969 1970
3 1972 1970 1968
3 1972 1971 1970
3 1973 1886 1887
3 1973 1965 1884
3 1973 1884 1883
3 1973 1883 1886
3 1973 1887 1888
3 1973 1888 1800
3 1974 1891 1890
3 1974 1890 1971
3 1974 1971 1972
3 1975 1965 1973
3 1975 1968 1965
3 1976 1975 1973
3 1976 1973 1800
3 1977 1975 1976
3 1977 1976 1800
3 1978 1781 1889
3 1979 1977 1800
3 1979 1975 1977
3 1979 1800 1893
3 1979 1968 1975
3 1980 1781 1978
3 1981 1781 1980
3 1982 1981 1980
3 1982 1983 1984
3 1985 1891 1892
3 1986 1781 1981
3 1986 1982 1984
3 1986 1981 1982
3 1986 1898 1781
3 1986 1984 1987
3 1986 1987 1898
3 1988 1985 1892
3 1988 1892 1894
3 1988 1989 1985
3 1990 1983 1989
3 1991 1988 1894
3 1991 1989 1988
3 1991 1990 1989
3 1992 1991 1894
3 1992 1990 1991
3 1993 1992 1894
3 1993 1894 1896
3 1994 1993 1896
3 1995 1984 1994
3 1995 1987 1984
3 1995 1996 1987
3 1997 1995 1994
3 1997 1996 1995
3 1997 1994 1896
3 1998 1996 1997
3 1999 1997 1896
3 1999 2000 1998
3 1999 1998 1997
3 2001 2000 1999
3 2002 1898 2003
3 2002 1897 1898
3 2004 2005 2001
3 2006 1897 2002
3 2007 1895 1899
3 2007 2004 1895
3 2007 2005 2004
3 2007 2008 2005
3 2007 1899 2009
3 2010 2006 2002
3 2010 2002 2008
3 2011 2006 2010
3 2012 2013 2011
3 2014 2013 2012
3 2014 2015 2016
3 2017 2013 2014
3 2017 2014 2016
3 2017 1901 2013
3 2018 2016 2015
3 2018 2015 2019
3 2018 2017 2016
3 2020 2018 2019
3 2020 1901 2017
3 2020 2017 2018
3 2021 1900 1901
3 2021 1901 2020
3 2022 1900 2021
3 2023 1900 2022
3 2023 2022 2024
3 2025 1903 1900
3 2025 1900 2023
3 2026 2023 2024
3 2026 2025 2023
3 2026 1903 2025
3 2026 1904 1903
3 2026 2024 2027
3 2028 1899 1801
3 2028 2015 1899
3 2028 2019 2015
3 2029 2027 2019
3 2029 2019 2028
3 2030 2028 1801
3 2030 2029 2028
3 2031 2030 1801
3 2031 2029 2030
3 2031 2027 2029
3 2032 2027 2031
3 2032 2031 1801
3 2032 1801 1906
3 2033 1782 1902
3 2034 1904 1906
3 2034 1906 1905
3 2034 1902 1904
3 2035 1782 2033
3 2036 2033 1902
3 2036 1902 2034
3 2036 2034 1905
3 2037 1909 1782
3 2037 1782 2035
3 2037 2038 1909
3 2039 2036 1905
3 2039 2035 2033
3 2039 2040 2035
3 2039 2033 2036
3 2041 2040 2038
3 2041 2038 2037
3 2041 2035 2040
3 2041 2037 2035
3 2042 2040 2039
3 2042 2039 1905
3 2043 2042 1905
3 2043 1905 1907
3 2044 2042 2043
3 2044 2040 2042
3 2044 2043 1907
3 2045 2038 2040
3 2045 2040 2044
3 2046 2038 2045
3 2046 2044 1907
3 2046 2045 2044
3 2047 1907 1911
3 2047 2038 2046
3 2047 2046 1907
3 2048 2047 1911
3 2048 1911 2049
3 2048 2049 1909
3 2048 1909 2038
3 2048 2038 2047
3 2050 1908 1909
3 2050 2049 1911
3 2050 1909 2049
3 2051 1908 2050
3 2051 2050 1911
3 2052 2053 1908
3 2052 1908 2051
3 2054 2051 1911
3 2054 2052 2051
3 2055 1911 1910
3 2055 2054 1911
3 2056 2053 2052
3 2056 2052 2054
3 2056 2055 1910
3 2056 2054 2055
3 2057 2053 2056
3 2058 1908 2053
3 2058 2057 2059
3 2058 1912 1908
3 2058 2053 2057
3 2060 2059 2057
3 2060 2056 1910
3 2060 2057 2056
3 2061 2058 2059
3 2061 1912 2058
3 2062 2060 1910
3 2062 2059 2060
3 2062 1913 2063
3 2062 1910 1913
3 2064 2059 2062
3 2064 2062 2063
3 2064 2061 2059
3 2065 1912 2061
3 2065 2064 2063
3 2065 2061 2064
3 2066 1912 2065
3 2066 1915 1912
3 2067 2065 2063
3 2067 1915 2066
3 2067 2066 2065
3 2068 2067 2063
3 2068 2063 1913
3 2069 2067 2068
3 2069 2068 1913
3 2069 1915 2067
3 2070 2069 1913
3 2070 1915 2069
3 2070 2071 1915
3 2070 1916 2071
3 2070 1913 1916
3 2072 1915 2071
3 2072 1914 1915
3 2073 1914 2072
3 2074 2073 2072
3 2074 2072 2071
3 2074 2071 1916
3 2074 1916 1918
3 2075 1914 2073
3 2075 2073 2074
3 2075 2074 1918
3 2076 1914 2075
3 2077 1914 2076
3 2077 2076 1919
3 2077 1917 1914
3 2077 1919 1917
3 2078 2075 1918
3 2078 2076 2075
3 2078 1919 2076
3 2078 1918 1919
3 2079 1918 1802
3 2079 1919 1918
3 2079 1920 1919
3 2079 1802 1929
3 2079 1929 1920
3 2080 1877 1876
3 2080 1878 1950
3 2080 1880 1959
3 2080 1881 1880
3 2080 1822 1824
3 2080 1824 1881
3 2080 1950 1865
3 2080 1959 1877
3 2080 1867 1822
3 2080 1865 1867
3 2080 1876 1878
3 2081 1882 1874
3 2081 1957 1961
3 2081 1874 1957
3 2081 1961 1966
3 2081 1969 1882
3 2081 1966 1969
3 2082 1979 1893
3 2082 1968 1979
3 2082 1893 1891
3 2082 1972 1968
3 2082 1891 1974
3 2082 1974 1972
3 2083 1978 1889
3 2084 1891 1985
3 2084 1889 1891
3 2084 2083 1889
3 2085 2083 2084
3 2085 2084 1985
3 2086 1980 1978
3 2086 1982 1980
3 2086 1983 1982
3 2086 2083 2085
3 2086 1978 2083
3 2086 1989 1983
3 2086 1985 1989
3 2086 2085 1985
3 2087 1992 1993
3 2087 1990 1992
3 2087 1983 1990
3 2087 1993 1994
3 2087 1994 1984
3 2087 1984 1983
3 2088 1987 1996
3 2088 1898 1987
3 2088 1996 1998
3 2089 2088 1998
3 2089 1998 2000
3 2090 2088 2089
3 2090 2003 1898
3 2090 1898 2088
3 2091 2000 2001
3 2091 2001 2005
3 2091 2005 2008
3 2091 2002 2003
3 2091 2008 2002
3 2091 2089 2000
3 2091 2090 2089
3 2091 2003 2090
3 2092 2004 2001
3 2092 1895 2004
3 2092 1999 1896
3 2092 2001 1999
3 2092 1896 1895
3 2093 1901 1897
3 2093 2006 2011
3 2093 1897 2006
3 2093 2013 1901
3 2093 2011 2013
3 2094 2008 2007
3 2094 2007 2009
3 2094 2010 2008
3 2094 2011 2010
3 2094 2012 2011
3 2095 2094 2009
3 2095 2009 1899
3 2096 2014 2012
3 2096 2094 2095
3 2096 2015 2014
3 2096 2012 2094
3 2097 2096 2095
3 2097 2015 2096
3 2097 2095 1899
3 2097 1899 2015
3 2098 2019 2027
3 2098 2021 2020
3 2098 2022 2021
3 2098 2024 2022
3 2098 2020 2019
3 2098 2027 2024
3 2099 1906 1904
3 2099 2026 2027
3 2099 1904 2026
3 2099 2032 1906
3 2099 2027 2032
3 2118 2115 2114
3 2118 2116 2115
3 2118 2117 2116
3 2101 2123 2122
3 2101 2124 2123
3 2101 2100 2124
3 2102 2101 2122
3 2125 2113 2112
3 2125 2114 2113
3 2125 2119 2118
3 2125 2118 2114
3 2126 2109 2108
3 2126 2110 2109
3 2126 2111 2110
3 2126 2112 2111
3 2126 2125 2112
3 2127 2121 2120
3 2127 2122 2121
3 2127 2102 2122
3 2128 2103 2102
3 2128 2104 2103
3 2128 2102 2127
3 2129 2120 2119
3 2129 2125 2126
3 2129 2119 2125
3 2129 2127 2120
3 2129 2128 2127
3 2130 2128 2129
3 2130 2129 2126
3 2131 2128 2130
3 2132 2106 2105
3 2132 2107 2106
3 2132 2108 2107
3 2132 2105 2131
3 2132 2131 2130
3 2132 2126 2108
3 2132 2130 2126
3 2133 2105 2104
3 2133 2131 2105
3 2133 2128 2131
3 2133 2104 2128
3 2157 2142 2143
3 2157 2158 2142
3 2157 2159 2158
3 2160 2146 2156
3 2161 2147 2146
3 2161 2148 2147
3 2161 2149 2148
3 2161 2146 2160
3 2161 2160 2162
3 2163 2144 2145
3 2164 2152 2151
3 2164 2153 2152
3 2164 2154 2153
3 2164 2145 2154
3 2164 2163 2145
3 2165 2134 2135
3 2165 2135 2136
3 2165 2136 2137
3 2166 2167 2165
3 2168 2134 2165
3 2168 2165 2167
3 2169 2168 2167
3 2169 2166 2158
3 2169 2167 2166
3 2170 2155 2134
3 2170 2134 2168
3 2171 2155 2170
3 2171 2170 2172
3 2173 2157 2143
3 2174 2155 2171
3 2175 2173 2143
3 2176 2175 2143
3 2176 2177 2174
3 2178 2155 2174
3 2178 2174 2177
3 2179 2178 2177
3 2180 2178 2179
3 2180 2155 2178
3 2181 2176 2143
3 2181 2177 2176
3 2182 2156 2155
3 2182 2155 2180
3 2182 2183 2184
3 2182 2184 2156
3 2185 2177 2181
3 2185 2143 2186
3 2185 2181 2143
3 2187 2183 2182
3 2187 2186 2183
3 2187 2182 2180
3 2188 2143 2144
3 2188 2186 2143
3 2188 2183 2186
3 2189 2156 2184
3 2190 2191 2188
3 2190 2188 2144
3 2192 2189 2193
3 2192 2156 2189
3 2194 2191 2190
3 2194 2190 2144
3 2195 2192 2193
3 2195 2156 2192
3 2196 2156 2195
3 2197 2193 2198
3 2197 2194 2144
3 2197 2198 2194
3 2199 2156 2196
3 2199 2160 2156
3 2199 2162 2160
3 2199 2200 2162
3 2201 2193 2197
3 2201 2197 2144
3 2202 2201 2144
3 2203 2144 2163
3 2203 2202 2144
3 2203 2204 2200
3 2203 2163 2204
3 2205 2162 2200
3 2205 2200 2204
3 2206 2162 2205
3 2206 2205 2204
3 2207 2161 2162
3 2207 2162 2206
3 2208 2206 2204
3 2208 2161 2207
3 2208 2207 2206
3 2209 2204 2163
3 2209 2163 2164
3 2209 2208 2204
3 2210 2208 2209
3 2210 2150 2149
3 2210 2151 2150
3 2210 2149 2161
3 2210 2164 2151
3 2210 2161 2208
3 2210 2209 2164
3 2211 2137 2138
3 2211 2165 2137
3 2211 2166 2165
3 2212 2138 2139
3 2212 2139 2140
3 2212 2140 2141
3 2212 2141 2142
3 2212 2211 2138
3 2212 2142 2158
3 2213 2166 2211
3 2213 2212 2158
3 2213 2211 2212
3 2213 2158 2166
3 2214 2168 2169
3 2214 2169 2158
3 2214 2158 2159
3 2214 2170 2168
3 2215 2214 2159
3 2215 2170 2214
3 2216 2172 2170
3 2216 2173 2172
3 2216 2157 2173
3 2216 2170 2215
3 2216 2215 2159
3 2216 2159 2157
3 2217 2171 2172
3 2217 2172 2173
3 2218 2171 2217
3 2219 2173 2175
3 2219 2217 2173
3 2219 2218 2217
3 2220 2219 2175
3 2220 2171 2218
3 2220 2218 2219
3 2221 2174 2171
3 2221 2171 2220
3 2222 2175 2176
3 2222 2176 2174
3 2222 2174 2221
3 2222 2220 2175
3 2222 2221 2220
3 2223 2177 2185
3 2223 2180 2179
3 2223 2179 2177
3 2223 2187 2180
3 2223 2185 2186
3 2223 2186 2187
3 2224 2183 2188
3 2224 2191 2184
3 2224 2188 2191
3 2224 2184 2183
3 2225 2184 2191
3 2225 2193 2189
3 2225 2191 2194
3 2225 2198 2193
3 2225 2189 2184
3 2225 2194 2198
3 2226 2195 2193
3 2226 2193 2201
3 2226 2196 2195
3 2227 2196 2226
3 2228 2227 2226
3 2228 2201 2202
3 2228 2226 2201
3 2229 2196 2227
3 2229 2227 2228
3 2229 2228 2202
3 2229 2199 2196
3 2229 2200 2199
3 2229 2202 2203
3 2229 2203 2200
3 2245 2232 2233
3 2245 2233 2234
3 2252 2251 2250
3 2263 2261 2260
3 2264 2259 2258
3 2264 2260 2259
3 2264 2258 2263
3 2264 2263 2260
3 2265 2248 2247
3 2266 2238 2239
3 2267 2268 2266
3 2269 2267 2266
3 2270 2267 2269
3 2270 2254 2253
3 2270 2268 2267
3 2271 2239 2240
3 2271 2266 2239
3 2272 2266 2271
3 2272 2269 2266
3 2273 2269 2272
3 2273 2255 2254
3 2273 2254 2270
3 2273 2270 2269
3 2274 2272 2271
3 2275 2241 2242
3 2276 2255 2273
3 2276 2274 2277
3 2276 2256 2255
3 2276 2257 2256
3 2276 2272 2274
3 2276 2273 2272
3 2278 2275 2279
3 2280 2257 2276
3 2280 2276 2277
3 2281 2279 2282
3 2281 2278 2279
3 2281 2282 2283
3 2284 2279 2275
3 2285 2257 2280
3 2285 2281 2283
3 2285 2258 2257
3 2285 2283 2286
3 2285 2263 2258
3 2285 2286 2263
3 2287 2282 2279
3 2287 2279 2288
3 2287 2283 2282
3 2289 2283 2287
3 2289 2287 2288
3 2290 2231 2230
3 2290 2262 2261
3 2290 2230 2262
3 2290 2283 2289
3 2290 2286 2283
3 2290 2263 2286
3 2290 2261 2263
3 2291 2234 2235
3 2291 2235 2236
3 2291 2246 2245
3 2291 2247 2246
3 2291 2265 2247
3 2291 2245 2234
3 2292 2236 2237
3 2292 2237 2238
3 2292 2265 2291
3 2292 2268 2265
3 2292 2266 2268
3 2292 2291 2236
3 2292 2238 2266
3 2293 2249 2248
3 2293 2250 2249
3 2293 2253 2252
3 2293 2248 2265
3 2293 2270 2253
3 2293 2268 2270
3 2293 2252 2250
3 2293 2265 2268
3 2294 2277 2274
3 2294 2274 2271
3 2294 2271 2240
3 2295 2277 2294
3 2295 2280 2277
3 2295 2294 2240
3 2296 2241 2275
3 2297 2285 2280
3 2297 2280 2295
3 2298 2278 2281
3 2298 2275 2278
3 2298 2296 2275
3 2299 2281 2285
3 2299 2285 2297
3 2299 2298 2281
3 2300 2284 2275
3 2300 2275 2242
3 2301 2279 2284
3 2301 2302 2288
3 2301 2284 2300
3 2301 2288 2279
3 2301 2300 2242
3 2303 2288 2302
3 2303 2302 2304
3 2303 2289 2288
3 2305 2289 2303
3 2306 2290 2289
3 2306 2231 2290
3 2306 2289 2305
3 2307 2240 2241
3 2307 2295 2240
3 2307 2297 2295
3 2307 2299 2297
3 2308 2241 2296
3 2308 2296 2298
3 2308 2298 2299
3 2308 2307 2241
3 2308 2299 2307
3 2309 2302 2301
3 2310 2303 2304
3 2310 2305 2303
3 2311 2305 2310
3 2312 2305 2311
3 2313 2244 2231
3 2313 2305 2312
3 2313 2231 2306
3 2313 2306 2305
3 2314 2304 2302
3 2315 2304 2314
3 2316 2310 2317
3 2316 2317 2318
3 2316 2311 2310
3 2316 2318 2243
3 2319 2311 2316
3 2319 2316 2243
3 2320 2312 2311
3 2320 2311 2319
3 2321 2244 2313
3 2321 2313 2312
3 2322 2309 2301
3 2323 2318 2317
3 2323 2243 2318
3 2324 2319 2243
3 2324 2320 2319
3 2325 2243 2244
3 2325 2312 2320
3 2325 2324 2243
3 2325 2244 2321
3 2325 2321 2312
3 2325 2320 2324
3 2326 2302 2309
3 2326 2309 2322
3 2327 2314 2302
3 2327 2302 2326
3 2328 2317 2310
3 2328 2310 2304
3 2328 2304 2315
3 2329 2322 2301
3 2330 2327 2326
3 2331 2315 2314
3 2331 2332 2315
3 2331 2314 2333
3 2334 2323 2317
3 2334 2332 2323
3 2334 2315 2332
3 2334 2328 2315
3 2334 2317 2328
3 2335 2330 2326
3 2336 2314 2327
3 2336 2337 2314
3 2336 2327 2330
3 2336 2330 2335
3 2338 2337 2336
3 2339 2323 2332
3 2339 2332 2331
3 2340 2329 2301
3 2341 2335 2326
3 2341 2336 2335
3 2342 2338 2336
3 2343 2341 2326
3 2343 2336 2341
3 2344 2342 2336
3 2345 2314 2337
3 2345 2333 2314
3 2345 2337 2346
3 2345 2347 2333
3 2348 2347 2345
3 2349 2347 2348
3 2349 2243 2323
3 2349 2323 2339
3 2349 2331 2333
3 2349 2333 2347
3 2349 2339 2331
3 2350 2242 2243
3 2350 2243 2349
3 2350 2301 2242
3 2350 2340 2301
3 2351 2336 2343
3 2351 2340 2350
3 2351 2329 2340
3 2351 2326 2322
3 2351 2322 2329
3 2351 2350 2349
3 2351 2343 2326
3 2352 2344 2336
3 2352 2336 2351
3 2352 2351 2349
3 2353 2342 2344
3 2353 2344 2352
3 2353 2346 2337
3 2353 2337 2338
3 2353 2338 2342
3 2354 2346 2353
3 2354 2345 2346
3 2354 2348 2345
3 2354 2352 2349
3 2354 2349 2348
3 2354 2353 2352
3 2371 2363 2362
3 2370 2362 2361
3 2370 2371 2362
3 2369 2361 2360
3 2369 2370 2361
3 2368 2360 2359
3 2368 2369 2360
3 2367 2358 2357
3 2367 2359 2358
3 2367 2368 2359
3 2366 2357 2356
3 2366 2367 2357
3 2365 2356 2355
3 2365 2366 2356
3 2364 2365 2355
3 2399 2372 2373
3 2381 2378 2379
3 2381 2379 2380
3 2390 2398 2389
3 2408 2374 2375
3 2408 2375 2376
3 2409 2395 2394
3 2409 2396 2395
3 2410 2373 2374
3 2410 2399 2373
3 2410 2374 2408
3 2411 2400 2399
3 2412 2411 2399
3 2412 2399 2410
3 2413 2408 2414
3 2413 2412 2410
3 2413 2414 2412
3 2413 2410 2408
3 2415 2411 2412
3 2415 2412 2414
3 2415 2400 2411
3 2416 2401 2400
3 2417 2400 2415
3 2417 2416 2400
3 2418 2376 2377
3 2418 2377 2378
3 2418 2408 2376
3 2418 2378 2381
3 2419 2417 2415
3 2419 2414 2420
3 2419 2420 2417
3 2419 2415 2414
3 2421 2414 2408
3 2421 2408 2418
3 2422 2401 2416
3 2422 2417 2420
3 2422 2416 2417
3 2423 2421 2418
3 2424 2381 2382
3 2424 2418 2381
3 2424 2423 2418
3 2425 2402 2401
3 2426 2425 2401
3 2426 2401 2422
3 2427 2421 2423
3 2427 2424 2382
3 2427 2423 2424
3 2427 2414 2421
3 2428 2422 2420
3 2428 2429 2426
3 2428 2420 2429
3 2428 2426 2422
3 2430 2414 2427
3 2430 2420 2414
3 2431 2430 2427
3 2432 2402 2425
3 2432 2425 2426
3 2432 2426 2429
3 2433 2382 2383
3 2433 2427 2382
3 2433 2431 2427
3 2434 2403 2402
3 2435 2420 2430
3 2435 2430 2431
3 2435 2433 2383
3 2435 2431 2433
3 2436 2402 2432
3 2436 2434 2402
3 2437 2432 2429
3 2437 2436 2432
3 2437 2429 2438
3 2437 2438 2436
3 2439 2420 2435
3 2439 2429 2420
3 2440 2403 2434
3 2440 2436 2438
3 2440 2434 2436
3 2441 2439 2435
3 2442 2383 2384
3 2442 2435 2383
3 2442 2441 2435
3 2443 2404 2403
3 2443 2403 2440
3 2444 2443 2440
3 2445 2429 2439
3 2445 2439 2441
3 2445 2442 2384
3 2445 2441 2442
3 2446 2438 2447
3 2446 2440 2438
3 2446 2444 2440
3 2448 2438 2429
3 2448 2429 2445
3 2449 2443 2444
3 2449 2446 2447
3 2449 2444 2446
3 2450 2448 2445
3 2451 2384 2385
3 2451 2445 2384
3 2451 2450 2445
3 2452 2405 2404
3 2452 2404 2443
3 2452 2443 2449
3 2453 2452 2449
3 2454 2453 2449
3 2454 2449 2447
3 2454 2447 2455
3 2456 2451 2385
3 2456 2450 2451
3 2456 2438 2448
3 2456 2448 2450
3 2457 2406 2405
3 2457 2405 2452
3 2458 2453 2454
3 2458 2454 2455
3 2458 2457 2452
3 2458 2452 2453
3 2459 2438 2456
3 2459 2447 2438
3 2460 2459 2456
3 2461 2385 2386
3 2461 2460 2456
3 2461 2456 2385
3 2462 2457 2458
3 2463 2447 2459
3 2463 2459 2460
3 2463 2461 2386
3 2463 2460 2461
3 2464 2458 2455
3 2464 2462 2458
3 2464 2455 2409
3 2465 2457 2462
3 2465 2464 2409
3 2465 2406 2457
3 2465 2462 2464
3 2466 2392 2391
3 2466 2393 2392
3 2466 2407 2406
3 2466 2391 2407
3 2466 2406 2465
3 2467 2455 2447
3 2467 2447 2463
3 2468 2467 2463
3 2469 2394 2393
3 2469 2465 2409
3 2469 2466 2465
3 2469 2393 2466
3 2469 2409 2394
3 2470 2386 2387
3 2470 2463 2386
3 2470 2468 2463
3 2471 2467 2468
3 2471 2455 2467
3 2471 2470 2387
3 2471 2468 2470
3 2472 2409 2455
3 2472 2455 2471
3 2473 2472 2471
3 2474 2387 2388
3 2474 2471 2387
3 2474 2473 2471
3 2475 2409 2472
3 2475 2472 2473
3 2475 2474 2388
3 2475 2473 2474
3 2476 2409 2475
3 2476 2389 2398
3 2476 2388 2389
3 2476 2397 2396
3 2476 2398 2397
3 2476 2475 2388
3 2476 2396 2409
