ply
format ascii 1.0
comment generated by blendit.inference.finetune_visualize
element vertex 2558
property float x
property float y
property float z
property uchar red
property uchar green
property uchar blue
element face 4161
property list uchar int vertex_indices
end_header
0 80.5128341 3.67779773 218 222 230
-1.11022302e-16 80.5128341 95.7424107 218 222 230
-4.4408921e-16 2.63784386 95.7424107 218 222 230
-4.4408921e-16 2.63784386 2.35986343 218 222 230
-9.58031964e-17 21.7018904 2.57679001 218 222 230
-5.64034813e-17 51.1073622 3.19534203 218 222 230
-1.48694829e-17 67.3618631 3.51368562 218 222 230
0 24.7295969 51.3784044 218 222 230
0 16.2627599 43.5086215 218 222 230
0 35.7784474 47.9807999 218 222 230
0 38.3604608 36.7134125 218 222 230
0 29.8936238 28.8436296 218 222 230
0 18.8447733 32.2412341 218 222 230
18.2083327 80.5128341 49.9722156 218 222 230
18.2083327 80.5128341 96.3706387 218 222 230
18.2083327 80.5128341 49.5533943 218 222 230
78.7587814 80.5128341 46.5702846 218 222 230
67.5623167 80.5128341 46.9850241 218 222 230
52.6336971 80.5128341 47.827175 218 222 230
31.0278883 80.5128341 49.0908809 218 222 230
24.6181105 80.5128341 49.3653918 218 222 230
80.3630362 80.5128341 0 218 222 230
80.0576409 80.5128341 11.695041 218 222 230
79.3393436 80.5128341 29.1326628 218 222 230
78.9696322 80.5128341 38.7490774 218 222 230
3.67779773 80.5128341 0 218 222 230
0 80.5128341 3.67779773 218 222 230
0.114332795 80.5128341 2.76790012 218 222 230
0.434095131 80.5128341 1.94442252 218 222 230
0.901251293 80.5128341 1.26595482 218 222 230
1.25944269 80.5128341 0.906921476 218 222 230
1.7594435 80.5128341 0.539946033 218 222 230
2.30274653 80.5128341 0.266723069 218 222 230
2.86438892 80.5128341 0.0910774887 218 222 230
3.27649288 80.5128341 0.0219598437 218 222 230
-1.11022302e-16 80.5128341 95.7424107 218 222 230
0.0188650728 80.5128341 95.9098429 218 222 230
0.0745143176 80.5128341 96.0688793 218 222 230
0.164157249 80.5128341 96.2115452 218 222 230
0.283298796 80.5128341 96.3306867 218 222 230
0.425964704 80.5128341 96.4203297 218 222 230
0.585001109 80.5128341 96.4759789 218 222 230
0.752433261 80.5128341 96.494844 218 222 230
18.0841274 80.5128341 96.494844 218 222 230
18.11444 80.5128341 96.4910883 218 222 230
18.1419171 80.5128341 96.480581 218 222 230
18.1646507 80.5128341 96.4652059 218 222 230
18.1835997 80.5128341 96.4450176 218 222 230
18.1974274 80.5128341 96.4215314 218 222 230
18.2055832 80.5128341 96.396628 218 222 230
18.2076689 80.5128341 96.3834627 218 222 230
2.35986343 2.63784386 0 255 79 163
1.91223979 2.63784386 0.0428419621 255 79 163
1.45506698 2.63784386 0.180345411 255 79 163
1.01844677 2.63784386 0.418328793 255 79 163
0.634766961 2.63784386 0.749584702 255 79 163
0.331633283 2.63784386 1.15353102 255 79 163
0.125597614 2.63784386 1.60025059 255 79 163
0.0299655998 2.63784386 1.9849881 255 79 163
-4.4408921e-16 2.63784386 2.35986343 255 79 163
2.57679001 21.7018904 -9.58031964e-17 255 79 163
3.19534203 51.1073622 -5.64034813e-17 255 79 163
3.51368562 67.3618631 -1.48694829e-17 255 79 163
3.67779773 80.5128341 0 255 79 163
0 80.5128341 3.67779773 255 79 163
0.114332795 80.5128341 2.76790012 255 79 163
0.434095131 80.5128341 1.94442252 255 79 163
0.901251293 80.5128341 1.26595482 255 79 163
1.25944269 80.5128341 0.906921476 255 79 163
1.7594435 80.5128341 0.539946033 255 79 163
2.30274653 80.5128341 0.266723069 255 79 163
2.86438892 80.5128341 0.0910774887 255 79 163
3.27649288 80.5128341 0.0219598437 255 79 163
-9.58031964e-17 21.7018904 2.57679001 255 79 163
-5.64034813e-17 51.1073622 3.19534203 255 79 163
-1.48694829e-17 67.3618631 3.51368562 255 79 163
0.081083673 12.1698671 1.81412136 255 79 163
0.207538464 8.99252603 1.42683036 255 79 163
0.210776085 73.9373486 2.39428868 255 79 163
0.275897905 76.1291771 2.24653025 255 79 163
2.66635697 73.9373486 0.125447261 255 79 163
2.54876027 76.1291771 0.166309806 255 79 163
1.37737634 4.75607125 0.218201059 255 79 163
1.08492502 4.75607125 0.379047516 255 79 163
0.718456311 5.81518494 0.67471247 255 79 163
0.544875085 5.81518494 0.863100382 255 79 163
0.814125523 4.75607125 0.582698601 255 79 163
0.911154938 5.81518494 0.50620149 255 79 163
1.1194476 5.81518494 0.360257378 255 79 163
0.974080731 8.99252603 0.471474138 255 79 163
1.50677791 8.99252603 0.173688129 255 79 163
0.314767264 13.7585377 1.25382359 255 79 163
0.156677351 12.1698671 1.577782 255 79 163
1.84390811 13.2289808 0.076234764 255 79 163
0.137375679 16.4063219 1.67684174 255 79 163
0.705828899 15.3472082 0.746029365 255 79 163
0.172191433 18.5245493 1.60829424 255 79 163
1.58247364 18.5245493 0.182413668 255 79 163
0.083592321 31.5037143 2.08980803 255 79 163
0.190583478 29.0532583 1.71525131 255 79 163
0.479803584 29.870077 1.1848211 255 79 163
0.0380648292 38.0382636 2.43614907 255 79 163
0.244712473 33.1373516 1.65425631 255 79 163
2.37642296 34.770989 0.0371316087 255 79 163
1.4125378 31.5037143 0.353134451 255 79 163
2.01552858 26.6028023 0.0806211432 255 79 163
2.25075362 41.3055383 0.0900301449 255 79 163
1.73833452 39.671901 0.257150077 255 79 163
0.0933443532 46.2064503 2.33360883 255 79 163
0.380330937 41.3055383 1.52132375 255 79 163
1.91606017 43.7559943 0.212895574 255 79 163
1.30760359 42.9391756 0.529525423 255 79 163
0.273095128 47.8400876 1.84612306 255 79 163
1.91177417 52.9134179 0.282806831 255 79 163
2.01915353 51.1073622 0.224350393 255 79 163
2.45968067 53.8164457 0.0983872267 255 79 163
0.0443330617 60.1376405 2.83731595 255 79 163
0.100106183 56.5255292 2.50265458 255 79 163
0.291086452 57.428557 1.96774441 255 79 163
2.80729922 58.3315849 0.0438640504 255 79 163
1.69158802 56.5255292 0.422897004 255 79 163
0.104847502 64.6527797 2.62118755 255 79 163
0.436597054 61.9436962 1.74638822 255 79 163
2.58372986 61.9436962 0.103349195 255 79 163
2.01003667 61.0406683 0.297342702 255 79 163
0.304558943 65.5558075 2.05881845 255 79 163
0.246701837 67.3618631 2.22031653 255 79 163
0.245449042 71.0149106 2.26922953 255 79 163
0.263514773 69.5536916 2.20652788 255 79 163
0.57399023 72.8414344 1.64661769 255 79 163
0.298592154 73.9373486 2.17217788 255 79 163
2.40667091 71.0149106 0.194895633 255 79 163
2.27808061 69.5536916 0.235186692 255 79 163
1.13242268 73.2067391 0.978905882 255 79 163
1.10661182 71.7455201 0.99209615 255 79 163
1.84243279 72.8414344 0.456325515 255 79 163
1.14530246 73.9373486 0.972155541 255 79 163
2.02183626 73.2067391 0.364471798 255 79 163
2.39048613 73.9373486 0.212138238 255 79 163
0.888008035 74.6679581 1.24423036 255 79 163
0.463071137 76.1291771 1.86018774 255 79 163
1.2894937 75.0332629 0.851648698 255 79 163
1.57078736 75.3985676 0.639395387 255 79 163
2.18059361 76.1291771 0.303925765 255 79 163
1.19805667 76.1291771 0.93831786 255 79 163
0.0878452359 3.69695755 1.7263192 255 79 163
0.225981374 3.34391965 1.35465739 255 79 163
0.287660637 3.69695755 1.23448116 255 79 163
0.129072207 4.2265144 1.59668382 255 79 163
0.396759191 3.69695755 1.05371984 255 79 163
0.204415094 4.2265144 1.40535714 255 79 163
0.364390274 4.40303335 1.10642197 255 79 163
0.15283389 5.81518494 1.53907734 255 79 163
0.485063587 10.5811966 0.966499365 255 79 163
0.870160524 11.4637913 0.566459609 255 79 163
0.819797285 12.699424 0.617713779 255 79 163
0.628165761 13.0524619 0.810768903 255 79 163
0.970570139 13.4937592 0.49895845 255 79 163
0.879084701 14.1115755 0.576082475 255 79 163
1.2428337 14.2880945 0.323841606 255 79 163
0.695134463 16.7593598 0.768983986 255 79 163
0.480599666 17.8184735 1.03556387 255 79 163
0.689869598 17.4654356 0.780756169 255 79 163
0.729260167 18.5245493 0.749739098 255 79 163
0.57611315 18.8775872 0.922911763 255 79 163
0.320002977 19.583663 1.30692401 255 79 163
0.0762695772 20.6427767 1.93877725 255 79 163
0.180920804 21.7018904 1.62828724 255 79 163
0.860572322 19.0541061 0.630629459 255 79 163
0.737528777 19.583663 0.751272243 255 79 163
0.997175632 19.2306251 0.520150223 255 79 163
1.29028774 19.583663 0.329330292 255 79 163
0.130543956 22.7909819 1.78294912 255 79 163
0.75472432 21.7018904 0.75472432 255 79 163
0.108461005 23.3355277 1.861545 255 79 163
1.92996087 20.6427767 0.0784883302 255 79 163
1.62828724 21.7018904 0.180920804 255 79 163
0.0792308336 24.1523463 1.98077084 255 79 163
0.340582757 26.6028023 1.36233103 255 79 163
0.17039304 24.4246192 1.69485621 255 79 163
0.46300741 24.969165 1.14334483 255 79 163
0.718346923 25.5137108 0.833112408 255 79 163
0.950904887 24.969165 0.608579128 255 79 163
0.864554528 25.7859837 0.6921226 255 79 163
1.21942904 26.0582566 0.421947764 255 79 163
1.55764325 24.969165 0.230420599 255 79 163
1.05787699 26.6028023 0.539733161 255 79 163
0.700326588 27.419621 0.874802416 255 79 163
0.923589395 27.8280303 0.661268147 255 79 163
0.762744609 28.5087126 0.821396384 255 79 163
1.17059736 28.2364397 0.474043561 255 79 163
1.24885186 29.3255312 0.432128673 255 79 163
0.532254088 30.9591685 1.12609129 255 79 163
0.55962426 31.5037143 1.09686355 255 79 163
0.441018161 32.0482601 1.27454249 255 79 163
0.726303747 32.320533 0.907251394 255 79 163
1.21426097 33.1373516 0.491725516 255 79 163
0.285737511 35.8600805 1.61173815 255 79 163
1.0224726 34.770989 0.654382465 255 79 163
0.840325126 36.4046263 0.840325126 255 79 163
0.307792481 37.221445 1.58983719 255 79 163
1.57022084 35.5878076 0.303994755 255 79 163
0.670828915 38.0382636 1.04817018 255 79 163
1.62513455 36.9491721 0.288112497 255 79 163
0.516717653 39.671901 1.27597624 255 79 163
0.965190398 40.4887196 0.77268705 255 79 163
1.36150943 40.7609925 0.471110529 255 79 163
1.18133799 41.3055383 0.602723463 255 79 163
1.22275791 41.8500841 0.577944167 255 79 163
0.480778818 43.4837214 1.38945078 255 79 163
0.535949825 44.5728129 1.32346794 255 79 163
0.92495612 44.30054 0.858909667 255 79 163
0.752111053 44.9812223 1.05046916 255 79 163
1.00092842 45.3896316 0.801297269 255 79 163
1.57732703 46.2064503 0.394331759 255 79 163
0.624911044 46.2064503 1.22482565 255 79 163
0.492383818 46.750996 1.42298924 255 79 163
0.810817787 47.0232689 1.01282083 255 79 163
0.979791302 47.2955418 0.844820051 255 79 163
1.35509543 47.8400876 0.548757654 255 79 163
0.721289655 47.8400876 1.12701509 255 79 163
0.789622803 48.9291791 1.06251644 255 79 163
2.02425316 48.3846334 0.203509093 255 79 163
2.37479839 48.6569063 0.0949919358 255 79 163
0.161355601 51.7093808 2.20376979 255 79 163
0.224350393 51.1073622 2.01915353 255 79 163
0.133833466 52.0103901 2.29701929 255 79 163
0.0975090178 52.461904 2.43772544 255 79 163
0.230464196 55.1709875 2.07417776 255 79 163
0.415635299 53.8164457 1.66254119 255 79 163
2.25740522 49.4737249 0.131525393 255 79 163
2.17839862 50.0182707 0.159497975 255 79 163
0.20951393 52.6124086 2.08398176 255 79 163
0.568272361 52.9134179 1.40328481 255 79 163
1.08748763 52.3113993 0.808180461 255 79 163
0.935894012 51.1073622 0.935894012 255 79 163
0.880020937 53.2144272 1.020616 255 79 163
1.16709356 52.9134179 0.746939878 255 79 163
1.05813225 53.3649318 0.847092022 255 79 163
1.4910383 53.5154364 0.515930209 255 79 163
1.29099613 53.8164457 0.658671494 255 79 163
1.02869265 54.4184643 0.886984988 255 79 163
0.578361045 55.6225014 1.42819768 255 79 163
1.41997416 54.7194736 0.575030859 255 79 163
1.50859011 55.3214921 0.5220035 255 79 163
1.07676975 56.0740153 0.86201235 255 79 163
0.764529857 56.5255292 1.1945779 255 79 163
0.866878964 56.9770431 1.08284881 255 79 163
0.905642221 57.7295663 1.05033062 255 79 163
0.335968591 58.9336034 1.89507284 255 79 163
0.985720261 59.2346127 0.985720261 255 79 163
0.359764029 59.6861266 1.85828527 255 79 163
1.79558402 58.0305756 0.379053165 255 79 163
0.384466337 60.4386498 1.82122635 255 79 163
1.84842877 58.7830988 0.35785581 255 79 163
1.90180377 59.535622 0.337161887 255 79 163
1.06911155 60.7396591 0.921835976 255 79 163
1.11201183 61.4921823 0.890225541 255 79 163
1.23327711 61.9436962 0.789297348 255 79 163
0.894668736 62.3952101 1.11756199 255 79 163
1.49017514 62.846724 0.603459352 255 79 163
0.546580832 63.1477333 1.57961861 255 79 163
0.606362187 63.7497518 1.49734336 255 79 163
0.701921002 64.6527797 1.37576516 255 79 163
0.938609635 64.0507611 1.08856502 255 79 163
1.77170652 64.6527797 0.44292663 255 79 163
0.551738098 64.9537889 1.5945231 255 79 163
0.90747197 65.1042936 1.13355495 255 79 163
0.804390824 65.5558075 1.25686066 255 79 163
1.0952799 65.2547982 0.94439951 255 79 163
1.51121858 65.5558075 0.61198108 255 79 163
0.876437127 66.157826 1.1793338 255 79 163
1.02913469 67.3618631 1.02913469 255 79 163
0.148983935 67.8489361 2.50814662 255 79 163
0.109641309 68.0924726 2.65315278 255 79 163
2.48307037 65.1042936 0.144673541 255 79 163
2.17566723 63.2982379 0.241740804 255 79 163
2.25212228 65.8568168 0.226418004 255 79 163
0.153105282 68.5795456 2.50446822 255 79 163
0.464719921 68.8230821 1.78453473 255 79 163
2.6390056 66.0073214 0.105560224 255 79 163
2.49970696 66.4588353 0.145642855 255 79 163
2.4065799 66.7598446 0.176204951 255 79 163
2.22031653 67.3618631 0.246701837 255 79 163
0.735613897 69.0666186 1.38028197 255 79 163
1.05492873 68.8230821 1.01721503 255 79 163
1.04632395 68.3360091 1.02123595 255 79 163
1.83018659 68.8230821 0.439124517 255 79 163
0.892910268 69.1883869 1.19131516 255 79 163
2.52408896 67.8489361 0.144234292 255 79 163
1.30649221 69.3101551 0.796000166 255 79 163
1.06784475 69.5536916 1.01109455 255 79 163
0.733000061 70.0407646 1.3935001 255 79 163
2.67710329 68.0924726 0.103613834 255 79 163
1.05154226 70.2843011 1.03355236 255 79 163
1.06977651 70.7713741 1.01973192 255 79 163
0.600795295 71.3802154 1.59163123 255 79 163
1.72314585 71.3802154 0.517171448 255 79 163
0.667085718 76.8597866 1.54225399 255 79 163
0.288683409 78.0774691 2.23227077 255 79 163
1.85456019 76.8597866 0.469537744 255 79 163
0.295126908 79.0516151 2.22441784 255 79 163
0.225112383 79.5386881 2.40419985 255 79 163
0.522505018 79.0516151 1.77929716 255 79 163
0.49218347 79.5386881 1.83392869 255 79 163
2.4558589 78.0774691 0.202661167 255 79 163
1.21884387 77.5903961 0.928265502 255 79 163
2.20372789 79.0516151 0.304048324 255 79 163
2.00209283 79.0516151 0.399120631 255 79 163
2.40841537 79.0516151 0.222267898 255 79 163
2.10138743 79.5386881 0.352010116 255 79 163
2.42214796 79.5386881 0.218571395 255 79 163
2.69798013 79.5386881 0.130994092 255 79 163
0.948234136 9.7868613 0.494774144 255 79 163
0.326827717 21.1723335 1.31411993 255 79 163
1.30991787 21.1723335 0.329183646 255 79 163
0.527433161 23.3355277 1.033769 255 79 163
0.328518196 24.243104 1.35117419 255 79 163
0.42711223 24.1523463 1.18642286 255 79 163
0.485038546 24.6968921 1.10832226 255 79 163
0.646326342 33.1373516 1.00988491 255 79 163
0.607718152 33.545761 1.06303248 255 79 163
1.11735701 33.9541703 0.57008011 255 79 163
0.791242577 33.4096245 0.852085723 255 79 163
1.48213532 34.4987161 0.340704778 255 79 163
1.72722815 34.3625796 0.221975565 255 79 163
1.67487576 34.770989 0.247762686 255 79 163
0.253989652 38.0382636 1.71697004 255 79 163
0.228969082 38.446673 1.78164585 255 79 163
0.591693494 38.8550823 1.15971925 255 79 163
0.350713875 38.3105365 1.52567693 255 79 163
0.891713675 39.3996281 0.828040896 255 79 163
1.11018125 39.2634916 0.634672327 255 79 163
1.0612127 39.671901 0.679176125 255 79 163
0.343338336 45.5938363 1.66175754 255 79 163
0.21589717 49.2922097 2.00838342 255 79 163
0.189710574 50.0182707 2.09106583 255 79 163
0.200896085 50.3813012 2.06720683 255 79 163
1.36295169 48.6569063 0.551939115 255 79 163
1.6497037 48.9291791 0.379224438 255 79 163
1.46811046 49.201452 0.488170779 255 79 163
1.43060108 49.4737249 0.515016389 255 79 163
1.69786777 49.4737249 0.358424972 255 79 163
1.25835502 50.0182707 0.642017867 255 79 163
0.470061523 51.4083715 1.53180278 255 79 163
1.52297402 50.5628165 0.467352257 255 79 163
0.649495261 51.7093808 1.27301071 255 79 163
0.403371049 52.2110629 1.65903916 255 79 163
0.524054151 52.0103901 1.45570598 255 79 163
0.566564314 52.461904 1.39906698 255 79 163
0.352966554 56.5255292 1.82317435 255 79 163
1.88223738 61.9436962 0.364401157 255 79 163
1.51843041 63.6744995 0.59135435 255 79 163
1.51458631 66.0073214 0.613344871 255 79 163
0.403512981 67.8489361 1.88479113 255 79 163
1.58415664 66.4588353 0.570296391 255 79 163
1.80124726 66.2581625 0.437946865 255 79 163
1.39016426 66.7598446 0.709267481 255 79 163
0.496803273 68.0924726 1.72105371 255 79 163
1.67858749 67.0608539 0.515105078 255 79 163
1.74357819 68.0924726 0.483496421 255 79 163
1.68951459 70.6496059 0.533121774 255 79 163
1.70070798 70.8931424 0.527789623 255 79 163
1.20290227 76.8597866 0.938371389 255 79 163
0.677606841 77.8339326 1.53425671 255 79 163
1.18428435 78.5645421 0.964871414 255 79 163
0.913424898 79.2139728 1.24519167 255 79 163
1.16702203 79.0516151 0.983370537 255 79 163
1.1451571 79.2951516 1.00514882 255 79 163
1.18637643 79.5386881 0.967891762 255 79 163
1.44289292 79.3763305 0.752136317 255 79 163
1.21054942 79.8634035 0.947414648 255 79 163
0.750344707 21.1723335 0.753816091 255 79 163
1.02801982 22.518709 0.524499908 255 79 163
0.99215489 24.1523463 0.567198601 255 79 163
0.669847252 49.6552402 1.21686807 255 79 163
0.450808159 50.1392809 1.54362473 255 79 163
0.613118613 50.0182707 1.29717657 255 79 163
0.623464633 50.1997859 1.28580549 255 79 163
0.721075711 50.5023114 1.16490666 255 79 163
1.7375617 21.9741632 0.141841772 255 79 163
1.79257691 22.1102997 0.124139675 255 79 163
1.51671732 22.7909819 0.234909683 255 79 163
1.77564941 22.9271184 0.133636078 255 79 163
1.70316038 23.6078006 0.162715157 255 79 163
0.752433261 2.63784386 96.494844 255 79 163
0.568800246 2.63784386 96.472092 255 79 163
0.402344826 2.63784386 96.4084392 255 79 163
0.264624994 2.63784386 96.3152972 255 79 163
0.149832214 2.63784386 96.1929968 255 79 163
0.0660638841 2.63784386 96.0507172 255 79 163
0.0166563849 2.63784386 95.8998534 255 79 163
0.00402130181 2.63784386 95.8200983 255 79 163
-4.4408921e-16 2.63784386 95.7424107 255 79 163
0.752433261 80.5128341 96.494844 255 79 163
-1.11022302e-16 80.5128341 95.7424107 255 79 163
0.0188650728 80.5128341 95.9098429 255 79 163
0.0745143176 80.5128341 96.0688793 255 79 163
0.164157249 80.5128341 96.2115452 255 79 163
0.283298796 80.5128341 96.3306867 255 79 163
0.425964704 80.5128341 96.4203297 255 79 163
0.585001109 80.5128341 96.4759789 255 79 163
-4.4408921e-16 2.63784386 2.35986343 255 79 163
-4.4408921e-16 2.63784386 95.7424107 255 79 163
2.63784386 -4.4408921e-16 1.27455864 255 79 163
2.18397086 0.0393405386 1.31112094 255 79 163
1.74363591 0.15618869 1.40922441 255 79 163
1.32997319 0.347059158 1.55149388 255 79 163
0.95532138 0.606258682 1.7205542 255 79 163
0.630855512 0.926055905 1.89903021 255 79 163
0.366253675 1.296912 2.06954675 255 79 163
0.169408362 1.70776513 2.21472866 255 79 163
0.0461910519 2.14636046 2.31720079 255 79 163
0.0115731547 2.39101925 2.34873693 255 79 163
2.63784386 -4.4408921e-16 94.5190977 255 79 163
0.0264942547 2.26491834 95.7142843 255 79 163
0.105444783 1.89948409 95.6371123 255 79 163
0.235265661 1.54888186 95.5217051 255 79 163
0.413349074 1.22015448 95.3788735 255 79 163
0.719554736 0.827212183 95.164456 255 79 163
1.14517262 0.462952416 94.9198384 255 79 163
1.63811429 0.196786502 94.7067572 255 79 163
2.12099484 0.0511302484 94.5721035 255 79 163
2.37815789 0.0128136885 94.5329544 255 79 163
82.649664 24.7295969 51.3784044 218 222 230
82.649664 16.2627599 43.5086215 218 222 230
0 24.7295969 51.3784044 218 222 230
0 16.2627599 43.5086215 218 222 230
82.649664 16.2627599 43.5086215 218 222 230
82.649664 18.8447733 32.2412341 218 222 230
0 16.2627599 43.5086215 218 222 230
0 18.8447733 32.2412341 218 222 230
81.6327834 29.8936238 28.8436296 218 222 230
0 29.8936238 28.8436296 218 222 230
81.8461812 29.9186152 28.8359445 218 222 230
82.0500753 29.9924766 28.8132316 218 222 230
82.2353852 30.1119185 28.7765023 218 222 230
82.3938582 30.2716215 28.7273924 218 222 230
82.5184367 30.4644734 28.668089 218 222 230
82.6035726 30.6818852 28.6012332 218 222 230
82.6380751 30.8469924 28.5504616 218 222 230
82.649664 31.0159506 28.4985056 218 222 230
82.649664 29.8936238 28.8436296 218 222 230
82.649664 18.8447733 32.2412341 218 222 230
0 18.8447733 32.2412341 218 222 230
81.6327834 38.3604608 36.7134125 218 222 230
0 38.3604608 36.7134125 218 222 230
81.6327834 29.8936238 28.8436296 218 222 230
0 29.8936238 28.8436296 218 222 230
81.7125745 35.7784474 47.9807999 218 222 230
0 35.7784474 47.9807999 218 222 230
81.8460864 38.3662958 36.6879496 218 222 230
81.7932837 38.3637483 36.6990663 218 222 230
81.7400331 38.3619236 36.707029 218 222 230
81.6864832 38.3608267 36.7118155 218 222 230
81.6327834 38.3604608 36.7134125 218 222 230
0 38.3604608 36.7134125 218 222 230
81.7125745 35.7784474 47.9807999 218 222 230
0 35.7784474 47.9807999 218 222 230
0 24.7295969 51.3784044 218 222 230
82.649664 24.7295969 51.3784044 218 222 230
82.649664 35.7784474 47.9807999 218 222 230
82.649664 36.8090526 47.663881 218 222 230
81.8972726 35.7987245 47.9745645 218 222 230
82.0855718 35.8638199 47.9545472 218 222 230
82.2305085 35.9505321 47.9278825 218 222 230
82.3532252 36.0574057 47.8950181 218 222 230
82.4582963 36.1855121 47.8556244 218 222 230
82.5416364 36.3292486 47.8114244 218 222 230
82.6010802 36.4820212 47.7644457 218 222 230
82.6380725 36.6477621 47.7134791 218 222 230
18.2083327 80.5128341 49.9722156 218 222 230
18.2083327 80.5128341 96.3706387 218 222 230
18.2083327 75.0318496 96.0603222 218 222 230
18.2083327 67.7238702 95.4020891 218 222 230
18.2083327 62.156355 94.908502 218 222 230
18.2083327 56.5888398 94.5915096 218 222 230
18.2083327 56.5888398 49.9722156 218 222 230
18.2083327 80.0940129 49.9722156 218 222 230
18.2083327 80.5128341 49.5533943 218 222 230
18.2083327 80.5001698 49.6556089 218 222 230
18.2083327 80.4647391 49.7482617 218 222 230
18.2083327 80.4128943 49.8249195 218 222 230
18.2083327 80.3448194 49.8888155 218 222 230
18.2083327 80.2656236 49.9354427 218 222 230
18.2083327 80.1816494 49.9629442 218 222 230
18.2083327 80.1372558 49.9699772 218 222 230
18.0841274 80.5128341 96.494844 218 222 230
18.11444 80.5128341 96.4910883 218 222 230
18.1419171 80.5128341 96.480581 218 222 230
18.1646507 80.5128341 96.4652059 218 222 230
18.1835997 80.5128341 96.4450176 218 222 230
18.1974274 80.5128341 96.4215314 218 222 230
18.2055832 80.5128341 96.396628 218 222 230
18.2076689 80.5128341 96.3834627 218 222 230
18.2083327 80.5128341 96.3706387 218 222 230
18.2083327 75.0318496 96.0603222 218 222 230
18.2083327 67.7238702 95.4020891 218 222 230
18.2083327 62.156355 94.908502 218 222 230
18.2083327 56.5888398 94.5915096 218 222 230
16.3049983 56.5888398 96.494844 218 222 230
16.7077988 56.5888398 96.4517337 218 222 230
17.1167319 56.5888398 96.31307 218 222 230
17.4976748 56.5888398 96.0748183 218 222 230
17.6903184 56.5888398 95.8967185 218 222 230
17.9007806 56.5888398 95.6288913 218 222 230
18.0577139 56.5888398 95.333581 218 222 230
18.1580586 56.5888398 95.0260776 218 222 230
18.1962208 56.5888398 94.8058913 218 222 230
17.7738109 75.0318496 96.494844 218 222 230
17.1155778 67.7238702 96.494844 218 222 230
16.6219907 62.156355 96.494844 218 222 230
18.1871878 77.7723418 96.3466436 218 222 230
18.1133033 76.8588444 96.41131 218 222 230
18.0810642 75.0318496 96.3675755 218 222 230
16.9996259 59.3725974 96.4016568 218 222 230
18.1403571 59.3725974 95.2050449 218 222 230
18.1250041 79.142588 96.4678034 218 222 230
18.1673464 73.2048547 96.1259676 218 222 230
18.1403493 73.813853 96.2229105 218 222 230
18.0984072 70.1598633 96.0551418 218 222 230
17.9895931 71.3778599 96.2761043 218 222 230
17.8829339 72.5958564 96.4134943 218 222 230
17.6280526 69.550865 96.4303684 218 222 230
17.818295 69.7538644 96.3368948 218 222 230
17.7094375 68.9418667 96.3701202 218 222 230
17.7678817 68.5358679 96.3164795 218 222 230
17.5178151 67.7238702 96.4181198 218 222 230
17.8882722 67.7238702 96.1747835 218 222 230
18.0060147 67.1052574 95.9952425 218 222 230
18.1316085 67.7238702 95.8043264 218 222 230
18.0575032 66.795951 95.891526 218 222 230
17.990697 66.1773382 95.957417 218 222 230
17.8123373 64.9401126 96.0988485 218 222 230
17.5607368 65.8680318 96.332945 218 222 230
18.1223726 66.3319914 95.7212031 218 222 230
18.0251744 64.0121934 95.7622106 218 222 230
17.2772235 63.5482338 96.3913874 218 222 230
17.5747385 63.702887 96.2382645 218 222 230
17.4356673 63.0842742 96.3016776 218 222 230
17.5413194 62.7749678 96.2247312 218 222 230
17.2059148 62.156355 96.3834642 218 222 230
17.7437039 62.156355 96.0302152 218 222 230
18.0739082 62.7749678 95.586134 218 222 230
17.3785089 61.5377422 96.2836326 218 222 230
18.0969529 62.156355 95.4924261 218 222 230
17.1694766 61.2284358 96.3756841 218 222 230
18.0023058 61.5377422 95.6557731 218 222 230
17.1125763 60.609823 96.384244 218 222 230
17.7167875 60.3005166 95.9791734 218 222 230
18.0949713 61.2284358 95.4413414 218 222 230
17.7097158 59.6819038 95.9633318 218 222 230
17.1092803 59.3725974 96.3605963 218 222 230
18.092751 59.3725974 95.3486451 218 222 230
17.7065587 59.3725974 95.955677 218 222 230
17.6986588 58.4446782 95.9339044 218 222 230
18.1910701 79.8277111 96.4158392 218 222 230
17.9618504 74.4228513 96.4332234 218 222 230
18.0836089 68.9418667 95.9959488 218 222 230
17.9906332 68.4005349 96.0993634 218 222 230
18.0761722 68.3328684 95.9662019 218 222 230
18.095958 68.129869 95.9143959 218 222 230
17.5903343 67.4145638 96.3751995 218 222 230
17.5790416 66.8990531 96.3619988 218 222 230
17.6488608 61.383089 96.0861446 218 222 230
17.832342 61.3315379 95.8945468 218 222 230
17.7292154 61.2284358 96.0041103 218 222 230
17.5435023 61.0222315 96.1583402 218 222 230
17.7112023 60.9191294 96.009313 218 222 230
17.7129086 60.7129251 95.9993052 218 222 230
17.0256658 58.1353718 96.3728458 218 222 230
17.0436396 57.516759 96.3569659 218 222 230
18.1045675 58.1353718 95.2624803 218 222 230
16.9327423 57.2074526 96.3945795 218 222 230
18.1347339 57.2074526 95.1343363 218 222 230
18.0835484 57.516759 95.2970776 218 222 230
18.038369 57.516759 95.404357 218 222 230
18.1498022 74.7273504 96.2607219 218 222 230
17.6917695 58.2384739 95.9350013 218 222 230
17.6883441 58.1353718 95.9356067 218 222 230
17.4422498 57.7229632 96.1388824 218 222 230
17.6205762 57.8260654 95.9939281 218 222 230
17.8243752 57.9291675 95.7722897 218 222 230
17.4167643 57.4136568 96.1508601 218 222 230
17.630873 57.516759 95.9766343 218 222 230
17.5867727 57.3621058 96.0139849 218 222 230
17.6901639 57.2074526 95.9099518 218 222 230
17.8265121 57.3105547 95.7521477 218 222 230
17.6900825 57.0012483 95.905423 218 222 230
0.752433261 80.5128341 96.494844 218 222 230
18.0841274 80.5128341 96.494844 218 222 230
0.752433261 2.63784386 96.494844 218 222 230
0.773112534 2.46293546 96.494844 218 222 230
0.832393287 2.29614094 96.494844 218 222 230
0.925271691 2.14432089 96.494844 218 222 230
1.04583019 2.01284024 96.494844 218 222 230
1.18755581 1.9054765 96.494844 218 222 230
1.34366512 1.82438633 96.494844 218 222 230
1.50742562 1.77012874 96.494844 218 222 230
1.67246417 1.74174257 96.494844 218 222 230
1.8847311 1.73989308 96.494844 218 222 230
2.10068286 1.77649304 96.494844 218 222 230
2.33574268 1.86025165 96.494844 218 222 230
2.50720352 1.94083838 96.494844 218 222 230
2.57970581 1.96753789 96.494844 218 222 230
2.61011577 1.9737804 96.494844 218 222 230
2.63784386 1.97574632 96.494844 218 222 230
19.6823613 2.09501013 96.494844 218 222 230
42.6437539 2.39621886 96.494844 218 222 230
65.8963372 2.70803401 96.494844 218 222 230
82.649664 2.8390682 96.494844 218 222 230
82.649664 56.5888398 96.494844 218 222 230
18.2083327 56.5888398 96.494844 218 222 230
16.3049983 56.5888398 96.494844 218 222 230
17.7738109 75.0318496 96.494844 218 222 230
17.1155778 67.7238702 96.494844 218 222 230
16.6219907 62.156355 96.494844 218 222 230
78.7587814 80.5128341 46.5702846 218 222 230
79.7680323 80.3755721 47.5067807 218 222 230
80.6906879 79.986008 48.3585094 218 222 230
81.4672793 79.3910118 49.0633063 218 222 230
82.0212963 78.7078417 49.5475064 218 222 230
82.3708367 78.0262207 49.8291309 218 222 230
82.5317929 77.5255656 49.9377391 218 222 230
82.6218208 77.0359622 49.9722156 218 222 230
72.0910253 77.3270752 49.9722156 218 222 230
58.0499645 78.039355 49.9722156 218 222 230
39.9815781 79.1461756 49.9722156 218 222 230
30.8687913 79.6391795 49.9722156 218 222 230
24.538562 79.9089206 49.9722156 218 222 230
18.2083327 80.0940129 49.9722156 218 222 230
18.2083327 80.5128341 49.5533943 218 222 230
18.2083327 80.5001698 49.6556089 218 222 230
18.2083327 80.4647391 49.7482617 218 222 230
18.2083327 80.4128943 49.8249195 218 222 230
18.2083327 80.3448194 49.8888155 218 222 230
18.2083327 80.2656236 49.9354427 218 222 230
18.2083327 80.1816494 49.9629442 218 222 230
18.2083327 80.1372558 49.9699772 218 222 230
67.5623167 80.5128341 46.9850241 218 222 230
52.6336971 80.5128341 47.827175 218 222 230
31.0278883 80.5128341 49.0908809 218 222 230
24.6181105 80.5128341 49.3653918 218 222 230
82.0367988 78.4070275 49.6934302 218 222 230
82.3215586 77.8704186 49.8715366 218 222 230
82.0445501 78.2537503 49.7545959 218 222 230
81.5932627 78.9221281 49.4233851 218 222 230
81.6562544 78.6691948 49.5706719 218 222 230
78.4678447 78.176922 49.8028819 218 222 230
28.8382634 80.4132943 49.5740563 218 222 230
26.6751546 80.1620196 49.884512 218 222 230
24.5783363 80.3355262 49.7949077 218 222 230
22.4550017 80.3667622 49.8060421 218 222 230
81.1419753 79.5144283 48.9478422 218 222 230
81.1734711 79.4077246 49.0508231 218 222 230
82.1390376 77.8506696 49.8769222 218 222 230
80.2715956 79.0221267 49.3684736 218 222 230
79.6421883 79.7114829 48.7503478 218 222 230
78.9982194 80.0964846 48.1967403 218 222 230
79.5792663 79.1894097 49.2535957 218 222 230
79.1179385 79.5559162 48.930516 218 222 230
78.613313 79.8997133 48.5209982 218 222 230
77.8156972 80.366092 47.5793188 218 222 230
78.1376816 80.2567335 47.8778495 218 222 230
78.247736 79.7624589 48.7099095 218 222 230
77.7159921 80.1542491 48.1111346 218 222 230
77.5165818 79.4531213 49.0559621 218 222 230
76.872613 79.8986053 48.55481 218 222 230
77.9922132 78.8497129 49.5026804 218 222 230
76.3908566 78.7358379 49.5851867 218 222 230
76.1451452 80.2916784 47.8360846 218 222 230
75.7814112 80.4125074 47.4640481 218 222 230
76.6317348 79.3741911 49.1418796 218 222 230
73.0417131 80.4706064 47.2696412 218 222 230
74.8038036 78.392374 49.7586328 218 222 230
75.4249033 79.5444 49.0037815 218 222 230
75.9295288 79.1412074 49.3391132 218 222 230
74.4818191 78.6903192 49.6326094 218 222 230
74.2409409 78.0067712 49.8825099 218 222 230
74.010277 78.2230293 49.8249963 218 222 230
73.7579643 78.4597426 49.7440943 218 222 230
72.4475332 78.8778846 49.5634782 218 222 230
73.4399899 79.1082605 49.4034213 218 222 230
70.1831789 80.4188972 47.6237925 218 222 230
68.6944938 80.2993763 48.0510955 218 222 230
70.0643429 80.2416572 48.1390594 218 222 230
68.9960637 78.2041976 49.8798701 218 222 230
69.2729328 78.700353 49.7040971 218 222 230
70.9588481 78.5288973 49.7517781 218 222 230
65.4231865 80.0065603 48.7220291 218 222 230
65.9011022 79.0281139 49.6010355 218 222 230
62.8061406 79.7092263 49.1686077 218 222 230
63.4888214 80.4287577 47.8703038 218 222 230
65.1842286 80.3113717 48.1590536 218 222 230
63.2612611 80.2707862 48.3359715 218 222 230
59.4153261 80.1866842 48.6676161 218 222 230
62.2524024 78.9090191 49.7349648 218 222 230
61.9755334 78.4731634 49.8906287 218 222 230
60.0904771 79.3882437 49.5168029 218 222 230
60.4280526 78.8627122 49.7888687 218 222 230
58.7326453 79.2285132 49.6511353 218 222 230
56.0245116 80.4416972 48.1937934 218 222 230
53.9877639 80.3563657 48.5639996 218 222 230
55.7969513 80.3083372 48.5898161 218 222 230
54.1358555 78.821317 49.9045549 218 222 230
54.5378473 79.1757062 49.7744156 218 222 230
56.6958977 79.0007121 49.804202 218 222 230
49.4706673 80.3760464 48.7411263 218 222 230
51.4277218 80.2483864 48.9144246 218 222 230
49.7210271 80.167799 49.12019 218 222 230
50.2217466 79.4934282 49.7173641 218 222 230
46.3076376 79.9999592 49.4593406 218 222 230
46.9240424 80.4587269 48.6195355 218 222 230
46.7185741 80.3574955 48.9221262 218 222 230
45.1016623 79.2455801 49.9215254 218 222 230
43.1446078 79.5293975 49.8629448 218 222 230
42.5012011 79.8545775 49.7056488 218 222 230
40.5979829 79.7959155 49.7929859 218 222 230
41.2143878 80.3289157 49.236542 218 222 230
38.900233 79.9473093 49.7432014 218 222 230
36.121138 80.4781787 49.1058301 218 222 230
37.7431556 79.7311509 49.8853619 218 222 230
33.9594192 79.9867888 49.8407043 218 222 230
35.5047332 80.1870536 49.646435 218 222 230
33.2663107 80.4430859 49.3444815 218 222 230
33.4973469 80.3361969 49.5360297 218 222 230
32.4936538 80.3909837 49.484814 218 222 230
31.9785491 80.3497845 49.5695829 218 222 230
29.8535273 80.0909898 49.8667545 218 222 230
30.2184648 80.1472333 49.8241623 218 222 230
29.1501685 80.1686588 49.8328388 218 222 230
27.7434509 80.2986503 49.7580318 218 222 230
25.6466326 80.4303609 49.6423226 218 222 230
78.8785004 80.4143504 47.3803501 218 222 230
78.611173 79.2198037 49.241562 218 222 230
78.7928916 78.9080721 49.4583934 218 222 230
78.3577903 79.0389523 49.3778563 218 222 230
78.2359313 78.9765136 49.4210932 218 222 230
76.38844 79.9187309 48.5359241 218 222 230
75.7838199 80.1643308 48.1344998 218 222 230
76.2354696 79.6897824 48.8327341 218 222 230
76.037337 79.830329 48.6647059 218 222 230
75.6031573 80.0897335 48.2798132 218 222 230
75.8331924 79.7397325 48.7822207 218 222 230
74.7493425 80.2641255 47.9419407 218 222 230
74.2333082 80.164621 48.1735941 218 222 230
74.3161452 79.7850377 48.7596189 218 222 230
73.7617661 79.8929255 48.6319839 218 222 230
73.6545074 79.6605565 48.9190481 218 222 230
73.2408515 80.0258155 48.4477608 218 222 230
73.095248 80.0520811 48.4087185 218 222 230
72.8040411 80.1023395 48.3302371 218 222 230
73.1220155 79.6705865 48.9201347 218 222 230
72.8971881 79.4268316 49.1651388 218 222 230
72.6257872 79.5736189 49.0330004 218 222 230
72.1889768 79.6799721 48.9318585 218 222 230
72.2751623 79.4349506 49.1711726 218 222 230
71.5739125 79.1396852 49.416147 218 222 230
71.5203775 80.0103355 48.5199944 218 222 230
72.2692792 78.0992467 49.8756721 218 222 230
72.0374903 78.4574778 49.7655795 218 222 230
70.8785457 79.9618156 48.6115372 218 222 230
70.6071448 80.0663404 48.4571051 218 222 230
70.8191277 79.7891498 48.8414588 218 222 230
71.8324689 78.244057 49.8400276 218 222 230
70.8657012 79.4180646 49.2171045 218 222 230
71.541262 78.3398232 49.8131121 218 222 230
70.5115955 79.5474424 49.1083698 218 222 230
70.2832873 79.5676636 49.0945349 218 222 230
69.826671 79.6074863 49.0668678 218 222 230
69.2646992 79.6478008 49.0406649 218 222 230
68.9837133 79.6676196 49.0276452 218 222 230
68.0067246 80.3615463 47.9059506 218 222 230
68.57693 79.782023 48.9126764 218 222 230
67.7633633 79.9863227 48.6720547 218 222 230
67.66284 80.3882831 47.834514 218 222 230
68.518148 79.4187602 49.2720082 218 222 230
68.6774533 79.0391113 49.5379185 218 222 230
67.147013 80.4231113 47.7291458 218 222 230
66.7317094 80.1363859 48.4664227 218 222 230
67.3524631 80.3196008 48.0501726 218 222 230
68.3797135 79.200127 49.4406234 218 222 230
67.5535097 79.1414416 49.4976853 218 222 230
66.798725 79.7726899 48.9762775 218 222 230
66.3164058 79.6556808 49.1150622 218 222 230
66.018666 79.7823798 48.9893162 218 222 230
59.0739857 79.7708047 49.2301861 218 222 230
57.6807372 80.1233219 48.8465252 218 222 230
57.6023738 79.4511852 49.5422916 218 222 230
58.3913049 78.6278309 49.8968154 218 222 230
58.1283279 78.9129719 49.8113728 218 222 230
56.8134427 80.0911697 48.9309625 218 222 230
56.4746122 80.1728064 48.818382 218 222 230
57.8261692 78.755034 49.8697992 218 222 230
56.6996626 79.9601702 49.1086782 218 222 230
56.6984076 79.6773281 49.39593 218 222 230
56.2464245 79.7809266 49.3172947 218 222 230
55.9448933 79.7995274 49.3098425 218 222 230
55.3418308 79.8358894 49.2952709 218 222 230
54.6224807 79.8731335 49.2833248 218 222 230
54.2628056 79.8912851 49.2776028 218 222 230
54.2204889 79.5677769 49.5586272 218 222 230
54.0618097 79.7461465 49.4232854 218 222 230
53.6186814 79.8905034 49.3020303 218 222 230
52.7324248 80.1348908 49.0389269 218 222 230
52.6830609 80.4234127 48.4374518 218 222 230
53.4341402 79.5607494 49.5866606 218 222 230
52.3633423 79.5356141 49.6340772 218 222 230
44.7126218 80.2225208 49.2553194 218 222 230
37.5106855 80.2978154 49.441251 218 222 230
37.5881756 80.1396716 49.6256987 218 222 230
36.9321468 80.2200111 49.5632314 218 222 230
36.4563423 80.2087248 49.592342 218 222 230
30.6231766 80.4209439 49.497576 218 222 230
30.9483398 80.2558233 49.7152048 218 222 230
31.4236702 80.0168636 49.8761957 218 222 230
73.4017396 80.2703154 47.9653425 218 222 230
73.7062358 79.1010671 49.40374 218 222 230
44.907142 79.7907358 49.6797956 218 222 230
78.7587814 80.5128341 46.5702846 218 222 230
79.7680323 80.3755721 47.5067807 218 222 230
80.6906879 79.986008 48.3585094 218 222 230
81.4672793 79.3910118 49.0633063 218 222 230
82.0212963 78.7078417 49.5475064 218 222 230
82.3708367 78.0262207 49.8291309 218 222 230
82.5317929 77.5255656 49.9377391 218 222 230
82.6218208 77.0359622 49.9722156 218 222 230
80.3630362 80.5128341 0 218 222 230
80.0576409 80.5128341 11.695041 218 222 230
79.3393436 80.5128341 29.1326628 218 222 230
78.9696322 80.5128341 38.7490774 218 222 230
80.8037256 80.4699665 0 218 222 230
81.253387 80.3323739 0 218 222 230
81.6814153 80.0945058 0 218 222 230
81.925303 79.8959336 0 218 222 230
82.1400877 79.6652181 0 218 222 230
82.3497394 79.358318 0 218 222 230
82.5194365 78.9868667 0 218 222 230
82.6177727 78.6067715 0 218 222 230
82.6419188 78.4142503 0 218 222 230
82.649664 78.2262064 0 218 222 230
82.649664 77.9208111 11.695041 218 222 230
82.649664 77.2808287 27.2884291 218 222 230
82.649664 76.8367681 38.6303223 218 222 230
82.649664 76.5681035 49.9722156 218 222 230
80.9424327 80.4083763 5.84752051 218 222 230
81.0543093 80.3854015 3.89834701 218 222 230
82.5220362 78.8776197 5.84752051 218 222 230
82.466092 79.0262717 5.84752051 218 222 230
82.4725333 79.0495217 3.89834701 218 222 230
82.5748738 78.699522 5.84752051 218 222 230
82.4422936 77.8909738 45.6536824 218 222 230
81.9604338 78.8032643 49.1313438 218 222 230
82.1597669 78.4797355 49.1653625 218 222 230
82.2660101 78.2693123 49.5276761 218 222 230
82.3654698 78.042809 49.5177609 218 222 230
82.424069 77.8851203 49.759861 218 222 230
82.5007762 77.6438519 49.759861 218 222 230
81.9233884 79.8718159 2.598898 218 222 230
81.3040533 80.2835438 3.89834701 218 222 230
81.9209148 79.8580503 3.89834701 218 222 230
82.3745607 79.2583093 3.89834701 218 222 230
81.6684493 80.0604575 4.54807151 218 222 230
81.091719 80.357524 5.84752051 218 222 230
81.8377219 79.9211832 4.87293376 218 222 230
82.0925023 79.6554686 5.19779601 218 222 230
81.9155691 79.8353545 5.84752051 218 222 230
81.9133952 79.8272603 6.49724501 218 222 230
81.0084682 80.365509 8.44641852 218 222 230
81.9085246 79.810305 7.79669401 218 222 230
82.3299202 79.2835057 6.82210726 218 222 230
81.0413664 80.3404232 9.74586752 218 222 230
82.5093963 78.8518073 8.44641852 218 222 230
81.0117509 80.3308438 11.695041 218 222 230
81.3401674 80.1919732 10.395592 218 222 230
81.890478 79.7536481 11.695041 218 222 230
82.4673769 78.9294831 9.74586752 218 222 230
82.4676736 78.874921 11.695041 218 222 230
82.3197742 79.2194414 10.395592 218 222 230
82.4175089 78.9434662 13.4276397 218 222 230
80.530859 80.4280819 17.2002093 218 222 230
80.9192318 80.3205639 15.593388 218 222 230
81.4541304 80.0286924 16.0265377 218 222 230
82.5683867 78.4809037 14.293939 218 222 230
80.1596339 80.4739274 21.1776938 218 222 230
82.6121677 78.113071 18.6254357 218 222 230
82.2932227 79.0870691 16.892837 218 222 230
82.5587026 78.2388001 22.090633 218 222 230
82.3898827 78.7567129 21.2243337 218 222 230
80.2508808 80.4168828 25.9190202 218 222 230
81.0991053 80.1251945 22.7053776 218 222 230
82.4345278 78.5766089 23.390082 218 222 230
82.1130484 79.1877222 23.1618472 218 222 230
80.754672 80.2325099 26.6828621 218 222 230
80.5701505 80.2817771 28.6716044 218 222 230
82.3604874 78.5580008 29.0609266 218 222 230
81.6915171 79.5546873 28.2105459 218 222 230
82.4213569 78.4580704 27.7494875 218 222 230
81.1696967 79.9135085 31.5659867 218 222 230
80.4956279 80.2734968 31.5070777 218 222 230
80.9309933 80.0831665 30.4082338 218 222 230
82.5491177 77.9991776 29.4861169 218 222 230
79.692742 80.4666322 34.4619203 218 222 230
80.0479738 80.4087665 32.3183418 218 222 230
80.6031242 80.2100916 32.8393921 218 222 230
82.6044522 77.6192792 32.5341854 218 222 230
82.2133071 78.7674068 31.6838047 218 222 230
79.9099283 80.4032447 37.1265491 218 222 230
80.8279765 80.0574123 35.5040208 218 222 230
82.5422516 77.8275242 35.1570635 218 222 230
82.1869741 78.6620745 37.0671716 218 222 230
82.0200158 78.9579888 36.0052786 218 222 230
82.3973967 78.2424288 36.2559074 218 222 230
79.836306 80.4002998 40.0328194 218 222 230
80.3248578 80.2545223 38.7193886 218 222 230
80.4583488 80.1886751 39.5851129 218 222 230
82.3914914 78.1892809 38.6600111 218 222 230
81.5723877 79.4355579 38.6896998 218 222 230
82.0099371 78.9331004 37.6080143 218 222 230
81.998522 78.9049123 39.5455279 218 222 230
79.4741539 80.4632168 42.2119744 218 222 230
80.7280724 80.0324362 41.3165614 218 222 230
82.387093 78.1496959 40.6153129 218 222 230
81.9913732 78.8872591 40.8490624 218 222 230
82.1745035 78.6121924 39.9734419 218 222 230
79.7526583 80.3969539 43.943423 218 222 230
82.2540025 78.4285737 41.4330591 218 222 230
82.47521 77.8959971 40.8494369 218 222 230
82.5390314 77.6641698 41.0623691 218 222 230
82.1738945 78.5383657 43.4944158 218 222 230
82.392301 78.1095763 41.7310966 218 222 230
79.8991086 80.3482787 45.4030402 218 222 230
80.1818556 80.2609451 44.0408806 218 222 230
81.6670499 79.2441337 43.8651059 218 222 230
81.9019174 78.9698312 43.0685515 218 222 230
81.5518484 79.3528883 44.8318708 218 222 230
81.0054787 79.8233223 44.2357959 218 222 230
80.4915333 80.1165293 45.2126504 218 222 230
80.2219487 80.2330515 45.7010777 218 222 230
80.0716218 80.286232 46.3029787 218 222 230
80.7188297 79.986497 46.1693257 218 222 230
81.462274 79.4268493 45.9974446 218 222 230
82.0831106 78.6638428 45.2427766 218 222 230
81.4165072 79.4635766 46.5802316 218 222 230
81.1879665 79.6554204 47.1729908 218 222 230
81.7714892 79.0788038 47.0060959 218 222 230
81.8363925 78.9886904 47.7145119 218 222 230
81.3891637 79.4679582 48.7449266 218 222 230
82.5058816 77.6439144 48.2637535 218 222 230
82.4861308 77.6965737 49.5517797 218 222 230
82.5335329 77.5225901 49.568789 218 222 230
81.3880654 80.262164 1.299449 218 222 230
82.4368763 79.1789125 0.866299335 218 222 230
82.4176336 79.2013809 2.16574834 218 222 230
82.3874476 79.2736378 1.299449 218 222 230
81.9030272 79.7923581 9.09614302 218 222 230
80.7031564 80.4362168 11.0453165 218 222 230
81.7262459 79.9359138 9.96244235 218 222 230
81.9000691 79.783025 9.74586752 218 222 230
82.0185283 79.6508885 10.0707298 218 222 230
81.896985 79.7734588 10.395592 218 222 230
82.1289394 79.5138038 10.1790172 218 222 230
80.8551006 80.3814398 12.2725739 218 222 230
81.497713 80.0463416 13.4276397 218 222 230
80.7754783 80.4036366 12.5613404 218 222 230
80.65468 80.4330348 12.99449 218 222 230
81.2762466 80.1694798 14.293939 218 222 230
80.9424414 80.3411978 13.1388732 218 222 230
82.5708948 78.5748767 11.0453165 218 222 230
81.8101 79.7889244 13.7164061 218 222 230
82.0365039 79.5547716 13.4276397 218 222 230
81.9521101 79.6414952 13.8607894 218 222 230
82.2243628 79.2837139 14.0051726 218 222 230
82.1055386 79.4463484 14.293939 218 222 230
81.9137532 79.6593519 14.8714719 218 222 230
82.1715258 79.3321257 15.1602384 218 222 230
82.2136822 79.2528468 15.7377713 218 222 230
81.6418089 79.8678069 16.961142 218 222 230
80.9745141 80.2650309 17.9640512 218 222 230
81.7324306 79.7785393 17.4284441 218 222 230
81.7551786 79.7415687 18.1162078 218 222 230
81.0138338 80.2228255 19.5444934 218 222 230
81.8009501 79.6641203 19.491735 218 222 230
82.3264087 78.981566 18.3366693 218 222 230
81.0343003 80.2000997 20.3347144 218 222 230
82.3426577 78.927058 19.0585854 218 222 230
81.5867072 79.8325418 20.6312542 218 222 230
82.3586618 78.8714002 19.7805015 218 222 230
81.4712152 79.9115847 21.2010138 218 222 230
81.8655888 79.5334184 21.9648557 218 222 230
81.3517627 79.9872377 21.7024684 218 222 230
81.9522653 79.4231487 22.3638529 218 222 230
81.8784609 79.4751033 23.6213761 218 222 230
82.2493977 78.911769 24.9969033 218 222 230
81.7463821 79.6095523 23.8511405 218 222 230
81.2987442 79.9657674 24.5404337 218 222 230
81.3985137 79.8744922 25.4579618 218 222 230
81.2715543 79.9547566 25.9935689 218 222 230
81.1047188 80.0575483 26.2233333 218 222 230
81.6538621 79.654209 25.661347 218 222 230
82.0910227 79.1333322 26.0681175 218 222 230
81.4975797 79.7755002 26.3754898 218 222 230
81.5629766 79.7052484 26.9871752 218 222 230
82.4431488 78.4586803 26.1178166 218 222 230
80.3751268 80.3462971 29.1599794 218 222 230
82.5534215 78.1067736 26.1426662 218 222 230
80.2763625 80.3745562 29.404167 218 222 230
80.127009 80.4119279 29.7704483 218 222 230
82.5162097 78.2223227 26.6782733 218 222 230
82.4876681 78.3003202 27.0353447 218 222 230
80.4960974 80.2963245 29.7388559 218 222 230
81.2035735 79.9272272 29.6756711 218 222 230
81.820784 79.3974932 28.9823812 218 222 230
81.8829149 79.3147887 29.3682989 218 222 230
82.0647542 79.0684651 29.580894 218 222 230
82.1750072 78.9021567 29.4075715 218 222 230
81.5116631 79.6671141 30.5892365 218 222 230
82.1160934 78.9708153 30.2818642 218 222 230
81.7684383 79.4120644 30.6797379 218 222 230
81.5029108 79.6606098 31.2193417 218 222 230
81.6567752 79.5199454 31.0460192 218 222 230
81.7583228 79.3994288 31.6248957 218 222 230
81.4120088 79.7207348 32.0297278 218 222 230
81.5278587 79.6147684 32.2615984 218 222 230
80.6767664 80.1630683 33.7276016 218 222 230
81.5597536 79.5730645 32.8015631 218 222 230
81.6235319 79.4867021 33.8814926 218 222 230
80.7141141 80.1381117 34.1717064 218 222 230
82.2575042 78.6551637 32.6998275 218 222 230
80.7517815 80.1121855 34.6158112 218 222 230
82.2789532 78.5980059 33.207839 218 222 230
82.299944 78.5401951 33.7158504 218 222 230
82.3404777 78.4227349 34.7318732 218 222 230
81.6897442 79.3995544 34.7057955 218 222 230
81.7225038 79.354686 35.117947 218 222 230
81.4837614 79.5794662 35.7546497 218 222 230
81.8271125 79.2275975 35.4137242 218 222 230
81.1781811 79.8173285 36.3856329 218 222 230
79.7300884 80.4368826 38.1983384 218 222 230
80.4966894 80.1943468 37.6475993 218 222 230
81.6676775 79.3739623 36.9066832 218 222 230
81.3457765 79.6783461 36.826439 218 222 230
81.4648964 79.5643637 37.3573855 218 222 230
81.6625482 79.3680135 37.4409284 218 222 230
81.3355716 79.671815 37.6278068 218 222 230
81.4161435 79.5961275 37.9817712 218 222 230
82.4985122 77.9185762 37.3178004 218 222 230
81.4015483 79.5852809 39.2734469 218 222 230
81.3121467 79.6568231 39.5653204 218 222 230
82.5393109 77.7540075 37.8487469 218 222 230
82.4973554 77.898722 38.1191683 218 222 230
81.3046966 79.652055 40.2170876 218 222 230
81.5599889 79.4231591 39.9932344 218 222 230
81.1204852 79.7900583 40.5835789 218 222 230
82.4960041 77.8755292 39.0879251 218 222 230
82.5378371 77.7171621 39.3018821 218 222 230
81.4252847 79.5326524 41.0828119 218 222 230
80.6174336 80.0838242 42.0429464 218 222 230
82.4951257 77.8604526 39.7396923 218 222 230
81.7476702 79.197772 41.199561 218 222 230
81.6126455 79.3442191 41.3748102 218 222 230
80.5614545 80.1085568 42.4061389 218 222 230
81.5374845 79.4006547 42.6003034 218 222 230
81.5878314 79.3629866 41.783308 218 222 230
80.4365437 80.163228 42.9510528 218 222 230
80.9009752 79.9041429 43.320592 218 222 230
82.0384889 78.7899973 42.1657 218 222 230
80.5039052 80.0939714 47.3398858 218 222 230
82.0510929 78.7063191 45.8255635 218 222 230
82.2172492 78.3897297 47.6349247 218 222 230
81.9646421 79.8460669 1.299449 218 222 230
80.8339392 80.2794854 21.1893538 218 222 230
82.0066237 79.3880155 21.2126737 218 222 230
81.8340431 79.4940136 24.7686685 218 222 230
82.1247667 79.0547863 27.0112599 218 222 230
82.0672064 79.1293664 27.3683313 218 222 230
82.2369788 78.8620937 27.2573358 218 222 230
81.2396815 79.9192135 28.8269928 218 222 230
80.7575394 80.1465188 32.1740348 218 222 230
80.6567112 80.1269985 36.976494 218 222 230
82.2704223 78.5539412 35.2853939 218 222 230
3.67779773 80.5128341 0 218 222 230
80.3630362 80.5128341 0 218 222 230
2.35986343 2.63784386 0 218 222 230
2.57679001 21.7018904 -9.58031964e-17 218 222 230
3.19534203 51.1073622 -5.64034813e-17 218 222 230
3.51368562 67.3618631 -1.48694829e-17 218 222 230
2.63784386 1.27455864 0 218 222 230
2.54201157 1.28434289 -2.56063476e-16 218 222 230
2.44924958 1.31270284 -1.99896592e-16 218 222 230
2.3622772 1.35788497 -9.43145264e-17 218 222 230
2.28339981 1.41783505 -3.9450764e-17 218 222 230
2.21448142 1.49026585 -4.59886543e-17 218 222 230
2.15692707 1.57272724 -8.56383866e-17 218 222 230
2.11167475 1.66267724 -1.23155731e-16 218 222 230
2.07122546 1.78983536 -1.29644652e-16 218 222 230
2.05258808 1.93601721 -6.99802609e-17 218 222 230
2.06021448 2.07807869 1.26703098e-17 218 222 230
2.0899861 2.20942232 5.25937108e-17 218 222 230
2.13620555 2.32499114 2.35052631e-17 218 222 230
2.21142206 2.4493228 -3.66845453e-17 218 222 230
2.31642481 2.5712792 2.44913075e-16 218 222 230
2.35231889 2.61446876 4.091829e-16 218 222 230
2.35793387 2.62640531 2.96485324e-16 218 222 230
81.9099094 1.27455864 -2.22044605e-16 218 222 230
82.3296009 1.95016834 6.95831226e-17 218 222 230
82.5737531 2.67441056 3.89875928e-16 218 222 230
82.649664 3.38752885 0 218 222 230
82.649664 78.2262064 0 218 222 230
80.8037256 80.4699665 0 218 222 230
81.253387 80.3323739 0 218 222 230
81.6814153 80.0945058 0 218 222 230
81.925303 79.8959336 0 218 222 230
82.1400877 79.6652181 0 218 222 230
82.3497394 79.358318 0 218 222 230
82.5194365 78.9868667 0 218 222 230
82.6177727 78.6067715 0 218 222 230
82.6419188 78.4142503 0 218 222 230
2.63784386 1.27455864 0 255 79 163
2.63784386 0.963499764 0.0385399906 255 79 163
2.63784386 0.681538286 0.146362476 255 79 163
2.63784386 0.448252478 0.304137159 255 79 163
2.63784386 0.253803166 0.511303776 255 79 163
2.63784386 0.111906662 0.752313389 255 79 163
2.63784386 0.0282145147 1.00786397 255 79 163
2.63784386 0.00681174695 1.14296251 255 79 163
2.63784386 -4.4408921e-16 1.27455864 255 79 163
2.18397086 0.0393405386 1.31112094 255 79 163
1.74363591 0.15618869 1.40922441 255 79 163
1.32997319 0.347059158 1.55149388 255 79 163
0.95532138 0.606258682 1.7205542 255 79 163
0.630855512 0.926055905 1.89903021 255 79 163
0.366253675 1.296912 2.06954675 255 79 163
0.169408362 1.70776513 2.21472866 255 79 163
0.0461910519 2.14636046 2.31720079 255 79 163
0.0115731547 2.39101925 2.34873693 255 79 163
-4.4408921e-16 2.63784386 2.35986343 255 79 163
2.35986343 2.63784386 0 255 79 163
1.91223979 2.63784386 0.0428419621 255 79 163
1.45506698 2.63784386 0.180345411 255 79 163
1.01844677 2.63784386 0.418328793 255 79 163
0.634766961 2.63784386 0.749584702 255 79 163
0.331633283 2.63784386 1.15353102 255 79 163
0.125597614 2.63784386 1.60025059 255 79 163
0.0299655998 2.63784386 1.9849881 255 79 163
2.54201157 1.28434289 -2.56063476e-16 255 79 163
2.44924958 1.31270284 -1.99896592e-16 255 79 163
2.3622772 1.35788497 -9.43145264e-17 255 79 163
2.28339981 1.41783505 -3.9450764e-17 255 79 163
2.21448142 1.49026585 -4.59886543e-17 255 79 163
2.15692707 1.57272724 -8.56383866e-17 255 79 163
2.11167475 1.66267724 -1.23155731e-16 255 79 163
2.07122546 1.78983536 -1.29644652e-16 255 79 163
2.05258808 1.93601721 -6.99802609e-17 255 79 163
2.06021448 2.07807869 1.26703098e-17 255 79 163
2.0899861 2.20942232 5.25937108e-17 255 79 163
2.13620555 2.32499114 2.35052631e-17 255 79 163
2.21142206 2.4493228 -3.66845453e-17 255 79 163
2.31642481 2.5712792 2.44913075e-16 255 79 163
2.35231889 2.61446876 4.091829e-16 255 79 163
2.35793387 2.62640531 2.96485324e-16 255 79 163
2.19871996 0.430218483 0.386968421 255 79 163
0.71519594 2.25540531 0.677529158 255 79 163
2.35143761 1.03401422 0.0356945069 255 79 163
2.13270803 1.13685886 0.0421656122 255 79 163
2.30077503 0.819177559 0.110277973 255 79 163
2.1555533 0.927766441 0.0956730951 255 79 163
2.09971057 0.959234706 0.0972317821 255 79 163
1.92674047 1.34434818 0.0464707316 255 79 163
1.87711373 1.41805011 0.048010949 255 79 163
1.82612189 1.51132401 0.0499736317 255 79 163
1.83026107 1.18242131 0.108153171 255 79 163
1.8940698 0.894087727 0.185522401 255 79 163
1.43561466 0.838580681 0.4738883 255 79 163
1.789954 1.22950055 0.110440187 255 79 163
1.78312168 1.61288025 0.0521305896 255 79 163
1.74034979 1.29464582 0.113599355 255 79 163
1.69024675 1.37058488 0.117275154 255 79 163
1.64616188 1.44864203 0.121045997 255 79 163
1.71789341 1.90279638 0.0584121176 255 79 163
1.71225531 1.99991567 0.0605486015 255 79 163
2.18161273 0.141031557 0.812238377 255 79 163
1.53272187 1.74532363 0.135257858 255 79 163
1.42482836 1.43746258 0.232822817 255 79 163
0.935630409 1.50046116 0.590609279 255 79 163
1.71431385 2.10785915 0.0629219 255 79 163
1.51429698 1.82490212 0.139004209 255 79 163
1.73392929 0.355416644 0.73177452 255 79 163
1.95703628 0.188366578 0.859631777 255 79 163
1.50032649 1.90335512 0.142645103 255 79 163
1.48780622 2.00560214 0.147274824 255 79 163
1.49684581 0.377359534 0.951454068 255 79 163
1.47968606 2.27156404 0.158127327 255 79 163
1.30880814 0.489023515 1.00109254 255 79 163
1.23646518 2.04443443 0.279000894 255 79 163
1.43051909 0.344349649 1.14954585 255 79 163
1.13175361 0.61656744 1.05440554 255 79 163
1.47237747 2.39648547 0.166872201 255 79 163
0.89496316 0.984657103 0.942496647 255 79 163
1.17656025 0.501138114 1.23104159 255 79 163
0.966941251 0.75879197 1.11002063 255 79 163
0.942783495 0.686057532 1.31880169 255 79 163
0.643768757 1.12942707 1.23761322 255 79 163
0.525998605 1.31042421 1.29117185 255 79 163
0.450660084 1.75940202 1.12338876 255 79 163
0.524479888 1.16235415 1.50922299 255 79 163
0.424201034 1.50028746 1.34117098 255 79 163
0.371680521 1.41679994 1.59139317 255 79 163
0.254752261 1.95684689 1.43423951 255 79 163
0.191717431 2.17865183 1.50037214 255 79 163
0.0716840221 2.17043294 1.95171317 255 79 163
0.752433261 2.63784386 96.494844 255 79 163
0.568800246 2.63784386 96.472092 255 79 163
0.402344826 2.63784386 96.4084392 255 79 163
0.264624994 2.63784386 96.3152972 255 79 163
0.149832214 2.63784386 96.1929968 255 79 163
0.0660638841 2.63784386 96.0507172 255 79 163
0.0166563849 2.63784386 95.8998534 255 79 163
0.00402130181 2.63784386 95.8200983 255 79 163
-4.4408921e-16 2.63784386 95.7424107 255 79 163
0.0264942547 2.26491834 95.7142843 255 79 163
0.105444783 1.89948409 95.6371123 255 79 163
0.235265661 1.54888186 95.5217051 255 79 163
0.413349074 1.22015448 95.3788735 255 79 163
0.719554736 0.827212183 95.164456 255 79 163
1.14517262 0.462952416 94.9198384 255 79 163
1.63811429 0.196786502 94.7067572 255 79 163
2.12099484 0.0511302484 94.5721035 255 79 163
2.37815789 0.0128136885 94.5329544 255 79 163
2.63784386 -4.4408921e-16 94.5190977 255 79 163
2.63784386 1.97574632 96.494844 255 79 163
2.63784386 1.56541285 96.4517642 255 79 163
2.63784386 1.14819086 96.3131783 255 79 163
2.63784386 0.75758286 96.0746205 255 79 163
2.63784386 0.428288224 95.7474897 255 79 163
2.63784386 0.187011339 95.3581452 255 79 163
2.63784386 0.0456132728 94.9411876 255 79 163
2.63784386 0.0110061815 94.7273516 255 79 163
0.773112534 2.46293546 96.494844 255 79 163
0.832393287 2.29614094 96.494844 255 79 163
0.925271691 2.14432089 96.494844 255 79 163
1.04583019 2.01284024 96.494844 255 79 163
1.18755581 1.9054765 96.494844 255 79 163
1.34366512 1.82438633 96.494844 255 79 163
1.50742562 1.77012874 96.494844 255 79 163
1.67246417 1.74174257 96.494844 255 79 163
1.8847311 1.73989308 96.494844 255 79 163
2.10068286 1.77649304 96.494844 255 79 163
2.33574268 1.86025165 96.494844 255 79 163
2.50720352 1.94083838 96.494844 255 79 163
2.57970581 1.96753789 96.494844 255 79 163
2.61011577 1.9737804 96.494844 255 79 163
0.281933459 2.16922424 96.2590657 255 79 163
2.23311776 0.603148891 95.931557 255 79 163
0.638588258 1.82420986 96.3750022 255 79 163
0.946089537 1.65039323 96.4194002 255 79 163
0.722060781 1.35775856 96.161093 255 79 163
1.0204912 1.58949897 96.4159054 255 79 163
1.28874271 1.58218342 96.4578517 255 79 163
1.09772401 1.53400538 96.4122883 255 79 163
1.17722258 1.48392935 96.4085762 255 79 163
1.64567614 1.46747819 96.4507032 255 79 163
0.18514301 1.84960554 95.9404938 255 79 163
0.323976707 1.64958645 96.0077686 255 79 163
1.24324599 1.27740981 96.3224459 255 79 163
1.52388012 1.33082274 96.3925645 255 79 163
1.79656874 1.44651689 96.4476672 255 79 163
1.634535 1.30002137 96.387555 255 79 163
1.430851 0.831451435 96.0295297 255 79 163
1.97407276 1.43922364 96.4441358 255 79 163
0.396820836 1.39224052 95.8295751 255 79 163
1.75740627 1.2742542 96.3820978 255 79 163
0.495129015 1.23943419 95.7822521 255 79 163
1.91696754 1.25250987 96.3752691 255 79 163
0.642556577 1.0479818 95.7154223 255 79 163
0.878114772 0.911653751 95.8035933 255 79 163
0.547361002 1.08897227 95.5925879 255 79 163
2.33826254 1.46815326 96.4376281 255 79 163
1.99035671 1.04145255 96.2660588 255 79 163
2.23069602 1.24014686 96.3635048 255 79 163
1.00139965 0.701501292 95.5712852 255 79 163
2.36837398 1.24282206 96.3596179 255 79 163
2.45554365 1.21252061 96.3442308 255 79 163
1.22100328 0.545674001 95.4952596 255 79 163
1.03147186 0.603004207 95.3609922 255 79 163
1.45487395 0.41400505 95.4243844 255 79 163
1.71864102 0.410318836 95.5823913 255 79 163
1.33764818 0.400412994 95.2432491 255 79 163
1.91490093 0.237395234 95.3168027 255 79 163
2.14850747 0.183316326 95.2797145 255 79 163
1.97247665 0.14426738 95.0692733 255 79 163
2.31268118 0.173463606 95.298618 255 79 163
2.63784386 -4.4408921e-16 1.27455864 218 222 230
79.2691673 -2.22044605e-16 1.27455864 218 222 230
2.63784386 -4.4408921e-16 94.5190977 218 222 230
19.4059029 -9.15814333e-17 94.4027273 218 222 230
41.7303215 -8.24417548e-17 94.1118633 218 222 230
64.5945101 -2.48448398e-17 93.8014719 218 222 230
80.8227991 0 93.6638411 218 222 230
79.5335479 -1.83989584e-16 22.9257106 218 222 230
80.128904 -1.53458521e-16 51.7939132 218 222 230
80.5538167 -6.09111791e-17 72.7288772 218 222 230
82.649664 2.8390682 96.494844 218 222 230
82.649664 56.5888398 96.494844 218 222 230
82.649664 1.81073552 96.3020638 218 222 230
82.649664 2.27308037 96.4378552 218 222 230
82.649664 2.55969832 96.4810653 218 222 230
82.649664 3.38752885 0 218 222 230
82.649664 3.14273596 21.3632052 218 222 230
82.649664 2.56346244 49.8474789 218 222 230
82.649664 2.0897691 73.0747713 218 222 230
82.649664 78.2262064 0 218 222 230
82.649664 77.9208111 11.695041 218 222 230
82.649664 77.2808287 27.2884291 218 222 230
82.649664 76.8367681 38.6303223 218 222 230
82.649664 76.5681035 49.9722156 218 222 230
82.649664 56.5888398 49.9722156 218 222 230
82.649664 10.2433564 21.4877264 218 222 230
82.649664 8.94574541 21.3301679 218 222 230
82.649664 7.72354681 20.8666491 218 222 230
82.649664 6.64779039 20.1241081 218 222 230
82.649664 5.7809952 19.1456986 218 222 230
82.649664 5.17353622 17.9882822 218 222 230
82.649664 4.86071677 16.7191238 218 222 230
82.649664 4.86071677 15.4119822 218 222 230
82.649664 5.17353622 14.1428238 218 222 230
82.649664 5.7809952 12.9854074 218 222 230
82.649664 6.64779039 12.0069979 218 222 230
82.649664 7.72354681 11.2644569 218 222 230
82.649664 8.94574541 10.8009381 218 222 230
82.649664 10.2433564 10.6433796 218 222 230
82.649664 11.5409675 10.8009381 218 222 230
82.649664 12.7631661 11.2644569 218 222 230
82.649664 13.8389225 12.0069979 218 222 230
82.649664 14.7057177 12.9854074 218 222 230
82.649664 15.3131767 14.1428238 218 222 230
82.649664 15.6259961 15.4119822 218 222 230
82.649664 15.6259961 16.7191238 218 222 230
82.649664 15.3131767 17.9882822 218 222 230
82.649664 14.7057177 19.1456986 218 222 230
82.649664 13.8389225 20.1241081 218 222 230
82.649664 12.7631661 20.8666491 218 222 230
82.649664 11.5409675 21.3301679 218 222 230
82.649664 43.1131995 44.5034723 218 222 230
82.649664 42.6874246 41.2835375 218 222 230
82.649664 44.969697 47.3770632 218 222 230
82.649664 44.4281921 47.1055752 218 222 230
82.649664 43.9528077 46.7317761 218 222 230
82.649664 43.6215309 46.2999709 218 222 230
82.649664 43.4124321 45.8563789 218 222 230
82.649664 43.2260385 45.1884091 218 222 230
82.649664 47.805799 48.5460386 218 222 230
82.649664 48.0956417 48.3233725 218 222 230
82.649664 52.1600924 45.2009369 218 222 230
82.649664 51.4882091 40.1198015 218 222 230
82.649664 46.7518752 38.1611019 218 222 230
82.649664 29.8936238 28.8436296 218 222 230
82.649664 31.0159506 28.4985056 218 222 230
82.649664 18.8447733 32.2412341 218 222 230
82.649664 16.2627599 43.5086215 218 222 230
82.649664 24.7295969 51.3784044 218 222 230
82.649664 35.7784474 47.9807999 218 222 230
82.649664 36.8090526 47.663881 218 222 230
82.649664 39.3011655 36.1994738 218 222 230
82.649664 39.3011655 36.1994738 218 222 230
82.6254197 39.07883 36.2941633 218 222 230
82.5472748 38.8550645 36.3919522 218 222 230
82.4648541 38.7175314 36.4550661 218 222 230
82.3463964 38.5834194 36.5213808 218 222 230
82.2082118 38.4792864 36.5801973 218 222 230
82.0665588 38.4115566 36.6282557 218 222 230
81.9548471 38.3802061 36.6602953 218 222 230
81.8460864 38.3662958 36.6879496 218 222 230
81.7932837 38.3637483 36.6990663 218 222 230
81.7400331 38.3619236 36.707029 218 222 230
81.6864832 38.3608267 36.7118155 218 222 230
81.6327834 38.3604608 36.7134125 218 222 230
81.6327834 29.8936238 28.8436296 218 222 230
81.8461812 29.9186152 28.8359445 218 222 230
82.0500753 29.9924766 28.8132316 218 222 230
82.2353852 30.1119185 28.7765023 218 222 230
82.3938582 30.2716215 28.7273924 218 222 230
82.5184367 30.4644734 28.668089 218 222 230
82.6035726 30.6818852 28.6012332 218 222 230
82.6380751 30.8469924 28.5504616 218 222 230
82.649664 31.0159506 28.4985056 218 222 230
82.649664 39.3011655 36.1994738 255 79 163
82.6254197 39.07883 36.2941633 255 79 163
82.5472748 38.8550645 36.3919522 255 79 163
82.4648541 38.7175314 36.4550661 255 79 163
82.3463964 38.5834194 36.5213808 255 79 163
82.2082118 38.4792864 36.5801973 255 79 163
82.0665588 38.4115566 36.6282557 255 79 163
81.9548471 38.3802061 36.6602953 255 79 163
81.8460864 38.3662958 36.6879496 255 79 163
82.649664 36.8090526 47.663881 255 79 163
81.7125745 35.7784474 47.9807999 255 79 163
81.8972726 35.7987245 47.9745645 255 79 163
82.0855718 35.8638199 47.9545472 255 79 163
82.2305085 35.9505321 47.9278825 255 79 163
82.3532252 36.0574057 47.8950181 255 79 163
82.4582963 36.1855121 47.8556244 255 79 163
82.5416364 36.3292486 47.8114244 255 79 163
82.6010802 36.4820212 47.7644457 255 79 163
82.6380725 36.6477621 47.7134791 255 79 163
82.4142759 38.5899015 36.7659907 255 79 163
82.404493 37.7808516 40.3403191 255 79 163
82.3967553 37.379101 42.1281191 255 79 163
82.192977 36.7924911 44.0668538 255 79 163
82.1136915 35.8899331 47.8971189 255 79 163
82.1817178 35.9330135 47.8684219 255 79 163
82.2472654 35.9823629 47.8387368 255 79 163
82.3137297 36.0412959 47.8077681 255 79 163
82.3756455 36.1057532 47.7792595 255 79 163
82.4914005 36.9518246 44.6100567 255 79 163
82.4897075 36.6703965 45.8787704 255 79 163
82.5325241 36.7467572 45.8529895 255 79 163
82.5802469 36.7113586 46.4726027 255 79 163
82.1389745 36.1265675 46.907361 255 79 163
82.3232155 36.2862927 46.754374 255 79 163
82.2090221 36.0512106 47.420046 255 79 163
82.2225782 36.110556 47.1959146 255 79 163
82.482879 36.3677501 47.1968821 255 79 163
82.5703923 36.525756 47.2041051 255 79 163
82.502838 36.3426697 47.446335 255 79 163
82.544028 36.4212476 47.4210622 255 79 163
18.2083327 56.5888398 94.5915096 218 222 230
18.2083327 56.5888398 49.9722156 218 222 230
82.649664 56.5888398 49.9722156 218 222 230
82.649664 56.5888398 96.494844 218 222 230
18.2083327 56.5888398 96.494844 218 222 230
16.3049983 56.5888398 96.494844 218 222 230
16.7077988 56.5888398 96.4517337 218 222 230
17.1167319 56.5888398 96.31307 218 222 230
17.4976748 56.5888398 96.0748183 218 222 230
17.6903184 56.5888398 95.8967185 218 222 230
17.9007806 56.5888398 95.6288913 218 222 230
18.0577139 56.5888398 95.333581 218 222 230
18.1580586 56.5888398 95.0260776 218 222 230
18.1962208 56.5888398 94.8058913 218 222 230
82.649664 56.5888398 49.9722156 218 222 230
82.649664 76.5681035 49.9722156 218 222 230
18.2083327 56.5888398 49.9722156 218 222 230
18.2083327 80.0940129 49.9722156 218 222 230
82.6218208 77.0359622 49.9722156 218 222 230
72.0910253 77.3270752 49.9722156 218 222 230
58.0499645 78.039355 49.9722156 218 222 230
39.9815781 79.1461756 49.9722156 218 222 230
30.8687913 79.6391795 49.9722156 218 222 230
24.538562 79.9089206 49.9722156 218 222 230
80.8227991 0 93.6638411 255 79 163
81.4695148 0.11663426 94.4654539 255 79 163
82.0185333 0.440357408 95.1763266 255 79 163
82.36568 0.839612153 95.6719995 255 79 163
82.5651947 1.26540941 96.0189598 255 79 163
82.6291559 1.53957665 96.180016 255 79 163
82.649664 1.81073552 96.3020638 255 79 163
2.63784386 -4.4408921e-16 94.5190977 255 79 163
19.4059029 -9.15814333e-17 94.4027273 255 79 163
41.7303215 -8.24417548e-17 94.1118633 255 79 163
64.5945101 -2.48448398e-17 93.8014719 255 79 163
2.63784386 1.97574632 96.494844 255 79 163
2.63784386 1.56541285 96.4517642 255 79 163
2.63784386 1.14819086 96.3131783 255 79 163
2.63784386 0.75758286 96.0746205 255 79 163
2.63784386 0.428288224 95.7474897 255 79 163
2.63784386 0.187011339 95.3581452 255 79 163
2.63784386 0.0456132728 94.9411876 255 79 163
2.63784386 0.0110061815 94.7273516 255 79 163
19.6823613 2.09501013 96.494844 255 79 163
42.6437539 2.39621886 96.494844 255 79 163
65.8963372 2.70803401 96.494844 255 79 163
82.649664 2.8390682 96.494844 255 79 163
82.649664 2.27308037 96.4378552 255 79 163
82.649664 2.55969832 96.4810653 255 79 163
11.0218734 0.103942709 95.1161659 255 79 163
8.22719688 0.1287617 95.2009067 255 79 163
81.6473259 0.521807722 95.298952 255 79 163
82.045904 0.821175496 95.6543317 255 79 163
81.7362315 0.830427434 95.6644166 255 79 163
82.0595894 1.04875755 95.8604673 255 79 163
82.0595894 1.17569047 95.9577115 255 79 163
82.3446258 1.10374776 95.9033896 255 79 163
82.3340986 1.24531353 96.0058929 255 79 163
82.3340986 1.37914172 96.0912627 255 79 163
82.2562809 1.61971446 96.2202407 255 79 163
82.507672 1.51611117 96.1679888 255 79 163
82.4392871 1.67002439 96.2432808 255 79 163
4.50096153 1.28880837 96.3696859 255 79 163
5.43252037 1.15209071 96.3113666 255 79 163
4.50096153 1.01519052 96.2430664 255 79 163
5.43252037 0.950276757 96.2034863 255 79 163
8.27327328 1.37050796 96.3931354 255 79 163
12.465288 0.365405811 95.627644 255 79 163
11.0218734 0.188268522 95.3279822 255 79 163
11.0218734 0.298375446 95.5328976 255 79 163
12.0763026 1.60366629 96.4503899 255 79 163
14.7788263 0.159039441 95.2383336 255 79 163
13.9087027 0.778815924 96.0581186 255 79 163
16.6573028 0.191706802 95.2989065 255 79 163
17.6195792 0.305880551 95.5048846 255 79 163
16.795532 1.41565467 96.389785 255 79 163
17.711732 1.13120259 96.2677969 255 79 163
19.5441321 0.613189583 95.8816544 255 79 163
19.4750175 0.146941685 95.1723688 255 79 163
19.6132467 1.32338937 96.3478007 255 79 163
21.9631879 0.185348899 95.2418854 255 79 163
26.9395286 0.278369481 95.3813661 255 79 163
25.1943514 1.36341893 96.343353 255 79 163
23.3109449 1.0910186 96.2220893 255 79 163
27.1839201 1.6496845 96.4288566 255 79 163
34.6854789 1.1662249 96.2032878 255 79 163
25.7760771 0.939183633 96.1145134 255 79 163
28.3580605 1.29871926 96.3027258 255 79 163
30.7063414 0.65258191 95.8422621 255 79 163
33.1253972 0.197677196 95.1585461 255 79 163
36.2183314 0.16176403 95.0389677 255 79 163
39.8387568 1.39234528 96.2888758 255 79 163
42.4153958 1.5120911 96.3268339 255 79 163
50.1776438 1.89355371 96.4191018 255 79 163
48.1314429 1.56435969 96.3210262 255 79 163
48.6396937 1.07722863 96.0586109 255 79 163
51.3248065 1.49014546 96.2744083 255 79 163
57.7115337 1.33276979 96.1616515 255 79 163
53.619132 0.747800409 95.7470436 255 79 163
55.9566124 0.226024992 94.966915 255 79 163
49.6561952 0.319023356 95.2187506 255 79 163
57.1253526 0.0786379716 94.5288947 255 79 163
45.6932583 0.0737937846 94.6499994 255 79 163
59.106821 0.184410994 94.835145 255 79 163
61.8039355 2.01106189 96.4144015 255 79 163
62.9510982 1.58060713 96.2610264 255 79 163
66.759272 0.237603942 94.8886413 255 79 163
64.9199669 0.189366926 94.7905417 255 79 163
67.5161961 0.0824146902 94.4344767 255 79 163
65.5708805 1.7089351 96.3049623 255 79 163
71.176302 2.08777734 96.4113329 255 79 163
69.6279527 1.73587466 96.301969 255 79 163
71.9040574 1.63632055 96.2527847 255 79 163
76.4562668 1.43318251 96.1365484 255 79 163
74.8734165 0.244227227 94.8438679 255 79 163
70.4378821 0.351906825 95.0872167 255 79 163
73.3595682 0.814544973 95.680299 255 79 163
75.6303406 0.0846340449 94.3789929 255 79 163
77.0911836 0.197242649 94.7196601 255 79 163
81.2350625 0.123608678 94.4895639 255 79 163
79.5529654 2.13507985 96.4094408 255 79 163
3.25888308 0.196886516 95.3774541 255 79 163
3.5694027 0.126408337 95.2121138 255 79 163
3.25888308 0.309128856 95.5788965 255 79 163
3.5694027 0.314314867 95.5862911 255 79 163
3.5694027 0.381562322 95.6842833 255 79 163
4.03518211 0.23513474 95.4505444 255 79 163
3.5694027 0.52960337 95.8635574 255 79 163
4.03518211 0.293920816 95.5527303 255 79 163
4.19044192 0.493615585 95.8224303 255 79 163
5.43252037 0.196057671 95.3694283 255 79 163
6.82985863 0.454364585 95.7690015 255 79 163
8.22719688 0.430805898 95.7348884 255 79 163
8.22719688 0.257593699 95.4767259 255 79 163
8.25791448 1.02324077 96.2400535 255 79 163
9.18435372 0.84979631 96.1282623 255 79 163
9.64757334 0.766727927 96.064897 255 79 163
10.4571498 1.02993502 96.2380449 255 79 163
11.549088 0.867270199 96.1327908 255 79 163
11.854488 0.681166982 95.9852072 255 79 163
12.2707953 0.919129866 96.1652078 255 79 163
12.8167645 0.871616402 96.131202 255 79 163
15.1610203 0.700057222 95.9870168 255 79 163
16.0772204 0.476223484 95.7525252 255 79 163
15.7871792 0.661754669 95.9494658 255 79 163
16.7264174 0.69434471 95.9741107 255 79 163
17.024138 0.549646229 95.8306727 255 79 163
17.2075556 0.789569043 96.0512858 255 79 163
17.3756144 0.899223829 96.1311484 255 79 163
20.868851 1.50591237 96.4071036 255 79 163
22.0553407 0.920149293 96.1222215 255 79 163
22.4431578 0.669278193 95.9177623 255 79 163
22.6370664 0.555514098 95.8009319 255 79 163
23.8696325 0.494607296 95.7220201 255 79 163
23.6834033 0.673792994 95.9138694 255 79 163
26.6331753 0.889742559 96.0743016 255 79 163
27.0617243 0.865247565 96.0533911 255 79 163
27.6487946 0.713709936 95.9234806 255 79 163
27.4938364 1.00380402 96.147507 255 79 163
33.905438 0.593145402 95.7539253 255 79 163
34.5060855 0.526509404 95.672173 255 79 163
35.7073806 0.403523487 95.498388 255 79 163
36.4466895 0.6757559 95.8190881 255 79 163
38.2079002 0.297918603 95.3031696 255 79 163
37.5773786 0.893645755 96.0029204 255 79 163
39.824167 0.152881535 94.9741703 255 79 163
39.5342794 0.413102541 95.4747336 255 79 163
39.1936455 0.637121434 95.7559339 255 79 163
39.0233285 0.76451225 95.8828106 255 79 163
40.6323004 0.0985381295 94.8036079 255 79 163
41.9586796 0.167545374 94.9869356 255 79 163
39.6865181 0.849203132 95.951354 255 79 163
45.0155907 0.347306952 95.3163093 255 79 163
44.5245181 0.211900916 95.0623938 255 79 163
44.6767568 0.560175402 95.6195699 255 79 163
45.261127 0.427670108 95.4387607 255 79 163
44.8289956 1.05336587 96.0682743 255 79 163
43.7363747 1.72336653 96.3944338 255 79 163
45.5574095 0.662131217 95.7269285 255 79 163
46.1499745 1.25033999 96.182259 255 79 163
44.540908 1.56476806 96.3375294 255 79 163
45.9216164 0.494695316 95.5252412 255 79 163
44.3968642 1.83064082 96.4216184 255 79 163
47.166476 0.432510788 95.4268071 255 79 163
46.8276422 0.667119407 95.7211434 255 79 163
47.9963824 0.393012143 95.3590389 255 79 163
49.4911776 1.02051971 96.012489 255 79 163
49.9169195 0.992385501 95.9885249 255 79 163
50.4905008 0.818458839 95.8396235 255 79 163
50.3862152 1.15148679 96.0964057 255 79 163
51.5333779 0.794865925 95.8094749 255 79 163
55.762426 0.701218675 95.6815963 255 79 163
56.9311662 0.4127739 95.3019274 255 79 163
56.8340731 0.678057776 95.6478583 255 79 163
57.4184432 0.527240634 95.4614523 255 79 163
57.8262039 0.504544441 95.4273781 255 79 163
58.6417253 0.460405711 95.3579238 255 79 163
59.3857315 1.2076131 96.0769848 255 79 163
60.2228304 1.14568261 96.0308899 255 79 163
62.873766 0.0808331738 94.4740146 255 79 163
61.1530219 0.338805561 95.1396217 255 79 163
62.7548959 0.173416362 94.7699156 255 79 163
62.5171558 0.468920473 95.3368975 255 79 163
61.4784787 1.05394995 95.9571144 255 79 163
60.5328942 0.832826501 95.7767436 255 79 163
61.8247044 0.837858538 95.7724047 255 79 163
63.5558329 0.111618579 94.5791047 255 79 163
62.1605457 1.15607779 96.0266803 255 79 163
64.0105442 0.135113367 94.6494866 255 79 163
62.734127 0.963988597 95.8778913 255 79 163
62.4240632 1.29355689 96.1136407 255 79 163
63.4627403 0.645426128 95.5590971 255 79 163
63.9355325 0.743447215 95.6640038 255 79 163
64.3721629 0.75915815 95.6773098 255 79 163
65.2454237 0.791036257 95.7038077 255 79 163
67.1562275 0.388902106 95.1751623 255 79 163
66.9762432 0.628090554 95.5134525 255 79 163
67.3547052 0.478560594 95.3130923 255 79 163
66.220144 1.86250692 96.358475 255 79 163
67.8416529 0.55243158 95.4120781 255 79 163
67.6255067 0.740393256 95.6361631 255 79 163
67.1932143 1.18100722 96.0165849 255 79 163
68.1671097 1.39610928 96.1458167 255 79 163
66.5447758 1.93990647 96.3818173 255 79 163
67.0855538 1.75666061 96.3182374 255 79 163
68.7070626 0.481024882 95.307007 255 79 163
67.0317235 2.0564759 96.412585 255 79 163
68.5270783 0.742928669 95.6332226 255 79 163
69.8979292 1.19296701 96.0117416 255 79 163
69.2840025 0.435904228 95.2350808 255 79 163
70.5040378 1.12702933 95.9621465 255 79 163
70.8070921 1.0944343 95.9364591 255 79 163
71.1709698 0.900795552 95.7737085 255 79 163
71.1727472 1.26808124 96.0560616 255 79 163
71.9005026 0.871811849 95.7431287 255 79 163
74.8964171 0.758504908 95.6151578 255 79 163
75.6533413 0.444714911 95.2096179 255 79 163
75.6648416 0.73091198 95.5818363 255 79 163
76.0433037 0.567208592 95.3831151 255 79 163
76.3220507 0.542061769 95.3480026 255 79 163
76.8795447 0.493316641 95.2766539 255 79 163
77.3251148 0.705156914 95.5459848 255 79 163
77.5478999 0.823697818 95.6711462 255 79 163
78.6395329 0.360111584 95.0543977 255 79 163
79.731166 0.0854328085 94.3590238 255 79 163
78.216255 1.22196729 95.9999977 255 79 163
79.7014876 0.165824297 94.6233149 255 79 163
79.6421306 0.410719301 95.1368665 255 79 163
80.2324649 0.0973303221 94.402369 255 79 163
79.2782096 0.850614593 95.6915998 255 79 163
79.0962492 1.11960048 95.9236193 255 79 163
79.597548 1.16087184 95.9528578 255 79 163
80.6445984 1.4460746 96.1333253 255 79 163
80.3104425 1.0464646 95.8629161 255 79 163
5.43252037 0.511498629 95.8394134 255 79 163
10.3347234 0.362615529 95.634266 255 79 163
20.792057 0.687196537 95.944706 255 79 163
21.4160194 0.725712663 95.9752509 255 79 163
21.6291265 0.788615554 96.0266764 255 79 163
40.1594093 0.384734905 95.4261359 255 79 163
42.1870377 0.699896947 95.794947 255 79 163
43.5333898 0.955866096 96.0071572 255 79 163
44.2065658 1.0952496 96.1005541 255 79 163
47.7647671 0.732504562 95.7802047 255 79 163
47.6489595 0.934765272 95.9604541 255 79 163
48.0639127 0.90754593 95.9354148 255 79 163
59.0447593 0.547765812 95.4742876 255 79 163
59.2462763 0.594160567 95.5309543 255 79 163
59.6751489 0.669679179 95.6158111 255 79 163
66.1472703 1.05363259 95.9293251 255 79 163
66.5981936 1.19529778 96.029334 255 79 163
80.0616793 0.435771387 95.1757164 255 79 163
80.2714537 0.448572976 95.1950532 255 79 163
80.5926566 0.317209542 94.9667866 255 79 163
80.7727525 0.476285475 95.2355985 255 79 163
81.064277 0.491237944 95.2567958 255 79 163
81.6471312 2.14300683 96.4091237 255 79 163
39.999083 0.830101511 95.9328861 255 79 163
42.7460347 0.485374724 95.5435095 255 79 163
66.4532711 0.578958219 95.4562746 255 79 163
81.6916814 1.44859716 96.1326947 255 79 163
42.1450119 0.13126493 94.8868486 255 79 163
42.2381781 0.114842776 94.8365143 255 79 163
43.0002914 0.143644506 94.9115368 255 79 163
42.5807152 0.950383263 96.0099546 255 79 163
43.2668406 0.464986886 95.5110701 255 79 163
2.63784386 1.27455864 0 255 79 163
2.63784386 0.963499764 0.0385399906 255 79 163
2.63784386 0.681538286 0.146362476 255 79 163
2.63784386 0.448252478 0.304137159 255 79 163
2.63784386 0.253803166 0.511303776 255 79 163
2.63784386 0.111906662 0.752313389 255 79 163
2.63784386 0.0282145147 1.00786397 255 79 163
2.63784386 0.00681174695 1.14296251 255 79 163
2.63784386 -4.4408921e-16 1.27455864 255 79 163
81.9099094 1.27455864 -2.22044605e-16 255 79 163
79.2691673 -2.22044605e-16 1.27455864 255 79 163
80.2053477 0.133025943 0.707634614 255 79 163
80.9627842 0.457177068 0.296608163 255 79 163
81.482442 0.828870701 0.0804640153 255 79 163
81.7063898 1.04204901 0.0213870388 255 79 163
79.2691673 -2.22044605e-16 1.27455864 255 79 163
80.2053477 0.133025943 0.707634614 255 79 163
80.9627842 0.457177068 0.296608163 255 79 163
81.482442 0.828870701 0.0804640153 255 79 163
81.7063898 1.04204901 0.0213870388 255 79 163
81.9099094 1.27455864 -2.22044605e-16 255 79 163
82.3296009 1.95016834 6.95831226e-17 255 79 163
82.5737531 2.67441056 3.89875928e-16 255 79 163
82.649664 3.38752885 0 255 79 163
82.649664 3.14273596 21.3632052 255 79 163
82.649664 2.56346244 49.8474789 255 79 163
82.649664 2.0897691 73.0747713 255 79 163
82.649664 1.81073552 96.3020638 255 79 163
80.8227991 0 93.6638411 255 79 163
81.4695148 0.11663426 94.4654539 255 79 163
82.0185333 0.440357408 95.1763266 255 79 163
82.36568 0.839612153 95.6719995 255 79 163
82.5651947 1.26540941 96.0189598 255 79 163
82.6291559 1.53957665 96.180016 255 79 163
79.5335479 -1.83989584e-16 22.9257106 255 79 163
80.128904 -1.53458521e-16 51.7939132 255 79 163
80.5538167 -6.09111791e-17 72.7288772 255 79 163
81.2961875 0.677788348 0.334747592 255 79 163
80.9921317 0.473552284 0.660731085 255 79 163
81.4536273 0.803381751 0.353817307 255 79 163
81.762474 1.10153155 0.148304082 255 79 163
81.3566446 0.723391688 0.637279321 255 79 163
81.745523 1.08247226 0.353817307 255 79 163
81.9716182 1.35348103 0.235878205 255 79 163
81.6584684 0.991195542 0.637279321 255 79 163
82.0782583 1.50321898 0.424852881 255 79 163
81.6376737 0.25299757 79.8224965 255 79 163
81.8921101 0.37519171 87.0680221 255 79 163
82.0840079 0.565656046 83.3693062 255 79 163
82.3262884 0.857854139 83.7701126 255 79 163
82.5138712 1.17622911 87.9474297 255 79 163
82.3448034 0.808737401 95.3837589 255 79 163
82.4973598 1.08625101 95.7391952 255 79 163
80.1306806 0.112032603 0.967644863 255 79 163
80.3314267 0.171752226 0.955918981 255 79 163
80.5556143 0.255147841 0.857523016 255 79 163
80.5123329 0.237481232 0.955918981 255 79 163
80.8049174 0.36993742 0.849705761 255 79 163
82.5142746 2.43846672 0.21242644 255 79 163
82.4355274 2.18919655 2.65692473 255 79 163
82.5479581 2.54264743 3.77296065 255 79 163
80.1373789 0.100491402 8.23119174 255 79 163
80.5376589 0.234667228 6.29672029 255 79 163
82.6063134 2.77443572 9.63637552 255 79 163
82.2242508 1.7016525 7.5459213 255 79 163
79.9106938 0.0427964094 13.1293647 255 79 163
82.5514438 2.4555042 14.4545633 255 79 163
82.4234728 2.03572068 16.3410436 255 79 163
80.2455454 0.0961647436 19.0567677 255 79 163
80.9951424 0.413630399 15.1878248 255 79 163
80.7796544 0.276628637 20.0859978 255 79 163
80.6763138 0.219261124 22.5350843 255 79 163
82.3803544 1.82053277 24.9621538 255 79 163
82.4294683 1.9817613 21.7538316 255 79 163
82.5573076 2.30890923 26.3710018 255 79 163
80.426411 0.0889301178 32.2240391 255 79 163
80.759079 0.210065 29.6561527 255 79 163
80.9279618 0.254689673 33.6115576 255 79 163
81.2466855 0.35074462 41.5223676 255 79 163
81.813335 0.836328946 36.3865948 255 79 163
82.4052198 1.65244251 39.2042906 255 79 163
82.2718181 1.51138335 31.3787983 255 79 163
82.5660431 2.09052135 40.6131386 255 79 163
82.4593114 1.71317281 43.1170368 255 79 163
80.6588196 0.0796337735 46.6581404 255 79 163
81.1110749 0.227601935 48.045659 255 79 163
81.0500453 0.177735401 51.3073046 255 79 163
82.4315055 1.47475107 52.9689654 255 79 163
82.4704293 1.61311163 50.3340875 255 79 163
82.5749259 1.86845005 54.0431 255 79 163
80.8589698 0.0716277679 58.8298836 255 79 163
81.1297087 0.168883912 57.1141278 255 79 163
81.513054 0.284152491 65.8658539 255 79 163
81.2645117 0.204904178 60.0313698 255 79 163
81.9778861 0.671777857 62.4343423 255 79 163
82.4529336 1.32989696 64.5826116 255 79 163
82.3454711 1.21677127 58.2387212 255 79 163
82.5822758 1.68470453 65.6567463 255 79 163
82.496064 1.38239962 67.7545568 255 79 163
82.2631681 0.954408137 67.1249892 255 79 163
81.3871285 0.186765597 70.4988518 255 79 163
82.2747491 0.925810062 70.6141498 255 79 163
82.0366962 0.612967759 72.9018243 255 79 163
81.3262497 0.147046027 72.8153507 255 79 163
81.4354882 0.179611794 75.151066 255 79 163
82.2890903 0.89039628 75.266364 255 79 163
82.3693894 0.974984261 78.8891268 255 79 163
82.5700663 1.44280453 78.422442 255 79 163
81.3588223 0.0874538347 90.3659316 255 79 163
81.8361961 0.32281512 89.5597643 255 79 163
81.8076419 0.298494847 90.8056354 255 79 163
82.093283 0.525182768 91.2064418 255 79 163
81.6973416 0.227960794 92.0255749 255 79 163
82.1853948 0.614841347 92.5988808 255 79 163
80.2025937 0.130631963 1.79826331 255 79 163
80.2385877 0.140478877 2.21357253 255 79 163
80.1018717 0.101911691 2.84239931 255 79 163
80.9335909 0.42901826 4.41023997 255 79 163
80.474247 0.218706401 2.94579501 255 79 163
81.188384 0.591757985 3.15258642 255 79 163
81.8511084 1.19498215 2.14893016 255 79 163
81.940389 1.30173003 2.90475557 255 79 163
82.2050407 1.69535877 3.19415726 255 79 163
81.7363605 1.05921583 3.77859568 255 79 163
82.0583046 1.46029561 3.46277353 255 79 163
81.9692729 1.33356643 4.09160031 255 79 163
81.7389387 1.05622569 4.96544042 255 79 163
82.0608027 1.45412665 5.24304064 255 79 163
82.118237 1.53582399 6.01066752 255 79 163
81.2873317 0.643914843 7.49674455 255 79 163
81.2012808 0.586535335 6.71312063 255 79 163
81.7789992 1.08757781 7.12952096 255 79 163
81.3296638 0.673469486 7.88855652 255 79 163
81.1242724 0.527817129 8.34584495 255 79 163
80.6918177 0.289622219 9.26042181 255 79 163
81.5662739 0.867312249 8.40317155 255 79 163
82.0668487 1.43919675 8.81423954 255 79 163
80.7939613 0.328988836 11.2362228 255 79 163
81.8868172 1.19194803 10.0718931 255 79 163
81.6864294 0.96323454 11.3188819 255 79 163
82.2979724 1.81658847 10.4776287 255 79 163
80.8447087 0.349439328 12.2241233 255 79 163
82.3209396 1.85421101 11.4548645 255 79 163
82.3644232 1.92822727 13.4093362 255 79 163
81.4688287 0.755734551 12.6191943 255 79 163
81.2371836 0.571996172 13.9088419 255 79 163
81.8009414 1.06016905 14.2985805 255 79 163
82.1333655 1.49210265 14.3505748 255 79 163
81.9931337 1.28679936 14.8211941 255 79 163
81.5952796 0.844091622 15.5722311 255 79 163
82.0237077 1.32433709 15.1996751 255 79 163
82.0826767 1.4001114 15.9566373 255 79 163
81.1731143 0.510916847 16.7337433 255 79 163
81.2594858 0.562964711 17.5067025 255 79 163
81.3853948 0.645035295 18.6661414 255 79 163
81.6418206 0.869007779 17.7629734 255 79 163
82.2418576 1.63122528 18.275515 255 79 163
81.2716329 0.558045637 19.3109652 255 79 163
81.6476917 0.863945422 18.9658151 255 79 163
82.092331 1.37627111 19.5651627 255 79 163
81.1115999 0.453258066 19.5693094 255 79 163
81.506547 0.731594872 19.8255802 255 79 163
81.8892911 1.10239814 20.4683307 255 79 163
82.4439474 2.04620975 19.7346277 255 79 163
81.7776778 0.974489 20.9199147 255 79 163
82.5538672 2.39491916 19.8193601 255 79 163
81.7628408 0.95501608 21.3280958 255 79 163
81.7330424 0.916621561 22.1444579 255 79 163
82.5182176 2.25604831 20.464184 255 79 163
82.49122 2.1640029 20.8940665 255 79 163
80.5179712 0.156078262 23.6479279 255 79 163
80.4393152 0.128783698 24.2043498 255 79 163
81.7044361 0.877733872 23.2138987 255 79 163
80.3223321 0.0930932727 25.0389825 255 79 163
81.0964704 0.388298379 27.1522544 255 79 163
81.6901429 0.858592597 23.748619 255 79 163
80.6637859 0.199651037 25.1869847 255 79 163
81.3174507 0.539491318 25.4829889 255 79 163
81.5703343 0.744461506 24.3267423 255 79 163
81.9394607 1.10969264 25.2225714 255 79 163
82.2112257 1.48777532 25.6053815 255 79 163
82.1115999 1.32868869 25.9269953 255 79 163
81.8201284 0.962064859 26.335415 255 79 163
82.0328359 1.20898306 26.7616281 255 79 163
81.8281836 0.952722783 27.9178747 255 79 163
82.1194155 1.30938904 28.3006848 255 79 163
82.1733048 1.37667792 29.3267226 255 79 163
81.3564906 0.523681782 30.2303679 255 79 163
81.4390146 0.572221002 31.2777351 255 79 163
81.479394 0.597076505 31.8014187 255 79 163
81.300953 0.466682006 32.4047983 255 79 163
81.6921812 0.766516642 32.495178 255 79 163
81.7335154 0.789944372 33.7923169 255 79 163
81.8895666 0.881533064 39.037751 255 79 163
81.926162 0.903751607 40.3633291 255 79 163
82.2097292 1.27141137 40.4465989 255 79 163
82.0918356 1.09334352 41.0677531 255 79 163
82.1190617 1.12259642 41.5736622 255 79 163
82.1713029 1.1812589 42.5854804 255 79 163
81.4095609 0.429101406 43.5886628 255 79 163
81.4876913 0.470550902 44.6218104 255 79 163
81.6005021 0.535286681 46.1715318 255 79 163
81.8086841 0.725130615 44.9761814 255 79 163
82.3105226 1.35656533 45.6849232 255 79 163
81.8197668 0.715574597 46.5799704 255 79 163
82.189814 1.13554777 47.3968475 255 79 163
81.5105937 0.461276363 47.027494 255 79 163
81.3802764 0.374080734 47.3668823 255 79 163
81.7078173 0.602781833 47.7212532 255 79 163
82.480135 1.68626109 47.6430832 255 79 163
82.0257104 0.90461574 48.592198 255 79 163
82.5707667 1.97243251 47.7662011 255 79 163
81.9360695 0.797478221 49.1898732 255 79 163
81.9257298 0.779601604 49.7334808 255 79 163
81.905102 0.744561944 50.8206961 255 79 163
82.5418303 1.85077775 48.6221632 255 79 163
82.5200214 1.77063837 49.1928046 255 79 163
80.8628908 0.104104498 52.705845 255 79 163
81.8831658 0.711766411 51.6989887 255 79 163
80.7707141 0.0751579943 53.4051152 255 79 163
81.3975376 0.313031577 55.0163172 255 79 163
81.8721974 0.695687742 52.138135 255 79 163
81.0459847 0.161226527 53.4760024 255 79 163
81.5733014 0.435882339 53.6177768 255 79 163
81.775986 0.602614412 52.6313489 255 79 163
82.0751056 0.897747467 53.2933711 255 79 163
82.2949378 1.20371053 53.5432807 255 79 163
82.2145951 1.07435379 53.8304384 255 79 163
81.9795975 0.777118482 54.2257314 255 79 163
82.1514565 0.976486571 54.5297086 255 79 163
81.9871903 0.768312666 55.5161365 255 79 163
82.2219662 1.05615155 55.7660461 255 79 163
82.2657225 1.10959082 56.5902711 255 79 163
81.6095668 0.42119637 57.4889922 255 79 163
81.6752077 0.460582831 58.1858657 255 79 163
81.7073082 0.480793738 58.5343024 255 79 163
81.5639897 0.375665833 59.0333248 255 79 163
81.8791399 0.616846138 59.1350455 255 79 163
81.9130061 0.635179493 60.2348111 255 79 163
82.065502 0.729697153 65.2242328 255 79 163
82.2946819 1.02589816 65.3684039 255 79 163
82.1989398 0.883419305 65.7613001 255 79 163
82.2209597 0.907010685 66.2158631 255 79 163
81.8675588 0.500547292 68.8119205 255 79 163
82.0622356 0.681277867 69.0313845 255 79 163
82.3743705 1.1011737 69.4703126 255 79 163
81.9498602 0.560230693 69.9845822 255 79 163
82.0681322 0.674439177 70.1944381 255 79 163
82.5617625 1.50867512 71.8444606 255 79 163
82.5028313 1.32149382 72.9882978 255 79 163
82.5634601 1.47953913 74.1705677 255 79 163
82.38999 1.03869573 76.4486339 255 79 163
82.0940005 0.644438133 75.6220213 255 79 163
81.9831585 0.533573599 75.79985 255 79 163
81.8719973 0.428080832 77.1407322 255 79 163
82.239323 0.700407922 88.753597 255 79 163
81.5929525 0.172658424 92.7627656 255 79 163
81.5401069 0.148014261 93.131361 255 79 163
81.5166489 0.137095604 93.5760586 255 79 163
82.5397299 1.19833083 94.4504723 255 79 163
82.5263935 1.16064531 94.8800466 255 79 163
80.9983417 0.47487335 1.59896641 255 79 163
80.8160892 0.372815401 2.05358866 255 79 163
81.0928652 0.532155259 1.97359673 255 79 163
81.109201 0.542056144 2.18125134 255 79 163
81.1357279 0.558411818 2.5050297 255 79 163
81.175957 0.573936734 5.63108035 255 79 163
81.5325343 0.851070003 5.75760941 255 79 163
81.4234468 0.755864338 6.15369391 255 79 163
81.3507436 0.697172814 6.34016948 255 79 163
81.3958182 0.716802961 9.35441023 255 79 163
81.9795431 1.31343677 9.44839866 255 79 163
81.3371873 0.669630969 9.66615745 255 79 163
81.5704651 0.863956948 9.59357119 255 79 163
82.417068 2.09336341 9.22530753 255 79 163
82.389624 2.02341338 9.54238709 255 79 163
80.6533055 0.256562972 13.1993576 255 79 163
81.3545599 0.660767361 13.2693504 255 79 163
81.7967717 1.06537756 13.0992936 255 79 163
81.9882235 1.2964232 13.0142652 255 79 163
81.9432859 1.23561029 13.3393433 255 79 163
81.9776005 1.25213843 16.3438081 255 79 163
81.9220361 1.18040989 16.5373934 255 79 163
81.8327937 1.07223847 16.9459201 255 79 163
81.6213994 0.745420483 28.6249041 255 79 163
81.5118162 0.650488792 28.9784187 255 79 163
81.7592854 0.868662798 29.09452 255 79 163
81.5512567 0.677079823 29.4914377 255 79 163
81.4873996 0.623825088 29.7377477 255 79 163
82.0839871 1.05392697 43.09706 255 79 163
82.0379401 0.992382094 43.3528498 255 79 163
81.9646268 0.899192001 43.8939603 255 79 163
81.8417985 0.615461288 56.4068451 255 79 163
81.765474 0.545032047 56.8521994 255 79 163
82.3087583 0.891192204 77.7815871 255 79 163
82.1568966 0.579338871 93.5418039 255 79 163
82.1423652 0.562024964 94.0132655 255 79 163
82.1022678 0.519984904 94.4009525 255 79 163
82.649664 10.2433564 21.4877264 218 222 230
17.307237 10.2433564 21.4877264 218 222 230
17.307237 8.94574541 21.3301679 218 222 230
17.307237 7.72354681 20.8666491 218 222 230
17.307237 6.64779039 20.1241081 218 222 230
17.307237 5.7809952 19.1456986 218 222 230
17.307237 5.17353622 17.9882822 218 222 230
17.307237 4.86071677 16.7191238 218 222 230
17.307237 4.86071677 15.4119822 218 222 230
17.307237 5.17353622 14.1428238 218 222 230
17.307237 5.7809952 12.9854074 218 222 230
17.307237 6.64779039 12.0069979 218 222 230
17.307237 7.72354681 11.2644569 218 222 230
17.307237 8.94574541 10.8009381 218 222 230
17.307237 10.2433564 10.6433796 218 222 230
17.307237 11.5409675 10.8009381 218 222 230
17.307237 12.7631661 11.2644569 218 222 230
17.307237 13.8389225 12.0069979 218 222 230
17.307237 14.7057177 12.9854074 218 222 230
17.307237 15.3131767 14.1428238 218 222 230
17.307237 15.6259961 15.4119822 218 222 230
17.307237 15.6259961 16.7191238 218 222 230
17.307237 15.3131767 17.9882822 218 222 230
17.307237 14.7057177 19.1456986 218 222 230
17.307237 13.8389225 20.1241081 218 222 230
17.307237 12.7631661 20.8666491 218 222 230
17.307237 11.5409675 21.3301679 218 222 230
17.307237 10.2433564 21.4877264 218 222 230
82.649664 10.2433564 21.4877264 218 222 230
82.649664 8.94574541 21.3301679 218 222 230
82.649664 7.72354681 20.8666491 218 222 230
82.649664 6.64779039 20.1241081 218 222 230
82.649664 5.7809952 19.1456986 218 222 230
82.649664 5.17353622 17.9882822 218 222 230
82.649664 4.86071677 16.7191238 218 222 230
82.649664 4.86071677 15.4119822 218 222 230
82.649664 5.17353622 14.1428238 218 222 230
82.649664 5.7809952 12.9854074 218 222 230
82.649664 6.64779039 12.0069979 218 222 230
82.649664 7.72354681 11.2644569 218 222 230
82.649664 8.94574541 10.8009381 218 222 230
82.649664 10.2433564 10.6433796 218 222 230
82.649664 11.5409675 10.8009381 218 222 230
82.649664 12.7631661 11.2644569 218 222 230
82.649664 13.8389225 12.0069979 218 222 230
82.649664 14.7057177 12.9854074 218 222 230
82.649664 15.3131767 14.1428238 218 222 230
82.649664 15.6259961 15.4119822 218 222 230
82.649664 15.6259961 16.7191238 218 222 230
82.649664 15.3131767 17.9882822 218 222 230
82.649664 14.7057177 19.1456986 218 222 230
82.649664 13.8389225 20.1241081 218 222 230
82.649664 12.7631661 20.8666491 218 222 230
82.649664 11.5409675 21.3301679 218 222 230
82.649664 43.1131995 44.5034723 218 222 230
82.649664 42.6874246 41.2835375 218 222 230
67.1815716 43.1456035 44.7485285 218 222 230
46.5574485 43.2225331 45.3303106 218 222 230
29.0775721 43.2885961 45.8299134 218 222 230
11.5976957 43.3275441 46.1244588 218 222 230
11.5488399 43.3138895 46.0211954 218 222 230
11.5205147 43.2995425 45.9126956 218 222 230
11.5116462 43.2854233 45.8059192 218 222 230
11.5116462 42.6874246 41.2835375 218 222 230
82.649664 43.1131995 44.5034723 218 222 230
82.649664 43.1131995 44.5034723 218 222 230
82.649664 44.969697 47.3770632 218 222 230
82.649664 44.4281921 47.1055752 218 222 230
82.649664 43.9528077 46.7317761 218 222 230
82.649664 43.6215309 46.2999709 218 222 230
82.649664 43.4124321 45.8563789 218 222 230
82.649664 43.2260385 45.1884091 218 222 230
82.6408222 44.9982525 47.308013 218 222 230
82.6147738 45.0252368 47.2427623 218 222 230
82.5729632 45.0491489 47.1849403 218 222 230
82.5177045 45.0686701 47.1377363 218 222 230
82.4520431 45.0827233 47.1037541 218 222 230
82.3919825 45.0896852 47.0869195 218 222 230
82.3295403 45.0920348 47.081238 218 222 230
82.4009088 44.4439951 46.7216271 218 222 230
82.4698657 43.8942404 46.2241965 218 222 230
82.5382661 43.4715433 45.6150367 218 222 230
82.5931135 43.2420648 45.0753711 218 222 230
82.6143304 44.2591854 46.7983169 218 222 230
82.4730776 44.3434592 46.6709124 218 222 230
82.5296332 44.3210312 46.7009193 218 222 230
82.6425624 43.6284186 46.1996524 218 222 230
82.6251387 43.6650855 46.1544678 218 222 230
82.5313023 43.7442998 46.0668264 218 222 230
82.6374986 43.3006289 45.360441 218 222 230
82.6086591 43.3217345 45.3334338 218 222 230
82.6248271 43.3122278 45.3451168 218 222 230
82.589407 43.3290438 45.3257877 218 222 230
82.6372429 43.1916428 44.9294076 218 222 230
82.6289292 43.194058 44.924243 218 222 230
82.619115 43.1955876 44.921159 218 222 230
82.598773 44.7679491 47.092301 218 222 230
82.5817811 44.7786147 47.0698147 218 222 230
82.5627428 44.7885264 47.0491111 218 222 230
82.5720646 44.4569414 46.859469 218 222 230
82.5771521 44.2929956 46.7435397 218 222 230
82.5996787 44.1630948 46.6776459 218 222 230
82.5894904 43.9450756 46.4284105 218 222 230
82.5965565 43.777661 46.2292223 218 222 230
82.5689689 43.7226602 46.0875902 218 222 230
82.6003796 43.6964311 46.1168294 218 222 230
82.6177852 43.5735943 45.9591633 218 222 230
82.6136439 43.4612469 45.7075743 218 222 230
82.6316068 43.240913 45.1196223 218 222 230
82.6451924 43.2115219 45.0541702 218 222 230
82.649664 42.6874246 41.2835375 218 222 230
11.5116462 42.6874246 41.2835375 218 222 230
11.5116462 46.7518752 38.1611019 218 222 230
82.649664 46.7518752 38.1611019 218 222 230
82.649664 47.805799 48.5460386 218 222 230
82.6400954 47.8765439 48.4916902 218 222 230
82.6092486 47.9475441 48.4371456 218 222 230
82.5630926 48.0050027 48.3930042 218 222 230
82.5092971 48.0466358 48.3610204 218 222 230
82.4481724 48.0758449 48.338581 218 222 230
82.3900368 48.0909324 48.3269904 218 222 230
82.3332206 48.0956417 48.3233725 218 222 230
82.3332206 48.0956417 48.3233725 218 222 230
82.3295403 45.0920348 47.081238 218 222 230
82.649664 44.969697 47.3770632 218 222 230
82.6408222 44.9982525 47.308013 218 222 230
82.6147738 45.0252368 47.2427623 218 222 230
82.5729632 45.0491489 47.1849403 218 222 230
82.5177045 45.0686701 47.1377363 218 222 230
82.4520431 45.0827233 47.1037541 218 222 230
82.3919825 45.0896852 47.0869195 218 222 230
82.5569437 47.8291612 48.3135062 218 222 230
82.5568419 47.367029 48.1225027 218 222 230
82.5567024 46.9048823 47.9315339 218 222 230
82.556532 46.4427238 47.7405938 218 222 230
82.5563376 45.9805561 47.5496758 218 222 230
82.5561255 45.5183817 47.3587742 218 222 230
82.5560148 45.2872927 47.2633277 218 222 230
82.649664 46.7518752 38.1611019 218 222 230
11.5116462 46.7518752 38.1611019 218 222 230
11.5116462 51.4882091 40.1198015 218 222 230
82.649664 51.4882091 40.1198015 218 222 230
82.3332206 48.0956417 48.3233725 218 222 230
11.9290506 48.0956417 48.3233725 218 222 230
82.649664 47.805799 48.5460386 218 222 230
82.6400954 47.8765439 48.4916902 218 222 230
82.6092486 47.9475441 48.4371456 218 222 230
82.5630926 48.0050027 48.3930042 218 222 230
82.5092971 48.0466358 48.3610204 218 222 230
82.4481724 48.0758449 48.338581 218 222 230
82.3900368 48.0909324 48.3269904 218 222 230
82.649664 48.0956417 48.3233725 218 222 230
82.649664 52.1600924 45.2009369 218 222 230
11.5116462 52.1600924 45.2009369 218 222 230
11.5116462 48.4770987 48.0303256 218 222 230
11.846623 48.1031658 48.3175923 218 222 230
11.7626618 48.1272975 48.2990536 218 222 230
11.6985712 48.1591251 48.2746026 218 222 230
11.643905 48.1985971 48.244279 218 222 230
11.5971054 48.2459096 48.2079321 218 222 230
11.5608719 48.2974561 48.1683325 218 222 230
11.5352517 48.3506941 48.1274335 218 222 230
11.5172768 48.4146869 48.0782722 218 222 230
82.649664 51.4882091 40.1198015 218 222 230
11.5116462 51.4882091 40.1198015 218 222 230
11.5116462 52.1600924 45.2009369 218 222 230
82.649664 52.1600924 45.2009369 218 222 230
16.13863 10.2433564 20.3191194 255 79 163
16.13863 9.22541138 20.1955185 255 79 163
16.13863 8.26662559 19.831899 255 79 163
16.13863 7.42272021 19.2493932 255 79 163
16.13863 6.74273995 18.4818541 255 79 163
16.13863 6.2662028 17.5738884 255 79 163
16.13863 6.02080336 16.5782638 255 79 163
16.13863 6.02080336 15.5528422 255 79 163
16.13863 6.2662028 14.5572176 255 79 163
16.13863 6.74273995 13.6492519 255 79 163
16.13863 7.42272021 12.8817129 255 79 163
16.13863 8.26662559 12.299207 255 79 163
16.13863 9.22541138 11.9355875 255 79 163
16.13863 10.2433564 11.8119866 255 79 163
16.13863 11.2613015 11.9355875 255 79 163
16.13863 12.2200873 12.299207 255 79 163
16.13863 13.0639927 12.8817129 255 79 163
16.13863 13.7439729 13.6492519 255 79 163
16.13863 14.2205101 14.5572176 255 79 163
16.13863 14.4659095 15.5528422 255 79 163
16.13863 14.4659095 16.5782638 255 79 163
16.13863 14.2205101 17.5738884 255 79 163
16.13863 13.7439729 18.4818541 255 79 163
16.13863 13.0639927 19.2493932 255 79 163
16.13863 12.2200873 19.831899 255 79 163
16.13863 11.2613015 20.1955185 255 79 163
16.13863 10.2433564 20.3191194 255 79 163
17.307237 10.2433564 21.4877264 255 79 163
17.0471975 10.2433564 21.458427 255 79 163
16.8001974 10.2433564 21.371998 255 79 163
16.5786224 10.2433564 21.2327732 255 79 163
16.3935832 10.2433564 21.047734 255 79 163
16.2543585 10.2433564 20.826159 255 79 163
16.1679294 10.2433564 20.5791589 255 79 163
17.307237 10.2433564 21.4877264 255 79 163
17.307237 8.94574541 21.3301679 255 79 163
17.307237 7.72354681 20.8666491 255 79 163
17.307237 6.64779039 20.1241081 255 79 163
17.307237 5.7809952 19.1456986 255 79 163
17.307237 5.17353622 17.9882822 255 79 163
17.307237 4.86071677 16.7191238 255 79 163
17.307237 4.86071677 15.4119822 255 79 163
17.307237 5.17353622 14.1428238 255 79 163
17.307237 5.7809952 12.9854074 255 79 163
17.307237 6.64779039 12.0069979 255 79 163
17.307237 7.72354681 11.2644569 255 79 163
17.307237 8.94574541 10.8009381 255 79 163
17.307237 10.2433564 10.6433796 255 79 163
17.307237 11.5409675 10.8009381 255 79 163
17.307237 12.7631661 11.2644569 255 79 163
17.307237 13.8389225 12.0069979 255 79 163
17.307237 14.7057177 12.9854074 255 79 163
17.307237 15.3131767 14.1428238 255 79 163
17.307237 15.6259961 15.4119822 255 79 163
17.307237 15.6259961 16.7191238 255 79 163
17.307237 15.3131767 17.9882822 255 79 163
17.307237 14.7057177 19.1456986 255 79 163
17.307237 13.8389225 20.1241081 255 79 163
17.307237 12.7631661 20.8666491 255 79 163
17.307237 11.5409675 21.3301679 255 79 163
17.0471975 10.2433564 21.458427 255 79 163
16.8001974 10.2433564 21.371998 255 79 163
16.5786224 10.2433564 21.2327732 255 79 163
16.3935832 10.2433564 21.047734 255 79 163
16.2543585 10.2433564 20.826159 255 79 163
16.1679294 10.2433564 20.5791589 255 79 163
17.0471975 11.5339557 21.3017199 255 79 163
16.8001974 11.5132718 21.2178023 255 79 163
16.5786224 11.4799532 21.0826231 255 79 163
16.3935832 11.4356704 20.9029608 255 79 163
16.2543585 11.382644 20.6878244 255 79 163
17.0471975 12.74955 20.8407058 255 79 163
16.1679294 11.323533 20.4480017 255 79 163
16.8001974 12.7093844 20.7641767 255 79 163
16.5786224 12.6446834 20.6408992 255 79 163
16.3935832 12.5586914 20.4770552 255 79 163
16.2543585 12.4557204 20.2808603 255 79 163
17.0471975 13.8194934 20.1021772 255 79 163
16.1679294 12.3409337 20.0621526 255 79 163
16.8001974 13.7621803 20.0374841 255 79 163
16.5786224 13.6698572 19.9332728 255 79 163
16.3935832 13.5471535 19.794769 255 79 163
16.2543585 13.4002221 19.6289178 255 79 163
17.0471975 14.6816047 19.1290546 255 79 163
16.1679294 13.2364308 19.4440355 255 79 163
16.8001974 14.610475 19.0799573 255 79 163
16.5786224 14.4958953 19.0008686 255 79 163
16.3935832 14.343611 18.8957544 255 79 163
16.2543585 14.1612584 18.7698854 255 79 163
17.0471975 15.2857812 17.9778925 255 79 163
16.1679294 13.9579813 18.6295734 255 79 163
16.8001974 15.2049687 17.9472443 255 79 163
16.5786224 15.0747912 17.8978745 255 79 163
16.3935832 14.9017766 17.8322587 255 79 163
16.2543585 14.6946004 17.7536872 255 79 163
17.0471975 15.5969103 16.7155921 255 79 163
16.1679294 14.4636513 17.6660997 255 79 163
16.8001974 15.5111114 16.7051743 255 79 163
16.5786224 15.3729018 16.6883926 255 79 163
16.3935832 15.1892117 16.6660886 255 79 163
16.2543585 14.9692522 16.6393807 255 79 163
17.0471975 15.5969103 15.4155139 255 79 163
16.1679294 14.7240531 16.6096081 255 79 163
16.8001974 15.5111114 15.4259318 255 79 163
16.5786224 15.3729018 15.4427135 255 79 163
16.3935832 15.1892117 15.4650175 255 79 163
16.2543585 14.9692522 15.4917254 255 79 163
17.0471975 15.2857812 14.1532135 255 79 163
16.1679294 14.7240531 15.5214979 255 79 163
16.8001974 15.2049687 14.1838617 255 79 163
16.5786224 15.0747912 14.2332315 255 79 163
16.3935832 14.9017766 14.2988473 255 79 163
16.2543585 14.6946004 14.3774189 255 79 163
17.0471975 14.6816047 13.0020514 255 79 163
16.1679294 14.4636513 14.4650063 255 79 163
16.8001974 14.610475 13.0511487 255 79 163
16.5786224 14.4958953 13.1302374 255 79 163
16.3935832 14.343611 13.2353517 255 79 163
16.2543585 14.1612584 13.3612206 255 79 163
17.0471975 13.8194934 12.0289289 255 79 163
16.1679294 13.9579813 13.5015326 255 79 163
16.8001974 13.7621803 12.0936219 255 79 163
16.5786224 13.6698572 12.1978332 255 79 163
16.3935832 13.5471535 12.336337 255 79 163
16.2543585 13.4002221 12.5021883 255 79 163
17.0471975 12.74955 11.2904002 255 79 163
16.1679294 13.2364308 12.6870705 255 79 163
16.8001974 12.7093844 11.3669294 255 79 163
16.5786224 12.6446834 11.4902068 255 79 163
16.3935832 12.5586914 11.6540509 255 79 163
16.2543585 12.4557204 11.8502458 255 79 163
17.0471975 11.5339557 10.8293861 255 79 163
16.1679294 12.3409337 12.0689535 255 79 163
16.8001974 11.5132718 10.9133037 255 79 163
16.5786224 11.4799532 11.0484829 255 79 163
16.3935832 11.4356704 11.2281452 255 79 163
16.2543585 11.382644 11.4432816 255 79 163
17.0471975 10.2433564 10.672679 255 79 163
16.1679294 11.323533 11.6831043 255 79 163
16.8001974 10.2433564 10.7591081 255 79 163
16.5786224 10.2433564 10.8983329 255 79 163
16.3935832 10.2433564 11.0833721 255 79 163
16.2543585 10.2433564 11.304947 255 79 163
17.0471975 8.95275722 10.8293861 255 79 163
16.1679294 10.2433564 11.5519471 255 79 163
16.8001974 8.97344105 10.9133037 255 79 163
16.5786224 9.00675972 11.0484829 255 79 163
16.3935832 9.0510425 11.2281452 255 79 163
16.2543585 9.10406887 11.4432816 255 79 163
17.0471975 7.73716293 11.2904002 255 79 163
16.1679294 9.16317985 11.6831043 255 79 163
16.8001974 7.77732852 11.3669294 255 79 163
16.5786224 7.8420295 11.4902068 255 79 163
16.3935832 7.92802151 11.6540509 255 79 163
16.2543585 8.03099254 11.8502458 255 79 163
17.0471975 6.6672195 12.0289289 255 79 163
16.1679294 8.14577919 12.0689535 255 79 163
16.8001974 6.72453257 12.0936219 255 79 163
16.5786224 6.81685568 12.1978332 255 79 163
16.3935832 6.93955937 12.336337 255 79 163
16.2543585 7.08649076 12.5021883 255 79 163
17.0471975 5.80510815 13.0020514 255 79 163
16.1679294 7.2502821 12.6870705 255 79 163
16.8001974 5.87623787 13.0511487 255 79 163
16.5786224 5.99081762 13.1302374 255 79 163
16.3935832 6.1431019 13.2353517 255 79 163
16.2543585 6.32545454 13.3612206 255 79 163
17.0471975 5.20093165 14.1532135 255 79 163
16.1679294 6.52873161 13.5015326 255 79 163
16.8001974 5.28174423 14.1838617 255 79 163
16.5786224 5.41192167 14.2332315 255 79 163
16.3935832 5.58493633 14.2988473 255 79 163
16.2543585 5.79211254 14.3774189 255 79 163
17.0471975 4.88980256 15.4155139 255 79 163
16.1679294 6.02306161 14.4650063 255 79 163
16.8001974 4.97560146 15.4259318 255 79 163
16.5786224 5.11381114 15.4427135 255 79 163
16.3935832 5.2975012 15.4650175 255 79 163
16.2543585 5.51746065 15.4917254 255 79 163
17.0471975 4.88980256 16.7155921 255 79 163
16.1679294 5.76265981 15.5214979 255 79 163
16.8001974 4.97560146 16.7051743 255 79 163
16.5786224 5.11381114 16.6883926 255 79 163
16.3935832 5.2975012 16.6660886 255 79 163
16.2543585 5.51746065 16.6393807 255 79 163
17.0471975 5.20093165 17.9778925 255 79 163
16.1679294 5.76265981 16.6096081 255 79 163
16.8001974 5.28174423 17.9472443 255 79 163
16.5786224 5.41192167 17.8978745 255 79 163
16.3935832 5.58493633 17.8322587 255 79 163
16.2543585 5.79211254 17.7536872 255 79 163
17.0471975 5.80510815 19.1290546 255 79 163
16.1679294 6.02306161 17.6660997 255 79 163
16.8001974 5.87623787 19.0799573 255 79 163
16.5786224 5.99081762 19.0008686 255 79 163
16.3935832 6.1431019 18.8957544 255 79 163
16.2543585 6.32545454 18.7698854 255 79 163
17.0471975 6.6672195 20.1021772 255 79 163
16.1679294 6.52873161 18.6295734 255 79 163
16.8001974 6.72453257 20.0374841 255 79 163
16.5786224 6.81685568 19.9332728 255 79 163
16.3935832 6.93955937 19.794769 255 79 163
16.2543585 7.08649076 19.6289178 255 79 163
17.0471975 7.73716293 20.8407058 255 79 163
16.1679294 7.2502821 19.4440355 255 79 163
16.8001974 7.77732852 20.7641767 255 79 163
16.5786224 7.8420295 20.6408992 255 79 163
16.3935832 7.92802151 20.4770552 255 79 163
16.2543585 8.03099254 20.2808603 255 79 163
17.0471975 8.95275722 21.3017199 255 79 163
16.1679294 8.14577919 20.0621526 255 79 163
16.8001974 8.97344105 21.2178023 255 79 163
16.5786224 9.00675972 21.0826231 255 79 163
16.3935832 9.0510425 20.9029608 255 79 163
16.2543585 9.10406887 20.6878244 255 79 163
16.1679294 9.16317985 20.4480017 255 79 163
82.3295403 45.0920348 47.081238 255 79 163
82.4009088 44.4439951 46.7216271 255 79 163
82.4698657 43.8942404 46.2241965 255 79 163
82.5382661 43.4715433 45.6150367 255 79 163
82.5931135 43.2420648 45.0753711 255 79 163
82.649664 43.1131995 44.5034723 255 79 163
66.7913433 44.8573177 46.9841713 255 79 163
46.0737472 44.3096623 46.7576897 255 79 163
29.0330515 43.8567581 46.5703922 255 79 163
11.9923558 43.5859612 46.4584048 255 79 163
11.8411975 43.4621511 46.380184 255 79 163
11.7603598 43.4057519 46.3178783 255 79 163
11.6877789 43.3630964 46.2461494 255 79 163
11.6385808 43.3403927 46.1857223 255 79 163
11.5976957 43.3275441 46.1244588 255 79 163
67.1815716 43.1456035 44.7485285 255 79 163
46.5574485 43.2225331 45.3303106 255 79 163
29.0775721 43.2885961 45.8299134 255 79 163
74.8599188 43.2452483 45.1309716 255 79 163
74.8257187 43.3688801 45.4546256 255 79 163
77.350782 43.6398781 45.9200415 255 79 163
77.3040069 43.9482329 46.304996 255 79 163
74.7912402 43.5316148 45.7686671 255 79 163
74.755556 43.738059 46.0737046 255 79 163
72.1008184 44.0901625 46.4748068 255 79 163
40.5695893 43.3999204 46.0006141 255 79 163
37.5756596 43.5231361 46.2388149 255 79 163
34.7281236 43.6496953 46.4084319 255 79 163
23.3676598 43.5319459 46.390688 255 79 163
29.0553118 43.4738082 46.2767101 255 79 163
20.4593848 43.3760621 46.2145718 255 79 163
20.534964 43.4349358 46.3065731 255 79 163
17.6370418 43.4451349 46.338908 255 79 163
80.000223 43.2949246 45.2383647 255 79 163
79.8401612 44.2853857 46.6070328 255 79 163
80.6937437 44.337757 46.6460734 255 79 163
78.9947764 44.1679865 46.5107562 255 79 163
73.4803686 43.5838602 45.8644028 255 79 163
71.3807696 43.367763 45.4848213 255 79 163
69.641195 43.4388957 45.6512319 255 79 163
68.7562825 43.5208652 45.8087554 255 79 163
63.4840655 44.0076228 46.4623687 255 79 163
64.6515295 43.9043485 46.352592 255 79 163
61.7328696 44.1635011 46.6051761 255 79 163
53.1408463 43.8839633 46.4437342 255 79 163
56.6743959 43.646306 46.144192 255 79 163
61.2141756 43.8730862 46.3532849 255 79 163
60.1767878 43.4278079 45.750625 255 79 163
52.1242302 43.4771024 45.9593429 255 79 163
51.6159222 43.3391284 45.6907271 255 79 163
49.8491474 43.4133841 45.8799227 255 79 163
48.6712975 43.4668237 45.9947118 255 79 163
43.3216682 43.7567933 46.4245707 255 79 163
31.9028478 43.3882168 46.1055273 255 79 163
81.9417078 43.6010386 45.8373564 255 79 163
81.0956934 43.5251079 45.7168764 255 79 163
81.6434286 43.6721437 45.9444459 255 79 163
80.3469834 43.7168879 46.0121789 255 79 163
80.1780426 43.8902483 46.2277672 255 79 163
79.9201921 43.6977906 45.9880535 255 79 163
79.4974997 43.6538442 45.9279158 255 79 163
79.6117202 43.8425668 46.174858 255 79 163
69.5111189 44.0679868 46.4714651 255 79 163
68.3962736 43.8574463 46.2690372 255 79 163
68.2162691 44.0559883 46.469657 255 79 163
67.7738129 44.1147377 46.5245723 255 79 163
67.478842 44.1542218 46.5596681 255 79 163
66.8889004 44.2337671 46.6261899 255 79 163
66.9864574 43.7047344 46.0993056 255 79 163
66.3057052 43.3754877 45.5601613 255 79 163
67.0840145 43.331914 45.449781 255 79 163
65.9165506 43.3984293 45.6140889 255 79 163
65.3328186 43.4342028 45.6933002 255 79 163
63.6141416 43.4321549 45.711658 255 79 163
65.1057222 43.5697387 45.9294263 255 79 163
48.198064 43.6880261 46.3015635 255 79 163
47.9614473 43.8170858 46.4336563 255 79 163
47.3725224 43.850355 46.4686112 255 79 163
46.3155978 43.5794194 46.1955764 255 79 163
44.9395584 43.4062234 45.9441125 255 79 163
82.1246259 44.3557615 46.6567628 255 79 163
81.9864845 44.3123746 46.6231872 255 79 163
81.5555709 44.3209732 46.6309306 255 79 163
68.1113759 43.420299 45.6320181 255 79 163
67.7889226 43.3758369 45.5427954 255 79 163
67.5539532 43.3606327 45.5116814 255 79 163
67.2814283 43.6724527 46.0533397 255 79 163
66.5973028 43.7370696 46.1445332 255 79 163
66.5322647 44.0806368 46.5037824 255 79 163
66.3539469 44.0074504 46.4389611 255 79 163
65.937872 43.8463634 46.2791307 255 79 163
65.9485327 44.1366325 46.5553533 255 79 163
65.5161983 44.0561078 46.4897472 255 79 163
47.3777563 43.3700515 45.8304646 255 79 163
47.3760116 43.4982991 46.0651894 255 79 163
46.9649854 43.4217623 45.9415433 255 79 163
46.7485229 43.4703195 46.0299527 255 79 163
45.5066528 43.7851235 46.4288398 255 79 163
11.9923558 43.5859612 46.4584048 255 79 163
11.8411975 43.4621511 46.380184 255 79 163
11.7603598 43.4057519 46.3178783 255 79 163
11.6877789 43.3630964 46.2461494 255 79 163
11.6385808 43.3403927 46.1857223 255 79 163
11.5976957 43.3275441 46.1244588 255 79 163
11.9290506 48.0956417 48.3233725 255 79 163
11.9290506 48.0956417 48.3233725 255 79 163
11.846623 48.1031658 48.3175923 255 79 163
11.7626618 48.1272975 48.2990536 255 79 163
11.6985712 48.1591251 48.2746026 255 79 163
11.643905 48.1985971 48.244279 255 79 163
11.5971054 48.2459096 48.2079321 255 79 163
11.5608719 48.2974561 48.1683325 255 79 163
11.5352517 48.3506941 48.1274335 255 79 163
11.5172768 48.4146869 48.0782722 255 79 163
11.5116462 48.4770987 48.0303256 255 79 163
11.5116462 43.2854233 45.8059192 255 79 163
11.5488399 43.3138895 46.0211954 255 79 163
11.5205147 43.2995425 45.9126956 255 79 163
11.5801348 46.8037452 47.5759445 255 79 163
11.7334643 45.9219987 47.3610293 255 79 163
11.7041515 45.9444915 47.3505575 255 79 163
11.6713049 45.9725334 47.3355391 255 79 163
11.6407786 46.0012791 47.3175147 255 79 163
11.5867757 45.0960581 46.8604669 255 79 163
11.7341331 43.4218694 46.3076423 255 79 163
11.6922856 43.4081719 46.269168 255 79 163
11.5116462 43.2854233 45.8059192 218 222 230
11.5116462 42.6874246 41.2835375 218 222 230
11.5116462 46.7518752 38.1611019 218 222 230
11.5116462 51.4882091 40.1198015 218 222 230
11.5116462 52.1600924 45.2009369 218 222 230
11.5116462 48.4770987 48.0303256 218 222 230
11.9290506 48.0956417 48.3233725 218 222 230
11.9923558 43.5859612 46.4584048 218 222 230
82.3295403 45.0920348 47.081238 218 222 230
66.7913433 44.8573177 46.9841713 218 222 230
46.0737472 44.3096623 46.7576897 218 222 230
29.0330515 43.8567581 46.5703922 218 222 230
82.3332206 48.0956417 48.3233725 218 222 230
16.13863 10.2433564 20.3191194 218 222 230
16.13863 9.22541138 20.1955185 218 222 230
16.13863 8.26662559 19.831899 218 222 230
16.13863 7.42272021 19.2493932 218 222 230
16.13863 6.74273995 18.4818541 218 222 230
16.13863 6.2662028 17.5738884 218 222 230
16.13863 6.02080336 16.5782638 218 222 230
16.13863 6.02080336 15.5528422 218 222 230
16.13863 6.2662028 14.5572176 218 222 230
16.13863 6.74273995 13.6492519 218 222 230
16.13863 7.42272021 12.8817129 218 222 230
16.13863 8.26662559 12.299207 218 222 230
16.13863 9.22541138 11.9355875 218 222 230
16.13863 10.2433564 11.8119866 218 222 230
16.13863 11.2613015 11.9355875 218 222 230
16.13863 12.2200873 12.299207 218 222 230
16.13863 13.0639927 12.8817129 218 222 230
16.13863 13.7439729 13.6492519 218 222 230
16.13863 14.2205101 14.5572176 218 222 230
16.13863 14.4659095 15.5528422 218 222 230
16.13863 14.4659095 16.5782638 218 222 230
16.13863 14.2205101 17.5738884 218 222 230
16.13863 13.7439729 18.4818541 218 222 230
16.13863 13.0639927 19.2493932 218 222 230
16.13863 12.2200873 19.831899 218 222 230
16.13863 11.2613015 20.1955185 218 222 230
3 10 6 5
3 10 0 6
3 11 5 4
3 11 10 5
3 12 4 3
3 12 11 4
3 1 10 9
3 1 0 10
3 7 1 9
3 8 12 3
3 2 7 8
3 2 1 7
3 2 8 3
3 28 30 29
3 28 31 30
3 33 28 27
3 33 32 31
3 33 31 28
3 26 33 27
3 25 34 33
3 25 33 26
3 20 25 26
3 20 26 15
3 19 25 20
3 22 21 25
3 35 13 15
3 35 15 26
3 38 35 36
3 38 36 37
3 40 38 39
3 40 35 38
3 42 40 41
3 42 35 40
3 18 25 19
3 18 22 25
3 23 22 18
3 17 23 18
3 14 42 43
3 14 13 35
3 14 35 42
3 50 14 43
3 48 49 50
3 45 50 43
3 45 48 50
3 45 43 44
3 46 48 45
3 46 47 48
3 24 23 17
3 16 24 17
3 76 59 73
3 76 77 59
3 78 75 64
3 79 78 64
3 80 63 62
3 81 63 80
3 82 51 52
3 82 52 53
3 82 53 54
3 82 54 83
3 84 86 85
3 87 83 86
3 87 86 84
3 88 83 87
3 88 82 83
3 89 85 77
3 89 88 87
3 89 84 85
3 89 87 84
3 90 51 82
3 90 88 89
3 90 82 88
3 91 92 76
3 93 60 51
3 93 51 90
3 94 95 91
3 94 91 76
3 94 76 73
3 96 94 73
3 97 60 93
3 98 100 99
3 101 73 74
3 101 98 73
3 101 102 98
3 103 61 60
3 103 105 104
3 103 60 105
3 106 61 103
3 106 103 107
3 108 101 74
3 108 109 101
3 110 106 111
3 112 108 74
3 113 61 114
3 115 61 113
3 116 74 75
3 116 117 74
3 116 118 117
3 119 62 61
3 119 61 115
3 119 115 120
3 121 116 75
3 121 122 116
3 123 62 119
3 123 119 124
3 125 121 75
3 126 125 75
3 127 128 75
3 127 75 78
3 129 78 130
3 129 127 78
3 131 80 62
3 131 62 132
3 133 134 129
3 133 129 130
3 135 134 133
3 136 133 130
3 137 131 135
3 137 138 80
3 137 80 131
3 137 135 133
3 137 136 138
3 137 133 136
3 139 79 140
3 139 136 130
3 139 130 78
3 139 78 79
3 141 138 136
3 141 139 140
3 141 136 139
3 142 80 138
3 142 81 80
3 142 143 81
3 142 138 141
3 144 141 140
3 144 143 142
3 144 142 141
3 145 57 58
3 145 58 59
3 146 56 57
3 146 57 145
3 147 146 145
3 148 145 59
3 149 54 55
3 149 55 56
3 149 56 146
3 149 86 83
3 149 146 147
3 149 83 54
3 150 147 145
3 150 145 148
3 151 85 86
3 151 86 149
3 151 149 147
3 151 147 150
3 152 77 85
3 152 150 148
3 152 148 59
3 152 85 151
3 152 151 150
3 152 59 77
3 153 76 92
3 153 77 76
3 154 93 90
3 154 153 92
3 155 93 154
3 155 154 92
3 156 92 91
3 156 155 92
3 157 156 91
3 157 93 155
3 157 155 156
3 158 91 95
3 158 157 91
3 159 97 93
3 159 158 95
3 159 93 157
3 159 157 158
3 160 95 94
3 160 97 159
3 160 159 95
3 161 94 96
3 161 160 94
3 162 160 161
3 162 97 160
3 163 162 161
3 163 97 162
3 164 96 165
3 164 161 96
3 164 163 161
3 166 96 73
3 166 165 96
3 166 73 167
3 168 97 163
3 168 163 164
3 169 164 165
3 169 168 164
3 170 168 169
3 170 171 97
3 170 97 168
3 170 169 171
3 172 167 73
3 172 173 167
3 174 172 73
3 175 176 60
3 175 97 171
3 175 60 97
3 177 174 73
3 177 73 98
3 177 99 178
3 177 98 99
3 179 177 178
3 179 178 180
3 181 182 180
3 181 180 178
3 183 182 181
3 183 181 178
3 184 182 183
3 184 185 182
3 184 105 185
3 186 183 178
3 186 184 183
3 186 105 184
3 187 186 178
3 187 178 99
3 188 105 186
3 188 186 187
3 189 187 99
3 189 188 187
3 189 99 100
3 190 105 188
3 190 188 189
3 191 105 190
3 191 104 105
3 191 189 100
3 191 190 189
3 192 104 191
3 192 191 100
3 192 100 98
3 193 192 98
3 193 104 192
3 194 193 98
3 194 98 102
3 195 104 193
3 195 193 194
3 196 104 195
3 196 103 104
3 197 102 101
3 198 197 199
3 200 199 197
3 200 197 101
3 201 198 199
3 202 199 200
3 203 107 103
3 203 103 201
3 203 199 202
3 203 201 199
3 204 101 109
3 205 204 109
3 206 106 107
3 207 205 109
3 207 206 205
3 207 106 206
3 208 111 106
3 208 106 207
3 208 207 109
3 209 109 108
3 209 111 208
3 209 208 109
3 210 209 108
3 211 111 209
3 211 209 210
3 211 110 111
3 212 211 210
3 213 110 211
3 213 211 212
3 213 214 110
3 215 214 213
3 216 215 108
3 216 108 112
3 217 214 215
3 217 215 216
3 218 219 214
3 218 214 217
3 220 216 112
3 220 219 218
3 220 217 216
3 220 218 217
3 221 220 112
3 222 214 219
3 223 106 110
3 223 110 214
3 223 214 222
3 223 61 106
3 224 225 74
3 226 224 74
3 227 74 117
3 227 117 228
3 227 226 74
3 227 228 229
3 230 61 223
3 231 114 61
3 231 61 230
3 232 229 233
3 232 227 229
3 232 226 227
3 234 113 114
3 234 114 235
3 236 233 229
3 237 233 236
3 237 113 234
3 238 236 229
3 238 237 236
3 239 115 113
3 239 113 237
3 239 237 238
3 240 238 229
3 240 115 239
3 240 239 238
3 241 228 242
3 241 240 229
3 241 229 228
3 243 241 242
3 243 115 240
3 243 240 241
3 244 243 242
3 244 120 115
3 244 115 243
3 245 120 244
3 245 244 242
3 246 245 242
3 246 120 245
3 247 120 246
3 248 247 118
3 249 118 116
3 249 248 118
3 249 250 248
3 251 249 116
3 251 250 249
3 252 119 120
3 252 120 247
3 252 247 248
3 253 251 116
3 253 116 122
3 254 252 248
3 254 248 250
3 254 119 252
3 255 119 254
3 255 254 250
3 255 124 119
3 256 251 253
3 256 250 251
3 256 124 255
3 256 255 250
3 257 253 122
3 257 256 253
3 257 124 256
3 258 257 122
3 259 258 122
3 259 260 258
3 261 260 259
3 261 259 122
3 261 122 121
3 262 261 121
3 263 262 121
3 263 264 262
3 263 265 264
3 266 263 121
3 266 121 125
3 267 265 263
3 267 263 266
3 268 266 125
3 268 267 266
3 269 265 267
3 269 268 270
3 269 267 268
3 269 270 265
3 271 268 125
3 271 125 126
3 271 126 272
3 273 126 75
3 274 273 75
3 275 276 265
3 275 62 123
3 275 123 276
3 275 265 270
3 277 275 270
3 278 274 75
3 278 75 128
3 278 128 279
3 280 62 275
3 280 275 277
3 281 62 280
3 281 280 277
3 282 62 281
3 282 283 62
3 284 279 128
3 285 287 286
3 285 286 279
3 285 279 284
3 288 285 284
3 289 62 283
3 290 291 132
3 290 288 291
3 290 285 288
3 290 287 285
3 290 132 287
3 292 291 288
3 292 288 284
3 292 128 127
3 292 284 128
3 293 132 62
3 293 62 289
3 293 287 132
3 294 132 291
3 294 291 292
3 295 294 292
3 295 292 127
3 296 127 129
3 296 129 134
3 296 134 295
3 296 295 127
3 297 135 131
3 297 295 134
3 297 134 135
3 298 140 79
3 298 144 140
3 299 298 79
3 299 79 64
3 300 81 143
3 300 143 144
3 301 299 64
3 302 301 64
3 302 64 65
3 302 65 66
3 303 299 301
3 304 301 302
3 304 66 67
3 304 303 301
3 304 302 66
3 305 81 300
3 305 63 81
3 305 300 306
3 307 305 308
3 309 305 307
3 310 69 70
3 310 307 308
3 311 309 307
3 311 307 310
3 311 310 70
3 312 70 71
3 312 71 72
3 312 72 63
3 312 63 305
3 312 311 70
3 312 305 309
3 312 309 311
3 313 90 89
3 313 89 77
3 313 154 90
3 313 153 154
3 313 77 153
3 314 165 166
3 314 169 165
3 314 167 173
3 314 166 167
3 315 175 171
3 315 173 176
3 315 176 175
3 316 172 174
3 316 173 172
3 317 174 177
3 317 177 179
3 318 316 174
3 318 174 317
3 319 180 182
3 319 179 180
3 319 317 179
3 319 318 317
3 320 194 102
3 320 195 194
3 320 196 195
3 321 102 197
3 321 198 322
3 321 197 198
3 321 320 102
3 323 321 322
3 323 322 196
3 323 196 320
3 323 320 321
3 324 322 198
3 325 103 196
3 325 196 322
3 325 322 324
3 326 201 103
3 326 198 201
3 326 324 198
3 326 103 325
3 326 325 324
3 327 200 101
3 327 202 200
3 328 204 329
3 328 101 204
3 328 327 101
3 330 327 328
3 330 329 202
3 330 202 327
3 330 328 329
3 331 329 204
3 332 329 331
3 332 107 203
3 332 202 329
3 332 203 202
3 333 331 204
3 333 107 332
3 333 332 331
3 333 204 205
3 333 205 206
3 333 206 107
3 334 210 108
3 334 108 215
3 334 212 210
3 334 213 212
3 334 215 213
3 335 112 74
3 335 221 112
3 336 335 74
3 337 336 74
3 337 74 225
3 338 220 221
3 338 219 220
3 338 222 219
3 339 223 222
3 339 230 223
3 339 222 338
3 340 339 338
3 340 338 221
3 341 340 221
3 342 230 339
3 342 340 341
3 342 339 340
3 342 231 230
3 343 342 341
3 343 231 342
3 344 225 224
3 345 231 343
3 345 114 231
3 345 235 114
3 346 234 235
3 346 235 344
3 347 224 226
3 347 226 232
3 348 344 224
3 348 346 344
3 348 234 346
3 348 224 347
3 349 232 233
3 349 348 347
3 349 347 232
3 349 234 348
3 349 233 237
3 349 237 234
3 350 228 117
3 350 117 118
3 350 242 228
3 350 118 247
3 350 247 246
3 350 246 242
3 351 124 257
3 351 257 258
3 351 258 260
3 351 123 124
3 351 260 276
3 351 276 123
3 352 262 264
3 352 264 265
3 352 265 276
3 352 260 261
3 352 276 260
3 352 261 262
3 353 270 268
3 353 268 271
3 353 277 270
3 354 273 274
3 354 272 126
3 354 126 273
3 355 353 271
3 356 282 281
3 356 281 277
3 356 277 353
3 356 355 282
3 356 353 355
3 357 271 272
3 357 355 271
3 358 278 279
3 358 274 278
3 358 272 354
3 358 354 274
3 358 286 272
3 358 279 286
3 359 282 355
3 359 283 282
3 359 357 272
3 359 355 357
3 360 293 289
3 360 286 287
3 360 272 286
3 360 283 359
3 360 359 272
3 360 289 283
3 360 287 293
3 361 131 132
3 361 294 295
3 361 132 294
3 362 297 131
3 362 295 297
3 362 131 361
3 362 361 295
3 363 144 298
3 363 300 144
3 363 306 300
3 363 298 306
3 364 298 299
3 364 299 303
3 364 306 298
3 365 364 303
3 365 306 364
3 365 305 306
3 365 308 305
3 366 365 303
3 366 303 304
3 367 308 365
3 367 365 366
3 368 367 366
3 369 366 304
3 369 368 366
3 370 308 367
3 370 368 369
3 370 367 368
3 370 310 308
3 371 370 369
3 371 369 304
3 371 67 68
3 371 68 69
3 371 310 370
3 371 304 67
3 371 69 310
3 372 315 171
3 372 169 314
3 372 314 173
3 372 173 315
3 372 171 169
3 373 176 173
3 373 173 316
3 374 319 182
3 374 182 185
3 374 316 318
3 374 318 319
3 375 221 335
3 375 341 221
3 375 343 341
3 376 335 336
3 376 336 337
3 376 375 335
3 377 343 375
3 377 375 376
3 378 343 377
3 378 377 376
3 379 337 225
3 379 376 337
3 379 235 345
3 379 343 378
3 379 378 376
3 379 345 343
3 379 225 344
3 379 344 235
3 380 60 176
3 380 176 373
3 381 60 380
3 381 380 373
3 382 373 316
3 382 381 373
3 382 316 374
3 383 381 382
3 383 60 381
3 384 105 60
3 384 383 382
3 384 382 374
3 384 60 383
3 384 374 185
3 384 185 105
3 395 393 392
3 396 391 390
3 396 392 391
3 396 395 392
3 397 390 389
3 397 396 390
3 398 389 388
3 398 397 389
3 399 388 387
3 399 398 388
3 400 387 386
3 400 399 387
3 401 386 385
3 401 400 386
3 394 401 385
3 403 402 413
3 415 413 412
3 415 403 413
3 416 412 411
3 416 415 412
3 417 411 410
3 417 416 411
3 418 410 409
3 418 417 410
3 419 409 408
3 419 418 409
3 420 408 407
3 420 419 408
3 421 407 406
3 421 420 407
3 422 406 405
3 422 421 406
3 423 405 404
3 423 422 405
3 414 423 404
3 425 426 424
3 425 427 426
3 429 430 428
3 429 431 430
3 432 444 443
3 432 433 444
3 442 434 432
3 442 435 434
3 442 436 435
3 442 432 443
3 437 436 442
3 438 437 442
3 439 438 442
3 440 439 442
3 441 440 442
3 447 446 448
3 445 446 447
3 455 450 456
3 449 452 451
3 449 453 452
3 449 454 453
3 449 455 454
3 449 450 455
3 457 459 458
3 461 457 463
3 461 463 464
3 461 464 465
3 461 465 466
3 461 466 467
3 461 467 468
3 461 468 469
3 461 469 470
3 461 470 462
3 460 459 457
3 460 457 461
3 471 480 479
3 471 481 480
3 471 482 481
3 471 483 482
3 471 484 483
3 471 485 484
3 471 486 485
3 471 478 486
3 475 476 477
3 474 477 478
3 474 475 477
3 473 474 478
3 472 478 471
3 472 473 478
3 512 496 495
3 513 496 512
3 514 513 509
3 514 496 513
3 515 511 500
3 516 499 498
3 517 488 487
3 517 487 509
3 517 509 513
3 517 513 512
3 518 496 519
3 518 497 496
3 518 521 520
3 518 519 522
3 518 522 521
3 518 520 497
3 523 509 510
3 523 522 509
3 523 521 522
3 524 521 523
3 524 520 521
3 525 523 510
3 526 525 510
3 527 526 510
3 527 528 526
3 529 497 530
3 529 530 528
3 531 497 529
3 532 534 533
3 535 498 497
3 535 497 531
3 535 531 532
3 535 532 533
3 535 536 498
3 535 533 536
3 537 510 511
3 537 533 534
3 537 534 510
3 538 533 537
3 538 536 533
3 539 538 537
3 539 537 511
3 540 539 511
3 541 540 511
3 541 542 540
3 543 536 538
3 543 538 539
3 543 498 536
3 543 539 540
3 543 540 542
3 544 542 541
3 544 541 511
3 545 498 543
3 545 543 542
3 546 544 511
3 547 498 545
3 547 545 542
3 547 542 544
3 548 546 511
3 548 511 515
3 548 515 549
3 550 516 498
3 550 498 547
3 550 549 516
3 551 549 515
3 551 515 552
3 551 516 549
3 551 553 516
3 554 551 552
3 554 553 551
3 555 554 552
3 555 553 554
3 555 552 515
3 555 516 553
3 556 489 488
3 556 490 489
3 556 491 490
3 556 492 491
3 556 493 492
3 556 494 493
3 556 495 494
3 556 512 495
3 556 488 517
3 556 517 512
3 557 509 522
3 557 514 509
3 557 522 519
3 558 523 525
3 558 524 523
3 558 520 524
3 558 525 526
3 558 497 520
3 559 526 528
3 559 558 526
3 560 497 558
3 560 558 559
3 561 530 497
3 561 528 530
3 561 559 528
3 561 497 560
3 561 560 559
3 562 528 527
3 562 527 510
3 562 529 528
3 563 532 531
3 563 534 532
3 563 510 534
3 563 531 529
3 563 562 510
3 563 529 562
3 564 544 546
3 564 547 544
3 565 547 564
3 565 550 547
3 566 565 564
3 566 550 565
3 566 564 546
3 567 566 546
3 567 546 548
3 568 550 566
3 568 566 567
3 569 550 568
3 569 567 548
3 569 568 567
3 569 548 549
3 569 549 550
3 570 555 515
3 570 515 500
3 571 570 500
3 572 516 555
3 572 499 516
3 573 500 501
3 573 501 502
3 573 571 500
3 574 506 507
3 574 507 508
3 574 508 499
3 574 499 572
3 574 572 575
3 574 575 576
3 577 519 496
3 577 557 519
3 577 496 514
3 577 514 557
3 578 555 570
3 578 572 555
3 579 572 578
3 579 578 570
3 580 570 571
3 581 579 570
3 581 570 580
3 582 575 572
3 582 576 575
3 582 572 579
3 582 581 576
3 582 579 581
3 583 571 573
3 583 580 571
3 584 576 581
3 584 581 580
3 584 580 583
3 585 584 583
3 586 583 573
3 586 585 583
3 587 574 576
3 587 576 584
3 587 584 585
3 587 585 586
3 588 502 503
3 588 503 504
3 588 504 505
3 588 505 506
3 588 573 502
3 588 586 573
3 588 574 587
3 588 587 586
3 588 506 574
3 591 592 593
3 591 593 594
3 591 594 595
3 591 595 596
3 591 596 597
3 591 597 598
3 599 591 598
3 600 591 599
3 601 591 600
3 602 591 601
3 603 591 602
3 604 591 603
3 605 591 604
3 606 591 605
3 607 591 606
3 613 591 607
3 612 607 608
3 612 613 607
3 589 613 616
3 589 591 613
3 615 589 616
3 614 589 615
3 590 589 614
3 611 608 609
3 611 609 610
3 611 612 608
3 643 622 621
3 644 623 622
3 645 622 643
3 646 621 620
3 647 643 621
3 647 621 646
3 647 645 643
3 648 625 624
3 649 641 642
3 650 629 628
3 651 629 650
3 652 630 629
3 652 631 632
3 652 632 633
3 652 633 634
3 652 634 635
3 652 635 636
3 652 636 637
3 652 637 638
3 652 638 630
3 652 642 631
3 652 629 651
3 652 651 642
3 653 620 619
3 654 620 653
3 654 646 620
3 654 647 646
3 655 624 623
3 655 645 647
3 655 648 624
3 655 644 622
3 655 623 644
3 655 622 645
3 656 647 654
3 656 654 653
3 656 648 655
3 656 653 619
3 656 655 647
3 657 619 618
3 657 656 619
3 658 657 618
3 659 648 656
3 659 656 657
3 660 657 658
3 660 659 657
3 661 660 658
3 662 663 617
3 664 661 663
3 665 667 666
3 665 662 667
3 665 666 664
3 665 664 663
3 665 663 662
3 668 664 666
3 668 666 669
3 668 669 648
3 670 667 662
3 671 662 617
3 671 670 662
3 672 666 667
3 672 669 666
3 673 617 639
3 673 671 617
3 674 676 675
3 674 669 676
3 677 674 675
3 678 669 674
3 678 625 648
3 678 648 669
3 678 674 677
3 679 625 678
3 679 678 677
3 680 625 679
3 681 680 682
3 683 673 639
3 684 683 639
3 684 685 683
3 686 688 687
3 686 625 688
3 689 691 690
3 692 639 640
3 692 693 639
3 694 693 692
3 694 689 693
3 694 691 689
3 694 692 695
3 694 695 691
3 696 690 691
3 697 626 625
3 697 686 690
3 697 690 696
3 697 625 686
3 698 696 691
3 698 691 695
3 699 696 698
3 699 697 696
3 699 626 697
3 700 699 698
3 701 695 692
3 701 692 640
3 702 701 640
3 702 703 701
3 704 706 705
3 704 626 706
3 707 708 640
3 709 711 710
3 709 710 708
3 709 708 707
3 712 640 641
3 712 707 640
3 713 711 709
3 713 709 707
3 713 707 712
3 714 627 626
3 714 710 711
3 714 704 710
3 714 626 704
3 715 627 714
3 716 627 715
3 717 716 718
3 717 627 716
3 719 717 718
3 719 627 717
3 720 718 712
3 720 712 641
3 721 628 627
3 721 723 722
3 721 627 719
3 721 722 628
3 724 720 641
3 725 722 723
3 725 720 724
3 725 723 720
3 726 724 641
3 726 722 725
3 726 725 724
3 727 726 641
3 728 628 729
3 730 650 628
3 730 649 731
3 730 731 650
3 730 729 649
3 730 628 728
3 730 728 729
3 732 649 642
3 732 731 649
3 732 650 731
3 732 651 650
3 732 642 651
3 733 618 617
3 733 658 618
3 733 661 658
3 733 617 663
3 733 663 661
3 734 660 661
3 734 661 664
3 735 648 659
3 735 659 660
3 735 660 734
3 736 734 664
3 736 648 735
3 736 735 734
3 737 648 736
3 737 736 664
3 737 664 668
3 737 668 648
3 738 672 667
3 738 667 670
3 739 670 671
3 740 676 669
3 740 672 738
3 740 669 672
3 741 738 670
3 741 670 739
3 741 740 738
3 742 739 671
3 743 675 676
3 743 741 739
3 743 740 741
3 743 742 675
3 743 739 742
3 743 676 740
3 744 671 673
3 744 675 742
3 744 742 671
3 745 744 673
3 746 675 744
3 746 677 675
3 746 744 745
3 747 746 745
3 748 746 747
3 749 748 747
3 750 673 751
3 752 682 748
3 752 748 749
3 752 750 751
3 752 749 750
3 753 681 682
3 753 682 752
3 754 681 753
3 754 753 752
3 754 752 751
3 755 754 751
3 756 754 755
3 756 681 754
3 756 755 757
3 758 755 751
3 758 757 755
3 758 673 683
3 758 751 673
3 759 625 680
3 759 680 681
3 760 681 756
3 760 756 757
3 760 759 681
3 761 758 683
3 762 683 685
3 762 761 683
3 763 758 761
3 763 761 762
3 764 760 757
3 764 759 760
3 764 625 759
3 765 688 757
3 765 757 758
3 765 758 763
3 766 757 688
3 766 764 757
3 766 625 764
3 766 688 625
3 767 688 765
3 767 763 762
3 767 765 763
3 768 685 769
3 768 687 688
3 768 688 767
3 768 762 685
3 768 767 762
3 768 769 687
3 770 769 685
3 770 685 684
3 770 687 769
3 771 770 684
3 771 687 770
3 772 684 639
3 773 771 684
3 773 684 772
3 773 772 774
3 775 772 639
3 775 774 772
3 776 773 774
3 776 771 773
3 777 686 687
3 777 687 771
3 777 771 776
3 778 693 779
3 778 639 693
3 778 775 639
3 780 774 775
3 780 778 779
3 780 775 778
3 781 686 777
3 781 776 774
3 781 777 776
3 782 781 774
3 782 690 686
3 782 686 781
3 783 782 774
3 783 780 779
3 783 774 780
3 784 690 782
3 784 782 783
3 784 783 779
3 785 690 784
3 785 779 693
3 785 689 690
3 785 693 689
3 785 784 779
3 786 700 698
3 786 698 695
3 787 788 700
3 787 700 786
3 787 786 695
3 787 695 701
3 789 626 699
3 789 699 700
3 790 700 788
3 790 789 700
3 791 787 701
3 791 788 787
3 792 701 703
3 792 791 701
3 793 788 706
3 793 706 626
3 793 626 789
3 793 790 788
3 793 789 790
3 794 791 792
3 795 788 791
3 795 706 788
3 795 791 794
3 796 794 792
3 796 795 794
3 796 706 795
3 797 798 705
3 797 792 703
3 797 706 796
3 797 705 706
3 797 703 798
3 797 796 792
3 799 705 798
3 799 798 703
3 799 703 702
3 800 799 702
3 801 800 802
3 801 705 799
3 801 704 705
3 801 799 800
3 803 800 702
3 803 802 800
3 803 702 804
3 805 702 640
3 805 804 702
3 805 640 708
3 805 708 804
3 806 801 802
3 806 704 801
3 806 802 803
3 806 803 804
3 807 704 806
3 807 806 804
3 807 710 704
3 807 708 710
3 807 804 708
3 808 712 718
3 808 718 716
3 808 713 712
3 808 716 715
3 808 711 713
3 809 719 718
3 809 718 720
3 810 719 809
3 810 721 719
3 811 809 720
3 811 810 809
3 811 721 810
3 812 720 723
3 812 723 721
3 812 811 720
3 812 721 811
3 813 641 649
3 813 729 814
3 813 814 727
3 813 727 641
3 813 649 729
3 815 628 722
3 815 814 729
3 815 722 726
3 815 727 814
3 815 726 727
3 815 729 628
3 816 745 673
3 816 747 745
3 816 749 747
3 816 673 750
3 816 750 749
3 817 679 677
3 817 680 679
3 817 682 680
3 817 748 682
3 817 677 746
3 817 746 748
3 818 714 711
3 818 711 808
3 818 715 714
3 818 808 715
3 845 827 828
3 845 846 827
3 847 849 848
3 850 841 840
3 850 849 847
3 850 840 849
3 851 844 843
3 852 822 823
3 853 852 823
3 854 823 824
3 854 853 823
3 855 854 824
3 855 853 854
3 856 824 825
3 856 855 824
3 857 856 825
3 858 846 859
3 860 861 858
3 860 858 859
3 862 859 846
3 862 860 859
3 862 846 845
3 862 845 863
3 864 860 862
3 864 861 860
3 864 862 863
3 865 848 849
3 865 861 864
3 865 849 861
3 866 864 863
3 866 865 864
3 866 848 865
3 867 866 863
3 867 848 866
3 868 845 828
3 868 863 845
3 868 867 863
3 868 869 867
3 870 850 847
3 870 847 848
3 870 848 867
3 870 867 869
3 871 868 828
3 872 841 850
3 872 870 869
3 872 850 870
3 873 875 874
3 876 841 872
3 877 878 875
3 879 841 877
3 880 881 828
3 880 882 881
3 883 841 879
3 884 880 828
3 884 828 829
3 885 883 886
3 885 841 883
3 885 842 841
3 887 842 885
3 887 885 888
3 889 884 829
3 889 890 884
3 891 842 887
3 891 887 892
3 893 889 829
3 894 893 829
3 895 897 896
3 898 900 899
3 901 842 897
3 901 897 895
3 902 829 830
3 902 904 903
3 902 903 829
3 905 843 842
3 905 901 906
3 905 842 901
3 907 908 902
3 907 902 830
3 909 843 905
3 910 912 911
3 913 914 830
3 915 914 913
3 916 918 917
3 919 916 917
3 920 913 830
3 920 921 913
3 920 830 819
3 922 924 923
3 925 920 819
3 926 922 923
3 926 927 922
3 928 929 851
3 928 851 843
3 928 927 926
3 930 929 928
3 930 928 926
3 931 925 819
3 931 932 925
3 933 929 934
3 933 936 935
3 937 936 932
3 937 932 931
3 937 935 936
3 938 937 931
3 939 819 820
3 939 938 931
3 939 931 819
3 940 937 938
3 940 938 939
3 941 935 937
3 941 937 940
3 942 851 929
3 942 929 933
3 942 933 935
3 942 935 941
3 943 941 940
3 944 943 940
3 945 943 944
3 946 945 944
3 946 944 821
3 947 821 822
3 947 822 852
3 947 946 821
3 947 852 946
3 948 844 851
3 949 853 855
3 949 855 856
3 949 856 857
3 949 948 853
3 950 825 826
3 950 826 844
3 950 857 825
3 950 844 948
3 950 949 857
3 950 948 949
3 951 831 827
3 951 832 831
3 951 833 832
3 951 846 858
3 951 827 846
3 952 836 835
3 952 837 836
3 952 838 837
3 952 839 838
3 952 840 839
3 953 952 954
3 953 858 861
3 953 861 849
3 953 849 840
3 953 840 952
3 955 869 868
3 955 868 871
3 955 872 869
3 955 876 872
3 956 871 828
3 956 874 871
3 956 873 874
3 956 828 873
3 957 871 874
3 957 955 871
3 958 876 955
3 958 955 957
3 959 958 957
3 960 957 874
3 960 959 957
3 960 874 875
3 960 875 878
3 961 876 958
3 961 959 960
3 961 960 878
3 961 958 959
3 961 878 876
3 962 875 873
3 962 963 875
3 962 873 828
3 964 962 828
3 965 881 966
3 965 964 828
3 965 828 881
3 967 963 962
3 967 962 964
3 967 964 965
3 967 965 966
3 967 966 963
3 968 878 877
3 968 841 876
3 968 876 878
3 968 877 841
3 969 963 966
3 970 879 877
3 970 963 969
3 970 875 963
3 970 877 875
3 971 969 966
3 971 970 969
3 972 883 879
3 972 879 970
3 972 970 971
3 973 883 972
3 973 972 971
3 974 966 881
3 974 971 966
3 974 973 971
3 974 881 882
3 975 973 974
3 975 883 973
3 976 886 883
3 976 883 975
3 976 974 882
3 976 975 974
3 977 880 978
3 977 976 882
3 977 882 880
3 977 886 976
3 979 977 978
3 979 886 977
3 980 979 978
3 981 880 884
3 981 978 880
3 981 982 980
3 981 980 978
3 983 885 886
3 983 886 979
3 983 979 980
3 984 981 884
3 984 982 981
3 985 885 983
3 985 980 982
3 985 983 980
3 986 982 984
3 987 888 885
3 987 885 985
3 987 985 982
3 987 982 986
3 988 986 984
3 989 988 990
3 989 990 890
3 991 888 989
3 991 989 890
3 991 887 888
3 991 892 887
3 991 890 892
3 992 993 891
3 992 891 892
3 992 892 890
3 994 992 890
3 995 994 890
3 995 890 889
3 996 995 889
3 997 996 889
3 998 997 889
3 998 889 893
3 999 996 997
3 999 1000 993
3 1001 998 893
3 1001 999 997
3 1001 1000 999
3 1001 997 998
3 1002 1001 893
3 1002 893 894
3 1002 894 896
3 1003 993 1000
3 1004 894 829
3 1005 891 993
3 1005 842 891
3 1005 993 1003
3 1006 1004 829
3 1007 1006 829
3 1007 899 900
3 1007 829 903
3 1007 903 899
3 1008 842 1005
3 1008 1005 1003
3 1009 897 842
3 1009 842 1008
3 1010 1006 1007
3 1010 1007 900
3 1010 1011 1004
3 1010 900 1011
3 1010 1004 1006
3 1012 895 896
3 1013 1012 1011
3 1014 1013 1011
3 1015 895 1012
3 1015 1012 1013
3 1015 1013 1014
3 1015 901 895
3 1016 1014 1011
3 1016 1011 900
3 1017 1014 1016
3 1017 1015 1014
3 1017 901 1015
3 1017 906 901
3 1017 1016 1018
3 1017 1018 906
3 1019 900 898
3 1019 1016 900
3 1020 1018 1016
3 1020 906 1018
3 1020 1016 1019
3 1021 1019 898
3 1021 906 1020
3 1021 1020 1019
3 1021 898 1022
3 1023 906 1021
3 1023 1021 1022
3 1024 904 902
3 1024 1026 1025
3 1024 1025 904
3 1027 1026 1024
3 1027 1024 902
3 1028 905 906
3 1028 906 1023
3 1028 1023 1025
3 1029 1027 902
3 1029 902 908
3 1029 1026 1027
3 1030 905 1028
3 1030 1028 1025
3 1030 1025 1026
3 1031 905 1030
3 1031 1032 909
3 1031 1030 1026
3 1031 909 905
3 1033 1026 1029
3 1033 1031 1026
3 1033 1032 1031
3 1034 1033 1029
3 1034 1029 908
3 1034 1032 1033
3 1035 1034 908
3 1036 1034 1035
3 1036 1035 911
3 1037 1035 908
3 1037 911 1035
3 1038 914 1039
3 1038 907 830
3 1038 1039 907
3 1038 830 914
3 1040 910 911
3 1040 1037 1041
3 1040 911 1037
3 1042 1040 1041
3 1043 910 1040
3 1043 918 910
3 1043 1040 1042
3 1043 1042 1044
3 1045 914 917
3 1045 1039 914
3 1045 917 918
3 1045 1044 1039
3 1045 918 1043
3 1045 1043 1044
3 1046 912 910
3 1046 910 918
3 1046 843 909
3 1046 909 912
3 1047 917 914
3 1047 914 915
3 1047 919 917
3 1048 1047 915
3 1048 919 1047
3 1049 1046 918
3 1049 843 1046
3 1050 918 916
3 1050 1049 918
3 1050 843 1049
3 1051 1048 915
3 1052 924 919
3 1052 919 1048
3 1052 923 924
3 1052 1048 1051
3 1052 1051 923
3 1053 913 921
3 1053 915 913
3 1053 1051 915
3 1054 916 919
3 1054 843 1050
3 1054 1050 916
3 1055 843 1054
3 1056 1053 921
3 1056 923 1051
3 1056 1051 1053
3 1057 921 920
3 1058 919 924
3 1058 1055 1054
3 1058 1054 919
3 1058 924 922
3 1058 922 927
3 1058 928 843
3 1058 927 928
3 1058 843 1055
3 1059 926 923
3 1059 923 1056
3 1060 926 1059
3 1060 1056 921
3 1060 1059 1056
3 1061 1057 920
3 1061 1062 1057
3 1063 1057 1062
3 1063 921 1057
3 1063 926 1060
3 1063 1060 921
3 1064 1062 1061
3 1064 920 925
3 1064 925 932
3 1064 1061 920
3 1065 1064 932
3 1065 934 1062
3 1065 933 934
3 1065 932 936
3 1065 936 933
3 1065 1062 1064
3 1066 1062 934
3 1066 934 929
3 1066 1063 1062
3 1066 930 926
3 1066 929 930
3 1066 926 1063
3 1067 820 821
3 1067 939 820
3 1067 940 939
3 1067 821 944
3 1067 944 940
3 1068 851 942
3 1068 942 941
3 1068 941 943
3 1068 945 851
3 1068 943 945
3 1069 945 946
3 1069 852 853
3 1069 948 851
3 1069 851 945
3 1069 946 852
3 1069 853 948
3 1070 954 952
3 1070 834 833
3 1070 835 834
3 1070 953 954
3 1070 952 835
3 1070 858 953
3 1070 833 951
3 1070 951 858
3 1071 990 988
3 1071 984 884
3 1071 884 890
3 1071 890 990
3 1071 988 984
3 1072 989 888
3 1072 888 987
3 1072 987 986
3 1072 986 988
3 1072 988 989
3 1073 993 992
3 1073 994 995
3 1073 996 999
3 1073 999 993
3 1073 995 996
3 1073 992 994
3 1074 1000 1001
3 1074 1001 1002
3 1074 1003 1000
3 1074 1008 1003
3 1074 1009 1008
3 1075 1002 896
3 1075 1074 1002
3 1075 896 897
3 1076 1009 1074
3 1076 1074 1075
3 1076 1075 897
3 1076 897 1009
3 1077 894 1004
3 1077 896 894
3 1077 1004 1011
3 1077 1012 896
3 1077 1011 1012
3 1078 903 904
3 1078 899 903
3 1078 898 899
3 1078 1022 898
3 1078 904 1025
3 1078 1025 1023
3 1078 1023 1022
3 1079 1037 908
3 1079 1041 1037
3 1079 1042 1041
3 1079 1039 1044
3 1079 1044 1042
3 1079 908 907
3 1079 907 1039
3 1080 1032 1034
3 1080 1034 1036
3 1080 1036 911
3 1080 909 1032
3 1080 911 912
3 1080 912 909
3 1087 1088 1089
3 1087 1089 1090
3 1087 1090 1091
3 1087 1091 1092
3 1087 1092 1093
3 1087 1093 1094
3 1087 1094 1095
3 1096 1087 1095
3 1097 1087 1096
3 1098 1087 1097
3 1099 1087 1098
3 1100 1087 1099
3 1101 1087 1100
3 1102 1087 1101
3 1103 1087 1102
3 1083 1087 1103
3 1104 1083 1084
3 1104 1087 1083
3 1107 1084 1085
3 1107 1105 1104
3 1107 1106 1105
3 1107 1104 1084
3 1082 1085 1086
3 1082 1086 1081
3 1108 1085 1082
3 1108 1107 1085
3 1117 1108 1082
3 1109 1117 1082
3 1115 1116 1117
3 1114 1115 1117
3 1111 1117 1109
3 1111 1109 1110
3 1113 1114 1117
3 1113 1117 1111
3 1112 1113 1111
3 1119 1145 1118
3 1127 1124 1125
3 1127 1125 1126
3 1138 1159 1158
3 1138 1160 1159
3 1138 1137 1160
3 1136 1144 1135
3 1161 1121 1122
3 1162 1141 1140
3 1162 1142 1141
3 1163 1146 1145
3 1163 1147 1146
3 1163 1148 1147
3 1163 1145 1119
3 1164 1148 1163
3 1164 1149 1148
3 1164 1150 1149
3 1165 1119 1120
3 1165 1120 1121
3 1165 1163 1119
3 1165 1121 1161
3 1166 1164 1163
3 1166 1163 1165
3 1167 1164 1166
3 1168 1150 1164
3 1168 1151 1150
3 1169 1152 1151
3 1169 1151 1168
3 1170 1153 1152
3 1170 1152 1169
3 1171 1164 1167
3 1171 1168 1164
3 1172 1161 1173
3 1172 1167 1166
3 1172 1165 1161
3 1172 1171 1167
3 1172 1166 1165
3 1174 1169 1168
3 1174 1168 1171
3 1174 1171 1172
3 1175 1153 1170
3 1175 1154 1153
3 1176 1169 1174
3 1176 1172 1173
3 1176 1174 1172
3 1176 1170 1169
3 1177 1175 1170
3 1177 1170 1176
3 1177 1176 1173
3 1178 1175 1177
3 1179 1155 1154
3 1179 1154 1175
3 1180 1156 1155
3 1180 1155 1179
3 1181 1122 1123
3 1181 1123 1124
3 1181 1161 1122
3 1181 1124 1127
3 1182 1175 1178
3 1182 1179 1175
3 1183 1177 1173
3 1183 1182 1178
3 1183 1178 1177
3 1183 1173 1184
3 1185 1157 1156
3 1185 1156 1180
3 1186 1180 1179
3 1186 1179 1182
3 1186 1182 1183
3 1186 1183 1184
3 1187 1173 1161
3 1187 1161 1181
3 1188 1127 1128
3 1188 1181 1127
3 1188 1187 1181
3 1189 1185 1180
3 1189 1180 1186
3 1189 1186 1184
3 1190 1185 1189
3 1191 1187 1188
3 1192 1158 1157
3 1192 1157 1185
3 1192 1185 1190
3 1193 1173 1187
3 1193 1187 1191
3 1194 1189 1184
3 1194 1190 1189
3 1194 1184 1162
3 1194 1192 1190
3 1195 1191 1188
3 1195 1128 1129
3 1195 1188 1128
3 1195 1193 1191
3 1196 1173 1193
3 1197 1158 1192
3 1197 1139 1138
3 1197 1140 1139
3 1197 1162 1140
3 1197 1138 1158
3 1197 1192 1194
3 1197 1194 1162
3 1198 1184 1173
3 1198 1173 1196
3 1199 1129 1130
3 1199 1195 1129
3 1199 1193 1195
3 1199 1196 1193
3 1200 1198 1196
3 1201 1200 1196
3 1201 1130 1131
3 1201 1199 1130
3 1201 1196 1199
3 1202 1200 1201
3 1202 1198 1200
3 1203 1198 1202
3 1203 1184 1198
3 1204 1184 1203
3 1204 1162 1184
3 1205 1203 1202
3 1205 1131 1132
3 1205 1202 1201
3 1205 1201 1131
3 1206 1204 1203
3 1207 1203 1205
3 1207 1132 1133
3 1207 1205 1132
3 1207 1206 1203
3 1208 1204 1206
3 1208 1206 1207
3 1209 1204 1208
3 1209 1162 1204
3 1209 1143 1142
3 1209 1142 1162
3 1210 1207 1133
3 1210 1133 1134
3 1210 1134 1135
3 1210 1208 1207
3 1210 1209 1208
3 1210 1144 1143
3 1210 1143 1209
3 1210 1135 1144
3 1212 1238 1211
3 1239 1238 1212
3 1220 1217 1218
3 1220 1218 1219
3 1231 1251 1250
3 1231 1230 1251
3 1237 1236 1228
3 1229 1237 1228
3 1252 1213 1214
3 1252 1214 1215
3 1252 1215 1216
3 1253 1234 1233
3 1254 1212 1213
3 1254 1240 1239
3 1254 1241 1240
3 1254 1239 1212
3 1254 1213 1252
3 1255 1254 1256
3 1255 1241 1254
3 1255 1242 1241
3 1255 1243 1242
3 1257 1255 1256
3 1258 1244 1243
3 1258 1245 1244
3 1258 1255 1257
3 1258 1243 1255
3 1259 1257 1256
3 1259 1258 1257
3 1260 1259 1256
3 1260 1258 1259
3 1261 1246 1245
3 1261 1258 1260
3 1261 1245 1258
3 1262 1252 1216
3 1262 1216 1217
3 1262 1220 1221
3 1262 1221 1222
3 1262 1217 1220
3 1263 1256 1254
3 1263 1252 1262
3 1263 1254 1252
3 1264 1260 1256
3 1265 1260 1264
3 1265 1261 1260
3 1266 1246 1261
3 1266 1247 1246
3 1267 1264 1268
3 1267 1265 1264
3 1267 1266 1261
3 1267 1261 1265
3 1269 1247 1266
3 1269 1248 1247
3 1270 1222 1223
3 1270 1262 1222
3 1270 1263 1262
3 1270 1256 1263
3 1271 1269 1266
3 1271 1266 1267
3 1271 1267 1268
3 1272 1256 1270
3 1273 1269 1271
3 1273 1271 1268
3 1274 1256 1272
3 1275 1268 1264
3 1275 1264 1256
3 1275 1256 1274
3 1276 1223 1224
3 1276 1270 1223
3 1276 1272 1270
3 1276 1274 1272
3 1277 1249 1248
3 1277 1250 1249
3 1277 1248 1269
3 1277 1231 1250
3 1278 1273 1268
3 1279 1269 1273
3 1279 1277 1269
3 1279 1273 1278
3 1279 1278 1253
3 1280 1268 1275
3 1280 1275 1274
3 1281 1277 1279
3 1281 1279 1253
3 1282 1232 1231
3 1282 1233 1232
3 1282 1231 1277
3 1282 1277 1281
3 1282 1253 1233
3 1282 1281 1253
3 1283 1268 1280
3 1284 1224 1225
3 1284 1276 1224
3 1284 1274 1276
3 1284 1280 1274
3 1284 1283 1280
3 1285 1268 1283
3 1286 1278 1268
3 1286 1253 1278
3 1286 1268 1285
3 1287 1225 1226
3 1287 1284 1225
3 1287 1283 1284
3 1287 1285 1283
3 1288 1286 1285
3 1288 1253 1286
3 1289 1253 1288
3 1290 1226 1227
3 1290 1227 1228
3 1290 1287 1226
3 1290 1285 1287
3 1290 1288 1285
3 1290 1289 1288
3 1291 1228 1236
3 1291 1235 1234
3 1291 1236 1235
3 1291 1234 1253
3 1291 1290 1228
3 1291 1253 1289
3 1291 1289 1290
3 1299 1292 1293
3 1295 1294 1292
3 1300 1292 1299
3 1300 1295 1292
3 1296 1295 1300
3 1301 1296 1300
3 1297 1296 1301
3 1298 1297 1301
3 1354 1313 1314
3 1355 1312 1313
3 1355 1313 1354
3 1316 1314 1315
3 1316 1353 1354
3 1316 1354 1314
3 1357 1311 1312
3 1357 1312 1355
3 1357 1355 1363
3 1333 1307 1311
3 1334 1311 1357
3 1334 1333 1311
3 1332 1307 1333
3 1344 1363 1355
3 1335 1334 1357
3 1331 1307 1332
3 1336 1335 1357
3 1352 1353 1316
3 1330 1307 1331
3 1351 1352 1316
3 1337 1336 1357
3 1337 1357 1356
3 1329 1307 1330
3 1338 1337 1356
3 1328 1307 1329
3 1339 1338 1356
3 1327 1307 1328
3 1326 1307 1327
3 1325 1307 1326
3 1324 1307 1325
3 1362 1344 1343
3 1362 1346 1345
3 1362 1347 1346
3 1362 1348 1347
3 1362 1349 1348
3 1362 1350 1349
3 1362 1343 1350
3 1362 1345 1351
3 1362 1363 1344
3 1361 1362 1351
3 1358 1339 1356
3 1358 1318 1317
3 1358 1340 1339
3 1358 1341 1340
3 1358 1342 1341
3 1358 1317 1342
3 1308 1319 1318
3 1308 1320 1319
3 1308 1321 1320
3 1308 1322 1321
3 1308 1323 1322
3 1308 1324 1323
3 1308 1307 1324
3 1308 1318 1358
3 1359 1308 1358
3 1303 1351 1316
3 1303 1361 1351
3 1303 1360 1361
3 1309 1359 1360
3 1309 1308 1359
3 1310 1309 1360
3 1310 1360 1303
3 1302 1310 1303
3 1305 1302 1306
3 1304 1302 1305
3 1304 1310 1302
3 1375 1376 1377
3 1374 1377 1378
3 1374 1375 1377
3 1373 1374 1378
3 1372 1373 1378
3 1371 1378 1379
3 1371 1372 1378
3 1370 1371 1379
3 1369 1379 1380
3 1369 1370 1379
3 1368 1380 1381
3 1368 1369 1380
3 1367 1381 1382
3 1367 1368 1381
3 1366 1382 1383
3 1366 1367 1382
3 1365 1383 1384
3 1365 1366 1383
3 1364 1384 1385
3 1364 1365 1384
3 1405 1387 1386
3 1405 1388 1387
3 1405 1389 1388
3 1405 1390 1389
3 1405 1391 1390
3 1405 1392 1391
3 1405 1393 1392
3 1405 1394 1393
3 1406 1394 1405
3 1406 1405 1386
3 1407 1386 1395
3 1407 1406 1386
3 1407 1394 1406
3 1408 1396 1394
3 1408 1394 1407
3 1409 1398 1397
3 1409 1399 1398
3 1410 1399 1409
3 1411 1400 1399
3 1411 1399 1410
3 1412 1400 1411
3 1413 1401 1400
3 1413 1402 1401
3 1413 1400 1412
3 1414 1408 1407
3 1414 1407 1395
3 1415 1408 1414
3 1416 1414 1395
3 1416 1415 1414
3 1417 1416 1395
3 1417 1415 1416
3 1418 1396 1408
3 1418 1408 1415
3 1419 1415 1417
3 1419 1418 1415
3 1420 1397 1396
3 1420 1412 1411
3 1420 1410 1409
3 1420 1411 1410
3 1420 1409 1397
3 1420 1413 1412
3 1420 1396 1418
3 1420 1418 1421
3 1422 1418 1419
3 1422 1421 1418
3 1423 1417 1395
3 1423 1419 1417
3 1423 1422 1419
3 1424 1403 1402
3 1424 1402 1413
3 1424 1420 1421
3 1424 1413 1420
3 1424 1421 1422
3 1425 1404 1403
3 1425 1395 1404
3 1425 1403 1424
3 1425 1423 1395
3 1425 1422 1423
3 1425 1424 1422
3 1430 1432 1431
3 1430 1433 1432
3 1430 1434 1433
3 1435 1434 1430
3 1436 1435 1430
3 1437 1436 1430
3 1438 1437 1430
3 1439 1438 1430
3 1426 1439 1430
3 1429 1426 1430
3 1428 1427 1426
3 1428 1426 1429
3 1449 1443 1442
3 1448 1449 1442
3 1447 1448 1442
3 1446 1447 1442
3 1440 1446 1442
3 1445 1446 1440
3 1441 1445 1440
3 1444 1445 1441
3 1475 1457 1458
3 1475 1476 1457
3 1477 1451 1452
3 1478 1452 1453
3 1478 1477 1452
3 1478 1479 1477
3 1480 1478 1453
3 1480 1479 1478
3 1481 1479 1480
3 1482 1453 1454
3 1482 1481 1480
3 1482 1480 1453
3 1483 1481 1482
3 1483 1482 1454
3 1484 1483 1454
3 1484 1481 1483
3 1485 1481 1484
3 1486 1454 1455
3 1486 1484 1454
3 1486 1485 1484
3 1487 1455 1456
3 1487 1473 1485
3 1487 1486 1455
3 1487 1456 1473
3 1487 1485 1486
3 1488 1461 1462
3 1488 1462 1463
3 1489 1461 1488
3 1489 1488 1490
3 1489 1490 1491
3 1492 1461 1489
3 1493 1494 1475
3 1493 1495 1494
3 1496 1469 1461
3 1496 1461 1492
3 1497 1498 1493
3 1497 1493 1475
3 1497 1475 1458
3 1499 1497 1458
3 1500 1499 1458
3 1501 1469 1496
3 1501 1496 1498
3 1502 1469 1501
3 1502 1500 1503
3 1504 1503 1500
3 1504 1500 1458
3 1505 1469 1502
3 1505 1502 1503
3 1506 1458 1507
3 1506 1504 1458
3 1508 1469 1509
3 1510 1470 1469
3 1510 1469 1508
3 1510 1511 1470
3 1510 1508 1512
3 1513 1514 1511
3 1513 1511 1510
3 1515 1458 1459
3 1515 1507 1458
3 1515 1514 1507
3 1516 1515 1459
3 1517 1470 1511
3 1518 1470 1517
3 1519 1471 1470
3 1519 1470 1520
3 1519 1520 1521
3 1522 1523 1519
3 1522 1524 1523
3 1525 1524 1526
3 1527 1459 1460
3 1527 1526 1528
3 1527 1525 1526
3 1527 1528 1459
3 1529 1527 1460
3 1530 1471 1519
3 1530 1519 1523
3 1531 1471 1530
3 1532 1533 1460
3 1534 1532 1460
3 1535 1471 1531
3 1536 1472 1471
3 1536 1471 1537
3 1538 1539 1536
3 1540 1542 1541
3 1543 1460 1450
3 1543 1540 1541
3 1543 1534 1460
3 1543 1541 1534
3 1544 1543 1450
3 1545 1450 1451
3 1545 1451 1477
3 1546 1472 1536
3 1546 1536 1539
3 1547 1466 1467
3 1548 1467 1468
3 1548 1468 1457
3 1548 1547 1467
3 1549 1465 1466
3 1549 1466 1547
3 1550 1547 1548
3 1550 1549 1547
3 1551 1549 1550
3 1552 1550 1548
3 1553 1463 1464
3 1553 1464 1465
3 1553 1465 1549
3 1553 1490 1488
3 1553 1549 1551
3 1553 1488 1463
3 1554 1550 1552
3 1554 1551 1550
3 1555 1551 1554
3 1555 1490 1553
3 1555 1553 1551
3 1556 1552 1548
3 1556 1548 1457
3 1556 1554 1552
3 1556 1555 1554
3 1556 1457 1476
3 1557 1559 1558
3 1557 1489 1491
3 1557 1492 1489
3 1557 1558 1560
3 1557 1560 1492
3 1557 1556 1476
3 1557 1476 1559
3 1561 1558 1559
3 1561 1560 1558
3 1561 1492 1560
3 1562 1561 1559
3 1563 1561 1562
3 1563 1496 1492
3 1563 1492 1561
3 1564 1496 1563
3 1564 1563 1495
3 1565 1495 1493
3 1565 1564 1495
3 1566 1565 1493
3 1566 1496 1564
3 1566 1564 1565
3 1567 1493 1498
3 1567 1498 1496
3 1567 1566 1493
3 1567 1496 1566
3 1568 1498 1497
3 1568 1501 1498
3 1569 1497 1499
3 1570 1568 1497
3 1570 1497 1569
3 1570 1501 1568
3 1571 1569 1499
3 1571 1570 1569
3 1571 1501 1570
3 1572 1499 1500
3 1572 1571 1499
3 1573 1572 1500
3 1573 1501 1571
3 1573 1571 1572
3 1574 1502 1501
3 1574 1500 1502
3 1574 1501 1573
3 1574 1573 1500
3 1575 1469 1505
3 1575 1509 1469
3 1575 1576 1509
3 1577 1509 1576
3 1578 1577 1506
3 1578 1509 1577
3 1579 1506 1507
3 1579 1578 1506
3 1579 1507 1512
3 1579 1512 1508
3 1580 1509 1578
3 1580 1578 1579
3 1580 1579 1508
3 1580 1508 1509
3 1581 1512 1507
3 1581 1510 1512
3 1582 1581 1507
3 1582 1510 1581
3 1583 1582 1507
3 1583 1507 1514
3 1583 1514 1513
3 1584 1513 1510
3 1584 1510 1582
3 1584 1582 1583
3 1584 1583 1513
3 1585 1514 1515
3 1585 1511 1514
3 1586 1585 1515
3 1586 1587 1511
3 1586 1516 1587
3 1586 1511 1585
3 1586 1515 1516
3 1588 1516 1589
3 1588 1511 1587
3 1588 1587 1516
3 1590 1588 1589
3 1590 1517 1511
3 1590 1511 1588
3 1591 1589 1516
3 1591 1516 1459
3 1591 1592 1589
3 1593 1589 1592
3 1594 1590 1589
3 1594 1517 1590
3 1594 1589 1593
3 1595 1591 1459
3 1595 1459 1596
3 1597 1593 1592
3 1597 1517 1594
3 1597 1594 1593
3 1598 1599 1528
3 1600 1599 1598
3 1601 1598 1528
3 1601 1602 1600
3 1601 1600 1598
3 1603 1470 1518
3 1604 1602 1601
3 1604 1605 1602
3 1606 1602 1605
3 1607 1601 1528
3 1607 1605 1604
3 1607 1604 1601
3 1608 1520 1470
3 1608 1470 1603
3 1608 1603 1606
3 1608 1606 1605
3 1608 1605 1520
3 1609 1607 1528
3 1610 1605 1607
3 1610 1607 1609
3 1611 1528 1526
3 1611 1526 1521
3 1611 1609 1528
3 1612 1521 1526
3 1612 1519 1521
3 1613 1612 1526
3 1613 1519 1612
3 1614 1613 1526
3 1615 1614 1522
3 1615 1522 1519
3 1615 1519 1613
3 1615 1613 1614
3 1616 1522 1614
3 1616 1524 1522
3 1616 1526 1524
3 1616 1614 1526
3 1617 1524 1525
3 1617 1523 1524
3 1618 1525 1527
3 1619 1523 1617
3 1619 1525 1618
3 1619 1617 1525
3 1620 1618 1527
3 1620 1523 1619
3 1620 1619 1618
3 1621 1523 1620
3 1621 1620 1527
3 1621 1622 1523
3 1621 1529 1622
3 1621 1527 1529
3 1623 1523 1622
3 1623 1530 1523
3 1624 1530 1623
3 1625 1626 1529
3 1625 1529 1460
3 1627 1626 1625
3 1627 1628 1626
3 1629 1630 1626
3 1629 1530 1624
3 1629 1624 1630
3 1631 1626 1628
3 1631 1629 1626
3 1632 1625 1460
3 1632 1627 1625
3 1633 1530 1629
3 1633 1629 1631
3 1633 1631 1628
3 1634 1632 1460
3 1634 1460 1533
3 1635 1633 1628
3 1636 1530 1633
3 1636 1633 1635
3 1636 1635 1531
3 1636 1531 1530
3 1637 1628 1627
3 1637 1632 1634
3 1637 1635 1628
3 1637 1531 1635
3 1637 1627 1632
3 1638 1637 1634
3 1638 1531 1637
3 1639 1634 1533
3 1639 1638 1634
3 1639 1531 1638
3 1639 1533 1640
3 1639 1640 1535
3 1639 1535 1531
3 1641 1532 1534
3 1642 1532 1641
3 1643 1642 1641
3 1643 1641 1534
3 1644 1471 1535
3 1645 1643 1534
3 1646 1642 1643
3 1646 1647 1642
3 1646 1643 1645
3 1646 1648 1647
3 1649 1471 1644
3 1650 1647 1648
3 1651 1645 1534
3 1652 1471 1649
3 1652 1649 1650
3 1652 1650 1648
3 1652 1537 1471
3 1652 1648 1537
3 1653 1645 1651
3 1653 1646 1645
3 1653 1648 1646
3 1653 1654 1537
3 1653 1537 1648
3 1655 1534 1541
3 1655 1651 1534
3 1655 1653 1651
3 1655 1654 1653
3 1655 1541 1654
3 1656 1537 1654
3 1656 1654 1541
3 1656 1536 1537
3 1657 1536 1656
3 1657 1656 1541
3 1658 1657 1541
3 1659 1536 1657
3 1659 1538 1536
3 1659 1657 1658
3 1660 1658 1541
3 1660 1541 1542
3 1660 1538 1659
3 1660 1659 1658
3 1660 1542 1538
3 1661 1539 1538
3 1661 1538 1542
3 1661 1542 1540
3 1662 1540 1543
3 1662 1661 1540
3 1663 1539 1661
3 1663 1661 1662
3 1664 1662 1543
3 1664 1539 1663
3 1664 1663 1662
3 1665 1543 1544
3 1665 1539 1664
3 1665 1666 1539
3 1665 1544 1666
3 1665 1664 1543
3 1667 1539 1666
3 1667 1666 1544
3 1668 1539 1667
3 1668 1667 1544
3 1668 1544 1669
3 1670 1544 1450
3 1670 1669 1544
3 1671 1546 1539
3 1671 1539 1668
3 1671 1668 1669
3 1672 1673 1669
3 1672 1669 1670
3 1674 1670 1450
3 1674 1450 1545
3 1674 1672 1670
3 1675 1669 1673
3 1676 1546 1671
3 1676 1671 1669
3 1676 1669 1675
3 1677 1675 1673
3 1677 1546 1676
3 1677 1676 1675
3 1678 1677 1679
3 1678 1546 1677
3 1680 1556 1557
3 1680 1491 1490
3 1680 1490 1555
3 1680 1557 1491
3 1680 1555 1556
3 1681 1475 1494
3 1681 1476 1475
3 1681 1563 1562
3 1681 1562 1559
3 1681 1495 1563
3 1681 1494 1495
3 1681 1559 1476
3 1682 1503 1504
3 1682 1505 1503
3 1682 1504 1506
3 1682 1575 1505
3 1683 1575 1682
3 1683 1682 1506
3 1684 1576 1575
3 1684 1506 1577
3 1684 1577 1576
3 1684 1683 1506
3 1684 1575 1683
3 1685 1596 1686
3 1685 1592 1591
3 1685 1591 1595
3 1685 1595 1596
3 1687 1603 1518
3 1688 1600 1602
3 1688 1687 1600
3 1688 1606 1603
3 1688 1602 1606
3 1688 1603 1687
3 1689 1609 1611
3 1690 1605 1610
3 1690 1610 1609
3 1690 1609 1689
3 1690 1520 1605
3 1691 1521 1520
3 1691 1690 1689
3 1691 1520 1690
3 1691 1611 1521
3 1691 1689 1611
3 1692 1622 1529
3 1692 1623 1622
3 1693 1692 1529
3 1693 1623 1692
3 1694 1693 1529
3 1694 1626 1630
3 1694 1624 1623
3 1694 1630 1624
3 1694 1529 1626
3 1694 1623 1693
3 1695 1644 1535
3 1695 1535 1640
3 1696 1642 1647
3 1696 1644 1695
3 1696 1649 1644
3 1696 1650 1649
3 1696 1647 1650
3 1697 1679 1677
3 1697 1673 1672
3 1697 1672 1674
3 1697 1677 1673
3 1698 1697 1674
3 1698 1679 1697
3 1699 1698 1674
3 1699 1674 1545
3 1700 1698 1699
3 1700 1679 1698
3 1700 1678 1679
3 1701 1700 1699
3 1701 1699 1545
3 1701 1678 1700
3 1701 1545 1477
3 1701 1479 1678
3 1701 1477 1479
3 1702 1485 1473
3 1702 1546 1678
3 1702 1473 1474
3 1702 1474 1472
3 1702 1472 1546
3 1703 1597 1592
3 1703 1518 1517
3 1703 1517 1597
3 1703 1685 1686
3 1703 1592 1685
3 1703 1686 1518
3 1704 1686 1596
3 1705 1695 1640
3 1705 1640 1533
3 1705 1533 1532
3 1705 1532 1642
3 1705 1696 1695
3 1705 1642 1696
3 1706 1702 1678
3 1706 1481 1485
3 1706 1485 1702
3 1706 1678 1479
3 1706 1479 1481
3 1707 1704 1596
3 1707 1596 1459
3 1708 1707 1459
3 1708 1704 1707
3 1709 1528 1599
3 1709 1708 1459
3 1709 1704 1708
3 1709 1459 1528
3 1710 1687 1518
3 1710 1686 1704
3 1710 1518 1686
3 1711 1599 1600
3 1711 1709 1599
3 1711 1704 1709
3 1711 1687 1710
3 1711 1710 1704
3 1711 1600 1687
3 1722 1719 1718
3 1722 1720 1719
3 1723 1717 1716
3 1723 1718 1717
3 1723 1722 1718
3 1724 1715 1714
3 1724 1716 1715
3 1724 1723 1716
3 1725 1714 1713
3 1725 1724 1714
3 1726 1713 1712
3 1726 1725 1713
3 1721 1726 1712
3 1749 1729 1730
3 1750 1729 1749
3 1751 1749 1730
3 1752 1730 1731
3 1752 1731 1732
3 1752 1751 1730
3 1753 1749 1751
3 1753 1750 1749
3 1754 1751 1752
3 1755 1732 1733
3 1755 1752 1732
3 1755 1754 1752
3 1756 1753 1751
3 1756 1751 1754
3 1757 1754 1755
3 1757 1756 1754
3 1757 1755 1733
3 1758 1740 1748
3 1759 1758 1760
3 1759 1760 1761
3 1762 1759 1761
3 1763 1743 1742
3 1764 1744 1743
3 1764 1743 1763
3 1765 1727 1728
3 1766 1765 1728
3 1767 1728 1729
3 1767 1766 1728
3 1767 1729 1750
3 1768 1766 1767
3 1769 1768 1767
3 1769 1767 1750
3 1769 1750 1753
3 1770 1733 1734
3 1770 1734 1735
3 1770 1757 1733
3 1771 1770 1735
3 1772 1771 1735
3 1773 1727 1774
3 1775 1735 1736
3 1775 1772 1735
3 1775 1776 1772
3 1777 1746 1727
3 1777 1727 1773
3 1778 1775 1736
3 1779 1778 1736
3 1780 1746 1777
3 1780 1777 1781
3 1782 1746 1780
3 1783 1746 1782
3 1784 1785 1736
3 1786 1784 1736
3 1787 1746 1788
3 1787 1747 1746
3 1789 1790 1787
3 1789 1791 1790
3 1792 1791 1793
3 1794 1786 1736
3 1794 1793 1786
3 1794 1736 1737
3 1794 1792 1793
3 1795 1794 1737
3 1796 1747 1787
3 1796 1787 1790
3 1797 1747 1796
3 1798 1747 1797
3 1799 1800 1737
3 1801 1799 1737
3 1802 1748 1747
3 1802 1747 1803
3 1802 1804 1748
3 1805 1806 1804
3 1805 1804 1802
3 1807 1806 1808
3 1809 1737 1738
3 1809 1801 1737
3 1809 1807 1808
3 1809 1808 1801
3 1810 1809 1738
3 1810 1811 1809
3 1812 1748 1804
3 1813 1814 1812
3 1815 1812 1814
3 1815 1748 1812
3 1816 1748 1815
3 1816 1815 1814
3 1816 1758 1748
3 1817 1816 1814
3 1818 1760 1758
3 1818 1761 1760
3 1819 1738 1739
3 1819 1739 1762
3 1819 1761 1818
3 1819 1762 1761
3 1820 1740 1758
3 1820 1759 1821
3 1820 1758 1759
3 1822 1820 1821
3 1823 1822 1821
3 1824 1740 1820
3 1824 1820 1822
3 1824 1822 1823
3 1825 1824 1823
3 1826 1765 1766
3 1826 1727 1765
3 1826 1766 1768
3 1827 1727 1826
3 1828 1727 1827
3 1828 1774 1727
3 1828 1829 1774
3 1830 1831 1829
3 1830 1829 1828
3 1830 1828 1827
3 1832 1756 1757
3 1832 1757 1770
3 1832 1770 1771
3 1833 1832 1771
3 1834 1771 1772
3 1834 1833 1771
3 1835 1829 1831
3 1836 1831 1833
3 1836 1833 1834
3 1836 1835 1831
3 1836 1834 1772
3 1837 1829 1835
3 1837 1835 1836
3 1837 1836 1772
3 1838 1829 1837
3 1839 1838 1837
3 1839 1837 1772
3 1840 1772 1776
3 1840 1839 1772
3 1841 1774 1842
3 1841 1773 1774
3 1843 1841 1842
3 1843 1840 1776
3 1844 1843 1776
3 1844 1773 1841
3 1844 1841 1843
3 1845 1846 1773
3 1845 1773 1844
3 1847 1844 1776
3 1847 1845 1844
3 1848 1847 1776
3 1849 1777 1773
3 1849 1773 1846
3 1849 1850 1851
3 1852 1851 1850
3 1853 1849 1851
3 1853 1777 1849
3 1854 1852 1775
3 1854 1851 1852
3 1854 1775 1778
3 1854 1778 1855
3 1856 1853 1851
3 1856 1851 1854
3 1857 1781 1777
3 1858 1781 1857
3 1859 1855 1778
3 1860 1858 1859
3 1860 1859 1778
3 1860 1781 1858
3 1861 1781 1860
3 1862 1860 1778
3 1862 1863 1861
3 1862 1778 1779
3 1862 1779 1863
3 1862 1861 1860
3 1864 1781 1861
3 1864 1780 1781
3 1865 1780 1864
3 1866 1780 1865
3 1866 1867 1868
3 1866 1865 1867
3 1869 1780 1866
3 1870 1866 1868
3 1870 1869 1866
3 1870 1868 1871
3 1872 1780 1869
3 1872 1782 1780
3 1873 1869 1870
3 1873 1870 1871
3 1873 1872 1869
3 1873 1782 1872
3 1874 1873 1871
3 1874 1782 1873
3 1875 1874 1871
3 1875 1871 1868
3 1876 1782 1874
3 1877 1875 1868
3 1877 1779 1736
3 1877 1868 1779
3 1878 1782 1876
3 1878 1783 1782
3 1878 1879 1783
3 1878 1785 1879
3 1880 1877 1736
3 1880 1875 1877
3 1880 1874 1875
3 1881 1736 1785
3 1881 1876 1874
3 1881 1878 1876
3 1881 1785 1878
3 1881 1874 1880
3 1881 1880 1736
3 1882 1746 1783
3 1883 1746 1882
3 1884 1785 1784
3 1884 1882 1783
3 1884 1783 1879
3 1884 1879 1785
3 1885 1886 1788
3 1885 1788 1746
3 1885 1746 1883
3 1887 1884 1784
3 1887 1882 1884
3 1888 1885 1883
3 1888 1886 1885
3 1888 1889 1886
3 1890 1888 1883
3 1890 1883 1882
3 1890 1887 1784
3 1890 1882 1887
3 1890 1889 1888
3 1891 1890 1784
3 1891 1889 1890
3 1892 1891 1784
3 1892 1784 1786
3 1893 1889 1891
3 1893 1891 1892
3 1893 1892 1786
3 1894 1889 1893
3 1894 1886 1889
3 1895 1893 1786
3 1895 1894 1893
3 1895 1886 1894
3 1896 1886 1895
3 1897 1895 1786
3 1897 1896 1895
3 1898 1786 1793
3 1898 1897 1786
3 1898 1793 1899
3 1900 1787 1788
3 1900 1788 1899
3 1900 1899 1793
3 1901 1787 1900
3 1901 1900 1793
3 1902 1789 1787
3 1902 1787 1901
3 1903 1789 1902
3 1903 1901 1793
3 1903 1902 1901
3 1904 1789 1903
3 1904 1791 1789
3 1904 1903 1793
3 1904 1793 1791
3 1905 1791 1792
3 1905 1790 1791
3 1906 1905 1792
3 1906 1790 1905
3 1907 1792 1794
3 1907 1906 1792
3 1908 1907 1794
3 1908 1790 1906
3 1908 1906 1907
3 1909 1910 1790
3 1909 1795 1910
3 1909 1908 1794
3 1909 1790 1908
3 1909 1794 1795
3 1911 1790 1910
3 1911 1796 1790
3 1912 1796 1911
3 1913 1914 1915
3 1913 1796 1912
3 1913 1912 1914
3 1916 1915 1917
3 1916 1913 1915
3 1918 1796 1913
3 1918 1913 1916
3 1918 1916 1917
3 1919 1797 1796
3 1919 1796 1918
3 1920 1797 1919
3 1920 1918 1917
3 1920 1919 1918
3 1921 1917 1915
3 1922 1797 1920
3 1922 1920 1917
3 1922 1917 1921
3 1923 1795 1737
3 1923 1915 1795
3 1923 1921 1915
3 1924 1797 1922
3 1925 1798 1797
3 1925 1926 1798
3 1925 1800 1926
3 1925 1797 1924
3 1927 1923 1737
3 1927 1922 1921
3 1927 1921 1923
3 1928 1737 1800
3 1928 1924 1922
3 1928 1927 1737
3 1928 1800 1925
3 1928 1925 1924
3 1928 1922 1927
3 1929 1747 1798
3 1930 1798 1926
3 1930 1926 1800
3 1930 1800 1799
3 1931 1747 1929
3 1931 1803 1747
3 1931 1932 1803
3 1933 1930 1799
3 1933 1798 1930
3 1933 1929 1798
3 1934 1931 1929
3 1934 1932 1931
3 1934 1935 1932
3 1936 1933 1799
3 1936 1934 1929
3 1936 1935 1934
3 1936 1929 1933
3 1937 1935 1936
3 1937 1936 1799
3 1938 1937 1799
3 1938 1799 1801
3 1939 1937 1938
3 1939 1938 1801
3 1939 1935 1937
3 1940 1935 1939
3 1940 1932 1935
3 1941 1939 1801
3 1941 1940 1939
3 1941 1932 1940
3 1942 1932 1941
3 1943 1942 1941
3 1943 1941 1801
3 1944 1943 1801
3 1944 1808 1945
3 1944 1801 1808
3 1946 1803 1945
3 1946 1945 1808
3 1946 1802 1803
3 1947 1946 1808
3 1947 1802 1946
3 1948 1802 1947
3 1948 1805 1802
3 1949 1947 1808
3 1949 1948 1947
3 1949 1805 1948
3 1950 1949 1808
3 1950 1805 1949
3 1950 1808 1806
3 1950 1806 1805
3 1951 1804 1806
3 1951 1806 1807
3 1952 1951 1807
3 1952 1807 1809
3 1953 1951 1952
3 1953 1952 1809
3 1953 1804 1951
3 1954 1953 1809
3 1954 1804 1953
3 1954 1811 1804
3 1954 1809 1811
3 1955 1804 1811
3 1955 1811 1810
3 1955 1812 1804
3 1956 1955 1810
3 1956 1810 1957
3 1958 1812 1955
3 1958 1955 1956
3 1958 1956 1957
3 1959 1812 1958
3 1959 1958 1957
3 1959 1813 1812
3 1959 1957 1813
3 1960 1738 1961
3 1960 1961 1814
3 1960 1810 1738
3 1960 1957 1810
3 1960 1814 1813
3 1960 1813 1957
3 1962 1961 1738
3 1962 1814 1961
3 1962 1819 1963
3 1962 1817 1814
3 1962 1963 1817
3 1962 1738 1819
3 1964 1817 1963
3 1964 1965 1816
3 1964 1816 1817
3 1964 1963 1965
3 1966 1758 1816
3 1966 1816 1965
3 1966 1965 1963
3 1967 1762 1823
3 1967 1759 1762
3 1967 1823 1821
3 1967 1821 1759
3 1968 1740 1824
3 1968 1824 1825
3 1969 1740 1968
3 1970 1740 1969
3 1970 1741 1740
3 1971 1762 1739
3 1971 1823 1762
3 1971 1825 1823
3 1972 1745 1744
3 1972 1739 1745
3 1972 1744 1764
3 1972 1764 1763
3 1972 1971 1739
3 1973 1753 1756
3 1973 1768 1769
3 1973 1769 1753
3 1973 1756 1832
3 1973 1826 1768
3 1974 1826 1973
3 1974 1827 1826
3 1975 1973 1832
3 1975 1974 1973
3 1976 1975 1832
3 1976 1974 1975
3 1977 1827 1974
3 1977 1974 1976
3 1977 1976 1832
3 1977 1833 1831
3 1977 1832 1833
3 1977 1830 1827
3 1977 1831 1830
3 1978 1829 1838
3 1978 1774 1829
3 1979 1838 1839
3 1979 1839 1840
3 1979 1978 1838
3 1980 1774 1978
3 1980 1978 1979
3 1980 1979 1840
3 1981 1774 1980
3 1981 1980 1840
3 1981 1842 1774
3 1981 1843 1842
3 1981 1840 1843
3 1982 1846 1845
3 1982 1845 1847
3 1982 1847 1848
3 1982 1848 1983
3 1984 1849 1846
3 1984 1850 1849
3 1984 1846 1982
3 1985 1982 1983
3 1985 1850 1984
3 1985 1984 1982
3 1985 1983 1850
3 1986 1776 1775
3 1986 1848 1776
3 1986 1983 1848
3 1987 1775 1852
3 1987 1852 1850
3 1987 1983 1986
3 1987 1986 1775
3 1987 1850 1983
3 1988 1777 1853
3 1988 1853 1856
3 1988 1856 1989
3 1988 1857 1777
3 1988 1989 1857
3 1990 1989 1856
3 1991 1854 1855
3 1991 1856 1854
3 1991 1990 1856
3 1992 1858 1857
3 1992 1859 1858
3 1992 1855 1859
3 1992 1989 1990
3 1992 1991 1855
3 1992 1990 1991
3 1992 1857 1989
3 1993 1861 1863
3 1993 1864 1861
3 1993 1863 1779
3 1994 1864 1993
3 1994 1993 1779
3 1995 1865 1864
3 1995 1864 1994
3 1995 1868 1867
3 1995 1994 1779
3 1995 1779 1868
3 1995 1867 1865
3 1996 1788 1886
3 1996 1886 1896
3 1996 1896 1897
3 1997 1788 1996
3 1998 1897 1898
3 1998 1996 1897
3 1998 1997 1996
3 1999 1788 1997
3 1999 1998 1898
3 1999 1997 1998
3 2000 1899 1788
3 2000 1898 1899
3 2000 1788 1999
3 2000 1999 1898
3 2001 1910 1795
3 2001 1911 1910
3 2002 2001 1795
3 2002 1911 2001
3 2003 1795 1915
3 2003 1915 1914
3 2003 1912 1911
3 2003 1914 1912
3 2003 2002 1795
3 2003 1911 2002
3 2004 1932 1942
3 2004 1942 1943
3 2004 1803 1932
3 2004 1943 1944
3 2005 1803 2004
3 2005 1944 1945
3 2005 1945 1803
3 2005 2004 1944
3 2006 1963 1819
3 2006 1818 1758
3 2006 1758 1966
3 2006 1819 1818
3 2006 1966 1963
3 2007 1969 1968
3 2007 1825 1971
3 2007 1970 1969
3 2007 1968 1825
3 2008 1970 2007
3 2008 1741 1970
3 2008 2007 1971
3 2009 2008 1971
3 2009 1971 1972
3 2009 1742 1741
3 2009 1763 1742
3 2009 1972 1763
3 2009 1741 2008
3 2039 2011 2010
3 2039 2012 2011
3 2040 2013 2012
3 2040 2014 2013
3 2040 2012 2039
3 2041 2014 2040
3 2042 2015 2014
3 2042 2016 2015
3 2042 2014 2041
3 2043 2016 2042
3 2044 2017 2016
3 2044 2016 2043
3 2045 2018 2017
3 2045 2017 2044
3 2046 2019 2018
3 2046 2018 2045
3 2047 2020 2019
3 2047 2019 2046
3 2048 2021 2020
3 2048 2020 2047
3 2049 2021 2048
3 2049 2022 2021
3 2050 2022 2049
3 2050 2023 2022
3 2051 2023 2050
3 2051 2024 2023
3 2052 2025 2024
3 2052 2024 2051
3 2053 2025 2052
3 2053 2026 2025
3 2054 2027 2026
3 2054 2028 2027
3 2054 2026 2053
3 2055 2028 2054
3 2056 2029 2028
3 2056 2028 2055
3 2057 2030 2029
3 2057 2029 2056
3 2058 2031 2030
3 2058 2030 2057
3 2059 2032 2031
3 2059 2031 2058
3 2060 2033 2032
3 2060 2032 2059
3 2061 2034 2033
3 2061 2035 2034
3 2061 2033 2060
3 2062 2036 2035
3 2062 2035 2061
3 2063 2036 2062
3 2038 2037 2036
3 2038 2036 2063
3 2071 2070 2069
3 2072 2071 2069
3 2068 2073 2072
3 2068 2072 2069
3 2065 2066 2064
3 2073 2066 2065
3 2073 2067 2066
3 2073 2068 2067
3 2093 2077 2078
3 2094 2090 2089
3 2094 2089 2095
3 2096 2079 2080
3 2097 2079 2096
3 2098 2091 2090
3 2099 2080 2081
3 2100 2091 2101
3 2102 2092 2091
3 2102 2091 2100
3 2103 2075 2074
3 2104 2103 2074
3 2105 2074 2092
3 2105 2092 2104
3 2105 2104 2074
3 2106 2076 2077
3 2106 2082 2076
3 2106 2083 2082
3 2106 2084 2083
3 2107 2084 2106
3 2107 2106 2077
3 2108 2085 2084
3 2108 2086 2085
3 2108 2087 2086
3 2108 2088 2087
3 2108 2089 2088
3 2108 2084 2107
3 2108 2107 2077
3 2109 2093 2110
3 2109 2095 2089
3 2109 2110 2095
3 2109 2077 2093
3 2109 2089 2108
3 2109 2108 2077
3 2111 2110 2093
3 2111 2095 2110
3 2111 2093 2078
3 2111 2094 2095
3 2112 2078 2079
3 2112 2090 2094
3 2112 2111 2078
3 2112 2094 2111
3 2113 2115 2114
3 2113 2098 2090
3 2113 2097 2115
3 2113 2079 2097
3 2113 2114 2098
3 2113 2112 2079
3 2113 2090 2112
3 2116 2096 2080
3 2116 2091 2098
3 2116 2114 2115
3 2116 2115 2097
3 2116 2097 2096
3 2116 2098 2114
3 2117 2091 2116
3 2117 2116 2080
3 2117 2080 2099
3 2117 2101 2091
3 2117 2099 2101
3 2118 2099 2081
3 2118 2101 2099
3 2118 2100 2101
3 2118 2092 2102
3 2118 2102 2100
3 2118 2104 2092
3 2119 2081 2075
3 2119 2104 2118
3 2119 2118 2081
3 2119 2075 2103
3 2119 2103 2104
3 2120 2122 2121
3 2123 2122 2120
3 2141 2125 2124
3 2141 2126 2125
3 2141 2127 2126
3 2141 2128 2127
3 2141 2129 2128
3 2141 2130 2129
3 2141 2131 2130
3 2141 2132 2131
3 2142 2141 2124
3 2142 2132 2141
3 2143 2142 2124
3 2143 2132 2142
3 2144 2133 2132
3 2144 2124 2134
3 2144 2143 2124
3 2144 2132 2143
3 2145 2144 2134
3 2145 2133 2144
3 2146 2145 2134
3 2146 2133 2145
3 2147 2134 2135
3 2147 2135 2136
3 2147 2136 2137
3 2147 2137 2138
3 2147 2138 2139
3 2147 2139 2140
3 2147 2140 2133
3 2147 2133 2146
3 2147 2146 2134
3 2151 2149 2148
3 2151 2150 2149
3 2153 2164 2163
3 2153 2165 2166
3 2153 2166 2167
3 2153 2167 2168
3 2153 2168 2169
3 2153 2169 2170
3 2153 2170 2171
3 2153 2171 2172
3 2153 2172 2164
3 2162 2153 2163
3 2152 2153 2162
3 2161 2158 2159
3 2161 2159 2160
3 2161 2160 2152
3 2161 2152 2162
3 2157 2158 2161
3 2156 2157 2161
3 2155 2156 2161
3 2154 2155 2161
3 2176 2174 2173
3 2176 2175 2174
3 2237 2211 2212
3 2177 2242 2178
3 2243 2204 2205
3 2243 2236 2204
3 2244 2205 2206
3 2244 2243 2205
3 2245 2206 2207
3 2245 2244 2206
3 2246 2207 2208
3 2246 2245 2207
3 2247 2208 2209
3 2247 2246 2208
3 2248 2235 2236
3 2248 2236 2243
3 2249 2203 2202
3 2249 2209 2210
3 2249 2210 2203
3 2249 2247 2209
3 2250 2248 2243
3 2250 2243 2244
3 2251 2244 2245
3 2251 2250 2244
3 2252 2251 2245
3 2252 2245 2246
3 2253 2246 2247
3 2253 2252 2246
3 2254 2235 2248
3 2254 2234 2235
3 2255 2202 2201
3 2255 2247 2249
3 2255 2253 2247
3 2255 2249 2202
3 2256 2254 2248
3 2256 2248 2250
3 2257 2256 2250
3 2257 2250 2251
3 2258 2257 2251
3 2258 2251 2252
3 2259 2252 2253
3 2259 2258 2252
3 2260 2233 2234
3 2260 2234 2254
3 2261 2201 2200
3 2261 2253 2255
3 2261 2255 2201
3 2261 2259 2253
3 2262 2260 2254
3 2262 2254 2256
3 2263 2262 2256
3 2263 2256 2257
3 2264 2263 2257
3 2264 2257 2258
3 2265 2264 2258
3 2265 2258 2259
3 2266 2232 2233
3 2266 2233 2260
3 2267 2200 2199
3 2267 2265 2259
3 2267 2261 2200
3 2267 2259 2261
3 2268 2266 2260
3 2268 2260 2262
3 2269 2268 2262
3 2269 2263 2264
3 2269 2262 2263
3 2270 2269 2264
3 2271 2270 2264
3 2271 2264 2265
3 2272 2232 2266
3 2272 2231 2232
3 2273 2265 2267
3 2273 2271 2265
3 2273 2199 2198
3 2273 2267 2199
3 2274 2272 2266
3 2274 2266 2268
3 2275 2274 2268
3 2275 2268 2269
3 2276 2269 2270
3 2276 2275 2269
3 2277 2271 2273
3 2277 2276 2270
3 2277 2270 2271
3 2278 2272 2274
3 2278 2231 2272
3 2278 2230 2231
3 2279 2273 2198
3 2279 2198 2197
3 2279 2277 2273
3 2280 2278 2274
3 2281 2274 2275
3 2281 2280 2274
3 2282 2275 2276
3 2282 2281 2275
3 2283 2276 2277
3 2283 2277 2279
3 2283 2282 2276
3 2284 2230 2278
3 2284 2229 2230
3 2285 2197 2196
3 2285 2279 2197
3 2285 2283 2279
3 2286 2284 2278
3 2286 2278 2280
3 2287 2286 2280
3 2287 2280 2281
3 2288 2281 2282
3 2288 2287 2281
3 2289 2288 2282
3 2289 2282 2283
3 2290 2227 2228
3 2290 2228 2229
3 2290 2229 2284
3 2291 2196 2195
3 2291 2285 2196
3 2291 2283 2285
3 2291 2289 2283
3 2292 2290 2284
3 2292 2286 2287
3 2292 2284 2286
3 2293 2292 2287
3 2294 2287 2288
3 2294 2288 2289
3 2294 2293 2287
3 2295 2294 2289
3 2296 2227 2290
3 2297 2195 2194
3 2297 2291 2195
3 2297 2289 2291
3 2297 2295 2289
3 2298 2290 2292
3 2298 2292 2293
3 2298 2296 2290
3 2299 2298 2293
3 2300 2293 2294
3 2300 2294 2295
3 2300 2299 2293
3 2301 2300 2295
3 2302 2226 2227
3 2302 2227 2296
3 2303 2301 2295
3 2303 2194 2193
3 2303 2297 2194
3 2303 2295 2297
3 2304 2302 2296
3 2304 2296 2298
3 2305 2304 2298
3 2305 2298 2299
3 2306 2305 2299
3 2306 2299 2300
3 2307 2306 2300
3 2307 2300 2301
3 2308 2226 2302
3 2308 2224 2225
3 2308 2225 2226
3 2309 2301 2303
3 2309 2303 2193
3 2309 2307 2301
3 2309 2192 2191
3 2309 2193 2192
3 2310 2304 2305
3 2310 2308 2302
3 2310 2302 2304
3 2311 2305 2306
3 2311 2310 2305
3 2312 2311 2306
3 2313 2312 2306
3 2313 2306 2307
3 2313 2307 2309
3 2314 2224 2308
3 2315 2309 2191
3 2315 2313 2309
3 2316 2308 2310
3 2316 2314 2308
3 2317 2310 2311
3 2317 2316 2310
3 2318 2312 2313
3 2318 2311 2312
3 2318 2317 2311
3 2319 2318 2313
3 2320 2224 2314
3 2320 2223 2224
3 2321 2319 2313
3 2321 2313 2315
3 2321 2191 2190
3 2321 2315 2191
3 2322 2314 2316
3 2322 2320 2314
3 2322 2316 2317
3 2323 2322 2317
3 2324 2317 2318
3 2324 2323 2317
3 2325 2318 2319
3 2325 2324 2318
3 2326 2223 2320
3 2326 2222 2223
3 2327 2190 2189
3 2327 2319 2321
3 2327 2321 2190
3 2327 2325 2319
3 2328 2326 2320
3 2328 2320 2322
3 2329 2322 2323
3 2329 2328 2322
3 2330 2323 2324
3 2330 2329 2323
3 2331 2324 2325
3 2331 2330 2324
3 2332 2221 2222
3 2332 2222 2326
3 2332 2326 2328
3 2333 2189 2188
3 2333 2327 2189
3 2333 2325 2327
3 2333 2331 2325
3 2334 2328 2329
3 2334 2332 2328
3 2335 2334 2329
3 2336 2335 2329
3 2336 2329 2330
3 2337 2336 2330
3 2337 2330 2331
3 2338 2220 2221
3 2338 2221 2332
3 2338 2332 2334
3 2339 2337 2331
3 2339 2188 2187
3 2339 2333 2188
3 2339 2331 2333
3 2340 2338 2334
3 2341 2340 2334
3 2341 2334 2335
3 2342 2335 2336
3 2342 2336 2337
3 2342 2341 2335
3 2343 2342 2337
3 2344 2219 2220
3 2344 2220 2338
3 2345 2337 2339
3 2345 2187 2186
3 2345 2343 2337
3 2345 2339 2187
3 2346 2338 2340
3 2346 2340 2341
3 2346 2344 2338
3 2347 2346 2341
3 2348 2341 2342
3 2348 2342 2343
3 2348 2347 2341
3 2349 2348 2343
3 2350 2219 2344
3 2350 2344 2346
3 2350 2218 2219
3 2351 2186 2185
3 2351 2345 2186
3 2351 2343 2345
3 2351 2349 2343
3 2352 2346 2347
3 2352 2350 2346
3 2353 2352 2347
3 2354 2347 2348
3 2354 2348 2349
3 2354 2353 2347
3 2355 2354 2349
3 2356 2217 2218
3 2356 2218 2350
3 2356 2350 2352
3 2357 2185 2184
3 2357 2351 2185
3 2357 2349 2351
3 2357 2355 2349
3 2358 2356 2352
3 2359 2352 2353
3 2359 2358 2352
3 2360 2359 2353
3 2360 2353 2354
3 2360 2354 2355
3 2361 2360 2355
3 2362 2216 2217
3 2362 2217 2356
3 2363 2183 2182
3 2363 2184 2183
3 2363 2357 2184
3 2363 2355 2357
3 2363 2361 2355
3 2364 2356 2358
3 2364 2362 2356
3 2365 2358 2359
3 2365 2364 2358
3 2366 2359 2360
3 2366 2365 2359
3 2367 2360 2361
3 2367 2366 2360
3 2368 2215 2216
3 2368 2216 2362
3 2368 2362 2364
3 2369 2363 2182
3 2369 2361 2363
3 2369 2367 2361
3 2370 2368 2364
3 2371 2370 2364
3 2371 2364 2365
3 2372 2371 2365
3 2372 2365 2366
3 2372 2366 2367
3 2373 2372 2367
3 2374 2368 2370
3 2374 2214 2215
3 2374 2215 2368
3 2375 2182 2181
3 2375 2367 2369
3 2375 2373 2367
3 2375 2369 2182
3 2376 2374 2370
3 2377 2370 2371
3 2377 2376 2370
3 2378 2371 2372
3 2378 2377 2371
3 2379 2372 2373
3 2379 2378 2372
3 2380 2214 2374
3 2380 2212 2213
3 2380 2213 2214
3 2381 2181 2180
3 2381 2373 2375
3 2381 2379 2373
3 2381 2375 2181
3 2382 2374 2376
3 2382 2380 2374
3 2382 2376 2377
3 2383 2382 2377
3 2384 2377 2378
3 2384 2383 2377
3 2385 2378 2379
3 2385 2379 2381
3 2385 2384 2378
3 2386 2212 2380
3 2386 2237 2212
3 2387 2179 2178
3 2387 2180 2179
3 2387 2381 2180
3 2387 2385 2381
3 2388 2380 2382
3 2388 2382 2383
3 2388 2386 2380
3 2388 2238 2237
3 2388 2237 2386
3 2389 2238 2388
3 2389 2239 2238
3 2389 2388 2383
3 2390 2389 2383
3 2390 2383 2384
3 2390 2240 2239
3 2390 2239 2389
3 2391 2384 2385
3 2391 2390 2384
3 2391 2385 2387
3 2391 2241 2240
3 2391 2242 2241
3 2391 2240 2390
3 2392 2387 2178
3 2392 2391 2387
3 2392 2242 2391
3 2392 2178 2242
3 2411 2398 2408
3 2412 2413 2411
3 2412 2414 2413
3 2415 2414 2412
3 2416 2414 2415
3 2417 2399 2393
3 2417 2414 2416
3 2418 2409 2410
3 2419 2418 2410
3 2420 2401 2400
3 2420 2400 2419
3 2421 2402 2401
3 2421 2401 2422
3 2421 2422 2410
3 2423 2410 2407
3 2423 2421 2410
3 2424 2421 2423
3 2425 2403 2402
3 2425 2404 2403
3 2425 2405 2404
3 2425 2406 2405
3 2425 2407 2406
3 2425 2402 2421
3 2425 2423 2407
3 2425 2421 2424
3 2425 2424 2423
3 2426 2398 2411
3 2426 2411 2413
3 2427 2393 2428
3 2429 2414 2417
3 2429 2417 2393
3 2429 2413 2414
3 2429 2393 2427
3 2430 2412 2411
3 2430 2417 2416
3 2430 2416 2415
3 2430 2415 2412
3 2431 2417 2430
3 2431 2430 2411
3 2431 2411 2408
3 2432 2431 2408
3 2433 2432 2408
3 2434 2399 2435
3 2436 2400 2399
3 2436 2399 2434
3 2436 2437 2400
3 2436 2438 2437
3 2439 2438 2436
3 2439 2440 2438
3 2441 2437 2438
3 2442 2408 2409
3 2442 2440 2408
3 2442 2441 2438
3 2442 2438 2440
3 2443 2437 2441
3 2443 2442 2409
3 2443 2441 2442
3 2444 2443 2409
3 2445 2419 2400
3 2445 2418 2419
3 2446 2422 2401
3 2446 2419 2410
3 2446 2401 2420
3 2446 2420 2419
3 2446 2410 2422
3 2447 2395 2396
3 2447 2396 2397
3 2447 2397 2398
3 2448 2398 2426
3 2448 2447 2398
3 2448 2449 2447
3 2450 2448 2426
3 2450 2428 2448
3 2451 2428 2450
3 2451 2427 2428
3 2452 2450 2426
3 2452 2451 2450
3 2452 2427 2451
3 2453 2413 2429
3 2453 2452 2426
3 2453 2426 2413
3 2454 2429 2427
3 2454 2427 2452
3 2454 2452 2453
3 2454 2453 2429
3 2455 2431 2432
3 2455 2432 2433
3 2455 2417 2431
3 2455 2399 2417
3 2456 2455 2433
3 2457 2399 2455
3 2457 2455 2456
3 2458 2399 2457
3 2459 2460 2399
3 2459 2461 2460
3 2459 2399 2458
3 2462 2463 2408
3 2464 2462 2408
3 2465 2464 2408
3 2466 2435 2467
3 2466 2467 2465
3 2466 2440 2439
3 2466 2439 2436
3 2466 2434 2435
3 2466 2408 2440
3 2466 2436 2434
3 2466 2465 2408
3 2468 2443 2444
3 2469 2443 2468
3 2469 2437 2443
3 2469 2400 2437
3 2470 2400 2469
3 2470 2471 2400
3 2472 2418 2445
3 2472 2471 2409
3 2472 2409 2418
3 2473 2393 2394
3 2473 2394 2395
3 2473 2395 2447
3 2474 2473 2447
3 2474 2393 2473
3 2474 2447 2449
3 2475 2393 2474
3 2475 2474 2449
3 2475 2428 2393
3 2475 2449 2448
3 2475 2448 2428
3 2476 2433 2408
3 2476 2456 2433
3 2476 2457 2456
3 2476 2458 2457
3 2477 2476 2408
3 2477 2458 2476
3 2478 2477 2408
3 2478 2408 2463
3 2479 2463 2461
3 2479 2458 2477
3 2479 2477 2478
3 2479 2478 2463
3 2479 2461 2459
3 2479 2459 2458
3 2480 2461 2463
3 2480 2460 2461
3 2480 2463 2462
3 2481 2399 2460
3 2481 2460 2480
3 2482 2480 2462
3 2482 2481 2480
3 2483 2482 2462
3 2483 2462 2464
3 2483 2464 2465
3 2484 2399 2481
3 2484 2481 2482
3 2484 2482 2483
3 2485 2399 2484
3 2485 2467 2435
3 2485 2435 2399
3 2485 2465 2467
3 2485 2483 2465
3 2485 2484 2483
3 2486 2468 2444
3 2486 2444 2409
3 2487 2470 2469
3 2487 2469 2468
3 2487 2468 2486
3 2488 2470 2487
3 2488 2486 2409
3 2488 2487 2486
3 2489 2471 2470
3 2489 2470 2488
3 2489 2488 2409
3 2489 2409 2471
3 2490 2471 2472
3 2490 2445 2400
3 2490 2472 2445
3 2490 2400 2471
3 2511 2498 2497
3 2511 2499 2498
3 2511 2500 2499
3 2511 2501 2500
3 2511 2502 2501
3 2511 2503 2502
3 2511 2504 2503
3 2511 2505 2504
3 2511 2506 2505
3 2511 2507 2506
3 2512 2497 2491
3 2512 2511 2497
3 2513 2511 2512
3 2514 2511 2513
3 2515 2511 2514
3 2516 2508 2507
3 2516 2510 2508
3 2516 2512 2491
3 2516 2514 2513
3 2516 2511 2515
3 2516 2507 2511
3 2516 2515 2514
3 2516 2513 2512
3 2517 2491 2492
3 2517 2492 2493
3 2517 2516 2491
3 2518 2493 2494
3 2518 2494 2495
3 2518 2495 2496
3 2518 2496 2509
3 2518 2509 2510
3 2518 2517 2493
3 2518 2510 2516
3 2518 2516 2517
3 2524 2522 2523
3 2519 2520 2521
3 2519 2521 2522
3 2519 2522 2524
3 2530 2526 2525
3 2527 2528 2531
3 2531 2528 2525
3 2528 2529 2525
3 2529 2530 2525
3 2550 2548 2549
3 2546 2547 2548
3 2551 2548 2550
3 2545 2546 2548
3 2545 2548 2551
3 2543 2544 2545
3 2555 2553 2554
3 2541 2542 2543
3 2541 2543 2545
3 2540 2545 2551
3 2540 2541 2545
3 2557 2551 2552
3 2557 2552 2553
3 2557 2555 2556
3 2557 2553 2555
3 2534 2532 2533
3 2534 2557 2532
3 2535 2536 2537
3 2535 2537 2538
3 2535 2538 2539
3 2535 2539 2540
3 2535 2551 2557
3 2535 2540 2551
3 2535 2557 2534
