ply
format ascii 1.0
comment generated by blendit.inference.finetune_visualize
element vertex 2208
property float x
property float y
property float z
property uchar red
property uchar green
property uchar blue
element face 3039
property list uchar int vertex_indices
end_header
-1.11022302e-16 0.651545519 35.5947096 218 222 230
0 59.770356 35.5947096 218 222 230
-1.11022302e-16 0.651545519 0 218 222 230
0 60.4219016 0 218 222 230
0 60.4219016 34.9431641 218 222 230
0 59.9153386 35.578374 218 222 230
0 60.053051 35.5301863 218 222 230
0 60.176588 35.4525629 218 222 230
0 60.2797548 35.3493961 218 222 230
0 60.3573783 35.2258591 218 222 230
0 60.405566 35.0881466 218 222 230
-1.11022302e-16 39.9639322 23.109964 218 222 230
-1.11022302e-16 33.0381866 23.109964 218 222 230
0 32.4615166 23.1799844 218 222 230
0 31.9183606 23.3859763 218 222 230
0 31.4402848 23.7159682 218 222 230
0 31.0550733 24.1507821 218 222 230
0 30.7851131 24.6651483 218 222 230
0 30.6460933 25.2291737 218 222 230
0 30.6460933 25.8100791 218 222 230
0 30.7851131 26.3741045 218 222 230
0 31.0550733 26.8884707 218 222 230
0 31.4402848 27.3232846 218 222 230
0 31.9183606 27.6532765 218 222 230
0 32.4615166 27.8592684 218 222 230
0 33.0381866 27.9292888 218 222 230
-1.11022302e-16 39.9639322 27.9292888 218 222 230
0 40.5406022 27.8592684 218 222 230
0 41.0837582 27.6532765 218 222 230
0 41.561834 27.3232846 218 222 230
0 41.9470455 26.8884707 218 222 230
0 42.2170057 26.3741045 218 222 230
0 42.3560255 25.8100791 218 222 230
0 42.3560255 25.2291737 218 222 230
0 42.2170057 24.6651483 218 222 230
0 41.9470455 24.1507821 218 222 230
0 41.561834 23.7159682 218 222 230
0 41.0837582 23.3859763 218 222 230
0 40.5406022 23.1799844 218 222 230
-1.11022302e-16 0.651545519 35.5947096 218 222 230
0 59.770356 35.5947096 218 222 230
0.0163356065 0.506563002 35.5947096 218 222 230
0.0645232904 0.368850513 35.5947096 218 222 230
0.14214672 0.245313533 35.5947096 218 222 230
0.245313533 0.14214672 35.5947096 218 222 230
0.368850513 0.0645232904 35.5947096 218 222 230
0.506563002 0.0163356065 35.5947096 218 222 230
0.651545519 -1.11022302e-16 35.5947096 218 222 230
74.3737609 0 35.5947096 218 222 230
74.3737609 59.770356 35.5947096 218 222 230
17.7221372 41.623732 35.5947096 218 222 230
17.5428918 41.6564979 35.5947096 218 222 230
17.8680949 41.5788609 35.5947096 218 222 230
17.9996003 41.5012505 35.5947096 218 222 230
18.1094304 41.3951636 35.5947096 218 222 230
18.1915524 41.2664273 35.5947096 218 222 230
18.2414557 41.1221126 35.5947096 218 222 230
18.2563992 40.9701464 35.5947096 218 222 230
18.2355622 40.8188755 35.5947096 218 222 230
18.1800892 40.6766089 35.5947096 218 222 230
18.093027 40.5511607 35.5947096 218 222 230
17.958071 40.3985696 35.5947096 218 222 230
17.8401156 40.2939871 35.5947096 218 222 230
17.7004949 40.2207954 35.5947096 218 222 230
17.5473821 40.1832794 35.5947096 218 222 230
17.3897406 40.1836351 35.5947096 218 222 230
17.2367987 40.2218417 35.5947096 218 222 230
17.0975096 40.2956626 35.5947096 218 222 230
16.9800274 40.4007764 35.5947096 218 222 230
16.8912295 40.5310296 35.5947096 218 222 230
16.8363141 40.6787973 35.5947096 218 222 230
16.7920247 40.8641542 35.5947096 218 222 230
17.3818081 41.6656361 35.5947096 218 222 230
17.2234178 41.6349118 35.5947096 218 222 230
17.0774336 41.566209 35.5947096 218 222 230
16.9528073 41.4637407 35.5947096 218 222 230
16.8571812 41.3337903 35.5947096 218 222 230
16.7964191 41.1843265 35.5947096 218 222 230
16.7742471 41.0245145 35.5947096 218 222 230
65.3196157 47.3092289 35.5947096 218 222 230
67.6624081 46.8460824 35.5947096 218 222 230
65.1710872 47.3576855 35.5947096 218 222 230
65.0383643 47.4401074 35.5947096 218 222 230
64.9290783 47.5517555 35.5947096 218 222 230
64.849513 47.6862104 35.5947096 218 222 230
64.8042433 47.835741 35.5947096 218 222 230
64.7958721 47.9917495 35.5947096 218 222 230
64.8248807 48.1452658 35.5947096 218 222 230
64.8896012 48.2874628 35.5947096 218 222 230
64.9863123 48.4101645 35.5947096 218 222 230
66.384508 49.8020064 35.5947096 218 222 230
74.1032926 23.8390938 35.5947096 218 222 230
74.0257218 24.4779467 35.5947096 218 222 230
73.7975176 25.0796719 35.5947096 218 222 230
73.4319423 25.6092991 35.5947096 218 222 230
72.9502419 26.0360484 35.5947096 218 222 230
72.380411 26.3351187 35.5947096 218 222 230
71.7555661 26.4891292 35.5947096 218 222 230
71.112021 26.4891292 35.5947096 218 222 230
70.4871762 26.3351187 35.5947096 218 222 230
69.9173453 26.0360484 35.5947096 218 222 230
69.4356449 25.6092991 35.5947096 218 222 230
69.0700696 25.0796719 35.5947096 218 222 230
68.8418654 24.4779467 35.5947096 218 222 230
68.7642946 23.8390938 35.5947096 218 222 230
68.8418654 23.2002409 35.5947096 218 222 230
69.0700696 22.5985158 35.5947096 218 222 230
69.4356449 22.0688885 35.5947096 218 222 230
69.9173453 21.6421392 35.5947096 218 222 230
70.4871762 21.3430689 35.5947096 218 222 230
71.112021 21.1890585 35.5947096 218 222 230
71.7555661 21.1890585 35.5947096 218 222 230
72.380411 21.3430689 35.5947096 218 222 230
72.9502419 21.6421392 35.5947096 218 222 230
73.4319423 22.0688885 35.5947096 218 222 230
73.7975176 22.5985158 35.5947096 218 222 230
74.0257218 23.2002409 35.5947096 218 222 230
-1.11022302e-16 0.651545519 0 218 222 230
0.0163356065 0.506563002 0 218 222 230
0.0645232904 0.368850513 0 218 222 230
0.14214672 0.245313533 0 218 222 230
0.245313533 0.14214672 0 218 222 230
0.368850513 0.0645232904 0 218 222 230
0.506563002 0.0163356065 0 218 222 230
0.651545519 -1.11022302e-16 0 218 222 230
0.651545519 -1.11022302e-16 35.5947096 218 222 230
-1.11022302e-16 0.651545519 35.5947096 218 222 230
0.0163356065 0.506563002 35.5947096 218 222 230
0.0645232904 0.368850513 35.5947096 218 222 230
0.14214672 0.245313533 35.5947096 218 222 230
0.245313533 0.14214672 35.5947096 218 222 230
0.368850513 0.0645232904 35.5947096 218 222 230
0.506563002 0.0163356065 35.5947096 218 222 230
0 59.770356 35.5947096 255 79 163
74.3737609 59.770356 35.5947096 255 79 163
74.5423933 59.9389884 35.5725087 255 79 163
74.6995336 60.0961288 35.507419 255 79 163
74.8344731 60.2310683 35.4038763 255 79 163
74.9292947 60.3258899 35.2835957 255 79 163
74.9837862 60.3803814 35.1720323 255 79 163
75.0139282 60.4105233 35.0643969 255 79 163
75.0224556 60.4190508 35.0040469 255 79 163
75.0253064 60.4219016 34.9431641 255 79 163
0 60.4219016 34.9431641 255 79 163
0 59.9153386 35.578374 255 79 163
0 60.053051 35.5301863 255 79 163
0 60.176588 35.4525629 255 79 163
0 60.2797548 35.3493961 255 79 163
0 60.3573783 35.2258591 255 79 163
0 60.405566 35.0881466 255 79 163
-1.11022302e-16 0.651545519 0 218 222 230
0 60.4219016 0 218 222 230
0.0163356065 0.506563002 0 218 222 230
0.0645232904 0.368850513 0 218 222 230
0.14214672 0.245313533 0 218 222 230
0.245313533 0.14214672 0 218 222 230
0.368850513 0.0645232904 0 218 222 230
0.506563002 0.0163356065 0 218 222 230
0.651545519 -1.11022302e-16 0 218 222 230
25.8200754 0 -1.11022302e-16 218 222 230
25.8200754 35.049981 -1.11022302e-16 218 222 230
25.9714282 37.3591785 0 218 222 230
26.422897 39.6288651 0 218 222 230
27.1667569 41.8202056 0 218 222 230
28.1902803 43.8957058 0 218 222 230
29.4759544 45.8198531 0 218 222 230
31.0017811 47.559725 0 218 222 230
32.7416529 49.0855516 0 218 222 230
34.6658003 50.3712258 0 218 222 230
36.7413004 51.3947492 0 218 222 230
38.932641 52.1386091 0 218 222 230
41.2023275 52.5900778 0 218 222 230
43.5115251 52.7414306 0 218 222 230
45.8207227 52.5900778 0 218 222 230
48.0904092 52.1386091 0 218 222 230
50.2817498 51.3947492 0 218 222 230
52.3572499 50.3712258 0 218 222 230
54.2813973 49.0855516 0 218 222 230
56.0212691 47.559725 0 218 222 230
57.5470958 45.8198531 0 218 222 230
58.8327699 43.8957058 0 218 222 230
59.8562933 41.8202056 0 218 222 230
60.6001532 39.6288651 0 218 222 230
61.051622 37.3591785 0 218 222 230
61.2029748 35.049981 0 218 222 230
61.2029748 -1.11022302e-16 0 218 222 230
75.0253064 0 0 218 222 230
75.0253064 60.4219016 0 218 222 230
16.8363141 40.6787973 0 218 222 230
16.7920247 40.8641542 0 218 222 230
17.5428918 41.6564979 0 218 222 230
17.3818081 41.6656361 0 218 222 230
17.2234178 41.6349118 0 218 222 230
17.0774336 41.566209 0 218 222 230
16.9528073 41.4637407 0 218 222 230
16.8571812 41.3337903 0 218 222 230
16.7964191 41.1843265 0 218 222 230
16.7742471 41.0245145 0 218 222 230
17.7221372 41.623732 0 218 222 230
17.8680949 41.5788609 0 218 222 230
17.9996003 41.5012505 0 218 222 230
18.1094304 41.3951636 0 218 222 230
18.1915524 41.2664273 0 218 222 230
18.2414557 41.1221126 0 218 222 230
18.2563992 40.9701464 0 218 222 230
18.2355622 40.8188755 0 218 222 230
18.1800892 40.6766089 0 218 222 230
18.093027 40.5511607 0 218 222 230
17.958071 40.3985696 0 218 222 230
17.8401156 40.2939871 0 218 222 230
17.7004949 40.2207954 0 218 222 230
17.5473821 40.1832794 0 218 222 230
17.3897406 40.1836351 0 218 222 230
17.2367987 40.2218417 0 218 222 230
17.0975096 40.2956626 0 218 222 230
16.9800274 40.4007764 0 218 222 230
16.8912295 40.5310296 0 218 222 230
64.9863123 48.4101645 0 218 222 230
66.384508 49.8020064 0 218 222 230
67.6624081 46.8460824 0 218 222 230
65.3196157 47.3092289 0 218 222 230
65.1710872 47.3576855 0 218 222 230
65.0383643 47.4401074 0 218 222 230
64.9290783 47.5517555 0 218 222 230
64.849513 47.6862104 0 218 222 230
64.8042433 47.835741 0 218 222 230
64.7958721 47.9917495 0 218 222 230
64.8248807 48.1452658 0 218 222 230
64.8896012 48.2874628 0 218 222 230
75.0253064 60.4219016 0 218 222 230
75.0253064 60.4219016 34.9431641 218 222 230
0 60.4219016 0 218 222 230
0 60.4219016 34.9431641 218 222 230
-1.11022302e-16 39.9639322 23.109964 255 79 163
-1.11022302e-16 33.0381866 23.109964 255 79 163
0.0163356065 33.0381866 23.2549465 255 79 163
0.0645232904 33.0381866 23.392659 255 79 163
0.14214672 33.0381866 23.516196 255 79 163
0.245313533 33.0381866 23.6193628 255 79 163
0.368850513 33.0381866 23.6969862 255 79 163
0.506563002 33.0381866 23.7451739 255 79 163
0.651545519 33.0381866 23.7615095 255 79 163
0.651545519 39.9639322 23.7615095 255 79 163
0.0163356065 39.9639322 23.2549465 255 79 163
0.0645232904 39.9639322 23.392659 255 79 163
0.14214672 39.9639322 23.516196 255 79 163
0.245313533 39.9639322 23.6193628 255 79 163
0.368850513 39.9639322 23.6969862 255 79 163
0.506563002 39.9639322 23.7451739 255 79 163
-1.11022302e-16 39.9639322 27.9292888 255 79 163
0.0163356065 39.9639322 27.7843063 255 79 163
0.0645232904 39.9639322 27.6465938 255 79 163
0.14214672 39.9639322 27.5230568 255 79 163
0.245313533 39.9639322 27.41989 255 79 163
0.368850513 39.9639322 27.3422666 255 79 163
0.506563002 39.9639322 27.2940789 255 79 163
0.651545519 39.9639322 27.2777433 255 79 163
0 40.5406022 27.8592684 255 79 163
0 41.0837582 27.6532765 255 79 163
0 41.561834 27.3232846 255 79 163
0 41.9470455 26.8884707 255 79 163
0 42.2170057 26.3741045 255 79 163
0 42.3560255 25.8100791 255 79 163
0 42.3560255 25.2291737 255 79 163
0 42.2170057 24.6651483 255 79 163
0 41.9470455 24.1507821 255 79 163
0 41.561834 23.7159682 255 79 163
0 41.0837582 23.3859763 255 79 163
0 40.5406022 23.1799844 255 79 163
-1.11022302e-16 39.9639322 23.109964 255 79 163
0.0163356065 39.9639322 23.2549465 255 79 163
0.0645232904 39.9639322 23.392659 255 79 163
0.14214672 39.9639322 23.516196 255 79 163
0.245313533 39.9639322 23.6193628 255 79 163
0.368850513 39.9639322 23.6969862 255 79 163
0.506563002 39.9639322 23.7451739 255 79 163
0.651545519 39.9639322 23.7615095 255 79 163
0.651545519 40.3846771 27.2266556 255 79 163
0.651545519 40.7809699 27.0763616 255 79 163
0.651545519 41.1297794 26.8355958 255 79 163
0.651545519 41.410834 26.5183506 255 79 163
0.651545519 41.6078001 26.1430632 255 79 163
0.651545519 41.7092305 25.731544 255 79 163
0.651545519 41.7092305 25.3077088 255 79 163
0.651545519 41.6078001 24.8961896 255 79 163
0.651545519 41.410834 24.5209022 255 79 163
0.651545519 41.1297794 24.203657 255 79 163
0.651545519 40.7809699 23.9628912 255 79 163
0.651545519 40.3846771 23.8125972 255 79 163
0.0163356065 40.5059056 27.7184988 255 79 163
0.0645232904 40.4729488 27.584788 255 79 163
0.14214672 40.4433845 27.4648408 255 79 163
0.245313533 40.4186951 27.3646718 255 79 163
0.0163356065 41.0163814 27.5249009 255 79 163
0.368850513 40.4001186 27.289304 255 79 163
0.0645232904 40.9523832 27.4029625 255 79 163
0.506563002 40.3885865 27.2425165 255 79 163
0.14214672 40.8949728 27.2935759 255 79 163
0.245313533 40.8470287 27.2022263 255 79 163
0.0163356065 41.4656928 27.2147636 255 79 163
0.368850513 40.8109553 27.1334941 255 79 163
0.0645232904 41.3743725 27.1116844 255 79 163
0.506563002 40.7885614 27.0908261 255 79 163
0.14214672 41.2924523 27.0192156 255 79 163
0.245313533 41.2240401 26.9419941 255 79 163
0.0163356065 41.8277272 26.8061112 255 79 163
0.368850513 41.1725662 26.8838922 255 79 163
0.0645232904 41.7143921 26.7278816 255 79 163
0.506563002 41.1406119 26.8478232 255 79 163
0.14214672 41.6127231 26.6577046 255 79 163
0.245313533 41.5278185 26.5990992 255 79 163
0.0163356065 42.0814447 26.322693 255 79 163
0.368850513 41.4639357 26.555004 255 79 163
0.0645232904 41.9526813 26.2738594 255 79 163
0.506563002 41.424278 26.5276303 255 79 163
0.14214672 41.8371722 26.2300526 255 79 163
0.245313533 41.7407096 26.1934692 255 79 163
0.0163356065 42.2121 25.7926034 255 79 163
0.368850513 41.6681304 26.1659435 255 79 163
0.0645232904 42.0753916 25.776004 255 79 163
0.506563002 41.6230741 26.1488559 255 79 163
0.14214672 41.9527554 25.7611132 255 79 163
0.245313533 41.8503408 25.7486779 255 79 163
0.0163356065 42.2121 25.2466494 255 79 163
0.368850513 41.7732833 25.7393214 255 79 163
0.0645232904 42.0753916 25.2632488 255 79 163
0.506563002 41.725447 25.733513 255 79 163
0.14214672 41.9527554 25.2781395 255 79 163
0.245313533 41.8503408 25.2905749 255 79 163
0.0163356065 42.0814447 24.7165598 255 79 163
0.368850513 41.7732833 25.2999314 255 79 163
0.0645232904 41.9526813 24.7653934 255 79 163
0.506563002 41.725447 25.3057398 255 79 163
0.14214672 41.8371722 24.8092002 255 79 163
0.245313533 41.7407096 24.8457836 255 79 163
0.0163356065 41.8277272 24.2331416 255 79 163
0.368850513 41.6681304 24.8733093 255 79 163
0.0645232904 41.7143921 24.3113712 255 79 163
0.506563002 41.6230741 24.8903969 255 79 163
0.14214672 41.6127231 24.3815482 255 79 163
0.245313533 41.5278185 24.4401536 255 79 163
0.0163356065 41.4656928 23.8244891 255 79 163
0.368850513 41.4639357 24.4842488 255 79 163
0.0645232904 41.3743725 23.9275684 255 79 163
0.506563002 41.424278 24.5116225 255 79 163
0.14214672 41.2924523 24.0200372 255 79 163
0.245313533 41.2240401 24.0972587 255 79 163
0.0163356065 41.0163814 23.5143519 255 79 163
0.368850513 41.1725662 24.1553606 255 79 163
0.0645232904 40.9523832 23.6362903 255 79 163
0.506563002 41.1406119 24.1914296 255 79 163
0.14214672 40.8949728 23.7456768 255 79 163
0.245313533 40.8470287 23.8370265 255 79 163
0.0163356065 40.5059056 23.320754 255 79 163
0.368850513 40.8109553 23.9057587 255 79 163
0.0645232904 40.4729488 23.4544648 255 79 163
0.506563002 40.7885614 23.9484267 255 79 163
0.14214672 40.4433845 23.574412 255 79 163
0.245313533 40.4186951 23.674581 255 79 163
0.368850513 40.4001186 23.7499488 255 79 163
0.506563002 40.3885865 23.7967363 255 79 163
-1.11022302e-16 33.0381866 23.109964 255 79 163
0.0163356065 33.0381866 23.2549465 255 79 163
0.0645232904 33.0381866 23.392659 255 79 163
0.14214672 33.0381866 23.516196 255 79 163
0.245313533 33.0381866 23.6193628 255 79 163
0.368850513 33.0381866 23.6969862 255 79 163
0.506563002 33.0381866 23.7451739 255 79 163
0.651545519 33.0381866 23.7615095 255 79 163
0 32.4615166 23.1799844 255 79 163
0 31.9183606 23.3859763 255 79 163
0 31.4402848 23.7159682 255 79 163
0 31.0550733 24.1507821 255 79 163
0 30.7851131 24.6651483 255 79 163
0 30.6460933 25.2291737 255 79 163
0 30.6460933 25.8100791 255 79 163
0 30.7851131 26.3741045 255 79 163
0 31.0550733 26.8884707 255 79 163
0 31.4402848 27.3232846 255 79 163
0 31.9183606 27.6532765 255 79 163
0 32.4615166 27.8592684 255 79 163
0 33.0381866 27.9292888 255 79 163
0.0163356065 33.0381866 27.7843063 255 79 163
0.0645232904 33.0381866 27.6465938 255 79 163
0.14214672 33.0381866 27.5230568 255 79 163
0.245313533 33.0381866 27.41989 255 79 163
0.368850513 33.0381866 27.3422666 255 79 163
0.506563002 33.0381866 27.2940789 255 79 163
0.651545519 33.0381866 27.2777433 255 79 163
0.651545519 32.6174417 23.8125972 255 79 163
0.651545519 32.2211489 23.9628912 255 79 163
0.651545519 31.8723394 24.203657 255 79 163
0.651545519 31.5912847 24.5209022 255 79 163
0.651545519 31.3943187 24.8961896 255 79 163
0.651545519 31.2928883 25.3077088 255 79 163
0.651545519 31.2928883 25.731544 255 79 163
0.651545519 31.3943187 26.1430632 255 79 163
0.651545519 31.5912847 26.5183506 255 79 163
0.651545519 31.8723394 26.8355958 255 79 163
0.651545519 32.2211489 27.0763616 255 79 163
0.651545519 32.6174417 27.2266556 255 79 163
0.0163356065 32.4962132 23.320754 255 79 163
0.0645232904 32.52917 23.4544648 255 79 163
0.14214672 32.5587343 23.574412 255 79 163
0.245313533 32.5834237 23.674581 255 79 163
0.0163356065 31.9857374 23.5143519 255 79 163
0.368850513 32.6020002 23.7499488 255 79 163
0.0645232904 32.0497355 23.6362903 255 79 163
0.506563002 32.6135323 23.7967363 255 79 163
0.14214672 32.107146 23.7456768 255 79 163
0.245313533 32.1550901 23.8370265 255 79 163
0.0163356065 31.536426 23.8244891 255 79 163
0.368850513 32.1911635 23.9057587 255 79 163
0.0645232904 31.6277463 23.9275684 255 79 163
0.506563002 32.2135574 23.9484267 255 79 163
0.14214672 31.7096665 24.0200372 255 79 163
0.245313533 31.7780787 24.0972587 255 79 163
0.0163356065 31.1743916 24.2331416 255 79 163
0.368850513 31.8295526 24.1553606 255 79 163
0.0645232904 31.2877267 24.3113712 255 79 163
0.506563002 31.8615069 24.1914296 255 79 163
0.14214672 31.3893957 24.3815482 255 79 163
0.245313533 31.4743003 24.4401536 255 79 163
0.0163356065 30.9206741 24.7165598 255 79 163
0.368850513 31.5381831 24.4842488 255 79 163
0.0645232904 31.0494375 24.7653934 255 79 163
0.506563002 31.5778408 24.5116225 255 79 163
0.14214672 31.1649466 24.8092002 255 79 163
0.245313533 31.2614092 24.8457836 255 79 163
0.0163356065 30.7900188 25.2466494 255 79 163
0.368850513 31.3339884 24.8733093 255 79 163
0.0645232904 30.9267272 25.2632488 255 79 163
0.506563002 31.3790447 24.8903969 255 79 163
0.14214672 31.0493634 25.2781395 255 79 163
0.245313533 31.151778 25.2905749 255 79 163
0.0163356065 30.7900188 25.7926034 255 79 163
0.368850513 31.2288355 25.2999314 255 79 163
0.0645232904 30.9267272 25.776004 255 79 163
0.506563002 31.2766718 25.3057398 255 79 163
0.14214672 31.0493634 25.7611132 255 79 163
0.245313533 31.151778 25.7486779 255 79 163
0.0163356065 30.9206741 26.322693 255 79 163
0.368850513 31.2288355 25.7393214 255 79 163
0.0645232904 31.0494375 26.2738594 255 79 163
0.506563002 31.2766718 25.733513 255 79 163
0.14214672 31.1649466 26.2300526 255 79 163
0.245313533 31.2614092 26.1934692 255 79 163
0.0163356065 31.1743916 26.8061112 255 79 163
0.368850513 31.3339884 26.1659435 255 79 163
0.0645232904 31.2877267 26.7278816 255 79 163
0.506563002 31.3790447 26.1488559 255 79 163
0.14214672 31.3893957 26.6577046 255 79 163
0.245313533 31.4743003 26.5990992 255 79 163
0.0163356065 31.536426 27.2147636 255 79 163
0.368850513 31.5381831 26.555004 255 79 163
0.0645232904 31.6277463 27.1116844 255 79 163
0.506563002 31.5778408 26.5276303 255 79 163
0.14214672 31.7096665 27.0192156 255 79 163
0.245313533 31.7780787 26.9419941 255 79 163
0.0163356065 31.9857374 27.5249009 255 79 163
0.368850513 31.8295526 26.8838922 255 79 163
0.0645232904 32.0497355 27.4029625 255 79 163
0.506563002 31.8615069 26.8478232 255 79 163
0.14214672 32.107146 27.2935759 255 79 163
0.245313533 32.1550901 27.2022263 255 79 163
0.0163356065 32.4962132 27.7184988 255 79 163
0.368850513 32.1911635 27.1334941 255 79 163
0.0645232904 32.52917 27.584788 255 79 163
0.506563002 32.2135574 27.0908261 255 79 163
0.14214672 32.5587343 27.4648408 255 79 163
0.245313533 32.5834237 27.3646718 255 79 163
0.368850513 32.6020002 27.289304 255 79 163
0.506563002 32.6135323 27.2425165 255 79 163
0 33.0381866 27.9292888 255 79 163
-1.11022302e-16 39.9639322 27.9292888 255 79 163
0.0163356065 39.9639322 27.7843063 255 79 163
0.0645232904 39.9639322 27.6465938 255 79 163
0.14214672 39.9639322 27.5230568 255 79 163
0.245313533 39.9639322 27.41989 255 79 163
0.368850513 39.9639322 27.3422666 255 79 163
0.506563002 39.9639322 27.2940789 255 79 163
0.651545519 39.9639322 27.2777433 255 79 163
0.651545519 33.0381866 27.2777433 255 79 163
0.0163356065 33.0381866 27.7843063 255 79 163
0.0645232904 33.0381866 27.6465938 255 79 163
0.14214672 33.0381866 27.5230568 255 79 163
0.245313533 33.0381866 27.41989 255 79 163
0.368850513 33.0381866 27.3422666 255 79 163
0.506563002 33.0381866 27.2940789 255 79 163
0.651545519 -1.11022302e-16 0 218 222 230
25.8200754 0 -1.11022302e-16 218 222 230
0.651545519 -1.11022302e-16 35.5947096 218 222 230
74.3737609 0 35.5947096 218 222 230
74.5187434 0 35.578374 218 222 230
74.6564559 0 35.5301863 218 222 230
74.7799929 0 35.4525629 218 222 230
74.8831597 0 35.3493961 218 222 230
74.9607831 0 35.2258591 218 222 230
75.0089708 0 35.0881466 218 222 230
75.0253064 0 34.9431641 218 222 230
75.0253064 0 0 218 222 230
61.2029748 -1.11022302e-16 0 218 222 230
61.2029748 -1.11022302e-16 15.2668533 218 222 230
61.1952837 -1.12128479e-16 15.3286658 218 222 230
61.1742557 -1.10401059e-16 15.3872044 218 222 230
61.143194 -1.07391439e-16 15.441252 218 222 230
61.0910472 -1.02623944e-16 15.5060384 218 222 230
60.9985318 -9.48642531e-17 15.5895207 218 222 230
60.8413766 -8.17971801e-17 15.690998 218 222 230
60.5843676 -5.88036943e-17 15.8031129 218 222 230
60.279048 -3.06418843e-17 15.8831261 218 222 230
60.0902264 -1.27493295e-17 15.9093548 218 222 230
59.8998837 0 15.9183988 218 222 230
27.1231665 0 15.9183988 218 222 230
26.471621 0 15.2668533 218 222 230
26.4879566 0 15.4118358 218 222 230
26.5361443 0 15.5495483 218 222 230
26.6137677 0 15.6730853 218 222 230
26.7169345 0 15.7762521 218 222 230
26.8404715 0 15.8538755 218 222 230
26.978184 0 15.9020632 218 222 230
26.471621 0 0.651545519 218 222 230
25.965058 0 0.0163356065 218 222 230
26.1027704 0 0.0645232904 218 222 230
26.2263074 0 0.14214672 218 222 230
26.3294742 0 0.245313533 218 222 230
26.4070977 0 0.368850513 218 222 230
26.4552854 0 0.506563002 218 222 230
34.7812536 0 31.0561869 218 222 230
35.1913144 0 30.5419353 218 222 230
35.7919665 0 32.2590495 218 222 230
35.1328892 0 32.0945459 218 222 230
34.6966148 0 31.1947986 218 222 230
34.6488877 0 31.3500372 218 222 230
34.6410376 0 31.5122571 218 222 230
34.6735525 0 31.6713788 218 222 230
34.7444119 0 31.8175152 218 222 230
34.8492131 0 31.9415863 218 222 230
34.9814442 0 32.0358829 218 222 230
74.3737609 0 35.5947096 255 79 163
74.5187434 0 35.578374 255 79 163
74.6564559 0 35.5301863 255 79 163
74.7799929 0 35.4525629 255 79 163
74.8831597 0 35.3493961 255 79 163
74.9607831 0 35.2258591 255 79 163
75.0089708 0 35.0881466 255 79 163
75.0253064 0 34.9431641 255 79 163
75.0253064 60.4219016 34.9431641 255 79 163
74.3737609 59.770356 35.5947096 255 79 163
74.5423933 59.9389884 35.5725087 255 79 163
74.6995336 60.0961288 35.507419 255 79 163
74.8344731 60.2310683 35.4038763 255 79 163
74.9292947 60.3258899 35.2835957 255 79 163
74.9837862 60.3803814 35.1720323 255 79 163
75.0139282 60.4105233 35.0643969 255 79 163
75.0224556 60.4190508 35.0040469 255 79 163
17.5428918 41.6564979 0 218 222 230
17.7221372 41.623732 0 218 222 230
17.5428918 41.6564979 35.5947096 218 222 230
17.7221372 41.623732 35.5947096 218 222 230
17.7221372 41.623732 0 218 222 230
17.7221372 41.623732 35.5947096 218 222 230
17.8680949 41.5788609 35.5947096 218 222 230
17.9996003 41.5012505 35.5947096 218 222 230
18.1094304 41.3951636 35.5947096 218 222 230
18.1915524 41.2664273 35.5947096 218 222 230
18.2414557 41.1221126 35.5947096 218 222 230
18.2563992 40.9701464 35.5947096 218 222 230
18.2355622 40.8188755 35.5947096 218 222 230
18.1800892 40.6766089 35.5947096 218 222 230
18.093027 40.5511607 35.5947096 218 222 230
18.093027 40.5511607 0 218 222 230
17.8680949 41.5788609 0 218 222 230
17.9996003 41.5012505 0 218 222 230
18.1094304 41.3951636 0 218 222 230
18.1915524 41.2664273 0 218 222 230
18.2414557 41.1221126 0 218 222 230
18.2563992 40.9701464 0 218 222 230
18.2355622 40.8188755 0 218 222 230
18.1800892 40.6766089 0 218 222 230
17.5428918 41.6564979 0 218 222 230
17.3818081 41.6656361 0 218 222 230
17.2234178 41.6349118 0 218 222 230
17.0774336 41.566209 0 218 222 230
16.9528073 41.4637407 0 218 222 230
16.8571812 41.3337903 0 218 222 230
16.7964191 41.1843265 0 218 222 230
16.7742471 41.0245145 0 218 222 230
16.7920247 40.8641542 0 218 222 230
16.7920247 40.8641542 35.5947096 218 222 230
17.5428918 41.6564979 35.5947096 218 222 230
17.3818081 41.6656361 35.5947096 218 222 230
17.2234178 41.6349118 35.5947096 218 222 230
17.0774336 41.566209 35.5947096 218 222 230
16.9528073 41.4637407 35.5947096 218 222 230
16.8571812 41.3337903 35.5947096 218 222 230
16.7964191 41.1843265 35.5947096 218 222 230
16.7742471 41.0245145 35.5947096 218 222 230
18.093027 40.5511607 0 218 222 230
17.958071 40.3985696 0 218 222 230
18.093027 40.5511607 35.5947096 218 222 230
17.958071 40.3985696 35.5947096 218 222 230
16.8363141 40.6787973 0 218 222 230
16.7920247 40.8641542 0 218 222 230
16.8363141 40.6787973 35.5947096 218 222 230
16.7920247 40.8641542 35.5947096 218 222 230
17.958071 40.3985696 0 218 222 230
17.958071 40.3985696 35.5947096 218 222 230
17.8401156 40.2939871 35.5947096 218 222 230
17.7004949 40.2207954 35.5947096 218 222 230
17.5473821 40.1832794 35.5947096 218 222 230
17.3897406 40.1836351 35.5947096 218 222 230
17.2367987 40.2218417 35.5947096 218 222 230
17.0975096 40.2956626 35.5947096 218 222 230
16.9800274 40.4007764 35.5947096 218 222 230
16.8912295 40.5310296 35.5947096 218 222 230
16.8363141 40.6787973 35.5947096 218 222 230
16.8363141 40.6787973 0 218 222 230
17.8401156 40.2939871 0 218 222 230
17.7004949 40.2207954 0 218 222 230
17.5473821 40.1832794 0 218 222 230
17.3897406 40.1836351 0 218 222 230
17.2367987 40.2218417 0 218 222 230
17.0975096 40.2956626 0 218 222 230
16.9800274 40.4007764 0 218 222 230
16.8912295 40.5310296 0 218 222 230
67.6624081 46.8460824 0 218 222 230
65.3196157 47.3092289 0 218 222 230
67.6624081 46.8460824 35.5947096 218 222 230
65.3196157 47.3092289 35.5947096 218 222 230
65.3196157 47.3092289 0 218 222 230
65.3196157 47.3092289 35.5947096 218 222 230
65.1710872 47.3576855 35.5947096 218 222 230
65.0383643 47.4401074 35.5947096 218 222 230
64.9290783 47.5517555 35.5947096 218 222 230
64.849513 47.6862104 35.5947096 218 222 230
64.8042433 47.835741 35.5947096 218 222 230
64.7958721 47.9917495 35.5947096 218 222 230
64.8248807 48.1452658 35.5947096 218 222 230
64.8896012 48.2874628 35.5947096 218 222 230
64.9863123 48.4101645 35.5947096 218 222 230
64.9863123 48.4101645 0 218 222 230
65.1710872 47.3576855 0 218 222 230
65.0383643 47.4401074 0 218 222 230
64.9290783 47.5517555 0 218 222 230
64.849513 47.6862104 0 218 222 230
64.8042433 47.835741 0 218 222 230
64.7958721 47.9917495 0 218 222 230
64.8248807 48.1452658 0 218 222 230
64.8896012 48.2874628 0 218 222 230
66.384508 49.8020064 0 218 222 230
67.6624081 46.8460824 0 218 222 230
66.384508 49.8020064 35.5947096 218 222 230
67.6624081 46.8460824 35.5947096 218 222 230
64.9863123 48.4101645 0 218 222 230
66.384508 49.8020064 0 218 222 230
64.9863123 48.4101645 35.5947096 218 222 230
66.384508 49.8020064 35.5947096 218 222 230
74.1032926 23.8390938 35.5947096 255 79 163
73.9583101 23.8390938 35.578374 255 79 163
73.8205976 23.8390938 35.5301863 255 79 163
73.6970606 23.8390938 35.4525629 255 79 163
73.5938938 23.8390938 35.3493961 255 79 163
73.5162704 23.8390938 35.2258591 255 79 163
73.4680827 23.8390938 35.0881466 255 79 163
73.4517471 23.8390938 34.9431641 255 79 163
74.0257218 24.4779467 35.5947096 255 79 163
73.7975176 25.0796719 35.5947096 255 79 163
73.4319423 25.6092991 35.5947096 255 79 163
72.9502419 26.0360484 35.5947096 255 79 163
72.380411 26.3351187 35.5947096 255 79 163
71.7555661 26.4891292 35.5947096 255 79 163
71.112021 26.4891292 35.5947096 255 79 163
70.4871762 26.3351187 35.5947096 255 79 163
69.9173453 26.0360484 35.5947096 255 79 163
69.4356449 25.6092991 35.5947096 255 79 163
69.0700696 25.0796719 35.5947096 255 79 163
68.8418654 24.4779467 35.5947096 255 79 163
68.7642946 23.8390938 35.5947096 255 79 163
68.8418654 23.2002409 35.5947096 255 79 163
69.0700696 22.5985158 35.5947096 255 79 163
69.4356449 22.0688885 35.5947096 255 79 163
69.9173453 21.6421392 35.5947096 255 79 163
70.4871762 21.3430689 35.5947096 255 79 163
71.112021 21.1890585 35.5947096 255 79 163
71.7555661 21.1890585 35.5947096 255 79 163
72.380411 21.3430689 35.5947096 255 79 163
72.9502419 21.6421392 35.5947096 255 79 163
73.4319423 22.0688885 35.5947096 255 79 163
73.7975176 22.5985158 35.5947096 255 79 163
74.0257218 23.2002409 35.5947096 255 79 163
74.1032926 23.8390938 35.5947096 255 79 163
73.9583101 23.8390938 35.578374 255 79 163
73.8205976 23.8390938 35.5301863 255 79 163
73.6970606 23.8390938 35.4525629 255 79 163
73.5938938 23.8390938 35.3493961 255 79 163
73.5162704 23.8390938 35.2258591 255 79 163
73.4680827 23.8390938 35.0881466 255 79 163
73.4517471 23.8390938 34.9431641 255 79 163
73.393109 24.3220217 34.9431641 255 79 163
73.2206027 24.7768836 34.9431641 255 79 163
72.9442535 25.1772445 34.9431641 255 79 163
72.5801218 25.499837 34.9431641 255 79 163
72.1493698 25.7259131 34.9431641 255 79 163
71.677031 25.8423341 34.9431641 255 79 163
71.1905562 25.8423341 34.9431641 255 79 163
70.7182174 25.7259131 34.9431641 255 79 163
70.2874654 25.499837 34.9431641 255 79 163
69.9233337 25.1772445 34.9431641 255 79 163
69.6469845 24.7768836 34.9431641 255 79 163
69.4744782 24.3220217 34.9431641 255 79 163
69.4158401 23.8390938 34.9431641 255 79 163
69.4744782 23.3561659 34.9431641 255 79 163
69.6469845 22.9013041 34.9431641 255 79 163
69.9233337 22.5009431 34.9431641 255 79 163
70.2874654 22.1783507 34.9431641 255 79 163
70.7182174 21.9522745 34.9431641 255 79 163
71.1905562 21.8358535 34.9431641 255 79 163
71.677031 21.8358535 34.9431641 255 79 163
72.1493698 21.9522745 34.9431641 255 79 163
72.5801218 22.1783507 34.9431641 255 79 163
72.9442535 22.5009431 34.9431641 255 79 163
73.2206027 22.9013041 34.9431641 255 79 163
73.393109 23.3561659 34.9431641 255 79 163
73.8849522 24.4432502 35.578374 255 79 163
73.7512414 24.4102934 35.5301863 255 79 163
73.6312942 24.3807291 35.4525629 255 79 163
73.5311252 24.3560396 35.3493961 255 79 163
73.6691419 25.0122951 35.578374 255 79 163
73.4557574 24.3374631 35.2258591 255 79 163
73.5472036 24.9482969 35.5301863 255 79 163
73.4089699 24.3259311 35.0881466 255 79 163
73.437817 24.8908864 35.4525629 255 79 163
73.3464673 24.8429424 35.3493961 255 79 163
73.3234213 25.5131579 35.578374 255 79 163
73.2777352 24.806869 35.2258591 255 79 163
73.220342 25.4218376 35.5301863 255 79 163
73.2350671 24.7844751 35.0881466 255 79 163
73.1278733 25.3399175 35.4525629 255 79 163
73.0506518 25.2715052 35.3493961 255 79 163
72.8678824 25.9167301 35.578374 255 79 163
72.9925498 25.2200313 35.2258591 255 79 163
72.7896528 25.803395 35.5301863 255 79 163
72.9564808 25.188077 35.0881466 255 79 163
72.7194758 25.701726 35.4525629 255 79 163
72.6608704 25.6168214 35.3493961 255 79 163
72.3289995 26.1995577 35.578374 255 79 163
72.6167752 25.5529386 35.2258591 255 79 163
72.280166 26.0707943 35.5301863 255 79 163
72.5894015 25.5132809 35.0881466 255 79 163
72.2363591 25.9552852 35.4525629 255 79 163
72.1997757 25.8588226 35.3493961 255 79 163
71.7380904 26.3452037 35.578374 255 79 163
72.17225 25.7862434 35.2258591 255 79 163
71.721491 26.2084953 35.5301863 255 79 163
72.1551624 25.7411872 35.0881466 255 79 163
71.7066003 26.0858591 35.4525629 255 79 163
71.6941649 25.9834445 35.3493961 255 79 163
71.1294968 26.3452037 35.578374 255 79 163
71.6848084 25.906387 35.2258591 255 79 163
71.1460962 26.2084953 35.5301863 255 79 163
71.6790001 25.8585506 35.0881466 255 79 163
71.1609869 26.0858591 35.4525629 255 79 163
71.1734223 25.9834445 35.3493961 255 79 163
70.5385877 26.1995577 35.578374 255 79 163
71.1827788 25.906387 35.2258591 255 79 163
70.5874212 26.0707943 35.5301863 255 79 163
71.1885871 25.8585506 35.0881466 255 79 163
70.6312281 25.9552852 35.4525629 255 79 163
70.6678115 25.8588226 35.3493961 255 79 163
69.9997048 25.9167301 35.578374 255 79 163
70.6953372 25.7862434 35.2258591 255 79 163
70.0779344 25.803395 35.5301863 255 79 163
70.7124247 25.7411872 35.0881466 255 79 163
70.1481114 25.701726 35.4525629 255 79 163
70.2067168 25.6168214 35.3493961 255 79 163
69.5441659 25.5131579 35.578374 255 79 163
70.250812 25.5529386 35.2258591 255 79 163
69.6472452 25.4218376 35.5301863 255 79 163
70.2781857 25.5132809 35.0881466 255 79 163
69.7397139 25.3399175 35.4525629 255 79 163
69.8169354 25.2715052 35.3493961 255 79 163
69.1984453 25.0122951 35.578374 255 79 163
69.8750374 25.2200313 35.2258591 255 79 163
69.3203836 24.9482969 35.5301863 255 79 163
69.9111063 25.188077 35.0881466 255 79 163
69.4297702 24.8908864 35.4525629 255 79 163
69.5211199 24.8429424 35.3493961 255 79 163
68.982635 24.4432502 35.578374 255 79 163
69.589852 24.806869 35.2258591 255 79 163
69.1163458 24.4102934 35.5301863 255 79 163
69.6325201 24.7844751 35.0881466 255 79 163
69.236293 24.3807291 35.4525629 255 79 163
69.336462 24.3560396 35.3493961 255 79 163
68.9092771 23.8390938 35.578374 255 79 163
69.4118298 24.3374631 35.2258591 255 79 163
69.0469896 23.8390938 35.5301863 255 79 163
69.4586173 24.3259311 35.0881466 255 79 163
69.1705266 23.8390938 35.4525629 255 79 163
69.2736934 23.8390938 35.3493961 255 79 163
68.982635 23.2349375 35.578374 255 79 163
69.3513168 23.8390938 35.2258591 255 79 163
69.1163458 23.2678942 35.5301863 255 79 163
69.3995045 23.8390938 35.0881466 255 79 163
69.236293 23.2974586 35.4525629 255 79 163
69.336462 23.322148 35.3493961 255 79 163
69.1984453 22.6658925 35.578374 255 79 163
69.4118298 23.3407245 35.2258591 255 79 163
69.3203836 22.7298907 35.5301863 255 79 163
69.4586173 23.3522566 35.0881466 255 79 163
69.4297702 22.7873012 35.4525629 255 79 163
69.5211199 22.8352452 35.3493961 255 79 163
69.5441659 22.1650297 35.578374 255 79 163
69.589852 22.8713186 35.2258591 255 79 163
69.6472452 22.25635 35.5301863 255 79 163
69.6325201 22.8937125 35.0881466 255 79 163
69.7397139 22.3382702 35.4525629 255 79 163
69.8169354 22.4066824 35.3493961 255 79 163
69.9997048 21.7614575 35.578374 255 79 163
69.8750374 22.4581563 35.2258591 255 79 163
70.0779344 21.8747926 35.5301863 255 79 163
69.9111063 22.4901106 35.0881466 255 79 163
70.1481114 21.9764616 35.4525629 255 79 163
70.2067168 22.0613662 35.3493961 255 79 163
70.5385877 21.4786299 35.578374 255 79 163
70.250812 22.125249 35.2258591 255 79 163
70.5874212 21.6073933 35.5301863 255 79 163
70.2781857 22.1649067 35.0881466 255 79 163
70.6312281 21.7229024 35.4525629 255 79 163
70.6678115 21.819365 35.3493961 255 79 163
71.1294968 21.3329839 35.578374 255 79 163
70.6953372 21.8919442 35.2258591 255 79 163
71.1460962 21.4696923 35.5301863 255 79 163
70.7124247 21.9370005 35.0881466 255 79 163
71.1609869 21.5923286 35.4525629 255 79 163
71.1734223 21.6947432 35.3493961 255 79 163
71.7380904 21.3329839 35.578374 255 79 163
71.1827788 21.7718006 35.2258591 255 79 163
71.721491 21.4696923 35.5301863 255 79 163
71.1885871 21.819637 35.0881466 255 79 163
71.7066003 21.5923286 35.4525629 255 79 163
71.6941649 21.6947432 35.3493961 255 79 163
72.3289995 21.4786299 35.578374 255 79 163
71.6848084 21.7718006 35.2258591 255 79 163
72.280166 21.6073933 35.5301863 255 79 163
71.6790001 21.819637 35.0881466 255 79 163
72.2363591 21.7229024 35.4525629 255 79 163
72.1997757 21.819365 35.3493961 255 79 163
72.8678824 21.7614575 35.578374 255 79 163
72.17225 21.8919442 35.2258591 255 79 163
72.7896528 21.8747926 35.5301863 255 79 163
72.1551624 21.9370005 35.0881466 255 79 163
72.7194758 21.9764616 35.4525629 255 79 163
72.6608704 22.0613662 35.3493961 255 79 163
73.3234213 22.1650297 35.578374 255 79 163
72.6167752 22.125249 35.2258591 255 79 163
73.220342 22.25635 35.5301863 255 79 163
72.5894015 22.1649067 35.0881466 255 79 163
73.1278733 22.3382702 35.4525629 255 79 163
73.0506518 22.4066824 35.3493961 255 79 163
73.6691419 22.6658925 35.578374 255 79 163
72.9925498 22.4581563 35.2258591 255 79 163
73.5472036 22.7298907 35.5301863 255 79 163
72.9564808 22.4901106 35.0881466 255 79 163
73.437817 22.7873012 35.4525629 255 79 163
73.3464673 22.8352452 35.3493961 255 79 163
73.8849522 23.2349375 35.578374 255 79 163
73.2777352 22.8713186 35.2258591 255 79 163
73.7512414 23.2678942 35.5301863 255 79 163
73.2350671 22.8937125 35.0881466 255 79 163
73.6312942 23.2974586 35.4525629 255 79 163
73.5311252 23.322148 35.3493961 255 79 163
73.4557574 23.3407245 35.2258591 255 79 163
73.4089699 23.3522566 35.0881466 255 79 163
75.0253064 0 0 218 222 230
75.0253064 0 34.9431641 218 222 230
75.0253064 60.4219016 0 218 222 230
75.0253064 60.4219016 34.9431641 218 222 230
25.8200754 0 -1.11022302e-16 255 79 163
25.8200754 35.049981 -1.11022302e-16 255 79 163
25.965058 35.049981 0.0163356065 255 79 163
26.1027704 35.049981 0.0645232904 255 79 163
26.2263074 35.049981 0.14214672 255 79 163
26.3294742 35.049981 0.245313533 255 79 163
26.4070977 35.049981 0.368850513 255 79 163
26.4552854 35.049981 0.506563002 255 79 163
26.471621 35.049981 0.651545519 255 79 163
26.471621 0 0.651545519 255 79 163
25.965058 0 0.0163356065 255 79 163
26.1027704 0 0.0645232904 255 79 163
26.2263074 0 0.14214672 255 79 163
26.3294742 0 0.245313533 255 79 163
26.4070977 0 0.368850513 255 79 163
26.4552854 0 0.506563002 255 79 163
25.8200754 35.049981 -1.11022302e-16 255 79 163
25.965058 35.049981 0.0163356065 255 79 163
26.1027704 35.049981 0.0645232904 255 79 163
26.2263074 35.049981 0.14214672 255 79 163
26.3294742 35.049981 0.245313533 255 79 163
26.4070977 35.049981 0.368850513 255 79 163
26.4552854 35.049981 0.506563002 255 79 163
26.471621 35.049981 0.651545519 255 79 163
25.9714282 37.3591785 0 255 79 163
26.422897 39.6288651 0 255 79 163
27.1667569 41.8202056 0 255 79 163
28.1902803 43.8957058 0 255 79 163
29.4759544 45.8198531 0 255 79 163
31.0017811 47.559725 0 255 79 163
32.7416529 49.0855516 0 255 79 163
34.6658003 50.3712258 0 255 79 163
36.7413004 51.3947492 0 255 79 163
38.932641 52.1386091 0 255 79 163
41.2023275 52.5900778 0 255 79 163
43.5115251 52.7414306 0 255 79 163
45.8207227 52.5900778 0 255 79 163
48.0904092 52.1386091 0 255 79 163
50.2817498 51.3947492 0 255 79 163
52.3572499 50.3712258 0 255 79 163
54.2813973 49.0855516 0 255 79 163
56.0212691 47.559725 0 255 79 163
57.5470958 45.8198531 0 255 79 163
58.8327699 43.8957058 0 255 79 163
59.8562933 41.8202056 0 255 79 163
60.6001532 39.6288651 0 255 79 163
61.051622 37.3591785 0 255 79 163
61.2029748 35.049981 0 255 79 163
61.0579922 35.049981 0.0163356065 255 79 163
60.9202798 35.049981 0.0645232904 255 79 163
60.7967428 35.049981 0.14214672 255 79 163
60.693576 35.049981 0.245313533 255 79 163
60.6159525 35.049981 0.368850513 255 79 163
60.5677648 35.049981 0.506563002 255 79 163
60.5514292 35.049981 0.651545519 255 79 163
26.6303315 37.3702476 0.651545519 255 79 163
27.1035068 39.6472921 0.651545519 255 79 163
27.8823324 41.8386973 0.651545519 255 79 163
28.9523004 43.9036417 0.651545519 255 79 163
30.2934791 45.803659 0.651545519 255 79 163
31.880885 47.5033557 0.651545519 255 79 163
33.6849477 48.9710696 0.651545519 255 79 163
35.672061 50.17946 0.651545519 255 79 163
37.8052086 51.1060168 0.651545519 255 79 163
40.0446541 51.73348 0.651545519 255 79 163
42.3486809 52.0501612 0.651545519 255 79 163
44.6743693 52.0501612 0.651545519 255 79 163
46.9783961 51.73348 0.651545519 255 79 163
49.2178416 51.1060168 0.651545519 255 79 163
51.3509892 50.17946 0.651545519 255 79 163
53.3381025 48.9710696 0.651545519 255 79 163
55.1421652 47.5033557 0.651545519 255 79 163
56.7295711 45.803659 0.651545519 255 79 163
58.0707499 43.9036417 0.651545519 255 79 163
59.1407178 41.8386973 0.651545519 255 79 163
59.9195434 39.6472921 0.651545519 255 79 163
60.3927187 37.3702476 0.651545519 255 79 163
26.1151704 37.3402545 0.0163356065 255 79 163
26.2517048 37.3222794 0.0645232904 255 79 163
26.3741849 37.3061546 0.14214672 255 79 163
26.4764691 37.2926886 0.245313533 255 79 163
26.5534284 37.2825567 0.368850513 255 79 163
26.6012039 37.276267 0.506563002 255 79 163
26.5629393 39.5913408 0.0163356065 255 79 163
26.6959594 39.5556982 0.0645232904 255 79 163
26.8152869 39.5237245 0.14214672 255 79 163
26.9149384 39.497023 0.245313533 255 79 163
26.9899169 39.4769325 0.368850513 255 79 163
27.0364626 39.4644606 0.506563002 255 79 163
27.3007032 41.7647232 0.0163356065 255 79 163
27.427933 41.7120229 0.0645232904 255 79 163
27.5420663 41.6647474 0.14214672 255 79 163
27.63738 41.6252672 0.245313533 255 79 163
27.7090947 41.595562 0.368850513 255 79 163
27.7536143 41.5771213 0.506563002 255 79 163
28.3158388 43.8232145 0.0163356065 255 79 163
28.4351013 43.7543583 0.0645232904 255 79 163
28.5420875 43.6925898 0.14214672 255 79 163
28.6314326 43.6410064 0.245313533 255 79 163
28.6986564 43.6021947 0.368850513 255 79 163
28.7403882 43.5781008 0.506563002 255 79 163
29.5909768 45.7315934 0.0163356065 255 79 163
29.7002314 45.6477593 0.0645232904 255 79 163
29.7982399 45.5725548 0.14214672 255 79 163
29.8800877 45.5097508 0.245313533 255 79 163
29.9416705 45.4624966 0.368850513 255 79 163
29.9799003 45.4331618 0.506563002 255 79 163
31.1042992 47.4572069 0.0163356065 255 79 163
31.2016766 47.3598294 0.0645232904 255 79 163
31.2890305 47.2724756 0.14214672 255 79 163
31.3619804 47.1995256 0.245313533 255 79 163
31.4168685 47.1446376 0.368850513 255 79 163
31.4509423 47.1105637 0.506563002 255 79 163
32.8299127 48.9705293 0.0163356065 255 79 163
32.9137467 48.8612746 0.0645232904 255 79 163
32.9889513 48.7632661 0.14214672 255 79 163
33.0517553 48.6814184 0.245313533 255 79 163
33.0990094 48.6198356 0.368850513 255 79 163
33.1283442 48.5816057 0.506563002 255 79 163
33.5434802 49.1714834 0.14214672 255 79 163
33.6029745 49.0871992 0.245313533 255 79 163
33.6477384 49.0237832 0.368850513 255 79 163
33.6755273 48.9844153 0.506563002 255 79 163
34.7382915 50.2456673 0.0163356065 255 79 163
34.8071478 50.1264047 0.0645232904 255 79 163
34.8689163 50.0194186 0.14214672 255 79 163
34.9204997 49.9300735 0.245313533 255 79 163
34.9593114 49.8628496 0.368850513 255 79 163
34.9834052 49.8211179 0.506563002 255 79 163
35.5592008 50.3972702 0.14214672 255 79 163
35.6066642 50.3056699 0.245313533 255 79 163
35.6423761 50.2367492 0.368850513 255 79 163
35.6645455 50.1939641 0.506563002 255 79 163
36.7967828 51.2608028 0.0163356065 255 79 163
36.8494831 51.1335731 0.0645232904 255 79 163
36.8967587 51.0194398 0.14214672 255 79 163
36.9362389 50.9241261 0.245313533 255 79 163
36.9659441 50.8524114 0.368850513 255 79 163
36.9843847 50.8078918 0.506563002 255 79 163
37.7230581 51.3371661 0.14214672 255 79 163
37.7576066 51.239956 0.245313533 255 79 163
37.7836011 51.1668145 0.368850513 255 79 163
37.7997382 51.1214092 0.506563002 255 79 163
38.9701652 51.9985667 0.0163356065 255 79 163
39.0058078 51.8655467 0.0645232904 255 79 163
39.0377816 51.7462191 0.14214672 255 79 163
39.0644831 51.6465676 0.245313533 255 79 163
39.0845735 51.5715892 0.368850513 255 79 163
39.0970454 51.5250434 0.506563002 255 79 163
39.9947436 51.9736625 0.14214672 255 79 163
40.0157335 51.8726536 0.245313533 255 79 163
40.0315265 51.7966537 0.368850513 255 79 163
40.0413306 51.7494739 0.506563002 255 79 163
41.2212516 52.4463356 0.0163356065 255 79 163
41.2392266 52.3098013 0.0645232904 255 79 163
41.2553515 52.1873212 0.14214672 255 79 163
41.2688174 52.085037 0.245313533 255 79 163
41.2789493 52.0080776 0.368850513 255 79 163
41.2852391 51.9603022 0.506563002 255 79 163
42.3319401 52.2949028 0.14214672 255 79 163
42.3389805 52.1919765 0.245313533 255 79 163
42.3442777 52.114534 0.368850513 255 79 163
42.3475661 52.0664587 0.506563002 255 79 163
43.5115251 52.5964481 0.0163356065 255 79 163
43.5115251 52.4587356 0.0645232904 255 79 163
43.5115251 52.3351986 0.14214672 255 79 163
43.5115251 52.2320318 0.245313533 255 79 163
43.5115251 52.1544084 0.368850513 255 79 163
43.5115251 52.1062207 0.506563002 255 79 163
44.6911101 52.2949028 0.14214672 255 79 163
44.6840697 52.1919765 0.245313533 255 79 163
44.6787725 52.114534 0.368850513 255 79 163
44.6754841 52.0664587 0.506563002 255 79 163
45.8017986 52.4463356 0.0163356065 255 79 163
45.7838236 52.3098013 0.0645232904 255 79 163
45.7676987 52.1873212 0.14214672 255 79 163
45.7542328 52.085037 0.245313533 255 79 163
45.7441009 52.0080776 0.368850513 255 79 163
45.7378111 51.9603022 0.506563002 255 79 163
47.0283066 51.9736625 0.14214672 255 79 163
47.0073167 51.8726536 0.245313533 255 79 163
46.9915237 51.7966537 0.368850513 255 79 163
46.9817196 51.7494739 0.506563002 255 79 163
48.052885 51.9985667 0.0163356065 255 79 163
48.0172424 51.8655467 0.0645232904 255 79 163
47.9852686 51.7462191 0.14214672 255 79 163
47.9585671 51.6465676 0.245313533 255 79 163
47.9384767 51.5715892 0.368850513 255 79 163
47.9260048 51.5250434 0.506563002 255 79 163
49.2999921 51.3371661 0.14214672 255 79 163
49.2654436 51.239956 0.245313533 255 79 163
49.2394491 51.1668145 0.368850513 255 79 163
49.2233121 51.1214092 0.506563002 255 79 163
50.2262674 51.2608028 0.0163356065 255 79 163
50.1735671 51.1335731 0.0645232904 255 79 163
50.1262915 51.0194398 0.14214672 255 79 163
50.0868113 50.9241261 0.245313533 255 79 163
50.0571061 50.8524114 0.368850513 255 79 163
50.0386655 50.8078918 0.506563002 255 79 163
51.4638494 50.3972702 0.14214672 255 79 163
51.416386 50.3056699 0.245313533 255 79 163
51.3806742 50.2367492 0.368850513 255 79 163
51.3585047 50.1939641 0.506563002 255 79 163
52.2847587 50.2456673 0.0163356065 255 79 163
52.2159024 50.1264047 0.0645232904 255 79 163
52.1541339 50.0194186 0.14214672 255 79 163
52.1025505 49.9300735 0.245313533 255 79 163
52.0637388 49.8628496 0.368850513 255 79 163
52.039645 49.8211179 0.506563002 255 79 163
53.47957 49.1714834 0.14214672 255 79 163
53.4200757 49.0871992 0.245313533 255 79 163
53.3753118 49.0237832 0.368850513 255 79 163
54.1931375 48.9705293 0.0163356065 255 79 163
53.3475229 48.9844153 0.506563002 255 79 163
54.1093035 48.8612746 0.0645232904 255 79 163
54.0340989 48.7632661 0.14214672 255 79 163
53.9712949 48.6814184 0.245313533 255 79 163
53.9240408 48.6198356 0.368850513 255 79 163
53.894706 48.5816057 0.506563002 255 79 163
55.3096048 47.6826397 0.14214672 255 79 163
55.2391879 47.6072417 0.245313533 255 79 163
55.1862058 47.5505117 0.368850513 255 79 163
55.918751 47.4572069 0.0163356065 255 79 163
55.1533152 47.5152944 0.506563002 255 79 163
55.8213736 47.3598294 0.0645232904 255 79 163
55.7340197 47.2724756 0.14214672 255 79 163
55.6610698 47.1995256 0.245313533 255 79 163
55.6061817 47.1446376 0.368850513 255 79 163
55.5721079 47.1105637 0.506563002 255 79 163
57.1225178 46.1233448 0.0163356065 255 79 163
57.0156926 46.0364361 0.0645232904 255 79 163
56.9198636 45.9584735 0.14214672 255 79 163
56.839836 45.8933661 0.245313533 255 79 163
56.7796226 45.8443789 0.368850513 255 79 163
56.7422429 45.8139682 0.506563002 255 79 163
58.3859029 44.0952905 0.0645232904 255 79 163
58.2803505 44.0311026 0.14214672 255 79 163
58.1922028 43.9774988 0.245313533 255 79 163
58.1258798 43.9371669 0.368850513 255 79 163
58.0847073 43.9121294 0.506563002 255 79 163
59.4790316 41.9856478 0.0645232904 255 79 163
59.3657221 41.9364305 0.14214672 255 79 163
59.2710963 41.8953288 0.245313533 255 79 163
59.1998992 41.8644035 0.368850513 255 79 163
59.155701 41.8452055 0.506563002 255 79 163
60.2747159 39.7468068 0.0645232904 255 79 163
60.15576 39.7134769 0.14214672 255 79 163
60.0564189 39.6856428 0.245313533 255 79 163
59.981674 39.6647003 0.368850513 255 79 163
59.9352732 39.6516994 0.506563002 255 79 163
60.8945635 37.4392246 0.0163356065 255 79 163
60.7581337 37.4204727 0.0645232904 255 79 163
60.6357473 37.4036511 0.14214672 255 79 163
60.5335414 37.3896033 0.245313533 255 79 163
60.456641 37.3790335 0.368850513 255 79 163
60.4089021 37.372472 0.506563002 255 79 163
61.2029748 35.049981 0 255 79 163
61.2029748 -1.11022302e-16 0 255 79 163
61.0916105 0.00958791238 0.00958791238 255 79 163
60.9835239 0.0380694649 0.0380694649 255 79 163
60.8818959 0.0846064087 0.0846064087 255 79 163
60.7897178 0.147829102 0.147829102 255 79 163
60.7097023 0.225876818 0.225876818 255 79 163
60.6442045 0.316452513 0.316452513 255 79 163
60.58272 0.452057148 0.452057148 255 79 163
60.5592995 0.55058176 0.55058176 255 79 163
60.5514292 0.651545519 0.651545519 255 79 163
60.5514292 35.049981 0.651545519 255 79 163
61.0579922 35.049981 0.0163356065 255 79 163
60.9202798 35.049981 0.0645232904 255 79 163
60.7967428 35.049981 0.14214672 255 79 163
60.693576 35.049981 0.245313533 255 79 163
60.6159525 35.049981 0.368850513 255 79 163
60.5677648 35.049981 0.506563002 255 79 163
0.651545519 39.9639322 23.7615095 218 222 230
1.88930731 39.9639322 23.7615095 218 222 230
1.88930731 33.0381866 23.7615095 218 222 230
0.651545519 33.0381866 23.7615095 218 222 230
0.651545519 39.9639322 27.2777433 218 222 230
1.88930731 39.9639322 27.2777433 218 222 230
1.88930731 40.3846771 27.2266556 218 222 230
1.88930731 40.7809699 27.0763616 218 222 230
1.88930731 41.1297794 26.8355958 218 222 230
1.88930731 41.410834 26.5183506 218 222 230
1.88930731 41.6078001 26.1430632 218 222 230
1.88930731 41.7092305 25.731544 218 222 230
1.88930731 41.7092305 25.3077088 218 222 230
1.88930731 41.6078001 24.8961896 218 222 230
1.88930731 41.410834 24.5209022 218 222 230
1.88930731 41.1297794 24.203657 218 222 230
1.88930731 40.7809699 23.9628912 218 222 230
1.88930731 40.3846771 23.8125972 218 222 230
1.88930731 39.9639322 23.7615095 218 222 230
0.651545519 39.9639322 23.7615095 218 222 230
0.651545519 40.3846771 27.2266556 218 222 230
0.651545519 40.7809699 27.0763616 218 222 230
0.651545519 41.1297794 26.8355958 218 222 230
0.651545519 41.410834 26.5183506 218 222 230
0.651545519 41.6078001 26.1430632 218 222 230
0.651545519 41.7092305 25.731544 218 222 230
0.651545519 41.7092305 25.3077088 218 222 230
0.651545519 41.6078001 24.8961896 218 222 230
0.651545519 41.410834 24.5209022 218 222 230
0.651545519 41.1297794 24.203657 218 222 230
0.651545519 40.7809699 23.9628912 218 222 230
0.651545519 40.3846771 23.8125972 218 222 230
0.651545519 33.0381866 23.7615095 218 222 230
1.88930731 33.0381866 23.7615095 218 222 230
1.88930731 32.6174417 23.8125972 218 222 230
1.88930731 32.2211489 23.9628912 218 222 230
1.88930731 31.8723394 24.203657 218 222 230
1.88930731 31.5912847 24.5209022 218 222 230
1.88930731 31.3943187 24.8961896 218 222 230
1.88930731 31.2928883 25.3077088 218 222 230
1.88930731 31.2928883 25.731544 218 222 230
1.88930731 31.3943187 26.1430632 218 222 230
1.88930731 31.5912847 26.5183506 218 222 230
1.88930731 31.8723394 26.8355958 218 222 230
1.88930731 32.2211489 27.0763616 218 222 230
1.88930731 32.6174417 27.2266556 218 222 230
1.88930731 33.0381866 27.2777433 218 222 230
0.651545519 33.0381866 27.2777433 218 222 230
0.651545519 32.6174417 23.8125972 218 222 230
0.651545519 32.2211489 23.9628912 218 222 230
0.651545519 31.8723394 24.203657 218 222 230
0.651545519 31.5912847 24.5209022 218 222 230
0.651545519 31.3943187 24.8961896 218 222 230
0.651545519 31.2928883 25.3077088 218 222 230
0.651545519 31.2928883 25.731544 218 222 230
0.651545519 31.3943187 26.1430632 218 222 230
0.651545519 31.5912847 26.5183506 218 222 230
0.651545519 31.8723394 26.8355958 218 222 230
0.651545519 32.2211489 27.0763616 218 222 230
0.651545519 32.6174417 27.2266556 218 222 230
0.651545519 33.0381866 27.2777433 218 222 230
1.88930731 33.0381866 27.2777433 218 222 230
1.88930731 39.9639322 27.2777433 218 222 230
0.651545519 39.9639322 27.2777433 218 222 230
26.471621 0 0.651545519 218 222 230
26.471621 0 15.2668533 218 222 230
26.471621 35.049981 15.2668533 218 222 230
26.471621 35.049981 0.651545519 218 222 230
26.471621 0 15.2668533 255 79 163
26.4879566 0 15.4118358 255 79 163
26.5361443 0 15.5495483 255 79 163
26.6137677 0 15.6730853 255 79 163
26.7169345 0 15.7762521 255 79 163
26.8404715 0 15.8538755 255 79 163
26.978184 0 15.9020632 255 79 163
27.1231665 0 15.9183988 255 79 163
27.1231665 35.049981 15.9183988 255 79 163
26.471621 35.049981 15.2668533 255 79 163
26.4879566 35.049981 15.4118358 255 79 163
26.5361443 35.049981 15.5495483 255 79 163
26.6137677 35.049981 15.6730853 255 79 163
26.7169345 35.049981 15.7762521 255 79 163
26.8404715 35.049981 15.8538755 255 79 163
26.978184 35.049981 15.9020632 255 79 163
59.8998837 0 15.9183988 218 222 230
27.1231665 0 15.9183988 218 222 230
27.1231665 35.049981 15.9183988 218 222 230
27.2758085 37.2815288 15.9183988 218 222 230
27.7308913 39.4715072 15.9183988 218 222 230
28.4799374 41.5791209 15.9183988 218 222 230
29.5089935 43.5651091 15.9183988 218 222 230
30.7988903 45.3924765 15.9183988 218 222 230
32.3255994 47.0271828 15.9183988 218 222 230
34.0606812 48.4387766 15.9183988 218 222 230
35.9718143 49.6009623 15.9183988 218 222 230
38.0233979 50.4920909 15.9183988 218 222 230
40.177215 51.0955621 15.9183988 218 222 230
42.393144 51.4001345 15.9183988 218 222 230
44.6299062 51.4001345 15.9183988 218 222 230
46.8458352 51.0955621 15.9183988 218 222 230
48.9996523 50.4920909 15.9183988 218 222 230
51.0512359 49.6009623 15.9183988 218 222 230
52.962369 48.4387766 15.9183988 218 222 230
54.6974508 47.0271828 15.9183988 218 222 230
56.2241599 45.3924765 15.9183988 218 222 230
57.5140567 43.5651091 15.9183988 218 222 230
58.5431128 41.5791209 15.9183988 218 222 230
59.2921589 39.4715072 15.9183988 218 222 230
59.7472417 37.2815288 15.9183988 218 222 230
59.8998837 35.049981 15.9183988 218 222 230
59.8998837 0 15.9183988 255 79 163
59.8998837 0 15.9183988 255 79 163
61.2029748 -1.11022302e-16 15.2668533 255 79 163
61.1952837 -1.12128479e-16 15.3286658 255 79 163
61.1742557 -1.10401059e-16 15.3872044 255 79 163
61.143194 -1.07391439e-16 15.441252 255 79 163
61.0910472 -1.02623944e-16 15.5060384 255 79 163
60.9985318 -9.48642531e-17 15.5895207 255 79 163
60.8413766 -8.17971801e-17 15.690998 255 79 163
60.5843676 -5.88036943e-17 15.8031129 255 79 163
60.279048 -3.06418843e-17 15.8831261 255 79 163
60.0902264 -1.27493295e-17 15.9093548 255 79 163
61.0508753 0.0180015021 15.2668533 255 79 163
60.9071789 0.0710145132 15.2668533 255 79 163
60.7798295 0.156106795 15.2668533 255 79 163
60.6758639 0.268576093 15.2668533 255 79 163
60.6010251 0.402209914 15.2668533 255 79 163
60.5639478 0.524436111 15.2668533 255 79 163
60.5514292 0.651545519 15.2668533 255 79 163
60.5292284 0.542954599 15.4354857 255 79 163
60.4641387 0.434363679 15.592626 255 79 163
60.360596 0.32577276 15.7275655 255 79 163
60.2256443 0.21718184 15.8311134 255 79 163
60.0685284 0.10859092 15.8961929 255 79 163
60.8739041 0.0200944488 15.5745192 255 79 163
60.7549235 0.0718511645 15.562123 255 79 163
60.7017877 0.1071259 15.5557937 255 79 163
60.653956 0.148026624 15.5494743 255 79 163
60.5763255 0.245616732 15.5372295 255 79 163
60.5249575 0.361649015 15.5260451 255 79 163
60.5077606 0.112356893 15.7057236 255 79 163
60.4233202 0.0944679945 15.7664892 255 79 163
60.3389576 0.0776840439 15.8141887 255 79 163
60.2302242 0.0572025851 15.8605638 255 79 163
60.1369399 0.040429335 15.8888426 255 79 163
60.0671321 0.028278775 15.9037053 255 79 163
60.4981383 0.0272662055 15.786347 255 79 163
60.4473322 0.0247147514 15.8088676 255 79 163
60.3200002 0.0184137136 15.8549032 255 79 163
60.2546098 0.0152861887 15.8733136 255 79 163
60.2000756 0.0127755143 15.8861528 255 79 163
60.1191703 0.00927600796 15.9011594 255 79 163
60.0783838 0.00762362343 15.9069412 255 79 163
60.2673182 0.00401810321 15.8784583 255 79 163
60.2377631 0.00366556239 15.8846059 255 79 163
60.1942263 0.00316747897 15.8927114 255 79 163
60.1065481 0.00225615898 15.9056547 255 79 163
60.0988947 0.000561243796 15.9075847 255 79 163
61.2029748 -1.11022302e-16 0 255 79 163
61.2029748 -1.11022302e-16 15.2668533 255 79 163
61.0508753 0.0180015021 15.2668533 255 79 163
60.9071789 0.0710145132 15.2668533 255 79 163
60.7798295 0.156106795 15.2668533 255 79 163
60.6758639 0.268576093 15.2668533 255 79 163
60.6010251 0.402209914 15.2668533 255 79 163
60.5639478 0.524436111 15.2668533 255 79 163
60.5514292 0.651545519 15.2668533 255 79 163
60.5514292 0.651545519 0.651545519 255 79 163
61.0916105 0.00958791238 0.00958791238 255 79 163
60.9835239 0.0380694649 0.0380694649 255 79 163
60.8818959 0.0846064087 0.0846064087 255 79 163
60.7897178 0.147829102 0.147829102 255 79 163
60.7097023 0.225876818 0.225876818 255 79 163
60.6442045 0.316452513 0.316452513 255 79 163
60.58272 0.452057148 0.452057148 255 79 163
60.5592995 0.55058176 0.55058176 255 79 163
34.7812536 0 31.0561869 218 222 230
35.1913144 0 30.5419353 218 222 230
34.7812536 42.0533565 31.0561869 218 222 230
35.1913144 42.0533565 30.5419353 218 222 230
34.7812536 0 31.0561869 218 222 230
34.6966148 0 31.1947986 218 222 230
34.6488877 0 31.3500372 218 222 230
34.6410376 0 31.5122571 218 222 230
34.6735525 0 31.6713788 218 222 230
34.7444119 0 31.8175152 218 222 230
34.8492131 0 31.9415863 218 222 230
34.9814442 0 32.0358829 218 222 230
35.1328892 0 32.0945459 218 222 230
35.1328892 42.0533565 32.0945459 218 222 230
34.7812536 42.0533565 31.0561869 218 222 230
34.6966148 42.0533565 31.1947986 218 222 230
34.6488877 42.0533565 31.3500372 218 222 230
34.6410376 42.0533565 31.5122571 218 222 230
34.6735525 42.0533565 31.6713788 218 222 230
34.7444119 42.0533565 31.8175152 218 222 230
34.8492131 42.0533565 31.9415863 218 222 230
34.9814442 42.0533565 32.0358829 218 222 230
35.1913144 0 30.5419353 218 222 230
35.1913144 42.0533565 30.5419353 218 222 230
35.7919665 42.0533565 32.2590495 218 222 230
35.7919665 0 32.2590495 218 222 230
35.7919665 0 32.2590495 218 222 230
35.1328892 0 32.0945459 218 222 230
35.7919665 42.0533565 32.2590495 218 222 230
35.1328892 42.0533565 32.0945459 218 222 230
73.4517471 23.8390938 34.9431641 218 222 230
73.4517471 23.8390938 20.0710653 218 222 230
73.393109 24.3220217 20.0710653 218 222 230
73.2206027 24.7768836 20.0710653 218 222 230
72.9442535 25.1772445 20.0710653 218 222 230
72.5801218 25.499837 20.0710653 218 222 230
72.1493698 25.7259131 20.0710653 218 222 230
71.677031 25.8423341 20.0710653 218 222 230
71.1905562 25.8423341 20.0710653 218 222 230
70.7182174 25.7259131 20.0710653 218 222 230
70.2874654 25.499837 20.0710653 218 222 230
69.9233337 25.1772445 20.0710653 218 222 230
69.6469845 24.7768836 20.0710653 218 222 230
69.4744782 24.3220217 20.0710653 218 222 230
69.4158401 23.8390938 20.0710653 218 222 230
69.4744782 23.3561659 20.0710653 218 222 230
69.6469845 22.9013041 20.0710653 218 222 230
69.9233337 22.5009431 20.0710653 218 222 230
70.2874654 22.1783507 20.0710653 218 222 230
70.7182174 21.9522745 20.0710653 218 222 230
71.1905562 21.8358535 20.0710653 218 222 230
71.677031 21.8358535 20.0710653 218 222 230
72.1493698 21.9522745 20.0710653 218 222 230
72.5801218 22.1783507 20.0710653 218 222 230
72.9442535 22.5009431 20.0710653 218 222 230
73.2206027 22.9013041 20.0710653 218 222 230
73.393109 23.3561659 20.0710653 218 222 230
73.4517471 23.8390938 20.0710653 218 222 230
73.4517471 23.8390938 34.9431641 218 222 230
73.393109 24.3220217 34.9431641 218 222 230
73.2206027 24.7768836 34.9431641 218 222 230
72.9442535 25.1772445 34.9431641 218 222 230
72.5801218 25.499837 34.9431641 218 222 230
72.1493698 25.7259131 34.9431641 218 222 230
71.677031 25.8423341 34.9431641 218 222 230
71.1905562 25.8423341 34.9431641 218 222 230
70.7182174 25.7259131 34.9431641 218 222 230
70.2874654 25.499837 34.9431641 218 222 230
69.9233337 25.1772445 34.9431641 218 222 230
69.6469845 24.7768836 34.9431641 218 222 230
69.4744782 24.3220217 34.9431641 218 222 230
69.4158401 23.8390938 34.9431641 218 222 230
69.4744782 23.3561659 34.9431641 218 222 230
69.6469845 22.9013041 34.9431641 218 222 230
69.9233337 22.5009431 34.9431641 218 222 230
70.2874654 22.1783507 34.9431641 218 222 230
70.7182174 21.9522745 34.9431641 218 222 230
71.1905562 21.8358535 34.9431641 218 222 230
71.677031 21.8358535 34.9431641 218 222 230
72.1493698 21.9522745 34.9431641 218 222 230
72.5801218 22.1783507 34.9431641 218 222 230
72.9442535 22.5009431 34.9431641 218 222 230
73.2206027 22.9013041 34.9431641 218 222 230
73.393109 23.3561659 34.9431641 218 222 230
26.471621 35.049981 0.651545519 218 222 230
26.471621 35.049981 15.2668533 218 222 230
26.6303315 37.3702476 15.2668533 218 222 230
27.1035068 39.6472921 15.2668533 218 222 230
27.8823324 41.8386973 15.2668533 218 222 230
28.9523004 43.9036417 15.2668533 218 222 230
30.2934791 45.803659 15.2668533 218 222 230
31.880885 47.5033557 15.2668533 218 222 230
33.6849477 48.9710696 15.2668533 218 222 230
35.672061 50.17946 15.2668533 218 222 230
37.8052086 51.1060168 15.2668533 218 222 230
40.0446541 51.73348 15.2668533 218 222 230
42.3486809 52.0501612 15.2668533 218 222 230
44.6743693 52.0501612 15.2668533 218 222 230
46.9783961 51.73348 15.2668533 218 222 230
49.2178416 51.1060168 15.2668533 218 222 230
51.3509892 50.17946 15.2668533 218 222 230
53.3381025 48.9710696 15.2668533 218 222 230
55.1421652 47.5033557 15.2668533 218 222 230
56.7295711 45.803659 15.2668533 218 222 230
58.0707499 43.9036417 15.2668533 218 222 230
59.1407178 41.8386973 15.2668533 218 222 230
59.9195434 39.6472921 15.2668533 218 222 230
60.3927187 37.3702476 15.2668533 218 222 230
60.5514292 35.049981 15.2668533 218 222 230
60.5514292 35.049981 0.651545519 218 222 230
26.6303315 37.3702476 0.651545519 218 222 230
27.1035068 39.6472921 0.651545519 218 222 230
27.8823324 41.8386973 0.651545519 218 222 230
28.9523004 43.9036417 0.651545519 218 222 230
30.2934791 45.803659 0.651545519 218 222 230
31.880885 47.5033557 0.651545519 218 222 230
33.6849477 48.9710696 0.651545519 218 222 230
35.672061 50.17946 0.651545519 218 222 230
37.8052086 51.1060168 0.651545519 218 222 230
40.0446541 51.73348 0.651545519 218 222 230
42.3486809 52.0501612 0.651545519 218 222 230
44.6743693 52.0501612 0.651545519 218 222 230
46.9783961 51.73348 0.651545519 218 222 230
49.2178416 51.1060168 0.651545519 218 222 230
51.3509892 50.17946 0.651545519 218 222 230
53.3381025 48.9710696 0.651545519 218 222 230
55.1421652 47.5033557 0.651545519 218 222 230
56.7295711 45.803659 0.651545519 218 222 230
58.0707499 43.9036417 0.651545519 218 222 230
59.1407178 41.8386973 0.651545519 218 222 230
59.9195434 39.6472921 0.651545519 218 222 230
60.3927187 37.3702476 0.651545519 218 222 230
60.5514292 35.049981 0.651545519 218 222 230
60.5514292 35.049981 15.2668533 218 222 230
60.5514292 0.651545519 15.2668533 218 222 230
60.5514292 0.651545519 0.651545519 218 222 230
1.88930731 39.9639322 23.7615095 255 79 163
2.03428982 39.9639322 23.7778451 255 79 163
2.17200231 39.9639322 23.8260328 255 79 163
2.29553929 39.9639322 23.9036562 255 79 163
2.39870611 39.9639322 24.006823 255 79 163
2.47632954 39.9639322 24.13036 255 79 163
2.52451722 39.9639322 24.2680725 255 79 163
2.54085283 39.9639322 24.413055 255 79 163
2.54085283 33.0381866 24.413055 255 79 163
1.88930731 33.0381866 23.7615095 255 79 163
2.03428982 33.0381866 23.7778451 255 79 163
2.17200231 33.0381866 23.8260328 255 79 163
2.29553929 33.0381866 23.9036562 255 79 163
2.39870611 33.0381866 24.006823 255 79 163
2.47632954 33.0381866 24.13036 255 79 163
2.52451722 33.0381866 24.2680725 255 79 163
2.54085283 39.9639322 26.6261978 255 79 163
2.54085283 40.2287521 26.5940428 255 79 163
2.54085283 40.4781816 26.4994467 255 79 163
2.54085283 40.6977248 26.347907 255 79 163
2.54085283 40.8746226 26.1482306 255 79 163
2.54085283 40.9985944 25.912022 255 79 163
2.54085283 41.0624354 25.6530088 255 79 163
2.54085283 41.0624354 25.386244 255 79 163
2.54085283 40.9985944 25.1272308 255 79 163
2.54085283 40.8746226 24.8910222 255 79 163
2.54085283 40.6977248 24.6913458 255 79 163
2.54085283 40.4781816 24.5398061 255 79 163
2.54085283 40.2287521 24.44521 255 79 163
2.54085283 39.9639322 24.413055 255 79 163
1.88930731 39.9639322 23.7615095 255 79 163
2.03428982 39.9639322 23.7778451 255 79 163
2.17200231 39.9639322 23.8260328 255 79 163
2.29553929 39.9639322 23.9036562 255 79 163
2.39870611 39.9639322 24.006823 255 79 163
2.47632954 39.9639322 24.13036 255 79 163
2.52451722 39.9639322 24.2680725 255 79 163
1.88930731 39.9639322 27.2777433 255 79 163
1.88930731 40.3846771 27.2266556 255 79 163
1.88930731 40.7809699 27.0763616 255 79 163
1.88930731 41.1297794 26.8355958 255 79 163
1.88930731 41.410834 26.5183506 255 79 163
1.88930731 41.6078001 26.1430632 255 79 163
1.88930731 41.7092305 25.731544 255 79 163
1.88930731 41.7092305 25.3077088 255 79 163
1.88930731 41.6078001 24.8961896 255 79 163
1.88930731 41.410834 24.5209022 255 79 163
1.88930731 41.1297794 24.203657 255 79 163
1.88930731 40.7809699 23.9628912 255 79 163
1.88930731 40.3846771 23.8125972 255 79 163
2.03428982 39.9639322 27.2614077 255 79 163
2.17200231 39.9639322 27.21322 255 79 163
2.29553929 39.9639322 27.1355966 255 79 163
2.39870611 39.9639322 27.0324298 255 79 163
2.47632954 39.9639322 26.9088928 255 79 163
2.52451722 39.9639322 26.7711803 255 79 163
2.03428982 40.3807678 23.8284581 255 79 163
2.17200231 40.3692357 23.8752455 255 79 163
2.29553929 40.3506592 23.9506134 255 79 163
2.03428982 40.7733783 23.9773557 255 79 163
2.39870611 40.3259697 24.0507823 255 79 163
2.17200231 40.7509844 24.0200237 255 79 163
2.47632954 40.2964054 24.1707296 255 79 163
2.29553929 40.714911 24.0887559 255 79 163
2.03428982 41.1189468 24.2158844 255 79 163
2.52451722 40.2634487 24.3044404 255 79 163
2.39870611 40.666967 24.1801055 255 79 163
2.17200231 41.0869925 24.2519534 255 79 163
2.47632954 40.6095565 24.2894921 255 79 163
2.29553929 41.0355186 24.3100553 255 79 163
2.03428982 41.3973901 24.5301818 255 79 163
2.52451722 40.5455583 24.4114305 255 79 163
2.39870611 40.9671064 24.3872768 255 79 163
2.17200231 41.3577324 24.5575556 255 79 163
2.47632954 40.8851862 24.4797456 255 79 163
2.29553929 41.2938496 24.6016507 255 79 163
2.03428982 41.592526 24.9019822 255 79 163
2.52451722 40.793866 24.5828249 255 79 163
2.39870611 41.208945 24.6602561 255 79 163
2.17200231 41.5474697 24.9190698 255 79 163
2.47632954 41.107276 24.7304331 255 79 163
2.29553929 41.4748906 24.9465955 255 79 163
2.03428982 41.693014 25.3096779 255 79 163
2.52451722 40.9939409 24.8086627 255 79 163
2.39870611 41.3784279 24.9831789 255 79 163
2.17200231 41.6451776 25.3154862 255 79 163
2.47632954 41.2629188 25.0269857 255 79 163
2.29553929 41.5681201 25.3248427 255 79 163
2.03428982 41.693014 25.7295749 255 79 163
2.52451722 41.1341554 25.0758193 255 79 163
2.39870611 41.4657055 25.3372781 255 79 163
2.17200231 41.6451776 25.7237665 255 79 163
2.47632954 41.3430693 25.3521688 255 79 163
2.29553929 41.5681201 25.7144101 255 79 163
2.03428982 41.592526 26.1372706 255 79 163
2.52451722 41.2063609 25.3687682 255 79 163
2.39870611 41.4657055 25.7019747 255 79 163
2.17200231 41.5474697 26.120183 255 79 163
2.47632954 41.3430693 25.687084 255 79 163
2.29553929 41.4748906 26.0926573 255 79 163
2.03428982 41.3973901 26.5090709 255 79 163
2.52451722 41.2063609 25.6704845 255 79 163
2.39870611 41.3784279 26.0560739 255 79 163
2.17200231 41.3577324 26.4816972 255 79 163
2.47632954 41.2629188 26.012267 255 79 163
2.29553929 41.2938496 26.4376021 255 79 163
2.03428982 41.1189468 26.8233684 255 79 163
2.52451722 41.1341554 25.9634335 255 79 163
2.39870611 41.208945 26.3789967 255 79 163
2.17200231 41.0869925 26.7872994 255 79 163
2.47632954 41.107276 26.3088197 255 79 163
2.29553929 41.0355186 26.7291974 255 79 163
2.03428982 40.7733783 27.0618971 255 79 163
2.52451722 40.9939409 26.23059 255 79 163
2.39870611 40.9671064 26.651976 255 79 163
2.17200231 40.7509844 27.0192291 255 79 163
2.47632954 40.8851862 26.5595072 255 79 163
2.29553929 40.714911 26.9504969 255 79 163
2.03428982 40.3807678 27.2107947 255 79 163
2.52451722 40.793866 26.4564279 255 79 163
2.39870611 40.666967 26.8591473 255 79 163
2.17200231 40.3692357 27.1640073 255 79 163
2.47632954 40.6095565 26.7497607 255 79 163
2.29553929 40.3506592 27.0886394 255 79 163
2.52451722 40.5455583 26.6278223 255 79 163
2.39870611 40.3259697 26.9884704 255 79 163
2.47632954 40.2964054 26.8685232 255 79 163
2.52451722 40.2634487 26.7348124 255 79 163
2.54085283 33.0381866 24.413055 255 79 163
2.54085283 32.7733667 24.44521 255 79 163
2.54085283 32.5239372 24.5398061 255 79 163
2.54085283 32.304394 24.6913458 255 79 163
2.54085283 32.1274962 24.8910222 255 79 163
2.54085283 32.0035244 25.1272308 255 79 163
2.54085283 31.9396834 25.386244 255 79 163
2.54085283 31.9396834 25.6530088 255 79 163
2.54085283 32.0035244 25.912022 255 79 163
2.54085283 32.1274962 26.1482306 255 79 163
2.54085283 32.304394 26.347907 255 79 163
2.54085283 32.5239372 26.4994467 255 79 163
2.54085283 32.7733667 26.5940428 255 79 163
2.54085283 33.0381866 26.6261978 255 79 163
1.88930731 33.0381866 27.2777433 255 79 163
2.03428982 33.0381866 27.2614077 255 79 163
2.17200231 33.0381866 27.21322 255 79 163
2.29553929 33.0381866 27.1355966 255 79 163
2.39870611 33.0381866 27.0324298 255 79 163
2.47632954 33.0381866 26.9088928 255 79 163
2.52451722 33.0381866 26.7711803 255 79 163
1.88930731 33.0381866 23.7615095 255 79 163
1.88930731 32.6174417 23.8125972 255 79 163
1.88930731 32.2211489 23.9628912 255 79 163
1.88930731 31.8723394 24.203657 255 79 163
1.88930731 31.5912847 24.5209022 255 79 163
1.88930731 31.3943187 24.8961896 255 79 163
1.88930731 31.2928883 25.3077088 255 79 163
1.88930731 31.2928883 25.731544 255 79 163
1.88930731 31.3943187 26.1430632 255 79 163
1.88930731 31.5912847 26.5183506 255 79 163
1.88930731 31.8723394 26.8355958 255 79 163
1.88930731 32.2211489 27.0763616 255 79 163
1.88930731 32.6174417 27.2266556 255 79 163
2.03428982 33.0381866 23.7778451 255 79 163
2.17200231 33.0381866 23.8260328 255 79 163
2.29553929 33.0381866 23.9036562 255 79 163
2.39870611 33.0381866 24.006823 255 79 163
2.47632954 33.0381866 24.13036 255 79 163
2.52451722 33.0381866 24.2680725 255 79 163
2.03428982 32.621351 27.2107947 255 79 163
2.17200231 32.6328831 27.1640073 255 79 163
2.29553929 32.6514596 27.0886394 255 79 163
2.03428982 32.2287405 27.0618971 255 79 163
2.39870611 32.676149 26.9884704 255 79 163
2.17200231 32.2511344 27.0192291 255 79 163
2.47632954 32.7057134 26.8685232 255 79 163
2.29553929 32.2872078 26.9504969 255 79 163
2.03428982 31.8831719 26.8233684 255 79 163
2.52451722 32.7386701 26.7348124 255 79 163
2.39870611 32.3351518 26.8591473 255 79 163
2.17200231 31.9151263 26.7872994 255 79 163
2.47632954 32.3925623 26.7497607 255 79 163
2.29553929 31.9666001 26.7291974 255 79 163
2.03428982 31.6047287 26.5090709 255 79 163
2.52451722 32.4565605 26.6278223 255 79 163
2.39870611 32.0350124 26.651976 255 79 163
2.17200231 31.6443864 26.4816972 255 79 163
2.47632954 32.1169326 26.5595072 255 79 163
2.29553929 31.7082692 26.4376021 255 79 163
2.03428982 31.4095928 26.1372706 255 79 163
2.52451722 32.2082528 26.4564279 255 79 163
2.39870611 31.7931738 26.3789967 255 79 163
2.17200231 31.4546491 26.120183 255 79 163
2.47632954 31.8948428 26.3088197 255 79 163
2.29553929 31.5272282 26.0926573 255 79 163
2.03428982 31.3091048 25.7295749 255 79 163
2.52451722 32.0081779 26.23059 255 79 163
2.39870611 31.6236909 26.0560739 255 79 163
2.17200231 31.3569412 25.7237665 255 79 163
2.47632954 31.7392 26.012267 255 79 163
2.29553929 31.4339987 25.7144101 255 79 163
2.03428982 31.3091048 25.3096779 255 79 163
2.52451722 31.8679634 25.9634335 255 79 163
2.39870611 31.5364133 25.7019747 255 79 163
2.17200231 31.3569412 25.3154862 255 79 163
2.47632954 31.6590495 25.687084 255 79 163
2.29553929 31.4339987 25.3248427 255 79 163
2.03428982 31.4095928 24.9019822 255 79 163
2.52451722 31.7957579 25.6704845 255 79 163
2.39870611 31.5364133 25.3372781 255 79 163
2.17200231 31.4546491 24.9190698 255 79 163
2.47632954 31.6590495 25.3521688 255 79 163
2.29553929 31.5272282 24.9465955 255 79 163
2.03428982 31.6047287 24.5301818 255 79 163
2.52451722 31.7957579 25.3687682 255 79 163
2.39870611 31.6236909 24.9831789 255 79 163
2.17200231 31.6443864 24.5575556 255 79 163
2.47632954 31.7392 25.0269857 255 79 163
2.29553929 31.7082692 24.6016507 255 79 163
2.03428982 31.8831719 24.2158844 255 79 163
2.52451722 31.8679634 25.0758193 255 79 163
2.39870611 31.7931738 24.6602561 255 79 163
2.17200231 31.9151263 24.2519534 255 79 163
2.47632954 31.8948428 24.7304331 255 79 163
2.29553929 31.9666001 24.3100553 255 79 163
2.03428982 32.2287405 23.9773557 255 79 163
2.52451722 32.0081779 24.8086627 255 79 163
2.39870611 32.0350124 24.3872768 255 79 163
2.17200231 32.2511344 24.0200237 255 79 163
2.47632954 32.1169326 24.4797456 255 79 163
2.29553929 32.2872078 24.0887559 255 79 163
2.03428982 32.621351 23.8284581 255 79 163
2.52451722 32.2082528 24.5828249 255 79 163
2.39870611 32.3351518 24.1801055 255 79 163
2.17200231 32.6328831 23.8752455 255 79 163
2.47632954 32.3925623 24.2894921 255 79 163
2.29553929 32.6514596 23.9506134 255 79 163
2.52451722 32.4565605 24.4114305 255 79 163
2.39870611 32.676149 24.0507823 255 79 163
2.47632954 32.7057134 24.1707296 255 79 163
2.52451722 32.7386701 24.3044404 255 79 163
1.88930731 33.0381866 27.2777433 255 79 163
2.03428982 33.0381866 27.2614077 255 79 163
2.17200231 33.0381866 27.21322 255 79 163
2.29553929 33.0381866 27.1355966 255 79 163
2.39870611 33.0381866 27.0324298 255 79 163
2.47632954 33.0381866 26.9088928 255 79 163
2.52451722 33.0381866 26.7711803 255 79 163
2.54085283 33.0381866 26.6261978 255 79 163
2.54085283 39.9639322 26.6261978 255 79 163
1.88930731 39.9639322 27.2777433 255 79 163
2.03428982 39.9639322 27.2614077 255 79 163
2.17200231 39.9639322 27.21322 255 79 163
2.29553929 39.9639322 27.1355966 255 79 163
2.39870611 39.9639322 27.0324298 255 79 163
2.47632954 39.9639322 26.9088928 255 79 163
2.52451722 39.9639322 26.7711803 255 79 163
27.1231665 35.049981 15.9183988 255 79 163
27.2758085 37.2815288 15.9183988 255 79 163
27.7308913 39.4715072 15.9183988 255 79 163
28.4799374 41.5791209 15.9183988 255 79 163
29.5089935 43.5651091 15.9183988 255 79 163
30.7988903 45.3924765 15.9183988 255 79 163
32.3255994 47.0271828 15.9183988 255 79 163
34.0606812 48.4387766 15.9183988 255 79 163
35.9718143 49.6009623 15.9183988 255 79 163
38.0233979 50.4920909 15.9183988 255 79 163
40.177215 51.0955621 15.9183988 255 79 163
42.393144 51.4001345 15.9183988 255 79 163
44.6299062 51.4001345 15.9183988 255 79 163
46.8458352 51.0955621 15.9183988 255 79 163
48.9996523 50.4920909 15.9183988 255 79 163
51.0512359 49.6009623 15.9183988 255 79 163
52.962369 48.4387766 15.9183988 255 79 163
54.6974508 47.0271828 15.9183988 255 79 163
56.2241599 45.3924765 15.9183988 255 79 163
57.5140567 43.5651091 15.9183988 255 79 163
58.5431128 41.5791209 15.9183988 255 79 163
59.2921589 39.4715072 15.9183988 255 79 163
59.7472417 37.2815288 15.9183988 255 79 163
59.8998837 35.049981 15.9183988 255 79 163
60.5514292 35.049981 15.2668533 255 79 163
60.5350936 35.049981 15.4118358 255 79 163
60.486906 35.049981 15.5495483 255 79 163
60.4092825 35.049981 15.6730853 255 79 163
60.3061157 35.049981 15.7762521 255 79 163
60.1825787 35.049981 15.8538755 255 79 163
60.0448662 35.049981 15.9020632 255 79 163
26.471621 35.049981 15.2668533 255 79 163
26.6303315 37.3702476 15.2668533 255 79 163
27.1035068 39.6472921 15.2668533 255 79 163
27.8823324 41.8386973 15.2668533 255 79 163
28.9523004 43.9036417 15.2668533 255 79 163
30.2934791 45.803659 15.2668533 255 79 163
31.880885 47.5033557 15.2668533 255 79 163
33.6849477 48.9710696 15.2668533 255 79 163
35.672061 50.17946 15.2668533 255 79 163
37.8052086 51.1060168 15.2668533 255 79 163
40.0446541 51.73348 15.2668533 255 79 163
42.3486809 52.0501612 15.2668533 255 79 163
44.6743693 52.0501612 15.2668533 255 79 163
46.9783961 51.73348 15.2668533 255 79 163
49.2178416 51.1060168 15.2668533 255 79 163
51.3509892 50.17946 15.2668533 255 79 163
53.3381025 48.9710696 15.2668533 255 79 163
55.1421652 47.5033557 15.2668533 255 79 163
56.7295711 45.803659 15.2668533 255 79 163
58.0707499 43.9036417 15.2668533 255 79 163
59.1407178 41.8386973 15.2668533 255 79 163
59.9195434 39.6472921 15.2668533 255 79 163
60.3927187 37.3702476 15.2668533 255 79 163
26.4879566 35.049981 15.4118358 255 79 163
26.5361443 35.049981 15.5495483 255 79 163
26.6137677 35.049981 15.6730853 255 79 163
26.7169345 35.049981 15.7762521 255 79 163
26.8404715 35.049981 15.8538755 255 79 163
26.978184 35.049981 15.9020632 255 79 163
60.3765352 37.3680232 15.4118358 255 79 163
60.3287963 37.3614617 15.5495483 255 79 163
60.2518959 37.350892 15.6730853 255 79 163
60.14969 37.3368441 15.7762521 255 79 163
60.0273036 37.3200225 15.8538755 255 79 163
59.8908738 37.3012706 15.9020632 255 79 163
59.9038135 39.6428848 15.4118358 255 79 163
59.8574128 39.6298839 15.5495483 255 79 163
59.7826678 39.6089414 15.6730853 255 79 163
59.6833267 39.5811073 15.7762521 255 79 163
59.5643708 39.5477774 15.8538755 255 79 163
59.4317651 39.510623 15.9020632 255 79 163
59.1257346 41.8321892 15.4118358 255 79 163
59.0815363 41.8129912 15.5495483 255 79 163
59.0103392 41.7820659 15.6730853 255 79 163
58.9157134 41.7409642 15.7762521 255 79 163
58.8024039 41.6917469 15.8538755 255 79 163
58.6760924 41.6368821 15.9020632 255 79 163
58.0567924 43.8951539 15.4118358 255 79 163
58.0156199 43.8701164 15.5495483 255 79 163
57.9492969 43.8297845 15.6730853 255 79 163
57.8611492 43.7761807 15.7762521 255 79 163
57.7555968 43.7119929 15.8538755 255 79 163
57.6379326 43.6404397 15.9020632 255 79 163
56.7168994 45.7933498 15.4118358 255 79 163
56.6795197 45.7629392 15.5495483 255 79 163
56.6193063 45.713952 15.6730853 255 79 163
56.5392787 45.6488446 15.7762521 255 79 163
56.4434496 45.5708819 15.8538755 255 79 163
56.3366245 45.4839732 15.9020632 255 79 163
55.1310153 47.4914171 15.4118358 255 79 163
55.0981247 47.4561998 15.5495483 255 79 163
55.0451425 47.3994698 15.6730853 255 79 163
54.9747257 47.3240718 15.7762521 255 79 163
54.8904052 47.2337865 15.8538755 255 79 163
54.7964091 47.1331413 15.9020632 255 79 163
53.3286821 48.9577239 15.4118358 255 79 163
53.3008932 48.918356 15.5495483 255 79 163
53.2561293 48.85494 15.6730853 255 79 163
53.196635 48.7706559 15.7762521 255 79 163
53.1253937 48.6697299 15.8538755 255 79 163
53.0459776 48.5572229 15.9020632 255 79 163
51.3434738 50.1649558 15.4118358 255 79 163
51.3213043 50.1221707 15.5495483 255 79 163
51.2855925 50.05325 15.6730853 255 79 163
51.2381291 49.9616497 15.7762521 255 79 163
51.181294 49.8519631 15.8538755 255 79 163
51.1179373 49.7296902 15.9020632 255 79 163
49.2123711 51.0906243 15.4118358 255 79 163
49.1962341 51.045219 15.5495483 255 79 163
49.1702396 50.9720775 15.6730853 255 79 163
49.1356911 50.8748674 15.7762521 255 79 163
49.0943211 50.7584633 15.8538755 255 79 163
49.048204 50.6287022 15.9020632 255 79 163
46.9750725 51.717486 15.4118358 255 79 163
46.9652684 51.6703062 15.5495483 255 79 163
46.9494755 51.5943064 15.6730853 255 79 163
46.9284855 51.4932974 15.7762521 255 79 163
46.9033512 51.3723443 15.8538755 255 79 163
46.8753328 51.2375122 15.9020632 255 79 163
44.6732545 52.0338636 15.4118358 255 79 163
44.6699661 51.9857883 15.5495483 255 79 163
44.6646688 51.9083458 15.6730853 255 79 163
44.6576285 51.8054195 15.7762521 255 79 163
44.649198 51.6821705 15.8538755 255 79 163
44.6398002 51.5447791 15.9020632 255 79 163
42.3497957 52.0338636 15.4118358 255 79 163
42.3530841 51.9857883 15.5495483 255 79 163
42.3583814 51.9083458 15.6730853 255 79 163
42.3654217 51.8054195 15.7762521 255 79 163
42.3738522 51.6821705 15.8538755 255 79 163
42.38325 51.5447791 15.9020632 255 79 163
40.0479777 51.717486 15.4118358 255 79 163
40.0577818 51.6703062 15.5495483 255 79 163
40.0735747 51.5943064 15.6730853 255 79 163
40.0945647 51.4932974 15.7762521 255 79 163
40.119699 51.3723443 15.8538755 255 79 163
40.1477174 51.2375122 15.9020632 255 79 163
37.8106791 51.0906243 15.4118358 255 79 163
37.8268161 51.045219 15.5495483 255 79 163
37.8528107 50.9720775 15.6730853 255 79 163
37.8873591 50.8748674 15.7762521 255 79 163
37.9287291 50.7584633 15.8538755 255 79 163
37.9748462 50.6287022 15.9020632 255 79 163
35.6795764 50.1649558 15.4118358 255 79 163
35.7017459 50.1221707 15.5495483 255 79 163
35.7374577 50.05325 15.6730853 255 79 163
35.7849211 49.9616497 15.7762521 255 79 163
35.8417562 49.8519631 15.8538755 255 79 163
35.9051129 49.7296902 15.9020632 255 79 163
33.6943681 48.9577239 15.4118358 255 79 163
33.722157 48.918356 15.5495483 255 79 163
33.7669209 48.85494 15.6730853 255 79 163
33.8264152 48.7706559 15.7762521 255 79 163
33.8976565 48.6697299 15.8538755 255 79 163
33.9770726 48.5572229 15.9020632 255 79 163
31.8920349 47.4914171 15.4118358 255 79 163
31.9249255 47.4561998 15.5495483 255 79 163
31.9779077 47.3994698 15.6730853 255 79 163
32.0483245 47.3240718 15.7762521 255 79 163
32.132645 47.2337865 15.8538755 255 79 163
32.2266411 47.1331413 15.9020632 255 79 163
30.3061508 45.7933498 15.4118358 255 79 163
30.3435305 45.7629392 15.5495483 255 79 163
30.4037439 45.713952 15.6730853 255 79 163
30.4837715 45.6488446 15.7762521 255 79 163
30.5796006 45.5708819 15.8538755 255 79 163
30.6864257 45.4839732 15.9020632 255 79 163
28.9662578 43.8951539 15.4118358 255 79 163
29.0074303 43.8701164 15.5495483 255 79 163
29.0737533 43.8297845 15.6730853 255 79 163
29.161901 43.7761807 15.7762521 255 79 163
29.2674534 43.7119929 15.8538755 255 79 163
29.3851176 43.6404397 15.9020632 255 79 163
27.8973157 41.8321892 15.4118358 255 79 163
27.9415139 41.8129912 15.5495483 255 79 163
28.012711 41.7820659 15.6730853 255 79 163
28.1073368 41.7409642 15.7762521 255 79 163
28.2206463 41.6917469 15.8538755 255 79 163
28.3469578 41.6368821 15.9020632 255 79 163
27.1192367 39.6428848 15.4118358 255 79 163
27.1656374 39.6298839 15.5495483 255 79 163
27.2403824 39.6089414 15.6730853 255 79 163
27.3397235 39.5811073 15.7762521 255 79 163
27.4586794 39.5477774 15.8538755 255 79 163
27.5912851 39.510623 15.9020632 255 79 163
26.646515 37.3680232 15.4118358 255 79 163
26.6942539 37.3614617 15.5495483 255 79 163
26.7711543 37.350892 15.6730853 255 79 163
26.8733602 37.3368441 15.7762521 255 79 163
26.9957466 37.3200225 15.8538755 255 79 163
27.1321764 37.3012706 15.9020632 255 79 163
60.5514292 35.049981 15.2668533 255 79 163
60.5350936 35.049981 15.4118358 255 79 163
60.486906 35.049981 15.5495483 255 79 163
60.4092825 35.049981 15.6730853 255 79 163
60.3061157 35.049981 15.7762521 255 79 163
60.1825787 35.049981 15.8538755 255 79 163
60.0448662 35.049981 15.9020632 255 79 163
59.8998837 35.049981 15.9183988 255 79 163
59.8998837 0 15.9183988 255 79 163
60.5514292 0.651545519 15.2668533 255 79 163
60.5292284 0.542954599 15.4354857 255 79 163
60.4641387 0.434363679 15.592626 255 79 163
60.360596 0.32577276 15.7275655 255 79 163
60.2256443 0.21718184 15.8311134 255 79 163
60.0685284 0.10859092 15.8961929 255 79 163
35.7919665 42.0533565 32.2590495 218 222 230
35.1328892 42.0533565 32.0945459 218 222 230
34.7812536 42.0533565 31.0561869 218 222 230
34.6966148 42.0533565 31.1947986 218 222 230
34.6488877 42.0533565 31.3500372 218 222 230
34.6410376 42.0533565 31.5122571 218 222 230
34.6735525 42.0533565 31.6713788 218 222 230
34.7444119 42.0533565 31.8175152 218 222 230
34.8492131 42.0533565 31.9415863 218 222 230
34.9814442 42.0533565 32.0358829 218 222 230
35.1913144 42.0533565 30.5419353 218 222 230
72.8002016 23.8390938 19.4195198 255 79 163
72.7604962 24.1660966 19.4195198 255 79 163
72.6436878 24.4740953 19.4195198 255 79 163
72.4565646 24.7451899 19.4195198 255 79 163
72.2100018 24.9636255 19.4195198 255 79 163
71.9183285 25.1167075 19.4195198 255 79 163
71.5984959 25.1955391 19.4195198 255 79 163
71.2690913 25.1955391 19.4195198 255 79 163
70.9492587 25.1167075 19.4195198 255 79 163
70.6575854 24.9636255 19.4195198 255 79 163
70.4110226 24.7451899 19.4195198 255 79 163
70.2238994 24.4740953 19.4195198 255 79 163
70.107091 24.1660966 19.4195198 255 79 163
70.0673856 23.8390938 19.4195198 255 79 163
70.107091 23.512091 19.4195198 255 79 163
70.2238994 23.2040924 19.4195198 255 79 163
70.4110226 22.9329977 19.4195198 255 79 163
70.6575854 22.7145621 19.4195198 255 79 163
70.9492587 22.5614802 19.4195198 255 79 163
71.2690913 22.4826485 19.4195198 255 79 163
71.5984959 22.4826485 19.4195198 255 79 163
71.9183285 22.5614802 19.4195198 255 79 163
72.2100018 22.7145621 19.4195198 255 79 163
72.4565646 22.9329977 19.4195198 255 79 163
72.6436878 23.2040924 19.4195198 255 79 163
72.7604962 23.512091 19.4195198 255 79 163
72.8002016 23.8390938 19.4195198 255 79 163
73.4517471 23.8390938 20.0710653 255 79 163
73.4354115 23.8390938 19.9260828 255 79 163
73.3872238 23.8390938 19.7883703 255 79 163
73.3096004 23.8390938 19.6648333 255 79 163
73.2064335 23.8390938 19.5616665 255 79 163
73.0828966 23.8390938 19.4840431 255 79 163
72.9451841 23.8390938 19.4358554 255 79 163
73.4517471 23.8390938 20.0710653 255 79 163
73.393109 24.3220217 20.0710653 255 79 163
73.2206027 24.7768836 20.0710653 255 79 163
72.9442535 25.1772445 20.0710653 255 79 163
72.5801218 25.499837 20.0710653 255 79 163
72.1493698 25.7259131 20.0710653 255 79 163
71.677031 25.8423341 20.0710653 255 79 163
71.1905562 25.8423341 20.0710653 255 79 163
70.7182174 25.7259131 20.0710653 255 79 163
70.2874654 25.499837 20.0710653 255 79 163
69.9233337 25.1772445 20.0710653 255 79 163
69.6469845 24.7768836 20.0710653 255 79 163
69.4744782 24.3220217 20.0710653 255 79 163
69.4158401 23.8390938 20.0710653 255 79 163
69.4744782 23.3561659 20.0710653 255 79 163
69.6469845 22.9013041 20.0710653 255 79 163
69.9233337 22.5009431 20.0710653 255 79 163
70.2874654 22.1783507 20.0710653 255 79 163
70.7182174 21.9522745 20.0710653 255 79 163
71.1905562 21.8358535 20.0710653 255 79 163
71.677031 21.8358535 20.0710653 255 79 163
72.1493698 21.9522745 20.0710653 255 79 163
72.5801218 22.1783507 20.0710653 255 79 163
72.9442535 22.5009431 20.0710653 255 79 163
73.2206027 22.9013041 20.0710653 255 79 163
73.393109 23.3561659 20.0710653 255 79 163
73.4354115 23.8390938 19.9260828 255 79 163
73.3872238 23.8390938 19.7883703 255 79 163
73.3096004 23.8390938 19.6648333 255 79 163
73.2064335 23.8390938 19.5616665 255 79 163
73.0828966 23.8390938 19.4840431 255 79 163
72.9451841 23.8390938 19.4358554 255 79 163
73.3772481 23.3600753 19.9260828 255 79 163
73.3304607 23.3716074 19.7883703 255 79 163
73.2550928 23.3901839 19.6648333 255 79 163
73.2061382 22.9088956 19.9260828 255 79 163
73.1549239 23.4148733 19.5616665 255 79 163
73.1634701 22.9312895 19.7883703 255 79 163
73.0349766 23.4444376 19.4840431 255 79 163
73.094738 22.9673629 19.6648333 255 79 163
72.9012658 23.4773944 19.4358554 255 79 163
72.9320261 22.5117756 19.9260828 255 79 163
73.0033883 23.015307 19.5616665 255 79 163
72.8959571 22.54373 19.7883703 255 79 163
72.8940018 23.0727174 19.4840431 255 79 163
72.8378551 22.5952038 19.6648333 255 79 163
72.7720634 23.1367156 19.4358554 255 79 163
72.5708421 22.1917946 19.9260828 255 79 163
72.7606337 22.6636161 19.5616665 255 79 163
72.5434684 22.2314523 19.7883703 255 79 163
72.6681649 22.7455363 19.4840431 255 79 163
72.4993733 22.2953351 19.6648333 255 79 163
72.5650856 22.8368565 19.4358554 255 79 163
72.1435771 21.9675486 19.9260828 255 79 163
72.4407679 22.3802397 19.5616665 255 79 163
72.1264895 22.0126049 19.7883703 255 79 163
72.3705909 22.4819087 19.4840431 255 79 163
72.0989638 22.085184 19.6648333 255 79 163
72.2923612 22.5952438 19.4358554 255 79 163
71.675062 21.85207 19.9260828 255 79 163
72.0623804 22.1816467 19.5616665 255 79 163
71.6692536 21.8999063 19.7883703 255 79 163
72.0185736 22.2971557 19.4840431 255 79 163
71.6598971 21.9769638 19.6648333 255 79 163
71.96974 22.4259192 19.4358554 255 79 163
71.1925252 21.85207 19.9260828 255 79 163
71.6474617 22.0793784 19.5616665 255 79 163
71.1983336 21.8999063 19.7883703 255 79 163
71.632571 22.2020147 19.4840431 255 79 163
71.2076901 21.9769638 19.6648333 255 79 163
71.6159716 22.3387231 19.4358554 255 79 163
70.7240101 21.9675486 19.9260828 255 79 163
71.2201255 22.0793784 19.5616665 255 79 163
70.7410977 22.0126049 19.7883703 255 79 163
71.2350162 22.2020147 19.4840431 255 79 163
70.7686234 22.085184 19.6648333 255 79 163
71.2516156 22.3387231 19.4358554 255 79 163
70.296745 22.1917946 19.9260828 255 79 163
70.8052068 22.1816467 19.5616665 255 79 163
70.3241188 22.2314523 19.7883703 255 79 163
70.8490136 22.2971557 19.4840431 255 79 163
70.3682139 22.2953351 19.6648333 255 79 163
70.8978471 22.4259192 19.4358554 255 79 163
69.9355611 22.5117756 19.9260828 255 79 163
70.4268193 22.3802397 19.5616665 255 79 163
69.9716301 22.54373 19.7883703 255 79 163
70.4969963 22.4819087 19.4840431 255 79 163
70.0297321 22.5952038 19.6648333 255 79 163
70.5752259 22.5952438 19.4358554 255 79 163
69.661449 22.9088956 19.9260828 255 79 163
70.1069535 22.6636161 19.5616665 255 79 163
69.7041171 22.9312895 19.7883703 255 79 163
70.1994223 22.7455363 19.4840431 255 79 163
69.7728492 22.9673629 19.6648333 255 79 163
70.3025016 22.8368565 19.4358554 255 79 163
69.4903391 23.3600753 19.9260828 255 79 163
69.8641989 23.015307 19.5616665 255 79 163
69.5371265 23.3716074 19.7883703 255 79 163
69.9735854 23.0727174 19.4840431 255 79 163
69.6124944 23.3901839 19.6648333 255 79 163
70.0955238 23.1367156 19.4358554 255 79 163
69.4321757 23.8390938 19.9260828 255 79 163
69.7126633 23.4148733 19.5616665 255 79 163
69.4803634 23.8390938 19.7883703 255 79 163
69.8326106 23.4444376 19.4840431 255 79 163
69.5579868 23.8390938 19.6648333 255 79 163
69.9663214 23.4773944 19.4358554 255 79 163
69.4903391 24.3181123 19.9260828 255 79 163
69.6611536 23.8390938 19.5616665 255 79 163
69.5371265 24.3065803 19.7883703 255 79 163
69.7846906 23.8390938 19.4840431 255 79 163
69.6124944 24.2880038 19.6648333 255 79 163
69.9224031 23.8390938 19.4358554 255 79 163
69.661449 24.769292 19.9260828 255 79 163
69.7126633 24.2633143 19.5616665 255 79 163
69.7041171 24.7468981 19.7883703 255 79 163
69.8326106 24.23375 19.4840431 255 79 163
69.7728492 24.7108247 19.6648333 255 79 163
69.9663214 24.2007932 19.4358554 255 79 163
69.9355611 25.166412 19.9260828 255 79 163
69.8641989 24.6628807 19.5616665 255 79 163
69.9716301 25.1344576 19.7883703 255 79 163
69.9735854 24.6054702 19.4840431 255 79 163
70.0297321 25.0829838 19.6648333 255 79 163
70.0955238 24.541472 19.4358554 255 79 163
70.296745 25.486393 19.9260828 255 79 163
70.1069535 25.0145715 19.5616665 255 79 163
70.3241188 25.4467353 19.7883703 255 79 163
70.1994223 24.9326514 19.4840431 255 79 163
70.3682139 25.3828525 19.6648333 255 79 163
70.3025016 24.8413311 19.4358554 255 79 163
70.7240101 25.710639 19.9260828 255 79 163
70.4268193 25.2979479 19.5616665 255 79 163
70.7410977 25.6655828 19.7883703 255 79 163
70.4969963 25.1962789 19.4840431 255 79 163
70.7686234 25.5930036 19.6648333 255 79 163
70.5752259 25.0829438 19.4358554 255 79 163
71.1925252 25.8261176 19.9260828 255 79 163
70.8052068 25.496541 19.5616665 255 79 163
71.1983336 25.7782813 19.7883703 255 79 163
70.8490136 25.3810319 19.4840431 255 79 163
71.2076901 25.7012238 19.6648333 255 79 163
70.8978471 25.2522685 19.4358554 255 79 163
71.675062 25.8261176 19.9260828 255 79 163
71.2201255 25.5988092 19.5616665 255 79 163
71.6692536 25.7782813 19.7883703 255 79 163
71.2350162 25.476173 19.4840431 255 79 163
71.6598971 25.7012238 19.6648333 255 79 163
71.2516156 25.3394646 19.4358554 255 79 163
72.1435771 25.710639 19.9260828 255 79 163
71.6474617 25.5988092 19.5616665 255 79 163
72.1264895 25.6655828 19.7883703 255 79 163
71.632571 25.476173 19.4840431 255 79 163
72.0989638 25.5930036 19.6648333 255 79 163
71.6159716 25.3394646 19.4358554 255 79 163
72.5708421 25.486393 19.9260828 255 79 163
72.0623804 25.496541 19.5616665 255 79 163
72.5434684 25.4467353 19.7883703 255 79 163
72.0185736 25.3810319 19.4840431 255 79 163
72.4993733 25.3828525 19.6648333 255 79 163
71.96974 25.2522685 19.4358554 255 79 163
72.9320261 25.166412 19.9260828 255 79 163
72.4407679 25.2979479 19.5616665 255 79 163
72.8959571 25.1344576 19.7883703 255 79 163
72.3705909 25.1962789 19.4840431 255 79 163
72.8378551 25.0829838 19.6648333 255 79 163
72.2923612 25.0829438 19.4358554 255 79 163
73.2061382 24.769292 19.9260828 255 79 163
72.7606337 25.0145715 19.5616665 255 79 163
73.1634701 24.7468981 19.7883703 255 79 163
72.6681649 24.9326514 19.4840431 255 79 163
73.094738 24.7108247 19.6648333 255 79 163
72.5650856 24.8413311 19.4358554 255 79 163
73.3772481 24.3181123 19.9260828 255 79 163
73.0033883 24.6628807 19.5616665 255 79 163
73.3304607 24.3065803 19.7883703 255 79 163
72.8940018 24.6054702 19.4840431 255 79 163
73.2550928 24.2880038 19.6648333 255 79 163
72.7720634 24.541472 19.4358554 255 79 163
73.1549239 24.2633143 19.5616665 255 79 163
73.0349766 24.23375 19.4840431 255 79 163
72.9012658 24.2007932 19.4358554 255 79 163
2.54085283 33.0381866 26.6261978 218 222 230
2.54085283 39.9639322 26.6261978 218 222 230
2.54085283 40.2287521 26.5940428 218 222 230
2.54085283 40.4781816 26.4994467 218 222 230
2.54085283 40.6977248 26.347907 218 222 230
2.54085283 40.8746226 26.1482306 218 222 230
2.54085283 40.9985944 25.912022 218 222 230
2.54085283 41.0624354 25.6530088 218 222 230
2.54085283 41.0624354 25.386244 218 222 230
2.54085283 40.9985944 25.1272308 218 222 230
2.54085283 40.8746226 24.8910222 218 222 230
2.54085283 40.6977248 24.6913458 218 222 230
2.54085283 40.4781816 24.5398061 218 222 230
2.54085283 40.2287521 24.44521 218 222 230
2.54085283 39.9639322 24.413055 218 222 230
2.54085283 33.0381866 24.413055 218 222 230
2.54085283 32.7733667 24.44521 218 222 230
2.54085283 32.5239372 24.5398061 218 222 230
2.54085283 32.304394 24.6913458 218 222 230
2.54085283 32.1274962 24.8910222 218 222 230
2.54085283 32.0035244 25.1272308 218 222 230
2.54085283 31.9396834 25.386244 218 222 230
2.54085283 31.9396834 25.6530088 218 222 230
2.54085283 32.0035244 25.912022 218 222 230
2.54085283 32.1274962 26.1482306 218 222 230
2.54085283 32.304394 26.347907 218 222 230
2.54085283 32.5239372 26.4994467 218 222 230
2.54085283 32.7733667 26.5940428 218 222 230
72.8002016 23.8390938 19.4195198 218 222 230
72.7604962 24.1660966 19.4195198 218 222 230
72.6436878 24.4740953 19.4195198 218 222 230
72.4565646 24.7451899 19.4195198 218 222 230
72.2100018 24.9636255 19.4195198 218 222 230
71.9183285 25.1167075 19.4195198 218 222 230
71.5984959 25.1955391 19.4195198 218 222 230
71.2690913 25.1955391 19.4195198 218 222 230
70.9492587 25.1167075 19.4195198 218 222 230
70.6575854 24.9636255 19.4195198 218 222 230
70.4110226 24.7451899 19.4195198 218 222 230
70.2238994 24.4740953 19.4195198 218 222 230
70.107091 24.1660966 19.4195198 218 222 230
70.0673856 23.8390938 19.4195198 218 222 230
70.107091 23.512091 19.4195198 218 222 230
70.2238994 23.2040924 19.4195198 218 222 230
70.4110226 22.9329977 19.4195198 218 222 230
70.6575854 22.7145621 19.4195198 218 222 230
70.9492587 22.5614802 19.4195198 218 222 230
71.2690913 22.4826485 19.4195198 218 222 230
71.5984959 22.4826485 19.4195198 218 222 230
71.9183285 22.5614802 19.4195198 218 222 230
72.2100018 22.7145621 19.4195198 218 222 230
72.4565646 22.9329977 19.4195198 218 222 230
72.6436878 23.2040924 19.4195198 218 222 230
72.7604962 23.512091 19.4195198 218 222 230
3 8 9 10
3 7 10 4
3 7 8 10
3 5 6 7
3 1 7 4
3 1 5 7
3 35 3 36
3 37 36 3
3 34 4 3
3 34 3 35
3 38 37 3
3 33 4 34
3 11 38 3
3 32 1 4
3 32 4 33
3 31 1 32
3 30 1 31
3 29 1 30
3 28 1 29
3 27 1 28
3 26 1 27
3 12 11 3
3 25 1 26
3 2 13 12
3 2 14 13
3 2 15 14
3 2 16 15
3 2 17 16
3 2 12 3
3 0 1 25
3 0 18 17
3 0 19 18
3 0 20 19
3 0 21 20
3 0 22 21
3 0 23 22
3 0 24 23
3 0 25 24
3 0 17 2
3 39 41 42
3 39 42 43
3 39 43 44
3 39 44 45
3 39 45 46
3 39 46 47
3 67 68 39
3 69 39 68
3 66 67 39
3 70 39 69
3 65 66 39
3 65 39 47
3 64 65 47
3 63 64 47
3 62 63 47
3 40 51 50
3 40 50 52
3 40 70 71
3 40 72 51
3 40 73 72
3 40 74 73
3 40 75 74
3 40 76 75
3 40 77 76
3 40 78 77
3 40 71 78
3 40 39 70
3 108 107 48
3 106 47 48
3 106 62 47
3 106 48 107
3 109 108 48
3 105 61 62
3 105 62 106
3 110 109 48
3 104 59 60
3 104 60 61
3 104 61 105
3 111 110 48
3 103 58 59
3 103 59 104
3 112 111 48
3 113 112 48
3 114 113 48
3 115 114 48
3 116 115 48
3 82 102 101
3 83 102 82
3 83 58 103
3 83 103 102
3 81 82 101
3 81 101 100
3 84 57 58
3 84 58 83
3 79 81 100
3 85 57 84
3 85 56 57
3 86 55 56
3 86 56 85
3 87 54 55
3 87 55 86
3 88 54 87
3 88 53 54
3 89 52 53
3 89 53 88
3 89 40 52
3 80 79 100
3 80 95 94
3 80 96 95
3 80 97 96
3 80 98 97
3 80 99 98
3 80 100 99
3 90 40 89
3 49 80 94
3 49 40 90
3 49 90 80
3 49 93 92
3 49 94 93
3 48 49 91
3 91 49 92
3 48 91 116
3 127 117 118
3 127 126 117
3 128 118 119
3 128 127 118
3 129 119 120
3 129 128 119
3 130 120 121
3 130 129 120
3 131 121 122
3 131 130 121
3 132 122 123
3 132 131 122
3 125 123 124
3 125 132 123
3 141 142 143
3 141 143 149
3 140 141 149
3 139 149 148
3 139 140 149
3 138 148 147
3 138 139 148
3 137 147 146
3 137 138 147
3 136 146 145
3 136 137 146
3 135 145 144
3 135 136 145
3 134 144 133
3 134 135 144
3 150 153 152
3 150 154 153
3 150 155 154
3 150 156 155
3 150 157 156
3 150 158 157
3 159 158 150
3 214 150 215
3 216 215 150
3 213 150 214
3 188 216 150
3 151 188 150
3 151 189 188
3 151 191 192
3 151 192 193
3 151 193 194
3 151 194 195
3 151 195 196
3 151 196 197
3 151 197 189
3 160 159 150
3 160 150 213
3 160 210 209
3 160 211 210
3 160 212 211
3 160 213 212
3 161 160 209
3 161 206 205
3 161 207 206
3 161 208 207
3 161 209 208
3 162 161 205
3 162 204 203
3 162 205 204
3 163 202 201
3 163 203 202
3 163 162 203
3 164 163 201
3 164 200 199
3 164 201 200
3 165 164 199
3 165 198 190
3 165 199 198
3 166 191 151
3 166 190 191
3 166 165 190
3 167 166 151
3 168 167 151
3 169 168 151
3 170 169 151
3 184 186 185
3 222 181 180
3 223 222 180
3 221 181 222
3 224 223 180
3 220 181 221
3 220 182 181
3 225 224 180
3 225 180 179
3 226 225 179
3 227 226 179
3 227 179 178
3 228 227 178
3 217 178 177
3 217 228 178
3 219 183 182
3 219 184 183
3 219 182 220
3 219 186 184
3 218 177 176
3 218 217 177
3 187 174 173
3 187 175 174
3 187 176 175
3 187 218 176
3 187 186 219
3 187 219 218
3 187 172 151
3 172 171 151
3 171 170 151
3 187 173 172
3 229 231 232
3 230 229 232
3 240 241 242
3 240 242 248
3 239 248 247
3 239 240 248
3 238 246 245
3 238 247 246
3 238 239 247
3 237 238 245
3 236 244 243
3 236 245 244
3 236 237 245
3 235 236 243
3 234 243 233
3 234 235 243
3 270 268 269
3 289 250 249
3 289 249 257
3 290 251 250
3 290 250 289
3 291 252 251
3 291 251 290
3 292 253 252
3 292 252 291
3 293 257 258
3 293 289 257
3 294 254 253
3 294 253 292
3 295 289 293
3 295 290 289
3 296 255 254
3 296 256 255
3 296 277 256
3 296 254 294
3 297 291 290
3 297 290 295
3 298 291 297
3 298 292 291
3 299 293 258
3 299 258 259
3 299 259 260
3 300 292 298
3 300 294 292
3 301 293 299
3 301 295 293
3 302 296 294
3 302 278 277
3 302 294 300
3 302 277 296
3 303 295 301
3 303 297 295
3 304 297 303
3 304 298 297
3 305 299 260
3 306 300 298
3 306 298 304
3 307 299 305
3 307 301 299
3 308 300 306
3 308 279 278
3 308 302 300
3 308 278 302
3 309 301 307
3 309 303 301
3 310 303 309
3 310 304 303
3 311 260 261
3 311 305 260
3 312 306 304
3 312 304 310
3 313 307 305
3 313 305 311
3 314 308 306
3 314 280 279
3 314 306 312
3 314 279 308
3 315 309 307
3 315 307 313
3 316 310 309
3 316 309 315
3 317 261 262
3 317 311 261
3 318 312 310
3 318 310 316
3 319 313 311
3 319 311 317
3 320 281 280
3 320 280 314
3 320 314 312
3 320 312 318
3 321 315 313
3 321 313 319
3 322 316 315
3 322 315 321
3 323 262 263
3 323 317 262
3 323 319 317
3 324 318 316
3 324 316 322
3 324 320 318
3 325 319 323
3 326 282 281
3 326 320 324
3 326 281 320
3 327 321 319
3 327 319 325
3 328 322 321
3 328 321 327
3 329 263 264
3 329 323 263
3 330 322 328
3 330 324 322
3 331 325 323
3 331 327 325
3 331 323 329
3 332 324 330
3 332 283 282
3 332 282 326
3 332 326 324
3 333 327 331
3 334 327 333
3 334 328 327
3 335 264 265
3 335 329 264
3 336 328 334
3 336 330 328
3 337 333 331
3 337 329 335
3 337 331 329
3 338 330 336
3 338 332 330
3 338 284 283
3 338 285 284
3 338 283 332
3 339 333 337
3 340 334 333
3 340 333 339
3 341 335 265
3 341 265 266
3 341 337 335
3 342 336 334
3 342 334 340
3 342 338 336
3 343 337 341
3 344 338 342
3 344 285 338
3 345 337 343
3 345 339 337
3 346 340 339
3 346 339 345
3 347 341 266
3 347 266 267
3 348 342 340
3 348 340 346
3 348 344 342
3 349 343 341
3 349 341 347
3 350 286 285
3 350 287 286
3 350 285 344
3 350 344 348
3 351 345 343
3 351 343 349
3 352 346 345
3 352 345 351
3 353 347 267
3 353 268 270
3 353 267 268
3 353 349 347
3 354 348 346
3 354 346 352
3 355 270 271
3 355 353 270
3 355 349 353
3 356 348 354
3 356 287 350
3 356 350 348
3 357 271 272
3 357 355 271
3 357 351 349
3 357 349 355
3 358 272 273
3 358 352 351
3 358 357 272
3 358 351 357
3 359 273 274
3 359 352 358
3 359 354 352
3 359 358 273
3 359 356 354
3 360 274 275
3 360 275 276
3 360 288 287
3 360 276 288
3 360 287 356
3 360 359 274
3 360 356 359
3 389 368 367
3 401 362 361
3 401 361 369
3 402 363 362
3 402 362 401
3 403 364 363
3 403 363 402
3 404 365 364
3 404 364 403
3 405 369 370
3 405 401 369
3 406 366 365
3 406 365 404
3 407 401 405
3 407 402 401
3 408 367 366
3 408 389 367
3 408 366 406
3 409 403 402
3 409 402 407
3 410 403 409
3 410 404 403
3 411 405 370
3 411 370 371
3 412 406 404
3 412 404 410
3 413 405 411
3 413 407 405
3 414 390 389
3 414 406 412
3 414 408 406
3 414 389 408
3 415 409 407
3 415 407 413
3 416 410 409
3 416 409 415
3 417 371 372
3 417 411 371
3 418 412 410
3 418 410 416
3 419 411 417
3 419 413 411
3 420 391 390
3 420 412 418
3 420 414 412
3 420 390 414
3 421 413 419
3 421 415 413
3 422 415 421
3 422 416 415
3 423 417 372
3 423 372 373
3 424 418 416
3 424 416 422
3 425 417 423
3 425 419 417
3 425 421 419
3 426 391 420
3 426 392 391
3 426 420 418
3 426 418 424
3 427 421 425
3 428 422 421
3 428 424 422
3 428 421 427
3 429 373 374
3 429 423 373
3 430 424 428
3 431 425 423
3 431 423 429
3 432 393 392
3 432 426 424
3 432 392 426
3 432 424 430
3 433 427 425
3 433 428 427
3 433 425 431
3 434 428 433
3 435 374 375
3 435 429 374
3 435 431 429
3 436 430 428
3 436 428 434
3 437 433 431
3 437 431 435
3 438 394 393
3 438 393 432
3 438 432 430
3 438 430 436
3 439 433 437
3 440 434 433
3 440 433 439
3 440 436 434
3 441 375 376
3 441 435 375
3 442 436 440
3 443 437 435
3 443 435 441
3 444 436 442
3 444 395 394
3 444 394 438
3 444 438 436
3 445 437 443
3 445 439 437
3 446 439 445
3 446 440 439
3 447 376 377
3 447 441 376
3 448 442 440
3 448 440 446
3 449 443 441
3 449 441 447
3 450 396 395
3 450 395 444
3 450 444 442
3 450 442 448
3 451 445 443
3 451 443 449
3 452 446 445
3 452 445 451
3 453 447 377
3 453 377 378
3 453 449 447
3 454 446 452
3 454 448 446
3 455 449 453
3 456 396 450
3 456 450 448
3 456 448 454
3 456 397 396
3 456 398 397
3 457 451 449
3 457 449 455
3 458 452 451
3 458 454 452
3 458 451 457
3 459 453 378
3 459 378 379
3 459 379 380
3 460 454 458
3 460 456 454
3 461 455 453
3 461 453 459
3 462 399 398
3 462 398 456
3 462 456 460
3 463 457 455
3 463 455 461
3 464 457 463
3 464 458 457
3 465 380 381
3 465 381 382
3 465 459 380
3 465 461 459
3 466 460 458
3 466 458 464
3 467 465 382
3 467 382 383
3 467 461 465
3 468 460 466
3 468 399 462
3 468 462 460
3 469 463 461
3 469 383 384
3 469 467 383
3 469 461 467
3 470 469 384
3 470 384 385
3 470 464 463
3 470 463 469
3 471 464 470
3 471 385 386
3 471 470 385
3 471 466 464
3 472 386 387
3 472 387 388
3 472 400 399
3 472 388 400
3 472 399 468
3 472 468 466
3 472 471 386
3 472 466 471
3 480 481 482
3 480 482 488
3 479 488 487
3 479 480 488
3 478 487 486
3 478 479 487
3 477 486 485
3 477 478 486
3 476 485 484
3 476 477 485
3 475 484 483
3 475 476 484
3 474 483 473
3 474 475 483
3 524 490 522
3 524 522 523
3 525 490 524
3 521 525 526
3 521 526 527
3 521 490 525
3 514 489 490
3 514 490 521
3 515 491 489
3 515 489 514
3 516 491 515
3 517 491 516
3 518 491 517
3 528 513 529
3 532 519 520
3 532 520 513
3 532 513 528
3 533 518 519
3 533 491 518
3 533 519 532
3 534 491 533
3 535 491 534
3 536 491 535
3 537 491 536
3 538 491 537
3 531 491 538
3 530 491 531
3 512 530 529
3 512 529 513
3 502 501 500
3 492 530 512
3 492 509 508
3 492 510 509
3 492 511 510
3 492 512 511
3 499 503 502
3 499 504 503
3 499 505 504
3 499 506 505
3 499 507 506
3 499 508 507
3 499 492 508
3 499 502 500
3 494 493 492
3 496 498 497
3 496 499 498
3 496 492 499
3 496 494 492
3 495 494 496
3 491 530 492
3 548 539 540
3 549 540 541
3 549 548 540
3 550 541 542
3 550 549 541
3 551 542 543
3 551 550 542
3 552 543 544
3 552 551 543
3 553 544 545
3 553 552 544
3 554 553 545
3 555 545 546
3 555 554 545
3 547 555 546
3 556 559 558
3 557 559 556
3 569 571 570
3 569 578 579
3 569 579 571
3 568 577 578
3 568 578 569
3 567 576 577
3 567 577 568
3 566 576 567
3 565 574 575
3 565 575 576
3 565 576 566
3 564 574 565
3 563 572 573
3 563 573 574
3 563 574 564
3 562 572 563
3 561 560 572
3 561 572 562
3 590 581 580
3 591 581 590
3 592 582 581
3 592 581 591
3 593 583 582
3 593 582 592
3 594 584 583
3 594 585 584
3 594 583 593
3 595 585 594
3 596 586 585
3 596 587 586
3 596 585 595
3 597 587 596
3 589 588 587
3 589 587 597
3 598 601 600
3 599 601 598
3 602 605 604
3 603 605 602
3 615 617 616
3 615 625 617
3 614 624 625
3 614 625 615
3 613 622 623
3 613 623 624
3 613 624 614
3 612 622 613
3 611 621 622
3 611 622 612
3 610 620 621
3 610 621 611
3 609 618 619
3 609 619 620
3 609 620 610
3 608 618 609
3 607 606 618
3 607 618 608
3 627 628 626
3 627 629 628
3 639 641 640
3 639 649 641
3 638 648 649
3 638 649 639
3 637 646 647
3 637 647 648
3 637 648 638
3 636 646 637
3 635 644 645
3 635 645 646
3 635 646 636
3 634 643 644
3 634 644 635
3 633 642 643
3 633 643 634
3 632 642 633
3 631 630 642
3 631 642 632
3 651 652 650
3 651 653 652
3 655 656 654
3 655 657 656
3 692 690 691
3 724 659 658
3 724 658 666
3 725 660 659
3 725 659 724
3 726 661 660
3 726 660 725
3 727 662 661
3 727 661 726
3 728 666 667
3 728 724 666
3 729 663 662
3 729 662 727
3 730 725 724
3 730 724 728
3 731 663 729
3 731 664 663
3 731 665 664
3 731 699 665
3 732 725 730
3 732 726 725
3 733 727 726
3 733 726 732
3 734 667 668
3 734 728 667
3 735 729 727
3 735 727 733
3 736 728 734
3 736 730 728
3 737 699 731
3 737 700 699
3 737 729 735
3 737 731 729
3 738 733 732
3 738 732 730
3 738 730 736
3 739 733 738
3 740 668 669
3 740 669 670
3 740 734 668
3 741 733 739
3 741 735 733
3 742 736 734
3 742 734 740
3 743 735 741
3 743 701 700
3 743 737 735
3 743 700 737
3 744 736 742
3 744 738 736
3 745 739 738
3 745 738 744
3 746 740 670
3 747 739 745
3 747 741 739
3 748 740 746
3 748 742 740
3 749 741 747
3 749 743 741
3 749 702 701
3 749 701 743
3 750 742 748
3 750 744 742
3 751 744 750
3 751 745 744
3 752 670 671
3 752 746 670
3 753 745 751
3 753 747 745
3 754 746 752
3 754 748 746
3 755 702 749
3 755 749 747
3 755 703 702
3 755 747 753
3 756 750 748
3 756 748 754
3 757 750 756
3 757 751 750
3 758 752 671
3 758 671 672
3 758 754 752
3 759 753 751
3 759 751 757
3 760 756 754
3 760 754 758
3 761 755 753
3 761 703 755
3 761 753 759
3 761 704 703
3 762 756 760
3 763 757 756
3 763 756 762
3 764 758 672
3 764 672 673
3 765 759 757
3 765 757 763
3 766 760 758
3 766 758 764
3 767 761 759
3 767 704 761
3 767 705 704
3 767 759 765
3 768 762 760
3 768 760 766
3 769 763 762
3 769 762 768
3 770 673 674
3 770 764 673
3 770 766 764
3 771 763 769
3 771 765 763
3 772 766 770
3 773 706 705
3 773 765 771
3 773 705 767
3 773 767 765
3 774 766 772
3 774 768 766
3 775 769 768
3 775 768 774
3 776 674 675
3 776 770 674
3 777 771 769
3 777 773 771
3 777 769 775
3 778 770 776
3 778 772 770
3 779 707 706
3 779 708 707
3 779 706 773
3 779 773 777
3 780 774 772
3 780 772 778
3 781 775 774
3 781 774 780
3 781 777 775
3 782 675 676
3 782 676 677
3 782 776 675
3 782 778 776
3 783 777 781
3 784 778 782
3 785 777 783
3 785 708 779
3 785 779 777
3 786 778 784
3 786 780 778
3 787 780 786
3 787 781 780
3 788 782 677
3 789 783 781
3 789 781 787
3 790 784 782
3 790 782 788
3 791 783 789
3 791 708 785
3 791 709 708
3 791 710 709
3 791 785 783
3 792 786 784
3 792 784 790
3 793 789 787
3 793 787 786
3 793 786 792
3 794 788 677
3 794 677 678
3 795 791 789
3 795 789 793
3 796 790 788
3 796 792 790
3 796 788 794
3 797 710 791
3 797 791 795
3 798 792 796
3 799 793 792
3 799 792 798
3 800 678 679
3 800 794 678
3 801 795 793
3 801 793 799
3 802 796 794
3 802 794 800
3 803 710 797
3 803 797 795
3 803 711 710
3 803 795 801
3 804 798 796
3 804 796 802
3 805 799 798
3 805 798 804
3 806 679 680
3 806 680 681
3 806 800 679
3 807 801 799
3 807 799 805
3 807 803 801
3 808 800 806
3 808 802 800
3 809 712 711
3 809 713 712
3 809 711 803
3 809 803 807
3 810 804 802
3 810 802 808
3 811 804 810
3 811 805 804
3 812 806 681
3 812 808 806
3 813 807 805
3 813 809 807
3 813 805 811
3 814 808 812
3 815 713 809
3 815 809 813
3 816 811 810
3 816 810 808
3 816 808 814
3 817 811 816
3 817 813 811
3 818 681 682
3 818 812 681
3 819 813 817
3 820 812 818
3 820 814 812
3 821 815 813
3 821 813 819
3 821 714 713
3 821 713 815
3 822 816 814
3 822 814 820
3 823 817 816
3 823 816 822
3 824 682 683
3 824 683 684
3 824 818 682
3 825 819 817
3 825 817 823
3 826 818 824
3 826 820 818
3 827 819 825
3 827 714 821
3 827 715 714
3 827 821 819
3 828 822 820
3 828 820 826
3 829 823 822
3 829 822 828
3 830 824 684
3 830 684 685
3 831 825 823
3 831 823 829
3 832 826 824
3 832 824 830
3 833 827 825
3 833 825 831
3 833 715 827
3 833 716 715
3 834 828 826
3 834 829 828
3 834 826 832
3 835 829 834
3 836 832 830
3 836 830 685
3 837 831 829
3 837 829 835
3 838 832 836
3 839 833 831
3 839 831 837
3 839 716 833
3 839 717 716
3 840 834 832
3 840 832 838
3 841 835 834
3 841 837 835
3 841 834 840
3 842 685 686
3 842 836 685
3 843 837 841
3 844 838 836
3 844 836 842
3 845 839 837
3 845 718 717
3 845 717 839
3 845 837 843
3 846 840 838
3 846 838 844
3 847 840 846
3 847 841 840
3 848 686 687
3 848 687 688
3 848 842 686
3 849 843 841
3 849 841 847
3 850 844 842
3 850 842 848
3 851 719 718
3 851 718 845
3 851 845 843
3 851 843 849
3 852 846 844
3 852 844 850
3 853 849 847
3 853 846 852
3 853 847 846
3 854 688 689
3 854 848 688
3 855 849 853
3 856 850 848
3 856 848 854
3 857 719 851
3 857 851 849
3 857 720 719
3 857 849 855
3 858 850 856
3 858 852 850
3 859 852 858
3 859 853 852
3 860 856 854
3 860 854 689
3 861 855 853
3 861 853 859
3 861 857 855
3 862 856 860
3 863 720 857
3 863 857 861
3 863 721 720
3 864 858 856
3 864 856 862
3 865 859 858
3 865 858 864
3 866 689 690
3 866 860 689
3 866 862 860
3 866 690 692
3 867 861 859
3 867 859 865
3 868 862 866
3 868 692 693
3 868 693 694
3 868 866 692
3 869 863 861
3 869 721 863
3 869 861 867
3 869 722 721
3 870 864 862
3 870 862 868
3 870 868 694
3 871 694 695
3 871 865 864
3 871 870 694
3 871 864 870
3 872 695 696
3 872 696 697
3 872 867 865
3 872 869 867
3 872 871 695
3 872 865 871
3 873 697 698
3 873 722 869
3 873 723 722
3 873 698 723
3 873 869 872
3 873 872 697
3 875 874 876
3 875 876 877
3 885 886 887
3 885 887 893
3 884 893 892
3 884 885 893
3 883 892 891
3 883 884 892
3 882 891 890
3 882 883 891
3 881 890 889
3 881 882 890
3 880 889 888
3 880 881 889
3 879 888 878
3 879 880 888
3 908 938 907
3 951 950 920
3 926 924 925
3 927 924 926
3 928 924 927
3 955 895 894
3 955 894 902
3 956 896 895
3 956 895 955
3 957 897 896
3 957 896 956
3 958 898 897
3 958 897 957
3 959 899 898
3 959 898 958
3 959 958 933
3 960 900 899
3 960 901 900
3 960 933 901
3 960 899 959
3 960 959 933
3 961 902 903
3 961 955 902
3 962 956 955
3 962 955 961
3 963 957 956
3 963 956 962
3 964 963 934
3 964 958 957
3 964 933 958
3 964 957 963
3 965 933 964
3 965 964 934
3 966 934 933
3 966 933 965
3 966 965 934
3 967 903 904
3 967 961 903
3 968 962 961
3 968 961 967
3 969 934 963
3 969 962 968
3 969 968 935
3 969 963 962
3 970 934 969
3 970 969 935
3 971 970 935
3 971 934 970
3 972 934 971
3 972 935 934
3 972 971 935
3 973 967 904
3 973 904 905
3 974 967 973
3 974 973 936
3 974 935 968
3 974 968 967
3 975 935 974
3 975 974 936
3 976 935 975
3 976 975 936
3 977 976 936
3 977 935 976
3 978 936 935
3 978 935 977
3 978 977 936
3 979 905 906
3 979 936 973
3 979 973 905
3 980 979 937
3 980 936 979
3 981 980 937
3 981 936 980
3 982 981 937
3 982 936 981
3 983 936 982
3 983 982 937
3 984 936 983
3 984 983 937
3 984 937 936
3 985 907 938
3 985 906 907
3 985 979 906
3 985 937 979
3 986 985 938
3 986 937 985
3 987 986 938
3 987 937 986
3 988 987 938
3 988 937 987
3 989 988 938
3 989 937 988
3 990 989 938
3 990 937 989
3 990 938 937
3 991 938 908
3 992 938 991
3 993 938 992
3 994 938 993
3 995 938 994
3 996 938 995
3 996 939 938
3 997 908 909
3 997 991 908
3 997 992 991
3 997 993 992
3 998 994 993
3 998 993 997
3 999 995 994
3 999 994 998
3 1000 995 999
3 1000 996 995
3 1000 939 996
3 1001 997 909
3 1002 997 1001
3 1003 997 1002
3 1004 998 997
3 1004 999 998
3 1004 997 1003
3 1005 999 1004
3 1006 940 939
3 1006 939 1000
3 1006 1000 999
3 1006 999 1005
3 1007 909 910
3 1007 1001 909
3 1007 1002 1001
3 1007 1003 1002
3 1008 1004 1003
3 1008 1003 1007
3 1009 1005 1004
3 1009 1004 1008
3 1010 940 1006
3 1010 1006 1005
3 1010 1005 1009
3 1011 1007 910
3 1012 1007 1011
3 1013 1007 1012
3 1014 1008 1007
3 1014 1007 1013
3 1015 1009 1008
3 1015 1008 1014
3 1016 941 940
3 1016 940 1010
3 1016 1010 1009
3 1016 1009 1015
3 1017 910 911
3 1017 1011 910
3 1017 1012 1011
3 1017 1013 1012
3 1018 1013 1017
3 1018 1014 1013
3 1018 1015 1014
3 1019 1015 1018
3 1020 1016 1015
3 1020 1015 1019
3 1020 941 1016
3 1021 1017 911
3 1022 1017 1021
3 1023 1017 1022
3 1024 1019 1018
3 1024 1017 1023
3 1024 1018 1017
3 1025 1019 1024
3 1026 1020 1019
3 1026 1019 1025
3 1026 941 1020
3 1026 942 941
3 1027 1021 911
3 1027 911 912
3 1027 1022 1021
3 1027 1023 1022
3 1027 1024 1023
3 1028 1025 1024
3 1028 1024 1027
3 1029 1025 1028
3 1030 1026 1025
3 1030 942 1026
3 1030 1025 1029
3 1031 1027 912
3 1032 1027 1031
3 1033 1027 1032
3 1034 1028 1027
3 1034 1027 1033
3 1035 1029 1028
3 1035 1028 1034
3 1036 942 1030
3 1036 1030 1029
3 1036 943 942
3 1036 1029 1035
3 1037 1031 912
3 1037 912 913
3 1037 1032 1031
3 1037 1033 1032
3 1038 1034 1033
3 1038 1033 1037
3 1039 1034 1038
3 1039 1035 1034
3 1040 943 1036
3 1040 1036 1035
3 1040 1035 1039
3 1041 1037 913
3 1042 1037 1041
3 1043 1037 1042
3 1044 1038 1037
3 1044 1037 1043
3 1045 1039 1038
3 1045 1038 1044
3 1046 944 943
3 1046 943 1040
3 1046 1040 1039
3 1046 1039 1045
3 1047 913 914
3 1047 1041 913
3 1047 1042 1041
3 1047 1043 1042
3 1048 1044 1043
3 1048 1043 1047
3 1049 1045 1044
3 1049 1044 1048
3 1050 944 1046
3 1050 1046 1045
3 1050 1045 1049
3 1051 1047 914
3 1052 1047 1051
3 1053 1047 1052
3 1053 1048 1047
3 1054 1048 1053
3 1055 1049 1048
3 1055 1048 1054
3 1056 1050 1049
3 1056 1049 1055
3 1056 945 944
3 1056 944 1050
3 1057 1054 1053
3 1057 914 915
3 1057 1053 1052
3 1057 1051 914
3 1057 1052 1051
3 1058 1054 1057
3 1059 1054 1058
3 1059 1055 1054
3 1059 1056 1055
3 1060 945 1056
3 1060 1056 1059
3 1061 1057 915
3 1062 1057 1061
3 1063 1057 1062
3 1064 1058 1057
3 1064 1057 1063
3 1065 1059 1058
3 1065 1058 1064
3 1066 945 1060
3 1066 1060 1059
3 1066 1059 1065
3 1066 946 945
3 1067 915 916
3 1067 1061 915
3 1067 1062 1061
3 1067 1063 1062
3 1068 1064 1063
3 1068 1063 1067
3 1069 1065 1064
3 1069 1064 1068
3 1070 1065 1069
3 1070 1066 1065
3 1070 946 1066
3 1071 1067 916
3 1072 1067 1071
3 1073 1067 1072
3 1074 1068 1067
3 1074 1067 1073
3 1075 1069 1068
3 1075 1070 1069
3 1075 1068 1074
3 1076 947 946
3 1076 946 1070
3 1076 1070 1075
3 1077 916 917
3 1077 1071 916
3 1077 1072 1071
3 1077 1073 1072
3 1078 1074 1073
3 1078 1073 1077
3 1079 1075 1074
3 1079 1076 1075
3 1079 1074 1078
3 1080 947 1076
3 1080 1076 1079
3 1081 1077 917
3 1082 1077 1081
3 1083 1077 1082
3 1084 1078 1077
3 1084 1077 1083
3 1085 1078 1084
3 1085 1079 1078
3 1086 1079 1085
3 1086 948 947
3 1086 947 1080
3 1086 1080 1079
3 1087 917 918
3 1087 1081 917
3 1087 1082 1081
3 1087 1083 1082
3 1088 1084 1083
3 1088 1083 1087
3 1089 1085 1084
3 1089 1086 1085
3 1089 1084 1088
3 1090 1087 918
3 1091 948 1086
3 1091 1086 1089
3 1092 1087 1090
3 1093 1087 1092
3 1094 1088 1087
3 1094 1087 1093
3 1095 1089 1088
3 1095 1088 1094
3 1096 948 1091
3 1096 1091 1089
3 1096 1089 1095
3 1096 949 948
3 1097 1090 918
3 1097 918 919
3 1097 1092 1090
3 1097 1093 1092
3 1098 1094 1093
3 1098 1093 1097
3 1099 1094 1098
3 1099 1095 1094
3 1099 1096 1095
3 1100 1097 919
3 1101 949 1096
3 1101 1096 1099
3 1102 1097 1100
3 1103 1097 1102
3 1104 1098 1097
3 1104 1097 1103
3 1105 1099 1098
3 1105 1098 1104
3 1106 949 1101
3 1106 1101 1099
3 1106 1099 1105
3 1106 950 949
3 1107 919 920
3 1107 1100 919
3 1108 1102 1100
3 1108 1107 920
3 1108 1103 1102
3 1108 1100 1107
3 1109 1108 920
3 1109 1103 1108
3 1110 1104 1103
3 1110 1109 920
3 1110 1103 1109
3 1111 1105 1104
3 1111 1106 1105
3 1111 1104 1110
3 1111 1110 920
3 1112 920 950
3 1112 950 1106
3 1112 1111 920
3 1112 1106 1111
3 1113 920 921
3 1114 920 1113
3 1114 1113 921
3 1115 1114 921
3 1115 920 1114
3 1116 1115 921
3 1116 920 1115
3 1117 951 920
3 1117 952 951
3 1117 1116 921
3 1117 920 1116
3 1118 921 922
3 1119 921 1118
3 1119 1118 922
3 1120 921 1119
3 1120 1119 922
3 1121 921 1120
3 1121 1120 922
3 1122 952 1117
3 1122 1117 921
3 1122 921 1121
3 1123 922 923
3 1124 922 1123
3 1124 1123 923
3 1125 922 1124
3 1125 1124 923
3 1126 1121 922
3 1126 922 1125
3 1127 952 1122
3 1127 1122 1121
3 1127 1121 1126
3 1127 953 952
3 1128 923 924
3 1129 923 1128
3 1129 1128 924
3 1130 923 1129
3 1130 924 928
3 1130 1129 924
3 1131 1125 923
3 1131 1126 1125
3 1131 928 929
3 1131 923 1130
3 1131 1130 928
3 1132 1126 1131
3 1132 929 930
3 1132 1131 929
3 1133 1127 1126
3 1133 953 1127
3 1133 930 931
3 1133 931 932
3 1133 1126 1132
3 1133 1132 930
3 1133 954 953
3 1133 932 954
3 1143 1144 1145
3 1143 1145 1151
3 1142 1151 1150
3 1142 1143 1151
3 1141 1150 1149
3 1141 1142 1150
3 1140 1149 1148
3 1140 1141 1149
3 1139 1140 1148
3 1138 1148 1147
3 1138 1139 1148
3 1137 1147 1146
3 1137 1138 1147
3 1136 1146 1134
3 1136 1137 1146
3 1135 1136 1134
3 1155 1153 1152
3 1155 1154 1153
3 1172 1157 1156
3 1172 1158 1157
3 1173 1159 1158
3 1173 1158 1172
3 1174 1160 1159
3 1174 1159 1173
3 1175 1161 1160
3 1175 1160 1174
3 1176 1162 1161
3 1176 1161 1175
3 1177 1163 1162
3 1177 1162 1176
3 1178 1164 1163
3 1178 1163 1177
3 1179 1165 1164
3 1179 1166 1165
3 1179 1164 1178
3 1180 1166 1179
3 1181 1167 1166
3 1181 1166 1180
3 1182 1168 1167
3 1182 1167 1181
3 1183 1169 1168
3 1183 1168 1182
3 1171 1170 1169
3 1171 1169 1183
3 1200 1185 1184
3 1200 1186 1185
3 1201 1187 1186
3 1201 1186 1200
3 1202 1188 1187
3 1202 1187 1201
3 1203 1189 1188
3 1203 1188 1202
3 1204 1190 1189
3 1204 1189 1203
3 1205 1191 1190
3 1205 1190 1204
3 1206 1192 1191
3 1206 1191 1205
3 1207 1193 1192
3 1207 1194 1193
3 1207 1192 1206
3 1208 1194 1207
3 1209 1195 1194
3 1209 1194 1208
3 1210 1196 1195
3 1210 1195 1209
3 1211 1197 1196
3 1211 1196 1210
3 1199 1198 1197
3 1199 1197 1211
3 1215 1213 1212
3 1215 1214 1213
3 1219 1217 1216
3 1219 1218 1217
3 1229 1221 1220
3 1230 1222 1221
3 1230 1221 1229
3 1231 1223 1222
3 1231 1222 1230
3 1232 1224 1223
3 1232 1223 1231
3 1233 1225 1224
3 1233 1224 1232
3 1234 1226 1225
3 1234 1225 1233
3 1235 1227 1226
3 1235 1226 1234
3 1228 1227 1235
3 1258 1259 1260
3 1256 1257 1258
3 1256 1258 1260
3 1254 1255 1256
3 1254 1256 1260
3 1252 1253 1254
3 1250 1251 1252
3 1250 1254 1260
3 1250 1252 1254
3 1238 1236 1237
3 1238 1260 1261
3 1238 1261 1236
3 1248 1249 1250
3 1246 1247 1248
3 1242 1239 1240
3 1242 1240 1241
3 1245 1260 1238
3 1245 1250 1260
3 1245 1248 1250
3 1245 1246 1248
3 1244 1238 1239
3 1244 1242 1243
3 1244 1239 1242
3 1244 1245 1238
3 1274 1264 1265
3 1266 1274 1265
3 1275 1274 1266
3 1267 1275 1266
3 1281 1279 1278
3 1281 1280 1279
3 1286 1268 1269
3 1286 1269 1270
3 1287 1267 1268
3 1287 1268 1286
3 1287 1275 1267
3 1287 1286 1270
3 1288 1276 1275
3 1288 1275 1287
3 1289 1277 1276
3 1289 1276 1288
3 1290 1278 1277
3 1290 1281 1278
3 1290 1277 1289
3 1291 1282 1281
3 1291 1290 1282
3 1291 1281 1290
3 1292 1283 1282
3 1292 1289 1288
3 1292 1288 1287
3 1292 1290 1289
3 1292 1282 1290
3 1292 1287 1270
3 1293 1283 1292
3 1294 1284 1283
3 1294 1283 1293
3 1295 1285 1284
3 1295 1284 1294
3 1296 1285 1295
3 1297 1263 1262
3 1297 1262 1285
3 1297 1285 1296
3 1298 1270 1271
3 1298 1292 1270
3 1298 1293 1292
3 1299 1298 1271
3 1299 1294 1293
3 1299 1293 1298
3 1300 1271 1272
3 1300 1295 1294
3 1300 1299 1271
3 1300 1294 1299
3 1301 1296 1295
3 1301 1295 1300
3 1302 1296 1301
3 1303 1297 1296
3 1303 1296 1302
3 1304 1263 1297
3 1304 1297 1303
3 1305 1300 1272
3 1305 1301 1300
3 1305 1302 1301
3 1306 1302 1305
3 1306 1305 1272
3 1307 1306 1272
3 1307 1302 1306
3 1307 1303 1302
3 1308 1304 1303
3 1308 1303 1307
3 1309 1307 1272
3 1309 1272 1273
3 1309 1273 1263
3 1309 1308 1307
3 1309 1263 1304
3 1309 1304 1308
3 1318 1319 1327
3 1317 1327 1326
3 1317 1318 1327
3 1316 1326 1325
3 1316 1317 1326
3 1315 1325 1324
3 1315 1316 1325
3 1314 1323 1322
3 1314 1324 1323
3 1314 1315 1324
3 1313 1322 1321
3 1313 1314 1322
3 1312 1321 1320
3 1312 1313 1321
3 1311 1320 1310
3 1311 1312 1320
3 1328 1331 1330
3 1329 1331 1328
3 1343 1333 1332
3 1343 1332 1342
3 1344 1334 1333
3 1344 1333 1343
3 1345 1335 1334
3 1345 1334 1344
3 1346 1336 1335
3 1346 1335 1345
3 1347 1337 1336
3 1347 1336 1346
3 1348 1338 1337
3 1348 1337 1347
3 1349 1339 1338
3 1349 1340 1339
3 1349 1338 1348
3 1341 1340 1349
3 1353 1351 1350
3 1353 1352 1351
3 1355 1356 1354
3 1355 1357 1356
3 1387 1359 1358
3 1387 1360 1359
3 1388 1361 1360
3 1388 1362 1361
3 1388 1360 1387
3 1389 1362 1388
3 1390 1363 1362
3 1390 1364 1363
3 1390 1362 1389
3 1391 1365 1364
3 1391 1364 1390
3 1392 1365 1391
3 1393 1366 1365
3 1393 1367 1366
3 1393 1365 1392
3 1394 1367 1393
3 1395 1368 1367
3 1395 1367 1394
3 1396 1369 1368
3 1396 1370 1369
3 1396 1368 1395
3 1397 1370 1396
3 1397 1371 1370
3 1398 1371 1397
3 1399 1371 1398
3 1399 1372 1371
3 1400 1373 1372
3 1400 1372 1399
3 1401 1374 1373
3 1401 1375 1374
3 1401 1373 1400
3 1402 1375 1401
3 1403 1376 1375
3 1403 1375 1402
3 1404 1377 1376
3 1404 1376 1403
3 1405 1378 1377
3 1405 1377 1404
3 1406 1379 1378
3 1406 1378 1405
3 1407 1380 1379
3 1407 1379 1406
3 1408 1381 1380
3 1408 1380 1407
3 1409 1382 1381
3 1409 1383 1382
3 1409 1381 1408
3 1410 1383 1409
3 1411 1384 1383
3 1411 1383 1410
3 1386 1385 1384
3 1386 1384 1411
3 1438 1413 1412
3 1438 1414 1413
3 1438 1415 1414
3 1439 1415 1438
3 1440 1416 1415
3 1440 1417 1416
3 1440 1415 1439
3 1441 1417 1440
3 1442 1418 1417
3 1442 1417 1441
3 1443 1419 1418
3 1443 1420 1419
3 1443 1418 1442
3 1444 1420 1443
3 1445 1421 1420
3 1445 1420 1444
3 1446 1422 1421
3 1446 1423 1422
3 1446 1421 1445
3 1447 1423 1446
3 1448 1424 1423
3 1448 1425 1424
3 1448 1423 1447
3 1449 1425 1448
3 1449 1426 1425
3 1450 1426 1449
3 1450 1427 1426
3 1451 1427 1450
3 1451 1428 1427
3 1452 1428 1451
3 1452 1429 1428
3 1453 1429 1452
3 1454 1430 1429
3 1454 1429 1453
3 1454 1431 1430
3 1455 1431 1454
3 1455 1432 1431
3 1456 1432 1455
3 1457 1433 1432
3 1457 1434 1433
3 1457 1432 1456
3 1458 1434 1457
3 1459 1435 1434
3 1459 1434 1458
3 1437 1436 1435
3 1437 1435 1459
3 1463 1461 1460
3 1463 1462 1461
3 1473 1465 1464
3 1474 1465 1473
3 1475 1466 1465
3 1475 1465 1474
3 1476 1467 1466
3 1476 1466 1475
3 1477 1468 1467
3 1477 1469 1468
3 1477 1467 1476
3 1478 1470 1469
3 1478 1469 1477
3 1479 1470 1478
3 1472 1471 1470
3 1472 1470 1479
3 1520 1494 1495
3 1520 1513 1494
3 1521 1520 1495
3 1521 1495 1496
3 1522 1496 1497
3 1522 1521 1496
3 1523 1512 1513
3 1523 1513 1520
3 1524 1497 1498
3 1524 1522 1497
3 1525 1523 1520
3 1525 1520 1521
3 1526 1498 1499
3 1526 1524 1498
3 1527 1525 1521
3 1527 1521 1522
3 1528 1512 1523
3 1528 1511 1512
3 1529 1493 1492
3 1529 1499 1500
3 1529 1500 1493
3 1529 1526 1499
3 1530 1522 1524
3 1530 1527 1522
3 1531 1523 1525
3 1531 1528 1523
3 1532 1530 1524
3 1532 1524 1526
3 1533 1531 1525
3 1533 1525 1527
3 1534 1510 1511
3 1534 1511 1528
3 1535 1492 1491
3 1535 1526 1529
3 1535 1529 1492
3 1535 1532 1526
3 1536 1527 1530
3 1536 1533 1527
3 1537 1528 1531
3 1537 1534 1528
3 1538 1530 1532
3 1538 1536 1530
3 1539 1531 1533
3 1539 1537 1531
3 1540 1509 1510
3 1540 1510 1534
3 1541 1491 1490
3 1541 1532 1535
3 1541 1535 1491
3 1541 1538 1532
3 1542 1533 1536
3 1542 1539 1533
3 1543 1534 1537
3 1543 1537 1539
3 1543 1540 1534
3 1544 1536 1538
3 1544 1542 1536
3 1545 1543 1539
3 1546 1507 1508
3 1546 1508 1509
3 1546 1509 1540
3 1547 1490 1489
3 1547 1538 1541
3 1547 1541 1490
3 1547 1544 1538
3 1548 1539 1542
3 1548 1545 1539
3 1549 1540 1543
3 1549 1546 1540
3 1550 1542 1544
3 1550 1544 1547
3 1550 1548 1542
3 1551 1549 1543
3 1551 1543 1545
3 1552 1507 1546
3 1553 1489 1488
3 1553 1547 1489
3 1553 1550 1547
3 1554 1545 1548
3 1554 1551 1545
3 1555 1546 1549
3 1555 1552 1546
3 1555 1549 1551
3 1556 1554 1548
3 1556 1548 1550
3 1557 1555 1551
3 1558 1506 1507
3 1558 1507 1552
3 1559 1488 1487
3 1559 1553 1488
3 1559 1550 1553
3 1559 1556 1550
3 1560 1554 1556
3 1560 1551 1554
3 1560 1557 1551
3 1561 1552 1555
3 1561 1558 1552
3 1562 1560 1556
3 1563 1561 1555
3 1563 1555 1557
3 1564 1505 1506
3 1564 1506 1558
3 1564 1558 1561
3 1565 1562 1556
3 1565 1487 1486
3 1565 1559 1487
3 1565 1556 1559
3 1566 1563 1557
3 1566 1557 1560
3 1567 1564 1561
3 1568 1566 1560
3 1568 1560 1562
3 1569 1567 1561
3 1569 1561 1563
3 1570 1564 1567
3 1570 1504 1505
3 1570 1505 1564
3 1571 1486 1485
3 1571 1565 1486
3 1571 1562 1565
3 1571 1568 1562
3 1572 1566 1568
3 1572 1563 1566
3 1572 1569 1563
3 1573 1570 1567
3 1574 1572 1568
3 1575 1567 1569
3 1575 1569 1572
3 1575 1573 1567
3 1576 1570 1573
3 1576 1503 1504
3 1576 1504 1570
3 1577 1485 1484
3 1577 1571 1485
3 1577 1568 1571
3 1577 1574 1568
3 1578 1572 1574
3 1578 1575 1572
3 1579 1576 1573
3 1579 1573 1575
3 1580 1578 1574
3 1581 1579 1575
3 1582 1501 1502
3 1582 1502 1503
3 1582 1514 1501
3 1582 1515 1514
3 1582 1503 1576
3 1583 1484 1483
3 1583 1577 1484
3 1583 1574 1577
3 1583 1580 1574
3 1584 1575 1578
3 1584 1578 1580
3 1584 1581 1575
3 1585 1576 1579
3 1585 1582 1576
3 1585 1515 1582
3 1586 1584 1580
3 1587 1516 1515
3 1587 1517 1516
3 1587 1585 1579
3 1587 1579 1581
3 1587 1515 1585
3 1588 1482 1481
3 1588 1483 1482
3 1588 1583 1483
3 1588 1580 1583
3 1588 1586 1580
3 1589 1581 1584
3 1589 1517 1587
3 1589 1587 1581
3 1590 1589 1584
3 1590 1518 1517
3 1590 1519 1518
3 1590 1584 1586
3 1590 1517 1589
3 1591 1481 1480
3 1591 1480 1519
3 1591 1519 1590
3 1591 1588 1481
3 1591 1586 1588
3 1591 1590 1586
3 1632 1606 1607
3 1632 1625 1606
3 1633 1632 1607
3 1633 1607 1608
3 1634 1608 1609
3 1634 1633 1608
3 1635 1624 1625
3 1635 1625 1632
3 1636 1609 1610
3 1636 1634 1609
3 1637 1635 1632
3 1637 1632 1633
3 1638 1610 1611
3 1638 1636 1610
3 1639 1637 1633
3 1639 1633 1634
3 1640 1624 1635
3 1640 1623 1624
3 1641 1605 1604
3 1641 1611 1612
3 1641 1612 1605
3 1641 1638 1611
3 1642 1634 1636
3 1642 1639 1634
3 1643 1635 1637
3 1643 1640 1635
3 1644 1642 1636
3 1644 1636 1638
3 1645 1643 1637
3 1645 1637 1639
3 1646 1622 1623
3 1646 1623 1640
3 1647 1604 1603
3 1647 1638 1641
3 1647 1641 1604
3 1647 1644 1638
3 1648 1639 1642
3 1648 1645 1639
3 1649 1640 1643
3 1649 1646 1640
3 1650 1648 1642
3 1650 1642 1644
3 1651 1643 1645
3 1651 1649 1643
3 1652 1621 1622
3 1652 1622 1646
3 1653 1603 1602
3 1653 1644 1647
3 1653 1647 1603
3 1653 1650 1644
3 1654 1645 1648
3 1654 1651 1645
3 1655 1646 1649
3 1655 1652 1646
3 1656 1648 1650
3 1656 1654 1648
3 1657 1649 1651
3 1657 1655 1649
3 1658 1620 1621
3 1658 1621 1652
3 1659 1601 1600
3 1659 1602 1601
3 1659 1653 1602
3 1659 1656 1650
3 1659 1650 1653
3 1660 1651 1654
3 1660 1657 1651
3 1661 1658 1652
3 1661 1652 1655
3 1662 1660 1654
3 1662 1654 1656
3 1663 1655 1657
3 1663 1661 1655
3 1664 1619 1620
3 1664 1620 1658
3 1665 1659 1600
3 1665 1656 1659
3 1665 1662 1656
3 1666 1657 1660
3 1666 1663 1657
3 1667 1658 1661
3 1667 1664 1658
3 1668 1660 1662
3 1668 1666 1660
3 1668 1662 1665
3 1669 1667 1661
3 1669 1661 1663
3 1670 1618 1619
3 1670 1619 1664
3 1671 1600 1599
3 1671 1665 1600
3 1671 1668 1665
3 1672 1663 1666
3 1672 1669 1663
3 1673 1664 1667
3 1673 1670 1664
3 1674 1672 1666
3 1674 1666 1668
3 1675 1673 1667
3 1675 1667 1669
3 1676 1617 1618
3 1676 1618 1670
3 1676 1670 1673
3 1677 1674 1668
3 1677 1599 1598
3 1677 1671 1599
3 1677 1668 1671
3 1678 1675 1669
3 1678 1672 1674
3 1678 1669 1672
3 1679 1676 1673
3 1680 1678 1674
3 1681 1679 1673
3 1681 1673 1675
3 1681 1675 1678
3 1682 1616 1617
3 1682 1617 1676
3 1683 1598 1597
3 1683 1677 1598
3 1683 1680 1674
3 1683 1674 1677
3 1684 1681 1678
3 1685 1682 1676
3 1685 1676 1679
3 1686 1678 1680
3 1686 1684 1678
3 1687 1679 1681
3 1687 1685 1679
3 1688 1615 1616
3 1688 1616 1682
3 1688 1682 1685
3 1689 1686 1680
3 1689 1683 1597
3 1689 1597 1596
3 1689 1680 1683
3 1690 1681 1684
3 1690 1687 1681
3 1691 1688 1685
3 1692 1684 1686
3 1692 1690 1684
3 1693 1691 1685
3 1693 1685 1687
3 1694 1613 1614
3 1694 1614 1615
3 1694 1626 1613
3 1694 1615 1688
3 1695 1596 1595
3 1695 1686 1689
3 1695 1689 1596
3 1695 1692 1686
3 1696 1687 1690
3 1696 1693 1687
3 1697 1688 1691
3 1697 1691 1693
3 1697 1627 1626
3 1697 1694 1688
3 1697 1626 1694
3 1698 1696 1690
3 1698 1690 1692
3 1698 1692 1695
3 1699 1628 1627
3 1699 1629 1628
3 1699 1697 1693
3 1699 1693 1696
3 1699 1627 1697
3 1700 1595 1594
3 1700 1695 1595
3 1700 1698 1695
3 1701 1696 1698
3 1701 1699 1696
3 1701 1629 1699
3 1702 1629 1701
3 1702 1630 1629
3 1702 1701 1698
3 1703 1593 1592
3 1703 1594 1593
3 1703 1631 1630
3 1703 1592 1631
3 1703 1700 1594
3 1703 1698 1700
3 1703 1630 1702
3 1703 1702 1698
3 1713 1705 1704
3 1714 1705 1713
3 1715 1706 1705
3 1715 1705 1714
3 1716 1707 1706
3 1716 1706 1715
3 1717 1708 1707
3 1717 1709 1708
3 1717 1707 1716
3 1718 1710 1709
3 1718 1709 1717
3 1719 1710 1718
3 1712 1711 1710
3 1712 1710 1719
3 1774 1751 1752
3 1780 1744 1745
3 1780 1773 1744
3 1781 1745 1746
3 1781 1780 1745
3 1782 1781 1746
3 1782 1746 1747
3 1783 1747 1748
3 1783 1782 1747
3 1784 1748 1749
3 1784 1783 1748
3 1785 1743 1742
3 1785 1749 1750
3 1785 1750 1743
3 1785 1784 1749
3 1786 1773 1780
3 1786 1772 1773
3 1787 1780 1781
3 1787 1786 1780
3 1788 1787 1781
3 1788 1781 1782
3 1789 1782 1783
3 1789 1788 1782
3 1790 1783 1784
3 1790 1789 1783
3 1791 1785 1742
3 1791 1742 1741
3 1791 1790 1784
3 1791 1784 1785
3 1792 1771 1772
3 1792 1786 1787
3 1792 1772 1786
3 1793 1792 1787
3 1794 1793 1787
3 1794 1787 1788
3 1795 1788 1789
3 1795 1794 1788
3 1796 1790 1791
3 1796 1795 1789
3 1796 1789 1790
3 1797 1741 1740
3 1797 1791 1741
3 1797 1796 1791
3 1798 1770 1771
3 1798 1771 1792
3 1799 1798 1792
3 1799 1792 1793
3 1800 1793 1794
3 1800 1799 1793
3 1801 1794 1795
3 1801 1800 1794
3 1801 1795 1796
3 1802 1801 1796
3 1803 1740 1739
3 1803 1796 1797
3 1803 1797 1740
3 1803 1802 1796
3 1804 1768 1769
3 1804 1769 1770
3 1804 1770 1798
3 1805 1804 1798
3 1805 1799 1800
3 1805 1798 1799
3 1806 1800 1801
3 1806 1805 1800
3 1807 1806 1801
3 1808 1801 1802
3 1808 1807 1801
3 1809 1808 1802
3 1809 1739 1738
3 1809 1803 1739
3 1809 1802 1803
3 1810 1768 1804
3 1811 1810 1804
3 1811 1804 1805
3 1812 1811 1805
3 1812 1805 1806
3 1813 1812 1806
3 1813 1806 1807
3 1814 1813 1807
3 1814 1808 1809
3 1814 1807 1808
3 1815 1809 1738
3 1815 1738 1737
3 1815 1814 1809
3 1816 1768 1810
3 1816 1766 1767
3 1816 1767 1768
3 1817 1816 1810
3 1817 1810 1811
3 1818 1811 1812
3 1818 1817 1811
3 1819 1818 1812
3 1819 1812 1813
3 1820 1813 1814
3 1820 1819 1813
3 1821 1737 1736
3 1821 1814 1815
3 1821 1815 1737
3 1821 1820 1814
3 1822 1766 1816
3 1822 1816 1817
3 1823 1822 1817
3 1824 1817 1818
3 1824 1823 1817
3 1825 1824 1818
3 1825 1818 1819
3 1825 1819 1820
3 1826 1825 1820
3 1827 1736 1735
3 1827 1821 1736
3 1827 1820 1821
3 1827 1826 1820
3 1828 1766 1822
3 1828 1765 1766
3 1829 1828 1822
3 1829 1822 1823
3 1830 1829 1823
3 1830 1823 1824
3 1831 1824 1825
3 1831 1830 1824
3 1832 1825 1826
3 1832 1831 1825
3 1833 1735 1734
3 1833 1827 1735
3 1833 1826 1827
3 1833 1832 1826
3 1834 1764 1765
3 1834 1765 1828
3 1835 1834 1828
3 1835 1828 1829
3 1835 1829 1830
3 1836 1835 1830
3 1837 1830 1831
3 1837 1831 1832
3 1837 1836 1830
3 1838 1837 1832
3 1839 1734 1733
3 1839 1833 1734
3 1839 1832 1833
3 1839 1838 1832
3 1840 1763 1764
3 1840 1764 1834
3 1841 1840 1834
3 1841 1834 1835
3 1842 1835 1836
3 1842 1836 1837
3 1842 1841 1835
3 1843 1842 1837
3 1844 1843 1837
3 1844 1837 1838
3 1845 1844 1838
3 1845 1733 1732
3 1845 1839 1733
3 1845 1838 1839
3 1846 1763 1840
3 1846 1762 1763
3 1847 1846 1840
3 1847 1840 1841
3 1848 1841 1842
3 1848 1847 1841
3 1849 1848 1842
3 1849 1842 1843
3 1850 1849 1843
3 1850 1843 1844
3 1851 1844 1845
3 1851 1845 1732
3 1851 1731 1730
3 1851 1732 1731
3 1851 1850 1844
3 1852 1762 1846
3 1852 1846 1847
3 1852 1761 1762
3 1853 1852 1847
3 1854 1853 1847
3 1854 1847 1848
3 1854 1848 1849
3 1855 1854 1849
3 1856 1855 1849
3 1856 1849 1850
3 1857 1850 1851
3 1857 1851 1730
3 1857 1856 1850
3 1858 1761 1852
3 1858 1759 1760
3 1858 1760 1761
3 1859 1858 1852
3 1859 1853 1854
3 1859 1852 1853
3 1860 1859 1854
3 1861 1860 1854
3 1861 1854 1855
3 1862 1855 1856
3 1862 1856 1857
3 1862 1861 1855
3 1863 1857 1730
3 1863 1730 1729
3 1863 1862 1857
3 1864 1758 1759
3 1864 1858 1859
3 1864 1759 1858
3 1865 1859 1860
3 1865 1864 1859
3 1866 1865 1860
3 1867 1860 1861
3 1867 1866 1860
3 1868 1867 1861
3 1868 1861 1862
3 1868 1862 1863
3 1869 1728 1727
3 1869 1729 1728
3 1869 1863 1729
3 1869 1868 1863
3 1870 1758 1864
3 1871 1864 1865
3 1871 1865 1866
3 1871 1870 1864
3 1872 1871 1866
3 1873 1866 1867
3 1873 1872 1866
3 1874 1867 1868
3 1874 1868 1869
3 1874 1873 1867
3 1875 1874 1869
3 1875 1869 1727
3 1876 1756 1757
3 1876 1757 1758
3 1876 1758 1870
3 1877 1876 1870
3 1877 1870 1871
3 1878 1877 1871
3 1878 1871 1872
3 1879 1878 1872
3 1879 1872 1873
3 1880 1879 1873
3 1880 1873 1874
3 1881 1874 1875
3 1881 1727 1726
3 1881 1880 1874
3 1881 1875 1727
3 1882 1756 1876
3 1883 1876 1877
3 1883 1877 1878
3 1883 1882 1876
3 1884 1883 1878
3 1885 1878 1879
3 1885 1884 1878
3 1886 1879 1880
3 1886 1885 1879
3 1887 1886 1880
3 1887 1726 1725
3 1887 1881 1726
3 1887 1880 1881
3 1888 1756 1882
3 1888 1755 1756
3 1889 1888 1882
3 1889 1882 1883
3 1889 1883 1884
3 1890 1889 1884
3 1891 1890 1884
3 1891 1884 1885
3 1892 1885 1886
3 1892 1891 1885
3 1892 1886 1887
3 1893 1724 1723
3 1893 1725 1724
3 1893 1887 1725
3 1893 1892 1887
3 1894 1754 1755
3 1894 1755 1888
3 1895 1888 1889
3 1895 1894 1888
3 1896 1895 1889
3 1896 1889 1890
3 1897 1890 1891
3 1897 1896 1890
3 1898 1891 1892
3 1898 1897 1891
3 1899 1893 1723
3 1899 1892 1893
3 1899 1898 1892
3 1900 1752 1753
3 1900 1753 1754
3 1900 1754 1894
3 1901 1894 1895
3 1901 1900 1894
3 1902 1895 1896
3 1902 1901 1895
3 1903 1896 1897
3 1903 1902 1896
3 1904 1903 1897
3 1904 1897 1898
3 1905 1723 1722
3 1905 1899 1723
3 1905 1898 1899
3 1905 1904 1898
3 1906 1752 1900
3 1906 1774 1752
3 1907 1775 1774
3 1907 1900 1901
3 1907 1774 1906
3 1907 1906 1900
3 1908 1776 1775
3 1908 1907 1901
3 1908 1901 1902
3 1908 1775 1907
3 1909 1777 1776
3 1909 1902 1903
3 1909 1776 1908
3 1909 1908 1902
3 1910 1909 1903
3 1910 1778 1777
3 1910 1903 1904
3 1910 1777 1909
3 1911 1721 1720
3 1911 1722 1721
3 1911 1910 1904
3 1911 1779 1778
3 1911 1720 1779
3 1911 1778 1910
3 1911 1905 1722
3 1911 1904 1905
3 1921 1913 1912
3 1922 1914 1913
3 1922 1913 1921
3 1923 1915 1914
3 1923 1914 1922
3 1924 1916 1915
3 1924 1915 1923
3 1925 1917 1916
3 1925 1916 1924
3 1926 1918 1917
3 1926 1917 1925
3 1920 1919 1918
3 1920 1918 1926
3 1932 1934 1933
3 1930 1932 1931
3 1930 1935 1934
3 1930 1936 1935
3 1930 1928 1936
3 1930 1934 1932
3 1929 1928 1930
3 1937 1927 1928
3 1937 1928 1929
3 1963 1971 1964
3 2004 1965 1966
3 2004 1997 1965
3 2005 1966 1967
3 2005 2004 1966
3 2006 1967 1968
3 2006 2005 1967
3 2007 1996 1997
3 2007 1997 2004
3 2008 1968 1969
3 2008 2006 1968
3 2009 2004 2005
3 2009 2007 2004
3 2010 1969 1970
3 2010 2008 1969
3 2011 2005 2006
3 2011 2009 2005
3 2012 1970 1971
3 2012 1971 1963
3 2012 2010 1970
3 2013 1995 1996
3 2013 1996 2007
3 2014 2006 2008
3 2014 2011 2006
3 2015 2007 2009
3 2015 2013 2007
3 2016 2014 2008
3 2016 2008 2010
3 2017 2015 2009
3 2017 2009 2011
3 2018 1963 1962
3 2018 2012 1963
3 2018 2016 2010
3 2018 2010 2012
3 2019 1994 1995
3 2019 1995 2013
3 2020 2017 2011
3 2020 2011 2014
3 2021 2013 2015
3 2021 2019 2013
3 2022 2016 2018
3 2022 2020 2014
3 2022 2014 2016
3 2023 2015 2017
3 2023 2021 2015
3 2024 2022 2018
3 2024 2018 1962
3 2024 1962 1961
3 2025 1994 2019
3 2025 1992 1993
3 2025 1993 1994
3 2025 2019 2021
3 2026 2023 2017
3 2026 2017 2020
3 2027 2025 2021
3 2028 2026 2020
3 2028 2020 2022
3 2029 2027 2021
3 2029 2021 2023
3 2030 2028 2022
3 2030 1961 1960
3 2030 2024 1961
3 2030 2022 2024
3 2031 1992 2025
3 2032 2029 2023
3 2032 2023 2026
3 2033 2031 2025
3 2033 2025 2027
3 2034 2032 2026
3 2034 2026 2028
3 2035 2027 2029
3 2035 2033 2027
3 2036 2030 1960
3 2036 2034 2028
3 2036 1960 1959
3 2036 2028 2030
3 2037 1992 2031
3 2037 1991 1992
3 2038 2032 2034
3 2038 2029 2032
3 2038 2035 2029
3 2039 2031 2033
3 2039 2037 2031
3 2040 2038 2034
3 2041 2039 2033
3 2041 2033 2035
3 2042 1959 1958
3 2042 2036 1959
3 2042 2040 2034
3 2042 2034 2036
3 2043 1991 2037
3 2043 1990 1991
3 2044 2035 2038
3 2044 2041 2035
3 2045 2037 2039
3 2045 2043 2037
3 2046 2038 2040
3 2046 2044 2038
3 2047 2039 2041
3 2047 2045 2039
3 2048 1957 1956
3 2048 1958 1957
3 2048 2042 1958
3 2048 2046 2040
3 2048 2040 2042
3 2049 2043 2045
3 2049 1990 2043
3 2049 1989 1990
3 2050 2047 2041
3 2050 2041 2044
3 2051 2049 2045
3 2051 2045 2047
3 2052 2044 2046
3 2052 2050 2044
3 2053 2051 2047
3 2054 2048 1956
3 2054 2046 2048
3 2054 2052 2046
3 2055 1988 1989
3 2055 1989 2049
3 2056 2047 2050
3 2056 2053 2047
3 2056 2050 2052
3 2057 2049 2051
3 2057 2055 2049
3 2058 2056 2052
3 2059 2057 2051
3 2059 2051 2053
3 2060 1956 1955
3 2060 2054 1956
3 2060 2052 2054
3 2060 2058 2052
3 2061 1988 2055
3 2061 1987 1988
3 2061 2055 2057
3 2062 2053 2056
3 2062 2059 2053
3 2063 2061 2057
3 2064 2062 2056
3 2064 2056 2058
3 2065 2063 2057
3 2065 2057 2059
3 2066 2064 2058
3 2066 1954 1953
3 2066 1955 1954
3 2066 2060 1955
3 2066 2058 2060
3 2067 1986 1987
3 2067 1987 2061
3 2068 2062 2064
3 2068 2065 2059
3 2068 2059 2062
3 2069 2067 2061
3 2069 2061 2063
3 2070 2064 2066
3 2070 2068 2064
3 2071 2069 2063
3 2071 2063 2065
3 2071 2065 2068
3 2072 2070 2066
3 2072 2066 1953
3 2073 1986 2067
3 2073 1984 1985
3 2073 1985 1986
3 2074 2071 2068
3 2075 2067 2069
3 2075 2073 2067
3 2076 2074 2068
3 2076 2068 2070
3 2077 2069 2071
3 2077 2075 2069
3 2078 1953 1952
3 2078 2072 1953
3 2078 2070 2072
3 2078 2076 2070
3 2079 1984 2073
3 2079 2073 2075
3 2079 1983 1984
3 2080 2071 2074
3 2080 2077 2071
3 2081 2079 2075
3 2082 2074 2076
3 2082 2080 2074
3 2083 2075 2077
3 2083 2081 2075
3 2084 2078 1952
3 2084 1952 1951
3 2084 2076 2078
3 2084 2082 2076
3 2085 1982 1983
3 2085 1983 2079
3 2086 2077 2080
3 2086 2083 2077
3 2087 2079 2081
3 2087 2085 2079
3 2088 2080 2082
3 2088 2086 2080
3 2089 2081 2083
3 2089 2083 2086
3 2089 2087 2081
3 2090 1951 1950
3 2090 2088 2082
3 2090 2084 1951
3 2090 2082 2084
3 2091 1982 2085
3 2092 2089 2086
3 2093 2085 2087
3 2093 2091 2085
3 2094 2086 2088
3 2094 2092 2086
3 2095 2093 2087
3 2095 2087 2089
3 2095 2089 2092
3 2096 1949 1948
3 2096 1950 1949
3 2096 2090 1950
3 2096 2094 2088
3 2096 2088 2090
3 2097 1982 2091
3 2097 1980 1981
3 2097 1981 1982
3 2098 2095 2092
3 2099 2097 2091
3 2099 2091 2093
3 2100 2094 2096
3 2100 2098 2092
3 2100 2092 2094
3 2101 2099 2093
3 2101 2093 2095
3 2102 1948 1947
3 2102 2100 2096
3 2102 2096 1948
3 2103 1979 1980
3 2103 1980 2097
3 2104 2101 2095
3 2104 2095 2098
3 2105 2103 2097
3 2105 2097 2099
3 2106 2104 2098
3 2106 2098 2100
3 2107 2101 2104
3 2107 2099 2101
3 2107 2105 2099
3 2108 2102 1947
3 2108 2100 2102
3 2108 2106 2100
3 2109 1979 2103
3 2110 2107 2104
3 2111 2103 2105
3 2111 2109 2103
3 2112 2104 2106
3 2112 2110 2104
3 2113 2111 2105
3 2113 2105 2107
3 2114 1946 1945
3 2114 1947 1946
3 2114 2108 1947
3 2114 2112 2106
3 2114 2106 2108
3 2115 1977 1978
3 2115 1978 1979
3 2115 1979 2109
3 2116 2107 2110
3 2116 2113 2107
3 2117 2109 2111
3 2117 2115 2109
3 2118 2116 2110
3 2118 2110 2112
3 2119 2111 2113
3 2119 2117 2111
3 2119 2113 2116
3 2120 2114 1945
3 2120 2112 2114
3 2120 2118 2112
3 2121 1977 2115
3 2122 2119 2116
3 2123 2115 2117
3 2123 2121 2115
3 2124 2116 2118
3 2124 2122 2116
3 2124 2118 2120
3 2125 2123 2117
3 2125 2117 2119
3 2126 1945 1944
3 2126 2120 1945
3 2126 2124 2120
3 2127 1976 1977
3 2127 1977 2121
3 2128 2119 2122
3 2128 2125 2119
3 2129 2123 2125
3 2129 2121 2123
3 2129 2127 2121
3 2130 2122 2124
3 2130 2128 2122
3 2131 2129 2125
3 2132 2130 2124
3 2132 1944 1943
3 2132 2126 1944
3 2132 2124 2126
3 2133 1975 1976
3 2133 1976 2127
3 2134 2131 2125
3 2134 2128 2130
3 2134 2125 2128
3 2135 2133 2127
3 2135 2127 2129
3 2136 2134 2130
3 2137 2129 2131
3 2137 2135 2129
3 2138 1942 1941
3 2138 1943 1942
3 2138 2132 1943
3 2138 2130 2132
3 2138 2136 2130
3 2139 1973 1974
3 2139 1974 1975
3 2139 1975 2133
3 2139 2133 2135
3 2140 2137 2131
3 2140 2131 2134
3 2141 2139 2135
3 2142 2134 2136
3 2142 2140 2134
3 2143 2135 2137
3 2143 2141 2135
3 2144 2138 1941
3 2144 2136 2138
3 2144 2142 2136
3 2145 1972 1973
3 2145 1998 1972
3 2145 1973 2139
3 2146 2137 2140
3 2146 2143 2137
3 2147 2139 2141
3 2147 1998 2145
3 2147 1999 1998
3 2147 2145 2139
3 2148 2140 2142
3 2148 2146 2140
3 2149 2141 2143
3 2149 2147 2141
3 2149 2000 1999
3 2149 1999 2147
3 2150 1941 1940
3 2150 2148 2142
3 2150 2144 1941
3 2150 2142 2144
3 2151 2143 2146
3 2151 2149 2143
3 2151 2000 2149
3 2151 2001 2000
3 2152 2146 2148
3 2152 2151 2146
3 2152 2002 2001
3 2152 2001 2151
3 2153 1939 1938
3 2153 1940 1939
3 2153 2150 1940
3 2153 2152 2148
3 2153 2148 2150
3 2153 2003 2002
3 2153 1938 2003
3 2153 2002 2152
3 2157 2158 2159
3 2155 2156 2157
3 2155 2157 2159
3 2162 2159 2160
3 2162 2160 2161
3 2164 2162 2163
3 2164 2159 2162
3 2167 2164 2165
3 2167 2165 2166
3 2167 2155 2159
3 2167 2159 2164
3 2168 2155 2167
3 2180 2181 2154
3 2179 2180 2154
3 2178 2179 2154
3 2176 2177 2178
3 2169 2154 2155
3 2169 2155 2168
3 2171 2169 2170
3 2171 2154 2169
3 2173 2174 2175
3 2173 2175 2176
3 2172 2176 2178
3 2172 2178 2154
3 2172 2173 2176
3 2172 2154 2171
3 2193 2194 2195
3 2193 2195 2196
3 2193 2196 2197
3 2204 2202 2203
3 2191 2192 2193
3 2206 2204 2205
3 2190 2191 2193
3 2187 2188 2189
3 2187 2189 2190
3 2184 2182 2183
3 2184 2197 2198
3 2184 2198 2199
3 2184 2199 2200
3 2184 2200 2201
3 2184 2201 2202
3 2184 2206 2207
3 2184 2207 2182
3 2184 2202 2204
3 2184 2204 2206
3 2185 2186 2187
3 2185 2193 2197
3 2185 2197 2184
3 2185 2190 2193
3 2185 2187 2190
