ply
format ascii 1.0
comment generated by blendit.inference.finetune_visualize
element vertex 2367
property float x
property float y
property float z
property uchar red
property uchar green
property uchar blue
element face 3637
property list uchar int vertex_indices
end_header
0 2.48975529 82.6447014 218 222 230
0 80.4401888 82.6447014 218 222 230
-2.77555756e-17 0.197258375 81.1262027 218 222 230
8.36227328e-16 0.492978415 81.642146 218 222 230
9.67094224e-16 0.910433779 82.0796864 218 222 230
9.78413019e-16 1.32910778 82.3576215 218 222 230
8.93475495e-16 1.73308572 82.5269353 218 222 230
7.86912482e-16 2.11618843 82.6165166 218 222 230
-2.77555756e-17 0.197258375 0 218 222 230
0 80.4401888 0 218 222 230
0 80.4401888 82.6447014 218 222 230
26.9118138 80.4401888 82.6447014 218 222 230
0 2.48975529 82.6447014 218 222 230
26.4113435 2.78545778 82.6447014 218 222 230
26.7057107 41.6124174 82.6447014 218 222 230
26.9808189 80.439377 82.6447014 218 222 230
26.4113435 2.78545778 82.6447014 218 222 230
27.3891669 1.91180291 82.5018446 218 222 230
28.2605525 1.14365383 82.1020253 218 222 230
28.8801089 0.616050651 81.5938149 218 222 230
29.3227153 0.264401616 81.0264267 218 222 230
29.6065203 0.070871628 80.4622484 218 222 230
29.7128632 0.017514319 80.147798 218 222 230
29.7866795 2.22044605e-16 79.8341014 218 222 230
0.197258375 -2.77555756e-17 80.1537455 218 222 230
0.0820989987 0.0371047457 80.5827306 218 222 230
0.0251835239 0.100816101 80.8561375 218 222 230
-2.77555756e-17 0.197258375 81.1262027 218 222 230
8.36227328e-16 0.492978415 81.642146 218 222 230
9.67094224e-16 0.910433779 82.0796864 218 222 230
9.78413019e-16 1.32910778 82.3576215 218 222 230
8.93475495e-16 1.73308572 82.5269353 218 222 230
7.86912482e-16 2.11618843 82.6165166 218 222 230
0 2.48975529 82.6447014 218 222 230
0.0986291644 0.11699099 80.9086782 218 222 230
0.0986291644 0.220855673 81.17965 218 222 230
13.2056717 2.01825205 82.5729432 218 222 230
8.80378116 1.61556864 82.4600733 218 222 230
29.3333942 0.146575612 80.7322274 218 222 230
29.023616 0.280131141 81.0609987 218 222 230
27.8623966 1.15355481 82.1107246 218 222 230
28.0990115 0.81988272 81.8248187 218 222 230
28.4787996 0.691276895 81.685519 218 222 230
28.5879232 0.502322155 81.4429864 218 222 230
28.9757803 0.377777665 81.2452764 218 222 230
4.53339613 0.19226907 81.0854601 218 222 230
3.05514048 0.164783855 81.0273169 218 222 230
4.48408155 0.384767412 81.4592297 218 222 230
6.75077961 0.178962313 81.0340412 218 222 230
9.49784271 0.0780433535 80.6936185 218 222 230
7.45703105 0.340151457 81.3621323 218 222 230
10.7666621 0.227050367 81.1098414 218 222 230
18.7984271 0.345047924 81.2645099 218 222 230
15.1027999 0.897717686 81.9809388 218 222 230
13.3043009 0.770161319 81.8745403 218 222 230
15.0699235 1.29850943 82.2729994 218 222 230
13.2056717 1.77642885 82.5028473 218 222 230
16.0020494 0.964830195 82.0319407 218 222 230
16.0020494 1.0714721 82.1158033 218 222 230
19.4718141 1.61218688 82.4125038 218 222 230
24.2925533 0.0836122383 80.5543957 218 222 230
25.7243432 0.182354887 80.8556176 218 222 230
29.1873013 0.119212515 80.6471614 218 222 230
27.13687 1.96126109 82.518335 218 222 230
1.01838016 0.715654935 81.8978928 218 222 230
1.01838016 0.9555541 82.1124588 218 222 230
1.52757024 0.625459016 81.7988181 218 222 230
1.52757024 0.467004012 81.5996698 218 222 230
1.52757024 0.784499573 81.963235 218 222 230
1.01838016 1.19561356 82.2790447 218 222 230
1.52757024 0.945982893 82.1030264 218 222 230
2.51307401 0.735890468 81.9116182 218 222 230
1.49469385 1.5912741 82.4737741 218 222 230
2.24204077 1.15078242 82.2468727 218 222 230
2.24204077 1.33306161 82.3534565 218 222 230
4.42928757 1.42325455 82.3917189 218 222 230
6.91496459 0.698192558 81.8473573 218 222 230
6.64393135 0.917975155 82.0552487 218 222 230
8.13040611 0.886839416 82.019768 218 222 230
8.37678205 0.862429396 81.996788 218 222 230
8.86953393 0.814327076 81.9496359 218 222 230
9.18368832 0.349786592 81.3639145 218 222 230
9.4799924 0.801709274 81.9335151 218 222 230
9.78522163 0.795425358 81.9253652 218 222 230
10.9253717 1.09418567 82.1648527 218 222 230
12.4255449 0.826462334 81.9356922 218 222 230
11.9861669 0.855100039 81.9653429 218 222 230
18.0907635 0.947458144 82.0028471 218 222 230
19.1351206 0.886856404 81.9423023 218 222 230
20.2917088 1.04933778 82.0712711 218 222 230
22.6048853 1.40358575 82.293805 218 222 230
20.7016562 0.798064439 81.8466371 218 222 230
21.8986219 0.481210359 81.4564066 218 222 230
23.4487193 0.557957828 81.5511042 218 222 230
23.7516092 0.782702785 81.8105913 218 222 230
24.3573891 1.32046124 82.2369986 218 222 230
24.3249712 0.527468333 81.5037786 218 222 230
24.7914285 0.392670087 81.2962474 218 222 230
25.0408662 0.634340089 81.6370395 218 222 230
24.4578726 1.82963176 82.4811378 218 222 230
24.5081144 2.09197087 82.5610226 218 222 230
25.7395341 1.0214382 82.0181463 218 222 230
26.7933699 0.569788068 81.5451136 218 222 230
26.4306066 0.881473564 81.8922777 218 222 230
25.3843663 2.04907434 82.5478358 218 222 230
27.2285838 0.648579475 81.6415677 218 222 230
26.90787 0.96905477 81.9686607 218 222 230
0.602309188 0.0814344661 80.7832151 218 222 230
0.862414283 0.110508985 80.8837889 218 222 230
4.45668456 0.840380292 82.0005196 218 222 230
10.8460169 0.586922098 81.691591 218 222 230
12.5959193 1.40752845 82.3471701 218 222 230
25.7319387 0.521140933 81.4856685 218 222 230
47.6335082 80.4401888 82.6447014 218 222 230
82.5026289 80.4401888 82.6447014 218 222 230
82.5026289 80.4401888 0 218 222 230
0 80.4401888 0 218 222 230
0 80.4401888 82.6447014 218 222 230
26.9118138 80.4401888 82.6447014 218 222 230
28.4096646 80.4401888 47.6602158 218 222 230
28.1187275 80.4401888 56.5681481 218 222 230
27.4431531 80.4401888 69.6064248 218 222 230
27.1014335 80.4401888 76.7801816 218 222 230
29.8449533 80.4401888 47.6602158 218 222 230
46.7017007 80.4401888 47.6602158 218 222 230
46.7017007 80.4401888 81.712894 218 222 230
47.4060941 80.4401888 82.6165244 218 222 230
47.1999576 80.4401888 82.5376964 218 222 230
47.0294092 80.4401888 82.4223512 218 222 230
46.9375505 80.4401888 82.3324972 218 222 230
46.8443292 80.4401888 82.2083349 218 222 230
46.7741221 80.4401888 82.0730615 218 222 230
46.7280145 80.4401888 81.9327722 218 222 230
46.708033 80.4401888 81.8213415 218 222 230
0.197258375 -2.77555756e-17 80.1537455 218 222 230
0.0820989987 0.0371047457 80.5827306 218 222 230
0.0251835239 0.100816101 80.8561375 218 222 230
-2.77555756e-17 0.197258375 81.1262027 218 222 230
-2.77555756e-17 0.197258375 0 218 222 230
0.0049456793 0.153364257 0 218 222 230
0.0195347202 0.111671174 0 218 222 230
0.0430355672 0.0742697899 0 218 222 230
0.0742697899 0.0430355672 0 218 222 230
0.111671174 0.0195347202 0 218 222 230
0.153364257 0.0049456793 0 218 222 230
0.197258375 -2.77555756e-17 0 218 222 230
-2.77555756e-17 0.197258375 0 218 222 230
0 80.4401888 0 218 222 230
0.0049456793 0.153364257 0 218 222 230
0.0195347202 0.111671174 0 218 222 230
0.0430355672 0.0742697899 0 218 222 230
0.0742697899 0.0430355672 0 218 222 230
0.111671174 0.0195347202 0 218 222 230
0.153364257 0.0049456793 0 218 222 230
0.197258375 -2.77555756e-17 0 218 222 230
79.8270301 0 0 218 222 230
80.4549937 0.0747353811 0 218 222 230
81.0258771 0.283613251 0 218 222 230
81.5032946 0.590181266 0 218 222 230
81.7741418 0.84050069 0 218 222 230
82.0427775 1.17583475 0 218 222 230
82.2515548 1.54400307 0 218 222 230
82.3965076 1.92953296 0 218 222 230
82.4772029 2.30761362 0 218 222 230
82.5026289 2.67559876 0 218 222 230
82.5026289 80.4401888 0 218 222 230
29.8449533 77.5865837 79.7727486 218 222 230
29.7022672 78.4542624 80.6689922 218 222 230
29.3030873 79.2256745 81.4549611 218 222 230
28.8014689 79.7586974 81.9907168 218 222 230
28.2519725 80.1188102 82.3468888 218 222 230
27.7179258 80.3277831 82.5481685 218 222 230
27.3445326 80.4081668 82.6215054 218 222 230
26.9808189 80.439377 82.6447014 218 222 230
26.9118138 80.4401888 82.6447014 218 222 230
28.4096646 80.4401888 47.6602158 218 222 230
28.1187275 80.4401888 56.5681481 218 222 230
27.4431531 80.4401888 69.6064248 218 222 230
27.1014335 80.4401888 76.7801816 218 222 230
28.7599866 80.3967795 47.6602158 218 222 230
29.0775001 80.2753525 47.6602158 218 222 230
29.3401818 80.0976908 47.6602158 218 222 230
29.4816705 79.9592884 47.6602158 218 222 230
29.6252522 79.7680517 47.6602158 218 222 230
29.7333923 79.5596961 47.6602158 218 222 230
29.8044167 79.3436038 47.6602158 218 222 230
29.8351978 79.1719588 47.6602158 218 222 230
29.8449533 79.0049001 47.6602158 218 222 230
29.8449533 78.7945641 54.6792507 218 222 230
29.8449533 78.3552585 63.7164822 218 222 230
29.8449533 77.8501926 73.3338505 218 222 230
29.1997687 80.1789032 49.9998941 218 222 230
29.3996811 80.0142372 49.9998941 218 222 230
29.5528968 79.8381386 49.9998941 218 222 230
29.6497003 79.689686 49.9998941 218 222 230
29.7164089 79.557881 49.9998941 218 222 230
29.3996309 79.9948665 51.1697332 218 222 230
29.5371814 79.8369136 51.1697332 218 222 230
29.6405391 79.6812144 51.1697332 218 222 230
29.7155888 79.5334757 51.1697332 218 222 230
29.7531717 79.4400228 51.1697332 218 222 230
29.0375259 80.238332 52.9692049 218 222 230
27.5953244 80.3712442 80.4718666 218 222 230
27.9381325 80.2822654 79.3854492 218 222 230
29.3077306 79.269009 79.0739741 218 222 230
28.6430095 79.9307996 78.7245869 218 222 230
29.0243628 79.6195983 78.2764651 218 222 230
28.882306 79.7261955 79.6347116 218 222 230
28.261856 80.150055 79.1175714 218 222 230
28.4445063 80.0383076 80.0752865 218 222 230
27.5790999 80.3639804 82.4957951 218 222 230
27.8812496 80.2775544 82.3177091 218 222 230
28.0060647 80.2308148 82.3274357 218 222 230
29.4435805 79.9314965 52.0694691 218 222 230
29.4787623 79.8913149 52.0694691 218 222 230
29.6832062 79.5572293 52.9393963 218 222 230
28.8632222 80.2949623 55.0536841 218 222 230
29.6390434 79.6165496 53.8242278 218 222 230
29.5576276 79.7306703 54.4240517 218 222 230
29.3514526 79.9466882 55.6236994 218 222 230
28.7673458 80.3204547 56.0959238 218 222 230
29.7280503 79.3880623 55.1514751 218 222 230
29.0907554 80.1347699 56.8377137 218 222 230
28.9424946 80.2145742 57.4447209 218 222 230
29.6140491 79.516572 58.3212937 218 222 230
29.695416 79.4293171 56.2080813 218 222 230
28.7016808 80.3131586 58.3552316 218 222 230
29.0602368 80.1224111 58.343919 218 222 230
29.2891735 79.8844091 60.1423151 218 222 230
28.4185139 80.3831313 59.9325832 218 222 230
28.7911334 80.1767339 63.2970183 218 222 230
28.7275537 80.274893 60.0024939 218 222 230
29.676433 79.3009917 60.726697 218 222 230
29.4911223 79.566443 62.3852719 218 222 230
29.7052412 79.1827805 61.9293987 218 222 230
29.5800631 79.3806283 63.5067503 218 222 230
29.4706731 79.5159459 64.558318 218 222 230
28.5229535 80.2446267 66.5216322 218 222 230
29.6498668 79.1214046 66.4211738 218 222 230
29.5430168 79.232443 68.8855858 218 222 230
29.1876412 79.7828768 66.6614535 218 222 230
28.3766792 80.2770473 68.1339391 218 222 230
29.7776834 78.7584416 66.301034 218 222 230
29.6929855 79.0724794 65.1889678 218 222 230
28.8310417 80.0295965 68.384488 218 222 230
28.6274449 80.1358117 69.2460053 218 222 230
27.9583201 80.3647235 71.4232885 218 222 230
28.2965298 80.2681418 70.5382812 218 222 230
28.36935 80.2219043 71.4389049 218 222 230
29.1132791 79.7085147 71.4701377 218 222 230
29.627597 78.9708609 71.229858 218 222 230
29.6662868 78.8321906 72.4019941 218 222 230
29.514395 79.1179558 73.2870014 218 222 230
29.3954566 79.3302074 72.6813802 218 222 230
27.8282938 80.3595225 75.010167 218 222 230
28.5238691 80.1099178 73.2401523 218 222 230
28.1340667 80.2500903 75.9185988 218 222 230
28.2677387 80.2068731 75.0257833 218 222 230
29.0629818 79.6582173 75.0570161 218 222 230
29.6117125 78.8634816 75.0065978 218 222 230
29.4952886 79.0415301 76.6289269 218 222 230
28.6659174 79.962728 76.1553749 218 222 230
29.7643258 78.4245036 74.9813887 218 222 230
29.6602543 78.7778983 74.1954333 218 222 230
28.4447082 80.0901276 76.7045543 218 222 230
27.8685451 80.3210037 77.7523842 218 222 230
28.0924738 80.2454689 77.5283234 218 222 230
28.6468376 79.9550015 77.2285245 218 222 230
27.9989013 80.2729378 78.2074466 218 222 230
29.6001496 78.7853159 78.2260469 218 222 230
29.7603211 78.3243856 78.2008378 218 222 230
29.5520733 78.864693 79.0410626 218 222 230
29.6463621 78.6528688 79.0246069 218 222 230
28.5037039 79.9940404 80.6673714 218 222 230
29.1147247 79.4860106 80.1263301 218 222 230
29.717028 78.4411933 79.4233614 218 222 230
28.2174648 80.1470143 81.2312917 218 222 230
28.5334572 79.9710236 80.9634139 218 222 230
29.3795447 79.1400129 80.1518519 218 222 230
29.2210182 79.3552059 80.3721393 218 222 230
29.7121936 78.4450509 79.8385716 218 222 230
28.6244667 79.9045439 81.3058482 218 222 230
29.2487657 79.3125938 80.7330799 218 222 230
29.7572183 78.9343706 64.1374001 218 222 230
29.0570976 79.9359612 65.5399751 218 222 230
29.3206847 79.6800976 65.4229727 218 222 230
29.2358226 79.7594542 65.8553 218 222 230
29.2200102 79.7671903 66.1240178 218 222 230
28.2941165 80.2842748 69.6132709 218 222 230
28.7942542 80.0146991 69.9873827 218 222 230
28.1217777 80.3397898 69.7969038 218 222 230
29.1498437 79.7450793 69.0657956 218 222 230
29.2782357 79.5546927 70.6086204 218 222 230
28.932867 79.8564536 72.0601425 218 222 230
29.0873476 79.6825832 73.2635769 218 222 230
29.3853828 79.3053311 73.8770063 218 222 230
28.8914891 79.8299718 74.4513948 218 222 230
29.7666711 78.4831351 73.310426 218 222 230
27.7721625 80.3572772 76.7423679 218 222 230
29.0427543 79.6379899 76.6667406 218 222 230
29.2027271 79.4367105 77.7272857 218 222 230
29.3470754 79.345568 74.3234141 218 222 230
28.691932 79.9157481 77.6278045 218 222 230
26.4113435 2.78545778 82.6447014 218 222 230
27.3891669 1.91180291 82.5018446 218 222 230
28.2605525 1.14365383 82.1020253 218 222 230
28.8801089 0.616050651 81.5938149 218 222 230
29.3227153 0.264401616 81.0264267 218 222 230
29.6065203 0.070871628 80.4622484 218 222 230
29.7128632 0.017514319 80.147798 218 222 230
29.7866795 2.22044605e-16 79.8341014 218 222 230
29.8449533 0 79.2034915 218 222 230
29.8449533 38.7932919 79.4782692 218 222 230
29.8449533 77.5865837 79.7727486 218 222 230
29.7022672 78.4542624 80.6689922 218 222 230
29.3030873 79.2256745 81.4549611 218 222 230
28.8014689 79.7586974 81.9907168 218 222 230
28.2519725 80.1188102 82.3468888 218 222 230
27.7179258 80.3277831 82.5481685 218 222 230
27.3445326 80.4081668 82.6215054 218 222 230
26.9808189 80.439377 82.6447014 218 222 230
26.7057107 41.6124174 82.6447014 218 222 230
28.9215238 1.01848558 81.5507663 218 222 230
29.2892306 0.586568159 81.0795252 218 222 230
29.4730273 0.308025326 80.7601184 218 222 230
28.838058 1.39272889 81.6378062 218 222 230
28.3963835 1.56575356 82.0109785 218 222 230
29.1953455 0.955901454 81.2172294 218 222 230
29.453193 0.571826913 80.7991076 218 222 230
29.6140052 0.308025326 80.4434766 218 222 230
29.684991 0.205350217 80.2408705 218 222 230
28.0257491 80.1056282 82.4470426 218 222 230
27.9111125 80.0990372 82.4891851 218 222 230
28.2377802 79.8325257 82.3536141 218 222 230
28.4332266 79.8079163 82.2484914 218 222 230
28.6214431 79.4468197 82.1271056 218 222 230
28.8729039 79.3731046 81.9293333 218 222 230
29.0050288 79.0129804 81.804777 218 222 230
29.3001155 78.826741 81.4583344 218 222 230
27.4057139 2.08767142 82.4970068 218 222 230
27.4139869 2.17560567 82.4945565 218 222 230
27.6738736 2.08909334 82.4034704 218 222 230
27.9218521 1.91464675 82.2935967 218 222 230
29.489671 0.782876782 80.7277324 218 222 230
29.6242255 0.509242789 80.4170666 218 222 230
29.6034552 0.696364446 80.4712186 218 222 230
29.6908699 0.477950727 80.2226269 218 222 230
29.7521642 0.285913456 79.9977944 218 222 230
27.2976249 15.2579234 82.5428083 218 222 230
27.7016359 11.7874163 82.4065551 218 222 230
29.8010088 17.5509584 79.8322571 218 222 230
29.7416173 6.92979161 80.0613034 218 222 230
29.4133237 13.8595832 80.9181834 218 222 230
27.0755238 24.0427547 82.6014291 218 222 230
29.7456939 26.3264375 80.1632175 218 222 230
29.6166563 29.7913333 80.590029 218 222 230
27.4214281 34.6714032 82.5477604 218 222 230
28.1740226 27.730389 82.2269688 218 222 230
27.9604342 36.5152203 82.3659264 218 222 230
27.8569549 40.907636 82.4238127 218 222 230
29.5723832 43.8867481 80.8021279 218 222 230
29.6231098 39.4980732 80.6481104 218 222 230
29.7512224 45.7286948 80.3014288 218 222 230
27.5596991 54.0792717 82.5532913 218 222 230
27.9149983 50.605959 82.430262 218 222 230
29.8055961 56.3479911 80.1258456 218 222 230
29.457192 52.6640977 81.0936563 218 222 230
27.3693205 62.8659735 82.6060197 218 222 230
29.7561743 65.1253407 80.4252278 218 222 230
29.6403659 68.5930422 80.8034151 218 222 230
27.6617808 73.4927515 82.5573745 218 222 230
28.3495902 66.546126 82.2708607 218 222 230
27.8088976 79.9430984 82.5220862 218 222 230
27.9531455 79.9062408 82.474237 218 222 230
28.0340292 79.7261787 82.4434876 218 222 230
28.235427 79.633059 82.3545771 218 222 230
27.4016829 3.65788447 82.4995352 218 222 230
28.5152772 3.02928137 81.9250075 218 222 230
28.7293336 2.85483478 81.7443175 218 222 230
28.995006 2.68086216 81.4723786 218 222 230
27.3957449 4.39902387 82.5020008 218 222 230
28.8829766 3.49937539 81.5959369 218 222 230
28.7835973 3.58659869 81.6949855 218 222 230
29.0690683 3.3249288 81.386217 218 222 230
27.2570306 5.55398914 82.5411845 218 222 230
28.102186 8.3225205 82.2090096 218 222 230
27.6352041 5.70685608 82.4225434 218 222 230
28.6481385 4.39526244 81.8192052 218 222 230
28.3605217 6.01258996 82.043568 218 222 230
29.0543697 5.548347 81.4094146 218 222 230
29.3560613 6.00882853 80.9857191 218 222 230
29.5454573 5.08410403 80.6201086 218 222 230
29.2441704 6.47119078 81.1611356 218 222 230
28.917198 7.08830069 81.568725 218 222 230
29.15381 7.62615605 81.2900606 218 222 230
28.9200844 9.24348357 81.5720725 218 222 230
29.2469574 9.70396511 81.1680179 218 222 230
29.3054191 11.0891711 81.0854477 218 222 230
28.9615001 13.1688609 81.5411492 218 222 230
28.4629315 13.8652151 81.9914802 218 222 230
28.3751929 12.4781386 82.0495092 218 222 230
28.5060931 14.5587533 81.9616095 218 222 230
28.298194 15.4064157 82.1094906 218 222 230
27.8608514 17.1017405 82.3511952 218 222 230
28.7463546 15.4806619 81.7652139 218 222 230
29.254021 16.1707607 81.1854605 218 222 230
27.9664753 20.6446234 82.3116749 218 222 230
29.0720917 18.4806912 81.4371053 218 222 230
28.8699364 20.7893748 81.6696845 218 222 230
29.488695 19.1701666 80.8045244 218 222 230
28.0189197 22.4160648 82.2911813 218 222 230
29.5121608 20.940361 80.7675441 218 222 230
29.556541 24.48075 80.6950344 218 222 230
28.6505505 23.1042932 81.8802837 218 222 230
28.9873085 26.1055695 81.5733873 218 222 230
28.417342 25.4179646 82.0665779 218 222 230
29.3232156 26.1791922 81.1368797 218 222 230
29.1816945 27.0284133 81.3447143 218 222 230
29.2127392 27.7203928 81.3071246 218 222 230
29.272576 29.1043519 81.23128 218 222 230
28.7803315 28.4173705 81.7924142 218 222 230
28.3549818 30.502048 82.1291404 218 222 230
28.4426555 31.8878776 82.0768288 218 222 230
28.5702807 33.9666218 81.9943583 218 222 230
28.8284358 32.3458652 81.7682144 218 222 230
29.4337228 33.2618404 80.9997795 218 222 230
28.8348443 34.5029185 81.7737402 218 222 230
29.2832028 35.5755118 81.2575218 218 222 230
28.4559028 35.1234575 82.0821934 218 222 230
28.2947208 35.5873785 82.1878574 218 222 230
28.6928747 36.0453661 81.9073712 218 222 230
29.6376152 35.8768814 80.5823627 218 222 230
29.0787416 37.1962685 81.5338381 218 222 230
29.7484034 36.0275661 80.2309548 218 222 230
28.9663534 38.0066468 81.6628212 218 222 230
29.7124957 37.1844018 80.3712966 218 222 230
28.951462 38.7387161 81.6825045 218 222 230
28.9215085 40.2028546 81.7212567 218 222 230
29.6853045 37.9556256 80.4642442 218 222 230
27.6942475 42.4488367 82.4872311 218 222 230
28.8913332 41.6657462 81.7591746 218 222 230
27.6130886 43.219437 82.5146641 218 222 230
28.8761668 42.397192 81.777818 218 222 230
27.4919206 44.3753375 82.5505801 218 222 230
28.2679148 47.1382575 82.2504418 218 222 230
28.7543069 43.2069469 81.8924343 218 222 230
27.8363251 44.5257105 82.4427632 218 222 230
28.4963645 44.8264566 82.0985787 218 222 230
29.1260896 44.3566023 81.521477 218 222 230
29.4007857 44.8139665 81.1374846 218 222 230
29.2995867 45.2775757 81.2979799 218 222 230
29.0036897 45.897803 81.6690348 218 222 230
29.2188083 46.4334761 81.4174574 218 222 230
29.0092121 48.0529858 81.6754395 218 222 230
29.3049481 48.51035 81.3112193 218 222 230
29.3586749 49.8949325 81.2393569 218 222 230
28.522592 51.2920052 82.1091997 218 222 230
28.603431 52.6784582 82.0578882 218 222 230
28.6430336 53.3716847 82.0314771 218 222 230
28.4574809 54.2209058 82.1646072 218 222 230
28.0675425 55.919348 82.3817708 218 222 230
28.859543 54.2917228 81.8558273 218 222 230
29.3151993 54.9771456 81.3365336 218 222 230
28.1651123 59.4616074 82.3468903 218 222 230
29.1531716 57.2889466 81.5637925 218 222 230
28.9730591 59.5995006 81.7728072 218 222 230
29.5261758 57.9737458 80.9981234 218 222 230
28.2125898 61.232737 82.3286759 218 222 230
29.5473656 59.7436286 80.9661211 218 222 230
29.5871117 63.283394 80.9016928 218 222 230
28.7772618 61.9162893 81.9613789 218 222 230
28.56847 64.2318312 82.1277785 218 222 230
29.0779398 64.91476 81.6865981 218 222 230
29.3783349 64.9849536 81.2961745 218 222 230
29.2515726 65.8357334 81.4816753 218 222 230
29.2791591 66.5274012 81.4476493 218 222 230
29.3322812 67.9107368 81.3787154 218 222 230
28.5089827 69.3165381 82.1824279 218 222 230
28.5859463 70.7017442 82.1348556 218 222 230
28.6977627 72.7795532 82.0594001 218 222 230
28.9318584 71.1566144 81.8573901 218 222 230
29.4751706 72.0663549 81.1655707 218 222 230
28.9720869 73.2929745 81.8249369 218 222 230
29.4205631 74.3198169 81.2663849 218 222 230
28.6548652 73.9062842 82.0937774 218 222 230
28.4894465 74.3817988 82.2063195 218 222 230
28.1426152 75.3328278 82.3928763 218 222 230
28.863025 74.8263224 81.9295504 218 222 230
29.6746927 74.6575852 80.7378801 218 222 230
29.414447 75.7464095 81.2805035 218 222 230
29.7578023 74.8264693 80.4659274 218 222 230
29.7447238 75.9532003 80.519873 218 222 230
29.4113413 76.4597058 81.2874191 218 222 230
29.1769846 77.5379437 81.6139971 218 222 230
28.7804231 77.0797844 82.0037569 218 222 230
29.1110427 76.8935451 81.6888324 218 222 230
29.5263983 77.124558 81.0862237 218 222 230
29.6421381 1.34043108 80.3701531 218 222 230
28.1293832 3.62224158 82.1851608 218 222 230
29.6601554 1.6624644 80.3195195 218 222 230
29.6250465 2.80301094 80.4201826 218 222 230
29.1669767 4.73968324 81.2641833 218 222 230
28.3488418 10.5154499 82.0620392 218 222 230
28.6839289 10.244955 81.8030394 218 222 230
28.55835 10.7456907 81.9091715 218 222 230
28.837613 10.8601842 81.6619295 218 222 230
28.6002893 11.4382937 81.8774661 218 222 230
28.5266116 11.7849087 81.9371046 218 222 230
28.6708769 16.2510544 81.8348889 218 222 230
28.6325051 16.6362506 81.8687346 218 222 230
28.8245597 16.8662836 81.6971691 218 222 230
28.5742037 17.214045 81.9182348 218 222 230
29.16575 17.3263494 81.313463 218 222 230
28.5150598 17.7912159 81.9661843 218 222 230
28.7513307 17.6362604 81.7691975 218 222 230
29.4869955 17.0160228 80.795746 218 222 230
29.6091442 16.8608595 80.5224195 218 222 230
29.58137 17.4386539 80.5937167 218 222 230
29.4411093 17.7859997 80.8878978 218 222 230
29.5520298 18.0158248 80.6645391 218 222 230
27.890758 23.573524 82.3556193 218 222 230
28.1130721 23.8029334 82.2465865 218 222 230
27.8263955 24.1522535 82.3852855 218 222 230
28.5354485 24.2617523 81.9765868 218 222 230
27.761922 24.7303596 82.4132535 218 222 230
28.9824728 23.9489318 81.567347 218 222 230
29.1760365 23.7925216 81.3336245 218 222 230
29.130721 24.3712512 81.3953524 218 222 230
28.9149098 24.7201556 81.6431416 218 222 230
29.0841331 24.9493573 81.45592 218 222 230
29.0523883 25.3347613 81.4956307 218 222 230
29.1666398 29.7992444 81.3809184 218 222 230
29.110632 30.1466907 81.4534331 218 222 230
28.9068117 30.7270863 81.6831072 218 222 230
29.1431851 30.8396054 81.4171549 218 222 230
29.0437374 31.341692 81.5394703 218 222 230
29.3918935 38.3471709 81.1073102 218 222 230
28.7973461 49.0564316 81.885259 218 222 230
28.6848385 49.5581545 81.9814829 218 222 230
28.9367805 49.6704138 81.7586784 218 222 230
28.7236767 50.2504458 81.9535245 218 222 230
28.6578251 50.5976322 82.0075311 218 222 230
28.7584319 55.4482468 81.9493278 218 222 230
28.9306882 55.676721 81.7957195 218 222 230
29.2365798 56.1336695 81.4522895 218 222 230
28.7066529 56.0265088 81.9939539 218 222 230
29.6088714 56.2408303 80.8077103 218 222 230
29.4833269 56.5902024 81.0715529 218 222 230
29.5826871 56.8184688 80.8717819 218 222 230
28.0980944 62.3911314 82.3862903 218 222 230
28.2967993 62.6189822 82.2888207 218 222 230
28.6743131 63.0746837 82.047436 218 222 230
28.0404942 62.9703286 82.4128005 218 222 230
29.2064444 63.1790389 81.5278093 218 222 230
29.013476 63.5299696 81.7492871 218 222 230
29.1647347 63.7576126 81.58186 218 222 230
29.2370889 68.6067724 81.5121739 218 222 230
29.1867175 68.9547901 81.5768644 218 222 230
29.0036038 69.5371081 81.7823191 218 222 230
29.2155236 69.6473932 81.5436908 218 222 230
29.1259924 70.1504669 81.6529363 218 222 230
28.8603041 75.3018532 81.9329921 218 222 230
28.8589344 75.5396187 81.9347027 218 222 230
28.9464093 75.9909275 81.8561257 218 222 230
27.9802106 77.6173297 82.462322 218 222 230
27.8982268 78.7595807 82.4925957 218 222 230
27.8684947 79.1540866 82.5028031 218 222 230
29.7695285 77.3555709 80.4259464 218 222 230
29.3300841 1.52759665 81.0168799 218 222 230
28.6269527 77.5776367 82.1206177 218 222 230
82.5026289 0 56.1555476 218 222 230
82.5026289 0 82.6447014 218 222 230
81.7695681 -5.55111512e-17 54.7012585 218 222 230
82.0809598 0 54.9945724 218 222 230
82.237968 0 55.2134535 218 222 230
82.3589178 0 55.4489236 218 222 230
82.4537886 0 55.7380232 218 222 230
82.4908653 0 55.9495763 218 222 230
69.5610116 -5.55111512e-17 54.7012585 218 222 230
69.1956117 0 54.6568909 218 222 230
68.8514474 0 54.5263666 218 222 230
68.5485204 0 54.3172712 218 222 230
68.3044358 0 54.0417566 218 222 230
68.1333787 0 53.7158347 218 222 230
68.0452906 0 53.3584468 218 222 230
68.0452906 0 52.9903631 218 222 230
68.1333787 0 52.6329752 218 222 230
68.3044358 0 52.3070532 218 222 230
68.5485204 0 52.0315386 218 222 230
68.8514474 0 51.8224432 218 222 230
69.1956117 0 51.691919 218 222 230
69.5610116 0 51.6475514 218 222 230
73.4726396 -4.80766013e-18 51.5780366 218 222 230
80.1670783 -8.32667268e-17 51.3075872 218 222 230
79.8270301 0 0 218 222 230
0.197258375 -2.77555756e-17 0 218 222 230
0.197258375 -2.77555756e-17 80.1537455 218 222 230
29.7866795 2.22044605e-16 79.8341014 218 222 230
29.8449533 0 79.2034915 218 222 230
29.8449533 0 47.6602158 218 222 230
29.8449533 1.85037171e-17 47.3283326 218 222 230
46.7017007 1.85037171e-17 46.9107771 218 222 230
46.7017007 0 47.6602158 218 222 230
46.7017007 0 80.7991903 218 222 230
48.5472119 0 82.6447014 218 222 230
48.1503777 0 82.6015315 218 222 230
47.7477881 0 82.4625703 218 222 230
47.3742913 0 82.2240302 218 222 230
47.1894536 0 82.0491518 218 222 230
46.9856597 0 81.7827888 218 222 230
46.8359292 0 81.4901484 218 222 230
46.74287 0 81.1868266 218 222 230
46.7116395 0 80.9904639 218 222 230
47.6335082 80.4401888 82.6447014 218 222 230
82.5026289 80.4401888 82.6447014 218 222 230
48.5472119 0 82.6447014 218 222 230
48.4043308 17.0019536 82.6447014 218 222 230
48.09036 40.2200944 82.6447014 218 222 230
47.7761963 63.4552202 82.6447014 218 222 230
82.5026289 0 82.6447014 218 222 230
48.5472119 0 82.6447014 218 222 230
48.1503777 0 82.6015315 218 222 230
47.7477881 0 82.4625703 218 222 230
47.3742913 0 82.2240302 218 222 230
47.1894536 0 82.0491518 218 222 230
46.9856597 0 81.7827888 218 222 230
46.8359292 0 81.4901484 218 222 230
46.74287 0 81.1868266 218 222 230
46.7116395 0 80.9904639 218 222 230
46.7017007 0 80.7991903 218 222 230
46.7017007 17.0019536 80.9420713 218 222 230
46.7017007 40.2200944 81.2560421 218 222 230
46.7017007 63.4552202 81.5702058 218 222 230
46.7017007 80.4401888 81.712894 218 222 230
47.6335082 80.4401888 82.6447014 218 222 230
47.4060941 80.4401888 82.6165244 218 222 230
47.1999576 80.4401888 82.5376964 218 222 230
47.0294092 80.4401888 82.4223512 218 222 230
46.9375505 80.4401888 82.3324972 218 222 230
46.8443292 80.4401888 82.2083349 218 222 230
46.7741221 80.4401888 82.0730615 218 222 230
46.7280145 80.4401888 81.9327722 218 222 230
46.708033 80.4401888 81.8213415 218 222 230
48.4043308 17.0019536 82.6447014 218 222 230
48.09036 40.2200944 82.6447014 218 222 230
47.7761963 63.4552202 82.6447014 218 222 230
47.9088617 8.50097681 82.5477659 218 222 230
47.6555368 5.66731787 82.4292002 218 222 230
47.3013912 71.9477045 82.5647253 218 222 230
47.0615888 2.83365894 81.904626 218 222 230
47.166953 2.83365894 82.0339788 218 222 230
46.9745664 1.88910596 81.7721569 218 222 230
46.9997676 2.83365894 81.8158686 218 222 230
46.9436237 2.83365894 81.7241812 218 222 230
46.8872982 1.88910596 81.6135185 218 222 230
46.8304838 1.88910596 81.4846394 218 222 230
47.0213916 5.66731787 81.8615187 218 222 230
46.8244588 5.66731787 81.489506 218 222 230
46.7536768 9.44552979 81.2920375 218 222 230
47.827443 12.2791887 82.528652 218 222 230
47.7865669 14.1682947 82.5187268 218 222 230
46.8192474 14.1682947 81.538547 218 222 230
47.200781 11.3346357 82.1112988 218 222 230
47.5756102 15.1128477 82.4207185 218 222 230
46.9180887 15.1128477 81.7572456 218 222 230
47.2003895 17.0019536 82.1460126 218 222 230
47.7776017 17.0019536 82.5251569 218 222 230
46.8212452 17.0019536 81.5688004 218 222 230
47.6902173 19.581747 82.4984712 218 222 230
47.5229505 24.7413339 82.439389 218 222 230
46.995536 19.581747 81.9191082 218 222 230
46.9133263 20.8716438 81.798199 218 222 230
46.8163127 22.8064888 81.6131938 218 222 230
46.9870434 23.4514372 81.9400795 218 222 230
46.8407364 26.0312306 81.7048202 218 222 230
46.8934067 32.4807142 81.8778774 218 222 230
47.1571676 28.611024 82.1892345 218 222 230
47.3448098 33.7706109 82.3842688 218 222 230
47.6325208 34.4155592 82.541277 218 222 230
47.4400644 36.3504043 82.4601105 218 222 230
46.7932722 46.0288759 81.8205578 218 222 230
46.8511427 55.7101783 82.0469333 218 222 230
46.871878 44.0926154 81.9639921 218 222 230
47.0596573 51.8376573 82.2867448 218 222 230
46.9292136 46.674296 82.0828839 218 222 230
47.3539295 47.9651363 82.4816442 218 222 230
47.2019662 57.0010186 82.4421146 218 222 230
47.4250926 57.6464387 82.5643246 218 222 230
47.274203 59.5826992 82.5015758 218 222 230
47.1809847 60.8735395 82.4506112 218 222 230
47.3521215 66.2860483 82.5678294 218 222 230
46.9852645 69.1168764 82.3333916 218 222 230
46.8895461 73.8349232 82.2457485 218 222 230
46.9250959 76.1939467 82.3024501 218 222 230
46.8858635 76.1939467 82.2523322 218 222 230
46.8502244 76.1939467 82.1999913 218 222 230
46.8163836 77.6093607 82.1490684 218 222 230
46.7804169 77.6093607 82.0753303 218 222 230
47.8309832 0.629701986 82.5011122 218 222 230
47.5715289 0.629701986 82.3671052 218 222 230
47.6754079 0.944552979 82.4277322 218 222 230
47.4868952 0.944552979 82.3120088 218 222 230
47.8172555 1.41682947 82.4967201 218 222 230
47.4916522 1.57425497 82.3169697 218 222 230
47.7629376 2.83365894 82.4754605 218 222 230
47.1438219 6.61187085 82.0242164 218 222 230
47.2113834 7.08414734 82.0999673 218 222 230
47.7985971 8.50097681 82.5057821 218 222 230
47.006055 7.87127483 81.8509718 218 222 230
47.3564341 8.8158278 82.2411844 218 222 230
47.1255284 8.9732533 82.0152137 218 222 230
47.1661297 8.9732533 82.0614104 218 222 230
47.1776877 9.76038078 82.0782325 218 222 230
47.2104515 12.5940397 82.1284227 218 222 230
47.215212 13.2237417 82.136919 218 222 230
47.3911327 13.5385927 82.291644 218 222 230
47.2010625 14.1682947 82.1284555 218 222 230
47.2877491 14.6405712 82.2132384 218 222 230
47.094559 14.4831457 82.0121964 218 222 230
47.2446443 20.2266954 82.2100458 218 222 230
47.1191577 25.3862822 82.1232412 218 222 230
46.8862916 36.3504043 81.9063377 218 222 230
47.3205096 37.640301 82.3941094 218 222 230
47.0023806 38.0702666 82.0984757 218 222 230
46.8826951 38.2852493 81.9207238 218 222 230
46.8517627 38.9301977 81.869588 218 222 230
46.832872 39.3601633 81.8354248 218 222 230
46.7992008 40.2200944 81.7672003 218 222 230
47.496467 41.0806546 82.515882 218 222 230
47.5792019 40.2200944 82.5472013 218 222 230
47.4560631 41.5109347 82.4986569 218 222 230
47.3968066 42.1563549 82.470925 218 222 230
47.38241 44.0926154 82.4745241 218 222 230
47.2237793 42.3714949 82.3573138 218 222 230
46.9390612 42.8017751 82.0585662 218 222 230
46.8448263 59.5826992 82.0721991 218 222 230
46.934521 61.3038196 82.2217519 218 222 230
46.8418299 61.5189597 82.0841846 218 222 230
46.8178468 62.1643799 82.0447734 218 222 230
46.8032112 62.59466 82.0184208 218 222 230
46.7771429 63.4552202 81.965722 218 222 230
47.0164132 63.4552202 82.3299889 218 222 230
46.8359639 64.3988295 82.0981534 218 222 230
46.871516 64.8706342 82.1610856 218 222 230
47.0081806 64.8706342 82.3309861 218 222 230
46.906929 66.2860483 82.2226334 218 222 230
47.2608807 78.3170677 82.5629803 218 222 230
47.0855034 78.0811654 82.4602109 218 222 230
47.1759018 79.0247748 82.5215212 218 222 230
47.2514038 79.4965795 82.56105 218 222 230
46.9391368 0.314850993 81.7058805 218 222 230
47.001804 0.47227649 81.8096174 218 222 230
46.9365903 0.944552979 81.703752 218 222 230
47.20265 35.3829817 82.2860336 218 222 230
47.4478261 38.643554 82.477964 218 222 230
47.5127899 39.1451805 82.5132363 218 222 230
47.2479512 39.0735196 82.351511 218 222 230
47.3886578 39.5751461 82.4503383 218 222 230
47.4513142 39.7901288 82.4864558 218 222 230
47.1084296 40.2200944 82.2379725 218 222 230
47.1577092 39.5751461 82.279642 218 222 230
47.0293821 39.5034851 82.1453322 218 222 230
47.1409901 39.7901288 82.2659264 218 222 230
47.0770645 40.6503745 82.2093683 218 222 230
47.1935972 40.9372279 82.3219236 218 222 230
47.0618397 40.8655146 82.1948392 218 222 230
46.8585212 40.6503745 81.9018389 218 222 230
46.8934442 40.8655146 81.9670033 218 222 230
46.9879033 41.367508 82.11147 218 222 230
46.8302261 41.2957947 81.8517491 218 222 230
46.8629991 41.7977881 81.9229148 218 222 230
47.3294252 62.3795199 82.5429569 218 222 230
47.1244695 62.3078066 82.4177877 218 222 230
47.2332924 62.8098 82.4942964 218 222 230
47.2817537 63.0249401 82.5222505 218 222 230
47.3806802 63.4552202 82.5692593 218 222 230
47.3733499 64.1629272 82.5689061 218 222 230
46.8056792 79.0247748 82.1350553 218 222 230
46.8512573 79.7324818 82.2166894 218 222 230
46.8196022 79.7324818 82.1639304 218 222 230
46.7660254 79.9683841 82.0511917 218 222 230
82.5026289 2.67559876 0 218 222 230
82.5026289 80.4401888 0 218 222 230
82.5026289 80.4401888 82.6447014 218 222 230
82.5026289 0 82.6447014 218 222 230
82.5026289 0 56.1555476 218 222 230
82.5026289 9.0138573 56.2774665 218 222 230
82.5026289 21.6542935 56.5787146 218 222 230
82.5026289 34.0426648 56.8615594 218 222 230
82.5026289 43.3085869 56.960806 218 222 230
82.5026289 44.6265948 53.1582889 218 222 230
82.5026289 44.6399104 53.2609542 218 222 230
82.5026289 44.6769708 53.3705981 218 222 230
82.5026289 45.0536782 54.3107107 218 222 230
82.5026289 45.1201561 54.8691128 218 222 230
82.5026289 45.0573557 55.4202236 218 222 230
82.5026289 44.8780037 55.9128868 218 222 230
82.5026289 44.612597 56.315925 218 222 230
82.5026289 44.2957261 56.6169105 218 222 230
82.5026289 43.9185181 56.8347112 218 222 230
82.5026289 43.6191978 56.928371 218 222 230
82.5026289 44.6265948 52.9527892 218 222 230
82.5026289 44.6066589 52.7933908 218 222 230
82.5026289 44.5522162 52.642186 218 222 230
82.5026289 44.4708331 52.5034605 218 222 230
82.5026289 44.3687235 52.3790874 218 222 230
82.5026289 44.2079972 52.2371552 218 222 230
82.5026289 44.0013527 52.1128788 218 222 230
82.5026289 43.774255 52.0317092 218 222 230
82.5026289 43.6555397 52.0099156 218 222 230
82.5026289 43.535116 52.0023448 218 222 230
82.5026289 2.33409013 52.0023448 218 222 230
82.5026289 60.1591417 33.9778906 218 222 230
82.5026289 58.2025824 33.8199408 218 222 230
82.5026289 56.296697 33.3501822 218 222 230
82.5026289 54.4908468 32.5807814 218 222 230
82.5026289 52.8318025 31.5316653 218 222 230
82.5026289 51.3625325 30.2300056 218 222 230
82.5026289 50.12109 28.7095146 218 222 230
82.5026289 49.1396277 27.0095721 218 222 230
82.5026289 48.4435651 25.1742059 218 222 230
82.5026289 48.0509298 23.2509508 218 222 230
82.5026289 47.9718908 21.2896183 218 222 230
82.5026289 48.2084952 19.3410058 218 222 230
82.5026289 48.7546151 17.4555813 218 222 230
82.5026289 49.5961062 15.6821763 218 222 230
82.5026289 50.7111744 14.0667211 218 222 230
82.5026289 52.07094 12.6510552 218 222 230
82.5026289 53.6401857 11.4718435 218 222 230
82.5026289 55.378269 10.559627 218 222 230
82.5026289 57.2401744 9.93803169 218 222 230
82.5026289 59.1776795 9.62315646 218 222 230
82.5026289 61.140604 9.62315646 218 222 230
82.5026289 63.0781091 9.93803169 218 222 230
82.5026289 64.9400145 10.559627 218 222 230
82.5026289 66.6780978 11.4718435 218 222 230
82.5026289 68.2473435 12.6510552 218 222 230
82.5026289 69.6071091 14.0667211 218 222 230
82.5026289 70.7221773 15.6821763 218 222 230
82.5026289 71.5636684 17.4555813 218 222 230
82.5026289 72.1097883 19.3410058 218 222 230
82.5026289 72.3463927 21.2896183 218 222 230
82.5026289 72.2673537 23.2509508 218 222 230
82.5026289 71.8747184 25.1742059 218 222 230
82.5026289 71.1786558 27.0095721 218 222 230
82.5026289 70.1971935 28.7095146 218 222 230
82.5026289 68.955751 30.2300056 218 222 230
82.5026289 67.486481 31.5316653 218 222 230
82.5026289 65.8274367 32.5807814 218 222 230
82.5026289 64.0215865 33.3501822 218 222 230
82.5026289 62.1157011 33.8199408 218 222 230
46.7017007 0 47.6602158 218 222 230
46.7017007 0 80.7991903 218 222 230
46.7017007 1.85037171e-17 46.9107771 218 222 230
46.7017007 0.0226646145 47.0936918 218 222 230
46.7017007 0.0860665911 47.259483 218 222 230
46.7017007 0.178834697 47.3966469 218 222 230
46.7017007 0.251102259 47.4705263 218 222 230
46.7017007 0.350959925 47.5454999 218 222 230
46.7017007 0.459755338 47.6019658 218 222 230
46.7017007 0.572588166 47.6390505 218 222 230
46.7017007 0.662211768 47.6551223 218 222 230
46.7017007 0.749438674 47.6602158 218 222 230
46.7017007 80.4401888 47.6602158 218 222 230
46.7017007 80.4401888 81.712894 218 222 230
46.7017007 17.0019536 80.9420713 218 222 230
46.7017007 40.2200944 81.2560421 218 222 230
46.7017007 63.4552202 81.5702058 218 222 230
46.7017007 0.749438674 47.6602158 218 222 230
46.7017007 80.4401888 47.6602158 218 222 230
29.8449533 0.331883149 47.6602158 218 222 230
29.8449533 79.0049001 47.6602158 218 222 230
28.4096646 80.4401888 47.6602158 218 222 230
28.7599866 80.3967795 47.6602158 218 222 230
29.0775001 80.2753525 47.6602158 218 222 230
29.3401818 80.0976908 47.6602158 218 222 230
29.4816705 79.9592884 47.6602158 218 222 230
29.6252522 79.7680517 47.6602158 218 222 230
29.7333923 79.5596961 47.6602158 218 222 230
29.8044167 79.3436038 47.6602158 218 222 230
29.8351978 79.1719588 47.6602158 218 222 230
29.8449533 80.4401888 47.6602158 218 222 230
79.8270301 0 0 255 79 163
80.1670783 -8.32667268e-17 51.3075872 255 79 163
80.4549937 0.0747353811 0 255 79 163
81.0258771 0.283613251 0 255 79 163
81.5032946 0.590181266 0 255 79 163
81.7741418 0.84050069 0 255 79 163
82.0427775 1.17583475 0 255 79 163
82.2515548 1.54400307 0 255 79 163
82.3965076 1.92953296 0 255 79 163
82.4772029 2.30761362 0 255 79 163
82.5026289 2.67559876 0 255 79 163
82.5026289 2.33409013 52.0023448 255 79 163
81.887012 0.754588176 52.0023448 255 79 163
82.2064348 1.19612857 52.0023448 255 79 163
82.410096 1.68339987 52.0023448 255 79 163
82.4804553 2.01312557 52.0023448 255 79 163
80.7755769 0.0805031772 51.61506 255 79 163
81.269861 0.276289478 51.8417499 255 79 163
81.6440859 0.525606384 51.9687715 255 79 163
81.7710746 0.637085964 51.9936509 255 79 163
80.5584643 0.0628058454 25.6537936 255 79 163
80.8007244 0.131136749 25.6537936 255 79 163
81.1294539 0.297095504 17.1025291 255 79 163
80.9551081 0.188932814 25.6537936 255 79 163
81.13269 0.270428325 25.6537936 255 79 163
81.3054892 0.366831538 25.6537936 255 79 163
81.3468883 0.425769645 17.1025291 255 79 163
81.4716792 0.47771983 25.6537936 255 79 163
81.5680458 0.589380063 17.1025291 255 79 163
81.6256241 0.59906921 25.6537936 255 79 163
81.7714853 0.776696792 17.1025291 255 79 163
81.7700601 0.732568796 25.6537936 255 79 163
81.9514233 0.981926238 17.1025291 255 79 163
81.1361926 0.210292027 51.641664 255 79 163
81.3114005 0.299228745 51.654966 255 79 163
81.5403159 0.445994224 51.654966 255 79 163
81.5946736 0.486552363 51.8087024 255 79 163
81.6839771 0.559242917 51.654966 255 79 163
81.798493 0.663660348 51.770759 255 79 163
81.8187845 0.683844422 51.654966 255 79 163
81.8038755 0.668753115 51.9220474 255 79 163
82.0026598 0.890792741 51.770759 255 79 163
82.1427595 1.0892553 51.770759 255 79 163
82.3469243 1.69146281 17.1797244 255 79 163
82.406444 1.93001115 8.55126454 255 79 163
82.1059055 1.20075354 17.1025291 255 79 163
82.1924892 1.24055852 34.436644 255 79 163
81.2797902 0.340548637 28.5814104 255 79 163
81.4017044 0.416938926 28.5814104 255 79 163
81.5019598 0.487542377 28.5814104 255 79 163
81.5018562 0.48132395 30.0452188 255 79 163
81.6059098 0.562504185 30.0452188 255 79 163
81.6704792 0.617617794 30.0452188 255 79 163
81.7435553 0.684872945 30.0452188 255 79 163
81.8138983 0.755057126 30.0452188 255 79 163
81.0627953 0.203046926 37.132675 255 79 163
82.4310227 1.79015294 43.2194944 255 79 163
80.8623372 0.105782014 51.4812766 255 79 163
80.9448599 0.133199271 51.4812766 255 79 163
81.0270268 0.1639558 51.4812766 255 79 163
82.417439 1.70944676 51.8865519 255 79 163
81.6890909 0.744703754 4.27563227 255 79 163
81.4829519 0.568735068 2.85042151 255 79 163
81.7800894 0.840652878 2.85042151 255 79 163
81.4198086 0.517524181 4.27563227 255 79 163
81.9040741 0.978278031 4.27563227 255 79 163
81.9805354 1.08089868 2.85042151 255 79 163
82.071635 1.20770733 4.27563227 255 79 163
82.1610342 1.31656473 12.8268968 255 79 163
81.7551039 0.773230072 14.2521076 255 79 163
81.8765137 0.905170984 14.2521076 255 79 163
81.9331451 0.980375513 12.8268968 255 79 163
81.9922397 1.05017574 14.2521076 255 79 163
82.0113633 1.08350869 12.8268968 255 79 163
82.0895054 1.19837255 12.8268968 255 79 163
81.641243 0.575361701 33.8715126 255 79 163
81.7070337 0.624835898 35.7846595 255 79 163
82.035039 0.97633974 38.2629378 255 79 163
81.9454708 0.853906596 40.1760847 255 79 163
81.7483039 0.642177298 41.0747617 255 79 163
81.2916332 0.302748924 42.8721156 255 79 163
81.86071 0.744473932 43.9637808 255 79 163
82.0230514 0.93997186 43.045805 255 79 163
81.4809547 0.413735852 45.7997324 255 79 163
82.087784 1.02441285 44.5096134 255 79 163
80.9848132 0.152594212 46.6598118 255 79 163
80.7267616 0.0710347012 47.0898514 255 79 163
80.8282019 0.0975587785 48.5536598 255 79 163
82.3246859 1.45259583 47.0071906 255 79 163
82.2528935 1.28995567 48.9010386 255 79 163
82.0974309 1.02351509 49.8190144 255 79 163
82.0736351 0.991324334 48.8431422 255 79 163
82.3178752 1.42805958 49.8962097 255 79 163
80.4688653 0.0771118017 1.42521076 255 79 163
82.4201247 2.01364984 0.950140504 255 79 163
82.3785189 1.86620453 1.42521076 255 79 163
82.3111536 1.67786335 1.42521076 255 79 163
80.760969 0.163921107 3.80056202 255 79 163
81.1128202 0.325043441 2.85042151 255 79 163
80.5818653 0.104537989 4.27563227 255 79 163
82.297236 1.64091276 2.37535126 255 79 163
82.4002136 1.93610076 2.13781613 255 79 163
80.7667154 0.158288929 8.55126454 255 79 163
82.0286284 1.13344401 7.12605378 255 79 163
82.0066891 1.09663653 8.55126454 255 79 163
82.0081441 1.09248138 9.9764753 255 79 163
81.597059 0.523850914 37.6978064 255 79 163
82.1800636 1.17941221 42.147128 255 79 163
81.6906575 0.574167789 46.4889116 255 79 163
81.4634044 0.399477893 46.9189513 255 79 163
81.9822389 0.876582588 46.4034615 255 79 163
81.7885616 0.663079353 46.8335012 255 79 163
81.6823946 0.565751948 47.048521 255 79 163
81.2647143 0.277777387 48.1622178 255 79 163
81.4723287 0.403536731 47.9664968 255 79 163
81.8249133 0.697152266 47.6467281 255 79 163
81.5174349 0.433578126 48.698401 255 79 163
81.5347231 0.445187606 49.1863371 255 79 163
81.7338095 0.606934283 49.0719388 255 79 163
81.3714175 0.335989626 49.951317 255 79 163
81.6217314 0.509144537 50.6501455 255 79 163
81.5514763 0.628229806 0.950140504 255 79 163
81.9817002 1.0878431 0.712605378 255 79 163
81.5752629 0.647599859 1.42521076 255 79 163
81.5447887 0.620799743 1.90028101 255 79 163
81.9735219 1.07337934 2.13781613 255 79 163
81.3969005 0.498572753 5.22577277 255 79 163
81.385462 0.489212119 5.70084303 255 79 163
81.1856516 0.358290224 6.65098353 255 79 163
81.4654089 0.542142207 7.83865916 255 79 163
81.4180087 0.506061422 8.07619429 255 79 163
81.3212938 0.437495408 8.55126454 255 79 163
81.4524943 0.527918294 9.26386992 255 79 163
81.4034277 0.487351331 10.6890807 255 79 163
81.6261152 0.6661153 10.4515455 255 79 163
81.7938181 0.680868505 42.5096218 255 79 163
80.7697025 0.0794674036 50.6294521 255 79 163
29.8449533 0 79.2034915 218 222 230
29.8449533 0 47.6602158 218 222 230
29.8449533 38.7932919 79.4782692 218 222 230
29.8449533 77.5865837 79.7727486 218 222 230
29.8449533 79.0049001 47.6602158 218 222 230
29.8449533 78.7945641 54.6792507 218 222 230
29.8449533 78.3552585 63.7164822 218 222 230
29.8449533 77.8501926 73.3338505 218 222 230
29.8449533 0.331883149 47.6602158 218 222 230
29.8449533 1.85037171e-17 47.3283326 218 222 230
29.8449533 0.0100357158 47.4093305 218 222 230
29.8449533 0.0381119077 47.4827505 218 222 230
29.8449533 0.0791947083 47.5434953 218 222 230
29.8449533 0.133138247 47.5941274 218 222 230
29.8449533 0.195894291 47.6310758 218 222 230
29.8449533 0.262437354 47.6528688 218 222 230
29.8449533 0.297616097 47.658442 218 222 230
80.6912014 0.354793459 54.346465 255 79 163
81.0536594 0.198177898 54.3829034 255 79 163
81.4221499 0.0627354536 54.4998124 255 79 163
81.60033 0.0178363745 54.5901805 255 79 163
81.7695681 -5.55111512e-17 54.7012585 255 79 163
80.5666699 9.26582429 54.346465 255 79 163
80.2658217 21.8316902 54.346465 255 79 163
79.9865764 34.0970896 54.346465 255 79 163
79.8882879 43.3085869 54.346465 255 79 163
82.5026289 43.3085869 56.960806 255 79 163
82.4277937 43.3085869 56.3397673 255 79 163
82.2184907 43.3085869 55.7755071 255 79 163
81.9114874 43.3085869 55.3050758 255 79 163
81.5063048 43.3085869 54.9073212 255 79 163
81.0312797 43.3085869 54.609562 255 79 163
80.5226274 43.3085869 54.4245899 255 79 163
80.201132 43.3085869 54.3652507 255 79 163
82.5026289 0 56.1555476 255 79 163
82.5026289 9.0138573 56.2774665 255 79 163
82.5026289 21.6542935 56.5787146 255 79 163
82.5026289 34.0426648 56.8615594 255 79 163
82.0809598 0 54.9945724 255 79 163
82.237968 0 55.2134535 255 79 163
82.3589178 0 55.4489236 255 79 163
82.4537886 0 55.7380232 255 79 163
82.4908653 0 55.9495763 255 79 163
81.6082668 0.0990889489 54.5950269 255 79 163
82.3997272 4.50692865 55.5923019 255 79 163
82.3542696 3.0046191 55.4594605 255 79 163
82.093683 3.0706784 55.0278076 255 79 163
82.0988423 4.6060176 55.0469997 255 79 163
81.680286 3.18894286 54.6526573 255 79 163
81.9585585 4.68432534 54.8905355 255 79 163
81.5416499 6.21149164 54.5867099 255 79 163
82.3637692 38.6756259 56.0933515 255 79 163
82.3211498 40.2199462 55.9899481 255 79 163
80.7340149 38.7028383 54.4780872 255 79 163
80.8303659 40.2380878 54.5168257 255 79 163
80.9848053 38.7028383 54.5761676 255 79 163
81.1865746 1.77186812 54.4183881 255 79 163
82.0703798 5.35921014 55.0190813 255 79 163
82.3134925 6.57742586 55.4098538 255 79 163
82.3669634 9.07684903 55.5674543 255 79 163
82.1663511 8.1217299 55.1768654 255 79 163
81.9363281 9.13984076 54.9127659 255 79 163
81.370404 8.20571888 54.513954 255 79 163
82.3311739 10.488341 55.5055004 255 79 163
82.2441367 13.311325 55.380434 255 79 163
81.2800734 9.2028325 54.4823046 255 79 163
81.6511042 10.57233 54.6912974 255 79 163
81.2376575 12.3629415 54.4870175 255 79 163
81.6310058 12.6790694 54.6994365 255 79 163
81.491941 11.2885746 54.5991371 255 79 163
81.2955437 14.103273 54.525028 255 79 163
81.4153414 17.583936 54.618287 255 79 163
81.8948816 15.4600589 54.9542124 255 79 163
82.3182782 16.8085591 55.5926755 255 79 163
82.3514853 18.5571762 55.7067573 255 79 163
82.1258694 18.2327628 55.2768302 255 79 163
81.2025073 20.386206 54.5387907 255 79 163
82.304258 23.080056 55.6874521 255 79 163
82.3458188 21.6986426 55.7577555 255 79 163
81.8481506 21.7429918 55.0009434 255 79 163
82.4335128 23.7485882 56.0743663 255 79 163
81.0898985 21.787341 54.5034351 255 79 163
80.7339482 25.9110859 54.4172123 255 79 163
81.0402128 24.8844338 54.5089557 255 79 163
81.4951091 25.2039168 54.7544689 255 79 163
81.1100043 26.5864497 54.5524746 255 79 163
81.2586159 29.9904815 54.6574683 255 79 163
81.803132 27.9371775 55.045962 255 79 163
82.2911361 29.2742417 55.7761564 255 79 163
82.2039719 25.8428828 55.5410929 255 79 163
82.330187 30.9899212 55.8984415 255 79 163
82.0723539 30.6567746 55.4089809 255 79 163
80.6297414 32.0437856 54.4213805 255 79 163
81.0304461 32.7191495 54.5642436 255 79 163
82.1924008 35.0873297 55.6646957 255 79 163
82.326023 34.056271 55.935918 255 79 163
81.7658344 34.0698772 55.0832596 255 79 163
82.3387923 35.596056 55.9897907 255 79 163
80.9128732 34.0834834 54.5231046 255 79 163
81.2322503 35.1054713 54.683645 255 79 163
82.3472137 36.6225793 56.0250246 255 79 163
80.8673664 36.6497917 54.518276 255 79 163
81.8109637 37.1494471 55.1585063 255 79 163
80.9342745 35.6232684 54.5401206 255 79 163
81.8268284 38.1759704 55.183545 255 79 163
81.8349057 38.6892321 55.196017 255 79 163
81.9024481 39.4568569 55.2787841 255 79 163
82.0684795 39.71122 55.5030092 255 79 163
81.6299322 39.2055173 54.9964961 255 79 163
81.1616663 40.2380878 54.6705981 255 79 163
81.8596886 40.229017 55.233131 255 79 163
81.8766434 41.2555403 55.2575218 255 79 163
81.8892434 0.590622708 54.8001556 255 79 163
81.7826616 0.885934061 54.7141961 255 79 163
82.0153279 1.59216241 54.9278342 255 79 163
81.9557273 2.61572187 54.8726128 255 79 163
81.6779064 2.42127326 54.6471168 255 79 163
81.8806986 2.38824361 54.8014665 255 79 163
81.9907687 6.39445875 54.9392971 255 79 163
82.259323 7.61267447 55.3196887 255 79 163
82.4226031 8.5677936 55.7199686 255 79 163
81.8796211 7.90919667 54.8452165 255 79 163
81.988388 10.8884578 54.9888213 255 79 163
81.1100314 9.91907711 54.4276033 255 79 163
81.8395773 13.707299 54.8772737 255 79 163
81.9495476 17.1962475 55.0373382 255 79 163
81.9121507 19.4126945 55.0312801 255 79 163
82.2241704 19.6191147 55.4602989 255 79 163
81.718922 19.3094844 54.8480375 255 79 163
82.4104148 20.9906836 55.9291594 255 79 163
82.1164368 20.3270738 55.300123 255 79 163
81.9072788 20.1107981 55.0369303 255 79 163
81.7884017 20.0026603 54.9182426 255 79 163
81.7092096 20.3566399 54.8542535 255 79 163
81.9785245 23.1096222 55.1653782 255 79 163
81.517661 23.1391883 54.7453364 255 79 163
82.1402545 23.5553102 55.393727 255 79 163
81.9077064 23.4586713 55.0896035 255 79 163
81.7859778 23.3521769 54.9643938 255 79 163
81.3335634 23.8372865 54.6387315 255 79 163
82.0396915 23.7929373 55.2538224 255 79 163
80.892505 22.4854392 54.4402773 255 79 163
82.0978157 24.4762525 55.3461057 255 79 163
81.8784418 24.2632638 55.0703744 255 79 163
82.134752 24.9317959 55.4096294 255 79 163
81.6586894 25.8777498 54.8865864 255 79 163
81.7370786 26.2146663 54.9593294 255 79 163
81.847093 29.0673003 55.1067316 255 79 163
81.8689538 29.6323616 55.1380107 255 79 163
81.9404688 29.9738326 55.2248402 255 79 163
81.3758247 30.8970139 54.7363627 255 79 163
81.7253988 31.5723778 55.0166277 255 79 163
82.1862187 32.0165732 55.6121058 255 79 163
81.4338232 31.3502801 54.7792872 255 79 163
82.4271363 33.029619 56.2337793 255 79 163
82.3407181 32.920082 55.9569499 255 79 163
82.0650856 32.7010079 55.4269291 255 79 163
82.3984336 33.3718364 56.134796 255 79 163
81.5197263 32.0301794 54.847946 255 79 163
81.8275683 32.4789102 55.1293756 255 79 163
81.6924518 32.3678613 54.9950555 255 79 163
81.3630934 32.2598361 54.740768 255 79 163
81.6039583 32.7100787 54.9216142 255 79 163
81.7804525 35.0964005 55.1082978 255 79 163
81.9400977 35.4355514 55.2913374 255 79 163
81.6578287 35.3552991 54.9933635 255 79 163
81.5223716 35.2720231 54.8796404 255 79 163
81.7879233 35.6096622 55.1208453 255 79 163
82.0177469 35.9473012 55.3980949 255 79 163
80.6066397 34.6012805 54.4260121 255 79 163
81.7955 36.1229238 55.1334013 255 79 163
81.800609 36.4650983 55.1417727 255 79 163
82.342819 41.5946912 56.0548534 255 79 163
81.3931909 40.7468141 54.8168657 255 79 163
82.3532192 42.2820636 56.0866656 255 79 163
82.3810453 42.6242381 56.1709684 255 79 163
81.0100926 41.6007384 54.5967477 255 79 163
81.0996803 42.2820636 54.6426355 255 79 163
81.2527901 42.2820636 54.7292144 255 79 163
81.1798665 42.6242381 54.6868801 255 79 163
80.9101783 42.6242381 54.5537206 255 79 163
82.4341072 0.530720802 55.6654617 255 79 163
82.3431886 0.796081204 55.4173316 255 79 163
82.3866371 0.796081204 55.5227614 255 79 163
82.3764095 1.5322605 55.501195 255 79 163
81.9090332 41.9398892 55.2986876 255 79 163
81.9250313 42.2820636 55.3194234 255 79 163
81.9204823 42.6242381 55.3147225 255 79 163
80.6912014 0.354793459 54.346465 255 79 163
81.0536594 0.198177898 54.3829034 255 79 163
81.4221499 0.0627354536 54.4998124 255 79 163
81.60033 0.0178363745 54.5901805 255 79 163
81.7695681 -5.55111512e-17 54.7012585 255 79 163
69.5610116 -5.55111512e-17 54.7012585 255 79 163
69.5610116 0.00889541275 54.6223095 255 79 163
69.5610116 0.0351355979 54.5473194 255 79 163
69.5610116 0.0774047629 54.4800484 255 79 163
69.5610116 0.133583355 54.4238698 255 79 163
69.5610116 0.200854346 54.3816006 255 79 163
69.5610116 0.275844487 54.3553604 255 79 163
69.5610116 0.354793459 54.346465 255 79 163
69.5610116 -5.55111512e-17 54.7012585 255 79 163
69.5610116 0.00889541275 54.6223095 255 79 163
69.5610116 0.0351355979 54.5473194 255 79 163
69.5610116 0.0774047629 54.4800484 255 79 163
69.5610116 0.133583355 54.4238698 255 79 163
69.5610116 0.200854346 54.3816006 255 79 163
69.5610116 0.275844487 54.3553604 255 79 163
69.5610116 0.354793459 54.346465 255 79 163
69.1956117 0 54.6568909 255 79 163
68.8514474 0 54.5263666 255 79 163
68.5485204 0 54.3172712 255 79 163
68.3044358 0 54.0417566 255 79 163
68.1333787 0 53.7158347 255 79 163
68.0452906 0 53.3584468 255 79 163
68.0452906 0 52.9903631 255 79 163
68.1333787 0 52.6329752 255 79 163
68.3044358 0 52.3070532 255 79 163
68.5485204 0 52.0315386 255 79 163
68.8514474 0 51.8224432 255 79 163
69.1956117 0 51.691919 255 79 163
69.5610116 0 51.6475514 255 79 163
69.5610116 0.00889541275 51.7265003 255 79 163
69.5610116 0.0351355979 51.8014905 255 79 163
69.5610116 0.0774047629 51.8687615 255 79 163
69.5610116 0.133583355 51.9249401 255 79 163
69.5610116 0.200854346 51.9672092 255 79 163
69.5610116 0.275844487 51.9934494 255 79 163
69.5610116 0.354793459 52.0023448 255 79 163
69.2805193 0.354793459 54.3124071 255 79 163
69.0163281 0.354793459 54.2122126 255 79 163
68.783792 0.354793459 54.0517045 255 79 163
68.5964251 0.354793459 53.840211 255 79 163
68.4651164 0.354793459 53.5900232 255 79 163
68.3974972 0.354793459 53.3156812 255 79 163
68.3974972 0.354793459 53.0331287 255 79 163
68.4651164 0.354793459 52.7587867 255 79 163
68.5964251 0.354793459 52.5085989 255 79 163
68.783792 0.354793459 52.2971053 255 79 163
69.0163281 0.354793459 52.1365973 255 79 163
69.2805193 0.354793459 52.0364028 255 79 163
69.2145054 0.00889541275 54.580236 255 79 163
69.2324517 0.0351355979 54.507425 255 79 163
69.2485507 0.0774047629 54.4421088 255 79 163
69.2619951 0.133583355 54.3875626 255 79 163
69.2721108 0.200854346 54.3465217 255 79 163
68.8881368 0.00889541275 54.4564608 255 79 163
69.2783905 0.275844487 54.321044 255 79 163
68.9229865 0.0351355979 54.3900603 255 79 163
68.9542489 0.0774047629 54.3304948 255 79 163
68.9803564 0.133583355 54.2807511 255 79 163
68.9999998 0.200854346 54.2433236 255 79 163
68.6008733 0.00889541275 54.2581771 255 79 163
69.0121942 0.275844487 54.2200891 255 79 163
68.650601 0.0351355979 54.2020462 255 79 163
68.6952099 0.0774047629 54.1516931 255 79 163
68.7324632 0.133583355 54.1096428 255 79 163
68.7604928 0.200854346 54.0780039 255 79 163
68.3694095 0.00889541275 53.9969085 255 79 163
68.7778933 0.275844487 54.0583628 255 79 163
68.4311252 0.0351355979 53.9543092 255 79 163
68.4864881 0.0774047629 53.916095 255 79 163
68.5327222 0.133583355 53.8841819 255 79 163
68.567509 0.200854346 53.8601702 255 79 163
68.2071973 0.00889541275 53.687839 255 79 163
68.5891043 0.275844487 53.8452641 255 79 163
68.2773143 0.0351355979 53.6612471 255 79 163
68.3402138 0.0774047629 53.6373925 255 79 163
68.3927417 0.133583355 53.6174713 255 79 163
68.432264 0.200854346 53.6024824 255 79 163
68.1236639 0.00889541275 53.3489305 255 79 163
68.456799 0.275844487 53.5931775 255 79 163
68.1981073 0.0351355979 53.3398915 255 79 163
68.2648878 0.0774047629 53.3317829 255 79 163
68.3206568 0.133583355 53.3250113 255 79 163
68.3626177 0.200854346 53.3199163 255 79 163
68.1236639 0.00889541275 52.9998793 255 79 163
68.3886666 0.275844487 53.3167534 255 79 163
68.1981073 0.0351355979 53.0089184 255 79 163
68.2648878 0.0774047629 53.017027 255 79 163
68.3206568 0.133583355 53.0237986 255 79 163
68.3626177 0.200854346 53.0288936 255 79 163
68.2071973 0.00889541275 52.6609709 255 79 163
68.3886666 0.275844487 53.0320565 255 79 163
68.2773143 0.0351355979 52.6875628 255 79 163
68.3402138 0.0774047629 52.7114174 255 79 163
68.3927417 0.133583355 52.7313386 255 79 163
68.432264 0.200854346 52.7463274 255 79 163
68.3694095 0.00889541275 52.3519014 255 79 163
68.456799 0.275844487 52.7556323 255 79 163
68.4311252 0.0351355979 52.3945006 255 79 163
68.4864881 0.0774047629 52.4327149 255 79 163
68.5327222 0.133583355 52.464628 255 79 163
68.567509 0.200854346 52.4886396 255 79 163
68.6008733 0.00889541275 52.0906328 255 79 163
68.5891043 0.275844487 52.5035457 255 79 163
68.650601 0.0351355979 52.1467637 255 79 163
68.6952099 0.0774047629 52.1971168 255 79 163
68.7324632 0.133583355 52.239167 255 79 163
68.7604928 0.200854346 52.270806 255 79 163
68.8881368 0.00889541275 51.8923491 255 79 163
68.7778933 0.275844487 52.290447 255 79 163
68.9229865 0.0351355979 51.9587496 255 79 163
68.9542489 0.0774047629 52.0183151 255 79 163
68.9803564 0.133583355 52.0680587 255 79 163
68.9999998 0.200854346 52.1054862 255 79 163
69.2145054 0.00889541275 51.7685738 255 79 163
69.0121942 0.275844487 52.1287208 255 79 163
69.2324517 0.0351355979 51.8413849 255 79 163
69.2485507 0.0774047629 51.9067011 255 79 163
69.2619951 0.133583355 51.9612472 255 79 163
69.2721108 0.200854346 52.0022881 255 79 163
69.2783905 0.275844487 52.0277658 255 79 163
69.5610116 0 51.6475514 255 79 163
69.5610116 0.00889541275 51.7265003 255 79 163
69.5610116 0.0351355979 51.8014905 255 79 163
69.5610116 0.0774047629 51.8687615 255 79 163
69.5610116 0.133583355 51.9249401 255 79 163
69.5610116 0.200854346 51.9672092 255 79 163
69.5610116 0.275844487 51.9934494 255 79 163
69.5610116 0.354793459 52.0023448 255 79 163
75.7240118 0.507927164 52.0023448 255 79 163
81.887012 0.754588176 52.0023448 255 79 163
80.1670783 -8.32667268e-17 51.3075872 255 79 163
80.7755769 0.0805031772 51.61506 255 79 163
81.269861 0.276289478 51.8417499 255 79 163
81.6440859 0.525606384 51.9687715 255 79 163
81.7710746 0.637085964 51.9936509 255 79 163
73.4726396 -4.80766013e-18 51.5780366 255 79 163
70.8648876 0.160090536 51.9400921 255 79 163
71.5168256 0.0536408809 51.8214296 255 79 163
71.5168256 0.0783891507 51.8575365 255 79 163
71.5168256 0.109504555 51.8928403 255 79 163
72.919221 0.208188815 51.9502976 255 79 163
74.5983257 0.13578099 51.8665638 255 79 163
76.4545766 0.0687872771 51.7271957 255 79 163
77.945545 0.176538215 51.8258066 255 79 163
78.2497943 0.305886915 51.9186583 255 79 163
78.888889 0.14395501 51.7647973 255 79 163
81.3312944 0.365988327 51.9022154 255 79 163
73.1959303 0.0530951827 51.7899641 255 79 163
76.0892942 0.267272396 51.9355267 255 79 163
29.8449533 1.85037171e-17 47.3283326 218 222 230
29.8449533 0.0100357158 47.4093305 218 222 230
29.8449533 0.0381119077 47.4827505 218 222 230
29.8449533 0.0791947083 47.5434953 218 222 230
29.8449533 0.133138247 47.5941274 218 222 230
29.8449533 0.195894291 47.6310758 218 222 230
29.8449533 0.262437354 47.6528688 218 222 230
29.8449533 0.297616097 47.658442 218 222 230
29.8449533 0.331883149 47.6602158 218 222 230
46.7017007 0.749438674 47.6602158 218 222 230
46.7017007 1.85037171e-17 46.9107771 218 222 230
46.7017007 0.0226646145 47.0936918 218 222 230
46.7017007 0.0860665911 47.259483 218 222 230
46.7017007 0.178834697 47.3966469 218 222 230
46.7017007 0.251102259 47.4705263 218 222 230
46.7017007 0.350959925 47.5454999 218 222 230
46.7017007 0.459755338 47.6019658 218 222 230
46.7017007 0.572588166 47.6390505 218 222 230
46.7017007 0.662211768 47.6551223 218 222 230
69.5610116 0.354793459 52.0023448 218 222 230
69.5610116 43.535116 52.0023448 218 222 230
82.5026289 43.535116 52.0023448 218 222 230
82.5026289 2.33409013 52.0023448 218 222 230
81.887012 0.754588176 52.0023448 218 222 230
82.2064348 1.19612857 52.0023448 218 222 230
82.410096 1.68339987 52.0023448 218 222 230
82.4804553 2.01312557 52.0023448 218 222 230
75.7240118 0.507927164 52.0023448 218 222 230
82.5026289 43.535116 52.0023448 255 79 163
82.5026289 43.535116 52.0023448 255 79 163
82.5026289 44.6265948 52.9527892 255 79 163
82.5026289 44.6066589 52.7933908 255 79 163
82.5026289 44.5522162 52.642186 255 79 163
82.5026289 44.4708331 52.5034605 255 79 163
82.5026289 44.3687235 52.3790874 255 79 163
82.5026289 44.2079972 52.2371552 255 79 163
82.5026289 44.0013527 52.1128788 255 79 163
82.5026289 43.774255 52.0317092 255 79 163
82.5026289 43.6555397 52.0099156 255 79 163
82.4987322 44.5936711 52.9527892 255 79 163
82.487257 44.5625665 52.9527892 255 79 163
82.4688378 44.5350002 52.9527892 255 79 163
82.4444926 44.5124957 52.9527892 255 79 163
82.415566 44.496296 52.9527892 255 79 163
82.3891088 44.4882702 52.9527892 255 79 163
82.3615946 44.4855605 52.9527892 255 79 163
82.3827497 44.4592996 52.7309124 255 79 163
82.4039048 44.3819683 52.5212965 255 79 163
82.42506 44.2578396 52.335525 255 79 163
82.4462151 44.0937733 52.1838636 255 79 163
82.4673703 43.8988354 52.0746931 255 79 163
82.4849996 43.7205385 52.0206074 255 79 163
82.4665138 44.500136 52.7363119 255 79 163
82.4878929 43.7464181 52.0261985 255 79 163
82.4965094 43.7491813 52.0267481 255 79 163
82.4798089 44.5449867 52.8742073 255 79 163
82.471959 44.5341038 52.874492 255 79 163
82.4129393 44.467156 52.7397433 255 79 163
82.4763889 44.5201446 52.7660375 255 79 163
82.467797 44.4856664 52.6868208 255 79 163
82.4707183 44.4436435 52.5808239 255 79 163
82.4727568 44.4079109 52.5123492 255 79 163
82.474838 44.3668059 52.4469961 255 79 163
82.4779827 44.2970189 52.3567171 255 79 163
82.4808653 44.2259592 52.2826523 255 79 163
82.4841036 44.1390072 52.2091772 255 79 163
82.4874197 44.0429407 52.1446387 255 79 163
82.4903284 43.9533823 52.0971847 255 79 163
82.4987303 43.9759625 52.1047554 255 79 163
82.5007879 43.9658788 52.0990093 255 79 163
82.5021047 43.9833994 52.1059278 255 79 163
82.5022196 43.8724152 52.0609642 255 79 163
82.4939907 43.8344038 52.050236 255 79 163
82.5005541 43.760882 52.0290913 255 79 163
82.5016141 43.7554015 52.0276878 255 79 163
82.5023298 43.7647334 52.0296911 255 79 163
82.5010418 43.7031877 52.0172271 255 79 163
82.4983221 43.6865127 52.0145517 255 79 163
82.4956413 44.2940315 52.3298313 255 79 163
82.4964399 44.2167676 52.2589598 255 79 163
82.4968969 44.1713072 52.2229303 255 79 163
82.497368 44.1232542 52.1887128 255 79 163
82.4983162 44.0221477 52.1279732 255 79 163
82.5014923 43.9883154 52.1088769 255 79 163
82.5001897 43.8045868 52.0403879 255 79 163
82.5025556 43.7401389 52.0241183 255 79 163
82.5023934 43.7061047 52.0176071 255 79 163
82.5022016 43.679668 52.0133188 255 79 163
82.5013211 43.671005 52.0121041 255 79 163
82.5014366 44.0117879 52.1203746 255 79 163
82.5019425 43.7895649 52.0359741 255 79 163
82.5026087 43.7571879 52.0277823 255 79 163
82.502613 43.698078 52.0161469 255 79 163
82.502573 43.6809844 52.0134536 255 79 163
82.5026154 43.6683031 52.0116062 255 79 163
82.5025173 43.6676971 52.0115561 255 79 163
82.5026289 44.6265948 53.1582889 255 79 163
82.4983643 44.592175 53.1582889 255 79 163
82.4864333 44.560975 53.1582889 255 79 163
82.468975 44.5351611 53.1582889 255 79 163
82.4460513 44.5136447 53.1582889 255 79 163
82.4193828 44.4979433 53.1582889 255 79 163
82.3911052 44.4886825 53.1582889 255 79 163
82.3761561 44.4863142 53.1582889 255 79 163
82.3615946 44.4855605 53.1582889 255 79 163
82.3615946 44.4855605 52.9527892 255 79 163
82.5026289 44.6265948 52.9527892 255 79 163
82.4987322 44.5936711 52.9527892 255 79 163
82.487257 44.5625665 52.9527892 255 79 163
82.4688378 44.5350002 52.9527892 255 79 163
82.4444926 44.5124957 52.9527892 255 79 163
82.415566 44.496296 52.9527892 255 79 163
82.3891088 44.4882702 52.9527892 255 79 163
82.5026289 44.6265948 53.1582889 255 79 163
82.4983643 44.592175 53.1582889 255 79 163
82.4864333 44.560975 53.1582889 255 79 163
82.468975 44.5351611 53.1582889 255 79 163
82.4460513 44.5136447 53.1582889 255 79 163
82.4193828 44.4979433 53.1582889 255 79 163
82.3911052 44.4886825 53.1582889 255 79 163
82.3761561 44.4863142 53.1582889 255 79 163
82.3615946 44.4855605 53.1582889 255 79 163
82.3552667 44.4843131 53.2127425 255 79 163
82.3368119 44.4805746 53.267083 255 79 163
82.3069858 44.4743546 53.3211989 255 79 163
82.2508353 44.4622274 53.3928115 255 79 163
82.1351434 44.4359259 53.4985387 255 79 163
81.9027716 44.3786992 53.6516189 255 79 163
81.3556771 44.2219252 53.9065549 255 79 163
80.7321495 43.9947521 54.1231996 255 79 163
80.1712088 43.6971303 54.2799243 255 79 163
79.9970103 43.5465148 54.3220255 255 79 163
79.9283958 43.4527054 54.3375762 255 79 163
79.8980273 43.380785 54.3442449 255 79 163
79.8904742 43.3447034 54.3459104 255 79 163
79.8882879 43.3085869 54.346465 255 79 163
82.5026289 43.3085869 56.960806 255 79 163
82.4277937 43.3085869 56.3397673 255 79 163
82.2184907 43.3085869 55.7755071 255 79 163
81.9114874 43.3085869 55.3050758 255 79 163
81.5063048 43.3085869 54.9073212 255 79 163
81.0312797 43.3085869 54.609562 255 79 163
80.5226274 43.3085869 54.4245899 255 79 163
80.201132 43.3085869 54.3652507 255 79 163
82.5026289 44.6399104 53.2609542 255 79 163
82.5026289 44.6769708 53.3705981 255 79 163
82.5026289 45.0536782 54.3107107 255 79 163
82.5026289 45.1201561 54.8691128 255 79 163
82.5026289 45.0573557 55.4202236 255 79 163
82.5026289 44.8780037 55.9128868 255 79 163
82.5026289 44.612597 56.315925 255 79 163
82.5026289 44.2957261 56.6169105 255 79 163
82.5026289 43.9185181 56.8347112 255 79 163
82.5026289 43.6191978 56.928371 255 79 163
82.4301608 44.5342031 53.4020791 255 79 163
82.2316587 44.5140053 53.9637235 255 79 163
81.7669522 43.6834222 55.0427152 255 79 163
82.4538735 44.8300716 55.012841 255 79 163
82.3917839 44.7139458 54.8216524 255 79 163
81.9647314 44.2638878 54.5879982 255 79 163
82.4470624 44.7347735 55.2959371 255 79 163
82.3791471 44.6469074 55.0187481 255 79 163
82.4413125 44.6086959 55.5408375 255 79 163
82.3682259 44.5651849 55.1920181 255 79 163
82.3589254 44.4740695 55.3415416 255 79 163
82.430095 44.1617375 56.0311928 255 79 163
82.2173049 44.197198 55.3057342 255 79 163
82.3347259 44.0894687 55.7374397 255 79 163
82.3294728 43.9530586 55.8243059 255 79 163
82.4366697 43.7478787 56.2980479 255 79 163
82.4357915 43.5711528 56.3452124 255 79 163
82.293568 43.7372343 55.8465011 255 79 163
81.3627956 44.0518284 54.2363361 255 79 163
81.1726037 43.9014399 54.3511079 255 79 163
81.3441136 43.8457517 54.53117 255 79 163
80.9916532 43.9200682 54.2424049 255 79 163
80.966268 43.6638342 54.4677839 255 79 163
80.9172749 43.5780191 54.4942238 255 79 163
80.6445236 43.6130365 54.3820553 255 79 163
80.9400462 43.4927026 54.537871 255 79 163
82.4819093 44.9488989 54.6157988 255 79 163
81.8433994 43.996649 54.867804 255 79 163
82.5026289 60.1591417 33.9778906 218 222 230
8.31438518 60.1591417 33.9778906 218 222 230
8.31438518 58.2025824 33.8199408 218 222 230
8.31438518 56.296697 33.3501822 218 222 230
8.31438518 54.4908468 32.5807814 218 222 230
8.31438518 52.8318025 31.5316653 218 222 230
8.31438518 51.3625325 30.2300056 218 222 230
8.31438518 50.12109 28.7095146 218 222 230
8.31438518 49.1396277 27.0095721 218 222 230
8.31438518 48.4435651 25.1742059 218 222 230
8.31438518 48.0509298 23.2509508 218 222 230
8.31438518 47.9718908 21.2896183 218 222 230
8.31438518 48.2084952 19.3410058 218 222 230
8.31438518 48.7546151 17.4555813 218 222 230
8.31438518 49.5961062 15.6821763 218 222 230
8.31438518 50.7111744 14.0667211 218 222 230
8.31438518 52.07094 12.6510552 218 222 230
8.31438518 53.6401857 11.4718435 218 222 230
8.31438518 55.378269 10.559627 218 222 230
8.31438518 57.2401744 9.93803169 218 222 230
8.31438518 59.1776795 9.62315646 218 222 230
8.31438518 61.140604 9.62315646 218 222 230
8.31438518 63.0781091 9.93803169 218 222 230
8.31438518 64.9400145 10.559627 218 222 230
8.31438518 66.6780978 11.4718435 218 222 230
8.31438518 68.2473435 12.6510552 218 222 230
8.31438518 69.6071091 14.0667211 218 222 230
8.31438518 70.7221773 15.6821763 218 222 230
8.31438518 71.5636684 17.4555813 218 222 230
8.31438518 72.1097883 19.3410058 218 222 230
8.31438518 72.3463927 21.2896183 218 222 230
8.31438518 72.2673537 23.2509508 218 222 230
8.31438518 71.8747184 25.1742059 218 222 230
8.31438518 71.1786558 27.0095721 218 222 230
8.31438518 70.1971935 28.7095146 218 222 230
8.31438518 68.955751 30.2300056 218 222 230
8.31438518 67.486481 31.5316653 218 222 230
8.31438518 65.8274367 32.5807814 218 222 230
8.31438518 64.0215865 33.3501822 218 222 230
8.31438518 62.1157011 33.8199408 218 222 230
8.31438518 60.1591417 33.9778906 218 222 230
82.5026289 60.1591417 33.9778906 218 222 230
82.5026289 58.2025824 33.8199408 218 222 230
82.5026289 56.296697 33.3501822 218 222 230
82.5026289 54.4908468 32.5807814 218 222 230
82.5026289 52.8318025 31.5316653 218 222 230
82.5026289 51.3625325 30.2300056 218 222 230
82.5026289 50.12109 28.7095146 218 222 230
82.5026289 49.1396277 27.0095721 218 222 230
82.5026289 48.4435651 25.1742059 218 222 230
82.5026289 48.0509298 23.2509508 218 222 230
82.5026289 47.9718908 21.2896183 218 222 230
82.5026289 48.2084952 19.3410058 218 222 230
82.5026289 48.7546151 17.4555813 218 222 230
82.5026289 49.5961062 15.6821763 218 222 230
82.5026289 50.7111744 14.0667211 218 222 230
82.5026289 52.07094 12.6510552 218 222 230
82.5026289 53.6401857 11.4718435 218 222 230
82.5026289 55.378269 10.559627 218 222 230
82.5026289 57.2401744 9.93803169 218 222 230
82.5026289 59.1776795 9.62315646 218 222 230
82.5026289 61.140604 9.62315646 218 222 230
82.5026289 63.0781091 9.93803169 218 222 230
82.5026289 64.9400145 10.559627 218 222 230
82.5026289 66.6780978 11.4718435 218 222 230
82.5026289 68.2473435 12.6510552 218 222 230
82.5026289 69.6071091 14.0667211 218 222 230
82.5026289 70.7221773 15.6821763 218 222 230
82.5026289 71.5636684 17.4555813 218 222 230
82.5026289 72.1097883 19.3410058 218 222 230
82.5026289 72.3463927 21.2896183 218 222 230
82.5026289 72.2673537 23.2509508 218 222 230
82.5026289 71.8747184 25.1742059 218 222 230
82.5026289 71.1786558 27.0095721 218 222 230
82.5026289 70.1971935 28.7095146 218 222 230
82.5026289 68.955751 30.2300056 218 222 230
82.5026289 67.486481 31.5316653 218 222 230
82.5026289 65.8274367 32.5807814 218 222 230
82.5026289 64.0215865 33.3501822 218 222 230
82.5026289 62.1157011 33.8199408 218 222 230
69.5610116 0.354793459 54.346465 218 222 230
69.5610116 43.4741819 54.346465 218 222 230
80.6912014 0.354793459 54.346465 218 222 230
80.5666699 9.26582429 54.346465 218 222 230
80.2658217 21.8316902 54.346465 218 222 230
79.9865764 34.0970896 54.346465 218 222 230
79.8882879 43.3085869 54.346465 218 222 230
69.5610116 0.354793459 54.346465 218 222 230
69.5610116 43.4741819 54.346465 218 222 230
69.2885955 43.4805818 54.3143672 218 222 230
69.0325431 43.4869895 54.2205627 218 222 230
68.8080709 43.4933243 54.0726282 218 222 230
68.6251145 43.4995052 53.8799695 218 222 230
68.4906014 43.5054515 53.651843 218 222 230
68.4105994 43.5110823 53.3986288 218 222 230
68.389691 43.5163167 53.1327728 218 222 230
68.4296462 43.5210739 52.8682383 218 222 230
68.5287677 43.5252732 52.619251 218 222 230
68.6819755 43.5288335 52.3991488 218 222 230
68.8812481 43.5316741 52.2196033 218 222 230
69.1161327 43.5337141 52.0900589 218 222 230
69.3343067 43.5347573 52.024478 218 222 230
69.5610116 43.535116 52.0023448 218 222 230
69.5610116 0.354793459 52.0023448 218 222 230
69.2805193 0.354793459 54.3124071 218 222 230
69.0163281 0.354793459 54.2122126 218 222 230
68.783792 0.354793459 54.0517045 218 222 230
68.5964251 0.354793459 53.840211 218 222 230
68.4651164 0.354793459 53.5900232 218 222 230
68.3974972 0.354793459 53.3156812 218 222 230
68.3974972 0.354793459 53.0331287 218 222 230
68.4651164 0.354793459 52.7587867 218 222 230
68.5964251 0.354793459 52.5085989 218 222 230
68.783792 0.354793459 52.2971053 218 222 230
69.0163281 0.354793459 52.1365973 218 222 230
69.2805193 0.354793459 52.0364028 218 222 230
69.5610116 43.535116 52.0023448 255 79 163
69.5610116 43.7670741 52.0310843 255 79 163
69.5610116 43.9773341 52.111488 255 79 163
69.5610116 44.1512965 52.2291413 255 79 163
69.5610116 44.2962982 52.3836265 255 79 163
69.5610116 44.4021111 52.5633485 255 79 163
69.5610116 44.4645208 52.7539138 255 79 163
69.5610116 44.4804809 52.8546574 255 79 163
69.5610116 44.4855605 52.9527892 255 79 163
82.3615946 44.4855605 52.9527892 255 79 163
82.3827497 44.4592996 52.7309124 255 79 163
82.4039048 44.3819683 52.5212965 255 79 163
82.42506 44.2578396 52.335525 255 79 163
82.4462151 44.0937733 52.1838636 255 79 163
82.4673703 43.8988354 52.0746931 255 79 163
82.4849996 43.7205385 52.0206074 255 79 163
82.5026289 43.535116 52.0023448 255 79 163
82.3615946 44.4855605 53.1582889 218 222 230
75.5343274 44.4855605 53.2179457 218 222 230
69.7201586 44.4855605 53.3476864 218 222 230
69.5736564 44.4855605 53.3465463 218 222 230
69.4883953 44.4855605 53.3295695 218 222 230
69.4419507 44.4855605 53.3080651 218 222 230
69.4165866 44.4855605 53.288208 218 222 230
69.39463 44.4855605 53.2632622 218 222 230
69.3739571 44.4855605 53.2284519 218 222 230
69.3609573 44.4855605 53.1869351 218 222 230
69.3580732 44.4855605 53.1434576 218 222 230
69.3657253 44.4855605 53.0981596 218 222 230
69.384259 44.4855605 53.0547539 218 222 230
69.4129167 44.4855605 53.016333 218 222 230
69.4502339 44.4855605 52.9854212 218 222 230
69.4941728 44.4855605 52.9640353 218 222 230
69.5270957 44.4855605 52.9556243 218 222 230
69.5610116 44.4855605 52.9527892 218 222 230
82.3615946 44.4855605 52.9527892 218 222 230
79.8882879 43.3085869 54.346465 255 79 163
69.5610116 43.4741819 54.346465 255 79 163
82.3615946 44.4855605 53.1582889 255 79 163
82.3552667 44.4843131 53.2127425 255 79 163
82.3368119 44.4805746 53.267083 255 79 163
82.3069858 44.4743546 53.3211989 255 79 163
82.2508353 44.4622274 53.3928115 255 79 163
82.1351434 44.4359259 53.4985387 255 79 163
81.9027716 44.3786992 53.6516189 255 79 163
81.3556771 44.2219252 53.9065549 255 79 163
80.7321495 43.9947521 54.1231996 255 79 163
80.1712088 43.6971303 54.2799243 255 79 163
79.9970103 43.5465148 54.3220255 255 79 163
79.9283958 43.4527054 54.3375762 255 79 163
79.8980273 43.380785 54.3442449 255 79 163
79.8904742 43.3447034 54.3459104 255 79 163
75.5343274 44.4855605 53.2179457 255 79 163
69.7201586 44.4855605 53.3476864 255 79 163
69.5658239 43.7210111 54.3162641 255 79 163
69.5792871 43.9447511 54.2317714 255 79 163
69.5989875 44.1298664 54.1081349 255 79 163
69.6248553 44.2841644 53.9457936 255 79 163
69.6549488 44.3967611 53.7569319 255 79 163
69.686858 44.4631719 53.5566755 255 79 163
69.703727 44.4801553 53.4508087 255 79 163
81.546868 44.3650336 53.6814678 255 79 163
79.5479305 44.4342236 53.5154459 255 79 163
78.4588828 43.9596068 54.1556056 255 79 163
78.4462797 43.9256483 54.1771077 255 79 163
78.4430604 43.9022829 54.1909487 255 79 163
78.4918264 44.0098001 54.1206043 255 79 163
78.57271 44.0799009 54.06446 255 79 163
78.1400423 44.3674963 53.6950578 255 79 163
78.8177259 44.1996006 53.9439388 255 79 163
77.7184577 44.1466528 54.0075599 255 79 163
77.7232237 44.1751966 53.9779507 255 79 163
77.7194972 44.1611414 53.9928028 255 79 163
77.7383193 44.20205 53.9479887 255 79 163
77.8595451 44.2835439 53.841503 255 79 163
77.7725348 44.2349703 53.9080815 255 79 163
74.9952144 43.913236 54.2034062 255 79 163
72.5342704 44.3939642 53.7046946 255 79 163
71.5528932 44.0273423 54.1609119 255 79 163
72.5426508 44.1702564 54.0312646 255 79 163
71.5519442 44.1693147 54.0439777 255 79 163
72.5397821 44.2676379 53.9194772 255 79 163
71.5509293 44.278135 53.9189129 255 79 163
72.5369541 44.3408212 53.8092724 255 79 163
80.1505436 44.1069198 54.0333182 255 79 163
79.9054977 43.9739632 54.1402795 255 79 163
79.8597003 44.1586486 53.9836528 255 79 163
79.7726064 44.0986261 54.0423663 255 79 163
79.3580914 43.817903 54.2320472 255 79 163
79.4543698 44.1337164 54.01068 255 79 163
76.6294642 44.4052457 53.623654 255 79 163
76.6317682 44.4122525 53.60548 255 79 163
76.6299422 44.4088111 53.6145286 255 79 163
76.084197 44.2858903 53.8534292 255 79 163
75.2648493 44.3419267 53.7720009 255 79 163
74.352841 44.3606668 53.7483393 255 79 163
8.31438518 60.1591417 33.9778906 218 222 230
8.31438518 58.2025824 33.8199408 218 222 230
8.31438518 56.296697 33.3501822 218 222 230
8.31438518 54.4908468 32.5807814 218 222 230
8.31438518 52.8318025 31.5316653 218 222 230
8.31438518 51.3625325 30.2300056 218 222 230
8.31438518 50.12109 28.7095146 218 222 230
8.31438518 49.1396277 27.0095721 218 222 230
8.31438518 48.4435651 25.1742059 218 222 230
8.31438518 48.0509298 23.2509508 218 222 230
8.31438518 47.9718908 21.2896183 218 222 230
8.31438518 48.2084952 19.3410058 218 222 230
8.31438518 48.7546151 17.4555813 218 222 230
8.31438518 49.5961062 15.6821763 218 222 230
8.31438518 50.7111744 14.0667211 218 222 230
8.31438518 52.07094 12.6510552 218 222 230
8.31438518 53.6401857 11.4718435 218 222 230
8.31438518 55.378269 10.559627 218 222 230
8.31438518 57.2401744 9.93803169 218 222 230
8.31438518 59.1776795 9.62315646 218 222 230
8.31438518 61.140604 9.62315646 218 222 230
8.31438518 63.0781091 9.93803169 218 222 230
8.31438518 64.9400145 10.559627 218 222 230
8.31438518 66.6780978 11.4718435 218 222 230
8.31438518 68.2473435 12.6510552 218 222 230
8.31438518 69.6071091 14.0667211 218 222 230
8.31438518 70.7221773 15.6821763 218 222 230
8.31438518 71.5636684 17.4555813 218 222 230
8.31438518 72.1097883 19.3410058 218 222 230
8.31438518 72.3463927 21.2896183 218 222 230
8.31438518 72.2673537 23.2509508 218 222 230
8.31438518 71.8747184 25.1742059 218 222 230
8.31438518 71.1786558 27.0095721 218 222 230
8.31438518 70.1971935 28.7095146 218 222 230
8.31438518 68.955751 30.2300056 218 222 230
8.31438518 67.486481 31.5316653 218 222 230
8.31438518 65.8274367 32.5807814 218 222 230
8.31438518 64.0215865 33.3501822 218 222 230
8.31438518 62.1157011 33.8199408 218 222 230
8.31438518 60.1591417 11.8383055 218 222 230
8.31438518 58.4326548 11.9893536 218 222 230
8.31438518 56.7586262 12.4379082 218 222 230
8.31438518 55.1879207 13.1703402 218 222 230
8.31438518 53.7682631 14.1643951 218 222 230
8.31438518 52.5427892 15.3898691 218 222 230
8.31438518 51.5487342 16.8095266 218 222 230
8.31438518 50.8163022 18.3802322 218 222 230
8.31438518 50.3677476 20.0542608 218 222 230
8.31438518 50.2166996 21.7807477 218 222 230
8.31438518 50.3677476 23.5072347 218 222 230
8.31438518 50.8163022 25.1812632 218 222 230
8.31438518 51.5487342 26.7519688 218 222 230
8.31438518 52.5427892 28.1716264 218 222 230
8.31438518 53.7682631 29.3971003 218 222 230
8.31438518 55.1879207 30.3911552 218 222 230
8.31438518 56.7586262 31.1235873 218 222 230
8.31438518 58.4326548 31.5721419 218 222 230
8.31438518 60.1591417 31.7231899 218 222 230
8.31438518 61.8856287 31.5721419 218 222 230
8.31438518 63.5596572 31.1235873 218 222 230
8.31438518 65.1303628 30.3911552 218 222 230
8.31438518 66.5500204 29.3971003 218 222 230
8.31438518 67.7754943 28.1716264 218 222 230
8.31438518 68.7695493 26.7519688 218 222 230
8.31438518 69.5019813 25.1812632 218 222 230
8.31438518 69.9505359 23.5072347 218 222 230
8.31438518 70.1015839 21.7807477 218 222 230
8.31438518 69.9505359 20.0542608 218 222 230
8.31438518 69.5019813 18.3802322 218 222 230
8.31438518 68.7695493 16.8095266 218 222 230
8.31438518 67.7754943 15.3898691 218 222 230
8.31438518 66.5500204 14.1643951 218 222 230
8.31438518 65.1303628 13.1703402 218 222 230
8.31438518 63.5596572 12.4379082 218 222 230
8.31438518 61.8856287 11.9893536 218 222 230
69.5610116 43.4741819 54.346465 255 79 163
69.5658239 43.7210111 54.3162641 255 79 163
69.5792871 43.9447511 54.2317714 255 79 163
69.5989875 44.1298664 54.1081349 255 79 163
69.6248553 44.2841644 53.9457936 255 79 163
69.6549488 44.3967611 53.7569319 255 79 163
69.686858 44.4631719 53.5566755 255 79 163
69.703727 44.4801553 53.4508087 255 79 163
69.7201586 44.4855605 53.3476864 255 79 163
69.5736564 44.4855605 53.3465463 255 79 163
69.4883953 44.4855605 53.3295695 255 79 163
69.4419507 44.4855605 53.3080651 255 79 163
69.4165866 44.4855605 53.288208 255 79 163
69.39463 44.4855605 53.2632622 255 79 163
69.3739571 44.4855605 53.2284519 255 79 163
69.3609573 44.4855605 53.1869351 255 79 163
69.3580732 44.4855605 53.1434576 255 79 163
69.3657253 44.4855605 53.0981596 255 79 163
69.384259 44.4855605 53.0547539 255 79 163
69.4129167 44.4855605 53.016333 255 79 163
69.4502339 44.4855605 52.9854212 255 79 163
69.4941728 44.4855605 52.9640353 255 79 163
69.5270957 44.4855605 52.9556243 255 79 163
69.5610116 44.4855605 52.9527892 255 79 163
69.5610116 43.535116 52.0023448 255 79 163
69.5610116 43.7670741 52.0310843 255 79 163
69.5610116 43.9773341 52.111488 255 79 163
69.5610116 44.1512965 52.2291413 255 79 163
69.5610116 44.2962982 52.3836265 255 79 163
69.5610116 44.4021111 52.5633485 255 79 163
69.5610116 44.4645208 52.7539138 255 79 163
69.5610116 44.4804809 52.8546574 255 79 163
69.2885955 43.4805818 54.3143672 255 79 163
69.0325431 43.4869895 54.2205627 255 79 163
68.8080709 43.4933243 54.0726282 255 79 163
68.6251145 43.4995052 53.8799695 255 79 163
68.4906014 43.5054515 53.651843 255 79 163
68.4105994 43.5110823 53.3986288 255 79 163
68.389691 43.5163167 53.1327728 255 79 163
68.4296462 43.5210739 52.8682383 255 79 163
68.5287677 43.5252732 52.619251 255 79 163
68.6819755 43.5288335 52.3991488 255 79 163
68.8812481 43.5316741 52.2196033 255 79 163
69.1161327 43.5337141 52.0900589 255 79 163
69.3343067 43.5347573 52.024478 255 79 163
69.1126119 43.8864816 54.1659918 255 79 163
68.9081862 43.8574168 54.0626008 255 79 163
69.17664 44.0776125 54.0734715 255 79 163
68.9259368 44.1957164 53.7869808 255 79 163
68.6486989 43.8632784 53.7941969 255 79 163
69.2666455 44.3095359 53.8516836 255 79 163
68.5957984 43.9850349 53.5799143 255 79 163
68.4815167 43.8695217 53.4038601 255 79 163
68.4622626 43.8712199 53.2798855 255 79 163
68.6730604 44.2014521 53.1732576 255 79 163
69.2042111 44.4158542 53.5868612 255 79 163
68.4665429 43.8744058 53.0284726 255 79 163
68.4902004 43.8758808 52.9044375 255 79 163
69.1259299 44.4162601 53.5087678 255 79 163
69.0851163 44.4165142 53.4517658 255 79 163
68.9316118 44.3605409 53.4099005 255 79 163
68.6056858 43.9942977 52.7405101 255 79 163
68.6744616 43.880232 52.5151509 255 79 163
68.930207 44.2055909 52.5436016 255 79 163
69.010824 44.4171988 53.2600345 255 79 163
69.2120902 43.7545655 52.0826136 255 79 163
69.0682971 43.9148515 52.1996446 255 79 163
69.0091729 44.4177334 53.070057 255 79 163
68.9306785 44.3626525 52.9181602 255 79 163
69.1832539 44.0974066 52.2623571 255 79 163
69.0871812 44.4182362 52.864565 255 79 163
69.2704013 44.3180769 52.4727647 255 79 163
69.2131264 44.4185563 52.724113 255 79 163
79.1529223 60.1591417 11.8383055 218 222 230
79.1529223 58.4326548 11.9893536 218 222 230
79.1529223 56.7586262 12.4379082 218 222 230
79.1529223 55.1879207 13.1703402 218 222 230
79.1529223 53.7682631 14.1643951 218 222 230
79.1529223 52.5427892 15.3898691 218 222 230
79.1529223 51.5487342 16.8095266 218 222 230
79.1529223 50.8163022 18.3802322 218 222 230
79.1529223 50.3677476 20.0542608 218 222 230
79.1529223 50.2166996 21.7807477 218 222 230
79.1529223 50.3677476 23.5072347 218 222 230
79.1529223 50.8163022 25.1812632 218 222 230
79.1529223 51.5487342 26.7519688 218 222 230
79.1529223 52.5427892 28.1716264 218 222 230
79.1529223 53.7682631 29.3971003 218 222 230
79.1529223 55.1879207 30.3911552 218 222 230
79.1529223 56.7586262 31.1235873 218 222 230
79.1529223 58.4326548 31.5721419 218 222 230
79.1529223 60.1591417 31.7231899 218 222 230
79.1529223 61.8856287 31.5721419 218 222 230
79.1529223 63.5596572 31.1235873 218 222 230
79.1529223 65.1303628 30.3911552 218 222 230
79.1529223 66.5500204 29.3971003 218 222 230
79.1529223 67.7754943 28.1716264 218 222 230
79.1529223 68.7695493 26.7519688 218 222 230
79.1529223 69.5019813 25.1812632 218 222 230
79.1529223 69.9505359 23.5072347 218 222 230
79.1529223 70.1015839 21.7807477 218 222 230
79.1529223 69.9505359 20.0542608 218 222 230
79.1529223 69.5019813 18.3802322 218 222 230
79.1529223 68.7695493 16.8095266 218 222 230
79.1529223 67.7754943 15.3898691 218 222 230
79.1529223 66.5500204 14.1643951 218 222 230
79.1529223 65.1303628 13.1703402 218 222 230
79.1529223 63.5596572 12.4379082 218 222 230
79.1529223 61.8856287 11.9893536 218 222 230
79.1529223 60.1591417 11.8383055 218 222 230
8.31438518 60.1591417 11.8383055 218 222 230
8.31438518 60.1591417 11.8383055 218 222 230
8.31438518 58.4326548 11.9893536 218 222 230
8.31438518 56.7586262 12.4379082 218 222 230
8.31438518 55.1879207 13.1703402 218 222 230
8.31438518 53.7682631 14.1643951 218 222 230
8.31438518 52.5427892 15.3898691 218 222 230
8.31438518 51.5487342 16.8095266 218 222 230
8.31438518 50.8163022 18.3802322 218 222 230
8.31438518 50.3677476 20.0542608 218 222 230
8.31438518 50.2166996 21.7807477 218 222 230
8.31438518 50.3677476 23.5072347 218 222 230
8.31438518 50.8163022 25.1812632 218 222 230
8.31438518 51.5487342 26.7519688 218 222 230
8.31438518 52.5427892 28.1716264 218 222 230
8.31438518 53.7682631 29.3971003 218 222 230
8.31438518 55.1879207 30.3911552 218 222 230
8.31438518 56.7586262 31.1235873 218 222 230
8.31438518 58.4326548 31.5721419 218 222 230
8.31438518 60.1591417 31.7231899 218 222 230
8.31438518 61.8856287 31.5721419 218 222 230
8.31438518 63.5596572 31.1235873 218 222 230
8.31438518 65.1303628 30.3911552 218 222 230
8.31438518 66.5500204 29.3971003 218 222 230
8.31438518 67.7754943 28.1716264 218 222 230
8.31438518 68.7695493 26.7519688 218 222 230
8.31438518 69.5019813 25.1812632 218 222 230
8.31438518 69.9505359 23.5072347 218 222 230
8.31438518 70.1015839 21.7807477 218 222 230
8.31438518 69.9505359 20.0542608 218 222 230
8.31438518 69.5019813 18.3802322 218 222 230
8.31438518 68.7695493 16.8095266 218 222 230
8.31438518 67.7754943 15.3898691 218 222 230
8.31438518 66.5500204 14.1643951 218 222 230
8.31438518 65.1303628 13.1703402 218 222 230
8.31438518 63.5596572 12.4379082 218 222 230
8.31438518 61.8856287 11.9893536 218 222 230
82.5026289 60.1591417 15.1880121 255 79 163
82.5026289 58.7418985 15.3421466 255 79 163
82.5026289 57.3909239 15.7973429 255 79 163
82.5026289 56.1693881 16.5323166 255 79 163
82.5026289 55.1344088 17.5127011 255 79 163
82.5026289 54.3343804 18.6926547 255 79 163
82.5026289 53.8067113 20.0170041 255 79 163
82.5026289 53.5760749 21.4238242 255 79 163
82.5026289 53.6532553 22.8473337 255 79 163
82.5026289 54.0346438 24.2209707 255 79 163
82.5026289 54.702407 25.4805057 255 79 163
82.5026289 55.625321 26.5670441 255 79 163
82.5026289 56.7602314 27.4297806 255 79 163
82.5026289 58.0540712 28.0283746 255 79 163
82.5026289 59.4463416 28.3348365 255 79 163
82.5026289 60.8719419 28.3348365 255 79 163
82.5026289 62.2642123 28.0283746 255 79 163
82.5026289 63.5580521 27.4297806 255 79 163
82.5026289 64.6929625 26.5670441 255 79 163
82.5026289 65.6158765 25.4805057 255 79 163
82.5026289 66.2836397 24.2209707 255 79 163
82.5026289 66.6650282 22.8473337 255 79 163
82.5026289 66.7422086 21.4238242 255 79 163
82.5026289 66.5115722 20.0170041 255 79 163
82.5026289 65.9839031 18.6926547 255 79 163
82.5026289 65.1838747 17.5127011 255 79 163
82.5026289 64.1488954 16.5323166 255 79 163
82.5026289 62.9273596 15.7973429 255 79 163
82.5026289 61.576385 15.3421466 255 79 163
82.5026289 60.1591417 15.1880121 255 79 163
79.1529223 60.1591417 11.8383055 255 79 163
79.8983022 60.1591417 11.9222897 255 79 163
80.6063055 60.1591417 12.1700308 255 79 163
81.2414302 60.1591417 12.5691061 255 79 163
81.7718284 60.1591417 13.0995042 255 79 163
82.1709036 60.1591417 13.7346289 255 79 163
82.4186447 60.1591417 14.4426322 255 79 163
79.1529223 60.1591417 11.8383055 255 79 163
79.1529223 58.4326548 11.9893536 255 79 163
79.1529223 56.7586262 12.4379082 255 79 163
79.1529223 55.1879207 13.1703402 255 79 163
79.1529223 53.7682631 14.1643951 255 79 163
79.1529223 52.5427892 15.3898691 255 79 163
79.1529223 51.5487342 16.8095266 255 79 163
79.1529223 50.8163022 18.3802322 255 79 163
79.1529223 50.3677476 20.0542608 255 79 163
79.1529223 50.2166996 21.7807477 255 79 163
79.1529223 50.3677476 23.5072347 255 79 163
79.1529223 50.8163022 25.1812632 255 79 163
79.1529223 51.5487342 26.7519688 255 79 163
79.1529223 52.5427892 28.1716264 255 79 163
79.1529223 53.7682631 29.3971003 255 79 163
79.1529223 55.1879207 30.3911552 255 79 163
79.1529223 56.7586262 31.1235873 255 79 163
79.1529223 58.4326548 31.5721419 255 79 163
79.1529223 60.1591417 31.7231899 255 79 163
79.1529223 61.8856287 31.5721419 255 79 163
79.1529223 63.5596572 31.1235873 255 79 163
79.1529223 65.1303628 30.3911552 255 79 163
79.1529223 66.5500204 29.3971003 255 79 163
79.1529223 67.7754943 28.1716264 255 79 163
79.1529223 68.7695493 26.7519688 255 79 163
79.1529223 69.5019813 25.1812632 255 79 163
79.1529223 69.9505359 23.5072347 255 79 163
79.1529223 70.1015839 21.7807477 255 79 163
79.1529223 69.9505359 20.0542608 255 79 163
79.1529223 69.5019813 18.3802322 255 79 163
79.1529223 68.7695493 16.8095266 255 79 163
79.1529223 67.7754943 15.3898691 255 79 163
79.1529223 66.5500204 14.1643951 255 79 163
79.1529223 65.1303628 13.1703402 255 79 163
79.1529223 63.5596572 12.4379082 255 79 163
79.1529223 61.8856287 11.9893536 255 79 163
79.8983022 60.1591417 11.9222897 255 79 163
80.6063055 60.1591417 12.1700308 255 79 163
81.2414302 60.1591417 12.5691061 255 79 163
81.7718284 60.1591417 13.0995042 255 79 163
82.1709036 60.1591417 13.7346289 255 79 163
82.4186447 60.1591417 14.4426322 255 79 163
79.8983022 61.871045 12.0720618 255 79 163
80.6063055 61.8280252 12.3160392 255 79 163
79.8983022 63.530933 12.5168274 255 79 163
81.2414302 61.7587265 12.7090516 255 79 163
79.8983022 64.2986008 12.8334535 255 79 163
80.6063055 63.4462005 12.7496279 255 79 163
81.7718284 61.6666239 13.2313918 255 79 163
80.6063055 64.1945771 13.0582973 255 79 163
79.8983022 65.0883708 13.2430726 255 79 163
81.2414302 63.3097088 13.124636 255 79 163
82.1709036 61.5563356 13.8568675 255 79 163
81.2414302 64.0270097 13.4204882 255 79 163
80.6063055 64.9645002 13.4576227 255 79 163
81.7718284 63.1283019 13.6230473 255 79 163
82.4186447 61.4333921 14.5541147 255 79 163
79.8983022 66.1252264 13.9324976 255 79 163
81.7718284 63.8043013 13.9018645 255 79 163
81.2414302 64.7649626 13.803232 255 79 163
82.1709036 62.9110765 14.2198692 255 79 163
80.6063055 65.9752998 14.1297226 255 79 163
82.1709036 63.5376194 14.478288 255 79 163
81.7718284 64.4997635 14.2625703 255 79 163
82.4186447 62.6689251 14.8851748 255 79 163
81.2414302 65.7337898 14.4474237 255 79 163
79.8983022 67.6728844 15.3985172 255 79 163
82.4186447 63.2403365 15.1208545 255 79 163
82.1709036 64.1822012 14.8126044 255 79 163
81.7718284 65.4128065 14.86967 255 79 163
80.6063055 67.4840655 15.5589014 255 79 163
82.4186447 63.8281995 15.4257533 255 79 163
82.1709036 65.0284454 15.3752883 255 79 163
81.2414302 67.1799055 15.8172572 255 79 163
79.8983022 68.6968169 16.8515187 255 79 163
82.4186447 64.59998 15.9389249 255 79 163
81.7718284 66.7756562 16.1606297 255 79 163
80.6063055 68.4822668 16.9753893 255 79 163
79.8983022 69.423062 18.4089565 255 79 163
82.1709036 66.2915882 16.5718007 255 79 163
81.2414302 68.1366575 17.1749269 255 79 163
79.8983022 69.6582589 19.1433308 255 79 163
80.6063055 69.1902616 18.4936889 255 79 163
82.4186447 65.7519749 17.0301524 255 79 163
81.7718284 67.6773192 17.440126 255 79 163
80.6063055 69.419548 19.2096086 255 79 163
79.8983022 69.8678277 20.0688445 255 79 163
81.2414302 68.8152535 18.6301807 255 79 163
82.1709036 67.1272851 17.7576883 255 79 163
81.2414302 69.035019 19.3163725 255 79 163
80.6063055 69.6238503 20.1118642 255 79 163
81.7718284 68.3168422 18.8115876 255 79 163
82.4186447 66.5141362 18.11169 255 79 163
79.8983022 70.0031415 21.2470216 255 79 163
81.7718284 68.5239539 19.4582691 255 79 163
79.8983022 70.0175998 21.7807477 255 79 163
81.2414302 69.2308379 20.1811629 255 79 163
82.1709036 67.7200203 19.028813 255 79 163
80.6063055 69.7557638 21.260434 255 79 163
82.1709036 67.9119795 19.6281829 255 79 163
80.6063055 69.7698587 21.7807477 255 79 163
81.7718284 68.7084977 20.2732656 255 79 163
82.4186447 67.0547147 19.2709644 255 79 163
81.2414302 69.3572738 21.2820395 255 79 163
79.8983022 69.8877296 23.3756688 255 79 163
82.4186447 67.2297829 19.8175939 255 79 163
81.2414302 69.3707834 21.7807477 255 79 163
82.1709036 68.083022 20.3835539 255 79 163
81.7718284 68.8276535 21.3107547 255 79 163
80.6063055 69.6432521 23.3355887 255 79 163
81.7718284 68.8403853 21.7807477 255 79 163
82.4186447 67.3857748 20.5064973 255 79 163
82.1709036 68.1934603 21.3451396 255 79 163
81.2414302 69.2494341 23.2710255 255 79 163
79.8983022 69.423062 25.152539 255 79 163
82.1709036 68.2052606 21.7807477 255 79 163
82.4186447 67.4864953 21.3834702 255 79 163
81.7718284 68.7260231 23.1852166 255 79 163
80.6063055 69.1902616 25.0678065 255 79 163
82.4186447 67.4972572 21.7807477 255 79 163
82.1709036 68.0992652 23.0824649 255 79 163
79.8983022 68.6968169 26.7099768 255 79 163
81.2414302 68.8152535 24.9313147 255 79 163
79.8983022 68.318879 27.3131869 255 79 163
82.4186447 67.4005887 22.9679227 255 79 163
80.6063055 68.4822668 26.5861062 255 79 163
81.7718284 68.3168422 24.7499079 255 79 163
80.6063055 68.1138264 27.1741578 255 79 163
79.8983022 67.7111588 28.1176424 255 79 163
81.2414302 68.1366575 26.3865686 255 79 163
82.1709036 67.7200203 24.5326825 255 79 163
81.2414302 67.7835162 26.9502019 255 79 163
80.6063055 67.5213781 27.9583975 255 79 163
81.7718284 67.6773192 26.1213695 255 79 163
82.4186447 67.0547147 24.290531 255 79 163
79.8983022 66.938798 28.9379438 255 79 163
81.7718284 67.3445115 26.6525493 255 79 163
79.8983022 66.4960364 29.3327647 255 79 163
81.2414302 67.2156687 27.7018769 255 79 163
82.1709036 67.1272851 25.8038072 255 79 163
80.6063055 66.7684266 28.7580849 255 79 163
82.1709036 66.8188258 26.2961256 255 79 163
80.6063055 66.3367915 29.142984 255 79 163
81.7718284 66.8093601 27.3609435 255 79 163
82.4186447 66.5141362 25.4498055 255 79 163
81.2414302 66.4939827 28.4683581 255 79 163
79.8983022 65.2417078 30.2280383 255 79 163
82.4186447 66.2328192 25.8988032 255 79 163
81.2414302 66.0802709 28.8372746 255 79 163
82.1709036 66.3228264 26.9526932 255 79 163
81.7718284 66.1292282 28.0832914 255 79 163
80.6063055 65.1139839 30.0157595 255 79 163
81.7718284 65.7393375 28.4309661 255 79 163
82.4186447 65.7804643 26.4975974 255 79 163
82.1709036 65.6924533 27.6221937 255 79 163
81.2414302 64.9082391 29.673809 255 79 163
79.8983022 63.530933 31.044668 255 79 163
82.1709036 65.3310873 27.9444324 255 79 163
82.4186447 65.2055598 27.1081865 255 79 163
81.7718284 64.6347903 29.2193335 255 79 163
80.6063055 63.4462005 30.8118675 255 79 163
82.4186447 64.8759915 27.4020703 255 79 163
82.1709036 64.3073494 28.6751224 255 79 163
79.8983022 61.871045 31.4894336 255 79 163
81.2414302 63.3097088 30.4368594 255 79 163
79.8983022 61.2250286 31.5814151 255 79 163
82.4186447 63.9423355 28.0684646 255 79 163
80.6063055 61.8280252 31.2454563 255 79 163
81.7718284 63.1283019 29.9384482 255 79 163
80.6063055 61.198243 31.3351262 255 79 163
79.8983022 60.1591417 31.6392058 255 79 163
81.2414302 61.7587265 30.8524439 255 79 163
82.1709036 62.9110765 29.3416262 255 79 163
81.2414302 61.1550954 30.9383904 255 79 163
80.6063055 60.1591417 31.3914647 255 79 163
81.7718284 61.6666239 30.3301037 255 79 163
82.4186447 62.6689251 28.6763207 255 79 163
79.8983022 59.0932549 31.5814151 255 79 163
81.7718284 61.0977493 30.4111014 255 79 163
79.8983022 58.4472385 31.4894336 255 79 163
81.2414302 60.1591417 30.9923894 255 79 163
82.1709036 61.5563356 29.704628 255 79 163
80.6063055 59.1200405 31.3351262 255 79 163
82.1709036 61.0290802 29.7796999 255 79 163
80.6063055 58.4902583 31.2454563 255 79 163
81.7718284 60.1591417 30.4619912 255 79 163
82.4186447 61.4333921 29.0073808 255 79 163
81.2414302 59.1631881 30.9383904 255 79 163
79.8983022 57.011321 31.1231468 255 79 163
82.4186447 60.9525316 29.0758469 255 79 163
81.2414302 58.559557 30.8524439 255 79 163
82.1709036 60.1591417 29.8268666 255 79 163
81.7718284 59.2205342 30.4111014 255 79 163
80.6063055 57.0904251 30.8883741 255 79 163
81.7718284 58.6516596 30.3301037 255 79 163
82.4186447 60.1591417 29.1188632 255 79 163
82.1709036 59.2892033 29.7796999 255 79 163
81.2414302 57.2178505 30.5101892 255 79 163
79.8983022 55.2299127 30.3184228 255 79 163
82.1709036 58.7619479 29.704628 255 79 163
82.4186447 59.3657519 29.0758469 255 79 163
81.7718284 57.3872074 30.0075557 255 79 163
80.6063055 55.3537833 30.1038728 255 79 163
82.4186447 58.8848914 29.0073808 255 79 163
82.1709036 57.5900037 29.4056778 255 79 163
79.8983022 53.8222471 29.3327647 255 79 163
81.2414302 55.5533209 29.7582634 255 79 163
79.8983022 53.3794855 28.9379438 255 79 163
82.4186447 57.8160702 28.7347361 255 79 163
80.6063055 53.981492 29.142984 255 79 163
81.7718284 55.81852 29.2989252 255 79 163
80.6063055 53.5498569 28.7580849 255 79 163
79.8983022 52.6071247 28.1176424 255 79 163
81.2414302 54.2380126 28.8372746 255 79 163
82.1709036 56.1360823 28.7488911 255 79 163
81.2414302 53.8243008 28.4683581 255 79 163
80.6063055 52.7969054 27.9583975 255 79 163
81.7718284 54.578946 28.4309661 255 79 163
82.4186447 56.490084 28.1357422 255 79 163
79.8983022 51.9994045 27.3131869 255 79 163
81.7718284 54.1890553 28.0832914 255 79 163
79.8983022 51.6214666 26.7099768 255 79 163
81.2414302 53.1026148 27.7018769 255 79 163
82.1709036 54.9871962 27.9444324 255 79 163
80.6063055 52.2044571 27.1741578 255 79 163
82.1709036 54.6258302 27.6221937 255 79 163
80.6063055 51.8360167 26.5861062 255 79 163
81.7718284 53.5089234 27.3609435 255 79 163
82.4186447 55.442292 27.4020703 255 79 163
81.2414302 52.5347673 26.9502019 255 79 163
79.8983022 51.0008637 25.4297392 255 79 163
82.4186447 55.1127237 27.1081865 255 79 163
81.2414302 52.181626 26.3865686 255 79 163
82.1709036 53.9954571 26.9526932 255 79 163
81.7718284 52.973772 26.6525493 255 79 163
80.6063055 51.2310094 25.3380408 255 79 163
81.7718284 52.6409643 26.1213695 255 79 163
82.4186447 54.5378192 26.4975974 255 79 163
82.1709036 53.4994577 26.2961256 255 79 163
81.2414302 51.6017411 25.1903278 255 79 163
79.8983022 50.4504558 23.492651 255 79 163
82.1709036 53.1909984 25.8038072 255 79 163
82.4186447 54.0854643 25.8988032 255 79 163
81.7718284 52.0944686 24.9940072 255 79 163
80.6063055 50.6944332 23.4496312 255 79 163
82.4186447 53.8041473 25.4498055 255 79 163
82.1709036 52.6844846 24.7589233 255 79 163
79.8983022 50.3006837 21.7807477 255 79 163
81.2414302 51.0874456 23.3803325 255 79 163
79.8983022 50.315142 21.2470216 255 79 163
82.4186447 53.3422033 24.4968643 255 79 163
80.6063055 50.5484248 21.7807477 255 79 163
81.7718284 51.6097858 23.2882298 255 79 163
80.6063055 50.5625197 21.260434 255 79 163
79.8983022 50.4504558 20.0688445 255 79 163
81.2414302 50.9475001 21.7807477 255 79 163
82.1709036 52.2352615 23.1779416 255 79 163
81.2414302 50.9610097 21.2820395 255 79 163
80.6063055 50.6944332 20.1118642 255 79 163
81.7718284 51.4778982 21.7807477 255 79 163
82.4186447 52.9325087 23.0549981 255 79 163
79.8983022 50.6600246 19.1433308 255 79 163
81.7718284 51.49063 21.3107547 255 79 163
79.8983022 50.8952215 18.4089565 255 79 163
81.2414302 51.0874456 20.1811629 255 79 163
82.1709036 52.1130229 21.7807477 255 79 163
80.6063055 50.8987355 19.2096086 255 79 163
82.1709036 52.1248232 21.3451396 255 79 163
80.6063055 51.1280219 18.4936889 255 79 163
81.7718284 51.6097858 20.2732656 255 79 163
82.4186447 52.8210263 21.7807477 255 79 163
81.2414302 51.2832645 19.3163725 255 79 163
79.8983022 51.4490753 17.1629628 255 79 163
82.4186447 52.8317882 21.3834702 255 79 163
81.2414302 51.50303 18.6301807 255 79 163
82.1709036 52.2352615 20.3835539 255 79 163
81.7718284 51.7943296 19.4582691 255 79 163
80.6063055 51.6679576 17.2790068 255 79 163
81.7718284 52.0014413 18.8115876 255 79 163
82.4186447 52.9325087 20.5064973 255 79 163
82.1709036 52.406304 19.6281829 255 79 163
81.2414302 52.0205454 17.465937 255 79 163
79.8983022 52.6071247 15.443853 255 79 163
82.1709036 52.5982632 19.028813 255 79 163
82.4186447 53.0885006 19.8175939 255 79 163
81.7718284 52.4891585 17.71438 255 79 163
80.6063055 52.7969054 15.6030979 255 79 163
82.4186447 53.2635688 19.2709644 255 79 163
82.1709036 53.0502988 18.0118777 255 79 163
79.8983022 53.8222471 14.2287307 255 79 163
81.2414302 53.1026148 15.8596186 255 79 163
82.4186447 53.6758283 18.3435125 255 79 163
80.6063055 53.981492 14.4185114 255 79 163
81.7718284 53.5089234 16.200552 255 79 163
79.8983022 55.2299127 13.2430726 255 79 163
81.2414302 54.2380126 14.7242208 255 79 163
82.1709036 53.9954571 16.6088022 255 79 163
80.6063055 55.3537833 13.4576227 255 79 163
79.8983022 56.0196827 12.8334535 255 79 163
81.7718284 54.578946 15.1305294 255 79 163
82.4186447 54.5378192 17.063898 255 79 163
79.8983022 56.7873505 12.5168274 255 79 163
81.2414302 55.5533209 13.803232 255 79 163
80.6063055 56.1237064 13.0582973 255 79 163
82.1709036 54.9871962 15.6170631 255 79 163
80.6063055 56.872083 12.7496279 255 79 163
81.7718284 55.81852 14.2625703 255 79 163
81.2414302 56.2912738 13.4204882 255 79 163
82.4186447 55.442292 16.1594251 255 79 163
79.8983022 58.0398647 12.152775 255 79 163
81.2414302 57.0085747 13.124636 255 79 163
82.1709036 56.1360823 14.8126044 255 79 163
81.7718284 56.5139822 13.9018645 255 79 163
80.6063055 58.0931217 12.394724 255 79 163
81.7718284 57.1899816 13.6230473 255 79 163
82.4186447 56.490084 15.4257533 255 79 163
82.1709036 56.7806641 14.478288 255 79 163
81.2414302 58.1789111 12.7844691 255 79 163
82.1709036 57.407207 14.2198692 255 79 163
82.4186447 57.077947 15.1208545 255 79 163
81.7718284 58.292931 13.3024669 255 79 163
82.4186447 57.6493584 14.8851748 255 79 163
82.1709036 58.429464 13.9227427 255 79 163
82.4186447 58.5816638 14.6141933 255 79 163
82.5026289 60.1591417 15.1880121 218 222 230
82.5026289 58.7418985 15.3421466 218 222 230
82.5026289 57.3909239 15.7973429 218 222 230
82.5026289 56.1693881 16.5323166 218 222 230
82.5026289 55.1344088 17.5127011 218 222 230
82.5026289 54.3343804 18.6926547 218 222 230
82.5026289 53.8067113 20.0170041 218 222 230
82.5026289 53.5760749 21.4238242 218 222 230
82.5026289 53.6532553 22.8473337 218 222 230
82.5026289 54.0346438 24.2209707 218 222 230
82.5026289 54.702407 25.4805057 218 222 230
82.5026289 55.625321 26.5670441 218 222 230
82.5026289 56.7602314 27.4297806 218 222 230
82.5026289 58.0540712 28.0283746 218 222 230
82.5026289 59.4463416 28.3348365 218 222 230
82.5026289 60.8719419 28.3348365 218 222 230
82.5026289 62.2642123 28.0283746 218 222 230
82.5026289 63.5580521 27.4297806 218 222 230
82.5026289 64.6929625 26.5670441 218 222 230
82.5026289 65.6158765 25.4805057 218 222 230
82.5026289 66.2836397 24.2209707 218 222 230
82.5026289 66.6650282 22.8473337 218 222 230
82.5026289 66.7422086 21.4238242 218 222 230
82.5026289 66.5115722 20.0170041 218 222 230
82.5026289 65.9839031 18.6926547 218 222 230
82.5026289 65.1838747 17.5127011 218 222 230
82.5026289 64.1488954 16.5323166 218 222 230
82.5026289 62.9273596 15.7973429 218 222 230
82.5026289 61.576385 15.3421466 218 222 230
3 0 9 8
3 0 1 9
3 2 7 0
3 2 0 8
3 3 7 2
3 4 5 6
3 4 6 7
3 4 7 3
3 14 12 13
3 10 12 14
3 11 10 14
3 15 11 14
3 34 26 25
3 34 27 26
3 35 28 27
3 35 27 34
3 36 16 33
3 36 33 37
3 38 21 20
3 39 38 20
3 40 18 17
3 40 41 18
3 42 19 18
3 42 43 19
3 42 18 41
3 42 41 43
3 44 20 19
3 44 19 43
3 44 39 20
3 44 43 39
3 45 46 24
3 47 46 45
3 48 45 24
3 48 47 45
3 49 24 23
3 49 48 24
3 49 50 48
3 51 49 52
3 53 54 51
3 53 51 52
3 55 36 56
3 55 56 54
3 55 54 53
3 57 53 52
3 58 53 57
3 58 55 53
3 59 36 55
3 59 55 58
3 59 16 36
3 60 49 23
3 60 52 49
3 61 60 23
3 62 22 21
3 62 23 22
3 62 61 23
3 62 21 38
3 62 39 43
3 62 38 39
3 63 17 16
3 64 29 28
3 64 28 35
3 65 29 64
3 66 64 67
3 68 65 64
3 68 64 66
3 69 30 29
3 69 31 30
3 69 29 65
3 70 65 68
3 70 69 65
3 71 66 67
3 71 68 66
3 71 67 46
3 72 32 31
3 72 33 32
3 72 69 70
3 72 31 69
3 73 70 68
3 73 68 71
3 74 70 73
3 74 72 70
3 74 73 71
3 75 37 33
3 75 74 71
3 75 33 72
3 75 72 74
3 76 48 50
3 77 37 75
3 77 48 76
3 77 47 48
3 78 37 77
3 78 76 50
3 78 77 76
3 79 80 37
3 79 37 78
3 79 78 50
3 81 80 79
3 81 79 50
3 81 49 51
3 81 50 49
3 82 37 80
3 82 80 81
3 83 81 51
3 83 82 81
3 83 37 82
3 84 36 37
3 84 37 83
3 85 86 51
3 85 51 54
3 87 58 57
3 87 59 58
3 87 57 52
3 88 59 87
3 88 87 52
3 89 88 52
3 89 59 88
3 89 90 59
3 91 89 52
3 91 90 89
3 92 91 52
3 92 90 91
3 92 52 60
3 93 90 92
3 93 92 60
3 94 90 93
3 94 95 90
3 96 93 60
3 96 94 93
3 96 95 94
3 97 96 60
3 97 60 61
3 98 95 96
3 98 96 97
3 99 90 95
3 100 16 59
3 100 59 90
3 100 90 99
3 101 95 98
3 102 61 62
3 103 63 101
3 104 63 16
3 104 101 63
3 104 99 95
3 104 95 101
3 104 16 100
3 104 100 99
3 105 62 43
3 105 43 41
3 105 102 62
3 105 41 40
3 106 17 63
3 106 63 103
3 106 103 102
3 106 102 105
3 106 105 40
3 106 40 17
3 107 25 24
3 107 35 34
3 107 34 25
3 108 24 46
3 108 107 24
3 108 64 35
3 108 35 107
3 108 67 64
3 108 46 67
3 109 46 47
3 109 71 46
3 109 47 77
3 109 77 75
3 109 75 71
3 110 83 51
3 110 84 83
3 110 86 84
3 110 51 86
3 111 56 36
3 111 36 84
3 111 54 56
3 111 84 86
3 111 86 85
3 111 85 54
3 112 101 98
3 112 97 61
3 112 98 97
3 112 61 102
3 112 102 103
3 112 103 101
3 123 116 119
3 117 119 116
3 120 119 117
3 124 115 116
3 124 116 123
3 121 120 117
3 122 121 117
3 118 122 117
3 132 125 133
3 128 130 129
3 127 131 130
3 127 130 128
3 126 132 131
3 126 131 127
3 113 124 125
3 113 125 132
3 113 132 126
3 114 115 124
3 114 124 113
3 137 138 139
3 136 139 140
3 136 140 141
3 136 137 139
3 135 141 142
3 135 142 143
3 135 143 144
3 135 136 141
3 134 144 145
3 134 135 144
3 146 149 148
3 146 150 149
3 146 151 150
3 146 152 151
3 146 153 152
3 146 154 153
3 155 154 146
3 147 155 146
3 160 158 157
3 160 159 158
3 161 157 156
3 161 160 157
3 164 156 155
3 164 162 161
3 164 163 162
3 164 155 147
3 164 161 156
3 165 164 147
3 191 179 175
3 191 180 179
3 191 181 180
3 192 182 181
3 192 181 191
3 193 183 182
3 193 182 192
3 194 184 183
3 194 183 193
3 195 185 184
3 195 186 185
3 195 187 186
3 195 184 194
3 196 192 191
3 197 192 196
3 197 193 192
3 198 194 193
3 198 193 197
3 199 194 198
3 199 195 194
3 200 188 187
3 200 187 195
3 200 195 199
3 201 175 176
3 201 196 191
3 201 191 175
3 202 178 174
3 202 203 178
3 204 206 205
3 207 204 205
3 207 205 208
3 207 208 203
3 209 203 202
3 209 207 203
3 210 172 171
3 210 173 172
3 210 174 173
3 211 210 171
3 212 170 169
3 212 171 170
3 212 211 171
3 213 196 201
3 214 197 196
3 214 200 199
3 214 198 197
3 214 199 198
3 214 196 213
3 215 188 200
3 215 213 201
3 215 200 214
3 215 214 213
3 216 201 176
3 217 215 201
3 217 188 215
3 218 217 201
3 218 216 219
3 218 188 217
3 218 201 216
3 220 216 176
3 220 219 216
3 221 218 219
3 221 188 218
3 222 219 220
3 222 220 176
3 223 224 222
3 223 222 176
3 225 221 219
3 225 219 222
3 225 188 221
3 225 222 224
3 225 224 188
3 226 223 176
3 227 224 223
3 227 223 226
3 227 228 224
3 229 176 177
3 229 177 230
3 229 226 176
3 231 227 226
3 231 228 227
3 231 226 229
3 231 229 230
3 232 189 188
3 232 188 224
3 232 224 228
3 233 228 231
3 233 231 230
3 233 232 228
3 234 189 232
3 234 232 233
3 235 233 230
3 235 189 234
3 235 234 233
3 236 235 230
3 237 230 177
3 238 240 239
3 241 237 177
3 241 240 237
3 242 189 243
3 242 243 238
3 242 238 239
3 242 190 189
3 242 239 190
3 244 240 241
3 244 239 240
3 245 241 177
3 245 244 241
3 246 177 178
3 246 247 177
3 248 249 247
3 248 247 246
3 250 190 239
3 251 250 249
3 251 190 250
3 252 251 253
3 254 255 246
3 254 246 178
3 256 258 257
3 256 254 178
3 256 257 254
3 259 258 260
3 261 260 258
3 261 258 256
3 262 190 263
3 262 166 190
3 262 263 259
3 262 259 260
3 264 261 256
3 265 266 178
3 267 264 266
3 268 205 206
3 268 208 205
3 268 178 203
3 268 203 208
3 268 265 178
3 269 206 204
3 270 166 262
3 270 262 260
3 271 269 204
3 272 270 269
3 272 166 270
3 272 269 271
3 273 209 202
3 274 207 209
3 274 209 273
3 275 271 204
3 275 166 272
3 275 272 271
3 276 277 273
3 276 202 174
3 276 174 210
3 276 210 211
3 276 211 212
3 276 212 169
3 276 273 202
3 278 275 204
3 278 207 274
3 278 204 207
3 279 278 274
3 279 167 278
3 279 274 273
3 280 167 166
3 280 166 275
3 280 275 278
3 280 278 167
3 281 169 168
3 281 276 169
3 281 277 276
3 282 168 167
3 282 281 168
3 282 273 277
3 282 167 279
3 282 279 273
3 282 277 281
3 283 235 236
3 283 236 243
3 283 243 189
3 283 189 235
3 284 236 230
3 284 230 237
3 285 243 236
3 285 236 284
3 286 238 243
3 286 243 285
3 286 285 284
3 287 237 240
3 287 240 238
3 287 284 237
3 287 238 286
3 287 286 284
3 288 245 177
3 288 289 245
3 290 288 177
3 290 177 247
3 290 247 289
3 290 289 288
3 291 239 244
3 291 244 245
3 291 245 289
3 292 249 250
3 292 247 249
3 292 289 247
3 292 250 239
3 292 239 291
3 292 291 289
3 293 246 255
3 293 251 249
3 293 248 246
3 293 249 248
3 293 253 251
3 294 252 253
3 294 253 293
3 294 295 252
3 294 293 255
3 296 255 254
3 296 257 258
3 296 254 257
3 296 295 294
3 296 294 255
3 297 263 190
3 297 190 251
3 297 251 252
3 297 295 263
3 297 252 295
3 298 256 178
3 298 264 256
3 298 178 266
3 298 266 264
3 299 260 261
3 299 261 264
3 299 264 267
3 300 269 270
3 300 260 299
3 300 206 269
3 300 299 267
3 300 270 260
3 301 296 258
3 301 259 263
3 301 263 295
3 301 295 296
3 301 258 259
3 302 266 265
3 302 300 267
3 302 268 206
3 302 267 266
3 302 206 300
3 302 265 268
3 322 305 306
3 323 306 307
3 324 307 308
3 325 326 305
3 325 305 322
3 327 306 323
3 327 325 322
3 327 322 306
3 328 323 307
3 328 307 324
3 329 324 308
3 330 308 309
3 330 329 308
3 331 317 318
3 331 318 332
3 331 333 317
3 334 316 317
3 334 317 333
3 334 335 316
3 336 315 316
3 336 316 335
3 336 337 315
3 336 335 337
3 338 314 315
3 338 315 337
3 339 303 304
3 340 303 339
3 341 340 339
3 341 339 304
3 342 304 305
3 342 341 304
3 342 305 326
3 343 327 323
3 343 323 328
3 344 324 329
3 344 328 324
3 345 343 328
3 345 328 344
3 346 344 329
3 346 345 344
3 346 329 330
3 347 309 310
3 347 310 311
3 347 330 309
3 347 346 330
3 348 303 349
3 350 311 312
3 350 351 311
3 350 352 351
3 353 321 303
3 353 303 348
3 354 350 312
3 355 354 312
3 356 321 353
3 356 353 357
3 358 321 356
3 359 321 358
3 360 361 312
3 362 360 312
3 363 321 364
3 365 366 362
3 365 312 313
3 365 362 312
3 367 321 363
3 367 320 321
3 368 365 313
3 369 368 313
3 370 320 367
3 370 367 371
3 372 318 319
3 372 319 320
3 372 332 318
3 373 332 372
3 373 372 374
3 373 374 333
3 373 331 332
3 373 333 331
3 375 335 334
3 375 333 374
3 375 334 333
3 376 303 340
3 377 340 341
3 377 341 342
3 378 342 326
3 378 377 342
3 379 326 325
3 379 378 326
3 380 303 376
3 381 382 377
3 381 377 378
3 383 378 379
3 383 381 378
3 384 349 303
3 384 303 380
3 384 385 349
3 386 387 388
3 386 388 385
3 386 380 387
3 386 385 384
3 386 384 380
3 389 388 387
3 390 391 351
3 390 389 391
3 392 390 351
3 392 388 389
3 392 389 390
3 393 385 388
3 393 388 392
3 394 385 393
3 394 393 392
3 394 392 351
3 395 385 394
3 396 394 351
3 396 395 394
3 397 396 351
3 397 351 352
3 398 397 352
3 399 398 352
3 399 400 398
3 399 348 349
3 399 349 400
3 401 348 399
3 401 399 352
3 402 348 401
3 402 403 348
3 404 401 352
3 404 402 401
3 405 404 352
3 406 407 408
3 406 353 348
3 406 348 403
3 409 408 407
3 410 353 406
3 410 406 408
3 411 409 350
3 411 408 409
3 411 354 412
3 411 350 354
3 413 410 408
3 413 408 411
3 414 357 415
3 416 412 354
3 417 357 414
3 417 416 354
3 417 414 416
3 418 357 417
3 418 417 354
3 418 354 355
3 418 355 419
3 420 357 418
3 420 418 419
3 421 357 420
3 421 356 357
3 422 356 421
3 423 356 422
3 423 424 425
3 423 422 424
3 426 423 425
3 426 425 427
3 428 356 423
3 428 423 426
3 428 426 427
3 429 358 356
3 429 356 428
3 430 358 429
3 430 428 427
3 430 429 428
3 431 427 425
3 432 358 430
3 432 430 427
3 432 427 431
3 433 355 312
3 433 425 355
3 433 431 425
3 434 358 432
3 435 432 431
3 435 431 433
3 435 433 312
3 436 358 434
3 436 359 358
3 436 361 437
3 436 437 359
3 438 435 312
3 438 312 361
3 438 432 435
3 439 321 359
3 440 437 361
3 440 359 437
3 440 439 359
3 440 361 360
3 441 321 439
3 442 439 440
3 442 440 360
3 443 444 364
3 443 321 441
3 443 364 321
3 445 441 439
3 445 439 442
3 445 442 360
3 446 447 444
3 446 444 443
3 446 443 441
3 446 445 447
3 446 441 445
3 448 445 360
3 448 447 445
3 449 360 362
3 449 448 360
3 450 447 448
3 450 449 362
3 450 448 449
3 451 447 450
3 451 444 447
3 452 450 362
3 452 451 450
3 452 444 451
3 453 444 452
3 454 452 362
3 454 453 452
3 455 362 366
3 455 454 362
3 455 366 456
3 457 364 456
3 457 363 364
3 457 456 366
3 458 457 366
3 458 363 457
3 459 460 363
3 459 363 458
3 461 458 366
3 461 459 458
3 462 366 365
3 462 461 366
3 463 363 460
3 463 367 363
3 463 464 465
3 463 460 464
3 466 465 464
3 467 367 463
3 467 463 465
3 468 465 466
3 468 368 469
3 468 365 368
3 468 466 365
3 470 467 465
3 470 465 468
3 470 468 469
3 471 371 367
3 472 371 471
3 473 469 368
3 474 371 472
3 474 473 368
3 474 472 473
3 475 371 474
3 475 474 368
3 475 368 369
3 475 369 476
3 475 476 371
3 477 371 476
3 477 370 371
3 478 370 477
3 479 478 480
3 479 370 478
3 479 480 481
3 482 479 481
3 482 481 483
3 484 370 479
3 484 482 483
3 484 479 482
3 485 370 484
3 485 486 370
3 487 484 483
3 487 486 485
3 487 485 484
3 488 483 481
3 489 487 483
3 489 483 488
3 490 369 313
3 490 481 369
3 490 488 481
3 490 489 488
3 491 489 490
3 491 490 313
3 491 492 489
3 493 338 337
3 493 494 495
3 493 314 338
3 496 495 492
3 496 492 491
3 496 314 493
3 496 493 495
3 497 343 345
3 497 345 346
3 497 347 311
3 497 346 347
3 498 376 340
3 498 377 382
3 498 380 376
3 498 340 377
3 498 387 380
3 498 382 387
3 499 497 311
3 500 311 351
3 500 351 391
3 500 499 311
3 500 383 379
3 501 383 500
3 501 382 381
3 501 500 391
3 501 381 383
3 501 387 382
3 501 389 387
3 501 391 389
3 502 349 385
3 503 395 396
3 503 385 395
3 503 502 385
3 504 349 502
3 504 502 503
3 505 503 396
3 505 396 397
3 505 504 503
3 506 505 397
3 506 349 504
3 506 504 505
3 507 349 506
3 507 398 400
3 507 400 349
3 507 397 398
3 507 506 397
3 508 403 402
3 508 402 404
3 508 404 405
3 509 403 508
3 510 508 405
3 510 509 508
3 511 403 509
3 511 509 510
3 511 510 512
3 513 406 403
3 513 407 406
3 513 403 511
3 514 511 512
3 514 513 511
3 514 407 513
3 515 510 405
3 515 512 510
3 516 515 405
3 516 405 352
3 516 352 350
3 517 512 515
3 517 516 350
3 517 515 516
3 518 514 512
3 518 407 514
3 518 512 517
3 519 517 350
3 519 518 517
3 519 407 518
3 519 350 409
3 519 409 407
3 520 410 413
3 520 353 410
3 521 520 413
3 522 520 521
3 522 353 520
3 522 521 523
3 524 353 522
3 524 522 523
3 524 523 415
3 524 415 357
3 524 357 353
3 525 521 413
3 525 523 521
3 526 525 413
3 526 411 412
3 526 413 411
3 527 523 525
3 527 526 412
3 527 525 526
3 528 415 523
3 528 523 527
3 529 528 527
3 529 527 412
3 530 415 528
3 530 528 529
3 530 529 412
3 530 414 415
3 530 412 416
3 530 416 414
3 531 420 419
3 531 419 355
3 531 421 420
3 532 421 531
3 532 531 355
3 533 421 532
3 533 422 421
3 534 532 355
3 534 533 532
3 534 355 425
3 535 422 533
3 535 534 425
3 535 533 534
3 535 425 424
3 535 424 422
3 536 434 432
3 536 432 438
3 536 361 436
3 536 438 361
3 536 436 434
3 537 444 453
3 537 453 454
3 538 364 444
3 538 444 537
3 539 454 455
3 539 537 454
3 539 538 537
3 540 364 538
3 540 538 539
3 540 539 455
3 541 456 364
3 541 455 456
3 541 364 540
3 541 540 455
3 542 460 459
3 542 459 461
3 542 461 462
3 543 462 544
3 543 542 462
3 545 460 542
3 545 464 460
3 545 544 464
3 545 542 543
3 545 543 544
3 546 462 365
3 546 544 462
3 547 544 546
3 547 464 544
3 548 547 546
3 548 464 547
3 548 546 365
3 548 466 464
3 548 365 466
3 549 467 470
3 549 367 467
3 550 470 551
3 550 549 470
3 552 471 367
3 552 367 549
3 552 550 551
3 552 549 550
3 552 551 471
3 553 551 470
3 553 470 469
3 554 471 551
3 554 551 553
3 555 472 471
3 555 469 473
3 555 471 554
3 555 553 469
3 555 473 472
3 555 554 553
3 556 477 476
3 556 476 369
3 557 477 556
3 557 556 369
3 558 477 557
3 558 478 477
3 559 557 369
3 559 558 557
3 559 369 481
3 560 480 478
3 560 481 480
3 560 478 558
3 560 559 481
3 560 558 559
3 561 486 487
3 561 487 489
3 562 561 489
3 562 486 561
3 563 494 486
3 563 486 562
3 563 562 489
3 563 495 494
3 563 489 492
3 563 492 495
3 564 370 486
3 564 486 494
3 564 320 370
3 565 320 564
3 565 337 335
3 566 565 335
3 566 335 375
3 566 374 372
3 566 375 374
3 566 320 565
3 566 372 320
3 567 313 314
3 567 314 496
3 567 496 491
3 567 491 313
3 568 327 343
3 568 343 497
3 568 325 327
3 568 379 325
3 568 497 499
3 568 499 500
3 568 500 379
3 569 564 494
3 569 493 337
3 569 565 564
3 569 337 565
3 569 494 493
3 596 600 599
3 596 595 600
3 601 595 594
3 601 600 595
3 598 596 599
3 597 596 598
3 587 601 588
3 589 588 601
3 586 602 601
3 586 601 587
3 590 601 594
3 590 589 601
3 585 602 586
3 591 590 594
3 584 602 585
3 583 602 584
3 582 602 583
3 592 591 594
3 603 581 580
3 603 582 581
3 603 602 582
3 611 612 603
3 609 610 611
3 607 608 609
3 606 609 611
3 606 607 609
3 605 606 611
3 605 611 603
3 604 580 579
3 604 605 603
3 604 603 580
3 593 592 594
3 574 572 573
3 576 574 575
3 577 574 576
3 570 578 572
3 570 572 574
3 570 574 577
3 571 579 578
3 571 604 579
3 571 578 570
3 619 616 615
3 617 616 619
3 614 618 617
3 614 613 618
3 614 617 619
3 646 620 643
3 646 647 620
3 648 645 634
3 649 651 650
3 652 651 649
3 653 655 654
3 653 651 652
3 653 654 651
3 656 653 652
3 656 649 650
3 656 652 649
3 656 650 647
3 657 653 656
3 657 629 655
3 657 655 653
3 658 630 629
3 658 629 657
3 659 646 643
3 660 659 643
3 661 630 658
3 661 658 662
3 663 660 643
3 664 630 661
3 664 663 665
3 666 663 643
3 666 665 663
3 667 630 664
3 667 664 665
3 668 665 666
3 668 643 669
3 668 666 643
3 670 630 667
3 670 667 665
3 670 665 668
3 671 630 670
3 672 630 671
3 673 668 669
3 673 672 671
3 674 631 630
3 674 630 672
3 674 672 673
3 674 675 631
3 674 676 675
3 677 675 676
3 678 643 644
3 678 676 669
3 678 669 643
3 678 677 676
3 679 678 644
3 680 632 631
3 680 681 632
3 680 631 682
3 680 683 681
3 684 685 683
3 684 683 680
3 686 681 683
3 687 644 645
3 687 686 683
3 687 685 644
3 687 683 685
3 688 687 645
3 689 688 645
3 690 645 648
3 690 648 691
3 692 633 632
3 692 632 691
3 692 691 648
3 693 692 648
3 694 692 693
3 695 692 694
3 696 694 693
3 696 695 694
3 697 692 695
3 697 695 696
3 697 633 692
3 698 621 620
3 698 622 621
3 699 623 622
3 699 622 698
3 700 699 698
3 701 699 700
3 702 700 698
3 702 701 700
3 702 698 620
3 703 701 702
3 704 702 620
3 704 650 651
3 704 620 647
3 704 651 703
3 704 703 702
3 704 647 650
3 705 656 647
3 705 657 656
3 706 705 647
3 706 646 707
3 706 647 646
3 708 658 657
3 708 657 705
3 708 705 706
3 708 706 707
3 709 707 646
3 709 708 707
3 710 658 708
3 710 708 709
3 710 709 711
3 712 662 658
3 712 646 659
3 712 709 646
3 712 711 709
3 712 658 710
3 712 710 711
3 712 659 662
3 713 661 662
3 713 662 659
3 714 713 659
3 714 661 713
3 715 659 660
3 715 714 659
3 715 661 714
3 716 715 660
3 716 661 715
3 717 716 660
3 717 660 663
3 717 663 664
3 718 664 661
3 718 716 717
3 718 661 716
3 718 717 664
3 719 670 668
3 719 671 670
3 719 668 673
3 719 673 671
3 720 669 676
3 720 673 669
3 720 676 674
3 720 674 673
3 721 679 722
3 721 631 675
3 723 721 722
3 724 721 723
3 724 631 721
3 725 631 724
3 726 631 725
3 726 727 631
3 728 729 644
3 730 728 644
3 731 730 644
3 732 731 644
3 732 733 731
3 732 734 733
3 732 682 734
3 732 644 685
3 732 685 684
3 732 680 682
3 732 684 680
3 735 688 689
3 735 686 687
3 735 632 681
3 735 681 686
3 735 687 688
3 736 735 689
3 737 735 736
3 737 632 735
3 738 632 737
3 739 740 632
3 739 632 738
3 739 741 740
3 742 632 740
3 742 740 741
3 743 632 742
3 743 742 744
3 745 690 691
3 745 744 690
3 745 632 743
3 745 743 744
3 745 691 632
3 746 693 648
3 746 648 634
3 747 697 696
3 747 693 746
3 747 696 693
3 748 747 746
3 749 634 635
3 749 635 636
3 749 636 637
3 749 746 634
3 749 748 746
3 750 625 624
3 750 626 625
3 750 627 626
3 750 628 627
3 751 624 623
3 751 699 701
3 751 623 699
3 751 750 624
3 752 654 655
3 752 629 628
3 752 655 629
3 752 703 651
3 752 701 703
3 752 628 750
3 752 751 701
3 752 750 751
3 752 651 654
3 753 675 677
3 753 678 679
3 753 677 678
3 753 679 721
3 753 721 675
3 754 725 724
3 754 679 644
3 754 722 679
3 754 723 722
3 754 724 723
3 755 754 644
3 756 725 754
3 756 754 755
3 757 756 755
3 758 644 729
3 758 729 759
3 758 755 644
3 758 757 755
3 760 756 757
3 761 725 756
3 761 726 725
3 761 756 760
3 761 727 726
3 762 759 727
3 762 758 759
3 762 757 758
3 762 760 757
3 762 761 760
3 762 727 761
3 763 759 729
3 764 729 728
3 764 763 729
3 764 728 730
3 765 763 764
3 766 759 763
3 766 631 727
3 766 727 759
3 767 763 765
3 767 766 763
3 768 767 765
3 768 765 764
3 768 764 730
3 769 631 766
3 769 767 768
3 769 766 767
3 770 768 730
3 770 769 768
3 770 631 769
3 770 731 733
3 770 733 734
3 770 734 682
3 770 730 731
3 770 682 631
3 771 689 645
3 771 736 689
3 772 738 737
3 772 737 736
3 772 736 771
3 772 739 738
3 773 772 771
3 773 739 772
3 773 741 739
3 774 771 645
3 774 775 741
3 774 645 775
3 774 773 771
3 774 741 773
3 776 741 775
3 776 775 645
3 776 742 741
3 776 744 742
3 776 690 744
3 776 645 690
3 777 633 697
3 777 697 747
3 777 747 748
3 778 637 638
3 778 638 639
3 778 777 748
3 778 749 637
3 778 748 749
3 779 777 778
3 780 639 640
3 780 640 641
3 780 641 642
3 780 642 633
3 780 779 778
3 780 777 779
3 780 778 639
3 780 633 777
3 837 836 782
3 835 782 836
3 838 837 782
3 834 782 835
3 839 838 782
3 833 782 834
3 840 839 782
3 832 782 833
3 841 840 782
3 831 782 832
3 842 841 782
3 830 782 831
3 781 782 830
3 781 822 821
3 781 823 822
3 781 824 823
3 781 825 824
3 781 826 825
3 781 827 826
3 781 828 827
3 781 829 828
3 781 830 829
3 783 842 782
3 783 843 842
3 783 844 843
3 783 845 844
3 783 846 845
3 783 847 846
3 783 848 847
3 783 849 848
3 806 815 814
3 806 814 805
3 804 814 813
3 804 805 814
3 803 804 813
3 807 816 815
3 807 815 806
3 802 813 812
3 802 803 813
3 808 816 807
3 809 816 808
3 810 817 816
3 810 818 817
3 810 819 818
3 810 816 809
3 792 791 790
3 792 790 801
3 793 801 802
3 793 802 812
3 793 812 850
3 793 792 801
3 794 793 850
3 794 850 849
3 795 849 783
3 795 794 849
3 796 795 783
3 797 796 783
3 798 797 783
3 799 798 783
3 800 799 783
3 789 800 783
3 811 781 821
3 784 785 786
3 784 786 787
3 784 787 788
3 784 788 789
3 784 789 783
3 810 811 819
3 819 811 820
3 820 811 821
3 867 864 863
3 866 867 863
3 862 866 863
3 851 854 853
3 851 855 854
3 851 856 855
3 851 857 856
3 851 858 857
3 851 859 858
3 851 860 859
3 851 861 860
3 851 862 861
3 865 866 862
3 852 862 851
3 852 865 862
3 881 872 873
3 881 873 874
3 881 874 875
3 876 881 875
3 877 881 876
3 878 881 877
3 879 881 878
3 880 881 879
3 869 880 871
3 869 881 880
3 868 871 870
3 868 869 871
3 902 883 882
3 903 902 904
3 905 903 904
3 906 905 904
3 907 904 908
3 907 906 904
3 909 907 908
3 909 908 910
3 911 909 910
3 911 910 912
3 913 912 914
3 913 911 912
3 915 899 898
3 916 899 915
3 917 899 916
3 918 900 899
3 918 899 917
3 918 917 919
3 920 900 918
3 920 918 919
3 920 919 921
3 922 901 900
3 922 894 901
3 922 900 920
3 922 920 894
3 923 920 921
3 923 895 894
3 923 894 920
3 924 895 923
3 924 923 921
3 925 892 893
3 925 926 892
3 925 914 927
3 925 913 914
3 925 928 913
3 929 902 903
3 929 903 905
3 929 905 906
3 929 906 907
3 930 907 909
3 930 929 907
3 931 930 909
3 931 909 911
3 931 911 913
3 932 930 931
3 932 929 930
3 933 932 931
3 934 933 931
3 935 934 931
3 936 931 913
3 936 935 931
3 936 913 928
3 937 929 932
3 937 902 929
3 937 883 902
3 938 928 925
3 938 925 893
3 939 898 883
3 940 915 898
3 940 898 939
3 941 915 940
3 941 916 915
3 942 895 924
3 942 896 895
3 942 897 896
3 942 893 897
3 943 944 945
3 943 946 944
3 947 945 948
3 947 943 945
3 949 947 948
3 950 926 925
3 951 910 908
3 951 912 910
3 951 908 904
3 952 914 912
3 952 951 953
3 952 912 951
3 954 955 956
3 954 956 950
3 954 953 955
3 954 914 952
3 954 927 914
3 954 925 927
3 954 952 953
3 954 950 925
3 957 932 933
3 957 933 934
3 957 934 935
3 957 935 936
3 957 936 928
3 957 937 932
3 958 937 957
3 958 957 928
3 959 958 928
3 959 928 938
3 960 959 938
3 961 937 960
3 961 962 937
3 963 964 938
3 963 962 964
3 963 965 962
3 966 963 938
3 966 965 963
3 967 962 965
3 968 937 962
3 968 883 937
3 968 962 967
3 969 883 968
3 970 966 938
3 970 938 893
3 971 970 893
3 972 973 971
3 974 972 971
3 974 971 893
3 974 942 924
3 974 893 942
3 975 882 884
3 975 884 885
3 976 889 890
3 976 890 891
3 976 891 892
3 977 978 976
3 979 975 980
3 979 980 944
3 979 944 946
3 981 882 975
3 981 979 946
3 981 975 979
3 982 949 948
3 983 892 926
3 983 978 977
3 983 982 978
3 983 977 976
3 983 976 892
3 983 949 982
3 983 926 949
3 984 902 882
3 984 904 902
3 984 882 981
3 985 949 926
3 986 985 926
3 987 926 950
3 987 986 926
3 988 937 958
3 988 960 937
3 988 959 960
3 988 958 959
3 989 960 938
3 989 961 960
3 989 938 964
3 990 967 965
3 991 967 990
3 991 968 967
3 992 965 966
3 992 990 965
3 992 966 970
3 993 991 990
3 993 992 970
3 993 990 992
3 994 991 993
3 995 969 968
3 996 991 994
3 996 968 991
3 996 995 968
3 997 996 994
3 997 993 970
3 997 994 993
3 997 973 996
3 997 971 973
3 997 970 971
3 998 969 995
3 998 995 996
3 998 996 973
3 999 969 998
3 1000 999 998
3 1000 973 972
3 1000 998 973
3 1000 972 999
3 1001 969 999
3 1001 999 972
3 1002 924 921
3 1002 1001 972
3 1002 974 924
3 1002 916 941
3 1002 972 974
3 1002 917 916
3 1002 919 917
3 1002 921 919
3 1003 885 886
3 1003 886 887
3 1003 975 885
3 1004 887 888
3 1004 888 889
3 1004 889 976
3 1004 1003 887
3 1004 976 978
3 1005 975 1003
3 1005 1004 978
3 1005 1003 1004
3 1006 975 1005
3 1006 980 975
3 1006 944 980
3 1006 945 944
3 1007 1006 1005
3 1007 945 1006
3 1007 1005 978
3 1007 978 982
3 1007 948 945
3 1007 982 948
3 1008 981 946
3 1008 946 943
3 1008 943 947
3 1008 947 949
3 1009 1008 949
3 1009 981 1008
3 1009 949 985
3 1010 981 1009
3 1010 1009 985
3 1010 984 981
3 1011 1010 985
3 1011 984 1010
3 1011 985 986
3 1012 1013 984
3 1012 1011 986
3 1012 984 1011
3 1012 986 1013
3 1014 984 1013
3 1014 1013 986
3 1014 986 987
3 1015 956 955
3 1015 950 956
3 1015 951 904
3 1015 955 953
3 1015 953 951
3 1015 904 984
3 1015 984 1014
3 1016 1014 987
3 1016 1015 1014
3 1016 950 1015
3 1016 987 950
3 1017 989 964
3 1017 962 961
3 1017 964 962
3 1017 961 989
3 1018 969 1001
3 1018 1001 1002
3 1018 883 969
3 1018 939 883
3 1018 940 939
3 1018 941 940
3 1018 1002 941
3 1021 1023 1024
3 1021 1024 1025
3 1021 1025 1026
3 1021 1026 1022
3 1027 1021 1019
3 1027 1023 1021
3 1020 1032 1033
3 1020 1033 1034
3 1020 1034 1035
3 1020 1035 1027
3 1020 1027 1019
3 1031 1032 1020
3 1030 1031 1020
3 1029 1030 1020
3 1028 1029 1020
3 1062 1039 1038
3 1062 1040 1039
3 1063 1054 1053
3 1063 1064 1065
3 1063 1053 1064
3 1066 1065 1067
3 1066 1063 1065
3 1068 1066 1067
3 1069 1068 1067
3 1070 1045 1056
3 1071 1045 1070
3 1072 1043 1044
3 1073 1074 1072
3 1073 1072 1044
3 1075 1037 1036
3 1075 1036 1041
3 1075 1041 1069
3 1075 1069 1067
3 1076 1068 1069
3 1076 1063 1066
3 1076 1066 1068
3 1077 1063 1076
3 1077 1054 1063
3 1078 1079 1080
3 1081 1069 1041
3 1082 1078 1080
3 1082 1054 1078
3 1082 1083 1054
3 1084 1080 1081
3 1084 1081 1041
3 1085 1082 1080
3 1086 1087 1088
3 1089 1041 1042
3 1089 1086 1041
3 1089 1087 1086
3 1089 1042 1090
3 1089 1090 1091
3 1092 1055 1054
3 1092 1054 1083
3 1092 1083 1091
3 1093 1055 1092
3 1094 1093 1092
3 1095 1090 1042
3 1096 1097 1098
3 1096 1055 1097
3 1099 1055 1096
3 1100 1098 1095
3 1100 1095 1042
3 1101 1042 1043
3 1101 1102 1042
3 1101 1103 1102
3 1104 1101 1105
3 1104 1105 1106
3 1107 1056 1055
3 1107 1055 1099
3 1107 1099 1108
3 1107 1108 1106
3 1109 1056 1107
3 1110 1109 1107
3 1111 1101 1043
3 1111 1105 1101
3 1112 1111 1043
3 1113 1056 1114
3 1113 1114 1115
3 1116 1056 1113
3 1117 1112 1043
3 1118 1115 1117
3 1119 1056 1116
3 1119 1070 1056
3 1120 1043 1072
3 1120 1074 1121
3 1120 1072 1074
3 1120 1122 1043
3 1123 1121 1074
3 1123 1119 1121
3 1123 1070 1119
3 1124 1070 1123
3 1124 1123 1074
3 1125 1070 1124
3 1126 1071 1070
3 1126 1070 1125
3 1127 1128 1125
3 1127 1074 1073
3 1127 1073 1128
3 1127 1124 1074
3 1127 1125 1124
3 1129 1125 1128
3 1129 1071 1126
3 1129 1126 1125
3 1130 1071 1129
3 1131 1057 1040
3 1131 1058 1057
3 1131 1040 1062
3 1132 1038 1037
3 1132 1062 1038
3 1132 1037 1075
3 1132 1131 1062
3 1133 1132 1075
3 1134 1065 1064
3 1134 1067 1065
3 1135 1075 1067
3 1135 1133 1075
3 1135 1134 1136
3 1135 1067 1134
3 1135 1136 1133
3 1137 1077 1076
3 1137 1138 1077
3 1137 1076 1069
3 1139 1054 1077
3 1139 1138 1079
3 1139 1079 1078
3 1139 1078 1054
3 1139 1077 1138
3 1140 1079 1138
3 1140 1069 1081
3 1140 1080 1079
3 1140 1081 1080
3 1140 1137 1069
3 1140 1138 1137
3 1141 1083 1082
3 1141 1088 1087
3 1141 1087 1083
3 1141 1082 1085
3 1141 1085 1088
3 1142 1085 1080
3 1142 1080 1084
3 1142 1084 1041
3 1142 1041 1086
3 1142 1086 1088
3 1142 1088 1085
3 1143 1083 1087
3 1143 1087 1089
3 1143 1089 1091
3 1143 1091 1083
3 1144 1092 1091
3 1144 1094 1092
3 1144 1090 1094
3 1144 1091 1090
3 1145 1093 1094
3 1145 1146 1093
3 1147 1094 1090
3 1147 1145 1094
3 1147 1090 1095
3 1148 1149 1098
3 1148 1093 1146
3 1148 1146 1149
3 1148 1098 1097
3 1148 1097 1055
3 1148 1055 1093
3 1150 1146 1145
3 1150 1149 1146
3 1151 1150 1145
3 1151 1145 1147
3 1151 1147 1095
3 1152 1150 1151
3 1152 1149 1150
3 1152 1151 1095
3 1152 1095 1098
3 1152 1098 1149
3 1153 1096 1098
3 1153 1098 1154
3 1155 1099 1096
3 1155 1096 1153
3 1156 1155 1153
3 1157 1153 1154
3 1157 1156 1153
3 1157 1158 1156
3 1157 1154 1158
3 1159 1099 1155
3 1159 1155 1156
3 1159 1156 1158
3 1160 1102 1158
3 1160 1098 1100
3 1160 1158 1154
3 1160 1154 1098
3 1160 1100 1042
3 1160 1042 1102
3 1161 1099 1159
3 1162 1158 1102
3 1162 1159 1158
3 1162 1102 1103
3 1162 1161 1159
3 1163 1099 1161
3 1163 1162 1103
3 1163 1161 1162
3 1163 1108 1099
3 1164 1101 1104
3 1164 1103 1101
3 1164 1163 1103
3 1164 1108 1163
3 1165 1164 1104
3 1165 1104 1106
3 1165 1108 1164
3 1165 1106 1108
3 1166 1107 1106
3 1166 1106 1105
3 1167 1107 1166
3 1167 1166 1105
3 1168 1167 1105
3 1168 1107 1167
3 1168 1110 1107
3 1169 1105 1111
3 1169 1168 1105
3 1169 1110 1168
3 1170 1109 1110
3 1170 1171 1109
3 1172 1170 1110
3 1172 1169 1111
3 1172 1110 1169
3 1173 1056 1109
3 1173 1109 1171
3 1174 1171 1175
3 1174 1173 1171
3 1176 1056 1173
3 1176 1175 1115
3 1176 1114 1056
3 1176 1115 1114
3 1176 1174 1175
3 1176 1173 1174
3 1177 1171 1170
3 1177 1170 1172
3 1177 1172 1111
3 1178 1175 1171
3 1179 1171 1177
3 1179 1178 1171
3 1180 1111 1112
3 1180 1177 1111
3 1180 1179 1177
3 1181 1180 1112
3 1181 1179 1180
3 1181 1115 1175
3 1181 1117 1115
3 1181 1112 1117
3 1181 1175 1178
3 1181 1178 1179
3 1182 1113 1115
3 1182 1115 1118
3 1183 1116 1113
3 1183 1113 1182
3 1184 1183 1182
3 1185 1184 1182
3 1185 1182 1118
3 1185 1122 1184
3 1185 1118 1122
3 1186 1183 1184
3 1186 1184 1122
3 1187 1183 1186
3 1187 1119 1116
3 1187 1116 1183
3 1188 1117 1043
3 1188 1118 1117
3 1188 1122 1118
3 1188 1043 1122
3 1189 1186 1122
3 1189 1187 1186
3 1189 1122 1120
3 1190 1187 1189
3 1190 1119 1187
3 1190 1189 1120
3 1190 1121 1119
3 1190 1120 1121
3 1191 1071 1130
3 1191 1045 1071
3 1192 1129 1128
3 1192 1128 1073
3 1192 1130 1129
3 1193 1045 1191
3 1194 1045 1193
3 1194 1046 1045
3 1194 1047 1046
3 1195 1073 1044
3 1195 1192 1073
3 1195 1130 1192
3 1196 1197 1195
3 1198 1050 1049
3 1198 1197 1196
3 1199 1195 1044
3 1199 1196 1195
3 1199 1051 1050
3 1199 1052 1051
3 1199 1044 1052
3 1199 1198 1196
3 1199 1050 1198
3 1200 1060 1059
3 1200 1061 1060
3 1200 1053 1061
3 1201 1059 1058
3 1201 1058 1131
3 1201 1200 1059
3 1201 1202 1200
3 1201 1131 1132
3 1201 1132 1133
3 1203 1200 1202
3 1203 1202 1201
3 1203 1201 1133
3 1203 1064 1053
3 1203 1053 1200
3 1203 1136 1134
3 1203 1133 1136
3 1203 1134 1064
3 1204 1193 1191
3 1204 1130 1195
3 1204 1195 1197
3 1204 1191 1130
3 1205 1193 1204
3 1205 1204 1197
3 1206 1194 1193
3 1206 1048 1047
3 1206 1049 1048
3 1206 1198 1049
3 1206 1047 1194
3 1206 1197 1198
3 1206 1193 1205
3 1206 1205 1197
3 1218 1207 1208
3 1218 1219 1207
3 1217 1218 1208
3 1216 1208 1209
3 1216 1217 1208
3 1215 1216 1209
3 1214 1209 1210
3 1214 1215 1209
3 1213 1210 1211
3 1213 1214 1210
3 1212 1213 1211
3 1248 1227 1226
3 1241 1239 1240
3 1260 1221 1220
3 1260 1220 1228
3 1261 1222 1221
3 1261 1221 1260
3 1262 1223 1222
3 1262 1222 1261
3 1263 1224 1223
3 1263 1223 1262
3 1264 1225 1224
3 1264 1224 1263
3 1265 1228 1229
3 1265 1260 1228
3 1266 1225 1264
3 1266 1226 1225
3 1266 1248 1226
3 1267 1260 1265
3 1267 1261 1260
3 1268 1262 1261
3 1268 1261 1267
3 1269 1262 1268
3 1269 1263 1262
3 1270 1264 1263
3 1270 1263 1269
3 1271 1229 1230
3 1271 1265 1229
3 1272 1249 1248
3 1272 1248 1266
3 1272 1266 1264
3 1272 1264 1270
3 1273 1265 1271
3 1273 1267 1265
3 1274 1267 1273
3 1274 1268 1267
3 1275 1269 1268
3 1275 1268 1274
3 1276 1270 1269
3 1276 1269 1275
3 1277 1230 1231
3 1277 1271 1230
3 1278 1249 1272
3 1278 1270 1276
3 1278 1250 1249
3 1278 1251 1250
3 1278 1272 1270
3 1279 1271 1277
3 1279 1273 1271
3 1280 1273 1279
3 1280 1274 1273
3 1281 1274 1280
3 1281 1275 1274
3 1282 1276 1275
3 1282 1275 1281
3 1283 1231 1232
3 1283 1277 1231
3 1284 1278 1276
3 1284 1251 1278
3 1284 1276 1282
3 1285 1279 1277
3 1285 1277 1283
3 1286 1279 1285
3 1286 1280 1279
3 1287 1281 1280
3 1287 1280 1286
3 1288 1282 1281
3 1288 1281 1287
3 1289 1232 1233
3 1289 1283 1232
3 1290 1282 1288
3 1290 1252 1251
3 1290 1251 1284
3 1290 1284 1282
3 1291 1285 1283
3 1291 1283 1289
3 1292 1285 1291
3 1292 1286 1285
3 1293 1287 1286
3 1293 1286 1292
3 1294 1290 1288
3 1294 1287 1293
3 1294 1288 1287
3 1295 1233 1234
3 1295 1289 1233
3 1296 1253 1252
3 1296 1252 1290
3 1296 1290 1294
3 1297 1291 1289
3 1297 1289 1295
3 1298 1292 1291
3 1298 1291 1297
3 1299 1293 1292
3 1299 1294 1293
3 1299 1292 1298
3 1300 1294 1299
3 1301 1234 1235
3 1301 1295 1234
3 1302 1254 1253
3 1302 1253 1296
3 1302 1296 1294
3 1302 1294 1300
3 1303 1297 1295
3 1303 1298 1297
3 1303 1295 1301
3 1304 1298 1303
3 1305 1298 1304
3 1305 1299 1298
3 1306 1299 1305
3 1306 1300 1299
3 1307 1235 1236
3 1307 1301 1235
3 1308 1302 1300
3 1308 1300 1306
3 1308 1255 1254
3 1308 1254 1302
3 1309 1301 1307
3 1309 1303 1301
3 1310 1304 1303
3 1310 1303 1309
3 1311 1305 1304
3 1311 1304 1310
3 1312 1306 1305
3 1312 1305 1311
3 1313 1236 1237
3 1313 1307 1236
3 1314 1255 1308
3 1314 1306 1312
3 1314 1256 1255
3 1314 1308 1306
3 1315 1309 1307
3 1315 1307 1313
3 1316 1310 1309
3 1316 1309 1315
3 1317 1311 1310
3 1317 1310 1316
3 1318 1312 1311
3 1318 1311 1317
3 1319 1313 1237
3 1319 1237 1238
3 1319 1315 1313
3 1320 1257 1256
3 1320 1314 1312
3 1320 1256 1314
3 1320 1312 1318
3 1321 1315 1319
3 1322 1316 1315
3 1322 1317 1316
3 1322 1315 1321
3 1323 1317 1322
3 1324 1318 1317
3 1324 1317 1323
3 1324 1320 1318
3 1325 1319 1238
3 1325 1238 1239
3 1325 1239 1241
3 1326 1258 1257
3 1326 1257 1320
3 1326 1320 1324
3 1327 1325 1241
3 1327 1241 1242
3 1327 1242 1243
3 1327 1321 1319
3 1327 1319 1325
3 1328 1327 1243
3 1328 1321 1327
3 1328 1322 1321
3 1329 1243 1244
3 1329 1244 1245
3 1329 1323 1322
3 1329 1328 1243
3 1329 1322 1328
3 1330 1323 1329
3 1330 1324 1323
3 1330 1329 1245
3 1331 1245 1246
3 1331 1246 1247
3 1331 1259 1258
3 1331 1247 1259
3 1331 1258 1326
3 1331 1326 1324
3 1331 1330 1245
3 1331 1324 1330
3 1348 1333 1332
3 1348 1334 1333
3 1348 1335 1334
3 1348 1336 1335
3 1348 1337 1336
3 1348 1338 1337
3 1348 1339 1338
3 1349 1332 1347
3 1349 1348 1332
3 1350 1348 1349
3 1351 1348 1350
3 1352 1340 1339
3 1352 1350 1349
3 1352 1351 1350
3 1352 1348 1351
3 1352 1339 1348
3 1353 1340 1352
3 1354 1347 1342
3 1354 1353 1347
3 1355 1354 1342
3 1356 1341 1340
3 1356 1340 1355
3 1357 1342 1343
3 1357 1355 1342
3 1357 1341 1356
3 1357 1356 1355
3 1358 1343 1344
3 1358 1344 1345
3 1358 1345 1346
3 1358 1346 1341
3 1358 1357 1343
3 1358 1341 1357
3 1359 1347 1353
3 1359 1353 1352
3 1359 1352 1349
3 1359 1349 1347
3 1360 1353 1354
3 1360 1355 1340
3 1360 1340 1353
3 1360 1354 1355
3 1371 1362 1361
3 1372 1363 1362
3 1372 1362 1371
3 1373 1364 1363
3 1373 1363 1372
3 1374 1364 1373
3 1375 1365 1364
3 1375 1364 1374
3 1376 1366 1365
3 1376 1365 1375
3 1377 1366 1376
3 1378 1367 1366
3 1378 1366 1377
3 1379 1368 1367
3 1379 1367 1378
3 1370 1369 1368
3 1370 1368 1379
3 1388 1381 1380
3 1383 1382 1381
3 1383 1381 1388
3 1385 1386 1387
3 1384 1387 1383
3 1384 1383 1388
3 1384 1385 1387
3 1389 1390 1399
3 1413 1393 1392
3 1414 1411 1412
3 1414 1412 1415
3 1416 1392 1391
3 1416 1391 1400
3 1416 1400 1401
3 1416 1401 1402
3 1417 1402 1403
3 1417 1403 1404
3 1417 1404 1405
3 1417 1405 1406
3 1417 1406 1407
3 1417 1416 1402
3 1417 1392 1416
3 1417 1407 1418
3 1419 1392 1417
3 1419 1413 1392
3 1419 1417 1418
3 1419 1418 1413
3 1420 1393 1413
3 1420 1418 1407
3 1420 1413 1418
3 1421 1394 1393
3 1421 1407 1408
3 1421 1420 1407
3 1421 1393 1420
3 1422 1394 1421
3 1422 1421 1408
3 1423 1395 1394
3 1423 1408 1409
3 1423 1424 1395
3 1423 1409 1424
3 1423 1394 1422
3 1423 1422 1408
3 1425 1409 1410
3 1426 1425 1410
3 1427 1410 1411
3 1427 1411 1428
3 1429 1430 1431
3 1429 1428 1430
3 1432 1431 1430
3 1432 1398 1397
3 1432 1428 1411
3 1432 1430 1428
3 1432 1397 1431
3 1433 1432 1411
3 1433 1411 1414
3 1434 1435 1436
3 1434 1415 1435
3 1437 1435 1415
3 1438 1437 1415
3 1438 1412 1389
3 1438 1415 1412
3 1439 1396 1395
3 1439 1395 1424
3 1439 1424 1409
3 1439 1409 1425
3 1440 1439 1425
3 1440 1396 1439
3 1440 1425 1426
3 1441 1396 1440
3 1441 1440 1426
3 1442 1397 1396
3 1442 1441 1426
3 1442 1410 1427
3 1442 1396 1441
3 1442 1426 1410
3 1443 1428 1429
3 1443 1442 1427
3 1443 1427 1428
3 1444 1429 1431
3 1444 1431 1397
3 1445 1433 1414
3 1445 1415 1434
3 1445 1414 1415
3 1445 1432 1433
3 1446 1435 1437
3 1446 1437 1447
3 1448 1447 1437
3 1449 1437 1438
3 1449 1448 1437
3 1449 1438 1389
3 1449 1389 1399
3 1450 1443 1429
3 1450 1442 1443
3 1450 1429 1444
3 1450 1444 1397
3 1450 1397 1442
3 1451 1434 1436
3 1451 1436 1398
3 1451 1445 1434
3 1451 1432 1445
3 1451 1398 1432
3 1452 1436 1435
3 1452 1398 1436
3 1452 1435 1446
3 1453 1399 1398
3 1453 1446 1447
3 1453 1447 1448
3 1453 1448 1454
3 1453 1452 1446
3 1453 1398 1452
3 1455 1399 1453
3 1455 1453 1454
3 1456 1399 1455
3 1456 1454 1448
3 1456 1448 1449
3 1456 1449 1399
3 1456 1455 1454
3 1464 1465 1466
3 1464 1466 1473
3 1463 1473 1472
3 1463 1464 1473
3 1462 1472 1471
3 1462 1463 1472
3 1461 1471 1470
3 1461 1462 1471
3 1460 1461 1470
3 1459 1470 1469
3 1459 1460 1470
3 1458 1469 1468
3 1458 1459 1469
3 1457 1468 1467
3 1457 1458 1468
3 1475 1474 1505
3 1475 1505 1506
3 1476 1475 1506
3 1483 1482 1481
3 1484 1481 1480
3 1484 1483 1481
3 1485 1484 1480
3 1486 1480 1479
3 1486 1485 1480
3 1504 1493 1503
3 1494 1493 1504
3 1495 1494 1504
3 1496 1495 1504
3 1515 1477 1476
3 1515 1478 1477
3 1515 1479 1478
3 1515 1487 1486
3 1515 1488 1487
3 1515 1506 1507
3 1515 1476 1506
3 1515 1486 1479
3 1516 1488 1515
3 1516 1489 1488
3 1516 1515 1507
3 1517 1500 1501
3 1518 1508 1509
3 1519 1520 1516
3 1521 1518 1509
3 1521 1509 1510
3 1522 1518 1521
3 1522 1520 1519
3 1522 1519 1518
3 1523 1510 1511
3 1523 1521 1510
3 1524 1520 1522
3 1524 1522 1521
3 1524 1521 1523
3 1525 1520 1524
3 1525 1524 1523
3 1526 1525 1523
3 1526 1523 1511
3 1526 1511 1512
3 1526 1512 1513
3 1527 1520 1525
3 1528 1525 1526
3 1528 1517 1527
3 1528 1527 1525
3 1529 1517 1528
3 1529 1528 1526
3 1530 1513 1514
3 1530 1529 1526
3 1530 1526 1513
3 1531 1497 1498
3 1531 1498 1499
3 1531 1514 1497
3 1531 1530 1514
3 1532 1500 1517
3 1532 1499 1500
3 1532 1531 1499
3 1532 1530 1531
3 1532 1517 1529
3 1532 1529 1530
3 1533 1490 1489
3 1533 1516 1520
3 1533 1489 1516
3 1534 1533 1520
3 1535 1534 1520
3 1536 1491 1490
3 1536 1490 1533
3 1536 1534 1491
3 1536 1533 1534
3 1537 1534 1535
3 1537 1535 1517
3 1538 1537 1517
3 1539 1503 1493
3 1539 1492 1491
3 1539 1493 1492
3 1539 1491 1534
3 1539 1534 1537
3 1539 1537 1538
3 1540 1517 1501
3 1540 1501 1502
3 1540 1502 1503
3 1540 1538 1517
3 1540 1503 1539
3 1540 1539 1538
3 1541 1508 1518
3 1541 1507 1508
3 1541 1516 1507
3 1541 1518 1519
3 1541 1519 1516
3 1542 1520 1527
3 1542 1535 1520
3 1542 1517 1535
3 1542 1527 1517
3 1543 1545 1544
3 1585 1545 1543
3 1586 1546 1545
3 1586 1547 1546
3 1586 1545 1585
3 1587 1548 1547
3 1587 1547 1586
3 1588 1548 1587
3 1589 1549 1548
3 1589 1550 1549
3 1589 1548 1588
3 1590 1550 1589
3 1591 1551 1550
3 1591 1552 1551
3 1591 1550 1590
3 1592 1553 1552
3 1592 1552 1591
3 1593 1553 1592
3 1594 1554 1553
3 1594 1553 1593
3 1595 1555 1554
3 1595 1556 1555
3 1595 1554 1594
3 1596 1556 1595
3 1597 1557 1556
3 1597 1556 1596
3 1598 1558 1557
3 1598 1559 1558
3 1598 1557 1597
3 1599 1559 1598
3 1600 1560 1559
3 1600 1559 1599
3 1601 1561 1560
3 1601 1560 1600
3 1602 1562 1561
3 1602 1561 1601
3 1603 1563 1562
3 1603 1564 1563
3 1603 1562 1602
3 1604 1564 1603
3 1605 1565 1564
3 1605 1564 1604
3 1606 1566 1565
3 1606 1565 1605
3 1607 1567 1566
3 1607 1566 1606
3 1608 1568 1567
3 1608 1567 1607
3 1609 1569 1568
3 1609 1570 1569
3 1609 1568 1608
3 1610 1570 1609
3 1611 1571 1570
3 1611 1570 1610
3 1612 1572 1571
3 1612 1571 1611
3 1613 1573 1572
3 1613 1572 1612
3 1614 1573 1613
3 1614 1574 1573
3 1615 1574 1614
3 1615 1575 1574
3 1615 1576 1575
3 1616 1576 1615
3 1617 1576 1616
3 1617 1577 1576
3 1618 1577 1617
3 1618 1578 1577
3 1619 1578 1618
3 1619 1579 1578
3 1620 1579 1619
3 1620 1580 1579
3 1621 1580 1620
3 1621 1581 1580
3 1621 1582 1581
3 1622 1582 1621
3 1584 1582 1622
3 1584 1583 1582
3 1624 1629 1628
3 1627 1624 1628
3 1623 1626 1625
3 1623 1627 1626
3 1623 1624 1627
3 1630 1632 1631
3 1647 1633 1632
3 1647 1632 1630
3 1648 1634 1633
3 1648 1633 1647
3 1649 1635 1634
3 1649 1634 1648
3 1650 1636 1635
3 1650 1635 1649
3 1651 1637 1636
3 1651 1636 1650
3 1652 1638 1637
3 1652 1637 1651
3 1653 1639 1638
3 1653 1638 1652
3 1654 1640 1639
3 1654 1639 1653
3 1655 1641 1640
3 1655 1640 1654
3 1656 1642 1641
3 1656 1641 1655
3 1657 1643 1642
3 1657 1642 1656
3 1658 1644 1643
3 1658 1643 1657
3 1646 1645 1644
3 1646 1644 1658
3 1674 1660 1659
3 1674 1659 1675
3 1673 1661 1660
3 1673 1660 1674
3 1672 1662 1661
3 1672 1661 1673
3 1671 1663 1662
3 1671 1662 1672
3 1670 1664 1663
3 1670 1663 1671
3 1669 1665 1664
3 1669 1666 1665
3 1669 1664 1670
3 1668 1667 1666
3 1668 1666 1669
3 1681 1682 1683
3 1680 1681 1683
3 1685 1683 1684
3 1686 1680 1683
3 1686 1683 1685
3 1687 1680 1686
3 1688 1680 1687
3 1689 1680 1688
3 1690 1680 1689
3 1691 1680 1690
3 1692 1680 1691
3 1693 1678 1679
3 1693 1679 1680
3 1693 1680 1692
3 1677 1678 1693
3 1694 1676 1677
3 1693 1694 1677
3 1697 1698 1699
3 1697 1699 1700
3 1697 1700 1701
3 1697 1701 1702
3 1720 1702 1703
3 1720 1703 1704
3 1720 1697 1702
3 1721 1711 1697
3 1721 1697 1720
3 1722 1724 1723
3 1725 1724 1722
3 1726 1724 1725
3 1727 1721 1728
3 1727 1726 1725
3 1727 1728 1726
3 1727 1725 1722
3 1727 1711 1721
3 1729 1723 1724
3 1730 1729 1731
3 1732 1729 1730
3 1733 1727 1722
3 1733 1722 1723
3 1733 1723 1729
3 1734 1729 1732
3 1734 1733 1729
3 1735 1695 1696
3 1735 1724 1695
3 1735 1729 1724
3 1736 1712 1711
3 1737 1696 1713
3 1737 1713 1714
3 1737 1714 1715
3 1737 1735 1696
3 1737 1738 1735
3 1739 1740 1738
3 1739 1737 1715
3 1739 1715 1716
3 1739 1738 1737
3 1741 1742 1740
3 1741 1739 1716
3 1741 1740 1739
3 1741 1716 1717
3 1741 1717 1718
3 1741 1718 1719
3 1741 1719 1712
3 1741 1736 1742
3 1741 1712 1736
3 1743 1704 1705
3 1743 1705 1706
3 1743 1720 1704
3 1743 1721 1720
3 1744 1706 1707
3 1744 1743 1706
3 1745 1721 1743
3 1745 1743 1744
3 1746 1745 1744
3 1747 1707 1708
3 1747 1708 1709
3 1747 1709 1710
3 1747 1710 1695
3 1747 1744 1707
3 1747 1746 1744
3 1747 1695 1724
3 1747 1726 1728
3 1747 1724 1726
3 1748 1721 1745
3 1748 1747 1728
3 1748 1728 1721
3 1748 1746 1747
3 1748 1745 1746
3 1749 1731 1729
3 1749 1730 1731
3 1749 1732 1730
3 1750 1711 1727
3 1750 1732 1749
3 1750 1749 1751
3 1750 1727 1733
3 1750 1733 1734
3 1750 1734 1732
3 1752 1751 1749
3 1752 1711 1750
3 1752 1750 1751
3 1752 1749 1729
3 1752 1729 1735
3 1753 1711 1752
3 1753 1752 1735
3 1754 1738 1740
3 1754 1736 1711
3 1754 1740 1742
3 1754 1753 1735
3 1754 1711 1753
3 1754 1742 1736
3 1754 1735 1738
3 1826 1778 1779
3 1825 1779 1780
3 1825 1826 1779
3 1827 1777 1778
3 1827 1778 1826
3 1824 1780 1781
3 1824 1781 1782
3 1824 1825 1780
3 1828 1776 1777
3 1828 1777 1827
3 1823 1782 1783
3 1823 1824 1782
3 1829 1776 1828
3 1829 1775 1776
3 1822 1823 1783
3 1822 1783 1784
3 1794 1775 1829
3 1794 1774 1775
3 1821 1822 1784
3 1821 1784 1785
3 1795 1773 1774
3 1795 1774 1794
3 1820 1821 1785
3 1820 1785 1786
3 1796 1772 1773
3 1796 1773 1795
3 1819 1820 1786
3 1787 1819 1786
3 1797 1771 1772
3 1797 1772 1796
3 1818 1819 1787
3 1788 1818 1787
3 1798 1771 1797
3 1817 1818 1788
3 1770 1771 1798
3 1789 1817 1788
3 1799 1770 1798
3 1816 1817 1789
3 1769 1770 1799
3 1790 1816 1789
3 1800 1769 1799
3 1815 1816 1790
3 1768 1769 1800
3 1791 1815 1790
3 1814 1815 1791
3 1767 1800 1801
3 1767 1768 1800
3 1792 1814 1791
3 1813 1814 1792
3 1766 1801 1802
3 1766 1767 1801
3 1793 1812 1813
3 1793 1813 1792
3 1765 1802 1803
3 1765 1766 1802
3 1755 1812 1793
3 1764 1803 1804
3 1764 1765 1803
3 1756 1811 1812
3 1756 1812 1755
3 1763 1764 1804
3 1763 1804 1805
3 1757 1811 1756
3 1757 1810 1811
3 1762 1805 1806
3 1762 1763 1805
3 1758 1810 1757
3 1758 1809 1810
3 1761 1762 1806
3 1761 1806 1807
3 1759 1809 1758
3 1759 1808 1809
3 1760 1761 1807
3 1760 1808 1759
3 1760 1807 1808
3 1831 1830 1862
3 1839 1837 1836
3 1839 1838 1837
3 1840 1839 1836
3 1855 1874 1854
3 1852 1851 1860
3 1861 1852 1860
3 1853 1852 1861
3 1875 1832 1831
3 1875 1862 1863
3 1875 1831 1862
3 1876 1875 1863
3 1876 1863 1864
3 1877 1833 1832
3 1877 1832 1875
3 1877 1876 1878
3 1877 1875 1876
3 1879 1864 1865
3 1879 1865 1866
3 1879 1878 1876
3 1879 1876 1864
3 1880 1834 1833
3 1880 1835 1834
3 1880 1877 1878
3 1880 1833 1877
3 1881 1878 1879
3 1882 1879 1866
3 1882 1866 1867
3 1882 1881 1879
3 1883 1884 1881
3 1883 1867 1868
3 1883 1881 1882
3 1883 1882 1867
3 1885 1835 1880
3 1885 1836 1835
3 1885 1841 1840
3 1885 1842 1841
3 1885 1840 1836
3 1885 1880 1878
3 1886 1883 1868
3 1886 1868 1869
3 1886 1884 1883
3 1887 1886 1869
3 1887 1869 1870
3 1888 1843 1842
3 1888 1842 1885
3 1888 1885 1878
3 1889 1844 1843
3 1889 1843 1888
3 1890 1881 1884
3 1890 1888 1878
3 1890 1889 1888
3 1890 1878 1881
3 1891 1884 1886
3 1891 1886 1887
3 1892 1893 1891
3 1892 1891 1887
3 1892 1870 1871
3 1892 1871 1872
3 1892 1887 1870
3 1894 1844 1889
3 1894 1845 1844
3 1894 1889 1890
3 1894 1890 1884
3 1895 1874 1855
3 1895 1855 1856
3 1895 1872 1873
3 1895 1873 1874
3 1896 1893 1892
3 1896 1892 1872
3 1896 1895 1856
3 1896 1872 1895
3 1897 1846 1845
3 1897 1847 1846
3 1897 1894 1884
3 1897 1845 1894
3 1898 1891 1893
3 1898 1884 1891
3 1898 1897 1884
3 1899 1856 1857
3 1899 1893 1896
3 1899 1896 1856
3 1900 1848 1847
3 1900 1849 1848
3 1900 1898 1893
3 1900 1897 1898
3 1900 1847 1897
3 1901 1857 1858
3 1901 1858 1859
3 1901 1893 1899
3 1901 1899 1857
3 1902 1850 1849
3 1902 1851 1850
3 1902 1901 1859
3 1902 1859 1860
3 1902 1860 1851
3 1902 1900 1893
3 1902 1893 1901
3 1902 1849 1900
3 1938 1939 1940
3 1938 1940 1976
3 1937 1976 1975
3 1937 1938 1976
3 1936 1975 1974
3 1936 1937 1975
3 1935 1973 1972
3 1935 1974 1973
3 1935 1936 1974
3 1934 1935 1972
3 1933 1934 1972
3 1933 1971 1970
3 1933 1972 1971
3 1932 1933 1970
3 1931 1932 1970
3 1931 1970 1969
3 1930 1931 1969
3 1930 1968 1967
3 1930 1969 1968
3 1929 1930 1967
3 1928 1929 1967
3 1928 1967 1966
3 1927 1928 1966
3 1927 1966 1965
3 1926 1927 1965
3 1926 1965 1964
3 1925 1926 1964
3 1925 1964 1963
3 1924 1925 1963
3 1924 1963 1962
3 1923 1924 1962
3 1923 1962 1961
3 1922 1923 1961
3 1922 1961 1960
3 1921 1922 1960
3 1921 1960 1959
3 1920 1921 1959
3 1920 1958 1957
3 1920 1959 1958
3 1919 1920 1957
3 1918 1956 1955
3 1918 1957 1956
3 1918 1919 1957
3 1917 1918 1955
3 1916 1954 1953
3 1916 1955 1954
3 1916 1917 1955
3 1915 1953 1952
3 1915 1916 1953
3 1914 1952 1951
3 1914 1915 1952
3 1913 1914 1951
3 1912 1950 1949
3 1912 1951 1950
3 1912 1913 1951
3 1911 1949 1948
3 1911 1912 1949
3 1910 1948 1947
3 1910 1911 1948
3 1909 1910 1947
3 1908 1909 1947
3 1908 1946 1945
3 1908 1947 1946
3 1907 1945 1944
3 1907 1908 1945
3 1906 1907 1944
3 1905 1906 1944
3 1905 1943 1942
3 1905 1944 1943
3 1904 1905 1942
3 1903 1904 1942
3 1903 1942 1941
3 2050 2015 2014
3 2056 2008 2007
3 2056 2007 2049
3 2057 2009 2008
3 2057 2008 2056
3 2058 2049 2048
3 2058 2056 2049
3 2059 2010 2009
3 2059 2009 2057
3 2060 2058 2048
3 2060 2048 2047
3 2061 2058 2060
3 2061 2056 2058
3 2061 2057 2056
3 2061 2059 2057
3 2062 2011 2010
3 2062 2010 2059
3 2063 2061 2060
3 2064 2060 2047
3 2065 2059 2061
3 2066 2012 2011
3 2066 2011 2062
3 2067 2061 2063
3 2067 2065 2061
3 2068 2060 2064
3 2068 2063 2060
3 2069 2059 2065
3 2069 2062 2059
3 2070 2005 2006
3 2070 2012 2066
3 2070 2013 2012
3 2070 2006 2013
3 2071 2047 2046
3 2071 2064 2047
3 2072 2069 2065
3 2072 2065 2067
3 2073 2063 2068
3 2073 2072 2067
3 2073 2067 2063
3 2074 2066 2062
3 2074 2062 2069
3 2075 2068 2064
3 2075 2064 2071
3 2075 2073 2068
3 2076 2074 2069
3 2076 2069 2072
3 2077 2076 2072
3 2077 2072 2073
3 2078 2004 2005
3 2078 2066 2074
3 2078 2070 2066
3 2078 2005 2070
3 2079 2073 2075
3 2080 2071 2046
3 2080 2046 2045
3 2081 2004 2078
3 2081 2074 2076
3 2081 2078 2074
3 2082 2076 2077
3 2083 2073 2079
3 2083 2077 2073
3 2084 2075 2071
3 2084 2071 2080
3 2085 2076 2082
3 2085 2004 2081
3 2085 2003 2004
3 2085 2081 2076
3 2086 2082 2077
3 2086 2077 2083
3 2087 2083 2079
3 2087 2075 2084
3 2087 2079 2075
3 2088 2080 2045
3 2088 2084 2080
3 2088 2045 2044
3 2089 2085 2082
3 2089 2003 2085
3 2089 2082 2086
3 2090 2086 2083
3 2090 2083 2087
3 2091 2084 2088
3 2092 2088 2044
3 2092 2044 2043
3 2093 2086 2090
3 2094 2090 2087
3 2094 2084 2091
3 2094 2087 2084
3 2095 2092 2043
3 2095 2043 2042
3 2096 2091 2088
3 2096 2088 2092
3 2097 2002 2003
3 2097 2003 2089
3 2097 2089 2086
3 2097 2086 2093
3 2098 2090 2094
3 2098 2093 2090
3 2099 2092 2095
3 2099 2096 2092
3 2100 2095 2042
3 2101 2094 2091
3 2101 2091 2096
3 2101 2096 2099
3 2102 2093 2098
3 2103 2101 2099
3 2104 2099 2095
3 2104 2095 2100
3 2105 2098 2094
3 2105 2094 2101
3 2106 2001 2002
3 2106 2002 2097
3 2106 2097 2093
3 2106 2093 2102
3 2107 2042 2041
3 2107 2100 2042
3 2108 2105 2101
3 2108 2101 2103
3 2109 2107 2041
3 2110 2103 2099
3 2110 2099 2104
3 2111 2098 2105
3 2111 2102 2098
3 2112 2110 2104
3 2112 2104 2100
3 2112 2100 2107
3 2113 2111 2105
3 2113 2105 2108
3 2114 2107 2109
3 2114 2112 2107
3 2115 2103 2110
3 2115 2108 2103
3 2115 2113 2108
3 2116 2106 2102
3 2116 2111 2113
3 2116 2000 2001
3 2116 2001 2106
3 2116 2102 2111
3 2117 2110 2112
3 2117 2115 2110
3 2118 2109 2041
3 2118 2041 2040
3 2119 2116 2113
3 2119 2000 2116
3 2120 2112 2114
3 2120 2117 2112
3 2121 2113 2115
3 2122 2115 2117
3 2123 2114 2109
3 2123 2109 2118
3 2124 2117 2120
3 2124 2122 2117
3 2125 1999 2000
3 2125 2000 2119
3 2125 2119 2113
3 2125 2113 2121
3 2126 2121 2115
3 2126 2115 2122
3 2127 2120 2114
3 2127 2114 2123
3 2127 2124 2120
3 2128 2118 2040
3 2128 2040 2039
3 2129 2122 2124
3 2129 2126 2122
3 2130 1999 2125
3 2130 2125 2121
3 2130 2121 2126
3 2131 2124 2127
3 2132 2123 2118
3 2132 2118 2128
3 2133 1998 1999
3 2133 1999 2130
3 2133 2126 2129
3 2133 2130 2126
3 2134 2129 2124
3 2134 2124 2131
3 2134 2133 2129
3 2135 2039 2038
3 2135 2132 2128
3 2135 2128 2039
3 2136 2123 2132
3 2136 2127 2123
3 2137 2135 2038
3 2137 2038 2037
3 2138 1998 2133
3 2138 2133 2134
3 2139 2136 2132
3 2139 2135 2137
3 2139 2132 2135
3 2140 2131 2127
3 2140 2127 2136
3 2141 2139 2137
3 2142 2137 2037
3 2143 2136 2139
3 2143 2139 2141
3 2144 2131 2140
3 2144 2134 2131
3 2145 2143 2141
3 2146 2141 2137
3 2146 2137 2142
3 2147 2136 2143
3 2147 2140 2136
3 2148 2138 2134
3 2148 1997 1998
3 2148 2134 2144
3 2148 1998 2138
3 2149 2142 2037
3 2149 2146 2142
3 2149 2037 2036
3 2150 2147 2143
3 2150 2143 2145
3 2151 2149 2036
3 2152 2141 2146
3 2152 2145 2141
3 2152 2150 2145
3 2153 2148 2144
3 2153 2147 2150
3 2153 2140 2147
3 2153 2144 2140
3 2154 2146 2149
3 2155 2153 2150
3 2156 2154 2149
3 2156 2149 2151
3 2157 2150 2152
3 2158 2148 2153
3 2158 1996 1997
3 2158 1997 2148
3 2159 2146 2154
3 2159 2152 2146
3 2160 2151 2036
3 2160 2036 2035
3 2161 2158 2153
3 2161 2153 2155
3 2161 1996 2158
3 2162 2154 2156
3 2162 2159 2154
3 2163 2155 2150
3 2163 2150 2157
3 2163 2161 2155
3 2164 2157 2152
3 2164 2152 2159
3 2165 2151 2160
3 2165 2156 2151
3 2166 2159 2162
3 2166 2164 2159
3 2167 1995 1996
3 2167 1996 2161
3 2167 2161 2163
3 2168 2157 2164
3 2168 2163 2157
3 2169 2162 2156
3 2169 2156 2165
3 2169 2166 2162
3 2170 2034 2033
3 2170 2035 2034
3 2170 2160 2035
3 2170 2165 2160
3 2171 2164 2166
3 2171 2168 2164
3 2172 1995 2167
3 2172 2167 2163
3 2172 2163 2168
3 2173 2166 2169
3 2174 2169 2165
3 2174 2165 2170
3 2175 2172 2168
3 2175 1994 1995
3 2175 1995 2172
3 2175 2168 2171
3 2176 2166 2173
3 2176 2171 2166
3 2177 2174 2170
3 2177 2170 2033
3 2178 2169 2174
3 2179 2177 2033
3 2179 2033 2032
3 2180 2175 2171
3 2180 2171 2176
3 2180 1994 2175
3 2181 2174 2177
3 2182 2173 2169
3 2182 2169 2178
3 2183 2177 2179
3 2183 2181 2177
3 2184 2179 2032
3 2185 2178 2174
3 2185 2174 2181
3 2186 2173 2182
3 2186 2180 2176
3 2186 2176 2173
3 2187 2181 2183
3 2187 2185 2181
3 2188 2183 2179
3 2188 2179 2184
3 2189 2178 2185
3 2189 2182 2178
3 2189 2185 2187
3 2190 1993 1994
3 2190 1994 2180
3 2190 2180 2186
3 2191 2184 2032
3 2191 2032 2031
3 2192 2189 2187
3 2193 2191 2031
3 2194 2183 2188
3 2194 2187 2183
3 2194 2192 2187
3 2195 2186 2182
3 2195 2182 2189
3 2195 2189 2192
3 2196 2184 2191
3 2196 2188 2184
3 2196 2191 2193
3 2197 2195 2192
3 2198 2196 2193
3 2199 2192 2194
3 2200 1992 1993
3 2200 2186 2195
3 2200 2190 2186
3 2200 2195 2197
3 2200 1993 2190
3 2201 2194 2188
3 2201 2188 2196
3 2202 2198 2193
3 2202 2031 2030
3 2202 2193 2031
3 2203 2200 2197
3 2203 1992 2200
3 2204 2196 2198
3 2204 2201 2196
3 2205 2192 2199
3 2205 2197 2192
3 2206 2194 2201
3 2206 2199 2194
3 2207 2198 2202
3 2207 2204 2198
3 2208 2206 2201
3 2208 2201 2204
3 2209 1991 1992
3 2209 1992 2203
3 2209 2203 2197
3 2209 2197 2205
3 2210 2199 2206
3 2210 2206 2208
3 2210 2205 2199
3 2211 2204 2207
3 2212 2030 2029
3 2212 2202 2030
3 2213 2210 2208
3 2214 2205 2210
3 2214 1991 2209
3 2214 2209 2205
3 2215 2208 2204
3 2215 2213 2208
3 2215 2204 2211
3 2216 2207 2202
3 2216 2202 2212
3 2216 2211 2207
3 2217 2210 2213
3 2217 1990 1991
3 2217 1991 2214
3 2217 2214 2210
3 2218 2213 2215
3 2219 2212 2029
3 2219 2029 2028
3 2220 2215 2211
3 2220 2211 2216
3 2221 2219 2028
3 2221 2028 2027
3 2222 2217 2213
3 2222 1990 2217
3 2222 2213 2218
3 2223 2216 2212
3 2223 2212 2219
3 2224 2218 2215
3 2224 2215 2220
3 2225 2223 2219
3 2225 2219 2221
3 2226 2221 2027
3 2227 2216 2223
3 2227 2223 2225
3 2227 2220 2216
3 2228 2218 2224
3 2229 2227 2225
3 2230 2225 2221
3 2230 2221 2226
3 2231 2224 2220
3 2231 2220 2227
3 2232 1989 1990
3 2232 2222 2218
3 2232 1990 2222
3 2232 2218 2228
3 2233 2027 2026
3 2233 2226 2027
3 2234 2227 2229
3 2234 2231 2227
3 2235 2233 2026
3 2236 2225 2230
3 2236 2229 2225
3 2237 2231 2234
3 2237 2224 2231
3 2237 2228 2224
3 2238 2230 2226
3 2238 2226 2233
3 2239 2237 2234
3 2240 2233 2235
3 2240 2238 2233
3 2241 2229 2236
3 2241 2234 2229
3 2242 1988 1989
3 2242 1989 2232
3 2242 2232 2228
3 2242 2228 2237
3 2242 2237 2239
3 2243 2238 2240
3 2243 2230 2238
3 2243 2236 2230
3 2244 2026 2025
3 2244 2235 2026
3 2245 2242 2239
3 2245 1988 2242
3 2246 2243 2240
3 2247 2234 2241
3 2247 2239 2234
3 2248 2241 2236
3 2248 2236 2243
3 2249 2235 2244
3 2249 2246 2240
3 2249 2240 2235
3 2250 2248 2243
3 2250 2243 2246
3 2251 1987 1988
3 2251 2245 2239
3 2251 1988 2245
3 2251 2239 2247
3 2252 2247 2241
3 2252 2248 2250
3 2252 2241 2248
3 2253 2246 2249
3 2254 2024 2023
3 2254 2025 2024
3 2254 2244 2025
3 2255 2252 2250
3 2256 1987 2251
3 2256 2251 2247
3 2256 2247 2252
3 2257 2250 2246
3 2257 2246 2253
3 2257 2255 2250
3 2258 2249 2244
3 2258 2244 2254
3 2259 1986 1987
3 2259 2252 2255
3 2259 2256 2252
3 2259 1987 2256
3 2260 2255 2257
3 2261 2254 2023
3 2261 2258 2254
3 2262 2249 2258
3 2262 2253 2249
3 2262 2257 2253
3 2263 2023 2022
3 2263 2261 2023
3 2264 1986 2259
3 2264 2259 2255
3 2264 2255 2260
3 2265 2262 2258
3 2265 2258 2261
3 2266 2260 2257
3 2266 2257 2262
3 2267 2261 2263
3 2267 2265 2261
3 2268 2263 2022
3 2269 2262 2265
3 2269 2265 2267
3 2270 2260 2266
3 2270 2264 2260
3 2271 2269 2267
3 2272 2263 2268
3 2272 2267 2263
3 2273 2266 2262
3 2273 2262 2269
3 2274 1985 1986
3 2274 1986 2264
3 2274 2264 2270
3 2275 2022 2021
3 2275 2268 2022
3 2276 2273 2269
3 2276 2269 2271
3 2277 2275 2021
3 2278 2276 2271
3 2278 2271 2267
3 2278 2267 2272
3 2279 2266 2273
3 2279 2270 2266
3 2280 2268 2275
3 2280 2272 2268
3 2281 2273 2276
3 2281 2279 2273
3 2282 2275 2277
3 2282 2280 2275
3 2283 2276 2278
3 2283 2281 2276
3 2284 2274 2270
3 2284 1984 1985
3 2284 1985 2274
3 2284 2270 2279
3 2285 2278 2272
3 2285 2280 2282
3 2285 2272 2280
3 2286 2277 2021
3 2286 2021 2020
3 2287 2279 2281
3 2287 2284 2279
3 2287 1984 2284
3 2288 2285 2282
3 2289 2281 2283
3 2290 2283 2278
3 2290 2278 2285
3 2291 2277 2286
3 2291 2282 2277
3 2292 2285 2288
3 2292 2290 2285
3 2293 1983 1984
3 2293 2281 2289
3 2293 1984 2287
3 2293 2287 2281
3 2294 2289 2283
3 2294 2283 2290
3 2294 2293 2289
3 2295 2288 2282
3 2295 2282 2291
3 2295 2292 2288
3 2296 2286 2020
3 2296 2020 2019
3 2297 2290 2292
3 2297 2294 2290
3 2298 1983 2293
3 2298 2293 2294
3 2299 2292 2295
3 2299 2297 2292
3 2300 2291 2286
3 2300 2286 2296
3 2301 1982 1983
3 2301 1983 2298
3 2301 2294 2297
3 2301 2298 2294
3 2302 2297 2299
3 2303 2019 2018
3 2303 2296 2019
3 2304 2291 2300
3 2304 2295 2291
3 2305 1982 2301
3 2305 2301 2297
3 2305 2297 2302
3 2306 2296 2303
3 2306 2300 2296
3 2307 2299 2295
3 2307 2295 2304
3 2308 2303 2018
3 2308 2018 2017
3 2309 2307 2304
3 2309 2304 2300
3 2309 2300 2306
3 2310 2302 2299
3 2310 2299 2307
3 2311 2306 2303
3 2311 2303 2308
3 2312 2311 2308
3 2312 2308 2017
3 2312 2017 2016
3 2313 2307 2309
3 2314 1981 1982
3 2314 2302 2310
3 2314 1982 2305
3 2314 2305 2302
3 2315 2312 2016
3 2316 2309 2306
3 2316 2306 2311
3 2317 2311 2312
3 2317 2312 2315
3 2318 2310 2307
3 2318 2307 2313
3 2319 2317 2315
3 2320 2309 2316
3 2320 2313 2309
3 2321 2316 2311
3 2321 2320 2316
3 2321 2311 2317
3 2322 1980 1981
3 2322 2314 2310
3 2322 2310 2318
3 2322 1981 2314
3 2323 2315 2016
3 2323 2015 2050
3 2323 2319 2315
3 2323 2016 2015
3 2324 2317 2319
3 2324 2321 2317
3 2325 2318 2313
3 2325 2313 2320
3 2326 2320 2321
3 2326 2321 2324
3 2327 2323 2050
3 2327 2319 2323
3 2327 2050 2051
3 2328 2326 2324
3 2329 1979 1980
3 2329 2322 2318
3 2329 2318 2325
3 2329 1980 2322
3 2330 2320 2326
3 2330 2325 2320
3 2330 2326 2328
3 2330 2329 2325
3 2331 2324 2319
3 2331 2319 2327
3 2331 2327 2051
3 2331 2051 2052
3 2332 2330 2328
3 2333 1979 2329
3 2333 2329 2330
3 2334 2328 2324
3 2334 2324 2331
3 2334 2331 2052
3 2334 2052 2053
3 2335 1978 1979
3 2335 1979 2333
3 2335 2330 2332
3 2335 2333 2330
3 2336 2328 2334
3 2336 2053 2054
3 2336 2332 2328
3 2336 2334 2053
3 2337 1977 1978
3 2337 1978 2335
3 2337 2054 2055
3 2337 2055 1977
3 2337 2335 2332
3 2337 2336 2054
3 2337 2332 2336
3 2361 2363 2362
3 2366 2365 2364
3 2339 2338 2366
3 2358 2360 2359
3 2358 2361 2360
3 2340 2364 2363
3 2340 2339 2366
3 2340 2366 2364
3 2342 2341 2340
3 2342 2340 2363
3 2354 2356 2355
3 2354 2357 2356
3 2354 2358 2357
3 2344 2343 2342
3 2344 2342 2363
3 2353 2358 2354
3 2345 2363 2361
3 2345 2344 2363
3 2346 2361 2358
3 2346 2345 2361
3 2351 2353 2352
3 2349 2347 2346
3 2349 2348 2347
3 2349 2351 2350
3 2349 2358 2353
3 2349 2353 2351
3 2349 2346 2358
