ply
format ascii 1.0
comment generated by blendit.inference.finetune_visualize
element vertex 2545
property float x
property float y
property float z
property uchar red
property uchar green
property uchar blue
element face 3171
property list uchar int vertex_indices
end_header
-1.11022302e-16 0.658042135 0.658042135 218 222 230
-1.11022302e-16 0.658042135 13.7486604 218 222 230
0 88.13081 0.658042135 218 222 230
-1.11022302e-16 88.13081 11.6161861 218 222 230
0 64.9345296 11.6161861 218 222 230
0 64.6416733 11.6491831 218 222 230
0 64.3635021 11.7465194 218 222 230
0 64.1139645 11.9033142 218 222 230
0 63.9055735 12.1117052 218 222 230
0 63.7487787 12.3612428 218 222 230
0 63.6514423 12.6394141 218 222 230
0 63.6184454 12.9322704 218 222 230
-1.11022302e-16 63.6184454 13.7486604 218 222 230
-1.11022302e-16 0.658042135 0.658042135 255 79 163
-1.11022302e-16 0.658042135 13.7486604 255 79 163
0.0164984902 0.511613984 0.658042135 255 79 163
0.0651666575 0.372528353 0.658042135 255 79 163
0.143564077 0.247759574 0.658042135 255 79 163
0.247759574 0.143564077 0.658042135 255 79 163
0.372528353 0.0651666575 0.658042135 255 79 163
0.511613984 0.0164984902 0.658042135 255 79 163
0.658042135 -1.11022302e-16 0.658042135 255 79 163
0.658042135 -1.11022302e-16 13.7486604 255 79 163
0.0164984902 0.511613984 13.7486604 255 79 163
0.0651666575 0.372528353 13.7486604 255 79 163
0.143564077 0.247759574 13.7486604 255 79 163
0.247759574 0.143564077 13.7486604 255 79 163
0.372528353 0.0651666575 13.7486604 255 79 163
0.511613984 0.0164984902 13.7486604 255 79 163
-1.11022302e-16 0.658042135 0.658042135 255 79 163
0 88.13081 0.658042135 255 79 163
0.0164984902 88.13081 0.511613984 255 79 163
0.0651666575 88.13081 0.372528353 255 79 163
0.143564077 88.13081 0.247759574 255 79 163
0.247759574 88.13081 0.143564077 255 79 163
0.372528353 88.13081 0.0651666575 255 79 163
0.511613984 88.13081 0.0164984902 255 79 163
0.658042135 88.13081 -1.11022302e-16 255 79 163
0.658042135 0.658042135 0 255 79 163
0.511613984 0.658042135 0.0164984902 255 79 163
0.372528353 0.658042135 0.0651666575 255 79 163
0.247759574 0.658042135 0.143564077 255 79 163
0.143564077 0.658042135 0.247759574 255 79 163
0.0651666575 0.658042135 0.372528353 255 79 163
0.0164984902 0.658042135 0.511613984 255 79 163
0.658042135 0.658042135 14.4067025 255 79 163
0.511613984 0.658042135 14.390204 255 79 163
0.372528353 0.658042135 14.3415358 255 79 163
0.247759574 0.658042135 14.2631384 255 79 163
0.143564077 0.658042135 14.1589429 255 79 163
0.0651666575 0.658042135 14.0341742 255 79 163
0.0164984902 0.658042135 13.8950885 255 79 163
-1.11022302e-16 0.658042135 13.7486604 255 79 163
0.658042135 63.6184454 14.4067025 255 79 163
0.511613984 63.6184454 14.390204 255 79 163
0.372528353 63.6184454 14.3415358 255 79 163
0.247759574 63.6184454 14.2631384 255 79 163
0.143564077 63.6184454 14.1589429 255 79 163
0.0651666575 63.6184454 14.0341742 255 79 163
0.0164984902 63.6184454 13.8950885 255 79 163
-1.11022302e-16 63.6184454 13.7486604 255 79 163
0 88.13081 0.658042135 255 79 163
-1.11022302e-16 88.13081 11.6161861 255 79 163
0.0164984902 88.2772382 11.6161861 255 79 163
0.0651666575 88.4163238 11.6161861 255 79 163
0.143564077 88.5410926 11.6161861 255 79 163
0.247759574 88.6452881 11.6161861 255 79 163
0.372528353 88.7236855 11.6161861 255 79 163
0.511613984 88.7723537 11.6161861 255 79 163
0.658042135 88.7888522 11.6161861 255 79 163
0.658042135 88.7888522 0.658042135 255 79 163
0.0164984902 88.2772382 0.658042135 255 79 163
0.0651666575 88.4163238 0.658042135 255 79 163
0.143564077 88.5410926 0.658042135 255 79 163
0.247759574 88.6452881 0.658042135 255 79 163
0.372528353 88.7236855 0.658042135 255 79 163
0.511613984 88.7723537 0.658042135 255 79 163
0 63.6184454 12.9322704 255 79 163
-1.11022302e-16 63.6184454 13.7486604 255 79 163
0.658042135 64.2764875 13.7486604 255 79 163
0.511613984 64.259989 13.7486604 255 79 163
0.372528353 64.2113208 13.7486604 255 79 163
0.247759574 64.1329234 13.7486604 255 79 163
0.143564077 64.0287279 13.7486604 255 79 163
0.0651666575 63.9039591 13.7486604 255 79 163
0.0164984902 63.7648735 13.7486604 255 79 163
0.658042135 64.2764875 12.9322704 255 79 163
0.0164984902 63.7648735 12.9322704 255 79 163
0.0651666575 63.9039591 12.9322704 255 79 163
0.143564077 64.0287279 12.9322704 255 79 163
0.247759574 64.1329234 12.9322704 255 79 163
0.372528353 64.2113208 12.9322704 255 79 163
0.511613984 64.259989 12.9322704 255 79 163
-1.11022302e-16 88.13081 11.6161861 255 79 163
0 64.9345296 11.6161861 255 79 163
0.0164984902 64.9345296 11.7626142 255 79 163
0.0651666575 64.9345296 11.9016999 255 79 163
0.143564077 64.9345296 12.0264687 255 79 163
0.247759574 64.9345296 12.1306642 255 79 163
0.372528353 64.9345296 12.2090616 255 79 163
0.511613984 64.9345296 12.2577297 255 79 163
0.658042135 64.9345296 12.2742282 255 79 163
0.658042135 88.13081 12.2742282 255 79 163
0.511613984 88.13081 12.2577297 255 79 163
0.372528353 88.13081 12.2090616 255 79 163
0.247759574 88.13081 12.1306642 255 79 163
0.143564077 88.13081 12.0264687 255 79 163
0.0651666575 88.13081 11.9016999 255 79 163
0.0164984902 88.13081 11.7626142 255 79 163
0 64.9345296 11.6161861 255 79 163
0.0164984902 64.9345296 11.7626142 255 79 163
0.0651666575 64.9345296 11.9016999 255 79 163
0.143564077 64.9345296 12.0264687 255 79 163
0.247759574 64.9345296 12.1306642 255 79 163
0.372528353 64.9345296 12.2090616 255 79 163
0.511613984 64.9345296 12.2577297 255 79 163
0.658042135 64.9345296 12.2742282 255 79 163
0 64.6416733 11.6491831 255 79 163
0 64.3635021 11.7465194 255 79 163
0 64.1139645 11.9033142 255 79 163
0 63.9055735 12.1117052 255 79 163
0 63.7487787 12.3612428 255 79 163
0 63.6514423 12.6394141 255 79 163
0 63.6184454 12.9322704 255 79 163
0.0164984902 63.7648735 12.9322704 255 79 163
0.0651666575 63.9039591 12.9322704 255 79 163
0.143564077 64.0287279 12.9322704 255 79 163
0.247759574 64.1329234 12.9322704 255 79 163
0.372528353 64.2113208 12.9322704 255 79 163
0.511613984 64.259989 12.9322704 255 79 163
0.658042135 64.2764875 12.9322704 255 79 163
0.658042135 64.7881015 12.2907267 255 79 163
0.658042135 64.6490158 12.3393949 255 79 163
0.658042135 64.5242471 12.4177923 255 79 163
0.658042135 64.4200516 12.5219878 255 79 163
0.658042135 64.3416541 12.6467566 255 79 163
0.658042135 64.292986 12.7858422 255 79 163
0.0164984902 64.6742566 11.79194 255 79 163
0.0651666575 64.7052061 11.9275384 255 79 163
0.0164984902 64.4270349 11.8784466 255 79 163
0.143564077 64.7329698 12.049179 255 79 163
0.0651666575 64.4873818 12.0037584 255 79 163
0.0164984902 64.205261 12.0177964 255 79 163
0.247759574 64.7561555 12.1507621 255 79 163
0.143564077 64.541517 12.1161712 255 79 163
0.0651666575 64.2919794 12.1265379 255 79 163
0.372528353 64.7736005 12.2271939 255 79 163
0.0164984902 64.0200556 12.2030017 255 79 163
0.247759574 64.5867257 12.2100481 255 79 163
0.143564077 64.3697715 12.2240861 255 79 163
0.511613984 64.7844302 12.2746419 255 79 163
0.0651666575 64.1287972 12.2897202 255 79 163
0.372528353 64.6207411 12.2806818 255 79 163
0.0164984902 63.8807059 12.4247756 255 79 163
0.247759574 64.4347363 12.3055494 255 79 163
0.143564077 64.2263453 12.3675122 255 79 163
0.511613984 64.6418574 12.3245303 255 79 163
0.0651666575 64.0060177 12.4851226 255 79 163
0.372528353 64.4836163 12.366843 255 79 163
0.0164984902 63.7941992 12.6719974 255 79 163
0.247759574 64.3078086 12.4324771 255 79 163
0.143564077 64.1184305 12.5392577 255 79 163
0.511613984 64.5139604 12.4048933 255 79 163
0.0651666575 63.9297977 12.7029469 255 79 163
0.372528353 64.3691022 12.4813571 255 79 163
0.247759574 64.2123074 12.5844665 255 79 163
0.143564077 64.0514383 12.7307105 255 79 163
0.511613984 64.4071525 12.5117012 255 79 163
0.372528353 64.282941 12.6184818 255 79 163
0.247759574 64.1530214 12.7538962 255 79 163
0.511613984 64.3267895 12.6395982 255 79 163
0.372528353 64.2294532 12.7713413 255 79 163
0.511613984 64.2769011 12.782171 255 79 163
0.658042135 0.658042135 0 255 79 163
0.511613984 0.658042135 0.0164984902 255 79 163
0.372528353 0.658042135 0.0651666575 255 79 163
0.247759574 0.658042135 0.143564077 255 79 163
0.143564077 0.658042135 0.247759574 255 79 163
0.0651666575 0.658042135 0.372528353 255 79 163
0.0164984902 0.658042135 0.511613984 255 79 163
-1.11022302e-16 0.658042135 0.658042135 255 79 163
0.658042135 0.658042135 0 255 79 163
0.658042135 0.511613984 0.0164984902 255 79 163
0.658042135 0.372528353 0.0651666575 255 79 163
0.658042135 0.247759574 0.143564077 255 79 163
0.658042135 0.143564077 0.247759574 255 79 163
0.658042135 0.0651666575 0.372528353 255 79 163
0.658042135 0.0164984902 0.511613984 255 79 163
0.658042135 -1.11022302e-16 0.658042135 255 79 163
0.0164984902 0.511613984 0.658042135 255 79 163
0.0651666575 0.372528353 0.658042135 255 79 163
0.143564077 0.247759574 0.658042135 255 79 163
0.247759574 0.143564077 0.658042135 255 79 163
0.372528353 0.0651666575 0.658042135 255 79 163
0.511613984 0.0164984902 0.658042135 255 79 163
0.457199461 0.62623178 0.0322068745 255 79 163
0.476859341 0.56572489 0.0322068745 255 79 163
0.514254656 0.514254656 0.0322068745 255 79 163
0.290185398 0.538518236 0.125674865 255 79 163
0.56572489 0.476859341 0.0322068745 255 79 163
0.345124505 0.430694169 0.125674865 255 79 163
0.132229189 0.574761545 0.271254672 255 79 163
0.62623178 0.457199461 0.0322068745 255 79 163
0.430694169 0.345124505 0.125674865 255 79 163
0.183699424 0.416352452 0.271254672 255 79 163
0.538518236 0.290185398 0.125674865 255 79 163
0.281601628 0.281601628 0.271254672 255 79 163
0.0628374323 0.464648403 0.454695932 255 79 163
0.416352452 0.183699424 0.271254672 255 79 163
0.151730773 0.290185398 0.454695932 255 79 163
0.574761545 0.132229189 0.271254672 255 79 163
0.290185398 0.151730773 0.454695932 255 79 163
0.464648403 0.0628374323 0.454695932 255 79 163
-1.11022302e-16 0.658042135 13.7486604 255 79 163
0.0164984902 0.511613984 13.7486604 255 79 163
0.0651666575 0.372528353 13.7486604 255 79 163
0.143564077 0.247759574 13.7486604 255 79 163
0.247759574 0.143564077 13.7486604 255 79 163
0.372528353 0.0651666575 13.7486604 255 79 163
0.511613984 0.0164984902 13.7486604 255 79 163
0.658042135 -1.11022302e-16 13.7486604 255 79 163
0.658042135 0.658042135 14.4067025 255 79 163
0.658042135 0.511613984 14.390204 255 79 163
0.658042135 0.372528353 14.3415358 255 79 163
0.658042135 0.247759574 14.2631384 255 79 163
0.658042135 0.143564077 14.1589429 255 79 163
0.658042135 0.0651666575 14.0341742 255 79 163
0.658042135 0.0164984902 13.8950885 255 79 163
0.658042135 0.658042135 14.4067025 255 79 163
0.511613984 0.658042135 14.390204 255 79 163
0.372528353 0.658042135 14.3415358 255 79 163
0.247759574 0.658042135 14.2631384 255 79 163
0.143564077 0.658042135 14.1589429 255 79 163
0.0651666575 0.658042135 14.0341742 255 79 163
0.0164984902 0.658042135 13.8950885 255 79 163
0.62623178 0.457199461 14.3744956 255 79 163
0.56572489 0.476859341 14.3744956 255 79 163
0.514254656 0.514254656 14.3744956 255 79 163
0.538518236 0.290185398 14.2810276 255 79 163
0.476859341 0.56572489 14.3744956 255 79 163
0.430694169 0.345124505 14.2810276 255 79 163
0.574761545 0.132229189 14.1354478 255 79 163
0.457199461 0.62623178 14.3744956 255 79 163
0.345124505 0.430694169 14.2810276 255 79 163
0.416352452 0.183699424 14.1354478 255 79 163
0.290185398 0.538518236 14.2810276 255 79 163
0.281601628 0.281601628 14.1354478 255 79 163
0.464648403 0.0628374323 13.9520066 255 79 163
0.183699424 0.416352452 14.1354478 255 79 163
0.290185398 0.151730773 13.9520066 255 79 163
0.132229189 0.574761545 14.1354478 255 79 163
0.151730773 0.290185398 13.9520066 255 79 163
0.0628374323 0.464648403 13.9520066 255 79 163
35.8005644 -1.11022302e-16 0.658042135 218 222 230
35.8005644 -1.11022302e-16 55.0620933 218 222 230
0.658042135 -1.11022302e-16 0.658042135 218 222 230
0.658042135 -1.11022302e-16 13.7486604 218 222 230
20.2644972 0 13.7486604 218 222 230
20.5573535 0 13.7816573 218 222 230
20.8355247 0 13.8789937 218 222 230
21.0850623 0 14.0357885 218 222 230
21.2934533 0 14.2441795 218 222 230
21.4502481 0 14.4937171 218 222 230
21.5475845 0 14.7718883 218 222 230
21.5805814 0 15.0647446 218 222 230
21.5805814 -1.11022302e-16 55.0620933 218 222 230
0.658042135 88.13081 -1.11022302e-16 218 222 230
35.8005644 88.13081 -1.11022302e-16 218 222 230
0.658042135 0.658042135 0 218 222 230
35.8005644 0.658042135 0 218 222 230
8.89162142 30.1904658 0 218 222 230
8.89162142 51.0373102 0 218 222 230
10.2077057 52.3533944 0 218 222 230
9.91484939 52.3203975 0 218 222 230
9.63667813 52.2230611 0 218 222 230
9.38714057 52.0662663 0 218 222 230
9.17874958 51.8578753 0 218 222 230
9.02195474 51.6083377 0 218 222 230
8.92461841 51.3301665 0 218 222 230
33.0574197 52.3533944 0 218 222 230
34.373504 51.0373102 0 218 222 230
34.340507 51.3301665 0 218 222 230
34.2431707 51.6083377 0 218 222 230
34.0863759 51.8578753 0 218 222 230
33.8779849 52.0662663 0 218 222 230
33.6284473 52.2230611 0 218 222 230
33.350276 52.3203975 0 218 222 230
34.373504 30.1904658 0 218 222 230
33.0574197 28.8743815 0 218 222 230
33.350276 28.9073785 0 218 222 230
33.6284473 29.0047148 0 218 222 230
33.8779849 29.1615097 0 218 222 230
34.0863759 29.3699007 0 218 222 230
34.2431707 29.6194382 0 218 222 230
34.340507 29.8976095 0 218 222 230
10.2077057 28.8743815 0 218 222 230
9.91484939 28.9073785 0 218 222 230
9.63667813 29.0047148 0 218 222 230
9.38714057 29.1615097 0 218 222 230
9.17874958 29.3699007 0 218 222 230
9.02195474 29.6194382 0 218 222 230
8.92461841 29.8976095 0 218 222 230
0 88.13081 0.658042135 255 79 163
0.0164984902 88.13081 0.511613984 255 79 163
0.0651666575 88.13081 0.372528353 255 79 163
0.143564077 88.13081 0.247759574 255 79 163
0.247759574 88.13081 0.143564077 255 79 163
0.372528353 88.13081 0.0651666575 255 79 163
0.511613984 88.13081 0.0164984902 255 79 163
0.658042135 88.13081 -1.11022302e-16 255 79 163
0 88.13081 0.658042135 255 79 163
0.0164984902 88.2772382 0.658042135 255 79 163
0.0651666575 88.4163238 0.658042135 255 79 163
0.143564077 88.5410926 0.658042135 255 79 163
0.247759574 88.6452881 0.658042135 255 79 163
0.372528353 88.7236855 0.658042135 255 79 163
0.511613984 88.7723537 0.658042135 255 79 163
0.658042135 88.7888522 0.658042135 255 79 163
0.658042135 88.2772382 0.0164984902 255 79 163
0.658042135 88.4163238 0.0651666575 255 79 163
0.658042135 88.5410926 0.143564077 255 79 163
0.658042135 88.6452881 0.247759574 255 79 163
0.658042135 88.7236855 0.372528353 255 79 163
0.658042135 88.7723537 0.511613984 255 79 163
0.0322068745 88.1626204 0.457199461 255 79 163
0.0322068745 88.2231273 0.476859341 255 79 163
0.0322068745 88.2745975 0.514254656 255 79 163
0.125674865 88.2503339 0.290185398 255 79 163
0.0322068745 88.3119928 0.56572489 255 79 163
0.125674865 88.358158 0.345124505 255 79 163
0.271254672 88.2140906 0.132229189 255 79 163
0.0322068745 88.3316527 0.62623178 255 79 163
0.125674865 88.4437277 0.430694169 255 79 163
0.271254672 88.3724997 0.183699424 255 79 163
0.125674865 88.4986668 0.538518236 255 79 163
0.271254672 88.5072505 0.281601628 255 79 163
0.454695932 88.3242038 0.0628374323 255 79 163
0.271254672 88.6051527 0.416352452 255 79 163
0.454695932 88.4986668 0.151730773 255 79 163
0.271254672 88.656623 0.574761545 255 79 163
0.454695932 88.6371214 0.290185398 255 79 163
0.454695932 88.7260147 0.464648403 255 79 163
0.658042135 64.2764875 13.7486604 255 79 163
0.658042135 64.259989 13.8950885 255 79 163
0.658042135 64.2113208 14.0341742 255 79 163
0.658042135 64.1329234 14.1589429 255 79 163
0.658042135 64.0287279 14.2631384 255 79 163
0.658042135 63.9039591 14.3415358 255 79 163
0.658042135 63.7648735 14.390204 255 79 163
0.658042135 63.6184454 14.4067025 255 79 163
0.658042135 64.2764875 13.7486604 255 79 163
0.511613984 64.259989 13.7486604 255 79 163
0.372528353 64.2113208 13.7486604 255 79 163
0.247759574 64.1329234 13.7486604 255 79 163
0.143564077 64.0287279 13.7486604 255 79 163
0.0651666575 63.9039591 13.7486604 255 79 163
0.0164984902 63.7648735 13.7486604 255 79 163
-1.11022302e-16 63.6184454 13.7486604 255 79 163
0.511613984 63.6184454 14.390204 255 79 163
0.372528353 63.6184454 14.3415358 255 79 163
0.247759574 63.6184454 14.2631384 255 79 163
0.143564077 63.6184454 14.1589429 255 79 163
0.0651666575 63.6184454 14.0341742 255 79 163
0.0164984902 63.6184454 13.8950885 255 79 163
0.62623178 64.2442806 13.949503 255 79 163
0.56572489 64.2442806 13.9298432 255 79 163
0.514254656 64.2442806 13.8924478 255 79 163
0.538518236 64.1508126 14.1165171 255 79 163
0.476859341 64.2442806 13.8409776 255 79 163
0.430694169 64.1508126 14.061578 255 79 163
0.574761545 64.0052328 14.2744733 255 79 163
0.457199461 64.2442806 13.7804707 255 79 163
0.345124505 64.1508126 13.9760083 255 79 163
0.416352452 64.0052328 14.2230031 255 79 163
0.290185398 64.1508126 13.8681843 255 79 163
0.281601628 64.0052328 14.1251009 255 79 163
0.464648403 63.8217916 14.3438651 255 79 163
0.183699424 64.0052328 13.9903501 255 79 163
0.290185398 63.8217916 14.2549717 255 79 163
0.132229189 64.0052328 13.831941 255 79 163
0.151730773 63.8217916 14.1165171 255 79 163
0.0628374323 63.8217916 13.9420541 255 79 163
13.397239 88.13081 14.4067025 218 222 230
13.397239 64.9345296 14.4067025 218 222 230
20.2644972 88.13081 14.4067025 218 222 230
20.2644972 0.658042135 14.4067025 218 222 230
0.658042135 0.658042135 14.4067025 218 222 230
0.658042135 63.6184454 14.4067025 218 222 230
12.0811547 63.6184454 14.4067025 218 222 230
12.374011 63.6514423 14.4067025 218 222 230
12.6521823 63.7487787 14.4067025 218 222 230
12.9017198 63.9055735 14.4067025 218 222 230
13.1101108 64.1139645 14.4067025 218 222 230
13.2669056 64.3635021 14.4067025 218 222 230
13.364242 64.6416733 14.4067025 218 222 230
16.199105 79.5488006 14.4067025 218 222 230
16.5638491 79.5930886 14.4067025 218 222 230
16.9073955 79.7233785 14.4067025 218 222 230
17.2097787 79.9320986 14.4067025 218 222 230
17.4534252 80.2071187 14.4067025 218 222 230
17.6241752 80.5324556 14.4067025 218 222 230
17.7121053 80.8892019 14.4067025 218 222 230
17.7121053 81.2566249 14.4067025 218 222 230
17.6241752 81.6133713 14.4067025 218 222 230
17.4534252 81.9387082 14.4067025 218 222 230
17.2097787 82.2137282 14.4067025 218 222 230
16.9073955 82.4224483 14.4067025 218 222 230
16.5638491 82.5527383 14.4067025 218 222 230
16.199105 82.5970262 14.4067025 218 222 230
15.199105 82.5970262 14.4067025 218 222 230
14.8343609 82.5527383 14.4067025 218 222 230
14.4908144 82.4224483 14.4067025 218 222 230
14.1884312 82.2137282 14.4067025 218 222 230
13.9447847 81.9387082 14.4067025 218 222 230
13.7740348 81.6133713 14.4067025 218 222 230
13.6861047 81.2566249 14.4067025 218 222 230
13.6861047 80.8892019 14.4067025 218 222 230
13.7740348 80.5324556 14.4067025 218 222 230
13.9447847 80.2071187 14.4067025 218 222 230
14.1884312 79.9320986 14.4067025 218 222 230
14.4908144 79.7233785 14.4067025 218 222 230
14.8343609 79.5930886 14.4067025 218 222 230
15.199105 79.5488006 14.4067025 218 222 230
0.658042135 88.7888522 0.658042135 218 222 230
35.8005644 88.7888522 0.658042135 218 222 230
0.658042135 88.7888522 11.6161861 218 222 230
12.0811547 88.7888522 11.6161861 218 222 230
12.374011 88.7888522 11.6491831 218 222 230
12.6521823 88.7888522 11.7465194 218 222 230
12.9017198 88.7888522 11.9033142 218 222 230
13.1101108 88.7888522 12.1117052 218 222 230
13.2669056 88.7888522 12.3612428 218 222 230
13.364242 88.7888522 12.6394141 218 222 230
13.397239 88.7888522 12.9322704 218 222 230
13.397239 88.7888522 13.7486604 218 222 230
20.2644972 88.7888522 13.7486604 218 222 230
21.5805814 88.7888522 15.0647446 218 222 230
21.5475845 88.7888522 14.7718883 218 222 230
21.4502481 88.7888522 14.4937171 218 222 230
21.2934533 88.7888522 14.2441795 218 222 230
21.0850623 88.7888522 14.0357885 218 222 230
20.8355247 88.7888522 13.8789937 218 222 230
20.5573535 88.7888522 13.7816573 218 222 230
21.5805814 88.7888522 55.0620933 218 222 230
35.8005644 88.7888522 55.0620933 218 222 230
0.658042135 88.13081 12.2742282 255 79 163
0.511613984 88.13081 12.2577297 255 79 163
0.372528353 88.13081 12.2090616 255 79 163
0.247759574 88.13081 12.1306642 255 79 163
0.143564077 88.13081 12.0264687 255 79 163
0.0651666575 88.13081 11.9016999 255 79 163
0.0164984902 88.13081 11.7626142 255 79 163
-1.11022302e-16 88.13081 11.6161861 255 79 163
0.658042135 88.13081 12.2742282 255 79 163
0.658042135 88.2772382 12.2577297 255 79 163
0.658042135 88.4163238 12.2090616 255 79 163
0.658042135 88.5410926 12.1306642 255 79 163
0.658042135 88.6452881 12.0264687 255 79 163
0.658042135 88.7236855 11.9016999 255 79 163
0.658042135 88.7723537 11.7626142 255 79 163
0.658042135 88.7888522 11.6161861 255 79 163
0.0164984902 88.2772382 11.6161861 255 79 163
0.0651666575 88.4163238 11.6161861 255 79 163
0.143564077 88.5410926 11.6161861 255 79 163
0.247759574 88.6452881 11.6161861 255 79 163
0.372528353 88.7236855 11.6161861 255 79 163
0.511613984 88.7723537 11.6161861 255 79 163
0.457199461 88.1626204 12.2420214 255 79 163
0.476859341 88.2231273 12.2420214 255 79 163
0.514254656 88.2745975 12.2420214 255 79 163
0.290185398 88.2503339 12.1485534 255 79 163
0.56572489 88.3119928 12.2420214 255 79 163
0.345124505 88.358158 12.1485534 255 79 163
0.132229189 88.2140906 12.0029736 255 79 163
0.62623178 88.3316527 12.2420214 255 79 163
0.430694169 88.4437277 12.1485534 255 79 163
0.183699424 88.3724997 12.0029736 255 79 163
0.538518236 88.4986668 12.1485534 255 79 163
0.281601628 88.5072505 12.0029736 255 79 163
0.0628374323 88.3242038 11.8195323 255 79 163
0.416352452 88.6051527 12.0029736 255 79 163
0.151730773 88.4986668 11.8195323 255 79 163
0.574761545 88.656623 12.0029736 255 79 163
0.290185398 88.6371214 11.8195323 255 79 163
0.464648403 88.7260147 11.8195323 255 79 163
12.0811547 64.2764875 13.7486604 218 222 230
12.0811547 64.2764875 12.9322704 218 222 230
0.658042135 64.2764875 12.9322704 218 222 230
0.658042135 64.2764875 13.7486604 218 222 230
0.658042135 88.13081 12.2742282 218 222 230
0.658042135 64.9345296 12.2742282 218 222 230
12.0811547 88.13081 12.2742282 218 222 230
12.0811547 64.9345296 12.2742282 218 222 230
12.0811547 64.2764875 12.9322704 255 79 163
0.658042135 64.2764875 12.9322704 255 79 163
0.658042135 64.9345296 12.2742282 255 79 163
0.658042135 64.7881015 12.2907267 255 79 163
0.658042135 64.6490158 12.3393949 255 79 163
0.658042135 64.5242471 12.4177923 255 79 163
0.658042135 64.4200516 12.5219878 255 79 163
0.658042135 64.3416541 12.6467566 255 79 163
0.658042135 64.292986 12.7858422 255 79 163
12.0811547 64.9345296 12.2742282 255 79 163
12.0811547 64.7881015 12.2907267 255 79 163
12.0811547 64.6490158 12.3393949 255 79 163
12.0811547 64.5242471 12.4177923 255 79 163
12.0811547 64.4200516 12.5219878 255 79 163
12.0811547 64.3416541 12.6467566 255 79 163
12.0811547 64.292986 12.7858422 255 79 163
0.658042135 0.658042135 0 255 79 163
0.658042135 0.511613984 0.0164984902 255 79 163
0.658042135 0.372528353 0.0651666575 255 79 163
0.658042135 0.247759574 0.143564077 255 79 163
0.658042135 0.143564077 0.247759574 255 79 163
0.658042135 0.0651666575 0.372528353 255 79 163
0.658042135 0.0164984902 0.511613984 255 79 163
0.658042135 -1.11022302e-16 0.658042135 255 79 163
35.8005644 0.658042135 0 255 79 163
35.8005644 0.511613984 0.0164984902 255 79 163
35.8005644 0.372528353 0.0651666575 255 79 163
35.8005644 0.247759574 0.143564077 255 79 163
35.8005644 0.143564077 0.247759574 255 79 163
35.8005644 0.0651666575 0.372528353 255 79 163
35.8005644 0.0164984902 0.511613984 255 79 163
35.8005644 -1.11022302e-16 0.658042135 255 79 163
0.658042135 -1.11022302e-16 13.7486604 255 79 163
20.2644972 0 13.7486604 255 79 163
20.2644972 0.0164984902 13.8950885 255 79 163
20.2644972 0.0651666575 14.0341742 255 79 163
20.2644972 0.143564077 14.1589429 255 79 163
20.2644972 0.247759574 14.2631384 255 79 163
20.2644972 0.372528353 14.3415358 255 79 163
20.2644972 0.511613984 14.390204 255 79 163
20.2644972 0.658042135 14.4067025 255 79 163
0.658042135 0.658042135 14.4067025 255 79 163
0.658042135 0.511613984 14.390204 255 79 163
0.658042135 0.372528353 14.3415358 255 79 163
0.658042135 0.247759574 14.2631384 255 79 163
0.658042135 0.143564077 14.1589429 255 79 163
0.658042135 0.0651666575 14.0341742 255 79 163
0.658042135 0.0164984902 13.8950885 255 79 163
35.8005644 -1.11022302e-16 0.658042135 255 79 163
35.8005644 -1.11022302e-16 55.0620933 255 79 163
36.4586066 0.658042135 0.658042135 255 79 163
36.4421081 0.511613984 0.658042135 255 79 163
36.3934399 0.372528353 0.658042135 255 79 163
36.3150425 0.247759574 0.658042135 255 79 163
36.210847 0.143564077 0.658042135 255 79 163
36.0860782 0.0651666575 0.658042135 255 79 163
35.9469926 0.0164984902 0.658042135 255 79 163
36.4586066 0.658042135 55.0620933 255 79 163
36.4421081 0.511613984 55.0620933 255 79 163
36.3934399 0.372528353 55.0620933 255 79 163
36.3150425 0.247759574 55.0620933 255 79 163
36.210847 0.143564077 55.0620933 255 79 163
36.0860782 0.0651666575 55.0620933 255 79 163
35.9469926 0.0164984902 55.0620933 255 79 163
21.5805814 -1.11022302e-16 55.0620933 255 79 163
35.8005644 -1.11022302e-16 55.0620933 255 79 163
35.8005644 0.658042135 55.7201354 255 79 163
35.8005644 0.511613984 55.7036369 255 79 163
35.8005644 0.372528353 55.6549687 255 79 163
35.8005644 0.247759574 55.5765713 255 79 163
35.8005644 0.143564077 55.4723758 255 79 163
35.8005644 0.0651666575 55.3476071 255 79 163
35.8005644 0.0164984902 55.2085214 255 79 163
21.5805814 0.658042135 55.7201354 255 79 163
21.5805814 0.511613984 55.7036369 255 79 163
21.5805814 0.372528353 55.6549687 255 79 163
21.5805814 0.247759574 55.5765713 255 79 163
21.5805814 0.143564077 55.4723758 255 79 163
21.5805814 0.0651666575 55.3476071 255 79 163
21.5805814 0.0164984902 55.2085214 255 79 163
21.5805814 0 15.0647446 255 79 163
21.5805814 -1.11022302e-16 55.0620933 255 79 163
21.4341533 0.0164984902 55.0620933 255 79 163
21.2950677 0.0651666575 55.0620933 255 79 163
21.1702989 0.143564077 55.0620933 255 79 163
21.0661034 0.247759574 55.0620933 255 79 163
20.987706 0.372528353 55.0620933 255 79 163
20.9390378 0.511613984 55.0620933 255 79 163
20.9225393 0.658042135 55.0620933 255 79 163
20.9225393 0.658042135 15.0647446 255 79 163
21.4341533 0.0164984902 15.0647446 255 79 163
21.2950677 0.0651666575 15.0647446 255 79 163
21.1702989 0.143564077 15.0647446 255 79 163
21.0661034 0.247759574 15.0647446 255 79 163
20.987706 0.372528353 15.0647446 255 79 163
20.9390378 0.511613984 15.0647446 255 79 163
20.2644972 0 13.7486604 255 79 163
20.2644972 0.0164984902 13.8950885 255 79 163
20.2644972 0.0651666575 14.0341742 255 79 163
20.2644972 0.143564077 14.1589429 255 79 163
20.2644972 0.247759574 14.2631384 255 79 163
20.2644972 0.372528353 14.3415358 255 79 163
20.2644972 0.511613984 14.390204 255 79 163
20.2644972 0.658042135 14.4067025 255 79 163
20.5573535 0 13.7816573 255 79 163
20.8355247 0 13.8789937 255 79 163
21.0850623 0 14.0357885 255 79 163
21.2934533 0 14.2441795 255 79 163
21.4502481 0 14.4937171 255 79 163
21.5475845 0 14.7718883 255 79 163
21.5805814 0 15.0647446 255 79 163
21.4341533 0.0164984902 15.0647446 255 79 163
21.2950677 0.0651666575 15.0647446 255 79 163
21.1702989 0.143564077 15.0647446 255 79 163
21.0661034 0.247759574 15.0647446 255 79 163
20.987706 0.372528353 15.0647446 255 79 163
20.9390378 0.511613984 15.0647446 255 79 163
20.9225393 0.658042135 15.0647446 255 79 163
20.4109253 0.658042135 14.423201 255 79 163
20.550011 0.658042135 14.4718692 255 79 163
20.6747797 0.658042135 14.5502666 255 79 163
20.7789752 0.658042135 14.6544621 255 79 163
20.8573727 0.658042135 14.7792309 255 79 163
20.9060408 0.658042135 14.9183165 255 79 163
20.5247701 0.0164984902 13.9244142 255 79 163
20.4938207 0.0651666575 14.0600127 255 79 163
20.7719919 0.0164984902 14.0109209 255 79 163
20.466057 0.143564077 14.1816533 255 79 163
20.711645 0.0651666575 14.1362327 255 79 163
20.9937658 0.0164984902 14.1502707 255 79 163
20.4428713 0.247759574 14.2832364 255 79 163
20.6575098 0.143564077 14.2486455 255 79 163
20.9070474 0.0651666575 14.2590122 255 79 163
20.4254263 0.372528353 14.3596682 255 79 163
21.1789712 0.0164984902 14.335476 255 79 163
20.6123011 0.247759574 14.3425224 255 79 163
20.8292553 0.143564077 14.3565603 255 79 163
20.4145966 0.511613984 14.4071162 255 79 163
21.0702296 0.0651666575 14.4221944 255 79 163
20.5782857 0.372528353 14.413156 255 79 163
21.3183209 0.0164984902 14.5572499 255 79 163
20.7642905 0.247759574 14.4380237 255 79 163
20.9726815 0.143564077 14.4999865 255 79 163
20.5571694 0.511613984 14.4570045 255 79 163
21.1930091 0.0651666575 14.6175969 255 79 163
20.7154105 0.372528353 14.4993172 255 79 163
21.4048276 0.0164984902 14.8044717 255 79 163
20.8912182 0.247759574 14.5649513 255 79 163
21.0805963 0.143564077 14.671732 255 79 163
20.6850664 0.511613984 14.5373675 255 79 163
21.2692291 0.0651666575 14.8354211 255 79 163
20.8299246 0.372528353 14.6138313 255 79 163
20.9867194 0.247759574 14.7169407 255 79 163
21.1475885 0.143564077 14.8631848 255 79 163
20.7918743 0.511613984 14.6441754 255 79 163
20.9160858 0.372528353 14.7509561 255 79 163
21.0460054 0.247759574 14.8863705 255 79 163
20.8722373 0.511613984 14.7720724 255 79 163
20.9695736 0.372528353 14.9038155 255 79 163
20.9221257 0.511613984 14.9146452 255 79 163
35.8005644 88.13081 -1.11022302e-16 255 79 163
35.8005644 88.2772382 0.0164984902 255 79 163
35.8005644 88.4163238 0.0651666575 255 79 163
35.8005644 88.5410926 0.143564077 255 79 163
35.8005644 88.6452881 0.247759574 255 79 163
35.8005644 88.7236855 0.372528353 255 79 163
35.8005644 88.7723537 0.511613984 255 79 163
35.8005644 88.7888522 0.658042135 255 79 163
0.658042135 88.13081 -1.11022302e-16 255 79 163
0.658042135 88.2772382 0.0164984902 255 79 163
0.658042135 88.4163238 0.0651666575 255 79 163
0.658042135 88.5410926 0.143564077 255 79 163
0.658042135 88.6452881 0.247759574 255 79 163
0.658042135 88.7236855 0.372528353 255 79 163
0.658042135 88.7723537 0.511613984 255 79 163
0.658042135 88.7888522 0.658042135 255 79 163
35.8005644 0.658042135 0 255 79 163
35.8005644 88.13081 -1.11022302e-16 255 79 163
36.4586066 88.13081 0.658042135 255 79 163
36.4421081 88.13081 0.511613984 255 79 163
36.3934399 88.13081 0.372528353 255 79 163
36.3150425 88.13081 0.247759574 255 79 163
36.210847 88.13081 0.143564077 255 79 163
36.0860782 88.13081 0.0651666575 255 79 163
35.9469926 88.13081 0.0164984902 255 79 163
36.4586066 0.658042135 0.658042135 255 79 163
35.9469926 0.658042135 0.0164984902 255 79 163
36.0860782 0.658042135 0.0651666575 255 79 163
36.210847 0.658042135 0.143564077 255 79 163
36.3150425 0.658042135 0.247759574 255 79 163
36.3934399 0.658042135 0.372528353 255 79 163
36.4421081 0.658042135 0.511613984 255 79 163
8.89162142 30.1904658 0 255 79 163
8.89162142 51.0373102 0 255 79 163
9.03804958 51.0373102 0.0164984902 255 79 163
9.17713521 51.0373102 0.0651666575 255 79 163
9.30190398 51.0373102 0.143564077 255 79 163
9.40609948 51.0373102 0.247759574 255 79 163
9.4844969 51.0373102 0.372528353 255 79 163
9.53316507 51.0373102 0.511613984 255 79 163
9.54966356 51.0373102 0.658042135 255 79 163
9.54966356 30.1904658 0.658042135 255 79 163
9.03804958 30.1904658 0.0164984902 255 79 163
9.17713521 30.1904658 0.0651666575 255 79 163
9.30190398 30.1904658 0.143564077 255 79 163
9.40609948 30.1904658 0.247759574 255 79 163
9.4844969 30.1904658 0.372528353 255 79 163
9.53316507 30.1904658 0.511613984 255 79 163
10.2077057 28.8743815 0 255 79 163
10.2077057 29.0208097 0.0164984902 255 79 163
10.2077057 29.1598953 0.0651666575 255 79 163
10.2077057 29.2846641 0.143564077 255 79 163
10.2077057 29.3888596 0.247759574 255 79 163
10.2077057 29.467257 0.372528353 255 79 163
10.2077057 29.5159252 0.511613984 255 79 163
10.2077057 29.5324236 0.658042135 255 79 163
9.91484939 28.9073785 0 255 79 163
9.63667813 29.0047148 0 255 79 163
9.38714057 29.1615097 0 255 79 163
9.17874958 29.3699007 0 255 79 163
9.02195474 29.6194382 0 255 79 163
8.92461841 29.8976095 0 255 79 163
8.89162142 30.1904658 0 255 79 163
9.03804958 30.1904658 0.0164984902 255 79 163
9.17713521 30.1904658 0.0651666575 255 79 163
9.30190398 30.1904658 0.143564077 255 79 163
9.40609948 30.1904658 0.247759574 255 79 163
9.4844969 30.1904658 0.372528353 255 79 163
9.53316507 30.1904658 0.511613984 255 79 163
9.54966356 30.1904658 0.658042135 255 79 163
10.0612775 29.5489221 0.658042135 255 79 163
9.92219191 29.5975903 0.658042135 255 79 163
9.79742313 29.6759877 0.658042135 255 79 163
9.69322764 29.7801832 0.658042135 255 79 163
9.61483022 29.904952 0.658042135 255 79 163
9.56616205 30.0440376 0.658042135 255 79 163
9.94743272 29.0501354 0.0164984902 255 79 163
9.97838219 29.1857338 0.0651666575 255 79 163
9.70021092 29.136642 0.0164984902 255 79 163
10.0061459 29.3073744 0.143564077 255 79 163
9.76055792 29.2619539 0.0651666575 255 79 163
9.47843703 29.2759918 0.0164984902 255 79 163
10.0293315 29.4089575 0.247759574 255 79 163
9.81469306 29.3743666 0.143564077 255 79 163
9.5651555 29.3847333 0.0651666575 255 79 163
10.0467766 29.4853893 0.372528353 255 79 163
9.29323172 29.4611971 0.0164984902 255 79 163
9.85990179 29.4682435 0.247759574 255 79 163
9.64294757 29.4822815 0.143564077 255 79 163
10.0576063 29.5328373 0.511613984 255 79 163
9.40197324 29.5479156 0.0651666575 255 79 163
9.89391716 29.5388772 0.372528353 255 79 163
9.15388194 29.682971 0.0164984902 255 79 163
9.7079124 29.5637448 0.247759574 255 79 163
9.4995214 29.6257076 0.143564077 255 79 163
9.91503349 29.5827257 0.511613984 255 79 163
9.27919377 29.743318 0.0651666575 255 79 163
9.75679239 29.6250384 0.372528353 255 79 163
9.0673753 29.9301928 0.0164984902 255 79 163
9.58098472 29.6906725 0.247759574 255 79 163
9.39160655 29.7974531 0.143564077 255 79 163
9.78713649 29.6630887 0.511613984 255 79 163
9.20297376 29.9611423 0.0651666575 255 79 163
9.64227829 29.7395525 0.372528353 255 79 163
9.48548345 29.8426619 0.247759574 255 79 163
9.32461432 29.9889059 0.143564077 255 79 163
9.6803286 29.7698966 0.511613984 255 79 163
9.55611709 29.8766772 0.372528353 255 79 163
9.42619742 30.0120916 0.247759574 255 79 163
9.59996559 29.8977936 0.511613984 255 79 163
9.50262926 30.0295367 0.372528353 255 79 163
9.55007721 30.0403664 0.511613984 255 79 163
10.2077057 51.6953523 0.658042135 255 79 163
10.0612775 51.6788538 0.658042135 255 79 163
9.92219191 51.6301856 0.658042135 255 79 163
9.79742313 51.5517882 0.658042135 255 79 163
9.69322764 51.4475927 0.658042135 255 79 163
9.61483022 51.322824 0.658042135 255 79 163
9.56616205 51.1837383 0.658042135 255 79 163
9.54966356 51.0373102 0.658042135 255 79 163
8.89162142 51.0373102 0 255 79 163
9.03804958 51.0373102 0.0164984902 255 79 163
9.17713521 51.0373102 0.0651666575 255 79 163
9.30190398 51.0373102 0.143564077 255 79 163
9.40609948 51.0373102 0.247759574 255 79 163
9.4844969 51.0373102 0.372528353 255 79 163
9.53316507 51.0373102 0.511613984 255 79 163
10.2077057 52.3533944 0 255 79 163
9.91484939 52.3203975 0 255 79 163
9.63667813 52.2230611 0 255 79 163
9.38714057 52.0662663 0 255 79 163
9.17874958 51.8578753 0 255 79 163
9.02195474 51.6083377 0 255 79 163
8.92461841 51.3301665 0 255 79 163
10.2077057 52.2069663 0.0164984902 255 79 163
10.2077057 52.0678807 0.0651666575 255 79 163
10.2077057 51.9431119 0.143564077 255 79 163
10.2077057 51.8389164 0.247759574 255 79 163
10.2077057 51.760519 0.372528353 255 79 163
10.2077057 51.7118508 0.511613984 255 79 163
9.0673753 51.2975831 0.0164984902 255 79 163
9.20297376 51.2666337 0.0651666575 255 79 163
9.15388194 51.5448049 0.0164984902 255 79 163
9.32461432 51.23887 0.143564077 255 79 163
9.27919377 51.4844579 0.0651666575 255 79 163
9.29323172 51.7665788 0.0164984902 255 79 163
9.42619742 51.2156843 0.247759574 255 79 163
9.39160655 51.4303228 0.143564077 255 79 163
9.40197324 51.6798604 0.0651666575 255 79 163
9.50262926 51.1982393 0.372528353 255 79 163
9.47843703 51.9517841 0.0164984902 255 79 163
9.48548345 51.3851141 0.247759574 255 79 163
9.4995214 51.6020683 0.143564077 255 79 163
9.55007721 51.1874096 0.511613984 255 79 163
9.5651555 51.8430426 0.0651666575 255 79 163
9.55611709 51.3510987 0.372528353 255 79 163
9.70021092 52.0911339 0.0164984902 255 79 163
9.58098472 51.5371035 0.247759574 255 79 163
9.64294757 51.7454945 0.143564077 255 79 163
9.59996559 51.3299824 0.511613984 255 79 163
9.76055792 51.9658221 0.0651666575 255 79 163
9.64227829 51.4882235 0.372528353 255 79 163
9.94743272 52.1776406 0.0164984902 255 79 163
9.7079124 51.6640311 0.247759574 255 79 163
9.81469306 51.8534093 0.143564077 255 79 163
9.6803286 51.4578794 0.511613984 255 79 163
9.97838219 52.0420421 0.0651666575 255 79 163
9.75679239 51.6027376 0.372528353 255 79 163
9.85990179 51.7595324 0.247759574 255 79 163
10.0061459 51.9204015 0.143564077 255 79 163
9.78713649 51.5646873 0.511613984 255 79 163
9.89391716 51.6888988 0.372528353 255 79 163
10.0293315 51.8188184 0.247759574 255 79 163
9.91503349 51.6450503 0.511613984 255 79 163
10.0467766 51.7423866 0.372528353 255 79 163
10.0576063 51.6949387 0.511613984 255 79 163
33.0574197 28.8743815 0 255 79 163
10.2077057 28.8743815 0 255 79 163
10.2077057 29.0208097 0.0164984902 255 79 163
10.2077057 29.1598953 0.0651666575 255 79 163
10.2077057 29.2846641 0.143564077 255 79 163
10.2077057 29.3888596 0.247759574 255 79 163
10.2077057 29.467257 0.372528353 255 79 163
10.2077057 29.5159252 0.511613984 255 79 163
10.2077057 29.5324236 0.658042135 255 79 163
33.0574197 29.5324236 0.658042135 255 79 163
33.0574197 29.0208097 0.0164984902 255 79 163
33.0574197 29.1598953 0.0651666575 255 79 163
33.0574197 29.2846641 0.143564077 255 79 163
33.0574197 29.3888596 0.247759574 255 79 163
33.0574197 29.467257 0.372528353 255 79 163
33.0574197 29.5159252 0.511613984 255 79 163
10.2077057 52.3533944 0 255 79 163
33.0574197 52.3533944 0 255 79 163
33.0574197 52.2069663 0.0164984902 255 79 163
33.0574197 52.0678807 0.0651666575 255 79 163
33.0574197 51.9431119 0.143564077 255 79 163
33.0574197 51.8389164 0.247759574 255 79 163
33.0574197 51.760519 0.372528353 255 79 163
33.0574197 51.7118508 0.511613984 255 79 163
33.0574197 51.6953523 0.658042135 255 79 163
10.2077057 51.6953523 0.658042135 255 79 163
10.2077057 52.2069663 0.0164984902 255 79 163
10.2077057 52.0678807 0.0651666575 255 79 163
10.2077057 51.9431119 0.143564077 255 79 163
10.2077057 51.8389164 0.247759574 255 79 163
10.2077057 51.760519 0.372528353 255 79 163
10.2077057 51.7118508 0.511613984 255 79 163
33.0574197 29.5324236 0.658042135 255 79 163
33.2038479 29.5489221 0.658042135 255 79 163
33.3429335 29.5975903 0.658042135 255 79 163
33.4677023 29.6759877 0.658042135 255 79 163
33.5718978 29.7801832 0.658042135 255 79 163
33.6502952 29.904952 0.658042135 255 79 163
33.6989634 30.0440376 0.658042135 255 79 163
33.7154619 30.1904658 0.658042135 255 79 163
34.373504 30.1904658 0 255 79 163
34.2270759 30.1904658 0.0164984902 255 79 163
34.0879902 30.1904658 0.0651666575 255 79 163
33.9632214 30.1904658 0.143564077 255 79 163
33.8590259 30.1904658 0.247759574 255 79 163
33.7806285 30.1904658 0.372528353 255 79 163
33.7319604 30.1904658 0.511613984 255 79 163
33.0574197 28.8743815 0 255 79 163
33.350276 28.9073785 0 255 79 163
33.6284473 29.0047148 0 255 79 163
33.8779849 29.1615097 0 255 79 163
34.0863759 29.3699007 0 255 79 163
34.2431707 29.6194382 0 255 79 163
34.340507 29.8976095 0 255 79 163
33.0574197 29.0208097 0.0164984902 255 79 163
33.0574197 29.1598953 0.0651666575 255 79 163
33.0574197 29.2846641 0.143564077 255 79 163
33.0574197 29.3888596 0.247759574 255 79 163
33.0574197 29.467257 0.372528353 255 79 163
33.0574197 29.5159252 0.511613984 255 79 163
34.1977501 29.9301928 0.0164984902 255 79 163
34.0621517 29.9611423 0.0651666575 255 79 163
34.1112435 29.682971 0.0164984902 255 79 163
33.9405111 29.9889059 0.143564077 255 79 163
33.9859317 29.743318 0.0651666575 255 79 163
33.9718937 29.4611971 0.0164984902 255 79 163
33.838928 30.0120916 0.247759574 255 79 163
33.8735189 29.7974531 0.143564077 255 79 163
33.8631522 29.5479156 0.0651666575 255 79 163
33.7624962 30.0295367 0.372528353 255 79 163
33.7866884 29.2759918 0.0164984902 255 79 163
33.779642 29.8426619 0.247759574 255 79 163
33.765604 29.6257076 0.143564077 255 79 163
33.7150482 30.0403664 0.511613984 255 79 163
33.6999699 29.3847333 0.0651666575 255 79 163
33.7090083 29.8766772 0.372528353 255 79 163
33.5649145 29.136642 0.0164984902 255 79 163
33.6841407 29.6906725 0.247759574 255 79 163
33.6221779 29.4822815 0.143564077 255 79 163
33.6651598 29.8977936 0.511613984 255 79 163
33.5045675 29.2619539 0.0651666575 255 79 163
33.6228471 29.7395525 0.372528353 255 79 163
33.3176927 29.0501354 0.0164984902 255 79 163
33.557213 29.5637448 0.247759574 255 79 163
33.4504324 29.3743666 0.143564077 255 79 163
33.5847968 29.7698966 0.511613984 255 79 163
33.2867432 29.1857338 0.0651666575 255 79 163
33.508333 29.6250384 0.372528353 255 79 163
33.4052236 29.4682435 0.247759574 255 79 163
33.2589796 29.3073744 0.143564077 255 79 163
33.4779889 29.6630887 0.511613984 255 79 163
33.3712083 29.5388772 0.372528353 255 79 163
33.2357939 29.4089575 0.247759574 255 79 163
33.3500919 29.5827257 0.511613984 255 79 163
33.2183488 29.4853893 0.372528353 255 79 163
33.2075191 29.5328373 0.511613984 255 79 163
33.7154619 51.0373102 0.658042135 255 79 163
33.6989634 51.1837383 0.658042135 255 79 163
33.6502952 51.322824 0.658042135 255 79 163
33.5718978 51.4475927 0.658042135 255 79 163
33.4677023 51.5517882 0.658042135 255 79 163
33.3429335 51.6301856 0.658042135 255 79 163
33.2038479 51.6788538 0.658042135 255 79 163
33.0574197 51.6953523 0.658042135 255 79 163
33.0574197 52.3533944 0 255 79 163
33.0574197 52.2069663 0.0164984902 255 79 163
33.0574197 52.0678807 0.0651666575 255 79 163
33.0574197 51.9431119 0.143564077 255 79 163
33.0574197 51.8389164 0.247759574 255 79 163
33.0574197 51.760519 0.372528353 255 79 163
33.0574197 51.7118508 0.511613984 255 79 163
34.373504 51.0373102 0 255 79 163
34.340507 51.3301665 0 255 79 163
34.2431707 51.6083377 0 255 79 163
34.0863759 51.8578753 0 255 79 163
33.8779849 52.0662663 0 255 79 163
33.6284473 52.2230611 0 255 79 163
33.350276 52.3203975 0 255 79 163
34.2270759 51.0373102 0.0164984902 255 79 163
34.0879902 51.0373102 0.0651666575 255 79 163
33.9632214 51.0373102 0.143564077 255 79 163
33.8590259 51.0373102 0.247759574 255 79 163
33.7806285 51.0373102 0.372528353 255 79 163
33.7319604 51.0373102 0.511613984 255 79 163
33.3176927 52.1776406 0.0164984902 255 79 163
33.2867432 52.0420421 0.0651666575 255 79 163
33.5649145 52.0911339 0.0164984902 255 79 163
33.2589796 51.9204015 0.143564077 255 79 163
33.5045675 51.9658221 0.0651666575 255 79 163
33.7866884 51.9517841 0.0164984902 255 79 163
33.2357939 51.8188184 0.247759574 255 79 163
33.4504324 51.8534093 0.143564077 255 79 163
33.6999699 51.8430426 0.0651666575 255 79 163
33.2183488 51.7423866 0.372528353 255 79 163
33.9718937 51.7665788 0.0164984902 255 79 163
33.4052236 51.7595324 0.247759574 255 79 163
33.6221779 51.7454945 0.143564077 255 79 163
33.2075191 51.6949387 0.511613984 255 79 163
33.8631522 51.6798604 0.0651666575 255 79 163
33.3712083 51.6888988 0.372528353 255 79 163
34.1112435 51.5448049 0.0164984902 255 79 163
33.557213 51.6640311 0.247759574 255 79 163
33.765604 51.6020683 0.143564077 255 79 163
33.3500919 51.6450503 0.511613984 255 79 163
33.9859317 51.4844579 0.0651666575 255 79 163
33.508333 51.6027376 0.372528353 255 79 163
34.1977501 51.2975831 0.0164984902 255 79 163
33.6841407 51.5371035 0.247759574 255 79 163
33.8735189 51.4303228 0.143564077 255 79 163
33.4779889 51.5646873 0.511613984 255 79 163
34.0621517 51.2666337 0.0651666575 255 79 163
33.6228471 51.4882235 0.372528353 255 79 163
33.779642 51.3851141 0.247759574 255 79 163
33.9405111 51.23887 0.143564077 255 79 163
33.5847968 51.4578794 0.511613984 255 79 163
33.7090083 51.3510987 0.372528353 255 79 163
33.838928 51.2156843 0.247759574 255 79 163
33.6651598 51.3299824 0.511613984 255 79 163
33.7624962 51.1982393 0.372528353 255 79 163
33.7150482 51.1874096 0.511613984 255 79 163
34.373504 51.0373102 0 255 79 163
34.373504 30.1904658 0 255 79 163
34.2270759 30.1904658 0.0164984902 255 79 163
34.0879902 30.1904658 0.0651666575 255 79 163
33.9632214 30.1904658 0.143564077 255 79 163
33.8590259 30.1904658 0.247759574 255 79 163
33.7806285 30.1904658 0.372528353 255 79 163
33.7319604 30.1904658 0.511613984 255 79 163
33.7154619 30.1904658 0.658042135 255 79 163
33.7154619 51.0373102 0.658042135 255 79 163
34.2270759 51.0373102 0.0164984902 255 79 163
34.0879902 51.0373102 0.0651666575 255 79 163
33.9632214 51.0373102 0.143564077 255 79 163
33.8590259 51.0373102 0.247759574 255 79 163
33.7806285 51.0373102 0.372528353 255 79 163
33.7319604 51.0373102 0.511613984 255 79 163
0.658042135 63.6184454 14.4067025 255 79 163
12.0811547 63.6184454 14.4067025 255 79 163
12.0811547 63.7648735 14.390204 255 79 163
12.0811547 63.9039591 14.3415358 255 79 163
12.0811547 64.0287279 14.2631384 255 79 163
12.0811547 64.1329234 14.1589429 255 79 163
12.0811547 64.2113208 14.0341742 255 79 163
12.0811547 64.259989 13.8950885 255 79 163
12.0811547 64.2764875 13.7486604 255 79 163
0.658042135 64.2764875 13.7486604 255 79 163
0.658042135 64.259989 13.8950885 255 79 163
0.658042135 64.2113208 14.0341742 255 79 163
0.658042135 64.1329234 14.1589429 255 79 163
0.658042135 64.0287279 14.2631384 255 79 163
0.658042135 63.9039591 14.3415358 255 79 163
0.658042135 63.7648735 14.390204 255 79 163
16.199105 79.5488006 14.4067025 255 79 163
16.199105 79.6952288 14.390204 255 79 163
16.199105 79.8343144 14.3415358 255 79 163
16.199105 79.9590832 14.2631384 255 79 163
16.199105 80.0632787 14.1589429 255 79 163
16.199105 80.1416761 14.0341742 255 79 163
16.199105 80.1903443 13.8950885 255 79 163
16.199105 80.2068427 13.7486604 255 79 163
16.5638491 79.5930886 14.4067025 255 79 163
16.9073955 79.7233785 14.4067025 255 79 163
17.2097787 79.9320986 14.4067025 255 79 163
17.4534252 80.2071187 14.4067025 255 79 163
17.6241752 80.5324556 14.4067025 255 79 163
17.7121053 80.8892019 14.4067025 255 79 163
17.7121053 81.2566249 14.4067025 255 79 163
17.6241752 81.6133713 14.4067025 255 79 163
17.4534252 81.9387082 14.4067025 255 79 163
17.2097787 82.2137282 14.4067025 255 79 163
16.9073955 82.4224483 14.4067025 255 79 163
16.5638491 82.5527383 14.4067025 255 79 163
16.199105 82.5970262 14.4067025 255 79 163
16.199105 82.4505981 14.390204 255 79 163
16.199105 82.3115125 14.3415358 255 79 163
16.199105 82.1867437 14.2631384 255 79 163
16.199105 82.0825482 14.1589429 255 79 163
16.199105 82.0041508 14.0341742 255 79 163
16.199105 81.9554826 13.8950885 255 79 163
16.199105 81.9389841 13.7486604 255 79 163
16.4063693 80.2320092 13.7486604 255 79 163
16.6015881 80.3060459 13.7486604 255 79 163
16.7734161 80.4246502 13.7486604 255 79 163
16.9118672 80.5809292 13.7486604 255 79 163
17.0088951 80.7658005 13.7486604 255 79 163
17.058861 80.9685201 13.7486604 255 79 163
17.058861 81.1773067 13.7486604 255 79 163
17.0088951 81.3800263 13.7486604 255 79 163
16.9118672 81.5648976 13.7486604 255 79 163
16.7734161 81.7211766 13.7486604 255 79 163
16.6015881 81.8397809 13.7486604 255 79 163
16.4063693 81.9138177 13.7486604 255 79 163
16.5288065 79.7352618 14.390204 255 79 163
16.4955211 79.8703058 14.3415358 255 79 163
16.839347 79.8530342 14.390204 255 79 163
16.465662 79.9914491 14.2631384 255 79 163
16.7747107 79.9761884 14.3415358 255 79 163
16.4407264 80.0926168 14.1589429 255 79 163
17.1126789 80.0417016 14.390204 255 79 163
16.7167277 80.0866657 14.2631384 255 79 163
16.4219647 80.1687362 14.0341742 255 79 163
17.0204481 80.1458087 14.3415358 255 79 163
16.6683057 80.1789262 14.1589429 255 79 163
16.4103176 80.2159901 13.8950885 255 79 163
17.3329172 80.2902993 14.390204 255 79 163
16.9377111 80.2391995 14.2631384 255 79 163
16.6318726 80.2483437 14.0341742 255 79 163
17.218452 80.369309 14.3415358 255 79 163
16.8686167 80.317191 14.1589429 255 79 163
16.6092553 80.2914372 13.8950885 255 79 163
17.4872625 80.5843797 14.390204 255 79 163
17.1157693 80.4401857 14.2631384 255 79 163
16.8166296 80.3758723 14.0341742 255 79 163
17.3572152 80.6337002 14.3415358 255 79 163
17.0300181 80.4993755 14.1589429 255 79 163
16.7843566 80.4123009 13.8950885 255 79 163
17.5667448 80.9068519 14.390204 255 79 163
17.2405544 80.6779438 14.2631384 255 79 163
16.9654983 80.5439103 14.0341742 255 79 163
17.4286732 80.9236168 14.3415358 255 79 163
17.1431299 80.714892 14.1589429 255 79 163
16.9254452 80.571557 13.8950885 255 79 163
17.5667448 81.238975 14.390204 255 79 163
17.3048142 80.938656 14.2631384 255 79 163
17.069827 80.7426921 14.0341742 255 79 163
17.4286732 81.22221 14.3415358 255 79 163
17.2013784 80.9512154 14.1589429 255 79 163
17.0243215 80.7599501 13.8950885 255 79 163
17.4872625 81.5614471 14.390204 255 79 163
17.3048142 81.2071708 14.2631384 255 79 163
17.1235526 80.9606652 14.0341742 255 79 163
17.3572152 81.5121267 14.3415358 255 79 163
17.2013784 81.1946114 14.1589429 255 79 163
17.0752392 80.9665315 13.8950885 255 79 163
17.3329172 81.8555275 14.390204 255 79 163
17.2405544 81.4678831 14.2631384 255 79 163
17.1235526 81.1851617 14.0341742 255 79 163
17.218452 81.7765179 14.3415358 255 79 163
17.1431299 81.4309348 14.1589429 255 79 163
17.0752392 81.1792954 13.8950885 255 79 163
17.1126789 82.1041252 14.390204 255 79 163
17.1157693 81.7056411 14.2631384 255 79 163
17.069827 81.4031347 14.0341742 255 79 163
17.0204481 82.0000181 14.3415358 255 79 163
17.0300181 81.6464513 14.1589429 255 79 163
17.0243215 81.3858768 13.8950885 255 79 163
16.839347 82.2927926 14.390204 255 79 163
16.9377111 81.9066273 14.2631384 255 79 163
16.9654983 81.6019165 14.0341742 255 79 163
16.7747107 82.1696384 14.3415358 255 79 163
16.8686167 81.8286359 14.1589429 255 79 163
16.9254452 81.5742699 13.8950885 255 79 163
16.5288065 82.4105651 14.390204 255 79 163
16.7167277 82.0591611 14.2631384 255 79 163
16.8166296 81.7699546 14.0341742 255 79 163
16.4955211 82.275521 14.3415358 255 79 163
16.6683057 81.9669006 14.1589429 255 79 163
16.7843566 81.7335259 13.8950885 255 79 163
16.465662 82.1543778 14.2631384 255 79 163
16.6318726 81.8974831 14.0341742 255 79 163
16.4407264 82.05321 14.1589429 255 79 163
16.6092553 81.8543896 13.8950885 255 79 163
16.4219647 81.9770907 14.0341742 255 79 163
16.4103176 81.9298367 13.8950885 255 79 163
15.199105 79.5488006 14.4067025 255 79 163
16.199105 79.5488006 14.4067025 255 79 163
16.199105 79.6952288 14.390204 255 79 163
16.199105 79.8343144 14.3415358 255 79 163
16.199105 79.9590832 14.2631384 255 79 163
16.199105 80.0632787 14.1589429 255 79 163
16.199105 80.1416761 14.0341742 255 79 163
16.199105 80.1903443 13.8950885 255 79 163
16.199105 80.2068427 13.7486604 255 79 163
15.199105 80.2068427 13.7486604 255 79 163
15.199105 79.6952288 14.390204 255 79 163
15.199105 79.8343144 14.3415358 255 79 163
15.199105 79.9590832 14.2631384 255 79 163
15.199105 80.0632787 14.1589429 255 79 163
15.199105 80.1416761 14.0341742 255 79 163
15.199105 80.1903443 13.8950885 255 79 163
16.199105 82.5970262 14.4067025 255 79 163
15.199105 82.5970262 14.4067025 255 79 163
15.199105 82.4505981 14.390204 255 79 163
15.199105 82.3115125 14.3415358 255 79 163
15.199105 82.1867437 14.2631384 255 79 163
15.199105 82.0825482 14.1589429 255 79 163
15.199105 82.0041508 14.0341742 255 79 163
15.199105 81.9554826 13.8950885 255 79 163
15.199105 81.9389841 13.7486604 255 79 163
16.199105 81.9389841 13.7486604 255 79 163
16.199105 82.4505981 14.390204 255 79 163
16.199105 82.3115125 14.3415358 255 79 163
16.199105 82.1867437 14.2631384 255 79 163
16.199105 82.0825482 14.1589429 255 79 163
16.199105 82.0041508 14.0341742 255 79 163
16.199105 81.9554826 13.8950885 255 79 163
15.199105 82.5970262 14.4067025 255 79 163
15.199105 82.4505981 14.390204 255 79 163
15.199105 82.3115125 14.3415358 255 79 163
15.199105 82.1867437 14.2631384 255 79 163
15.199105 82.0825482 14.1589429 255 79 163
15.199105 82.0041508 14.0341742 255 79 163
15.199105 81.9554826 13.8950885 255 79 163
15.199105 81.9389841 13.7486604 255 79 163
14.8343609 82.5527383 14.4067025 255 79 163
14.4908144 82.4224483 14.4067025 255 79 163
14.1884312 82.2137282 14.4067025 255 79 163
13.9447847 81.9387082 14.4067025 255 79 163
13.7740348 81.6133713 14.4067025 255 79 163
13.6861047 81.2566249 14.4067025 255 79 163
13.6861047 80.8892019 14.4067025 255 79 163
13.7740348 80.5324556 14.4067025 255 79 163
13.9447847 80.2071187 14.4067025 255 79 163
14.1884312 79.9320986 14.4067025 255 79 163
14.4908144 79.7233785 14.4067025 255 79 163
14.8343609 79.5930886 14.4067025 255 79 163
15.199105 79.5488006 14.4067025 255 79 163
15.199105 79.6952288 14.390204 255 79 163
15.199105 79.8343144 14.3415358 255 79 163
15.199105 79.9590832 14.2631384 255 79 163
15.199105 80.0632787 14.1589429 255 79 163
15.199105 80.1416761 14.0341742 255 79 163
15.199105 80.1903443 13.8950885 255 79 163
15.199105 80.2068427 13.7486604 255 79 163
14.9918407 81.9138177 13.7486604 255 79 163
14.7966219 81.8397809 13.7486604 255 79 163
14.6247939 81.7211766 13.7486604 255 79 163
14.4863428 81.5648976 13.7486604 255 79 163
14.3893148 81.3800263 13.7486604 255 79 163
14.3393489 81.1773067 13.7486604 255 79 163
14.3393489 80.9685201 13.7486604 255 79 163
14.3893148 80.7658005 13.7486604 255 79 163
14.4863428 80.5809292 13.7486604 255 79 163
14.6247939 80.4246502 13.7486604 255 79 163
14.7966219 80.3060459 13.7486604 255 79 163
14.9918407 80.2320092 13.7486604 255 79 163
14.8694035 82.4105651 14.390204 255 79 163
14.9026888 82.275521 14.3415358 255 79 163
14.558863 82.2927926 14.390204 255 79 163
14.932548 82.1543778 14.2631384 255 79 163
14.6234993 82.1696384 14.3415358 255 79 163
14.9574836 82.05321 14.1589429 255 79 163
14.2855311 82.1041252 14.390204 255 79 163
14.6814823 82.0591611 14.2631384 255 79 163
14.9762453 81.9770907 14.0341742 255 79 163
14.3777619 82.0000181 14.3415358 255 79 163
14.7299043 81.9669006 14.1589429 255 79 163
14.9878924 81.9298367 13.8950885 255 79 163
14.0652927 81.8555275 14.390204 255 79 163
14.4604989 81.9066273 14.2631384 255 79 163
14.7663374 81.8974831 14.0341742 255 79 163
14.179758 81.7765179 14.3415358 255 79 163
14.5295933 81.8286359 14.1589429 255 79 163
14.7889546 81.8543896 13.8950885 255 79 163
13.9109475 81.5614471 14.390204 255 79 163
14.2824407 81.7056411 14.2631384 255 79 163
14.5815804 81.7699546 14.0341742 255 79 163
14.0409948 81.5121267 14.3415358 255 79 163
14.3681919 81.6464513 14.1589429 255 79 163
14.6138534 81.7335259 13.8950885 255 79 163
13.8314652 81.238975 14.390204 255 79 163
14.1576556 81.4678831 14.2631384 255 79 163
14.4327117 81.6019165 14.0341742 255 79 163
13.9695367 81.22221 14.3415358 255 79 163
14.2550801 81.4309348 14.1589429 255 79 163
14.4727648 81.5742699 13.8950885 255 79 163
13.8314652 80.9068519 14.390204 255 79 163
14.0933958 81.2071708 14.2631384 255 79 163
14.328383 81.4031347 14.0341742 255 79 163
13.9695367 80.9236168 14.3415358 255 79 163
14.1968316 81.1946114 14.1589429 255 79 163
14.3738885 81.3858768 13.8950885 255 79 163
13.9109475 80.5843797 14.390204 255 79 163
14.0933958 80.938656 14.2631384 255 79 163
14.2746574 81.1851617 14.0341742 255 79 163
14.0409948 80.6337002 14.3415358 255 79 163
14.1968316 80.9512154 14.1589429 255 79 163
14.3229707 81.1792954 13.8950885 255 79 163
14.0652927 80.2902993 14.390204 255 79 163
14.1576556 80.6779438 14.2631384 255 79 163
14.2746574 80.9606652 14.0341742 255 79 163
14.179758 80.369309 14.3415358 255 79 163
14.2550801 80.714892 14.1589429 255 79 163
14.3229707 80.9665315 13.8950885 255 79 163
14.2855311 80.0417016 14.390204 255 79 163
14.2824407 80.4401857 14.2631384 255 79 163
14.328383 80.7426921 14.0341742 255 79 163
14.3777619 80.1458087 14.3415358 255 79 163
14.3681919 80.4993755 14.1589429 255 79 163
14.3738885 80.7599501 13.8950885 255 79 163
14.558863 79.8530342 14.390204 255 79 163
14.4604989 80.2391995 14.2631384 255 79 163
14.4327117 80.5439103 14.0341742 255 79 163
14.6234993 79.9761884 14.3415358 255 79 163
14.5295933 80.317191 14.1589429 255 79 163
14.4727648 80.571557 13.8950885 255 79 163
14.8694035 79.7352618 14.390204 255 79 163
14.6814823 80.0866657 14.2631384 255 79 163
14.5815804 80.3758723 14.0341742 255 79 163
14.9026888 79.8703058 14.3415358 255 79 163
14.7299043 80.1789262 14.1589429 255 79 163
14.6138534 80.4123009 13.8950885 255 79 163
14.932548 79.9914491 14.2631384 255 79 163
14.7663374 80.2483437 14.0341742 255 79 163
14.9574836 80.0926168 14.1589429 255 79 163
14.7889546 80.2914372 13.8950885 255 79 163
14.9762453 80.1687362 14.0341742 255 79 163
14.9878924 80.2159901 13.8950885 255 79 163
13.397239 88.13081 14.4067025 255 79 163
13.397239 64.9345296 14.4067025 255 79 163
12.7391968 88.13081 13.7486604 255 79 163
12.7556953 88.13081 13.8950885 255 79 163
12.8043635 88.13081 14.0341742 255 79 163
12.8827609 88.13081 14.1589429 255 79 163
12.9869564 88.13081 14.2631384 255 79 163
13.1117252 88.13081 14.3415358 255 79 163
13.2508108 88.13081 14.390204 255 79 163
12.7391968 64.9345296 13.7486604 255 79 163
13.2508108 64.9345296 14.390204 255 79 163
13.1117252 64.9345296 14.3415358 255 79 163
12.9869564 64.9345296 14.2631384 255 79 163
12.8827609 64.9345296 14.1589429 255 79 163
12.8043635 64.9345296 14.0341742 255 79 163
12.7556953 64.9345296 13.8950885 255 79 163
13.397239 88.13081 14.4067025 255 79 163
20.2644972 88.13081 14.4067025 255 79 163
20.2644972 88.7888522 13.7486604 255 79 163
20.2644972 88.7723537 13.8950885 255 79 163
20.2644972 88.7236855 14.0341742 255 79 163
20.2644972 88.6452881 14.1589429 255 79 163
20.2644972 88.5410926 14.2631384 255 79 163
20.2644972 88.4163238 14.3415358 255 79 163
20.2644972 88.2772382 14.390204 255 79 163
13.397239 88.7888522 13.7486604 255 79 163
13.397239 88.7723537 13.8950885 255 79 163
13.397239 88.7236855 14.0341742 255 79 163
13.397239 88.6452881 14.1589429 255 79 163
13.397239 88.5410926 14.2631384 255 79 163
13.397239 88.4163238 14.3415358 255 79 163
13.397239 88.2772382 14.390204 255 79 163
12.0811547 63.6184454 14.4067025 255 79 163
12.0811547 63.7648735 14.390204 255 79 163
12.0811547 63.9039591 14.3415358 255 79 163
12.0811547 64.0287279 14.2631384 255 79 163
12.0811547 64.1329234 14.1589429 255 79 163
12.0811547 64.2113208 14.0341742 255 79 163
12.0811547 64.259989 13.8950885 255 79 163
12.0811547 64.2764875 13.7486604 255 79 163
12.374011 63.6514423 14.4067025 255 79 163
12.6521823 63.7487787 14.4067025 255 79 163
12.9017198 63.9055735 14.4067025 255 79 163
13.1101108 64.1139645 14.4067025 255 79 163
13.2669056 64.3635021 14.4067025 255 79 163
13.364242 64.6416733 14.4067025 255 79 163
13.397239 64.9345296 14.4067025 255 79 163
13.2508108 64.9345296 14.390204 255 79 163
13.1117252 64.9345296 14.3415358 255 79 163
12.9869564 64.9345296 14.2631384 255 79 163
12.8827609 64.9345296 14.1589429 255 79 163
12.8043635 64.9345296 14.0341742 255 79 163
12.7556953 64.9345296 13.8950885 255 79 163
12.7391968 64.9345296 13.7486604 255 79 163
12.2275828 64.292986 13.7486604 255 79 163
12.3666685 64.3416541 13.7486604 255 79 163
12.4914373 64.4200516 13.7486604 255 79 163
12.5956328 64.5242471 13.7486604 255 79 163
12.6740302 64.6490158 13.7486604 255 79 163
12.7226983 64.7881015 13.7486604 255 79 163
12.3414277 63.7941992 14.390204 255 79 163
12.3104782 63.9297977 14.3415358 255 79 163
12.5886495 63.8807059 14.390204 255 79 163
12.2827145 64.0514383 14.2631384 255 79 163
12.5283025 64.0060177 14.3415358 255 79 163
12.8104234 64.0200556 14.390204 255 79 163
12.2595289 64.1530214 14.1589429 255 79 163
12.4741673 64.1184305 14.2631384 255 79 163
12.7237049 64.1287972 14.3415358 255 79 163
12.2420838 64.2294532 14.0341742 255 79 163
12.9956287 64.205261 14.390204 255 79 163
12.4289586 64.2123074 14.1589429 255 79 163
12.6459128 64.2263453 14.2631384 255 79 163
12.2312541 64.2769011 13.8950885 255 79 163
12.8868871 64.2919794 14.3415358 255 79 163
12.3949432 64.282941 14.0341742 255 79 163
13.1349784 64.4270349 14.390204 255 79 163
12.580948 64.3078086 14.1589429 255 79 163
12.789339 64.3697715 14.2631384 255 79 163
12.3738269 64.3267895 13.8950885 255 79 163
13.0096666 64.4873818 14.3415358 255 79 163
12.532068 64.3691022 14.0341742 255 79 163
13.2214851 64.6742566 14.390204 255 79 163
12.7078757 64.4347363 14.1589429 255 79 163
12.8972538 64.541517 14.2631384 255 79 163
12.5017239 64.4071525 13.8950885 255 79 163
13.0858866 64.7052061 14.3415358 255 79 163
12.6465821 64.4836163 14.0341742 255 79 163
12.8033769 64.5867257 14.1589429 255 79 163
12.9642461 64.7329698 14.2631384 255 79 163
12.6085318 64.5139604 13.8950885 255 79 163
12.7327433 64.6207411 14.0341742 255 79 163
12.862663 64.7561555 14.1589429 255 79 163
12.6888948 64.6418574 13.8950885 255 79 163
12.7862311 64.7736005 14.0341742 255 79 163
12.7387832 64.7844302 13.8950885 255 79 163
20.2644972 88.13081 14.4067025 255 79 163
20.2644972 0.658042135 14.4067025 255 79 163
20.9225393 88.13081 15.0647446 255 79 163
20.9060408 88.13081 14.9183165 255 79 163
20.8573727 88.13081 14.7792309 255 79 163
20.7789752 88.13081 14.6544621 255 79 163
20.6747797 88.13081 14.5502666 255 79 163
20.550011 88.13081 14.4718692 255 79 163
20.4109253 88.13081 14.423201 255 79 163
20.9225393 0.658042135 15.0647446 255 79 163
20.4109253 0.658042135 14.423201 255 79 163
20.550011 0.658042135 14.4718692 255 79 163
20.6747797 0.658042135 14.5502666 255 79 163
20.7789752 0.658042135 14.6544621 255 79 163
20.8573727 0.658042135 14.7792309 255 79 163
20.9060408 0.658042135 14.9183165 255 79 163
35.8005644 88.7888522 0.658042135 255 79 163
35.8005644 88.7888522 55.0620933 255 79 163
35.9469926 88.7723537 55.0620933 255 79 163
36.0860782 88.7236855 55.0620933 255 79 163
36.210847 88.6452881 55.0620933 255 79 163
36.3150425 88.5410926 55.0620933 255 79 163
36.3934399 88.4163238 55.0620933 255 79 163
36.4421081 88.2772382 55.0620933 255 79 163
36.4586066 88.13081 55.0620933 255 79 163
36.4586066 88.13081 0.658042135 255 79 163
36.4421081 88.2772382 0.658042135 255 79 163
36.3934399 88.4163238 0.658042135 255 79 163
36.3150425 88.5410926 0.658042135 255 79 163
36.210847 88.6452881 0.658042135 255 79 163
36.0860782 88.7236855 0.658042135 255 79 163
35.9469926 88.7723537 0.658042135 255 79 163
12.0811547 88.7888522 11.6161861 255 79 163
12.0811547 88.7723537 11.7626142 255 79 163
12.0811547 88.7236855 11.9016999 255 79 163
12.0811547 88.6452881 12.0264687 255 79 163
12.0811547 88.5410926 12.1306642 255 79 163
12.0811547 88.4163238 12.2090616 255 79 163
12.0811547 88.2772382 12.2577297 255 79 163
12.0811547 88.13081 12.2742282 255 79 163
0.658042135 88.7888522 11.6161861 255 79 163
0.658042135 88.13081 12.2742282 255 79 163
0.658042135 88.2772382 12.2577297 255 79 163
0.658042135 88.4163238 12.2090616 255 79 163
0.658042135 88.5410926 12.1306642 255 79 163
0.658042135 88.6452881 12.0264687 255 79 163
0.658042135 88.7236855 11.9016999 255 79 163
0.658042135 88.7723537 11.7626142 255 79 163
21.5805814 88.7888522 55.0620933 255 79 163
35.8005644 88.7888522 55.0620933 255 79 163
21.5805814 88.7723537 55.2085214 255 79 163
21.5805814 88.7236855 55.3476071 255 79 163
21.5805814 88.6452881 55.4723758 255 79 163
21.5805814 88.5410926 55.5765713 255 79 163
21.5805814 88.4163238 55.6549687 255 79 163
21.5805814 88.2772382 55.7036369 255 79 163
21.5805814 88.13081 55.7201354 255 79 163
35.8005644 88.13081 55.7201354 255 79 163
35.8005644 88.7723537 55.2085214 255 79 163
35.8005644 88.7236855 55.3476071 255 79 163
35.8005644 88.6452881 55.4723758 255 79 163
35.8005644 88.5410926 55.5765713 255 79 163
35.8005644 88.4163238 55.6549687 255 79 163
35.8005644 88.2772382 55.7036369 255 79 163
12.0811547 88.13081 12.2742282 255 79 163
12.2275828 88.13081 12.2907267 255 79 163
12.3666685 88.13081 12.3393949 255 79 163
12.4914373 88.13081 12.4177923 255 79 163
12.5956328 88.13081 12.5219878 255 79 163
12.6740302 88.13081 12.6467566 255 79 163
12.7226983 88.13081 12.7858422 255 79 163
12.7391968 88.13081 12.9322704 255 79 163
13.397239 88.7888522 12.9322704 255 79 163
13.2508108 88.7723537 12.9322704 255 79 163
13.1117252 88.7236855 12.9322704 255 79 163
12.9869564 88.6452881 12.9322704 255 79 163
12.8827609 88.5410926 12.9322704 255 79 163
12.8043635 88.4163238 12.9322704 255 79 163
12.7556953 88.2772382 12.9322704 255 79 163
12.0811547 88.7888522 11.6161861 255 79 163
12.374011 88.7888522 11.6491831 255 79 163
12.6521823 88.7888522 11.7465194 255 79 163
12.9017198 88.7888522 11.9033142 255 79 163
13.1101108 88.7888522 12.1117052 255 79 163
13.2669056 88.7888522 12.3612428 255 79 163
13.364242 88.7888522 12.6394141 255 79 163
12.0811547 88.7723537 11.7626142 255 79 163
12.0811547 88.7236855 11.9016999 255 79 163
12.0811547 88.6452881 12.0264687 255 79 163
12.0811547 88.5410926 12.1306642 255 79 163
12.0811547 88.4163238 12.2090616 255 79 163
12.0811547 88.2772382 12.2577297 255 79 163
13.2214851 88.7723537 12.6719974 255 79 163
13.0858866 88.7236855 12.7029469 255 79 163
13.1349784 88.7723537 12.4247756 255 79 163
12.9642461 88.6452881 12.7307105 255 79 163
13.0096666 88.7236855 12.4851226 255 79 163
12.9956287 88.7723537 12.2030017 255 79 163
12.862663 88.5410926 12.7538962 255 79 163
12.8972538 88.6452881 12.5392577 255 79 163
12.8868871 88.7236855 12.2897202 255 79 163
12.7862311 88.4163238 12.7713413 255 79 163
12.8104234 88.7723537 12.0177964 255 79 163
12.8033769 88.5410926 12.5844665 255 79 163
12.789339 88.6452881 12.3675122 255 79 163
12.7387832 88.2772382 12.782171 255 79 163
12.7237049 88.7236855 12.1265379 255 79 163
12.7327433 88.4163238 12.6184818 255 79 163
12.5886495 88.7723537 11.8784466 255 79 163
12.7078757 88.5410926 12.4324771 255 79 163
12.6459128 88.6452881 12.2240861 255 79 163
12.6888948 88.2772382 12.6395982 255 79 163
12.5283025 88.7236855 12.0037584 255 79 163
12.6465821 88.4163238 12.4813571 255 79 163
12.3414277 88.7723537 11.79194 255 79 163
12.580948 88.5410926 12.3055494 255 79 163
12.4741673 88.6452881 12.1161712 255 79 163
12.6085318 88.2772382 12.5117012 255 79 163
12.3104782 88.7236855 11.9275384 255 79 163
12.532068 88.4163238 12.366843 255 79 163
12.4289586 88.5410926 12.2100481 255 79 163
12.2827145 88.6452881 12.049179 255 79 163
12.5017239 88.2772382 12.4048933 255 79 163
12.3949432 88.4163238 12.2806818 255 79 163
12.2595289 88.5410926 12.1507621 255 79 163
12.3738269 88.2772382 12.3245303 255 79 163
12.2420838 88.4163238 12.2271939 255 79 163
12.2312541 88.2772382 12.2746419 255 79 163
21.5805814 88.7888522 55.0620933 255 79 163
21.5805814 88.7888522 15.0647446 255 79 163
21.4341533 88.7723537 15.0647446 255 79 163
21.2950677 88.7236855 15.0647446 255 79 163
21.1702989 88.6452881 15.0647446 255 79 163
21.0661034 88.5410926 15.0647446 255 79 163
20.987706 88.4163238 15.0647446 255 79 163
20.9390378 88.2772382 15.0647446 255 79 163
20.9225393 88.13081 15.0647446 255 79 163
20.9225393 88.13081 55.0620933 255 79 163
20.9390378 88.2772382 55.0620933 255 79 163
20.987706 88.4163238 55.0620933 255 79 163
21.0661034 88.5410926 55.0620933 255 79 163
21.1702989 88.6452881 55.0620933 255 79 163
21.2950677 88.7236855 55.0620933 255 79 163
21.4341533 88.7723537 55.0620933 255 79 163
13.397239 88.7888522 13.7486604 255 79 163
13.397239 88.7888522 12.9322704 255 79 163
13.2508108 88.7723537 12.9322704 255 79 163
13.1117252 88.7236855 12.9322704 255 79 163
12.9869564 88.6452881 12.9322704 255 79 163
12.8827609 88.5410926 12.9322704 255 79 163
12.8043635 88.4163238 12.9322704 255 79 163
12.7556953 88.2772382 12.9322704 255 79 163
12.7391968 88.13081 12.9322704 255 79 163
12.7391968 88.13081 13.7486604 255 79 163
13.2508108 88.7723537 13.7486604 255 79 163
13.1117252 88.7236855 13.7486604 255 79 163
12.9869564 88.6452881 13.7486604 255 79 163
12.8827609 88.5410926 13.7486604 255 79 163
12.8043635 88.4163238 13.7486604 255 79 163
12.7556953 88.2772382 13.7486604 255 79 163
21.5805814 88.7888522 15.0647446 255 79 163
21.4341533 88.7723537 15.0647446 255 79 163
21.2950677 88.7236855 15.0647446 255 79 163
21.1702989 88.6452881 15.0647446 255 79 163
21.0661034 88.5410926 15.0647446 255 79 163
20.987706 88.4163238 15.0647446 255 79 163
20.9390378 88.2772382 15.0647446 255 79 163
20.9225393 88.13081 15.0647446 255 79 163
21.5475845 88.7888522 14.7718883 255 79 163
21.4502481 88.7888522 14.4937171 255 79 163
21.2934533 88.7888522 14.2441795 255 79 163
21.0850623 88.7888522 14.0357885 255 79 163
20.8355247 88.7888522 13.8789937 255 79 163
20.5573535 88.7888522 13.7816573 255 79 163
20.2644972 88.7888522 13.7486604 255 79 163
20.2644972 88.7723537 13.8950885 255 79 163
20.2644972 88.7236855 14.0341742 255 79 163
20.2644972 88.6452881 14.1589429 255 79 163
20.2644972 88.5410926 14.2631384 255 79 163
20.2644972 88.4163238 14.3415358 255 79 163
20.2644972 88.2772382 14.390204 255 79 163
20.2644972 88.13081 14.4067025 255 79 163
20.9060408 88.13081 14.9183165 255 79 163
20.8573727 88.13081 14.7792309 255 79 163
20.7789752 88.13081 14.6544621 255 79 163
20.6747797 88.13081 14.5502666 255 79 163
20.550011 88.13081 14.4718692 255 79 163
20.4109253 88.13081 14.423201 255 79 163
21.4048276 88.7723537 14.8044717 255 79 163
21.2692291 88.7236855 14.8354211 255 79 163
21.3183209 88.7723537 14.5572499 255 79 163
21.1475885 88.6452881 14.8631848 255 79 163
21.1930091 88.7236855 14.6175969 255 79 163
21.1789712 88.7723537 14.335476 255 79 163
21.0460054 88.5410926 14.8863705 255 79 163
21.0805963 88.6452881 14.671732 255 79 163
21.0702296 88.7236855 14.4221944 255 79 163
20.9695736 88.4163238 14.9038155 255 79 163
20.9937658 88.7723537 14.1502707 255 79 163
20.9867194 88.5410926 14.7169407 255 79 163
20.9726815 88.6452881 14.4999865 255 79 163
20.9221257 88.2772382 14.9146452 255 79 163
20.9070474 88.7236855 14.2590122 255 79 163
20.9160858 88.4163238 14.7509561 255 79 163
20.7719919 88.7723537 14.0109209 255 79 163
20.8912182 88.5410926 14.5649513 255 79 163
20.8292553 88.6452881 14.3565603 255 79 163
20.8722373 88.2772382 14.7720724 255 79 163
20.711645 88.7236855 14.1362327 255 79 163
20.8299246 88.4163238 14.6138313 255 79 163
20.5247701 88.7723537 13.9244142 255 79 163
20.7642905 88.5410926 14.4380237 255 79 163
20.6575098 88.6452881 14.2486455 255 79 163
20.7918743 88.2772382 14.6441754 255 79 163
20.4938207 88.7236855 14.0600127 255 79 163
20.7154105 88.4163238 14.4993172 255 79 163
20.6123011 88.5410926 14.3425224 255 79 163
20.466057 88.6452881 14.1816533 255 79 163
20.6850664 88.2772382 14.5373675 255 79 163
20.5782857 88.4163238 14.413156 255 79 163
20.4428713 88.5410926 14.2832364 255 79 163
20.5571694 88.2772382 14.4570045 255 79 163
20.4254263 88.4163238 14.3596682 255 79 163
20.4145966 88.2772382 14.4071162 255 79 163
12.7391968 64.9345296 12.9322704 255 79 163
12.7226983 64.7881015 12.9322704 255 79 163
12.6740302 64.6490158 12.9322704 255 79 163
12.5956328 64.5242471 12.9322704 255 79 163
12.4914373 64.4200516 12.9322704 255 79 163
12.3666685 64.3416541 12.9322704 255 79 163
12.2275828 64.292986 12.9322704 255 79 163
12.0811547 64.2764875 12.9322704 255 79 163
12.7391968 64.9345296 13.7486604 255 79 163
12.0811547 64.2764875 13.7486604 255 79 163
12.2275828 64.292986 13.7486604 255 79 163
12.3666685 64.3416541 13.7486604 255 79 163
12.4914373 64.4200516 13.7486604 255 79 163
12.5956328 64.5242471 13.7486604 255 79 163
12.6740302 64.6490158 13.7486604 255 79 163
12.7226983 64.7881015 13.7486604 255 79 163
12.0811547 88.13081 12.2742282 255 79 163
12.0811547 64.9345296 12.2742282 255 79 163
12.2275828 88.13081 12.2907267 255 79 163
12.3666685 88.13081 12.3393949 255 79 163
12.4914373 88.13081 12.4177923 255 79 163
12.5956328 88.13081 12.5219878 255 79 163
12.6740302 88.13081 12.6467566 255 79 163
12.7226983 88.13081 12.7858422 255 79 163
12.7391968 88.13081 12.9322704 255 79 163
12.7391968 64.9345296 12.9322704 255 79 163
12.2275828 64.9345296 12.2907267 255 79 163
12.3666685 64.9345296 12.3393949 255 79 163
12.4914373 64.9345296 12.4177923 255 79 163
12.5956328 64.9345296 12.5219878 255 79 163
12.6740302 64.9345296 12.6467566 255 79 163
12.7226983 64.9345296 12.7858422 255 79 163
12.7391968 64.9345296 12.9322704 255 79 163
12.7226983 64.7881015 12.9322704 255 79 163
12.6740302 64.6490158 12.9322704 255 79 163
12.5956328 64.5242471 12.9322704 255 79 163
12.4914373 64.4200516 12.9322704 255 79 163
12.3666685 64.3416541 12.9322704 255 79 163
12.2275828 64.292986 12.9322704 255 79 163
12.0811547 64.2764875 12.9322704 255 79 163
12.0811547 64.9345296 12.2742282 255 79 163
12.0811547 64.7881015 12.2907267 255 79 163
12.0811547 64.6490158 12.3393949 255 79 163
12.0811547 64.5242471 12.4177923 255 79 163
12.0811547 64.4200516 12.5219878 255 79 163
12.0811547 64.3416541 12.6467566 255 79 163
12.0811547 64.292986 12.7858422 255 79 163
12.0811547 64.9345296 12.2742282 255 79 163
12.2275828 64.9345296 12.2907267 255 79 163
12.3666685 64.9345296 12.3393949 255 79 163
12.4914373 64.9345296 12.4177923 255 79 163
12.5956328 64.9345296 12.5219878 255 79 163
12.6740302 64.9345296 12.6467566 255 79 163
12.7226983 64.9345296 12.7858422 255 79 163
12.112965 64.7336869 12.3064351 255 79 163
12.1734719 64.7533468 12.3064351 255 79 163
12.2249422 64.7907421 12.3064351 255 79 163
12.2006786 64.5666729 12.3999031 255 79 163
12.2623375 64.8422124 12.3064351 255 79 163
12.3085027 64.621612 12.3999031 255 79 163
12.1644353 64.4087167 12.5454829 255 79 163
12.2819974 64.9027193 12.3064351 255 79 163
12.3940723 64.7071817 12.3999031 255 79 163
12.3228444 64.4601869 12.5454829 255 79 163
12.4490114 64.8150057 12.3999031 255 79 163
12.4575952 64.5580891 12.5454829 255 79 163
12.2745484 64.3393249 12.7289242 255 79 163
12.5554974 64.6928399 12.5454829 255 79 163
12.4490114 64.4282183 12.7289242 255 79 163
12.6069676 64.851249 12.5454829 255 79 163
12.5874661 64.5666729 12.7289242 255 79 163
12.6763594 64.7411359 12.7289242 255 79 163
36.4586066 0.658042135 0.658042135 255 79 163
36.4421081 0.511613984 0.658042135 255 79 163
36.3934399 0.372528353 0.658042135 255 79 163
36.3150425 0.247759574 0.658042135 255 79 163
36.210847 0.143564077 0.658042135 255 79 163
36.0860782 0.0651666575 0.658042135 255 79 163
35.9469926 0.0164984902 0.658042135 255 79 163
35.8005644 -1.11022302e-16 0.658042135 255 79 163
35.8005644 0.658042135 0 255 79 163
35.8005644 0.511613984 0.0164984902 255 79 163
35.8005644 0.372528353 0.0651666575 255 79 163
35.8005644 0.247759574 0.143564077 255 79 163
35.8005644 0.143564077 0.247759574 255 79 163
35.8005644 0.0651666575 0.372528353 255 79 163
35.8005644 0.0164984902 0.511613984 255 79 163
35.8005644 0.658042135 0 255 79 163
35.9469926 0.658042135 0.0164984902 255 79 163
36.0860782 0.658042135 0.0651666575 255 79 163
36.210847 0.658042135 0.143564077 255 79 163
36.3150425 0.658042135 0.247759574 255 79 163
36.3934399 0.658042135 0.372528353 255 79 163
36.4421081 0.658042135 0.511613984 255 79 163
35.8323748 0.457199461 0.0322068745 255 79 163
35.8928817 0.476859341 0.0322068745 255 79 163
35.9443519 0.514254656 0.0322068745 255 79 163
35.9200883 0.290185398 0.125674865 255 79 163
35.9817472 0.56572489 0.0322068745 255 79 163
36.0279124 0.345124505 0.125674865 255 79 163
35.883845 0.132229189 0.271254672 255 79 163
36.0014071 0.62623178 0.0322068745 255 79 163
36.113482 0.430694169 0.125674865 255 79 163
36.0422541 0.183699424 0.271254672 255 79 163
36.1684212 0.538518236 0.125674865 255 79 163
36.1770049 0.281601628 0.271254672 255 79 163
35.9939581 0.0628374323 0.454695932 255 79 163
36.2749071 0.416352452 0.271254672 255 79 163
36.1684212 0.151730773 0.454695932 255 79 163
36.3263774 0.574761545 0.271254672 255 79 163
36.3068758 0.290185398 0.454695932 255 79 163
36.3957691 0.464648403 0.454695932 255 79 163
35.8005644 0.658042135 55.7201354 255 79 163
35.9469926 0.658042135 55.7036369 255 79 163
36.0860782 0.658042135 55.6549687 255 79 163
36.210847 0.658042135 55.5765713 255 79 163
36.3150425 0.658042135 55.4723758 255 79 163
36.3934399 0.658042135 55.3476071 255 79 163
36.4421081 0.658042135 55.2085214 255 79 163
36.4586066 0.658042135 55.0620933 255 79 163
35.8005644 0.658042135 55.7201354 255 79 163
35.8005644 0.511613984 55.7036369 255 79 163
35.8005644 0.372528353 55.6549687 255 79 163
35.8005644 0.247759574 55.5765713 255 79 163
35.8005644 0.143564077 55.4723758 255 79 163
35.8005644 0.0651666575 55.3476071 255 79 163
35.8005644 0.0164984902 55.2085214 255 79 163
35.8005644 -1.11022302e-16 55.0620933 255 79 163
36.4421081 0.511613984 55.0620933 255 79 163
36.3934399 0.372528353 55.0620933 255 79 163
36.3150425 0.247759574 55.0620933 255 79 163
36.210847 0.143564077 55.0620933 255 79 163
36.0860782 0.0651666575 55.0620933 255 79 163
35.9469926 0.0164984902 55.0620933 255 79 163
36.0014071 0.62623178 55.6879285 255 79 163
35.9817472 0.56572489 55.6879285 255 79 163
35.9443519 0.514254656 55.6879285 255 79 163
36.1684212 0.538518236 55.5944605 255 79 163
35.8928817 0.476859341 55.6879285 255 79 163
36.113482 0.430694169 55.5944605 255 79 163
36.3263774 0.574761545 55.4488807 255 79 163
35.8323748 0.457199461 55.6879285 255 79 163
36.0279124 0.345124505 55.5944605 255 79 163
36.2749071 0.416352452 55.4488807 255 79 163
35.9200883 0.290185398 55.5944605 255 79 163
36.1770049 0.281601628 55.4488807 255 79 163
36.3957691 0.464648403 55.2654395 255 79 163
36.0422541 0.183699424 55.4488807 255 79 163
36.3068758 0.290185398 55.2654395 255 79 163
35.883845 0.132229189 55.4488807 255 79 163
36.1684212 0.151730773 55.2654395 255 79 163
35.9939581 0.0628374323 55.2654395 255 79 163
36.4586066 0.658042135 0.658042135 218 222 230
36.4586066 0.658042135 55.0620933 218 222 230
36.4586066 88.13081 0.658042135 218 222 230
36.4586066 88.13081 55.0620933 218 222 230
21.5805814 0.658042135 55.7201354 255 79 163
21.5805814 0.511613984 55.7036369 255 79 163
21.5805814 0.372528353 55.6549687 255 79 163
21.5805814 0.247759574 55.5765713 255 79 163
21.5805814 0.143564077 55.4723758 255 79 163
21.5805814 0.0651666575 55.3476071 255 79 163
21.5805814 0.0164984902 55.2085214 255 79 163
21.5805814 -1.11022302e-16 55.0620933 255 79 163
21.5805814 0.658042135 55.7201354 255 79 163
21.4341533 0.658042135 55.7036369 255 79 163
21.2950677 0.658042135 55.6549687 255 79 163
21.1702989 0.658042135 55.5765713 255 79 163
21.0661034 0.658042135 55.4723758 255 79 163
20.987706 0.658042135 55.3476071 255 79 163
20.9390378 0.658042135 55.2085214 255 79 163
20.9225393 0.658042135 55.0620933 255 79 163
21.4341533 0.0164984902 55.0620933 255 79 163
21.2950677 0.0651666575 55.0620933 255 79 163
21.1702989 0.143564077 55.0620933 255 79 163
21.0661034 0.247759574 55.0620933 255 79 163
20.987706 0.372528353 55.0620933 255 79 163
20.9390378 0.511613984 55.0620933 255 79 163
21.5487711 0.457199461 55.6879285 255 79 163
21.4882642 0.476859341 55.6879285 255 79 163
21.436794 0.514254656 55.6879285 255 79 163
21.4610575 0.290185398 55.5944605 255 79 163
21.3993987 0.56572489 55.6879285 255 79 163
21.3532335 0.345124505 55.5944605 255 79 163
21.4973009 0.132229189 55.4488807 255 79 163
21.3797388 0.62623178 55.6879285 255 79 163
21.2676638 0.430694169 55.5944605 255 79 163
21.3388918 0.183699424 55.4488807 255 79 163
21.2127247 0.538518236 55.5944605 255 79 163
21.2041409 0.281601628 55.4488807 255 79 163
21.3871877 0.0628374323 55.2654395 255 79 163
21.1062387 0.416352452 55.4488807 255 79 163
21.2127247 0.151730773 55.2654395 255 79 163
21.0547685 0.574761545 55.4488807 255 79 163
21.0742701 0.290185398 55.2654395 255 79 163
20.9853767 0.464648403 55.2654395 255 79 163
35.8005644 0.658042135 55.7201354 218 222 230
35.8005644 88.13081 55.7201354 218 222 230
21.5805814 88.13081 55.7201354 218 222 230
21.5805814 0.658042135 55.7201354 218 222 230
20.9225393 88.13081 15.0647446 218 222 230
20.9225393 0.658042135 15.0647446 218 222 230
20.9225393 0.658042135 55.0620933 218 222 230
20.9225393 88.13081 55.0620933 218 222 230
35.8005644 88.13081 -1.11022302e-16 255 79 163
35.8005644 88.2772382 0.0164984902 255 79 163
35.8005644 88.4163238 0.0651666575 255 79 163
35.8005644 88.5410926 0.143564077 255 79 163
35.8005644 88.6452881 0.247759574 255 79 163
35.8005644 88.7236855 0.372528353 255 79 163
35.8005644 88.7723537 0.511613984 255 79 163
35.8005644 88.7888522 0.658042135 255 79 163
36.4586066 88.13081 0.658042135 255 79 163
36.4421081 88.2772382 0.658042135 255 79 163
36.3934399 88.4163238 0.658042135 255 79 163
36.3150425 88.5410926 0.658042135 255 79 163
36.210847 88.6452881 0.658042135 255 79 163
36.0860782 88.7236855 0.658042135 255 79 163
35.9469926 88.7723537 0.658042135 255 79 163
36.4586066 88.13081 0.658042135 255 79 163
36.4421081 88.13081 0.511613984 255 79 163
36.3934399 88.13081 0.372528353 255 79 163
36.3150425 88.13081 0.247759574 255 79 163
36.210847 88.13081 0.143564077 255 79 163
36.0860782 88.13081 0.0651666575 255 79 163
35.9469926 88.13081 0.0164984902 255 79 163
36.4263997 88.3316527 0.62623178 255 79 163
36.4263997 88.3119928 0.56572489 255 79 163
36.4263997 88.2745975 0.514254656 255 79 163
36.3329317 88.4986668 0.538518236 255 79 163
36.4263997 88.2231273 0.476859341 255 79 163
36.3329317 88.4437277 0.430694169 255 79 163
36.1873519 88.656623 0.574761545 255 79 163
36.4263997 88.1626204 0.457199461 255 79 163
36.3329317 88.358158 0.345124505 255 79 163
36.1873519 88.6051527 0.416352452 255 79 163
36.3329317 88.2503339 0.290185398 255 79 163
36.1873519 88.5072505 0.281601628 255 79 163
36.0039106 88.7260147 0.464648403 255 79 163
36.1873519 88.3724997 0.183699424 255 79 163
36.0039106 88.6371214 0.290185398 255 79 163
36.1873519 88.2140906 0.132229189 255 79 163
36.0039106 88.4986668 0.151730773 255 79 163
36.0039106 88.3242038 0.0628374323 255 79 163
9.54966356 30.1904658 10.9307153 218 222 230
9.54966356 51.0373102 10.9307153 218 222 230
9.54966356 51.0373102 0.658042135 218 222 230
9.54966356 30.1904658 0.658042135 218 222 230
10.2077057 29.5324236 10.9307153 255 79 163
10.0612775 29.5489221 10.9307153 255 79 163
9.92219191 29.5975903 10.9307153 255 79 163
9.79742313 29.6759877 10.9307153 255 79 163
9.69322764 29.7801832 10.9307153 255 79 163
9.61483022 29.904952 10.9307153 255 79 163
9.56616205 30.0440376 10.9307153 255 79 163
9.54966356 30.1904658 10.9307153 255 79 163
9.54966356 30.1904658 0.658042135 255 79 163
10.2077057 29.5324236 0.658042135 255 79 163
10.0612775 29.5489221 0.658042135 255 79 163
9.92219191 29.5975903 0.658042135 255 79 163
9.79742313 29.6759877 0.658042135 255 79 163
9.69322764 29.7801832 0.658042135 255 79 163
9.61483022 29.904952 0.658042135 255 79 163
9.56616205 30.0440376 0.658042135 255 79 163
10.2077057 51.6953523 0.658042135 255 79 163
10.2077057 51.6953523 10.9307153 255 79 163
10.0612775 51.6788538 0.658042135 255 79 163
9.92219191 51.6301856 0.658042135 255 79 163
9.79742313 51.5517882 0.658042135 255 79 163
9.69322764 51.4475927 0.658042135 255 79 163
9.61483022 51.322824 0.658042135 255 79 163
9.56616205 51.1837383 0.658042135 255 79 163
9.54966356 51.0373102 0.658042135 255 79 163
9.54966356 51.0373102 10.9307153 255 79 163
10.0612775 51.6788538 10.9307153 255 79 163
9.92219191 51.6301856 10.9307153 255 79 163
9.79742313 51.5517882 10.9307153 255 79 163
9.69322764 51.4475927 10.9307153 255 79 163
9.61483022 51.322824 10.9307153 255 79 163
9.56616205 51.1837383 10.9307153 255 79 163
33.0574197 29.5324236 0.658042135 218 222 230
33.0574197 29.5324236 10.9307153 218 222 230
10.2077057 29.5324236 10.9307153 218 222 230
10.2077057 29.5324236 0.658042135 218 222 230
33.0574197 51.6953523 0.658042135 218 222 230
33.0574197 51.6953523 10.9307153 218 222 230
10.2077057 51.6953523 0.658042135 218 222 230
10.2077057 51.6953523 10.9307153 218 222 230
33.0574197 29.5324236 0.658042135 255 79 163
33.0574197 29.5324236 10.9307153 255 79 163
33.2038479 29.5489221 0.658042135 255 79 163
33.3429335 29.5975903 0.658042135 255 79 163
33.4677023 29.6759877 0.658042135 255 79 163
33.5718978 29.7801832 0.658042135 255 79 163
33.6502952 29.904952 0.658042135 255 79 163
33.6989634 30.0440376 0.658042135 255 79 163
33.7154619 30.1904658 0.658042135 255 79 163
33.7154619 30.1904658 10.9307153 255 79 163
33.2038479 29.5489221 10.9307153 255 79 163
33.3429335 29.5975903 10.9307153 255 79 163
33.4677023 29.6759877 10.9307153 255 79 163
33.5718978 29.7801832 10.9307153 255 79 163
33.6502952 29.904952 10.9307153 255 79 163
33.6989634 30.0440376 10.9307153 255 79 163
33.7154619 51.0373102 0.658042135 255 79 163
33.7154619 51.0373102 10.9307153 255 79 163
33.6989634 51.1837383 0.658042135 255 79 163
33.6502952 51.322824 0.658042135 255 79 163
33.5718978 51.4475927 0.658042135 255 79 163
33.4677023 51.5517882 0.658042135 255 79 163
33.3429335 51.6301856 0.658042135 255 79 163
33.2038479 51.6788538 0.658042135 255 79 163
33.0574197 51.6953523 0.658042135 255 79 163
33.0574197 51.6953523 10.9307153 255 79 163
33.2038479 51.6788538 10.9307153 255 79 163
33.3429335 51.6301856 10.9307153 255 79 163
33.4677023 51.5517882 10.9307153 255 79 163
33.5718978 51.4475927 10.9307153 255 79 163
33.6502952 51.322824 10.9307153 255 79 163
33.6989634 51.1837383 10.9307153 255 79 163
33.7154619 51.0373102 0.658042135 218 222 230
33.7154619 51.0373102 10.9307153 218 222 230
33.7154619 30.1904658 10.9307153 218 222 230
33.7154619 30.1904658 0.658042135 218 222 230
16.199105 80.2068427 13.7486604 218 222 230
16.199105 80.2068427 9.9701906 218 222 230
16.4063693 80.2320092 9.9701906 218 222 230
16.6015881 80.3060459 9.9701906 218 222 230
16.7734161 80.4246502 9.9701906 218 222 230
16.9118672 80.5809292 9.9701906 218 222 230
17.0088951 80.7658005 9.9701906 218 222 230
17.058861 80.9685201 9.9701906 218 222 230
17.058861 81.1773067 9.9701906 218 222 230
17.0088951 81.3800263 9.9701906 218 222 230
16.9118672 81.5648976 9.9701906 218 222 230
16.7734161 81.7211766 9.9701906 218 222 230
16.6015881 81.8397809 9.9701906 218 222 230
16.4063693 81.9138177 9.9701906 218 222 230
16.199105 81.9389841 9.9701906 218 222 230
16.199105 81.9389841 13.7486604 218 222 230
16.4063693 80.2320092 13.7486604 218 222 230
16.6015881 80.3060459 13.7486604 218 222 230
16.7734161 80.4246502 13.7486604 218 222 230
16.9118672 80.5809292 13.7486604 218 222 230
17.0088951 80.7658005 13.7486604 218 222 230
17.058861 80.9685201 13.7486604 218 222 230
17.058861 81.1773067 13.7486604 218 222 230
17.0088951 81.3800263 13.7486604 218 222 230
16.9118672 81.5648976 13.7486604 218 222 230
16.7734161 81.7211766 13.7486604 218 222 230
16.6015881 81.8397809 13.7486604 218 222 230
16.4063693 81.9138177 13.7486604 218 222 230
15.199105 80.2068427 13.7486604 218 222 230
15.199105 80.2068427 9.9701906 218 222 230
16.199105 80.2068427 9.9701906 218 222 230
16.199105 80.2068427 13.7486604 218 222 230
16.199105 81.9389841 13.7486604 218 222 230
16.199105 81.9389841 9.9701906 218 222 230
15.199105 81.9389841 9.9701906 218 222 230
15.199105 81.9389841 13.7486604 218 222 230
15.199105 81.9389841 13.7486604 218 222 230
15.199105 81.9389841 9.9701906 218 222 230
14.9918407 81.9138177 9.9701906 218 222 230
14.7966219 81.8397809 9.9701906 218 222 230
14.6247939 81.7211766 9.9701906 218 222 230
14.4863428 81.5648976 9.9701906 218 222 230
14.3893148 81.3800263 9.9701906 218 222 230
14.3393489 81.1773067 9.9701906 218 222 230
14.3393489 80.9685201 9.9701906 218 222 230
14.3893148 80.7658005 9.9701906 218 222 230
14.4863428 80.5809292 9.9701906 218 222 230
14.6247939 80.4246502 9.9701906 218 222 230
14.7966219 80.3060459 9.9701906 218 222 230
14.9918407 80.2320092 9.9701906 218 222 230
15.199105 80.2068427 9.9701906 218 222 230
15.199105 80.2068427 13.7486604 218 222 230
14.9918407 81.9138177 13.7486604 218 222 230
14.7966219 81.8397809 13.7486604 218 222 230
14.6247939 81.7211766 13.7486604 218 222 230
14.4863428 81.5648976 13.7486604 218 222 230
14.3893148 81.3800263 13.7486604 218 222 230
14.3393489 81.1773067 13.7486604 218 222 230
14.3393489 80.9685201 13.7486604 218 222 230
14.3893148 80.7658005 13.7486604 218 222 230
14.4863428 80.5809292 13.7486604 218 222 230
14.6247939 80.4246502 13.7486604 218 222 230
14.7966219 80.3060459 13.7486604 218 222 230
14.9918407 80.2320092 13.7486604 218 222 230
12.7391968 88.13081 13.7486604 255 79 163
12.7556953 88.13081 13.8950885 255 79 163
12.8043635 88.13081 14.0341742 255 79 163
12.8827609 88.13081 14.1589429 255 79 163
12.9869564 88.13081 14.2631384 255 79 163
13.1117252 88.13081 14.3415358 255 79 163
13.2508108 88.13081 14.390204 255 79 163
13.397239 88.13081 14.4067025 255 79 163
13.397239 88.7888522 13.7486604 255 79 163
13.397239 88.7723537 13.8950885 255 79 163
13.397239 88.7236855 14.0341742 255 79 163
13.397239 88.6452881 14.1589429 255 79 163
13.397239 88.5410926 14.2631384 255 79 163
13.397239 88.4163238 14.3415358 255 79 163
13.397239 88.2772382 14.390204 255 79 163
13.397239 88.7888522 13.7486604 255 79 163
13.2508108 88.7723537 13.7486604 255 79 163
13.1117252 88.7236855 13.7486604 255 79 163
12.9869564 88.6452881 13.7486604 255 79 163
12.8827609 88.5410926 13.7486604 255 79 163
12.8043635 88.4163238 13.7486604 255 79 163
12.7556953 88.2772382 13.7486604 255 79 163
13.3654286 88.7566453 13.949503 255 79 163
13.3049217 88.7566453 13.9298432 255 79 163
13.2534515 88.7566453 13.8924478 255 79 163
13.2777151 88.6631773 14.1165171 255 79 163
13.2160562 88.7566453 13.8409776 255 79 163
13.169891 88.6631773 14.061578 255 79 163
13.3139584 88.5175975 14.2744733 255 79 163
13.1963963 88.7566453 13.7804707 255 79 163
13.0843213 88.6631773 13.9760083 255 79 163
13.1555493 88.5175975 14.2230031 255 79 163
13.0293822 88.6631773 13.8681843 255 79 163
13.0207985 88.5175975 14.1251009 255 79 163
13.2038452 88.3341562 14.3438651 255 79 163
12.9228963 88.5175975 13.9903501 255 79 163
13.0293822 88.3341562 14.2549717 255 79 163
12.871426 88.5175975 13.831941 255 79 163
12.8909276 88.3341562 14.1165171 255 79 163
12.8020343 88.3341562 13.9420541 255 79 163
12.7391968 88.13081 13.7486604 218 222 230
12.7391968 64.9345296 13.7486604 218 222 230
12.7391968 64.9345296 12.9322704 218 222 230
12.7391968 88.13081 12.9322704 218 222 230
35.8005644 88.13081 55.7201354 255 79 163
35.9469926 88.13081 55.7036369 255 79 163
36.0860782 88.13081 55.6549687 255 79 163
36.210847 88.13081 55.5765713 255 79 163
36.3150425 88.13081 55.4723758 255 79 163
36.3934399 88.13081 55.3476071 255 79 163
36.4421081 88.13081 55.2085214 255 79 163
36.4586066 88.13081 55.0620933 255 79 163
35.8005644 88.7888522 55.0620933 255 79 163
35.9469926 88.7723537 55.0620933 255 79 163
36.0860782 88.7236855 55.0620933 255 79 163
36.210847 88.6452881 55.0620933 255 79 163
36.3150425 88.5410926 55.0620933 255 79 163
36.3934399 88.4163238 55.0620933 255 79 163
36.4421081 88.2772382 55.0620933 255 79 163
35.8005644 88.7888522 55.0620933 255 79 163
35.8005644 88.7723537 55.2085214 255 79 163
35.8005644 88.7236855 55.3476071 255 79 163
35.8005644 88.6452881 55.4723758 255 79 163
35.8005644 88.5410926 55.5765713 255 79 163
35.8005644 88.4163238 55.6549687 255 79 163
35.8005644 88.2772382 55.7036369 255 79 163
36.0014071 88.7566453 55.0939036 255 79 163
35.9817472 88.7566453 55.1544105 255 79 163
35.9443519 88.7566453 55.2058808 255 79 163
36.1684212 88.6631773 55.1816172 255 79 163
35.8928817 88.7566453 55.2432761 255 79 163
36.113482 88.6631773 55.2894412 255 79 163
36.3263774 88.5175975 55.1453739 255 79 163
35.8323748 88.7566453 55.2629359 255 79 163
36.0279124 88.6631773 55.3750109 255 79 163
36.2749071 88.5175975 55.303783 255 79 163
35.9200883 88.6631773 55.42995 255 79 163
36.1770049 88.5175975 55.4385338 255 79 163
36.3957691 88.3341562 55.255487 255 79 163
36.0422541 88.5175975 55.536436 255 79 163
36.3068758 88.3341562 55.42995 255 79 163
35.883845 88.5175975 55.5879062 255 79 163
36.1684212 88.3341562 55.5684046 255 79 163
35.9939581 88.3341562 55.657298 255 79 163
20.9225393 88.13081 55.0620933 255 79 163
20.9390378 88.2772382 55.0620933 255 79 163
20.987706 88.4163238 55.0620933 255 79 163
21.0661034 88.5410926 55.0620933 255 79 163
21.1702989 88.6452881 55.0620933 255 79 163
21.2950677 88.7236855 55.0620933 255 79 163
21.4341533 88.7723537 55.0620933 255 79 163
21.5805814 88.7888522 55.0620933 255 79 163
20.9225393 88.13081 55.0620933 255 79 163
20.9390378 88.13081 55.2085214 255 79 163
20.987706 88.13081 55.3476071 255 79 163
21.0661034 88.13081 55.4723758 255 79 163
21.1702989 88.13081 55.5765713 255 79 163
21.2950677 88.13081 55.6549687 255 79 163
21.4341533 88.13081 55.7036369 255 79 163
21.5805814 88.13081 55.7201354 255 79 163
21.5805814 88.7723537 55.2085214 255 79 163
21.5805814 88.7236855 55.3476071 255 79 163
21.5805814 88.6452881 55.4723758 255 79 163
21.5805814 88.5410926 55.5765713 255 79 163
21.5805814 88.4163238 55.6549687 255 79 163
21.5805814 88.2772382 55.7036369 255 79 163
20.9547462 88.3316527 55.0939036 255 79 163
20.9547462 88.3119928 55.1544105 255 79 163
20.9547462 88.2745975 55.2058808 255 79 163
21.0482142 88.4986668 55.1816172 255 79 163
20.9547462 88.2231273 55.2432761 255 79 163
21.0482142 88.4437277 55.2894412 255 79 163
21.193794 88.656623 55.1453739 255 79 163
20.9547462 88.1626204 55.2629359 255 79 163
21.0482142 88.358158 55.3750109 255 79 163
21.193794 88.6051527 55.303783 255 79 163
21.0482142 88.2503339 55.42995 255 79 163
21.193794 88.5072505 55.4385338 255 79 163
21.3772352 88.7260147 55.255487 255 79 163
21.193794 88.3724997 55.536436 255 79 163
21.3772352 88.6371214 55.42995 255 79 163
21.193794 88.2140906 55.5879062 255 79 163
21.3772352 88.4986668 55.5684046 255 79 163
21.3772352 88.3242038 55.657298 255 79 163
36.4586066 0.658042135 55.0620933 255 79 163
36.4586066 88.13081 55.0620933 255 79 163
35.8005644 88.13081 55.7201354 255 79 163
35.9469926 88.13081 55.7036369 255 79 163
36.0860782 88.13081 55.6549687 255 79 163
36.210847 88.13081 55.5765713 255 79 163
36.3150425 88.13081 55.4723758 255 79 163
36.3934399 88.13081 55.3476071 255 79 163
36.4421081 88.13081 55.2085214 255 79 163
35.8005644 0.658042135 55.7201354 255 79 163
35.9469926 0.658042135 55.7036369 255 79 163
36.0860782 0.658042135 55.6549687 255 79 163
36.210847 0.658042135 55.5765713 255 79 163
36.3150425 0.658042135 55.4723758 255 79 163
36.3934399 0.658042135 55.3476071 255 79 163
36.4421081 0.658042135 55.2085214 255 79 163
21.5805814 0.658042135 55.7201354 255 79 163
21.5805814 88.13081 55.7201354 255 79 163
20.9225393 88.13081 55.0620933 255 79 163
20.9390378 88.13081 55.2085214 255 79 163
20.987706 88.13081 55.3476071 255 79 163
21.0661034 88.13081 55.4723758 255 79 163
21.1702989 88.13081 55.5765713 255 79 163
21.2950677 88.13081 55.6549687 255 79 163
21.4341533 88.13081 55.7036369 255 79 163
20.9225393 0.658042135 55.0620933 255 79 163
21.4341533 0.658042135 55.7036369 255 79 163
21.2950677 0.658042135 55.6549687 255 79 163
21.1702989 0.658042135 55.5765713 255 79 163
21.0661034 0.658042135 55.4723758 255 79 163
20.987706 0.658042135 55.3476071 255 79 163
20.9390378 0.658042135 55.2085214 255 79 163
9.54966356 30.1904658 10.9307153 255 79 163
9.54966356 51.0373102 10.9307153 255 79 163
9.56616205 30.1904658 11.0771435 255 79 163
9.61483022 30.1904658 11.2162291 255 79 163
9.69322764 30.1904658 11.3409979 255 79 163
9.79742313 30.1904658 11.4451934 255 79 163
9.92219191 30.1904658 11.5235908 255 79 163
10.0612775 30.1904658 11.572259 255 79 163
10.2077057 30.1904658 11.5887575 255 79 163
10.2077057 51.0373102 11.5887575 255 79 163
9.56616205 51.0373102 11.0771435 255 79 163
9.61483022 51.0373102 11.2162291 255 79 163
9.69322764 51.0373102 11.3409979 255 79 163
9.79742313 51.0373102 11.4451934 255 79 163
9.92219191 51.0373102 11.5235908 255 79 163
10.0612775 51.0373102 11.572259 255 79 163
10.2077057 29.5324236 10.9307153 255 79 163
10.0612775 29.5489221 10.9307153 255 79 163
9.92219191 29.5975903 10.9307153 255 79 163
9.79742313 29.6759877 10.9307153 255 79 163
9.69322764 29.7801832 10.9307153 255 79 163
9.61483022 29.904952 10.9307153 255 79 163
9.56616205 30.0440376 10.9307153 255 79 163
9.54966356 30.1904658 10.9307153 255 79 163
10.2077057 29.5324236 10.9307153 255 79 163
10.2077057 29.5489221 11.0771435 255 79 163
10.2077057 29.5975903 11.2162291 255 79 163
10.2077057 29.6759877 11.3409979 255 79 163
10.2077057 29.7801832 11.4451934 255 79 163
10.2077057 29.904952 11.5235908 255 79 163
10.2077057 30.0440376 11.572259 255 79 163
10.2077057 30.1904658 11.5887575 255 79 163
9.56616205 30.1904658 11.0771435 255 79 163
9.61483022 30.1904658 11.2162291 255 79 163
9.69322764 30.1904658 11.3409979 255 79 163
9.79742313 30.1904658 11.4451934 255 79 163
9.92219191 30.1904658 11.5235908 255 79 163
10.0612775 30.1904658 11.572259 255 79 163
10.006863 29.5646305 10.9625257 255 79 163
10.0265229 29.5646305 11.0230326 255 79 163
10.0639182 29.5646305 11.0745028 255 79 163
9.83984896 29.6580985 11.0502392 255 79 163
10.1153884 29.5646305 11.1118981 255 79 163
9.89478806 29.6580985 11.1580633 255 79 163
9.68189275 29.8036783 11.0139959 255 79 163
10.1758953 29.5646305 11.131558 255 79 163
9.98035773 29.6580985 11.243633 255 79 163
9.73336298 29.8036783 11.172405 255 79 163
10.0881818 29.6580985 11.2985721 255 79 163
9.83126519 29.8036783 11.3071558 255 79 163
9.61250099 29.9871196 11.1241091 255 79 163
9.96601601 29.8036783 11.405058 255 79 163
9.70139433 29.9871196 11.2985721 255 79 163
10.1244251 29.8036783 11.4565283 255 79 163
9.83984896 29.9871196 11.4370267 255 79 163
10.014312 29.9871196 11.52592 255 79 163
9.54966356 51.0373102 10.9307153 255 79 163
9.56616205 51.0373102 11.0771435 255 79 163
9.61483022 51.0373102 11.2162291 255 79 163
9.69322764 51.0373102 11.3409979 255 79 163
9.79742313 51.0373102 11.4451934 255 79 163
9.92219191 51.0373102 11.5235908 255 79 163
10.0612775 51.0373102 11.572259 255 79 163
10.2077057 51.0373102 11.5887575 255 79 163
10.2077057 51.6953523 10.9307153 255 79 163
10.2077057 51.6788538 11.0771435 255 79 163
10.2077057 51.6301856 11.2162291 255 79 163
10.2077057 51.5517882 11.3409979 255 79 163
10.2077057 51.4475927 11.4451934 255 79 163
10.2077057 51.322824 11.5235908 255 79 163
10.2077057 51.1837383 11.572259 255 79 163
10.2077057 51.6953523 10.9307153 255 79 163
10.0612775 51.6788538 10.9307153 255 79 163
9.92219191 51.6301856 10.9307153 255 79 163
9.79742313 51.5517882 10.9307153 255 79 163
9.69322764 51.4475927 10.9307153 255 79 163
9.61483022 51.322824 10.9307153 255 79 163
9.56616205 51.1837383 10.9307153 255 79 163
10.1758953 51.6631454 11.131558 255 79 163
10.1153884 51.6631454 11.1118981 255 79 163
10.0639182 51.6631454 11.0745028 255 79 163
10.0881818 51.5696774 11.2985721 255 79 163
10.0265229 51.6631454 11.0230326 255 79 163
9.98035773 51.5696774 11.243633 255 79 163
10.1244251 51.4240976 11.4565283 255 79 163
10.006863 51.6631454 10.9625257 255 79 163
9.89478806 51.5696774 11.1580633 255 79 163
9.96601601 51.4240976 11.405058 255 79 163
9.83984896 51.5696774 11.0502392 255 79 163
9.83126519 51.4240976 11.3071558 255 79 163
10.014312 51.2406564 11.52592 255 79 163
9.73336298 51.4240976 11.172405 255 79 163
9.83984896 51.2406564 11.4370267 255 79 163
9.68189275 51.4240976 11.0139959 255 79 163
9.70139433 51.2406564 11.2985721 255 79 163
9.61250099 51.2406564 11.1241091 255 79 163
33.0574197 30.1904658 11.5887575 255 79 163
33.0574197 30.0440376 11.572259 255 79 163
33.0574197 29.904952 11.5235908 255 79 163
33.0574197 29.7801832 11.4451934 255 79 163
33.0574197 29.6759877 11.3409979 255 79 163
33.0574197 29.5975903 11.2162291 255 79 163
33.0574197 29.5489221 11.0771435 255 79 163
33.0574197 29.5324236 10.9307153 255 79 163
10.2077057 30.1904658 11.5887575 255 79 163
10.2077057 29.5324236 10.9307153 255 79 163
10.2077057 29.5489221 11.0771435 255 79 163
10.2077057 29.5975903 11.2162291 255 79 163
10.2077057 29.6759877 11.3409979 255 79 163
10.2077057 29.7801832 11.4451934 255 79 163
10.2077057 29.904952 11.5235908 255 79 163
10.2077057 30.0440376 11.572259 255 79 163
10.2077057 51.6953523 10.9307153 255 79 163
10.2077057 51.6788538 11.0771435 255 79 163
10.2077057 51.6301856 11.2162291 255 79 163
10.2077057 51.5517882 11.3409979 255 79 163
10.2077057 51.4475927 11.4451934 255 79 163
10.2077057 51.322824 11.5235908 255 79 163
10.2077057 51.1837383 11.572259 255 79 163
10.2077057 51.0373102 11.5887575 255 79 163
33.0574197 51.0373102 11.5887575 255 79 163
33.0574197 51.1837383 11.572259 255 79 163
33.0574197 51.322824 11.5235908 255 79 163
33.0574197 51.4475927 11.4451934 255 79 163
33.0574197 51.5517882 11.3409979 255 79 163
33.0574197 51.6301856 11.2162291 255 79 163
33.0574197 51.6788538 11.0771435 255 79 163
33.0574197 51.6953523 10.9307153 255 79 163
33.0574197 29.5324236 10.9307153 255 79 163
33.2038479 29.5489221 10.9307153 255 79 163
33.3429335 29.5975903 10.9307153 255 79 163
33.4677023 29.6759877 10.9307153 255 79 163
33.5718978 29.7801832 10.9307153 255 79 163
33.6502952 29.904952 10.9307153 255 79 163
33.6989634 30.0440376 10.9307153 255 79 163
33.7154619 30.1904658 10.9307153 255 79 163
33.0574197 30.1904658 11.5887575 255 79 163
33.2038479 30.1904658 11.572259 255 79 163
33.3429335 30.1904658 11.5235908 255 79 163
33.4677023 30.1904658 11.4451934 255 79 163
33.5718978 30.1904658 11.3409979 255 79 163
33.6502952 30.1904658 11.2162291 255 79 163
33.6989634 30.1904658 11.0771435 255 79 163
33.0574197 30.1904658 11.5887575 255 79 163
33.0574197 30.0440376 11.572259 255 79 163
33.0574197 29.904952 11.5235908 255 79 163
33.0574197 29.7801832 11.4451934 255 79 163
33.0574197 29.6759877 11.3409979 255 79 163
33.0574197 29.5975903 11.2162291 255 79 163
33.0574197 29.5489221 11.0771435 255 79 163
33.2582624 30.1586554 11.5565506 255 79 163
33.2386025 30.0981485 11.5565506 255 79 163
33.2012072 30.0466783 11.5565506 255 79 163
33.4252765 30.0709419 11.4630826 255 79 163
33.149737 30.009283 11.5565506 255 79 163
33.3703374 29.9631178 11.4630826 255 79 163
33.5832327 30.1071852 11.3175028 255 79 163
33.0892301 29.9896231 11.5565506 255 79 163
33.2847677 29.8775481 11.4630826 255 79 163
33.5317624 29.9487761 11.3175028 255 79 163
33.1769436 29.822609 11.4630826 255 79 163
33.4338602 29.8140253 11.3175028 255 79 163
33.6526244 29.997072 11.1340615 255 79 163
33.2991094 29.7161231 11.3175028 255 79 163
33.5637311 29.822609 11.1340615 255 79 163
33.1407003 29.6646528 11.3175028 255 79 163
33.4252765 29.6841544 11.1340615 255 79 163
33.2508135 29.5952611 11.1340615 255 79 163
33.0574197 51.0373102 11.5887575 255 79 163
33.0574197 51.1837383 11.572259 255 79 163
33.0574197 51.322824 11.5235908 255 79 163
33.0574197 51.4475927 11.4451934 255 79 163
33.0574197 51.5517882 11.3409979 255 79 163
33.0574197 51.6301856 11.2162291 255 79 163
33.0574197 51.6788538 11.0771435 255 79 163
33.0574197 51.6953523 10.9307153 255 79 163
33.0574197 51.0373102 11.5887575 255 79 163
33.2038479 51.0373102 11.572259 255 79 163
33.3429335 51.0373102 11.5235908 255 79 163
33.4677023 51.0373102 11.4451934 255 79 163
33.5718978 51.0373102 11.3409979 255 79 163
33.6502952 51.0373102 11.2162291 255 79 163
33.6989634 51.0373102 11.0771435 255 79 163
33.7154619 51.0373102 10.9307153 255 79 163
33.2038479 51.6788538 10.9307153 255 79 163
33.3429335 51.6301856 10.9307153 255 79 163
33.4677023 51.5517882 10.9307153 255 79 163
33.5718978 51.4475927 10.9307153 255 79 163
33.6502952 51.322824 10.9307153 255 79 163
33.6989634 51.1837383 10.9307153 255 79 163
33.0892301 51.2381528 11.5565506 255 79 163
33.149737 51.218493 11.5565506 255 79 163
33.2012072 51.1810977 11.5565506 255 79 163
33.1769436 51.4051669 11.4630826 255 79 163
33.2386025 51.1296274 11.5565506 255 79 163
33.2847677 51.3502278 11.4630826 255 79 163
33.1407003 51.5631231 11.3175028 255 79 163
33.2582624 51.0691205 11.5565506 255 79 163
33.3703374 51.2646581 11.4630826 255 79 163
33.2991094 51.5116529 11.3175028 255 79 163
33.4252765 51.1568341 11.4630826 255 79 163
33.4338602 51.4137507 11.3175028 255 79 163
33.2508135 51.6325149 11.1340615 255 79 163
33.5317624 51.2789999 11.3175028 255 79 163
33.4252765 51.5436215 11.1340615 255 79 163
33.5832327 51.1205908 11.3175028 255 79 163
33.5637311 51.4051669 11.1340615 255 79 163
33.6526244 51.2307039 11.1340615 255 79 163
33.0574197 51.0373102 11.5887575 255 79 163
33.2038479 51.0373102 11.572259 255 79 163
33.3429335 51.0373102 11.5235908 255 79 163
33.4677023 51.0373102 11.4451934 255 79 163
33.5718978 51.0373102 11.3409979 255 79 163
33.6502952 51.0373102 11.2162291 255 79 163
33.6989634 51.0373102 11.0771435 255 79 163
33.7154619 51.0373102 10.9307153 255 79 163
33.0574197 30.1904658 11.5887575 255 79 163
33.2038479 30.1904658 11.572259 255 79 163
33.3429335 30.1904658 11.5235908 255 79 163
33.4677023 30.1904658 11.4451934 255 79 163
33.5718978 30.1904658 11.3409979 255 79 163
33.6502952 30.1904658 11.2162291 255 79 163
33.6989634 30.1904658 11.0771435 255 79 163
33.7154619 30.1904658 10.9307153 255 79 163
16.199105 80.8648849 9.31214846 255 79 163
16.2488895 80.8709298 9.31214846 255 79 163
16.2957807 80.8887133 9.31214846 255 79 163
16.3370534 80.9172018 9.31214846 255 79 163
16.3703091 80.9547397 9.31214846 255 79 163
16.3936151 80.9991455 9.31214846 255 79 163
16.4056168 81.0478384 9.31214846 255 79 163
16.4056168 81.0979885 9.31214846 255 79 163
16.3936151 81.1466814 9.31214846 255 79 163
16.3703091 81.1910871 9.31214846 255 79 163
16.3370534 81.228625 9.31214846 255 79 163
16.2957807 81.2571136 9.31214846 255 79 163
16.2488895 81.274897 9.31214846 255 79 163
16.199105 81.280942 9.31214846 255 79 163
16.199105 81.9389841 9.9701906 255 79 163
16.199105 81.9224856 9.82376245 255 79 163
16.199105 81.8738174 9.68467681 255 79 163
16.199105 81.79542 9.55990804 255 79 163
16.199105 81.6912245 9.45571254 255 79 163
16.199105 81.5664558 9.37731512 255 79 163
16.199105 81.4273701 9.32864695 255 79 163
16.199105 80.2068427 9.9701906 255 79 163
16.4063693 80.2320092 9.9701906 255 79 163
16.6015881 80.3060459 9.9701906 255 79 163
16.7734161 80.4246502 9.9701906 255 79 163
16.9118672 80.5809292 9.9701906 255 79 163
17.0088951 80.7658005 9.9701906 255 79 163
17.058861 80.9685201 9.9701906 255 79 163
17.058861 81.1773067 9.9701906 255 79 163
17.0088951 81.3800263 9.9701906 255 79 163
16.9118672 81.5648976 9.9701906 255 79 163
16.7734161 81.7211766 9.9701906 255 79 163
16.6015881 81.8397809 9.9701906 255 79 163
16.4063693 81.9138177 9.9701906 255 79 163
16.199105 80.2233412 9.82376245 255 79 163
16.199105 80.2720094 9.68467681 255 79 163
16.199105 80.3504068 9.55990804 255 79 163
16.199105 80.4546023 9.45571254 255 79 163
16.199105 80.5793711 9.37731512 255 79 163
16.199105 80.7184567 9.32864695 255 79 163
16.5713036 81.7820785 9.6846769 255 79 163
16.8582359 81.5278786 9.6846769 255 79 163
16.4864486 81.6204008 9.45571223 255 79 163
16.9941693 81.1694517 9.6846769 255 79 163
16.7079652 81.4241542 9.45571223 255 79 163
16.3638293 81.3867693 9.32864676 255 79 163
16.9479631 80.788909 9.6846769 255 79 163
16.812908 81.1474426 9.45571223 255 79 163
16.4908172 81.2742678 9.32864676 255 79 163
16.7302025 80.4734283 9.6846769 255 79 163
16.777236 80.8536572 9.45571223 255 79 163
16.5509774 81.1156385 9.32864676 255 79 163
16.3907738 80.2952824 9.6846769 255 79 163
16.6091212 80.6101008 9.45571223 255 79 163
16.5305278 80.9472213 9.32864676 255 79 163
16.3470766 80.4725692 9.45571223 255 79 163
16.4341533 80.8075987 9.32864676 255 79 163
16.283932 80.7287565 9.32864676 255 79 163
15.199105 80.2068427 9.9701906 255 79 163
15.199105 80.2233412 9.82376245 255 79 163
15.199105 80.2720094 9.68467681 255 79 163
15.199105 80.3504068 9.55990804 255 79 163
15.199105 80.4546023 9.45571254 255 79 163
15.199105 80.5793711 9.37731512 255 79 163
15.199105 80.7184567 9.32864695 255 79 163
15.199105 80.8648849 9.31214846 255 79 163
16.199105 80.8648849 9.31214846 255 79 163
16.199105 80.2068427 9.9701906 255 79 163
16.199105 80.2233412 9.82376245 255 79 163
16.199105 80.2720094 9.68467681 255 79 163
16.199105 80.3504068 9.55990804 255 79 163
16.199105 80.4546023 9.45571254 255 79 163
16.199105 80.5793711 9.37731512 255 79 163
16.199105 80.7184567 9.32864695 255 79 163
16.199105 81.9389841 9.9701906 255 79 163
16.199105 81.9224856 9.82376245 255 79 163
16.199105 81.8738174 9.68467681 255 79 163
16.199105 81.79542 9.55990804 255 79 163
16.199105 81.6912245 9.45571254 255 79 163
16.199105 81.5664558 9.37731512 255 79 163
16.199105 81.4273701 9.32864695 255 79 163
16.199105 81.280942 9.31214846 255 79 163
15.199105 81.280942 9.31214846 255 79 163
15.199105 81.9389841 9.9701906 255 79 163
15.199105 81.9224856 9.82376245 255 79 163
15.199105 81.8738174 9.68467681 255 79 163
15.199105 81.79542 9.55990804 255 79 163
15.199105 81.6912245 9.45571254 255 79 163
15.199105 81.5664558 9.37731512 255 79 163
15.199105 81.4273701 9.32864695 255 79 163
15.199105 81.280942 9.31214846 255 79 163
15.1493205 81.274897 9.31214846 255 79 163
15.1024293 81.2571136 9.31214846 255 79 163
15.0611565 81.228625 9.31214846 255 79 163
15.0279009 81.1910871 9.31214846 255 79 163
15.0045949 81.1466814 9.31214846 255 79 163
14.9925932 81.0979885 9.31214846 255 79 163
14.9925932 81.0478384 9.31214846 255 79 163
15.0045949 80.9991455 9.31214846 255 79 163
15.0279009 80.9547397 9.31214846 255 79 163
15.0611565 80.9172018 9.31214846 255 79 163
15.1024293 80.8887133 9.31214846 255 79 163
15.1493205 80.8709298 9.31214846 255 79 163
15.199105 80.8648849 9.31214846 255 79 163
15.199105 80.2068427 9.9701906 255 79 163
15.199105 80.2233412 9.82376245 255 79 163
15.199105 80.2720094 9.68467681 255 79 163
15.199105 80.3504068 9.55990804 255 79 163
15.199105 80.4546023 9.45571254 255 79 163
15.199105 80.5793711 9.37731512 255 79 163
15.199105 80.7184567 9.32864695 255 79 163
15.199105 81.9389841 9.9701906 255 79 163
14.9918407 81.9138177 9.9701906 255 79 163
14.7966219 81.8397809 9.9701906 255 79 163
14.6247939 81.7211766 9.9701906 255 79 163
14.4863428 81.5648976 9.9701906 255 79 163
14.3893148 81.3800263 9.9701906 255 79 163
14.3393489 81.1773067 9.9701906 255 79 163
14.3393489 80.9685201 9.9701906 255 79 163
14.3893148 80.7658005 9.9701906 255 79 163
14.4863428 80.5809292 9.9701906 255 79 163
14.6247939 80.4246502 9.9701906 255 79 163
14.7966219 80.3060459 9.9701906 255 79 163
14.9918407 80.2320092 9.9701906 255 79 163
15.199105 81.9224856 9.82376245 255 79 163
15.199105 81.8738174 9.68467681 255 79 163
15.199105 81.79542 9.55990804 255 79 163
15.199105 81.6912245 9.45571254 255 79 163
15.199105 81.5664558 9.37731512 255 79 163
15.199105 81.4273701 9.32864695 255 79 163
14.8269064 80.3637483 9.6846769 255 79 163
14.5399741 80.6179482 9.6846769 255 79 163
14.9117614 80.525426 9.45571223 255 79 163
14.4040407 80.9763751 9.6846769 255 79 163
14.6902448 80.7216726 9.45571223 255 79 163
15.0343807 80.7590575 9.32864676 255 79 163
14.4502469 81.3569178 9.6846769 255 79 163
14.5853019 80.9983842 9.45571223 255 79 163
14.9073928 80.871559 9.32864676 255 79 163
14.6680075 81.6723985 9.6846769 255 79 163
14.6209739 81.2921696 9.45571223 255 79 163
14.8472326 81.0301884 9.32864676 255 79 163
15.0074362 81.8505444 9.6846769 255 79 163
14.7890888 81.535726 9.45571223 255 79 163
14.8676821 81.1986055 9.32864676 255 79 163
15.0511334 81.6732577 9.45571223 255 79 163
14.9640567 81.3382281 9.32864676 255 79 163
15.1142779 81.4170703 9.32864676 255 79 163
10.2077057 30.1904658 11.5887575 218 222 230
10.2077057 51.0373102 11.5887575 218 222 230
33.0574197 51.0373102 11.5887575 218 222 230
33.0574197 30.1904658 11.5887575 218 222 230
16.199105 80.8648849 9.31214846 218 222 230
16.2488895 80.8709298 9.31214846 218 222 230
16.2957807 80.8887133 9.31214846 218 222 230
16.3370534 80.9172018 9.31214846 218 222 230
16.3703091 80.9547397 9.31214846 218 222 230
16.3936151 80.9991455 9.31214846 218 222 230
16.4056168 81.0478384 9.31214846 218 222 230
16.4056168 81.0979885 9.31214846 218 222 230
16.3936151 81.1466814 9.31214846 218 222 230
16.3703091 81.1910871 9.31214846 218 222 230
16.3370534 81.228625 9.31214846 218 222 230
16.2957807 81.2571136 9.31214846 218 222 230
16.2488895 81.274897 9.31214846 218 222 230
16.199105 81.280942 9.31214846 218 222 230
15.199105 81.280942 9.31214846 218 222 230
15.1493205 81.274897 9.31214846 218 222 230
15.1024293 81.2571136 9.31214846 218 222 230
15.0611565 81.228625 9.31214846 218 222 230
15.0279009 81.1910871 9.31214846 218 222 230
15.0045949 81.1466814 9.31214846 218 222 230
14.9925932 81.0979885 9.31214846 218 222 230
14.9925932 81.0478384 9.31214846 218 222 230
15.0045949 80.9991455 9.31214846 218 222 230
15.0279009 80.9547397 9.31214846 218 222 230
15.0611565 80.9172018 9.31214846 218 222 230
15.1024293 80.8887133 9.31214846 218 222 230
15.1493205 80.8709298 9.31214846 218 222 230
15.199105 80.8648849 9.31214846 218 222 230
3 4 3 2
3 5 4 2
3 0 6 5
3 0 7 6
3 0 8 7
3 0 9 8
3 0 10 9
3 1 11 10
3 1 12 11
3 1 10 0
3 0 5 2
3 23 14 13
3 23 13 15
3 24 15 16
3 24 23 15
3 25 16 17
3 25 24 16
3 26 17 18
3 26 25 17
3 27 18 19
3 27 26 18
3 28 19 20
3 28 27 19
3 22 20 21
3 22 28 20
3 37 38 39
3 36 39 40
3 36 37 39
3 35 40 41
3 35 36 40
3 34 41 42
3 34 35 41
3 33 42 43
3 33 34 42
3 32 43 44
3 32 33 43
3 31 44 29
3 31 32 44
3 30 31 29
3 46 45 53
3 46 53 54
3 47 54 55
3 47 46 54
3 48 55 56
3 48 47 55
3 49 56 57
3 49 48 56
3 50 57 58
3 50 49 57
3 51 58 59
3 51 50 58
3 52 59 60
3 52 51 59
3 68 69 70
3 68 70 76
3 67 76 75
3 67 68 76
3 66 75 74
3 66 67 75
3 65 74 73
3 65 66 74
3 64 73 72
3 64 65 73
3 63 72 71
3 63 64 72
3 62 71 61
3 62 63 71
3 79 86 92
3 80 79 92
3 81 92 91
3 81 80 92
3 82 91 90
3 82 81 91
3 83 90 89
3 83 82 90
3 84 89 88
3 84 83 89
3 85 88 87
3 85 84 88
3 78 87 77
3 78 85 87
3 101 102 103
3 100 103 104
3 100 101 103
3 99 104 105
3 99 100 104
3 98 105 106
3 98 99 105
3 97 106 107
3 97 98 106
3 96 107 108
3 96 97 107
3 95 108 93
3 95 96 108
3 94 95 93
3 124 122 123
3 137 110 109
3 137 109 117
3 138 111 110
3 138 110 137
3 139 117 118
3 139 137 117
3 140 112 111
3 140 111 138
3 141 137 139
3 141 138 137
3 142 118 119
3 142 139 118
3 143 113 112
3 143 112 140
3 144 140 138
3 144 138 141
3 145 141 139
3 145 139 142
3 146 114 113
3 146 113 143
3 147 119 120
3 147 142 119
3 148 140 144
3 148 143 140
3 149 141 145
3 149 144 141
3 150 115 114
3 150 116 115
3 150 131 116
3 150 114 146
3 151 142 147
3 151 145 142
3 152 146 143
3 152 143 148
3 153 120 121
3 153 147 120
3 154 148 144
3 154 144 149
3 155 149 145
3 155 145 151
3 156 132 131
3 156 146 152
3 156 131 150
3 156 150 146
3 157 147 153
3 157 151 147
3 158 148 154
3 158 152 148
3 159 121 122
3 159 122 124
3 159 153 121
3 160 154 149
3 160 149 155
3 161 151 157
3 161 155 151
3 162 156 152
3 162 152 158
3 162 133 132
3 162 132 156
3 163 124 125
3 163 159 124
3 163 153 159
3 163 157 153
3 164 158 154
3 164 154 160
3 165 160 155
3 165 155 161
3 166 125 126
3 166 163 125
3 166 157 163
3 166 161 157
3 167 133 162
3 167 134 133
3 167 158 164
3 167 162 158
3 168 160 165
3 168 164 160
3 169 126 127
3 169 166 126
3 169 161 166
3 169 165 161
3 170 135 134
3 170 134 167
3 170 167 164
3 170 164 168
3 171 127 128
3 171 168 165
3 171 169 127
3 171 165 169
3 172 168 171
3 172 128 129
3 172 129 130
3 172 136 135
3 172 130 136
3 172 135 170
3 172 171 128
3 172 170 168
3 189 180 179
3 188 194 187
3 195 175 174
3 196 174 173
3 196 195 174
3 197 173 181
3 197 196 173
3 198 176 175
3 198 175 195
3 198 195 196
3 199 181 182
3 199 197 181
3 200 196 197
3 200 198 196
3 201 177 176
3 201 178 177
3 201 176 198
3 202 182 183
3 202 199 182
3 203 200 197
3 203 197 199
3 204 198 200
3 204 201 198
3 205 183 184
3 205 199 202
3 205 202 183
3 205 203 199
3 206 200 203
3 206 204 200
3 207 179 178
3 207 190 189
3 207 178 201
3 207 201 204
3 207 189 179
3 208 203 205
3 208 206 203
3 209 191 190
3 209 192 191
3 209 190 207
3 209 204 206
3 209 207 204
3 210 184 185
3 210 185 186
3 210 205 184
3 210 208 205
3 211 193 192
3 211 192 209
3 211 206 208
3 211 209 206
3 212 186 187
3 212 194 193
3 212 193 211
3 212 187 194
3 212 210 186
3 212 208 210
3 212 211 208
3 219 220 227
3 213 214 234
3 235 223 222
3 236 222 221
3 236 235 222
3 237 221 228
3 237 236 221
3 238 224 223
3 238 235 236
3 238 223 235
3 239 228 229
3 239 237 228
3 240 236 237
3 240 238 236
3 241 225 224
3 241 226 225
3 241 224 238
3 242 229 230
3 242 239 229
3 243 240 237
3 243 237 239
3 244 238 240
3 244 241 238
3 245 230 231
3 245 243 239
3 245 242 230
3 245 239 242
3 246 240 243
3 246 244 240
3 247 218 219
3 247 227 226
3 247 226 241
3 247 241 244
3 247 219 227
3 248 243 245
3 248 246 243
3 249 217 218
3 249 218 247
3 249 244 246
3 249 247 244
3 250 231 232
3 250 232 233
3 250 245 231
3 250 248 245
3 251 215 216
3 251 216 217
3 251 217 249
3 251 246 248
3 251 249 246
3 252 214 215
3 252 233 234
3 252 234 214
3 252 215 251
3 252 250 233
3 252 248 250
3 252 251 248
3 257 256 255
3 253 258 257
3 253 259 258
3 253 260 259
3 253 261 260
3 253 262 261
3 253 263 262
3 253 257 255
3 264 263 253
3 254 265 264
3 254 264 253
3 298 268 299
3 297 268 298
3 300 299 268
3 296 268 297
3 301 300 268
3 295 269 268
3 295 268 296
3 270 301 268
3 288 269 295
3 289 269 288
3 290 269 289
3 291 269 290
3 292 269 291
3 293 269 292
3 294 269 293
3 266 272 273
3 266 273 274
3 266 274 275
3 266 275 276
3 266 276 277
3 266 277 278
3 266 278 271
3 267 279 272
3 267 281 282
3 267 282 283
3 267 283 284
3 267 284 285
3 267 285 286
3 267 286 279
3 267 272 266
3 266 270 268
3 266 271 270
3 269 287 267
3 287 280 267
3 280 281 267
3 269 294 287
3 318 309 308
3 317 323 316
3 324 304 303
3 325 303 302
3 325 324 303
3 326 302 310
3 326 325 302
3 327 305 304
3 327 304 324
3 327 324 325
3 328 310 311
3 328 326 310
3 329 325 326
3 329 327 325
3 330 306 305
3 330 307 306
3 330 305 327
3 331 311 312
3 331 328 311
3 332 329 326
3 332 326 328
3 333 327 329
3 333 330 327
3 334 312 313
3 334 328 331
3 334 331 312
3 334 332 328
3 335 329 332
3 335 333 329
3 336 308 307
3 336 319 318
3 336 307 330
3 336 330 333
3 336 318 308
3 337 332 334
3 337 335 332
3 338 320 319
3 338 321 320
3 338 319 336
3 338 333 335
3 338 336 333
3 339 313 314
3 339 314 315
3 339 334 313
3 339 337 334
3 340 322 321
3 340 321 338
3 340 335 337
3 340 338 335
3 341 315 316
3 341 323 322
3 341 322 340
3 341 316 323
3 341 339 315
3 341 337 339
3 341 340 337
3 358 349 348
3 357 363 356
3 364 344 343
3 365 343 342
3 365 364 343
3 366 342 350
3 366 365 342
3 367 345 344
3 367 344 364
3 367 364 365
3 368 350 351
3 368 366 350
3 369 365 366
3 369 367 365
3 370 346 345
3 370 347 346
3 370 345 367
3 371 351 352
3 371 368 351
3 372 369 366
3 372 366 368
3 373 367 369
3 373 370 367
3 374 352 353
3 374 368 371
3 374 371 352
3 374 372 368
3 375 369 372
3 375 373 369
3 376 348 347
3 376 359 358
3 376 347 370
3 376 370 373
3 376 358 348
3 377 372 374
3 377 375 372
3 378 360 359
3 378 361 360
3 378 359 376
3 378 373 375
3 378 376 373
3 379 353 354
3 379 354 355
3 379 374 353
3 379 377 374
3 380 362 361
3 380 361 378
3 380 375 377
3 380 378 375
3 381 355 356
3 381 363 362
3 381 362 380
3 381 356 363
3 381 379 355
3 381 377 379
3 381 380 377
3 404 384 405
3 406 405 384
3 403 384 404
3 407 406 384
3 402 384 403
3 408 384 382
3 408 407 384
3 401 384 402
3 400 384 401
3 409 408 382
3 410 409 382
3 411 410 382
3 412 411 382
3 413 412 382
3 414 413 382
3 415 414 382
3 383 396 395
3 383 397 396
3 383 398 397
3 383 399 398
3 383 400 399
3 383 420 419
3 383 421 420
3 383 422 421
3 383 395 422
3 394 400 383
3 385 389 388
3 385 390 389
3 385 400 394
3 385 391 390
3 385 392 391
3 385 393 392
3 385 394 393
3 385 384 400
3 386 388 387
3 386 385 388
3 383 415 382
3 383 416 415
3 383 417 416
3 383 418 417
3 383 419 418
3 426 423 425
3 427 423 426
3 435 428 429
3 435 429 430
3 435 430 431
3 435 431 432
3 435 432 433
3 435 433 434
3 424 427 428
3 424 438 437
3 424 439 438
3 424 440 439
3 424 441 440
3 424 442 441
3 424 435 442
3 424 423 427
3 424 428 435
3 436 424 437
3 444 436 443
3 444 424 436
3 461 452 451
3 460 466 459
3 467 447 446
3 468 446 445
3 468 467 446
3 469 445 453
3 469 468 445
3 470 448 447
3 470 447 467
3 470 467 468
3 471 453 454
3 471 469 453
3 472 468 469
3 472 470 468
3 473 449 448
3 473 450 449
3 473 448 470
3 474 454 455
3 474 471 454
3 475 472 469
3 475 469 471
3 476 470 472
3 476 473 470
3 477 455 456
3 477 471 474
3 477 474 455
3 477 475 471
3 478 472 475
3 478 476 472
3 479 451 450
3 479 462 461
3 479 450 473
3 479 473 476
3 479 461 451
3 480 475 477
3 480 478 475
3 481 463 462
3 481 464 463
3 481 462 479
3 481 476 478
3 481 479 476
3 482 456 457
3 482 457 458
3 482 477 456
3 482 480 477
3 483 465 464
3 483 464 481
3 483 478 480
3 483 481 478
3 484 458 459
3 484 466 465
3 484 465 483
3 484 459 466
3 484 482 458
3 484 480 482
3 484 483 480
3 485 486 487
3 485 487 488
3 489 492 491
3 489 490 492
3 495 503 502
3 496 504 503
3 496 503 495
3 497 505 504
3 497 504 496
3 498 506 505
3 498 505 497
3 499 507 506
3 499 506 498
3 500 508 507
3 500 507 499
3 501 493 508
3 501 508 500
3 494 493 501
3 523 516 515
3 523 524 516
3 522 515 514
3 522 523 515
3 521 513 512
3 521 514 513
3 521 522 514
3 520 521 512
3 519 512 511
3 519 520 512
3 518 510 509
3 518 511 510
3 518 519 511
3 517 518 509
3 533 534 535
3 532 535 536
3 532 533 535
3 531 536 537
3 531 532 536
3 530 537 538
3 530 531 537
3 529 538 539
3 529 530 538
3 528 539 540
3 528 529 539
3 527 540 525
3 527 528 540
3 526 527 525
3 556 542 541
3 556 541 549
3 555 549 548
3 555 556 549
3 554 548 547
3 554 555 548
3 553 546 545
3 553 547 546
3 553 554 547
3 552 553 545
3 551 544 543
3 551 545 544
3 551 552 545
3 550 551 543
3 559 566 567
3 560 559 567
3 561 567 568
3 561 560 567
3 562 568 569
3 562 561 568
3 563 569 570
3 563 570 571
3 563 562 569
3 564 571 572
3 564 563 571
3 565 572 557
3 565 564 572
3 558 565 557
3 580 581 582
3 580 582 588
3 579 588 587
3 579 580 588
3 578 587 586
3 578 579 587
3 577 586 585
3 577 578 586
3 576 585 584
3 576 577 585
3 575 584 583
3 575 576 584
3 574 583 573
3 574 575 583
3 604 602 603
3 617 590 589
3 617 589 597
3 618 591 590
3 618 590 617
3 619 597 598
3 619 617 597
3 620 592 591
3 620 591 618
3 621 617 619
3 621 618 617
3 622 598 599
3 622 619 598
3 623 593 592
3 623 592 620
3 624 620 618
3 624 618 621
3 625 621 619
3 625 619 622
3 626 594 593
3 626 593 623
3 627 599 600
3 627 622 599
3 628 620 624
3 628 623 620
3 629 621 625
3 629 624 621
3 630 595 594
3 630 596 595
3 630 611 596
3 630 594 626
3 631 622 627
3 631 625 622
3 632 626 623
3 632 623 628
3 633 600 601
3 633 627 600
3 634 628 624
3 634 624 629
3 635 629 625
3 635 625 631
3 636 612 611
3 636 626 632
3 636 611 630
3 636 630 626
3 637 627 633
3 637 631 627
3 638 628 634
3 638 632 628
3 639 601 602
3 639 602 604
3 639 633 601
3 640 634 629
3 640 629 635
3 641 631 637
3 641 635 631
3 642 636 632
3 642 632 638
3 642 613 612
3 642 614 613
3 642 612 636
3 643 604 605
3 643 639 604
3 643 633 639
3 643 637 633
3 644 638 634
3 644 634 640
3 645 640 635
3 645 635 641
3 646 605 606
3 646 606 607
3 646 643 605
3 646 637 643
3 646 641 637
3 646 645 641
3 647 638 644
3 647 614 642
3 647 642 638
3 648 640 645
3 648 644 640
3 649 646 607
3 649 645 646
3 650 615 614
3 650 614 647
3 650 647 644
3 650 644 648
3 651 607 608
3 651 648 645
3 651 649 607
3 651 645 649
3 652 648 651
3 652 608 609
3 652 609 610
3 652 616 615
3 652 610 616
3 652 615 650
3 652 651 608
3 652 650 648
3 654 653 661
3 654 661 662
3 655 662 663
3 655 654 662
3 656 663 664
3 656 664 665
3 656 655 663
3 657 656 665
3 658 665 666
3 658 657 665
3 659 666 667
3 659 658 666
3 660 667 668
3 660 659 667
3 672 671 678
3 672 678 684
3 673 684 683
3 673 672 684
3 674 683 682
3 674 673 683
3 675 682 681
3 675 674 682
3 676 681 680
3 676 675 681
3 677 680 679
3 677 676 680
3 670 679 669
3 670 677 679
3 692 693 694
3 692 694 700
3 691 700 699
3 691 692 700
3 690 699 698
3 690 691 699
3 689 698 697
3 689 690 698
3 688 697 696
3 688 689 697
3 687 695 685
3 687 696 695
3 687 688 696
3 686 687 685
3 716 714 715
3 729 702 701
3 729 701 709
3 730 703 702
3 730 702 729
3 731 709 710
3 731 729 709
3 732 704 703
3 732 703 730
3 733 729 731
3 733 730 729
3 734 710 711
3 734 731 710
3 735 705 704
3 735 704 732
3 736 732 730
3 736 730 733
3 737 733 731
3 737 731 734
3 738 706 705
3 738 705 735
3 739 711 712
3 739 734 711
3 740 732 736
3 740 735 732
3 741 733 737
3 741 736 733
3 742 707 706
3 742 708 707
3 742 723 708
3 742 706 738
3 743 734 739
3 743 737 734
3 744 738 735
3 744 735 740
3 745 712 713
3 745 739 712
3 746 740 736
3 746 736 741
3 747 741 737
3 747 737 743
3 748 724 723
3 748 738 744
3 748 723 742
3 748 742 738
3 749 739 745
3 749 743 739
3 750 740 746
3 750 744 740
3 751 713 714
3 751 714 716
3 751 745 713
3 752 746 741
3 752 741 747
3 753 743 749
3 753 747 743
3 754 748 744
3 754 744 750
3 754 725 724
3 754 724 748
3 755 716 717
3 755 751 716
3 755 745 751
3 755 749 745
3 756 750 746
3 756 746 752
3 757 752 747
3 757 747 753
3 758 717 718
3 758 755 717
3 758 749 755
3 758 753 749
3 758 757 753
3 759 725 754
3 759 726 725
3 759 727 726
3 759 750 756
3 759 754 750
3 760 752 757
3 760 756 752
3 761 718 719
3 761 719 720
3 761 758 718
3 761 757 758
3 762 727 759
3 762 759 756
3 762 756 760
3 763 761 720
3 763 760 757
3 763 757 761
3 763 762 760
3 764 720 721
3 764 721 722
3 764 728 727
3 764 722 728
3 764 727 762
3 764 763 720
3 764 762 763
3 787 781 780
3 793 774 773
3 793 773 786
3 794 775 774
3 794 774 793
3 795 786 785
3 795 793 786
3 796 776 775
3 796 775 794
3 797 793 795
3 797 794 793
3 798 785 784
3 798 795 785
3 799 777 776
3 799 776 796
3 800 796 794
3 800 794 797
3 801 795 798
3 801 797 795
3 802 778 777
3 802 777 799
3 803 784 783
3 803 798 784
3 804 799 796
3 804 796 800
3 805 797 801
3 805 800 797
3 806 771 772
3 806 779 778
3 806 772 779
3 806 778 802
3 807 801 798
3 807 798 803
3 808 799 804
3 808 802 799
3 809 783 782
3 809 803 783
3 810 804 800
3 810 800 805
3 811 805 801
3 811 801 807
3 812 802 808
3 812 770 771
3 812 771 806
3 812 806 802
3 813 803 809
3 813 807 803
3 814 808 804
3 814 804 810
3 815 782 781
3 815 809 782
3 815 781 787
3 816 810 805
3 816 805 811
3 817 807 813
3 817 811 807
3 818 769 770
3 818 770 812
3 818 808 814
3 818 812 808
3 819 813 809
3 819 815 787
3 819 787 788
3 819 809 815
3 820 810 816
3 820 814 810
3 821 816 811
3 821 820 816
3 821 811 817
3 822 819 788
3 822 788 789
3 822 813 819
3 822 817 813
3 823 768 769
3 823 818 814
3 823 814 820
3 823 769 818
3 824 820 821
3 825 789 790
3 825 822 789
3 825 821 817
3 825 817 822
3 826 767 768
3 826 768 823
3 826 820 824
3 826 823 820
3 827 790 791
3 827 825 790
3 827 824 821
3 827 821 825
3 828 765 766
3 828 766 767
3 828 767 826
3 828 791 792
3 828 792 765
3 828 827 791
3 828 826 824
3 828 824 827
3 836 837 838
3 836 838 844
3 835 843 842
3 835 844 843
3 835 836 844
3 834 842 841
3 834 835 842
3 833 834 841
3 832 841 840
3 832 833 841
3 831 839 829
3 831 840 839
3 831 832 840
3 830 831 829
3 852 853 854
3 852 854 860
3 851 859 858
3 851 860 859
3 851 852 860
3 850 851 858
3 849 858 857
3 849 850 858
3 848 856 855
3 848 857 856
3 848 849 857
3 847 848 855
3 846 855 845
3 846 847 855
3 883 877 876
3 889 870 869
3 889 869 882
3 890 871 870
3 890 870 889
3 891 882 881
3 891 889 882
3 892 872 871
3 892 871 890
3 893 889 891
3 893 890 889
3 894 881 880
3 894 891 881
3 895 873 872
3 895 872 892
3 896 892 890
3 896 890 893
3 897 891 894
3 897 893 891
3 898 874 873
3 898 873 895
3 899 880 879
3 899 894 880
3 900 895 892
3 900 892 896
3 901 893 897
3 901 896 893
3 902 866 867
3 902 867 868
3 902 875 874
3 902 868 875
3 902 874 898
3 903 897 894
3 903 894 899
3 904 895 900
3 904 898 895
3 905 879 878
3 905 899 879
3 906 900 896
3 906 896 901
3 907 901 897
3 907 897 903
3 908 898 904
3 908 866 902
3 908 902 898
3 909 899 905
3 909 903 899
3 910 904 900
3 910 900 906
3 911 878 877
3 911 905 878
3 911 877 883
3 912 906 901
3 912 901 907
3 913 903 909
3 913 907 903
3 914 865 866
3 914 866 908
3 914 904 910
3 914 908 904
3 915 909 905
3 915 911 883
3 915 883 884
3 915 905 911
3 916 906 912
3 916 910 906
3 917 912 907
3 917 907 913
3 918 915 884
3 918 884 885
3 918 909 915
3 918 913 909
3 919 864 865
3 919 914 910
3 919 910 916
3 919 865 914
3 920 912 917
3 920 916 912
3 921 885 886
3 921 918 885
3 921 917 913
3 921 913 918
3 922 863 864
3 922 864 919
3 922 916 920
3 922 919 916
3 923 886 887
3 923 920 917
3 923 921 886
3 923 917 921
3 924 861 862
3 924 862 863
3 924 887 888
3 924 888 861
3 924 863 922
3 924 923 887
3 924 922 920
3 924 920 923
3 947 941 940
3 953 934 933
3 953 933 946
3 954 935 934
3 954 934 953
3 955 946 945
3 955 953 946
3 956 936 935
3 956 935 954
3 957 953 955
3 957 954 953
3 958 945 944
3 958 955 945
3 959 937 936
3 959 936 956
3 960 956 954
3 960 954 957
3 961 955 958
3 961 957 955
3 962 938 937
3 962 937 959
3 963 944 943
3 963 958 944
3 964 959 956
3 964 956 960
3 965 957 961
3 965 960 957
3 966 931 932
3 966 939 938
3 966 932 939
3 966 938 962
3 967 961 958
3 967 958 963
3 968 959 964
3 968 962 959
3 969 943 942
3 969 963 943
3 970 964 960
3 970 960 965
3 971 965 961
3 971 961 967
3 972 962 968
3 972 930 931
3 972 931 966
3 972 966 962
3 973 963 969
3 973 967 963
3 974 968 964
3 974 964 970
3 975 942 941
3 975 969 942
3 975 941 947
3 976 970 965
3 976 965 971
3 977 967 973
3 977 971 967
3 978 929 930
3 978 930 972
3 978 968 974
3 978 972 968
3 979 973 969
3 979 975 947
3 979 947 948
3 979 969 975
3 980 970 976
3 980 974 970
3 981 976 971
3 981 971 977
3 982 979 948
3 982 948 949
3 982 949 950
3 982 973 979
3 982 977 973
3 983 928 929
3 983 978 974
3 983 974 980
3 983 929 978
3 984 976 981
3 984 980 976
3 985 982 950
3 985 981 977
3 985 977 982
3 986 927 928
3 986 928 983
3 986 980 984
3 986 983 980
3 987 950 951
3 987 984 981
3 987 985 950
3 987 981 985
3 988 925 926
3 988 926 927
3 988 951 952
3 988 952 925
3 988 927 986
3 988 987 951
3 988 986 984
3 988 984 987
3 996 997 998
3 996 998 1004
3 995 1004 1003
3 995 996 1004
3 994 1003 1002
3 994 995 1003
3 993 1002 1001
3 993 994 1002
3 992 1001 1000
3 992 993 1001
3 991 999 989
3 991 1000 999
3 991 992 1000
3 990 991 989
3 1013 1014 1015
3 1012 1015 1016
3 1012 1013 1015
3 1011 1016 1017
3 1011 1012 1016
3 1010 1017 1018
3 1010 1011 1017
3 1009 1018 1019
3 1009 1010 1018
3 1008 1019 1020
3 1008 1009 1019
3 1007 1020 1005
3 1007 1008 1020
3 1006 1007 1005
3 1042 1040 1041
3 1061 1022 1021
3 1061 1021 1029
3 1062 1023 1022
3 1062 1022 1061
3 1063 1029 1030
3 1063 1061 1029
3 1064 1024 1023
3 1064 1023 1062
3 1065 1062 1061
3 1065 1061 1063
3 1066 1025 1024
3 1066 1024 1064
3 1067 1063 1030
3 1067 1030 1031
3 1068 1064 1062
3 1068 1062 1065
3 1069 1026 1025
3 1069 1025 1066
3 1070 1065 1063
3 1070 1063 1067
3 1071 1066 1064
3 1071 1064 1068
3 1072 1027 1026
3 1072 1028 1027
3 1072 1049 1028
3 1072 1026 1069
3 1073 1031 1032
3 1073 1067 1031
3 1074 1068 1065
3 1074 1065 1070
3 1075 1066 1071
3 1075 1069 1066
3 1076 1067 1073
3 1076 1070 1067
3 1077 1071 1068
3 1077 1068 1074
3 1078 1050 1049
3 1078 1049 1072
3 1078 1072 1069
3 1078 1069 1075
3 1079 1032 1033
3 1079 1073 1032
3 1080 1070 1076
3 1080 1074 1070
3 1081 1071 1077
3 1081 1075 1071
3 1082 1073 1079
3 1082 1076 1073
3 1083 1081 1077
3 1083 1074 1080
3 1083 1077 1074
3 1084 1051 1050
3 1084 1075 1081
3 1084 1078 1075
3 1084 1050 1078
3 1085 1033 1034
3 1085 1079 1033
3 1086 1080 1076
3 1086 1076 1082
3 1087 1081 1083
3 1088 1079 1085
3 1088 1086 1082
3 1088 1082 1079
3 1089 1083 1080
3 1089 1080 1086
3 1090 1084 1081
3 1090 1052 1051
3 1090 1051 1084
3 1090 1081 1087
3 1091 1034 1035
3 1091 1085 1034
3 1092 1086 1088
3 1093 1083 1089
3 1093 1087 1083
3 1094 1088 1085
3 1094 1085 1091
3 1095 1089 1086
3 1095 1086 1092
3 1096 1053 1052
3 1096 1052 1090
3 1096 1090 1087
3 1096 1087 1093
3 1097 1035 1036
3 1097 1091 1035
3 1097 1094 1091
3 1098 1092 1088
3 1098 1088 1094
3 1099 1089 1095
3 1099 1093 1089
3 1100 1094 1097
3 1101 1095 1092
3 1101 1092 1098
3 1102 1054 1053
3 1102 1053 1096
3 1102 1096 1093
3 1102 1093 1099
3 1103 1036 1037
3 1103 1097 1036
3 1104 1098 1094
3 1104 1094 1100
3 1105 1102 1099
3 1105 1099 1095
3 1105 1095 1101
3 1106 1097 1103
3 1106 1100 1097
3 1107 1098 1104
3 1107 1105 1101
3 1107 1101 1098
3 1108 1055 1054
3 1108 1102 1105
3 1108 1054 1102
3 1109 1037 1038
3 1109 1038 1039
3 1109 1103 1037
3 1109 1106 1103
3 1110 1100 1106
3 1110 1104 1100
3 1111 1105 1107
3 1112 1106 1109
3 1113 1104 1110
3 1113 1107 1104
3 1114 1055 1108
3 1114 1108 1105
3 1114 1105 1111
3 1114 1056 1055
3 1115 1109 1039
3 1116 1110 1106
3 1116 1106 1112
3 1116 1113 1110
3 1117 1111 1107
3 1117 1107 1113
3 1118 1109 1115
3 1118 1112 1109
3 1119 1113 1116
3 1120 1111 1117
3 1120 1114 1111
3 1120 1057 1056
3 1120 1056 1114
3 1121 1040 1042
3 1121 1115 1039
3 1121 1039 1040
3 1122 1112 1118
3 1122 1116 1112
3 1123 1117 1113
3 1123 1113 1119
3 1124 1121 1042
3 1124 1122 1118
3 1124 1042 1043
3 1124 1118 1115
3 1124 1115 1121
3 1125 1116 1122
3 1125 1119 1116
3 1125 1123 1119
3 1126 1057 1120
3 1126 1058 1057
3 1126 1120 1117
3 1126 1117 1123
3 1127 1043 1044
3 1127 1125 1122
3 1127 1122 1124
3 1127 1124 1043
3 1128 1123 1125
3 1129 1044 1045
3 1129 1127 1044
3 1129 1125 1127
3 1130 1059 1058
3 1130 1058 1126
3 1130 1126 1123
3 1130 1123 1128
3 1131 1045 1046
3 1131 1129 1045
3 1131 1128 1125
3 1131 1125 1129
3 1132 1046 1047
3 1132 1047 1048
3 1132 1060 1059
3 1132 1048 1060
3 1132 1059 1130
3 1132 1131 1046
3 1132 1130 1128
3 1132 1128 1131
3 1140 1141 1142
3 1140 1142 1148
3 1139 1148 1147
3 1139 1140 1148
3 1138 1147 1146
3 1138 1139 1147
3 1137 1146 1145
3 1137 1138 1146
3 1136 1145 1144
3 1136 1137 1145
3 1135 1144 1143
3 1135 1136 1144
3 1134 1143 1133
3 1134 1135 1143
3 1156 1157 1158
3 1156 1158 1164
3 1155 1164 1163
3 1155 1156 1164
3 1154 1163 1162
3 1154 1155 1163
3 1153 1162 1161
3 1153 1154 1162
3 1152 1161 1160
3 1152 1153 1161
3 1151 1160 1159
3 1151 1152 1160
3 1150 1159 1149
3 1150 1151 1159
3 1193 1172 1171
3 1186 1184 1185
3 1205 1166 1165
3 1205 1165 1173
3 1206 1167 1166
3 1206 1166 1205
3 1207 1173 1174
3 1207 1205 1173
3 1208 1168 1167
3 1208 1167 1206
3 1209 1206 1205
3 1209 1205 1207
3 1210 1169 1168
3 1210 1168 1208
3 1211 1174 1175
3 1211 1207 1174
3 1212 1208 1206
3 1212 1206 1209
3 1213 1170 1169
3 1213 1169 1210
3 1214 1209 1207
3 1214 1207 1211
3 1215 1210 1208
3 1215 1208 1212
3 1216 1171 1170
3 1216 1193 1171
3 1216 1170 1213
3 1217 1175 1176
3 1217 1211 1175
3 1218 1212 1209
3 1218 1209 1214
3 1219 1210 1215
3 1219 1213 1210
3 1220 1214 1211
3 1220 1211 1217
3 1221 1215 1212
3 1221 1212 1218
3 1222 1194 1193
3 1222 1213 1219
3 1222 1193 1216
3 1222 1216 1213
3 1223 1176 1177
3 1223 1217 1176
3 1224 1218 1214
3 1224 1214 1220
3 1225 1215 1221
3 1225 1219 1215
3 1226 1220 1217
3 1226 1217 1223
3 1227 1218 1224
3 1227 1221 1218
3 1228 1195 1194
3 1228 1219 1225
3 1228 1194 1222
3 1228 1222 1219
3 1229 1177 1178
3 1229 1223 1177
3 1230 1220 1226
3 1230 1227 1224
3 1230 1224 1220
3 1231 1221 1227
3 1231 1225 1221
3 1232 1223 1229
3 1232 1226 1223
3 1233 1231 1227
3 1233 1227 1230
3 1234 1196 1195
3 1234 1195 1228
3 1234 1228 1225
3 1234 1225 1231
3 1235 1178 1179
3 1235 1229 1178
3 1236 1230 1226
3 1236 1226 1232
3 1237 1231 1233
3 1238 1232 1229
3 1238 1236 1232
3 1238 1229 1235
3 1239 1233 1230
3 1239 1230 1236
3 1240 1196 1234
3 1240 1197 1196
3 1240 1234 1231
3 1240 1231 1237
3 1241 1179 1180
3 1241 1235 1179
3 1242 1236 1238
3 1243 1233 1239
3 1243 1237 1233
3 1244 1238 1235
3 1244 1235 1241
3 1245 1239 1236
3 1245 1236 1242
3 1246 1198 1197
3 1246 1197 1240
3 1246 1240 1237
3 1246 1237 1243
3 1247 1180 1181
3 1247 1241 1180
3 1248 1242 1238
3 1248 1238 1244
3 1249 1246 1243
3 1249 1243 1239
3 1249 1239 1245
3 1250 1241 1247
3 1250 1244 1241
3 1251 1242 1248
3 1251 1245 1242
3 1252 1246 1249
3 1252 1199 1198
3 1252 1198 1246
3 1253 1181 1182
3 1253 1247 1181
3 1253 1250 1247
3 1254 1251 1248
3 1254 1244 1250
3 1254 1248 1244
3 1255 1245 1251
3 1255 1249 1245
3 1256 1250 1253
3 1257 1251 1254
3 1257 1255 1251
3 1258 1252 1249
3 1258 1200 1199
3 1258 1199 1252
3 1258 1249 1255
3 1259 1182 1183
3 1259 1253 1182
3 1260 1254 1250
3 1260 1250 1256
3 1261 1255 1257
3 1262 1256 1253
3 1262 1253 1259
3 1263 1257 1254
3 1263 1254 1260
3 1263 1261 1257
3 1264 1255 1261
3 1264 1258 1255
3 1264 1200 1258
3 1264 1201 1200
3 1265 1184 1186
3 1265 1259 1183
3 1265 1262 1259
3 1265 1183 1184
3 1265 1186 1187
3 1266 1260 1256
3 1266 1256 1262
3 1267 1261 1263
3 1268 1262 1265
3 1268 1265 1187
3 1269 1260 1266
3 1269 1263 1260
3 1270 1264 1261
3 1270 1202 1201
3 1270 1261 1267
3 1270 1201 1264
3 1271 1266 1262
3 1271 1187 1188
3 1271 1188 1189
3 1271 1262 1268
3 1271 1268 1187
3 1272 1267 1263
3 1272 1263 1269
3 1273 1269 1266
3 1273 1266 1271
3 1273 1271 1189
3 1273 1272 1269
3 1274 1203 1202
3 1274 1204 1203
3 1274 1202 1270
3 1274 1267 1272
3 1274 1270 1267
3 1275 1273 1189
3 1275 1189 1190
3 1275 1190 1191
3 1275 1272 1273
3 1275 1274 1272
3 1276 1191 1192
3 1276 1192 1204
3 1276 1275 1191
3 1276 1204 1274
3 1276 1274 1275
3 1287 1278 1277
3 1287 1277 1285
3 1288 1285 1284
3 1288 1287 1285
3 1289 1284 1283
3 1289 1288 1284
3 1290 1283 1282
3 1290 1289 1283
3 1291 1282 1281
3 1291 1290 1282
3 1292 1281 1280
3 1292 1291 1281
3 1286 1280 1279
3 1286 1292 1280
3 1295 1302 1303
3 1296 1303 1304
3 1296 1295 1303
3 1297 1304 1305
3 1297 1296 1304
3 1298 1305 1306
3 1298 1297 1305
3 1299 1306 1307
3 1299 1298 1306
3 1300 1307 1308
3 1300 1299 1307
3 1301 1308 1293
3 1301 1300 1308
3 1294 1301 1293
3 1324 1322 1323
3 1337 1310 1309
3 1337 1309 1317
3 1338 1311 1310
3 1338 1310 1337
3 1339 1317 1318
3 1339 1337 1317
3 1340 1312 1311
3 1340 1311 1338
3 1341 1337 1339
3 1341 1338 1337
3 1342 1318 1319
3 1342 1339 1318
3 1343 1313 1312
3 1343 1312 1340
3 1344 1340 1338
3 1344 1338 1341
3 1345 1341 1339
3 1345 1339 1342
3 1346 1314 1313
3 1346 1313 1343
3 1347 1319 1320
3 1347 1342 1319
3 1348 1340 1344
3 1348 1343 1340
3 1349 1341 1345
3 1349 1344 1341
3 1350 1315 1314
3 1350 1316 1315
3 1350 1331 1316
3 1350 1314 1346
3 1351 1342 1347
3 1351 1345 1342
3 1352 1346 1343
3 1352 1343 1348
3 1353 1320 1321
3 1353 1347 1320
3 1354 1348 1344
3 1354 1344 1349
3 1355 1349 1345
3 1355 1345 1351
3 1356 1332 1331
3 1356 1333 1332
3 1356 1346 1352
3 1356 1331 1350
3 1356 1350 1346
3 1357 1347 1353
3 1357 1351 1347
3 1358 1348 1354
3 1358 1352 1348
3 1359 1321 1322
3 1359 1322 1324
3 1359 1353 1321
3 1360 1354 1349
3 1360 1349 1355
3 1361 1351 1357
3 1361 1355 1351
3 1362 1356 1352
3 1362 1352 1358
3 1362 1333 1356
3 1363 1324 1325
3 1363 1359 1324
3 1363 1353 1359
3 1363 1357 1353
3 1364 1358 1354
3 1364 1354 1360
3 1365 1360 1355
3 1365 1355 1361
3 1366 1325 1326
3 1366 1363 1325
3 1366 1357 1363
3 1366 1361 1357
3 1367 1334 1333
3 1367 1333 1362
3 1367 1358 1364
3 1367 1362 1358
3 1368 1360 1365
3 1368 1364 1360
3 1369 1326 1327
3 1369 1366 1326
3 1369 1361 1366
3 1369 1365 1361
3 1370 1335 1334
3 1370 1334 1367
3 1370 1367 1364
3 1370 1364 1368
3 1371 1327 1328
3 1371 1368 1365
3 1371 1369 1327
3 1371 1365 1369
3 1372 1368 1371
3 1372 1328 1329
3 1372 1329 1330
3 1372 1336 1335
3 1372 1330 1336
3 1372 1335 1370
3 1372 1371 1328
3 1372 1370 1368
3 1383 1373 1374
3 1383 1381 1373
3 1384 1380 1381
3 1384 1381 1383
3 1385 1379 1380
3 1385 1380 1384
3 1386 1378 1379
3 1386 1379 1385
3 1387 1377 1378
3 1387 1378 1386
3 1388 1376 1377
3 1388 1377 1387
3 1382 1375 1376
3 1382 1376 1388
3 1397 1398 1399
3 1396 1399 1400
3 1396 1397 1399
3 1395 1400 1401
3 1395 1396 1400
3 1394 1401 1402
3 1394 1395 1401
3 1393 1402 1403
3 1393 1394 1402
3 1392 1403 1404
3 1392 1393 1403
3 1391 1404 1389
3 1391 1392 1404
3 1390 1391 1389
3 1415 1412 1411
3 1415 1414 1412
3 1416 1411 1410
3 1416 1415 1411
3 1417 1410 1409
3 1417 1416 1410
3 1418 1409 1408
3 1418 1417 1409
3 1419 1408 1407
3 1419 1418 1408
3 1420 1407 1406
3 1420 1419 1407
3 1413 1406 1405
3 1413 1420 1406
3 1431 1422 1421
3 1431 1421 1423
3 1432 1423 1424
3 1432 1431 1423
3 1433 1424 1425
3 1433 1432 1424
3 1434 1425 1426
3 1434 1433 1425
3 1435 1426 1427
3 1435 1434 1426
3 1436 1427 1428
3 1436 1435 1427
3 1430 1428 1429
3 1430 1436 1428
3 1459 1453 1452
3 1465 1446 1445
3 1465 1445 1458
3 1466 1447 1446
3 1466 1446 1465
3 1467 1458 1457
3 1467 1465 1458
3 1468 1448 1447
3 1468 1447 1466
3 1469 1465 1467
3 1469 1466 1465
3 1470 1457 1456
3 1470 1467 1457
3 1471 1449 1448
3 1471 1448 1468
3 1472 1468 1466
3 1472 1466 1469
3 1473 1467 1470
3 1473 1469 1467
3 1474 1450 1449
3 1474 1449 1471
3 1475 1456 1455
3 1475 1470 1456
3 1476 1471 1468
3 1476 1468 1472
3 1477 1469 1473
3 1477 1472 1469
3 1478 1443 1444
3 1478 1451 1450
3 1478 1444 1451
3 1478 1450 1474
3 1479 1473 1470
3 1479 1470 1475
3 1480 1471 1476
3 1480 1474 1471
3 1481 1455 1454
3 1481 1475 1455
3 1482 1476 1472
3 1482 1472 1477
3 1483 1477 1473
3 1483 1473 1479
3 1484 1474 1480
3 1484 1442 1443
3 1484 1443 1478
3 1484 1478 1474
3 1485 1475 1481
3 1485 1479 1475
3 1486 1480 1476
3 1486 1476 1482
3 1487 1454 1453
3 1487 1481 1454
3 1487 1453 1459
3 1488 1482 1477
3 1488 1477 1483
3 1489 1479 1485
3 1489 1488 1483
3 1489 1483 1479
3 1490 1441 1442
3 1490 1442 1484
3 1490 1480 1486
3 1490 1484 1480
3 1491 1485 1481
3 1491 1487 1459
3 1491 1459 1460
3 1491 1481 1487
3 1492 1482 1488
3 1492 1486 1482
3 1493 1488 1489
3 1494 1491 1460
3 1494 1460 1461
3 1494 1485 1491
3 1494 1489 1485
3 1495 1440 1441
3 1495 1490 1486
3 1495 1486 1492
3 1495 1441 1490
3 1496 1492 1488
3 1496 1495 1492
3 1496 1488 1493
3 1497 1461 1462
3 1497 1493 1489
3 1497 1494 1461
3 1497 1489 1494
3 1498 1439 1440
3 1498 1440 1495
3 1498 1495 1496
3 1499 1462 1463
3 1499 1463 1464
3 1499 1497 1462
3 1499 1496 1493
3 1499 1493 1497
3 1500 1437 1438
3 1500 1438 1439
3 1500 1439 1498
3 1500 1464 1437
3 1500 1499 1464
3 1500 1498 1496
3 1500 1496 1499
3 1509 1510 1511
3 1508 1511 1512
3 1508 1509 1511
3 1507 1512 1513
3 1507 1508 1512
3 1506 1513 1514
3 1506 1507 1513
3 1505 1514 1515
3 1505 1506 1514
3 1504 1515 1516
3 1504 1505 1515
3 1503 1516 1501
3 1503 1504 1516
3 1502 1503 1501
3 1525 1526 1532
3 1524 1525 1532
3 1523 1532 1531
3 1523 1524 1532
3 1522 1531 1530
3 1522 1523 1531
3 1521 1530 1529
3 1521 1522 1530
3 1520 1529 1528
3 1520 1521 1529
3 1519 1528 1527
3 1519 1520 1528
3 1518 1527 1517
3 1518 1519 1527
3 1548 1546 1547
3 1561 1534 1533
3 1561 1533 1541
3 1562 1535 1534
3 1562 1534 1561
3 1563 1541 1542
3 1563 1561 1541
3 1564 1536 1535
3 1564 1535 1562
3 1565 1561 1563
3 1565 1562 1561
3 1566 1542 1543
3 1566 1563 1542
3 1567 1537 1536
3 1567 1536 1564
3 1568 1564 1562
3 1568 1562 1565
3 1569 1565 1563
3 1569 1563 1566
3 1570 1538 1537
3 1570 1537 1567
3 1571 1543 1544
3 1571 1566 1543
3 1572 1564 1568
3 1572 1567 1564
3 1573 1565 1569
3 1573 1568 1565
3 1574 1539 1538
3 1574 1540 1539
3 1574 1555 1540
3 1574 1538 1570
3 1575 1566 1571
3 1575 1569 1566
3 1576 1570 1567
3 1576 1567 1572
3 1577 1544 1545
3 1577 1571 1544
3 1578 1572 1568
3 1578 1568 1573
3 1579 1573 1569
3 1579 1569 1575
3 1580 1556 1555
3 1580 1570 1576
3 1580 1555 1574
3 1580 1574 1570
3 1581 1571 1577
3 1581 1575 1571
3 1582 1572 1578
3 1582 1576 1572
3 1583 1545 1546
3 1583 1546 1548
3 1583 1577 1545
3 1584 1578 1573
3 1584 1573 1579
3 1585 1575 1581
3 1585 1579 1575
3 1586 1580 1576
3 1586 1576 1582
3 1586 1557 1556
3 1586 1556 1580
3 1587 1548 1549
3 1587 1583 1548
3 1587 1577 1583
3 1587 1581 1577
3 1588 1582 1578
3 1588 1578 1584
3 1589 1584 1579
3 1589 1579 1585
3 1590 1549 1550
3 1590 1587 1549
3 1590 1581 1587
3 1590 1585 1581
3 1591 1557 1586
3 1591 1558 1557
3 1591 1582 1588
3 1591 1586 1582
3 1592 1584 1589
3 1592 1588 1584
3 1593 1550 1551
3 1593 1590 1550
3 1593 1585 1590
3 1593 1589 1585
3 1594 1559 1558
3 1594 1558 1591
3 1594 1591 1588
3 1594 1588 1592
3 1595 1551 1552
3 1595 1592 1589
3 1595 1593 1551
3 1595 1589 1593
3 1596 1592 1595
3 1596 1552 1553
3 1596 1553 1554
3 1596 1560 1559
3 1596 1554 1560
3 1596 1559 1594
3 1596 1595 1552
3 1596 1594 1592
3 1597 1612 1605
3 1598 1612 1597
3 1599 1611 1612
3 1599 1612 1598
3 1600 1610 1611
3 1600 1611 1599
3 1601 1609 1610
3 1601 1610 1600
3 1602 1608 1609
3 1602 1609 1601
3 1603 1607 1608
3 1603 1608 1602
3 1604 1606 1607
3 1604 1607 1603
3 1623 1613 1614
3 1623 1615 1613
3 1624 1616 1615
3 1624 1615 1623
3 1625 1617 1616
3 1625 1616 1624
3 1626 1618 1617
3 1626 1617 1625
3 1627 1619 1618
3 1627 1618 1626
3 1628 1620 1619
3 1628 1619 1627
3 1622 1621 1620
3 1622 1620 1628
3 1635 1643 1636
3 1629 1650 1630
3 1651 1638 1639
3 1652 1637 1638
3 1652 1638 1651
3 1653 1644 1637
3 1653 1637 1652
3 1654 1639 1640
3 1654 1652 1651
3 1654 1651 1639
3 1655 1645 1644
3 1655 1644 1653
3 1656 1653 1652
3 1656 1652 1654
3 1657 1640 1641
3 1657 1641 1642
3 1657 1654 1640
3 1658 1646 1645
3 1658 1645 1655
3 1659 1653 1656
3 1659 1655 1653
3 1660 1656 1654
3 1660 1654 1657
3 1661 1647 1646
3 1661 1655 1659
3 1661 1646 1658
3 1661 1658 1655
3 1662 1659 1656
3 1662 1656 1660
3 1663 1635 1634
3 1663 1642 1643
3 1663 1657 1642
3 1663 1660 1657
3 1663 1643 1635
3 1664 1661 1659
3 1664 1659 1662
3 1665 1634 1633
3 1665 1663 1634
3 1665 1662 1660
3 1665 1660 1663
3 1666 1648 1647
3 1666 1649 1648
3 1666 1647 1661
3 1666 1661 1664
3 1667 1632 1631
3 1667 1633 1632
3 1667 1665 1633
3 1667 1664 1662
3 1667 1662 1665
3 1668 1631 1630
3 1668 1650 1649
3 1668 1630 1650
3 1668 1667 1631
3 1668 1649 1666
3 1668 1666 1664
3 1668 1664 1667
3 1675 1676 1683
3 1669 1670 1690
3 1691 1679 1678
3 1692 1678 1677
3 1692 1691 1678
3 1693 1677 1684
3 1693 1692 1677
3 1694 1680 1679
3 1694 1691 1692
3 1694 1679 1691
3 1695 1684 1685
3 1695 1693 1684
3 1696 1692 1693
3 1696 1694 1692
3 1697 1681 1680
3 1697 1682 1681
3 1697 1680 1694
3 1698 1685 1686
3 1698 1695 1685
3 1699 1696 1693
3 1699 1693 1695
3 1700 1694 1696
3 1700 1697 1694
3 1701 1686 1687
3 1701 1699 1695
3 1701 1698 1686
3 1701 1695 1698
3 1702 1696 1699
3 1702 1700 1696
3 1703 1674 1675
3 1703 1683 1682
3 1703 1682 1697
3 1703 1697 1700
3 1703 1675 1683
3 1704 1699 1701
3 1704 1702 1699
3 1705 1673 1674
3 1705 1674 1703
3 1705 1700 1702
3 1705 1703 1700
3 1706 1687 1688
3 1706 1688 1689
3 1706 1701 1687
3 1706 1704 1701
3 1707 1671 1672
3 1707 1672 1673
3 1707 1673 1705
3 1707 1702 1704
3 1707 1705 1702
3 1708 1670 1671
3 1708 1689 1690
3 1708 1690 1670
3 1708 1671 1707
3 1708 1706 1689
3 1708 1704 1706
3 1708 1707 1704
3 1725 1716 1715
3 1724 1730 1723
3 1731 1711 1710
3 1732 1710 1709
3 1732 1731 1710
3 1733 1709 1717
3 1733 1732 1709
3 1734 1712 1711
3 1734 1711 1731
3 1734 1731 1732
3 1735 1717 1718
3 1735 1733 1717
3 1736 1732 1733
3 1736 1734 1732
3 1737 1713 1712
3 1737 1714 1713
3 1737 1712 1734
3 1738 1718 1719
3 1738 1735 1718
3 1739 1736 1733
3 1739 1733 1735
3 1740 1734 1736
3 1740 1737 1734
3 1741 1719 1720
3 1741 1735 1738
3 1741 1738 1719
3 1741 1739 1735
3 1742 1736 1739
3 1742 1740 1736
3 1743 1715 1714
3 1743 1726 1725
3 1743 1714 1737
3 1743 1737 1740
3 1743 1725 1715
3 1744 1739 1741
3 1744 1742 1739
3 1745 1727 1726
3 1745 1728 1727
3 1745 1726 1743
3 1745 1740 1742
3 1745 1743 1740
3 1746 1720 1721
3 1746 1721 1722
3 1746 1741 1720
3 1746 1744 1741
3 1747 1729 1728
3 1747 1728 1745
3 1747 1742 1744
3 1747 1745 1742
3 1748 1722 1723
3 1748 1730 1729
3 1748 1729 1747
3 1748 1723 1730
3 1748 1746 1722
3 1748 1744 1746
3 1748 1747 1744
3 1750 1749 1751
3 1750 1751 1752
3 1769 1760 1759
3 1768 1774 1767
3 1775 1755 1754
3 1776 1754 1753
3 1776 1775 1754
3 1777 1753 1761
3 1777 1776 1753
3 1778 1756 1755
3 1778 1755 1775
3 1778 1775 1776
3 1779 1761 1762
3 1779 1777 1761
3 1780 1776 1777
3 1780 1778 1776
3 1781 1757 1756
3 1781 1758 1757
3 1781 1756 1778
3 1782 1762 1763
3 1782 1779 1762
3 1783 1780 1777
3 1783 1777 1779
3 1784 1778 1780
3 1784 1781 1778
3 1785 1763 1764
3 1785 1779 1782
3 1785 1782 1763
3 1785 1783 1779
3 1786 1780 1783
3 1786 1784 1780
3 1787 1759 1758
3 1787 1770 1769
3 1787 1758 1781
3 1787 1781 1784
3 1787 1769 1759
3 1788 1783 1785
3 1788 1786 1783
3 1789 1771 1770
3 1789 1772 1771
3 1789 1770 1787
3 1789 1784 1786
3 1789 1787 1784
3 1790 1764 1765
3 1790 1765 1766
3 1790 1785 1764
3 1790 1788 1785
3 1791 1773 1772
3 1791 1772 1789
3 1791 1786 1788
3 1791 1789 1786
3 1792 1766 1767
3 1792 1774 1773
3 1792 1773 1791
3 1792 1767 1774
3 1792 1790 1766
3 1792 1788 1790
3 1792 1791 1788
3 1794 1795 1796
3 1794 1796 1793
3 1798 1799 1800
3 1798 1800 1797
3 1807 1808 1815
3 1801 1802 1822
3 1823 1811 1810
3 1824 1810 1809
3 1824 1823 1810
3 1825 1809 1816
3 1825 1824 1809
3 1826 1812 1811
3 1826 1823 1824
3 1826 1811 1823
3 1827 1816 1817
3 1827 1825 1816
3 1828 1824 1825
3 1828 1826 1824
3 1829 1813 1812
3 1829 1814 1813
3 1829 1812 1826
3 1830 1817 1818
3 1830 1827 1817
3 1831 1828 1825
3 1831 1825 1827
3 1832 1826 1828
3 1832 1829 1826
3 1833 1818 1819
3 1833 1831 1827
3 1833 1830 1818
3 1833 1827 1830
3 1834 1828 1831
3 1834 1832 1828
3 1835 1806 1807
3 1835 1815 1814
3 1835 1814 1829
3 1835 1829 1832
3 1835 1807 1815
3 1836 1831 1833
3 1836 1834 1831
3 1837 1805 1806
3 1837 1806 1835
3 1837 1832 1834
3 1837 1835 1832
3 1838 1819 1820
3 1838 1820 1821
3 1838 1833 1819
3 1838 1836 1833
3 1839 1803 1804
3 1839 1804 1805
3 1839 1805 1837
3 1839 1834 1836
3 1839 1837 1834
3 1840 1802 1803
3 1840 1821 1822
3 1840 1822 1802
3 1840 1803 1839
3 1840 1838 1821
3 1840 1836 1838
3 1840 1839 1836
3 1843 1842 1841
3 1843 1841 1844
3 1852 1860 1853
3 1851 1859 1860
3 1851 1860 1852
3 1850 1858 1859
3 1850 1859 1851
3 1849 1857 1858
3 1849 1858 1850
3 1848 1856 1857
3 1848 1857 1849
3 1847 1855 1856
3 1847 1856 1848
3 1846 1854 1855
3 1846 1855 1847
3 1845 1854 1846
3 1871 1861 1862
3 1871 1863 1861
3 1872 1864 1863
3 1872 1863 1871
3 1873 1865 1864
3 1873 1864 1872
3 1874 1866 1865
3 1874 1865 1873
3 1875 1867 1866
3 1875 1866 1874
3 1876 1868 1867
3 1876 1867 1875
3 1870 1869 1868
3 1870 1868 1876
3 1880 1878 1877
3 1880 1879 1878
3 1881 1884 1883
3 1881 1882 1884
3 1895 1885 1886
3 1895 1887 1885
3 1896 1888 1887
3 1896 1887 1895
3 1897 1889 1888
3 1897 1890 1889
3 1897 1888 1896
3 1898 1890 1897
3 1899 1891 1890
3 1899 1890 1898
3 1900 1892 1891
3 1900 1891 1899
3 1894 1893 1892
3 1894 1892 1900
3 1902 1903 1901
3 1916 1904 1903
3 1916 1903 1902
3 1915 1905 1904
3 1915 1904 1916
3 1914 1906 1905
3 1914 1905 1915
3 1913 1907 1906
3 1913 1906 1914
3 1912 1908 1907
3 1912 1907 1913
3 1911 1909 1908
3 1911 1908 1912
3 1910 1909 1911
3 1920 1918 1917
3 1920 1919 1918
3 1937 1922 1921
3 1937 1923 1922
3 1937 1924 1923
3 1938 1924 1937
3 1939 1925 1924
3 1939 1926 1925
3 1939 1924 1938
3 1940 1926 1939
3 1941 1927 1926
3 1941 1926 1940
3 1942 1928 1927
3 1942 1927 1941
3 1943 1929 1928
3 1943 1928 1942
3 1944 1930 1929
3 1944 1929 1943
3 1945 1931 1930
3 1945 1930 1944
3 1946 1932 1931
3 1946 1933 1932
3 1946 1931 1945
3 1947 1933 1946
3 1948 1934 1933
3 1948 1935 1934
3 1948 1933 1947
3 1936 1935 1948
3 1952 1950 1949
3 1952 1951 1950
3 1956 1954 1953
3 1956 1955 1954
3 1973 1958 1957
3 1973 1959 1958
3 1973 1960 1959
3 1974 1960 1973
3 1975 1961 1960
3 1975 1960 1974
3 1976 1962 1961
3 1976 1961 1975
3 1977 1963 1962
3 1977 1962 1976
3 1978 1964 1963
3 1978 1965 1964
3 1978 1963 1977
3 1979 1965 1978
3 1980 1966 1965
3 1980 1965 1979
3 1981 1967 1966
3 1981 1966 1980
3 1982 1968 1967
3 1982 1969 1968
3 1982 1967 1981
3 1983 1969 1982
3 1984 1970 1969
3 1984 1969 1983
3 1972 1971 1970
3 1972 1970 1984
3 1991 1992 1999
3 1985 1986 2006
3 2007 1995 1994
3 2008 1994 1993
3 2008 2007 1994
3 2009 1993 2000
3 2009 2008 1993
3 2010 1996 1995
3 2010 2007 2008
3 2010 1995 2007
3 2011 2000 2001
3 2011 2009 2000
3 2012 2008 2009
3 2012 2010 2008
3 2013 1997 1996
3 2013 1998 1997
3 2013 1996 2010
3 2014 2001 2002
3 2014 2011 2001
3 2015 2012 2009
3 2015 2009 2011
3 2016 2010 2012
3 2016 2013 2010
3 2017 2002 2003
3 2017 2015 2011
3 2017 2014 2002
3 2017 2011 2014
3 2018 2012 2015
3 2018 2016 2012
3 2019 1990 1991
3 2019 1999 1998
3 2019 1998 2013
3 2019 2013 2016
3 2019 1991 1999
3 2020 2015 2017
3 2020 2018 2015
3 2021 1989 1990
3 2021 1990 2019
3 2021 2016 2018
3 2021 2019 2016
3 2022 2003 2004
3 2022 2004 2005
3 2022 2017 2003
3 2022 2020 2017
3 2023 1987 1988
3 2023 1988 1989
3 2023 1989 2021
3 2023 2018 2020
3 2023 2021 2018
3 2024 1986 1987
3 2024 2005 2006
3 2024 2006 1986
3 2024 1987 2023
3 2024 2022 2005
3 2024 2020 2022
3 2024 2023 2020
3 2028 2026 2025
3 2028 2027 2026
3 2035 2036 2043
3 2029 2030 2050
3 2051 2039 2038
3 2052 2038 2037
3 2052 2051 2038
3 2053 2037 2044
3 2053 2052 2037
3 2054 2040 2039
3 2054 2051 2052
3 2054 2039 2051
3 2055 2044 2045
3 2055 2053 2044
3 2056 2052 2053
3 2056 2054 2052
3 2057 2041 2040
3 2057 2042 2041
3 2057 2040 2054
3 2058 2045 2046
3 2058 2055 2045
3 2059 2056 2053
3 2059 2053 2055
3 2060 2054 2056
3 2060 2057 2054
3 2061 2046 2047
3 2061 2059 2055
3 2061 2058 2046
3 2061 2055 2058
3 2062 2056 2059
3 2062 2060 2056
3 2063 2034 2035
3 2063 2043 2042
3 2063 2042 2057
3 2063 2057 2060
3 2063 2035 2043
3 2064 2059 2061
3 2064 2062 2059
3 2065 2033 2034
3 2065 2034 2063
3 2065 2060 2062
3 2065 2063 2060
3 2066 2047 2048
3 2066 2048 2049
3 2066 2061 2047
3 2066 2064 2061
3 2067 2031 2032
3 2067 2032 2033
3 2067 2033 2065
3 2067 2062 2064
3 2067 2065 2062
3 2068 2030 2031
3 2068 2049 2050
3 2068 2050 2030
3 2068 2031 2067
3 2068 2066 2049
3 2068 2064 2066
3 2068 2067 2064
3 2085 2076 2075
3 2084 2090 2083
3 2091 2071 2070
3 2092 2070 2069
3 2092 2091 2070
3 2093 2069 2077
3 2093 2092 2069
3 2094 2072 2071
3 2094 2071 2091
3 2094 2091 2092
3 2095 2077 2078
3 2095 2093 2077
3 2096 2092 2093
3 2096 2094 2092
3 2097 2073 2072
3 2097 2074 2073
3 2097 2072 2094
3 2098 2078 2079
3 2098 2095 2078
3 2099 2096 2093
3 2099 2093 2095
3 2100 2094 2096
3 2100 2097 2094
3 2101 2079 2080
3 2101 2095 2098
3 2101 2098 2079
3 2101 2099 2095
3 2102 2096 2099
3 2102 2100 2096
3 2103 2075 2074
3 2103 2086 2085
3 2103 2074 2097
3 2103 2097 2100
3 2103 2085 2075
3 2104 2099 2101
3 2104 2102 2099
3 2105 2087 2086
3 2105 2088 2087
3 2105 2086 2103
3 2105 2100 2102
3 2105 2103 2100
3 2106 2080 2081
3 2106 2081 2082
3 2106 2101 2080
3 2106 2104 2101
3 2107 2089 2088
3 2107 2088 2105
3 2107 2102 2104
3 2107 2105 2102
3 2108 2082 2083
3 2108 2090 2089
3 2108 2089 2107
3 2108 2083 2090
3 2108 2106 2082
3 2108 2104 2106
3 2108 2107 2104
3 2111 2118 2119
3 2112 2119 2120
3 2112 2111 2119
3 2113 2120 2121
3 2113 2112 2120
3 2114 2121 2122
3 2114 2113 2121
3 2115 2122 2123
3 2115 2114 2122
3 2116 2123 2124
3 2116 2115 2123
3 2117 2124 2109
3 2117 2116 2124
3 2110 2117 2109
3 2128 2127 2134
3 2128 2134 2140
3 2129 2140 2139
3 2129 2128 2140
3 2130 2139 2138
3 2130 2129 2139
3 2131 2138 2137
3 2131 2130 2138
3 2132 2137 2136
3 2132 2131 2137
3 2133 2136 2135
3 2133 2132 2136
3 2126 2135 2125
3 2126 2133 2135
3 2151 2141 2142
3 2151 2143 2141
3 2151 2144 2143
3 2152 2144 2151
3 2153 2145 2144
3 2153 2144 2152
3 2154 2146 2145
3 2154 2145 2153
3 2155 2147 2146
3 2155 2146 2154
3 2156 2148 2147
3 2156 2147 2155
3 2150 2149 2148
3 2150 2148 2156
3 2173 2163 2164
3 2172 2171 2178
3 2179 2158 2159
3 2180 2157 2158
3 2180 2158 2179
3 2181 2165 2157
3 2181 2157 2180
3 2182 2159 2160
3 2182 2179 2159
3 2182 2180 2179
3 2183 2166 2165
3 2183 2165 2181
3 2184 2181 2180
3 2184 2180 2182
3 2185 2160 2161
3 2185 2161 2162
3 2185 2182 2160
3 2186 2167 2166
3 2186 2166 2183
3 2187 2181 2184
3 2187 2183 2181
3 2188 2184 2182
3 2188 2182 2185
3 2189 2168 2167
3 2189 2186 2183
3 2189 2167 2186
3 2189 2183 2187
3 2190 2187 2184
3 2190 2184 2188
3 2191 2162 2163
3 2191 2173 2174
3 2191 2185 2162
3 2191 2188 2185
3 2191 2163 2173
3 2192 2189 2187
3 2192 2187 2190
3 2193 2174 2175
3 2193 2175 2176
3 2193 2191 2174
3 2193 2190 2188
3 2193 2188 2191
3 2194 2169 2168
3 2194 2170 2169
3 2194 2168 2189
3 2194 2189 2192
3 2195 2176 2177
3 2195 2193 2176
3 2195 2192 2190
3 2195 2190 2193
3 2196 2171 2170
3 2196 2177 2178
3 2196 2195 2177
3 2196 2178 2171
3 2196 2170 2194
3 2196 2194 2192
3 2196 2192 2195
3 2203 2211 2204
3 2197 2218 2198
3 2219 2206 2207
3 2220 2205 2206
3 2220 2206 2219
3 2221 2212 2205
3 2221 2205 2220
3 2222 2207 2208
3 2222 2220 2219
3 2222 2219 2207
3 2223 2213 2212
3 2223 2212 2221
3 2224 2221 2220
3 2224 2220 2222
3 2225 2208 2209
3 2225 2209 2210
3 2225 2222 2208
3 2226 2214 2213
3 2226 2213 2223
3 2227 2221 2224
3 2227 2223 2221
3 2228 2224 2222
3 2228 2222 2225
3 2229 2215 2214
3 2229 2223 2227
3 2229 2214 2226
3 2229 2226 2223
3 2230 2227 2224
3 2230 2224 2228
3 2231 2203 2202
3 2231 2210 2211
3 2231 2225 2210
3 2231 2228 2225
3 2231 2211 2203
3 2232 2229 2227
3 2232 2227 2230
3 2233 2202 2201
3 2233 2231 2202
3 2233 2230 2228
3 2233 2228 2231
3 2234 2216 2215
3 2234 2217 2216
3 2234 2215 2229
3 2234 2229 2232
3 2235 2200 2199
3 2235 2201 2200
3 2235 2233 2201
3 2235 2232 2230
3 2235 2230 2233
3 2236 2199 2198
3 2236 2218 2217
3 2236 2198 2218
3 2236 2235 2199
3 2236 2217 2234
3 2236 2234 2232
3 2236 2232 2235
3 2247 2243 2244
3 2247 2244 2246
3 2248 2242 2243
3 2248 2243 2247
3 2249 2241 2242
3 2249 2242 2248
3 2250 2240 2241
3 2250 2241 2249
3 2251 2239 2240
3 2251 2240 2250
3 2252 2238 2239
3 2252 2239 2251
3 2245 2237 2238
3 2245 2238 2252
3 2268 2254 2253
3 2267 2255 2254
3 2267 2254 2268
3 2266 2256 2255
3 2266 2255 2267
3 2265 2257 2256
3 2265 2256 2266
3 2264 2258 2257
3 2264 2257 2265
3 2263 2259 2258
3 2263 2258 2264
3 2262 2260 2259
3 2262 2259 2263
3 2261 2260 2262
3 2275 2283 2276
3 2269 2290 2270
3 2291 2278 2279
3 2292 2277 2278
3 2292 2278 2291
3 2293 2284 2277
3 2293 2277 2292
3 2294 2279 2280
3 2294 2292 2291
3 2294 2291 2279
3 2295 2285 2284
3 2295 2284 2293
3 2296 2293 2292
3 2296 2292 2294
3 2297 2280 2281
3 2297 2281 2282
3 2297 2294 2280
3 2298 2286 2285
3 2298 2285 2295
3 2299 2293 2296
3 2299 2295 2293
3 2300 2296 2294
3 2300 2294 2297
3 2301 2287 2286
3 2301 2295 2299
3 2301 2286 2298
3 2301 2298 2295
3 2302 2299 2296
3 2302 2296 2300
3 2303 2275 2274
3 2303 2282 2283
3 2303 2297 2282
3 2303 2300 2297
3 2303 2283 2275
3 2304 2301 2299
3 2304 2299 2302
3 2305 2274 2273
3 2305 2303 2274
3 2305 2302 2300
3 2305 2300 2303
3 2306 2288 2287
3 2306 2289 2288
3 2306 2287 2301
3 2306 2301 2304
3 2307 2272 2271
3 2307 2273 2272
3 2307 2305 2273
3 2307 2304 2302
3 2307 2302 2305
3 2308 2271 2270
3 2308 2290 2289
3 2308 2270 2290
3 2308 2307 2271
3 2308 2289 2306
3 2308 2306 2304
3 2308 2304 2307
3 2325 2315 2316
3 2324 2323 2330
3 2331 2310 2311
3 2332 2309 2310
3 2332 2310 2331
3 2333 2317 2309
3 2333 2309 2332
3 2334 2311 2312
3 2334 2331 2311
3 2334 2332 2331
3 2335 2318 2317
3 2335 2317 2333
3 2336 2333 2332
3 2336 2332 2334
3 2337 2312 2313
3 2337 2313 2314
3 2337 2334 2312
3 2338 2319 2318
3 2338 2318 2335
3 2339 2333 2336
3 2339 2335 2333
3 2340 2336 2334
3 2340 2334 2337
3 2341 2320 2319
3 2341 2338 2335
3 2341 2319 2338
3 2341 2335 2339
3 2342 2339 2336
3 2342 2336 2340
3 2343 2314 2315
3 2343 2325 2326
3 2343 2337 2314
3 2343 2340 2337
3 2343 2315 2325
3 2344 2341 2339
3 2344 2339 2342
3 2345 2326 2327
3 2345 2327 2328
3 2345 2343 2326
3 2345 2342 2340
3 2345 2340 2343
3 2346 2321 2320
3 2346 2322 2321
3 2346 2320 2341
3 2346 2341 2344
3 2347 2328 2329
3 2347 2345 2328
3 2347 2344 2342
3 2347 2342 2345
3 2348 2323 2322
3 2348 2329 2330
3 2348 2347 2329
3 2348 2330 2323
3 2348 2322 2346
3 2348 2346 2344
3 2348 2344 2347
3 2364 2355 2356
3 2363 2355 2364
3 2362 2354 2355
3 2362 2355 2363
3 2361 2352 2353
3 2361 2353 2354
3 2361 2354 2362
3 2360 2352 2361
3 2359 2351 2352
3 2359 2352 2360
3 2358 2349 2350
3 2358 2350 2351
3 2358 2351 2359
3 2357 2349 2358
3 2380 2398 2379
3 2377 2385 2378
3 2399 2386 2387
3 2405 2380 2381
3 2405 2381 2382
3 2405 2396 2397
3 2405 2397 2398
3 2405 2398 2380
3 2406 2394 2395
3 2406 2395 2396
3 2406 2396 2405
3 2407 2405 2382
3 2407 2382 2383
3 2407 2383 2384
3 2408 2392 2393
3 2408 2393 2394
3 2408 2394 2406
3 2409 2405 2407
3 2409 2406 2405
3 2410 2376 2375
3 2410 2377 2376
3 2410 2384 2385
3 2410 2385 2377
3 2410 2407 2384
3 2411 2390 2391
3 2411 2391 2392
3 2411 2392 2408
3 2412 2408 2406
3 2412 2406 2409
3 2413 2374 2373
3 2413 2375 2374
3 2413 2410 2375
3 2413 2409 2407
3 2413 2407 2410
3 2414 2388 2389
3 2414 2389 2390
3 2414 2390 2411
3 2415 2408 2412
3 2415 2411 2408
3 2416 2412 2409
3 2416 2372 2371
3 2416 2373 2372
3 2416 2413 2373
3 2416 2409 2413
3 2417 2388 2414
3 2417 2387 2388
3 2417 2400 2399
3 2417 2401 2400
3 2417 2399 2387
3 2418 2414 2411
3 2418 2411 2415
3 2419 2370 2369
3 2419 2371 2370
3 2419 2416 2371
3 2419 2412 2416
3 2419 2415 2412
3 2420 2414 2418
3 2420 2402 2401
3 2420 2403 2402
3 2420 2417 2414
3 2420 2401 2417
3 2421 2368 2367
3 2421 2369 2368
3 2421 2419 2369
3 2421 2418 2415
3 2421 2415 2419
3 2422 2366 2365
3 2422 2421 2367
3 2422 2367 2366
3 2422 2418 2421
3 2422 2404 2403
3 2422 2365 2404
3 2422 2420 2418
3 2422 2403 2420
3 2433 2424 2423
3 2433 2423 2432
3 2434 2425 2424
3 2434 2424 2433
3 2435 2426 2425
3 2435 2425 2434
3 2436 2427 2426
3 2436 2426 2435
3 2437 2428 2427
3 2437 2427 2436
3 2438 2429 2428
3 2438 2428 2437
3 2431 2430 2429
3 2431 2429 2438
3 2449 2440 2439
3 2449 2439 2448
3 2450 2441 2440
3 2450 2440 2449
3 2451 2442 2441
3 2451 2441 2450
3 2452 2443 2442
3 2452 2442 2451
3 2453 2444 2443
3 2453 2443 2452
3 2454 2445 2444
3 2454 2444 2453
3 2447 2446 2445
3 2447 2445 2454
3 2470 2488 2469
3 2467 2475 2468
3 2489 2476 2477
3 2495 2470 2471
3 2495 2471 2472
3 2495 2486 2487
3 2495 2487 2488
3 2495 2488 2470
3 2496 2484 2485
3 2496 2485 2486
3 2496 2486 2495
3 2497 2495 2472
3 2497 2472 2473
3 2497 2473 2474
3 2498 2482 2483
3 2498 2483 2484
3 2498 2484 2496
3 2499 2495 2497
3 2499 2496 2495
3 2500 2466 2465
3 2500 2467 2466
3 2500 2474 2475
3 2500 2475 2467
3 2500 2497 2474
3 2501 2480 2481
3 2501 2481 2482
3 2501 2482 2498
3 2502 2498 2496
3 2502 2496 2499
3 2503 2464 2463
3 2503 2465 2464
3 2503 2500 2465
3 2503 2499 2497
3 2503 2497 2500
3 2504 2478 2479
3 2504 2479 2480
3 2504 2480 2501
3 2505 2498 2502
3 2505 2501 2498
3 2506 2462 2461
3 2506 2463 2462
3 2506 2499 2503
3 2506 2503 2463
3 2506 2502 2499
3 2507 2478 2504
3 2507 2477 2478
3 2507 2490 2489
3 2507 2491 2490
3 2507 2489 2477
3 2508 2504 2501
3 2508 2501 2505
3 2509 2460 2459
3 2509 2461 2460
3 2509 2505 2502
3 2509 2502 2506
3 2509 2506 2461
3 2510 2507 2504
3 2510 2504 2508
3 2510 2492 2491
3 2510 2493 2492
3 2510 2491 2507
3 2511 2458 2457
3 2511 2459 2458
3 2511 2505 2509
3 2511 2508 2505
3 2511 2509 2459
3 2512 2456 2455
3 2512 2457 2456
3 2512 2508 2511
3 2512 2494 2493
3 2512 2455 2494
3 2512 2510 2508
3 2512 2511 2457
3 2512 2493 2510
3 2513 2515 2516
3 2514 2515 2513
3 2530 2517 2518
3 2530 2518 2519
3 2530 2519 2520
3 2530 2520 2521
3 2530 2521 2522
3 2530 2522 2523
3 2530 2523 2524
3 2530 2524 2525
3 2530 2525 2526
3 2530 2526 2527
3 2530 2527 2528
3 2530 2528 2529
3 2541 2542 2543
3 2539 2540 2541
3 2539 2541 2543
3 2531 2543 2544
3 2531 2544 2517
3 2531 2517 2530
3 2533 2531 2532
3 2534 2535 2536
3 2534 2536 2537
3 2534 2537 2538
3 2534 2538 2539
3 2534 2539 2543
3 2534 2543 2531
3 2534 2531 2533
