ply
format ascii 1.0
comment generated by blendit.inference.finetune_visualize
element vertex 2093
property float x
property float y
property float z
property uchar red
property uchar green
property uchar blue
element face 2699
property list uchar int vertex_indices
end_header
0 0 0 218 222 230
-1.38777878e-17 0 78.5073647 218 222 230
0 86.7617923 -1.38777878e-17 218 222 230
0 86.8800646 0.118272271 218 222 230
0 86.8770993 0.0919542145 218 222 230
0 86.868352 0.0669558556 218 222 230
0 86.8542613 0.044530716 218 222 230
0 86.8355339 0.0258032859 218 222 230
0 86.8131087 0.0117126369 218 222 230
0 86.7881104 0.00296533276 218 222 230
-1.38777878e-17 86.8800646 78.5073647 218 222 230
99.8445224 0 0 218 222 230
99.8445224 0 78.5073647 218 222 230
0 0 0 218 222 230
-1.38777878e-17 0 78.5073647 218 222 230
87.1136392 0 21.4869496 218 222 230
85.1188769 0 21.4869496 218 222 230
87.1136392 0 28.6856576 218 222 230
87.1136392 -1.38777878e-17 28.8039299 218 222 230
85.0006046 -1.38777878e-17 28.8039299 218 222 230
85.0006046 0 28.6856576 218 222 230
85.0006046 1.42108547e-14 21.6052218 218 222 230
85.0925588 0 21.4899149 218 222 230
85.0675605 0 21.4986622 218 222 230
85.0451353 0 21.5127528 218 222 230
85.0264079 0 21.5314803 218 222 230
85.0123173 0 21.5539054 218 222 230
85.00357 0 21.5789038 218 222 230
-1.38777878e-17 0 78.5073647 255 79 163
0.00174045271 0.00174045271 78.5275802 255 79 163
0.00691058709 0.00691058709 78.5472007 255 79 163
0.0153582394 0.0153582394 78.5656488 255 79 163
0.0268347844 0.0268347844 78.5823815 255 79 163
0.0410024524 0.0410024524 78.5969064 255 79 163
0.0574442709 0.0574442709 78.6087959 255 79 163
0.0820600001 0.0820600001 78.6199569 255 79 163
0.0999447514 0.0999447514 78.6242083 255 79 163
0.118272271 0.118272271 78.625637 255 79 163
0.118272271 86.7617923 78.625637 255 79 163
-1.38777878e-17 86.8800646 78.5073647 255 79 163
0.00174045271 86.8783241 78.5275802 255 79 163
0.00691058709 86.873154 78.5472007 255 79 163
0.0153582394 86.8647063 78.5656488 255 79 163
0.0268347844 86.8532298 78.5823815 255 79 163
0.0410024524 86.8390621 78.5969064 255 79 163
0.0574442709 86.8226203 78.6087959 255 79 163
0.0820600001 86.7980046 78.6199569 255 79 163
0.0999447514 86.7801198 78.6242083 255 79 163
0 0 0 218 222 230
0 86.7617923 -1.38777878e-17 218 222 230
99.8445224 0 0 218 222 230
99.8445224 86.7617923 -1.38777878e-17 218 222 230
92.0348184 83.7916644 0 218 222 230
92.0177394 83.6520975 0 218 222 230
91.9680914 83.5177748 0 218 222 230
91.9017674 83.4086763 0 218 222 230
91.8027015 83.2933253 0 218 222 230
91.6685579 83.1786984 0 218 222 230
91.4622317 83.0509964 0 218 222 230
91.2044687 82.9400425 0 218 222 230
90.8351497 82.841751 0 218 222 230
90.4020716 82.7937359 0 218 222 230
89.9653791 82.8090998 0 218 222 230
89.5394598 82.8888356 0 218 222 230
89.1428871 83.0380021 0 218 222 230
88.8364008 83.2382379 0 218 222 230
88.6801568 83.405514 0 218 222 230
88.590348 83.5646956 0 218 222 230
88.5510436 83.7071934 0 218 222 230
88.5448232 83.7873351 0 218 222 230
88.5498362 83.8675328 0 218 222 230
88.5711199 83.9646695 0 218 222 230
88.6137992 84.0700721 0 218 222 230
88.6742041 84.1695627 0 218 222 230
88.777921 84.2909965 0 218 222 230
88.9196086 84.4108882 0 218 222 230
89.1383145 84.5430336 0 218 222 230
89.4116221 84.6557998 0 218 222 230
89.802497 84.7518791 0 218 222 230
90.2591964 84.7915105 0 218 222 230
90.716987 84.7612385 0 218 222 230
91.1586277 84.6589066 0 218 222 230
91.4299549 84.5486993 0 218 222 230
91.7032789 84.3780851 0 218 222 230
91.8806001 84.2026917 0 218 222 230
91.9753017 84.0506054 0 218 222 230
92.0196222 83.9233494 0 218 222 230
45.8471439 51.3651791 0 218 222 230
45.8471439 66.7894374 0 218 222 230
45.7288717 51.1286345 6.9388939e-18 218 222 230
45.7439798 51.1312211 6.4788629e-18 218 222 230
45.7517215 51.1344097 6.18151734e-18 218 222 230
45.7594553 51.1388159 5.84929051e-18 218 222 230
45.7737583 51.1502966 5.15766012e-18 218 222 230
45.7897785 51.1687909 4.30317052e-18 218 222 230
45.8088935 51.2000765 3.26035044e-18 218 222 230
45.8295684 51.2510318 2.08974192e-18 218 222 230
45.8426087 51.3074586 9.02922748e-19 218 222 230
12.4358599 51.1286345 -1.38777878e-17 218 222 230
12.4358599 66.9077097 -1.38777878e-17 218 222 230
45.8471439 66.9077097 -1.38777878e-17 218 222 230
0 86.8800646 0.118272271 218 222 230
-1.38777878e-17 86.8800646 78.5073647 218 222 230
69.3502267 86.8800646 78.5073647 218 222 230
69.3502267 86.8800646 32.37355 218 222 230
69.4694598 86.8800646 32.1370054 218 222 230
69.4542959 86.8800646 32.1395689 218 222 230
69.4465266 86.8800646 32.1427296 218 222 230
69.4387643 86.8800646 32.1470978 218 222 230
69.4243672 86.8800646 32.1585172 218 222 230
69.4082111 86.8800646 32.1769575 218 222 230
69.3889067 86.8800646 32.2082159 218 222 230
69.3680092 86.8800646 32.259202 218 222 230
69.3548161 86.8800646 32.3157155 218 222 230
85.0273243 86.8800646 32.1370054 218 222 230
85.08255 86.8800646 32.1435336 218 222 230
85.1347188 86.8800646 32.162779 218 222 230
85.1809521 86.8800646 32.1936747 218 222 230
85.2187063 86.8800646 32.2345032 218 222 230
85.2458916 86.8800646 32.2830136 218 222 230
85.2593573 86.8800646 32.3273921 218 222 230
85.2638991 86.8800646 32.37355 218 222 230
85.2638991 86.8800646 78.5073647 218 222 230
99.7262501 86.8800646 78.5073647 218 222 230
99.7262501 86.8800646 0.118272271 218 222 230
85.0006046 86.8800646 21.6052218 218 222 230
85.0006046 86.8800646 28.6856576 218 222 230
85.1188769 86.8800646 21.3686773 218 222 230
85.104355 86.8800646 21.3710004 218 222 230
85.0896857 86.8800646 21.3779214 218 222 230
85.071695 86.8800646 21.392667 218 222 230
85.045922 86.8800646 21.4271804 218 222 230
85.0175665 86.8800646 21.493138 218 222 230
85.0049617 86.8800646 21.5485555 218 222 230
87.2319114 86.8800646 21.3686773 218 222 230
87.2319114 86.8800646 28.8039299 218 222 230
85.0006046 86.8800646 28.8039299 218 222 230
0 86.8800646 0.118272271 255 79 163
99.7262501 86.8800646 0.118272271 255 79 163
99.7568613 86.8760346 0.0876611545 255 79 163
99.7853863 86.8642191 0.0591361353 255 79 163
99.8098813 86.8454234 0.034641146 255 79 163
99.8270938 86.8235894 0.0174285824 255 79 163
99.8369854 86.8033378 0.00753698455 255 79 163
99.842457 86.7837992 0.00206544043 255 79 163
99.8440049 86.7728441 0.000517492233 255 79 163
99.8445224 86.7617923 -1.38777878e-17 255 79 163
0 86.7617923 -1.38777878e-17 255 79 163
0 86.8770993 0.0919542145 255 79 163
0 86.868352 0.0669558556 255 79 163
0 86.8542613 0.044530716 255 79 163
0 86.8355339 0.0258032859 255 79 163
0 86.8131087 0.0117126369 255 79 163
0 86.7881104 0.00296533276 255 79 163
99.8445224 0 0 218 222 230
99.8445224 0 78.5073647 218 222 230
99.8445224 86.7617923 -1.38777878e-17 218 222 230
99.8445224 86.7617923 78.5073647 218 222 230
-1.38777878e-17 0 78.5073647 255 79 163
99.8445224 0 78.5073647 255 79 163
99.7262501 0.118272271 78.625637 255 79 163
99.7568613 0.0876611545 78.621607 255 79 163
99.7853863 0.0591361353 78.6097915 255 79 163
99.8098813 0.034641146 78.5909958 255 79 163
99.8270938 0.0174285824 78.5691618 255 79 163
99.8369854 0.00753698455 78.5489102 255 79 163
99.842457 0.00206544043 78.5293716 255 79 163
99.8440049 0.000517492233 78.5184165 255 79 163
0.118272271 0.118272271 78.625637 255 79 163
0.00174045271 0.00174045271 78.5275802 255 79 163
0.00691058709 0.00691058709 78.5472007 255 79 163
0.0153582394 0.0153582394 78.5656488 255 79 163
0.0268347844 0.0268347844 78.5823815 255 79 163
0.0410024524 0.0410024524 78.5969064 255 79 163
0.0574442709 0.0574442709 78.6087959 255 79 163
0.0820600001 0.0820600001 78.6199569 255 79 163
0.0999447514 0.0999447514 78.6242083 255 79 163
87.1136392 0 21.4869496 218 222 230
85.1188769 0 21.4869496 218 222 230
85.1188769 86.7617923 21.4869496 218 222 230
87.1136392 86.7617923 21.4869496 218 222 230
85.1188769 86.7617923 21.4869496 255 79 163
85.1188769 0 21.4869496 255 79 163
85.0925588 0 21.4899149 255 79 163
85.0675605 0 21.4986622 255 79 163
85.0451353 0 21.5127528 255 79 163
85.0264079 0 21.5314803 255 79 163
85.0123173 0 21.5539054 255 79 163
85.00357 0 21.5789038 255 79 163
85.0006046 1.42108547e-14 21.6052218 255 79 163
85.0006046 86.8800646 21.6052218 255 79 163
85.0882658 86.7815044 21.4909796 255 79 163
85.0597408 86.8012164 21.502795 255 79 163
85.0352458 86.8209285 21.5215907 255 79 163
85.0164501 86.8406405 21.5460857 255 79 163
85.0046346 86.8603525 21.5746108 255 79 163
87.1136392 86.7617923 21.4869496 218 222 230
87.1136392 0 21.4869496 218 222 230
87.1136392 86.7617923 28.6856576 218 222 230
87.1136392 0.118272271 28.6856576 218 222 230
87.1136392 -1.38777878e-17 28.8039299 218 222 230
87.1136392 0.00296533276 28.7776118 218 222 230
87.1136392 0.0117126369 28.7526135 218 222 230
87.1136392 0.0258032859 28.7301883 218 222 230
87.1136392 0.044530716 28.7114609 218 222 230
87.1136392 0.0669558556 28.6973702 218 222 230
87.1136392 0.0919542145 28.6886229 218 222 230
87.1136392 0 28.6856576 218 222 230
85.0006046 86.8800646 21.6052218 218 222 230
85.0006046 86.8800646 28.6856576 218 222 230
85.0006046 1.42108547e-14 21.6052218 218 222 230
85.0006046 0 28.6856576 218 222 230
85.0006046 -1.38777878e-17 28.8039299 218 222 230
85.0006046 0.00296533276 28.7776118 218 222 230
85.0006046 0.0117126369 28.7526135 218 222 230
85.0006046 0.0258032859 28.7301883 218 222 230
85.0006046 0.044530716 28.7114609 218 222 230
85.0006046 0.0669558556 28.6973702 218 222 230
85.0006046 0.0919542145 28.6886229 218 222 230
85.0006046 0.118272271 28.6856576 218 222 230
85.0006046 86.7617923 28.6856576 218 222 230
85.0006046 86.8800646 28.8039299 218 222 230
85.0006046 86.8770993 28.7776118 218 222 230
85.0006046 86.868352 28.7526135 218 222 230
85.0006046 86.8542613 28.7301883 218 222 230
85.0006046 86.8355339 28.7114609 218 222 230
85.0006046 86.8131087 28.6973702 218 222 230
85.0006046 86.7881104 28.6886229 218 222 230
85.0006046 -1.38777878e-17 28.8039299 218 222 230
85.0006046 0.00296533276 28.7776118 218 222 230
85.0006046 0.0117126369 28.7526135 218 222 230
85.0006046 0.0258032859 28.7301883 218 222 230
85.0006046 0.044530716 28.7114609 218 222 230
85.0006046 0.0669558556 28.6973702 218 222 230
85.0006046 0.0919542145 28.6886229 218 222 230
85.0006046 0.118272271 28.6856576 218 222 230
87.1136392 0.118272271 28.6856576 218 222 230
87.1136392 -1.38777878e-17 28.8039299 218 222 230
87.1136392 0.00296533276 28.7776118 218 222 230
87.1136392 0.0117126369 28.7526135 218 222 230
87.1136392 0.0258032859 28.7301883 218 222 230
87.1136392 0.044530716 28.7114609 218 222 230
87.1136392 0.0669558556 28.6973702 218 222 230
87.1136392 0.0919542145 28.6886229 218 222 230
0.118272271 0.118272271 78.625637 218 222 230
0.118272271 86.7617923 78.625637 218 222 230
99.7262501 0.118272271 78.625637 218 222 230
99.7262501 86.7617923 78.625637 218 222 230
85.2638991 86.7617923 78.625637 218 222 230
77.748392 79.363627 78.625637 218 222 230
79.2002729 79.5051831 78.625637 218 222 230
80.5974675 79.9245198 78.625637 218 222 230
81.8873496 80.6058423 78.625637 218 222 230
83.0213347 81.5234882 78.625637 218 222 230
83.9567104 82.6428936 78.625637 218 222 230
84.6582451 83.9218953 78.625637 218 222 230
85.0995149 85.3123186 78.625637 218 222 230
76.748392 79.363627 78.625637 218 222 230
69.232885 86.7617923 78.625637 218 222 230
69.3972692 85.3123186 78.625637 218 222 230
69.838539 83.9218953 78.625637 218 222 230
70.5400737 82.6428936 78.625637 218 222 230
71.4754494 81.5234882 78.625637 218 222 230
72.6094345 80.6058423 78.625637 218 222 230
73.8993165 79.9245198 78.625637 218 222 230
75.2965112 79.5051831 78.625637 218 222 230
12.5541322 51.2469068 78.625637 218 222 230
45.7288717 51.2469068 78.625637 218 222 230
12.5541322 66.7894374 78.625637 218 222 230
45.8471439 66.7894374 78.625637 218 222 230
45.8471439 51.3651791 78.625637 218 222 230
45.7551897 51.2498721 78.625637 218 222 230
45.7801881 51.2586194 78.625637 218 222 230
45.8026132 51.2727101 78.625637 218 222 230
45.8213407 51.2914375 78.625637 218 222 230
45.8354313 51.3138626 78.625637 218 222 230
45.8441786 51.338861 78.625637 218 222 230
92.0348184 83.7916644 78.625637 218 222 230
92.017628 83.9316835 78.625637 218 222 230
91.9663955 84.0689439 78.625637 218 222 230
91.8821304 84.2007412 78.625637 218 222 230
91.7664928 84.3244787 78.625637 218 222 230
91.621761 84.4377185 78.625637 218 222 230
91.3885321 84.5685542 78.625637 218 222 230
91.0806686 84.6830677 78.625637 218 222 230
90.6183494 84.7737812 78.625637 218 222 230
90.0693486 84.7836514 78.625637 218 222 230
89.5421911 84.695237 78.625637 218 222 230
89.0891067 84.517298 78.625637 218 222 230
88.807586 84.3193968 78.625637 218 222 230
88.6590828 84.1475946 78.625637 218 222 230
88.5809533 83.9941476 78.625637 218 222 230
88.5479342 83.8515069 78.625637 218 222 230
88.5490481 83.721986 78.625637 218 222 230
88.57503 83.606355 78.625637 218 222 230
88.6243196 83.4932427 78.625637 218 222 230
88.696247 83.3841866 78.625637 218 222 230
88.7898345 83.2806691 78.625637 218 222 230
88.9460725 83.1536798 78.625637 218 222 230
89.1603988 83.0293666 78.625637 218 222 230
89.4985332 82.9003846 78.625637 218 222 230
89.9291728 82.8132537 78.625637 218 222 230
90.3845143 82.7931381 78.625637 218 222 230
90.8333692 82.8414159 78.625637 218 222 230
91.2449936 82.9547801 78.625637 218 222 230
91.5911937 83.1254661 78.625637 218 222 230
91.8271174 83.3184999 78.625637 218 222 230
91.945863 83.4764572 78.625637 218 222 230
92.0121877 83.6311355 78.625637 218 222 230
92.0291515 83.7111384 78.625637 218 222 230
95.7141375 84.7404309 78.625637 218 222 230
95.6816426 85.0080509 78.625637 218 222 230
95.5860462 85.2601179 78.625637 218 222 230
95.4329041 85.4819826 78.625637 218 222 230
95.2311163 85.6607509 78.625637 218 222 230
94.9924101 85.7860336 78.625637 218 222 230
94.7306581 85.8505497 78.625637 218 222 230
94.4610724 85.8505497 78.625637 218 222 230
94.1993205 85.7860336 78.625637 218 222 230
93.9606142 85.6607509 78.625637 218 222 230
93.7588265 85.4819826 78.625637 218 222 230
93.6056843 85.2601179 78.625637 218 222 230
93.510088 85.0080509 78.625637 218 222 230
93.477593 84.7404309 78.625637 218 222 230
93.510088 84.4728108 78.625637 218 222 230
93.6056843 84.2207438 78.625637 218 222 230
93.7588265 83.9988792 78.625637 218 222 230
93.9606142 83.8201108 78.625637 218 222 230
94.1993205 83.6948281 78.625637 218 222 230
94.4610724 83.6303121 78.625637 218 222 230
94.7306581 83.6303121 78.625637 218 222 230
94.9924101 83.6948281 78.625637 218 222 230
95.2311163 83.8201108 78.625637 218 222 230
95.4329041 83.9988792 78.625637 218 222 230
95.5860462 84.2207438 78.625637 218 222 230
95.6816426 84.4728108 78.625637 218 222 230
0.118272271 86.7617923 78.625637 255 79 163
69.232885 86.7617923 78.625637 255 79 163
69.2629827 86.7923062 78.621633 255 79 163
69.2911759 86.8207782 78.6098781 255 79 163
69.3155249 86.8452814 78.5911377 255 79 163
69.3327245 86.8625417 78.5693154 255 79 163
69.3426464 86.8724805 78.5490356 255 79 163
69.3481476 86.8779852 78.5294449 255 79 163
69.3497057 86.8795435 78.5184543 255 79 163
69.3502267 86.8800646 78.5073647 255 79 163
-1.38777878e-17 86.8800646 78.5073647 255 79 163
0.00174045271 86.8783241 78.5275802 255 79 163
0.00691058709 86.873154 78.5472007 255 79 163
0.0153582394 86.8647063 78.5656488 255 79 163
0.0268347844 86.8532298 78.5823815 255 79 163
0.0410024524 86.8390621 78.5969064 255 79 163
0.0574442709 86.8226203 78.6087959 255 79 163
0.0820600001 86.7980046 78.6199569 255 79 163
0.0999447514 86.7801198 78.6242083 255 79 163
92.0348184 83.7916644 78.625637 218 222 230
92.017628 83.9316835 78.625637 218 222 230
91.9663955 84.0689439 78.625637 218 222 230
91.8821304 84.2007412 78.625637 218 222 230
91.7664928 84.3244787 78.625637 218 222 230
91.621761 84.4377185 78.625637 218 222 230
91.3885321 84.5685542 78.625637 218 222 230
91.0806686 84.6830677 78.625637 218 222 230
90.6183494 84.7737812 78.625637 218 222 230
90.0693486 84.7836514 78.625637 218 222 230
89.5421911 84.695237 78.625637 218 222 230
89.0891067 84.517298 78.625637 218 222 230
88.807586 84.3193968 78.625637 218 222 230
88.6590828 84.1475946 78.625637 218 222 230
88.5809533 83.9941476 78.625637 218 222 230
88.5479342 83.8515069 78.625637 218 222 230
88.5490481 83.721986 78.625637 218 222 230
88.57503 83.606355 78.625637 218 222 230
88.6243196 83.4932427 78.625637 218 222 230
88.696247 83.3841866 78.625637 218 222 230
88.7898345 83.2806691 78.625637 218 222 230
88.9460725 83.1536798 78.625637 218 222 230
89.1603988 83.0293666 78.625637 218 222 230
89.4985332 82.9003846 78.625637 218 222 230
89.9291728 82.8132537 78.625637 218 222 230
90.3845143 82.7931381 78.625637 218 222 230
90.8333692 82.8414159 78.625637 218 222 230
91.2449936 82.9547801 78.625637 218 222 230
91.5911937 83.1254661 78.625637 218 222 230
91.8271174 83.3184999 78.625637 218 222 230
91.945863 83.4764572 78.625637 218 222 230
92.0121877 83.6311355 78.625637 218 222 230
92.0291515 83.7111384 78.625637 218 222 230
92.0348184 83.7916644 78.625637 218 222 230
92.0348184 83.7916644 0 218 222 230
92.0348184 83.7916644 0 218 222 230
92.0177394 83.6520975 0 218 222 230
91.9680914 83.5177748 0 218 222 230
91.9017674 83.4086763 0 218 222 230
91.8027015 83.2933253 0 218 222 230
91.6685579 83.1786984 0 218 222 230
91.4622317 83.0509964 0 218 222 230
91.2044687 82.9400425 0 218 222 230
90.8351497 82.841751 0 218 222 230
90.4020716 82.7937359 0 218 222 230
89.9653791 82.8090998 0 218 222 230
89.5394598 82.8888356 0 218 222 230
89.1428871 83.0380021 0 218 222 230
88.8364008 83.2382379 0 218 222 230
88.6801568 83.405514 0 218 222 230
88.590348 83.5646956 0 218 222 230
88.5510436 83.7071934 0 218 222 230
88.5448232 83.7873351 0 218 222 230
88.5498362 83.8675328 0 218 222 230
88.5711199 83.9646695 0 218 222 230
88.6137992 84.0700721 0 218 222 230
88.6742041 84.1695627 0 218 222 230
88.777921 84.2909965 0 218 222 230
88.9196086 84.4108882 0 218 222 230
89.1383145 84.5430336 0 218 222 230
89.4116221 84.6557998 0 218 222 230
89.802497 84.7518791 0 218 222 230
90.2591964 84.7915105 0 218 222 230
90.716987 84.7612385 0 218 222 230
91.1586277 84.6589066 0 218 222 230
91.4299549 84.5486993 0 218 222 230
91.7032789 84.3780851 0 218 222 230
91.8806001 84.2026917 0 218 222 230
91.9753017 84.0506054 0 218 222 230
92.0196222 83.9233494 0 218 222 230
45.8471439 51.3651791 78.625637 218 222 230
45.8471439 66.7894374 78.625637 218 222 230
45.8471439 51.3651791 0 218 222 230
45.8471439 66.7894374 0 218 222 230
45.8471439 66.9077097 -1.38777878e-17 218 222 230
45.8471439 66.8813916 0.00296533276 218 222 230
45.8471439 66.8563933 0.0117126369 218 222 230
45.8471439 66.8339681 0.0258032859 218 222 230
45.8471439 66.8152407 0.044530716 218 222 230
45.8471439 66.80115 0.0669558556 218 222 230
45.8471439 66.7924027 0.0919542145 218 222 230
45.8471439 66.7894374 0.118272271 218 222 230
45.8471439 51.3651791 0 255 79 163
45.8471439 51.3651791 0 255 79 163
45.7288717 51.1286345 6.9388939e-18 255 79 163
45.7439798 51.1312211 6.4788629e-18 255 79 163
45.7517215 51.1344097 6.18151734e-18 255 79 163
45.7594553 51.1388159 5.84929051e-18 255 79 163
45.7737583 51.1502966 5.15766012e-18 255 79 163
45.7897785 51.1687909 4.30317052e-18 255 79 163
45.8088935 51.2000765 3.26035044e-18 255 79 163
45.8295684 51.2510318 2.08974192e-18 255 79 163
45.8426087 51.3074586 9.02922748e-19 255 79 163
45.7288717 51.1562445 0.00326773566 255 79 163
45.7288717 51.1823291 0.0128909608 255 79 163
45.7288717 51.2054463 0.0283373987 255 79 163
45.7288717 51.2243187 0.0487534691 255 79 163
45.7288717 51.2379039 0.0730114448 255 79 163
45.7288717 51.2446344 0.0951986436 255 79 163
45.7288717 51.2469068 0.118272271 255 79 163
45.7594828 51.2509368 0.0985602255 255 79 163
45.7880078 51.2627523 0.0788481804 255 79 163
45.8125028 51.2815479 0.0591361353 255 79 163
45.8312985 51.3060429 0.0394240902 255 79 163
45.8431139 51.3345679 0.0197120451 255 79 163
45.7600138 51.1680441 0.00378583286 255 79 163
45.7566358 51.2162094 0.0308557886 255 79 163
45.8041717 51.2133939 0.00313079099 255 79 163
45.7534127 51.2445836 0.0767660416 255 79 163
45.7999869 51.2452244 0.0225632141 255 79 163
45.8315497 51.2707549 0.0019524695 255 79 163
45.7961044 51.2636246 0.0547172828 255 79 163
45.8296341 51.2883274 0.0135650393 255 79 163
45.827844 51.2980666 0.0327729547 255 79 163
45.8451533 51.3388323 0.00447934329 255 79 163
45.845373 51.3332782 0.000735636186 255 79 163
45.8449408 51.3417677 0.0108154235 255 79 163
45.8374847 51.2954248 0.00315985559 255 79 163
45.8441205 51.3209044 0.000261709841 255 79 163
45.8439823 51.3252644 0.00187412273 255 79 163
45.8433093 51.3168548 0.000608340925 255 79 163
12.4358599 51.1286345 -1.38777878e-17 255 79 163
12.4664711 51.1592456 0.00403002989 255 79 163
12.4949961 51.1877706 0.0158454797 255 79 163
12.5194911 51.2122656 0.034641146 255 79 163
12.5367036 51.2294782 0.056475179 255 79 163
12.5465952 51.2393698 0.0767267965 255 79 163
12.5520668 51.2448413 0.0962653941 255 79 163
12.5536147 51.2463893 0.107220476 255 79 163
12.5541322 51.2469068 0.118272271 255 79 163
45.7288717 51.2469068 0.118272271 255 79 163
45.7288717 51.1286345 6.9388939e-18 255 79 163
45.7288717 51.1562445 0.00326773566 255 79 163
45.7288717 51.1823291 0.0128909608 255 79 163
45.7288717 51.2054463 0.0283373987 255 79 163
45.7288717 51.2243187 0.0487534691 255 79 163
45.7288717 51.2379039 0.0730114448 255 79 163
45.7288717 51.2446344 0.0951986436 255 79 163
45.8471439 66.9077097 -1.38777878e-17 255 79 163
45.8471439 66.8813916 0.00296533276 255 79 163
45.8471439 66.8563933 0.0117126369 255 79 163
45.8471439 66.8339681 0.0258032859 255 79 163
45.8471439 66.8152407 0.044530716 255 79 163
45.8471439 66.80115 0.0669558556 255 79 163
45.8471439 66.7924027 0.0919542145 255 79 163
45.8471439 66.7894374 0.118272271 255 79 163
12.5541322 66.7894374 0.118272271 255 79 163
12.4358599 66.9077097 -1.38777878e-17 255 79 163
12.4664711 66.8770986 0.00403002989 255 79 163
12.4949961 66.8485735 0.0158454797 255 79 163
12.5194911 66.8240786 0.034641146 255 79 163
12.5367036 66.806866 0.056475179 255 79 163
12.5465952 66.7969744 0.0767267965 255 79 163
12.5520668 66.7915028 0.0962653941 255 79 163
12.5536147 66.7899549 0.107220476 255 79 163
12.4358599 66.9077097 -1.38777878e-17 255 79 163
12.4664711 66.8770986 0.00403002989 255 79 163
12.4949961 66.8485735 0.0158454797 255 79 163
12.5194911 66.8240786 0.034641146 255 79 163
12.5367036 66.806866 0.056475179 255 79 163
12.5465952 66.7969744 0.0767267965 255 79 163
12.5520668 66.7915028 0.0962653941 255 79 163
12.5536147 66.7899549 0.107220476 255 79 163
12.5541322 66.7894374 0.118272271 255 79 163
12.5541322 51.2469068 0.118272271 255 79 163
12.4358599 51.1286345 -1.38777878e-17 255 79 163
12.4664711 51.1592456 0.00403002989 255 79 163
12.4949961 51.1877706 0.0158454797 255 79 163
12.5194911 51.2122656 0.034641146 255 79 163
12.5367036 51.2294782 0.056475179 255 79 163
12.5465952 51.2393698 0.0767267965 255 79 163
12.5520668 51.2448413 0.0962653941 255 79 163
12.5536147 51.2463893 0.107220476 255 79 163
99.7262501 86.8800646 0.118272271 255 79 163
99.7262501 86.8800646 78.5073647 255 79 163
99.8445224 86.7617923 78.5073647 255 79 163
99.8415571 86.7881104 78.5073647 255 79 163
99.8328098 86.8131087 78.5073647 255 79 163
99.8187191 86.8355339 78.5073647 255 79 163
99.7999917 86.8542613 78.5073647 255 79 163
99.7775666 86.868352 78.5073647 255 79 163
99.7525682 86.8770993 78.5073647 255 79 163
99.8445224 86.7617923 -1.38777878e-17 255 79 163
99.7568613 86.8760346 0.0876611545 255 79 163
99.7853863 86.8642191 0.0591361353 255 79 163
99.8098813 86.8454234 0.034641146 255 79 163
99.8270938 86.8235894 0.0174285824 255 79 163
99.8369854 86.8033378 0.00753698455 255 79 163
99.842457 86.7837992 0.00206544043 255 79 163
99.8440049 86.7728441 0.000517492233 255 79 163
69.3502267 86.8800646 78.5073647 255 79 163
69.3502267 86.8800646 32.37355 255 79 163
69.4923804 85.4367541 32.37355 255 79 163
69.9133785 84.0489093 32.37355 255 79 163
70.5970424 82.7698641 32.37355 255 79 163
71.5170991 81.6487717 32.37355 255 79 163
72.6381916 80.7287149 32.37355 255 79 163
73.9172367 80.045051 32.37355 255 79 163
75.3050816 79.6240529 32.37355 255 79 163
76.748392 79.4818992 32.37355 255 79 163
76.748392 79.4818992 78.5073647 255 79 163
69.4923804 85.4367541 78.5073647 255 79 163
69.9133785 84.0489093 78.5073647 255 79 163
70.5970424 82.7698641 78.5073647 255 79 163
71.5170991 81.6487717 78.5073647 255 79 163
72.6381916 80.7287149 78.5073647 255 79 163
73.9172367 80.045051 78.5073647 255 79 163
75.3050816 79.6240529 78.5073647 255 79 163
85.2638991 86.7617923 78.625637 255 79 163
99.7262501 86.7617923 78.625637 255 79 163
99.7262501 86.7881104 78.6226717 255 79 163
99.7262501 86.8131087 78.6139244 255 79 163
99.7262501 86.8355339 78.5998337 255 79 163
99.7262501 86.8542613 78.5811063 255 79 163
99.7262501 86.868352 78.5586811 255 79 163
99.7262501 86.8770993 78.5336828 255 79 163
99.7262501 86.8800646 78.5073647 255 79 163
85.2638991 86.8800646 78.5073647 255 79 163
85.2638991 86.7881104 78.6226717 255 79 163
85.2638991 86.8131087 78.6139244 255 79 163
85.2638991 86.8355339 78.5998337 255 79 163
85.2638991 86.8542613 78.5811063 255 79 163
85.2638991 86.868352 78.5586811 255 79 163
85.2638991 86.8770993 78.5336828 255 79 163
69.3502267 86.8800646 32.37355 255 79 163
69.3502267 86.8800646 32.37355 255 79 163
69.4694598 86.8800646 32.1370054 255 79 163
69.4542959 86.8800646 32.1395689 255 79 163
69.4465266 86.8800646 32.1427296 255 79 163
69.4387643 86.8800646 32.1470978 255 79 163
69.4243672 86.8800646 32.1585172 255 79 163
69.4082111 86.8800646 32.1769575 255 79 163
69.3889067 86.8800646 32.2082159 255 79 163
69.3680092 86.8800646 32.259202 255 79 163
69.3548161 86.8800646 32.3157155 255 79 163
69.4694598 86.8767969 32.1646154 255 79 163
69.4694598 86.8671736 32.1907 255 79 163
69.4694598 86.8517272 32.2138172 255 79 163
69.4694598 86.8313111 32.2326896 255 79 163
69.4694598 86.8070531 32.2462748 255 79 163
69.4694598 86.7848659 32.2530053 255 79 163
69.4694598 86.7617923 32.2552777 255 79 163
69.438486 86.7811348 32.2593268 255 79 163
69.4096966 86.8006441 32.2711786 255 79 163
69.3850288 86.8203206 32.2900003 255 79 163
69.3661338 86.8401438 32.3144941 255 79 163
69.3542705 86.8600754 32.3429883 255 79 163
69.438166 86.8762736 32.1763404 255 79 163
69.4414842 86.8491336 32.2245585 255 79 163
69.3936245 86.8769144 32.2215985 255 79 163
69.444655 86.8030732 32.2529592 255 79 163
69.3977199 86.8573299 32.2535627 255 79 163
69.3659769 86.8780866 32.2789958 255 79 163
69.4015435 86.824885 32.2720406 255 79 163
69.3678357 86.8663286 32.2966881 255 79 163
69.3695946 86.8468731 32.3065026 255 79 163
69.3522273 86.8755107 32.347195 255 79 163
69.3520164 86.8793152 32.3415996 255 79 163
69.3524352 86.8690839 32.3501629 255 79 163
69.3599711 86.8768574 32.3037176 255 79 163
69.3532841 86.8797979 32.3291956 255 79 163
69.3534165 86.8781574 32.3335873 255 79 163
69.3541019 86.879445 32.325146 255 79 163
85.2638991 86.8800646 32.37355 255 79 163
85.2352826 86.8765504 32.37355 255 79 163
85.2093488 86.8667332 32.37355 255 79 163
85.1878527 86.8523753 32.37355 255 79 163
85.1698523 86.8335107 32.37355 255 79 163
85.1565913 86.8115253 32.37355 255 79 163
85.1486004 86.7881466 32.37355 255 79 163
85.1464536 86.7757527 32.37355 255 79 163
85.1456415 86.7636533 32.37355 255 79 163
85.1456415 86.7636533 78.5073647 255 79 163
85.1489576 86.7896632 78.5073647 255 79 163
85.157923 86.8143032 78.5073647 255 79 163
85.1720969 86.8363623 78.5073647 255 79 163
85.1907828 86.8547565 78.5073647 255 79 163
85.2130623 86.8685816 78.5073647 255 79 163
85.2378403 86.8771581 78.5073647 255 79 163
85.2638991 86.8800646 78.5073647 255 79 163
85.0273243 86.8800646 32.1370054 255 79 163
69.4694598 86.8800646 32.1370054 255 79 163
69.4694598 86.8767969 32.1646154 255 79 163
69.4694598 86.8671736 32.1907 255 79 163
69.4694598 86.8517272 32.2138172 255 79 163
69.4694598 86.8313111 32.2326896 255 79 163
69.4694598 86.8070531 32.2462748 255 79 163
69.4694598 86.7848659 32.2530053 255 79 163
69.4694598 86.7617923 32.2552777 255 79 163
85.0273243 86.7617923 32.2552777 255 79 163
85.0273243 86.8764883 32.16587 255 79 163
85.0273243 86.8664829 32.1920346 255 79 163
85.0273243 86.8518423 32.2136822 255 79 163
85.0273243 86.8326183 32.2317261 255 79 163
85.0273243 86.8102539 32.2448933 255 79 163
85.0273243 86.7865402 32.2526595 255 79 163
85.0273243 86.7740037 32.2546456 255 79 163
85.0273243 86.8800646 32.1370054 255 79 163
85.0273243 86.8764883 32.16587 255 79 163
85.0273243 86.8664829 32.1920346 255 79 163
85.0273243 86.8518423 32.2136822 255 79 163
85.0273243 86.8326183 32.2317261 255 79 163
85.0273243 86.8102539 32.2448933 255 79 163
85.0273243 86.7865402 32.2526595 255 79 163
85.0273243 86.7740037 32.2546456 255 79 163
85.0273243 86.7617923 32.2552777 255 79 163
85.0549375 86.7622374 32.2585401 255 79 163
85.0810244 86.7626517 32.2681588 255 79 163
85.1041466 86.7630141 32.2836027 255 79 163
85.1230312 86.7633068 32.3040151 255 79 163
85.1366314 86.7635158 32.3282719 255 79 163
85.1433688 86.7636187 32.3504653 255 79 163
85.1456415 86.7636533 32.37355 255 79 163
85.2638991 86.8800646 32.37355 255 79 163
85.2352826 86.8765504 32.37355 255 79 163
85.2093488 86.8667332 32.37355 255 79 163
85.1878527 86.8523753 32.37355 255 79 163
85.1698523 86.8335107 32.37355 255 79 163
85.1565913 86.8115253 32.37355 255 79 163
85.1486004 86.7881466 32.37355 255 79 163
85.1464536 86.7757527 32.37355 255 79 163
85.08255 86.8800646 32.1435336 255 79 163
85.1347188 86.8800646 32.162779 255 79 163
85.1809521 86.8800646 32.1936747 255 79 163
85.2187063 86.8800646 32.2345032 255 79 163
85.2458916 86.8800646 32.2830136 255 79 163
85.2593573 86.8800646 32.3273921 255 79 163
85.0746459 86.845631 32.2279149 255 79 163
85.1514827 86.8459572 32.2833442 255 79 163
85.1733819 86.8460478 32.3260894 255 79 163
85.0006046 86.8800646 21.6052218 255 79 163
85.0006046 86.8800646 21.6052218 255 79 163
85.1188769 86.8800646 21.3686773 255 79 163
85.104355 86.8800646 21.3710004 255 79 163
85.0896857 86.8800646 21.3779214 255 79 163
85.071695 86.8800646 21.392667 255 79 163
85.045922 86.8800646 21.4271804 255 79 163
85.0175665 86.8800646 21.493138 255 79 163
85.0049617 86.8800646 21.5485555 255 79 163
85.1188769 86.8767969 21.3962873 255 79 163
85.1188769 86.8671736 21.4223718 255 79 163
85.1188769 86.8517272 21.445489 255 79 163
85.1188769 86.8313111 21.4643615 255 79 163
85.1188769 86.8070531 21.4779466 255 79 163
85.1188769 86.7848659 21.4846771 255 79 163
85.1188769 86.7617923 21.4869496 255 79 163
85.0882658 86.7815044 21.4909796 255 79 163
85.0597408 86.8012164 21.502795 255 79 163
85.0352458 86.8209285 21.5215907 255 79 163
85.0164501 86.8406405 21.5460857 255 79 163
85.0046346 86.8603525 21.5746108 255 79 163
85.0877084 86.8761083 21.4082138 255 79 163
85.0894091 86.8654046 21.434129 255 79 163
85.0630271 86.8764101 21.4284167 255 79 163
85.0910973 86.8491463 21.456187 255 79 163
85.0652775 86.8670121 21.4500154 255 79 163
85.0927466 86.8281654 21.4732095 255 79 163
85.0675737 86.8531915 21.4683355 255 79 163
85.0943304 86.8034308 21.4844553 255 79 163
85.0697965 86.8354846 21.4824203 255 79 163
85.0281255 86.8774878 21.4812065 255 79 163
85.0718269 86.8144213 21.4917479 255 79 163
85.0296154 86.8711033 21.4943641 255 79 163
85.0312602 86.8619509 21.5055335 255 79 163
85.0328483 86.8502939 21.5139888 255 79 163
85.0341679 86.8363252 21.5193256 255 79 163
85.0080218 86.8757138 21.5477763 255 79 163
85.0076332 86.8788464 21.5415743 255 79 163
85.0085035 86.8711069 21.5530926 255 79 163
85.008974 86.8652046 21.5570516 255 79 163
85.0093291 86.8581835 21.5593264 255 79 163
85.0124419 86.8784298 21.5227599 255 79 163
87.2319114 86.8800646 21.3686773 255 79 163
85.1188769 86.8800646 21.3686773 255 79 163
85.1188769 86.8767969 21.3962873 255 79 163
85.1188769 86.8671736 21.4223718 255 79 163
85.1188769 86.8517272 21.445489 255 79 163
85.1188769 86.8313111 21.4643615 255 79 163
85.1188769 86.8070531 21.4779466 255 79 163
85.1188769 86.7848659 21.4846771 255 79 163
85.1188769 86.7617923 21.4869496 255 79 163
87.1136392 86.7617923 21.4869496 255 79 163
87.2013003 86.8760346 21.3992884 255 79 163
87.1727753 86.8642191 21.4278134 255 79 163
87.1482803 86.8454234 21.4523084 255 79 163
87.1310678 86.8235894 21.469521 255 79 163
87.1211762 86.8033378 21.4794126 255 79 163
87.1157046 86.7837992 21.4848841 255 79 163
87.1141567 86.7728441 21.4864321 255 79 163
85.0006046 86.8800646 28.8039299 255 79 163
87.2319114 86.8800646 28.8039299 255 79 163
87.2013003 86.8760346 28.7733188 255 79 163
87.1727753 86.8642191 28.7447937 255 79 163
87.1482803 86.8454234 28.7202988 255 79 163
87.1310678 86.8235894 28.7030862 255 79 163
87.1211762 86.8033378 28.6931946 255 79 163
87.1157046 86.7837992 28.687723 255 79 163
87.1141567 86.7728441 28.6861751 255 79 163
87.1136392 86.7617923 28.6856576 255 79 163
85.0006046 86.7617923 28.6856576 255 79 163
85.0006046 86.8770993 28.7776118 255 79 163
85.0006046 86.868352 28.7526135 255 79 163
85.0006046 86.8542613 28.7301883 255 79 163
85.0006046 86.8355339 28.7114609 255 79 163
85.0006046 86.8131087 28.6973702 255 79 163
85.0006046 86.7881104 28.6886229 255 79 163
87.2319114 86.8800646 28.8039299 255 79 163
87.2319114 86.8800646 21.3686773 255 79 163
87.2013003 86.8760346 21.3992884 255 79 163
87.1727753 86.8642191 21.4278134 255 79 163
87.1482803 86.8454234 21.4523084 255 79 163
87.1310678 86.8235894 21.469521 255 79 163
87.1211762 86.8033378 21.4794126 255 79 163
87.1157046 86.7837992 21.4848841 255 79 163
87.1141567 86.7728441 21.4864321 255 79 163
87.1136392 86.7617923 21.4869496 255 79 163
87.1136392 86.7617923 28.6856576 255 79 163
87.2013003 86.8760346 28.7733188 255 79 163
87.1727753 86.8642191 28.7447937 255 79 163
87.1482803 86.8454234 28.7202988 255 79 163
87.1310678 86.8235894 28.7030862 255 79 163
87.1211762 86.8033378 28.6931946 255 79 163
87.1157046 86.7837992 28.687723 255 79 163
87.1141567 86.7728441 28.6861751 255 79 163
99.7262501 0.118272271 78.625637 255 79 163
99.7568613 0.0876611545 78.621607 255 79 163
99.7853863 0.0591361353 78.6097915 255 79 163
99.8098813 0.034641146 78.5909958 255 79 163
99.8270938 0.0174285824 78.5691618 255 79 163
99.8369854 0.00753698455 78.5489102 255 79 163
99.842457 0.00206544043 78.5293716 255 79 163
99.8440049 0.000517492233 78.5184165 255 79 163
99.8445224 0 78.5073647 255 79 163
99.8445224 86.7617923 78.5073647 255 79 163
99.8415571 86.7617923 78.5336828 255 79 163
99.8328098 86.7617923 78.5586811 255 79 163
99.8187191 86.7617923 78.5811063 255 79 163
99.7999917 86.7617923 78.5998337 255 79 163
99.7775666 86.7617923 78.6139244 255 79 163
99.7525682 86.7617923 78.6226717 255 79 163
99.7262501 86.7617923 78.625637 255 79 163
87.1136392 86.7617923 28.6856576 218 222 230
87.1136392 0.118272271 28.6856576 218 222 230
85.0006046 86.7617923 28.6856576 218 222 230
85.0006046 0.118272271 28.6856576 218 222 230
12.5541322 51.2469068 78.625637 218 222 230
45.7288717 51.2469068 78.625637 218 222 230
12.5541322 51.2469068 0.118272271 218 222 230
45.7288717 51.2469068 0.118272271 218 222 230
45.7288717 51.2469068 78.625637 255 79 163
45.7288717 51.2469068 0.118272271 255 79 163
45.7594828 51.2509368 0.0985602255 255 79 163
45.7880078 51.2627523 0.0788481804 255 79 163
45.8125028 51.2815479 0.0591361353 255 79 163
45.8312985 51.3060429 0.0394240902 255 79 163
45.8431139 51.3345679 0.0197120451 255 79 163
45.8471439 51.3651791 0 255 79 163
45.8471439 51.3651791 78.625637 255 79 163
45.7551897 51.2498721 78.625637 255 79 163
45.7801881 51.2586194 78.625637 255 79 163
45.8026132 51.2727101 78.625637 255 79 163
45.8213407 51.2914375 78.625637 255 79 163
45.8354313 51.3138626 78.625637 255 79 163
45.8441786 51.338861 78.625637 255 79 163
12.5541322 51.2469068 78.625637 218 222 230
12.5541322 51.2469068 0.118272271 218 222 230
12.5541322 66.7894374 78.625637 218 222 230
12.5541322 66.7894374 0.118272271 218 222 230
12.5541322 66.7894374 78.625637 218 222 230
12.5541322 66.7894374 0.118272271 218 222 230
45.8471439 66.7894374 78.625637 218 222 230
45.8471439 66.7894374 0.118272271 218 222 230
69.232885 86.7617923 78.625637 255 79 163
69.2629827 86.7923062 78.621633 255 79 163
69.2911759 86.8207782 78.6098781 255 79 163
69.3155249 86.8452814 78.5911377 255 79 163
69.3327245 86.8625417 78.5693154 255 79 163
69.3426464 86.8724805 78.5490356 255 79 163
69.3481476 86.8779852 78.5294449 255 79 163
69.3497057 86.8795435 78.5184543 255 79 163
69.3502267 86.8800646 78.5073647 255 79 163
69.3972692 85.3123186 78.625637 255 79 163
69.838539 83.9218953 78.625637 255 79 163
70.5400737 82.6428936 78.625637 255 79 163
71.4754494 81.5234882 78.625637 255 79 163
72.6094345 80.6058423 78.625637 255 79 163
73.8993165 79.9245198 78.625637 255 79 163
75.2965112 79.5051831 78.625637 255 79 163
76.748392 79.363627 78.625637 255 79 163
76.748392 79.389945 78.6226717 255 79 163
76.748392 79.4149434 78.6139244 255 79 163
76.748392 79.4373685 78.5998337 255 79 163
76.748392 79.4560959 78.5811063 255 79 163
76.748392 79.4701866 78.5586811 255 79 163
76.748392 79.4789339 78.5336828 255 79 163
76.748392 79.4818992 78.5073647 255 79 163
69.4923804 85.4367541 78.5073647 255 79 163
69.9133785 84.0489093 78.5073647 255 79 163
70.5970424 82.7698641 78.5073647 255 79 163
71.5170991 81.6487717 78.5073647 255 79 163
72.6381916 80.7287149 78.5073647 255 79 163
73.9172367 80.045051 78.5073647 255 79 163
75.3050816 79.6240529 78.5073647 255 79 163
69.4487053 85.4280666 78.5998337 255 79 163
69.4670729 85.4317202 78.5811063 255 79 163
69.4808928 85.4344691 78.5586811 255 79 163
69.489472 85.4361756 78.5336828 255 79 163
69.8722375 84.0318681 78.5998337 255 79 163
69.8895394 84.0390348 78.5811063 255 79 163
69.9025574 84.044427 78.5586811 255 79 163
69.9106389 84.0477745 78.5336828 255 79 163
70.5413706 82.7326655 78.6139244 255 79 163
70.5600164 82.7451242 78.5998337 255 79 163
70.5755877 82.7555286 78.5811063 255 79 163
70.5873037 82.7633569 78.5586811 255 79 163
70.5945768 82.7682167 78.5336828 255 79 163
71.4697542 81.6014268 78.6139244 255 79 163
71.4856112 81.6172837 78.5998337 255 79 163
71.4988535 81.630526 78.5811063 255 79 163
71.5088171 81.6404896 78.5586811 255 79 163
71.5150023 81.6466749 78.5336828 255 79 163
72.6009929 80.6730431 78.6139244 255 79 163
72.6134516 80.691689 78.5998337 255 79 163
72.623856 80.7072603 78.5811063 255 79 163
72.6316844 80.7189762 78.5586811 255 79 163
72.6365441 80.7262493 78.5336828 255 79 163
73.8820474 79.9600964 78.6226717 255 79 163
73.8916138 79.9831919 78.6139244 255 79 163
73.9001956 80.00391 78.5998337 255 79 163
73.9073622 80.0212119 78.5811063 255 79 163
73.9127545 80.03423 78.5586811 255 79 163
73.9161019 80.0423114 78.5336828 255 79 163
75.2871422 79.5338656 78.6226717 255 79 163
75.2920191 79.5583836 78.6139244 255 79 163
75.2963941 79.5803778 78.5998337 255 79 163
75.3000476 79.5987454 78.5811063 255 79 163
75.3027966 79.6125653 78.5586811 255 79 163
75.3045031 79.6211445 78.5336828 255 79 163
76.748392 79.363627 78.625637 255 79 163
77.748392 79.363627 78.625637 255 79 163
77.748392 79.389945 78.6226717 255 79 163
77.748392 79.4149434 78.6139244 255 79 163
77.748392 79.4373685 78.5998337 255 79 163
77.748392 79.4560959 78.5811063 255 79 163
77.748392 79.4701866 78.5586811 255 79 163
77.748392 79.4789339 78.5336828 255 79 163
77.748392 79.4818992 78.5073647 255 79 163
76.748392 79.4818992 78.5073647 255 79 163
76.748392 79.389945 78.6226717 255 79 163
76.748392 79.4149434 78.6139244 255 79 163
76.748392 79.4373685 78.5998337 255 79 163
76.748392 79.4560959 78.5811063 255 79 163
76.748392 79.4701866 78.5586811 255 79 163
76.748392 79.4789339 78.5336828 255 79 163
77.748392 79.363627 78.625637 255 79 163
77.748392 79.389945 78.6226717 255 79 163
77.748392 79.4149434 78.6139244 255 79 163
77.748392 79.4373685 78.5998337 255 79 163
77.748392 79.4560959 78.5811063 255 79 163
77.748392 79.4701866 78.5586811 255 79 163
77.748392 79.4789339 78.5336828 255 79 163
77.748392 79.4818992 78.5073647 255 79 163
79.2002729 79.5051831 78.625637 255 79 163
80.5974675 79.9245198 78.625637 255 79 163
81.8873496 80.6058423 78.625637 255 79 163
83.0213347 81.5234882 78.625637 255 79 163
83.9567104 82.6428936 78.625637 255 79 163
84.6582451 83.9218953 78.625637 255 79 163
85.0995149 85.3123186 78.625637 255 79 163
85.2638991 86.7617923 78.625637 255 79 163
85.2375843 86.7622064 78.6226717 255 79 163
85.212589 86.7625998 78.6139244 255 79 163
85.1901667 86.7629527 78.5998337 255 79 163
85.1714416 86.7632473 78.5811063 255 79 163
85.1573527 86.763469 78.5586811 255 79 163
85.1486064 86.7636067 78.5336828 255 79 163
85.1456415 86.7636533 78.5073647 255 79 163
79.1774273 79.621228 78.5073647 255 79 163
80.5526369 80.0339663 78.5073647 255 79 163
81.8222225 80.7045682 78.5073647 255 79 163
82.9383642 81.6077747 78.5073647 255 79 163
83.8590216 82.7095661 78.5073647 255 79 163
84.5495175 83.9684425 78.5073647 255 79 163
84.9838439 85.3369873 78.5073647 255 79 163
79.1951893 79.5310055 78.6226717 255 79 163
79.1903606 79.5555331 78.6139244 255 79 163
79.1860289 79.5775359 78.5998337 255 79 163
79.1824115 79.5959106 78.5811063 255 79 163
79.1796897 79.6097359 78.5586811 255 79 163
79.1780001 79.6183185 78.5336828 255 79 163
80.5874918 79.9488739 78.6226717 255 79 163
80.5780163 79.9720069 78.6139244 255 79 163
80.5695161 79.9927586 78.5998337 255 79 163
80.5624175 80.0100885 78.5811063 255 79 163
80.5570765 80.0231277 78.5586811 255 79 163
80.5537609 80.0312223 78.5336828 255 79 163
81.8728575 80.6278109 78.6226717 255 79 163
81.859092 80.6486779 78.6139244 255 79 163
81.8467435 80.6673969 78.5998337 255 79 163
81.8364312 80.6830293 78.5811063 255 79 163
81.8286721 80.6947912 78.5586811 255 79 163
81.8238554 80.7020929 78.5336828 255 79 163
83.002872 81.5422437 78.6226717 255 79 163
82.9853351 81.5600588 78.6139244 255 79 163
82.9696034 81.57604 78.5998337 255 79 163
82.9564657 81.5893861 78.5811063 255 79 163
82.9465808 81.5994278 78.5586811 255 79 163
82.9404444 81.6056615 78.5336828 255 79 163
83.9349726 82.6577296 78.6226717 255 79 163
83.9143248 82.6718217 78.6139244 255 79 163
83.8958024 82.6844633 78.5998337 255 79 163
83.8803342 82.6950203 78.5811063 255 79 163
83.8686958 82.7029635 78.5586811 255 79 163
83.8614708 82.7078945 78.5336828 255 79 163
84.6340509 83.932253 78.6226717 255 79 163
84.6110699 83.9420914 78.6139244 255 79 163
84.5904545 83.950917 78.5998337 255 79 163
84.5732384 83.9582874 78.5811063 255 79 163
84.5602849 83.9638329 78.5586811 255 79 163
84.5522435 83.9672755 78.5336828 255 79 163
85.0737757 85.3178079 78.6226717 255 79 163
85.0493271 85.323022 78.6139244 255 79 163
85.0273952 85.3276993 78.5998337 255 79 163
85.0090797 85.3316054 78.5811063 255 79 163
84.9952989 85.3345444 78.5586811 255 79 163
84.986744 85.3363688 78.5336828 255 79 163
95.7141375 84.7404309 78.625637 255 79 163
95.6878195 84.7404309 78.6226717 255 79 163
95.6628211 84.7404309 78.6139244 255 79 163
95.640396 84.7404309 78.5998337 255 79 163
95.6216686 84.7404309 78.5811063 255 79 163
95.6075779 84.7404309 78.5586811 255 79 163
95.5988306 84.7404309 78.5336828 255 79 163
95.5958653 84.7404309 78.5073647 255 79 163
95.6816426 85.0080509 78.625637 255 79 163
95.5860462 85.2601179 78.625637 255 79 163
95.4329041 85.4819826 78.625637 255 79 163
95.2311163 85.6607509 78.625637 255 79 163
94.9924101 85.7860336 78.625637 255 79 163
94.7306581 85.8505497 78.625637 255 79 163
94.4610724 85.8505497 78.625637 255 79 163
94.1993205 85.7860336 78.625637 255 79 163
93.9606142 85.6607509 78.625637 255 79 163
93.7588265 85.4819826 78.625637 255 79 163
93.6056843 85.2601179 78.625637 255 79 163
93.510088 85.0080509 78.625637 255 79 163
93.477593 84.7404309 78.625637 255 79 163
93.510088 84.4728108 78.625637 255 79 163
93.6056843 84.2207438 78.625637 255 79 163
93.7588265 83.9988792 78.625637 255 79 163
93.9606142 83.8201108 78.625637 255 79 163
94.1993205 83.6948281 78.625637 255 79 163
94.4610724 83.6303121 78.625637 255 79 163
94.7306581 83.6303121 78.625637 255 79 163
94.9924101 83.6948281 78.625637 255 79 163
95.2311163 83.8201108 78.625637 255 79 163
95.4329041 83.9988792 78.625637 255 79 163
95.5860462 84.2207438 78.625637 255 79 163
95.6816426 84.4728108 78.625637 255 79 163
95.7141375 84.7404309 78.625637 255 79 163
95.6878195 84.7404309 78.6226717 255 79 163
95.6628211 84.7404309 78.6139244 255 79 163
95.640396 84.7404309 78.5998337 255 79 163
95.6216686 84.7404309 78.5811063 255 79 163
95.6075779 84.7404309 78.5586811 255 79 163
95.5988306 84.7404309 78.5336828 255 79 163
95.5958653 84.7404309 78.5073647 255 79 163
95.5668071 84.9797465 78.5073647 255 79 163
95.4813213 85.205154 78.5073647 255 79 163
95.344376 85.4035535 78.5073647 255 79 163
95.16393 85.5634147 78.5073647 255 79 163
94.9504702 85.6754471 78.5073647 255 79 163
94.7164019 85.7331397 78.5073647 255 79 163
94.4753286 85.7331397 78.5073647 255 79 163
94.2412604 85.6754471 78.5073647 255 79 163
94.0278005 85.5634147 78.5073647 255 79 163
93.8473545 85.4035535 78.5073647 255 79 163
93.7104092 85.205154 78.5073647 255 79 163
93.6249234 84.9797465 78.5073647 255 79 163
93.5958653 84.7404309 78.5073647 255 79 163
93.6249234 84.5011152 78.5073647 255 79 163
93.7104092 84.2757077 78.5073647 255 79 163
93.8473545 84.0773082 78.5073647 255 79 163
94.0278005 83.917447 78.5073647 255 79 163
94.2412604 83.8054146 78.5073647 255 79 163
94.4753286 83.747722 78.5073647 255 79 163
94.7164019 83.747722 78.5073647 255 79 163
94.9504702 83.8054146 78.5073647 255 79 163
95.16393 83.917447 78.5073647 255 79 163
95.344376 84.0773082 78.5073647 255 79 163
95.4813213 84.2757077 78.5073647 255 79 163
95.5668071 84.5011152 78.5073647 255 79 163
95.6560893 85.0017526 78.6226717 255 79 163
95.6318173 84.9957701 78.6139244 255 79 163
95.6100438 84.9904034 78.5998337 255 79 163
95.5918606 84.9859217 78.5811063 255 79 163
95.5781794 84.9825496 78.5586811 255 79 163
95.5696862 84.9804562 78.5336828 255 79 163
95.5627427 85.2478873 78.6226717 255 79 163
95.5406078 85.23627 78.6139244 255 79 163
95.5207513 85.2258485 78.5998337 255 79 163
95.504169 85.2171454 78.5811063 255 79 163
95.4916923 85.2105972 78.5586811 255 79 163
95.483947 85.2065321 78.5336828 255 79 163
95.4132047 85.4645305 78.6226717 255 79 163
95.3944932 85.4479535 78.6139244 255 79 163
95.3777077 85.4330829 78.5998337 255 79 163
95.3636901 85.4206643 78.5811063 255 79 163
95.353143 85.4113204 78.5586811 255 79 163
95.3465956 85.4055199 78.5336828 255 79 163
95.216166 85.6390916 78.6226717 255 79 163
95.2019653 85.6185183 78.6139244 255 79 163
95.1892263 85.6000628 78.5998337 255 79 163
95.1785879 85.5846504 78.5811063 255 79 163
95.1705835 85.5730541 78.5586811 255 79 163
95.1656145 85.5658552 78.5336828 255 79 163
94.9830776 85.7614258 78.6226717 255 79 163
94.974213 85.7380519 78.6139244 255 79 163
94.966261 85.7170841 78.5998337 255 79 163
94.9596201 85.6995736 78.5811063 255 79 163
94.9546235 85.6863986 78.5586811 255 79 163
94.9515217 85.6782198 78.5336828 255 79 163
94.7274858 85.8244235 78.6226717 255 79 163
94.7244726 85.7996074 78.6139244 255 79 163
94.7217695 85.7773458 78.5998337 255 79 163
94.7195122 85.7587549 78.5811063 255 79 163
94.7178137 85.744767 78.5586811 255 79 163
94.7167594 85.7360835 78.5336828 255 79 163
94.4642447 85.8244235 78.6226717 255 79 163
94.4672579 85.7996074 78.6139244 255 79 163
94.469961 85.7773458 78.5998337 255 79 163
94.4722183 85.7587549 78.5811063 255 79 163
94.4739168 85.744767 78.5586811 255 79 163
94.4749712 85.7360835 78.5336828 255 79 163
94.208653 85.7614258 78.6226717 255 79 163
94.2175175 85.7380519 78.6139244 255 79 163
94.2254696 85.7170841 78.5998337 255 79 163
94.2321104 85.6995736 78.5811063 255 79 163
94.237107 85.6863986 78.5586811 255 79 163
94.2402089 85.6782198 78.5336828 255 79 163
93.9755646 85.6390916 78.6226717 255 79 163
93.9897653 85.6185183 78.6139244 255 79 163
94.0025042 85.6000628 78.5998337 255 79 163
94.0131426 85.5846504 78.5811063 255 79 163
94.021147 85.5730541 78.5586811 255 79 163
94.026116 85.5658552 78.5336828 255 79 163
93.7785258 85.4645305 78.6226717 255 79 163
93.7972373 85.4479535 78.6139244 255 79 163
93.8140228 85.4330829 78.5998337 255 79 163
93.8280405 85.4206643 78.5811063 255 79 163
93.8385875 85.4113204 78.5586811 255 79 163
93.8451349 85.4055199 78.5336828 255 79 163
93.6289878 85.2478873 78.6226717 255 79 163
93.6511228 85.23627 78.6139244 255 79 163
93.6709792 85.2258485 78.5998337 255 79 163
93.6875616 85.2171454 78.5811063 255 79 163
93.7000382 85.2105972 78.5586811 255 79 163
93.7077836 85.2065321 78.5336828 255 79 163
93.5356413 85.0017526 78.6226717 255 79 163
93.5599132 84.9957701 78.6139244 255 79 163
93.5816867 84.9904034 78.5998337 255 79 163
93.59987 84.9859217 78.5811063 255 79 163
93.6135512 84.9825496 78.5586811 255 79 163
93.6220443 84.9804562 78.5336828 255 79 163
93.5039111 84.7404309 78.6226717 255 79 163
93.5289094 84.7404309 78.6139244 255 79 163
93.5513345 84.7404309 78.5998337 255 79 163
93.570062 84.7404309 78.5811063 255 79 163
93.5841526 84.7404309 78.5586811 255 79 163
93.5928999 84.7404309 78.5336828 255 79 163
93.5356413 84.4791091 78.6226717 255 79 163
93.5599132 84.4850916 78.6139244 255 79 163
93.5816867 84.4904583 78.5998337 255 79 163
93.59987 84.4949401 78.5811063 255 79 163
93.6135512 84.4983122 78.5586811 255 79 163
93.6220443 84.5004056 78.5336828 255 79 163
93.6289878 84.2329744 78.6226717 255 79 163
93.6511228 84.2445918 78.6139244 255 79 163
93.6709792 84.2550132 78.5998337 255 79 163
93.6875616 84.2637163 78.5811063 255 79 163
93.7000382 84.2702646 78.5586811 255 79 163
93.7077836 84.2743296 78.5336828 255 79 163
93.7785258 84.0163313 78.6226717 255 79 163
93.7972373 84.0329083 78.6139244 255 79 163
93.8140228 84.0477789 78.5998337 255 79 163
93.8280405 84.0601975 78.5811063 255 79 163
93.8385875 84.0695413 78.5586811 255 79 163
93.8451349 84.0753418 78.5336828 255 79 163
93.9755646 83.8417702 78.6226717 255 79 163
93.9897653 83.8623434 78.6139244 255 79 163
94.0025042 83.8807989 78.5998337 255 79 163
94.0131426 83.8962113 78.5811063 255 79 163
94.021147 83.9078077 78.5586811 255 79 163
94.026116 83.9150066 78.5336828 255 79 163
94.208653 83.7194359 78.6226717 255 79 163
94.2175175 83.7428098 78.6139244 255 79 163
94.2254696 83.7637777 78.5998337 255 79 163
94.2321104 83.7812881 78.5811063 255 79 163
94.237107 83.7944631 78.5586811 255 79 163
94.2402089 83.802642 78.5336828 255 79 163
94.4642447 83.6564382 78.6226717 255 79 163
94.4672579 83.6812543 78.6139244 255 79 163
94.469961 83.703516 78.5998337 255 79 163
94.4722183 83.7221069 78.5811063 255 79 163
94.4739168 83.7360948 78.5586811 255 79 163
94.4749712 83.7447783 78.5336828 255 79 163
94.7274858 83.6564382 78.6226717 255 79 163
94.7244726 83.6812543 78.6139244 255 79 163
94.7217695 83.703516 78.5998337 255 79 163
94.7195122 83.7221069 78.5811063 255 79 163
94.7178137 83.7360948 78.5586811 255 79 163
94.7167594 83.7447783 78.5336828 255 79 163
94.9830776 83.7194359 78.6226717 255 79 163
94.974213 83.7428098 78.6139244 255 79 163
94.966261 83.7637777 78.5998337 255 79 163
94.9596201 83.7812881 78.5811063 255 79 163
94.9546235 83.7944631 78.5586811 255 79 163
94.9515217 83.802642 78.5336828 255 79 163
95.216166 83.8417702 78.6226717 255 79 163
95.2019653 83.8623434 78.6139244 255 79 163
95.1892263 83.8807989 78.5998337 255 79 163
95.1785879 83.8962113 78.5811063 255 79 163
95.1705835 83.9078077 78.5586811 255 79 163
95.1656145 83.9150066 78.5336828 255 79 163
95.4132047 84.0163313 78.6226717 255 79 163
95.3944932 84.0329083 78.6139244 255 79 163
95.3777077 84.0477789 78.5998337 255 79 163
95.3636901 84.0601975 78.5811063 255 79 163
95.353143 84.0695413 78.5586811 255 79 163
95.3465956 84.0753418 78.5336828 255 79 163
95.5627427 84.2329744 78.6226717 255 79 163
95.5406078 84.2445918 78.6139244 255 79 163
95.5207513 84.2550132 78.5998337 255 79 163
95.504169 84.2637163 78.5811063 255 79 163
95.4916923 84.2702646 78.5586811 255 79 163
95.483947 84.2743296 78.5336828 255 79 163
95.6560893 84.4791091 78.6226717 255 79 163
95.6318173 84.4850916 78.6139244 255 79 163
95.6100438 84.4904583 78.5998337 255 79 163
95.5918606 84.4949401 78.5811063 255 79 163
95.5781794 84.4983122 78.5586811 255 79 163
95.5696862 84.5004056 78.5336828 255 79 163
99.8445224 86.7617923 78.5073647 255 79 163
99.8415571 86.7617923 78.5336828 255 79 163
99.8328098 86.7617923 78.5586811 255 79 163
99.8187191 86.7617923 78.5811063 255 79 163
99.7999917 86.7617923 78.5998337 255 79 163
99.7775666 86.7617923 78.6139244 255 79 163
99.7525682 86.7617923 78.6226717 255 79 163
99.7262501 86.7617923 78.625637 255 79 163
99.8445224 86.7617923 78.5073647 255 79 163
99.8415571 86.7881104 78.5073647 255 79 163
99.8328098 86.8131087 78.5073647 255 79 163
99.8187191 86.8355339 78.5073647 255 79 163
99.7999917 86.8542613 78.5073647 255 79 163
99.7775666 86.868352 78.5073647 255 79 163
99.7525682 86.8770993 78.5073647 255 79 163
99.7262501 86.8800646 78.5073647 255 79 163
99.7262501 86.7881104 78.6226717 255 79 163
99.7262501 86.8131087 78.6139244 255 79 163
99.7262501 86.8355339 78.5998337 255 79 163
99.7262501 86.8542613 78.5811063 255 79 163
99.7262501 86.868352 78.5586811 255 79 163
99.7262501 86.8770993 78.5336828 255 79 163
99.8387338 86.7675097 78.5434629 255 79 163
99.8387338 86.7783848 78.5399294 255 79 163
99.8387338 86.7876358 78.5332082 255 79 163
99.8219344 86.7832748 78.5734809 255 79 163
99.8387338 86.7943569 78.5239572 255 79 163
99.8219344 86.8026544 78.5636065 255 79 163
99.7957688 86.7767606 78.601871 255 79 163
99.8387338 86.7978905 78.5130821 255 79 163
99.8219344 86.8180341 78.5482268 255 79 163
99.7957688 86.8052321 78.59262 255 79 163
99.8219344 86.8279085 78.5288472 255 79 163
99.7957688 86.8294513 78.5750237 255 79 163
99.7627983 86.7965517 78.614343 255 79 163
99.7957688 86.8470476 78.5508045 255 79 163
99.7627983 86.8279085 78.5983659 255 79 163
99.7957688 86.8562986 78.522333 255 79 163
99.7627983 86.8527935 78.5734809 255 79 163
99.7627983 86.8687706 78.5421241 255 79 163
69.4694598 86.7617923 32.2552777 255 79 163
69.6292913 85.3584706 32.2552777 255 79 163
70.0570934 84.0124234 32.2552777 255 79 163
70.7367632 82.7743172 32.2552777 255 79 163
71.6427171 81.6907557 32.2552777 255 79 163
72.740854 80.8025254 32.2552777 255 79 163
73.989839 80.1430602 32.2552777 255 79 163
75.3426589 79.737183 32.2552777 255 79 163
76.748392 79.6001715 32.2552777 255 79 163
76.748392 79.4818992 32.37355 255 79 163
76.748392 79.4848646 32.3472319 255 79 163
76.748392 79.4936119 32.3222335 255 79 163
76.748392 79.5077025 32.2998084 255 79 163
76.748392 79.5264299 32.281081 255 79 163
76.748392 79.5488551 32.2669903 255 79 163
76.748392 79.5738534 32.258243 255 79 163
69.3502267 86.8800646 32.37355 255 79 163
69.4923804 85.4367541 32.37355 255 79 163
69.9133785 84.0489093 32.37355 255 79 163
70.5970424 82.7698641 32.37355 255 79 163
71.5170991 81.6487717 32.37355 255 79 163
72.6381916 80.7287149 32.37355 255 79 163
73.9172367 80.045051 32.37355 255 79 163
75.3050816 79.6240529 32.37355 255 79 163
69.438486 86.7811348 32.2593268 255 79 163
69.4096966 86.8006441 32.2711786 255 79 163
69.3850288 86.8203206 32.2900003 255 79 163
69.3661338 86.8401438 32.3144941 255 79 163
69.3542705 86.8600754 32.3429883 255 79 163
75.3203933 79.6240462 32.3472319 255 79 163
75.3220824 79.6326289 32.3222335 255 79 163
75.3248033 79.6464543 32.2998084 255 79 163
75.3284195 79.6648293 32.281081 255 79 163
75.3327498 79.6868324 32.2669903 255 79 163
75.3367342 79.7070781 32.2593268 255 79 163
73.946146 80.0363521 32.3472319 255 79 163
73.9494606 80.0444471 32.3222335 255 79 163
73.9547999 80.0574869 32.2998084 255 79 163
73.9618963 80.0748178 32.281081 255 79 163
73.9703938 80.0955706 32.2669903 255 79 163
73.9782126 80.1146659 32.2593268 255 79 163
72.6821936 80.7135653 32.3222335 255 79 163
72.6899504 80.7253287 32.2998084 255 79 163
72.7002597 80.7409631 32.281081 255 79 163
72.7126046 80.7596845 32.2669903 255 79 163
72.7239636 80.7769106 32.2593268 255 79 163
71.5679826 81.6147971 32.3222335 255 79 163
71.5778649 81.6248413 32.2998084 255 79 163
71.5909992 81.6381907 32.281081 255 79 163
71.6067268 81.654176 32.2669903 255 79 163
71.6211983 81.6688845 32.2593268 255 79 163
70.6487678 82.7142192 32.3222335 255 79 163
70.6604036 82.7221661 32.2998084 255 79 163
70.6758685 82.7327281 32.281081 255 79 163
70.6943868 82.7453755 32.2669903 255 79 163
70.7114261 82.7570128 32.2593268 255 79 163
69.9721007 83.9759987 32.2998084 255 79 163
69.989314 83.9833756 32.281081 255 79 163
70.009926 83.9922092 32.2669903 255 79 163
70.0288918 84.0003372 32.2593268 255 79 163
69.5388647 85.3391434 32.2998084 255 79 163
69.5571785 85.3430577 32.281081 255 79 163
69.5791083 85.3477448 32.2669903 255 79 163
69.5992866 85.3520576 32.2593268 255 79 163
69.354168 86.759919 32.3472319 255 79 163
69.3629142 86.7600611 32.3222335 255 79 163
69.377003 86.76029 32.2998084 255 79 163
69.3957279 86.7605943 32.281081 255 79 163
69.4181501 86.7609586 32.2669903 255 79 163
69.4387814 86.7612938 32.2593268 255 79 163
76.748392 79.4818992 78.5073647 218 222 230
76.748392 79.4818992 32.37355 218 222 230
77.748392 79.4818992 32.37355 218 222 230
77.748392 79.4818992 78.5073647 218 222 230
85.2638991 86.7617923 78.625637 255 79 163
85.2375843 86.7622064 78.6226717 255 79 163
85.212589 86.7625998 78.6139244 255 79 163
85.1901667 86.7629527 78.5998337 255 79 163
85.1714416 86.7632473 78.5811063 255 79 163
85.1573527 86.763469 78.5586811 255 79 163
85.1486064 86.7636067 78.5336828 255 79 163
85.1456415 86.7636533 78.5073647 255 79 163
85.2638991 86.7617923 78.625637 255 79 163
85.2638991 86.7881104 78.6226717 255 79 163
85.2638991 86.8131087 78.6139244 255 79 163
85.2638991 86.8355339 78.5998337 255 79 163
85.2638991 86.8542613 78.5811063 255 79 163
85.2638991 86.868352 78.5586811 255 79 163
85.2638991 86.8770993 78.5336828 255 79 163
85.2638991 86.8800646 78.5073647 255 79 163
85.1489576 86.7896632 78.5073647 255 79 163
85.157923 86.8143032 78.5073647 255 79 163
85.1720969 86.8363623 78.5073647 255 79 163
85.1907828 86.8547565 78.5073647 255 79 163
85.2130623 86.8685816 78.5073647 255 79 163
85.2378403 86.8771581 78.5073647 255 79 163
85.2278855 86.7680203 78.6198483 255 79 163
85.2315192 86.7787425 78.6198483 255 79 163
85.2382598 86.7878383 78.6198483 255 79 163
85.1980586 86.7841054 78.603049 255 79 163
85.2474605 86.7944349 78.6198483 255 79 163
85.2080456 86.8031836 78.603049 255 79 163
85.1696143 86.7780975 78.5768834 255 79 163
85.2582385 86.7978994 78.6198483 255 79 163
85.2233918 86.8182902 78.603049 255 79 163
85.1791274 86.8061685 78.5768834 255 79 163
85.2426248 86.8279758 78.603049 255 79 163
85.1967745 86.8299816 78.5768834 255 79 163
85.1573669 86.7978956 78.5439129 255 79 163
85.2208623 86.8472517 78.5768834 255 79 163
85.1735262 86.8287648 78.5439129 255 79 163
85.2490795 86.856322 78.5768834 255 79 163
85.198357 86.8532078 78.5439129 255 79 163
85.2294766 86.8688795 78.5439129 255 79 163
77.748392 79.4818992 78.5073647 218 222 230
77.748392 79.4818992 32.37355 218 222 230
79.1774273 79.621228 32.37355 218 222 230
80.5526369 80.0339663 32.37355 218 222 230
81.8222225 80.7045682 32.37355 218 222 230
82.9383642 81.6077747 32.37355 218 222 230
83.8590216 82.7095661 32.37355 218 222 230
84.5495175 83.9684425 32.37355 218 222 230
84.9838439 85.3369873 32.37355 218 222 230
85.1456415 86.7636533 32.37355 218 222 230
85.1456415 86.7636533 78.5073647 218 222 230
79.1774273 79.621228 78.5073647 218 222 230
80.5526369 80.0339663 78.5073647 218 222 230
81.8222225 80.7045682 78.5073647 218 222 230
82.9383642 81.6077747 78.5073647 218 222 230
83.8590216 82.7095661 78.5073647 218 222 230
84.5495175 83.9684425 78.5073647 218 222 230
84.9838439 85.3369873 78.5073647 218 222 230
69.4694598 86.7617923 32.2552777 218 222 230
69.6292913 85.3584706 32.2552777 218 222 230
70.0570934 84.0124234 32.2552777 218 222 230
70.7367632 82.7743172 32.2552777 218 222 230
71.6427171 81.6907557 32.2552777 218 222 230
72.740854 80.8025254 32.2552777 218 222 230
73.989839 80.1430602 32.2552777 218 222 230
75.3426589 79.737183 32.2552777 218 222 230
76.748392 79.6001715 32.2552777 218 222 230
77.748392 79.6001715 32.2552777 218 222 230
79.1541252 79.737183 32.2552777 218 222 230
80.5069451 80.1430602 32.2552777 218 222 230
81.7559301 80.8025254 32.2552777 218 222 230
82.854067 81.6907557 32.2552777 218 222 230
83.7600209 82.7743172 32.2552777 218 222 230
84.4396907 84.0124234 32.2552777 218 222 230
84.8674928 85.3584706 32.2552777 218 222 230
85.0273243 86.7617923 32.2552777 218 222 230
77.748392 79.6001715 32.2552777 255 79 163
79.1541252 79.737183 32.2552777 255 79 163
80.5069451 80.1430602 32.2552777 255 79 163
81.7559301 80.8025254 32.2552777 255 79 163
82.854067 81.6907557 32.2552777 255 79 163
83.7600209 82.7743172 32.2552777 255 79 163
84.4396907 84.0124234 32.2552777 255 79 163
84.8674928 85.3584706 32.2552777 255 79 163
85.0273243 86.7617923 32.2552777 255 79 163
85.0549375 86.7622374 32.2585401 255 79 163
85.0810244 86.7626517 32.2681588 255 79 163
85.1041466 86.7630141 32.2836027 255 79 163
85.1230312 86.7633068 32.3040151 255 79 163
85.1366314 86.7635158 32.3282719 255 79 163
85.1433688 86.7636187 32.3504653 255 79 163
85.1456415 86.7636533 32.37355 255 79 163
77.748392 79.4818992 32.37355 255 79 163
79.1774273 79.621228 32.37355 255 79 163
80.5526369 80.0339663 32.37355 255 79 163
81.8222225 80.7045682 32.37355 255 79 163
82.9383642 81.6077747 32.37355 255 79 163
83.8590216 82.7095661 32.37355 255 79 163
84.5495175 83.9684425 32.37355 255 79 163
84.9838439 85.3369873 32.37355 255 79 163
77.748392 79.4848646 32.3472319 255 79 163
77.748392 79.4936119 32.3222335 255 79 163
77.748392 79.5077025 32.2998084 255 79 163
77.748392 79.5264299 32.281081 255 79 163
77.748392 79.5488551 32.2669903 255 79 163
77.748392 79.5738534 32.258243 255 79 163
84.9816196 85.3374617 32.3504677 255 79 163
84.975033 85.3388664 32.3282743 255 79 163
84.9617403 85.3417013 32.3040138 255 79 163
84.9432785 85.3456386 32.2836004 255 79 163
84.9206702 85.3504601 32.2681602 255 79 163
84.8951657 85.3558994 32.2585431 255 79 163
84.5474268 83.9693376 32.3504677 255 79 163
84.5412355 83.9719881 32.3282743 255 79 163
84.5287408 83.9773372 32.3040138 255 79 163
84.5113871 83.9847665 32.2836004 255 79 163
84.490136 83.9938643 32.2681602 255 79 163
84.4661625 84.0041275 32.2585431 255 79 163
83.8571431 82.7108482 32.3504677 255 79 163
83.8515804 82.7146447 32.3282743 255 79 163
83.8403542 82.7223066 32.3040138 255 79 163
83.8247625 82.7329479 32.2836004 255 79 163
83.8056689 82.7459793 32.2681602 255 79 163
83.7841293 82.76068 32.2585431 255 79 163
82.9367687 81.6093955 32.3504677 255 79 163
82.9320441 81.614195 32.3282743 255 79 163
82.9225093 81.6238811 32.3040138 255 79 163
82.9092667 81.6373337 32.2836004 255 79 163
82.8930499 81.6538078 32.2681602 255 79 163
82.8747555 81.6723923 32.2585431 255 79 163
81.8209702 80.7064666 32.3504677 255 79 163
81.8172616 80.7120883 32.3282743 255 79 163
81.8097774 80.7234337 32.3040138 255 79 163
81.7993827 80.7391909 32.2836004 255 79 163
81.7866534 80.7584872 32.2681602 255 79 163
81.7722934 80.7802554 32.2585431 255 79 163
80.5517749 80.0360709 32.3504677 255 79 163
80.5492221 80.0423031 32.3282743 255 79 163
80.5440702 80.0548805 32.3040138 255 79 163
80.536915 80.0723488 32.2836004 255 79 163
80.5281527 80.0937405 32.2681602 255 79 163
80.5182679 80.1178726 32.2585431 255 79 163
79.176988 79.6234594 32.3504677 255 79 163
79.1756871 79.6300674 32.3282743 255 79 163
79.1730618 79.643403 32.3040138 255 79 163
79.1694155 79.6619245 32.2836004 255 79 163
79.1649502 79.6846058 32.2681602 255 79 163
79.159913 79.7101928 32.2585431 255 79 163
95.5958653 84.7404309 78.5073647 218 222 230
95.5958653 84.7404309 51.1195946 218 222 230
95.5668071 84.9797465 51.1195946 218 222 230
95.4813213 85.205154 51.1195946 218 222 230
95.344376 85.4035535 51.1195946 218 222 230
95.16393 85.5634147 51.1195946 218 222 230
94.9504702 85.6754471 51.1195946 218 222 230
94.7164019 85.7331397 51.1195946 218 222 230
94.4753286 85.7331397 51.1195946 218 222 230
94.2412604 85.6754471 51.1195946 218 222 230
94.0278005 85.5634147 51.1195946 218 222 230
93.8473545 85.4035535 51.1195946 218 222 230
93.7104092 85.205154 51.1195946 218 222 230
93.6249234 84.9797465 51.1195946 218 222 230
93.5958653 84.7404309 51.1195946 218 222 230
93.6249234 84.5011152 51.1195946 218 222 230
93.7104092 84.2757077 51.1195946 218 222 230
93.8473545 84.0773082 51.1195946 218 222 230
94.0278005 83.917447 51.1195946 218 222 230
94.2412604 83.8054146 51.1195946 218 222 230
94.4753286 83.747722 51.1195946 218 222 230
94.7164019 83.747722 51.1195946 218 222 230
94.9504702 83.8054146 51.1195946 218 222 230
95.16393 83.917447 51.1195946 218 222 230
95.344376 84.0773082 51.1195946 218 222 230
95.4813213 84.2757077 51.1195946 218 222 230
95.5668071 84.5011152 51.1195946 218 222 230
95.5958653 84.7404309 51.1195946 218 222 230
95.5958653 84.7404309 78.5073647 218 222 230
95.5668071 84.9797465 78.5073647 218 222 230
95.4813213 85.205154 78.5073647 218 222 230
95.344376 85.4035535 78.5073647 218 222 230
95.16393 85.5634147 78.5073647 218 222 230
94.9504702 85.6754471 78.5073647 218 222 230
94.7164019 85.7331397 78.5073647 218 222 230
94.4753286 85.7331397 78.5073647 218 222 230
94.2412604 85.6754471 78.5073647 218 222 230
94.0278005 85.5634147 78.5073647 218 222 230
93.8473545 85.4035535 78.5073647 218 222 230
93.7104092 85.205154 78.5073647 218 222 230
93.6249234 84.9797465 78.5073647 218 222 230
93.5958653 84.7404309 78.5073647 218 222 230
93.6249234 84.5011152 78.5073647 218 222 230
93.7104092 84.2757077 78.5073647 218 222 230
93.8473545 84.0773082 78.5073647 218 222 230
94.0278005 83.917447 78.5073647 218 222 230
94.2412604 83.8054146 78.5073647 218 222 230
94.4753286 83.747722 78.5073647 218 222 230
94.7164019 83.747722 78.5073647 218 222 230
94.9504702 83.8054146 78.5073647 218 222 230
95.16393 83.917447 78.5073647 218 222 230
95.344376 84.0773082 78.5073647 218 222 230
95.4813213 84.2757077 78.5073647 218 222 230
95.5668071 84.5011152 78.5073647 218 222 230
76.748392 79.4818992 32.37355 255 79 163
76.748392 79.4848646 32.3472319 255 79 163
76.748392 79.4936119 32.3222335 255 79 163
76.748392 79.5077025 32.2998084 255 79 163
76.748392 79.5264299 32.281081 255 79 163
76.748392 79.5488551 32.2669903 255 79 163
76.748392 79.5738534 32.258243 255 79 163
76.748392 79.6001715 32.2552777 255 79 163
77.748392 79.6001715 32.2552777 255 79 163
77.748392 79.4818992 32.37355 255 79 163
77.748392 79.4848646 32.3472319 255 79 163
77.748392 79.4936119 32.3222335 255 79 163
77.748392 79.5077025 32.2998084 255 79 163
77.748392 79.5264299 32.281081 255 79 163
77.748392 79.5488551 32.2669903 255 79 163
77.748392 79.5738534 32.258243 255 79 163
95.477593 84.7404309 51.0013224 255 79 163
95.4519716 84.9514421 51.0013224 255 79 163
95.3765964 85.1501902 51.0013224 255 79 163
95.2558479 85.3251245 51.0013224 255 79 163
95.0967437 85.4660786 51.0013224 255 79 163
94.9085302 85.5648606 51.0013224 255 79 163
94.7021458 85.6157298 51.0013224 255 79 163
94.4895847 85.6157298 51.0013224 255 79 163
94.2832003 85.5648606 51.0013224 255 79 163
94.0949868 85.4660786 51.0013224 255 79 163
93.9358826 85.3251245 51.0013224 255 79 163
93.8151341 85.1501902 51.0013224 255 79 163
93.7397589 84.9514421 51.0013224 255 79 163
93.7141375 84.7404309 51.0013224 255 79 163
93.7397589 84.5294196 51.0013224 255 79 163
93.8151341 84.3306716 51.0013224 255 79 163
93.9358826 84.1557372 51.0013224 255 79 163
94.0949868 84.0147832 51.0013224 255 79 163
94.2832003 83.9160011 51.0013224 255 79 163
94.4895847 83.8651319 51.0013224 255 79 163
94.7021458 83.8651319 51.0013224 255 79 163
94.9085302 83.9160011 51.0013224 255 79 163
95.0967437 84.0147832 51.0013224 255 79 163
95.2558479 84.1557372 51.0013224 255 79 163
95.3765964 84.3306716 51.0013224 255 79 163
95.4519716 84.5294196 51.0013224 255 79 163
95.477593 84.7404309 51.0013224 255 79 163
95.5958653 84.7404309 51.1195946 255 79 163
95.5928999 84.7404309 51.0932766 255 79 163
95.5841526 84.7404309 51.0682782 255 79 163
95.570062 84.7404309 51.0458531 255 79 163
95.5513345 84.7404309 51.0271257 255 79 163
95.5289094 84.7404309 51.013035 255 79 163
95.5039111 84.7404309 51.0042877 255 79 163
95.5958653 84.7404309 51.1195946 255 79 163
95.5668071 84.9797465 51.1195946 255 79 163
95.4813213 85.205154 51.1195946 255 79 163
95.344376 85.4035535 51.1195946 255 79 163
95.16393 85.5634147 51.1195946 255 79 163
94.9504702 85.6754471 51.1195946 255 79 163
94.7164019 85.7331397 51.1195946 255 79 163
94.4753286 85.7331397 51.1195946 255 79 163
94.2412604 85.6754471 51.1195946 255 79 163
94.0278005 85.5634147 51.1195946 255 79 163
93.8473545 85.4035535 51.1195946 255 79 163
93.7104092 85.205154 51.1195946 255 79 163
93.6249234 84.9797465 51.1195946 255 79 163
93.5958653 84.7404309 51.1195946 255 79 163
93.6249234 84.5011152 51.1195946 255 79 163
93.7104092 84.2757077 51.1195946 255 79 163
93.8473545 84.0773082 51.1195946 255 79 163
94.0278005 83.917447 51.1195946 255 79 163
94.2412604 83.8054146 51.1195946 255 79 163
94.4753286 83.747722 51.1195946 255 79 163
94.7164019 83.747722 51.1195946 255 79 163
94.9504702 83.8054146 51.1195946 255 79 163
95.16393 83.917447 51.1195946 255 79 163
95.344376 84.0773082 51.1195946 255 79 163
95.4813213 84.2757077 51.1195946 255 79 163
95.5668071 84.5011152 51.1195946 255 79 163
95.5928999 84.7404309 51.0932766 255 79 163
95.5841526 84.7404309 51.0682782 255 79 163
95.570062 84.7404309 51.0458531 255 79 163
95.5513345 84.7404309 51.0271257 255 79 163
95.5289094 84.7404309 51.013035 255 79 163
95.5039111 84.7404309 51.0042877 255 79 163
95.5639279 84.5018249 51.0932766 255 79 163
95.5554348 84.5039182 51.0682782 255 79 163
95.5417536 84.5072903 51.0458531 255 79 163
95.5235703 84.5117721 51.0271257 255 79 163
95.5017968 84.5171388 51.013035 255 79 163
95.4775249 84.5231213 51.0042877 255 79 163
95.4786956 84.2770858 51.0932766 255 79 163
95.4709503 84.2811508 51.0682782 255 79 163
95.4584736 84.2876991 51.0458531 255 79 163
95.4418913 84.2964022 51.0271257 255 79 163
95.4220348 84.3068236 51.013035 255 79 163
95.3998999 84.318441 51.0042877 255 79 163
95.3421564 84.0792746 51.0932766 255 79 163
95.335609 84.0850751 51.0682782 255 79 163
95.325062 84.094419 51.0458531 255 79 163
95.3110443 84.1068375 51.0271257 255 79 163
95.2942588 84.1217082 51.013035 255 79 163
95.2755473 84.1382851 51.0042877 255 79 163
95.1622455 83.9198874 51.0932766 255 79 163
95.1572765 83.9270863 51.0682782 255 79 163
95.1492721 83.9386827 51.0458531 255 79 163
95.1386337 83.9540951 51.0271257 255 79 163
95.1258948 83.9725506 51.013035 255 79 163
95.1116941 83.9931238 51.0042877 255 79 163
94.9494186 83.8081873 51.0932766 255 79 163
94.9463168 83.8163661 51.0682782 255 79 163
94.9413202 83.8295411 51.0458531 255 79 163
94.9346793 83.8470516 51.0271257 255 79 163
94.9267273 83.8680194 51.013035 255 79 163
94.9178627 83.8913933 51.0042877 255 79 163
94.7160445 83.7506657 51.0932766 255 79 163
94.7149901 83.7593492 51.0682782 255 79 163
94.7132917 83.7733372 51.0458531 255 79 163
94.7110344 83.791928 51.0271257 255 79 163
94.7083313 83.8141897 51.013035 255 79 163
94.7053181 83.8390058 51.0042877 255 79 163
94.475686 83.7506657 51.0932766 255 79 163
94.4767404 83.7593492 51.0682782 255 79 163
94.4784388 83.7733372 51.0458531 255 79 163
94.4806962 83.791928 51.0271257 255 79 163
94.4833992 83.8141897 51.013035 255 79 163
94.4864124 83.8390058 51.0042877 255 79 163
94.2423119 83.8081873 51.0932766 255 79 163
94.2454137 83.8163661 51.0682782 255 79 163
94.2504103 83.8295411 51.0458531 255 79 163
94.2570512 83.8470516 51.0271257 255 79 163
94.2650033 83.8680194 51.013035 255 79 163
94.2738678 83.8913933 51.0042877 255 79 163
94.029485 83.9198874 51.0932766 255 79 163
94.0344541 83.9270863 51.0682782 255 79 163
94.0424585 83.9386827 51.0458531 255 79 163
94.0530968 83.9540951 51.0271257 255 79 163
94.0658358 83.9725506 51.013035 255 79 163
94.0800365 83.9931238 51.0042877 255 79 163
93.8495741 84.0792746 51.0932766 255 79 163
93.8561216 84.0850751 51.0682782 255 79 163
93.8666686 84.094419 51.0458531 255 79 163
93.8806862 84.1068375 51.0271257 255 79 163
93.8974717 84.1217082 51.013035 255 79 163
93.9161832 84.1382851 51.0042877 255 79 163
93.7130349 84.2770858 51.0932766 255 79 163
93.7207803 84.2811508 51.0682782 255 79 163
93.7332569 84.2876991 51.0458531 255 79 163
93.7498392 84.2964022 51.0271257 255 79 163
93.7696957 84.3068236 51.013035 255 79 163
93.7918307 84.318441 51.0042877 255 79 163
93.6278026 84.5018249 51.0932766 255 79 163
93.6362957 84.5039182 51.0682782 255 79 163
93.6499769 84.5072903 51.0458531 255 79 163
93.6681602 84.5117721 51.0271257 255 79 163
93.6899337 84.5171388 51.013035 255 79 163
93.7142056 84.5231213 51.0042877 255 79 163
93.5988306 84.7404309 51.0932766 255 79 163
93.6075779 84.7404309 51.0682782 255 79 163
93.6216686 84.7404309 51.0458531 255 79 163
93.640396 84.7404309 51.0271257 255 79 163
93.6628211 84.7404309 51.013035 255 79 163
93.6878195 84.7404309 51.0042877 255 79 163
93.6278026 84.9790369 51.0932766 255 79 163
93.6362957 84.9769435 51.0682782 255 79 163
93.6499769 84.9735714 51.0458531 255 79 163
93.6681602 84.9690896 51.0271257 255 79 163
93.6899337 84.963723 51.013035 255 79 163
93.7142056 84.9577405 51.0042877 255 79 163
93.7130349 85.203776 51.0932766 255 79 163
93.7207803 85.1997109 51.0682782 255 79 163
93.7332569 85.1931627 51.0458531 255 79 163
93.7498392 85.1844596 51.0271257 255 79 163
93.7696957 85.1740381 51.013035 255 79 163
93.7918307 85.1624208 51.0042877 255 79 163
93.8495741 85.4015872 51.0932766 255 79 163
93.8561216 85.3957866 51.0682782 255 79 163
93.8666686 85.3864428 51.0458531 255 79 163
93.8806862 85.3740242 51.0271257 255 79 163
93.8974717 85.3591536 51.013035 255 79 163
93.9161832 85.3425766 51.0042877 255 79 163
94.029485 85.5609743 51.0932766 255 79 163
94.0344541 85.5537754 51.0682782 255 79 163
94.0424585 85.5421791 51.0458531 255 79 163
94.0530968 85.5267667 51.0271257 255 79 163
94.0658358 85.5083112 51.013035 255 79 163
94.0800365 85.4877379 51.0042877 255 79 163
94.2423119 85.6726745 51.0932766 255 79 163
94.2454137 85.6644956 51.0682782 255 79 163
94.2504103 85.6513206 51.0458531 255 79 163
94.2570512 85.6338102 51.0271257 255 79 163
94.2650033 85.6128423 51.013035 255 79 163
94.2738678 85.5894684 51.0042877 255 79 163
94.475686 85.730196 51.0932766 255 79 163
94.4767404 85.7215125 51.0682782 255 79 163
94.4784388 85.7075246 51.0458531 255 79 163
94.4806962 85.6889337 51.0271257 255 79 163
94.4833992 85.6666721 51.013035 255 79 163
94.4864124 85.641856 51.0042877 255 79 163
94.7160445 85.730196 51.0932766 255 79 163
94.7149901 85.7215125 51.0682782 255 79 163
94.7132917 85.7075246 51.0458531 255 79 163
94.7110344 85.6889337 51.0271257 255 79 163
94.7083313 85.6666721 51.013035 255 79 163
94.7053181 85.641856 51.0042877 255 79 163
94.9494186 85.6726745 51.0932766 255 79 163
94.9463168 85.6644956 51.0682782 255 79 163
94.9413202 85.6513206 51.0458531 255 79 163
94.9346793 85.6338102 51.0271257 255 79 163
94.9267273 85.6128423 51.013035 255 79 163
94.9178627 85.5894684 51.0042877 255 79 163
95.1622455 85.5609743 51.0932766 255 79 163
95.1572765 85.5537754 51.0682782 255 79 163
95.1492721 85.5421791 51.0458531 255 79 163
95.1386337 85.5267667 51.0271257 255 79 163
95.1258948 85.5083112 51.013035 255 79 163
95.1116941 85.4877379 51.0042877 255 79 163
95.3421564 85.4015872 51.0932766 255 79 163
95.335609 85.3957866 51.0682782 255 79 163
95.325062 85.3864428 51.0458531 255 79 163
95.3110443 85.3740242 51.0271257 255 79 163
95.2942588 85.3591536 51.013035 255 79 163
95.2755473 85.3425766 51.0042877 255 79 163
95.4786956 85.203776 51.0932766 255 79 163
95.4709503 85.1997109 51.0682782 255 79 163
95.4584736 85.1931627 51.0458531 255 79 163
95.4418913 85.1844596 51.0271257 255 79 163
95.4220348 85.1740381 51.013035 255 79 163
95.3998999 85.1624208 51.0042877 255 79 163
95.5639279 84.9790369 51.0932766 255 79 163
95.5554348 84.9769435 51.0682782 255 79 163
95.5417536 84.9735714 51.0458531 255 79 163
95.5235703 84.9690896 51.0271257 255 79 163
95.5017968 84.963723 51.013035 255 79 163
95.4775249 84.9577405 51.0042877 255 79 163
95.477593 84.7404309 51.0013224 218 222 230
95.4519716 84.9514421 51.0013224 218 222 230
95.3765964 85.1501902 51.0013224 218 222 230
95.2558479 85.3251245 51.0013224 218 222 230
95.0967437 85.4660786 51.0013224 218 222 230
94.9085302 85.5648606 51.0013224 218 222 230
94.7021458 85.6157298 51.0013224 218 222 230
94.4895847 85.6157298 51.0013224 218 222 230
94.2832003 85.5648606 51.0013224 218 222 230
94.0949868 85.4660786 51.0013224 218 222 230
93.9358826 85.3251245 51.0013224 218 222 230
93.8151341 85.1501902 51.0013224 218 222 230
93.7397589 84.9514421 51.0013224 218 222 230
93.7141375 84.7404309 51.0013224 218 222 230
93.7397589 84.5294196 51.0013224 218 222 230
93.8151341 84.3306716 51.0013224 218 222 230
93.9358826 84.1557372 51.0013224 218 222 230
94.0949868 84.0147832 51.0013224 218 222 230
94.2832003 83.9160011 51.0013224 218 222 230
94.4895847 83.8651319 51.0013224 218 222 230
94.7021458 83.8651319 51.0013224 218 222 230
94.9085302 83.9160011 51.0013224 218 222 230
95.0967437 84.0147832 51.0013224 218 222 230
95.2558479 84.1557372 51.0013224 218 222 230
95.3765964 84.3306716 51.0013224 218 222 230
95.4519716 84.5294196 51.0013224 218 222 230
93.9653969 84.7404309 51.0013224 218 222 230
93.9837172 84.8913118 51.0013224 218 222 230
94.0376132 85.0334241 51.0013224 218 222 230
94.1239529 85.1585087 51.0013224 218 222 230
94.2377184 85.2592962 51.0013224 218 222 230
94.3722981 85.329929 51.0013224 218 222 230
94.5198707 85.3663024 51.0013224 218 222 230
94.6718598 85.3663024 51.0013224 218 222 230
94.8194324 85.329929 51.0013224 218 222 230
94.9540121 85.2592962 51.0013224 218 222 230
95.0677776 85.1585087 51.0013224 218 222 230
95.1541173 85.0334241 51.0013224 218 222 230
95.2080134 84.8913118 51.0013224 218 222 230
95.2263336 84.7404309 51.0013224 218 222 230
95.2080134 84.5895499 51.0013224 218 222 230
95.1541173 84.4474376 51.0013224 218 222 230
95.0677776 84.322353 51.0013224 218 222 230
94.9540121 84.2215656 51.0013224 218 222 230
94.8194324 84.1509327 51.0013224 218 222 230
94.6718598 84.1145593 51.0013224 218 222 230
94.5198707 84.1145593 51.0013224 218 222 230
94.3722981 84.1509327 51.0013224 218 222 230
94.2377184 84.2215656 51.0013224 218 222 230
94.1239529 84.322353 51.0013224 218 222 230
94.0376132 84.4474376 51.0013224 218 222 230
93.9837172 84.5895499 51.0013224 218 222 230
93.9653969 84.7404309 51.0013224 255 79 163
93.991715 84.7404309 51.0042877 255 79 163
94.0167133 84.7404309 51.013035 255 79 163
94.0391385 84.7404309 51.0271257 255 79 163
94.0578659 84.7404309 51.0458531 255 79 163
94.0719565 84.7404309 51.0682782 255 79 163
94.0807038 84.7404309 51.0932766 255 79 163
94.0836692 84.7404309 51.1195946 255 79 163
93.9837172 84.8913118 51.0013224 255 79 163
94.0376132 85.0334241 51.0013224 255 79 163
94.1239529 85.1585087 51.0013224 255 79 163
94.2377184 85.2592962 51.0013224 255 79 163
94.3722981 85.329929 51.0013224 255 79 163
94.5198707 85.3663024 51.0013224 255 79 163
94.6718598 85.3663024 51.0013224 255 79 163
94.8194324 85.329929 51.0013224 255 79 163
94.9540121 85.2592962 51.0013224 255 79 163
95.0677776 85.1585087 51.0013224 255 79 163
95.1541173 85.0334241 51.0013224 255 79 163
95.2080134 84.8913118 51.0013224 255 79 163
95.2263336 84.7404309 51.0013224 255 79 163
95.2080134 84.5895499 51.0013224 255 79 163
95.1541173 84.4474376 51.0013224 255 79 163
95.0677776 84.322353 51.0013224 255 79 163
94.9540121 84.2215656 51.0013224 255 79 163
94.8194324 84.1509327 51.0013224 255 79 163
94.6718598 84.1145593 51.0013224 255 79 163
94.5198707 84.1145593 51.0013224 255 79 163
94.3722981 84.1509327 51.0013224 255 79 163
94.2377184 84.2215656 51.0013224 255 79 163
94.1239529 84.322353 51.0013224 255 79 163
94.0376132 84.4474376 51.0013224 255 79 163
93.9837172 84.5895499 51.0013224 255 79 163
93.9653969 84.7404309 51.0013224 255 79 163
93.991715 84.7404309 51.0042877 255 79 163
94.0167133 84.7404309 51.013035 255 79 163
94.0391385 84.7404309 51.0271257 255 79 163
94.0578659 84.7404309 51.0458531 255 79 163
94.0719565 84.7404309 51.0682782 255 79 163
94.0807038 84.7404309 51.0932766 255 79 163
94.0836692 84.7404309 51.1195946 255 79 163
94.0985527 84.8630074 51.1195946 255 79 163
94.1423381 84.9784603 51.1195946 255 79 163
94.212481 85.0800797 51.1195946 255 79 163
94.3049047 85.16196 51.1195946 255 79 163
94.414238 85.2193425 51.1195946 255 79 163
94.5341268 85.2488925 51.1195946 255 79 163
94.6576037 85.2488925 51.1195946 255 79 163
94.7774925 85.2193425 51.1195946 255 79 163
94.8868258 85.16196 51.1195946 255 79 163
94.9792496 85.0800797 51.1195946 255 79 163
95.0493924 84.9784603 51.1195946 255 79 163
95.0931779 84.8630074 51.1195946 255 79 163
95.1080614 84.7404309 51.1195946 255 79 163
95.0931779 84.6178543 51.1195946 255 79 163
95.0493924 84.5024015 51.1195946 255 79 163
94.9792496 84.400782 51.1195946 255 79 163
94.8868258 84.3189018 51.1195946 255 79 163
94.7774925 84.2615192 51.1195946 255 79 163
94.6576037 84.2319693 51.1195946 255 79 163
94.5341268 84.2319693 51.1195946 255 79 163
94.414238 84.2615192 51.1195946 255 79 163
94.3049047 84.3189018 51.1195946 255 79 163
94.212481 84.400782 51.1195946 255 79 163
94.1423381 84.5024015 51.1195946 255 79 163
94.0985527 84.6178543 51.1195946 255 79 163
94.0092705 84.8850135 51.0042877 255 79 163
94.0335424 84.879031 51.013035 255 79 163
94.0553159 84.8736643 51.0271257 255 79 163
94.0734992 84.8691826 51.0458531 255 79 163
94.0871804 84.8658104 51.0682782 255 79 163
94.0956735 84.8637171 51.0932766 255 79 163
94.0609167 85.0211935 51.0042877 255 79 163
94.0830517 85.0095762 51.013035 255 79 163
94.1029082 84.9991547 51.0271257 255 79 163
94.1194905 84.9904517 51.0458531 255 79 163
94.1319671 84.9839034 51.0682782 255 79 163
94.1397125 84.9798383 51.0932766 255 79 163
94.1436523 85.1410566 51.0042877 255 79 163
94.1623638 85.1244797 51.013035 255 79 163
94.1791493 85.109609 51.0271257 255 79 163
94.1931669 85.0971905 51.0458531 255 79 163
94.2037139 85.0878466 51.0682782 255 79 163
94.2102614 85.0820461 51.0932766 255 79 163
94.2526688 85.2376368 51.0042877 255 79 163
94.2668695 85.2170636 51.013035 255 79 163
94.2796084 85.1986081 51.0271257 255 79 163
94.2902468 85.1831957 51.0458531 255 79 163
94.2982512 85.1715993 51.0682782 255 79 163
94.3032202 85.1644004 51.0932766 255 79 163
94.3816306 85.3053212 51.0042877 255 79 163
94.3904952 85.2819474 51.013035 255 79 163
94.3984472 85.2609795 51.0271257 255 79 163
94.4050881 85.243469 51.0458531 255 79 163
94.4100847 85.2302941 51.0682782 255 79 163
94.4131865 85.2221152 51.0932766 255 79 163
94.523043 85.3401763 51.0042877 255 79 163
94.5260562 85.3153602 51.013035 255 79 163
94.5287593 85.2930985 51.0271257 255 79 163
94.5310166 85.2745076 51.0458531 255 79 163
94.532715 85.2605197 51.0682782 255 79 163
94.5337694 85.2518362 51.0932766 255 79 163
94.6686875 85.3401763 51.0042877 255 79 163
94.6656743 85.3153602 51.013035 255 79 163
94.6629713 85.2930985 51.0271257 255 79 163
94.6607139 85.2745076 51.0458531 255 79 163
94.6590155 85.2605197 51.0682782 255 79 163
94.6579611 85.2518362 51.0932766 255 79 163
94.8100999 85.3053212 51.0042877 255 79 163
94.8012354 85.2819474 51.013035 255 79 163
94.7932833 85.2609795 51.0271257 255 79 163
94.7866425 85.243469 51.0458531 255 79 163
94.7816459 85.2302941 51.0682782 255 79 163
94.778544 85.2221152 51.0932766 255 79 163
94.9390618 85.2376368 51.0042877 255 79 163
94.9248611 85.2170636 51.013035 255 79 163
94.9121221 85.1986081 51.0271257 255 79 163
94.9014837 85.1831957 51.0458531 255 79 163
94.8934793 85.1715993 51.0682782 255 79 163
94.8885103 85.1644004 51.0932766 255 79 163
95.0480783 85.1410566 51.0042877 255 79 163
95.0293667 85.1244797 51.013035 255 79 163
95.0125813 85.109609 51.0271257 255 79 163
94.9985636 85.0971905 51.0458531 255 79 163
94.9880166 85.0878466 51.0682782 255 79 163
94.9814691 85.0820461 51.0932766 255 79 163
95.1308138 85.0211935 51.0042877 255 79 163
95.1086789 85.0095762 51.013035 255 79 163
95.0888224 84.9991547 51.0271257 255 79 163
95.0722401 84.9904517 51.0458531 255 79 163
95.0597634 84.9839034 51.0682782 255 79 163
95.0520181 84.9798383 51.0932766 255 79 163
95.1824601 84.8850135 51.0042877 255 79 163
95.1581881 84.879031 51.013035 255 79 163
95.1364146 84.8736643 51.0271257 255 79 163
95.1182314 84.8691826 51.0458531 255 79 163
95.1045502 84.8658104 51.0682782 255 79 163
95.096057 84.8637171 51.0932766 255 79 163
95.2000156 84.7404309 51.0042877 255 79 163
95.1750172 84.7404309 51.013035 255 79 163
95.1525921 84.7404309 51.0271257 255 79 163
95.1338647 84.7404309 51.0458531 255 79 163
95.119774 84.7404309 51.0682782 255 79 163
95.1110267 84.7404309 51.0932766 255 79 163
95.1824601 84.5958482 51.0042877 255 79 163
95.1581881 84.6018307 51.013035 255 79 163
95.1364146 84.6071974 51.0271257 255 79 163
95.1182314 84.6116792 51.0458531 255 79 163
95.1045502 84.6150513 51.0682782 255 79 163
95.096057 84.6171447 51.0932766 255 79 163
95.1308138 84.4596682 51.0042877 255 79 163
95.1086789 84.4712855 51.013035 255 79 163
95.0888224 84.481707 51.0271257 255 79 163
95.0722401 84.4904101 51.0458531 255 79 163
95.0597634 84.4969583 51.0682782 255 79 163
95.0520181 84.5010234 51.0932766 255 79 163
95.0480783 84.3398051 51.0042877 255 79 163
95.0293667 84.3563821 51.013035 255 79 163
95.0125813 84.3712527 51.0271257 255 79 163
94.9985636 84.3836713 51.0458531 255 79 163
94.9880166 84.3930151 51.0682782 255 79 163
94.9814691 84.3988157 51.0932766 255 79 163
94.9390618 84.2432249 51.0042877 255 79 163
94.9248611 84.2637982 51.013035 255 79 163
94.9121221 84.2822537 51.0271257 255 79 163
94.9014837 84.2976661 51.0458531 255 79 163
94.8934793 84.3092624 51.0682782 255 79 163
94.8885103 84.3164613 51.0932766 255 79 163
94.8100999 84.1755405 51.0042877 255 79 163
94.8012354 84.1989144 51.013035 255 79 163
94.7932833 84.2198823 51.0271257 255 79 163
94.7866425 84.2373927 51.0458531 255 79 163
94.7816459 84.2505677 51.0682782 255 79 163
94.778544 84.2587466 51.0932766 255 79 163
94.6686875 84.1406855 51.0042877 255 79 163
94.6656743 84.1655016 51.013035 255 79 163
94.6629713 84.1877632 51.0271257 255 79 163
94.6607139 84.2063541 51.0458531 255 79 163
94.6590155 84.220342 51.0682782 255 79 163
94.6579611 84.2290256 51.0932766 255 79 163
94.523043 84.1406855 51.0042877 255 79 163
94.5260562 84.1655016 51.013035 255 79 163
94.5287593 84.1877632 51.0271257 255 79 163
94.5310166 84.2063541 51.0458531 255 79 163
94.532715 84.220342 51.0682782 255 79 163
94.5337694 84.2290256 51.0932766 255 79 163
94.3816306 84.1755405 51.0042877 255 79 163
94.3904952 84.1989144 51.013035 255 79 163
94.3984472 84.2198823 51.0271257 255 79 163
94.4050881 84.2373927 51.0458531 255 79 163
94.4100847 84.2505677 51.0682782 255 79 163
94.4131865 84.2587466 51.0932766 255 79 163
94.2526688 84.2432249 51.0042877 255 79 163
94.2668695 84.2637982 51.013035 255 79 163
94.2796084 84.2822537 51.0271257 255 79 163
94.2902468 84.2976661 51.0458531 255 79 163
94.2982512 84.3092624 51.0682782 255 79 163
94.3032202 84.3164613 51.0932766 255 79 163
94.1436523 84.3398051 51.0042877 255 79 163
94.1623638 84.3563821 51.013035 255 79 163
94.1791493 84.3712527 51.0271257 255 79 163
94.1931669 84.3836713 51.0458531 255 79 163
94.2037139 84.3930151 51.0682782 255 79 163
94.2102614 84.3988157 51.0932766 255 79 163
94.0609167 84.4596682 51.0042877 255 79 163
94.0830517 84.4712855 51.013035 255 79 163
94.1029082 84.481707 51.0271257 255 79 163
94.1194905 84.4904101 51.0458531 255 79 163
94.1319671 84.4969583 51.0682782 255 79 163
94.1397125 84.5010234 51.0932766 255 79 163
94.0092705 84.5958482 51.0042877 255 79 163
94.0335424 84.6018307 51.013035 255 79 163
94.0553159 84.6071974 51.0271257 255 79 163
94.0734992 84.6116792 51.0458531 255 79 163
94.0871804 84.6150513 51.0682782 255 79 163
94.0956735 84.6171447 51.0932766 255 79 163
94.0836692 84.7404309 78.625637 218 222 230
94.0985527 84.8630074 78.625637 218 222 230
94.1423381 84.9784603 78.625637 218 222 230
94.212481 85.0800797 78.625637 218 222 230
94.3049047 85.16196 78.625637 218 222 230
94.414238 85.2193425 78.625637 218 222 230
94.5341268 85.2488925 78.625637 218 222 230
94.6576037 85.2488925 78.625637 218 222 230
94.7774925 85.2193425 78.625637 218 222 230
94.8868258 85.16196 78.625637 218 222 230
94.9792496 85.0800797 78.625637 218 222 230
95.0493924 84.9784603 78.625637 218 222 230
95.0931779 84.8630074 78.625637 218 222 230
95.1080614 84.7404309 78.625637 218 222 230
95.0931779 84.6178543 78.625637 218 222 230
95.0493924 84.5024015 78.625637 218 222 230
94.9792496 84.400782 78.625637 218 222 230
94.8868258 84.3189018 78.625637 218 222 230
94.7774925 84.2615192 78.625637 218 222 230
94.6576037 84.2319693 78.625637 218 222 230
94.5341268 84.2319693 78.625637 218 222 230
94.414238 84.2615192 78.625637 218 222 230
94.3049047 84.3189018 78.625637 218 222 230
94.212481 84.400782 78.625637 218 222 230
94.1423381 84.5024015 78.625637 218 222 230
94.0985527 84.6178543 78.625637 218 222 230
94.0836692 84.7404309 78.625637 218 222 230
94.0836692 84.7404309 51.1195946 218 222 230
94.0836692 84.7404309 51.1195946 218 222 230
94.0985527 84.8630074 51.1195946 218 222 230
94.1423381 84.9784603 51.1195946 218 222 230
94.212481 85.0800797 51.1195946 218 222 230
94.3049047 85.16196 51.1195946 218 222 230
94.414238 85.2193425 51.1195946 218 222 230
94.5341268 85.2488925 51.1195946 218 222 230
94.6576037 85.2488925 51.1195946 218 222 230
94.7774925 85.2193425 51.1195946 218 222 230
94.8868258 85.16196 51.1195946 218 222 230
94.9792496 85.0800797 51.1195946 218 222 230
95.0493924 84.9784603 51.1195946 218 222 230
95.0931779 84.8630074 51.1195946 218 222 230
95.1080614 84.7404309 51.1195946 218 222 230
95.0931779 84.6178543 51.1195946 218 222 230
95.0493924 84.5024015 51.1195946 218 222 230
94.9792496 84.400782 51.1195946 218 222 230
94.8868258 84.3189018 51.1195946 218 222 230
94.7774925 84.2615192 51.1195946 218 222 230
94.6576037 84.2319693 51.1195946 218 222 230
94.5341268 84.2319693 51.1195946 218 222 230
94.414238 84.2615192 51.1195946 218 222 230
94.3049047 84.3189018 51.1195946 218 222 230
94.212481 84.400782 51.1195946 218 222 230
94.1423381 84.5024015 51.1195946 218 222 230
94.0985527 84.6178543 51.1195946 218 222 230
94.0836692 84.7404309 78.625637 218 222 230
94.0985527 84.8630074 78.625637 218 222 230
94.1423381 84.9784603 78.625637 218 222 230
94.212481 85.0800797 78.625637 218 222 230
94.3049047 85.16196 78.625637 218 222 230
94.414238 85.2193425 78.625637 218 222 230
94.5341268 85.2488925 78.625637 218 222 230
94.6576037 85.2488925 78.625637 218 222 230
94.7774925 85.2193425 78.625637 218 222 230
94.8868258 85.16196 78.625637 218 222 230
94.9792496 85.0800797 78.625637 218 222 230
95.0493924 84.9784603 78.625637 218 222 230
95.0931779 84.8630074 78.625637 218 222 230
95.1080614 84.7404309 78.625637 218 222 230
95.0931779 84.6178543 78.625637 218 222 230
95.0493924 84.5024015 78.625637 218 222 230
94.9792496 84.400782 78.625637 218 222 230
94.8868258 84.3189018 78.625637 218 222 230
94.7774925 84.2615192 78.625637 218 222 230
94.6576037 84.2319693 78.625637 218 222 230
94.5341268 84.2319693 78.625637 218 222 230
94.414238 84.2615192 78.625637 218 222 230
94.3049047 84.3189018 78.625637 218 222 230
94.212481 84.400782 78.625637 218 222 230
94.1423381 84.5024015 78.625637 218 222 230
94.0985527 84.6178543 78.625637 218 222 230
3 9 7 8
3 4 5 6
3 2 6 7
3 2 7 9
3 3 4 6
3 3 6 2
3 10 3 2
3 1 2 0
3 1 10 2
3 24 13 11
3 25 13 24
3 26 13 25
3 23 24 11
3 27 13 26
3 22 23 11
3 21 13 27
3 16 22 11
3 15 16 11
3 20 13 21
3 19 14 13
3 19 13 20
3 17 15 11
3 18 17 11
3 12 19 18
3 12 14 19
3 12 18 11
3 39 28 29
3 40 29 30
3 40 39 29
3 41 30 31
3 41 40 30
3 42 41 31
3 43 31 32
3 43 42 31
3 44 32 33
3 44 43 32
3 45 33 34
3 45 44 33
3 46 34 35
3 46 35 36
3 46 45 34
3 47 36 37
3 47 46 36
3 38 47 37
3 49 99 98
3 49 98 48
3 89 48 98
3 50 89 90
3 50 90 91
3 50 91 92
3 50 92 93
3 50 93 94
3 50 94 95
3 50 95 96
3 50 48 89
3 100 99 49
3 66 88 100
3 66 65 88
3 67 66 100
3 64 87 88
3 64 88 65
3 68 67 100
3 69 68 100
3 70 69 100
3 63 97 87
3 63 87 64
3 71 70 100
3 72 71 100
3 62 96 97
3 62 50 96
3 62 97 63
3 73 72 100
3 74 73 100
3 61 50 62
3 60 50 61
3 59 50 60
3 58 50 59
3 51 53 52
3 51 54 53
3 51 55 54
3 51 56 55
3 51 57 56
3 51 58 57
3 51 50 58
3 51 79 78
3 51 80 79
3 51 81 80
3 51 82 81
3 51 83 82
3 51 84 83
3 51 85 84
3 51 86 85
3 51 52 86
3 51 78 49
3 78 77 49
3 77 76 49
3 76 75 49
3 75 74 49
3 74 100 49
3 110 109 101
3 108 101 109
3 107 101 108
3 111 110 101
3 112 111 101
3 113 112 101
3 104 101 102
3 104 113 101
3 130 107 106
3 130 124 101
3 130 101 107
3 129 124 130
3 131 106 105
3 131 130 106
3 128 124 129
3 127 124 128
3 132 131 105
3 133 132 105
3 125 133 105
3 134 124 127
3 126 125 105
3 136 126 105
3 135 124 134
3 114 136 105
3 115 136 114
3 116 135 136
3 116 136 115
3 117 135 116
3 118 135 117
3 119 135 118
3 120 135 119
3 121 135 120
3 103 104 102
3 123 135 121
3 123 121 122
3 123 124 135
3 145 146 147
3 145 147 153
3 144 145 153
3 143 153 152
3 143 144 153
3 142 152 151
3 142 143 152
3 141 151 150
3 141 142 151
3 140 150 149
3 140 141 150
3 139 149 148
3 139 140 149
3 138 148 137
3 138 139 148
3 155 154 156
3 155 156 157
3 160 168 176
3 161 176 175
3 161 160 176
3 162 174 173
3 162 175 174
3 162 161 175
3 163 173 172
3 163 162 173
3 164 172 171
3 164 163 172
3 165 171 170
3 165 164 171
3 166 170 169
3 166 165 170
3 167 169 158
3 167 166 169
3 159 167 158
3 179 178 177
3 179 177 180
3 188 190 189
3 188 195 190
3 187 194 195
3 187 195 188
3 186 193 194
3 186 194 187
3 185 192 193
3 185 193 186
3 184 191 192
3 184 192 185
3 183 181 191
3 183 191 184
3 182 181 183
3 207 200 201
3 207 201 202
3 207 202 203
3 204 207 203
3 205 207 204
3 206 207 205
3 199 207 206
3 197 207 199
3 196 199 198
3 196 197 199
3 215 211 216
3 217 216 211
3 214 211 215
3 218 217 211
3 213 211 214
3 219 211 210
3 219 218 211
3 212 211 213
3 208 219 210
3 220 219 208
3 209 225 226
3 209 226 227
3 209 227 220
3 209 220 208
3 224 225 209
3 223 224 209
3 222 223 209
3 221 222 209
3 238 228 229
3 238 237 228
3 239 229 230
3 239 238 229
3 240 230 231
3 240 239 230
3 241 231 232
3 241 232 233
3 241 240 231
3 242 241 233
3 243 233 234
3 243 242 233
3 236 234 235
3 236 243 234
3 245 244 266
3 245 266 268
3 267 266 244
3 246 271 267
3 246 272 271
3 246 273 272
3 246 274 273
3 246 275 274
3 246 276 275
3 246 267 244
3 269 245 268
3 261 269 262
3 263 262 269
3 260 269 261
3 264 263 269
3 264 269 270
3 259 269 260
3 265 264 270
3 258 245 269
3 258 269 259
3 257 270 276
3 257 265 270
3 249 257 276
3 250 249 276
3 250 276 246
3 251 250 246
3 296 254 297
3 298 254 253
3 298 297 254
3 295 255 254
3 295 254 296
3 294 255 295
3 299 298 253
3 293 255 294
3 300 253 252
3 300 299 253
3 292 256 255
3 292 255 293
3 291 256 292
3 301 300 252
3 290 256 291
3 289 248 256
3 289 256 290
3 302 252 251
3 302 301 252
3 288 248 289
3 303 251 246
3 303 302 251
3 287 248 288
3 286 248 287
3 326 308 307
3 326 309 308
3 327 326 307
3 327 307 306
3 325 309 326
3 325 278 277
3 325 277 309
3 328 327 306
3 328 306 305
3 324 278 325
3 324 279 278
3 329 305 304
3 329 328 305
3 323 279 324
3 323 280 279
3 323 281 280
3 330 304 303
3 330 303 246
3 330 329 304
3 322 281 323
3 322 282 281
3 331 330 246
3 321 282 322
3 321 283 282
3 332 331 246
3 320 283 321
3 320 284 283
3 320 285 284
3 319 285 320
3 319 286 285
3 319 248 286
3 318 248 319
3 317 248 318
3 247 248 317
3 247 311 310
3 247 312 311
3 247 313 312
3 247 314 313
3 247 315 314
3 247 316 315
3 247 317 316
3 247 333 332
3 247 334 333
3 247 335 334
3 247 310 335
3 247 332 246
3 344 345 346
3 344 346 347
3 343 347 348
3 343 344 347
3 342 348 349
3 342 343 348
3 341 349 350
3 341 342 349
3 340 350 351
3 340 341 350
3 339 351 352
3 339 352 353
3 339 340 351
3 338 353 354
3 338 339 353
3 337 354 336
3 337 338 354
3 355 424 389
3 356 424 355
3 356 423 424
3 357 423 356
3 357 422 423
3 358 422 357
3 359 422 358
3 359 421 422
3 360 421 359
3 360 420 421
3 361 420 360
3 361 419 420
3 362 419 361
3 362 418 419
3 363 418 362
3 363 417 418
3 364 416 417
3 364 417 363
3 365 415 416
3 365 416 364
3 366 413 414
3 366 414 415
3 366 415 365
3 367 412 413
3 367 413 366
3 368 410 411
3 368 411 412
3 368 412 367
3 369 409 410
3 369 410 368
3 370 407 408
3 370 408 409
3 370 409 369
3 371 406 407
3 371 407 370
3 372 405 406
3 372 406 371
3 373 404 405
3 373 405 372
3 374 404 373
3 375 403 404
3 375 404 374
3 376 402 403
3 376 403 375
3 377 402 376
3 378 401 402
3 378 402 377
3 379 400 401
3 379 401 378
3 380 399 400
3 380 400 379
3 381 399 380
3 381 397 398
3 381 398 399
3 382 397 381
3 382 396 397
3 383 395 396
3 383 396 382
3 384 393 394
3 384 394 395
3 384 395 383
3 385 392 393
3 385 393 384
3 386 391 392
3 386 392 385
3 387 391 386
3 387 390 391
3 388 390 387
3 432 428 433
3 434 433 428
3 431 428 432
3 435 434 428
3 430 428 431
3 429 428 430
3 436 428 427
3 436 435 428
3 425 436 427
3 426 436 425
3 448 440 439
3 460 441 440
3 460 442 441
3 460 443 442
3 460 444 443
3 460 448 449
3 460 440 448
3 461 449 450
3 461 450 451
3 461 444 460
3 461 460 449
3 462 445 444
3 462 446 445
3 463 451 452
3 463 452 453
3 463 453 454
3 463 454 455
3 463 461 451
3 464 462 444
3 464 444 461
3 465 447 446
3 465 446 462
3 466 455 456
3 466 456 457
3 466 464 461
3 466 457 464
3 466 463 455
3 466 461 463
3 467 462 464
3 467 464 457
3 467 465 462
3 468 457 458
3 468 467 457
3 469 437 438
3 469 438 470
3 471 458 459
3 471 459 437
3 471 437 469
3 471 468 458
3 471 467 468
3 471 469 467
3 472 447 465
3 472 465 467
3 472 467 469
3 473 438 447
3 473 470 438
3 474 469 470
3 474 472 469
3 475 447 472
3 475 473 447
3 475 470 473
3 475 474 470
3 475 472 474
3 487 476 477
3 487 486 476
3 488 477 478
3 488 487 477
3 489 478 479
3 489 488 478
3 490 479 480
3 490 489 479
3 491 480 481
3 491 490 480
3 492 481 482
3 492 482 483
3 492 491 481
3 485 483 484
3 485 492 483
3 502 493 494
3 503 494 495
3 503 502 494
3 504 495 496
3 504 503 495
3 505 496 497
3 505 504 496
3 506 497 498
3 506 505 497
3 507 498 499
3 507 506 498
3 508 507 499
3 509 499 500
3 509 508 499
3 501 509 500
3 521 510 511
3 521 520 510
3 522 511 512
3 522 521 511
3 523 512 513
3 523 522 512
3 524 513 514
3 524 523 513
3 525 514 515
3 525 524 514
3 526 515 516
3 526 525 515
3 527 516 517
3 527 526 516
3 519 517 518
3 519 527 517
3 530 537 544
3 531 543 542
3 531 544 543
3 531 530 544
3 532 542 541
3 532 531 542
3 533 541 540
3 533 532 541
3 534 540 539
3 534 533 540
3 535 539 538
3 535 534 539
3 536 538 528
3 536 535 538
3 529 536 528
3 556 546 545
3 556 547 546
3 557 548 547
3 557 547 556
3 558 549 548
3 558 548 557
3 559 550 549
3 559 551 550
3 559 549 558
3 560 552 551
3 560 551 559
3 561 552 560
3 562 553 552
3 562 552 561
3 555 554 553
3 555 553 562
3 570 571 572
3 570 572 578
3 569 578 577
3 569 570 578
3 568 577 576
3 568 569 577
3 567 576 575
3 567 568 576
3 566 575 574
3 566 567 575
3 565 574 573
3 565 566 574
3 564 573 563
3 564 565 573
3 590 581 582
3 602 582 583
3 602 583 584
3 602 584 585
3 602 585 586
3 602 591 590
3 602 590 582
3 603 592 591
3 603 593 592
3 603 602 586
3 603 591 602
3 604 586 587
3 604 587 588
3 605 594 593
3 605 595 594
3 605 596 595
3 605 597 596
3 605 593 603
3 606 586 604
3 606 603 586
3 607 588 589
3 607 604 588
3 608 598 597
3 608 599 598
3 608 603 606
3 608 606 599
3 608 597 605
3 608 605 603
3 609 606 604
3 609 599 606
3 609 604 607
3 610 600 599
3 610 599 609
3 611 580 579
3 611 612 580
3 613 601 600
3 613 579 601
3 613 611 579
3 613 600 610
3 613 610 609
3 613 609 611
3 614 607 589
3 614 609 607
3 614 611 609
3 615 589 580
3 615 580 612
3 616 612 611
3 616 611 614
3 617 614 589
3 617 589 615
3 617 615 612
3 617 612 616
3 617 616 614
3 625 626 627
3 625 627 628
3 624 625 628
3 623 628 629
3 623 624 628
3 622 629 630
3 622 623 629
3 621 630 631
3 621 622 630
3 620 631 632
3 620 621 631
3 619 632 633
3 619 620 632
3 618 633 634
3 618 619 633
3 643 644 651
3 642 651 650
3 642 643 651
3 641 650 649
3 641 642 650
3 640 649 648
3 640 641 649
3 639 647 646
3 639 648 647
3 639 640 648
3 638 646 645
3 638 639 646
3 637 645 635
3 637 638 645
3 636 637 635
3 676 652 653
3 654 676 653
3 661 657 658
3 661 658 659
3 661 659 660
3 669 668 681
3 670 669 681
3 674 673 666
3 675 674 666
3 667 675 666
3 682 654 655
3 682 655 656
3 682 656 657
3 682 661 662
3 682 662 663
3 682 677 676
3 682 678 677
3 682 676 654
3 682 657 661
3 683 663 664
3 683 664 665
3 683 679 678
3 683 680 679
3 683 678 682
3 683 682 663
3 684 665 666
3 684 671 670
3 684 672 671
3 684 673 672
3 684 681 680
3 684 680 683
3 684 670 681
3 684 683 665
3 684 666 673
3 694 687 688
3 706 688 689
3 706 689 690
3 706 695 694
3 706 694 688
3 707 696 695
3 707 695 706
3 708 690 691
3 708 706 690
3 709 697 696
3 709 696 707
3 710 708 691
3 710 706 708
3 710 707 706
3 711 698 697
3 711 697 709
3 712 707 710
3 712 709 707
3 713 699 698
3 713 700 699
3 713 701 700
3 713 698 711
3 714 711 709
3 714 709 712
3 715 691 692
3 716 702 701
3 716 701 713
3 716 713 711
3 716 711 714
3 716 714 702
3 717 710 691
3 717 691 715
3 718 712 710
3 718 710 717
3 719 702 714
3 719 714 712
3 719 712 718
3 720 703 702
3 720 704 703
3 720 702 719
3 720 719 704
3 721 693 686
3 721 722 693
3 723 686 685
3 723 721 686
3 724 685 705
3 724 704 719
3 724 719 718
3 724 723 685
3 724 718 723
3 725 705 704
3 725 704 724
3 725 724 705
3 726 692 693
3 726 693 722
3 726 715 692
3 726 722 721
3 726 717 715
3 726 718 717
3 726 721 723
3 726 723 718
3 735 736 743
3 734 742 741
3 734 743 742
3 734 735 743
3 733 741 740
3 733 734 741
3 732 740 739
3 732 733 740
3 731 739 738
3 731 732 739
3 730 738 737
3 730 731 738
3 729 737 727
3 729 730 737
3 728 729 727
3 752 753 754
3 752 754 760
3 751 752 760
3 750 760 759
3 750 751 760
3 749 759 758
3 749 750 759
3 748 758 757
3 748 749 758
3 747 757 756
3 747 748 757
3 746 756 755
3 746 747 756
3 745 755 744
3 745 746 755
3 769 770 771
3 769 771 778
3 768 778 777
3 768 769 778
3 767 777 776
3 767 768 777
3 766 775 774
3 766 776 775
3 766 767 776
3 765 774 773
3 765 766 774
3 764 765 773
3 763 773 772
3 763 764 773
3 762 772 761
3 762 763 772
3 794 779 780
3 794 795 779
3 793 780 781
3 793 794 780
3 792 781 782
3 792 793 781
3 791 782 783
3 791 792 782
3 790 783 784
3 790 791 783
3 789 784 785
3 789 785 786
3 789 790 784
3 788 786 787
3 788 789 786
3 798 797 799
3 796 797 798
3 801 802 800
3 801 803 802
3 811 818 812
3 810 817 818
3 810 818 811
3 809 816 817
3 809 817 810
3 808 815 816
3 808 816 809
3 807 814 815
3 807 815 808
3 806 813 814
3 806 814 807
3 805 804 813
3 805 813 806
3 819 822 821
3 819 820 822
3 823 826 825
3 823 824 826
3 835 828 827
3 835 829 828
3 835 830 829
3 835 831 830
3 835 832 831
3 835 833 832
3 835 834 833
3 851 835 827
3 852 851 836
3 853 852 837
3 854 853 838
3 855 854 839
3 856 855 840
3 857 856 841
3 844 842 843
3 845 842 844
3 846 842 845
3 847 842 846
3 848 842 847
3 849 842 848
3 858 827 836
3 859 827 858
3 859 858 836
3 860 827 859
3 860 859 836
3 861 827 860
3 861 860 836
3 861 851 827
3 861 836 851
3 862 836 837
3 863 836 862
3 863 862 837
3 864 836 863
3 864 863 837
3 865 852 836
3 865 837 852
3 865 836 864
3 865 864 837
3 866 837 838
3 867 837 866
3 867 866 838
3 868 837 867
3 868 867 838
3 869 837 868
3 869 868 838
3 870 869 838
3 870 838 853
3 870 853 837
3 870 837 869
3 871 838 839
3 872 838 871
3 872 871 839
3 873 872 839
3 873 838 872
3 874 873 839
3 874 838 873
3 875 874 839
3 875 838 874
3 875 839 854
3 875 854 838
3 876 839 840
3 877 839 876
3 877 876 840
3 878 839 877
3 878 877 840
3 879 839 878
3 879 878 840
3 880 839 879
3 880 879 840
3 880 840 855
3 880 855 839
3 881 840 841
3 882 840 881
3 882 881 841
3 883 840 882
3 883 882 841
3 884 840 883
3 884 883 841
3 885 840 884
3 885 884 841
3 886 840 885
3 886 885 841
3 886 856 840
3 886 841 856
3 887 841 842
3 888 841 887
3 888 887 842
3 889 841 888
3 889 888 842
3 890 841 889
3 890 889 842
3 891 841 890
3 891 890 842
3 892 849 850
3 892 850 857
3 892 841 891
3 892 891 842
3 892 857 841
3 892 842 849
3 900 901 902
3 900 902 908
3 899 908 907
3 899 900 908
3 898 907 906
3 898 899 907
3 897 906 905
3 897 898 906
3 896 905 904
3 896 897 905
3 895 904 903
3 895 896 904
3 894 903 893
3 894 895 903
3 932 916 915
3 925 923 924
3 931 938 930
3 939 910 909
3 939 909 917
3 940 911 910
3 940 910 939
3 941 912 911
3 941 911 940
3 942 913 912
3 942 912 941
3 943 914 913
3 943 913 942
3 944 915 914
3 944 932 915
3 944 914 943
3 945 917 918
3 945 939 917
3 946 939 945
3 946 940 939
3 947 941 940
3 947 940 946
3 948 942 941
3 948 941 947
3 949 942 948
3 949 943 942
3 950 933 932
3 950 944 943
3 950 932 944
3 950 943 949
3 951 918 919
3 951 946 945
3 951 945 918
3 952 946 951
3 953 947 946
3 953 946 952
3 954 948 947
3 954 947 953
3 955 948 954
3 955 949 948
3 956 949 955
3 956 934 933
3 956 935 934
3 956 950 949
3 956 933 950
3 957 919 920
3 957 951 919
3 958 951 957
3 958 952 951
3 958 953 952
3 959 953 958
3 960 954 953
3 960 953 959
3 961 954 960
3 961 955 954
3 962 935 956
3 962 956 955
3 962 955 961
3 963 920 921
3 963 957 920
3 964 957 963
3 964 958 957
3 965 959 958
3 965 958 964
3 966 960 959
3 966 959 965
3 967 961 960
3 967 960 966
3 968 936 935
3 968 962 961
3 968 961 967
3 968 935 962
3 969 921 922
3 969 963 921
3 970 963 969
3 970 964 963
3 971 965 964
3 971 964 970
3 972 966 965
3 972 965 971
3 973 967 966
3 973 966 972
3 974 937 936
3 974 938 937
3 974 936 968
3 974 967 973
3 974 968 967
3 975 922 923
3 975 925 926
3 975 969 922
3 975 923 925
3 976 975 926
3 976 970 969
3 976 969 975
3 977 926 927
3 977 976 926
3 977 971 970
3 977 970 976
3 978 927 928
3 978 972 971
3 978 973 972
3 978 977 927
3 978 971 977
3 979 928 929
3 979 929 930
3 979 974 973
3 979 978 928
3 979 973 978
3 980 938 974
3 980 979 930
3 980 974 979
3 980 930 938
3 1047 982 981
3 1047 981 989
3 1048 983 982
3 1048 982 1047
3 1049 984 983
3 1049 983 1048
3 1050 985 984
3 1050 984 1049
3 1051 986 985
3 1051 985 1050
3 1052 987 986
3 1052 988 987
3 1052 1022 988
3 1052 986 1051
3 1053 989 990
3 1053 1047 989
3 1054 1048 1047
3 1054 1047 1053
3 1055 1049 1048
3 1055 1048 1054
3 1056 1049 1055
3 1056 1050 1049
3 1057 1050 1056
3 1057 1051 1050
3 1058 1022 1052
3 1058 1052 1051
3 1058 1023 1022
3 1058 1051 1057
3 1059 990 991
3 1059 1053 990
3 1060 1054 1053
3 1060 1053 1059
3 1061 1055 1054
3 1061 1054 1060
3 1062 1055 1061
3 1062 1056 1055
3 1063 1057 1056
3 1063 1056 1062
3 1064 1024 1023
3 1064 1058 1057
3 1064 1023 1058
3 1064 1057 1063
3 1065 991 992
3 1065 1059 991
3 1066 1060 1059
3 1066 1059 1065
3 1067 1061 1060
3 1067 1060 1066
3 1068 1061 1067
3 1068 1062 1061
3 1069 1063 1062
3 1069 1062 1068
3 1070 1063 1069
3 1070 1025 1024
3 1070 1064 1063
3 1070 1024 1064
3 1071 992 993
3 1071 1065 992
3 1072 1065 1071
3 1072 1066 1065
3 1073 1066 1072
3 1073 1067 1066
3 1074 1067 1073
3 1074 1068 1067
3 1075 1068 1074
3 1075 1069 1068
3 1076 1069 1075
3 1076 1025 1070
3 1076 1026 1025
3 1076 1027 1026
3 1076 1070 1069
3 1077 993 994
3 1077 1071 993
3 1078 1071 1077
3 1078 1072 1071
3 1079 1072 1078
3 1079 1073 1072
3 1080 1073 1079
3 1080 1074 1073
3 1081 1074 1080
3 1081 1075 1074
3 1081 1076 1075
3 1082 1027 1076
3 1082 1076 1081
3 1083 994 995
3 1083 1077 994
3 1084 1078 1077
3 1084 1079 1078
3 1084 1077 1083
3 1085 1079 1084
3 1086 1080 1079
3 1086 1079 1085
3 1087 1080 1086
3 1087 1081 1080
3 1088 1027 1082
3 1088 1082 1081
3 1088 1081 1087
3 1088 1028 1027
3 1089 1083 995
3 1089 995 996
3 1089 996 997
3 1090 1084 1083
3 1090 1083 1089
3 1091 1084 1090
3 1091 1085 1084
3 1092 1086 1085
3 1092 1085 1091
3 1093 1086 1092
3 1093 1087 1086
3 1094 1029 1028
3 1094 1088 1087
3 1094 1028 1088
3 1094 1087 1093
3 1095 1089 997
3 1095 997 998
3 1096 1090 1089
3 1096 1091 1090
3 1096 1089 1095
3 1097 1091 1096
3 1098 1092 1091
3 1098 1091 1097
3 1099 1093 1092
3 1099 1092 1098
3 1100 1030 1029
3 1100 1029 1094
3 1100 1094 1093
3 1100 1093 1099
3 1101 1095 998
3 1102 1095 1101
3 1102 1096 1095
3 1103 1096 1102
3 1103 1097 1096
3 1103 1098 1097
3 1104 1098 1103
3 1105 1099 1098
3 1105 1098 1104
3 1106 1099 1105
3 1106 1031 1030
3 1106 1030 1100
3 1106 1100 1099
3 1107 998 999
3 1107 1101 998
3 1108 1101 1107
3 1108 1102 1101
3 1109 1102 1108
3 1109 1103 1102
3 1110 1104 1103
3 1110 1103 1109
3 1111 1105 1104
3 1111 1104 1110
3 1112 1105 1111
3 1112 1032 1031
3 1112 1031 1106
3 1112 1106 1105
3 1113 999 1000
3 1113 1107 999
3 1114 1107 1113
3 1114 1108 1107
3 1115 1109 1108
3 1115 1108 1114
3 1116 1110 1109
3 1116 1109 1115
3 1117 1110 1116
3 1117 1111 1110
3 1118 1112 1111
3 1118 1032 1112
3 1118 1111 1117
3 1118 1033 1032
3 1119 1000 1001
3 1119 1001 1002
3 1119 1113 1000
3 1120 1114 1113
3 1120 1113 1119
3 1121 1115 1114
3 1121 1114 1120
3 1122 1116 1115
3 1122 1115 1121
3 1123 1117 1116
3 1123 1116 1122
3 1124 1118 1117
3 1124 1033 1118
3 1124 1034 1033
3 1124 1117 1123
3 1125 1119 1002
3 1126 1119 1125
3 1126 1120 1119
3 1127 1121 1120
3 1127 1120 1126
3 1128 1123 1122
3 1128 1122 1121
3 1128 1121 1127
3 1129 1123 1128
3 1130 1035 1034
3 1130 1034 1124
3 1130 1124 1123
3 1130 1123 1129
3 1131 1002 1003
3 1131 1125 1002
3 1131 1126 1125
3 1132 1126 1131
3 1133 1127 1126
3 1133 1126 1132
3 1134 1127 1133
3 1134 1128 1127
3 1135 1129 1128
3 1135 1128 1134
3 1136 1036 1035
3 1136 1037 1036
3 1136 1035 1130
3 1136 1130 1129
3 1136 1129 1135
3 1137 1003 1004
3 1137 1131 1003
3 1137 1132 1131
3 1138 1132 1137
3 1139 1132 1138
3 1139 1133 1132
3 1140 1133 1139
3 1140 1134 1133
3 1141 1134 1140
3 1141 1135 1134
3 1142 1135 1141
3 1142 1037 1136
3 1142 1136 1135
3 1143 1004 1005
3 1143 1137 1004
3 1144 1137 1143
3 1144 1138 1137
3 1145 1138 1144
3 1145 1139 1138
3 1146 1140 1139
3 1146 1141 1140
3 1146 1139 1145
3 1147 1142 1141
3 1147 1141 1146
3 1148 1037 1142
3 1148 1038 1037
3 1148 1142 1147
3 1149 1005 1006
3 1149 1144 1143
3 1149 1143 1005
3 1150 1144 1149
3 1151 1145 1144
3 1151 1144 1150
3 1152 1146 1145
3 1152 1145 1151
3 1153 1147 1146
3 1153 1146 1152
3 1154 1147 1153
3 1154 1148 1147
3 1154 1038 1148
3 1154 1039 1038
3 1155 1006 1007
3 1155 1007 1008
3 1155 1149 1006
3 1156 1149 1155
3 1156 1150 1149
3 1157 1150 1156
3 1157 1151 1150
3 1158 1152 1151
3 1158 1151 1157
3 1159 1153 1152
3 1159 1152 1158
3 1160 1154 1153
3 1160 1039 1154
3 1160 1153 1159
3 1160 1040 1039
3 1161 1008 1009
3 1161 1155 1008
3 1161 1156 1155
3 1162 1156 1161
3 1163 1157 1156
3 1163 1156 1162
3 1164 1158 1157
3 1164 1159 1158
3 1164 1157 1163
3 1165 1159 1164
3 1165 1160 1159
3 1166 1041 1040
3 1166 1040 1160
3 1166 1160 1165
3 1167 1161 1009
3 1168 1161 1167
3 1168 1162 1161
3 1169 1162 1168
3 1169 1163 1162
3 1170 1164 1163
3 1170 1165 1164
3 1170 1163 1169
3 1171 1165 1170
3 1172 1042 1041
3 1172 1041 1166
3 1172 1166 1165
3 1172 1165 1171
3 1173 1009 1010
3 1173 1010 1011
3 1173 1167 1009
3 1174 1167 1173
3 1174 1168 1167
3 1175 1169 1168
3 1175 1168 1174
3 1176 1169 1175
3 1176 1170 1169
3 1177 1170 1176
3 1177 1171 1170
3 1178 1172 1171
3 1178 1171 1177
3 1178 1043 1042
3 1178 1042 1172
3 1179 1173 1011
3 1180 1173 1179
3 1180 1174 1173
3 1181 1175 1174
3 1181 1174 1180
3 1182 1176 1175
3 1182 1175 1181
3 1183 1177 1176
3 1183 1176 1182
3 1184 1043 1178
3 1184 1044 1043
3 1184 1177 1183
3 1184 1178 1177
3 1185 1011 1012
3 1185 1012 1013
3 1185 1179 1011
3 1186 1180 1179
3 1186 1179 1185
3 1187 1181 1180
3 1187 1180 1186
3 1188 1182 1181
3 1188 1181 1187
3 1189 1183 1182
3 1189 1182 1188
3 1190 1184 1183
3 1190 1044 1184
3 1190 1183 1189
3 1190 1045 1044
3 1191 1013 1014
3 1191 1014 1015
3 1191 1185 1013
3 1192 1186 1185
3 1192 1015 1016
3 1192 1187 1186
3 1192 1185 1191
3 1192 1191 1015
3 1193 1016 1017
3 1193 1017 1018
3 1193 1192 1016
3 1193 1187 1192
3 1194 1018 1019
3 1194 1188 1187
3 1194 1193 1018
3 1194 1187 1193
3 1195 1189 1188
3 1195 1190 1189
3 1195 1194 1019
3 1195 1188 1194
3 1196 1019 1020
3 1196 1020 1021
3 1196 1045 1190
3 1196 1046 1045
3 1196 1021 1046
3 1196 1195 1019
3 1196 1190 1195
3 1213 1204 1203
3 1212 1218 1211
3 1219 1199 1198
3 1220 1198 1197
3 1220 1219 1198
3 1221 1197 1205
3 1221 1220 1197
3 1222 1200 1199
3 1222 1199 1219
3 1222 1219 1220
3 1223 1205 1206
3 1223 1221 1205
3 1224 1220 1221
3 1224 1222 1220
3 1225 1201 1200
3 1225 1202 1201
3 1225 1200 1222
3 1226 1206 1207
3 1226 1223 1206
3 1227 1224 1221
3 1227 1221 1223
3 1228 1222 1224
3 1228 1225 1222
3 1229 1207 1208
3 1229 1223 1226
3 1229 1226 1207
3 1229 1227 1223
3 1230 1224 1227
3 1230 1228 1224
3 1231 1203 1202
3 1231 1214 1213
3 1231 1202 1225
3 1231 1225 1228
3 1231 1213 1203
3 1232 1227 1229
3 1232 1230 1227
3 1233 1215 1214
3 1233 1216 1215
3 1233 1214 1231
3 1233 1228 1230
3 1233 1231 1228
3 1234 1208 1209
3 1234 1209 1210
3 1234 1229 1208
3 1234 1232 1229
3 1235 1217 1216
3 1235 1216 1233
3 1235 1230 1232
3 1235 1233 1230
3 1236 1210 1211
3 1236 1218 1217
3 1236 1217 1235
3 1236 1211 1218
3 1236 1234 1210
3 1236 1232 1234
3 1236 1235 1232
3 1244 1252 1245
3 1242 1259 1243
3 1241 1258 1242
3 1240 1257 1241
3 1239 1256 1240
3 1238 1255 1239
3 1237 1254 1238
3 1266 1246 1247
3 1266 1260 1246
3 1267 1247 1248
3 1267 1260 1266
3 1267 1266 1247
3 1268 1248 1249
3 1268 1267 1248
3 1268 1260 1267
3 1269 1249 1250
3 1269 1268 1249
3 1269 1260 1268
3 1270 1250 1251
3 1270 1260 1269
3 1270 1269 1250
3 1271 1251 1252
3 1271 1252 1244
3 1271 1260 1270
3 1271 1270 1251
3 1272 1259 1260
3 1273 1259 1272
3 1273 1272 1260
3 1274 1259 1273
3 1274 1273 1260
3 1275 1274 1260
3 1275 1259 1274
3 1276 1259 1275
3 1276 1275 1260
3 1277 1244 1243
3 1277 1259 1276
3 1277 1271 1244
3 1277 1243 1259
3 1277 1276 1260
3 1277 1260 1271
3 1278 1258 1259
3 1279 1278 1259
3 1279 1258 1278
3 1280 1258 1279
3 1280 1279 1259
3 1281 1258 1280
3 1281 1280 1259
3 1282 1281 1259
3 1282 1242 1258
3 1282 1259 1242
3 1282 1258 1281
3 1283 1257 1258
3 1284 1283 1258
3 1284 1257 1283
3 1285 1284 1258
3 1285 1257 1284
3 1286 1285 1258
3 1286 1257 1285
3 1287 1286 1258
3 1287 1257 1286
3 1287 1241 1257
3 1287 1258 1241
3 1288 1256 1257
3 1289 1288 1257
3 1289 1256 1288
3 1290 1289 1257
3 1290 1256 1289
3 1291 1290 1257
3 1291 1256 1290
3 1292 1291 1257
3 1292 1256 1291
3 1292 1240 1256
3 1292 1257 1240
3 1293 1255 1256
3 1294 1293 1256
3 1294 1255 1293
3 1295 1294 1256
3 1295 1255 1294
3 1296 1295 1256
3 1296 1255 1295
3 1296 1239 1255
3 1296 1256 1239
3 1297 1254 1255
3 1298 1297 1255
3 1298 1254 1297
3 1299 1298 1255
3 1299 1254 1298
3 1300 1299 1255
3 1300 1254 1299
3 1300 1238 1254
3 1300 1255 1238
3 1301 1253 1254
3 1301 1264 1265
3 1301 1265 1253
3 1302 1263 1264
3 1302 1264 1301
3 1302 1301 1254
3 1303 1263 1302
3 1303 1302 1254
3 1304 1262 1263
3 1304 1263 1303
3 1304 1303 1254
3 1305 1261 1262
3 1305 1304 1254
3 1305 1262 1304
3 1306 1237 1261
3 1306 1305 1254
3 1306 1261 1305
3 1306 1254 1237
3 1307 1309 1308
3 1310 1309 1307
3 1327 1318 1317
3 1326 1332 1325
3 1333 1313 1312
3 1334 1312 1311
3 1334 1333 1312
3 1335 1311 1319
3 1335 1334 1311
3 1336 1314 1313
3 1336 1313 1333
3 1336 1333 1334
3 1337 1319 1320
3 1337 1335 1319
3 1338 1334 1335
3 1338 1336 1334
3 1339 1315 1314
3 1339 1316 1315
3 1339 1314 1336
3 1340 1320 1321
3 1340 1337 1320
3 1341 1338 1335
3 1341 1335 1337
3 1342 1336 1338
3 1342 1339 1336
3 1343 1321 1322
3 1343 1337 1340
3 1343 1340 1321
3 1343 1341 1337
3 1344 1338 1341
3 1344 1342 1338
3 1345 1317 1316
3 1345 1328 1327
3 1345 1316 1339
3 1345 1339 1342
3 1345 1327 1317
3 1346 1341 1343
3 1346 1344 1341
3 1347 1329 1328
3 1347 1328 1345
3 1347 1342 1344
3 1347 1345 1342
3 1348 1322 1323
3 1348 1323 1324
3 1348 1343 1322
3 1348 1346 1343
3 1349 1330 1329
3 1349 1331 1330
3 1349 1329 1347
3 1349 1344 1346
3 1349 1347 1344
3 1350 1324 1325
3 1350 1332 1331
3 1350 1325 1332
3 1350 1331 1349
3 1350 1348 1324
3 1350 1346 1348
3 1350 1349 1346
3 1351 1353 1352
3 1362 1353 1351
3 1363 1354 1353
3 1363 1353 1362
3 1364 1355 1354
3 1364 1354 1363
3 1365 1356 1355
3 1365 1357 1356
3 1365 1355 1364
3 1366 1358 1357
3 1366 1357 1365
3 1367 1358 1366
3 1368 1359 1358
3 1368 1360 1359
3 1368 1358 1367
3 1361 1360 1368
3 1369 1370 1371
3 1369 1371 1372
3 1369 1372 1373
3 1369 1373 1374
3 1369 1374 1375
3 1369 1375 1376
3 1377 1369 1376
3 1378 1369 1377
3 1381 1378 1379
3 1381 1379 1380
3 1383 1381 1382
3 1385 1383 1384
3 1385 1378 1381
3 1385 1381 1383
3 1386 1369 1378
3 1386 1378 1385
3 1410 1402 1401
3 1387 1416 1388
3 1417 1401 1400
3 1417 1410 1401
3 1418 1400 1399
3 1418 1417 1400
3 1419 1399 1398
3 1419 1418 1399
3 1420 1398 1397
3 1420 1419 1398
3 1421 1397 1396
3 1421 1420 1397
3 1421 1394 1420
3 1422 1395 1394
3 1422 1396 1395
3 1422 1394 1421
3 1422 1421 1396
3 1423 1409 1410
3 1423 1410 1417
3 1424 1423 1417
3 1424 1417 1418
3 1425 1424 1418
3 1425 1418 1419
3 1426 1419 1420
3 1426 1425 1419
3 1426 1420 1394
3 1427 1426 1394
3 1428 1394 1393
3 1428 1393 1427
3 1428 1427 1394
3 1429 1408 1409
3 1429 1409 1423
3 1430 1423 1424
3 1430 1429 1423
3 1431 1424 1425
3 1431 1430 1424
3 1432 1431 1425
3 1432 1425 1426
3 1433 1432 1426
3 1433 1426 1427
3 1433 1427 1393
3 1434 1392 1433
3 1434 1433 1393
3 1434 1393 1392
3 1435 1406 1407
3 1435 1407 1408
3 1435 1408 1429
3 1436 1435 1429
3 1436 1429 1430
3 1437 1430 1431
3 1437 1436 1430
3 1437 1431 1432
3 1438 1437 1432
3 1439 1438 1432
3 1439 1432 1433
3 1439 1433 1392
3 1440 1392 1391
3 1440 1391 1439
3 1440 1439 1392
3 1441 1406 1435
3 1442 1435 1436
3 1442 1441 1435
3 1443 1436 1437
3 1443 1442 1436
3 1444 1437 1438
3 1444 1443 1437
3 1444 1438 1439
3 1445 1439 1391
3 1445 1444 1439
3 1446 1391 1390
3 1446 1390 1445
3 1446 1445 1391
3 1447 1405 1406
3 1447 1406 1441
3 1447 1441 1442
3 1448 1447 1442
3 1449 1442 1443
3 1449 1448 1442
3 1450 1449 1443
3 1450 1443 1444
3 1451 1445 1390
3 1451 1444 1445
3 1451 1450 1444
3 1452 1390 1389
3 1452 1451 1390
3 1453 1403 1404
3 1453 1404 1405
3 1453 1411 1403
3 1453 1405 1447
3 1454 1447 1448
3 1454 1412 1411
3 1454 1453 1447
3 1454 1411 1453
3 1455 1413 1412
3 1455 1448 1449
3 1455 1454 1448
3 1455 1412 1454
3 1456 1414 1413
3 1456 1413 1455
3 1456 1449 1450
3 1456 1455 1449
3 1457 1415 1414
3 1457 1456 1450
3 1457 1450 1451
3 1457 1414 1456
3 1458 1389 1388
3 1458 1416 1415
3 1458 1452 1389
3 1458 1451 1452
3 1458 1415 1457
3 1458 1457 1451
3 1458 1388 1416
3 1459 1461 1460
3 1488 1461 1459
3 1489 1462 1461
3 1489 1463 1462
3 1489 1461 1488
3 1490 1463 1489
3 1491 1464 1463
3 1491 1463 1490
3 1492 1465 1464
3 1492 1466 1465
3 1492 1464 1491
3 1493 1466 1492
3 1494 1467 1466
3 1494 1468 1467
3 1494 1466 1493
3 1495 1469 1468
3 1495 1468 1494
3 1496 1469 1495
3 1497 1470 1469
3 1497 1469 1496
3 1498 1471 1470
3 1498 1472 1471
3 1498 1470 1497
3 1499 1472 1498
3 1500 1472 1499
3 1500 1473 1472
3 1500 1474 1473
3 1501 1474 1500
3 1502 1475 1474
3 1502 1474 1501
3 1503 1476 1475
3 1503 1477 1476
3 1503 1475 1502
3 1504 1477 1503
3 1505 1478 1477
3 1505 1479 1478
3 1505 1477 1504
3 1506 1480 1479
3 1506 1479 1505
3 1507 1480 1506
3 1508 1481 1480
3 1508 1480 1507
3 1509 1482 1481
3 1509 1481 1508
3 1510 1483 1482
3 1510 1482 1509
3 1511 1484 1483
3 1511 1483 1510
3 1512 1485 1484
3 1512 1484 1511
3 1487 1486 1485
3 1487 1485 1512
3 1523 1514 1513
3 1523 1513 1522
3 1524 1515 1514
3 1524 1514 1523
3 1525 1516 1515
3 1525 1515 1524
3 1526 1517 1516
3 1526 1516 1525
3 1527 1518 1517
3 1527 1517 1526
3 1528 1519 1518
3 1528 1518 1527
3 1521 1520 1519
3 1521 1519 1528
3 1529 1594 1530
3 1595 1556 1557
3 1595 1588 1556
3 1596 1557 1558
3 1596 1595 1557
3 1597 1558 1559
3 1597 1596 1558
3 1598 1597 1559
3 1598 1559 1560
3 1599 1560 1561
3 1599 1598 1560
3 1600 1555 1554
3 1600 1561 1562
3 1600 1562 1555
3 1600 1599 1561
3 1601 1588 1595
3 1601 1587 1588
3 1602 1601 1595
3 1602 1595 1596
3 1603 1596 1597
3 1603 1602 1596
3 1604 1597 1598
3 1604 1603 1597
3 1605 1598 1599
3 1605 1604 1598
3 1606 1554 1553
3 1606 1599 1600
3 1606 1600 1554
3 1606 1605 1599
3 1607 1587 1601
3 1607 1586 1587
3 1608 1601 1602
3 1608 1607 1601
3 1609 1608 1602
3 1609 1602 1603
3 1610 1609 1603
3 1610 1603 1604
3 1611 1604 1605
3 1611 1610 1604
3 1612 1553 1552
3 1612 1606 1553
3 1612 1611 1605
3 1612 1605 1606
3 1613 1584 1585
3 1613 1585 1586
3 1613 1586 1607
3 1614 1607 1608
3 1614 1613 1607
3 1615 1608 1609
3 1615 1614 1608
3 1616 1609 1610
3 1616 1615 1609
3 1617 1616 1610
3 1617 1610 1611
3 1618 1552 1551
3 1618 1617 1611
3 1618 1611 1612
3 1618 1612 1552
3 1619 1584 1613
3 1620 1619 1613
3 1620 1613 1614
3 1621 1620 1614
3 1621 1614 1615
3 1622 1615 1616
3 1622 1621 1615
3 1623 1622 1616
3 1623 1616 1617
3 1624 1623 1617
3 1624 1551 1550
3 1624 1617 1618
3 1624 1618 1551
3 1625 1584 1619
3 1625 1583 1584
3 1626 1619 1620
3 1626 1625 1619
3 1627 1626 1620
3 1627 1620 1621
3 1628 1627 1621
3 1628 1621 1622
3 1629 1622 1623
3 1629 1628 1622
3 1630 1629 1623
3 1630 1623 1624
3 1630 1624 1550
3 1630 1550 1549
3 1631 1583 1625
3 1631 1582 1583
3 1632 1631 1625
3 1632 1625 1626
3 1633 1632 1626
3 1633 1626 1627
3 1634 1627 1628
3 1634 1633 1627
3 1635 1628 1629
3 1635 1634 1628
3 1636 1549 1548
3 1636 1629 1630
3 1636 1630 1549
3 1636 1635 1629
3 1637 1582 1631
3 1637 1580 1581
3 1637 1581 1582
3 1638 1631 1632
3 1638 1637 1631
3 1639 1638 1632
3 1639 1632 1633
3 1640 1633 1634
3 1640 1639 1633
3 1641 1634 1635
3 1641 1640 1634
3 1642 1548 1547
3 1642 1636 1548
3 1642 1635 1636
3 1642 1641 1635
3 1643 1580 1637
3 1644 1637 1638
3 1644 1643 1637
3 1645 1644 1638
3 1645 1639 1640
3 1645 1638 1639
3 1646 1645 1640
3 1647 1640 1641
3 1647 1641 1642
3 1647 1646 1640
3 1648 1547 1546
3 1648 1642 1547
3 1648 1647 1642
3 1649 1580 1643
3 1649 1579 1580
3 1650 1649 1643
3 1650 1643 1644
3 1651 1644 1645
3 1651 1650 1644
3 1652 1645 1646
3 1652 1646 1647
3 1652 1651 1645
3 1653 1652 1647
3 1654 1653 1647
3 1654 1546 1545
3 1654 1648 1546
3 1654 1647 1648
3 1655 1579 1649
3 1655 1578 1579
3 1656 1655 1649
3 1656 1649 1650
3 1656 1650 1651
3 1657 1656 1651
3 1658 1651 1652
3 1658 1657 1651
3 1659 1652 1653
3 1659 1658 1652
3 1660 1654 1545
3 1660 1545 1544
3 1660 1659 1653
3 1660 1653 1654
3 1661 1578 1655
3 1661 1577 1578
3 1662 1661 1655
3 1662 1655 1656
3 1663 1656 1657
3 1663 1662 1656
3 1664 1663 1657
3 1664 1657 1658
3 1665 1664 1658
3 1665 1658 1659
3 1666 1544 1543
3 1666 1660 1544
3 1666 1659 1660
3 1666 1665 1659
3 1667 1577 1661
3 1667 1576 1577
3 1668 1661 1662
3 1668 1667 1661
3 1669 1668 1662
3 1669 1662 1663
3 1670 1663 1664
3 1670 1669 1663
3 1671 1664 1665
3 1671 1670 1664
3 1672 1543 1542
3 1672 1666 1543
3 1672 1665 1666
3 1672 1671 1665
3 1673 1576 1667
3 1673 1575 1576
3 1674 1667 1668
3 1674 1673 1667
3 1675 1668 1669
3 1675 1674 1668
3 1676 1675 1669
3 1676 1669 1670
3 1677 1670 1671
3 1677 1676 1670
3 1678 1542 1541
3 1678 1672 1542
3 1678 1671 1672
3 1678 1677 1671
3 1679 1574 1575
3 1679 1575 1673
3 1679 1673 1674
3 1680 1679 1674
3 1681 1674 1675
3 1681 1680 1674
3 1682 1675 1676
3 1682 1681 1675
3 1683 1676 1677
3 1683 1682 1676
3 1684 1541 1540
3 1684 1678 1541
3 1684 1677 1678
3 1684 1683 1677
3 1685 1573 1574
3 1685 1574 1679
3 1686 1679 1680
3 1686 1685 1679
3 1687 1686 1680
3 1687 1680 1681
3 1688 1687 1681
3 1688 1681 1682
3 1689 1688 1682
3 1689 1682 1683
3 1690 1689 1683
3 1690 1540 1539
3 1690 1684 1540
3 1690 1683 1684
3 1691 1572 1573
3 1691 1573 1685
3 1692 1691 1685
3 1692 1685 1686
3 1692 1686 1687
3 1693 1692 1687
3 1694 1693 1687
3 1694 1687 1688
3 1695 1688 1689
3 1695 1694 1688
3 1696 1689 1690
3 1696 1539 1538
3 1696 1695 1689
3 1696 1690 1539
3 1697 1570 1571
3 1697 1571 1572
3 1697 1572 1691
3 1698 1691 1692
3 1698 1697 1691
3 1699 1698 1692
3 1699 1692 1693
3 1700 1699 1693
3 1700 1693 1694
3 1701 1694 1695
3 1701 1700 1694
3 1702 1538 1537
3 1702 1696 1538
3 1702 1695 1696
3 1702 1701 1695
3 1703 1570 1697
3 1704 1697 1698
3 1704 1703 1697
3 1705 1704 1698
3 1705 1698 1699
3 1706 1699 1700
3 1706 1700 1701
3 1706 1705 1699
3 1707 1706 1701
3 1708 1537 1536
3 1708 1702 1537
3 1708 1701 1702
3 1708 1707 1701
3 1709 1569 1570
3 1709 1570 1703
3 1710 1703 1704
3 1710 1709 1703
3 1711 1704 1705
3 1711 1710 1704
3 1712 1705 1706
3 1712 1711 1705
3 1713 1706 1707
3 1713 1712 1706
3 1714 1536 1535
3 1714 1708 1536
3 1714 1707 1708
3 1714 1713 1707
3 1715 1568 1569
3 1715 1569 1709
3 1716 1709 1710
3 1716 1715 1709
3 1717 1710 1711
3 1717 1716 1710
3 1718 1717 1711
3 1718 1711 1712
3 1719 1712 1713
3 1719 1718 1712
3 1720 1535 1534
3 1720 1714 1535
3 1720 1713 1714
3 1720 1719 1713
3 1721 1566 1567
3 1721 1567 1568
3 1721 1568 1715
3 1722 1721 1715
3 1722 1715 1716
3 1723 1722 1716
3 1723 1716 1717
3 1724 1723 1717
3 1724 1717 1718
3 1725 1724 1718
3 1725 1718 1719
3 1726 1719 1720
3 1726 1534 1533
3 1726 1725 1719
3 1726 1720 1534
3 1727 1566 1721
3 1728 1721 1722
3 1728 1727 1721
3 1729 1722 1723
3 1729 1728 1722
3 1730 1723 1724
3 1730 1729 1723
3 1731 1730 1724
3 1731 1724 1725
3 1731 1725 1726
3 1732 1533 1532
3 1732 1726 1533
3 1732 1731 1726
3 1733 1566 1727
3 1733 1565 1566
3 1734 1733 1727
3 1734 1727 1728
3 1735 1734 1728
3 1735 1728 1729
3 1736 1729 1730
3 1736 1735 1729
3 1737 1736 1730
3 1737 1730 1731
3 1738 1532 1531
3 1738 1731 1732
3 1738 1737 1731
3 1738 1732 1532
3 1739 1563 1564
3 1739 1564 1565
3 1739 1565 1733
3 1739 1589 1563
3 1740 1733 1734
3 1740 1739 1733
3 1740 1590 1589
3 1740 1589 1739
3 1741 1734 1735
3 1741 1740 1734
3 1741 1591 1590
3 1741 1590 1740
3 1742 1735 1736
3 1742 1741 1735
3 1742 1592 1591
3 1742 1591 1741
3 1742 1593 1592
3 1743 1736 1737
3 1743 1737 1738
3 1743 1742 1736
3 1743 1593 1742
3 1744 1531 1530
3 1744 1738 1531
3 1744 1743 1738
3 1744 1594 1593
3 1744 1593 1743
3 1744 1530 1594
3 1794 1761 1762
3 1793 1762 1763
3 1793 1794 1762
3 1795 1760 1761
3 1795 1761 1794
3 1792 1763 1764
3 1792 1793 1763
3 1796 1759 1760
3 1796 1760 1795
3 1791 1764 1765
3 1791 1792 1764
3 1771 1758 1759
3 1771 1759 1796
3 1790 1791 1765
3 1766 1790 1765
3 1772 1757 1758
3 1772 1758 1771
3 1789 1790 1766
3 1773 1756 1757
3 1773 1757 1772
3 1767 1789 1766
3 1788 1789 1767
3 1774 1755 1756
3 1774 1756 1773
3 1768 1787 1788
3 1768 1788 1767
3 1754 1755 1774
3 1754 1774 1775
3 1769 1787 1768
3 1769 1786 1787
3 1753 1754 1775
3 1753 1775 1776
3 1770 1786 1769
3 1770 1785 1786
3 1752 1753 1776
3 1752 1776 1777
3 1745 1785 1770
3 1745 1784 1785
3 1751 1777 1778
3 1751 1752 1777
3 1746 1783 1784
3 1746 1784 1745
3 1750 1778 1779
3 1750 1779 1780
3 1750 1751 1778
3 1747 1783 1746
3 1747 1782 1783
3 1749 1750 1780
3 1748 1782 1747
3 1748 1780 1781
3 1748 1781 1782
3 1748 1749 1780
3 1863 1797 1798
3 1863 1805 1797
3 1864 1798 1799
3 1864 1863 1798
3 1865 1799 1800
3 1865 1864 1799
3 1866 1800 1801
3 1866 1865 1800
3 1867 1801 1802
3 1867 1866 1801
3 1868 1802 1803
3 1868 1803 1804
3 1868 1804 1838
3 1868 1867 1802
3 1869 1806 1805
3 1869 1805 1863
3 1870 1863 1864
3 1870 1869 1863
3 1871 1864 1865
3 1871 1870 1864
3 1872 1871 1865
3 1872 1865 1866
3 1873 1872 1866
3 1873 1866 1867
3 1874 1868 1838
3 1874 1867 1868
3 1874 1838 1839
3 1874 1873 1867
3 1875 1807 1806
3 1875 1806 1869
3 1876 1869 1870
3 1876 1875 1869
3 1877 1876 1870
3 1877 1870 1871
3 1878 1871 1872
3 1878 1877 1871
3 1879 1872 1873
3 1879 1878 1872
3 1880 1873 1874
3 1880 1839 1840
3 1880 1874 1839
3 1880 1879 1873
3 1881 1808 1807
3 1881 1807 1875
3 1882 1881 1875
3 1882 1875 1876
3 1883 1882 1876
3 1883 1876 1877
3 1884 1883 1877
3 1884 1877 1878
3 1885 1878 1879
3 1885 1884 1878
3 1886 1840 1841
3 1886 1885 1879
3 1886 1880 1840
3 1886 1879 1880
3 1887 1809 1808
3 1887 1808 1881
3 1888 1887 1881
3 1888 1881 1882
3 1889 1888 1882
3 1889 1882 1883
3 1890 1889 1883
3 1890 1883 1884
3 1891 1890 1884
3 1891 1884 1885
3 1892 1891 1885
3 1892 1885 1886
3 1892 1841 1842
3 1892 1886 1841
3 1893 1810 1809
3 1893 1809 1887
3 1894 1887 1888
3 1894 1893 1887
3 1895 1894 1888
3 1895 1888 1889
3 1896 1889 1890
3 1896 1895 1889
3 1897 1890 1891
3 1897 1896 1890
3 1898 1891 1892
3 1898 1892 1842
3 1898 1897 1891
3 1898 1842 1843
3 1899 1811 1810
3 1899 1810 1893
3 1900 1899 1893
3 1900 1893 1894
3 1901 1894 1895
3 1901 1900 1894
3 1902 1895 1896
3 1902 1901 1895
3 1903 1896 1897
3 1903 1902 1896
3 1904 1903 1897
3 1904 1897 1898
3 1904 1898 1843
3 1904 1843 1844
3 1905 1811 1899
3 1905 1812 1811
3 1905 1899 1900
3 1906 1905 1900
3 1907 1900 1901
3 1907 1906 1900
3 1908 1901 1902
3 1908 1907 1901
3 1909 1902 1903
3 1909 1908 1902
3 1910 1909 1903
3 1910 1903 1904
3 1910 1844 1845
3 1910 1904 1844
3 1911 1813 1812
3 1911 1812 1905
3 1912 1911 1905
3 1912 1905 1906
3 1912 1906 1907
3 1913 1912 1907
3 1914 1907 1908
3 1914 1913 1907
3 1915 1908 1909
3 1915 1914 1908
3 1916 1845 1846
3 1916 1909 1910
3 1916 1910 1845
3 1916 1915 1909
3 1917 1814 1813
3 1917 1813 1911
3 1918 1911 1912
3 1918 1917 1911
3 1919 1912 1913
3 1919 1913 1914
3 1919 1918 1912
3 1920 1919 1914
3 1921 1914 1915
3 1921 1920 1914
3 1922 1921 1915
3 1922 1846 1847
3 1922 1916 1846
3 1922 1915 1916
3 1923 1815 1814
3 1923 1814 1917
3 1923 1917 1918
3 1924 1923 1918
3 1925 1924 1918
3 1925 1918 1919
3 1926 1919 1920
3 1926 1925 1919
3 1927 1920 1921
3 1927 1926 1920
3 1927 1921 1922
3 1928 1927 1922
3 1928 1847 1848
3 1928 1922 1847
3 1929 1815 1923
3 1929 1816 1815
3 1930 1929 1923
3 1930 1923 1924
3 1931 1924 1925
3 1931 1930 1924
3 1932 1925 1926
3 1932 1931 1925
3 1933 1926 1927
3 1933 1932 1926
3 1934 1927 1928
3 1934 1928 1848
3 1934 1933 1927
3 1934 1848 1849
3 1935 1817 1816
3 1935 1816 1929
3 1936 1935 1929
3 1936 1929 1930
3 1936 1930 1931
3 1937 1936 1931
3 1938 1931 1932
3 1938 1937 1931
3 1939 1932 1933
3 1939 1938 1932
3 1940 1933 1934
3 1940 1934 1849
3 1940 1849 1850
3 1940 1939 1933
3 1941 1818 1817
3 1941 1819 1818
3 1941 1817 1935
3 1942 1941 1935
3 1942 1935 1936
3 1943 1942 1936
3 1943 1936 1937
3 1943 1937 1938
3 1944 1943 1938
3 1945 1938 1939
3 1945 1944 1938
3 1946 1850 1851
3 1946 1851 1852
3 1946 1940 1850
3 1946 1939 1940
3 1946 1945 1939
3 1947 1819 1941
3 1948 1941 1942
3 1948 1947 1941
3 1948 1942 1943
3 1949 1948 1943
3 1950 1943 1944
3 1950 1949 1943
3 1951 1950 1944
3 1951 1944 1945
3 1951 1945 1946
3 1952 1946 1852
3 1952 1951 1946
3 1953 1820 1819
3 1953 1821 1820
3 1953 1819 1947
3 1954 1947 1948
3 1954 1953 1947
3 1955 1948 1949
3 1955 1954 1948
3 1956 1955 1949
3 1956 1949 1950
3 1957 1956 1950
3 1957 1950 1951
3 1958 1957 1951
3 1958 1852 1853
3 1958 1952 1852
3 1958 1951 1952
3 1959 1822 1821
3 1959 1821 1953
3 1960 1959 1953
3 1960 1953 1954
3 1961 1954 1955
3 1961 1960 1954
3 1962 1955 1956
3 1962 1961 1955
3 1963 1956 1957
3 1963 1962 1956
3 1964 1957 1958
3 1964 1958 1853
3 1964 1853 1854
3 1964 1963 1957
3 1965 1822 1959
3 1966 1959 1960
3 1966 1960 1961
3 1966 1965 1959
3 1967 1966 1961
3 1968 1961 1962
3 1968 1967 1961
3 1969 1962 1963
3 1969 1963 1964
3 1969 1968 1962
3 1970 1969 1964
3 1970 1964 1854
3 1970 1854 1855
3 1971 1823 1822
3 1971 1822 1965
3 1972 1965 1966
3 1972 1966 1967
3 1972 1971 1965
3 1973 1972 1967
3 1974 1967 1968
3 1974 1973 1967
3 1975 1974 1968
3 1975 1968 1969
3 1976 1969 1970
3 1976 1970 1855
3 1976 1975 1969
3 1976 1855 1856
3 1976 1856 1857
3 1977 1824 1823
3 1977 1823 1971
3 1978 1977 1971
3 1978 1971 1972
3 1979 1972 1973
3 1979 1978 1972
3 1980 1973 1974
3 1980 1979 1973
3 1981 1974 1975
3 1981 1975 1976
3 1981 1980 1974
3 1982 1976 1857
3 1982 1981 1976
3 1983 1825 1824
3 1983 1826 1825
3 1983 1824 1977
3 1984 1983 1977
3 1984 1977 1978
3 1984 1978 1979
3 1985 1984 1979
3 1986 1979 1980
3 1986 1985 1979
3 1987 1980 1981
3 1987 1986 1980
3 1988 1857 1858
3 1988 1982 1857
3 1988 1981 1982
3 1988 1987 1981
3 1989 1983 1984
3 1989 1826 1983
3 1990 1989 1984
3 1991 1990 1984
3 1991 1984 1985
3 1992 1991 1985
3 1992 1985 1986
3 1993 1992 1986
3 1993 1986 1987
3 1994 1987 1988
3 1994 1993 1987
3 1994 1858 1859
3 1994 1988 1858
3 1995 1827 1826
3 1995 1828 1827
3 1995 1989 1990
3 1995 1826 1989
3 1996 1995 1990
3 1997 1990 1991
3 1997 1996 1990
3 1998 1991 1992
3 1998 1997 1991
3 1999 1992 1993
3 1999 1998 1992
3 2000 1999 1993
3 2000 1994 1859
3 2000 1859 1860
3 2000 1993 1994
3 2000 1860 1861
3 2001 1828 1995
3 2002 2001 1995
3 2002 1995 1996
3 2003 1996 1997
3 2003 1997 1998
3 2003 2002 1996
3 2004 2003 1998
3 2004 1998 1999
3 2005 2004 1999
3 2006 1999 2000
3 2006 2000 1861
3 2006 1861 1862
3 2006 2005 1999
3 2007 1828 2001
3 2007 1829 1828
3 2007 1830 1829
3 2007 1831 1830
3 2007 2001 2002
3 2008 1832 1831
3 2008 2007 2002
3 2008 1831 2007
3 2009 1833 1832
3 2009 2003 2004
3 2009 2002 2003
3 2009 1832 2008
3 2009 2008 2002
3 2010 1834 1833
3 2010 1835 1834
3 2010 2004 2005
3 2010 1833 2009
3 2010 2009 2004
3 2011 1835 2010
3 2011 2010 2005
3 2012 1836 1835
3 2012 1837 1836
3 2012 2005 2006
3 2012 2006 1862
3 2012 1862 1837
3 2012 1835 2011
3 2012 2011 2005
3 2038 2039 2040
3 2038 2040 2066
3 2037 2066 2065
3 2037 2038 2066
3 2036 2065 2064
3 2036 2037 2065
3 2035 2064 2063
3 2035 2036 2064
3 2034 2063 2062
3 2034 2035 2063
3 2033 2061 2060
3 2033 2062 2061
3 2033 2034 2062
3 2032 2033 2060
3 2031 2059 2058
3 2031 2060 2059
3 2031 2032 2060
3 2030 2031 2058
3 2029 2030 2058
3 2029 2058 2057
3 2028 2029 2057
3 2028 2057 2056
3 2027 2028 2056
3 2027 2056 2055
3 2026 2027 2055
3 2026 2055 2054
3 2025 2026 2054
3 2025 2054 2053
3 2024 2025 2053
3 2024 2053 2052
3 2023 2024 2052
3 2023 2052 2051
3 2022 2023 2051
3 2022 2051 2050
3 2021 2022 2050
3 2021 2050 2049
3 2020 2049 2048
3 2020 2021 2049
3 2019 2020 2048
3 2019 2047 2046
3 2019 2048 2047
3 2018 2019 2046
3 2017 2018 2046
3 2017 2046 2045
3 2016 2045 2044
3 2016 2017 2045
3 2015 2043 2042
3 2015 2044 2043
3 2015 2016 2044
3 2014 2015 2042
3 2013 2042 2041
3 2013 2014 2042
3 2092 2091 2090
3 2087 2089 2088
3 2087 2090 2089
3 2086 2090 2087
3 2084 2086 2085
3 2084 2090 2086
3 2082 2084 2083
3 2082 2092 2090
3 2082 2090 2084
3 2073 2071 2070
3 2073 2072 2071
3 2080 2082 2081
3 2080 2067 2092
3 2080 2092 2082
3 2079 2068 2067
3 2079 2067 2080
3 2078 2069 2068
3 2078 2068 2079
3 2076 2075 2074
3 2077 2070 2069
3 2077 2074 2073
3 2077 2073 2070
3 2077 2076 2074
3 2077 2069 2078
