ply
format ascii 1.0
comment generated by blendit.inference.finetune_visualize
element vertex 1831
property float x
property float y
property float z
property uchar red
property uchar green
property uchar blue
element face 2289
property list uchar int vertex_indices
end_header
-1.11022302e-16 53.405087 0.553158446 218 222 230
-1.11022302e-16 53.405087 70.0123461 218 222 230
-1.11022302e-16 0.553158446 70.0123461 218 222 230
-1.11022302e-16 0.553158446 0.553158446 218 222 230
0.553158446 53.9582455 70.0123461 255 79 163
0.430069112 53.9443766 70.0123461 255 79 163
0.313151991 53.9034656 70.0123461 255 79 163
0.208269796 53.8375637 70.0123461 255 79 163
0.120681758 53.7499757 70.0123461 255 79 163
0.0547799071 53.6450935 70.0123461 255 79 163
0.0138688371 53.5281764 70.0123461 255 79 163
-1.11022302e-16 53.405087 70.0123461 255 79 163
0.553158446 53.9582455 0.553158446 255 79 163
-1.11022302e-16 53.405087 0.553158446 255 79 163
0.0138688371 53.5281764 0.553158446 255 79 163
0.0547799071 53.6450935 0.553158446 255 79 163
0.120681758 53.7499757 0.553158446 255 79 163
0.208269796 53.8375637 0.553158446 255 79 163
0.313151991 53.9034656 0.553158446 255 79 163
0.430069112 53.9443766 0.553158446 255 79 163
0.553158446 53.405087 0 255 79 163
0.430069112 53.405087 0.0138688371 255 79 163
0.313151991 53.405087 0.0547799071 255 79 163
0.208269796 53.405087 0.120681758 255 79 163
0.120681758 53.405087 0.208269796 255 79 163
0.0547799071 53.405087 0.313151991 255 79 163
0.0138688371 53.405087 0.430069112 255 79 163
-1.11022302e-16 53.405087 0.553158446 255 79 163
0.553158446 0.553158446 -1.11022302e-16 255 79 163
-1.11022302e-16 0.553158446 0.553158446 255 79 163
0.0138688371 0.553158446 0.430069112 255 79 163
0.0547799071 0.553158446 0.313151991 255 79 163
0.120681758 0.553158446 0.208269796 255 79 163
0.208269796 0.553158446 0.120681758 255 79 163
0.313151991 0.553158446 0.0547799071 255 79 163
0.430069112 0.553158446 0.0138688371 255 79 163
0.553158446 0.553158446 70.5655045 255 79 163
0.430069112 0.553158446 70.5516357 255 79 163
0.313151991 0.553158446 70.5107246 255 79 163
0.208269796 0.553158446 70.4448227 255 79 163
0.120681758 0.553158446 70.3572347 255 79 163
0.0547799071 0.553158446 70.2523525 255 79 163
0.0138688371 0.553158446 70.1354354 255 79 163
-1.11022302e-16 0.553158446 70.0123461 255 79 163
0.553158446 53.405087 70.5655045 255 79 163
0.430069112 53.405087 70.5516357 255 79 163
0.313151991 53.405087 70.5107246 255 79 163
0.208269796 53.405087 70.4448227 255 79 163
0.120681758 53.405087 70.3572347 255 79 163
0.0547799071 53.405087 70.2523525 255 79 163
0.0138688371 53.405087 70.1354354 255 79 163
-1.11022302e-16 53.405087 70.0123461 255 79 163
0.553158446 0 0.553158446 255 79 163
0.430069112 0.0138688371 0.553158446 255 79 163
0.313151991 0.0547799071 0.553158446 255 79 163
0.208269796 0.120681758 0.553158446 255 79 163
0.120681758 0.208269796 0.553158446 255 79 163
0.0547799071 0.313151991 0.553158446 255 79 163
0.0138688371 0.430069112 0.553158446 255 79 163
-1.11022302e-16 0.553158446 0.553158446 255 79 163
0.553158446 -1.11022302e-16 70.0123461 255 79 163
-1.11022302e-16 0.553158446 70.0123461 255 79 163
0.0138688371 0.430069112 70.0123461 255 79 163
0.0547799071 0.313151991 70.0123461 255 79 163
0.120681758 0.208269796 70.0123461 255 79 163
0.208269796 0.120681758 70.0123461 255 79 163
0.313151991 0.0547799071 70.0123461 255 79 163
0.430069112 0.0138688371 70.0123461 255 79 163
-1.11022302e-16 53.405087 0.553158446 255 79 163
0.0138688371 53.5281764 0.553158446 255 79 163
0.0547799071 53.6450935 0.553158446 255 79 163
0.120681758 53.7499757 0.553158446 255 79 163
0.208269796 53.8375637 0.553158446 255 79 163
0.313151991 53.9034656 0.553158446 255 79 163
0.430069112 53.9443766 0.553158446 255 79 163
0.553158446 53.9582455 0.553158446 255 79 163
0.553158446 53.405087 0 255 79 163
0.553158446 53.5281764 0.0138688371 255 79 163
0.553158446 53.6450935 0.0547799071 255 79 163
0.553158446 53.7499757 0.120681758 255 79 163
0.553158446 53.8375637 0.208269796 255 79 163
0.553158446 53.9034656 0.313151991 255 79 163
0.553158446 53.9443766 0.430069112 255 79 163
0.553158446 53.405087 0 255 79 163
0.430069112 53.405087 0.0138688371 255 79 163
0.313151991 53.405087 0.0547799071 255 79 163
0.208269796 53.405087 0.120681758 255 79 163
0.120681758 53.405087 0.208269796 255 79 163
0.0547799071 53.405087 0.313151991 255 79 163
0.0138688371 53.405087 0.430069112 255 79 163
0.526418264 53.5739179 0.0270735014 255 79 163
0.475555416 53.5573915 0.0270735014 255 79 163
0.432288893 53.5259566 0.0270735014 255 79 163
0.452685162 53.714312 0.105643863 255 79 163
0.400853924 53.4826901 0.0270735014 255 79 163
0.362046903 53.6681295 0.105643863 255 79 163
0.483151741 53.847092 0.228020069 255 79 163
0.384327583 53.4318272 0.0270735014 255 79 163
0.290115973 53.5961986 0.105643863 255 79 163
0.349991076 53.8038254 0.228020069 255 79 163
0.243933474 53.5055603 0.105643863 255 79 163
0.236717849 53.7215276 0.228020069 255 79 163
0.390589257 53.9054235 0.382223085 255 79 163
0.154420032 53.6082544 0.228020069 255 79 163
0.243933474 53.8306987 0.382223085 255 79 163
0.11115351 53.4750937 0.228020069 255 79 163
0.127546785 53.714312 0.382223085 255 79 163
0.0528219313 53.5676562 0.382223085 255 79 163
0.553158446 53.9582455 70.0123461 255 79 163
0.430069112 53.9443766 70.0123461 255 79 163
0.313151991 53.9034656 70.0123461 255 79 163
0.208269796 53.8375637 70.0123461 255 79 163
0.120681758 53.7499757 70.0123461 255 79 163
0.0547799071 53.6450935 70.0123461 255 79 163
0.0138688371 53.5281764 70.0123461 255 79 163
-1.11022302e-16 53.405087 70.0123461 255 79 163
0.553158446 53.405087 70.5655045 255 79 163
0.430069112 53.405087 70.5516357 255 79 163
0.313151991 53.405087 70.5107246 255 79 163
0.208269796 53.405087 70.4448227 255 79 163
0.120681758 53.405087 70.3572347 255 79 163
0.0547799071 53.405087 70.2523525 255 79 163
0.0138688371 53.405087 70.1354354 255 79 163
0.553158446 53.405087 70.5655045 255 79 163
0.553158446 53.5281764 70.5516357 255 79 163
0.553158446 53.6450935 70.5107246 255 79 163
0.553158446 53.7499757 70.4448227 255 79 163
0.553158446 53.8375637 70.3572347 255 79 163
0.553158446 53.9034656 70.2523525 255 79 163
0.553158446 53.9443766 70.1354354 255 79 163
0.384327583 53.4318272 70.538431 255 79 163
0.400853924 53.4826901 70.538431 255 79 163
0.432288893 53.5259566 70.538431 255 79 163
0.243933474 53.5055603 70.4598606 255 79 163
0.475555416 53.5573915 70.538431 255 79 163
0.290115973 53.5961986 70.4598606 255 79 163
0.11115351 53.4750937 70.3374844 255 79 163
0.526418264 53.5739179 70.538431 255 79 163
0.362046903 53.6681295 70.4598606 255 79 163
0.154420032 53.6082544 70.3374844 255 79 163
0.452685162 53.714312 70.4598606 255 79 163
0.236717849 53.7215276 70.3374844 255 79 163
0.0528219313 53.5676562 70.1832814 255 79 163
0.349991076 53.8038254 70.3374844 255 79 163
0.127546785 53.714312 70.1832814 255 79 163
0.483151741 53.847092 70.3374844 255 79 163
0.243933474 53.8306987 70.1832814 255 79 163
0.390589257 53.9054235 70.1832814 255 79 163
0.553158446 53.9582455 0.553158446 218 222 230
0.553158446 53.9582455 70.0123461 218 222 230
44.8874402 53.9582455 70.0123461 218 222 230
44.8874402 53.9582455 0.553158446 218 222 230
-1.11022302e-16 0.553158446 0.553158446 255 79 163
0.0138688371 0.553158446 0.430069112 255 79 163
0.0547799071 0.553158446 0.313151991 255 79 163
0.120681758 0.553158446 0.208269796 255 79 163
0.208269796 0.553158446 0.120681758 255 79 163
0.313151991 0.553158446 0.0547799071 255 79 163
0.430069112 0.553158446 0.0138688371 255 79 163
0.553158446 0.553158446 -1.11022302e-16 255 79 163
0.553158446 0 0.553158446 255 79 163
0.553158446 0.0138688371 0.430069112 255 79 163
0.553158446 0.0547799071 0.313151991 255 79 163
0.553158446 0.120681758 0.208269796 255 79 163
0.553158446 0.208269796 0.120681758 255 79 163
0.553158446 0.313151991 0.0547799071 255 79 163
0.553158446 0.430069112 0.0138688371 255 79 163
0.553158446 0 0.553158446 255 79 163
0.430069112 0.0138688371 0.553158446 255 79 163
0.313151991 0.0547799071 0.553158446 255 79 163
0.208269796 0.120681758 0.553158446 255 79 163
0.120681758 0.208269796 0.553158446 255 79 163
0.0547799071 0.313151991 0.553158446 255 79 163
0.0138688371 0.430069112 0.553158446 255 79 163
0.526418264 0.0270735014 0.384327583 255 79 163
0.475555416 0.0270735014 0.400853924 255 79 163
0.432288893 0.0270735014 0.432288893 255 79 163
0.452685162 0.105643863 0.243933474 255 79 163
0.400853924 0.0270735014 0.475555416 255 79 163
0.362046903 0.105643863 0.290115973 255 79 163
0.483151741 0.228020069 0.11115351 255 79 163
0.384327583 0.0270735014 0.526418264 255 79 163
0.290115973 0.105643863 0.362046903 255 79 163
0.349991076 0.228020069 0.154420032 255 79 163
0.243933474 0.105643863 0.452685162 255 79 163
0.236717849 0.228020069 0.236717849 255 79 163
0.390589257 0.382223085 0.0528219313 255 79 163
0.154420032 0.228020069 0.349991076 255 79 163
0.243933474 0.382223085 0.127546785 255 79 163
0.11115351 0.228020069 0.483151741 255 79 163
0.127546785 0.382223085 0.243933474 255 79 163
0.0528219313 0.382223085 0.390589257 255 79 163
44.8874402 14.3105711 -1.11022302e-16 218 222 230
22.7730705 14.3105711 0 218 222 230
44.8874402 53.405087 -1.11022302e-16 218 222 230
0.553158446 53.405087 0 218 222 230
0.553158446 0.553158446 -1.11022302e-16 218 222 230
21.6667536 0.553158446 0 218 222 230
21.6667536 13.2042542 0 218 222 230
22.5268918 14.2828335 0 218 222 230
22.2930575 14.2010113 0 218 222 230
22.0832932 14.0692076 0 218 222 230
21.9081171 13.8940315 0 218 222 230
21.7763134 13.6842672 0 218 222 230
21.6944912 13.4504329 0 218 222 230
-1.11022302e-16 0.553158446 70.0123461 255 79 163
0.0138688371 0.430069112 70.0123461 255 79 163
0.0547799071 0.313151991 70.0123461 255 79 163
0.120681758 0.208269796 70.0123461 255 79 163
0.208269796 0.120681758 70.0123461 255 79 163
0.313151991 0.0547799071 70.0123461 255 79 163
0.430069112 0.0138688371 70.0123461 255 79 163
0.553158446 -1.11022302e-16 70.0123461 255 79 163
0.553158446 0.553158446 70.5655045 255 79 163
0.553158446 0.430069112 70.5516357 255 79 163
0.553158446 0.313151991 70.5107246 255 79 163
0.553158446 0.208269796 70.4448227 255 79 163
0.553158446 0.120681758 70.3572347 255 79 163
0.553158446 0.0547799071 70.2523525 255 79 163
0.553158446 0.0138688371 70.1354354 255 79 163
0.553158446 0.553158446 70.5655045 255 79 163
0.430069112 0.553158446 70.5516357 255 79 163
0.313151991 0.553158446 70.5107246 255 79 163
0.208269796 0.553158446 70.4448227 255 79 163
0.120681758 0.553158446 70.3572347 255 79 163
0.0547799071 0.553158446 70.2523525 255 79 163
0.0138688371 0.553158446 70.1354354 255 79 163
0.526418264 0.384327583 70.538431 255 79 163
0.475555416 0.400853924 70.538431 255 79 163
0.432288893 0.432288893 70.538431 255 79 163
0.452685162 0.243933474 70.4598606 255 79 163
0.400853924 0.475555416 70.538431 255 79 163
0.362046903 0.290115973 70.4598606 255 79 163
0.483151741 0.11115351 70.3374844 255 79 163
0.384327583 0.526418264 70.538431 255 79 163
0.290115973 0.362046903 70.4598606 255 79 163
0.349991076 0.154420032 70.3374844 255 79 163
0.243933474 0.452685162 70.4598606 255 79 163
0.236717849 0.236717849 70.3374844 255 79 163
0.390589257 0.0528219313 70.1832814 255 79 163
0.154420032 0.349991076 70.3374844 255 79 163
0.243933474 0.127546785 70.1832814 255 79 163
0.11115351 0.483151741 70.3374844 255 79 163
0.127546785 0.243933474 70.1832814 255 79 163
0.0528219313 0.390589257 70.1832814 255 79 163
0.553158446 53.405087 70.5655045 218 222 230
44.8874402 53.405087 70.5655045 218 222 230
0.553158446 0.553158446 70.5655045 218 222 230
44.8874402 0.553158446 70.5655045 218 222 230
0.553158446 0 0.553158446 218 222 230
0.553158446 -1.11022302e-16 70.0123461 218 222 230
44.8874402 -1.11022302e-16 70.0123461 218 222 230
44.8874402 0 53.1494195 218 222 230
22.7730705 0 53.1494195 218 222 230
21.6667536 0 52.0431026 218 222 230
21.6944912 0 52.2892813 218 222 230
21.7763134 0 52.5231155 218 222 230
21.9081171 0 52.7328799 218 222 230
22.0832932 0 52.908056 218 222 230
22.2930575 0 53.0398597 218 222 230
22.5268918 0 53.1216818 218 222 230
21.6667536 -1.11022302e-16 0.553158446 218 222 230
31.9493401 0 66.6635846 218 222 230
32.3083231 0 66.7041502 218 222 230
32.4212466 0 66.7290755 218 222 230
32.5265201 0 66.7769342 218 222 230
32.6195428 0 66.8456347 218 222 230
32.6962491 0 66.9321744 218 222 230
32.7532866 0 67.0327711 218 222 230
32.8976472 0 67.3639423 218 222 230
32.8355349 0 67.9136025 218 222 230
32.8941355 0 67.8139082 218 222 230
32.9307279 0 67.7042087 218 222 230
32.943713 0 67.5892985 218 222 230
32.932523 0 67.4741995 218 222 230
32.6209126 0 68.204208 218 222 230
32.1138367 0 68.4252472 218 222 230
32.2294748 0 68.4261497 218 222 230
32.3427736 0 68.40299 218 222 230
32.4487813 0 68.3567802 218 222 230
32.5428649 0 68.28954 218 222 230
31.7548538 0 68.3846817 218 222 230
31.3098903 0 68.0560607 218 222 230
31.3669277 0 68.1566574 218 222 230
31.443634 0 68.2431972 218 222 230
31.5366567 0 68.3118977 218 222 230
31.6419303 0 68.3597564 218 222 230
31.1655296 0 67.7248896 218 222 230
31.227642 0 67.1752294 218 222 230
31.1690414 0 67.2749236 218 222 230
31.1324489 0 67.3846231 218 222 230
31.1194639 0 67.4995334 218 222 230
31.1306538 0 67.6146323 218 222 230
31.4422643 0 66.8846238 218 222 230
31.8337021 0 66.6626821 218 222 230
31.7204033 0 66.6858418 218 222 230
31.6143956 0 66.7320516 218 222 230
31.5203119 0 66.7992919 218 222 230
37.0379117 0 57.3895578 218 222 230
36.9891637 0 57.7910339 218 222 230
36.8457527 0 58.1691776 218 222 230
36.6160133 0 58.5020126 218 222 230
36.313297 0 58.7701958 218 222 230
35.9551967 0 58.9581414 218 222 230
35.5625237 0 59.0549266 218 222 230
35.158099 0 59.0549266 218 222 230
34.7654261 0 58.9581414 218 222 230
34.4073257 0 58.7701958 218 222 230
34.1046095 0 58.5020126 218 222 230
33.87487 0 58.1691776 218 222 230
33.731459 0 57.7910339 218 222 230
33.682711 0 57.3895578 218 222 230
33.682711 -1.11022302e-16 56.3895578 218 222 230
33.731459 0 55.9880818 218 222 230
33.87487 0 55.609938 218 222 230
34.1046095 0 55.277103 218 222 230
34.4073257 0 55.0089198 218 222 230
34.7654261 0 54.8209742 218 222 230
35.158099 0 54.724189 218 222 230
35.5625237 0 54.724189 218 222 230
35.9551967 0 54.8209742 218 222 230
36.313297 0 55.0089198 218 222 230
36.6160133 0 55.277103 218 222 230
36.8457527 0 55.609938 218 222 230
36.9891637 0 55.9880818 218 222 230
37.0379117 0 56.3895578 218 222 230
0.553158446 53.9582455 0.553158446 255 79 163
44.8874402 53.9582455 0.553158446 255 79 163
44.8874402 53.9443766 0.430069112 255 79 163
44.8874402 53.9034656 0.313151991 255 79 163
44.8874402 53.8375637 0.208269796 255 79 163
44.8874402 53.7499757 0.120681758 255 79 163
44.8874402 53.6450935 0.0547799071 255 79 163
44.8874402 53.5281764 0.0138688371 255 79 163
44.8874402 53.405087 -1.11022302e-16 255 79 163
0.553158446 53.405087 0 255 79 163
0.553158446 53.5281764 0.0138688371 255 79 163
0.553158446 53.6450935 0.0547799071 255 79 163
0.553158446 53.7499757 0.120681758 255 79 163
0.553158446 53.8375637 0.208269796 255 79 163
0.553158446 53.9034656 0.313151991 255 79 163
0.553158446 53.9443766 0.430069112 255 79 163
0.553158446 53.405087 70.5655045 255 79 163
44.8874402 53.405087 70.5655045 255 79 163
44.8874402 53.9582455 70.0123461 255 79 163
44.8874402 53.9443766 70.1354354 255 79 163
44.8874402 53.9034656 70.2523525 255 79 163
44.8874402 53.8375637 70.3572347 255 79 163
44.8874402 53.7499757 70.4448227 255 79 163
44.8874402 53.6450935 70.5107246 255 79 163
44.8874402 53.5281764 70.5516357 255 79 163
0.553158446 53.9582455 70.0123461 255 79 163
0.553158446 53.5281764 70.5516357 255 79 163
0.553158446 53.6450935 70.5107246 255 79 163
0.553158446 53.7499757 70.4448227 255 79 163
0.553158446 53.8375637 70.3572347 255 79 163
0.553158446 53.9034656 70.2523525 255 79 163
0.553158446 53.9443766 70.1354354 255 79 163
44.8874402 53.9582455 0.553158446 255 79 163
44.8874402 53.9582455 70.0123461 255 79 163
45.4405987 53.405087 70.0123461 255 79 163
45.4267298 53.5281764 70.0123461 255 79 163
45.3858188 53.6450935 70.0123461 255 79 163
45.3199169 53.7499757 70.0123461 255 79 163
45.2323289 53.8375637 70.0123461 255 79 163
45.1274467 53.9034656 70.0123461 255 79 163
45.0105296 53.9443766 70.0123461 255 79 163
45.4405987 53.405087 0.553158446 255 79 163
45.0105296 53.9443766 0.553158446 255 79 163
45.1274467 53.9034656 0.553158446 255 79 163
45.2323289 53.8375637 0.553158446 255 79 163
45.3199169 53.7499757 0.553158446 255 79 163
45.3858188 53.6450935 0.553158446 255 79 163
45.4267298 53.5281764 0.553158446 255 79 163
0.553158446 0 0.553158446 255 79 163
0.553158446 0.0138688371 0.430069112 255 79 163
0.553158446 0.0547799071 0.313151991 255 79 163
0.553158446 0.120681758 0.208269796 255 79 163
0.553158446 0.208269796 0.120681758 255 79 163
0.553158446 0.313151991 0.0547799071 255 79 163
0.553158446 0.430069112 0.0138688371 255 79 163
0.553158446 0.553158446 -1.11022302e-16 255 79 163
21.6667536 0.553158446 0 255 79 163
21.6667536 0.430069112 0.0138688371 255 79 163
21.6667536 0.313151991 0.0547799071 255 79 163
21.6667536 0.208269796 0.120681758 255 79 163
21.6667536 0.120681758 0.208269796 255 79 163
21.6667536 0.0547799071 0.313151991 255 79 163
21.6667536 0.0138688371 0.430069112 255 79 163
21.6667536 -1.11022302e-16 0.553158446 255 79 163
44.8874402 14.3105711 -1.11022302e-16 255 79 163
22.7730705 14.3105711 0 255 79 163
44.8874402 14.1874818 0.0138688371 255 79 163
44.8874402 14.0705647 0.0547799071 255 79 163
44.8874402 13.9656825 0.120681758 255 79 163
44.8874402 13.8780944 0.208269796 255 79 163
44.8874402 13.8121926 0.313151991 255 79 163
44.8874402 13.7712815 0.430069112 255 79 163
44.8874402 13.7574127 0.553158446 255 79 163
22.7730705 13.7574127 0.553158446 255 79 163
22.7730705 14.1874818 0.0138688371 255 79 163
22.7730705 14.0705647 0.0547799071 255 79 163
22.7730705 13.9656825 0.120681758 255 79 163
22.7730705 13.8780944 0.208269796 255 79 163
22.7730705 13.8121926 0.313151991 255 79 163
22.7730705 13.7712815 0.430069112 255 79 163
44.8874402 14.3105711 -1.11022302e-16 255 79 163
44.8874402 53.405087 -1.11022302e-16 255 79 163
45.4405987 53.405087 0.553158446 255 79 163
45.4267298 53.405087 0.430069112 255 79 163
45.3858188 53.405087 0.313151991 255 79 163
45.3199169 53.405087 0.208269796 255 79 163
45.2323289 53.405087 0.120681758 255 79 163
45.1274467 53.405087 0.0547799071 255 79 163
45.0105296 53.405087 0.0138688371 255 79 163
45.4405987 14.3105711 0.553158446 255 79 163
45.4267298 14.3105711 0.430069112 255 79 163
45.3858188 14.3105711 0.313151991 255 79 163
45.3199169 14.3105711 0.208269796 255 79 163
45.2323289 14.3105711 0.120681758 255 79 163
45.1274467 14.3105711 0.0547799071 255 79 163
45.0105296 14.3105711 0.0138688371 255 79 163
22.7730705 13.7574127 0.553158446 255 79 163
22.6499811 13.7435439 0.553158446 255 79 163
22.533064 13.7026328 0.553158446 255 79 163
22.4281818 13.6367309 0.553158446 255 79 163
22.3405938 13.5491429 0.553158446 255 79 163
22.2746919 13.4442607 0.553158446 255 79 163
22.2337809 13.3273436 0.553158446 255 79 163
22.219912 13.2042542 0.553158446 255 79 163
21.6667536 13.2042542 0 255 79 163
21.7898429 13.2042542 0.0138688371 255 79 163
21.90676 13.2042542 0.0547799071 255 79 163
22.0116422 13.2042542 0.120681758 255 79 163
22.0992303 13.2042542 0.208269796 255 79 163
22.1651321 13.2042542 0.313151991 255 79 163
22.2060432 13.2042542 0.430069112 255 79 163
22.7730705 14.3105711 0 255 79 163
22.5268918 14.2828335 0 255 79 163
22.2930575 14.2010113 0 255 79 163
22.0832932 14.0692076 0 255 79 163
21.9081171 13.8940315 0 255 79 163
21.7763134 13.6842672 0 255 79 163
21.6944912 13.4504329 0 255 79 163
22.7730705 14.1874818 0.0138688371 255 79 163
22.7730705 14.0705647 0.0547799071 255 79 163
22.7730705 13.9656825 0.120681758 255 79 163
22.7730705 13.8780944 0.208269796 255 79 163
22.7730705 13.8121926 0.313151991 255 79 163
22.7730705 13.7712815 0.430069112 255 79 163
21.8144945 13.423043 0.0138688371 255 79 163
21.9284802 13.3970264 0.0547799071 255 79 163
21.887213 13.6308607 0.0138688371 255 79 163
22.0307328 13.373688 0.120681758 255 79 163
21.9925517 13.5801323 0.0547799071 255 79 163
22.0043522 13.8172866 0.0138688371 255 79 163
22.1161248 13.3541978 0.208269796 255 79 163
22.0870473 13.5346256 0.120681758 255 79 163
22.0957617 13.74439 0.0547799071 255 79 163
22.1803744 13.3395333 0.313151991 255 79 163
22.1600381 13.9729725 0.0138688371 255 79 163
22.1659614 13.4966225 0.208269796 255 79 163
22.1777619 13.678997 0.120681758 255 79 163
22.2202597 13.3304297 0.430069112 255 79 163
22.2329347 13.881563 0.0547799071 255 79 163
22.2253369 13.4680288 0.313151991 255 79 163
22.346464 14.0901117 0.0138688371 255 79 163
22.246241 13.6243867 0.208269796 255 79 163
22.2983277 13.7995628 0.120681758 255 79 163
22.2621965 13.4502782 0.430069112 255 79 163
22.3971924 13.984773 0.0547799071 255 79 163
22.2977651 13.5832976 0.313151991 255 79 163
22.5542817 14.1628302 0.0138688371 255 79 163
22.352938 13.7310837 0.208269796 255 79 163
22.4426991 13.8902774 0.120681758 255 79 163
22.3297507 13.55779 0.430069112 255 79 163
22.5802983 14.0488445 0.0547799071 255 79 163
22.3940271 13.6795596 0.313151991 255 79 163
22.4807022 13.8113633 0.208269796 255 79 163
22.6036367 13.9465919 0.120681758 255 79 163
22.4195347 13.647574 0.430069112 255 79 163
22.5092959 13.7519878 0.313151991 255 79 163
22.6231269 13.8611999 0.208269796 255 79 163
22.5270465 13.7151282 0.430069112 255 79 163
22.6377914 13.7969503 0.313151991 255 79 163
22.646895 13.757065 0.430069112 255 79 163
21.6667536 0.553158446 0 255 79 163
21.6667536 13.2042542 0 255 79 163
21.7898429 13.2042542 0.0138688371 255 79 163
21.90676 13.2042542 0.0547799071 255 79 163
22.0116422 13.2042542 0.120681758 255 79 163
22.0992303 13.2042542 0.208269796 255 79 163
22.1651321 13.2042542 0.313151991 255 79 163
22.2060432 13.2042542 0.430069112 255 79 163
22.219912 13.2042542 0.553158446 255 79 163
22.219912 0.553158446 0.553158446 255 79 163
21.7898429 0.553158446 0.0138688371 255 79 163
21.90676 0.553158446 0.0547799071 255 79 163
22.0116422 0.553158446 0.120681758 255 79 163
22.0992303 0.553158446 0.208269796 255 79 163
22.1651321 0.553158446 0.313151991 255 79 163
22.2060432 0.553158446 0.430069112 255 79 163
0.553158446 -1.11022302e-16 70.0123461 255 79 163
44.8874402 -1.11022302e-16 70.0123461 255 79 163
44.8874402 0.0138688371 70.1354354 255 79 163
44.8874402 0.0547799071 70.2523525 255 79 163
44.8874402 0.120681758 70.3572347 255 79 163
44.8874402 0.208269796 70.4448227 255 79 163
44.8874402 0.313151991 70.5107246 255 79 163
44.8874402 0.430069112 70.5516357 255 79 163
44.8874402 0.553158446 70.5655045 255 79 163
0.553158446 0.553158446 70.5655045 255 79 163
0.553158446 0.430069112 70.5516357 255 79 163
0.553158446 0.313151991 70.5107246 255 79 163
0.553158446 0.208269796 70.4448227 255 79 163
0.553158446 0.120681758 70.3572347 255 79 163
0.553158446 0.0547799071 70.2523525 255 79 163
0.553158446 0.0138688371 70.1354354 255 79 163
45.4405987 0.553158446 70.0123461 255 79 163
45.4267298 0.553158446 70.1354354 255 79 163
45.3858188 0.553158446 70.2523525 255 79 163
45.3199169 0.553158446 70.3572347 255 79 163
45.2323289 0.553158446 70.4448227 255 79 163
45.1274467 0.553158446 70.5107246 255 79 163
45.0105296 0.553158446 70.5516357 255 79 163
44.8874402 0.553158446 70.5655045 255 79 163
45.4405987 53.405087 70.0123461 255 79 163
45.4267298 53.405087 70.1354354 255 79 163
45.3858188 53.405087 70.2523525 255 79 163
45.3199169 53.405087 70.3572347 255 79 163
45.2323289 53.405087 70.4448227 255 79 163
45.1274467 53.405087 70.5107246 255 79 163
45.0105296 53.405087 70.5516357 255 79 163
44.8874402 53.405087 70.5655045 255 79 163
31.9493401 0 66.6635846 218 222 230
32.3083231 0 66.7041502 218 222 230
31.9493401 46.4893672 66.6635846 218 222 230
32.3083231 46.4893672 66.7041502 218 222 230
31.9493401 0 66.6635846 255 79 163
31.8337021 0 66.6626821 255 79 163
31.7204033 0 66.6858418 255 79 163
31.6143956 0 66.7320516 255 79 163
31.5203119 0 66.7992919 255 79 163
31.4422643 0 66.8846238 255 79 163
31.4422643 46.4893672 66.8846238 255 79 163
31.9493401 46.4893672 66.6635846 255 79 163
31.8337021 46.4893672 66.6626821 255 79 163
31.7204033 46.4893672 66.6858418 255 79 163
31.6143956 46.4893672 66.7320516 255 79 163
31.5203119 46.4893672 66.7992919 255 79 163
32.3083231 0 66.7041502 255 79 163
32.3083231 46.4893672 66.7041502 255 79 163
32.4212466 46.4893672 66.7290755 255 79 163
32.5265201 46.4893672 66.7769342 255 79 163
32.6195428 46.4893672 66.8456347 255 79 163
32.6962491 46.4893672 66.9321744 255 79 163
32.7532866 46.4893672 67.0327711 255 79 163
32.7532866 0 67.0327711 255 79 163
32.4212466 0 66.7290755 255 79 163
32.5265201 0 66.7769342 255 79 163
32.6195428 0 66.8456347 255 79 163
32.6962491 0 66.9321744 255 79 163
31.227642 0 67.1752294 218 222 230
31.4422643 0 66.8846238 218 222 230
31.227642 46.4893672 67.1752294 218 222 230
31.4422643 46.4893672 66.8846238 218 222 230
32.7532866 0 67.0327711 218 222 230
32.8976472 0 67.3639423 218 222 230
32.7532866 46.4893672 67.0327711 218 222 230
32.8976472 46.4893672 67.3639423 218 222 230
31.227642 0 67.1752294 255 79 163
31.1690414 0 67.2749236 255 79 163
31.1324489 0 67.3846231 255 79 163
31.1194639 0 67.4995334 255 79 163
31.1306538 0 67.6146323 255 79 163
31.1655296 0 67.7248896 255 79 163
31.1655296 46.4893672 67.7248896 255 79 163
31.227642 46.4893672 67.1752294 255 79 163
31.1690414 46.4893672 67.2749236 255 79 163
31.1324489 46.4893672 67.3846231 255 79 163
31.1194639 46.4893672 67.4995334 255 79 163
31.1306538 46.4893672 67.6146323 255 79 163
32.8355349 0 67.9136025 218 222 230
32.8941355 0 67.8139082 218 222 230
32.9307279 0 67.7042087 218 222 230
32.943713 0 67.5892985 218 222 230
32.932523 0 67.4741995 218 222 230
32.8976472 0 67.3639423 218 222 230
32.8976472 46.4893672 67.3639423 218 222 230
32.8355349 46.4893672 67.9136025 218 222 230
32.8941355 46.4893672 67.8139082 218 222 230
32.9307279 46.4893672 67.7042087 218 222 230
32.943713 46.4893672 67.5892985 218 222 230
32.932523 46.4893672 67.4741995 218 222 230
31.3098903 0 68.0560607 218 222 230
31.1655296 0 67.7248896 218 222 230
31.3098903 46.4893672 68.0560607 218 222 230
31.1655296 46.4893672 67.7248896 218 222 230
32.8355349 0 67.9136025 218 222 230
32.6209126 0 68.204208 218 222 230
32.8355349 46.4893672 67.9136025 218 222 230
32.6209126 46.4893672 68.204208 218 222 230
31.3098903 0 68.0560607 218 222 230
31.3669277 0 68.1566574 218 222 230
31.443634 0 68.2431972 218 222 230
31.5366567 0 68.3118977 218 222 230
31.6419303 0 68.3597564 218 222 230
31.7548538 0 68.3846817 218 222 230
31.7548538 46.4893672 68.3846817 218 222 230
31.3098903 46.4893672 68.0560607 218 222 230
31.3669277 46.4893672 68.1566574 218 222 230
31.443634 46.4893672 68.2431972 218 222 230
31.5366567 46.4893672 68.3118977 218 222 230
31.6419303 46.4893672 68.3597564 218 222 230
32.1138367 0 68.4252472 218 222 230
32.2294748 0 68.4261497 218 222 230
32.3427736 0 68.40299 218 222 230
32.4487813 0 68.3567802 218 222 230
32.5428649 0 68.28954 218 222 230
32.6209126 0 68.204208 218 222 230
32.6209126 46.4893672 68.204208 218 222 230
32.1138367 46.4893672 68.4252472 218 222 230
32.2294748 46.4893672 68.4261497 218 222 230
32.3427736 46.4893672 68.40299 218 222 230
32.4487813 46.4893672 68.3567802 218 222 230
32.5428649 46.4893672 68.28954 218 222 230
32.1138367 0 68.4252472 218 222 230
31.7548538 0 68.3846817 218 222 230
32.1138367 46.4893672 68.4252472 218 222 230
31.7548538 46.4893672 68.3846817 218 222 230
37.0379117 0 57.3895578 255 79 163
36.9148224 0.0138688371 57.3895578 255 79 163
36.7979053 0.0547799071 57.3895578 255 79 163
36.6930231 0.120681758 57.3895578 255 79 163
36.605435 0.208269796 57.3895578 255 79 163
36.5395332 0.313151991 57.3895578 255 79 163
36.4986221 0.430069112 57.3895578 255 79 163
36.4847533 0.553158446 57.3895578 255 79 163
36.9891637 0 57.7910339 255 79 163
36.8457527 0 58.1691776 255 79 163
36.6160133 0 58.5020126 255 79 163
36.313297 0 58.7701958 255 79 163
35.9551967 0 58.9581414 255 79 163
35.5625237 0 59.0549266 255 79 163
35.158099 0 59.0549266 255 79 163
34.7654261 0 58.9581414 255 79 163
34.4073257 0 58.7701958 255 79 163
34.1046095 0 58.5020126 255 79 163
33.87487 0 58.1691776 255 79 163
33.731459 0 57.7910339 255 79 163
33.682711 0 57.3895578 255 79 163
33.8058003 0.0138688371 57.3895578 255 79 163
33.9227175 0.0547799071 57.3895578 255 79 163
34.0275997 0.120681758 57.3895578 255 79 163
34.1151877 0.208269796 57.3895578 255 79 163
34.1810895 0.313151991 57.3895578 255 79 163
34.2220006 0.430069112 57.3895578 255 79 163
34.2358695 0.553158446 57.3895578 255 79 163
36.452079 0.553158446 57.6586544 255 79 163
36.3559552 0.553158446 57.912112 255 79 163
36.2019682 0.553158446 58.1352007 255 79 163
35.9990672 0.553158446 58.3149554 255 79 163
35.759044 0.553158446 58.4409293 255 79 163
35.4958479 0.553158446 58.5058013 255 79 163
35.2247749 0.553158446 58.5058013 255 79 163
34.9615788 0.553158446 58.4409293 255 79 163
34.7215556 0.553158446 58.3149554 255 79 163
34.5186545 0.553158446 58.1352007 255 79 163
34.3646675 0.553158446 57.912112 255 79 163
34.2685437 0.553158446 57.6586544 255 79 163
36.8696511 0.0138688371 57.7615766 255 79 163
36.7561314 0.0547799071 57.7335965 255 79 163
36.6542969 0.120681758 57.7084966 255 79 163
36.7367625 0.0138688371 58.1119751 255 79 163
36.569254 0.208269796 57.6875354 255 79 163
36.6332376 0.0547799071 58.057641 255 79 163
36.5052671 0.313151991 57.6717641 255 79 163
36.540369 0.120681758 58.0088998 255 79 163
36.4655449 0.430069112 57.6619734 255 79 163
36.5238796 0.0138688371 58.4203893 255 79 163
36.4628136 0.208269796 57.9681956 255 79 163
36.4363659 0.0547799071 58.3428589 255 79 163
36.4044604 0.313151991 57.9375695 255 79 163
36.3578604 0.120681758 58.2733091 255 79 163
36.3682355 0.430069112 57.9185572 255 79 163
36.2433743 0.0138688371 58.6688953 255 79 163
36.2922998 0.208269796 58.2152275 255 79 163
36.1769578 0.0547799071 58.5726744 255 79 163
36.2429716 0.313151991 58.1715265 255 79 163
36.1173779 0.120681758 58.486358 255 79 163
36.2123492 0.430069112 58.1443975 255 79 163
35.9115486 0.0138688371 58.8430509 255 79 163
36.0676222 0.208269796 58.4142745 255 79 163
35.8700892 0.0547799071 58.7337315 255 79 163
36.0301857 0.313151991 58.3600383 255 79 163
35.8328975 0.120681758 58.6356649 255 79 163
36.0069456 0.430069112 58.3263692 255 79 163
35.547687 0.0138688371 58.9327347 255 79 163
35.8018383 0.208269796 58.5537687 255 79 163
35.5335942 0.0547799071 58.81667 255 79 163
35.7784692 0.313151991 58.4921494 255 79 163
35.520952 0.120681758 58.7125525 255 79 163
35.7639619 0.430069112 58.4538968 255 79 163
35.1729358 0.0138688371 58.9327347 255 79 163
35.5103944 0.208269796 58.6256031 255 79 163
35.1870286 0.0547799071 58.81667 255 79 163
35.5024509 0.313151991 58.5601818 255 79 163
35.1996707 0.120681758 58.7125525 255 79 163
35.4975196 0.430069112 58.519569 255 79 163
34.8090742 0.0138688371 58.8430509 255 79 163
35.2102283 0.208269796 58.6256031 255 79 163
34.8505335 0.0547799071 58.7337315 255 79 163
35.2181719 0.313151991 58.5601818 255 79 163
34.8877253 0.120681758 58.6356649 255 79 163
35.2231032 0.430069112 58.519569 255 79 163
34.4772485 0.0138688371 58.6688953 255 79 163
34.9187844 0.208269796 58.5537687 255 79 163
34.5436649 0.0547799071 58.5726744 255 79 163
34.9421535 0.313151991 58.4921494 255 79 163
34.6032448 0.120681758 58.486358 255 79 163
34.9566608 0.430069112 58.4538968 255 79 163
34.1967432 0.0138688371 58.4203893 255 79 163
34.6530005 0.208269796 58.4142745 255 79 163
34.2842569 0.0547799071 58.3428589 255 79 163
34.690437 0.313151991 58.3600383 255 79 163
34.3627623 0.120681758 58.2733091 255 79 163
34.7136772 0.430069112 58.3263692 255 79 163
33.9838602 0.0138688371 58.1119751 255 79 163
34.4283229 0.208269796 58.2152275 255 79 163
34.0873852 0.0547799071 58.057641 255 79 163
34.4776512 0.313151991 58.1715265 255 79 163
34.1802538 0.120681758 58.0088998 255 79 163
34.5082735 0.430069112 58.1443975 255 79 163
33.8509716 0.0138688371 57.7615766 255 79 163
34.2578091 0.208269796 57.9681956 255 79 163
33.9644913 0.0547799071 57.7335965 255 79 163
34.3161623 0.313151991 57.9375695 255 79 163
34.0663258 0.120681758 57.7084966 255 79 163
34.3523873 0.430069112 57.9185572 255 79 163
34.1513687 0.208269796 57.6875354 255 79 163
34.2153556 0.313151991 57.6717641 255 79 163
34.2550779 0.430069112 57.6619734 255 79 163
37.0379117 0 56.3895578 255 79 163
37.0379117 0 57.3895578 255 79 163
36.9148224 0.0138688371 57.3895578 255 79 163
36.7979053 0.0547799071 57.3895578 255 79 163
36.6930231 0.120681758 57.3895578 255 79 163
36.605435 0.208269796 57.3895578 255 79 163
36.5395332 0.313151991 57.3895578 255 79 163
36.4986221 0.430069112 57.3895578 255 79 163
36.4847533 0.553158446 57.3895578 255 79 163
36.4847533 0.553158446 56.3895578 255 79 163
36.9148224 0.0138688371 56.3895578 255 79 163
36.7979053 0.0547799071 56.3895578 255 79 163
36.6930231 0.120681758 56.3895578 255 79 163
36.605435 0.208269796 56.3895578 255 79 163
36.5395332 0.313151991 56.3895578 255 79 163
36.4986221 0.430069112 56.3895578 255 79 163
33.682711 0 57.3895578 255 79 163
33.682711 -1.11022302e-16 56.3895578 255 79 163
33.8058003 0.0138688371 56.3895578 255 79 163
33.9227175 0.0547799071 56.3895578 255 79 163
34.0275997 0.120681758 56.3895578 255 79 163
34.1151877 0.208269796 56.3895578 255 79 163
34.1810895 0.313151991 56.3895578 255 79 163
34.2220006 0.430069112 56.3895578 255 79 163
34.2358695 0.553158446 56.3895578 255 79 163
34.2358695 0.553158446 57.3895578 255 79 163
33.8058003 0.0138688371 57.3895578 255 79 163
33.9227175 0.0547799071 57.3895578 255 79 163
34.0275997 0.120681758 57.3895578 255 79 163
34.1151877 0.208269796 57.3895578 255 79 163
34.1810895 0.313151991 57.3895578 255 79 163
34.2220006 0.430069112 57.3895578 255 79 163
33.682711 -1.11022302e-16 56.3895578 255 79 163
33.8058003 0.0138688371 56.3895578 255 79 163
33.9227175 0.0547799071 56.3895578 255 79 163
34.0275997 0.120681758 56.3895578 255 79 163
34.1151877 0.208269796 56.3895578 255 79 163
34.1810895 0.313151991 56.3895578 255 79 163
34.2220006 0.430069112 56.3895578 255 79 163
34.2358695 0.553158446 56.3895578 255 79 163
33.731459 0 55.9880818 255 79 163
33.87487 0 55.609938 255 79 163
34.1046095 0 55.277103 255 79 163
34.4073257 0 55.0089198 255 79 163
34.7654261 0 54.8209742 255 79 163
35.158099 0 54.724189 255 79 163
35.5625237 0 54.724189 255 79 163
35.9551967 0 54.8209742 255 79 163
36.313297 0 55.0089198 255 79 163
36.6160133 0 55.277103 255 79 163
36.8457527 0 55.609938 255 79 163
36.9891637 0 55.9880818 255 79 163
37.0379117 0 56.3895578 255 79 163
36.9148224 0.0138688371 56.3895578 255 79 163
36.7979053 0.0547799071 56.3895578 255 79 163
36.6930231 0.120681758 56.3895578 255 79 163
36.605435 0.208269796 56.3895578 255 79 163
36.5395332 0.313151991 56.3895578 255 79 163
36.4986221 0.430069112 56.3895578 255 79 163
36.4847533 0.553158446 56.3895578 255 79 163
34.2685437 0.553158446 56.1204612 255 79 163
34.3646675 0.553158446 55.8670036 255 79 163
34.5186545 0.553158446 55.6439149 255 79 163
34.7215556 0.553158446 55.4641603 255 79 163
34.9615788 0.553158446 55.3381864 255 79 163
35.2247749 0.553158446 55.2733143 255 79 163
35.4958479 0.553158446 55.2733143 255 79 163
35.759044 0.553158446 55.3381864 255 79 163
35.9990672 0.553158446 55.4641603 255 79 163
36.2019682 0.553158446 55.6439149 255 79 163
36.3559552 0.553158446 55.8670036 255 79 163
36.452079 0.553158446 56.1204612 255 79 163
33.8509716 0.0138688371 56.017539 255 79 163
33.9644913 0.0547799071 56.0455191 255 79 163
34.0663258 0.120681758 56.070619 255 79 163
33.9838602 0.0138688371 55.6671405 255 79 163
34.1513687 0.208269796 56.0915802 255 79 163
34.0873852 0.0547799071 55.7214746 255 79 163
34.2153556 0.313151991 56.1073516 255 79 163
34.1802538 0.120681758 55.7702158 255 79 163
34.2550779 0.430069112 56.1171422 255 79 163
34.1967432 0.0138688371 55.3587263 255 79 163
34.2578091 0.208269796 55.81092 255 79 163
34.2842569 0.0547799071 55.4362567 255 79 163
34.3161623 0.313151991 55.8415461 255 79 163
34.3627623 0.120681758 55.5058065 255 79 163
34.3523873 0.430069112 55.8605584 255 79 163
34.4772485 0.0138688371 55.1102203 255 79 163
34.4283229 0.208269796 55.5638881 255 79 163
34.5436649 0.0547799071 55.2064412 255 79 163
34.4776512 0.313151991 55.6075891 255 79 163
34.6032448 0.120681758 55.2927576 255 79 163
34.5082735 0.430069112 55.6347182 255 79 163
34.8090742 0.0138688371 54.9360647 255 79 163
34.6530005 0.208269796 55.3648411 255 79 163
34.8505335 0.0547799071 55.0453842 255 79 163
34.690437 0.313151991 55.4190773 255 79 163
34.8877253 0.120681758 55.1434507 255 79 163
34.7136772 0.430069112 55.4527464 255 79 163
35.1729358 0.0138688371 54.8463809 255 79 163
34.9187844 0.208269796 55.2253469 255 79 163
35.1870286 0.0547799071 54.9624456 255 79 163
34.9421535 0.313151991 55.2869662 255 79 163
35.1996707 0.120681758 55.0665631 255 79 163
34.9566608 0.430069112 55.3252188 255 79 163
35.547687 0.0138688371 54.8463809 255 79 163
35.2102283 0.208269796 55.1535125 255 79 163
35.5335942 0.0547799071 54.9624456 255 79 163
35.2181719 0.313151991 55.2189338 255 79 163
35.520952 0.120681758 55.0665631 255 79 163
35.2231032 0.430069112 55.2595466 255 79 163
35.9115486 0.0138688371 54.9360647 255 79 163
35.5103944 0.208269796 55.1535125 255 79 163
35.8700892 0.0547799071 55.0453842 255 79 163
35.5024509 0.313151991 55.2189338 255 79 163
35.8328975 0.120681758 55.1434507 255 79 163
35.4975196 0.430069112 55.2595466 255 79 163
36.2433743 0.0138688371 55.1102203 255 79 163
35.8018383 0.208269796 55.2253469 255 79 163
36.1769578 0.0547799071 55.2064412 255 79 163
35.7784692 0.313151991 55.2869662 255 79 163
36.1173779 0.120681758 55.2927576 255 79 163
35.7639619 0.430069112 55.3252188 255 79 163
36.5238796 0.0138688371 55.3587263 255 79 163
36.0676222 0.208269796 55.3648411 255 79 163
36.4363659 0.0547799071 55.4362567 255 79 163
36.0301857 0.313151991 55.4190773 255 79 163
36.3578604 0.120681758 55.5058065 255 79 163
36.0069456 0.430069112 55.4527464 255 79 163
36.7367625 0.0138688371 55.6671405 255 79 163
36.2922998 0.208269796 55.5638881 255 79 163
36.6332376 0.0547799071 55.7214746 255 79 163
36.2429716 0.313151991 55.6075891 255 79 163
36.540369 0.120681758 55.7702158 255 79 163
36.2123492 0.430069112 55.6347182 255 79 163
36.8696511 0.0138688371 56.017539 255 79 163
36.4628136 0.208269796 55.81092 255 79 163
36.7561314 0.0547799071 56.0455191 255 79 163
36.4044604 0.313151991 55.8415461 255 79 163
36.6542969 0.120681758 56.070619 255 79 163
36.3682355 0.430069112 55.8605584 255 79 163
36.569254 0.208269796 56.0915802 255 79 163
36.5052671 0.313151991 56.1073516 255 79 163
36.4655449 0.430069112 56.1171422 255 79 163
21.6667536 0 52.0431026 255 79 163
21.6667536 -1.11022302e-16 0.553158446 255 79 163
22.219912 0.553158446 0.553158446 255 79 163
22.2060432 0.430069112 0.553158446 255 79 163
22.1651321 0.313151991 0.553158446 255 79 163
22.0992303 0.208269796 0.553158446 255 79 163
22.0116422 0.120681758 0.553158446 255 79 163
21.90676 0.0547799071 0.553158446 255 79 163
21.7898429 0.0138688371 0.553158446 255 79 163
22.219912 0.553158446 52.0431026 255 79 163
21.7898429 0.0138688371 52.0431026 255 79 163
21.90676 0.0547799071 52.0431026 255 79 163
22.0116422 0.120681758 52.0431026 255 79 163
22.0992303 0.208269796 52.0431026 255 79 163
22.1651321 0.313151991 52.0431026 255 79 163
22.2060432 0.430069112 52.0431026 255 79 163
44.8874402 0 53.1494195 255 79 163
45.0105296 0.0138688371 53.1494195 255 79 163
45.1274467 0.0547799071 53.1494195 255 79 163
45.2323289 0.120681758 53.1494195 255 79 163
45.3199169 0.208269796 53.1494195 255 79 163
45.3858188 0.313151991 53.1494195 255 79 163
45.4267298 0.430069112 53.1494195 255 79 163
45.4405987 0.553158446 53.1494195 255 79 163
45.4405987 0.553158446 70.0123461 255 79 163
45.4267298 0.430069112 70.0123461 255 79 163
45.3858188 0.313151991 70.0123461 255 79 163
45.3199169 0.208269796 70.0123461 255 79 163
45.2323289 0.120681758 70.0123461 255 79 163
45.1274467 0.0547799071 70.0123461 255 79 163
45.0105296 0.0138688371 70.0123461 255 79 163
44.8874402 -1.11022302e-16 70.0123461 255 79 163
22.219912 0.553158446 52.0431026 255 79 163
22.2337809 0.553158446 52.1661919 255 79 163
22.2746919 0.553158446 52.2831091 255 79 163
22.3405938 0.553158446 52.3879913 255 79 163
22.4281818 0.553158446 52.4755793 255 79 163
22.533064 0.553158446 52.5414811 255 79 163
22.6499811 0.553158446 52.5823922 255 79 163
22.7730705 0.553158446 52.5962611 255 79 163
22.7730705 0 53.1494195 255 79 163
22.7730705 0.0138688371 53.0263302 255 79 163
22.7730705 0.0547799071 52.909413 255 79 163
22.7730705 0.120681758 52.8045308 255 79 163
22.7730705 0.208269796 52.7169428 255 79 163
22.7730705 0.313151991 52.651041 255 79 163
22.7730705 0.430069112 52.6101299 255 79 163
21.6667536 0 52.0431026 255 79 163
21.6944912 0 52.2892813 255 79 163
21.7763134 0 52.5231155 255 79 163
21.9081171 0 52.7328799 255 79 163
22.0832932 0 52.908056 255 79 163
22.2930575 0 53.0398597 255 79 163
22.5268918 0 53.1216818 255 79 163
21.7898429 0.0138688371 52.0431026 255 79 163
21.90676 0.0547799071 52.0431026 255 79 163
22.0116422 0.120681758 52.0431026 255 79 163
22.0992303 0.208269796 52.0431026 255 79 163
22.1651321 0.313151991 52.0431026 255 79 163
22.2060432 0.430069112 52.0431026 255 79 163
22.5542817 0.0138688371 53.0016786 255 79 163
22.5802983 0.0547799071 52.8876928 255 79 163
22.346464 0.0138688371 52.92896 255 79 163
22.6036367 0.120681758 52.7854403 255 79 163
22.3971924 0.0547799071 52.8236213 255 79 163
22.1600381 0.0138688371 52.8118209 255 79 163
22.6231269 0.208269796 52.7000482 255 79 163
22.4426991 0.120681758 52.7291257 255 79 163
22.2329347 0.0547799071 52.7204114 255 79 163
22.6377914 0.313151991 52.6357987 255 79 163
22.0043522 0.0138688371 52.656135 255 79 163
22.4807022 0.208269796 52.6502117 255 79 163
22.2983277 0.120681758 52.6384112 255 79 163
22.646895 0.430069112 52.5959133 255 79 163
22.0957617 0.0547799071 52.5832383 255 79 163
22.5092959 0.313151991 52.5908361 255 79 163
21.887213 0.0138688371 52.4697091 255 79 163
22.352938 0.208269796 52.5699321 255 79 163
22.1777619 0.120681758 52.5178454 255 79 163
22.5270465 0.430069112 52.5539765 255 79 163
21.9925517 0.0547799071 52.4189806 255 79 163
22.3940271 0.313151991 52.518408 255 79 163
21.8144945 0.0138688371 52.2618913 255 79 163
22.246241 0.208269796 52.4632351 255 79 163
22.0870473 0.120681758 52.3734739 255 79 163
22.4195347 0.430069112 52.4864224 255 79 163
21.9284802 0.0547799071 52.2358748 255 79 163
22.2977651 0.313151991 52.422146 255 79 163
22.1659614 0.208269796 52.3354709 255 79 163
22.0307328 0.120681758 52.2125363 255 79 163
22.3297507 0.430069112 52.3966383 255 79 163
22.2253369 0.313151991 52.3068772 255 79 163
22.1161248 0.208269796 52.1930462 255 79 163
22.2621965 0.430069112 52.2891265 255 79 163
22.1803744 0.313151991 52.1783816 255 79 163
22.2202597 0.430069112 52.169278 255 79 163
44.8874402 0 53.1494195 255 79 163
22.7730705 0 53.1494195 255 79 163
22.7730705 0.0138688371 53.0263302 255 79 163
22.7730705 0.0547799071 52.909413 255 79 163
22.7730705 0.120681758 52.8045308 255 79 163
22.7730705 0.208269796 52.7169428 255 79 163
22.7730705 0.313151991 52.651041 255 79 163
22.7730705 0.430069112 52.6101299 255 79 163
22.7730705 0.553158446 52.5962611 255 79 163
44.8874402 0.553158446 52.5962611 255 79 163
44.8874402 0.0138688371 53.0263302 255 79 163
44.8874402 0.0547799071 52.909413 255 79 163
44.8874402 0.120681758 52.8045308 255 79 163
44.8874402 0.208269796 52.7169428 255 79 163
44.8874402 0.313151991 52.651041 255 79 163
44.8874402 0.430069112 52.6101299 255 79 163
45.4405987 53.405087 0.553158446 255 79 163
45.4267298 53.405087 0.430069112 255 79 163
45.3858188 53.405087 0.313151991 255 79 163
45.3199169 53.405087 0.208269796 255 79 163
45.2323289 53.405087 0.120681758 255 79 163
45.1274467 53.405087 0.0547799071 255 79 163
45.0105296 53.405087 0.0138688371 255 79 163
44.8874402 53.405087 -1.11022302e-16 255 79 163
44.8874402 53.9582455 0.553158446 255 79 163
44.8874402 53.9443766 0.430069112 255 79 163
44.8874402 53.9034656 0.313151991 255 79 163
44.8874402 53.8375637 0.208269796 255 79 163
44.8874402 53.7499757 0.120681758 255 79 163
44.8874402 53.6450935 0.0547799071 255 79 163
44.8874402 53.5281764 0.0138688371 255 79 163
44.8874402 53.9582455 0.553158446 255 79 163
45.0105296 53.9443766 0.553158446 255 79 163
45.1274467 53.9034656 0.553158446 255 79 163
45.2323289 53.8375637 0.553158446 255 79 163
45.3199169 53.7499757 0.553158446 255 79 163
45.3858188 53.6450935 0.553158446 255 79 163
45.4267298 53.5281764 0.553158446 255 79 163
44.9141804 53.931172 0.384327583 255 79 163
44.9650433 53.931172 0.400853924 255 79 163
45.0083098 53.931172 0.432288893 255 79 163
44.9879135 53.8526016 0.243933474 255 79 163
45.0397448 53.931172 0.475555416 255 79 163
45.0785518 53.8526016 0.290115973 255 79 163
44.9574469 53.7302254 0.11115351 255 79 163
45.0562711 53.931172 0.526418264 255 79 163
45.1504827 53.8526016 0.362046903 255 79 163
45.0906076 53.7302254 0.154420032 255 79 163
45.1966652 53.8526016 0.452685162 255 79 163
45.2038808 53.7302254 0.236717849 255 79 163
45.0500094 53.5760224 0.0528219313 255 79 163
45.2861786 53.7302254 0.349991076 255 79 163
45.1966652 53.5760224 0.127546785 255 79 163
45.3294452 53.7302254 0.483151741 255 79 163
45.3130519 53.5760224 0.243933474 255 79 163
45.3877767 53.5760224 0.390589257 255 79 163
44.8874402 53.9582455 70.0123461 255 79 163
44.8874402 53.9443766 70.1354354 255 79 163
44.8874402 53.9034656 70.2523525 255 79 163
44.8874402 53.8375637 70.3572347 255 79 163
44.8874402 53.7499757 70.4448227 255 79 163
44.8874402 53.6450935 70.5107246 255 79 163
44.8874402 53.5281764 70.5516357 255 79 163
44.8874402 53.405087 70.5655045 255 79 163
45.4405987 53.405087 70.0123461 255 79 163
45.4267298 53.405087 70.1354354 255 79 163
45.3858188 53.405087 70.2523525 255 79 163
45.3199169 53.405087 70.3572347 255 79 163
45.2323289 53.405087 70.4448227 255 79 163
45.1274467 53.405087 70.5107246 255 79 163
45.0105296 53.405087 70.5516357 255 79 163
45.4405987 53.405087 70.0123461 255 79 163
45.4267298 53.5281764 70.0123461 255 79 163
45.3858188 53.6450935 70.0123461 255 79 163
45.3199169 53.7499757 70.0123461 255 79 163
45.2323289 53.8375637 70.0123461 255 79 163
45.1274467 53.9034656 70.0123461 255 79 163
45.0105296 53.9443766 70.0123461 255 79 163
45.4135252 53.4318272 70.1811769 255 79 163
45.4135252 53.4826901 70.1646506 255 79 163
45.4135252 53.5259566 70.1332156 255 79 163
45.3349548 53.5055603 70.321571 255 79 163
45.4135252 53.5573915 70.0899491 255 79 163
45.3349548 53.5961986 70.2753885 255 79 163
45.2125786 53.4750937 70.454351 255 79 163
45.4135252 53.5739179 70.0390862 255 79 163
45.3349548 53.6681295 70.2034576 255 79 163
45.2125786 53.6082544 70.4110845 255 79 163
45.3349548 53.714312 70.1128193 255 79 163
45.2125786 53.7215276 70.3287867 255 79 163
45.0583756 53.5676562 70.5126826 255 79 163
45.2125786 53.8038254 70.2155134 255 79 163
45.0583756 53.714312 70.4379577 255 79 163
45.2125786 53.847092 70.0823528 255 79 163
45.0583756 53.8306987 70.321571 255 79 163
45.0583756 53.9054235 70.1749152 255 79 163
45.4405987 13.2042542 53.1494195 218 222 230
45.4405987 0.553158446 53.1494195 218 222 230
45.4405987 13.4504329 53.1216818 218 222 230
45.4405987 13.6842672 53.0398597 218 222 230
45.4405987 13.8940315 52.908056 218 222 230
45.4405987 14.0692076 52.7328799 218 222 230
45.4405987 14.2010113 52.5231155 218 222 230
45.4405987 14.2828335 52.2892813 218 222 230
45.4405987 14.3105711 52.0431026 218 222 230
45.4405987 14.3105711 0.553158446 218 222 230
45.4405987 53.405087 0.553158446 218 222 230
45.4405987 53.405087 70.0123461 218 222 230
45.4405987 0.553158446 70.0123461 218 222 230
22.219912 0.553158446 0.553158446 255 79 163
22.2060432 0.430069112 0.553158446 255 79 163
22.1651321 0.313151991 0.553158446 255 79 163
22.0992303 0.208269796 0.553158446 255 79 163
22.0116422 0.120681758 0.553158446 255 79 163
21.90676 0.0547799071 0.553158446 255 79 163
21.7898429 0.0138688371 0.553158446 255 79 163
21.6667536 -1.11022302e-16 0.553158446 255 79 163
21.6667536 0.553158446 0 255 79 163
21.6667536 0.430069112 0.0138688371 255 79 163
21.6667536 0.313151991 0.0547799071 255 79 163
21.6667536 0.208269796 0.120681758 255 79 163
21.6667536 0.120681758 0.208269796 255 79 163
21.6667536 0.0547799071 0.313151991 255 79 163
21.6667536 0.0138688371 0.430069112 255 79 163
21.6667536 0.553158446 0 255 79 163
21.7898429 0.553158446 0.0138688371 255 79 163
21.90676 0.553158446 0.0547799071 255 79 163
22.0116422 0.553158446 0.120681758 255 79 163
22.0992303 0.553158446 0.208269796 255 79 163
22.1651321 0.553158446 0.313151991 255 79 163
22.2060432 0.553158446 0.430069112 255 79 163
21.6934937 0.384327583 0.0270735014 255 79 163
21.7443566 0.400853924 0.0270735014 255 79 163
21.7876231 0.432288893 0.0270735014 255 79 163
21.7672269 0.243933474 0.105643863 255 79 163
21.8190581 0.475555416 0.0270735014 255 79 163
21.8578651 0.290115973 0.105643863 255 79 163
21.7367603 0.11115351 0.228020069 255 79 163
21.8355844 0.526418264 0.0270735014 255 79 163
21.929796 0.362046903 0.105643863 255 79 163
21.8699209 0.154420032 0.228020069 255 79 163
21.9759785 0.452685162 0.105643863 255 79 163
21.9831942 0.236717849 0.228020069 255 79 163
21.8293228 0.0528219313 0.382223085 255 79 163
22.065492 0.349991076 0.228020069 255 79 163
21.9759785 0.127546785 0.382223085 255 79 163
22.1087585 0.483151741 0.228020069 255 79 163
22.0923652 0.243933474 0.382223085 255 79 163
22.1670901 0.390589257 0.382223085 255 79 163
45.4405987 14.3105711 0.553158446 255 79 163
45.4267298 14.3105711 0.430069112 255 79 163
45.3858188 14.3105711 0.313151991 255 79 163
45.3199169 14.3105711 0.208269796 255 79 163
45.2323289 14.3105711 0.120681758 255 79 163
45.1274467 14.3105711 0.0547799071 255 79 163
45.0105296 14.3105711 0.0138688371 255 79 163
44.8874402 14.3105711 -1.11022302e-16 255 79 163
45.4405987 14.3105711 0.553158446 255 79 163
45.4267298 14.1874818 0.553158446 255 79 163
45.3858188 14.0705647 0.553158446 255 79 163
45.3199169 13.9656825 0.553158446 255 79 163
45.2323289 13.8780944 0.553158446 255 79 163
45.1274467 13.8121926 0.553158446 255 79 163
45.0105296 13.7712815 0.553158446 255 79 163
44.8874402 13.7574127 0.553158446 255 79 163
44.8874402 14.1874818 0.0138688371 255 79 163
44.8874402 14.0705647 0.0547799071 255 79 163
44.8874402 13.9656825 0.120681758 255 79 163
44.8874402 13.8780944 0.208269796 255 79 163
44.8874402 13.8121926 0.313151991 255 79 163
44.8874402 13.7712815 0.430069112 255 79 163
45.4135252 14.283831 0.384327583 255 79 163
45.4135252 14.2329681 0.400853924 255 79 163
45.4135252 14.1897016 0.432288893 255 79 163
45.3349548 14.2100978 0.243933474 255 79 163
45.4135252 14.1582666 0.475555416 255 79 163
45.3349548 14.1194596 0.290115973 255 79 163
45.2125786 14.2405644 0.11115351 255 79 163
45.4135252 14.1417403 0.526418264 255 79 163
45.3349548 14.0475287 0.362046903 255 79 163
45.2125786 14.1074038 0.154420032 255 79 163
45.3349548 14.0013462 0.452685162 255 79 163
45.2125786 13.9941305 0.236717849 255 79 163
45.0583756 14.1480019 0.0528219313 255 79 163
45.2125786 13.9118327 0.349991076 255 79 163
45.0583756 14.0013462 0.127546785 255 79 163
45.2125786 13.8685662 0.483151741 255 79 163
45.0583756 13.8849595 0.243933474 255 79 163
45.0583756 13.8102346 0.390589257 255 79 163
44.8874402 13.7574127 0.553158446 218 222 230
22.7730705 13.7574127 0.553158446 218 222 230
22.7730705 13.7574127 52.0431026 218 222 230
44.8874402 13.7574127 52.0431026 218 222 230
22.7730705 13.7574127 52.0431026 255 79 163
22.6499811 13.7435439 52.0431026 255 79 163
22.533064 13.7026328 52.0431026 255 79 163
22.4281818 13.6367309 52.0431026 255 79 163
22.3405938 13.5491429 52.0431026 255 79 163
22.2746919 13.4442607 52.0431026 255 79 163
22.2337809 13.3273436 52.0431026 255 79 163
22.219912 13.2042542 52.0431026 255 79 163
22.7730705 13.7574127 0.553158446 255 79 163
22.6499811 13.7435439 0.553158446 255 79 163
22.533064 13.7026328 0.553158446 255 79 163
22.4281818 13.6367309 0.553158446 255 79 163
22.3405938 13.5491429 0.553158446 255 79 163
22.2746919 13.4442607 0.553158446 255 79 163
22.2337809 13.3273436 0.553158446 255 79 163
22.219912 13.2042542 0.553158446 255 79 163
22.219912 13.2042542 52.0431026 218 222 230
22.219912 0.553158446 52.0431026 218 222 230
22.219912 0.553158446 0.553158446 218 222 230
22.219912 13.2042542 0.553158446 218 222 230
45.4405987 0.553158446 70.0123461 255 79 163
45.4267298 0.430069112 70.0123461 255 79 163
45.3858188 0.313151991 70.0123461 255 79 163
45.3199169 0.208269796 70.0123461 255 79 163
45.2323289 0.120681758 70.0123461 255 79 163
45.1274467 0.0547799071 70.0123461 255 79 163
45.0105296 0.0138688371 70.0123461 255 79 163
44.8874402 -1.11022302e-16 70.0123461 255 79 163
45.4405987 0.553158446 70.0123461 255 79 163
45.4267298 0.553158446 70.1354354 255 79 163
45.3858188 0.553158446 70.2523525 255 79 163
45.3199169 0.553158446 70.3572347 255 79 163
45.2323289 0.553158446 70.4448227 255 79 163
45.1274467 0.553158446 70.5107246 255 79 163
45.0105296 0.553158446 70.5516357 255 79 163
44.8874402 0.553158446 70.5655045 255 79 163
44.8874402 0.0138688371 70.1354354 255 79 163
44.8874402 0.0547799071 70.2523525 255 79 163
44.8874402 0.120681758 70.3572347 255 79 163
44.8874402 0.208269796 70.4448227 255 79 163
44.8874402 0.313151991 70.5107246 255 79 163
44.8874402 0.430069112 70.5516357 255 79 163
45.4135252 0.384327583 70.0390862 255 79 163
45.4135252 0.400853924 70.0899491 255 79 163
45.4135252 0.432288893 70.1332156 255 79 163
45.3349548 0.243933474 70.1128193 255 79 163
45.4135252 0.475555416 70.1646506 255 79 163
45.3349548 0.290115973 70.2034576 255 79 163
45.2125786 0.11115351 70.0823528 255 79 163
45.4135252 0.526418264 70.1811769 255 79 163
45.3349548 0.362046903 70.2753885 255 79 163
45.2125786 0.154420032 70.2155134 255 79 163
45.3349548 0.452685162 70.321571 255 79 163
45.2125786 0.236717849 70.3287867 255 79 163
45.0583756 0.0528219313 70.1749152 255 79 163
45.2125786 0.349991076 70.4110845 255 79 163
45.0583756 0.127546785 70.321571 255 79 163
45.2125786 0.483151741 70.454351 255 79 163
45.0583756 0.243933474 70.4379577 255 79 163
45.0583756 0.390589257 70.5126826 255 79 163
32.7532866 46.4893672 67.0327711 218 222 230
32.8976472 46.4893672 67.3639423 218 222 230
32.8355349 46.4893672 67.9136025 218 222 230
32.8941355 46.4893672 67.8139082 218 222 230
32.9307279 46.4893672 67.7042087 218 222 230
32.943713 46.4893672 67.5892985 218 222 230
32.932523 46.4893672 67.4741995 218 222 230
32.6209126 46.4893672 68.204208 218 222 230
32.1138367 46.4893672 68.4252472 218 222 230
32.2294748 46.4893672 68.4261497 218 222 230
32.3427736 46.4893672 68.40299 218 222 230
32.4487813 46.4893672 68.3567802 218 222 230
32.5428649 46.4893672 68.28954 218 222 230
31.7548538 46.4893672 68.3846817 218 222 230
31.3098903 46.4893672 68.0560607 218 222 230
31.3669277 46.4893672 68.1566574 218 222 230
31.443634 46.4893672 68.2431972 218 222 230
31.5366567 46.4893672 68.3118977 218 222 230
31.6419303 46.4893672 68.3597564 218 222 230
31.1655296 46.4893672 67.7248896 218 222 230
31.227642 46.4893672 67.1752294 218 222 230
31.1690414 46.4893672 67.2749236 218 222 230
31.1324489 46.4893672 67.3846231 218 222 230
31.1194639 46.4893672 67.4995334 218 222 230
31.1306538 46.4893672 67.6146323 218 222 230
31.4422643 46.4893672 66.8846238 218 222 230
31.9493401 46.4893672 66.6635846 218 222 230
31.8337021 46.4893672 66.6626821 218 222 230
31.7204033 46.4893672 66.6858418 218 222 230
31.6143956 46.4893672 66.7320516 218 222 230
31.5203119 46.4893672 66.7992919 218 222 230
32.3083231 46.4893672 66.7041502 218 222 230
32.4212466 46.4893672 66.7290755 218 222 230
32.5265201 46.4893672 66.7769342 218 222 230
32.6195428 46.4893672 66.8456347 218 222 230
32.6962491 46.4893672 66.9321744 218 222 230
36.4847533 0.553158446 57.3895578 218 222 230
36.4847533 2.89031196 57.3895578 218 222 230
36.452079 2.89031196 57.6586544 218 222 230
36.3559552 2.89031196 57.912112 218 222 230
36.2019682 2.89031196 58.1352007 218 222 230
35.9990672 2.89031196 58.3149554 218 222 230
35.759044 2.89031196 58.4409293 218 222 230
35.4958479 2.89031196 58.5058013 218 222 230
35.2247749 2.89031196 58.5058013 218 222 230
34.9615788 2.89031196 58.4409293 218 222 230
34.7215556 2.89031196 58.3149554 218 222 230
34.5186545 2.89031196 58.1352007 218 222 230
34.3646675 2.89031196 57.912112 218 222 230
34.2685437 2.89031196 57.6586544 218 222 230
34.2358695 2.89031196 57.3895578 218 222 230
34.2358695 0.553158446 57.3895578 218 222 230
36.452079 0.553158446 57.6586544 218 222 230
36.3559552 0.553158446 57.912112 218 222 230
36.2019682 0.553158446 58.1352007 218 222 230
35.9990672 0.553158446 58.3149554 218 222 230
35.759044 0.553158446 58.4409293 218 222 230
35.4958479 0.553158446 58.5058013 218 222 230
35.2247749 0.553158446 58.5058013 218 222 230
34.9615788 0.553158446 58.4409293 218 222 230
34.7215556 0.553158446 58.3149554 218 222 230
34.5186545 0.553158446 58.1352007 218 222 230
34.3646675 0.553158446 57.912112 218 222 230
34.2685437 0.553158446 57.6586544 218 222 230
36.4847533 0.553158446 56.3895578 218 222 230
36.4847533 2.89031196 56.3895578 218 222 230
36.4847533 2.89031196 57.3895578 218 222 230
36.4847533 0.553158446 57.3895578 218 222 230
34.2358695 0.553158446 57.3895578 218 222 230
34.2358695 2.89031196 57.3895578 218 222 230
34.2358695 2.89031196 56.3895578 218 222 230
34.2358695 0.553158446 56.3895578 218 222 230
34.2358695 0.553158446 56.3895578 218 222 230
34.2358695 2.89031196 56.3895578 218 222 230
34.2685437 2.89031196 56.1204612 218 222 230
34.3646675 2.89031196 55.8670036 218 222 230
34.5186545 2.89031196 55.6439149 218 222 230
34.7215556 2.89031196 55.4641603 218 222 230
34.9615788 2.89031196 55.3381864 218 222 230
35.2247749 2.89031196 55.2733143 218 222 230
35.4958479 2.89031196 55.2733143 218 222 230
35.759044 2.89031196 55.3381864 218 222 230
35.9990672 2.89031196 55.4641603 218 222 230
36.2019682 2.89031196 55.6439149 218 222 230
36.3559552 2.89031196 55.8670036 218 222 230
36.452079 2.89031196 56.1204612 218 222 230
36.4847533 2.89031196 56.3895578 218 222 230
36.4847533 0.553158446 56.3895578 218 222 230
34.2685437 0.553158446 56.1204612 218 222 230
34.3646675 0.553158446 55.8670036 218 222 230
34.5186545 0.553158446 55.6439149 218 222 230
34.7215556 0.553158446 55.4641603 218 222 230
34.9615788 0.553158446 55.3381864 218 222 230
35.2247749 0.553158446 55.2733143 218 222 230
35.4958479 0.553158446 55.2733143 218 222 230
35.759044 0.553158446 55.3381864 218 222 230
35.9990672 0.553158446 55.4641603 218 222 230
36.2019682 0.553158446 55.6439149 218 222 230
36.3559552 0.553158446 55.8670036 218 222 230
36.452079 0.553158446 56.1204612 218 222 230
44.8874402 0.553158446 52.5962611 255 79 163
45.0105296 0.553158446 52.6101299 255 79 163
45.1274467 0.553158446 52.651041 255 79 163
45.2323289 0.553158446 52.7169428 255 79 163
45.3199169 0.553158446 52.8045308 255 79 163
45.3858188 0.553158446 52.909413 255 79 163
45.4267298 0.553158446 53.0263302 255 79 163
45.4405987 0.553158446 53.1494195 255 79 163
44.8874402 0 53.1494195 255 79 163
45.0105296 0.0138688371 53.1494195 255 79 163
45.1274467 0.0547799071 53.1494195 255 79 163
45.2323289 0.120681758 53.1494195 255 79 163
45.3199169 0.208269796 53.1494195 255 79 163
45.3858188 0.313151991 53.1494195 255 79 163
45.4267298 0.430069112 53.1494195 255 79 163
44.8874402 0 53.1494195 255 79 163
44.8874402 0.0138688371 53.0263302 255 79 163
44.8874402 0.0547799071 52.909413 255 79 163
44.8874402 0.120681758 52.8045308 255 79 163
44.8874402 0.208269796 52.7169428 255 79 163
44.8874402 0.313151991 52.651041 255 79 163
44.8874402 0.430069112 52.6101299 255 79 163
45.0562711 0.0270735014 53.1226793 255 79 163
45.0397448 0.0270735014 53.0718165 255 79 163
45.0083098 0.0270735014 53.0285499 255 79 163
45.1966652 0.105643863 53.0489462 255 79 163
44.9650433 0.0270735014 52.997115 255 79 163
45.1504827 0.105643863 52.958308 255 79 163
45.3294452 0.228020069 53.0794128 255 79 163
44.9141804 0.0270735014 52.9805886 255 79 163
45.0785518 0.105643863 52.886377 255 79 163
45.2861786 0.228020069 52.9462521 255 79 163
44.9879135 0.105643863 52.8401945 255 79 163
45.2038808 0.228020069 52.8329789 255 79 163
45.3877767 0.382223085 52.9868503 255 79 163
45.0906076 0.228020069 52.7506811 255 79 163
45.3130519 0.382223085 52.8401945 255 79 163
44.9574469 0.228020069 52.7074146 255 79 163
45.1966652 0.382223085 52.7238078 255 79 163
45.0500094 0.382223085 52.649083 255 79 163
22.219912 0.553158446 52.0431026 255 79 163
22.2337809 0.553158446 52.1661919 255 79 163
22.2746919 0.553158446 52.2831091 255 79 163
22.3405938 0.553158446 52.3879913 255 79 163
22.4281818 0.553158446 52.4755793 255 79 163
22.533064 0.553158446 52.5414811 255 79 163
22.6499811 0.553158446 52.5823922 255 79 163
22.7730705 0.553158446 52.5962611 255 79 163
22.7730705 13.2042542 52.5962611 255 79 163
22.6499811 13.2042542 52.5823922 255 79 163
22.533064 13.2042542 52.5414811 255 79 163
22.4281818 13.2042542 52.4755793 255 79 163
22.3405938 13.2042542 52.3879913 255 79 163
22.2746919 13.2042542 52.2831091 255 79 163
22.2337809 13.2042542 52.1661919 255 79 163
22.219912 13.2042542 52.0431026 255 79 163
22.7730705 13.2042542 52.5962611 218 222 230
22.7730705 0.553158446 52.5962611 218 222 230
44.8874402 0.553158446 52.5962611 218 222 230
44.8874402 13.2042542 52.5962611 218 222 230
45.4405987 13.2042542 53.1494195 255 79 163
45.4267298 13.2042542 53.0263302 255 79 163
45.3858188 13.2042542 52.909413 255 79 163
45.3199169 13.2042542 52.8045308 255 79 163
45.2323289 13.2042542 52.7169428 255 79 163
45.1274467 13.2042542 52.651041 255 79 163
45.0105296 13.2042542 52.6101299 255 79 163
44.8874402 13.2042542 52.5962611 255 79 163
45.4405987 0.553158446 53.1494195 255 79 163
44.8874402 0.553158446 52.5962611 255 79 163
45.0105296 0.553158446 52.6101299 255 79 163
45.1274467 0.553158446 52.651041 255 79 163
45.2323289 0.553158446 52.7169428 255 79 163
45.3199169 0.553158446 52.8045308 255 79 163
45.3858188 0.553158446 52.909413 255 79 163
45.4267298 0.553158446 53.0263302 255 79 163
44.8874402 13.2042542 52.5962611 255 79 163
44.8874402 13.3273436 52.5823922 255 79 163
44.8874402 13.4442607 52.5414811 255 79 163
44.8874402 13.5491429 52.4755793 255 79 163
44.8874402 13.6367309 52.3879913 255 79 163
44.8874402 13.7026328 52.2831091 255 79 163
44.8874402 13.7435439 52.1661919 255 79 163
44.8874402 13.7574127 52.0431026 255 79 163
45.4405987 14.3105711 52.0431026 255 79 163
45.4267298 14.1874818 52.0431026 255 79 163
45.3858188 14.0705647 52.0431026 255 79 163
45.3199169 13.9656825 52.0431026 255 79 163
45.2323289 13.8780944 52.0431026 255 79 163
45.1274467 13.8121926 52.0431026 255 79 163
45.0105296 13.7712815 52.0431026 255 79 163
45.4405987 13.2042542 53.1494195 255 79 163
45.4405987 13.4504329 53.1216818 255 79 163
45.4405987 13.6842672 53.0398597 255 79 163
45.4405987 13.8940315 52.908056 255 79 163
45.4405987 14.0692076 52.7328799 255 79 163
45.4405987 14.2010113 52.5231155 255 79 163
45.4405987 14.2828335 52.2892813 255 79 163
45.4267298 13.2042542 53.0263302 255 79 163
45.3858188 13.2042542 52.909413 255 79 163
45.3199169 13.2042542 52.8045308 255 79 163
45.2323289 13.2042542 52.7169428 255 79 163
45.1274467 13.2042542 52.651041 255 79 163
45.0105296 13.2042542 52.6101299 255 79 163
45.4267298 14.1628302 52.2618913 255 79 163
45.3858188 14.0488445 52.2358748 255 79 163
45.4267298 14.0901117 52.4697091 255 79 163
45.3199169 13.9465919 52.2125363 255 79 163
45.3858188 13.984773 52.4189806 255 79 163
45.4267298 13.9729725 52.656135 255 79 163
45.2323289 13.8611999 52.1930462 255 79 163
45.3199169 13.8902774 52.3734739 255 79 163
45.3858188 13.881563 52.5832383 255 79 163
45.1274467 13.7969503 52.1783816 255 79 163
45.4267298 13.8172866 52.8118209 255 79 163
45.2323289 13.8113633 52.3354709 255 79 163
45.3199169 13.7995628 52.5178454 255 79 163
45.0105296 13.757065 52.169278 255 79 163
45.3858188 13.74439 52.7204114 255 79 163
45.1274467 13.7519878 52.3068772 255 79 163
45.4267298 13.6308607 52.92896 255 79 163
45.2323289 13.7310837 52.4632351 255 79 163
45.3199169 13.678997 52.6384112 255 79 163
45.0105296 13.7151282 52.2891265 255 79 163
45.3858188 13.5801323 52.8236213 255 79 163
45.1274467 13.6795596 52.422146 255 79 163
45.4267298 13.423043 53.0016786 255 79 163
45.2323289 13.6243867 52.5699321 255 79 163
45.3199169 13.5346256 52.7291257 255 79 163
45.0105296 13.647574 52.3966383 255 79 163
45.3858188 13.3970264 52.8876928 255 79 163
45.1274467 13.5832976 52.518408 255 79 163
45.2323289 13.4966225 52.6502117 255 79 163
45.3199169 13.373688 52.7854403 255 79 163
45.0105296 13.55779 52.4864224 255 79 163
45.1274467 13.4680288 52.5908361 255 79 163
45.2323289 13.3541978 52.7000482 255 79 163
45.0105296 13.4502782 52.5539765 255 79 163
45.1274467 13.3395333 52.6357987 255 79 163
45.0105296 13.3304297 52.5959133 255 79 163
45.4405987 14.3105711 0.553158446 255 79 163
45.4405987 14.3105711 52.0431026 255 79 163
45.4267298 14.1874818 52.0431026 255 79 163
45.3858188 14.0705647 52.0431026 255 79 163
45.3199169 13.9656825 52.0431026 255 79 163
45.2323289 13.8780944 52.0431026 255 79 163
45.1274467 13.8121926 52.0431026 255 79 163
45.0105296 13.7712815 52.0431026 255 79 163
44.8874402 13.7574127 52.0431026 255 79 163
44.8874402 13.7574127 0.553158446 255 79 163
45.4267298 14.1874818 0.553158446 255 79 163
45.3858188 14.0705647 0.553158446 255 79 163
45.3199169 13.9656825 0.553158446 255 79 163
45.2323289 13.8780944 0.553158446 255 79 163
45.1274467 13.8121926 0.553158446 255 79 163
45.0105296 13.7712815 0.553158446 255 79 163
44.8874402 13.2042542 52.5962611 255 79 163
22.7730705 13.2042542 52.5962611 255 79 163
44.8874402 13.3273436 52.5823922 255 79 163
44.8874402 13.4442607 52.5414811 255 79 163
44.8874402 13.5491429 52.4755793 255 79 163
44.8874402 13.6367309 52.3879913 255 79 163
44.8874402 13.7026328 52.2831091 255 79 163
44.8874402 13.7435439 52.1661919 255 79 163
44.8874402 13.7574127 52.0431026 255 79 163
22.7730705 13.7574127 52.0431026 255 79 163
22.7730705 13.7435439 52.1661919 255 79 163
22.7730705 13.7026328 52.2831091 255 79 163
22.7730705 13.6367309 52.3879913 255 79 163
22.7730705 13.5491429 52.4755793 255 79 163
22.7730705 13.4442607 52.5414811 255 79 163
22.7730705 13.3273436 52.5823922 255 79 163
22.7730705 13.7574127 52.0431026 255 79 163
22.7730705 13.7435439 52.1661919 255 79 163
22.7730705 13.7026328 52.2831091 255 79 163
22.7730705 13.6367309 52.3879913 255 79 163
22.7730705 13.5491429 52.4755793 255 79 163
22.7730705 13.4442607 52.5414811 255 79 163
22.7730705 13.3273436 52.5823922 255 79 163
22.7730705 13.2042542 52.5962611 255 79 163
22.7730705 13.7574127 52.0431026 255 79 163
22.6499811 13.7435439 52.0431026 255 79 163
22.533064 13.7026328 52.0431026 255 79 163
22.4281818 13.6367309 52.0431026 255 79 163
22.3405938 13.5491429 52.0431026 255 79 163
22.2746919 13.4442607 52.0431026 255 79 163
22.2337809 13.3273436 52.0431026 255 79 163
22.219912 13.2042542 52.0431026 255 79 163
22.6499811 13.2042542 52.5823922 255 79 163
22.533064 13.2042542 52.5414811 255 79 163
22.4281818 13.2042542 52.4755793 255 79 163
22.3405938 13.2042542 52.3879913 255 79 163
22.2746919 13.2042542 52.2831091 255 79 163
22.2337809 13.2042542 52.1661919 255 79 163
22.7463303 13.7303392 52.2119335 255 79 163
22.6954674 13.7303392 52.1954071 255 79 163
22.6522009 13.7303392 52.1639722 255 79 163
22.6725972 13.6517688 52.3523276 255 79 163
22.6207659 13.7303392 52.1207056 255 79 163
22.5819589 13.6517688 52.3061451 255 79 163
22.7030638 13.5293926 52.4851075 255 79 163
22.6042396 13.7303392 52.0698428 255 79 163
22.510028 13.6517688 52.2342142 255 79 163
22.5699031 13.5293926 52.441841 255 79 163
22.4638455 13.6517688 52.1435759 255 79 163
22.4566299 13.5293926 52.3595432 255 79 163
22.6105013 13.3751896 52.5434391 255 79 163
22.374332 13.5293926 52.24627 255 79 163
22.4638455 13.3751896 52.4687143 255 79 163
22.3310655 13.5293926 52.1131093 255 79 163
22.3474588 13.3751896 52.3523276 255 79 163
22.2727339 13.3751896 52.2056718 255 79 163
35.9315948 3.4434704 57.3895578 255 79 163
35.9149944 3.4434704 57.5262749 255 79 163
35.8661578 3.4434704 57.6550465 255 79 163
35.7879232 3.4434704 57.7683888 255 79 163
35.6848374 3.4434704 57.8597149 255 79 163
35.5628913 3.4434704 57.9237171 255 79 163
35.429172 3.4434704 57.956676 255 79 163
35.2914508 3.4434704 57.956676 255 79 163
35.1577315 3.4434704 57.9237171 255 79 163
35.0357854 3.4434704 57.8597149 255 79 163
34.9326995 3.4434704 57.7683888 255 79 163
34.854465 3.4434704 57.6550465 255 79 163
34.8056284 3.4434704 57.5262749 255 79 163
34.7890279 3.4434704 57.3895578 255 79 163
34.2358695 2.89031196 57.3895578 255 79 163
34.2497383 3.01340129 57.3895578 255 79 163
34.2906494 3.13031841 57.3895578 255 79 163
34.3565512 3.23520061 57.3895578 255 79 163
34.4441392 3.32278864 57.3895578 255 79 163
34.5490214 3.3886905 57.3895578 255 79 163
34.6659386 3.42960157 57.3895578 255 79 163
36.4847533 2.89031196 57.3895578 255 79 163
36.452079 2.89031196 57.6586544 255 79 163
36.3559552 2.89031196 57.912112 255 79 163
36.2019682 2.89031196 58.1352007 255 79 163
35.9990672 2.89031196 58.3149554 255 79 163
35.759044 2.89031196 58.4409293 255 79 163
35.4958479 2.89031196 58.5058013 255 79 163
35.2247749 2.89031196 58.5058013 255 79 163
34.9615788 2.89031196 58.4409293 255 79 163
34.7215556 2.89031196 58.3149554 255 79 163
34.5186545 2.89031196 58.1352007 255 79 163
34.3646675 2.89031196 57.912112 255 79 163
34.2685437 2.89031196 57.6586544 255 79 163
36.4708844 3.01340129 57.3895578 255 79 163
36.4299734 3.13031841 57.3895578 255 79 163
36.3640715 3.23520061 57.3895578 255 79 163
36.2764835 3.32278864 57.3895578 255 79 163
36.1716013 3.3886905 57.3895578 255 79 163
36.0546842 3.42960157 57.3895578 255 79 163
34.2820095 3.01340129 57.6553353 255 79 163
34.3217318 3.13031841 57.6455447 255 79 163
34.3769477 3.01340129 57.9056668 255 79 163
34.3857187 3.23520061 57.6297733 255 79 163
34.4131727 3.13031841 57.8866545 255 79 163
34.4707615 3.32278864 57.6088121 255 79 163
34.5290355 3.01340129 58.126004 255 79 163
34.4715259 3.23520061 57.8560284 255 79 163
34.5725961 3.3886905 57.5837122 255 79 163
34.5596579 3.13031841 58.0988749 255 79 163
34.5490812 3.32278864 57.8153242 255 79 163
34.6861158 3.42960157 57.5557321 255 79 163
34.729434 3.01340129 58.3035415 255 79 163
34.6089861 3.23520061 58.0551739 255 79 163
34.6419498 3.3886905 57.766583 255 79 163
34.7526741 3.13031841 58.2698724 255 79 163
34.6745467 3.32278864 57.9970923 255 79 163
34.7454748 3.42960157 57.7122489 255 79 163
34.9664967 3.01340129 58.4279617 255 79 163
34.7901106 3.23520061 58.2156362 255 79 163
34.7530521 3.3886905 57.9275425 255 79 163
34.981004 3.13031841 58.3897092 255 79 163
34.8398663 3.32278864 58.1435527 255 79 163
34.8405659 3.42960157 57.8500121 255 79 163
35.2264466 3.01340129 58.4920336 255 79 163
35.0043731 3.23520061 58.3280899 255 79 163
34.8994462 3.3886905 58.0572363 255 79 163
35.2313779 3.13031841 58.4514208 255 79 163
35.0354323 3.32278864 58.2461936 255 79 163
34.9658627 3.42960157 57.9610154 255 79 163
35.4941762 3.01340129 58.4920336 255 79 163
35.2393214 3.23520061 58.3859994 255 79 163
35.072624 3.3886905 58.1481271 255 79 163
35.4892449 3.13031841 58.4514208 255 79 163
35.249879 3.32278864 58.29905 255 79 163
35.1140834 3.42960157 58.0388077 255 79 163
35.754126 3.01340129 58.4279617 255 79 163
35.4813013 3.23520061 58.3859994 255 79 163
35.2625212 3.3886905 58.1949325 255 79 163
35.7396187 3.13031841 58.3897092 255 79 163
35.4707437 3.32278864 58.29905 255 79 163
35.276614 3.42960157 58.0788679 255 79 163
35.9911888 3.01340129 58.3035415 255 79 163
35.7162496 3.23520061 58.3280899 255 79 163
35.4581016 3.3886905 58.1949325 255 79 163
35.9679486 3.13031841 58.2698724 255 79 163
35.6851905 3.32278864 58.2461936 255 79 163
35.4440088 3.42960157 58.0788679 255 79 163
36.1915873 3.01340129 58.126004 255 79 163
35.9305121 3.23520061 58.2156362 255 79 163
35.6479987 3.3886905 58.1481271 255 79 163
36.1609649 3.13031841 58.0988749 255 79 163
35.8807565 3.32278864 58.1435527 255 79 163
35.6065394 3.42960157 58.0388077 255 79 163
36.343675 3.01340129 57.9056668 255 79 163
36.1116366 3.23520061 58.0551739 255 79 163
35.8211766 3.3886905 58.0572363 255 79 163
36.30745 3.13031841 57.8866545 255 79 163
36.046076 3.32278864 57.9970923 255 79 163
35.7547601 3.42960157 57.9610154 255 79 163
36.4386132 3.01340129 57.6553353 255 79 163
36.2490968 3.23520061 57.8560284 255 79 163
35.9675706 3.3886905 57.9275425 255 79 163
36.3988909 3.13031841 57.6455447 255 79 163
36.1715415 3.32278864 57.8153242 255 79 163
35.8800569 3.42960157 57.8500121 255 79 163
36.3349041 3.23520061 57.6297733 255 79 163
36.0786729 3.3886905 57.766583 255 79 163
36.2498612 3.32278864 57.6088121 255 79 163
35.975148 3.42960157 57.7122489 255 79 163
36.1480267 3.3886905 57.5837122 255 79 163
36.034507 3.42960157 57.5557321 255 79 163
36.4847533 2.89031196 56.3895578 255 79 163
36.4708844 3.01340129 56.3895578 255 79 163
36.4299734 3.13031841 56.3895578 255 79 163
36.3640715 3.23520061 56.3895578 255 79 163
36.2764835 3.32278864 56.3895578 255 79 163
36.1716013 3.3886905 56.3895578 255 79 163
36.0546842 3.42960157 56.3895578 255 79 163
35.9315948 3.4434704 56.3895578 255 79 163
35.9315948 3.4434704 57.3895578 255 79 163
36.4847533 2.89031196 57.3895578 255 79 163
36.4708844 3.01340129 57.3895578 255 79 163
36.4299734 3.13031841 57.3895578 255 79 163
36.3640715 3.23520061 57.3895578 255 79 163
36.2764835 3.32278864 57.3895578 255 79 163
36.1716013 3.3886905 57.3895578 255 79 163
36.0546842 3.42960157 57.3895578 255 79 163
34.2358695 2.89031196 57.3895578 255 79 163
34.2497383 3.01340129 57.3895578 255 79 163
34.2906494 3.13031841 57.3895578 255 79 163
34.3565512 3.23520061 57.3895578 255 79 163
34.4441392 3.32278864 57.3895578 255 79 163
34.5490214 3.3886905 57.3895578 255 79 163
34.6659386 3.42960157 57.3895578 255 79 163
34.7890279 3.4434704 57.3895578 255 79 163
34.7890279 3.4434704 56.3895578 255 79 163
34.2358695 2.89031196 56.3895578 255 79 163
34.2497383 3.01340129 56.3895578 255 79 163
34.2906494 3.13031841 56.3895578 255 79 163
34.3565512 3.23520061 56.3895578 255 79 163
34.4441392 3.32278864 56.3895578 255 79 163
34.5490214 3.3886905 56.3895578 255 79 163
34.6659386 3.42960157 56.3895578 255 79 163
34.7890279 3.4434704 56.3895578 255 79 163
34.8056284 3.4434704 56.2528407 255 79 163
34.854465 3.4434704 56.1240691 255 79 163
34.9326995 3.4434704 56.0107268 255 79 163
35.0357854 3.4434704 55.9194007 255 79 163
35.1577315 3.4434704 55.8553985 255 79 163
35.2914508 3.4434704 55.8224396 255 79 163
35.429172 3.4434704 55.8224396 255 79 163
35.5628913 3.4434704 55.8553985 255 79 163
35.6848374 3.4434704 55.9194007 255 79 163
35.7879232 3.4434704 56.0107268 255 79 163
35.8661578 3.4434704 56.1240691 255 79 163
35.9149944 3.4434704 56.2528407 255 79 163
35.9315948 3.4434704 56.3895578 255 79 163
36.4847533 2.89031196 56.3895578 255 79 163
36.4708844 3.01340129 56.3895578 255 79 163
36.4299734 3.13031841 56.3895578 255 79 163
36.3640715 3.23520061 56.3895578 255 79 163
36.2764835 3.32278864 56.3895578 255 79 163
36.1716013 3.3886905 56.3895578 255 79 163
36.0546842 3.42960157 56.3895578 255 79 163
34.2358695 2.89031196 56.3895578 255 79 163
34.2685437 2.89031196 56.1204612 255 79 163
34.3646675 2.89031196 55.8670036 255 79 163
34.5186545 2.89031196 55.6439149 255 79 163
34.7215556 2.89031196 55.4641603 255 79 163
34.9615788 2.89031196 55.3381864 255 79 163
35.2247749 2.89031196 55.2733143 255 79 163
35.4958479 2.89031196 55.2733143 255 79 163
35.759044 2.89031196 55.3381864 255 79 163
35.9990672 2.89031196 55.4641603 255 79 163
36.2019682 2.89031196 55.6439149 255 79 163
36.3559552 2.89031196 55.8670036 255 79 163
36.452079 2.89031196 56.1204612 255 79 163
34.2497383 3.01340129 56.3895578 255 79 163
34.2906494 3.13031841 56.3895578 255 79 163
34.3565512 3.23520061 56.3895578 255 79 163
34.4441392 3.32278864 56.3895578 255 79 163
34.5490214 3.3886905 56.3895578 255 79 163
34.6659386 3.42960157 56.3895578 255 79 163
36.4386132 3.01340129 56.1237803 255 79 163
36.3988909 3.13031841 56.1335709 255 79 163
36.343675 3.01340129 55.8734488 255 79 163
36.3349041 3.23520061 56.1493423 255 79 163
36.30745 3.13031841 55.8924611 255 79 163
36.2498612 3.32278864 56.1703035 255 79 163
36.1915873 3.01340129 55.6531116 255 79 163
36.2490968 3.23520061 55.9230872 255 79 163
36.1480267 3.3886905 56.1954034 255 79 163
36.1609649 3.13031841 55.6802407 255 79 163
36.1715415 3.32278864 55.9637914 255 79 163
36.034507 3.42960157 56.2233835 255 79 163
35.9911888 3.01340129 55.4755741 255 79 163
36.1116366 3.23520061 55.7239417 255 79 163
36.0786729 3.3886905 56.0125326 255 79 163
35.9679486 3.13031841 55.5092432 255 79 163
36.046076 3.32278864 55.7820233 255 79 163
35.975148 3.42960157 56.0668667 255 79 163
35.754126 3.01340129 55.3511539 255 79 163
35.9305121 3.23520061 55.5634794 255 79 163
35.9675706 3.3886905 55.8515731 255 79 163
35.7396187 3.13031841 55.3894065 255 79 163
35.8807565 3.32278864 55.6355629 255 79 163
35.8800569 3.42960157 55.9291035 255 79 163
35.4941762 3.01340129 55.2870821 255 79 163
35.7162496 3.23520061 55.4510258 255 79 163
35.8211766 3.3886905 55.7218793 255 79 163
35.4892449 3.13031841 55.3276948 255 79 163
35.6851905 3.32278864 55.532922 255 79 163
35.7547601 3.42960157 55.8181002 255 79 163
35.2264466 3.01340129 55.2870821 255 79 163
35.4813013 3.23520061 55.3931162 255 79 163
35.6479987 3.3886905 55.6309885 255 79 163
35.2313779 3.13031841 55.3276948 255 79 163
35.4707437 3.32278864 55.4800656 255 79 163
35.6065394 3.42960157 55.740308 255 79 163
34.9664967 3.01340129 55.3511539 255 79 163
35.2393214 3.23520061 55.3931162 255 79 163
35.4581016 3.3886905 55.5841831 255 79 163
34.981004 3.13031841 55.3894065 255 79 163
35.249879 3.32278864 55.4800656 255 79 163
35.4440088 3.42960157 55.7002478 255 79 163
34.729434 3.01340129 55.4755741 255 79 163
35.0043731 3.23520061 55.4510258 255 79 163
35.2625212 3.3886905 55.5841831 255 79 163
34.7526741 3.13031841 55.5092432 255 79 163
35.0354323 3.32278864 55.532922 255 79 163
35.276614 3.42960157 55.7002478 255 79 163
34.5290355 3.01340129 55.6531116 255 79 163
34.7901106 3.23520061 55.5634794 255 79 163
35.072624 3.3886905 55.6309885 255 79 163
34.5596579 3.13031841 55.6802407 255 79 163
34.8398663 3.32278864 55.6355629 255 79 163
35.1140834 3.42960157 55.740308 255 79 163
34.3769477 3.01340129 55.8734488 255 79 163
34.6089861 3.23520061 55.7239417 255 79 163
34.8994462 3.3886905 55.7218793 255 79 163
34.4131727 3.13031841 55.8924611 255 79 163
34.6745467 3.32278864 55.7820233 255 79 163
34.9658627 3.42960157 55.8181002 255 79 163
34.2820095 3.01340129 56.1237803 255 79 163
34.4715259 3.23520061 55.9230872 255 79 163
34.7530521 3.3886905 55.8515731 255 79 163
34.3217318 3.13031841 56.1335709 255 79 163
34.5490812 3.32278864 55.9637914 255 79 163
34.8405659 3.42960157 55.9291035 255 79 163
34.3857187 3.23520061 56.1493423 255 79 163
34.6419498 3.3886905 56.0125326 255 79 163
34.4707615 3.32278864 56.1703035 255 79 163
34.7454748 3.42960157 56.0668667 255 79 163
34.5725961 3.3886905 56.1954034 255 79 163
34.6861158 3.42960157 56.2233835 255 79 163
35.9315948 3.4434704 57.3895578 218 222 230
35.9149944 3.4434704 57.5262749 218 222 230
35.8661578 3.4434704 57.6550465 218 222 230
35.7879232 3.4434704 57.7683888 218 222 230
35.6848374 3.4434704 57.8597149 218 222 230
35.5628913 3.4434704 57.9237171 218 222 230
35.429172 3.4434704 57.956676 218 222 230
35.2914508 3.4434704 57.956676 218 222 230
35.1577315 3.4434704 57.9237171 218 222 230
35.0357854 3.4434704 57.8597149 218 222 230
34.9326995 3.4434704 57.7683888 218 222 230
34.854465 3.4434704 57.6550465 218 222 230
34.8056284 3.4434704 57.5262749 218 222 230
34.7890279 3.4434704 57.3895578 218 222 230
34.7890279 3.4434704 56.3895578 218 222 230
34.8056284 3.4434704 56.2528407 218 222 230
34.854465 3.4434704 56.1240691 218 222 230
34.9326995 3.4434704 56.0107268 218 222 230
35.0357854 3.4434704 55.9194007 218 222 230
35.1577315 3.4434704 55.8553985 218 222 230
35.2914508 3.4434704 55.8224396 218 222 230
35.429172 3.4434704 55.8224396 218 222 230
35.5628913 3.4434704 55.8553985 218 222 230
35.6848374 3.4434704 55.9194007 218 222 230
35.7879232 3.4434704 56.0107268 218 222 230
35.8661578 3.4434704 56.1240691 218 222 230
35.9149944 3.4434704 56.2528407 218 222 230
35.9315948 3.4434704 56.3895578 218 222 230
3 2 1 0
3 2 0 3
3 5 4 12
3 5 12 19
3 6 19 18
3 6 5 19
3 7 18 17
3 7 6 18
3 8 17 16
3 8 7 17
3 9 16 15
3 9 8 16
3 10 15 14
3 10 9 15
3 11 14 13
3 11 10 14
3 21 20 28
3 21 28 35
3 22 35 34
3 22 21 35
3 23 34 33
3 23 22 34
3 24 33 32
3 24 23 33
3 25 32 31
3 25 24 32
3 26 31 30
3 26 25 31
3 27 30 29
3 27 26 30
3 51 43 42
3 50 51 42
3 49 42 41
3 49 50 42
3 48 41 40
3 48 49 41
3 47 39 38
3 47 40 39
3 47 48 40
3 46 47 38
3 45 37 36
3 45 38 37
3 45 46 38
3 44 45 36
3 62 59 58
3 62 61 59
3 63 58 57
3 63 62 58
3 64 57 56
3 64 63 57
3 65 56 55
3 65 64 56
3 66 55 54
3 66 65 55
3 67 54 53
3 67 66 54
3 60 53 52
3 60 67 53
3 74 75 82
3 68 69 89
3 90 78 77
3 91 77 76
3 91 90 77
3 92 76 83
3 92 91 76
3 93 79 78
3 93 90 91
3 93 78 90
3 94 83 84
3 94 92 83
3 95 91 92
3 95 93 91
3 96 80 79
3 96 81 80
3 96 79 93
3 97 84 85
3 97 94 84
3 98 95 92
3 98 92 94
3 99 93 95
3 99 96 93
3 100 85 86
3 100 98 94
3 100 97 85
3 100 94 97
3 101 95 98
3 101 99 95
3 102 73 74
3 102 82 81
3 102 81 96
3 102 96 99
3 102 74 82
3 103 98 100
3 103 101 98
3 104 72 73
3 104 73 102
3 104 99 101
3 104 102 99
3 105 86 87
3 105 87 88
3 105 100 86
3 105 103 100
3 106 70 71
3 106 71 72
3 106 72 104
3 106 101 103
3 106 104 101
3 107 69 70
3 107 88 89
3 107 89 69
3 107 70 106
3 107 105 88
3 107 103 105
3 107 106 103
3 114 115 122
3 108 109 129
3 130 118 117
3 131 117 116
3 131 130 117
3 132 116 123
3 132 131 116
3 133 119 118
3 133 130 131
3 133 118 130
3 134 123 124
3 134 132 123
3 135 131 132
3 135 133 131
3 136 120 119
3 136 121 120
3 136 119 133
3 137 124 125
3 137 134 124
3 138 135 132
3 138 132 134
3 139 133 135
3 139 136 133
3 140 125 126
3 140 138 134
3 140 137 125
3 140 134 137
3 141 135 138
3 141 139 135
3 142 113 114
3 142 122 121
3 142 121 136
3 142 136 139
3 142 114 122
3 143 138 140
3 143 141 138
3 144 112 113
3 144 113 142
3 144 139 141
3 144 142 139
3 145 126 127
3 145 127 128
3 145 140 126
3 145 143 140
3 146 110 111
3 146 111 112
3 146 112 144
3 146 141 143
3 146 144 141
3 147 109 110
3 147 128 129
3 147 129 109
3 147 110 146
3 147 145 128
3 147 143 145
3 147 146 143
3 150 148 149
3 150 151 148
3 158 159 166
3 152 153 173
3 174 162 161
3 175 161 160
3 175 174 161
3 176 160 167
3 176 175 160
3 177 163 162
3 177 174 175
3 177 162 174
3 178 167 168
3 178 176 167
3 179 175 176
3 179 177 175
3 180 164 163
3 180 165 164
3 180 163 177
3 181 168 169
3 181 178 168
3 182 179 176
3 182 176 178
3 183 177 179
3 183 180 177
3 184 169 170
3 184 182 178
3 184 181 169
3 184 178 181
3 185 179 182
3 185 183 179
3 186 157 158
3 186 166 165
3 186 165 180
3 186 180 183
3 186 158 166
3 187 182 184
3 187 185 182
3 188 156 157
3 188 157 186
3 188 183 185
3 188 186 183
3 189 170 171
3 189 171 172
3 189 184 170
3 189 187 184
3 190 154 155
3 190 155 156
3 190 156 188
3 190 185 187
3 190 188 185
3 191 153 154
3 191 172 173
3 191 173 153
3 191 154 190
3 191 189 172
3 191 187 189
3 191 190 187
3 198 197 196
3 204 198 196
3 203 204 196
3 195 193 199
3 195 199 200
3 195 200 201
3 195 201 202
3 195 202 203
3 195 203 196
3 194 192 193
3 194 193 195
3 211 212 219
3 205 206 226
3 227 215 214
3 228 214 213
3 228 227 214
3 229 213 220
3 229 228 213
3 230 216 215
3 230 227 228
3 230 215 227
3 231 220 221
3 231 229 220
3 232 228 229
3 232 230 228
3 233 217 216
3 233 218 217
3 233 216 230
3 234 221 222
3 234 231 221
3 235 232 229
3 235 229 231
3 236 230 232
3 236 233 230
3 237 222 223
3 237 235 231
3 237 234 222
3 237 231 234
3 238 232 235
3 238 236 232
3 239 210 211
3 239 219 218
3 239 218 233
3 239 233 236
3 239 211 219
3 240 235 237
3 240 238 235
3 241 209 210
3 241 210 239
3 241 236 238
3 241 239 236
3 242 223 224
3 242 224 225
3 242 237 223
3 242 240 237
3 243 207 208
3 243 208 209
3 243 209 241
3 243 238 240
3 243 241 238
3 244 206 207
3 244 225 226
3 244 226 206
3 244 207 243
3 244 242 225
3 244 240 242
3 244 243 240
3 246 245 247
3 246 247 248
3 254 250 249
3 254 249 261
3 255 250 254
3 256 250 255
3 257 250 256
3 258 250 257
3 259 250 258
3 316 315 253
3 314 253 315
3 317 316 253
3 313 253 314
3 312 253 313
3 311 253 312
3 310 253 311
3 252 299 298
3 252 300 299
3 252 320 319
3 252 321 320
3 252 322 321
3 252 323 322
3 252 324 323
3 252 325 324
3 252 298 325
3 297 253 310
3 297 310 309
3 293 253 297
3 296 309 308
3 296 297 309
3 288 253 293
3 295 296 308
3 289 260 253
3 289 253 288
3 294 308 307
3 294 295 308
3 290 259 260
3 290 260 289
3 262 294 307
3 291 259 290
3 291 250 259
3 292 250 291
3 287 250 292
3 263 307 306
3 263 262 307
3 264 306 305
3 264 263 306
3 265 264 305
3 282 250 287
3 266 265 305
3 266 305 304
3 283 250 282
3 267 304 303
3 267 266 304
3 284 250 283
3 268 267 303
3 285 250 284
3 286 250 285
3 281 250 286
3 269 268 303
3 269 303 302
3 251 270 271
3 251 271 272
3 251 272 273
3 251 273 274
3 251 274 269
3 251 275 270
3 251 276 277
3 251 277 278
3 251 278 279
3 251 279 280
3 251 280 275
3 251 300 252
3 251 301 300
3 251 302 301
3 251 269 302
3 250 276 251
3 250 281 276
3 252 318 253
3 318 317 253
3 252 319 318
3 334 335 336
3 333 336 337
3 333 334 336
3 332 337 338
3 332 333 337
3 331 338 339
3 331 332 338
3 330 339 340
3 330 331 339
3 329 340 341
3 329 330 340
3 328 341 326
3 328 329 341
3 327 328 326
3 345 344 351
3 345 351 357
3 346 357 356
3 346 345 357
3 347 356 355
3 347 346 356
3 348 355 354
3 348 347 355
3 349 354 353
3 349 348 354
3 350 353 352
3 350 349 353
3 343 352 342
3 343 350 352
3 361 360 367
3 361 367 373
3 362 373 372
3 362 361 373
3 363 372 371
3 363 362 372
3 364 371 370
3 364 363 371
3 365 370 369
3 365 364 370
3 366 369 368
3 366 365 369
3 359 368 358
3 359 366 368
3 389 374 375
3 388 375 376
3 388 389 375
3 387 376 377
3 387 388 376
3 386 377 378
3 386 387 377
3 385 378 379
3 385 386 378
3 384 379 380
3 384 385 379
3 383 380 381
3 383 384 380
3 382 383 381
3 400 391 390
3 400 390 392
3 401 392 393
3 401 400 392
3 402 393 394
3 402 401 393
3 403 394 395
3 403 402 394
3 404 395 396
3 404 403 395
3 405 396 397
3 405 404 396
3 399 397 398
3 399 405 397
3 408 415 416
3 409 416 417
3 409 408 416
3 410 417 418
3 410 409 417
3 411 418 419
3 411 410 418
3 412 419 420
3 412 411 419
3 413 420 421
3 413 412 420
3 414 421 406
3 414 413 421
3 407 414 406
3 444 438 437
3 450 431 430
3 450 430 443
3 451 432 431
3 451 431 450
3 452 443 442
3 452 450 443
3 453 433 432
3 453 432 451
3 454 450 452
3 454 451 450
3 455 442 441
3 455 452 442
3 456 434 433
3 456 433 453
3 457 453 451
3 457 451 454
3 458 452 455
3 458 454 452
3 459 435 434
3 459 434 456
3 460 441 440
3 460 455 441
3 461 456 453
3 461 453 457
3 462 454 458
3 462 457 454
3 463 428 429
3 463 436 435
3 463 429 436
3 463 435 459
3 464 458 455
3 464 455 460
3 465 456 461
3 465 459 456
3 466 440 439
3 466 460 440
3 467 461 457
3 467 457 462
3 468 462 458
3 468 458 464
3 469 459 465
3 469 427 428
3 469 428 463
3 469 463 459
3 470 460 466
3 470 464 460
3 471 465 461
3 471 461 467
3 472 439 438
3 472 466 439
3 472 438 444
3 473 467 462
3 473 462 468
3 474 464 470
3 474 468 464
3 475 426 427
3 475 427 469
3 475 465 471
3 475 469 465
3 476 470 466
3 476 472 444
3 476 444 445
3 476 466 472
3 477 467 473
3 477 471 467
3 478 473 468
3 478 468 474
3 479 476 445
3 479 445 446
3 479 470 476
3 479 474 470
3 480 425 426
3 480 475 471
3 480 471 477
3 480 426 475
3 481 473 478
3 481 477 473
3 482 446 447
3 482 479 446
3 482 478 474
3 482 474 479
3 483 424 425
3 483 425 480
3 483 477 481
3 483 480 477
3 484 447 448
3 484 481 478
3 484 482 447
3 484 478 482
3 484 483 481
3 485 422 423
3 485 423 424
3 485 448 449
3 485 449 422
3 485 424 483
3 485 484 448
3 485 483 484
3 493 494 495
3 493 495 501
3 492 501 500
3 492 493 501
3 491 500 499
3 491 492 500
3 490 499 498
3 490 491 499
3 489 498 497
3 489 490 498
3 488 497 496
3 488 489 497
3 487 496 486
3 487 488 496
3 510 511 512
3 509 512 513
3 509 510 512
3 508 513 514
3 508 509 513
3 507 514 515
3 507 508 514
3 506 515 516
3 506 507 515
3 505 516 517
3 505 506 516
3 504 517 502
3 504 505 517
3 503 504 502
3 533 525 524
3 532 533 524
3 531 524 523
3 531 532 524
3 530 523 522
3 530 531 523
3 529 521 520
3 529 522 521
3 529 530 522
3 528 529 520
3 527 519 518
3 527 520 519
3 527 528 520
3 526 527 518
3 535 536 534
3 535 537 536
3 546 539 538
3 546 538 545
3 547 540 539
3 547 539 546
3 548 541 540
3 548 542 541
3 548 540 547
3 549 542 548
3 544 543 542
3 544 542 549
3 555 557 556
3 555 561 557
3 554 560 561
3 554 561 555
3 553 559 560
3 553 560 554
3 552 550 558
3 552 558 559
3 552 559 553
3 551 550 552
3 563 564 562
3 563 565 564
3 567 568 566
3 567 569 568
3 578 571 570
3 578 572 571
3 578 570 577
3 579 572 578
3 580 573 572
3 580 572 579
3 581 574 573
3 581 575 574
3 581 573 580
3 576 575 581
3 590 583 582
3 590 582 589
3 591 584 583
3 591 583 590
3 592 585 584
3 592 584 591
3 593 586 585
3 593 585 592
3 588 587 586
3 588 586 593
3 595 596 594
3 595 597 596
3 599 600 598
3 599 601 600
3 610 603 602
3 610 602 609
3 611 604 603
3 611 603 610
3 612 605 604
3 612 604 611
3 613 606 605
3 613 605 612
3 608 607 606
3 608 606 613
3 622 615 614
3 622 614 621
3 623 616 615
3 623 615 622
3 624 617 616
3 624 618 617
3 624 616 623
3 625 618 624
3 620 619 618
3 620 618 625
3 627 628 626
3 627 629 628
3 651 649 650
3 670 631 630
3 670 630 638
3 671 632 631
3 671 631 670
3 672 633 632
3 672 632 671
3 673 638 639
3 673 670 638
3 674 634 633
3 674 633 672
3 675 671 670
3 675 670 673
3 676 634 674
3 676 635 634
3 677 672 671
3 677 671 675
3 678 636 635
3 678 637 636
3 678 658 637
3 678 635 676
3 679 639 640
3 679 673 639
3 680 674 672
3 680 672 677
3 681 675 673
3 681 673 679
3 682 676 674
3 682 674 680
3 683 677 675
3 683 675 681
3 684 678 676
3 684 658 678
3 684 659 658
3 684 676 682
3 685 640 641
3 685 679 640
3 686 677 683
3 686 680 677
3 687 679 685
3 687 681 679
3 688 680 686
3 688 682 680
3 689 681 687
3 689 683 681
3 690 660 659
3 690 682 688
3 690 659 684
3 690 684 682
3 691 641 642
3 691 685 641
3 692 683 689
3 692 686 683
3 693 687 685
3 693 685 691
3 694 688 686
3 694 686 692
3 695 689 687
3 695 687 693
3 696 661 660
3 696 660 690
3 696 690 688
3 696 688 694
3 697 642 643
3 697 691 642
3 698 692 689
3 698 689 695
3 699 693 691
3 699 691 697
3 700 692 698
3 700 694 692
3 701 695 693
3 701 693 699
3 702 662 661
3 702 661 696
3 702 696 694
3 702 694 700
3 703 643 644
3 703 697 643
3 704 698 695
3 704 695 701
3 705 699 697
3 705 697 703
3 706 698 704
3 706 700 698
3 707 701 699
3 707 699 705
3 708 663 662
3 708 662 702
3 708 702 700
3 708 700 706
3 709 644 645
3 709 703 644
3 710 704 701
3 710 701 707
3 711 705 703
3 711 703 709
3 712 704 710
3 712 706 704
3 713 707 705
3 713 705 711
3 714 706 712
3 714 664 663
3 714 663 708
3 714 708 706
3 715 711 709
3 715 645 646
3 715 709 645
3 716 707 713
3 716 710 707
3 717 711 715
3 718 712 710
3 718 710 716
3 719 711 717
3 719 713 711
3 719 716 713
3 720 712 718
3 720 665 664
3 720 664 714
3 720 714 712
3 721 715 646
3 721 646 647
3 722 716 719
3 723 715 721
3 723 717 715
3 724 718 716
3 724 716 722
3 725 719 717
3 725 717 723
3 726 718 724
3 726 665 720
3 726 666 665
3 726 720 718
3 727 647 648
3 727 723 721
3 727 721 647
3 728 722 719
3 728 719 725
3 729 723 727
3 729 725 723
3 730 724 722
3 730 722 728
3 731 725 729
3 732 726 724
3 732 667 666
3 732 668 667
3 732 724 730
3 732 666 726
3 733 649 651
3 733 727 648
3 733 729 727
3 733 648 649
3 734 728 725
3 734 725 731
3 735 729 733
3 735 651 652
3 735 652 653
3 735 733 651
3 736 730 728
3 736 728 734
3 737 735 653
3 737 731 729
3 737 729 735
3 738 730 736
3 738 668 732
3 738 732 730
3 739 653 654
3 739 654 655
3 739 734 731
3 739 731 737
3 739 737 653
3 740 734 739
3 740 739 655
3 740 736 734
3 741 655 656
3 741 656 657
3 741 669 668
3 741 657 669
3 741 668 738
3 741 740 655
3 741 738 736
3 741 736 740
3 749 750 751
3 749 751 757
3 748 757 756
3 748 749 757
3 747 756 755
3 747 748 756
3 746 755 754
3 746 747 755
3 745 754 753
3 745 746 754
3 744 753 752
3 744 745 753
3 743 752 742
3 743 744 752
3 765 766 767
3 765 767 773
3 764 773 772
3 764 765 773
3 763 772 771
3 763 764 772
3 762 771 770
3 762 763 771
3 761 770 769
3 761 762 770
3 760 769 768
3 760 761 769
3 759 768 758
3 759 760 768
3 802 781 780
3 795 793 794
3 814 775 774
3 814 774 782
3 815 776 775
3 815 775 814
3 816 777 776
3 816 776 815
3 817 782 783
3 817 814 782
3 818 778 777
3 818 777 816
3 819 815 814
3 819 814 817
3 820 778 818
3 820 779 778
3 821 816 815
3 821 815 819
3 822 780 779
3 822 779 820
3 822 802 780
3 823 783 784
3 823 817 783
3 824 818 816
3 824 816 821
3 825 819 817
3 825 817 823
3 826 820 818
3 826 818 824
3 827 821 819
3 827 819 825
3 828 822 820
3 828 802 822
3 828 803 802
3 828 820 826
3 829 823 784
3 829 784 785
3 830 821 827
3 830 824 821
3 831 823 829
3 831 825 823
3 832 824 830
3 832 826 824
3 833 827 825
3 833 825 831
3 834 804 803
3 834 826 832
3 834 803 828
3 834 828 826
3 835 785 786
3 835 829 785
3 836 827 833
3 836 830 827
3 837 829 835
3 837 831 829
3 838 830 836
3 838 832 830
3 839 833 831
3 839 831 837
3 840 832 838
3 840 805 804
3 840 834 832
3 840 804 834
3 841 786 787
3 841 835 786
3 842 836 833
3 842 833 839
3 843 837 835
3 843 835 841
3 844 838 836
3 844 836 842
3 845 839 837
3 845 837 843
3 846 840 838
3 846 838 844
3 846 806 805
3 846 805 840
3 847 787 788
3 847 841 787
3 848 839 845
3 848 842 839
3 849 843 841
3 849 841 847
3 850 844 842
3 850 842 848
3 851 845 843
3 851 843 849
3 852 846 844
3 852 807 806
3 852 844 850
3 852 806 846
3 853 788 789
3 853 847 788
3 854 845 851
3 854 848 845
3 855 849 847
3 855 847 853
3 856 848 854
3 856 850 848
3 857 849 855
3 857 851 849
3 858 850 856
3 858 808 807
3 858 807 852
3 858 852 850
3 859 789 790
3 859 853 789
3 859 855 853
3 860 851 857
3 860 854 851
3 861 855 859
3 862 854 860
3 862 856 854
3 863 855 861
3 863 860 857
3 863 857 855
3 864 856 862
3 864 809 808
3 864 808 858
3 864 858 856
3 865 790 791
3 865 859 790
3 866 860 863
3 867 861 859
3 867 859 865
3 868 860 866
3 868 862 860
3 869 861 867
3 869 863 861
3 870 809 864
3 870 862 868
3 870 810 809
3 870 864 862
3 871 791 792
3 871 865 791
3 871 867 865
3 872 866 863
3 872 863 869
3 873 869 867
3 873 867 871
3 874 868 866
3 874 866 872
3 875 869 873
3 876 811 810
3 876 812 811
3 876 870 868
3 876 810 870
3 876 868 874
3 877 793 795
3 877 871 792
3 877 792 793
3 877 873 871
3 878 872 869
3 878 869 875
3 879 877 795
3 879 795 796
3 879 796 797
3 879 873 877
3 880 872 878
3 880 874 872
3 881 875 873
3 881 879 797
3 881 873 879
3 882 812 876
3 882 876 874
3 882 874 880
3 883 875 881
3 883 797 798
3 883 798 799
3 883 878 875
3 883 881 797
3 884 883 799
3 884 880 878
3 884 878 883
3 885 799 800
3 885 800 801
3 885 813 812
3 885 801 813
3 885 812 882
3 885 882 880
3 885 884 799
3 885 880 884
3 889 888 895
3 889 895 901
3 890 901 900
3 890 889 901
3 891 900 899
3 891 890 900
3 892 899 898
3 892 891 899
3 893 898 897
3 893 892 898
3 894 897 896
3 894 893 897
3 887 896 886
3 887 894 896
3 917 902 903
3 916 903 904
3 916 917 903
3 915 904 905
3 915 916 904
3 914 905 906
3 914 915 905
3 913 906 907
3 913 914 906
3 912 907 908
3 912 913 907
3 911 908 909
3 911 912 908
3 910 911 909
3 940 934 933
3 946 927 926
3 946 926 939
3 947 928 927
3 947 927 946
3 948 939 938
3 948 946 939
3 949 929 928
3 949 928 947
3 950 946 948
3 950 947 946
3 951 938 937
3 951 948 938
3 952 930 929
3 952 929 949
3 953 949 947
3 953 947 950
3 954 948 951
3 954 950 948
3 955 931 930
3 955 930 952
3 956 937 936
3 956 951 937
3 957 949 953
3 957 952 949
3 958 953 950
3 958 950 954
3 959 924 925
3 959 932 931
3 959 925 932
3 959 931 955
3 960 954 951
3 960 951 956
3 961 955 952
3 961 952 957
3 961 959 955
3 962 936 935
3 962 956 936
3 963 957 953
3 963 953 958
3 964 958 954
3 964 954 960
3 965 923 924
3 965 924 959
3 965 959 961
3 966 956 962
3 966 960 956
3 967 957 963
3 967 961 957
3 968 935 934
3 968 962 935
3 968 934 940
3 969 963 958
3 969 958 964
3 970 960 966
3 970 964 960
3 971 922 923
3 971 965 961
3 971 961 967
3 971 923 965
3 972 968 940
3 972 962 968
3 972 940 941
3 972 966 962
3 973 963 969
3 973 967 963
3 974 969 964
3 974 964 970
3 975 966 972
3 975 970 966
3 975 941 942
3 975 942 943
3 975 972 941
3 976 921 922
3 976 971 967
3 976 967 973
3 976 922 971
3 977 969 974
3 977 973 969
3 978 974 970
3 978 970 975
3 978 977 974
3 978 975 943
3 979 920 921
3 979 921 976
3 979 973 977
3 979 976 973
3 980 943 944
3 980 978 943
3 980 977 978
3 981 918 919
3 981 919 920
3 981 944 945
3 981 945 918
3 981 920 979
3 981 980 944
3 981 979 977
3 981 977 980
3 989 990 991
3 989 991 997
3 988 997 996
3 988 989 997
3 987 996 995
3 987 988 996
3 986 995 994
3 986 987 995
3 985 994 993
3 985 986 994
3 984 993 992
3 984 985 993
3 983 992 982
3 983 984 992
3 1004 1005 1012
3 998 999 1019
3 1020 1008 1007
3 1021 1007 1006
3 1021 1020 1007
3 1022 1006 1013
3 1022 1021 1006
3 1023 1009 1008
3 1023 1020 1021
3 1023 1008 1020
3 1024 1013 1014
3 1024 1022 1013
3 1025 1021 1022
3 1025 1023 1021
3 1026 1010 1009
3 1026 1011 1010
3 1026 1009 1023
3 1027 1014 1015
3 1027 1024 1014
3 1028 1025 1022
3 1028 1022 1024
3 1029 1023 1025
3 1029 1026 1023
3 1030 1015 1016
3 1030 1028 1024
3 1030 1027 1015
3 1030 1024 1027
3 1031 1025 1028
3 1031 1029 1025
3 1032 1003 1004
3 1032 1012 1011
3 1032 1011 1026
3 1032 1026 1029
3 1032 1004 1012
3 1033 1028 1030
3 1033 1031 1028
3 1034 1002 1003
3 1034 1003 1032
3 1034 1029 1031
3 1034 1032 1029
3 1035 1016 1017
3 1035 1017 1018
3 1035 1030 1016
3 1035 1033 1030
3 1036 1000 1001
3 1036 1001 1002
3 1036 1002 1034
3 1036 1031 1033
3 1036 1034 1031
3 1037 999 1000
3 1037 1018 1019
3 1037 1019 999
3 1037 1000 1036
3 1037 1035 1018
3 1037 1033 1035
3 1037 1036 1033
3 1044 1045 1052
3 1038 1039 1059
3 1060 1048 1047
3 1061 1047 1046
3 1061 1060 1047
3 1062 1046 1053
3 1062 1061 1046
3 1063 1049 1048
3 1063 1060 1061
3 1063 1048 1060
3 1064 1053 1054
3 1064 1062 1053
3 1065 1061 1062
3 1065 1063 1061
3 1066 1050 1049
3 1066 1051 1050
3 1066 1049 1063
3 1067 1054 1055
3 1067 1064 1054
3 1068 1065 1062
3 1068 1062 1064
3 1069 1063 1065
3 1069 1066 1063
3 1070 1055 1056
3 1070 1068 1064
3 1070 1067 1055
3 1070 1064 1067
3 1071 1065 1068
3 1071 1069 1065
3 1072 1043 1044
3 1072 1052 1051
3 1072 1051 1066
3 1072 1066 1069
3 1072 1044 1052
3 1073 1068 1070
3 1073 1071 1068
3 1074 1042 1043
3 1074 1043 1072
3 1074 1069 1071
3 1074 1072 1069
3 1075 1056 1057
3 1075 1057 1058
3 1075 1070 1056
3 1075 1073 1070
3 1076 1040 1041
3 1076 1041 1042
3 1076 1042 1074
3 1076 1071 1073
3 1076 1074 1071
3 1077 1039 1040
3 1077 1058 1059
3 1077 1059 1039
3 1077 1040 1076
3 1077 1075 1058
3 1077 1073 1075
3 1077 1076 1073
3 1086 1087 1088
3 1086 1088 1089
3 1085 1086 1089
3 1084 1085 1089
3 1083 1084 1089
3 1082 1083 1089
3 1081 1082 1089
3 1090 1079 1078
3 1090 1078 1080
3 1090 1080 1081
3 1090 1081 1089
3 1097 1098 1105
3 1091 1092 1112
3 1113 1101 1100
3 1114 1100 1099
3 1114 1113 1100
3 1115 1099 1106
3 1115 1114 1099
3 1116 1102 1101
3 1116 1113 1114
3 1116 1101 1113
3 1117 1106 1107
3 1117 1115 1106
3 1118 1114 1115
3 1118 1116 1114
3 1119 1103 1102
3 1119 1104 1103
3 1119 1102 1116
3 1120 1107 1108
3 1120 1117 1107
3 1121 1118 1115
3 1121 1115 1117
3 1122 1116 1118
3 1122 1119 1116
3 1123 1108 1109
3 1123 1121 1117
3 1123 1120 1108
3 1123 1117 1120
3 1124 1118 1121
3 1124 1122 1118
3 1125 1096 1097
3 1125 1105 1104
3 1125 1104 1119
3 1125 1119 1122
3 1125 1097 1105
3 1126 1121 1123
3 1126 1124 1121
3 1127 1095 1096
3 1127 1096 1125
3 1127 1122 1124
3 1127 1125 1122
3 1128 1109 1110
3 1128 1110 1111
3 1128 1123 1109
3 1128 1126 1123
3 1129 1093 1094
3 1129 1094 1095
3 1129 1095 1127
3 1129 1124 1126
3 1129 1127 1124
3 1130 1092 1093
3 1130 1111 1112
3 1130 1112 1092
3 1130 1093 1129
3 1130 1128 1111
3 1130 1126 1128
3 1130 1129 1126
3 1147 1138 1137
3 1146 1152 1145
3 1153 1133 1132
3 1154 1132 1131
3 1154 1153 1132
3 1155 1131 1139
3 1155 1154 1131
3 1156 1134 1133
3 1156 1133 1153
3 1156 1153 1154
3 1157 1139 1140
3 1157 1155 1139
3 1158 1154 1155
3 1158 1156 1154
3 1159 1135 1134
3 1159 1136 1135
3 1159 1134 1156
3 1160 1140 1141
3 1160 1157 1140
3 1161 1158 1155
3 1161 1155 1157
3 1162 1156 1158
3 1162 1159 1156
3 1163 1141 1142
3 1163 1157 1160
3 1163 1160 1141
3 1163 1161 1157
3 1164 1158 1161
3 1164 1162 1158
3 1165 1137 1136
3 1165 1148 1147
3 1165 1136 1159
3 1165 1159 1162
3 1165 1147 1137
3 1166 1161 1163
3 1166 1164 1161
3 1167 1149 1148
3 1167 1150 1149
3 1167 1148 1165
3 1167 1162 1164
3 1167 1165 1162
3 1168 1142 1143
3 1168 1143 1144
3 1168 1163 1142
3 1168 1166 1163
3 1169 1151 1150
3 1169 1150 1167
3 1169 1164 1166
3 1169 1167 1164
3 1170 1144 1145
3 1170 1152 1151
3 1170 1151 1169
3 1170 1145 1152
3 1170 1168 1144
3 1170 1166 1168
3 1170 1169 1166
3 1174 1172 1171
3 1174 1173 1172
3 1176 1183 1175
3 1176 1184 1183
3 1177 1185 1184
3 1177 1184 1176
3 1178 1186 1185
3 1178 1185 1177
3 1179 1187 1186
3 1179 1186 1178
3 1180 1188 1187
3 1180 1187 1179
3 1181 1189 1188
3 1181 1188 1180
3 1182 1190 1189
3 1182 1189 1181
3 1191 1192 1193
3 1191 1193 1194
3 1211 1202 1201
3 1210 1216 1209
3 1217 1197 1196
3 1218 1196 1195
3 1218 1217 1196
3 1219 1195 1203
3 1219 1218 1195
3 1220 1198 1197
3 1220 1197 1217
3 1220 1217 1218
3 1221 1203 1204
3 1221 1219 1203
3 1222 1218 1219
3 1222 1220 1218
3 1223 1199 1198
3 1223 1200 1199
3 1223 1198 1220
3 1224 1204 1205
3 1224 1221 1204
3 1225 1222 1219
3 1225 1219 1221
3 1226 1220 1222
3 1226 1223 1220
3 1227 1205 1206
3 1227 1221 1224
3 1227 1224 1205
3 1227 1225 1221
3 1228 1222 1225
3 1228 1226 1222
3 1229 1201 1200
3 1229 1212 1211
3 1229 1200 1223
3 1229 1223 1226
3 1229 1211 1201
3 1230 1225 1227
3 1230 1228 1225
3 1231 1213 1212
3 1231 1214 1213
3 1231 1212 1229
3 1231 1226 1228
3 1231 1229 1226
3 1232 1206 1207
3 1232 1207 1208
3 1232 1227 1206
3 1232 1230 1227
3 1233 1215 1214
3 1233 1214 1231
3 1233 1228 1230
3 1233 1231 1228
3 1234 1208 1209
3 1234 1216 1215
3 1234 1215 1233
3 1234 1209 1216
3 1234 1232 1208
3 1234 1230 1232
3 1234 1233 1230
3 1248 1250 1249
3 1248 1251 1250
3 1248 1252 1251
3 1248 1253 1252
3 1254 1248 1249
3 1255 1257 1256
3 1255 1258 1257
3 1255 1259 1258
3 1255 1254 1259
3 1246 1245 1244
3 1242 1244 1243
3 1242 1247 1246
3 1242 1243 1248
3 1242 1248 1254
3 1242 1246 1244
3 1239 1238 1237
3 1261 1255 1260
3 1261 1263 1262
3 1261 1264 1263
3 1261 1265 1264
3 1261 1260 1265
3 1240 1239 1237
3 1241 1240 1237
3 1236 1241 1237
3 1266 1254 1255
3 1266 1242 1254
3 1266 1255 1261
3 1235 1237 1242
3 1235 1242 1266
3 1235 1236 1237
3 1268 1266 1267
3 1269 1235 1266
3 1269 1266 1268
3 1269 1270 1235
3 1287 1272 1271
3 1287 1273 1272
3 1288 1274 1273
3 1288 1273 1287
3 1289 1275 1274
3 1289 1274 1288
3 1290 1276 1275
3 1290 1277 1276
3 1290 1275 1289
3 1291 1277 1290
3 1292 1278 1277
3 1292 1277 1291
3 1293 1279 1278
3 1293 1278 1292
3 1294 1280 1279
3 1294 1279 1293
3 1295 1281 1280
3 1295 1280 1294
3 1296 1282 1281
3 1296 1281 1295
3 1297 1283 1282
3 1297 1282 1296
3 1298 1284 1283
3 1298 1283 1297
3 1286 1285 1284
3 1286 1284 1298
3 1302 1300 1299
3 1302 1301 1300
3 1306 1304 1303
3 1306 1305 1304
3 1323 1308 1307
3 1323 1309 1308
3 1324 1310 1309
3 1324 1309 1323
3 1325 1311 1310
3 1325 1310 1324
3 1326 1312 1311
3 1326 1311 1325
3 1327 1313 1312
3 1327 1312 1326
3 1328 1314 1313
3 1328 1313 1327
3 1329 1315 1314
3 1329 1314 1328
3 1330 1316 1315
3 1330 1315 1329
3 1331 1317 1316
3 1331 1316 1330
3 1332 1318 1317
3 1332 1317 1331
3 1333 1319 1318
3 1333 1318 1332
3 1334 1320 1319
3 1334 1321 1320
3 1334 1319 1333
3 1322 1321 1334
3 1341 1342 1349
3 1335 1336 1356
3 1357 1345 1344
3 1358 1344 1343
3 1358 1357 1344
3 1359 1343 1350
3 1359 1358 1343
3 1360 1346 1345
3 1360 1357 1358
3 1360 1345 1357
3 1361 1350 1351
3 1361 1359 1350
3 1362 1358 1359
3 1362 1360 1358
3 1363 1347 1346
3 1363 1348 1347
3 1363 1346 1360
3 1364 1351 1352
3 1364 1361 1351
3 1365 1362 1359
3 1365 1359 1361
3 1366 1360 1362
3 1366 1363 1360
3 1367 1352 1353
3 1367 1365 1361
3 1367 1364 1352
3 1367 1361 1364
3 1368 1362 1365
3 1368 1366 1362
3 1369 1340 1341
3 1369 1349 1348
3 1369 1348 1363
3 1369 1363 1366
3 1369 1341 1349
3 1370 1365 1367
3 1370 1368 1365
3 1371 1339 1340
3 1371 1340 1369
3 1371 1366 1368
3 1371 1369 1366
3 1372 1353 1354
3 1372 1354 1355
3 1372 1367 1353
3 1372 1370 1367
3 1373 1337 1338
3 1373 1338 1339
3 1373 1339 1371
3 1373 1368 1370
3 1373 1371 1368
3 1374 1336 1337
3 1374 1355 1356
3 1374 1356 1336
3 1374 1337 1373
3 1374 1372 1355
3 1374 1370 1372
3 1374 1373 1370
3 1382 1384 1383
3 1381 1385 1384
3 1381 1384 1382
3 1380 1386 1385
3 1380 1385 1381
3 1379 1387 1386
3 1379 1386 1380
3 1378 1388 1387
3 1378 1387 1379
3 1377 1389 1388
3 1377 1388 1378
3 1376 1390 1389
3 1376 1389 1377
3 1375 1390 1376
3 1393 1392 1391
3 1393 1391 1394
3 1405 1402 1401
3 1405 1404 1402
3 1406 1401 1400
3 1406 1405 1401
3 1407 1400 1399
3 1407 1406 1400
3 1408 1399 1398
3 1408 1407 1399
3 1409 1398 1397
3 1409 1408 1398
3 1410 1397 1396
3 1410 1409 1397
3 1403 1396 1395
3 1403 1410 1396
3 1433 1427 1426
3 1439 1420 1419
3 1439 1419 1432
3 1440 1421 1420
3 1440 1420 1439
3 1441 1432 1431
3 1441 1439 1432
3 1442 1422 1421
3 1442 1421 1440
3 1443 1439 1441
3 1443 1440 1439
3 1444 1431 1430
3 1444 1441 1431
3 1445 1423 1422
3 1445 1422 1442
3 1446 1442 1440
3 1446 1440 1443
3 1447 1441 1444
3 1447 1443 1441
3 1448 1424 1423
3 1448 1423 1445
3 1449 1430 1429
3 1449 1444 1430
3 1450 1445 1442
3 1450 1442 1446
3 1451 1443 1447
3 1451 1446 1443
3 1452 1417 1418
3 1452 1425 1424
3 1452 1418 1425
3 1452 1424 1448
3 1453 1447 1444
3 1453 1444 1449
3 1454 1445 1450
3 1454 1448 1445
3 1455 1429 1428
3 1455 1449 1429
3 1456 1450 1446
3 1456 1446 1451
3 1457 1451 1447
3 1457 1447 1453
3 1458 1448 1454
3 1458 1416 1417
3 1458 1417 1452
3 1458 1452 1448
3 1459 1449 1455
3 1459 1453 1449
3 1460 1454 1450
3 1460 1450 1456
3 1461 1428 1427
3 1461 1455 1428
3 1461 1427 1433
3 1462 1456 1451
3 1462 1451 1457
3 1463 1453 1459
3 1463 1457 1453
3 1464 1415 1416
3 1464 1416 1458
3 1464 1454 1460
3 1464 1458 1454
3 1465 1459 1455
3 1465 1461 1433
3 1465 1433 1434
3 1465 1455 1461
3 1466 1456 1462
3 1466 1460 1456
3 1467 1462 1457
3 1467 1457 1463
3 1468 1465 1434
3 1468 1434 1435
3 1468 1459 1465
3 1468 1463 1459
3 1469 1414 1415
3 1469 1464 1460
3 1469 1460 1466
3 1469 1415 1464
3 1470 1462 1467
3 1470 1466 1462
3 1471 1435 1436
3 1471 1468 1435
3 1471 1467 1463
3 1471 1463 1468
3 1472 1413 1414
3 1472 1414 1469
3 1472 1466 1470
3 1472 1469 1466
3 1473 1436 1437
3 1473 1470 1467
3 1473 1471 1436
3 1473 1467 1471
3 1474 1411 1412
3 1474 1412 1413
3 1474 1437 1438
3 1474 1438 1411
3 1474 1413 1472
3 1474 1473 1437
3 1474 1472 1470
3 1474 1470 1473
3 1482 1483 1484
3 1482 1484 1490
3 1481 1490 1489
3 1481 1482 1490
3 1480 1489 1488
3 1480 1481 1489
3 1479 1488 1487
3 1479 1480 1488
3 1478 1487 1486
3 1478 1479 1487
3 1477 1486 1485
3 1477 1478 1486
3 1476 1485 1475
3 1476 1477 1485
3 1492 1493 1491
3 1506 1494 1493
3 1506 1493 1492
3 1505 1495 1494
3 1505 1494 1506
3 1504 1496 1495
3 1504 1495 1505
3 1503 1497 1496
3 1503 1496 1504
3 1502 1498 1497
3 1502 1497 1503
3 1501 1499 1498
3 1501 1498 1502
3 1500 1499 1501
3 1523 1513 1514
3 1522 1521 1528
3 1529 1508 1509
3 1530 1507 1508
3 1530 1508 1529
3 1531 1515 1507
3 1531 1507 1530
3 1532 1509 1510
3 1532 1529 1509
3 1532 1530 1529
3 1533 1516 1515
3 1533 1515 1531
3 1534 1531 1530
3 1534 1530 1532
3 1535 1510 1511
3 1535 1511 1512
3 1535 1532 1510
3 1536 1517 1516
3 1536 1516 1533
3 1537 1531 1534
3 1537 1533 1531
3 1538 1534 1532
3 1538 1532 1535
3 1539 1518 1517
3 1539 1536 1533
3 1539 1517 1536
3 1539 1533 1537
3 1540 1537 1534
3 1540 1534 1538
3 1541 1512 1513
3 1541 1523 1524
3 1541 1535 1512
3 1541 1538 1535
3 1541 1513 1523
3 1542 1539 1537
3 1542 1537 1540
3 1543 1524 1525
3 1543 1525 1526
3 1543 1541 1524
3 1543 1540 1538
3 1543 1538 1541
3 1544 1519 1518
3 1544 1520 1519
3 1544 1518 1539
3 1544 1539 1542
3 1545 1526 1527
3 1545 1543 1526
3 1545 1542 1540
3 1545 1540 1543
3 1546 1521 1520
3 1546 1527 1528
3 1546 1545 1527
3 1546 1528 1521
3 1546 1520 1544
3 1546 1544 1542
3 1546 1542 1545
3 1581 1568 1569
3 1587 1561 1562
3 1587 1580 1561
3 1588 1587 1562
3 1588 1562 1563
3 1589 1579 1580
3 1589 1580 1587
3 1590 1563 1564
3 1590 1588 1563
3 1591 1589 1587
3 1591 1587 1588
3 1592 1564 1565
3 1592 1590 1564
3 1593 1578 1579
3 1593 1579 1589
3 1594 1588 1590
3 1594 1591 1588
3 1595 1565 1566
3 1595 1592 1565
3 1596 1593 1589
3 1596 1589 1591
3 1597 1594 1590
3 1597 1590 1592
3 1598 1560 1559
3 1598 1566 1567
3 1598 1567 1560
3 1598 1595 1566
3 1599 1577 1578
3 1599 1578 1593
3 1600 1596 1591
3 1600 1591 1594
3 1601 1592 1595
3 1601 1597 1592
3 1602 1599 1593
3 1602 1593 1596
3 1603 1594 1597
3 1603 1600 1594
3 1604 1559 1558
3 1604 1598 1559
3 1604 1601 1595
3 1604 1595 1598
3 1605 1576 1577
3 1605 1577 1599
3 1606 1602 1596
3 1606 1596 1600
3 1607 1603 1597
3 1607 1597 1601
3 1608 1605 1599
3 1608 1599 1602
3 1609 1606 1600
3 1609 1600 1603
3 1610 1558 1557
3 1610 1607 1601
3 1610 1604 1558
3 1610 1601 1604
3 1611 1575 1576
3 1611 1576 1605
3 1612 1608 1602
3 1612 1602 1606
3 1613 1603 1607
3 1613 1609 1603
3 1614 1605 1608
3 1614 1611 1605
3 1615 1606 1609
3 1615 1612 1606
3 1616 1557 1556
3 1616 1607 1610
3 1616 1613 1607
3 1616 1610 1557
3 1617 1574 1575
3 1617 1575 1611
3 1618 1608 1612
3 1618 1614 1608
3 1619 1615 1609
3 1619 1609 1613
3 1620 1611 1614
3 1620 1617 1611
3 1620 1614 1618
3 1621 1612 1615
3 1621 1618 1612
3 1622 1556 1555
3 1622 1616 1556
3 1622 1613 1616
3 1622 1619 1613
3 1623 1574 1617
3 1623 1573 1574
3 1624 1620 1618
3 1625 1615 1619
3 1625 1621 1615
3 1626 1623 1617
3 1626 1617 1620
3 1627 1618 1621
3 1627 1624 1618
3 1628 1555 1554
3 1628 1622 1555
3 1628 1619 1622
3 1628 1625 1619
3 1629 1571 1572
3 1629 1572 1573
3 1629 1573 1623
3 1630 1620 1624
3 1630 1626 1620
3 1631 1625 1628
3 1631 1627 1621
3 1631 1621 1625
3 1632 1629 1623
3 1632 1623 1626
3 1633 1630 1624
3 1633 1624 1627
3 1634 1554 1553
3 1634 1631 1628
3 1634 1628 1554
3 1635 1571 1629
3 1636 1632 1626
3 1636 1626 1630
3 1637 1633 1627
3 1637 1627 1631
3 1638 1635 1629
3 1638 1629 1632
3 1639 1636 1630
3 1639 1630 1633
3 1640 1553 1552
3 1640 1634 1553
3 1640 1631 1634
3 1640 1637 1631
3 1641 1571 1635
3 1641 1569 1570
3 1641 1570 1571
3 1642 1632 1636
3 1642 1638 1632
3 1643 1633 1637
3 1643 1639 1633
3 1644 1635 1638
3 1644 1641 1635
3 1645 1636 1639
3 1645 1642 1636
3 1646 1551 1550
3 1646 1552 1551
3 1646 1640 1552
3 1646 1643 1637
3 1646 1637 1640
3 1647 1581 1569
3 1647 1569 1641
3 1648 1638 1642
3 1648 1644 1638
3 1649 1645 1639
3 1649 1639 1643
3 1650 1641 1644
3 1650 1647 1641
3 1650 1582 1581
3 1650 1581 1647
3 1651 1642 1645
3 1651 1648 1642
3 1652 1646 1550
3 1652 1643 1646
3 1652 1649 1643
3 1653 1583 1582
3 1653 1582 1650
3 1653 1644 1648
3 1653 1650 1644
3 1654 1645 1649
3 1654 1651 1645
3 1655 1584 1583
3 1655 1648 1651
3 1655 1583 1653
3 1655 1653 1648
3 1655 1651 1654
3 1656 1550 1549
3 1656 1654 1649
3 1656 1652 1550
3 1656 1649 1652
3 1657 1655 1654
3 1657 1585 1584
3 1657 1586 1585
3 1657 1584 1655
3 1657 1654 1656
3 1658 1548 1547
3 1658 1549 1548
3 1658 1547 1586
3 1658 1656 1549
3 1658 1586 1657
3 1658 1657 1656
3 1669 1660 1659
3 1669 1659 1668
3 1670 1661 1660
3 1670 1660 1669
3 1671 1662 1661
3 1671 1661 1670
3 1672 1663 1662
3 1672 1662 1671
3 1673 1664 1663
3 1673 1663 1672
3 1674 1665 1664
3 1674 1664 1673
3 1667 1666 1665
3 1667 1665 1674
3 1685 1676 1675
3 1685 1675 1684
3 1686 1677 1676
3 1686 1676 1685
3 1687 1678 1677
3 1687 1677 1686
3 1688 1679 1678
3 1688 1678 1687
3 1689 1680 1679
3 1689 1679 1688
3 1690 1681 1680
3 1690 1680 1689
3 1683 1682 1681
3 1683 1681 1690
3 1725 1712 1713
3 1731 1705 1706
3 1731 1724 1705
3 1732 1731 1706
3 1732 1706 1707
3 1733 1723 1724
3 1733 1724 1731
3 1734 1707 1708
3 1734 1732 1707
3 1735 1733 1731
3 1735 1731 1732
3 1736 1708 1709
3 1736 1734 1708
3 1737 1722 1723
3 1737 1723 1733
3 1738 1732 1734
3 1738 1735 1732
3 1739 1709 1710
3 1739 1736 1709
3 1740 1737 1733
3 1740 1733 1735
3 1741 1738 1734
3 1741 1734 1736
3 1742 1704 1703
3 1742 1710 1711
3 1742 1711 1704
3 1742 1739 1710
3 1743 1721 1722
3 1743 1722 1737
3 1744 1740 1735
3 1744 1735 1738
3 1745 1736 1739
3 1745 1741 1736
3 1746 1743 1737
3 1746 1737 1740
3 1747 1738 1741
3 1747 1744 1738
3 1748 1703 1702
3 1748 1742 1703
3 1748 1745 1739
3 1748 1739 1742
3 1749 1720 1721
3 1749 1721 1743
3 1750 1746 1740
3 1750 1740 1744
3 1751 1747 1741
3 1751 1741 1745
3 1752 1749 1743
3 1752 1743 1746
3 1753 1750 1744
3 1753 1744 1747
3 1754 1702 1701
3 1754 1751 1745
3 1754 1748 1702
3 1754 1745 1748
3 1755 1719 1720
3 1755 1720 1749
3 1756 1752 1746
3 1756 1746 1750
3 1757 1747 1751
3 1757 1753 1747
3 1758 1749 1752
3 1758 1755 1749
3 1759 1750 1753
3 1759 1756 1750
3 1760 1701 1700
3 1760 1751 1754
3 1760 1757 1751
3 1760 1754 1701
3 1761 1718 1719
3 1761 1719 1755
3 1762 1752 1756
3 1762 1758 1752
3 1763 1759 1753
3 1763 1753 1757
3 1764 1755 1758
3 1764 1761 1755
3 1764 1758 1762
3 1765 1756 1759
3 1765 1762 1756
3 1766 1700 1699
3 1766 1760 1700
3 1766 1757 1760
3 1766 1763 1757
3 1767 1718 1761
3 1767 1717 1718
3 1768 1764 1762
3 1769 1759 1763
3 1769 1765 1759
3 1770 1767 1761
3 1770 1761 1764
3 1771 1762 1765
3 1771 1768 1762
3 1772 1699 1698
3 1772 1766 1699
3 1772 1763 1766
3 1772 1769 1763
3 1773 1715 1716
3 1773 1716 1717
3 1773 1717 1767
3 1774 1764 1768
3 1774 1770 1764
3 1775 1769 1772
3 1775 1771 1765
3 1775 1765 1769
3 1776 1773 1767
3 1776 1767 1770
3 1777 1774 1768
3 1777 1768 1771
3 1778 1698 1697
3 1778 1775 1772
3 1778 1772 1698
3 1779 1715 1773
3 1780 1776 1770
3 1780 1770 1774
3 1781 1777 1771
3 1781 1771 1775
3 1782 1779 1773
3 1782 1773 1776
3 1783 1780 1774
3 1783 1774 1777
3 1784 1697 1696
3 1784 1778 1697
3 1784 1775 1778
3 1784 1781 1775
3 1785 1715 1779
3 1785 1713 1714
3 1785 1714 1715
3 1786 1776 1780
3 1786 1782 1776
3 1787 1777 1781
3 1787 1783 1777
3 1788 1779 1782
3 1788 1785 1779
3 1789 1780 1783
3 1789 1786 1780
3 1790 1695 1694
3 1790 1696 1695
3 1790 1784 1696
3 1790 1787 1781
3 1790 1781 1784
3 1791 1725 1713
3 1791 1713 1785
3 1792 1782 1786
3 1792 1788 1782
3 1793 1789 1783
3 1793 1783 1787
3 1794 1785 1788
3 1794 1791 1785
3 1794 1726 1725
3 1794 1725 1791
3 1795 1786 1789
3 1795 1792 1786
3 1796 1790 1694
3 1796 1787 1790
3 1796 1793 1787
3 1797 1727 1726
3 1797 1726 1794
3 1797 1788 1792
3 1797 1794 1788
3 1798 1789 1793
3 1798 1795 1789
3 1799 1728 1727
3 1799 1792 1795
3 1799 1727 1797
3 1799 1797 1792
3 1799 1795 1798
3 1800 1694 1693
3 1800 1798 1793
3 1800 1796 1694
3 1800 1793 1796
3 1801 1799 1798
3 1801 1729 1728
3 1801 1730 1729
3 1801 1728 1799
3 1801 1798 1800
3 1802 1692 1691
3 1802 1693 1692
3 1802 1691 1730
3 1802 1800 1693
3 1802 1730 1801
3 1802 1801 1800
3 1806 1807 1808
3 1804 1805 1806
3 1803 1808 1809
3 1803 1809 1810
3 1803 1810 1811
3 1803 1811 1812
3 1803 1812 1813
3 1803 1813 1814
3 1803 1814 1815
3 1803 1815 1816
3 1803 1806 1808
3 1803 1804 1806
3 1819 1817 1818
3 1821 1819 1820
3 1830 1816 1817
3 1830 1803 1816
3 1827 1821 1822
3 1827 1822 1823
3 1827 1823 1824
3 1827 1824 1825
3 1827 1825 1826
3 1827 1828 1829
3 1827 1829 1830
3 1827 1817 1819
3 1827 1819 1821
3 1827 1830 1817
