ply
format ascii 1.0
comment generated by blendit.inference.finetune_visualize
element vertex 4187
property float x
property float y
property float z
property uchar red
property uchar green
property uchar blue
element face 6138
property list uchar int vertex_indices
end_header
0 3.46542536 20.1112905 218 222 230
0 7.39188257 20.1579861 218 222 230
-1.44109458e-17 8.58180493 20.049493 218 222 230
7.42973138e-17 9.20557652 19.8377014 218 222 230
8.87915232e-17 9.65717519 19.5732162 218 222 230
9.82531537e-17 10.0964201 19.1705838 218 222 230
2.09247421e-16 10.4137871 18.6990336 218 222 230
-5.97535368e-17 10.59277 18.222591 218 222 230
0 10.6559981 17.7141387 218 222 230
-2.22044605e-16 10.4764257 1.44539336 218 222 230
-2.22044605e-16 23.7002516 1.44539336 218 222 230
0 23.7369813 4.0742822 218 222 230
-8.23293285e-18 23.8658327 5.13206656 218 222 230
2.4188327e-17 24.2447985 6.12820257 218 222 230
-1.98975766e-17 24.8521778 7.0044272 218 222 230
5.11459325e-17 25.6529947 7.70885472 218 222 230
5.50283728e-17 26.6004218 8.19932155 218 222 230
-5.2888797e-17 27.3534785 8.40503014 218 222 230
0 28.1310522 8.47422926 218 222 230
0 66.710911 8.47422926 218 222 230
8.22397643e-17 66.8090832 8.48402833 218 222 230
-2.92636946e-17 66.9042317 8.51247453 218 222 230
-8.59798296e-17 66.9936722 8.55784377 218 222 230
-5.37943709e-17 67.0751305 8.61807843 218 222 230
1.86797145e-17 67.1467813 8.69086933 218 222 230
7.49486277e-17 67.2072703 8.77373937 218 222 230
7.67631012e-17 67.269113 8.89548087 218 222 230
2.85453071e-18 67.3122514 9.04088865 218 222 230
-5.79241304e-17 67.3284119 9.18742357 218 222 230
-3.72947894e-17 67.3205584 9.32792721 218 222 230
3.88156184e-17 67.2932748 9.45662919 218 222 230
6.18911432e-17 67.2367849 9.60310102 218 222 230
-8.26405541e-17 67.1636963 9.72919 218 222 230
3.55792899e-16 67.0875457 9.84061268 218 222 230
5.48357408e-16 67.0746053 9.8680552 218 222 230
4.31754675e-16 67.0712302 9.88087735 218 222 230
0 67.0700822 9.89343386 218 222 230
-2.12024714e-18 67.3118929 20.0855123 218 222 230
-1.98646598e-17 67.8619715 33.6749502 218 222 230
-4.80967929e-17 68.201063 42.537313 218 222 230
0 68.4036215 51.3996759 218 222 230
-7.73877387e-17 68.3722293 51.6520619 218 222 230
1.28093005e-17 68.2830511 51.8900783 218 222 230
4.58023236e-17 68.1453894 52.1021691 218 222 230
2.427238e-17 67.9702585 52.2801562 218 222 230
9.94810242e-18 67.7694848 52.4193947 218 222 230
3.19390945e-17 67.5548136 52.5187251 218 222 230
6.53550063e-17 67.3370625 52.580234 218 222 230
4.93707418e-17 67.0573926 52.6122495 218 222 230
-9.6895426e-20 66.6249895 52.582324 218 222 230
0 66.2775013 52.5469044 218 222 230
-4.4408921e-16 3.27605794 53.5871004 218 222 230
-2.10524925e-17 20.6170136 53.3582899 218 222 230
-4.89897051e-17 43.4472574 52.8707071 218 222 230
-4.09454614e-17 55.8821155 52.647964 218 222 230
0 3.27605794 23.4015228 218 222 230
-9.37537561e-16 3.21288003 20.1428779 218 222 230
-6.24191751e-16 2.97147077 20.23387 218 222 230
-2.81571572e-16 2.75088422 20.3775673 218 222 230
-1.95876351e-16 2.5590919 20.5661117 218 222 230
-2.63071508e-16 2.40223945 20.7907923 218 222 230
-3.03951638e-16 2.28458331 21.0423614 218 222 230
-2.12790078e-16 2.20847444 21.311352 218 222 230
5.56003542e-18 2.17438758 21.5883918 218 222 230
2.64082354e-16 2.18099461 21.864506 218 222 230
4.50334863e-16 2.22527978 22.1314041 218 222 230
4.55497207e-16 2.33487724 22.4604107 218 222 230
1.54864621e-16 2.51033236 22.778242 218 222 230
-1.69438776e-16 2.71648239 23.0284317 218 222 230
-1.80342672e-16 2.92476499 23.2065205 218 222 230
9.03408823e-17 3.10562568 23.3172265 218 222 230
8.32352285e-17 3.25588263 23.385683 218 222 230
6.16121825e-19 3.27091705 23.3941817 218 222 230
0 62.1576056 22.8930993 218 222 230
0 61.6164552 22.9588069 218 222 230
0 61.1067545 23.1521109 218 222 230
0 60.6581254 23.4617771 218 222 230
0 60.2966407 23.869809 218 222 230
0 60.0433085 24.3524932 218 222 230
0 59.9128515 24.8817779 218 222 230
0 59.9128515 25.4269029 218 222 230
0 60.0433085 25.9561875 218 222 230
0 60.2966407 26.4388717 218 222 230
0 60.6581254 26.8469036 218 222 230
0 61.1067545 27.1565699 218 222 230
0 61.6164552 27.3498739 218 222 230
0 62.1576056 27.4155814 218 222 230
0 62.698756 27.3498739 218 222 230
0 63.2084567 27.1565699 218 222 230
0 63.6570857 26.8469036 218 222 230
0 64.0185705 26.4388717 218 222 230
0 64.2719027 25.9561875 218 222 230
0 64.4023596 25.4269029 218 222 230
0 64.4023596 24.8817779 218 222 230
0 64.2719027 24.3524932 218 222 230
0 64.0185705 23.869809 218 222 230
0 63.6570857 23.4617771 218 222 230
0 63.2084567 23.1521109 218 222 230
0 62.698756 22.9588069 218 222 230
0 62.1576056 22.8930993 255 79 163
0.0118159632 62.1576056 22.9979689 255 79 163
0.0466713512 62.1576056 23.0975799 255 79 163
0.102818369 62.1576056 23.1869373 255 79 163
0.177441571 62.1576056 23.2615605 255 79 163
0.266799039 62.1576056 23.3177076 255 79 163
0.366410015 62.1576056 23.352563 255 79 163
0.471279589 62.1576056 23.3643789 255 79 163
0 61.6164552 22.9588069 255 79 163
0 61.1067545 23.1521109 255 79 163
0 60.6581254 23.4617771 255 79 163
0 60.2966407 23.869809 255 79 163
0 60.0433085 24.3524932 255 79 163
0 59.9128515 24.8817779 255 79 163
0 59.9128515 25.4269029 255 79 163
0 60.0433085 25.9561875 255 79 163
0 60.2966407 26.4388717 255 79 163
0 60.6581254 26.8469036 255 79 163
0 61.1067545 27.1565699 255 79 163
0 61.6164552 27.3498739 255 79 163
0 62.1576056 27.4155814 255 79 163
0 62.698756 27.3498739 255 79 163
0 63.2084567 27.1565699 255 79 163
0 63.6570857 26.8469036 255 79 163
0 64.0185705 26.4388717 255 79 163
0 64.2719027 25.9561875 255 79 163
0 64.4023596 25.4269029 255 79 163
0 64.4023596 24.8817779 255 79 163
0 64.2719027 24.3524932 255 79 163
0 64.0185705 23.869809 255 79 163
0 63.6570857 23.4617771 255 79 163
0 63.2084567 23.1521109 255 79 163
0 62.698756 22.9588069 255 79 163
0 62.1576056 22.8930993 255 79 163
0.0118159632 62.1576056 22.9979689 255 79 163
0.0466713512 62.1576056 23.0975799 255 79 163
0.102818369 62.1576056 23.1869373 255 79 163
0.177441571 62.1576056 23.2615605 255 79 163
0.266799039 62.1576056 23.3177076 255 79 163
0.366410015 62.1576056 23.352563 255 79 163
0.471279589 62.1576056 23.3643789 255 79 163
0.471279589 61.7292397 23.4163919 255 79 163
0.471279589 61.325769 23.5694082 255 79 163
0.471279589 60.9706416 23.814535 255 79 163
0.471279589 60.6844962 24.1375264 255 79 163
0.471279589 60.4839625 24.5196113 255 79 163
0.471279589 60.3806949 24.9385844 255 79 163
0.471279589 60.3806949 25.3700964 255 79 163
0.471279589 60.4839625 25.7890694 255 79 163
0.471279589 60.6844962 26.1711544 255 79 163
0.471279589 60.9706416 26.4941458 255 79 163
0.471279589 61.325769 26.7392725 255 79 163
0.471279589 61.7292397 26.8922888 255 79 163
0.471279589 62.1576056 26.9443018 255 79 163
0.471279589 62.5859714 26.8922888 255 79 163
0.471279589 62.9894421 26.7392725 255 79 163
0.471279589 63.3445696 26.4941458 255 79 163
0.471279589 63.630715 26.1711544 255 79 163
0.471279589 63.8312486 25.7890694 255 79 163
0.471279589 63.9345162 25.3700964 255 79 163
0.471279589 63.9345162 24.9385844 255 79 163
0.471279589 63.8312486 24.5196113 255 79 163
0.471279589 63.630715 24.1375264 255 79 163
0.471279589 63.3445696 23.814535 255 79 163
0.471279589 62.9894421 23.5694082 255 79 163
0.471279589 62.5859714 23.4163919 255 79 163
0.0118159632 61.6415521 23.0606291 255 79 163
0.0466713512 61.6653906 23.1573456 255 79 163
0.102818369 61.6867752 23.2441065 255 79 163
0.177441571 61.7046337 23.3165613 255 79 163
0.266799039 61.7180706 23.3710768 255 79 163
0.0118159632 61.1554898 23.2449683 255 79 163
0.366410015 61.726412 23.4049193 255 79 163
0.0466713512 61.2017813 23.3331694 255 79 163
0.102818369 61.2433078 23.4122915 255 79 163
0.177441571 61.2779869 23.4783671 255 79 163
0.266799039 61.3040797 23.5280828 255 79 163
0.0118159632 60.7276668 23.5402731 255 79 163
0.366410015 61.3202778 23.5589457 255 79 163
0.0466713512 60.7937211 23.614833 255 79 163
0.102818369 60.852976 23.6817181 255 79 163
0.177441571 60.9024604 23.7375743 255 79 163
0.266799039 60.9396927 23.779601 255 79 163
0.0118159632 60.3829466 23.9293818 255 79 163
0.366410015 60.9628061 23.8056906 255 79 163
0.0466713512 60.4649249 23.9859672 255 79 163
0.102818369 60.5384646 24.0367281 255 79 163
0.177441571 60.5998783 24.0791189 255 79 163
0.266799039 60.6460864 24.111014 255 79 163
0.0118159632 60.1413632 24.3896805 255 79 163
0.366410015 60.6747718 24.1308141 255 79 163
0.0466713512 60.2345011 24.425003 255 79 163
0.102818369 60.3180518 24.4566896 255 79 163
0.177441571 60.3878257 24.4831514 255 79 163
0.266799039 60.4403241 24.5030614 255 79 163
0.0118159632 60.0169565 24.8944185 255 79 163
0.366410015 60.4729144 24.5154213 255 79 163
0.0466713512 60.1158412 24.9064253 255 79 163
0.102818369 60.2045471 24.9171961 255 79 163
0.177441571 60.2786262 24.926191 255 79 163
0.266799039 60.3343639 24.9329587 255 79 163
0.0118159632 60.0169565 25.4142622 255 79 163
0.366410015 60.3689651 24.9371601 255 79 163
0.0466713512 60.1158412 25.4022554 255 79 163
0.102818369 60.2045471 25.3914846 255 79 163
0.177441571 60.2786262 25.3824898 255 79 163
0.266799039 60.3343639 25.375722 255 79 163
0.0118159632 60.1413632 25.9190002 255 79 163
0.366410015 60.3689651 25.3715206 255 79 163
0.0466713512 60.2345011 25.8836777 255 79 163
0.102818369 60.3180518 25.8519911 255 79 163
0.177441571 60.3878257 25.8255293 255 79 163
0.266799039 60.4403241 25.8056193 255 79 163
0.0118159632 60.3829466 26.379299 255 79 163
0.366410015 60.4729144 25.7932594 255 79 163
0.0466713512 60.4649249 26.3227135 255 79 163
0.102818369 60.5384646 26.2719527 255 79 163
0.177441571 60.5998783 26.2295619 255 79 163
0.266799039 60.6460864 26.1976667 255 79 163
0.0118159632 60.7276668 26.7684076 255 79 163
0.366410015 60.6747718 26.1778666 255 79 163
0.0466713512 60.7937211 26.6938477 255 79 163
0.102818369 60.852976 26.6269627 255 79 163
0.177441571 60.9024604 26.5711064 255 79 163
0.266799039 60.9396927 26.5290798 255 79 163
0.0118159632 61.1554898 27.0637125 255 79 163
0.366410015 60.9628061 26.5029901 255 79 163
0.0466713512 61.2017813 26.9755113 255 79 163
0.102818369 61.2433078 26.8963892 255 79 163
0.177441571 61.2779869 26.8303137 255 79 163
0.266799039 61.3040797 26.7805979 255 79 163
0.0118159632 61.6415521 27.2480516 255 79 163
0.366410015 61.3202778 26.749735 255 79 163
0.0466713512 61.6653906 27.1513351 255 79 163
0.102818369 61.6867752 27.0645742 255 79 163
0.177441571 61.7046337 26.9921194 255 79 163
0.266799039 61.7180706 26.937604 255 79 163
0.0118159632 62.1576056 27.3107118 255 79 163
0.366410015 61.726412 26.9037614 255 79 163
0.0466713512 62.1576056 27.2111009 255 79 163
0.102818369 62.1576056 27.1217434 255 79 163
0.177441571 62.1576056 27.0471202 255 79 163
0.266799039 62.1576056 26.9909732 255 79 163
0.0118159632 62.673659 27.2480516 255 79 163
0.366410015 62.1576056 26.9561178 255 79 163
0.0466713512 62.6498206 27.1513351 255 79 163
0.102818369 62.6284359 27.0645742 255 79 163
0.177441571 62.6105774 26.9921194 255 79 163
0.266799039 62.5971406 26.937604 255 79 163
0.0118159632 63.1597213 27.0637125 255 79 163
0.366410015 62.5887991 26.9037614 255 79 163
0.0466713512 63.1134298 26.9755113 255 79 163
0.102818369 63.0719033 26.8963892 255 79 163
0.177441571 63.0372242 26.8303137 255 79 163
0.266799039 63.0111314 26.7805979 255 79 163
0.0118159632 63.5875443 26.7684076 255 79 163
0.366410015 62.9949333 26.749735 255 79 163
0.0466713512 63.52149 26.6938477 255 79 163
0.102818369 63.4622351 26.6269627 255 79 163
0.177441571 63.4127507 26.5711064 255 79 163
0.266799039 63.3755184 26.5290798 255 79 163
0.0118159632 63.9322645 26.379299 255 79 163
0.366410015 63.352405 26.5029901 255 79 163
0.0466713512 63.8502863 26.3227135 255 79 163
0.102818369 63.7767465 26.2719527 255 79 163
0.177441571 63.7153328 26.2295619 255 79 163
0.266799039 63.6691247 26.1976667 255 79 163
0.0118159632 64.1738479 25.9190002 255 79 163
0.366410015 63.6404393 26.1778666 255 79 163
0.0466713512 64.08071 25.8836777 255 79 163
0.102818369 63.9971593 25.8519911 255 79 163
0.177441571 63.9273854 25.8255293 255 79 163
0.266799039 63.8748871 25.8056193 255 79 163
0.0118159632 64.2982546 25.4142622 255 79 163
0.366410015 63.8422967 25.7932594 255 79 163
0.0466713512 64.1993699 25.4022554 255 79 163
0.102818369 64.110664 25.3914846 255 79 163
0.177441571 64.0365849 25.3824898 255 79 163
0.266799039 63.9808472 25.375722 255 79 163
0.0118159632 64.2982546 24.8944185 255 79 163
0.366410015 63.946246 25.3715206 255 79 163
0.0466713512 64.1993699 24.9064253 255 79 163
0.102818369 64.110664 24.9171961 255 79 163
0.177441571 64.0365849 24.926191 255 79 163
0.266799039 63.9808472 24.9329587 255 79 163
0.0118159632 64.1738479 24.3896805 255 79 163
0.366410015 63.946246 24.9371601 255 79 163
0.0466713512 64.08071 24.425003 255 79 163
0.102818369 63.9971593 24.4566896 255 79 163
0.177441571 63.9273854 24.4831514 255 79 163
0.266799039 63.8748871 24.5030614 255 79 163
0.0118159632 63.9322645 23.9293818 255 79 163
0.366410015 63.8422967 24.5154213 255 79 163
0.0466713512 63.8502863 23.9859672 255 79 163
0.102818369 63.7767465 24.0367281 255 79 163
0.177441571 63.7153328 24.0791189 255 79 163
0.266799039 63.6691247 24.111014 255 79 163
0.0118159632 63.5875443 23.5402731 255 79 163
0.366410015 63.6404393 24.1308141 255 79 163
0.0466713512 63.52149 23.614833 255 79 163
0.102818369 63.4622351 23.6817181 255 79 163
0.177441571 63.4127507 23.7375743 255 79 163
0.266799039 63.3755184 23.779601 255 79 163
0.0118159632 63.1597213 23.2449683 255 79 163
0.366410015 63.352405 23.8056906 255 79 163
0.0466713512 63.1134298 23.3331694 255 79 163
0.102818369 63.0719033 23.4122915 255 79 163
0.177441571 63.0372242 23.4783671 255 79 163
0.266799039 63.0111314 23.5280828 255 79 163
0.0118159632 62.673659 23.0606291 255 79 163
0.366410015 62.9949333 23.5589457 255 79 163
0.0466713512 62.6498206 23.1573456 255 79 163
0.102818369 62.6284359 23.2441065 255 79 163
0.177441571 62.6105774 23.3165613 255 79 163
0.266799039 62.5971406 23.3710768 255 79 163
0.366410015 62.5887991 23.4049193 255 79 163
0 3.46542536 20.1112905 218 222 230
0.00529747092 3.46542536 20.0685342 218 222 230
0.0201180889 3.46542536 20.0297775 218 222 230
0.04180483 3.46542536 19.9977115 218 222 230
0.0702806837 3.46542536 19.9709837 218 222 230
0.103408388 3.46542536 19.9514794 218 222 230
0.138534805 3.46542536 19.9399756 218 222 230
0.157104622 3.46542536 19.9370337 218 222 230
0.17519302 3.46542536 19.9360974 218 222 230
0.221888641 7.39188257 19.9360974 218 222 230
0 7.39188257 20.1579861 218 222 230
0.00670944895 7.39188257 20.1038337 218 222 230
0.0254803269 7.39188257 20.0547468 218 222 230
0.0529474115 7.39188257 20.014134 218 222 230
0.0890131661 7.39188257 19.9802822 218 222 230
0.130970667 7.39188257 19.9555793 218 222 230
0.175459613 7.39188257 19.9410093 218 222 230
0.198978995 7.39188257 19.9372833 218 222 230
0 3.46542536 20.1112905 255 79 163
0.00529747092 3.46542536 20.0685342 255 79 163
0.0201180889 3.46542536 20.0297775 255 79 163
0.04180483 3.46542536 19.9977115 255 79 163
0.0702806837 3.46542536 19.9709837 255 79 163
0.103408388 3.46542536 19.9514794 255 79 163
0.138534805 3.46542536 19.9399756 255 79 163
0.157104622 3.46542536 19.9370337 255 79 163
0.17519302 3.46542536 19.9360974 255 79 163
0.210023868 3.12572107 19.9527877 255 79 163
0.308458254 2.78928897 20.0026976 255 79 163
0.461408939 2.45936971 20.0853465 255 79 163
0.734439982 2.03508828 20.2450519 255 79 163
1.11131669 1.58737698 20.4891171 255 79 163
1.67740468 1.05523303 20.9115136 255 79 163
2.31784029 0.568190286 21.5001544 255 79 163
2.86239784 0.221968307 22.1812117 255 79 163
3.13961507 0.0682598635 22.7170964 255 79 163
3.24037553 0.0171071967 23.0576119 255 79 163
3.27605794 -4.4408921e-16 23.4015228 255 79 163
0 3.27605794 23.4015228 255 79 163
0.0923411679 2.50372178 23.4015228 255 79 163
0.350580611 1.80156208 23.4015228 255 79 163
0.729602705 1.21496081 23.4015228 255 79 163
1.23052392 0.717084275 23.4015228 255 79 163
1.81901762 0.341847802 23.4015228 255 79 163
2.45085707 0.105632233 23.4015228 255 79 163
2.86910938 0.0253736284 23.4015228 255 79 163
-9.37537561e-16 3.21288003 20.1428779 255 79 163
-6.24191751e-16 2.97147077 20.23387 255 79 163
-2.81571572e-16 2.75088422 20.3775673 255 79 163
-1.95876351e-16 2.5590919 20.5661117 255 79 163
-2.63071508e-16 2.40223945 20.7907923 255 79 163
-3.03951638e-16 2.28458331 21.0423614 255 79 163
-2.12790078e-16 2.20847444 21.311352 255 79 163
5.56003542e-18 2.17438758 21.5883918 255 79 163
2.64082354e-16 2.18099461 21.864506 255 79 163
4.50334863e-16 2.22527978 22.1314041 255 79 163
4.55497207e-16 2.33487724 22.4604107 255 79 163
1.54864621e-16 2.51033236 22.778242 255 79 163
-1.69438776e-16 2.71648239 23.0284317 255 79 163
-1.80342672e-16 2.92476499 23.2065205 255 79 163
9.03408823e-17 3.10562568 23.3172265 255 79 163
8.32352285e-17 3.25588263 23.385683 255 79 163
6.16121825e-19 3.27091705 23.3941817 255 79 163
0.0903380248 2.80697881 20.0912872 255 79 163
0.193222583 2.2132072 20.3784012 255 79 163
0.920509977 0.969409479 22.9050341 255 79 163
0.029132805 2.111048 21.0229926 255 79 163
0.058599531 2.14253855 20.7781679 255 79 163
0.0654728775 2.07206856 20.8853933 255 79 163
0.0445712761 1.95061149 21.60341 255 79 163
0.151233014 1.85273859 21.0389693 255 79 163
0.0491600131 1.93828327 21.7676832 255 79 163
0.103902376 1.83133274 21.469639 255 79 163
0.505424001 1.37238835 21.3084858 255 79 163
0.11188767 1.80636087 21.587298 255 79 163
0.0545436622 1.94046701 21.9550758 255 79 163
0.11991797 1.78825567 21.7042078 255 79 163
0.0610375704 1.96459522 22.1730605 255 79 163
0.130627661 1.77419466 21.8578852 255 79 163
0.142573782 1.77102318 22.0262883 255 79 163
0.583138947 1.63616191 20.6313589 255 79 163
0.0783212948 2.12676963 22.7085341 255 79 163
0.294434541 1.55869509 22.1374438 255 79 163
0.180488701 1.83709722 22.5424959 255 79 163
0.817625419 1.01917757 22.388254 255 79 163
0.892692947 1.35119349 20.7820618 255 79 163
0.0838940374 2.20552845 22.8683399 255 79 163
0.190427886 1.87143776 22.6754282 255 79 163
1.13419514 1.23849343 20.8058403 255 79 163
1.07519474 1.11882029 21.0163838 255 79 163
0.199555086 1.90862534 22.7987251 255 79 163
0.0923258878 2.34631673 23.1067545 255 79 163
1.28079256 0.887918626 21.3040115 255 79 163
0.212782984 1.9717347 22.9861185 255 79 163
1.44471347 0.9094355 21.1478802 255 79 163
1.17652139 0.823738056 21.6469284 255 79 163
0.377872922 1.6056657 22.802233 255 79 163
0.219069928 2.00546347 23.0853906 255 79 163
0.0818424101 2.51258099 23.2913938 255 79 163
0.261457501 1.95208738 23.1849224 255 79 163
1.6223358 0.561782654 21.8649118 255 79 163
1.50707063 0.529988708 22.4407851 255 79 163
2.01974965 0.409604326 21.946286 255 79 163
1.78671375 0.427079414 22.2010649 255 79 163
1.90764849 0.336965273 22.5083443 255 79 163
1.98495393 0.283680433 22.7645667 255 79 163
2.31529137 0.198863311 22.5616153 255 79 163
1.94841964 0.287535317 22.9804953 255 79 163
2.52431663 0.0968193248 23.0655618 255 79 163
0.0866566719 2.41528 20.3525936 255 79 163
0.674758272 1.14013728 21.8585191 255 79 163
0.0374460543 2.915428 20.1157952 255 79 163
0 7.39188257 20.1579861 218 222 230
0.00670944895 7.39188257 20.1038337 218 222 230
0.0254803269 7.39188257 20.0547468 218 222 230
0.0529474115 7.39188257 20.014134 218 222 230
0.0890131661 7.39188257 19.9802822 218 222 230
0.130970667 7.39188257 19.9555793 218 222 230
0.175459613 7.39188257 19.9410093 218 222 230
0.198978995 7.39188257 19.9372833 218 222 230
0.221888641 7.39188257 19.9360974 218 222 230
0.246750534 7.75394428 19.9063989 218 222 230
0.313916858 8.10632604 19.8180964 218 222 230
0.412249273 8.43960643 19.6735507 218 222 230
0.530610632 8.74487525 19.4766276 218 222 230
0.657864992 9.01397251 19.2325936 218 222 230
0.782877388 9.23970685 18.9479747 218 222 230
0.894513224 9.41604731 18.6303805 218 222 230
0.981637289 9.53828344 18.2883002 218 222 230
1.02614396 9.59479911 18.0036882 218 222 230
1.04225252 9.61374561 17.7141387 218 222 230
0 10.6559981 17.7141387 218 222 230
0.0315155388 10.4016341 17.7141387 218 222 230
0.119685869 10.171064 17.7141387 218 222 230
0.248703912 9.98029781 17.7141387 218 222 230
0.418111519 9.8212896 17.7141387 218 222 230
0.615193762 9.70525572 17.7141387 218 222 230
0.824166679 9.63681764 17.7141387 218 222 230
0.934641623 9.61931582 17.7141387 218 222 230
-1.44109458e-17 8.58180493 20.049493 218 222 230
7.42973138e-17 9.20557652 19.8377014 218 222 230
8.87915232e-17 9.65717519 19.5732162 218 222 230
9.82531537e-17 10.0964201 19.1705838 218 222 230
2.09247421e-16 10.4137871 18.6990336 218 222 230
-5.97535368e-17 10.59277 18.222591 218 222 230
0.0753126366 7.8400582 19.9672694 218 222 230
0.141008324 8.70467015 19.6788641 218 222 230
0.229229517 9.4299382 19.0759239 218 222 230
0.294935601 9.86034107 18.2051455 218 222 230
0.0476099392 9.37309872 19.4746912 218 222 230
0.302456689 9.11397337 19.2848327 218 222 230
0 3.27605794 23.4015228 218 222 230
0.0923411679 2.50372178 23.4015228 218 222 230
0.350580611 1.80156208 23.4015228 218 222 230
0.729602705 1.21496081 23.4015228 218 222 230
1.23052392 0.717084275 23.4015228 218 222 230
1.81901762 0.341847802 23.4015228 218 222 230
2.45085707 0.105632233 23.4015228 218 222 230
2.86910938 0.0253736284 23.4015228 218 222 230
3.27605794 -4.4408921e-16 23.4015228 218 222 230
3.27605794 -4.4408921e-16 51.6198524 218 222 230
2.82305051 0.031471702 51.6631718 218 222 230
2.3787468 0.125282108 51.78229 218 222 230
1.95168325 0.279628845 51.9609469 218 222 230
1.5500651 0.491546432 52.1828824 218 222 230
1.06740381 0.856470671 52.5180146 218 222 230
0.615195695 1.36494106 52.9044628 218 222 230
0.277785066 1.95586272 53.2480442 218 222 230
0.0844118028 2.53717327 53.47526 218 222 230
0.0211713665 2.90421257 53.5576462 218 222 230
-4.4408921e-16 3.27605794 53.5871004 218 222 230
0 10.6559981 17.7141387 218 222 230
0.0315155388 10.4016341 17.7141387 218 222 230
0.119685869 10.171064 17.7141387 218 222 230
0.248703912 9.98029781 17.7141387 218 222 230
0.418111519 9.8212896 17.7141387 218 222 230
0.615193762 9.70525572 17.7141387 218 222 230
0.824166679 9.63681764 17.7141387 218 222 230
0.934641623 9.61931582 17.7141387 218 222 230
1.04225252 9.61374561 17.7141387 218 222 230
0.862680102 9.61374561 1.44539336 218 222 230
0.6521411 9.63983125 1.44539336 218 222 230
0.461296561 9.71281049 1.44539336 218 222 230
0.303397961 9.81959967 1.44539336 218 222 230
0.171785694 9.9598196 1.44539336 218 222 230
0.0757435924 10.122946 1.44539336 218 222 230
0.0190968855 10.2959145 1.44539336 218 222 230
0.00461050466 10.3873554 1.44539336 218 222 230
-2.22044605e-16 10.4764257 1.44539336 218 222 230
0.114395367 3.27605794 53.7014958 255 79 163
0.0864769226 3.27605794 53.6980367 255 79 163
0.0611700551 3.27605794 53.6883593 255 79 163
0.0402319712 3.27605794 53.6741986 255 79 163
0.0227795766 3.27605794 53.6556048 255 79 163
0.0100439503 3.27605794 53.6339734 255 79 163
0.00253233523 3.27605794 53.611037 255 79 163
0.000611374217 3.27605794 53.5989115 255 79 163
-4.4408921e-16 3.27605794 53.5871004 255 79 163
0.343205833 20.6170136 53.7014958 255 79 163
0.830788719 43.4472574 53.7014958 255 79 163
1.05353178 55.8821155 53.7014958 255 79 163
1.15459142 66.2775013 53.7014958 255 79 163
0 66.2775013 52.5469044 255 79 163
0.0349124325 66.2775013 52.828685 255 79 163
0.132586178 66.2775013 53.084107 255 79 163
0.275510395 66.2775013 53.2954348 255 79 163
0.463177554 66.2775013 53.4715817 255 79 163
0.681502252 66.2775013 53.6001223 255 79 163
0.912999257 66.2775013 53.6759369 255 79 163
1.03538171 66.2775013 53.6953252 255 79 163
-2.10524925e-17 20.6170136 53.3582899 255 79 163
-4.89897051e-17 43.4472574 52.8707071 255 79 163
-4.09454614e-17 55.8821155 52.647964 255 79 163
0.100522661 20.6170136 53.6009731 255 79 163
0.25482867 28.2270949 53.6377886 255 79 163
0.085112297 35.8371761 53.3610466 255 79 163
0.116714764 47.5922101 53.2346367 255 79 163
0.505212709 51.7371628 53.5751926 255 79 163
0.665813672 61.0798084 53.6064991 255 79 163
0.0534609672 24.4220542 53.4876519 255 79 163
0.170449326 32.0321355 53.5310464 255 79 163
0.38315315 39.6422168 53.6057075 255 79 163
0.446101573 45.5197338 53.5899704 255 79 163
0.372744691 44.8289083 53.5505496 255 79 163
0.390623998 46.9013847 53.5433092 255 79 163
0.278938938 49.6646865 53.4225568 255 79 163
0.175751968 52.4279883 53.267496 255 79 163
0.130624186 53.8096392 53.178999 255 79 163
0.181532589 54.5004646 53.2532214 255 79 163
0.667747623 57.6146798 53.6207172 255 79 163
0.301156807 59.3472441 53.3588954 255 79 163
0.213374373 62.2348513 53.2341786 255 79 163
0.173507821 63.6786549 53.1668111 255 79 163
0.265195771 63.6786549 53.293141 255 79 163
0.115471367 64.544937 53.0576334 255 79 163
0.194230405 22.5195339 53.6529382 255 79 163
0.101013996 41.5447371 53.2974398 255 79 163
0.108848987 44.4834956 53.2660998 255 79 163
0.0900959554 44.1380829 53.2361241 255 79 163
0.180925049 44.5986332 53.372821 255 79 163
0.522496745 53.8096392 53.5708716 255 79 163
0.398777309 54.7307398 53.4819815 255 79 163
0.530597286 54.8458774 53.5688465 255 79 163
0.574690302 55.1912901 53.5902357 255 79 163
0.665732304 55.8821155 53.6275255 255 79 163
0.13335162 56.459637 53.1550148 255 79 163
0.073970256 55.8821155 53.0357635 255 79 163
0.308572314 55.8821155 53.3929235 255 79 163
0.169859254 56.7483977 53.213129 255 79 163
0.307079057 56.7483977 53.3843606 255 79 163
0.209465985 57.6146798 53.2627232 255 79 163
0.451865924 64.8336977 53.4669685 255 79 163
0.679855788 64.9780781 53.6018274 255 79 163
0.44693095 65.4112192 53.4614617 255 79 163
0.501822254 65.4112192 53.5013456 255 79 163
0.558650485 65.4112192 53.5377319 255 79 163
0.633803611 65.6999799 53.5784698 255 79 163
0.714098399 65.6999799 53.6151101 255 79 163
0.0461740569 21.5682737 53.5167995 255 79 163
0.414342295 42.4959973 53.5979102 255 79 163
0.354706449 42.813084 53.5578543 255 79 163
0.243332382 43.4472574 53.4581634 255 79 163
0.352082542 43.6775326 53.5474128 255 79 163
0.411727457 43.7926702 53.5850043 255 79 163
0.327839656 44.0613245 53.5255336 255 79 163
0.48669308 44.0229453 53.6226103 255 79 163
0.0978475555 55.3064277 53.097814 255 79 163
0.2179378 55.2680485 53.2954503 255 79 163
0.145776241 55.5367028 53.1862642 255 79 163
0.119142629 55.6518404 53.1371143 255 79 163
0.666420902 56.3152566 53.6258455 255 79 163
0.109067015 65.8443602 53.0384015 255 79 163
0.249467628 65.9887406 53.2646274 255 79 163
0.180003881 21.0926437 53.6564948 255 79 163
0.104859393 42.9716274 53.2820582 255 79 163
0.173580971 42.9187796 53.3861625 255 79 163
0.0878726095 43.1301707 53.2476083 255 79 163
0.0860539841 43.562395 53.2370894 255 79 163
0.0444193046 20.8548286 53.5238186 255 79 163
-2.22044605e-16 23.7002516 1.44539336 255 79 163
0.0373876021 23.7127005 1.11877196 255 79 163
0.147615921 23.7447139 0.809047613 255 79 163
0.324982863 23.788292 0.532243782 255 79 163
0.560312318 23.8354347 0.302680172 255 79 163
0.841429951 23.8781422 0.132232905 255 79 163
1.13625863 23.9072209 0.033445255 255 79 163
1.44539336 23.9184169 -2.22044605e-16 255 79 163
1.44539336 10.4527449 -2.22044605e-16 255 79 163
-2.22044605e-16 10.4764257 1.44539336 255 79 163
0.0397919044 10.474992 1.10856995 255 79 163
0.156983822 10.4713267 0.790288681 255 79 163
0.345116834 10.4663839 0.508081724 255 79 163
0.5938317 10.4611174 0.277487596 255 79 163
0.88943924 10.456481 0.111197939 255 79 163
1.1619123 10.453773 0.028070477 255 79 163
0 68.4036215 51.3996759 218 222 230
0.00531279229 68.4465014 51.3996759 218 222 230
0.0201762745 68.4853702 51.3996759 218 222 230
0.0419257381 68.5175289 51.3996759 218 222 230
0.0704839497 68.544334 51.3996759 218 222 230
0.103707466 68.5638947 51.3996759 218 222 230
0.138935476 68.5754318 51.3996759 218 222 230
0.157559001 68.5783822 51.3996759 218 222 230
0.175699714 68.5793212 51.3996759 218 222 230
0.202557577 68.5515713 51.7560187 218 222 230
0.275543548 68.4689909 52.1037697 218 222 230
0.383276194 68.333571 52.4345441 218 222 230
0.514374086 68.1485767 52.7403666 218 222 230
0.657455792 67.9184685 53.0138634 218 222 230
0.801139882 67.6487946 53.2484402 218 222 230
0.934044926 67.3460571 53.438441 218 222 230
1.04478949 67.0175555 53.5792847 218 222 230
1.12199215 66.6712102 53.6675754 218 222 230
1.14612094 66.475085 53.693 218 222 230
1.15459142 66.2775013 53.7014958 218 222 230
0 66.2775013 52.5469044 218 222 230
0.0349124325 66.2775013 52.828685 218 222 230
0.132586178 66.2775013 53.084107 218 222 230
0.275510395 66.2775013 53.2954348 218 222 230
0.463177554 66.2775013 53.4715817 218 222 230
0.681502252 66.2775013 53.6001223 218 222 230
0.912999257 66.2775013 53.6759369 218 222 230
1.03538171 66.2775013 53.6953252 218 222 230
-7.73877387e-17 68.3722293 51.6520619 218 222 230
1.28093005e-17 68.2830511 51.8900783 218 222 230
4.58023236e-17 68.1453894 52.1021691 218 222 230
2.427238e-17 67.9702585 52.2801562 218 222 230
9.94810242e-18 67.7694848 52.4193947 218 222 230
3.19390945e-17 67.5548136 52.5187251 218 222 230
6.53550063e-17 67.3370625 52.580234 218 222 230
4.93707418e-17 67.0573926 52.6122495 218 222 230
-9.6895426e-20 66.6249895 52.582324 218 222 230
0.063780857 68.4725369 51.8362956 218 222 230
0.142178326 68.0731775 52.5995084 218 222 230
0.247454927 67.4188454 53.107818 218 222 230
0.325852396 66.6629935 53.3376758 218 222 230
0.0680453974 66.9931331 52.9300291 218 222 230
0.0767065113 66.662216 52.9645408 218 222 230
0.602406936 67.2660388 53.4040481 218 222 230
0.519455533 67.0647498 53.4239368 218 222 230
0.683760734 66.8536709 53.5496575 218 222 230
0.706089214 66.6845553 53.5854621 218 222 230
0.640969812 24.3412214 1.44539336 218 222 230
0.484539701 24.3218398 1.44539336 218 222 230
0.342742541 24.2676164 1.44539336 218 222 230
0.225424156 24.1882722 1.44539336 218 222 230
0.127636471 24.084089 1.44539336 218 222 230
0.0562773572 23.9628864 1.44539336 218 222 230
0.0141889526 23.8343712 1.44539336 218 222 230
0.00342559693 23.7664307 1.44539336 218 222 230
-2.22044605e-16 23.7002516 1.44539336 218 222 230
0.604240143 24.3412214 4.0742822 218 222 230
0 23.7369813 4.0742822 218 222 230
0.0182709596 23.8844474 4.0742822 218 222 230
0.0693872218 24.0181191 4.0742822 218 222 230
0.14418472 24.1287148 4.0742822 218 222 230
0.242397844 24.2208989 4.0742822 218 222 230
0.356655186 24.2881689 4.0742822 218 222 230
0.47780608 24.3278455 4.0742822 218 222 230
0.541853319 24.3379921 4.0742822 218 222 230
0 67.0700822 9.89343386 218 222 230
0.0434706978 67.429701 9.89343386 218 222 230
0.165056403 67.7563588 9.89343386 218 222 230
0.343350799 68.0284699 9.89343386 218 222 230
0.578531443 68.258184 9.89343386 218 222 230
0.854016659 68.4296726 9.89343386 218 222 230
1.1486834 68.5356203 9.89343386 218 222 230
1.33141371 68.5688085 9.89343386 218 222 230
1.50923895 68.5793212 9.89343386 218 222 230
1.26742825 68.5793212 20.0855123 218 222 230
0.717349656 68.5793212 33.6749502 218 222 230
0.378258188 68.5793212 42.537313 218 222 230
0.175699714 68.5793212 51.3996759 218 222 230
0 68.4036215 51.3996759 218 222 230
0.00531279229 68.4465014 51.3996759 218 222 230
0.0201762745 68.4853702 51.3996759 218 222 230
0.0419257381 68.5175289 51.3996759 218 222 230
0.0704839497 68.544334 51.3996759 218 222 230
0.103707466 68.5638947 51.3996759 218 222 230
0.138935476 68.5754318 51.3996759 218 222 230
0.157559001 68.5783822 51.3996759 218 222 230
-2.12024714e-18 67.3118929 20.0855123 218 222 230
-1.98646598e-17 67.8619715 33.6749502 218 222 230
-4.80967929e-17 68.201063 42.537313 218 222 230
0.0767596877 67.6210641 14.9894731 218 222 230
0.304271499 68.5032533 36.6290711 218 222 230
0.0614673574 68.3334517 39.5831921 218 222 230
0.0796746908 68.4886821 45.491434 218 222 230
0.110789258 68.4685319 42.537313 218 222 230
0.481985017 68.1962772 12.4414535 218 222 230
0.369120493 68.0818025 12.4414535 218 222 230
0.598005912 68.2843489 11.5921136 218 222 230
0.557721652 68.2606058 12.4414535 218 222 230
0.637307289 68.3194626 12.4414535 218 222 230
0.742781018 68.3797111 11.5921136 218 222 230
0.85885557 68.4401574 11.5921136 218 222 230
0.875890932 68.4714161 14.9894731 218 222 230
0.583928343 68.3412276 17.5374927 218 222 230
0.0802325736 67.857228 23.4828718 218 222 230
0.1514935 67.9733472 22.3504186 218 222 230
0.116266037 68.114257 29.1451376 218 222 230
0.294538287 68.2847829 26.8802312 218 222 230
0.198181837 68.0899334 23.8603562 218 222 230
0.561090259 68.4390486 24.6153249 218 222 230
0.54463644 68.518806 30.2775907 218 222 230
0.415674552 68.4754025 31.4100439 218 222 230
0.338981867 68.4420475 32.1650127 218 222 230
0.0837605999 68.2442788 35.1520107 218 222 230
0.157330394 68.4219908 38.1061316 218 222 230
0.218724411 68.5246401 41.0602526 218 222 230
0.105578796 67.6298913 10.4596604 218 222 230
0.244524236 67.9007556 10.7427737 218 222 230
0.147221022 67.7280396 10.7427737 218 222 230
0.0892422346 67.5945089 11.1674437 218 222 230
0.210843086 67.8525269 11.3090003 218 222 230
0.379277598 68.1141874 14.1401332 218 222 230
0.383443515 68.1307291 14.9894731 218 222 230
0.448715368 68.2081422 15.8388129 218 222 230
0.11726076 67.780166 17.5374927 218 222 230
0.508088393 68.2983891 18.3868326 218 222 230
0.237967033 68.019235 18.6699458 218 222 230
0.139260729 67.8572301 18.8115025 218 222 230
0.121081767 67.8303068 19.2361724 218 222 230
0.109757387 67.8127029 19.5192857 218 222 230
0.0889882904 67.7784266 20.0855123 218 222 230
0.721918833 68.4623092 20.5888248 218 222 230
0.800894614 68.4903329 20.0855123 218 222 230
0.683471485 68.4470011 20.8404811 218 222 230
0.62725012 68.4225086 21.2179655 218 222 230
0.605973998 68.4278277 22.3504186 218 222 230
0.213275608 68.052661 21.5954498 218 222 230
0.470455473 68.3203504 21.3437936 218 222 230
0.163170807 68.2828993 32.4166689 218 222 230
0.0977547595 68.1883021 32.542497 218 222 230
0.0798819722 68.1667077 32.9199814 218 222 230
0.21010685 68.3692143 33.6749502 218 222 230
0.350713971 68.4916427 34.4134804 218 222 230
0.0514430627 68.3735489 41.7987828 218 222 230
0.863583426 68.4353847 10.1765472 218 222 230
0.642234792 68.3077264 10.3181038 218 222 230
0.726538835 68.3625833 10.3181038 218 222 230
0.984056101 68.4859455 10.1765472 218 222 230
0.813599399 68.4113124 10.3181038 218 222 230
0.829038075 68.4212138 10.7427737 218 222 230
0.645816279 68.4018046 19.0474302 218 222 230
0.474595564 68.2874186 19.3305435 218 222 230
0.286492172 68.1041585 19.6136568 218 222 230
0.71646409 68.4443126 19.3777291 218 222 230
0.40346773 68.2310544 19.6608424 218 222 230
0.392568035 68.2234214 19.802399 218 222 230
0.371221138 68.2081 20.0855123 218 222 230
0.613002939 68.3909872 19.6608424 218 222 230
0.674820571 68.4283929 19.802399 218 222 230
0.14279535 67.9028961 20.3371686 218 222 230
0.341793323 68.1829218 20.3371686 218 222 230
0.17438391 67.9629787 20.4629967 218 222 230
0.327533735 68.1701873 20.4629967 218 222 230
0.116597567 67.8599591 20.7146529 218 222 230
0.259530678 68.095783 20.7565956 218 222 230
0.14588328 67.9265151 21.0082519 218 222 230
0.289835044 68.4237573 33.0038668 218 222 230
0.360298838 68.4773806 33.2974658 218 222 230
0.0896519986 68.2207132 34.0442153 218 222 230
0.199464551 68.529455 42.1680479 218 222 230
0 23.7369813 4.0742822 218 222 230
0.0182709596 23.8844474 4.0742822 218 222 230
0.0693872218 24.0181191 4.0742822 218 222 230
0.14418472 24.1287148 4.0742822 218 222 230
0.242397844 24.2208989 4.0742822 218 222 230
0.356655186 24.2881689 4.0742822 218 222 230
0.47780608 24.3278455 4.0742822 218 222 230
0.541853319 24.3379921 4.0742822 218 222 230
0.604240143 24.3412214 4.0742822 218 222 230
0.620756036 24.4458236 4.96870311 218 222 230
0.633195428 24.7550404 5.8155914 218 222 230
0.641621758 25.2543505 6.56847837 218 222 230
0.646369969 25.9185083 7.18400604 218 222 230
0.648088172 26.7116384 7.62496196 218 222 230
0.647920365 27.4076413 7.83279107 218 222 230
0.64704914 28.1310522 7.90291785 218 222 230
0 28.1310522 8.47422926 218 222 230
0.0159323298 28.1310522 8.33972258 218 222 230
0.0609566151 28.1310522 8.2164016 218 222 230
0.127764904 28.1310522 8.11257212 218 222 230
0.216950323 28.1310522 8.02395351 218 222 230
0.322625803 28.1310522 7.95711 218 222 230
0.436784021 28.1310522 7.91550636 218 222 230
0.544705753 28.1310522 7.89932251 218 222 230
-8.23293285e-18 23.8658327 5.13206656 218 222 230
2.4188327e-17 24.2447985 6.12820257 218 222 230
-1.98975766e-17 24.8521778 7.0044272 218 222 230
5.11459325e-17 25.6529947 7.70885472 218 222 230
5.50283728e-17 26.6004218 8.19932155 218 222 230
-5.2888797e-17 27.3534785 8.40503014 218 222 230
0.182660046 24.2682231 4.9559488 218 222 230
0.187294379 24.5627768 5.79267179 218 222 230
0.190807098 25.0340845 6.54403232 218 222 230
0.193184845 25.6600055 7.17287765 218 222 230
0.194496284 26.4104195 7.64721003 218 222 230
0.194905877 27.2482032 7.94230226 218 222 230
0 66.710911 8.47422926 218 222 230
0.0159323298 66.710911 8.33972258 218 222 230
0.0609566151 66.710911 8.2164016 218 222 230
0.127764904 66.710911 8.11257212 218 222 230
0.216950323 66.710911 8.02395351 218 222 230
0.322625803 66.710911 7.95711 218 222 230
0.436784021 66.710911 7.91550636 218 222 230
0.544705753 66.710911 7.89932251 218 222 230
0.64704914 66.710911 7.90291785 218 222 230
0.673569551 67.0110745 7.9306818 218 222 230
0.745215008 67.3003643 8.01132941 218 222 230
0.849763139 67.5698374 8.13897474 218 222 230
0.974873484 67.8131217 8.3063625 218 222 230
1.15275612 68.0901614 8.57875575 218 222 230
1.33666769 68.3318385 8.93541176 218 222 230
1.46875476 68.4951002 9.32943807 218 222 230
1.51222836 68.5577464 9.6084875 218 222 230
1.50923895 68.5793212 9.89343386 218 222 230
0 67.0700822 9.89343386 218 222 230
0.0434706978 67.429701 9.89343386 218 222 230
0.165056403 67.7563588 9.89343386 218 222 230
0.343350799 68.0284699 9.89343386 218 222 230
0.578531443 68.258184 9.89343386 218 222 230
0.854016659 68.4296726 9.89343386 218 222 230
1.1486834 68.5356203 9.89343386 218 222 230
1.33141371 68.5688085 9.89343386 218 222 230
8.22397643e-17 66.8090832 8.48402833 218 222 230
-2.92636946e-17 66.9042317 8.51247453 218 222 230
-8.59798296e-17 66.9936722 8.55784377 218 222 230
-5.37943709e-17 67.0751305 8.61807843 218 222 230
1.86797145e-17 67.1467813 8.69086933 218 222 230
7.49486277e-17 67.2072703 8.77373937 218 222 230
7.67631012e-17 67.269113 8.89548087 218 222 230
2.85453071e-18 67.3122514 9.04088865 218 222 230
-5.79241304e-17 67.3284119 9.18742357 218 222 230
-3.72947894e-17 67.3205584 9.32792721 218 222 230
3.88156184e-17 67.2932748 9.45662919 218 222 230
6.18911432e-17 67.2367849 9.60310102 218 222 230
-8.26405541e-17 67.1636963 9.72919 218 222 230
3.55792899e-16 67.0875457 9.84061268 218 222 230
5.48357408e-16 67.0746053 9.8680552 218 222 230
4.31754675e-16 67.0712302 9.88087735 218 222 230
0.207616072 67.0683534 8.09644196 218 222 230
0.442810095 68.1345818 9.61024906 218 222 230
0.0325457656 67.4909795 8.98625359 218 222 230
0.0723827276 67.5397672 8.81176263 218 222 230
0.0756130653 67.5716601 8.88385991 218 222 230
0.427124568 67.4727539 8.15749539 218 222 230
0.148293399 67.7102706 8.91877918 218 222 230
0.287185157 67.663488 8.46779917 218 222 230
0.0874906898 67.6459148 9.15502804 218 222 230
0.384890056 68.0104786 9.02509196 218 222 230
0.0904221142 67.6550879 9.22464812 218 222 230
0.0417856682 67.5157343 9.47393034 218 222 230
0.0940863459 67.6618124 9.31467623 218 222 230
0.0977948757 67.6632027 9.41148236 218 222 230
0.676727373 67.9205165 8.45501992 218 222 230
0.59116518 67.9979425 8.62680216 218 222 230
0.184796527 67.8169137 9.4545108 218 222 230
0.104570281 67.6490334 9.63161484 218 222 230
0.783894646 68.1486249 8.74208499 218 222 230
0.840054605 68.2534606 8.92327034 218 222 230
0.963575199 68.2270872 8.79238918 218 222 230
0.742687295 68.3160784 9.28216743 218 222 230
0.888299188 68.3380491 9.11223014 218 222 230
1.04667198 68.3596828 9.04272249 218 222 230
0.945338224 68.4363475 9.45054408 218 222 230
0.923693807 68.4469527 9.59988835 218 222 230
0.137842093 67.391228 8.39062282 218 222 230
0 66.710911 8.47422926 218 222 230
0.0159323298 66.710911 8.33972258 218 222 230
0.0609566151 66.710911 8.2164016 218 222 230
0.127764904 66.710911 8.11257212 218 222 230
0.216950323 66.710911 8.02395351 218 222 230
0.322625803 66.710911 7.95711 218 222 230
0.436784021 66.710911 7.91550636 218 222 230
0.544705753 66.710911 7.89932251 218 222 230
0.64704914 66.710911 7.90291785 218 222 230
0.64704914 28.1310522 7.90291785 218 222 230
0 28.1310522 8.47422926 218 222 230
0.0159323298 28.1310522 8.33972258 218 222 230
0.0609566151 28.1310522 8.2164016 218 222 230
0.127764904 28.1310522 8.11257212 218 222 230
0.216950323 28.1310522 8.02395351 218 222 230
0.322625803 28.1310522 7.95711 218 222 230
0.436784021 28.1310522 7.91550636 218 222 230
0.544705753 28.1310522 7.89932251 218 222 230
0.471279589 62.1576056 23.3643789 218 222 230
27.7575322 62.1576056 23.3643789 218 222 230
27.7575322 61.7292397 23.4163919 218 222 230
27.7575322 61.325769 23.5694082 218 222 230
27.7575322 60.9706416 23.814535 218 222 230
27.7575322 60.6844962 24.1375264 218 222 230
27.7575322 60.4839625 24.5196113 218 222 230
27.7575322 60.3806949 24.9385844 218 222 230
27.7575322 60.3806949 25.3700964 218 222 230
27.7575322 60.4839625 25.7890694 218 222 230
27.7575322 60.6844962 26.1711544 218 222 230
27.7575322 60.9706416 26.4941458 218 222 230
27.7575322 61.325769 26.7392725 218 222 230
27.7575322 61.7292397 26.8922888 218 222 230
27.7575322 62.1576056 26.9443018 218 222 230
27.7575322 62.5859714 26.8922888 218 222 230
27.7575322 62.9894421 26.7392725 218 222 230
27.7575322 63.3445696 26.4941458 218 222 230
27.7575322 63.630715 26.1711544 218 222 230
27.7575322 63.8312486 25.7890694 218 222 230
27.7575322 63.9345162 25.3700964 218 222 230
27.7575322 63.9345162 24.9385844 218 222 230
27.7575322 63.8312486 24.5196113 218 222 230
27.7575322 63.630715 24.1375264 218 222 230
27.7575322 63.3445696 23.814535 218 222 230
27.7575322 62.9894421 23.5694082 218 222 230
27.7575322 62.5859714 23.4163919 218 222 230
27.7575322 62.1576056 23.3643789 218 222 230
0.471279589 62.1576056 23.3643789 218 222 230
0.471279589 61.7292397 23.4163919 218 222 230
0.471279589 61.325769 23.5694082 218 222 230
0.471279589 60.9706416 23.814535 218 222 230
0.471279589 60.6844962 24.1375264 218 222 230
0.471279589 60.4839625 24.5196113 218 222 230
0.471279589 60.3806949 24.9385844 218 222 230
0.471279589 60.3806949 25.3700964 218 222 230
0.471279589 60.4839625 25.7890694 218 222 230
0.471279589 60.6844962 26.1711544 218 222 230
0.471279589 60.9706416 26.4941458 218 222 230
0.471279589 61.325769 26.7392725 218 222 230
0.471279589 61.7292397 26.8922888 218 222 230
0.471279589 62.1576056 26.9443018 218 222 230
0.471279589 62.5859714 26.8922888 218 222 230
0.471279589 62.9894421 26.7392725 218 222 230
0.471279589 63.3445696 26.4941458 218 222 230
0.471279589 63.630715 26.1711544 218 222 230
0.471279589 63.8312486 25.7890694 218 222 230
0.471279589 63.9345162 25.3700964 218 222 230
0.471279589 63.9345162 24.9385844 218 222 230
0.471279589 63.8312486 24.5196113 218 222 230
0.471279589 63.630715 24.1375264 218 222 230
0.471279589 63.3445696 23.814535 218 222 230
0.471279589 62.9894421 23.5694082 218 222 230
0.471279589 62.5859714 23.4163919 218 222 230
56.2032833 3.46542536 19.9360974 218 222 230
56.2032833 7.35648547 19.9360974 218 222 230
0.221888641 7.39188257 19.9360974 218 222 230
0.17519302 3.46542536 19.9360974 218 222 230
3.27605794 -4.4408921e-16 23.4015228 218 222 230
56.2032833 0 23.4015228 218 222 230
0.17519302 3.46542536 19.9360974 218 222 230
0.210023868 3.12572107 19.9527877 218 222 230
0.308458254 2.78928897 20.0026976 218 222 230
0.461408939 2.45936971 20.0853465 218 222 230
0.734439982 2.03508828 20.2450519 218 222 230
1.11131669 1.58737698 20.4891171 218 222 230
1.67740468 1.05523303 20.9115136 218 222 230
2.31784029 0.568190286 21.5001544 218 222 230
2.86239784 0.221968307 22.1812117 218 222 230
3.13961507 0.0682598635 22.7170964 218 222 230
3.24037553 0.0171071967 23.0576119 218 222 230
56.2032833 3.46542536 19.9360974 218 222 230
56.2032833 0.0921626229 22.6076264 218 222 230
56.2032833 0.389166825 21.8059645 218 222 230
56.2032833 0.836598918 21.1435493 218 222 230
56.2032833 1.36500469 20.6451836 218 222 230
56.2032833 1.9765653 20.2722308 218 222 230
56.2032833 2.62780542 20.0388504 218 222 230
56.2032833 3.05232393 19.9608077 218 222 230
0.221888641 7.39188257 19.9360974 255 79 163
56.2032833 7.35648547 19.9360974 255 79 163
0.246750534 7.75394428 19.9063989 255 79 163
0.313916858 8.10632604 19.8180964 255 79 163
0.412249273 8.43960643 19.6735507 255 79 163
0.530610632 8.74487525 19.4766276 255 79 163
0.657864992 9.01397251 19.2325936 255 79 163
0.782877388 9.23970685 18.9479747 255 79 163
0.894513224 9.41604731 18.6303805 255 79 163
0.981637289 9.53828344 18.2883002 255 79 163
1.02614396 9.59479911 18.0036882 255 79 163
1.04225252 9.61374561 17.7141387 255 79 163
55.903723 9.61374561 17.6788785 255 79 163
55.9150775 9.57578501 18.0911017 255 79 163
55.9452476 9.46317999 18.4894594 255 79 163
55.9884873 9.27971799 18.860552 255 79 163
56.0390524 9.03157111 19.1918977 255 79 163
56.0911993 8.7270875 19.4723534 255 79 163
56.139185 8.37650898 19.692488 255 79 163
56.1772658 7.99162643 19.8448989 255 79 163
56.1963383 7.67731281 19.9131813 255 79 163
0.376249611 8.07950508 19.8270129 255 79 163
0.439876825 8.24237913 19.7668672 255 79 163
0.502383035 8.40292694 19.6927239 255 79 163
0.558200915 8.56148134 19.6033231 255 79 163
9.94471956 8.76824403 19.4567668 255 79 163
6.92798411 9.02947765 19.2147876 255 79 163
6.99423739 9.18802783 19.0208777 255 79 163
7.03811432 9.31390985 18.8275542 255 79 163
10.0005374 8.9088113 19.3358177 255 79 163
10.0440995 9.0427681 19.1992111 255 79 163
10.0663528 9.14451581 19.0776731 255 79 163
10.0744071 9.24094018 18.9438347 255 79 163
7.0583194 9.41106259 18.6399251 255 79 163
10.2010319 9.46681362 18.5060166 255 79 163
25.4352623 9.55011559 18.228982 255 79 163
19.3598112 8.99764695 19.2440013 255 79 163
13.1695418 9.16622384 19.0480636 255 79 163
34.6186649 9.28151295 18.8664344 255 79 163
37.7413243 8.82270814 19.400281 255 79 163
28.5488982 8.55309123 19.6006697 255 79 163
37.6317671 9.46534823 18.491754 255 79 163
40.8311686 8.25977745 19.7499972 255 79 163
40.7458359 9.23910435 18.9293623 255 79 163
42.3760907 7.95676617 19.8562865 255 79 163
19.1065617 8.17053516 19.7922376 255 79 163
42.2480917 9.39213947 18.659049 255 79 163
46.9723038 8.10837638 19.8081491 255 79 163
46.8225237 9.4218198 18.592327 255 79 163
50.0406245 8.06926532 19.8210971 255 79 163
49.853375 9.48697242 18.4261918 255 79 163
2.52991652 8.24912986 19.763943 255 79 163
3.57493637 8.25245136 19.7624643 255 79 163
5.0833041 8.09284277 19.8223272 255 79 163
3.97706404 9.41337183 18.6357547 255 79 163
9.7577233 8.11921942 19.812761 255 79 163
5.69819744 8.43116671 19.6775286 255 79 163
16.1380518 8.71673248 19.494262 255 79 163
21.3005451 9.03834286 19.1991479 255 79 163
22.270912 9.05824367 19.1762869 255 79 163
24.3635741 8.90389118 19.334343 255 79 163
27.0138613 9.2489422 18.9225803 255 79 163
26.9920802 9.19503239 19.0013401 255 79 163
27.5255403 9.05119286 19.1814147 255 79 163
28.5924603 8.71092897 19.4933625 255 79 163
29.5487958 9.25994933 18.903976 255 79 163
40.7885022 8.80573596 19.4133189 255 79 163
41.275032 9.03797049 19.1890736 255 79 163
41.8184503 8.62679388 19.5478216 255 79 163
41.5396301 8.92317924 19.3077547 255 79 163
42.3120912 8.79722156 19.4198082 255 79 163
43.8174611 8.99655858 19.2328976 255 79 163
45.3921985 8.53510065 19.6058041 255 79 163
44.6021458 8.73424306 19.4692384 255 79 163
47.8892404 9.02459437 19.2012817 255 79 163
46.9002524 8.80023369 19.4157712 255 79 163
46.8282009 9.31923743 18.7961332 255 79 163
48.4197601 8.84396589 19.3780443 255 79 163
49.8672165 9.37260329 18.6953731 255 79 163
48.9600482 8.60211071 19.5623372 255 79 163
49.9539205 8.82771106 19.3917469 255 79 163
51.9654428 8.99681693 19.2301067 255 79 163
1.65639698 8.80105548 19.4319539 255 79 163
1.40243571 9.04812654 19.1951995 255 79 163
1.71221486 8.9392836 19.308554 255 79 163
1.468689 9.20409045 18.9996517 255 79 163
1.7557769 9.07051317 19.1697389 255 79 163
3.36063898 8.72547716 19.491086 255 79 163
3.25349028 8.93683648 19.3107336 255 79 163
2.49620595 9.20280239 19.0013327 255 79 163
3.77600021 8.93820094 19.3093311 255 79 163
4.21176817 8.6787492 19.5251026 255 79 163
4.53018407 8.87294926 19.369972 255 79 163
4.91952186 8.73322042 19.4850125 255 79 163
4.83763074 9.00976382 19.236501 255 79 163
5.57786029 9.16617374 19.0507684 255 79 163
6.36815588 8.93158568 19.3152062 255 79 163
6.37825842 9.00773135 19.2383158 255 79 163
6.59821039 9.12077526 19.1087275 255 79 163
11.4636326 8.69318156 19.5131204 255 79 163
24.8994182 9.313857 18.8183822 255 79 163
43.0967759 8.51030584 19.6213692 255 79 163
46.1073611 9.05812047 19.164323 255 79 163
53.0861545 8.06795883 19.8212231 255 79 163
53.0145559 8.75257966 19.4529254 255 79 163
54.0227214 8.85028925 19.3713308 255 79 163
52.5741802 9.47330694 18.4632741 255 79 163
54.6089196 8.06741967 19.8212946 255 79 163
54.4135202 8.34253093 19.7094579 255 79 163
55.1095299 8.28781793 19.735071 255 79 163
55.1130023 8.12462303 19.8014318 255 79 163
55.4741143 7.97542436 19.8496099 255 79 163
53.9639624 9.31290701 18.8050423 255 79 163
53.9345829 9.46620548 18.4818753 255 79 163
54.9632222 9.42943961 18.5723534 255 79 163
54.9688995 9.32866168 18.7770499 255 79 163
55.2943488 9.37835986 18.6825616 255 79 163
55.2805073 9.49112022 18.4128209 255 79 163
2.51306124 8.77559358 19.4524441 255 79 163
1.76922924 9.51633577 18.3647266 255 79 163
10.8323322 9.15720524 19.060925 255 79 163
42.6724338 9.02403112 19.2038485 255 79 163
52.7943681 9.18531895 19.0024422 255 79 163
54.8306498 8.7138747 19.482481 255 79 163
54.6912098 8.9062334 19.3201737 255 79 163
55.0392147 8.8834602 19.3413416 255 79 163
57.6190347 6.16540388e-19 3.0813156 218 222 230
63.3931807 6.64397619e-17 2.8551528 218 222 230
71.092042 2.42805343e-16 2.23653519 218 222 230
79.0082789 3.84336782e-16 1.46198957 218 222 230
85.7139046 3.52290431e-16 0.894220182 218 222 230
89.2061086 2.4494046e-16 0.689023201 218 222 230
92.4195303 -7.05332282e-18 0.581124554 218 222 230
57.6190347 0 19.079196 218 222 230
56.2032833 0 23.4015228 218 222 230
56.5630764 1.49493539e-16 23.3625008 218 222 230
56.9089553 6.09038865e-17 23.2500327 218 222 230
57.2288998 4.70351825e-17 23.0723818 218 222 230
57.5131418 6.44123567e-17 22.839303 218 222 230
57.7543113 2.36331415e-17 22.5616101 218 222 230
57.9475108 -9.18475085e-17 22.2507309 218 222 230
58.0903186 -2.22391704e-16 21.918262 218 222 230
58.1827237 -2.83172756e-16 21.5755335 218 222 230
58.2317546 -1.77690576e-16 21.1208612 218 222 230
58.1988921 8.89660066e-17 20.6374079 218 222 230
58.0960805 1.90811094e-16 20.2066855 218 222 230
57.9030061 -9.99050184e-17 19.7377265 218 222 230
57.7042708 4.51981723e-16 19.3598021 218 222 230
57.6390008 1.17624951e-15 19.2033177 218 222 230
57.623811 1.00134292e-15 19.1383119 218 222 230
3.27605794 -4.4408921e-16 23.4015228 218 222 230
3.27605794 -4.4408921e-16 51.6198524 218 222 230
92.7600092 -4.4408921e-16 51.6198524 218 222 230
92.5841053 -8.55265261e-17 26.1004885 218 222 230
3.27605794 2.0816434 53.7014958 255 79 163
3.27605794 1.66068506 53.6584875 255 79 163
3.27605794 1.23202497 53.5202175 255 79 163
3.27605794 0.828139088 53.2817688 255 79 163
3.27605794 0.483085439 52.9532134 255 79 163
3.27605794 0.223970688 52.559156 255 79 163
3.27605794 0.0642115719 52.1328904 255 79 163
3.27605794 0.0154334372 51.8728655 255 79 163
3.27605794 -4.4408921e-16 51.6198524 255 79 163
2.82305051 0.031471702 51.6631718 255 79 163
2.3787468 0.125282108 51.78229 255 79 163
1.95168325 0.279628845 51.9609469 255 79 163
1.5500651 0.491546432 52.1828824 255 79 163
1.06740381 0.856470671 52.5180146 255 79 163
0.615195695 1.36494106 52.9044628 255 79 163
0.277785066 1.95586272 53.2480442 255 79 163
0.0844118028 2.53717327 53.47526 255 79 163
0.0211713665 2.90421257 53.5576462 255 79 163
-4.4408921e-16 3.27605794 53.5871004 255 79 163
0.114395367 3.27605794 53.7014958 255 79 163
0.0864769226 3.27605794 53.6980367 255 79 163
0.0611700551 3.27605794 53.6883593 255 79 163
0.0402319712 3.27605794 53.6741986 255 79 163
0.0227795766 3.27605794 53.6556048 255 79 163
0.0100439503 3.27605794 53.6339734 255 79 163
0.00253233523 3.27605794 53.611037 255 79 163
0.000611374217 3.27605794 53.5989115 255 79 163
3.16933523 2.06845982 53.7014958 255 79 163
3.01326439 2.01641382 53.7014958 255 79 163
2.28834701 1.76946541 53.7014958 255 79 163
1.81184236 1.731782 53.7014958 255 79 163
1.34563827 1.80440778 53.7014958 255 79 163
0.933333604 1.97553694 53.7014958 255 79 163
0.601121613 2.2180279 53.7014958 255 79 163
0.358854648 2.50145742 53.7014958 255 79 163
0.204362218 2.79880452 53.7014958 255 79 163
0.137482974 3.03368995 53.7014958 255 79 163
2.75104684 0.636649766 53.1165549 255 79 163
0.7315607 1.57587928 53.4856789 255 79 163
0.120093174 2.64829768 53.6432318 255 79 163
3.00702622 1.28051616 53.5471322 255 79 163
2.87343718 1.30014247 53.5615469 255 79 163
2.52118883 1.07478827 53.4642575 255 79 163
2.92962344 0.187237705 52.4614005 255 79 163
2.44053016 1.2852206 53.577385 255 79 163
2.38742116 1.4749481 53.6507895 255 79 163
2.75340563 0.185661327 52.4255016 255 79 163
2.53951827 0.225331025 52.462389 255 79 163
2.62401843 0.126987282 52.1967255 255 79 163
1.97951455 1.31714081 53.598503 255 79 163
2.32828051 0.278729215 52.5094329 255 79 163
1.93010642 1.47850548 53.660278 255 79 163
2.33516674 0.197973311 52.2669712 255 79 163
2.08654123 0.466676485 52.8005914 255 79 163
1.74664426 1.36107339 53.609797 255 79 163
1.69342152 0.907475235 53.2741078 255 79 163
1.75226665 0.503986879 52.6864623 255 79 163
1.37931812 1.34537414 53.5591072 255 79 163
1.6718515 0.474486249 52.5089462 255 79 163
1.55935548 0.609340027 52.7605299 255 79 163
1.22522328 1.54681895 53.6355529 255 79 163
1.3132479 0.77011662 52.8652123 255 79 163
1.37615536 0.658935863 52.6508264 255 79 163
1.09516684 1.0279236 53.1258833 255 79 163
0.842556459 1.18441377 53.0968863 255 79 163
0.440282763 1.71982236 53.3295608 255 79 163
2.23894105 0.815790858 53.2675227 255 79 163
55.903723 9.61374561 17.6788785 218 222 230
55.903723 9.61374561 0.838999337 218 222 230
1.44539336 9.61374561 0.838999337 218 222 230
0.862680102 9.61374561 1.44539336 218 222 230
0.880843625 9.61374561 1.29412558 218 222 230
0.935430155 9.61374561 1.15096454 218 222 230
1.01454844 9.61374561 1.03653625 218 222 230
1.10759285 9.61374561 0.951123734 218 222 230
1.21763709 9.61374561 0.88729445 218 222 230
1.32883793 9.61374561 0.851312518 218 222 230
1.04225252 9.61374561 17.7141387 218 222 230
0.862680102 9.61374561 1.44539336 255 79 163
0.6521411 9.63983125 1.44539336 255 79 163
0.461296561 9.71281049 1.44539336 255 79 163
0.303397961 9.81959967 1.44539336 255 79 163
0.171785694 9.9598196 1.44539336 255 79 163
0.0757435924 10.122946 1.44539336 255 79 163
0.0190968855 10.2959145 1.44539336 255 79 163
0.00461050466 10.3873554 1.44539336 255 79 163
-2.22044605e-16 10.4764257 1.44539336 255 79 163
0.0397919044 10.474992 1.10856995 255 79 163
0.156983822 10.4713267 0.790288681 255 79 163
0.345116834 10.4663839 0.508081724 255 79 163
0.5938317 10.4611174 0.277487596 255 79 163
0.88943924 10.456481 0.111197939 255 79 163
1.1619123 10.453773 0.028070477 255 79 163
1.44539336 10.4527449 -2.22044605e-16 255 79 163
1.44539336 9.61374561 0.838999337 255 79 163
1.44539336 9.6391152 0.634239679 255 79 163
1.44539336 9.71009113 0.448633866 255 79 163
1.44539336 9.81394893 0.295069618 255 79 163
1.44539336 9.95031979 0.167070138 255 79 163
1.44539336 10.1089684 0.0736644136 255 79 163
1.44539336 10.2771888 0.0185726716 255 79 163
1.44539336 10.3661196 0.00448394526 255 79 163
0.880843625 9.61374561 1.29412558 255 79 163
0.935430155 9.61374561 1.15096454 255 79 163
1.01454844 9.61374561 1.03653625 255 79 163
1.10759285 9.61374561 0.951123734 255 79 163
1.21763709 9.61374561 0.88729445 255 79 163
1.32883793 9.61374561 0.851312518 255 79 163
0.292817438 9.86590499 1.13656387 255 79 163
0.599560683 9.86295079 0.599560589 255 79 163
1.13503301 9.8599966 0.287108582 255 79 163
0.276776941 10.0515828 0.79804833 255 79 163
1.06446495 9.67295958 0.61624336 255 79 163
0.324231295 10.1536162 0.631544423 255 79 163
0.736068287 10.0459465 0.311663878 255 79 163
0.847576293 10.1468467 0.194772136 255 79 163
0.114395367 3.27605794 53.7014958 218 222 230
0.343205833 20.6170136 53.7014958 218 222 230
0.830788719 43.4472574 53.7014958 218 222 230
1.05353178 55.8821155 53.7014958 218 222 230
1.15459142 66.2775013 53.7014958 218 222 230
3.27605794 2.0816434 53.7014958 218 222 230
3.16933523 2.06845982 53.7014958 218 222 230
3.01326439 2.01641382 53.7014958 218 222 230
2.28834701 1.76946541 53.7014958 218 222 230
1.81184236 1.731782 53.7014958 218 222 230
1.34563827 1.80440778 53.7014958 218 222 230
0.933333604 1.97553694 53.7014958 218 222 230
0.601121613 2.2180279 53.7014958 218 222 230
0.358854648 2.50145742 53.7014958 218 222 230
0.204362218 2.79880452 53.7014958 218 222 230
0.137482974 3.03368995 53.7014958 218 222 230
92.8954828 2.0816434 53.7014958 218 222 230
93.118865 66.2775013 53.7014958 218 222 230
0.640969812 24.3412214 1.44539336 218 222 230
0.484539701 24.3218398 1.44539336 218 222 230
0.342742541 24.2676164 1.44539336 218 222 230
0.225424156 24.1882722 1.44539336 218 222 230
0.127636471 24.084089 1.44539336 218 222 230
0.0562773572 23.9628864 1.44539336 218 222 230
0.0141889526 23.8343712 1.44539336 218 222 230
0.00342559693 23.7664307 1.44539336 218 222 230
-2.22044605e-16 23.7002516 1.44539336 218 222 230
0.0373876021 23.7127005 1.11877196 218 222 230
0.147615921 23.7447139 0.809047613 218 222 230
0.324982863 23.788292 0.532243782 218 222 230
0.560312318 23.8354347 0.302680172 218 222 230
0.841429951 23.8781422 0.132232905 218 222 230
1.13625863 23.9072209 0.033445255 218 222 230
1.44539336 23.9184169 -2.22044605e-16 218 222 230
1.44539336 24.3412214 0.422804539 218 222 230
1.44539336 24.3284367 0.319618149 218 222 230
1.44539336 24.2926691 0.22608413 218 222 230
1.44539336 24.2403311 0.148697107 218 222 230
1.44539336 24.1716085 0.0841931686 218 222 230
1.44539336 24.0916593 0.0371223755 218 222 230
1.44539336 24.0068865 0.00935949472 218 222 230
1.44539336 23.9620708 0.00225963517 218 222 230
0.676579524 24.3412214 1.09826276 218 222 230
0.73529732 24.3412214 0.920907916 218 222 230
0.84389745 24.3412214 0.735226722 218 222 230
0.972955062 24.3412214 0.599801203 218 222 230
1.12156013 24.3412214 0.501744317 218 222 230
1.27825027 24.3412214 0.443386345 218 222 230
0.215817487 24.1570253 1.16475013 218 222 230
0.442454317 24.1786355 0.645575788 218 222 230
0.8774873 24.2047168 0.266125753 218 222 230
1.1521075 24.2138452 0.16042121 218 222 230
57.8940182 3.07697437 -6.03167684e-17 218 222 230
63.7137469 2.83531945 7.25557129e-17 218 222 230
71.4733851 2.20033995 2.5182551e-16 218 222 230
83.9275864 1.02734028 3.80646868e-16 218 222 230
88.1735583 0.741133577 2.84426451e-16 218 222 230
92.4195303 0.581124554 0 218 222 230
92.4796961 0.588166942 1.77831606e-16 218 222 230
92.5367542 0.608242911 3.31721873e-17 218 222 230
92.5881786 0.639384351 -6.31193309e-17 218 222 230
92.6321426 0.679252571 -6.66822098e-17 218 222 230
92.6675568 0.725326399 -3.51279122e-17 218 222 230
92.6940627 0.775084697 -1.44716727e-17 218 222 230
92.7119853 0.826177971 -6.48454603e-18 218 222 230
92.7242039 0.892947547 2.51890393e-17 218 222 230
92.7234399 1.00433269 6.17432803e-17 218 222 230
92.7169967 1.09652317 0 218 222 230
92.7169967 23.9184169 -1.11022302e-16 218 222 230
1.44539336 23.9184169 -2.22044605e-16 218 222 230
1.44539336 10.4527449 -2.22044605e-16 218 222 230
55.903723 10.4527449 0 218 222 230
57.8730774 8.45728397 0 218 222 230
57.8330866 8.85815169 -4.40824012e-17 218 222 230
57.7141164 9.24353502 -1.02276185e-16 218 222 230
57.5199574 9.59795891 -7.98889112e-17 218 222 230
57.2575531 9.90657457 -3.90790116e-17 218 222 230
56.9369729 10.1558827 -2.81205749e-17 218 222 230
56.5711994 10.3344413 -2.45399022e-17 218 222 230
56.242783 10.4228623 1.96790388e-18 218 222 230
0.175699714 68.5793212 51.3996759 255 79 163
92.2659327 68.5793212 51.3996759 255 79 163
0.202557577 68.5515713 51.7560187 255 79 163
0.275543548 68.4689909 52.1037697 255 79 163
0.383276194 68.333571 52.4345441 255 79 163
0.514374086 68.1485767 52.7403666 255 79 163
0.657455792 67.9184685 53.0138634 255 79 163
0.801139882 67.6487946 53.2484402 255 79 163
0.934044926 67.3460571 53.438441 255 79 163
1.04478949 67.0175555 53.5792847 255 79 163
1.12199215 66.6712102 53.6675754 255 79 163
1.14612094 66.475085 53.693 255 79 163
1.15459142 66.2775013 53.7014958 255 79 163
93.118865 66.2775013 53.7014958 255 79 163
92.2908827 68.549669 51.7679538 255 79 163
92.3584285 68.4614765 52.1267434 255 79 163
92.4576138 68.3170158 52.4668007 255 79 163
92.5774824 68.1200088 52.7793645 255 79 163
92.7070782 67.8755313 53.0563819 255 79 163
92.835445 67.589882 53.2907157 255 79 163
92.9516264 67.2704203 53.4763286 255 79 163
93.0446662 66.925377 53.6084384 255 79 163
93.0990375 66.6047637 53.6781127 255 79 163
43.708013 24.3412214 11.5437855 218 222 230
54.3943904 24.3412214 10.1690931 218 222 230
68.3837762 24.3412214 8.25655658 218 222 230
93.0547756 24.3412214 4.93115909 218 222 230
93.0547756 24.3412214 0.799331733 218 222 230
93.0460339 24.3412214 0.711170271 218 222 230
93.0182252 24.3412214 0.625415818 218 222 230
92.9753644 24.3412214 0.554149199 218 222 230
92.9223238 24.3412214 0.49889603 218 222 230
92.857032 24.3412214 0.456187264 218 222 230
92.7891784 24.3412214 0.431434886 218 222 230
92.7169967 24.3412214 0.422804539 218 222 230
1.44539336 24.3412214 0.422804539 218 222 230
0.640969812 24.3412214 1.44539336 218 222 230
0.676579524 24.3412214 1.09826276 218 222 230
0.73529732 24.3412214 0.920907916 218 222 230
0.84389745 24.3412214 0.735226722 218 222 230
0.972955062 24.3412214 0.599801203 218 222 230
1.12156013 24.3412214 0.501744317 218 222 230
1.27825027 24.3412214 0.443386345 218 222 230
0.604240143 24.3412214 4.0742822 218 222 230
8.62455379 24.3412214 5.27378273 218 222 230
19.2797157 24.3412214 7.18230488 218 222 230
31.478026 24.3412214 9.489945 218 222 230
38.0266658 24.3412214 10.647846 218 222 230
1.50923895 68.5793212 9.89343386 218 222 230
46.140943 68.5793212 15.4638991 218 222 230
1.26742825 68.5793212 20.0855123 218 222 230
0.717349656 68.5793212 33.6749502 218 222 230
0.378258188 68.5793212 42.537313 218 222 230
0.175699714 68.5793212 51.3996759 218 222 230
92.2659327 68.5793212 51.3996759 218 222 230
92.2659327 68.5793212 9.89500124 218 222 230
47.5580416 68.5793212 16.9550019 218 222 230
56.6997368 68.5793212 15.6601091 218 222 230
68.8536406 68.5793212 13.6529729 218 222 230
80.5465373 68.5793212 11.6678306 218 222 230
86.7694043 68.5793212 10.6826452 218 222 230
46.1831327 68.5793212 15.4743912 218 222 230
46.2243671 68.5793212 15.4946984 218 222 230
46.2649834 68.5793212 15.5240816 218 222 230
47.0927523 68.5793212 16.706643 218 222 230
47.2910929 68.5793212 16.8774511 218 222 230
47.4127871 68.5793212 16.9378411 218 222 230
47.4861899 68.5793212 16.9548808 218 222 230
0.64704914 28.1310522 7.90291785 255 79 163
8.68812458 27.9173119 8.90652129 255 79 163
19.4095585 27.3321001 10.2446592 255 79 163
31.452263 26.5701161 11.7477044 255 79 163
37.8957272 26.2423878 12.5519106 255 79 163
43.4949675 26.0614291 13.2507495 255 79 163
0.604240143 24.3412214 4.0742822 255 79 163
0.620756036 24.4458236 4.96870311 255 79 163
0.633195428 24.7550404 5.8155914 255 79 163
0.641621758 25.2543505 6.56847837 255 79 163
0.646369969 25.9185083 7.18400604 255 79 163
0.648088172 26.7116384 7.62496196 255 79 163
0.647920365 27.4076413 7.83279107 255 79 163
8.62455379 24.3412214 5.27378273 255 79 163
19.2797157 24.3412214 7.18230488 255 79 163
31.478026 24.3412214 9.489945 255 79 163
38.0266658 24.3412214 10.647846 255 79 163
43.708013 24.3412214 11.5437855 255 79 163
43.5003272 25.6780033 13.2078065 255 79 163
43.5175926 25.2899804 13.0694727 255 79 163
43.5471379 24.9336854 12.8327494 255 79 163
43.5827049 24.6702396 12.5477796 255 79 163
43.6196472 24.4961703 12.2517904 255 79 163
43.6586924 24.387952 11.9389518 255 79 163
43.6836861 24.3524727 11.7386974 255 79 163
4.65898279 27.3690173 8.33884103 255 79 163
4.60665961 24.9407536 6.68702474 255 79 163
3.2827132 25.2213786 6.88353111 255 79 163
3.29786671 24.8734871 6.39268782 255 79 163
4.6269203 24.7205983 6.29733139 255 79 163
4.63570027 24.5548812 5.90019955 255 79 163
3.30217702 24.6142689 5.86682781 255 79 163
4.63520046 24.4375269 5.49400174 255 79 163
13.5470086 26.8667098 9.41115336 255 79 163
10.6273232 26.5471856 8.90154307 255 79 163
13.5112422 24.4427944 6.94946712 255 79 163
10.6165882 24.5871686 6.91651358 255 79 163
15.9855351 26.3651462 9.5906829 255 79 163
15.957406 24.567144 7.76471825 255 79 163
25.4576356 26.3072471 10.9202661 255 79 163
22.4700223 26.1078041 10.4288246 255 79 163
25.4408111 24.4203551 9.00372624 255 79 163
22.4136822 24.5386574 8.82889246 255 79 163
28.4880109 25.8633659 11.2072979 255 79 163
28.530145 24.5109 9.84404055 255 79 163
40.7083261 25.5327075 12.7973415 255 79 163
41.6444572 25.4471276 12.8903842 255 79 163
40.7991635 24.4227636 11.6420551 255 79 163
41.7108616 24.5433121 12.0733527 255 79 163
40.7765338 24.490832 11.8233688 255 79 163
1.50905526 26.3854251 7.58478691 255 79 163
1.95397569 25.9060418 7.34578535 255 79 163
1.940976 26.2260003 7.55318489 255 79 163
3.94547105 26.216469 7.81451136 255 79 163
2.84084381 26.6052304 7.86422079 255 79 163
4.1572476 25.730284 7.50774474 255 79 163
4.59975853 26.0141923 7.77783772 255 79 163
5.27757036 26.5555661 8.16724217 255 79 163
5.03969727 25.9399943 7.78789947 255 79 163
5.92000514 25.7948476 7.80457454 255 79 163
6.40514894 27.0277023 8.48796434 255 79 163
5.26566511 25.1807954 7.11342904 255 79 163
5.05307524 24.9270617 6.72986365 255 79 163
5.26721065 25.0464044 6.93765336 255 79 163
7.2793541 26.8572658 8.55353559 255 79 163
6.38579434 24.6428985 6.3872818 255 79 163
8.59200638 26.6043084 8.64111977 255 79 163
7.69751667 26.3309234 8.39289907 255 79 163
9.27045735 26.5861428 8.72783103 255 79 163
9.02729785 26.162366 8.49003483 255 79 163
8.56370552 25.3917118 7.83235182 255 79 163
9.91899002 25.3746152 8.01873366 255 79 163
9.72275116 26.5735358 8.78569328 255 79 163
8.58743778 24.593406 6.60668392 255 79 163
7.69204808 24.8861278 7.05602096 255 79 163
9.26393162 24.5914259 6.70907619 255 79 163
10.3707069 25.3685562 8.08121818 255 79 163
10.5965574 25.3654625 8.11252428 255 79 163
11.2740781 25.3559322 8.20668955 255 79 163
12.2574645 26.219677 8.98551861 255 79 163
12.6289892 25.3358211 8.39606266 255 79 163
13.0734459 26.0624337 9.02020987 255 79 163
12.248337 24.7059703 7.45221892 255 79 163
13.2010987 25.3269381 8.47641933 255 79 163
13.4871434 25.3224154 8.5166782 255 79 163
13.0650186 24.7726729 7.71360373 255 79 163
14.3081191 25.0106878 8.28561586 255 79 163
15.9480868 25.2815043 8.86505611 255 79 163
15.1367469 25.7533844 9.1350667 255 79 163
16.3168297 25.2750999 8.91753282 255 79 163
17.0542928 25.2621081 9.02266796 255 79 163
17.4629057 26.3089293 9.78136773 255 79 163
18.2015815 26.2801276 9.87678658 255 79 163
19.3095854 26.2362136 10.0199933 255 79 163
18.5506394 25.8985964 9.74509334 255 79 163
19.2665292 25.2218976 9.3392987 255 79 163
17.4286308 24.5609362 8.00464474 255 79 163
18.1641539 24.5577522 8.12532396 255 79 163
18.5278953 24.7319042 8.55976321 255 79 163
19.9909832 25.8520748 9.9365827 255 79 163
20.36307 26.193819 10.1562253 255 79 163
21.3697778 25.1824353 9.64157279 255 79 163
21.0653894 26.1652895 10.2470761 255 79 163
19.267346 24.5528931 8.30708374 255 79 163
19.9639319 24.7203022 8.78576242 255 79 163
20.3161801 24.5481975 8.48057653 255 79 163
21.0153672 24.5450352 8.59652397 255 79 163
22.0708406 25.1691197 9.74249115 255 79 163
22.4213698 25.1624439 9.79296812 255 79 163
23.4729527 25.1423779 9.94443747 255 79 163
28.4915606 25.0478972 10.6660217 255 79 163
27.5197218 25.0658138 10.5266713 255 79 163
29.7860605 25.8129265 11.3749548 255 79 163
29.4634368 25.0302827 10.8050723 255 79 163
28.8155148 25.0419893 10.712408 255 79 163
30.4350926 25.7882403 11.4587244 255 79 163
30.7547998 25.5020561 11.368194 255 79 163
31.4086515 25.7519833 11.5842937 255 79 163
31.4073306 24.9961944 11.0820417 255 79 163
29.8226261 24.5052815 10.0563134 255 79 163
30.4689314 24.5025303 10.1619311 255 79 163
30.7789076 24.6320664 10.4912571 255 79 163
32.1342083 25.292441 11.4446244 255 79 163
32.5009916 25.4505175 11.5991201 255 79 163
33.0554645 25.6930856 11.7964268 255 79 163
31.4384832 24.4984878 10.3196051 255 79 163
33.2312914 25.2658699 11.5923946 255 79 163
33.6148776 24.6114098 10.9284808 255 79 163
34.6960056 24.9431299 11.5459761 255 79 163
32.1633136 24.5333408 10.5276469 255 79 163
33.9515136 25.5772536 11.8753712 255 79 163
35.7445308 25.363383 12.0258976 255 79 163
37.1715381 25.4840473 12.2911561 255 79 163
35.4456487 24.5179184 11.0423779 255 79 163
36.1483068 24.6899123 11.4660821 255 79 163
37.8860012 25.5432803 12.4160983 255 79 163
37.9122365 24.8987114 11.9921558 255 79 163
36.360768 24.4800193 11.1014596 255 79 163
36.8752629 24.5905039 11.4196807 255 79 163
37.2195528 24.6811992 11.6214669 255 79 163
38.8266872 25.5385223 12.5438918 255 79 163
38.5175018 25.3127238 12.3949817 255 79 163
39.4538619 25.5359847 12.6286822 255 79 163
39.7897556 24.9077461 12.2786146 255 79 163
37.9659724 24.4749399 11.3478739 255 79 163
38.5709478 24.5882374 11.6817752 255 79 163
38.9024965 24.4800833 11.5090138 255 79 163
40.4157733 24.9112136 12.372674 255 79 163
39.534734 24.4589112 11.5532392 255 79 163
40.7288149 24.9130533 12.4194416 255 79 163
41.3444919 25.1118804 12.6676003 255 79 163
41.1982195 24.9572677 12.5264807 255 79 163
41.0547419 24.7698511 12.3154715 255 79 163
41.6674497 24.924566 12.5636704 255 79 163
1.06429934 27.2618341 7.85404307 255 79 163
1.73390404 27.3745704 7.96403131 255 79 163
1.6548404 27.0421175 7.87057909 255 79 163
1.28532942 25.2492361 6.6468369 255 79 163
1.95554406 24.9969501 6.40340224 255 79 163
3.0513496 25.8588615 7.4574345 255 79 163
2.61800989 25.136899 6.68696118 255 79 163
2.84428252 25.0434215 6.59164473 255 79 163
6.14456058 25.1190323 7.16274322 255 79 163
6.58337287 25.1560802 7.27418794 255 79 163
7.09453629 25.6091342 7.82049985 255 79 163
7.26098855 24.6918299 6.62964375 255 79 163
6.51582915 24.9579354 6.99204676 255 79 163
7.68208807 25.5200716 7.82616935 255 79 163
7.97592502 25.4765669 7.82851487 255 79 163
7.94415473 24.4238361 5.94062789 255 79 163
13.5029865 26.0505929 9.07680382 255 79 163
14.1230784 26.1314463 9.21210476 255 79 163
14.7199102 25.4674917 8.84670676 255 79 163
13.9071597 25.8463218 9.01186694 255 79 163
15.3336351 24.9332809 8.345958 255 79 163
18.5291393 25.2354813 9.23357629 255 79 163
19.9676248 25.2088463 9.43995475 255 79 163
24.4530206 25.7044127 10.5306897 255 79 163
25.5060086 25.6695322 10.6709006 255 79 163
25.5761274 25.1023189 10.2473036 255 79 163
24.4541107 24.6830648 9.4962853 255 79 163
25.503856 24.6743392 9.66247692 255 79 163
26.4790753 25.6375241 10.8004127 255 79 163
26.4739454 24.6663286 9.81584414 255 79 163
30.7593426 25.007368 10.9899063 255 79 163
32.1425702 24.848088 11.0357376 255 79 163
32.690394 24.8409363 11.1153725 255 79 163
1.05937168 24.4787614 5.1552737 255 79 163
1.27865814 24.4969885 5.24872895 255 79 163
1.95322245 24.5324893 5.45429706 255 79 163
6.73957715 26.2867506 8.23648111 255 79 163
24.4447137 25.123833 10.0844113 255 79 163
26.4680888 25.0854746 10.375604 255 79 163
1.27839184 24.7945048 5.97664241 255 79 163
46.140943 68.5793212 15.4638991 218 222 230
46.1903911 68.5361633 15.0677106 218 222 230
46.2405809 68.3972429 14.6655798 218 222 230
46.2872242 68.158631 14.2918645 218 222 230
46.3259441 67.8332372 13.9816323 218 222 230
46.3535043 67.4493389 13.7608142 218 222 230
46.3678708 67.0764766 13.6457071 218 222 230
46.3723432 66.710911 13.6098736 218 222 230
0.64704914 66.710911 7.90291785 218 222 230
0.673569551 67.0110745 7.9306818 218 222 230
0.745215008 67.3003643 8.01132941 218 222 230
0.849763139 67.5698374 8.13897474 218 222 230
0.974873484 67.8131217 8.3063625 218 222 230
1.15275612 68.0901614 8.57875575 218 222 230
1.33666769 68.3318385 8.93541176 218 222 230
1.46875476 68.4951002 9.32943807 218 222 230
1.51222836 68.5577464 9.6084875 218 222 230
1.50923895 68.5793212 9.89343386 218 222 230
46.3723432 66.710911 13.6098736 218 222 230
46.6040531 26.8177376 13.6387933 218 222 230
0.64704914 66.710911 7.90291785 218 222 230
0.64704914 28.1310522 7.90291785 218 222 230
8.68812458 27.9173119 8.90652129 218 222 230
19.4095585 27.3321001 10.2446592 218 222 230
31.452263 26.5701161 11.7477044 218 222 230
37.8957272 26.2423878 12.5519106 218 222 230
43.4949675 26.0614291 13.2507495 218 222 230
46.5941831 26.7171276 13.6375614 218 222 230
46.5650831 26.6181987 13.6339294 218 222 230
46.5181629 26.5224917 13.6280734 218 222 230
46.4315924 26.4020721 13.6172685 218 222 230
46.3083764 26.2787958 13.60189 218 222 230
46.1160636 26.1369335 13.5778875 218 222 230
45.8013596 25.9723167 13.5386094 218 222 230
45.3358178 25.8192379 13.4805053 218 222 230
44.8698172 25.7495395 13.422344 218 222 230
44.4773055 25.7571805 13.3733547 218 222 230
44.1569956 25.8168964 13.333377 218 222 230
43.8354885 25.9345425 13.2932498 218 222 230
43.6425934 26.0240685 13.2691747 218 222 230
43.5612124 26.0526123 13.2590175 218 222 230
28.4665755 62.1576056 24.0734222 255 79 163
28.4665755 61.8989249 24.1048317 255 79 163
28.4665755 61.6552778 24.1972349 255 79 163
28.4665755 61.4408242 24.3452615 255 79 163
28.4665755 61.2680273 24.5403089 255 79 163
28.4665755 61.1469295 24.7710415 255 79 163
28.4665755 61.0845685 25.0240501 255 79 163
28.4665755 61.0845685 25.2846307 255 79 163
28.4665755 61.1469295 25.5376392 255 79 163
28.4665755 61.2680273 25.7683719 255 79 163
28.4665755 61.4408242 25.9634192 255 79 163
28.4665755 61.6552778 26.1114459 255 79 163
28.4665755 61.8989249 26.203849 255 79 163
28.4665755 62.1576056 26.2352585 255 79 163
28.4665755 62.4162862 26.203849 255 79 163
28.4665755 62.6599333 26.1114459 255 79 163
28.4665755 62.8743869 25.9634192 255 79 163
28.4665755 63.0471838 25.7683719 255 79 163
28.4665755 63.1682816 25.5376392 255 79 163
28.4665755 63.2306426 25.2846307 255 79 163
28.4665755 63.2306426 25.0240501 255 79 163
28.4665755 63.1682816 24.7710415 255 79 163
28.4665755 63.0471838 24.5403089 255 79 163
28.4665755 62.8743869 24.3452615 255 79 163
28.4665755 62.6599333 24.1972349 255 79 163
28.4665755 62.4162862 24.1048317 255 79 163
28.4665755 62.1576056 24.0734222 255 79 163
27.7575322 62.1576056 23.3643789 255 79 163
27.9153092 62.1576056 23.3821561 255 79 163
28.0651746 62.1576056 23.4345963 255 79 163
28.1996135 62.1576056 23.5190698 255 79 163
28.3118846 62.1576056 23.6313409 255 79 163
28.3963581 62.1576056 23.7657798 255 79 163
28.4487983 62.1576056 23.9156452 255 79 163
27.7575322 62.1576056 23.3643789 255 79 163
27.7575322 61.7292397 23.4163919 255 79 163
27.7575322 61.325769 23.5694082 255 79 163
27.7575322 60.9706416 23.814535 255 79 163
27.7575322 60.6844962 24.1375264 255 79 163
27.7575322 60.4839625 24.5196113 255 79 163
27.7575322 60.3806949 24.9385844 255 79 163
27.7575322 60.3806949 25.3700964 255 79 163
27.7575322 60.4839625 25.7890694 255 79 163
27.7575322 60.6844962 26.1711544 255 79 163
27.7575322 60.9706416 26.4941458 255 79 163
27.7575322 61.325769 26.7392725 255 79 163
27.7575322 61.7292397 26.8922888 255 79 163
27.7575322 62.1576056 26.9443018 255 79 163
27.7575322 62.5859714 26.8922888 255 79 163
27.7575322 62.9894421 26.7392725 255 79 163
27.7575322 63.3445696 26.4941458 255 79 163
27.7575322 63.630715 26.1711544 255 79 163
27.7575322 63.8312486 25.7890694 255 79 163
27.7575322 63.9345162 25.3700964 255 79 163
27.7575322 63.9345162 24.9385844 255 79 163
27.7575322 63.8312486 24.5196113 255 79 163
27.7575322 63.630715 24.1375264 255 79 163
27.7575322 63.3445696 23.814535 255 79 163
27.7575322 62.9894421 23.5694082 255 79 163
27.7575322 62.5859714 23.4163919 255 79 163
27.9153092 62.1576056 23.3821561 255 79 163
28.0651746 62.1576056 23.4345963 255 79 163
28.1996135 62.1576056 23.5190698 255 79 163
28.3118846 62.1576056 23.6313409 255 79 163
28.3963581 62.1576056 23.7657798 255 79 163
28.4487983 62.1576056 23.9156452 255 79 163
27.9153092 62.581717 23.4336526 255 79 163
28.0651746 62.5691673 23.4845689 255 79 163
28.1996135 62.5489514 23.5665878 255 79 163
27.9153092 62.9811806 23.5851491 255 79 163
28.3118846 62.5220832 23.6755965 255 79 163
28.0651746 62.9568105 23.6315826 255 79 163
28.3963581 62.4899098 23.8061289 255 79 163
28.1996135 62.9175537 23.7063802 255 79 163
27.9153092 63.3327811 23.8278414 255 79 163
28.4487983 62.4540447 23.9516395 255 79 163
28.3118846 62.8653787 23.8057914 255 79 163
28.0651746 63.2980068 23.8670934 255 79 163
28.3963581 62.8029018 23.9248311 255 79 163
28.1996135 63.2419905 23.9303228 255 79 163
27.9153092 63.6160846 24.147625 255 79 163
28.4487983 62.7332559 24.0575303 255 79 163
28.3118846 63.167541 24.0143589 255 79 163
28.0651746 63.5729272 24.1774144 255 79 163
28.3963581 63.0783915 24.1149879 255 79 163
28.1996135 63.5034068 24.2254008 255 79 163
27.9153092 63.8146266 24.5259152 255 79 163
28.4487983 62.9790124 24.2271637 255 79 163
28.3118846 63.4110095 24.2891781 255 79 163
28.0651746 63.7655942 24.5445107 255 79 163
28.3963581 63.3003685 24.3655481 255 79 163
28.1996135 63.6866101 24.5744654 255 79 163
27.9153092 63.9168686 24.9407272 255 79 163
28.4487983 63.1770317 24.4506813 255 79 163
28.3118846 63.5816348 24.6142773 255 79 163
28.0651746 63.8648108 24.9470481 255 79 163
28.3963581 63.4559322 24.66195 255 79 163
28.1996135 63.7809531 24.9572303 255 79 163
27.9153092 63.9168686 25.3679536 255 79 163
28.4487983 63.3158056 24.715093 255 79 163
28.3118846 63.6695006 24.9707631 255 79 163
28.0651746 63.8648108 25.3616326 255 79 163
28.3963581 63.5360419 24.9869679 255 79 163
28.1996135 63.7809531 25.3514504 255 79 163
27.9153092 63.8146266 25.7827656 255 79 163
28.4487983 63.3872692 25.0050322 255 79 163
28.3118846 63.6695006 25.3379177 255 79 163
28.0651746 63.7655942 25.76417 255 79 163
28.3963581 63.5360419 25.3217128 255 79 163
28.1996135 63.6866101 25.7342153 255 79 163
27.9153092 63.6160846 26.1610558 255 79 163
28.4487983 63.3872692 25.3036486 255 79 163
28.3118846 63.5816348 25.6944034 255 79 163
28.0651746 63.5729272 26.1312664 255 79 163
28.3963581 63.4559322 25.6467307 255 79 163
28.1996135 63.5034068 26.0832799 255 79 163
27.9153092 63.3327811 26.4808393 255 79 163
28.4487983 63.3158056 25.5935877 255 79 163
28.3118846 63.4110095 26.0195026 255 79 163
28.0651746 63.2980068 26.4415873 255 79 163
28.3963581 63.3003685 25.9431326 255 79 163
28.1996135 63.2419905 26.3783579 255 79 163
27.9153092 62.9811806 26.7235316 255 79 163
28.4487983 63.1770317 25.8579994 255 79 163
28.3118846 63.167541 26.2943218 255 79 163
28.0651746 62.9568105 26.6770981 255 79 163
28.3963581 63.0783915 26.1936928 255 79 163
28.1996135 62.9175537 26.6023005 255 79 163
27.9153092 62.581717 26.8750282 255 79 163
28.4487983 62.9790124 26.081517 255 79 163
28.3118846 62.8653787 26.5028894 255 79 163
28.0651746 62.5691673 26.8241118 255 79 163
28.3963581 62.8029018 26.3838496 255 79 163
28.1996135 62.5489514 26.7420929 255 79 163
27.9153092 62.1576056 26.9265246 255 79 163
28.4487983 62.7332559 26.2511504 255 79 163
28.3118846 62.5220832 26.6330842 255 79 163
28.0651746 62.1576056 26.8740845 255 79 163
28.3963581 62.4899098 26.5025518 255 79 163
28.1996135 62.1576056 26.7896109 255 79 163
27.9153092 61.7334941 26.8750282 255 79 163
28.4487983 62.4540447 26.3570413 255 79 163
28.3118846 62.1576056 26.6773398 255 79 163
28.0651746 61.7460439 26.8241118 255 79 163
28.3963581 62.1576056 26.5429009 255 79 163
28.1996135 61.7662597 26.7420929 255 79 163
27.9153092 61.3340305 26.7235316 255 79 163
28.4487983 62.1576056 26.3930355 255 79 163
28.3118846 61.7931279 26.6330842 255 79 163
28.0651746 61.3584006 26.6770981 255 79 163
28.3963581 61.8253013 26.5025518 255 79 163
28.1996135 61.3976575 26.6023005 255 79 163
27.9153092 60.98243 26.4808393 255 79 163
28.4487983 61.8611664 26.3570413 255 79 163
28.3118846 61.4498324 26.5028894 255 79 163
28.0651746 61.0172043 26.4415873 255 79 163
28.3963581 61.5123093 26.3838496 255 79 163
28.1996135 61.0732206 26.3783579 255 79 163
27.9153092 60.6991265 26.1610558 255 79 163
28.4487983 61.5819552 26.2511504 255 79 163
28.3118846 61.1476701 26.2943218 255 79 163
28.0651746 60.7422839 26.1312664 255 79 163
28.3963581 61.2368196 26.1936928 255 79 163
28.1996135 60.8118043 26.0832799 255 79 163
27.9153092 60.5005845 25.7827656 255 79 163
28.4487983 61.3361987 26.081517 255 79 163
28.3118846 60.9042016 26.0195026 255 79 163
28.0651746 60.5496169 25.76417 255 79 163
28.3963581 61.0148427 25.9431326 255 79 163
28.1996135 60.6286011 25.7342153 255 79 163
27.9153092 60.3983425 25.3679536 255 79 163
28.4487983 61.1381794 25.8579994 255 79 163
28.3118846 60.7335764 25.6944034 255 79 163
28.0651746 60.4504003 25.3616326 255 79 163
28.3963581 60.8592789 25.6467307 255 79 163
28.1996135 60.534258 25.3514504 255 79 163
27.9153092 60.3983425 24.9407272 255 79 163
28.4487983 60.9994055 25.5935877 255 79 163
28.3118846 60.6457105 25.3379177 255 79 163
28.0651746 60.4504003 24.9470481 255 79 163
28.3963581 60.7791692 25.3217128 255 79 163
28.1996135 60.534258 24.9572303 255 79 163
27.9153092 60.5005845 24.5259152 255 79 163
28.4487983 60.9279419 25.3036486 255 79 163
28.3118846 60.6457105 24.9707631 255 79 163
28.0651746 60.5496169 24.5445107 255 79 163
28.3963581 60.7791692 24.9869679 255 79 163
28.1996135 60.6286011 24.5744654 255 79 163
27.9153092 60.6991265 24.147625 255 79 163
28.4487983 60.9279419 25.0050322 255 79 163
28.3118846 60.7335764 24.6142773 255 79 163
28.0651746 60.7422839 24.1774144 255 79 163
28.3963581 60.8592789 24.66195 255 79 163
28.1996135 60.8118043 24.2254008 255 79 163
27.9153092 60.98243 23.8278414 255 79 163
28.4487983 60.9994055 24.715093 255 79 163
28.3118846 60.9042016 24.2891781 255 79 163
28.0651746 61.0172043 23.8670934 255 79 163
28.3963581 61.0148427 24.3655481 255 79 163
28.1996135 61.0732206 23.9303228 255 79 163
27.9153092 61.3340305 23.5851491 255 79 163
28.4487983 61.1381794 24.4506813 255 79 163
28.3118846 61.1476701 24.0143589 255 79 163
28.0651746 61.3584006 23.6315826 255 79 163
28.3963581 61.2368196 24.1149879 255 79 163
28.1996135 61.3976575 23.7063802 255 79 163
27.9153092 61.7334941 23.4336526 255 79 163
28.4487983 61.3361987 24.2271637 255 79 163
28.3118846 61.4498324 23.8057914 255 79 163
28.0651746 61.7460439 23.4845689 255 79 163
28.3963581 61.5123093 23.9248311 255 79 163
28.1996135 61.7662597 23.5665878 255 79 163
28.4487983 61.5819552 24.0575303 255 79 163
28.3118846 61.7931279 23.6755965 255 79 163
28.3963581 61.8253013 23.8061289 255 79 163
28.4487983 61.8611664 23.9516395 255 79 163
56.2032833 3.46542536 19.9360974 255 79 163
56.2032833 7.35648547 19.9360974 255 79 163
56.2259889 3.46297145 19.9357966 255 79 163
56.2486787 3.45572136 19.9348942 255 79 163
56.2713365 3.44384259 19.9333908 255 79 163
56.3014699 3.4210935 19.9304536 255 79 163
56.3464284 3.3729676 19.9240567 255 79 163
56.4130732 3.27192539 19.9100198 255 79 163
56.5896838 2.84559596 19.8440324 255 79 163
56.7637958 2.21247983 19.7273516 255 79 163
57.0068927 0.936210923 19.3766718 255 79 163
57.0467565 0.661544995 19.2303019 255 79 163
57.0554227 0.596404511 19.1694091 255 79 163
57.0584978 0.572397579 19.1329372 255 79 163
57.0597629 0.562283245 19.1060798 255 79 163
57.0600792 0.559714116 19.0926396 255 79 163
57.0601847 0.558850016 19.079196 255 79 163
57.0601847 7.35648547 19.079196 255 79 163
57.0342738 7.35648547 19.2883247 255 79 163
56.9617834 7.35648547 19.4778909 255 79 163
56.8557095 7.35648547 19.6347318 255 79 163
56.7164289 7.35648547 19.7654625 255 79 163
56.5543952 7.35648547 19.8608612 255 79 163
56.3825854 7.35648547 19.9171285 255 79 163
56.291757 7.35648547 19.9315178 255 79 163
56.2032833 0 23.4015228 218 222 230
56.2032833 0.0921626229 22.6076264 218 222 230
56.2032833 0.389166825 21.8059645 218 222 230
56.2032833 0.836598918 21.1435493 218 222 230
56.2032833 1.36500469 20.6451836 218 222 230
56.2032833 1.9765653 20.2722308 218 222 230
56.2032833 2.62780542 20.0388504 218 222 230
56.2032833 3.05232393 19.9608077 218 222 230
56.2032833 3.46542536 19.9360974 218 222 230
56.2259889 3.46297145 19.9357966 218 222 230
56.2486787 3.45572136 19.9348942 218 222 230
56.2713365 3.44384259 19.9333908 218 222 230
56.3014699 3.4210935 19.9304536 218 222 230
56.3464284 3.3729676 19.9240567 218 222 230
56.4130732 3.27192539 19.9100198 218 222 230
56.5896838 2.84559596 19.8440324 218 222 230
56.7637958 2.21247983 19.7273516 218 222 230
57.0068927 0.936210923 19.3766718 218 222 230
57.0467565 0.661544995 19.2303019 218 222 230
57.0554227 0.596404511 19.1694091 218 222 230
57.0584978 0.572397579 19.1329372 218 222 230
57.0597629 0.562283245 19.1060798 218 222 230
57.0600792 0.559714116 19.0926396 218 222 230
57.0601847 0.558850016 19.079196 218 222 230
57.6190347 0 19.079196 218 222 230
57.4826461 0.016898457 19.079196 218 222 230
57.3590157 0.0641748987 19.079196 218 222 230
57.2567279 0.133353657 19.079196 218 222 230
57.1714686 0.224189075 19.079196 218 222 230
57.1092519 0.32986348 19.079196 218 222 230
57.0725558 0.441913598 19.079196 218 222 230
57.0631714 0.501149649 19.079196 218 222 230
56.5630764 1.49493539e-16 23.3625008 218 222 230
56.9089553 6.09038865e-17 23.2500327 218 222 230
57.2288998 4.70351825e-17 23.0723818 218 222 230
57.5131418 6.44123567e-17 22.839303 218 222 230
57.7543113 2.36331415e-17 22.5616101 218 222 230
57.9475108 -9.18475085e-17 22.2507309 218 222 230
58.0903186 -2.22391704e-16 21.918262 218 222 230
58.1827237 -2.83172756e-16 21.5755335 218 222 230
58.2317546 -1.77690576e-16 21.1208612 218 222 230
58.1988921 8.89660066e-17 20.6374079 218 222 230
58.0960805 1.90811094e-16 20.2066855 218 222 230
57.9030061 -9.99050184e-17 19.7377265 218 222 230
57.7042708 4.51981723e-16 19.3598021 218 222 230
57.6390008 1.17624951e-15 19.2033177 218 222 230
57.623811 1.00134292e-15 19.1383119 218 222 230
56.5613363 0.978419596 20.8792515 218 222 230
57.2401352 0.200263373 19.285439 218 222 230
56.6902107 0.0218576453 22.932393 218 222 230
56.6405425 0.0907567468 22.5393539 218 222 230
56.7800409 0.0897102393 22.4880904 218 222 230
56.7104663 0.279494088 21.9116061 218 222 230
57.2141916 0.0955014031 22.162123 218 222 230
56.9667805 0.227763141 21.8839034 218 222 230
57.0703181 0.222891245 21.8076719 218 222 230
57.6239823 0.083476739 21.6575074 218 222 230
57.7100448 0.0792796079 21.4852241 218 222 230
57.4593436 0.193762158 21.3565343 218 222 230
57.7787052 0.0748906049 21.3077358 218 222 230
57.13572 0.382309154 21.2756068 218 222 230
57.0936061 0.74563782 20.4116584 218 222 230
57.5196828 0.186496206 21.2460317 218 222 230
57.8371465 0.0695909023 21.0974133 218 222 230
57.5717032 0.178964603 21.1325805 218 222 230
57.6154342 0.171213832 21.0170799 218 222 230
57.6610683 0.160618884 20.8613949 218 222 230
56.3688737 2.07406923 20.1906634 218 222 230
57.8814571 0.05206728 20.4368483 218 222 230
57.8489722 0.0452873042 20.1964101 218 222 230
56.4429281 2.09026533 20.1416577 218 222 230
57.7162813 0.122554166 20.3249909 218 222 230
57.535835 0.257412725 20.4146306 218 222 230
57.2758349 0.433045149 19.7958522 218 222 230
57.7046294 0.110637492 20.164661 218 222 230
56.7042156 1.51145251 20.2077839 218 222 230
56.5542982 1.97826863 20.0970816 218 222 230
57.6821824 0.0991186987 20.012874 218 222 230
56.4884283 2.40486723 19.9886379 218 222 230
57.639605 0.0846503846 19.8257523 218 222 230
56.7308864 1.70610049 19.9829274 218 222 230
56.8238987 1.50484835 19.8938315 218 222 230
56.9776183 1.06232678 19.8918297 218 222 230
56.7227833 1.92268276 19.8551589 218 222 230
56.9424308 1.16299572 19.7319594 218 222 230
57.1406518 0.525407955 19.5434772 218 222 230
57.0601847 8.45728397 17.6788785 255 79 163
57.0252157 8.73952101 17.6788785 255 79 163
56.9273837 8.99535674 17.6788785 255 79 163
56.784228 9.20702694 17.6788785 255 79 163
56.5962569 9.38345913 17.6788785 255 79 163
56.3775785 9.5122079 17.6788785 255 79 163
56.1457065 9.58814537 17.6788785 255 79 163
56.0231258 9.60756502 17.6788785 255 79 163
55.903723 9.61374561 17.6788785 255 79 163
55.9150775 9.57578501 18.0911017 255 79 163
55.9452476 9.46317999 18.4894594 255 79 163
55.9884873 9.27971799 18.860552 255 79 163
56.0390524 9.03157111 19.1918977 255 79 163
56.0911993 8.7270875 19.4723534 255 79 163
56.139185 8.37650898 19.692488 255 79 163
56.1772658 7.99162643 19.8448989 255 79 163
56.1963383 7.67731281 19.9131813 255 79 163
56.2032833 7.35648547 19.9360974 255 79 163
57.0601847 7.35648547 19.079196 255 79 163
57.0342738 7.35648547 19.2883247 255 79 163
56.9617834 7.35648547 19.4778909 255 79 163
56.8557095 7.35648547 19.6347318 255 79 163
56.7164289 7.35648547 19.7654625 255 79 163
56.5543952 7.35648547 19.8608612 255 79 163
56.3825854 7.35648547 19.9171285 255 79 163
56.291757 7.35648547 19.9315178 255 79 163
57.0601847 8.40871498 18.1539754 255 79 163
57.0601847 8.32848541 18.3968093 255 79 163
57.0601847 8.1799555 18.6511227 255 79 163
57.0601847 8.00334205 18.8366526 255 79 163
57.0601847 7.79990892 18.971013 255 79 163
57.0601847 7.5853647 19.0509877 255 79 163
56.7263366 9.23164893 18.1068731 255 79 163
56.8043518 7.80183181 19.6300722 255 79 163
56.7918241 8.21940993 19.4707576 255 79 163
56.9813098 8.82319232 18.171869 255 79 163
56.9198087 8.89026525 18.4020207 255 79 163
56.9848976 8.70425295 18.5027114 255 79 163
56.7560185 8.88343082 18.8965773 255 79 163
56.3381832 9.48835667 18.1199724 255 79 163
56.3470552 9.43986613 18.3138859 255 79 163
56.2023647 9.50559108 18.2470252 255 79 163
56.9892119 8.51766556 18.8062561 255 79 163
56.4964755 9.28744526 18.5449786 255 79 163
56.37799 9.24930099 18.7632632 255 79 163
56.9353187 8.46588609 19.0422647 255 79 163
56.9936181 8.25928061 19.0696372 255 79 163
56.2460449 9.27540088 18.8044562 255 79 163
56.3932781 9.14327815 18.9332334 255 79 163
56.425966 8.88669438 19.2410346 255 79 163
56.5631174 8.67483608 19.3555982 255 79 163
56.4652586 8.50299811 19.5460869 255 79 163
57.6190347 6.16540388e-19 3.0813156 255 79 163
63.3931807 6.64397619e-17 2.8551528 255 79 163
71.092042 2.42805343e-16 2.23653519 255 79 163
79.0082789 3.84336782e-16 1.46198957 255 79 163
85.7139046 3.52290431e-16 0.894220182 255 79 163
89.2061086 2.4494046e-16 0.689023201 255 79 163
92.4195303 -7.05332282e-18 0.581124554 255 79 163
57.633613 0.0826194491 2.37237883 255 79 163
57.673887 0.32598545 1.70132824 255 79 163
57.7292508 0.717195054 1.10404343 255 79 163
57.7893225 1.23556114 0.612690475 255 79 163
57.84379 1.85346891 0.254004141 255 79 163
57.8787472 2.45214334 0.0641566432 255 79 163
57.8940182 3.07697437 -6.03167684e-17 255 79 163
63.7137469 2.83531945 7.25557129e-17 255 79 163
71.4733851 2.20033995 2.5182551e-16 255 79 163
83.9275864 1.02734028 3.80646868e-16 255 79 163
88.1735583 0.741133577 2.84426451e-16 255 79 163
92.4195303 0.581124554 0 255 79 163
92.4195303 0.439299811 0.0175719925 255 79 163
92.4195303 0.310741789 0.0667327697 255 79 163
92.4195303 0.204377039 0.138668842 255 79 163
92.4195303 0.115719471 0.233124761 255 79 163
92.4195303 0.0510229241 0.343011116 255 79 163
92.4195303 0.0128641764 0.459527307 255 79 163
92.4195303 0.00310576013 0.521124377 255 79 163
60.5335338 0.075221933 2.33294825 255 79 163
60.5612157 0.166232386 2.01481129 255 79 163
59.5987728 0.213500961 1.91643899 255 79 163
59.6372513 0.414519091 1.50264701 255 79 163
60.5912516 0.293768987 1.70394007 255 79 163
82.8832566 0.142084932 0.568339728 255 79 163
84.8207455 0.280801027 0.280801027 255 79 163
85.9383498 0.448983317 0.112245829 255 79 163
86.9437315 0.238089523 0.238089523 255 79 163
87.6978572 0.098064198 0.392256792 255 79 163
88.6898335 0.209157427 0.209157427 255 79 163
89.9330658 0.241774406 0.14791825 255 79 163
90.8128195 0.0839230797 0.311578787 255 79 163
58.4659894 1.60927062 0.368034711 255 79 163
58.7770892 1.49001463 0.432699889 255 79 163
58.7596105 1.21768107 0.616098581 255 79 163
58.4827322 2.01206834 0.186623122 255 79 163
58.7847246 1.79506507 0.272998924 255 79 163
59.7398961 1.57035957 0.374706903 255 79 163
60.9149962 0.344231895 1.59317726 255 79 163
60.6184853 0.461797492 1.39875643 255 79 163
60.9342355 0.458370484 1.39474834 255 79 163
59.7721287 2.08610025 0.150443198 255 79 163
61.0918865 0.457402468 1.3913595 255 79 163
61.1057274 0.553761951 1.24726012 255 79 163
61.8589845 0.194517302 1.88883205 255 79 163
62.5217099 0.274511191 1.67281299 255 79 163
61.0860014 2.36402168 0.0638321726 255 79 163
63.4733222 0.200121318 1.80109186 255 79 163
62.8656279 0.429628444 1.37123917 255 79 163
63.5534638 0.833374352 0.833374352 255 79 163
62.681993 1.9951514 0.143884244 255 79 163
64.3376559 0.244372898 1.65196079 255 79 163
64.7297519 0.0837068707 2.09267177 255 79 163
63.6336053 1.79482528 0.199425031 255 79 163
62.9724833 1.57681521 0.311776754 255 79 163
64.4445113 1.20946892 0.489784934 255 79 163
65.5583206 1.71195214 0.190216904 255 79 163
65.7276548 1.16996153 0.473786072 255 79 163
64.890035 1.40878545 0.352196361 255 79 163
66.2367358 2.00938316 0.0803753264 255 79 163
66.6254553 1.55319936 0.229763219 255 79 163
68.7597246 1.25163101 0.312907753 255 79 163
67.4028944 0.751293904 0.751293904 255 79 163
68.1870865 0.218519438 1.4771914 255 79 163
66.0663232 0.341211782 1.36484713 255 79 163
68.5791826 0.0745470525 1.86367631 255 79 163
69.2474682 0.168956688 1.52061019 255 79 163
69.084887 0.425332449 1.05031074 255 79 163
69.9258833 0.29955394 1.19821576 255 79 163
71.1873778 0.156397703 1.40757932 255 79 163
70.3781601 0.404689155 0.999334444 255 79 163
71.2827135 0.649776906 0.649776906 255 79 163
70.1165549 1.75950163 0.0703800654 255 79 163
70.5052744 1.35447021 0.200365416 255 79 163
72.0775525 0.187321737 1.26629494 255 79 163
73.857902 0.251439419 1.00575767 255 79 163
71.3780493 1.39614304 0.155127005 255 79 163
72.2046669 0.924162036 0.374247436 255 79 163
73.3571085 1.27499853 0.141666503 255 79 163
73.5240397 0.868270454 0.351613655 255 79 163
72.6656435 1.06553725 0.266384313 255 79 163
76.4330905 0.0518011745 1.29502936 255 79 163
75.240832 0.536389292 0.536389292 255 79 163
74.8049009 1.41711112 0.0566844447 255 79 163
78.1364168 0.789929231 0.197482308 255 79 163
74.9502113 1.09949932 0.162647828 255 79 163
77.1245555 0.115491131 1.03942018 255 79 163
77.4618426 0.283180159 0.699281617 255 79 163
78.5723479 0.192096467 0.768385867 255 79 163
79.5375428 0.248032437 0.612488263 255 79 163
80.2381058 0.0945201219 0.850681097 255 79 163
81.4679326 0.361579542 0.361579542 255 79 163
81.0320016 0.96275776 0.0385103104 255 79 163
82.7595919 0.487077992 0.197246459 255 79 163
82.6977595 0.712713966 0.0791904407 255 79 163
83.4054215 0.546326728 0.136581682 255 79 163
83.8771962 0.447447388 0.181197703 255 79 163
85.491 0.159865114 0.394768954 255 79 163
85.8261272 0.113231965 0.452927862 255 79 163
86.1986619 0.15128687 0.373585945 255 79 163
87.9357078 0.385373276 0.0963433191 255 79 163
58.2167487 0.709053259 1.10826546 255 79 163
58.6774234 0.511855062 1.36623562 255 79 163
59.1791916 0.618808969 1.20658372 255 79 163
59.675431 0.682443857 1.11562181 255 79 163
60.1791907 0.948717636 0.81900469 255 79 163
60.4814609 1.38797354 0.471118735 255 79 163
60.936738 1.02276288 0.734919562 255 79 163
60.8522434 1.29925942 0.522703968 255 79 163
61.0958644 1.36574961 0.473621547 255 79 163
61.7546118 0.576294713 1.19558858 255 79 163
61.6502392 1.14482826 0.617253666 255 79 163
61.280656 1.29057054 0.519674427 255 79 163
62.0103112 0.463153939 1.35102854 255 79 163
62.0859745 0.639749339 1.10185538 255 79 163
62.9190556 0.932533562 0.760091463 255 79 163
64.3910836 0.644604502 1.00719453 255 79 163
64.6524809 0.440660612 1.27350917 255 79 163
64.6138454 0.724917 0.905519159 255 79 163
64.8098935 0.559268086 1.09616545 255 79 163
64.5574007 0.875493952 0.754890193 255 79 163
63.9306211 1.9380164 0.141897672 255 79 163
65.2287034 0.480196858 1.18579224 255 79 163
64.0791291 2.00905574 0.117055566 255 79 163
65.1158139 0.744337154 0.863254924 255 79 163
64.349431 1.8038709 0.181352874 255 79 163
65.50791 0.431017204 1.24563972 255 79 163
64.3018909 2.11458531 0.0845834125 255 79 163
66.1398111 0.961812829 0.615560211 255 79 163
66.3458892 0.864235256 0.691867005 255 79 163
66.6982243 0.825723571 0.711975936 255 79 163
68.1165685 0.680256267 0.788936262 255 79 163
68.4734056 0.64613961 0.807115569 255 79 163
68.6772327 0.567354839 0.886491937 255 79 163
69.3203888 1.101911 0.381284082 255 79 163
69.7091084 0.744713157 0.64212512 255 79 163
70.735101 0.0945008885 1.62194382 255 79 163
69.6007209 1.03024305 0.417205861 255 79 163
70.2697726 0.628173402 0.728532466 255 79 163
70.0212191 0.926973203 0.472945512 255 79 163
70.2155789 0.756194467 0.605374518 255 79 163
70.1825709 1.06591293 0.368828003 255 79 163
70.4417172 0.829004832 0.530563093 255 79 163
72.3159543 0.667416069 0.5754761 255 79 163
72.371598 0.551984249 0.689502816 255 79 163
71.839026 1.5470932 0.0901397943 255 79 163
72.7557453 0.653952118 0.563866877 255 79 163
74.4040566 0.6244024 0.499867849 255 79 163
80.2692167 0.378994236 0.40813726 255 79 163
80.2847722 0.582189827 0.235762823 255 79 163
80.6350537 0.449653031 0.321940927 255 79 163
80.91268 0.418922493 0.335370084 255 79 163
57.9766904 0.10780537 2.26837654 255 79 163
58.148229 0.121690755 2.21620695 255 79 163
58.6317436 0.149528022 2.11668375 255 79 163
62.1394022 1.22231547 0.547235581 255 79 163
62.3839838 1.26101386 0.513808579 255 79 163
62.562341 1.14727743 0.591319798 255 79 163
57.6190347 6.16540388e-19 3.0813156 255 79 163
57.6190347 0 19.079196 255 79 163
57.4826461 0.016898457 19.079196 255 79 163
57.3590157 0.0641748987 19.079196 255 79 163
57.2567279 0.133353657 19.079196 255 79 163
57.1714686 0.224189075 19.079196 255 79 163
57.1092519 0.32986348 19.079196 255 79 163
57.0725558 0.441913598 19.079196 255 79 163
57.0631714 0.501149649 19.079196 255 79 163
57.0601847 0.558850016 19.079196 255 79 163
57.0601847 0.558850016 3.0813156 255 79 163
57.0770831 0.422461424 3.0813156 255 79 163
57.1243596 0.298831038 3.0813156 255 79 163
57.1935383 0.196543255 3.0813156 255 79 163
57.2843737 0.111283937 3.0813156 255 79 163
57.3900482 0.0490672124 3.0813156 255 79 163
57.5020983 0.0123710918 3.0813156 255 79 163
57.5613343 0.00298671616 3.0813156 255 79 163
92.4195303 -7.05332282e-18 0.581124554 255 79 163
92.5841053 -8.55265261e-17 26.1004885 255 79 163
92.7600092 -4.4408921e-16 51.6198524 255 79 163
92.6701904 0.0290237368 0.593711123 255 79 163
92.9075931 0.114554924 0.626261671 255 79 163
93.11918 0.25207687 0.670495544 255 79 163
93.2937445 0.434329577 0.718144305 255 79 163
93.4220234 0.651678782 0.760942183 255 79 163
93.492494 0.86915564 0.788595115 255 79 163
93.5163284 1.09652317 0.799331733 255 79 163
93.5163284 0.75631919 51.6198524 255 79 163
93.4934589 0.571737806 51.6198524 255 79 163
93.4294774 0.404422729 51.6198524 255 79 163
93.3358543 0.265991646 51.6198524 255 79 163
93.2129223 0.15060602 51.6198524 255 79 163
93.0699079 0.0664050699 51.6198524 255 79 163
92.918265 0.0167424065 51.6198524 255 79 163
92.838098 0.00404206976 51.6198524 255 79 163
92.8898738 0.105937996 0.649634438 255 79 163
93.0004068 0.166400588 0.671033358 255 79 163
93.02737 0.157704131 13.4307153 255 79 163
93.2375207 0.347355872 9.21667525 255 79 163
93.3370502 0.474460306 9.22947177 255 79 163
93.2119431 0.304385339 13.4499101 255 79 163
93.1206665 0.223275638 13.4445418 255 79 163
93.397332 0.47598568 26.1732242 255 79 163
93.0263641 0.0699068756 38.8601704 255 79 163
93.1955273 0.155630209 43.1133977 255 79 163
93.1062048 0.110465906 38.8601704 255 79 163
93.1903415 0.166319866 38.8601704 255 79 163
93.2893661 0.237277523 43.1133977 255 79 163
93.2756864 0.240642045 38.8601704 255 79 163
93.3771041 0.343798695 43.1133977 255 79 163
92.8518797 0.0852482939 4.8988999 255 79 163
92.8913666 0.069440196 19.7751993 255 79 163
93.0953555 0.170476618 21.9078742 255 79 163
93.040172 0.119039107 26.1368563 255 79 163
93.0348681 0.100508521 30.377961 255 79 163
93.3448987 0.505023916 2.84911582 255 79 163
93.270069 0.401587951 2.84374752 255 79 163
93.3283859 0.481029598 2.14947906 255 79 163
93.4095885 0.622795704 2.16227559 255 79 163
93.3419057 0.495725011 4.97590114 255 79 163
92.9074954 0.114245474 1.12674602 255 79 163
92.9162895 0.118512092 1.36530181 255 79 163
92.8732921 0.0976490722 1.71243603 255 79 163
93.046047 0.195591283 1.85811704 255 79 163
93.2938579 0.434149232 1.07694847 255 79 163
93.2196773 0.345994325 1.33733799 255 79 163
3.27605794 2.0816434 53.7014958 255 79 163
3.27605794 1.66068506 53.6584875 255 79 163
3.27605794 1.23202497 53.5202175 255 79 163
3.27605794 0.828139088 53.2817688 255 79 163
3.27605794 0.483085439 52.9532134 255 79 163
3.27605794 0.223970688 52.559156 255 79 163
3.27605794 0.0642115719 52.1328904 255 79 163
3.27605794 0.0154334372 51.8728655 255 79 163
3.27605794 -4.4408921e-16 51.6198524 255 79 163
92.7600092 -4.4408921e-16 51.6198524 255 79 163
92.7657445 0.0393828028 52.0228541 255 79 163
92.7808825 0.156040541 52.4106072 255 79 163
92.8023212 0.345559604 52.7684395 255 79 163
92.8269587 0.600768809 53.0828114 255 79 163
92.8516931 0.912011256 53.341828 255 79 163
92.8734225 1.26751039 53.5356882 255 79 163
92.889045 1.65381497 53.6570567 255 79 163
92.8937958 1.86657834 53.6903561 255 79 163
92.8954828 2.0816434 53.7014958 255 79 163
57.0601847 8.45728397 17.6788785 255 79 163
57.0252157 8.73952101 17.6788785 255 79 163
56.9273837 8.99535674 17.6788785 255 79 163
56.784228 9.20702694 17.6788785 255 79 163
56.5962569 9.38345913 17.6788785 255 79 163
56.3775785 9.5122079 17.6788785 255 79 163
56.1457065 9.58814537 17.6788785 255 79 163
56.0231258 9.60756502 17.6788785 255 79 163
55.903723 9.61374561 17.6788785 255 79 163
57.0601847 8.45728397 0.812892736 255 79 163
57.0282329 8.72725315 0.814478712 255 79 163
56.9341374 8.9823072 0.818531762 255 79 163
56.7831027 9.20834633 0.823994568 255 79 163
56.5834752 9.39288006 0.829809813 255 79 163
56.3462816 9.52571541 0.834920181 255 79 163
56.1293361 9.59152586 0.837877569 255 79 163
55.903723 9.61374561 0.838999337 255 79 163
1.44539336 10.4527449 -2.22044605e-16 255 79 163
55.903723 10.4527449 0 255 79 163
55.903723 10.2479853 0.0253695872 255 79 163
55.903723 10.0623795 0.0963455238 255 79 163
55.903723 9.90881523 0.200203322 255 79 163
55.903723 9.78081575 0.33657418 255 79 163
55.903723 9.68741002 0.495222749 255 79 163
55.903723 9.63231828 0.663443152 255 79 163
55.903723 9.61822956 0.752374004 255 79 163
55.903723 9.61374561 0.838999337 255 79 163
1.44539336 9.61374561 0.838999337 255 79 163
1.44539336 9.6391152 0.634239679 255 79 163
1.44539336 9.71009113 0.448633866 255 79 163
1.44539336 9.81394893 0.295069618 255 79 163
1.44539336 9.95031979 0.167070138 255 79 163
1.44539336 10.1089684 0.0736644136 255 79 163
1.44539336 10.2771888 0.0185726716 255 79 163
1.44539336 10.3661196 0.00448394526 255 79 163
93.5163284 2.0816434 53.0806501 255 79 163
93.4975553 2.0816434 53.2321689 255 79 163
93.4450343 2.0816434 53.3695141 255 79 163
93.3681813 2.0816434 53.4831491 255 79 163
93.2672691 2.0816434 53.5778666 255 79 163
93.1498718 2.0816434 53.6469853 255 79 163
93.0253915 2.0816434 53.6877523 255 79 163
92.9595841 2.0816434 53.6981777 255 79 163
92.8954828 2.0816434 53.7014958 255 79 163
93.5163284 66.2775013 53.3040324 255 79 163
93.5043099 66.2775013 53.4010342 255 79 163
93.4706862 66.2775013 53.4889622 255 79 163
93.4214851 66.2775013 53.561711 255 79 163
93.3568814 66.2775013 53.6223488 255 79 163
93.281724 66.2775013 53.6665984 255 79 163
93.2020321 66.2775013 53.6926972 255 79 163
93.1599025 66.2775013 53.6993716 255 79 163
93.118865 66.2775013 53.7014958 255 79 163
92.7169967 24.3412214 0.422804539 255 79 163
92.7169967 24.3284367 0.319618149 255 79 163
92.7169967 24.2926691 0.22608413 255 79 163
92.7169967 24.2403311 0.148697107 255 79 163
92.7169967 24.1716085 0.0841931686 255 79 163
92.7169967 24.0916593 0.0371223755 255 79 163
92.7169967 24.0068865 0.00935949472 255 79 163
92.7169967 23.9620708 0.00225963517 255 79 163
92.7169967 23.9184169 -1.11022302e-16 255 79 163
1.44539336 23.9184169 -2.22044605e-16 255 79 163
1.44539336 24.3412214 0.422804539 255 79 163
1.44539336 24.3284367 0.319618149 255 79 163
1.44539336 24.2926691 0.22608413 255 79 163
1.44539336 24.2403311 0.148697107 255 79 163
1.44539336 24.1716085 0.0841931686 255 79 163
1.44539336 24.0916593 0.0371223755 255 79 163
1.44539336 24.0068865 0.00935949472 255 79 163
1.44539336 23.9620708 0.00225963517 255 79 163
57.8730774 8.45728397 0 255 79 163
57.6746891 8.45728397 0.0245801781 255 79 163
57.4948587 8.45728397 0.0933476023 255 79 163
57.3460728 8.45728397 0.193973725 255 79 163
57.2220562 8.45728397 0.326101218 255 79 163
57.1315569 8.45728397 0.479813222 255 79 163
57.0781794 8.45728397 0.642799219 255 79 163
57.0645291 8.45728397 0.728962867 255 79 163
57.0601847 8.45728397 0.812892736 255 79 163
57.0601847 3.07697437 0.833833514 255 79 163
57.0853981 3.07697437 0.630334586 255 79 163
57.155937 3.07697437 0.445871571 255 79 163
57.2591553 3.07697437 0.293252838 255 79 163
57.3946865 3.07697437 0.166041466 255 79 163
57.5523583 3.07697437 0.0732108526 255 79 163
57.7195429 3.07697437 0.0184583174 255 79 163
57.8079262 3.07697437 0.00445633705 255 79 163
57.8940182 3.07697437 -6.03167684e-17 255 79 163
92.4195303 0.581124554 0 218 222 230
92.4195303 0.439299811 0.0175719925 218 222 230
92.4195303 0.310741789 0.0667327697 218 222 230
92.4195303 0.204377039 0.138668842 218 222 230
92.4195303 0.115719471 0.233124761 218 222 230
92.4195303 0.0510229241 0.343011116 218 222 230
92.4195303 0.0128641764 0.459527307 218 222 230
92.4195303 0.00310576013 0.521124377 218 222 230
92.4195303 -7.05332282e-18 0.581124554 218 222 230
92.6701904 0.0290237368 0.593711123 218 222 230
92.9075931 0.114554924 0.626261671 218 222 230
93.11918 0.25207687 0.670495544 218 222 230
93.2937445 0.434329577 0.718144305 218 222 230
93.4220234 0.651678782 0.760942183 218 222 230
93.492494 0.86915564 0.788595115 218 222 230
93.5163284 1.09652317 0.799331733 218 222 230
92.7169967 1.09652317 0 218 222 230
92.9120754 1.09652317 0.0241701217 218 222 230
93.0889058 1.09652317 0.0917903401 218 222 230
93.2352096 1.09652317 0.190737777 218 222 230
93.3571573 1.09652317 0.320661067 218 222 230
93.4461468 1.09652317 0.471808785 218 222 230
93.4986338 1.09652317 0.632075784 218 222 230
93.5120565 1.09652317 0.716802016 218 222 230
92.4796961 0.588166942 1.77831606e-16 218 222 230
92.5367542 0.608242911 3.31721873e-17 218 222 230
92.5881786 0.639384351 -6.31193309e-17 218 222 230
92.6321426 0.679252571 -6.66822098e-17 218 222 230
92.6675568 0.725326399 -3.51279122e-17 218 222 230
92.6940627 0.775084697 -1.44716727e-17 218 222 230
92.7119853 0.826177971 -6.48454603e-18 218 222 230
92.7242039 0.892947547 2.51890393e-17 218 222 230
92.7234399 1.00433269 6.17432803e-17 218 222 230
92.6248577 0.196922208 0.173697999 218 222 230
92.9813844 0.391979981 0.195243023 218 222 230
93.208047 0.716794159 0.221332019 218 222 230
93.2639509 0.903789129 0.230506076 218 222 230
57.8730774 8.45728397 0 255 79 163
57.6746891 8.45728397 0.0245801781 255 79 163
57.4948587 8.45728397 0.0933476023 255 79 163
57.3460728 8.45728397 0.193973725 255 79 163
57.2220562 8.45728397 0.326101218 255 79 163
57.1315569 8.45728397 0.479813222 255 79 163
57.0781794 8.45728397 0.642799219 255 79 163
57.0645291 8.45728397 0.728962867 255 79 163
57.0601847 8.45728397 0.812892736 255 79 163
57.0282329 8.72725315 0.814478712 255 79 163
56.9341374 8.9823072 0.818531762 255 79 163
56.7831027 9.20834633 0.823994568 255 79 163
56.5834752 9.39288006 0.829809813 255 79 163
56.3462816 9.52571541 0.834920181 255 79 163
56.1293361 9.59152586 0.837877569 255 79 163
55.903723 9.61374561 0.838999337 255 79 163
55.903723 10.4527449 0 255 79 163
55.903723 10.2479853 0.0253695872 255 79 163
55.903723 10.0623795 0.0963455238 255 79 163
55.903723 9.90881523 0.200203322 255 79 163
55.903723 9.78081575 0.33657418 255 79 163
55.903723 9.68741002 0.495222749 255 79 163
55.903723 9.63231828 0.663443152 255 79 163
55.903723 9.61822956 0.752374004 255 79 163
57.8330866 8.85815169 -4.40824012e-17 255 79 163
57.7141164 9.24353502 -1.02276185e-16 255 79 163
57.5199574 9.59795891 -7.98889112e-17 255 79 163
57.2575531 9.90657457 -3.90790116e-17 255 79 163
56.9369729 10.1558827 -2.81205749e-17 255 79 163
56.5711994 10.3344413 -2.45399022e-17 255 79 163
56.242783 10.4228623 1.96790388e-18 255 79 163
57.2513049 8.81836478 0.238657173 255 79 163
56.8925238 9.44608486 0.241913993 255 79 163
56.2664915 9.81115946 0.245170813 255 79 163
57.4189029 9.16725407 0.0574229209 255 79 163
92.7169967 1.09652317 0 255 79 163
92.7169967 23.9184169 -1.11022302e-16 255 79 163
93.5163284 23.8796686 0.799331733 255 79 163
93.4942437 23.8820226 0.61273243 255 79 163
93.4292061 23.8880382 0.436442284 255 79 163
93.3248128 23.8961463 0.280206883 255 79 163
93.1868328 23.9047775 0.152659491 255 79 163
93.0228876 23.9123625 0.0608453698 255 79 163
92.8729376 23.9167519 0.015358014 255 79 163
93.5163284 1.09652317 0.799331733 255 79 163
92.9120754 1.09652317 0.0241701217 255 79 163
93.0889058 1.09652317 0.0917903401 255 79 163
93.2352096 1.09652317 0.190737777 255 79 163
93.3571573 1.09652317 0.320661067 255 79 163
93.4461468 1.09652317 0.471808785 255 79 163
93.4986338 1.09652317 0.632075784 255 79 163
93.5120565 1.09652317 0.716802016 255 79 163
93.5163284 67.3289255 51.3996759 218 222 230
93.4785191 67.6340874 51.3996759 218 222 230
93.3727407 67.9107034 51.3996759 218 222 230
93.2179571 68.1395666 51.3996759 218 222 230
93.0147179 68.3303296 51.3996759 218 222 230
92.7782773 68.469536 51.3996759 218 222 230
92.5275714 68.5516415 51.3996759 218 222 230
92.3950341 68.5726386 51.3996759 218 222 230
92.2659327 68.5793212 51.3996759 218 222 230
92.2908827 68.549669 51.7679538 218 222 230
92.3584285 68.4614765 52.1267434 218 222 230
92.4576138 68.3170158 52.4668007 218 222 230
92.5774824 68.1200088 52.7793645 218 222 230
92.7070782 67.8755313 53.0563819 218 222 230
92.835445 67.589882 53.2907157 218 222 230
92.9516264 67.2704203 53.4763286 218 222 230
93.0446662 66.925377 53.6084384 218 222 230
93.0990375 66.6047637 53.6781127 218 222 230
93.118865 66.2775013 53.7014958 218 222 230
93.5163284 66.2775013 53.3040324 218 222 230
93.5043099 66.2775013 53.4010342 218 222 230
93.4706862 66.2775013 53.4889622 218 222 230
93.4214851 66.2775013 53.561711 218 222 230
93.3568814 66.2775013 53.6223488 218 222 230
93.281724 66.2775013 53.6665984 218 222 230
93.2020321 66.2775013 53.6926972 218 222 230
93.1599025 66.2775013 53.6993716 218 222 230
93.5163284 67.3787915 51.9703997 218 222 230
93.5163284 67.3554067 52.3041459 218 222 230
93.5163284 67.2729705 52.5860299 218 222 230
93.5163284 67.1645904 52.7921269 218 222 230
93.5163284 66.9767253 53.0164544 218 222 230
93.5163284 66.7525824 53.1789119 218 222 230
93.5163284 66.5596927 53.2607763 218 222 230
93.5163284 66.4202225 53.292977 218 222 230
93.1608304 68.1864252 51.7793845 218 222 230
93.3208701 67.447733 53.1510514 218 222 230
93.3891797 66.7017585 53.5325613 218 222 230
93.4356317 67.7643032 51.9209967 218 222 230
92.7454982 68.4584542 51.7932027 218 222 230
93.4445721 67.7033086 52.2419665 218 222 230
93.22914 67.9526062 52.5189453 218 222 230
92.7652838 68.4219613 51.9675306 218 222 230
92.6073358 68.4852836 51.9076199 218 222 230
92.9382556 68.2896519 52.177622 218 222 230
92.8357531 68.2770057 52.3784252 218 222 230
93.461593 67.4851567 52.7468119 218 222 230
92.8714294 68.1954144 52.5377632 218 222 230
92.9499903 67.9953177 52.8355556 218 222 230
43.708013 24.3412214 11.5437855 218 222 230
54.3943904 24.3412214 10.1690931 218 222 230
68.3837762 24.3412214 8.25655658 218 222 230
93.0547756 24.3412214 4.93115909 218 222 230
46.9122753 26.8177376 13.6387933 218 222 230
46.891721 26.6433873 13.6351679 218 222 230
46.8325686 26.4742634 13.6246355 218 222 230
46.7420271 26.3144359 13.6079994 218 222 230
46.5885136 26.1194905 13.5780489 218 222 230
46.0835069 25.6629156 13.4546003 218 222 230
45.5757616 25.256063 13.2473795 218 222 230
45.2523924 24.9801897 13.0240616 218 222 230
44.9406805 24.7240365 12.722871 218 222 230
44.6069714 24.5165877 12.3540687 218 222 230
44.2405148 24.3905243 11.9729076 218 222 230
43.9771725 24.3516767 11.7393334 218 222 230
68.2566195 27.0164948 10.9748141 218 222 230
89.6009638 27.2545856 8.31083502 218 222 230
93.020247 24.3526011 5.19532473 218 222 230
92.9305372 24.3854855 5.4578585 218 222 230
92.7912449 24.4382709 5.71766652 218 222 230
92.5387869 24.5376665 6.05867104 218 222 230
92.0483047 24.7467062 6.55610644 218 222 230
91.1732475 25.2005362 7.25643416 218 222 230
90.3111378 25.8493423 7.85660143 218 222 230
89.9959147 26.2036803 8.06322069 218 222 230
89.7417646 26.627913 8.22438746 218 222 230
89.6367256 26.9379525 8.28896301 218 222 230
89.6096102 27.0958468 8.30539347 218 222 230
46.6683374 25.0665158 12.9383173 218 222 230
44.9653795 24.4917783 12.2438638 218 222 230
45.32754 24.5644399 12.3771642 218 222 230
45.4588791 24.628148 12.4912911 218 222 230
48.3508213 24.437438 11.6491353 218 222 230
46.7173887 25.6548735 13.3709584 218 222 230
46.7600595 25.9243294 13.4897895 218 222 230
46.7658346 25.7324507 13.4047171 218 222 230
46.7991494 25.8165997 13.4399374 218 222 230
50.5372864 24.5159987 11.6011575 218 222 230
49.3561632 25.02162 12.5520986 218 222 230
50.6998998 25.0002714 12.357577 218 222 230
50.7188433 25.0704347 12.4288261 218 222 230
49.4601989 25.552925 12.9676531 218 222 230
63.5559377 24.4203141 9.56884656 218 222 230
61.1409899 24.5227202 10.2167507 218 222 230
68.3890947 25.1257141 10.1677007 218 222 230
68.1387539 24.5291451 9.28508899 218 222 230
68.2206127 25.1250362 10.189412 218 222 230
68.0953406 26.0305448 10.8057844 218 222 230
67.8836484 25.1236826 10.2328325 218 222 230
79.0527946 25.1052214 8.73047339 218 222 230
79.0988404 24.9396032 8.52947371 218 222 230
79.0591735 25.0466758 8.66474441 218 222 230
82.5984554 25.6507023 8.72499397 218 222 230
82.7394235 25.3023924 8.43995013 218 222 230
82.63313 25.5099877 8.62286191 218 222 230
92.0959767 24.6062935 6.27888712 218 222 230
92.1194103 24.5474804 6.13704604 218 222 230
92.5515893 24.4372436 5.74403448 218 222 230
48.1976821 26.1850886 13.3949229 218 222 230
51.8799683 24.5048 11.3981853 218 222 230
51.9431901 24.6441648 11.6957304 218 222 230
52.5512515 24.4993689 11.2962362 218 222 230
52.5618265 24.5168559 11.3407005 218 222 230
51.759282 26.2273906 12.9578082 218 222 230
57.3846723 24.612327 10.9205338 218 222 230
58.8753715 24.9699954 11.2606653 218 222 230
59.7128315 25.011546 11.1973386 218 222 230
61.3874969 25.0988439 11.068646 218 222 230
63.5588194 24.6752213 10.2147796 218 222 230
63.5529258 25.1067596 10.7904026 218 222 230
62.4310671 26.3055154 11.6227177 218 222 230
56.5848945 25.6357755 12.105408 218 222 230
65.0015504 24.8038595 10.2297815 218 222 230
65.7234274 24.6788574 9.92995864 218 222 230
64.8461076 26.0028742 11.2144182 218 222 230
64.4203779 25.6821057 11.115792 218 222 230
65.929187 26.0119676 11.0782213 218 222 230
68.3071387 24.5293077 9.26259889 218 222 230
68.3913311 24.529389 9.25135334 218 222 230
66.6512389 26.0181113 10.9874144 218 222 230
68.2638865 26.0320055 10.7845847 218 222 230
68.3481594 26.0327364 10.7739848 218 222 230
70.7265251 25.9260709 10.4201359 218 222 230
71.881056 26.3755812 10.4327061 218 222 230
74.5563919 24.6278515 8.63827346 218 222 230
79.7761229 24.5408537 7.73734776 218 222 230
77.6405953 25.0118669 8.81227109 218 222 230
77.4280322 25.1440831 8.98606954 218 222 230
78.2139814 24.9008294 8.59588703 218 222 230
79.2109292 24.8072573 8.32880639 218 222 230
79.3582938 24.7068318 8.14341071 218 222 230
77.7901313 26.6746823 9.74496091 218 222 230
75.4801174 25.7090139 9.6872873 218 222 230
80.4823128 25.0235555 8.44985914 218 222 230
81.2118971 24.930868 8.23835901 218 222 230
83.2970444 24.8497187 7.85121452 218 222 230
81.1968635 24.9839744 8.30788251 218 222 230
81.7219285 25.0457619 8.31241431 218 222 230
82.9163986 25.0982749 8.2146727 218 222 230
81.6773457 25.1447514 8.42671013 218 222 230
82.5526914 26.4745883 9.09641592 218 222 230
85.3764326 24.4875046 6.84352524 218 222 230
85.1915976 25.8410572 8.50487765 218 222 230
82.5718462 26.1935862 9.00385747 218 222 230
88.1769526 24.4633928 6.39954012 218 222 230
86.1144358 26.4446546 8.63590392 218 222 230
86.4871017 25.8593411 8.34891426 218 222 230
86.4876179 25.9385321 8.39040655 218 222 230
89.4909648 24.4889035 6.31091742 218 222 230
87.5817794 26.0579105 8.30795373 218 222 230
86.4961521 25.7828894 8.30458902 218 222 230
87.694137 25.8214296 8.1736294 218 222 230
86.6588255 25.4496723 8.05612592 218 222 230
86.5407134 25.6383947 8.20853349 218 222 230
87.543046 26.2133123 8.3775664 218 222 230
87.5352008 26.3215682 8.41750515 218 222 230
47.4428503 25.5927587 13.2454647 218 222 230
48.0831378 25.3893971 13.0345055 218 222 230
48.7877715 25.5659618 13.0604336 218 222 230
51.4886465 25.2324506 12.4799672 218 222 230
51.2494616 25.6146817 12.7766356 218 222 230
51.8728758 25.3182047 12.5001512 218 222 230
52.5549969 25.1205156 12.2424085 218 222 230
53.9118003 24.782388 11.6673216 218 222 230
54.1539556 24.4458593 10.9250994 218 222 230
52.8532204 25.4269625 12.4542147 218 222 230
54.6048227 24.5046005 11.0409909 218 222 230
55.5057422 24.6637195 11.266245 218 222 230
54.9498015 24.4174335 10.7155474 218 222 230
54.0973513 25.4945228 12.3398644 218 222 230
56.0535018 25.0819609 11.7513938 218 222 230
56.4992606 24.9017367 11.4907473 218 222 230
56.9942972 25.0438032 11.5891973 218 222 230
61.0842019 25.6101296 11.5081987 218 222 230
62.0928793 25.8747382 11.5154965 218 222 230
63.0030392 25.6727901 11.2950365 218 222 230
64.7645929 25.4490166 10.9220833 218 222 230
64.9354607 25.337598 10.8152952 218 222 230
65.5626271 25.0860712 10.5027014 218 222 230
65.4768705 25.3403167 10.7461557 218 222 230
65.2695375 25.5513584 10.9256493 218 222 230
67.0540412 24.421722 9.0967782 218 222 230
65.8409526 25.248848 10.6214315 218 222 230
66.2018732 25.2505124 10.5751843 218 222 230
66.1147985 25.4896107 10.7734756 218 222 230
66.7626262 25.2075446 10.4623594 218 222 230
69.1793225 24.474701 8.99116117 218 222 230
69.573213 24.4509552 8.86022142 218 222 230
70.1639571 24.4198204 8.66307813 218 222 230
71.9460023 24.6761069 9.08453742 218 222 230
70.3642778 24.5116188 8.93607585 218 222 230
70.7622519 24.8070429 9.46069871 218 222 230
71.5475255 25.1799186 9.80157468 218 222 230
70.7543122 25.3047923 10.0199278 218 222 230
71.1367977 25.6392086 10.2128389 218 222 230
71.3401658 25.5012515 10.095023 218 222 230
71.936384 25.4004696 9.94173934 218 222 230
72.8148951 25.0965238 9.54871539 218 222 230
73.2440867 25.3621374 9.73870166 218 222 230
73.9900744 25.4736495 9.72672437 218 222 230
75.0276697 25.0814153 9.23821635 218 222 230
76.9102711 25.8123696 9.55965762 218 222 230
77.635253 25.5548033 9.30662558 218 222 230
77.9000482 25.4546922 9.19909593 218 222 230
77.6251994 25.8649429 9.49465294 218 222 230
77.7348797 25.7806649 9.43498495 218 222 230
78.0249008 25.7055015 9.35345796 218 222 230
78.3700408 25.492501 9.16589677 218 222 230
78.4388979 25.842605 9.37740958 218 222 230
79.1247885 25.5466895 9.10630254 218 222 230
79.1561052 25.7919239 9.25671745 218 222 230
80.2906575 26.0138796 9.22216787 218 222 230
81.582356 25.4977119 8.75038457 218 222 230
81.5318997 25.6904373 8.88849417 218 222 230
82.1270565 25.767656 8.85801392 218 222 230
84.6318686 24.9506866 7.81474648 218 222 230
85.2991029 25.0044268 7.79508824 218 222 230
85.9693423 24.9293099 7.61231563 218 222 230
86.0251626 24.8608537 7.51018654 218 222 230
85.7154851 25.1968026 7.95303034 218 222 230
86.2009294 25.087175 7.77434923 218 222 230
86.7437628 24.6973899 7.15068187 218 222 230
87.426198 24.8378943 7.29440609 218 222 230
87.5800792 25.0530058 7.55706806 218 222 230
87.8770979 25.5787518 7.99631077 218 222 230
88.0374028 24.8831925 7.28107262 218 222 230
88.5231898 24.7240302 6.96783336 218 222 230
88.6939902 24.9098437 7.23340657 218 222 230
89.1382136 25.2796278 7.59211826 218 222 230
89.7668694 25.1417532 7.37478269 218 222 230
89.9159911 25.0080555 7.20346519 218 222 230
89.9513727 25.3597007 7.56007408 218 222 230
90.3353075 25.0698477 7.22296711 218 222 230
47.7073043 24.8770074 12.5930425 218 222 230
48.2258351 24.7921062 12.412773 218 222 230
48.6030287 24.8637543 12.46256 218 222 230
66.9140843 24.7109007 9.82564353 218 222 230
67.473159 24.6818848 9.69937163 218 222 230
67.2384686 24.8323439 9.9709581 218 222 230
69.4457092 24.8980109 9.76471735 218 222 230
69.8404512 24.6547515 9.32917813 218 222 230
69.9726336 24.797212 9.55214545 218 222 230
70.1700409 24.7742681 9.49037786 218 222 230
89.4519298 25.9208462 8.0039258 218 222 230
68.9071994 25.4141821 10.3515972 218 222 230
70.0940784 25.3642628 10.1562135 218 222 230
93.5163284 23.8796686 4.93115909 255 79 163
93.502372 23.9923116 4.93115909 255 79 163
93.4633265 24.0944176 4.93115909 255 79 163
93.406192 24.1788968 4.93115909 255 79 163
93.3311712 24.2493123 4.93115909 255 79 163
93.243895 24.3006969 4.93115909 255 79 163
93.1513531 24.3310042 4.93115909 255 79 163
93.1024302 24.3387547 4.93115909 255 79 163
93.0547756 24.3412214 4.93115909 255 79 163
93.5163284 23.8796686 0.799331733 255 79 163
93.0547756 24.3412214 0.799331733 255 79 163
93.1674186 24.327265 0.799331733 255 79 163
93.2695246 24.2882195 0.799331733 255 79 163
93.3540038 24.231085 0.799331733 255 79 163
93.4244193 24.1560642 0.799331733 255 79 163
93.4758039 24.068788 0.799331733 255 79 163
93.5061112 23.9762461 0.799331733 255 79 163
93.5138617 23.9273232 0.799331733 255 79 163
93.0547756 24.3412214 0.799331733 218 222 230
93.1674186 24.327265 0.799331733 218 222 230
93.2695246 24.2882195 0.799331733 218 222 230
93.3540038 24.231085 0.799331733 218 222 230
93.4244193 24.1560642 0.799331733 218 222 230
93.4758039 24.068788 0.799331733 218 222 230
93.5061112 23.9762461 0.799331733 218 222 230
93.5138617 23.9273232 0.799331733 218 222 230
93.5163284 23.8796686 0.799331733 218 222 230
93.4942437 23.8820226 0.61273243 218 222 230
93.4292061 23.8880382 0.436442284 218 222 230
93.3248128 23.8961463 0.280206883 218 222 230
93.1868328 23.9047775 0.152659491 218 222 230
93.0228876 23.9123625 0.0608453698 218 222 230
92.8729376 23.9167519 0.015358014 218 222 230
92.7169967 23.9184169 -1.11022302e-16 218 222 230
92.7169967 24.3412214 0.422804539 218 222 230
92.7169967 24.3284367 0.319618149 218 222 230
92.7169967 24.2926691 0.22608413 218 222 230
92.7169967 24.2403311 0.148697107 218 222 230
92.7169967 24.1716085 0.0841931686 218 222 230
92.7169967 24.0916593 0.0371223755 218 222 230
92.7169967 24.0068865 0.00935949472 218 222 230
92.7169967 23.9620708 0.00225963517 218 222 230
93.0460339 24.3412214 0.711170271 218 222 230
93.0182252 24.3412214 0.625415818 218 222 230
92.9753644 24.3412214 0.554149199 218 222 230
92.9223238 24.3412214 0.49889603 218 222 230
92.857032 24.3412214 0.456187264 218 222 230
92.7891784 24.3412214 0.431434886 218 222 230
93.3593238 24.2068764 0.627222622 218 222 230
93.1906313 24.2117103 0.325696992 218 222 230
92.8916107 24.2165442 0.147663359 218 222 230
46.140943 68.5793212 15.4638991 218 222 230
46.1903911 68.5361633 15.0677106 218 222 230
46.2405809 68.3972429 14.6655798 218 222 230
46.2872242 68.158631 14.2918645 218 222 230
46.3259441 67.8332372 13.9816323 218 222 230
46.3535043 67.4493389 13.7608142 218 222 230
46.3678708 67.0764766 13.6457071 218 222 230
46.3723432 66.710911 13.6098736 218 222 230
46.388548 66.708897 13.6118531 218 222 230
46.4047629 66.7030053 13.6137477 218 222 230
46.4209875 66.6934077 13.6155575 218 222 230
46.4426347 66.6751425 13.6178387 218 222 230
46.4751338 66.6368529 13.620978 218 222 230
46.5239397 66.5576294 13.6250514 218 222 230
47.0230049 65.3037162 13.6226837 218 222 230
47.0759769 65.2388106 13.6176701 218 222 230
47.102164 65.2195509 13.6148487 218 222 230
47.1213843 65.2114065 13.6126333 218 222 230
47.1309892 65.2093431 13.6114804 218 222 230
47.1405903 65.2086663 13.6102974 218 222 230
47.5580416 68.5793212 16.9550019 218 222 230
47.4610452 68.4870709 16.1778472 218 222 230
47.3727619 68.229138 15.4705032 218 222 230
47.2987273 67.8501279 14.8773227 218 222 230
47.2354448 67.3479453 14.370291 218 222 230
47.1871549 66.7556734 13.9833818 218 222 230
47.1560198 66.1165938 13.7339213 218 222 230
47.1442897 65.6564041 13.6399372 218 222 230
46.1831327 68.5793212 15.4743912 218 222 230
46.2243671 68.5793212 15.4946984 218 222 230
46.2649834 68.5793212 15.5240816 218 222 230
47.0927523 68.5793212 16.706643 218 222 230
47.2910929 68.5793212 16.8774511 218 222 230
47.4127871 68.5793212 16.9378411 218 222 230
47.4861899 68.5793212 16.9548808 218 222 230
46.4520686 67.9994381 14.2009557 218 222 230
47.09183 67.6245663 14.5748102 218 222 230
46.7564403 68.5133352 15.6692338 218 222 230
46.8332408 66.1166059 13.6581966 218 222 230
46.5779431 68.3227169 14.8425994 218 222 230
46.7564403 67.8119466 14.4010657 218 222 230
47.0991451 68.4969437 16.0453549 218 222 230
46.7564403 68.2591653 14.9985688 218 222 230
47.0784054 68.3989048 15.7117233 218 222 230
46.9917544 66.0109233 13.690833 218 222 230
47.0360781 68.0585909 15.0308224 218 222 230
46.8844991 67.0125587 13.9748231 218 222 230
47.5580416 68.5793212 16.9550019 255 79 163
47.4610452 68.4870709 16.1778472 255 79 163
47.3727619 68.229138 15.4705032 255 79 163
47.2987273 67.8501279 14.8773227 255 79 163
47.2354448 67.3479453 14.370291 255 79 163
47.1871549 66.7556734 13.9833818 255 79 163
47.1560198 66.1165938 13.7339213 255 79 163
47.1442897 65.6564041 13.6399372 255 79 163
47.1405903 65.2086663 13.6102974 255 79 163
56.3012018 65.3614028 12.4669651 255 79 163
68.5153503 65.8478409 10.9425221 255 79 163
80.7972719 66.3897859 9.4096203 255 79 163
87.3222646 66.5965829 8.59523855 255 79 163
93.0791935 66.6854589 7.87671855 255 79 163
92.2659327 68.5793212 9.89500124 255 79 163
92.2666023 68.5533444 9.57885592 255 79 163
92.3183066 68.4780363 9.27029981 255 79 163
92.4105778 68.3567631 8.97544999 255 79 163
92.531469 68.1918545 8.69993212 255 79 163
92.6678055 67.9849661 8.45009729 255 79 163
92.8054136 67.7380943 8.23380241 255 79 163
92.9293652 67.454927 8.0604223 255 79 163
93.0242851 67.1421284 7.93996959 255 79 163
93.0645532 66.9161976 7.89277279 255 79 163
56.6997368 68.5793212 15.6601091 255 79 163
68.8536406 68.5793212 13.6529729 255 79 163
80.5465373 68.5793212 11.6678306 255 79 163
86.7694043 68.5793212 10.6826452 255 79 163
52.0420352 68.4974409 15.6116634 255 79 163
50.4598726 68.3556408 15.3583908 255 79 163
52.0024934 68.4083301 15.294847 255 79 163
51.9633451 68.2846113 14.9811828 255 79 163
51.7317794 66.012362 13.125831 255 79 163
50.2235091 66.4682328 13.4645979 255 79 163
51.7431611 66.3315756 13.2170237 255 79 163
90.731288 67.8282987 8.56872942 255 79 163
89.7829083 67.7450331 8.63329197 255 79 163
89.835902 67.6108926 8.54081836 255 79 163
90.6549987 67.9878296 8.716903 255 79 163
89.903483 67.4750585 8.46023269 255 79 163
90.0535548 67.191575 8.33211841 255 79 163
90.8227183 67.6579959 8.43918207 255 79 163
89.9785542 67.3358429 8.39061846 255 79 163
90.9195982 67.4763634 8.32839055 255 79 163
50.2971207 67.4389619 14.0543891 255 79 163
49.2766455 67.4077079 14.160358 255 79 163
51.3513941 67.7426594 14.2192186 255 79 163
50.4081273 68.1607655 14.9437968 255 79 163
51.0533825 67.3782707 13.9020451 255 79 163
50.7726082 67.0913446 13.7229799 255 79 163
52.4621923 68.2499647 14.8369358 255 79 163
51.8276629 67.4871391 13.894069 255 79 163
52.6742975 68.0615709 14.4658099 255 79 163
52.6927606 68.1510176 14.6137403 255 79 163
52.3377959 67.5034737 13.8402462 255 79 163
53.357987 67.5364568 13.7320013 255 79 163
54.0296621 68.3965968 14.9724866 255 79 163
52.2678893 66.656599 13.2801402 255 79 163
52.531872 66.815438 13.3246681 255 79 163
55.0237239 68.3312338 14.6548883 255 79 163
53.7768871 66.3187811 12.9472023 255 79 163
54.8005083 66.4716214 12.8664397 255 79 163
57.8907959 68.3016555 14.1601518 255 79 163
56.5530382 68.3533857 14.4847297 255 79 163
58.6320901 68.4839801 14.5780688 255 79 163
62.0441249 68.5396542 14.3085735 255 79 163
60.5674824 68.1859022 13.5203779 255 79 163
60.3841184 66.2511139 12.0512287 255 79 163
59.7615857 67.2321626 12.5848522 255 79 163
59.3818466 66.6094235 12.3030467 255 79 163
61.084218 66.7742924 12.1390865 255 79 163
64.4900691 67.0903549 11.8200455 255 79 163
62.51709 67.7007172 12.5765832 255 79 163
64.7167915 68.4912059 13.6365917 255 79 163
63.9808511 68.3219836 13.2615701 255 79 163
65.277523 68.0725315 12.6078039 255 79 163
65.6863874 68.3778439 13.1229676 255 79 163
66.4902353 66.4443806 11.281336 255 79 163
67.1884734 66.9281567 11.3542792 255 79 163
70.0172741 68.3457692 12.3461285 255 79 163
68.7291178 68.3875393 12.6552703 255 79 163
70.7221782 68.4994679 12.6789082 255 79 163
68.5391023 66.8532844 11.1328274 255 79 163
72.5314568 66.6546747 10.5188566 255 79 163
71.8374699 67.4598673 10.9847394 255 79 163
71.4772962 66.9392889 10.7564824 255 79 163
73.1732423 67.0914442 10.5829802 255 79 163
76.5659131 67.3707812 10.2422137 255 79 163
74.4833518 67.8587107 10.9238595 255 79 163
75.8763065 68.3693263 11.4543832 255 79 163
72.5958905 68.2535804 11.7463039 255 79 163
76.5758474 68.50757 11.7441916 255 79 163
77.5158622 68.4156989 11.3031974 255 79 163
77.1909919 68.1678554 10.8836706 255 79 163
80.576502 68.4245274 10.841127 255 79 163
79.2333628 68.1829488 10.5912023 255 79 163
80.6148552 67.9350736 10.0816337 255 79 163
78.6714007 66.8599509 9.74425785 255 79 163
81.2722114 68.3889231 10.6474203 255 79 163
82.6650296 68.30775 10.2712189 255 79 163
79.3112974 67.2500423 9.79324871 255 79 163
80.6852519 67.1925714 9.57888025 255 79 163
81.334851 67.6374115 9.72691918 255 79 163
81.6980093 67.4771384 9.57488318 255 79 163
82.3754409 67.6538701 9.59032681 255 79 163
83.7350391 67.9678724 9.65915155 255 79 163
82.2468716 67.2291498 9.37987932 255 79 163
84.3885097 68.3984161 10.1938058 255 79 163
83.1350976 67.3346028 9.30339573 255 79 163
84.9127144 67.5322959 9.15976075 255 79 163
85.2502074 68.4358886 10.1547595 255 79 163
85.1301998 68.2200379 9.76292241 255 79 163
85.828981 68.3206248 9.82442879 255 79 163
86.216031 68.2254908 9.61383057 255 79 163
86.8779196 68.4390609 9.92283319 255 79 163
86.9940885 67.9957047 9.22434259 255 79 163
87.7660909 68.4892051 9.93691443 255 79 163
87.5065757 68.3729793 9.68191567 255 79 163
88.766715 68.2038526 9.2227315 255 79 163
86.3965202 67.3932116 8.88760166 255 79 163
89.2663544 68.5410168 9.92547675 255 79 163
87.13932 67.323339 8.75870812 255 79 163
87.6747901 67.6565001 8.85733762 255 79 163
88.0193115 67.4711957 8.70725139 255 79 163
90.5159657 68.4916374 9.55599626 255 79 163
88.6247327 67.5191792 8.65090035 255 79 163
90.5596918 68.3732422 9.25532111 255 79 163
91.4568628 68.4379234 9.27708469 255 79 163
91.7267521 68.4873134 9.37748582 255 79 163
91.4570639 68.3650752 9.11794377 255 79 163
48.0310443 68.1431211 15.2233135 255 79 163
47.8468035 66.4164893 13.7471383 255 79 163
48.1935864 66.5651765 13.7648921 255 79 163
49.8620443 67.9706201 14.709581 255 79 163
49.0599311 68.1941305 15.18474 255 79 163
48.8701803 66.531845 13.6644179 255 79 163
53.6885806 68.0528223 14.3102285 255 79 163
54.3780752 67.5697532 13.6229319 255 79 163
56.0929711 68.4775424 14.9396906 255 79 163
55.4850852 68.1474533 14.2102969 255 79 163
55.2694485 67.8961448 13.8629424 255 79 163
54.8880797 67.5864813 13.5680795 255 79 163
55.1631415 67.750268 13.7013747 255 79 163
55.0334992 67.3680512 13.3528396 255 79 163
55.3326448 66.8900365 12.9889136 255 79 163
55.3980572 67.6032434 13.5130111 255 79 163
55.7380271 67.6144302 13.4761774 255 79 163
56.3291836 66.5459015 12.6911612 255 79 163
56.41793 67.6368147 13.4022153 255 79 163
57.3393294 67.7789896 13.4226784 255 79 163
55.8038967 66.1197421 12.6235674 255 79 163
57.8002448 67.8459598 13.4346376 255 79 163
57.7274297 67.2015466 12.8512288 255 79 163
58.2904397 68.0771612 13.6811911 255 79 163
58.1254412 67.7530325 13.2794366 255 79 163
56.7735354 66.3784053 12.5704102 255 79 163
57.9910622 67.5815969 13.1230115 255 79 163
58.3867754 66.9682529 12.6125575 255 79 163
58.4918312 67.9410424 13.4542861 255 79 163
56.9962496 66.294928 12.5143469 255 79 163
57.4577278 66.524389 12.5308158 255 79 163
59.1836125 68.0294889 13.475496 255 79 163
57.330981 66.1704197 12.4355424 255 79 163
58.9116355 67.7273957 13.1368555 255 79 163
59.644874 68.0846862 13.4902288 255 79 163
60.1582285 67.7718048 13.0020941 255 79 163
60.4606706 67.4680112 12.66458 255 79 163
61.7055897 68.234896 13.4366546 255 79 163
60.8110478 67.5789814 12.7111323 255 79 163
62.2745284 68.2580306 13.3938713 255 79 163
61.3797383 67.6203931 12.6663609 255 79 163
62.8433865 68.2802555 13.350443 255 79 163
63.6543787 67.7775471 12.4863007 255 79 163
64.2229908 67.8145998 12.4409013 255 79 163
64.574193 67.9063682 12.4940634 255 79 163
65.4052812 67.2594515 11.7909342 255 79 163
66.1229401 67.6835546 12.0194805 255 79 163
66.658378 68.2185603 12.6285297 255 79 163
67.7575995 68.4953171 13.1534924 255 79 163
65.8632081 67.3408659 11.7789492 255 79 163
67.6069509 68.398672 12.8667121 255 79 163
67.3083263 68.0885147 12.3145651 255 79 163
68.081242 68.4643184 12.9858406 255 79 163
66.5504645 67.4587692 11.7639045 255 79 163
67.0413881 67.8179945 12.0162959 255 79 163
68.2971021 68.4409075 12.8748615 255 79 163
68.6144333 67.7792891 11.7363947 255 79 163
66.9097772 67.6631478 11.8820498 255 79 163
66.7612173 67.2872554 11.612005 255 79 163
67.2381198 67.5713237 11.7520563 255 79 163
69.9411091 67.9624715 11.7358793 255 79 163
69.8798624 67.4204383 11.2451586 255 79 163
70.4079511 68.158148 11.9329416 255 79 163
70.2556275 67.8858037 11.598337 255 79 163
70.1289605 67.7413182 11.4692979 255 79 163
70.5167142 67.2299664 11.0326886 255 79 163
68.9677016 66.7169446 11.0234817 255 79 163
70.604704 68.044729 11.7376808 255 79 163
69.1824724 66.649266 10.972584 255 79 163
69.6255615 66.8483296 10.9793332 255 79 163
71.2684002 68.1206687 11.7402931 255 79 163
71.0126083 67.8677291 11.4625217 255 79 163
69.5052026 66.5486565 10.9008358 255 79 163
71.7108949 68.1677763 11.74228 255 79 163
72.5268501 67.6595087 11.0350957 255 79 163
72.8721864 67.7529299 11.0654508 255 79 163
73.4092477 67.7891741 11.0183029 255 79 163
75.6349791 67.9252496 10.8183776 255 79 163
76.2107731 67.9569799 10.7654791 255 79 163
76.5372698 68.0321294 10.8029301 255 79 163
77.4646264 67.5109768 10.1981039 255 79 163
78.1202616 67.8549208 10.3731936 255 79 163
78.5452959 68.2873947 10.8674542 255 79 163
77.9142352 67.578054 10.1780687 255 79 163
79.8900616 68.4863794 11.13041 255 79 163
79.0215286 67.9647439 10.3495443 255 79 163
78.5889391 67.674735 10.1503458 255 79 163
78.9171228 67.8398952 10.2408241 255 79 163
78.8281575 67.5372739 10.0187522 255 79 163
79.2639648 67.7665499 10.1252012 255 79 163
81.2973749 68.0772065 10.1378438 255 79 163
47.7930462 68.4726285 16.0771652 255 79 163
47.9590319 68.4649984 16.0267059 255 79 163
48.3094309 68.4879663 16.0734324 255 79 163
48.3256689 68.3931156 15.7434112 255 79 163
48.360325 68.0966626 15.1008359 255 79 163
47.9196775 67.4036687 14.3310199 255 79 163
48.2618278 67.4313714 14.3116565 255 79 163
48.6001077 67.4233546 14.2612826 255 79 163
54.198673 68.0642321 14.2560804 255 79 163
54.0682838 66.978531 13.2113762 255 79 163
56.8339126 67.307959 13.0541645 255 79 163
56.5857746 67.0430874 12.9065265 255 79 163
57.0443122 67.1316169 12.8994349 255 79 163
92.2659327 68.5793212 9.89500124 255 79 163
92.2659327 68.5793212 51.3996759 255 79 163
93.5163284 67.3289255 51.3996759 255 79 163
93.4785191 67.6340874 51.3996759 255 79 163
93.3727407 67.9107034 51.3996759 255 79 163
93.2179571 68.1395666 51.3996759 255 79 163
93.0147179 68.3303296 51.3996759 255 79 163
92.7782773 68.469536 51.3996759 255 79 163
92.5275714 68.5516415 51.3996759 255 79 163
92.3950341 68.5726386 51.3996759 255 79 163
93.5163284 67.3289255 9.89500124 255 79 163
93.4785191 67.6340874 9.89500124 255 79 163
93.3727407 67.9107034 9.89500124 255 79 163
93.2179571 68.1395666 9.89500124 255 79 163
93.0147179 68.3303296 9.89500124 255 79 163
92.7782773 68.469536 9.89500124 255 79 163
92.5275714 68.5516415 9.89500124 255 79 163
92.3950341 68.5726386 9.89500124 255 79 163
46.6040531 26.8177376 13.6387933 218 222 230
46.9122753 26.8177376 13.6387933 218 222 230
46.891721 26.6433873 13.6351679 218 222 230
46.8325686 26.4742634 13.6246355 218 222 230
46.7420271 26.3144359 13.6079994 218 222 230
46.5885136 26.1194905 13.5780489 218 222 230
46.0835069 25.6629156 13.4546003 218 222 230
45.5757616 25.256063 13.2473795 218 222 230
45.2523924 24.9801897 13.0240616 218 222 230
44.9406805 24.7240365 12.722871 218 222 230
44.6069714 24.5165877 12.3540687 218 222 230
44.2405148 24.3905243 11.9729076 218 222 230
43.9771725 24.3516767 11.7393334 218 222 230
43.708013 24.3412214 11.5437855 218 222 230
43.4949675 26.0614291 13.2507495 218 222 230
43.5003272 25.6780033 13.2078065 218 222 230
43.5175926 25.2899804 13.0694727 218 222 230
43.5471379 24.9336854 12.8327494 218 222 230
43.5827049 24.6702396 12.5477796 218 222 230
43.6196472 24.4961703 12.2517904 218 222 230
43.6586924 24.387952 11.9389518 218 222 230
43.6836861 24.3524727 11.7386974 218 222 230
46.5941831 26.7171276 13.6375614 218 222 230
46.5650831 26.6181987 13.6339294 218 222 230
46.5181629 26.5224917 13.6280734 218 222 230
46.4315924 26.4020721 13.6172685 218 222 230
46.3083764 26.2787958 13.60189 218 222 230
46.1160636 26.1369335 13.5778875 218 222 230
45.8013596 25.9723167 13.5386094 218 222 230
45.3358178 25.8192379 13.4805053 218 222 230
44.8698172 25.7495395 13.422344 218 222 230
44.4773055 25.7571805 13.3733547 218 222 230
44.1569956 25.8168964 13.333377 218 222 230
43.8354885 25.9345425 13.2932498 218 222 230
43.6425934 26.0240685 13.2691747 218 222 230
43.5612124 26.0526123 13.2590175 218 222 230
46.4660012 26.2225142 13.6078878 218 222 230
44.9491287 25.3652402 13.327711 218 222 230
45.9281282 25.9366366 13.5487041 218 222 230
45.5129256 25.4311039 13.3732258 218 222 230
44.6950244 25.2548739 13.2454693 218 222 230
44.5763641 25.2021156 13.1996283 218 222 230
44.2186984 25.356246 13.2288439 218 222 230
44.4293999 25.1366277 13.1363812 218 222 230
44.6114177 24.9557752 13.0087672 218 222 230
44.2464867 25.0582582 13.0505099 218 222 230
43.9223133 25.2968819 13.1419943 218 222 230
44.1007335 25.0013649 12.9802668 218 222 230
44.2776629 24.7724869 12.7774445 218 222 230
43.6280164 25.4986879 13.1743209 218 222 230
43.9405022 24.9463615 12.9052831 218 222 230
43.8093443 24.9368339 12.8744664 218 222 230
43.8768463 24.5359795 12.3673819 218 222 230
46.3723432 66.710911 13.6098736 255 79 163
46.6040531 26.8177376 13.6387933 255 79 163
46.388548 66.708897 13.6118531 255 79 163
46.4047629 66.7030053 13.6137477 255 79 163
46.4209875 66.6934077 13.6155575 255 79 163
46.4426347 66.6751425 13.6178387 255 79 163
46.4751338 66.6368529 13.620978 255 79 163
46.5239397 66.5576294 13.6250514 255 79 163
47.0230049 65.3037162 13.6226837 255 79 163
47.0759769 65.2388106 13.6176701 255 79 163
47.102164 65.2195509 13.6148487 255 79 163
47.1213843 65.2114065 13.6126333 255 79 163
47.1309892 65.2093431 13.6114804 255 79 163
47.1405903 65.2086663 13.6102974 255 79 163
46.9122753 26.8177376 13.6387933 255 79 163
46.7168262 46.0607265 13.6409493 255 79 163
46.735448 46.0282737 13.6412423 255 79 163
46.7446532 46.0186441 13.6413246 255 79 163
46.7514104 46.014572 13.6413584 255 79 163
46.7547877 46.0135403 13.6413669 255 79 163
46.7581642 46.0132019 13.6413697 255 79 163
28.4665755 62.1576056 24.0734222 218 222 230
28.4665755 61.8989249 24.1048317 218 222 230
28.4665755 61.6552778 24.1972349 218 222 230
28.4665755 61.4408242 24.3452615 218 222 230
28.4665755 61.2680273 24.5403089 218 222 230
28.4665755 61.1469295 24.7710415 218 222 230
28.4665755 61.0845685 25.0240501 218 222 230
28.4665755 61.0845685 25.2846307 218 222 230
28.4665755 61.1469295 25.5376392 218 222 230
28.4665755 61.2680273 25.7683719 218 222 230
28.4665755 61.4408242 25.9634192 218 222 230
28.4665755 61.6552778 26.1114459 218 222 230
28.4665755 61.8989249 26.203849 218 222 230
28.4665755 62.1576056 26.2352585 218 222 230
28.4665755 62.4162862 26.203849 218 222 230
28.4665755 62.6599333 26.1114459 218 222 230
28.4665755 62.8743869 25.9634192 218 222 230
28.4665755 63.0471838 25.7683719 218 222 230
28.4665755 63.1682816 25.5376392 218 222 230
28.4665755 63.2306426 25.2846307 218 222 230
28.4665755 63.2306426 25.0240501 218 222 230
28.4665755 63.1682816 24.7710415 218 222 230
28.4665755 63.0471838 24.5403089 218 222 230
28.4665755 62.8743869 24.3452615 218 222 230
28.4665755 62.6599333 24.1972349 218 222 230
28.4665755 62.4162862 24.1048317 218 222 230
28.4665755 62.1576056 26.2116927 218 222 230
28.4665755 61.9045646 26.1809679 218 222 230
28.4665755 61.6662294 26.0905793 218 222 230
28.4665755 61.4564513 25.9457799 218 222 230
28.4665755 61.2874217 25.7549849 218 222 230
28.4665755 61.168964 25.5292827 218 222 230
28.4665755 61.1079626 25.2817901 218 222 230
28.4665755 61.1079626 25.0268906 218 222 230
28.4665755 61.168964 24.7793981 218 222 230
28.4665755 61.2874217 24.5536958 218 222 230
28.4665755 61.4564513 24.3629008 218 222 230
28.4665755 61.6662294 24.2181014 218 222 230
28.4665755 61.9045646 24.1277128 218 222 230
28.4665755 62.1576056 24.0969881 218 222 230
28.4665755 62.4106465 24.1277128 218 222 230
28.4665755 62.6489817 24.2181014 218 222 230
28.4665755 62.8587598 24.3629008 218 222 230
28.4665755 63.0277894 24.5536958 218 222 230
28.4665755 63.1462471 24.7793981 218 222 230
28.4665755 63.2072486 25.0268906 218 222 230
28.4665755 63.2072486 25.2817901 218 222 230
28.4665755 63.1462471 25.5292827 218 222 230
28.4665755 63.0277894 25.7549849 218 222 230
28.4665755 62.8587598 25.9457799 218 222 230
28.4665755 62.6489817 26.0905793 218 222 230
28.4665755 62.4106465 26.1809679 218 222 230
57.0601847 8.45728397 17.6788785 218 222 230
57.0601847 8.45728397 0.812892736 218 222 230
57.0601847 3.07697437 0.833833514 218 222 230
57.0601847 0.558850016 3.0813156 218 222 230
57.0601847 0.598111144 2.68493106 218 222 230
57.0601847 0.711757754 2.30503863 218 222 230
57.0601847 0.891406767 1.95542273 218 222 230
57.0601847 1.12663023 1.64653629 218 222 230
57.0601847 1.40601006 1.38536179 218 222 230
57.0601847 1.71812982 1.17555784 218 222 230
57.0601847 2.05245632 1.01784901 218 222 230
57.0601847 2.5176426 0.885564322 218 222 230
57.0601847 2.79679882 0.846448556 218 222 230
57.0601847 0.558850016 19.079196 218 222 230
57.0601847 7.35648547 19.079196 218 222 230
57.0601847 8.40871498 18.1539754 218 222 230
57.0601847 8.32848541 18.3968093 218 222 230
57.0601847 8.1799555 18.6511227 218 222 230
57.0601847 8.00334205 18.8366526 218 222 230
57.0601847 7.79990892 18.971013 218 222 230
57.0601847 7.5853647 19.0509877 218 222 230
57.0601847 0.558850016 3.0813156 218 222 230
57.0770831 0.422461424 3.0813156 218 222 230
57.1243596 0.298831038 3.0813156 218 222 230
57.1935383 0.196543255 3.0813156 218 222 230
57.2843737 0.111283937 3.0813156 218 222 230
57.3900482 0.0490672124 3.0813156 218 222 230
57.5020983 0.0123710918 3.0813156 218 222 230
57.5613343 0.00298671616 3.0813156 218 222 230
57.6190347 6.16540388e-19 3.0813156 218 222 230
57.633613 0.0826194491 2.37237883 218 222 230
57.673887 0.32598545 1.70132824 218 222 230
57.7292508 0.717195054 1.10404343 218 222 230
57.7893225 1.23556114 0.612690475 218 222 230
57.84379 1.85346891 0.254004141 218 222 230
57.8787472 2.45214334 0.0641566432 218 222 230
57.8940182 3.07697437 -6.03167684e-17 218 222 230
57.0601847 3.07697437 0.833833514 218 222 230
57.0853981 3.07697437 0.630334586 218 222 230
57.155937 3.07697437 0.445871571 218 222 230
57.2591553 3.07697437 0.293252838 218 222 230
57.3946865 3.07697437 0.166041466 218 222 230
57.5523583 3.07697437 0.0732108526 218 222 230
57.7195429 3.07697437 0.0184583174 218 222 230
57.8079262 3.07697437 0.00445633705 218 222 230
57.0601847 0.598111144 2.68493106 218 222 230
57.0601847 0.711757754 2.30503863 218 222 230
57.0601847 0.891406767 1.95542273 218 222 230
57.0601847 1.12663023 1.64653629 218 222 230
57.0601847 1.40601006 1.38536179 218 222 230
57.0601847 1.71812982 1.17555784 218 222 230
57.0601847 2.05245632 1.01784901 218 222 230
57.0601847 2.5176426 0.885564322 218 222 230
57.0601847 2.79679882 0.846448556 218 222 230
57.2277453 0.241499265 2.43413706 218 222 230
57.2540918 0.823969861 1.28460452 218 222 230
57.2869165 1.8400676 0.512852144 218 222 230
57.2989796 2.4449218 0.312112318 218 222 230
57.2352449 0.392457142 1.98301049 218 222 230
57.2400781 0.495785575 1.76911039 218 222 230
57.2444796 0.594143831 1.59994963 218 222 230
57.2675621 1.18689047 0.923264929 218 222 230
57.2742568 1.39025161 0.768660924 218 222 230
57.2786633 1.53526062 0.674437791 218 222 230
93.5163284 0.75631919 51.6198524 255 79 163
93.4934589 0.571737806 51.6198524 255 79 163
93.4294774 0.404422729 51.6198524 255 79 163
93.3358543 0.265991646 51.6198524 255 79 163
93.2129223 0.15060602 51.6198524 255 79 163
93.0699079 0.0664050699 51.6198524 255 79 163
92.918265 0.0167424065 51.6198524 255 79 163
92.838098 0.00404206976 51.6198524 255 79 163
92.7600092 -4.4408921e-16 51.6198524 255 79 163
92.7657445 0.0393828028 52.0228541 255 79 163
92.7808825 0.156040541 52.4106072 255 79 163
92.8023212 0.345559604 52.7684395 255 79 163
92.8269587 0.600768809 53.0828114 255 79 163
92.8516931 0.912011256 53.341828 255 79 163
92.8734225 1.26751039 53.5356882 255 79 163
92.889045 1.65381497 53.6570567 255 79 163
92.8937958 1.86657834 53.6903561 255 79 163
92.8954828 2.0816434 53.7014958 255 79 163
93.5163284 2.0816434 53.0806501 255 79 163
93.4975553 2.0816434 53.2321689 255 79 163
93.4450343 2.0816434 53.3695141 255 79 163
93.3681813 2.0816434 53.4831491 255 79 163
93.2672691 2.0816434 53.5778666 255 79 163
93.1498718 2.0816434 53.6469853 255 79 163
93.0253915 2.0816434 53.6877523 255 79 163
92.9595841 2.0816434 53.6981777 255 79 163
93.5163284 0.791786072 51.9654694 255 79 163
93.5163284 0.9034609 52.3000751 255 79 163
93.5163284 1.07360941 52.5764427 255 79 163
93.5163284 1.28229823 52.7894543 255 79 163
93.5163284 1.53750056 52.9532311 255 79 163
93.5163284 1.80150143 53.047756 255 79 163
93.2970056 0.266015426 52.0342579 255 79 163
93.3104249 0.615131083 52.7893572 255 79 163
93.3266205 1.26076299 53.3244271 255 79 163
93.332289 1.65938719 53.4698796 255 79 163
93.5163284 1.09652317 0.799331733 218 222 230
93.5163284 23.8796686 0.799331733 218 222 230
93.5163284 23.8796686 4.93115909 218 222 230
93.5163284 23.7553031 5.94326153 218 222 230
93.5163284 23.5930386 7.2426025 218 222 230
93.5163284 23.681492 8.44206249 218 222 230
93.5163284 24.0184605 9.50034712 218 222 230
93.5163284 24.571636 10.3998651 218 222 230
93.5163284 25.2717033 11.0795387 218 222 230
93.5163284 26.0402104 11.5201596 218 222 230
93.5163284 26.6356648 11.7040934 218 222 230
93.5163284 27.2545856 11.7679024 218 222 230
93.5163284 66.6854589 8.26268641 218 222 230
93.5163284 60.7601081 8.57943934 218 222 230
93.5163284 52.8596403 9.33321737 218 222 230
93.5163284 38.337856 10.9941835 218 222 230
93.5163284 32.7962208 11.4820608 218 222 230
93.5163284 67.3289255 9.89500124 218 222 230
93.5163284 67.3329107 9.84639395 218 222 230
93.5163284 67.3453096 9.79134203 218 222 230
93.5163284 67.4349155 9.51782454 218 222 230
93.5163284 67.4804063 9.22626414 218 222 230
93.5163284 67.4583795 8.97093209 218 222 230
93.5163284 67.3962617 8.77481351 218 222 230
93.5163284 67.2784443 8.57437101 218 222 230
93.5163284 67.1417263 8.43317306 218 222 230
93.5163284 66.9886063 8.33466116 218 222 230
93.5163284 66.8349726 8.27993886 218 222 230
93.5163284 66.7606514 8.26705843 218 222 230
93.5163284 67.3289255 51.3996759 218 222 230
93.5163284 67.3787915 51.9703997 218 222 230
93.5163284 67.3554067 52.3041459 218 222 230
93.5163284 67.2729705 52.5860299 218 222 230
93.5163284 67.1645904 52.7921269 218 222 230
93.5163284 66.9767253 53.0164544 218 222 230
93.5163284 66.7525824 53.1789119 218 222 230
93.5163284 66.5596927 53.2607763 218 222 230
93.5163284 66.4202225 53.292977 218 222 230
93.5163284 66.2775013 53.3040324 218 222 230
93.5163284 2.0816434 53.0806501 218 222 230
93.5163284 0.75631919 51.6198524 218 222 230
93.5163284 0.791786072 51.9654694 218 222 230
93.5163284 0.9034609 52.3000751 218 222 230
93.5163284 1.07360941 52.5764427 218 222 230
93.5163284 1.28229823 52.7894543 218 222 230
93.5163284 1.53750056 52.9532311 218 222 230
93.5163284 1.80150143 53.047756 218 222 230
93.5163284 23.8796686 4.93115909 218 222 230
93.502372 23.9923116 4.93115909 218 222 230
93.4633265 24.0944176 4.93115909 218 222 230
93.406192 24.1788968 4.93115909 218 222 230
93.3311712 24.2493123 4.93115909 218 222 230
93.243895 24.3006969 4.93115909 218 222 230
93.1513531 24.3310042 4.93115909 218 222 230
93.1024302 24.3387547 4.93115909 218 222 230
93.0547756 24.3412214 4.93115909 218 222 230
93.020247 24.3526011 5.19532473 218 222 230
92.9305372 24.3854855 5.4578585 218 222 230
92.7912449 24.4382709 5.71766652 218 222 230
92.5387869 24.5376665 6.05867104 218 222 230
92.0483047 24.7467062 6.55610644 218 222 230
91.1732475 25.2005362 7.25643416 218 222 230
90.3111378 25.8493423 7.85660143 218 222 230
89.9959147 26.2036803 8.06322069 218 222 230
89.7417646 26.627913 8.22438746 218 222 230
89.6367256 26.9379525 8.28896301 218 222 230
89.6096102 27.0958468 8.30539347 218 222 230
89.6009638 27.2545856 8.31083502 218 222 230
93.5163284 27.2545856 11.7679024 218 222 230
93.4234017 27.2545856 10.968617 218 222 230
93.1205749 27.2545856 10.1551712 218 222 230
92.659404 27.2545856 9.47955355 218 222 230
92.1103332 27.2545856 8.97150452 218 222 230
91.4715769 27.2545856 8.59514844 218 222 230
90.7900307 27.2545856 8.36738177 218 222 230
90.1798179 27.2545856 8.28713162 218 222 230
93.5163284 23.7553031 5.94326153 218 222 230
93.5163284 23.5930386 7.2426025 218 222 230
93.5163284 23.681492 8.44206249 218 222 230
93.5163284 24.0184605 9.50034712 218 222 230
93.5163284 24.571636 10.3998651 218 222 230
93.5163284 25.2717033 11.0795387 218 222 230
93.5163284 26.0402104 11.5201596 218 222 230
93.5163284 26.6356648 11.7040934 218 222 230
93.346588 24.2233957 5.46564 218 222 230
92.3753855 26.5289502 9.04644477 218 222 230
93.4456603 24.0002816 6.31694114 218 222 230
93.4188889 24.0197159 6.88499109 218 222 230
93.1253728 24.3884417 6.58592877 218 222 230
93.4673234 23.8998585 7.33173441 218 222 230
93.3957195 24.0781417 7.34645449 218 222 230
93.2652141 24.3183852 7.52879928 218 222 230
93.4426748 24.1854973 8.5539041 218 222 230
93.3549261 24.2916392 8.13628946 218 222 230
92.791381 24.8847265 7.7554467 218 222 230
93.33383 24.4693587 8.54080528 218 222 230
93.431402 24.4532658 9.11358374 218 222 230
92.6283201 24.6549141 6.52238938 218 222 230
93.3152942 24.6736238 8.89544279 218 222 230
92.2783497 24.9106027 7.00277338 218 222 230
93.1186273 25.0768677 8.90705332 218 222 230
93.4120574 25.24425 10.0779014 218 222 230
93.2785704 25.2680852 9.59604376 218 222 230
92.4767485 25.8670308 8.74343276 218 222 230
91.9367942 25.0280868 7.06839705 218 222 230
91.9880865 25.1656477 7.35737438 218 222 230
93.2657493 25.5705207 9.8394587 218 222 230
93.4023251 25.9781589 10.5618973 218 222 230
93.2527654 25.9756317 10.0847535 218 222 230
93.0438168 25.9214532 9.59316142 218 222 230
91.6985633 25.4764717 7.68721919 218 222 230
91.4744941 25.4021276 7.50870474 218 222 230
91.9212004 25.5993189 7.97313551 218 222 230
93.2452548 26.2998875 10.2258485 218 222 230
93.4242004 26.7077814 10.9148947 218 222 230
93.2045351 26.6201673 10.2403661 218 222 230
91.3694638 25.9454979 8.04098904 218 222 230
91.6304855 26.2542809 8.37810633 218 222 230
91.2699364 26.1310956 8.14399756 218 222 230
90.9117716 26.0524204 7.99842493 218 222 230
91.1512424 26.4065847 8.26429419 218 222 230
91.6166239 26.9305669 8.63473213 218 222 230
90.6739156 26.4951411 8.19275938 218 222 230
91.0792952 26.6305307 8.33570587 218 222 230
90.9654245 26.8377693 8.36316409 218 222 230
93.1030712 24.3887375 6.01608178 218 222 230
92.8403227 24.6838293 7.20434483 218 222 230
92.6004873 25.3809619 8.36311345 218 222 230
92.8830368 26.4226456 9.59661931 218 222 230
91.7581227 26.5922058 8.61490339 218 222 230
46.9122753 26.8177376 13.6387933 218 222 230
68.2566195 27.0164948 10.9748141 218 222 230
89.6009638 27.2545856 8.31083502 218 222 230
93.0791935 66.6854589 7.87671855 218 222 230
92.7648792 60.7601081 7.91594799 218 222 230
92.0169044 52.8596403 8.00930242 218 222 230
90.3687258 38.337856 8.21501094 218 222 230
89.8846047 32.7962208 8.2754339 218 222 230
47.1405903 65.2086663 13.6102974 218 222 230
56.3012018 65.3614028 12.4669651 218 222 230
68.5153503 65.8478409 10.9425221 218 222 230
80.7972719 66.3897859 9.4096203 218 222 230
87.3222646 66.5965829 8.59523855 218 222 230
93.5163284 67.3289255 9.89500124 218 222 230
93.4785191 67.6340874 9.89500124 218 222 230
93.3727407 67.9107034 9.89500124 218 222 230
93.2179571 68.1395666 9.89500124 218 222 230
93.0147179 68.3303296 9.89500124 218 222 230
92.7782773 68.469536 9.89500124 218 222 230
92.5275714 68.5516415 9.89500124 218 222 230
92.3950341 68.5726386 9.89500124 218 222 230
92.2659327 68.5793212 9.89500124 218 222 230
92.2666023 68.5533444 9.57885592 218 222 230
92.3183066 68.4780363 9.27029981 218 222 230
92.4105778 68.3567631 8.97544999 218 222 230
92.531469 68.1918545 8.69993212 218 222 230
92.6678055 67.9849661 8.45009729 218 222 230
92.8054136 67.7380943 8.23380241 218 222 230
92.9293652 67.454927 8.0604223 218 222 230
93.0242851 67.1421284 7.93996959 218 222 230
93.0645532 66.9161976 7.89277279 218 222 230
93.0791935 66.6854589 7.87671855 218 222 230
93.5163284 66.6854589 8.26268641 218 222 230
93.5055648 66.6854589 8.17181608 218 222 230
93.4751472 66.6854589 8.08850261 218 222 230
93.4300127 66.6854589 8.01835726 218 222 230
93.3697606 66.6854589 7.95848809 218 222 230
93.2983681 66.6854589 7.9133298 218 222 230
93.2212449 66.6854589 7.88522312 218 222 230
93.1483349 66.6854589 7.87428959 218 222 230
93.5163284 67.3329107 9.84639395 218 222 230
93.5163284 67.3453096 9.79134203 218 222 230
93.5163284 67.4349155 9.51782454 218 222 230
93.5163284 67.4804063 9.22626414 218 222 230
93.5163284 67.4583795 8.97093209 218 222 230
93.5163284 67.3962617 8.77481351 218 222 230
93.5163284 67.2784443 8.57437101 218 222 230
93.5163284 67.1417263 8.43317306 218 222 230
93.5163284 66.9886063 8.33466116 218 222 230
93.5163284 66.8349726 8.27993886 218 222 230
93.5163284 66.7606514 8.26705843 218 222 230
93.1499604 68.2063058 9.59248675 218 222 230
93.297579 67.6836806 8.40105458 218 222 230
93.3725462 67.0574346 8.02494563 218 222 230
93.4283842 67.7973853 9.69715746 218 222 230
93.4315555 67.8024541 9.51077446 218 222 230
93.3670792 67.9256284 9.3453072 218 222 230
93.4390888 67.7893102 9.25171233 218 222 230
93.2052174 68.0611748 8.97577853 218 222 230
92.7254406 68.4729326 9.56602836 218 222 230
92.7382644 68.4462042 9.41557665 218 222 230
92.5796506 68.5018513 9.46373234 218 222 230
92.9081265 68.3375368 9.24741286 218 222 230
93.4560239 67.6674898 8.79816556 218 222 230
92.7952543 68.3394204 9.07103138 218 222 230
92.82895 68.2750659 8.9290838 218 222 230
92.866846 68.1995121 8.79142031 218 222 230
92.9078987 68.1127941 8.65898517 218 222 230
93.0601944 67.9789185 8.55507545 218 222 230
28.4665755 62.1576056 26.2116927 255 79 163
28.462677 62.1576056 26.1770929 255 79 163
28.4511771 62.1576056 26.1442281 255 79 163
28.4326525 62.1576056 26.1147463 255 79 163
28.408032 62.1576056 26.0901258 255 79 163
28.3785501 62.1576056 26.0716011 255 79 163
28.3456853 62.1576056 26.0601012 255 79 163
28.3110856 62.1576056 26.0562028 255 79 163
28.4665755 61.9045646 26.1809679 255 79 163
28.4665755 61.6662294 26.0905793 255 79 163
28.4665755 61.4564513 25.9457799 255 79 163
28.4665755 61.2874217 25.7549849 255 79 163
28.4665755 61.168964 25.5292827 255 79 163
28.4665755 61.1079626 25.2817901 255 79 163
28.4665755 61.1079626 25.0268906 255 79 163
28.4665755 61.168964 24.7793981 255 79 163
28.4665755 61.2874217 24.5536958 255 79 163
28.4665755 61.4564513 24.3629008 255 79 163
28.4665755 61.6662294 24.2181014 255 79 163
28.4665755 61.9045646 24.1277128 255 79 163
28.4665755 62.1576056 24.0969881 255 79 163
28.4665755 62.4106465 24.1277128 255 79 163
28.4665755 62.6489817 24.2181014 255 79 163
28.4665755 62.8587598 24.3629008 255 79 163
28.4665755 63.0277894 24.5536958 255 79 163
28.4665755 63.1462471 24.7793981 255 79 163
28.4665755 63.2072486 25.0268906 255 79 163
28.4665755 63.2072486 25.2817901 255 79 163
28.4665755 63.1462471 25.5292827 255 79 163
28.4665755 63.0277894 25.7549849 255 79 163
28.4665755 62.8587598 25.9457799 255 79 163
28.4665755 62.6489817 26.0905793 255 79 163
28.4665755 62.4106465 26.1809679 255 79 163
28.4665755 62.1576056 26.2116927 255 79 163
28.462677 62.1576056 26.1770929 255 79 163
28.4511771 62.1576056 26.1442281 255 79 163
28.4326525 62.1576056 26.1147463 255 79 163
28.408032 62.1576056 26.0901258 255 79 163
28.3785501 62.1576056 26.0716011 255 79 163
28.3456853 62.1576056 26.0601012 255 79 163
28.3110856 62.1576056 26.0562028 255 79 163
28.3110856 61.9417758 26.0299963 255 79 163
28.3110856 61.7384892 25.9528999 255 79 163
28.3110856 61.5595602 25.8293941 255 79 163
28.3110856 61.4153874 25.6666566 255 79 163
28.3110856 61.3143496 25.4741452 255 79 163
28.3110856 61.2623188 25.2630479 255 79 163
28.3110856 61.2623188 25.0456329 255 79 163
28.3110856 61.3143496 24.8345356 255 79 163
28.3110856 61.4153874 24.6420241 255 79 163
28.3110856 61.5595602 24.4792867 255 79 163
28.3110856 61.7384892 24.3557809 255 79 163
28.3110856 61.9417758 24.2786845 255 79 163
28.3110856 62.1576056 24.252478 255 79 163
28.3110856 62.3734354 24.2786845 255 79 163
28.3110856 62.5767219 24.3557809 255 79 163
28.3110856 62.7556509 24.4792867 255 79 163
28.3110856 62.8998238 24.6420241 255 79 163
28.3110856 63.0008615 24.8345356 255 79 163
28.3110856 63.0528924 25.0456329 255 79 163
28.3110856 63.0528924 25.2630479 255 79 163
28.3110856 63.0008615 25.4741452 255 79 163
28.3110856 62.8998238 25.6666566 255 79 163
28.3110856 62.7556509 25.8293941 255 79 163
28.3110856 62.5767219 25.9528999 255 79 163
28.3110856 62.3734354 26.0299963 255 79 163
28.462677 61.9128449 26.1473736 255 79 163
28.4511771 61.9207099 26.1154638 255 79 163
28.4326525 61.9277654 26.0868386 255 79 163
28.408032 61.9336575 26.0629335 255 79 163
28.3785501 61.9380907 26.0449472 255 79 163
28.3456853 61.9408428 26.0337814 255 79 163
28.462677 61.6823088 26.0599428 255 79 163
28.4511771 61.6975818 26.0308424 255 79 163
28.4326525 61.7112827 26.0047376 255 79 163
28.408032 61.7227244 25.9829372 255 79 163
28.3785501 61.7313332 25.9665344 255 79 163
28.3456853 61.7366775 25.9563518 255 79 163
28.462677 61.4793952 25.9198816 255 79 163
28.4511771 61.5011886 25.895282 255 79 163
28.4326525 61.5207386 25.8732145 255 79 163
28.408032 61.5370651 25.8547858 255 79 163
28.3785501 61.5493492 25.8409199 255 79 163
28.3456853 61.556975 25.8323121 255 79 163
28.462677 61.3158967 25.73533 255 79 163
28.4511771 61.3429439 25.7166607 255 79 163
28.4326525 61.367207 25.6999131 255 79 163
28.408032 61.3874693 25.6859271 255 79 163
28.3785501 61.4027148 25.6754039 255 79 163
28.3456853 61.412179 25.6688712 255 79 163
28.462677 61.2013153 25.5170134 255 79 163
28.4511771 61.2320444 25.5053594 255 79 163
28.4326525 61.2596104 25.494905 255 79 163
28.408032 61.282631 25.4861744 255 79 163
28.3785501 61.2999519 25.4796055 255 79 163
28.3456853 61.3107045 25.4755276 255 79 163
28.462677 61.14231 25.2776196 255 79 163
28.4511771 61.1749352 25.2736581 255 79 163
28.4326525 61.2042021 25.2701045 255 79 163
28.408032 61.2286431 25.2671368 255 79 163
28.3785501 61.2470327 25.2649039 255 79 163
28.3456853 61.2584487 25.2635178 255 79 163
28.462677 61.14231 25.0310612 255 79 163
28.4511771 61.1749352 25.0350226 255 79 163
28.4326525 61.2042021 25.0385762 255 79 163
28.408032 61.2286431 25.0415439 255 79 163
28.3785501 61.2470327 25.0437768 255 79 163
28.3456853 61.2584487 25.045163 255 79 163
28.462677 61.2013153 24.7916673 255 79 163
28.4511771 61.2320444 24.8033213 255 79 163
28.4326525 61.2596104 24.8137757 255 79 163
28.408032 61.282631 24.8225063 255 79 163
28.3785501 61.2999519 24.8290752 255 79 163
28.3456853 61.3107045 24.8331531 255 79 163
28.462677 61.3158967 24.5733507 255 79 163
28.4511771 61.3429439 24.59202 255 79 163
28.4326525 61.367207 24.6087676 255 79 163
28.408032 61.3874693 24.6227537 255 79 163
28.3785501 61.4027148 24.6332769 255 79 163
28.3456853 61.412179 24.6398096 255 79 163
28.462677 61.4793952 24.3887991 255 79 163
28.4511771 61.5011886 24.4133987 255 79 163
28.4326525 61.5207386 24.4354662 255 79 163
28.408032 61.5370651 24.4538949 255 79 163
28.3785501 61.5493492 24.4677609 255 79 163
28.3456853 61.556975 24.4763686 255 79 163
28.462677 61.6823088 24.248738 255 79 163
28.4511771 61.6975818 24.2778383 255 79 163
28.4326525 61.7112827 24.3039432 255 79 163
28.408032 61.7227244 24.3257436 255 79 163
28.3785501 61.7313332 24.3421463 255 79 163
28.3456853 61.7366775 24.352329 255 79 163
28.462677 61.9128449 24.1613072 255 79 163
28.4511771 61.9207099 24.193217 255 79 163
28.4326525 61.9277654 24.2218421 255 79 163
28.408032 61.9336575 24.2457472 255 79 163
28.3785501 61.9380907 24.2637336 255 79 163
28.3456853 61.9408428 24.2748993 255 79 163
28.462677 62.1576056 24.1315878 255 79 163
28.4511771 62.1576056 24.1644526 255 79 163
28.4326525 62.1576056 24.1939344 255 79 163
28.408032 62.1576056 24.218555 255 79 163
28.3785501 62.1576056 24.2370796 255 79 163
28.3456853 62.1576056 24.2485795 255 79 163
28.462677 62.4023663 24.1613072 255 79 163
28.4511771 62.3945012 24.193217 255 79 163
28.4326525 62.3874457 24.2218421 255 79 163
28.408032 62.3815537 24.2457472 255 79 163
28.3785501 62.3771204 24.2637336 255 79 163
28.3456853 62.3743683 24.2748993 255 79 163
28.462677 62.6329024 24.248738 255 79 163
28.4511771 62.6176293 24.2778383 255 79 163
28.4326525 62.6039284 24.3039432 255 79 163
28.408032 62.5924867 24.3257436 255 79 163
28.3785501 62.5838779 24.3421463 255 79 163
28.3456853 62.5785336 24.352329 255 79 163
28.462677 62.8358159 24.3887991 255 79 163
28.4511771 62.8140226 24.4133987 255 79 163
28.4326525 62.7944725 24.4354662 255 79 163
28.408032 62.7781461 24.4538949 255 79 163
28.3785501 62.7658619 24.4677609 255 79 163
28.3456853 62.7582361 24.4763686 255 79 163
28.462677 62.9993144 24.5733507 255 79 163
28.4511771 62.9722672 24.59202 255 79 163
28.4326525 62.9480041 24.6087676 255 79 163
28.408032 62.9277418 24.6227537 255 79 163
28.3785501 62.9124963 24.6332769 255 79 163
28.3456853 62.9030321 24.6398096 255 79 163
28.462677 63.1138958 24.7916673 255 79 163
28.4511771 63.0831667 24.8033213 255 79 163
28.4326525 63.0556007 24.8137757 255 79 163
28.408032 63.0325801 24.8225063 255 79 163
28.3785501 63.0152592 24.8290752 255 79 163
28.3456853 63.0045067 24.8331531 255 79 163
28.462677 63.1729011 25.0310612 255 79 163
28.4511771 63.1402759 25.0350226 255 79 163
28.4326525 63.111009 25.0385762 255 79 163
28.408032 63.086568 25.0415439 255 79 163
28.3785501 63.0681784 25.0437768 255 79 163
28.3456853 63.0567624 25.045163 255 79 163
28.462677 63.1729011 25.2776196 255 79 163
28.4511771 63.1402759 25.2736581 255 79 163
28.4326525 63.111009 25.2701045 255 79 163
28.408032 63.086568 25.2671368 255 79 163
28.3785501 63.0681784 25.2649039 255 79 163
28.3456853 63.0567624 25.2635178 255 79 163
28.462677 63.1138958 25.5170134 255 79 163
28.4511771 63.0831667 25.5053594 255 79 163
28.4326525 63.0556007 25.494905 255 79 163
28.408032 63.0325801 25.4861744 255 79 163
28.3785501 63.0152592 25.4796055 255 79 163
28.3456853 63.0045067 25.4755276 255 79 163
28.462677 62.9993144 25.73533 255 79 163
28.4511771 62.9722672 25.7166607 255 79 163
28.4326525 62.9480041 25.6999131 255 79 163
28.408032 62.9277418 25.6859271 255 79 163
28.3785501 62.9124963 25.6754039 255 79 163
28.3456853 62.9030321 25.6688712 255 79 163
28.462677 62.8358159 25.9198816 255 79 163
28.4511771 62.8140226 25.895282 255 79 163
28.4326525 62.7944725 25.8732145 255 79 163
28.408032 62.7781461 25.8547858 255 79 163
28.3785501 62.7658619 25.8409199 255 79 163
28.3456853 62.7582361 25.8323121 255 79 163
28.462677 62.6329024 26.0599428 255 79 163
28.4511771 62.6176293 26.0308424 255 79 163
28.4326525 62.6039284 26.0047376 255 79 163
28.408032 62.5924867 25.9829372 255 79 163
28.3785501 62.5838779 25.9665344 255 79 163
28.3456853 62.5785336 25.9563518 255 79 163
28.462677 62.4023663 26.1473736 255 79 163
28.4511771 62.3945012 26.1154638 255 79 163
28.4326525 62.3874457 26.0868386 255 79 163
28.408032 62.3815537 26.0629335 255 79 163
28.3785501 62.3771204 26.0449472 255 79 163
28.3456853 62.3743683 26.0337814 255 79 163
93.5163284 66.6854589 8.26268641 255 79 163
93.5055648 66.6854589 8.17181608 255 79 163
93.4751472 66.6854589 8.08850261 255 79 163
93.4300127 66.6854589 8.01835726 255 79 163
93.3697606 66.6854589 7.95848809 255 79 163
93.2983681 66.6854589 7.9133298 255 79 163
93.2212449 66.6854589 7.88522312 255 79 163
93.1483349 66.6854589 7.87428959 255 79 163
93.0791935 66.6854589 7.87671855 255 79 163
93.5163284 60.7601081 8.57943934 255 79 163
93.5163284 52.8596403 9.33321737 255 79 163
93.5163284 38.337856 10.9941835 255 79 163
93.5163284 32.7962208 11.4820608 255 79 163
93.5163284 27.2545856 11.7679024 255 79 163
93.4234017 27.2545856 10.968617 255 79 163
93.1205749 27.2545856 10.1551712 255 79 163
92.659404 27.2545856 9.47955355 255 79 163
92.1103332 27.2545856 8.97150452 255 79 163
91.4715769 27.2545856 8.59514844 255 79 163
90.7900307 27.2545856 8.36738177 255 79 163
90.1798179 27.2545856 8.28713162 255 79 163
89.6009638 27.2545856 8.31083502 255 79 163
92.7648792 60.7601081 7.91594799 255 79 163
92.0169044 52.8596403 8.00930242 255 79 163
90.3687258 38.337856 8.21501094 255 79 163
89.8846047 32.7962208 8.2754339 255 79 163
93.1436967 63.7227835 7.90450014 255 79 163
93.3236246 62.735225 8.02643643 255 79 163
93.2902434 60.7601081 8.07821666 255 79 163
90.6027837 30.0254032 8.30372355 255 79 163
91.1075162 29.1017974 8.42998421 255 79 163
90.9355862 30.0254032 8.36760751 255 79 163
93.4260569 30.0254032 10.8787148 255 79 163
93.2619539 29.1017974 10.4048728 255 79 163
93.3203969 30.0254032 10.520345 255 79 163
93.040014 29.1017974 9.95786551 255 79 163
93.1879909 30.0254032 10.2009927 255 79 163
93.3934396 65.2041212 8.01233573 255 79 163
93.3687115 59.8822783 8.2079354 255 79 163
93.4045507 59.4433635 8.28669045 255 79 163
93.3488727 58.5655337 8.2597814 255 79 163
93.0099639 58.1266188 8.01293235 255 79 163
93.1883078 56.8098742 8.19366567 255 79 163
93.451174 58.7849911 8.42123103 255 79 163
93.3567692 55.4931296 8.48526304 255 79 163
92.686742 54.8347573 8.01859168 255 79 163
92.9533937 55.0542147 8.12215354 255 79 163
92.8065708 54.1763849 8.08956056 255 79 163
92.891649 53.7374701 8.15505796 255 79 163
92.5504285 52.8596403 8.05086837 255 79 163
93.0652036 52.8596403 8.33308949 255 79 163
93.3910025 53.7374701 8.69157834 255 79 163
93.4090062 52.8596403 8.80894867 255 79 163
92.5023346 51.2461087 8.09987894 255 79 163
92.1576841 50.4393429 8.04649918 255 79 163
93.2135565 51.2461087 8.61341073 255 79 163
93.4533212 48.0190456 9.41742648 255 79 163
93.3793897 49.2291942 9.08126154 255 79 163
93.1630726 48.8258113 8.74534333 255 79 163
91.9901484 43.9852166 8.24015974 255 79 163
92.4413528 48.0190456 8.22715616 255 79 163
92.8121567 45.5987482 8.61968237 255 79 163
91.5067571 43.1784508 8.15398022 255 79 163
92.3087443 42.371685 8.46569381 255 79 163
91.7388505 41.9683021 8.24303607 255 79 163
93.427631 40.7581534 10.0678698 255 79 163
93.1734727 43.1784508 9.24701498 255 79 163
93.2502815 39.9513876 9.66779581 255 79 163
91.5798516 37.7221188 8.35253442 255 79 163
91.4887039 38.337856 8.30226649 255 79 163
91.0339415 37.4142502 8.23205151 255 79 163
93.2910368 38.337856 9.89363459 255 79 163
92.9381092 37.7221188 9.33325283 255 79 163
92.5693238 38.337856 8.89470727 255 79 163
90.6524469 35.8749071 8.22469515 255 79 163
91.7764514 36.4906443 8.47765727 255 79 163
93.2813349 36.9524472 9.98284013 255 79 163
92.9221035 36.7985129 9.3750813 255 79 163
93.0928049 37.4142502 9.58225748 255 79 163
90.8424329 34.6434326 8.2636734 255 79 163
91.4265008 34.9513012 8.39453511 255 79 163
93.2168479 36.1827757 9.89973371 255 79 163
93.4143495 36.4906443 10.4041419 255 79 163
91.2446686 34.1816296 8.36004983 255 79 163
91.9526976 34.335564 8.65543472 255 79 163
91.6527909 33.7198267 8.52424627 255 79 163
93.4708639 35.2591698 10.7601377 255 79 163
91.1768424 32.7962208 8.37610991 255 79 163
91.9204869 33.4119581 8.67260013 255 79 163
92.4236685 32.7962208 9.05967182 255 79 163
91.5670247 32.1804836 8.53404909 255 79 163
91.0937854 31.872615 8.37393001 255 79 163
93.4071014 33.7198267 10.5876544 255 79 163
93.0601314 34.6434326 9.71804367 255 79 163
90.9305661 31.2568777 8.34532345 255 79 163
93.0200754 32.1804836 9.79351769 255 79 163
93.2563855 32.7962208 10.2122405 255 79 163
93.2342805 31.872615 10.2135297 255 79 163
91.3130917 30.3332719 8.47726754 255 79 163
91.4984413 30.4872062 8.54839251 255 79 163
91.6590608 30.4872062 8.62356495 255 79 163
92.2806975 30.3332719 9.0308638 255 79 163
92.3161527 30.9490091 9.03968329 255 79 163
93.3099638 31.2568777 10.4324033 255 79 163
92.9205871 30.4872062 9.71941089 255 79 163
93.0183884 30.3332719 9.87577515 255 79 163
93.0279545 30.4872062 9.88505959 255 79 163
92.2630898 30.0254032 9.02606033 255 79 163
91.8062445 29.409666 8.72890574 255 79 163
93.1403715 30.3332719 10.0919645 255 79 163
92.5572671 29.7175346 9.30476477 255 79 163
92.1308846 29.5636003 8.93704866 255 79 163
92.2108833 29.1017974 9.01010626 255 79 163
92.1767113 28.4860601 8.99821127 255 79 163
93.0744827 60.3211932 7.96351149 255 79 163
92.6965633 50.7082649 8.21033099 255 79 163
93.4491293 52.0528745 8.99285181 255 79 163
93.2845282 50.4393429 8.78548537 255 79 163
92.9379864 50.8427258 8.36092874 255 79 163
92.7944717 50.4393429 8.28340624 255 79 163
92.6859438 49.6325771 8.26468031 255 79 163
92.9227848 49.9014991 8.41199048 255 79 163
92.6084695 49.0947333 8.25204474 255 79 163
93.1149181 48.2879675 8.72811376 255 79 163
93.0893364 48.0190456 8.71885013 255 79 163
93.0064325 47.2122798 8.68869352 255 79 163
93.2289248 46.8088969 9.01656433 255 79 163
92.7083681 44.2541385 8.62506589 255 79 163
92.2968131 43.4473727 8.3996187 255 79 163
92.6534659 43.5818337 8.62598091 255 79 163
92.4486299 43.1784508 8.50438954 255 79 163
92.403006 42.9095289 8.49141474 255 79 163
93.06942 42.1027631 9.17952444 255 79 163
92.7258443 41.2959973 8.84470727 255 79 163
92.0030495 40.7581534 8.39228663 255 79 163
93.011002 41.5649192 9.14275783 255 79 163
91.1994787 39.5480047 8.204718 255 79 163
91.5372401 39.6824657 8.26968129 255 79 163
92.1902341 39.9513876 8.52884909 255 79 163
92.9152376 40.7581534 9.08446061 255 79 163
92.5616226 40.2203096 8.7708934 255 79 163
92.7286524 40.3547705 8.91201685 255 79 163
91.2916985 39.1446218 8.23043649 255 79 163
93.0403938 40.4892315 9.26768363 255 79 163
91.3556209 38.8756999 8.25126705 255 79 163
92.8096509 39.9513876 9.02311062 255 79 163
92.7338209 39.4135438 8.98093588 255 79 163
92.4108293 37.9273645 8.78807698 255 79 163
92.3274191 37.7221188 8.73735269 255 79 163
92.3107872 37.2603159 8.75015553 255 79 163
92.5418579 37.4142502 8.92581426 255 79 163
92.1404786 37.0037587 8.64922864 255 79 163
93.4184186 37.8760531 10.3011172 255 79 163
92.4067278 36.6445786 8.85583591 255 79 163
92.4904273 35.5670384 8.98406294 255 79 163
91.6621672 35.9775299 8.44803287 255 79 163
91.6040862 35.7209728 8.43390851 255 79 163
91.5454245 35.4644156 8.42027093 255 79 163
93.1687609 35.6696613 9.84124826 255 79 163
93.1431669 35.4131041 9.81117607 255 79 163
90.9218106 33.5658924 8.2983204 255 79 163
93.1165324 35.1565469 9.78059506 255 79 163
92.5772516 34.4894983 9.12150055 255 79 163
90.7587419 33.2580238 8.27749246 255 79 163
90.8966485 33.1040895 8.30293829 255 79 163
92.815984 34.1303182 9.40278618 255 79 163
93.1961636 33.4119581 10.0432255 255 79 163
92.4443912 33.7198267 9.03620194 255 79 163
92.6743322 33.873761 9.25307553 255 79 163
92.6659022 33.4119581 9.26740177 255 79 163
92.588309 33.2067123 9.19641701 255 79 163
92.3996978 32.3857293 9.05608385 255 79 163
92.3877204 32.1804836 9.05410504 255 79 163
93.4405766 33.1040895 10.7661081 255 79 163
92.3637961 31.7699921 9.04978075 255 79 163
91.6513392 31.1029434 8.60357498 255 79 163
92.8530526 31.410812 9.58649218 255 79 163
93.0346286 31.3595006 9.85728051 255 79 163
92.9138385 31.1029434 9.68384574 255 79 163
91.6259684 30.0254032 8.61842038 255 79 163
92.8219138 28.7939288 9.64222826 255 79 163
91.5104839 27.8703229 8.60462489 255 79 163
92.9298333 28.2808144 9.80837892 255 79 163
91.8875009 39.4135438 8.40278378 255 79 163
92.1712251 39.5480047 8.5389792 255 79 163
91.8315857 39.1446218 8.39084561 255 79 163
92.0605524 39.2790828 8.49167983 255 79 163
92.0935252 39.1446218 8.51592261 255 79 163
92.256888 38.8756999 8.62690725 255 79 163
91.9868609 38.606778 8.4860385 255 79 163
90.7281745 28.0755686 8.34684573 255 79 163
90.5389043 27.5624543 8.3188375 255 79 163
90.4184255 27.4598314 8.30419083 255 79 163
92.2615943 28.2123991 9.07207279 255 79 163
92.3034276 28.0755686 9.11016223 255 79 163
92.4273348 27.8019076 9.22715144 255 79 163
93.343351 28.2123991 10.6566884 255 79 163
93.37819 27.7677 10.7827177 255 79 163
93.3942879 27.5966619 10.8447673 255 79 163
91.4791016 28.2808144 8.58388832 255 79 163
93.0163222 27.7848038 9.95718796 255 79 163
93.0523686 27.6080644 10.0226437 255 79 163
0.424837492 62.1576056 26.0562028 218 222 230
0.424837492 61.9417758 26.0299963 218 222 230
0.424837492 61.7384892 25.9528999 218 222 230
0.424837492 61.5595602 25.8293941 218 222 230
0.424837492 61.4153874 25.6666566 218 222 230
0.424837492 61.3143496 25.4741452 218 222 230
0.424837492 61.2623188 25.2630479 218 222 230
0.424837492 61.2623188 25.0456329 218 222 230
0.424837492 61.3143496 24.8345356 218 222 230
0.424837492 61.4153874 24.6420241 218 222 230
0.424837492 61.5595602 24.4792867 218 222 230
0.424837492 61.7384892 24.3557809 218 222 230
0.424837492 61.9417758 24.2786845 218 222 230
0.424837492 62.1576056 24.252478 218 222 230
0.424837492 62.3734354 24.2786845 218 222 230
0.424837492 62.5767219 24.3557809 218 222 230
0.424837492 62.7556509 24.4792867 218 222 230
0.424837492 62.8998238 24.6420241 218 222 230
0.424837492 63.0008615 24.8345356 218 222 230
0.424837492 63.0528924 25.0456329 218 222 230
0.424837492 63.0528924 25.2630479 218 222 230
0.424837492 63.0008615 25.4741452 218 222 230
0.424837492 62.8998238 25.6666566 218 222 230
0.424837492 62.7556509 25.8293941 218 222 230
0.424837492 62.5767219 25.9528999 218 222 230
0.424837492 62.3734354 26.0299963 218 222 230
0.424837492 62.1576056 26.0562028 218 222 230
28.3110856 62.1576056 26.0562028 218 222 230
28.3110856 62.1576056 26.0562028 218 222 230
28.3110856 61.9417758 26.0299963 218 222 230
28.3110856 61.7384892 25.9528999 218 222 230
28.3110856 61.5595602 25.8293941 218 222 230
28.3110856 61.4153874 25.6666566 218 222 230
28.3110856 61.3143496 25.4741452 218 222 230
28.3110856 61.2623188 25.2630479 218 222 230
28.3110856 61.2623188 25.0456329 218 222 230
28.3110856 61.3143496 24.8345356 218 222 230
28.3110856 61.4153874 24.6420241 218 222 230
28.3110856 61.5595602 24.4792867 218 222 230
28.3110856 61.7384892 24.3557809 218 222 230
28.3110856 61.9417758 24.2786845 218 222 230
28.3110856 62.1576056 24.252478 218 222 230
28.3110856 62.3734354 24.2786845 218 222 230
28.3110856 62.5767219 24.3557809 218 222 230
28.3110856 62.7556509 24.4792867 218 222 230
28.3110856 62.8998238 24.6420241 218 222 230
28.3110856 63.0008615 24.8345356 218 222 230
28.3110856 63.0528924 25.0456329 218 222 230
28.3110856 63.0528924 25.2630479 218 222 230
28.3110856 63.0008615 25.4741452 218 222 230
28.3110856 62.8998238 25.6666566 218 222 230
28.3110856 62.7556509 25.8293941 218 222 230
28.3110856 62.5767219 25.9528999 218 222 230
28.3110856 62.3734354 26.0299963 218 222 230
0 62.1576056 25.6313653 255 79 163
0 62.043446 25.6175038 255 79 163
0 61.935921 25.5767249 255 79 163
0 61.8412795 25.5113986 255 79 163
0 61.7650218 25.4253214 255 79 163
0 61.7115795 25.3234957 255 79 163
0 61.6840587 25.2118394 255 79 163
0 61.6840587 25.0968414 255 79 163
0 61.7115795 24.985185 255 79 163
0 61.7650218 24.8833593 255 79 163
0 61.8412795 24.7972821 255 79 163
0 61.935921 24.7319558 255 79 163
0 62.043446 24.6911769 255 79 163
0 62.1576056 24.6773155 255 79 163
0 62.2717651 24.6911769 255 79 163
0 62.3792901 24.7319558 255 79 163
0 62.4739316 24.7972821 255 79 163
0 62.5501894 24.8833593 255 79 163
0 62.6036316 24.985185 255 79 163
0 62.6311524 25.0968414 255 79 163
0 62.6311524 25.2118394 255 79 163
0 62.6036316 25.3234957 255 79 163
0 62.5501894 25.4253214 255 79 163
0 62.4739316 25.5113986 255 79 163
0 62.3792901 25.5767249 255 79 163
0 62.2717651 25.6175038 255 79 163
0 62.1576056 25.6313653 255 79 163
0.424837492 62.1576056 26.0562028 255 79 163
0.330302257 62.1576056 26.0455512 255 79 163
0.240507413 62.1576056 26.0141306 255 79 163
0.159955648 62.1576056 25.9635166 255 79 163
0.0926861658 62.1576056 25.8962471 255 79 163
0.0420721378 62.1576056 25.8156953 255 79 163
0.0106515629 62.1576056 25.7259005 255 79 163
0.424837492 62.1576056 26.0562028 255 79 163
0.424837492 61.9417758 26.0299963 255 79 163
0.424837492 61.7384892 25.9528999 255 79 163
0.424837492 61.5595602 25.8293941 255 79 163
0.424837492 61.4153874 25.6666566 255 79 163
0.424837492 61.3143496 25.4741452 255 79 163
0.424837492 61.2623188 25.2630479 255 79 163
0.424837492 61.2623188 25.0456329 255 79 163
0.424837492 61.3143496 24.8345356 255 79 163
0.424837492 61.4153874 24.6420241 255 79 163
0.424837492 61.5595602 24.4792867 255 79 163
0.424837492 61.7384892 24.3557809 255 79 163
0.424837492 61.9417758 24.2786845 255 79 163
0.424837492 62.1576056 24.252478 255 79 163
0.424837492 62.3734354 24.2786845 255 79 163
0.424837492 62.5767219 24.3557809 255 79 163
0.424837492 62.7556509 24.4792867 255 79 163
0.424837492 62.8998238 24.6420241 255 79 163
0.424837492 63.0008615 24.8345356 255 79 163
0.424837492 63.0528924 25.0456329 255 79 163
0.424837492 63.0528924 25.2630479 255 79 163
0.424837492 63.0008615 25.4741452 255 79 163
0.424837492 62.8998238 25.6666566 255 79 163
0.424837492 62.7556509 25.8293941 255 79 163
0.424837492 62.5767219 25.9528999 255 79 163
0.424837492 62.3734354 26.0299963 255 79 163
0.330302257 62.1576056 26.0455512 255 79 163
0.240507413 62.1576056 26.0141306 255 79 163
0.159955648 62.1576056 25.9635166 255 79 163
0.0926861658 62.1576056 25.8962471 255 79 163
0.0420721378 62.1576056 25.8156953 255 79 163
0.0106515629 62.1576056 25.7259005 255 79 163
0.330302257 62.3708863 26.0196542 255 79 163
0.240507413 62.3633668 25.9891467 255 79 163
0.330302257 62.5717719 25.9434684 255 79 163
0.159955648 62.3512541 25.9400034 255 79 163
0.240507413 62.55717 25.9156468 255 79 163
0.0926861658 62.3351555 25.8746886 255 79 163
0.330302257 62.7485877 25.8214212 255 79 163
0.159955648 62.5336485 25.8708303 255 79 163
0.0420721378 62.3158782 25.7964776 255 79 163
0.240507413 62.727752 25.7979026 255 79 163
0.0926861658 62.5023868 25.8112662 255 79 163
0.0106515629 62.2943889 25.709292 255 79 163
0.330302257 62.8910577 25.6606058 255 79 163
0.159955648 62.6941886 25.7600175 255 79 163
0.0420721378 62.4649525 25.7399411 255 79 163
0.240507413 62.8651991 25.6427569 255 79 163
0.0926861658 62.6495807 25.7096655 255 79 163
0.0106515629 62.4232228 25.6604317 255 79 163
0.330302257 62.9909022 25.4703681 255 79 163
0.159955648 62.8235445 25.6140049 255 79 163
0.0420721378 62.596165 25.6493717 255 79 163
0.240507413 62.9615234 25.4592262 255 79 163
0.0926861658 62.7681828 25.5757914 255 79 163
0.0106515629 62.53662 25.5821593 255 79 163
0.330302257 63.0423185 25.261764 255 79 163
0.159955648 62.9141985 25.4412782 255 79 163
0.0420721378 62.70189 25.5300328 255 79 163
0.240507413 63.011127 25.2579766 255 79 163
0.0926861658 62.8513004 25.4174241 255 79 163
0.0106515629 62.6279903 25.4790235 255 79 163
0.330302257 63.0423185 25.0469168 255 79 163
0.159955648 62.960882 25.2518758 255 79 163
0.0420721378 62.7759832 25.3888601 255 79 163
0.240507413 63.011127 25.0507041 255 79 163
0.0926861658 62.894103 25.2437673 255 79 163
0.0106515629 62.6920236 25.3570184 255 79 163
0.330302257 62.9909022 24.8383127 255 79 163
0.159955648 62.960882 25.056805 255 79 163
0.0420721378 62.8141385 25.2340579 255 79 163
0.240507413 62.9615234 24.8494545 255 79 163
0.0926861658 62.894103 25.0649134 255 79 163
0.0106515629 62.7249984 25.2232343 255 79 163
0.330302257 62.8910577 24.6480749 255 79 163
0.159955648 62.9141985 24.8674025 255 79 163
0.0420721378 62.8141385 25.0746228 255 79 163
0.240507413 62.8651991 24.6659238 255 79 163
0.0926861658 62.8513004 24.8912566 255 79 163
0.0106515629 62.7249984 25.0854464 255 79 163
0.330302257 62.7485877 24.4872595 255 79 163
0.159955648 62.8235445 24.6946759 255 79 163
0.0420721378 62.7759832 24.9198207 255 79 163
0.240507413 62.727752 24.5107781 255 79 163
0.0926861658 62.7681828 24.7328893 255 79 163
0.0106515629 62.6920236 24.9516624 255 79 163
0.330302257 62.5717719 24.3652124 255 79 163
0.159955648 62.6941886 24.5486633 255 79 163
0.0420721378 62.70189 24.7786479 255 79 163
0.240507413 62.55717 24.3930339 255 79 163
0.0926861658 62.6495807 24.5990152 255 79 163
0.0106515629 62.6279903 24.8296572 255 79 163
0.330302257 62.3708863 24.2890265 255 79 163
0.159955648 62.5336485 24.4378504 255 79 163
0.0420721378 62.596165 24.6593091 255 79 163
0.240507413 62.3633668 24.3195341 255 79 163
0.0926861658 62.5023868 24.4974146 255 79 163
0.0106515629 62.53662 24.7265215 255 79 163
0.330302257 62.1576056 24.2631295 255 79 163
0.159955648 62.3512541 24.3686773 255 79 163
0.0420721378 62.4649525 24.5687396 255 79 163
0.240507413 62.1576056 24.2945501 255 79 163
0.0926861658 62.3351555 24.4339921 255 79 163
0.0106515629 62.4232228 24.648249 255 79 163
0.330302257 61.9443248 24.2890265 255 79 163
0.159955648 62.1576056 24.3451641 255 79 163
0.0420721378 62.3158782 24.5122032 255 79 163
0.240507413 61.9518443 24.3195341 255 79 163
0.0926861658 62.1576056 24.4124336 255 79 163
0.0106515629 62.2943889 24.5993887 255 79 163
0.330302257 61.7434392 24.3652124 255 79 163
0.159955648 61.963957 24.3686773 255 79 163
0.0420721378 62.1576056 24.4929854 255 79 163
0.240507413 61.7580411 24.3930339 255 79 163
0.0926861658 61.9800557 24.4339921 255 79 163
0.0106515629 62.1576056 24.5827802 255 79 163
0.330302257 61.5666235 24.4872595 255 79 163
0.159955648 61.7815626 24.4378504 255 79 163
0.0420721378 61.999333 24.5122032 255 79 163
0.240507413 61.5874592 24.5107781 255 79 163
0.0926861658 61.8128243 24.4974146 255 79 163
0.0106515629 62.0208223 24.5993887 255 79 163
0.330302257 61.4241534 24.6480749 255 79 163
0.159955648 61.6210225 24.5486633 255 79 163
0.0420721378 61.8502586 24.5687396 255 79 163
0.240507413 61.4500121 24.6659238 255 79 163
0.0926861658 61.6656304 24.5990152 255 79 163
0.0106515629 61.8919883 24.648249 255 79 163
0.330302257 61.324309 24.8383127 255 79 163
0.159955648 61.4916666 24.6946759 255 79 163
0.0420721378 61.7190461 24.6593091 255 79 163
0.240507413 61.3536877 24.8494545 255 79 163
0.0926861658 61.5470283 24.7328893 255 79 163
0.0106515629 61.7785911 24.7265215 255 79 163
0.330302257 61.2728927 25.0469168 255 79 163
0.159955648 61.4010126 24.8674025 255 79 163
0.0420721378 61.6133211 24.7786479 255 79 163
0.240507413 61.3040841 25.0507041 255 79 163
0.0926861658 61.4639107 24.8912566 255 79 163
0.0106515629 61.6872208 24.8296572 255 79 163
0.330302257 61.2728927 25.261764 255 79 163
0.159955648 61.3543291 25.056805 255 79 163
0.0420721378 61.5392279 24.9198207 255 79 163
0.240507413 61.3040841 25.2579766 255 79 163
0.0926861658 61.4211082 25.0649134 255 79 163
0.0106515629 61.6231876 24.9516624 255 79 163
0.330302257 61.324309 25.4703681 255 79 163
0.159955648 61.3543291 25.2518758 255 79 163
0.0420721378 61.5010726 25.0746228 255 79 163
0.240507413 61.3536877 25.4592262 255 79 163
0.0926861658 61.4211082 25.2437673 255 79 163
0.0106515629 61.5902127 25.0854464 255 79 163
0.330302257 61.4241534 25.6606058 255 79 163
0.159955648 61.4010126 25.4412782 255 79 163
0.0420721378 61.5010726 25.2340579 255 79 163
0.240507413 61.4500121 25.6427569 255 79 163
0.0926861658 61.4639107 25.4174241 255 79 163
0.0106515629 61.5902127 25.2232343 255 79 163
0.330302257 61.5666235 25.8214212 255 79 163
0.159955648 61.4916666 25.6140049 255 79 163
0.0420721378 61.5392279 25.3888601 255 79 163
0.240507413 61.5874592 25.7979026 255 79 163
0.0926861658 61.5470283 25.5757914 255 79 163
0.0106515629 61.6231876 25.3570184 255 79 163
0.330302257 61.7434392 25.9434684 255 79 163
0.159955648 61.6210225 25.7600175 255 79 163
0.0420721378 61.6133211 25.5300328 255 79 163
0.240507413 61.7580411 25.9156468 255 79 163
0.0926861658 61.6656304 25.7096655 255 79 163
0.0106515629 61.6872208 25.4790235 255 79 163
0.330302257 61.9443248 26.0196542 255 79 163
0.159955648 61.7815626 25.8708303 255 79 163
0.0420721378 61.7190461 25.6493717 255 79 163
0.240507413 61.9518443 25.9891467 255 79 163
0.0926861658 61.8128243 25.8112662 255 79 163
0.0106515629 61.7785911 25.5821593 255 79 163
0.159955648 61.963957 25.9400034 255 79 163
0.0420721378 61.8502586 25.7399411 255 79 163
0.0926861658 61.9800557 25.8746886 255 79 163
0.0106515629 61.8919883 25.6604317 255 79 163
0.0420721378 61.999333 25.7964776 255 79 163
0.0106515629 62.0208223 25.709292 255 79 163
0 62.1576056 25.6313653 218 222 230
0 62.043446 25.6175038 218 222 230
0 61.935921 25.5767249 218 222 230
0 61.8412795 25.5113986 218 222 230
0 61.7650218 25.4253214 218 222 230
0 61.7115795 25.3234957 218 222 230
0 61.6840587 25.2118394 218 222 230
0 61.6840587 25.0968414 218 222 230
0 61.7115795 24.985185 218 222 230
0 61.7650218 24.8833593 218 222 230
0 61.8412795 24.7972821 218 222 230
0 61.935921 24.7319558 218 222 230
0 62.043446 24.6911769 218 222 230
0 62.1576056 24.6773155 218 222 230
0 62.2717651 24.6911769 218 222 230
0 62.3792901 24.7319558 218 222 230
0 62.4739316 24.7972821 218 222 230
0 62.5501894 24.8833593 218 222 230
0 62.6036316 24.985185 218 222 230
0 62.6311524 25.0968414 218 222 230
0 62.6311524 25.2118394 218 222 230
0 62.6036316 25.3234957 218 222 230
0 62.5501894 25.4253214 218 222 230
0 62.4739316 25.5113986 218 222 230
0 62.3792901 25.5767249 218 222 230
0 62.2717651 25.6175038 218 222 230
3 19 21 20
3 19 22 21
3 19 23 22
3 19 24 23
3 19 25 24
3 19 26 25
3 19 27 26
3 28 27 19
3 29 28 19
3 30 29 19
3 31 30 19
3 32 31 19
3 33 32 19
3 34 33 19
3 35 34 19
3 36 35 19
3 95 37 96
3 97 96 37
3 94 37 95
3 98 97 37
3 93 37 94
3 73 37 36
3 73 98 37
3 92 37 93
3 74 73 36
3 75 36 19
3 75 74 36
3 76 75 19
3 38 37 92
3 38 86 85
3 38 87 86
3 38 88 87
3 38 89 88
3 38 90 89
3 38 91 90
3 38 92 91
3 84 38 85
3 39 38 84
3 18 76 19
3 18 77 76
3 18 78 77
3 18 79 78
3 18 80 79
3 42 41 40
3 43 42 40
3 44 43 40
3 45 44 40
3 46 45 40
3 47 46 40
3 48 47 40
3 49 48 40
3 50 49 40
3 50 40 39
3 9 11 10
3 9 12 11
3 9 13 12
3 54 50 39
3 54 84 83
3 54 39 84
3 8 13 9
3 8 14 13
3 8 15 14
3 8 16 15
3 7 17 16
3 7 16 8
3 6 18 17
3 6 17 7
3 53 80 18
3 53 54 83
3 53 81 80
3 53 82 81
3 53 83 82
3 57 0 56
3 58 0 57
3 59 0 58
3 60 0 59
3 61 0 60
3 62 0 61
3 63 0 62
3 64 0 63
3 65 0 64
3 72 1 0
3 55 2 1
3 55 3 2
3 55 1 72
3 66 0 65
3 71 72 0
3 67 71 0
3 67 0 66
3 68 69 70
3 68 70 71
3 68 71 67
3 52 4 3
3 52 5 4
3 52 6 5
3 52 53 18
3 52 18 6
3 52 3 55
3 51 52 55
3 133 131 132
3 165 100 99
3 165 99 107
3 166 101 100
3 166 100 165
3 167 102 101
3 167 101 166
3 168 103 102
3 168 102 167
3 169 104 103
3 169 103 168
3 170 107 108
3 170 165 107
3 171 105 104
3 171 106 105
3 171 140 106
3 171 104 169
3 172 165 170
3 172 166 165
3 173 167 166
3 173 166 172
3 174 167 173
3 174 168 167
3 175 168 174
3 175 169 168
3 176 108 109
3 176 170 108
3 177 141 140
3 177 140 171
3 177 171 169
3 177 169 175
3 178 170 176
3 178 172 170
3 179 172 178
3 179 173 172
3 180 174 173
3 180 173 179
3 181 175 174
3 181 174 180
3 182 109 110
3 182 176 109
3 183 142 141
3 183 177 175
3 183 141 177
3 183 175 181
3 184 176 182
3 184 178 176
3 185 178 184
3 185 179 178
3 186 179 185
3 186 180 179
3 187 181 180
3 187 180 186
3 188 110 111
3 188 182 110
3 189 183 181
3 189 143 142
3 189 181 187
3 189 142 183
3 190 182 188
3 190 184 182
3 191 185 184
3 191 184 190
3 192 185 191
3 192 186 185
3 193 189 187
3 193 186 192
3 193 187 186
3 194 111 112
3 194 188 111
3 195 189 193
3 195 143 189
3 195 144 143
3 196 188 194
3 196 190 188
3 197 191 190
3 197 190 196
3 198 191 197
3 198 192 191
3 199 193 192
3 199 192 198
3 200 112 113
3 200 194 112
3 201 195 193
3 201 144 195
3 201 193 199
3 201 145 144
3 202 196 194
3 202 194 200
3 203 196 202
3 203 197 196
3 204 197 203
3 204 198 197
3 205 199 198
3 205 198 204
3 206 200 113
3 206 113 114
3 207 201 199
3 207 145 201
3 207 146 145
3 207 199 205
3 207 147 146
3 208 200 206
3 208 202 200
3 209 203 202
3 209 202 208
3 210 204 203
3 210 203 209
3 211 205 204
3 211 204 210
3 212 206 114
3 212 114 115
3 212 115 116
3 213 207 205
3 213 147 207
3 213 205 211
3 214 208 206
3 214 206 212
3 215 208 214
3 215 209 208
3 216 210 209
3 216 209 215
3 217 210 216
3 217 211 210
3 218 116 117
3 218 212 116
3 219 148 147
3 219 147 213
3 219 213 211
3 219 211 217
3 220 214 212
3 220 212 218
3 221 214 220
3 221 215 214
3 222 216 215
3 222 215 221
3 223 216 222
3 223 217 216
3 223 219 217
3 224 218 117
3 225 149 148
3 225 148 219
3 225 219 223
3 226 218 224
3 226 220 218
3 227 222 221
3 227 220 226
3 227 221 220
3 228 222 227
3 229 223 222
3 229 222 228
3 230 226 224
3 230 117 118
3 230 224 117
3 231 225 223
3 231 150 149
3 231 223 229
3 231 149 225
3 232 226 230
3 233 227 226
3 233 226 232
3 234 228 227
3 234 227 233
3 235 231 229
3 235 228 234
3 235 229 228
3 236 118 119
3 236 119 120
3 236 230 118
3 237 231 235
3 237 150 231
3 237 151 150
3 238 230 236
3 238 232 230
3 239 233 232
3 239 234 233
3 239 232 238
3 240 235 234
3 240 234 239
3 241 235 240
3 242 236 120
3 243 237 235
3 243 151 237
3 243 235 241
3 243 152 151
3 244 236 242
3 244 238 236
3 245 239 238
3 245 238 244
3 246 240 239
3 246 241 240
3 246 239 245
3 247 241 246
3 248 120 121
3 248 242 120
3 249 153 152
3 249 243 241
3 249 152 243
3 249 241 247
3 250 242 248
3 250 244 242
3 251 246 245
3 251 245 244
3 251 244 250
3 252 246 251
3 253 247 246
3 253 246 252
3 254 121 122
3 254 248 121
3 254 250 248
3 255 154 153
3 255 153 249
3 255 249 247
3 255 247 253
3 256 250 254
3 257 250 256
3 257 251 250
3 258 251 257
3 258 252 251
3 259 252 258
3 259 253 252
3 260 122 123
3 260 254 122
3 261 253 259
3 261 155 154
3 261 154 255
3 261 255 253
3 262 254 260
3 262 256 254
3 263 256 262
3 263 257 256
3 264 258 257
3 264 257 263
3 265 259 258
3 265 258 264
3 266 123 124
3 266 124 125
3 266 260 123
3 267 261 259
3 267 156 155
3 267 157 156
3 267 155 261
3 267 259 265
3 268 262 260
3 268 260 266
3 269 263 262
3 269 262 268
3 270 264 263
3 270 263 269
3 271 264 270
3 271 265 264
3 272 266 125
3 273 267 265
3 273 157 267
3 273 265 271
3 273 158 157
3 274 268 266
3 274 266 272
3 274 269 268
3 275 270 269
3 275 269 274
3 276 270 275
3 277 270 276
3 277 271 270
3 277 273 271
3 278 125 126
3 278 126 127
3 278 272 125
3 279 158 273
3 279 273 277
3 280 272 278
3 280 274 272
3 281 275 274
3 281 276 275
3 281 274 280
3 282 277 276
3 282 276 281
3 283 277 282
3 284 278 127
3 285 159 158
3 285 158 279
3 285 279 277
3 285 277 283
3 286 280 278
3 286 278 284
3 286 281 280
3 287 282 281
3 287 281 286
3 288 282 287
3 289 283 282
3 289 282 288
3 290 127 128
3 290 128 129
3 290 284 127
3 291 160 159
3 291 159 285
3 291 285 283
3 291 283 289
3 292 284 290
3 292 286 284
3 293 287 286
3 293 286 292
3 294 287 293
3 294 288 287
3 295 291 289
3 295 288 294
3 295 289 288
3 296 290 129
3 297 291 295
3 297 161 160
3 297 160 291
3 298 292 290
3 298 290 296
3 298 293 292
3 299 293 298
3 299 294 293
3 300 294 299
3 301 295 294
3 301 294 300
3 302 129 130
3 302 130 131
3 302 296 129
3 303 161 297
3 303 162 161
3 303 297 295
3 303 295 301
3 304 296 302
3 304 298 296
3 305 299 298
3 305 298 304
3 306 300 299
3 306 299 305
3 307 300 306
3 307 301 300
3 308 302 131
3 308 131 133
3 309 303 301
3 309 162 303
3 309 301 307
3 309 163 162
3 310 133 134
3 310 304 302
3 310 305 304
3 310 308 133
3 310 302 308
3 311 134 135
3 311 135 136
3 311 305 310
3 311 310 134
3 312 136 137
3 312 306 305
3 312 307 306
3 312 305 311
3 312 311 136
3 313 312 137
3 313 307 312
3 314 137 138
3 314 138 139
3 314 309 307
3 314 163 309
3 314 164 163
3 314 139 164
3 314 313 137
3 314 307 313
3 326 316 315
3 326 315 325
3 327 317 316
3 327 316 326
3 328 318 317
3 328 317 327
3 329 319 318
3 329 318 328
3 330 320 319
3 330 319 329
3 331 321 320
3 331 320 330
3 332 322 321
3 332 321 331
3 324 323 322
3 324 322 332
3 334 361 333
3 362 361 334
3 342 339 340
3 342 340 341
3 343 338 339
3 343 339 342
3 354 353 377
3 352 360 351
3 378 336 337
3 378 337 338
3 378 343 344
3 378 338 343
3 379 344 345
3 379 378 344
3 380 357 356
3 381 366 365
3 381 367 366
3 381 368 367
3 382 365 364
3 382 381 365
3 383 381 382
3 383 382 379
3 384 368 381
3 384 369 368
3 385 383 379
3 385 381 383
3 386 369 384
3 386 370 369
3 387 384 381
3 387 381 385
3 387 385 388
3 389 384 387
3 389 387 388
3 389 386 384
3 390 370 386
3 390 371 370
3 391 389 388
3 391 386 389
3 391 390 386
3 392 372 371
3 392 371 390
3 393 392 390
3 393 390 391
3 393 391 388
3 394 392 393
3 394 393 388
3 395 379 345
3 395 345 346
3 395 385 379
3 395 388 385
3 396 373 372
3 396 372 392
3 397 394 388
3 398 392 394
3 398 394 397
3 398 397 399
3 398 396 392
3 400 395 346
3 400 388 395
3 401 374 373
3 401 373 396
3 402 396 398
3 402 401 396
3 402 398 399
3 403 346 347
3 403 400 346
3 404 388 400
3 404 400 403
3 405 401 402
3 406 375 374
3 406 374 401
3 406 401 405
3 407 388 404
3 408 406 405
3 409 347 348
3 409 407 404
3 409 403 347
3 409 404 403
3 409 348 407
3 410 388 407
3 411 402 399
3 411 405 402
3 411 408 405
3 411 399 380
3 412 406 408
3 412 408 411
3 412 411 380
3 413 375 406
3 413 354 377
3 413 355 354
3 413 376 375
3 413 377 376
3 413 406 412
3 414 356 355
3 414 380 356
3 414 413 412
3 414 355 413
3 414 412 380
3 415 407 348
3 415 399 410
3 415 410 407
3 416 380 399
3 417 348 349
3 417 415 348
3 418 416 399
3 418 415 417
3 418 399 415
3 419 416 418
3 420 380 416
3 420 416 419
3 421 417 349
3 421 418 417
3 421 420 419
3 421 349 350
3 421 419 418
3 422 380 420
3 422 358 357
3 422 359 358
3 422 357 380
3 423 420 421
3 423 422 420
3 423 421 350
3 423 350 351
3 423 359 422
3 423 360 359
3 423 351 360
3 424 364 363
3 424 378 379
3 424 382 364
3 424 379 382
3 425 397 388
3 425 399 397
3 425 388 410
3 425 410 399
3 426 334 335
3 426 335 336
3 426 336 378
3 426 363 362
3 426 378 424
3 426 362 334
3 426 424 363
3 436 433 432
3 436 434 433
3 436 435 434
3 447 459 446
3 448 459 447
3 452 444 451
3 453 444 452
3 445 444 453
3 460 428 427
3 460 429 428
3 460 430 429
3 460 431 430
3 460 432 431
3 460 437 436
3 460 427 454
3 460 436 432
3 461 438 437
3 461 439 438
3 461 454 455
3 461 437 460
3 461 460 454
3 462 442 441
3 462 456 457
3 462 457 458
3 463 443 442
3 463 444 443
3 463 448 449
3 463 449 450
3 463 450 451
3 463 458 459
3 463 462 458
3 463 442 462
3 463 459 448
3 463 451 444
3 464 455 456
3 464 456 462
3 464 461 455
3 465 440 439
3 465 441 440
3 465 461 464
3 465 462 441
3 465 464 462
3 465 439 461
3 484 466 467
3 484 485 466
3 483 484 467
3 482 467 468
3 482 483 467
3 481 468 469
3 481 482 468
3 480 469 470
3 480 481 469
3 479 470 471
3 479 480 470
3 478 471 472
3 478 479 471
3 477 478 472
3 476 472 473
3 476 477 472
3 475 473 474
3 475 476 473
3 502 487 486
3 502 486 503
3 501 487 502
3 500 488 487
3 500 487 501
3 499 489 488
3 499 488 500
3 498 490 489
3 498 489 499
3 497 491 490
3 497 490 498
3 496 492 491
3 496 493 492
3 496 491 497
3 495 494 493
3 495 493 496
3 525 510 509
3 525 511 510
3 525 512 511
3 513 505 504
3 513 506 505
3 528 507 506
3 528 508 507
3 528 509 508
3 528 506 513
3 528 525 509
3 529 513 514
3 530 526 525
3 531 527 526
3 532 514 515
3 533 515 516
3 534 530 525
3 534 535 530
3 534 529 535
3 536 530 535
3 536 529 514
3 536 535 529
3 537 538 514
3 539 514 532
3 539 540 531
3 539 532 540
3 539 537 514
3 539 531 537
3 541 531 540
3 541 527 531
3 541 540 532
3 542 527 541
3 543 527 542
3 544 515 533
3 544 533 545
3 546 517 527
3 546 527 545
3 546 545 533
3 547 517 546
3 548 546 533
3 548 547 546
3 549 547 548
3 549 517 547
3 550 513 529
3 550 529 534
3 551 526 530
3 551 530 536
3 552 526 553
3 552 531 526
3 552 537 531
3 554 537 552
3 554 538 537
3 555 543 542
3 555 532 515
3 555 541 532
3 555 542 541
3 556 543 555
3 557 555 515
3 557 556 555
3 558 557 515
3 558 515 559
3 560 561 562
3 560 527 561
3 563 527 560
3 564 563 560
3 565 544 545
3 565 527 563
3 565 563 564
3 565 564 544
3 565 545 527
3 566 549 548
3 567 548 533
3 567 533 516
3 567 566 548
3 568 566 567
3 568 549 566
3 569 568 567
3 570 569 567
3 571 568 569
3 571 569 570
3 572 523 522
3 572 524 523
3 572 516 524
3 572 567 516
3 572 570 567
3 572 571 570
3 573 550 534
3 573 534 525
3 574 551 536
3 574 536 514
3 575 514 576
3 575 574 514
3 577 576 514
3 578 577 514
3 578 553 577
3 579 554 552
3 579 552 553
3 579 553 578
3 580 538 554
3 580 514 538
3 580 578 514
3 580 554 579
3 580 579 578
3 581 527 543
3 581 543 556
3 582 581 556
3 582 556 557
3 582 557 558
3 583 559 562
3 583 581 582
3 583 582 558
3 583 558 559
3 584 562 561
3 584 581 583
3 584 583 562
3 584 561 527
3 584 527 581
3 585 562 559
3 585 559 515
3 585 560 562
3 585 564 560
3 585 544 564
3 585 515 544
3 586 518 517
3 586 568 571
3 586 549 568
3 586 517 549
3 587 519 518
3 587 520 519
3 587 521 520
3 587 522 521
3 587 586 571
3 587 572 522
3 587 518 586
3 587 571 572
3 588 550 573
3 588 528 513
3 588 513 550
3 589 526 551
3 589 551 574
3 590 589 574
3 590 575 576
3 590 574 575
3 591 590 576
3 591 589 590
3 591 526 589
3 592 591 576
3 592 526 591
3 592 553 526
3 592 576 577
3 592 577 553
3 593 528 588
3 593 525 528
3 593 588 573
3 593 573 525
3 601 602 609
3 600 609 608
3 600 601 609
3 599 608 607
3 599 600 608
3 598 607 606
3 598 599 607
3 597 606 605
3 597 598 606
3 596 605 604
3 596 597 605
3 595 604 603
3 595 596 604
3 594 595 603
3 638 611 610
3 612 611 638
3 619 616 615
3 619 617 616
3 619 618 617
3 637 628 636
3 629 628 637
3 647 613 612
3 647 614 613
3 647 615 614
3 647 620 619
3 647 621 620
3 647 638 639
3 647 639 640
3 647 612 638
3 647 619 615
3 648 647 640
3 648 622 621
3 648 623 622
3 648 640 641
3 648 641 642
3 648 642 643
3 648 643 644
3 648 621 647
3 649 623 648
3 649 624 623
3 649 644 645
3 649 648 644
3 650 632 633
3 650 633 634
3 651 645 646
3 651 649 645
3 652 630 631
3 652 631 632
3 652 646 630
3 652 632 650
3 652 651 646
3 653 625 624
3 653 626 625
3 653 624 649
3 654 626 653
3 654 652 650
3 654 649 651
3 654 651 652
3 654 653 649
3 655 626 654
3 655 627 626
3 655 654 650
3 656 636 628
3 656 628 627
3 656 634 635
3 656 635 636
3 656 655 650
3 656 650 634
3 656 627 655
3 667 664 665
3 668 662 663
3 668 663 664
3 668 664 667
3 669 661 662
3 669 662 668
3 670 660 661
3 670 661 669
3 671 659 660
3 671 660 670
3 672 658 659
3 672 659 671
3 673 658 672
3 674 657 658
3 674 658 673
3 666 657 674
3 699 675 696
3 700 686 685
3 701 697 698
3 702 687 686
3 702 688 689
3 702 689 690
3 702 690 691
3 702 691 692
3 702 692 693
3 702 693 694
3 702 694 695
3 702 695 687
3 702 698 688
3 702 686 703
3 702 703 698
3 704 706 705
3 707 706 704
3 708 709 706
3 708 710 709
3 708 706 707
3 711 684 683
3 711 683 710
3 711 710 708
3 712 684 711
3 713 714 696
3 713 696 697
3 713 697 715
3 713 715 716
3 717 713 716
3 717 716 718
3 719 685 684
3 719 718 716
3 719 716 715
3 719 684 718
3 720 719 715
3 720 685 719
3 721 685 720
3 722 697 701
3 722 701 723
3 722 723 700
3 724 686 700
3 724 723 701
3 724 700 723
3 725 676 675
3 725 677 676
3 725 678 677
3 726 725 727
3 728 675 699
3 728 726 727
3 728 727 725
3 728 725 675
3 728 699 705
3 729 728 705
3 729 726 728
3 729 706 709
3 729 705 706
3 730 711 708
3 730 705 699
3 730 704 705
3 730 707 704
3 730 708 707
3 731 730 699
3 731 711 730
3 732 712 711
3 732 711 731
3 732 731 699
3 733 734 712
3 733 699 696
3 733 712 732
3 733 732 699
3 735 734 733
3 736 733 696
3 736 735 733
3 737 736 696
3 738 696 739
3 738 737 696
3 740 684 741
3 742 684 740
3 743 684 742
3 744 714 713
3 744 717 718
3 744 713 717
3 744 745 714
3 744 718 684
3 744 746 745
3 744 684 743
3 744 743 746
3 747 721 720
3 748 720 715
3 748 747 720
3 748 715 697
3 749 697 750
3 749 748 697
3 751 700 685
3 751 722 700
3 751 685 750
3 752 701 698
3 752 724 701
3 752 698 703
3 753 680 679
3 754 679 678
3 754 753 679
3 754 678 725
3 754 725 726
3 755 753 754
3 756 681 680
3 756 682 681
3 756 683 682
3 756 680 753
3 757 753 755
3 757 756 753
3 758 755 754
3 758 754 726
3 758 757 755
3 758 756 757
3 758 710 683
3 758 683 756
3 758 726 729
3 758 729 709
3 758 709 710
3 759 684 712
3 759 712 734
3 759 734 735
3 759 736 737
3 759 735 736
3 760 759 737
3 760 737 738
3 761 760 738
3 761 738 739
3 762 759 760
3 762 684 759
3 763 760 761
3 764 739 765
3 764 761 739
3 764 763 761
3 766 762 760
3 766 760 763
3 766 763 764
3 767 762 766
3 767 741 684
3 767 765 741
3 767 684 762
3 767 764 765
3 767 766 764
3 768 765 739
3 768 739 696
3 769 741 765
3 769 740 741
3 769 765 768
3 769 768 770
3 771 740 769
3 771 769 770
3 772 770 768
3 772 768 696
3 773 740 771
3 773 770 772
3 773 742 740
3 773 771 770
3 774 696 714
3 774 714 745
3 774 772 696
3 774 742 773
3 774 745 746
3 774 743 742
3 774 773 772
3 774 746 743
3 775 721 747
3 775 747 748
3 775 685 721
3 775 748 749
3 776 749 750
3 776 685 775
3 776 750 685
3 776 775 749
3 777 751 750
3 777 722 751
3 777 750 697
3 777 697 722
3 778 724 752
3 778 752 703
3 778 686 724
3 778 703 686
3 803 780 779
3 788 786 785
3 788 787 786
3 796 808 795
3 797 808 796
3 798 808 797
3 801 793 800
3 802 793 801
3 794 793 802
3 809 781 780
3 809 782 781
3 809 783 782
3 809 784 783
3 809 785 784
3 809 780 803
3 809 788 785
3 810 789 788
3 810 803 804
3 810 788 809
3 810 809 803
3 811 790 789
3 811 804 805
3 811 789 810
3 811 810 804
3 812 791 790
3 812 805 806
3 812 790 811
3 812 811 805
3 813 792 791
3 813 806 807
3 813 791 812
3 813 812 806
3 814 793 792
3 814 798 799
3 814 799 800
3 814 807 808
3 814 792 813
3 814 813 807
3 814 808 798
3 814 800 793
3 816 815 841
3 816 841 842
3 843 816 842
3 817 816 843
3 824 822 821
3 824 823 822
3 834 854 855
3 834 855 856
3 834 856 833
3 840 831 839
3 832 831 840
3 857 818 817
3 857 819 818
3 857 820 819
3 858 835 836
3 858 836 837
3 859 848 849
3 859 849 850
3 860 847 848
3 860 848 859
3 861 860 859
3 862 821 820
3 862 825 824
3 862 826 825
3 862 820 857
3 862 824 821
3 863 864 860
3 863 860 861
3 865 859 850
3 865 866 863
3 865 850 851
3 865 861 859
3 865 863 861
3 867 866 865
3 867 865 851
3 868 867 851
3 868 851 852
3 868 852 853
3 869 866 867
3 869 867 868
3 870 869 868
3 871 827 826
3 871 828 827
3 871 862 864
3 871 826 862
3 872 864 863
3 872 863 866
3 872 871 864
3 873 866 869
3 873 869 870
3 874 834 835
3 874 858 873
3 874 873 870
3 874 853 854
3 874 835 858
3 874 868 853
3 874 854 834
3 874 870 868
3 875 871 872
3 875 872 866
3 876 875 866
3 877 828 871
3 877 829 828
3 877 875 876
3 877 871 875
3 878 873 858
3 878 866 873
3 879 876 866
3 879 866 878
3 880 830 829
3 880 829 877
3 880 877 876
3 880 876 879
3 881 831 830
3 881 878 858
3 881 830 880
3 881 879 878
3 881 880 879
3 882 831 881
3 882 837 838
3 882 838 839
3 882 839 831
3 882 858 837
3 882 881 858
3 883 857 817
3 883 860 864
3 883 847 860
3 883 843 844
3 883 844 845
3 883 845 846
3 883 846 847
3 883 862 857
3 883 864 862
3 883 817 843
3 894 884 885
3 895 885 886
3 895 894 885
3 896 886 887
3 896 895 886
3 897 887 888
3 897 896 887
3 898 888 889
3 898 897 888
3 899 889 890
3 899 898 889
3 900 890 891
3 900 899 890
3 901 891 892
3 901 900 891
3 893 901 892
3 931 903 902
3 931 904 903
3 931 905 904
3 932 905 931
3 933 906 905
3 933 905 932
3 934 907 906
3 934 906 933
3 935 908 907
3 935 907 934
3 936 909 908
3 936 908 935
3 937 910 909
3 937 909 936
3 938 911 910
3 938 910 937
3 939 912 911
3 939 911 938
3 940 913 912
3 940 912 939
3 941 914 913
3 941 915 914
3 941 913 940
3 942 915 941
3 943 915 942
3 943 916 915
3 944 917 916
3 944 916 943
3 944 918 917
3 945 919 918
3 945 918 944
3 946 919 945
3 947 920 919
3 947 921 920
3 947 919 946
3 948 922 921
3 948 921 947
3 949 922 948
3 950 922 949
3 950 923 922
3 951 924 923
3 951 923 950
3 952 925 924
3 952 924 951
3 953 926 925
3 953 925 952
3 954 927 926
3 954 926 953
3 955 928 927
3 955 927 954
3 930 929 928
3 930 928 955
3 958 957 956
3 958 956 959
3 961 960 972
3 974 971 970
3 974 972 971
3 974 961 972
3 975 970 969
3 975 974 970
3 976 969 968
3 976 975 969
3 977 968 967
3 977 976 968
3 978 966 965
3 978 967 966
3 978 977 967
3 979 965 964
3 979 978 965
3 980 964 963
3 980 979 964
3 973 963 962
3 973 980 963
3 1002 983 984
3 1003 984 985
3 1003 1002 984
3 1004 1003 985
3 1005 985 986
3 1005 1004 985
3 1006 1007 1008
3 1006 1008 1009
3 1010 1006 1009
3 1011 1010 1009
3 1012 1011 1009
3 1013 1009 1014
3 1013 1012 1009
3 1015 1014 992
3 1015 1013 1014
3 1016 992 993
3 1016 1015 992
3 1016 1017 1018
3 1016 1018 1015
3 1019 1020 1021
3 1022 1020 1019
3 1022 1019 1016
3 1022 1016 993
3 1023 1021 1020
3 1024 1020 1022
3 1025 982 981
3 1025 1021 1023
3 1025 981 1026
3 1025 1026 1021
3 1027 1022 993
3 1027 1024 1022
3 1028 982 1025
3 1029 1027 993
3 1030 982 1028
3 1031 1029 993
3 1032 981 983
3 1032 983 1002
3 1033 981 1032
3 1034 981 1033
3 1035 992 1014
3 1036 1026 981
3 1036 981 1034
3 1036 1034 1037
3 1036 1037 1007
3 1036 1007 1006
3 1038 1017 1026
3 1038 1026 1036
3 1038 1018 1017
3 1039 1026 1017
3 1039 1017 1016
3 1040 1026 1039
3 1040 1039 1016
3 1041 1021 1026
3 1041 1026 1040
3 1042 1043 1016
3 1044 1021 1041
3 1044 1045 1021
3 1044 1041 1043
3 1044 1043 1042
3 1046 1042 1016
3 1046 1019 1021
3 1046 1016 1019
3 1046 1021 1045
3 1046 1045 1044
3 1046 1044 1042
3 1047 1023 1020
3 1047 1020 1024
3 1048 1047 1024
3 1048 1024 1027
3 1049 1025 1023
3 1050 1047 1048
3 1050 1023 1047
3 1050 1048 1027
3 1050 1049 1023
3 1051 1025 1049
3 1051 1050 1027
3 1051 1049 1050
3 1052 1027 1029
3 1053 1028 1025
3 1053 1025 1054
3 1055 1028 1056
3 1055 1057 1029
3 1055 1056 1057
3 1055 1029 1031
3 1058 1028 1055
3 1058 1055 1031
3 1058 1031 1059
3 1060 1058 1059
3 1060 1028 1058
3 1060 1030 1028
3 1061 1060 1059
3 1061 1030 1060
3 1062 1030 1061
3 1062 1061 1059
3 1062 1059 1031
3 1063 1032 1002
3 1063 1002 1003
3 1063 1004 1005
3 1063 1003 1004
3 1064 986 987
3 1064 987 988
3 1064 1063 1005
3 1064 1005 986
3 1065 1063 1064
3 1066 988 989
3 1066 1064 988
3 1067 1065 1064
3 1067 1064 1066
3 1068 1033 1032
3 1069 1070 1035
3 1071 1033 1068
3 1071 1069 1035
3 1071 1068 1069
3 1072 1033 1071
3 1072 1034 1033
3 1073 1072 1071
3 1073 1071 1035
3 1074 1037 1034
3 1074 1034 1072
3 1074 1072 1073
3 1075 1073 1035
3 1075 1074 1073
3 1076 1035 1014
3 1076 1074 1075
3 1076 1075 1035
3 1076 1037 1074
3 1077 1007 1037
3 1077 1037 1076
3 1078 1077 1076
3 1079 1007 1077
3 1079 1076 1014
3 1079 1078 1076
3 1079 1077 1078
3 1079 1008 1007
3 1079 1009 1008
3 1079 1014 1009
3 1080 1036 1006
3 1080 1038 1036
3 1080 1018 1038
3 1081 1040 1016
3 1081 1016 1043
3 1081 1041 1040
3 1081 1043 1041
3 1082 1054 1025
3 1082 1025 1051
3 1082 1052 1054
3 1083 1053 1054
3 1083 1056 1028
3 1083 1029 1057
3 1083 1057 1056
3 1083 1052 1029
3 1083 1028 1053
3 1083 1054 1052
3 1084 1030 1062
3 1084 1062 1085
3 1084 1085 1086
3 1084 982 1030
3 1087 1062 1031
3 1087 1031 993
3 1088 982 1084
3 1089 1084 1086
3 1089 1088 1084
3 1090 1091 1088
3 1090 998 999
3 1090 1088 1089
3 1092 1088 1091
3 1092 1091 1090
3 1092 1090 999
3 1092 999 1000
3 1092 1000 1001
3 1092 1001 982
3 1092 982 1088
3 1093 1086 1085
3 1094 1087 993
3 1095 1096 1093
3 1095 1093 1094
3 1097 995 996
3 1097 996 997
3 1097 1096 1095
3 1098 1095 1094
3 1098 1094 993
3 1098 993 994
3 1098 994 995
3 1098 995 1097
3 1098 1097 1095
3 1099 1063 1065
3 1099 1032 1063
3 1099 1065 1067
3 1099 1067 1070
3 1099 1068 1032
3 1099 1070 1069
3 1099 1069 1068
3 1100 989 990
3 1100 990 991
3 1100 991 992
3 1100 1066 989
3 1100 1067 1066
3 1100 1070 1067
3 1100 1035 1070
3 1100 992 1035
3 1101 1018 1080
3 1101 1006 1010
3 1101 1080 1006
3 1101 1010 1011
3 1101 1011 1012
3 1101 1012 1013
3 1101 1013 1015
3 1101 1015 1018
3 1102 1082 1051
3 1102 1052 1082
3 1102 1051 1027
3 1102 1027 1052
3 1103 1093 1085
3 1103 1087 1094
3 1103 1085 1062
3 1103 1094 1093
3 1103 1062 1087
3 1104 1090 1089
3 1105 1086 1093
3 1105 1093 1096
3 1105 1104 1089
3 1105 1089 1086
3 1106 1090 1104
3 1106 997 998
3 1106 1097 997
3 1106 1096 1097
3 1106 998 1090
3 1106 1105 1096
3 1106 1104 1105
3 1114 1107 1108
3 1114 1108 1109
3 1129 1130 1114
3 1128 1129 1114
3 1127 1114 1109
3 1127 1128 1114
3 1126 1127 1109
3 1125 1126 1109
3 1115 1132 1131
3 1134 1109 1110
3 1134 1110 1111
3 1134 1111 1112
3 1134 1112 1113
3 1134 1119 1120
3 1134 1120 1121
3 1134 1121 1122
3 1134 1122 1123
3 1134 1123 1124
3 1134 1124 1125
3 1134 1125 1109
3 1133 1115 1116
3 1133 1116 1117
3 1133 1117 1118
3 1133 1118 1119
3 1133 1132 1115
3 1133 1119 1134
3 1162 1136 1135
3 1144 1143 1142
3 1155 1170 1171
3 1155 1171 1154
3 1156 1170 1155
3 1160 1152 1159
3 1161 1152 1160
3 1153 1152 1161
3 1172 1139 1138
3 1173 1167 1168
3 1174 1159 1152
3 1174 1151 1150
3 1174 1152 1151
3 1174 1156 1157
3 1174 1157 1158
3 1174 1158 1159
3 1174 1168 1169
3 1174 1169 1170
3 1174 1173 1168
3 1174 1170 1156
3 1175 1137 1136
3 1175 1138 1137
3 1175 1162 1163
3 1175 1136 1162
3 1175 1172 1138
3 1176 1175 1163
3 1176 1172 1175
3 1177 1172 1176
3 1177 1176 1163
3 1178 1140 1139
3 1178 1141 1140
3 1178 1142 1141
3 1178 1144 1142
3 1178 1139 1172
3 1179 1177 1163
3 1180 1163 1164
3 1180 1179 1163
3 1181 1144 1178
3 1181 1178 1172
3 1182 1181 1172
3 1183 1145 1144
3 1183 1144 1181
3 1183 1181 1182
3 1184 1180 1164
3 1185 1182 1172
3 1186 1164 1165
3 1186 1184 1164
3 1187 1183 1182
3 1187 1145 1183
3 1187 1146 1145
3 1187 1182 1185
3 1188 1187 1185
3 1188 1146 1187
3 1189 1190 1184
3 1189 1186 1165
3 1189 1184 1186
3 1191 1146 1188
3 1191 1188 1190
3 1192 1190 1189
3 1192 1189 1165
3 1193 1146 1191
3 1193 1147 1146
3 1194 1193 1191
3 1194 1191 1190
3 1195 1192 1165
3 1195 1165 1166
3 1195 1166 1167
3 1195 1173 1192
3 1195 1167 1173
3 1196 1194 1190
3 1197 1148 1147
3 1197 1147 1193
3 1197 1196 1148
3 1197 1193 1194
3 1197 1194 1196
3 1198 1190 1192
3 1198 1192 1173
3 1198 1148 1196
3 1198 1196 1190
3 1199 1149 1148
3 1199 1148 1198
3 1199 1198 1173
3 1200 1150 1149
3 1200 1174 1150
3 1200 1149 1199
3 1200 1199 1173
3 1200 1173 1174
3 1201 1184 1190
3 1201 1185 1172
3 1201 1190 1188
3 1201 1179 1180
3 1201 1172 1177
3 1201 1180 1184
3 1201 1188 1185
3 1201 1177 1179
3 1204 1203 1202
3 1204 1212 1205
3 1204 1202 1212
3 1206 1204 1205
3 1210 1211 1204
3 1207 1204 1206
3 1209 1210 1204
3 1208 1204 1207
3 1208 1209 1204
3 1237 1213 1214
3 1215 1237 1214
3 1222 1218 1219
3 1222 1219 1220
3 1222 1220 1221
3 1230 1229 1242
3 1236 1235 1227
3 1228 1236 1227
3 1243 1215 1216
3 1243 1216 1217
3 1243 1217 1218
3 1243 1238 1237
3 1243 1237 1215
3 1244 1239 1238
3 1244 1238 1243
3 1245 1232 1231
3 1245 1233 1232
3 1245 1234 1233
3 1246 1222 1223
3 1246 1218 1222
3 1246 1244 1243
3 1246 1243 1218
3 1247 1231 1230
3 1247 1240 1239
3 1247 1241 1240
3 1247 1242 1241
3 1247 1230 1242
3 1247 1239 1244
3 1247 1245 1231
3 1248 1223 1224
3 1248 1224 1225
3 1248 1246 1223
3 1248 1244 1246
3 1249 1244 1248
3 1249 1245 1247
3 1249 1247 1244
3 1249 1248 1225
3 1250 1225 1226
3 1250 1226 1227
3 1250 1235 1234
3 1250 1245 1249
3 1250 1249 1225
3 1250 1234 1245
3 1250 1227 1235
3 1251 1262 1261
3 1251 1263 1262
3 1251 1264 1263
3 1251 1265 1264
3 1251 1266 1265
3 1260 1251 1261
3 1259 1251 1260
3 1258 1251 1259
3 1257 1251 1258
3 1256 1251 1257
3 1252 1251 1256
3 1267 1253 1252
3 1267 1252 1256
3 1268 1254 1253
3 1268 1255 1254
3 1268 1253 1267
3 1293 1270 1269
3 1278 1275 1274
3 1278 1276 1275
3 1278 1277 1276
3 1286 1298 1285
3 1287 1298 1286
3 1291 1283 1290
3 1292 1283 1291
3 1284 1283 1292
3 1299 1271 1270
3 1299 1272 1271
3 1299 1273 1272
3 1299 1274 1273
3 1299 1279 1278
3 1299 1270 1293
3 1299 1278 1274
3 1300 1280 1279
3 1300 1281 1280
3 1300 1293 1294
3 1300 1294 1295
3 1300 1279 1299
3 1300 1299 1293
3 1301 1282 1281
3 1301 1295 1296
3 1301 1296 1297
3 1301 1281 1300
3 1301 1300 1295
3 1302 1283 1282
3 1302 1287 1288
3 1302 1288 1289
3 1302 1289 1290
3 1302 1297 1298
3 1302 1282 1301
3 1302 1298 1287
3 1302 1301 1297
3 1302 1290 1283
3 1322 1321 1320
3 1304 1303 1323
3 1324 1304 1323
3 1325 1304 1324
3 1305 1325 1326
3 1305 1304 1325
3 1310 1309 1308
3 1311 1310 1308
3 1312 1311 1308
3 1313 1312 1308
3 1314 1313 1308
3 1315 1314 1308
3 1316 1315 1308
3 1317 1316 1308
3 1318 1308 1307
3 1318 1317 1308
3 1319 1306 1305
3 1319 1307 1306
3 1319 1326 1327
3 1319 1327 1328
3 1319 1328 1329
3 1319 1329 1330
3 1319 1330 1322
3 1319 1305 1326
3 1319 1318 1307
3 1319 1322 1320
3 1332 1331 1333
3 1345 1333 1334
3 1345 1332 1333
3 1346 1334 1335
3 1346 1345 1334
3 1347 1335 1336
3 1347 1346 1335
3 1348 1336 1337
3 1348 1347 1336
3 1349 1337 1338
3 1349 1348 1337
3 1350 1338 1339
3 1350 1349 1338
3 1351 1339 1340
3 1351 1350 1339
3 1352 1340 1341
3 1352 1351 1340
3 1353 1341 1342
3 1353 1352 1341
3 1344 1342 1343
3 1344 1353 1342
3 1366 1369 1368
3 1366 1370 1369
3 1366 1371 1370
3 1366 1372 1371
3 1366 1373 1372
3 1367 1366 1368
3 1374 1366 1367
3 1375 1366 1374
3 1376 1366 1375
3 1355 1377 1378
3 1355 1378 1354
3 1363 1364 1365
3 1362 1363 1365
3 1361 1362 1365
3 1360 1361 1365
3 1359 1360 1365
3 1358 1359 1365
3 1357 1365 1356
3 1357 1358 1365
3 1365 1366 1376
3 1365 1376 1377
3 1365 1377 1355
3 1365 1355 1356
3 1380 1379 1381
3 1380 1381 1382
3 1393 1392 1380
3 1394 1393 1380
3 1395 1380 1382
3 1395 1394 1380
3 1396 1382 1383
3 1396 1395 1382
3 1397 1383 1384
3 1397 1396 1383
3 1398 1397 1384
3 1385 1388 1387
3 1385 1389 1388
3 1385 1390 1389
3 1385 1391 1390
3 1385 1386 1391
3 1385 1387 1398
3 1385 1398 1384
3 1424 1399 1400
3 1425 1427 1426
3 1428 1427 1425
3 1429 1427 1428
3 1429 1430 1427
3 1431 1412 1405
3 1431 1430 1429
3 1432 1400 1401
3 1432 1433 1400
3 1434 1413 1412
3 1434 1412 1435
3 1436 1432 1401
3 1437 1413 1434
3 1438 1401 1402
3 1438 1439 1401
3 1440 1413 1441
3 1440 1414 1413
3 1442 1438 1402
3 1443 1414 1440
3 1444 1403 1404
3 1445 1404 1417
3 1445 1417 1418
3 1445 1444 1404
3 1446 1416 1415
3 1447 1420 1421
3 1447 1421 1422
3 1447 1422 1423
3 1447 1423 1416
3 1447 1446 1448
3 1447 1416 1446
3 1449 1409 1410
3 1450 1449 1451
3 1452 1453 1424
3 1454 1425 1426
3 1455 1425 1454
3 1455 1452 1424
3 1455 1454 1452
3 1456 1455 1424
3 1457 1456 1458
3 1457 1455 1456
3 1459 1458 1456
3 1459 1424 1400
3 1459 1456 1424
3 1460 1425 1455
3 1460 1457 1458
3 1460 1455 1457
3 1461 1428 1425
3 1461 1425 1460
3 1461 1429 1428
3 1462 1461 1460
3 1463 1459 1400
3 1464 1429 1461
3 1464 1412 1431
3 1464 1461 1462
3 1464 1431 1429
3 1465 1466 1463
3 1465 1463 1400
3 1467 1465 1400
3 1468 1469 1465
3 1468 1465 1467
3 1468 1470 1469
3 1471 1467 1400
3 1471 1468 1467
3 1471 1470 1468
3 1471 1400 1433
3 1472 1473 1469
3 1474 1412 1472
3 1474 1435 1412
3 1474 1469 1470
3 1474 1472 1469
3 1474 1470 1435
3 1475 1470 1471
3 1475 1471 1433
3 1475 1435 1470
3 1476 1475 1433
3 1476 1435 1475
3 1477 1435 1476
3 1477 1476 1433
3 1478 1477 1433
3 1478 1479 1477
3 1478 1433 1432
3 1480 1479 1478
3 1480 1478 1432
3 1481 1435 1477
3 1481 1477 1479
3 1481 1434 1435
3 1482 1479 1480
3 1483 1482 1480
3 1484 1481 1479
3 1484 1434 1481
3 1484 1479 1482
3 1484 1482 1483
3 1485 1437 1434
3 1485 1434 1484
3 1485 1484 1483
3 1486 1487 1436
3 1488 1436 1489
3 1488 1486 1436
3 1488 1437 1486
3 1490 1489 1436
3 1490 1436 1401
3 1491 1490 1401
3 1492 1491 1401
3 1492 1494 1493
3 1492 1493 1491
3 1495 1413 1437
3 1495 1488 1489
3 1495 1437 1488
3 1496 1413 1495
3 1496 1495 1489
3 1497 1496 1489
3 1498 1494 1492
3 1499 1498 1492
3 1499 1500 1498
3 1499 1492 1401
3 1501 1500 1499
3 1501 1499 1401
3 1501 1401 1439
3 1502 1413 1496
3 1502 1497 1494
3 1502 1496 1497
3 1503 1502 1494
3 1504 1413 1502
3 1504 1502 1503
3 1505 1441 1413
3 1505 1413 1504
3 1505 1504 1503
3 1505 1500 1441
3 1506 1500 1501
3 1506 1501 1439
3 1506 1441 1500
3 1507 1506 1439
3 1507 1441 1506
3 1508 1507 1439
3 1508 1441 1507
3 1509 1443 1510
3 1509 1510 1442
3 1511 1442 1402
3 1511 1512 1442
3 1513 1442 1512
3 1513 1509 1442
3 1513 1443 1509
3 1514 1511 1402
3 1515 1511 1514
3 1516 1514 1402
3 1516 1517 1515
3 1516 1515 1514
3 1518 1414 1443
3 1518 1513 1512
3 1518 1443 1513
3 1519 1414 1518
3 1519 1518 1512
3 1519 1512 1520
3 1521 1517 1516
3 1522 1516 1402
3 1522 1521 1516
3 1523 1522 1402
3 1524 1520 1517
3 1524 1414 1519
3 1524 1519 1520
3 1525 1527 1526
3 1525 1522 1523
3 1528 1414 1524
3 1528 1526 1414
3 1529 1402 1403
3 1529 1403 1530
3 1529 1530 1527
3 1529 1523 1402
3 1529 1527 1525
3 1529 1525 1523
3 1531 1530 1403
3 1532 1415 1414
3 1532 1414 1526
3 1532 1526 1527
3 1533 1527 1530
3 1533 1530 1531
3 1533 1532 1527
3 1534 1531 1403
3 1534 1535 1531
3 1536 1415 1532
3 1536 1532 1533
3 1537 1415 1536
3 1537 1536 1533
3 1538 1537 1533
3 1538 1531 1535
3 1538 1533 1531
3 1539 1534 1403
3 1540 1535 1534
3 1540 1534 1539
3 1541 1539 1403
3 1541 1540 1539
3 1541 1542 1540
3 1541 1403 1444
3 1543 1415 1537
3 1543 1537 1538
3 1543 1538 1535
3 1544 1535 1540
3 1544 1543 1535
3 1544 1540 1542
3 1545 1544 1542
3 1545 1415 1543
3 1545 1543 1544
3 1546 1542 1541
3 1546 1541 1444
3 1546 1448 1542
3 1547 1545 1542
3 1547 1415 1545
3 1547 1446 1415
3 1547 1542 1448
3 1547 1448 1446
3 1548 1546 1444
3 1549 1548 1444
3 1549 1444 1445
3 1550 1548 1549
3 1551 1448 1546
3 1551 1546 1548
3 1551 1548 1550
3 1551 1447 1448
3 1552 1418 1419
3 1552 1419 1420
3 1552 1549 1445
3 1552 1550 1549
3 1552 1551 1550
3 1552 1447 1551
3 1552 1445 1418
3 1552 1420 1447
3 1553 1410 1411
3 1553 1411 1399
3 1553 1449 1410
3 1554 1553 1399
3 1554 1399 1424
3 1554 1424 1453
3 1555 1449 1553
3 1555 1553 1554
3 1555 1554 1453
3 1555 1451 1449
3 1555 1453 1451
3 1556 1408 1409
3 1556 1409 1449
3 1556 1449 1450
3 1557 1556 1450
3 1558 1450 1451
3 1558 1451 1453
3 1558 1453 1452
3 1558 1454 1426
3 1558 1452 1454
3 1559 1557 1450
3 1559 1450 1558
3 1559 1558 1426
3 1560 1426 1427
3 1560 1427 1430
3 1560 1559 1426
3 1561 1464 1462
3 1561 1460 1458
3 1561 1462 1460
3 1562 1561 1458
3 1563 1473 1564
3 1563 1564 1562
3 1565 1561 1562
3 1565 1464 1561
3 1565 1564 1464
3 1565 1562 1564
3 1566 1563 1466
3 1566 1473 1563
3 1567 1465 1469
3 1567 1469 1473
3 1567 1466 1465
3 1567 1566 1466
3 1567 1473 1566
3 1568 1412 1464
3 1568 1464 1564
3 1568 1472 1412
3 1568 1473 1472
3 1568 1564 1473
3 1569 1483 1480
3 1569 1480 1432
3 1570 1432 1436
3 1570 1436 1487
3 1570 1487 1571
3 1570 1569 1432
3 1572 1485 1483
3 1572 1571 1485
3 1572 1483 1569
3 1572 1570 1571
3 1572 1569 1570
3 1573 1437 1485
3 1573 1485 1571
3 1573 1571 1487
3 1573 1487 1486
3 1573 1486 1437
3 1574 1489 1490
3 1574 1493 1494
3 1574 1490 1491
3 1574 1491 1493
3 1574 1494 1497
3 1574 1497 1489
3 1575 1494 1498
3 1575 1503 1494
3 1575 1498 1500
3 1575 1500 1505
3 1575 1505 1503
3 1576 1439 1438
3 1576 1438 1577
3 1576 1508 1439
3 1576 1577 1578
3 1579 1441 1508
3 1579 1440 1441
3 1579 1580 1440
3 1581 1577 1438
3 1581 1442 1510
3 1581 1438 1442
3 1582 1440 1580
3 1582 1443 1440
3 1582 1510 1443
3 1582 1580 1578
3 1583 1512 1511
3 1583 1515 1517
3 1583 1511 1515
3 1583 1517 1520
3 1583 1520 1512
3 1584 1528 1524
3 1584 1517 1521
3 1584 1524 1517
3 1585 1526 1528
3 1585 1521 1522
3 1585 1525 1526
3 1585 1584 1521
3 1585 1522 1525
3 1585 1528 1584
3 1586 1405 1406
3 1586 1406 1407
3 1587 1405 1586
3 1588 1405 1587
3 1588 1431 1405
3 1588 1560 1430
3 1588 1559 1560
3 1588 1557 1559
3 1588 1430 1431
3 1589 1562 1458
3 1589 1463 1466
3 1589 1458 1459
3 1589 1466 1563
3 1589 1563 1562
3 1589 1459 1463
3 1590 1508 1576
3 1590 1576 1578
3 1590 1579 1508
3 1590 1580 1579
3 1590 1578 1580
3 1591 1581 1510
3 1591 1578 1577
3 1591 1577 1581
3 1591 1510 1582
3 1591 1582 1578
3 1592 1407 1408
3 1592 1588 1587
3 1592 1587 1586
3 1592 1557 1588
3 1592 1556 1557
3 1592 1586 1407
3 1592 1408 1556
3 1600 1601 1602
3 1599 1602 1603
3 1599 1600 1602
3 1598 1603 1604
3 1598 1599 1603
3 1597 1604 1605
3 1597 1605 1606
3 1597 1598 1604
3 1596 1606 1607
3 1596 1597 1606
3 1595 1607 1608
3 1595 1596 1607
3 1594 1608 1609
3 1594 1595 1608
3 1593 1609 1610
3 1593 1594 1609
3 1613 1615 1614
3 1613 1616 1615
3 1629 1630 1631
3 1628 1629 1631
3 1612 1619 1618
3 1612 1620 1621
3 1612 1621 1622
3 1612 1622 1623
3 1612 1623 1624
3 1612 1624 1625
3 1612 1625 1626
3 1612 1626 1627
3 1612 1627 1628
3 1612 1631 1632
3 1612 1632 1633
3 1612 1633 1619
3 1612 1628 1631
3 1611 1617 1616
3 1611 1618 1617
3 1611 1616 1613
3 1611 1612 1618
3 1700 1661 1662
3 1700 1693 1661
3 1701 1662 1663
3 1701 1700 1662
3 1702 1663 1664
3 1702 1701 1663
3 1703 1692 1693
3 1703 1693 1700
3 1704 1664 1665
3 1704 1702 1664
3 1705 1700 1701
3 1705 1703 1700
3 1706 1665 1666
3 1706 1704 1665
3 1707 1705 1701
3 1707 1701 1702
3 1708 1691 1692
3 1708 1692 1703
3 1709 1660 1659
3 1709 1666 1667
3 1709 1667 1660
3 1709 1706 1666
3 1710 1702 1704
3 1710 1707 1702
3 1711 1703 1705
3 1711 1708 1703
3 1712 1710 1704
3 1712 1704 1706
3 1713 1705 1707
3 1713 1711 1705
3 1714 1690 1691
3 1714 1691 1708
3 1715 1659 1658
3 1715 1709 1659
3 1715 1712 1706
3 1715 1706 1709
3 1716 1707 1710
3 1716 1713 1707
3 1717 1714 1708
3 1717 1708 1711
3 1718 1710 1712
3 1718 1716 1710
3 1719 1711 1713
3 1719 1717 1711
3 1720 1689 1690
3 1720 1690 1714
3 1721 1658 1657
3 1721 1712 1715
3 1721 1715 1658
3 1721 1718 1712
3 1722 1719 1713
3 1722 1713 1716
3 1723 1720 1714
3 1723 1714 1717
3 1724 1718 1721
3 1724 1722 1716
3 1724 1716 1718
3 1725 1717 1719
3 1725 1723 1717
3 1726 1689 1720
3 1726 1687 1688
3 1726 1688 1689
3 1727 1657 1656
3 1727 1724 1721
3 1727 1721 1657
3 1728 1725 1719
3 1728 1719 1722
3 1729 1723 1725
3 1729 1720 1723
3 1729 1726 1720
3 1730 1722 1724
3 1730 1728 1722
3 1731 1729 1725
3 1732 1687 1726
3 1733 1724 1727
3 1733 1730 1724
3 1733 1656 1655
3 1733 1727 1656
3 1734 1731 1725
3 1734 1725 1728
3 1735 1732 1726
3 1735 1726 1729
3 1736 1728 1730
3 1736 1734 1728
3 1737 1729 1731
3 1737 1735 1729
3 1738 1687 1732
3 1738 1686 1687
3 1739 1736 1730
3 1739 1655 1654
3 1739 1733 1655
3 1739 1730 1733
3 1740 1731 1734
3 1740 1737 1731
3 1741 1732 1735
3 1741 1738 1732
3 1742 1734 1736
3 1742 1740 1734
3 1743 1741 1735
3 1743 1735 1737
3 1744 1686 1738
3 1744 1684 1685
3 1744 1685 1686
3 1745 1654 1653
3 1745 1736 1739
3 1745 1739 1654
3 1745 1742 1736
3 1746 1743 1737
3 1746 1737 1740
3 1747 1744 1738
3 1747 1738 1741
3 1748 1746 1740
3 1748 1740 1742
3 1749 1741 1743
3 1749 1747 1741
3 1750 1684 1744
3 1751 1653 1652
3 1751 1745 1653
3 1751 1742 1745
3 1751 1748 1742
3 1752 1749 1743
3 1752 1743 1746
3 1753 1750 1744
3 1753 1747 1749
3 1753 1744 1747
3 1754 1746 1748
3 1754 1748 1751
3 1754 1752 1746
3 1755 1753 1749
3 1756 1682 1683
3 1756 1683 1684
3 1756 1684 1750
3 1757 1652 1651
3 1757 1751 1652
3 1757 1754 1751
3 1758 1749 1752
3 1758 1755 1749
3 1759 1750 1753
3 1759 1756 1750
3 1760 1758 1752
3 1760 1752 1754
3 1761 1759 1753
3 1761 1753 1755
3 1762 1682 1756
3 1763 1760 1754
3 1763 1650 1649
3 1763 1651 1650
3 1763 1757 1651
3 1763 1754 1757
3 1764 1755 1758
3 1764 1761 1755
3 1765 1756 1759
3 1765 1762 1756
3 1765 1759 1761
3 1766 1764 1758
3 1766 1758 1760
3 1767 1765 1761
3 1768 1682 1762
3 1768 1681 1682
3 1769 1763 1649
3 1769 1760 1763
3 1769 1766 1760
3 1770 1764 1766
3 1770 1761 1764
3 1770 1767 1761
3 1771 1768 1762
3 1771 1762 1765
3 1772 1770 1766
3 1773 1765 1767
3 1773 1771 1765
3 1774 1768 1771
3 1774 1681 1768
3 1774 1680 1681
3 1775 1649 1648
3 1775 1766 1769
3 1775 1772 1766
3 1775 1769 1649
3 1776 1767 1770
3 1776 1773 1767
3 1777 1774 1771
3 1777 1771 1773
3 1778 1776 1770
3 1778 1770 1772
3 1779 1777 1773
3 1780 1679 1680
3 1780 1680 1774
3 1781 1648 1647
3 1781 1775 1648
3 1781 1772 1775
3 1781 1778 1772
3 1782 1773 1776
3 1782 1779 1773
3 1783 1774 1777
3 1783 1780 1774
3 1784 1776 1778
3 1784 1782 1776
3 1785 1783 1777
3 1785 1777 1779
3 1786 1677 1678
3 1786 1678 1679
3 1786 1679 1780
3 1786 1780 1783
3 1787 1647 1646
3 1787 1781 1647
3 1787 1784 1778
3 1787 1778 1781
3 1788 1779 1782
3 1788 1785 1779
3 1789 1783 1785
3 1789 1786 1783
3 1790 1782 1784
3 1790 1788 1782
3 1791 1789 1785
3 1792 1677 1786
3 1793 1645 1644
3 1793 1646 1645
3 1793 1787 1646
3 1793 1784 1787
3 1793 1790 1784
3 1794 1791 1785
3 1794 1788 1790
3 1794 1785 1788
3 1795 1792 1786
3 1795 1786 1789
3 1796 1794 1790
3 1797 1789 1791
3 1797 1795 1789
3 1798 1677 1792
3 1798 1675 1676
3 1798 1676 1677
3 1799 1790 1793
3 1799 1796 1790
3 1799 1793 1644
3 1800 1797 1791
3 1800 1794 1796
3 1800 1791 1794
3 1801 1798 1792
3 1801 1792 1795
3 1802 1796 1799
3 1802 1800 1796
3 1803 1795 1797
3 1803 1801 1795
3 1804 1675 1798
3 1804 1798 1801
3 1805 1643 1642
3 1805 1644 1643
3 1805 1799 1644
3 1805 1802 1799
3 1806 1803 1797
3 1806 1797 1800
3 1807 1804 1801
3 1808 1806 1800
3 1808 1800 1802
3 1809 1801 1803
3 1809 1807 1801
3 1810 1675 1804
3 1810 1674 1675
3 1811 1802 1805
3 1811 1808 1802
3 1811 1805 1642
3 1812 1803 1806
3 1812 1809 1803
3 1813 1804 1807
3 1813 1810 1804
3 1814 1806 1808
3 1814 1812 1806
3 1815 1807 1809
3 1815 1813 1807
3 1816 1673 1674
3 1816 1674 1810
3 1816 1810 1813
3 1817 1642 1641
3 1817 1811 1642
3 1817 1814 1808
3 1817 1808 1811
3 1818 1809 1812
3 1818 1815 1809
3 1819 1816 1813
3 1820 1812 1814
3 1820 1818 1812
3 1821 1813 1815
3 1821 1815 1818
3 1821 1819 1813
3 1822 1672 1673
3 1822 1673 1816
3 1823 1641 1640
3 1823 1817 1641
3 1823 1820 1814
3 1823 1814 1817
3 1824 1818 1820
3 1824 1821 1818
3 1825 1816 1819
3 1825 1819 1821
3 1825 1822 1816
3 1826 1824 1820
3 1827 1825 1821
3 1828 1671 1672
3 1828 1672 1822
3 1829 1826 1820
3 1829 1639 1638
3 1829 1640 1639
3 1829 1823 1640
3 1829 1820 1823
3 1830 1827 1821
3 1830 1821 1824
3 1831 1828 1822
3 1831 1822 1825
3 1832 1826 1829
3 1832 1830 1824
3 1832 1824 1826
3 1833 1831 1825
3 1833 1825 1827
3 1834 1671 1828
3 1834 1670 1671
3 1835 1832 1829
3 1835 1829 1638
3 1836 1833 1827
3 1836 1827 1830
3 1837 1828 1831
3 1837 1831 1833
3 1837 1834 1828
3 1838 1830 1832
3 1838 1836 1830
3 1839 1837 1833
3 1839 1833 1836
3 1840 1668 1669
3 1840 1669 1670
3 1840 1694 1668
3 1840 1670 1834
3 1841 1638 1637
3 1841 1835 1638
3 1841 1832 1835
3 1841 1838 1832
3 1842 1839 1836
3 1843 1834 1837
3 1843 1840 1834
3 1843 1694 1840
3 1843 1695 1694
3 1844 1836 1838
3 1844 1842 1836
3 1845 1837 1839
3 1845 1843 1837
3 1845 1695 1843
3 1845 1696 1695
3 1846 1637 1636
3 1846 1838 1841
3 1846 1844 1838
3 1846 1841 1637
3 1847 1845 1839
3 1847 1842 1844
3 1847 1696 1845
3 1847 1697 1696
3 1847 1839 1842
3 1848 1847 1844
3 1848 1698 1697
3 1848 1697 1847
3 1849 1635 1634
3 1849 1636 1635
3 1849 1846 1636
3 1849 1844 1846
3 1849 1699 1698
3 1849 1634 1699
3 1849 1848 1844
3 1849 1698 1848
3 1851 1852 1850
3 1851 1853 1852
3 1874 1854 1853
3 1874 1855 1854
3 1874 1856 1855
3 1874 1853 1851
3 1873 1857 1856
3 1873 1856 1874
3 1872 1858 1857
3 1872 1857 1873
3 1871 1859 1858
3 1871 1858 1872
3 1870 1859 1871
3 1869 1860 1859
3 1869 1859 1870
3 1868 1861 1860
3 1868 1862 1861
3 1868 1860 1869
3 1867 1863 1862
3 1867 1864 1863
3 1867 1865 1864
3 1867 1866 1865
3 1867 1862 1868
3 1884 1882 1883
3 1885 1882 1884
3 1886 1882 1885
3 1887 1882 1886
3 1888 1882 1887
3 1900 1920 1919
3 1900 1921 1920
3 1900 1899 1921
3 1893 1905 1892
3 1894 1905 1893
3 1906 1905 1894
3 1895 1906 1894
3 1896 1906 1895
3 1897 1906 1896
3 1898 1906 1897
3 1922 1878 1879
3 1923 1902 1901
3 1923 1903 1902
3 1923 1904 1903
3 1924 1875 1876
3 1924 1907 1875
3 1924 1908 1907
3 1924 1909 1908
3 1925 1876 1877
3 1925 1924 1876
3 1926 1909 1924
3 1926 1924 1925
3 1927 1877 1878
3 1927 1926 1925
3 1927 1878 1922
3 1927 1925 1877
3 1928 1910 1909
3 1928 1911 1910
3 1928 1909 1926
3 1929 1928 1926
3 1929 1926 1927
3 1930 1928 1929
3 1931 1911 1928
3 1931 1912 1911
3 1932 1913 1912
3 1932 1912 1931
3 1933 1928 1930
3 1933 1931 1928
3 1934 1914 1913
3 1934 1913 1932
3 1935 1922 1936
3 1935 1930 1929
3 1935 1929 1927
3 1935 1933 1930
3 1935 1927 1922
3 1937 1935 1936
3 1937 1932 1931
3 1937 1931 1933
3 1937 1933 1935
3 1938 1915 1914
3 1938 1914 1934
3 1939 1934 1932
3 1939 1937 1936
3 1939 1932 1937
3 1940 1939 1936
3 1940 1934 1939
3 1940 1938 1934
3 1941 1938 1940
3 1942 1879 1880
3 1942 1880 1881
3 1942 1922 1879
3 1943 1915 1938
3 1943 1916 1915
3 1944 1917 1916
3 1944 1918 1917
3 1944 1916 1943
3 1945 1922 1942
3 1945 1942 1881
3 1946 1943 1938
3 1946 1938 1941
3 1947 1940 1936
3 1947 1941 1940
3 1947 1946 1941
3 1947 1936 1948
3 1949 1943 1946
3 1949 1944 1943
3 1949 1946 1947
3 1949 1947 1948
3 1950 1936 1922
3 1950 1922 1945
3 1951 1950 1945
3 1952 1949 1948
3 1952 1944 1949
3 1953 1881 1882
3 1953 1888 1889
3 1953 1889 1890
3 1953 1945 1881
3 1953 1951 1945
3 1953 1882 1888
3 1954 1901 1900
3 1954 1948 1923
3 1954 1919 1918
3 1954 1918 1944
3 1954 1952 1948
3 1954 1900 1919
3 1954 1944 1952
3 1954 1923 1901
3 1955 1936 1950
3 1955 1950 1951
3 1955 1951 1953
3 1956 1936 1955
3 1957 1948 1936
3 1957 1936 1956
3 1958 1890 1891
3 1958 1953 1890
3 1958 1955 1953
3 1958 1956 1955
3 1959 1956 1958
3 1959 1891 1892
3 1959 1948 1957
3 1959 1958 1891
3 1959 1957 1956
3 1960 1948 1959
3 1960 1959 1892
3 1960 1905 1904
3 1960 1892 1905
3 1960 1923 1948
3 1960 1904 1923
3 1970 1968 1967
3 1970 1969 1968
3 1980 1992 1979
3 1981 1992 1980
3 1977 1976 1984
3 1985 1977 1984
3 1986 1977 1985
3 1978 1977 1986
3 1993 1964 1963
3 1993 1965 1964
3 1994 1981 1982
3 1994 1982 1983
3 1994 1983 1984
3 1994 1991 1992
3 1994 1992 1981
3 1994 1995 1991
3 1994 1984 1976
3 1996 1962 1961
3 1996 1963 1962
3 1996 1961 1987
3 1996 1993 1963
3 1997 1993 1996
3 1998 1987 1988
3 1998 1999 1997
3 1998 1997 1996
3 1998 1996 1987
3 2000 1966 1965
3 2000 1967 1966
3 2000 1970 1967
3 2000 1965 1993
3 2001 2000 1993
3 2002 1971 1970
3 2002 1970 2000
3 2002 2000 2001
3 2002 2001 1971
3 2003 1988 1989
3 2003 1998 1988
3 2003 1999 1998
3 2004 1997 1999
3 2004 1993 1997
3 2004 2001 1993
3 2005 2001 2004
3 2005 2004 1999
3 2006 1999 2003
3 2007 2006 2003
3 2007 1995 2006
3 2007 1989 1990
3 2007 1990 1991
3 2007 1991 1995
3 2007 2003 1989
3 2008 1972 1971
3 2008 1973 1972
3 2008 2001 2005
3 2008 1971 2001
3 2009 1973 2008
3 2009 2008 2005
3 2009 2005 1999
3 2010 2009 1999
3 2010 1974 1973
3 2010 1973 2009
3 2011 1999 2006
3 2011 2006 1995
3 2011 2010 1999
3 2012 2011 1995
3 2012 1974 2010
3 2012 1975 1974
3 2012 1976 1975
3 2012 2010 2011
3 2012 1995 1994
3 2012 1994 1976
3 2039 2014 2013
3 2040 2041 2042
3 2040 2039 2041
3 2043 2040 2042
3 2044 2017 2016
3 2045 2017 2044
3 2046 2045 2029
3 2046 2029 2030
3 2047 2046 2030
3 2048 2018 2017
3 2049 2018 2048
3 2050 2030 2031
3 2050 2031 2032
3 2050 2018 2049
3 2050 2049 2030
3 2051 2019 2018
3 2051 2050 2032
3 2051 2018 2050
3 2051 2032 2033
3 2051 2033 2034
3 2051 2034 2035
3 2051 2035 2036
3 2051 2036 2037
3 2051 2037 2038
3 2051 2038 2019
3 2052 2023 2024
3 2053 2054 2052
3 2055 2024 2025
3 2055 2025 2026
3 2055 2052 2024
3 2056 2053 2052
3 2056 2052 2055
3 2057 2054 2053
3 2057 2053 2056
3 2058 2039 2040
3 2058 2040 2043
3 2058 2043 2059
3 2060 2058 2059
3 2061 2056 2055
3 2061 2057 2056
3 2061 2055 2026
3 2062 2058 2060
3 2063 2062 2060
3 2064 2014 2039
3 2064 2039 2058
3 2064 2058 2062
3 2065 2014 2064
3 2066 2026 2027
3 2066 2061 2026
3 2067 2014 2065
3 2067 2068 2069
3 2067 2065 2068
3 2070 2066 2027
3 2071 2014 2067
3 2071 2067 2069
3 2072 2014 2071
3 2073 2070 2027
3 2073 2074 2070
3 2073 2069 2074
3 2075 2069 2073
3 2076 2077 2078
3 2079 2027 2028
3 2079 2077 2076
3 2080 2081 2082
3 2080 2079 2081
3 2083 2084 2082
3 2085 2015 2014
3 2085 2084 2083
3 2085 2014 2072
3 2085 2072 2084
3 2086 2015 2085
3 2087 2086 2085
3 2088 2086 2087
3 2089 2090 2091
3 2092 2079 2028
3 2092 2081 2079
3 2093 2092 2028
3 2094 2089 2091
3 2094 2095 2015
3 2094 2015 2089
3 2096 2091 2093
3 2096 2093 2028
3 2097 2091 2096
3 2098 2099 2100
3 2101 2016 2015
3 2101 2015 2095
3 2101 2095 2102
3 2103 2028 2029
3 2103 2098 2028
3 2103 2099 2098
3 2103 2104 2105
3 2106 2016 2101
3 2107 2101 2102
3 2107 2106 2101
3 2107 2105 2104
3 2107 2102 2105
3 2108 2016 2106
3 2108 2107 2104
3 2108 2106 2107
3 2109 2016 2108
3 2109 2108 2104
3 2110 2044 2016
3 2110 2111 2044
3 2110 2016 2109
3 2112 2103 2029
3 2112 2104 2103
3 2113 2044 2111
3 2114 2113 2111
3 2114 2112 2029
3 2114 2111 2112
3 2115 2113 2114
3 2115 2114 2029
3 2115 2044 2113
3 2116 2029 2045
3 2116 2045 2044
3 2116 2115 2029
3 2116 2044 2115
3 2117 2045 2046
3 2117 2017 2045
3 2118 2017 2117
3 2119 2046 2047
3 2119 2048 2017
3 2119 2047 2048
3 2119 2117 2046
3 2119 2017 2118
3 2119 2118 2117
3 2120 2047 2030
3 2120 2048 2047
3 2120 2049 2048
3 2120 2030 2049
3 2121 2021 2022
3 2121 2022 2023
3 2121 2023 2052
3 2121 2052 2054
3 2122 2121 2054
3 2123 2122 2054
3 2123 2124 2042
3 2123 2054 2057
3 2123 2057 2124
3 2123 2042 2041
3 2125 2042 2124
3 2125 2043 2042
3 2125 2124 2057
3 2125 2059 2043
3 2126 2125 2057
3 2126 2057 2061
3 2126 2061 2066
3 2127 2125 2126
3 2127 2060 2059
3 2127 2063 2060
3 2127 2059 2125
3 2128 2126 2066
3 2128 2127 2126
3 2129 2128 2066
3 2129 2127 2128
3 2130 2063 2131
3 2130 2062 2063
3 2130 2064 2062
3 2132 2063 2127
3 2132 2127 2129
3 2132 2129 2066
3 2132 2131 2063
3 2132 2066 2131
3 2133 2064 2130
3 2133 2065 2064
3 2134 2133 2130
3 2134 2130 2131
3 2134 2068 2065
3 2134 2065 2133
3 2135 2069 2068
3 2135 2074 2069
3 2136 2071 2069
3 2136 2069 2075
3 2137 2072 2071
3 2137 2071 2136
3 2138 2137 2136
3 2139 2137 2138
3 2140 2136 2075
3 2140 2138 2136
3 2140 2075 2078
3 2141 2075 2073
3 2141 2073 2027
3 2142 2072 2137
3 2142 2137 2139
3 2143 2141 2027
3 2144 2142 2139
3 2144 2138 2140
3 2144 2140 2078
3 2144 2139 2138
3 2144 2078 2077
3 2145 2141 2143
3 2145 2075 2141
3 2145 2078 2075
3 2146 2072 2142
3 2146 2142 2144
3 2146 2144 2077
3 2146 2084 2072
3 2147 2079 2076
3 2147 2145 2143
3 2147 2078 2145
3 2147 2143 2027
3 2147 2027 2079
3 2147 2076 2078
3 2148 2079 2080
3 2148 2146 2077
3 2148 2084 2146
3 2148 2077 2079
3 2149 2148 2080
3 2149 2084 2148
3 2150 2082 2084
3 2150 2080 2082
3 2150 2149 2080
3 2150 2084 2149
3 2151 2083 2082
3 2151 2082 2081
3 2152 2151 2081
3 2152 2083 2151
3 2153 2152 2081
3 2153 2087 2085
3 2153 2085 2083
3 2153 2083 2152
3 2154 2081 2092
3 2154 2153 2081
3 2154 2087 2153
3 2155 2088 2087
3 2155 2087 2154
3 2156 2015 2086
3 2156 2086 2088
3 2156 2088 2090
3 2156 2090 2089
3 2156 2089 2015
3 2157 2154 2092
3 2157 2155 2154
3 2158 2090 2088
3 2158 2088 2155
3 2159 2155 2157
3 2160 2155 2159
3 2160 2158 2155
3 2161 2157 2092
3 2161 2160 2159
3 2161 2092 2093
3 2161 2159 2157
3 2162 2090 2158
3 2162 2158 2160
3 2162 2160 2161
3 2162 2161 2093
3 2162 2091 2090
3 2162 2093 2091
3 2163 2164 2094
3 2163 2097 2100
3 2163 2091 2097
3 2163 2094 2091
3 2165 2096 2028
3 2165 2097 2096
3 2165 2100 2097
3 2165 2028 2098
3 2165 2098 2100
3 2166 2163 2100
3 2166 2095 2094
3 2166 2094 2164
3 2166 2164 2163
3 2166 2099 2095
3 2166 2100 2099
3 2167 2095 2099
3 2167 2105 2102
3 2167 2099 2103
3 2167 2103 2105
3 2167 2102 2095
3 2168 2110 2109
3 2169 2109 2104
3 2169 2168 2109
3 2169 2104 2112
3 2170 2110 2168
3 2170 2169 2112
3 2170 2168 2169
3 2171 2110 2170
3 2171 2170 2112
3 2171 2111 2110
3 2171 2112 2111
3 2172 2013 2020
3 2172 2020 2021
3 2173 2121 2122
3 2173 2021 2121
3 2173 2013 2172
3 2173 2172 2021
3 2174 2123 2041
3 2174 2122 2123
3 2174 2173 2122
3 2174 2039 2013
3 2174 2013 2173
3 2174 2041 2039
3 2175 2134 2131
3 2175 2066 2070
3 2175 2131 2066
3 2176 2134 2175
3 2176 2175 2070
3 2177 2135 2068
3 2177 2074 2135
3 2177 2134 2176
3 2177 2176 2070
3 2177 2068 2134
3 2177 2070 2074
3 2186 2187 2188
3 2186 2188 2189
3 2185 2186 2189
3 2184 2189 2190
3 2184 2185 2189
3 2183 2190 2191
3 2183 2184 2190
3 2182 2191 2192
3 2182 2183 2191
3 2181 2192 2193
3 2181 2182 2192
3 2180 2193 2194
3 2180 2194 2195
3 2180 2181 2193
3 2179 2195 2178
3 2179 2180 2195
3 2214 2199 2200
3 2215 2200 2201
3 2215 2214 2200
3 2216 2217 2218
3 2219 2220 2216
3 2219 2216 2218
3 2221 2205 2206
3 2221 2219 2218
3 2221 2218 2205
3 2222 2198 2197
3 2223 2210 2211
3 2223 2211 2212
3 2223 2212 2213
3 2223 2213 2198
3 2223 2198 2222
3 2223 2222 2224
3 2223 2224 2225
3 2226 2209 2210
3 2226 2210 2223
3 2226 2225 2227
3 2226 2223 2225
3 2228 2206 2207
3 2228 2207 2208
3 2228 2208 2209
3 2228 2209 2226
3 2228 2221 2206
3 2228 2227 2221
3 2228 2226 2227
3 2229 2216 2196
3 2229 2217 2216
3 2230 2197 2196
3 2230 2196 2216
3 2230 2220 2219
3 2230 2216 2220
3 2231 2197 2230
3 2231 2219 2221
3 2231 2230 2219
3 2232 2197 2231
3 2232 2231 2221
3 2233 2222 2197
3 2233 2224 2222
3 2233 2225 2224
3 2233 2221 2227
3 2233 2227 2225
3 2233 2197 2232
3 2233 2232 2221
3 2234 2235 2236
3 2234 2237 2205
3 2234 2236 2237
3 2238 2235 2234
3 2238 2234 2205
3 2238 2218 2217
3 2238 2205 2218
3 2238 2217 2229
3 2238 2229 2235
3 2239 2196 2199
3 2239 2214 2215
3 2239 2199 2214
3 2239 2215 2201
3 2240 2196 2239
3 2241 2196 2240
3 2241 2229 2196
3 2241 2235 2229
3 2242 2236 2235
3 2242 2235 2241
3 2243 2201 2202
3 2243 2202 2203
3 2243 2203 2204
3 2243 2204 2205
3 2243 2239 2201
3 2244 2236 2242
3 2244 2240 2239
3 2244 2241 2240
3 2244 2239 2243
3 2244 2205 2237
3 2244 2243 2205
3 2244 2242 2241
3 2244 2237 2236
3 2262 2245 2246
3 2262 2263 2245
3 2261 2262 2246
3 2260 2246 2247
3 2260 2261 2246
3 2259 2247 2248
3 2259 2260 2247
3 2258 2248 2249
3 2258 2259 2248
3 2257 2249 2250
3 2257 2258 2249
3 2256 2250 2251
3 2256 2257 2250
3 2255 2251 2252
3 2255 2256 2251
3 2254 2252 2253
3 2254 2255 2252
3 2280 2271 2272
3 2279 2270 2271
3 2279 2271 2280
3 2278 2269 2270
3 2278 2270 2279
3 2277 2268 2269
3 2277 2269 2278
3 2276 2266 2267
3 2276 2267 2268
3 2276 2268 2277
3 2275 2265 2266
3 2275 2266 2276
3 2274 2264 2265
3 2274 2265 2275
3 2273 2264 2274
3 2289 2290 2291
3 2289 2291 2292
3 2288 2289 2292
3 2287 2292 2293
3 2287 2288 2292
3 2286 2293 2294
3 2286 2287 2293
3 2285 2294 2295
3 2285 2286 2294
3 2284 2295 2296
3 2284 2285 2295
3 2283 2296 2297
3 2283 2297 2298
3 2283 2284 2296
3 2282 2298 2281
3 2282 2283 2298
3 2315 2307 2306
3 2315 2316 2307
3 2314 2306 2305
3 2314 2315 2306
3 2313 2305 2304
3 2313 2314 2305
3 2312 2304 2303
3 2312 2313 2304
3 2311 2303 2302
3 2311 2312 2303
3 2310 2302 2301
3 2310 2311 2302
3 2309 2300 2299
3 2309 2301 2300
3 2309 2310 2301
3 2308 2309 2299
3 2328 2317 2318
3 2328 2327 2317
3 2329 2318 2319
3 2329 2328 2318
3 2330 2319 2320
3 2330 2329 2319
3 2331 2320 2321
3 2331 2330 2320
3 2332 2321 2322
3 2332 2331 2321
3 2333 2322 2323
3 2333 2332 2322
3 2334 2323 2324
3 2334 2333 2323
3 2326 2324 2325
3 2326 2334 2324
3 2351 2336 2335
3 2351 2335 2352
3 2350 2336 2351
3 2349 2337 2336
3 2349 2336 2350
3 2348 2338 2337
3 2348 2337 2349
3 2347 2339 2338
3 2347 2338 2348
3 2346 2340 2339
3 2346 2339 2347
3 2345 2341 2340
3 2345 2342 2341
3 2345 2340 2346
3 2344 2343 2342
3 2344 2342 2345
3 2354 2353 2377
3 2378 2354 2377
3 2379 2354 2378
3 2355 2354 2379
3 2362 2359 2358
3 2362 2360 2359
3 2362 2361 2360
3 2370 2385 2369
3 2363 2362 2358
3 2371 2385 2370
3 2367 2366 2374
3 2375 2367 2374
3 2376 2367 2375
3 2368 2367 2376
3 2386 2356 2355
3 2386 2357 2356
3 2386 2358 2357
3 2386 2379 2380
3 2386 2355 2379
3 2386 2363 2358
3 2387 2364 2363
3 2387 2365 2364
3 2387 2380 2381
3 2387 2381 2382
3 2387 2382 2383
3 2387 2363 2386
3 2387 2386 2380
3 2388 2366 2365
3 2388 2383 2384
3 2388 2384 2385
3 2388 2387 2383
3 2388 2365 2387
3 2388 2374 2366
3 2389 2371 2372
3 2389 2372 2373
3 2389 2373 2374
3 2389 2385 2371
3 2389 2374 2388
3 2389 2388 2385
3 2414 2390 2391
3 2392 2414 2391
3 2399 2395 2396
3 2399 2396 2397
3 2399 2397 2398
3 2407 2406 2420
3 2408 2407 2420
3 2412 2411 2404
3 2413 2412 2404
3 2405 2413 2404
3 2421 2392 2393
3 2421 2393 2394
3 2421 2394 2395
3 2421 2399 2400
3 2421 2414 2392
3 2421 2395 2399
3 2422 2400 2401
3 2422 2401 2402
3 2422 2417 2416
3 2422 2418 2417
3 2422 2421 2400
3 2423 2402 2403
3 2423 2403 2404
3 2423 2409 2408
3 2423 2410 2409
3 2423 2411 2410
3 2423 2419 2418
3 2423 2420 2419
3 2423 2422 2402
3 2423 2418 2422
3 2423 2408 2420
3 2423 2404 2411
3 2424 2415 2414
3 2424 2416 2415
3 2424 2422 2416
3 2424 2421 2422
3 2424 2414 2421
3 2427 2434 2441
3 2428 2440 2439
3 2428 2441 2440
3 2428 2427 2441
3 2429 2439 2438
3 2429 2428 2439
3 2430 2438 2437
3 2430 2429 2438
3 2431 2437 2436
3 2431 2430 2437
3 2432 2436 2435
3 2432 2431 2436
3 2433 2435 2425
3 2433 2432 2435
3 2426 2433 2425
3 2451 2448 2449
3 2451 2449 2450
3 2462 2476 2475
3 2462 2461 2476
3 2463 2462 2475
3 2467 2466 2459
3 2468 2467 2459
3 2460 2468 2459
3 2477 2443 2444
3 2477 2444 2445
3 2477 2445 2446
3 2478 2455 2456
3 2478 2456 2457
3 2478 2473 2472
3 2479 2459 2466
3 2479 2457 2458
3 2479 2458 2459
3 2479 2464 2463
3 2479 2465 2464
3 2479 2466 2465
3 2479 2474 2473
3 2479 2475 2474
3 2479 2478 2457
3 2479 2473 2478
3 2479 2463 2475
3 2480 2442 2443
3 2480 2469 2442
3 2480 2443 2477
3 2481 2446 2447
3 2481 2447 2448
3 2481 2448 2451
3 2481 2477 2446
3 2482 2470 2469
3 2482 2469 2480
3 2482 2480 2483
3 2484 2477 2481
3 2485 2484 2481
3 2485 2451 2452
3 2485 2481 2451
3 2485 2452 2484
3 2486 2477 2484
3 2486 2480 2477
3 2486 2483 2480
3 2486 2484 2452
3 2487 2483 2486
3 2487 2452 2453
3 2487 2486 2452
3 2488 2471 2470
3 2488 2472 2471
3 2488 2470 2482
3 2488 2482 2483
3 2488 2478 2472
3 2489 2453 2454
3 2489 2487 2453
3 2489 2483 2487
3 2490 2454 2455
3 2490 2455 2478
3 2490 2483 2489
3 2490 2489 2454
3 2490 2478 2488
3 2490 2488 2483
3 2520 2501 2500
3 2521 2504 2503
3 2521 2505 2504
3 2521 2506 2505
3 2522 2521 2503
3 2523 2502 2501
3 2523 2503 2502
3 2523 2522 2503
3 2523 2501 2520
3 2524 2492 2491
3 2524 2491 2506
3 2524 2522 2523
3 2524 2506 2521
3 2524 2521 2522
3 2525 2520 2500
3 2526 2498 2497
3 2526 2499 2498
3 2526 2500 2499
3 2526 2527 2525
3 2526 2525 2500
3 2526 2528 2527
3 2529 2492 2524
3 2529 2524 2530
3 2531 2529 2530
3 2532 2530 2533
3 2532 2531 2530
3 2534 2492 2535
3 2534 2493 2492
3 2536 2537 2538
3 2539 2538 2540
3 2541 2542 2543
3 2544 2545 2546
3 2547 2513 2512
3 2547 2514 2513
3 2547 2512 2548
3 2549 2509 2494
3 2549 2510 2509
3 2549 2511 2510
3 2549 2512 2511
3 2549 2548 2512
3 2550 2496 2495
3 2550 2497 2496
3 2551 2492 2529
3 2552 2551 2529
3 2552 2529 2531
3 2553 2492 2551
3 2554 2551 2552
3 2554 2553 2551
3 2555 2533 2550
3 2555 2550 2495
3 2556 2535 2492
3 2557 2535 2556
3 2558 2559 2535
3 2558 2535 2557
3 2560 2534 2535
3 2560 2535 2559
3 2560 2559 2561
3 2562 2563 2555
3 2562 2495 2507
3 2562 2555 2495
3 2564 2560 2561
3 2564 2534 2560
3 2565 2534 2564
3 2566 2562 2507
3 2566 2567 2562
3 2568 2566 2507
3 2569 2493 2537
3 2569 2537 2536
3 2570 2493 2569
3 2570 2569 2536
3 2571 2568 2507
3 2571 2507 2539
3 2572 2538 2539
3 2572 2539 2507
3 2573 2536 2538
3 2573 2538 2572
3 2573 2572 2507
3 2574 2573 2507
3 2575 2574 2507
3 2576 2577 2493
3 2578 2576 2579
3 2580 2581 2582
3 2580 2543 2542
3 2580 2542 2581
3 2580 2541 2543
3 2580 2582 2577
3 2580 2576 2578
3 2580 2577 2576
3 2583 2507 2508
3 2583 2575 2507
3 2583 2584 2575
3 2585 2542 2541
3 2585 2582 2581
3 2585 2581 2542
3 2585 2577 2582
3 2586 2587 2577
3 2586 2577 2585
3 2588 2586 2585
3 2589 2546 2545
3 2589 2545 2590
3 2589 2590 2587
3 2589 2587 2586
3 2589 2586 2588
3 2591 2546 2589
3 2591 2589 2588
3 2592 2583 2508
3 2593 2494 2493
3 2593 2493 2577
3 2593 2577 2587
3 2594 2590 2545
3 2594 2545 2544
3 2594 2544 2595
3 2594 2595 2592
3 2596 2494 2593
3 2597 2598 2594
3 2597 2592 2508
3 2597 2594 2592
3 2597 2599 2598
3 2600 2494 2596
3 2600 2547 2548
3 2600 2548 2549
3 2600 2549 2494
3 2601 2602 2598
3 2601 2603 2604
3 2601 2604 2605
3 2601 2598 2599
3 2601 2605 2602
3 2606 2601 2599
3 2607 2597 2508
3 2607 2599 2597
3 2607 2603 2601
3 2607 2606 2599
3 2607 2519 2518
3 2607 2601 2606
3 2607 2508 2519
3 2608 2526 2497
3 2608 2520 2525
3 2608 2525 2527
3 2608 2528 2526
3 2608 2527 2528
3 2608 2497 2550
3 2609 2608 2550
3 2610 2609 2550
3 2610 2550 2533
3 2610 2533 2530
3 2611 2552 2531
3 2611 2531 2532
3 2612 2611 2532
3 2612 2533 2555
3 2612 2532 2533
3 2613 2611 2612
3 2613 2552 2611
3 2613 2612 2555
3 2614 2552 2613
3 2614 2554 2552
3 2614 2615 2554
3 2616 2553 2554
3 2616 2554 2615
3 2616 2492 2553
3 2617 2614 2613
3 2617 2615 2614
3 2617 2613 2555
3 2618 2616 2615
3 2618 2615 2619
3 2620 2556 2492
3 2620 2616 2618
3 2620 2492 2616
3 2620 2618 2619
3 2620 2619 2556
3 2621 2555 2563
3 2621 2615 2617
3 2621 2617 2555
3 2621 2619 2615
3 2622 2619 2621
3 2622 2621 2563
3 2623 2622 2563
3 2623 2619 2622
3 2623 2556 2619
3 2624 2557 2556
3 2624 2623 2563
3 2624 2556 2623
3 2624 2563 2557
3 2625 2562 2626
3 2625 2558 2557
3 2625 2563 2562
3 2625 2626 2559
3 2625 2559 2558
3 2625 2557 2563
3 2627 2626 2562
3 2627 2559 2626
3 2627 2561 2559
3 2627 2567 2561
3 2627 2562 2567
3 2628 2564 2561
3 2628 2561 2567
3 2628 2567 2566
3 2629 2564 2628
3 2630 2564 2629
3 2630 2565 2564
3 2631 2630 2629
3 2632 2566 2568
3 2632 2628 2566
3 2632 2629 2628
3 2632 2568 2631
3 2632 2631 2629
3 2633 2493 2534
3 2633 2534 2565
3 2633 2537 2493
3 2634 2565 2630
3 2634 2630 2631
3 2635 2565 2634
3 2636 2634 2631
3 2636 2635 2634
3 2636 2568 2571
3 2636 2631 2568
3 2637 2635 2636
3 2637 2636 2571
3 2637 2539 2540
3 2637 2571 2539
3 2638 2493 2570
3 2639 2493 2638
3 2640 2493 2639
3 2640 2576 2493
3 2640 2641 2576
3 2642 2641 2640
3 2642 2643 2641
3 2644 2643 2645
3 2644 2641 2643
3 2646 2645 2574
3 2646 2574 2575
3 2647 2644 2645
3 2647 2645 2646
3 2647 2646 2575
3 2648 2641 2644
3 2648 2644 2647
3 2648 2647 2575
3 2649 2641 2648
3 2649 2576 2641
3 2650 2648 2575
3 2650 2649 2648
3 2650 2576 2649
3 2651 2650 2575
3 2651 2576 2650
3 2651 2575 2584
3 2652 2576 2651
3 2652 2651 2584
3 2652 2579 2576
3 2653 2652 2584
3 2653 2579 2652
3 2653 2584 2583
3 2654 2579 2653
3 2655 2579 2654
3 2655 2578 2579
3 2655 2580 2578
3 2656 2653 2583
3 2656 2654 2653
3 2657 2656 2583
3 2657 2654 2656
3 2657 2655 2654
3 2658 2657 2583
3 2658 2655 2657
3 2659 2541 2580
3 2659 2580 2655
3 2659 2655 2658
3 2660 2658 2583
3 2660 2659 2658
3 2661 2585 2541
3 2661 2541 2659
3 2661 2659 2660
3 2662 2660 2583
3 2662 2661 2660
3 2663 2662 2583
3 2663 2583 2592
3 2663 2585 2661
3 2663 2661 2662
3 2664 2591 2588
3 2665 2663 2592
3 2665 2588 2585
3 2665 2664 2588
3 2665 2585 2663
3 2666 2544 2546
3 2666 2546 2591
3 2666 2665 2592
3 2666 2595 2544
3 2666 2591 2664
3 2666 2592 2595
3 2666 2664 2665
3 2667 2587 2590
3 2667 2590 2594
3 2667 2593 2587
3 2668 2667 2594
3 2668 2593 2667
3 2669 2593 2668
3 2669 2670 2593
3 2671 2598 2602
3 2671 2594 2598
3 2671 2668 2594
3 2671 2669 2668
3 2671 2602 2605
3 2672 2670 2669
3 2672 2669 2671
3 2672 2671 2605
3 2672 2605 2604
3 2673 2596 2593
3 2673 2672 2604
3 2673 2593 2670
3 2673 2670 2672
3 2674 2596 2673
3 2674 2673 2604
3 2675 2604 2603
3 2675 2674 2604
3 2675 2603 2676
3 2677 2596 2674
3 2677 2674 2675
3 2677 2675 2676
3 2678 2600 2596
3 2678 2596 2677
3 2679 2678 2677
3 2679 2677 2676
3 2679 2600 2678
3 2680 2679 2676
3 2681 2679 2680
3 2681 2600 2679
3 2681 2682 2600
3 2683 2681 2680
3 2683 2682 2681
3 2684 2547 2600
3 2684 2515 2514
3 2684 2683 2515
3 2684 2600 2682
3 2684 2682 2683
3 2684 2514 2547
3 2685 2524 2523
3 2685 2523 2520
3 2685 2608 2609
3 2685 2520 2608
3 2686 2685 2609
3 2686 2524 2685
3 2687 2609 2610
3 2687 2686 2609
3 2687 2610 2530
3 2687 2524 2686
3 2687 2530 2524
3 2688 2633 2565
3 2688 2635 2637
3 2688 2565 2635
3 2689 2537 2633
3 2689 2633 2688
3 2689 2538 2537
3 2689 2540 2538
3 2690 2637 2540
3 2690 2688 2637
3 2690 2689 2688
3 2690 2540 2689
3 2691 2638 2570
3 2691 2570 2536
3 2692 2639 2638
3 2692 2638 2691
3 2692 2642 2640
3 2692 2640 2639
3 2693 2692 2691
3 2694 2645 2643
3 2694 2643 2642
3 2694 2642 2692
3 2694 2692 2693
3 2695 2680 2676
3 2695 2676 2603
3 2695 2516 2515
3 2695 2517 2516
3 2695 2607 2518
3 2695 2518 2517
3 2695 2603 2607
3 2695 2515 2683
3 2695 2683 2680
3 2696 2536 2573
3 2696 2573 2574
3 2696 2691 2536
3 2697 2574 2645
3 2697 2645 2694
3 2697 2693 2691
3 2697 2694 2693
3 2697 2696 2574
3 2697 2691 2696
3 2708 2706 2705
3 2709 2704 2703
3 2709 2705 2704
3 2709 2708 2705
3 2710 2703 2702
3 2710 2709 2703
3 2711 2702 2701
3 2711 2710 2702
3 2712 2701 2700
3 2712 2711 2701
3 2713 2700 2699
3 2713 2712 2700
3 2714 2713 2699
3 2715 2699 2698
3 2715 2714 2699
3 2707 2715 2698
3 2740 2716 2717
3 2718 2740 2717
3 2725 2721 2722
3 2725 2722 2723
3 2725 2723 2724
3 2733 2732 2745
3 2734 2733 2745
3 2738 2737 2730
3 2739 2738 2730
3 2731 2739 2730
3 2746 2718 2719
3 2746 2719 2720
3 2746 2720 2721
3 2746 2725 2726
3 2746 2741 2740
3 2746 2740 2718
3 2746 2721 2725
3 2747 2726 2727
3 2747 2727 2728
3 2747 2742 2741
3 2747 2743 2742
3 2747 2746 2726
3 2747 2741 2746
3 2748 2728 2729
3 2748 2729 2730
3 2748 2735 2734
3 2748 2736 2735
3 2748 2737 2736
3 2748 2744 2743
3 2748 2745 2744
3 2748 2743 2747
3 2748 2734 2745
3 2748 2747 2728
3 2748 2730 2737
3 2750 2749 2777
3 2750 2777 2778
3 2750 2778 2779
3 2770 2782 2783
3 2770 2783 2769
3 2757 2756 2755
3 2758 2757 2755
3 2759 2758 2755
3 2760 2759 2755
3 2761 2760 2755
3 2762 2761 2755
3 2764 2763 2776
3 2765 2764 2776
3 2766 2765 2776
3 2767 2766 2776
3 2768 2767 2776
3 2784 2753 2752
3 2785 2772 2773
3 2786 2779 2780
3 2786 2750 2779
3 2787 2755 2754
3 2787 2763 2762
3 2787 2762 2755
3 2788 2751 2750
3 2788 2752 2751
3 2788 2789 2784
3 2788 2784 2752
3 2788 2750 2786
3 2790 2780 2781
3 2790 2781 2782
3 2790 2782 2770
3 2790 2786 2780
3 2791 2789 2788
3 2791 2788 2786
3 2792 2770 2771
3 2792 2786 2790
3 2792 2790 2770
3 2792 2791 2786
3 2793 2775 2776
3 2793 2763 2787
3 2793 2776 2763
3 2794 2771 2772
3 2794 2789 2791
3 2794 2772 2785
3 2794 2792 2771
3 2794 2785 2789
3 2794 2791 2792
3 2795 2754 2753
3 2795 2773 2774
3 2795 2774 2775
3 2795 2775 2793
3 2795 2784 2789
3 2795 2785 2773
3 2795 2789 2785
3 2795 2787 2754
3 2795 2793 2787
3 2795 2753 2784
3 2824 2796 2820
3 2824 2825 2796
3 2826 2825 2824
3 2827 2825 2826
3 2828 2805 2804
3 2828 2804 2829
3 2828 2829 2830
3 2831 2833 2832
3 2831 2832 2834
3 2831 2835 2833
3 2836 2809 2808
3 2837 2814 2815
3 2837 2835 2831
3 2837 2838 2835
3 2839 2815 2816
3 2839 2816 2817
3 2839 2817 2818
3 2839 2818 2819
3 2839 2819 2809
3 2839 2809 2836
3 2839 2836 2838
3 2839 2837 2815
3 2839 2838 2837
3 2840 2829 2841
3 2842 2825 2827
3 2842 2843 2825
3 2844 2843 2842
3 2844 2840 2843
3 2845 2844 2830
3 2845 2830 2829
3 2845 2829 2840
3 2845 2840 2844
3 2846 2826 2824
3 2846 2827 2826
3 2847 2830 2844
3 2847 2842 2827
3 2847 2844 2842
3 2847 2827 2846
3 2848 2846 2849
3 2850 2847 2846
3 2850 2846 2848
3 2850 2848 2851
3 2852 2824 2820
3 2852 2849 2846
3 2852 2846 2824
3 2853 2828 2830
3 2853 2830 2847
3 2853 2847 2850
3 2854 2850 2851
3 2854 2853 2850
3 2855 2852 2820
3 2856 2805 2828
3 2856 2828 2853
3 2856 2854 2851
3 2856 2853 2854
3 2857 2805 2856
3 2858 2859 2820
3 2860 2858 2820
3 2861 2862 2860
3 2861 2860 2820
3 2861 2820 2821
3 2863 2806 2805
3 2863 2865 2864
3 2866 2867 2863
3 2866 2868 2867
3 2869 2861 2821
3 2869 2870 2861
3 2871 2869 2872
3 2873 2806 2863
3 2873 2863 2867
3 2874 2806 2873
3 2875 2876 2821
3 2877 2875 2821
3 2878 2806 2874
3 2879 2807 2806
3 2879 2881 2880
3 2882 2884 2883
3 2882 2883 2879
3 2885 2884 2886
3 2887 2821 2822
3 2887 2877 2821
3 2887 2886 2877
3 2887 2885 2886
3 2888 2887 2822
3 2889 2887 2888
3 2890 2892 2891
3 2893 2879 2883
3 2893 2807 2879
3 2894 2892 2890
3 2894 2822 2895
3 2894 2890 2822
3 2896 2807 2893
3 2897 2896 2892
3 2897 2807 2896
3 2898 2897 2892
3 2899 2807 2897
3 2899 2897 2898
3 2900 2895 2901
3 2902 2807 2899
3 2902 2899 2900
3 2903 2895 2822
3 2903 2901 2895
3 2903 2822 2823
3 2904 2902 2900
3 2904 2900 2901
3 2904 2808 2807
3 2904 2901 2905
3 2904 2807 2902
3 2904 2905 2808
3 2906 2903 2823
3 2907 2901 2903
3 2907 2905 2901
3 2907 2903 2906
3 2908 2906 2823
3 2908 2907 2906
3 2909 2905 2907
3 2909 2907 2908
3 2910 2908 2823
3 2910 2909 2908
3 2910 2911 2909
3 2912 2910 2823
3 2913 2911 2910
3 2913 2910 2912
3 2913 2912 2914
3 2915 2808 2905
3 2915 2905 2909
3 2915 2909 2911
3 2916 2823 2810
3 2916 2912 2823
3 2916 2914 2912
3 2917 2808 2915
3 2917 2915 2911
3 2918 2911 2913
3 2918 2913 2914
3 2918 2917 2911
3 2919 2808 2917
3 2919 2917 2918
3 2919 2918 2914
3 2920 2916 2810
3 2921 2808 2919
3 2921 2832 2833
3 2921 2833 2835
3 2921 2835 2838
3 2921 2838 2836
3 2921 2836 2808
3 2921 2919 2914
3 2921 2914 2832
3 2922 2834 2832
3 2922 2914 2916
3 2922 2916 2920
3 2922 2832 2914
3 2923 2922 2920
3 2924 2810 2811
3 2924 2811 2812
3 2924 2812 2813
3 2924 2920 2810
3 2924 2923 2920
3 2925 2813 2814
3 2925 2834 2922
3 2925 2831 2834
3 2925 2837 2831
3 2925 2814 2837
3 2925 2922 2923
3 2925 2924 2813
3 2925 2923 2924
3 2926 2799 2798
3 2927 2802 2801
3 2927 2803 2802
3 2927 2804 2803
3 2928 2804 2927
3 2929 2930 2825
3 2929 2825 2843
3 2929 2840 2841
3 2929 2843 2840
3 2929 2841 2930
3 2931 2804 2928
3 2931 2829 2804
3 2931 2841 2829
3 2932 2848 2849
3 2932 2851 2848
3 2932 2849 2852
3 2933 2851 2932
3 2934 2855 2820
3 2934 2935 2855
3 2934 2820 2859
3 2934 2859 2935
3 2936 2855 2935
3 2937 2855 2936
3 2938 2937 2936
3 2939 2940 2857
3 2939 2933 2937
3 2939 2937 2938
3 2941 2940 2939
3 2941 2938 2936
3 2941 2939 2938
3 2942 2943 2940
3 2942 2940 2941
3 2942 2936 2935
3 2942 2941 2936
3 2942 2859 2944
3 2942 2935 2859
3 2945 2944 2859
3 2945 2859 2858
3 2946 2857 2940
3 2946 2940 2943
3 2946 2943 2805
3 2946 2805 2857
3 2947 2948 2945
3 2947 2945 2858
3 2949 2947 2858
3 2949 2858 2860
3 2950 2947 2949
3 2951 2805 2943
3 2952 2948 2947
3 2952 2950 2953
3 2952 2947 2950
3 2952 2953 2948
3 2954 2949 2860
3 2954 2950 2949
3 2955 2805 2951
3 2956 2948 2953
3 2957 2954 2860
3 2958 2956 2953
3 2958 2863 2805
3 2958 2953 2865
3 2958 2865 2863
3 2958 2805 2955
3 2958 2955 2956
3 2959 2865 2953
3 2959 2953 2950
3 2959 2950 2954
3 2959 2864 2865
3 2959 2954 2957
3 2960 2860 2862
3 2960 2957 2860
3 2960 2864 2959
3 2960 2959 2957
3 2961 2960 2862
3 2961 2864 2960
3 2962 2864 2961
3 2962 2863 2864
3 2962 2866 2863
3 2963 2862 2861
3 2964 2962 2961
3 2964 2961 2862
3 2964 2866 2962
3 2964 2862 2963
3 2965 2963 2861
3 2966 2965 2868
3 2966 2868 2866
3 2966 2866 2964
3 2966 2964 2963
3 2966 2963 2965
3 2967 2868 2965
3 2967 2861 2870
3 2967 2965 2861
3 2968 2967 2870
3 2968 2867 2868
3 2968 2868 2967
3 2969 2867 2968
3 2969 2968 2870
3 2970 2969 2870
3 2970 2870 2869
3 2970 2867 2969
3 2970 2869 2871
3 2971 2867 2970
3 2971 2970 2871
3 2971 2873 2867
3 2972 2871 2872
3 2972 2872 2973
3 2972 2971 2871
3 2974 2869 2821
3 2974 2872 2869
3 2974 2973 2872
3 2975 2873 2971
3 2975 2971 2972
3 2976 2973 2974
3 2976 2977 2973
3 2978 2976 2974
3 2978 2974 2821
3 2979 2873 2975
3 2979 2975 2972
3 2980 2973 2977
3 2981 2976 2978
3 2981 2977 2976
3 2981 2978 2821
3 2981 2982 2977
3 2981 2876 2982
3 2981 2821 2876
3 2983 2972 2973
3 2983 2979 2972
3 2983 2973 2980
3 2984 2873 2979
3 2984 2979 2983
3 2984 2874 2873
3 2985 2980 2977
3 2985 2983 2980
3 2985 2984 2983
3 2985 2874 2984
3 2985 2977 2982
3 2985 2878 2874
3 2985 2982 2878
3 2986 2982 2876
3 2986 2876 2875
3 2986 2987 2982
3 2988 2875 2877
3 2988 2986 2875
3 2989 2986 2988
3 2990 2987 2986
3 2990 2989 2991
3 2990 2991 2987
3 2990 2986 2989
3 2992 2806 2878
3 2992 2878 2982
3 2992 2982 2987
3 2993 2989 2988
3 2994 2806 2992
3 2995 2987 2991
3 2995 2994 2992
3 2995 2992 2987
3 2996 2993 2988
3 2996 2988 2877
3 2997 2989 2993
3 2997 2991 2989
3 2997 2993 2996
3 2997 2880 2881
3 2997 2881 2991
3 2998 2806 2994
3 2998 2994 2995
3 2998 2995 2991
3 2998 2991 2881
3 2998 2879 2806
3 2998 2881 2879
3 2999 2877 2886
3 2999 2996 2877
3 2999 2997 2996
3 2999 2880 2997
3 3000 2999 2886
3 3000 2880 2999
3 3000 2879 2880
3 3000 2882 2879
3 3001 2882 3000
3 3001 3000 2886
3 3002 2886 2884
3 3002 2884 2882
3 3002 3001 2886
3 3002 2882 3001
3 3003 2883 2884
3 3003 2884 2885
3 3004 2883 3003
3 3004 3003 2885
3 3005 2885 2887
3 3005 3004 2885
3 3005 2887 2889
3 3005 2883 3004
3 3006 2893 2883
3 3006 2883 3005
3 3006 3005 2889
3 3007 2888 3008
3 3007 3006 2889
3 3007 2889 2888
3 3009 2893 3006
3 3009 3006 3007
3 3010 3008 2888
3 3010 2890 2891
3 3010 2822 2890
3 3010 2888 2822
3 3010 2891 3008
3 3011 3007 3008
3 3011 3008 2891
3 3012 2893 3009
3 3012 3009 3007
3 3013 3007 3011
3 3013 3012 3007
3 3014 2896 2893
3 3014 2893 3012
3 3014 3012 3013
3 3015 2891 2892
3 3015 3011 2891
3 3015 3013 3011
3 3015 2892 2896
3 3015 2896 3014
3 3015 3014 3013
3 3016 2892 2894
3 3016 2894 2895
3 3016 2898 2892
3 3016 2895 2900
3 3016 2899 2898
3 3016 2900 2899
3 3017 2797 2796
3 3017 2798 2797
3 3018 2798 3017
3 3018 2926 2798
3 3018 3017 2796
3 3019 3018 2796
3 3019 2796 2825
3 3019 2825 2930
3 3020 2930 3021
3 3020 2926 3018
3 3020 3018 3019
3 3020 3021 2926
3 3020 3019 2930
3 3022 2928 2927
3 3022 2800 2799
3 3022 2801 2800
3 3022 2799 2926
3 3022 2926 3021
3 3022 2927 2801
3 3023 2928 3022
3 3023 3022 3021
3 3024 3021 2930
3 3024 2931 2928
3 3024 3023 3021
3 3024 2841 2931
3 3024 2928 3023
3 3024 2930 2841
3 3025 2933 2932
3 3025 2932 2852
3 3025 2937 2933
3 3025 2855 2937
3 3025 2852 2855
3 3026 2851 2933
3 3026 2933 2939
3 3026 2857 2856
3 3026 2939 2857
3 3026 2856 2851
3 3027 2944 2945
3 3028 2951 2943
3 3028 2943 2942
3 3028 2942 2944
3 3028 2944 3027
3 3029 2951 3028
3 3029 2945 2948
3 3029 3027 2945
3 3029 3028 3027
3 3029 2955 2951
3 3029 2956 2955
3 3029 2948 2956
3 3032 3040 3041
3 3033 3041 3042
3 3033 3032 3041
3 3034 3042 3043
3 3034 3033 3042
3 3035 3034 3043
3 3036 3043 3044
3 3036 3035 3043
3 3037 3044 3045
3 3037 3036 3044
3 3038 3045 3046
3 3038 3037 3045
3 3039 3046 3047
3 3039 3047 3030
3 3039 3038 3046
3 3031 3039 3030
3 3063 3062 3083
3 3069 3068 3060
3 3061 3069 3060
3 3084 3048 3049
3 3084 3049 3050
3 3084 3050 3051
3 3084 3051 3052
3 3084 3052 3053
3 3084 3053 3054
3 3084 3070 3048
3 3084 3071 3070
3 3084 3072 3071
3 3084 3073 3072
3 3084 3074 3073
3 3085 3079 3078
3 3086 3075 3074
3 3086 3076 3075
3 3086 3077 3076
3 3086 3084 3054
3 3086 3074 3084
3 3087 3054 3055
3 3087 3055 3056
3 3087 3078 3077
3 3087 3085 3078
3 3087 3056 3085
3 3087 3077 3086
3 3087 3086 3054
3 3088 3056 3057
3 3088 3080 3079
3 3088 3079 3085
3 3088 3085 3056
3 3089 3080 3088
3 3090 3081 3080
3 3090 3080 3089
3 3091 3090 3089
3 3092 3057 3058
3 3092 3091 3089
3 3092 3089 3088
3 3092 3088 3057
3 3093 3091 3092
3 3093 3090 3091
3 3094 3081 3090
3 3094 3082 3081
3 3094 3090 3093
3 3095 3094 3093
3 3096 3058 3059
3 3096 3092 3058
3 3096 3093 3092
3 3096 3095 3093
3 3097 3064 3063
3 3097 3065 3064
3 3097 3083 3082
3 3097 3082 3094
3 3097 3063 3083
3 3098 3095 3096
3 3098 3094 3095
3 3099 3094 3098
3 3099 3066 3065
3 3099 3065 3097
3 3099 3097 3094
3 3100 3060 3068
3 3100 3059 3060
3 3100 3066 3099
3 3100 3067 3066
3 3100 3068 3067
3 3100 3099 3098
3 3100 3096 3059
3 3100 3098 3096
3 3104 3101 3103
3 3105 3101 3104
3 3106 3101 3105
3 3107 3101 3106
3 3108 3101 3107
3 3109 3101 3108
3 3116 3102 3101
3 3116 3109 3110
3 3116 3110 3111
3 3116 3111 3112
3 3116 3112 3113
3 3116 3113 3114
3 3116 3101 3109
3 3117 3102 3116
3 3118 3102 3117
3 3119 3102 3118
3 3120 3102 3119
3 3121 3114 3115
3 3121 3115 3102
3 3121 3120 3119
3 3121 3117 3116
3 3121 3116 3114
3 3121 3118 3117
3 3121 3119 3118
3 3121 3102 3120
3 3171 3138 3139
3 3170 3171 3139
3 3172 3137 3138
3 3172 3138 3171
3 3140 3170 3139
3 3169 3170 3140
3 3173 3136 3137
3 3173 3137 3172
3 3141 3169 3140
3 3168 3169 3141
3 3148 3135 3136
3 3148 3136 3173
3 3142 3168 3141
3 3167 3168 3142
3 3149 3134 3135
3 3149 3135 3148
3 3143 3167 3142
3 3166 3167 3143
3 3150 3133 3134
3 3150 3134 3149
3 3144 3166 3143
3 3165 3166 3144
3 3151 3132 3133
3 3151 3133 3150
3 3145 3165 3144
3 3145 3164 3165
3 3131 3132 3151
3 3131 3151 3152
3 3146 3164 3145
3 3146 3163 3164
3 3153 3131 3152
3 3130 3131 3153
3 3147 3163 3146
3 3147 3162 3163
3 3129 3130 3153
3 3129 3153 3154
3 3122 3161 3162
3 3122 3162 3147
3 3128 3129 3154
3 3128 3154 3155
3 3123 3161 3122
3 3123 3160 3161
3 3127 3155 3156
3 3127 3128 3155
3 3124 3160 3123
3 3124 3159 3160
3 3157 3127 3156
3 3126 3127 3157
3 3125 3159 3124
3 3125 3157 3158
3 3125 3158 3159
3 3125 3126 3157
3 3188 3190 3189
3 3188 3191 3190
3 3188 3192 3191
3 3188 3193 3192
3 3188 3194 3193
3 3174 3188 3189
3 3187 3188 3174
3 3177 3174 3175
3 3177 3175 3176
3 3177 3176 3186
3 3177 3187 3174
3 3185 3177 3186
3 3184 3177 3185
3 3179 3178 3177
3 3183 3177 3184
3 3180 3179 3177
3 3182 3177 3183
3 3181 3180 3177
3 3181 3177 3182
3 3219 3196 3195
3 3219 3197 3196
3 3204 3201 3200
3 3204 3202 3201
3 3204 3203 3202
3 3212 3227 3211
3 3213 3227 3212
3 3217 3209 3216
3 3218 3209 3217
3 3210 3209 3218
3 3228 3198 3197
3 3228 3199 3198
3 3228 3200 3199
3 3228 3219 3220
3 3228 3197 3219
3 3228 3204 3200
3 3229 3222 3223
3 3230 3225 3226
3 3231 3209 3208
3 3231 3213 3214
3 3231 3214 3215
3 3231 3215 3216
3 3231 3226 3227
3 3231 3208 3230
3 3231 3230 3226
3 3231 3227 3213
3 3231 3216 3209
3 3232 3205 3204
3 3232 3220 3221
3 3232 3204 3228
3 3232 3228 3220
3 3233 3205 3232
3 3233 3232 3221
3 3234 3206 3205
3 3234 3221 3222
3 3234 3233 3221
3 3234 3205 3233
3 3234 3229 3206
3 3234 3222 3229
3 3235 3229 3223
3 3235 3207 3206
3 3235 3223 3224
3 3235 3206 3229
3 3236 3207 3235
3 3236 3235 3224
3 3237 3208 3207
3 3237 3224 3225
3 3237 3236 3224
3 3237 3225 3230
3 3237 3230 3208
3 3237 3207 3236
3 3264 3239 3238
3 3247 3244 3243
3 3247 3245 3244
3 3247 3246 3245
3 3257 3269 3256
3 3258 3269 3257
3 3254 3253 3261
3 3262 3254 3261
3 3263 3254 3262
3 3255 3254 3263
3 3270 3240 3239
3 3270 3241 3240
3 3270 3242 3241
3 3270 3243 3242
3 3270 3248 3247
3 3270 3264 3265
3 3270 3239 3264
3 3270 3247 3243
3 3271 3249 3248
3 3271 3250 3249
3 3271 3251 3250
3 3271 3265 3266
3 3271 3266 3267
3 3271 3248 3270
3 3271 3270 3265
3 3272 3252 3251
3 3272 3267 3268
3 3272 3251 3271
3 3272 3271 3267
3 3273 3253 3252
3 3273 3258 3259
3 3273 3259 3260
3 3273 3260 3261
3 3273 3268 3269
3 3273 3272 3268
3 3273 3252 3272
3 3273 3269 3258
3 3273 3261 3253
3 3286 3297 3296
3 3286 3298 3297
3 3286 3299 3298
3 3286 3300 3299
3 3286 3301 3300
3 3286 3302 3301
3 3295 3286 3296
3 3294 3286 3295
3 3293 3286 3294
3 3292 3286 3293
3 3291 3286 3292
3 3287 3286 3291
3 3303 3288 3287
3 3303 3289 3288
3 3303 3287 3291
3 3312 3290 3289
3 3312 3303 3304
3 3312 3304 3305
3 3312 3305 3306
3 3312 3306 3307
3 3312 3307 3308
3 3312 3308 3309
3 3312 3309 3310
3 3312 3310 3311
3 3312 3289 3303
3 3274 3275 3276
3 3274 3276 3277
3 3274 3277 3278
3 3274 3278 3279
3 3274 3279 3280
3 3274 3280 3281
3 3314 3281 3282
3 3314 3282 3283
3 3314 3283 3284
3 3314 3274 3281
3 3313 3290 3312
3 3313 3284 3285
3 3313 3314 3284
3 3313 3285 3290
3 3315 3314 3313
3 3316 3315 3313
3 3319 3313 3320
3 3317 3316 3313
3 3318 3313 3319
3 3318 3317 3313
3 3350 3321 3322
3 3330 3327 3328
3 3330 3328 3329
3 3331 3326 3327
3 3331 3327 3330
3 3340 3349 3339
3 3341 3349 3340
3 3358 3322 3323
3 3358 3323 3324
3 3358 3324 3325
3 3358 3325 3326
3 3358 3350 3322
3 3358 3326 3331
3 3359 3346 3345
3 3360 3351 3350
3 3360 3350 3358
3 3361 3360 3362
3 3361 3351 3360
3 3363 3352 3351
3 3363 3351 3361
3 3364 3352 3363
3 3364 3361 3362
3 3364 3363 3361
3 3365 3364 3362
3 3366 3353 3352
3 3367 3352 3364
3 3367 3365 3368
3 3367 3364 3365
3 3367 3366 3352
3 3369 3366 3367
3 3369 3367 3368
3 3370 3354 3353
3 3370 3366 3369
3 3370 3353 3366
3 3371 3333 3334
3 3372 3370 3369
3 3372 3369 3368
3 3373 3371 3334
3 3374 3372 3368
3 3375 3354 3370
3 3375 3355 3354
3 3376 3370 3372
3 3376 3375 3370
3 3376 3374 3377
3 3376 3372 3374
3 3378 3334 3335
3 3378 3373 3334
3 3379 3378 3335
3 3379 3373 3378
3 3380 3375 3376
3 3381 3355 3375
3 3381 3375 3380
3 3381 3356 3355
3 3382 3381 3380
3 3383 3380 3376
3 3383 3376 3377
3 3383 3382 3380
3 3383 3377 3359
3 3384 3368 3379
3 3385 3335 3336
3 3385 3379 3335
3 3385 3384 3379
3 3385 3336 3384
3 3386 3368 3384
3 3387 3381 3382
3 3388 3343 3342
3 3388 3344 3343
3 3388 3357 3356
3 3388 3342 3357
3 3388 3381 3387
3 3388 3356 3381
3 3389 3345 3344
3 3389 3344 3388
3 3389 3388 3387
3 3390 3377 3386
3 3390 3386 3384
3 3391 3359 3377
3 3391 3377 3390
3 3392 3391 3390
3 3393 3336 3337
3 3393 3384 3336
3 3393 3390 3384
3 3393 3392 3390
3 3394 3391 3392
3 3395 3346 3359
3 3395 3347 3346
3 3395 3348 3347
3 3396 3337 3338
3 3396 3393 3337
3 3396 3392 3393
3 3396 3394 3392
3 3396 3397 3394
3 3398 3339 3349
3 3398 3338 3339
3 3398 3349 3348
3 3398 3396 3338
3 3398 3348 3395
3 3398 3397 3396
3 3399 3358 3331
3 3399 3331 3332
3 3399 3332 3333
3 3399 3371 3362
3 3399 3333 3371
3 3399 3362 3360
3 3399 3360 3358
3 3400 3362 3371
3 3400 3371 3373
3 3400 3373 3379
3 3400 3379 3368
3 3400 3368 3365
3 3400 3365 3362
3 3401 3374 3368
3 3401 3377 3374
3 3401 3386 3377
3 3401 3368 3386
3 3402 3345 3389
3 3402 3359 3345
3 3402 3383 3359
3 3402 3382 3383
3 3402 3387 3382
3 3402 3389 3387
3 3403 3395 3359
3 3403 3359 3391
3 3403 3391 3394
3 3403 3394 3397
3 3403 3398 3395
3 3403 3397 3398
3 3413 3405 3404
3 3413 3404 3412
3 3411 3406 3405
3 3410 3411 3405
3 3414 3405 3413
3 3414 3410 3405
3 3409 3410 3414
3 3415 3409 3414
3 3408 3409 3415
3 3416 3408 3415
3 3407 3408 3416
3 3418 3417 3444
3 3426 3424 3423
3 3426 3425 3424
3 3437 3452 3453
3 3437 3453 3454
3 3437 3454 3436
3 3438 3452 3437
3 3434 3433 3442
3 3443 3434 3442
3 3435 3434 3443
3 3455 3421 3420
3 3456 3432 3431
3 3456 3449 3450
3 3457 3442 3433
3 3457 3433 3432
3 3457 3438 3439
3 3457 3439 3440
3 3457 3440 3441
3 3457 3441 3442
3 3457 3450 3451
3 3457 3451 3452
3 3457 3432 3456
3 3457 3452 3438
3 3457 3456 3450
3 3458 3419 3418
3 3458 3420 3419
3 3458 3444 3445
3 3458 3418 3444
3 3458 3455 3420
3 3459 3445 3446
3 3459 3458 3445
3 3459 3455 3458
3 3460 3455 3459
3 3461 3446 3447
3 3461 3462 3460
3 3461 3459 3446
3 3461 3460 3459
3 3463 3421 3455
3 3463 3422 3421
3 3463 3423 3422
3 3463 3426 3423
3 3464 3463 3455
3 3465 3464 3427
3 3465 3427 3426
3 3465 3463 3464
3 3465 3426 3463
3 3466 3464 3455
3 3466 3460 3462
3 3466 3455 3460
3 3467 3449 3456
3 3467 3461 3447
3 3467 3447 3448
3 3467 3448 3449
3 3467 3462 3461
3 3468 3427 3464
3 3468 3428 3427
3 3468 3466 3462
3 3468 3464 3466
3 3469 3429 3428
3 3469 3428 3468
3 3469 3468 3462
3 3470 3429 3469
3 3470 3469 3462
3 3471 3429 3470
3 3471 3430 3429
3 3471 3470 3462
3 3472 3431 3430
3 3472 3430 3471
3 3472 3471 3462
3 3472 3467 3456
3 3472 3456 3431
3 3472 3462 3467
3 3507 3506 3505
3 3539 3473 3474
3 3539 3481 3473
3 3540 3474 3475
3 3540 3539 3474
3 3541 3475 3476
3 3541 3540 3475
3 3542 3476 3477
3 3542 3541 3476
3 3543 3477 3478
3 3543 3542 3477
3 3544 3478 3479
3 3544 3479 3480
3 3544 3480 3514
3 3544 3543 3478
3 3545 3482 3481
3 3545 3481 3539
3 3546 3539 3540
3 3546 3545 3539
3 3547 3540 3541
3 3547 3546 3540
3 3548 3547 3541
3 3548 3541 3542
3 3549 3548 3542
3 3549 3542 3543
3 3550 3544 3514
3 3550 3543 3544
3 3550 3514 3515
3 3550 3549 3543
3 3551 3483 3482
3 3551 3482 3545
3 3552 3545 3546
3 3552 3551 3545
3 3553 3552 3546
3 3553 3546 3547
3 3554 3547 3548
3 3554 3553 3547
3 3555 3548 3549
3 3555 3554 3548
3 3556 3549 3550
3 3556 3515 3516
3 3556 3550 3515
3 3556 3555 3549
3 3557 3484 3483
3 3557 3483 3551
3 3558 3557 3551
3 3558 3551 3552
3 3559 3558 3552
3 3559 3552 3553
3 3560 3553 3554
3 3560 3559 3553
3 3561 3554 3555
3 3561 3560 3554
3 3562 3516 3517
3 3562 3561 3555
3 3562 3556 3516
3 3562 3555 3556
3 3563 3485 3484
3 3563 3484 3557
3 3564 3563 3557
3 3564 3557 3558
3 3565 3564 3558
3 3565 3558 3559
3 3566 3565 3559
3 3566 3559 3560
3 3567 3560 3561
3 3567 3566 3560
3 3568 3567 3561
3 3568 3517 3518
3 3568 3518 3519
3 3568 3562 3517
3 3568 3561 3562
3 3569 3486 3485
3 3569 3485 3563
3 3570 3563 3564
3 3570 3569 3563
3 3571 3564 3565
3 3571 3570 3564
3 3572 3565 3566
3 3572 3566 3567
3 3572 3571 3565
3 3573 3572 3567
3 3574 3568 3519
3 3574 3567 3568
3 3574 3573 3567
3 3575 3487 3486
3 3575 3486 3569
3 3576 3569 3570
3 3576 3575 3569
3 3577 3576 3570
3 3577 3570 3571
3 3578 3571 3572
3 3578 3577 3571
3 3579 3578 3572
3 3579 3572 3573
3 3580 3574 3519
3 3580 3579 3573
3 3580 3573 3574
3 3580 3519 3520
3 3581 3488 3487
3 3581 3487 3575
3 3582 3581 3575
3 3582 3575 3576
3 3583 3582 3576
3 3583 3576 3577
3 3584 3583 3577
3 3584 3577 3578
3 3585 3578 3579
3 3585 3584 3578
3 3586 3520 3521
3 3586 3579 3580
3 3586 3580 3520
3 3586 3585 3579
3 3587 3489 3488
3 3587 3488 3581
3 3588 3587 3581
3 3588 3581 3582
3 3589 3588 3582
3 3589 3582 3583
3 3590 3583 3584
3 3590 3589 3583
3 3591 3590 3584
3 3591 3584 3585
3 3592 3521 3522
3 3592 3586 3521
3 3592 3585 3586
3 3592 3591 3585
3 3593 3490 3489
3 3593 3489 3587
3 3594 3593 3587
3 3594 3587 3588
3 3595 3588 3589
3 3595 3594 3588
3 3596 3595 3589
3 3596 3589 3590
3 3597 3590 3591
3 3597 3596 3590
3 3598 3597 3591
3 3598 3522 3523
3 3598 3592 3522
3 3598 3591 3592
3 3599 3491 3490
3 3599 3490 3593
3 3600 3599 3593
3 3600 3593 3594
3 3601 3600 3594
3 3601 3594 3595
3 3602 3601 3595
3 3602 3595 3596
3 3603 3596 3597
3 3603 3602 3596
3 3604 3597 3598
3 3604 3603 3597
3 3604 3523 3524
3 3604 3598 3523
3 3605 3492 3491
3 3605 3491 3599
3 3605 3599 3600
3 3606 3605 3600
3 3607 3606 3600
3 3607 3600 3601
3 3608 3607 3601
3 3608 3602 3603
3 3608 3601 3602
3 3609 3608 3603
3 3610 3603 3604
3 3610 3604 3524
3 3610 3609 3603
3 3610 3524 3525
3 3611 3493 3492
3 3611 3494 3493
3 3611 3492 3605
3 3612 3611 3605
3 3612 3605 3606
3 3613 3612 3606
3 3613 3606 3607
3 3614 3607 3608
3 3614 3613 3607
3 3615 3608 3609
3 3615 3614 3608
3 3616 3609 3610
3 3616 3610 3525
3 3616 3525 3526
3 3616 3615 3609
3 3617 3494 3611
3 3618 3611 3612
3 3618 3617 3611
3 3619 3612 3613
3 3619 3618 3612
3 3620 3619 3613
3 3620 3613 3614
3 3621 3614 3615
3 3621 3620 3614
3 3622 3526 3527
3 3622 3616 3526
3 3622 3615 3616
3 3622 3621 3615
3 3623 3495 3494
3 3623 3494 3617
3 3623 3617 3618
3 3624 3618 3619
3 3624 3623 3618
3 3625 3624 3619
3 3626 3619 3620
3 3626 3625 3619
3 3627 3626 3620
3 3627 3620 3621
3 3628 3527 3528
3 3628 3622 3527
3 3628 3621 3622
3 3628 3627 3621
3 3629 3496 3495
3 3629 3495 3623
3 3629 3623 3624
3 3630 3624 3625
3 3630 3629 3624
3 3631 3630 3625
3 3632 3625 3626
3 3632 3631 3625
3 3633 3632 3626
3 3633 3626 3627
3 3634 3633 3627
3 3634 3528 3529
3 3634 3628 3528
3 3634 3627 3628
3 3635 3497 3496
3 3635 3496 3629
3 3636 3635 3629
3 3636 3629 3630
3 3637 3636 3630
3 3637 3630 3631
3 3638 3631 3632
3 3638 3637 3631
3 3639 3638 3632
3 3639 3632 3633
3 3640 3639 3633
3 3640 3633 3634
3 3640 3634 3529
3 3640 3529 3530
3 3641 3498 3497
3 3641 3499 3498
3 3641 3497 3635
3 3642 3635 3636
3 3642 3641 3635
3 3643 3636 3637
3 3643 3642 3636
3 3644 3637 3638
3 3644 3643 3637
3 3645 3644 3638
3 3645 3638 3639
3 3646 3639 3640
3 3646 3640 3530
3 3646 3645 3639
3 3646 3530 3531
3 3647 3499 3641
3 3648 3641 3642
3 3648 3642 3643
3 3648 3647 3641
3 3649 3648 3643
3 3650 3643 3644
3 3650 3644 3645
3 3650 3649 3643
3 3651 3650 3645
3 3652 3651 3645
3 3652 3645 3646
3 3652 3646 3531
3 3652 3531 3532
3 3653 3500 3499
3 3653 3499 3647
3 3654 3653 3647
3 3654 3647 3648
3 3655 3648 3649
3 3655 3654 3648
3 3656 3649 3650
3 3656 3655 3649
3 3657 3650 3651
3 3657 3656 3650
3 3658 3532 3533
3 3658 3651 3652
3 3658 3652 3532
3 3658 3657 3651
3 3659 3501 3500
3 3659 3502 3501
3 3659 3500 3653
3 3660 3659 3653
3 3660 3653 3654
3 3661 3654 3655
3 3661 3660 3654
3 3662 3655 3656
3 3662 3661 3655
3 3663 3656 3657
3 3663 3662 3656
3 3664 3533 3534
3 3664 3534 3535
3 3664 3658 3533
3 3664 3657 3658
3 3664 3663 3657
3 3665 3502 3659
3 3666 3660 3661
3 3666 3665 3659
3 3666 3659 3660
3 3667 3666 3661
3 3668 3667 3661
3 3668 3661 3662
3 3669 3668 3662
3 3669 3662 3663
3 3670 3663 3664
3 3670 3669 3663
3 3670 3664 3535
3 3671 3503 3502
3 3671 3502 3665
3 3672 3671 3665
3 3672 3665 3666
3 3673 3666 3667
3 3673 3672 3666
3 3674 3667 3668
3 3674 3673 3667
3 3675 3668 3669
3 3675 3674 3668
3 3676 3669 3670
3 3676 3670 3535
3 3676 3675 3669
3 3676 3535 3536
3 3677 3504 3503
3 3677 3503 3671
3 3678 3671 3672
3 3678 3677 3671
3 3679 3672 3673
3 3679 3678 3672
3 3680 3673 3674
3 3680 3674 3675
3 3680 3679 3673
3 3681 3680 3675
3 3682 3681 3675
3 3682 3675 3676
3 3682 3676 3536
3 3682 3536 3537
3 3682 3537 3538
3 3683 3505 3504
3 3683 3508 3507
3 3683 3507 3505
3 3683 3504 3677
3 3684 3677 3678
3 3684 3678 3679
3 3684 3683 3677
3 3684 3508 3683
3 3685 3509 3508
3 3685 3684 3679
3 3685 3508 3684
3 3686 3510 3509
3 3686 3511 3510
3 3686 3679 3680
3 3686 3509 3685
3 3686 3685 3679
3 3687 3680 3681
3 3687 3686 3680
3 3687 3511 3686
3 3688 3512 3511
3 3688 3513 3512
3 3688 3681 3682
3 3688 3511 3687
3 3688 3682 3538
3 3688 3538 3513
3 3688 3687 3681
3 3715 3697 3696
3 3715 3711 3697
3 3716 3689 3698
3 3716 3711 3715
3 3717 3711 3716
3 3717 3716 3698
3 3718 3710 3714
3 3719 3718 3720
3 3721 3701 3702
3 3722 3723 3721
3 3722 3724 3725
3 3722 3725 3723
3 3726 3690 3689
3 3726 3691 3690
3 3726 3692 3691
3 3726 3693 3692
3 3726 3694 3693
3 3726 3695 3694
3 3726 3696 3695
3 3726 3715 3696
3 3726 3716 3715
3 3726 3689 3716
3 3727 3717 3698
3 3728 3727 3698
3 3729 3730 3728
3 3729 3731 3730
3 3732 3698 3699
3 3732 3729 3728
3 3732 3731 3729
3 3732 3733 3731
3 3732 3728 3698
3 3732 3699 3733
3 3734 3712 3711
3 3734 3711 3730
3 3734 3730 3731
3 3735 3731 3733
3 3735 3734 3731
3 3736 3712 3734
3 3736 3734 3735
3 3737 3712 3736
3 3738 3737 3739
3 3738 3712 3737
3 3740 3735 3733
3 3740 3736 3735
3 3740 3739 3737
3 3740 3737 3736
3 3740 3733 3699
3 3741 3739 3740
3 3741 3740 3699
3 3742 3738 3739
3 3742 3712 3738
3 3743 3712 3742
3 3744 3742 3739
3 3745 3699 3700
3 3745 3746 3699
3 3745 3747 3746
3 3748 3749 3750
3 3751 3713 3712
3 3751 3712 3743
3 3751 3749 3748
3 3751 3743 3749
3 3752 3753 3751
3 3754 3745 3700
3 3754 3755 3745
3 3756 3754 3700
3 3757 3713 3758
3 3757 3759 3713
3 3760 3756 3700
3 3761 3762 3760
3 3763 3759 3764
3 3763 3714 3713
3 3763 3713 3759
3 3765 3766 3767
3 3768 3714 3763
3 3769 3768 3763
3 3770 3766 3765
3 3771 3770 3765
3 3772 3768 3769
3 3773 3772 3769
3 3774 3772 3773
3 3775 3700 3701
3 3775 3771 3700
3 3775 3770 3771
3 3776 3777 3778
3 3779 3776 3778
3 3780 3776 3779
3 3780 3714 3776
3 3781 3775 3701
3 3781 3782 3775
3 3783 3714 3780
3 3783 3718 3714
3 3784 3778 3785
3 3786 3785 3701
3 3786 3784 3785
3 3787 3720 3718
3 3787 3718 3783
3 3787 3783 3788
3 3789 3787 3788
3 3790 3789 3791
3 3792 3701 3721
3 3792 3786 3701
3 3793 3790 3791
3 3794 3790 3793
3 3794 3793 3795
3 3794 3796 3790
3 3797 3719 3720
3 3798 3794 3795
3 3798 3795 3792
3 3798 3725 3794
3 3798 3721 3723
3 3798 3792 3721
3 3798 3723 3725
3 3799 3794 3725
3 3799 3796 3794
3 3799 3800 3796
3 3799 3725 3724
3 3801 3719 3797
3 3801 3797 3800
3 3801 3799 3724
3 3801 3800 3799
3 3802 3719 3801
3 3803 3727 3728
3 3803 3717 3727
3 3803 3730 3711
3 3803 3728 3730
3 3803 3711 3717
3 3804 3743 3742
3 3805 3739 3741
3 3805 3744 3739
3 3805 3741 3699
3 3805 3746 3806
3 3805 3806 3744
3 3805 3699 3746
3 3807 3742 3744
3 3807 3744 3806
3 3807 3804 3742
3 3808 3807 3806
3 3808 3804 3807
3 3808 3743 3804
3 3809 3743 3808
3 3810 3808 3806
3 3810 3747 3809
3 3810 3806 3746
3 3810 3809 3808
3 3810 3746 3747
3 3811 3743 3809
3 3811 3809 3747
3 3811 3749 3743
3 3812 3811 3747
3 3812 3749 3811
3 3812 3747 3745
3 3813 3812 3745
3 3813 3749 3812
3 3814 3750 3749
3 3814 3749 3813
3 3814 3813 3745
3 3815 3755 3750
3 3815 3814 3745
3 3815 3750 3814
3 3815 3745 3755
3 3816 3750 3755
3 3816 3748 3750
3 3817 3751 3748
3 3818 3816 3755
3 3818 3748 3816
3 3818 3817 3748
3 3819 3751 3817
3 3819 3818 3755
3 3819 3817 3818
3 3820 3819 3755
3 3820 3751 3819
3 3820 3752 3751
3 3821 3820 3755
3 3821 3752 3820
3 3821 3755 3754
3 3822 3753 3752
3 3822 3823 3753
3 3824 3821 3754
3 3824 3822 3752
3 3824 3752 3821
3 3825 3713 3751
3 3825 3751 3753
3 3825 3753 3823
3 3826 3825 3823
3 3826 3823 3827
3 3828 3823 3822
3 3828 3824 3754
3 3828 3822 3824
3 3829 3827 3823
3 3830 3823 3828
3 3830 3829 3823
3 3831 3713 3825
3 3832 3828 3754
3 3832 3830 3828
3 3832 3754 3756
3 3833 3758 3713
3 3833 3713 3831
3 3834 3830 3832
3 3834 3832 3756
3 3834 3827 3829
3 3834 3829 3830
3 3835 3760 3762
3 3835 3756 3760
3 3835 3834 3756
3 3836 3762 3761
3 3836 3757 3758
3 3837 3836 3761
3 3837 3757 3836
3 3838 3757 3837
3 3839 3767 3766
3 3839 3837 3761
3 3839 3766 3838
3 3839 3838 3837
3 3839 3761 3767
3 3840 3764 3759
3 3840 3759 3757
3 3840 3757 3838
3 3840 3838 3766
3 3841 3761 3760
3 3841 3765 3767
3 3841 3700 3771
3 3841 3771 3765
3 3841 3760 3700
3 3841 3767 3761
3 3842 3764 3840
3 3842 3840 3766
3 3842 3770 3843
3 3842 3766 3770
3 3844 3764 3842
3 3844 3842 3843
3 3844 3763 3764
3 3845 3844 3843
3 3845 3763 3844
3 3846 3843 3769
3 3846 3845 3843
3 3846 3763 3845
3 3846 3769 3763
3 3847 3843 3770
3 3847 3770 3775
3 3848 3847 3775
3 3848 3843 3847
3 3849 3714 3768
3 3849 3768 3772
3 3849 3772 3774
3 3849 3774 3777
3 3850 3848 3775
3 3850 3843 3848
3 3850 3775 3782
3 3851 3769 3843
3 3851 3773 3769
3 3851 3843 3850
3 3851 3850 3782
3 3852 3714 3849
3 3853 3849 3777
3 3853 3714 3852
3 3853 3777 3776
3 3853 3852 3849
3 3853 3776 3714
3 3854 3851 3782
3 3854 3782 3781
3 3854 3781 3855
3 3854 3773 3851
3 3856 3774 3773
3 3856 3777 3774
3 3857 3773 3854
3 3857 3856 3773
3 3857 3854 3855
3 3858 3777 3856
3 3858 3856 3857
3 3858 3857 3855
3 3859 3778 3777
3 3859 3777 3858
3 3859 3785 3778
3 3859 3858 3855
3 3859 3855 3785
3 3860 3778 3784
3 3860 3779 3778
3 3861 3779 3860
3 3861 3860 3784
3 3862 3781 3701
3 3862 3855 3781
3 3862 3701 3785
3 3862 3785 3855
3 3863 3780 3779
3 3863 3779 3861
3 3863 3861 3784
3 3864 3780 3863
3 3864 3783 3780
3 3864 3863 3791
3 3864 3788 3783
3 3864 3791 3789
3 3864 3789 3788
3 3865 3791 3863
3 3865 3784 3786
3 3865 3863 3784
3 3866 3786 3792
3 3866 3865 3786
3 3867 3792 3795
3 3867 3795 3793
3 3867 3793 3791
3 3867 3791 3865
3 3867 3866 3792
3 3867 3865 3866
3 3868 3797 3720
3 3868 3800 3797
3 3868 3796 3800
3 3868 3720 3787
3 3868 3787 3789
3 3868 3789 3790
3 3868 3790 3796
3 3869 3724 3722
3 3869 3801 3724
3 3869 3802 3801
3 3870 3706 3707
3 3871 3802 3869
3 3872 3831 3825
3 3872 3825 3826
3 3873 3827 3834
3 3873 3834 3835
3 3873 3872 3826
3 3873 3826 3827
3 3874 3833 3831
3 3874 3831 3872
3 3875 3872 3873
3 3875 3873 3835
3 3875 3874 3872
3 3876 3875 3835
3 3876 3874 3875
3 3877 3835 3762
3 3877 3874 3876
3 3877 3876 3835
3 3878 3762 3836
3 3878 3836 3758
3 3878 3877 3762
3 3878 3874 3877
3 3878 3758 3833
3 3878 3833 3874
3 3879 3718 3719
3 3879 3710 3718
3 3880 3870 3707
3 3880 3879 3870
3 3880 3707 3708
3 3880 3710 3879
3 3881 3708 3709
3 3881 3709 3710
3 3881 3880 3708
3 3881 3710 3880
3 3882 3802 3871
3 3883 3870 3882
3 3883 3882 3871
3 3884 3706 3870
3 3884 3870 3883
3 3884 3705 3706
3 3884 3883 3871
3 3885 3722 3721
3 3885 3871 3869
3 3885 3721 3702
3 3885 3869 3722
3 3886 3885 3702
3 3887 3702 3703
3 3887 3703 3704
3 3887 3886 3702
3 3888 3870 3879
3 3888 3879 3719
3 3888 3882 3870
3 3888 3802 3882
3 3888 3719 3802
3 3889 3871 3885
3 3889 3884 3871
3 3889 3885 3886
3 3890 3704 3705
3 3890 3705 3884
3 3890 3887 3704
3 3890 3886 3887
3 3890 3884 3889
3 3890 3889 3886
3 3916 3917 3918
3 3916 3944 3943
3 3916 3918 3944
3 3915 3916 3943
3 3914 3943 3942
3 3914 3915 3943
3 3913 3942 3941
3 3913 3914 3942
3 3912 3941 3940
3 3912 3913 3941
3 3911 3940 3939
3 3911 3912 3940
3 3910 3939 3938
3 3910 3911 3939
3 3909 3938 3937
3 3909 3910 3938
3 3908 3937 3936
3 3908 3909 3937
3 3907 3936 3935
3 3907 3908 3936
3 3906 3907 3935
3 3906 3934 3933
3 3906 3935 3934
3 3905 3906 3933
3 3904 3905 3933
3 3904 3932 3931
3 3904 3933 3932
3 3903 3904 3931
3 3903 3931 3930
3 3902 3903 3930
3 3901 3902 3930
3 3901 3929 3928
3 3901 3930 3929
3 3900 3901 3928
3 3899 3900 3928
3 3899 3928 3927
3 3898 3927 3926
3 3898 3899 3927
3 3897 3925 3924
3 3897 3926 3925
3 3897 3898 3926
3 3896 3897 3924
3 3895 3924 3923
3 3895 3896 3924
3 3894 3923 3922
3 3894 3895 3923
3 3893 3922 3921
3 3893 3894 3922
3 3892 3921 3920
3 3892 3893 3921
3 3891 3920 3919
3 3891 3892 3920
3 3945 3946 4010
3 4011 3973 3972
3 4011 3972 4004
3 4012 3974 3973
3 4012 3973 4011
3 4013 4004 4003
3 4013 4011 4004
3 4014 3974 4012
3 4014 3975 3974
3 4015 4012 4011
3 4015 4011 4013
3 4016 3976 3975
3 4016 3975 4014
3 4017 4003 4002
3 4017 4013 4003
3 4018 4012 4015
3 4018 4014 4012
3 4019 3977 3976
3 4019 3976 4016
3 4020 4015 4013
3 4020 4013 4017
3 4021 4016 4014
3 4021 4014 4018
3 4022 3970 3971
3 4022 3978 3977
3 4022 3971 3978
3 4022 3977 4019
3 4023 4002 4001
3 4023 4017 4002
3 4024 4018 4015
3 4024 4015 4020
3 4025 4019 4016
3 4025 4016 4021
3 4026 4020 4017
3 4026 4017 4023
3 4027 4021 4018
3 4027 4018 4024
3 4028 4019 4025
3 4028 3970 4022
3 4028 3969 3970
3 4028 4022 4019
3 4029 4001 4000
3 4029 4023 4001
3 4030 4024 4020
3 4030 4020 4026
3 4031 4021 4027
3 4031 4025 4021
3 4032 4023 4029
3 4032 4026 4023
3 4033 4024 4030
3 4033 4027 4024
3 4034 4025 4031
3 4034 3968 3969
3 4034 3969 4028
3 4034 4028 4025
3 4035 4000 3999
3 4035 4029 4000
3 4036 4026 4032
3 4036 4030 4026
3 4037 4027 4033
3 4037 4031 4027
3 4038 4032 4029
3 4038 4029 4035
3 4039 4033 4030
3 4039 4030 4036
3 4040 4031 4037
3 4040 3967 3968
3 4040 3968 4034
3 4040 4034 4031
3 4041 4035 3999
3 4041 3999 3998
3 4042 4036 4032
3 4042 4039 4036
3 4042 4032 4038
3 4043 4033 4039
3 4043 4037 4033
3 4044 4038 4035
3 4044 4035 4041
3 4045 4039 4042
3 4046 4040 4037
3 4046 3967 4040
3 4046 3966 3967
3 4046 4037 4043
3 4047 4041 3998
3 4047 3997 3996
3 4047 3998 3997
3 4048 4042 4038
3 4048 4038 4044
3 4049 4039 4045
3 4049 4043 4039
3 4050 4044 4041
3 4050 4041 4047
3 4051 4042 4048
3 4051 4045 4042
3 4052 3965 3966
3 4052 4043 4049
3 4052 3966 4046
3 4052 4046 4043
3 4053 4047 3996
3 4054 4048 4044
3 4054 4044 4050
3 4055 4049 4045
3 4055 4045 4051
3 4056 4050 4047
3 4056 4047 4053
3 4057 4051 4048
3 4057 4048 4054
3 4057 4055 4051
3 4058 3964 3965
3 4058 4049 4055
3 4058 3965 4052
3 4058 4052 4049
3 4059 3996 3995
3 4059 4053 3996
3 4060 4050 4056
3 4060 4054 4050
3 4060 4057 4054
3 4061 4055 4057
3 4062 4056 4053
3 4062 4053 4059
3 4063 4057 4060
3 4064 3963 3964
3 4064 3964 4058
3 4064 4058 4055
3 4064 4055 4061
3 4065 3995 3994
3 4065 4059 3995
3 4066 4060 4056
3 4066 4056 4062
3 4067 4061 4057
3 4067 4057 4063
3 4068 4062 4059
3 4068 4059 4065
3 4069 4060 4066
3 4069 4063 4060
3 4070 3962 3963
3 4070 3963 4064
3 4070 4064 4061
3 4070 4061 4067
3 4071 4068 4065
3 4071 3994 3993
3 4071 4065 3994
3 4072 4066 4062
3 4072 4062 4068
3 4073 4063 4069
3 4073 4067 4063
3 4074 4068 4071
3 4075 4066 4072
3 4075 4069 4066
3 4076 4067 4073
3 4076 3961 3962
3 4076 4070 4067
3 4076 3962 4070
3 4077 4071 3993
3 4077 3993 3992
3 4078 4072 4068
3 4078 4068 4074
3 4079 4073 4069
3 4079 4069 4075
3 4080 4071 4077
3 4080 4074 4071
3 4081 4072 4078
3 4081 4075 4072
3 4082 4076 4073
3 4082 3960 3961
3 4082 3961 4076
3 4082 4073 4079
3 4083 4077 3992
3 4083 3992 3991
3 4084 4078 4074
3 4084 4074 4080
3 4085 4079 4075
3 4085 4075 4081
3 4086 4077 4083
3 4086 4080 4077
3 4087 4081 4078
3 4087 4078 4084
3 4088 3959 3960
3 4088 4082 4079
3 4088 4079 4085
3 4088 3960 4082
3 4089 4083 3991
3 4089 3991 3990
3 4090 4084 4080
3 4090 4080 4086
3 4091 4085 4081
3 4091 4081 4087
3 4092 4086 4083
3 4092 4083 4089
3 4093 4087 4084
3 4093 4084 4090
3 4094 3958 3959
3 4094 3959 4088
3 4094 4088 4085
3 4094 4085 4091
3 4095 3989 3988
3 4095 3990 3989
3 4095 4089 3990
3 4096 4090 4086
3 4096 4086 4092
3 4097 4087 4093
3 4097 4091 4087
3 4098 4092 4089
3 4098 4089 4095
3 4099 4093 4090
3 4099 4090 4096
3 4100 3956 3957
3 4100 3957 3958
3 4100 3958 4094
3 4100 4094 4091
3 4100 4091 4097
3 4101 4095 3988
3 4101 4098 4095
3 4102 4096 4092
3 4102 4092 4098
3 4103 4097 4093
3 4103 4093 4099
3 4104 4098 4101
3 4105 4099 4096
3 4105 4096 4102
3 4106 3955 3956
3 4106 4097 4103
3 4106 3956 4100
3 4106 4100 4097
3 4107 4101 3988
3 4107 3988 3987
3 4108 4102 4098
3 4108 4105 4102
3 4108 4098 4104
3 4109 4103 4099
3 4109 4106 4103
3 4109 4099 4105
3 4110 4101 4107
3 4110 4104 4101
3 4111 4105 4108
3 4112 3955 4106
3 4112 4106 4109
3 4113 4107 3987
3 4113 3986 3985
3 4113 3987 3986
3 4114 4108 4104
3 4114 4104 4110
3 4115 4109 4105
3 4115 4105 4111
3 4116 4107 4113
3 4116 4110 4107
3 4117 4111 4108
3 4117 4108 4114
3 4118 3955 4112
3 4118 3954 3955
3 4118 4112 4109
3 4118 4109 4115
3 4119 4113 3985
3 4120 4114 4110
3 4120 4110 4116
3 4121 4115 4111
3 4121 4111 4117
3 4122 4113 4119
3 4122 4120 4116
3 4122 4116 4113
3 4123 4114 4120
3 4123 4117 4114
3 4123 4121 4117
3 4124 3953 3954
3 4124 3954 4118
3 4124 4118 4115
3 4124 4115 4121
3 4125 3985 3984
3 4125 4119 3985
3 4126 4120 4122
3 4127 4121 4123
3 4128 4122 4119
3 4128 4119 4125
3 4129 4123 4120
3 4129 4120 4126
3 4130 3952 3953
3 4130 4124 4121
3 4130 3953 4124
3 4130 4121 4127
3 4131 3984 3983
3 4131 4125 3984
3 4132 4126 4122
3 4132 4122 4128
3 4133 4123 4129
3 4133 4127 4123
3 4134 4128 4125
3 4134 4125 4131
3 4135 4126 4132
3 4135 4129 4126
3 4136 3950 3951
3 4136 3951 3952
3 4136 3952 4130
3 4136 4130 4127
3 4136 4127 4133
3 4137 3983 3982
3 4137 4131 3983
3 4137 4134 4131
3 4138 4135 4132
3 4138 4132 4128
3 4138 4128 4134
3 4139 4136 4133
3 4139 4133 4129
3 4139 4129 4135
3 4140 4134 4137
3 4141 4135 4138
3 4142 4136 4139
3 4142 3950 4136
3 4143 3982 3981
3 4143 4137 3982
3 4144 4141 4138
3 4144 4138 4134
3 4144 4134 4140
3 4145 4139 4135
3 4145 4135 4141
3 4146 4140 4137
3 4146 4137 4143
3 4147 4145 4141
3 4147 4141 4144
3 4148 3949 3950
3 4148 3950 4142
3 4148 4139 4145
3 4148 4142 4139
3 4149 4143 3981
3 4149 4146 4143
3 4149 3980 3979
3 4149 3981 3980
3 4149 3979 4005
3 4149 4005 4006
3 4150 4140 4146
3 4150 4144 4140
3 4151 4145 4147
3 4152 4149 4006
3 4152 4006 4007
3 4152 4146 4149
3 4153 4147 4144
3 4153 4144 4150
3 4154 3948 3949
3 4154 3949 4148
3 4154 4145 4151
3 4154 4148 4145
3 4155 4150 4146
3 4155 4146 4152
3 4155 4152 4007
3 4156 4147 4153
3 4156 4151 4147
3 4157 4150 4155
3 4157 4156 4153
3 4157 4153 4150
3 4157 4007 4008
3 4157 4155 4007
3 4158 3946 3947
3 4158 3947 3948
3 4158 3948 4154
3 4158 4151 4156
3 4158 4154 4151
3 4159 4156 4157
3 4159 4157 4008
3 4159 4008 4009
3 4159 4158 4156
3 4160 3946 4158
3 4160 4158 4159
3 4160 4009 4010
3 4160 4159 4009
3 4160 4010 3946
3 4175 4177 4176
3 4180 4179 4178
3 4173 4175 4174
3 4183 4178 4177
3 4183 4181 4180
3 4183 4182 4181
3 4183 4180 4178
3 4171 4173 4172
3 4185 4184 4183
3 4185 4177 4175
3 4185 4183 4177
3 4186 4185 4175
3 4168 4170 4169
3 4168 4171 4170
3 4162 4161 4186
3 4162 4175 4173
3 4162 4186 4175
3 4164 4163 4162
3 4164 4166 4165
3 4164 4167 4166
3 4164 4168 4167
3 4164 4173 4171
3 4164 4171 4168
3 4164 4162 4173
