ply
format ascii 1.0
comment generated by blendit.inference.finetune_visualize
element vertex 5737
property float x
property float y
property float z
property uchar red
property uchar green
property uchar blue
element face 9154
property list uchar int vertex_indices
end_header
0 1.03036337 85.4389039 218 222 230
0 57.9416549 85.4389039 218 222 230
0 0.719682362 85.0282741 218 222 230
-1.98283223e-17 0.734337681 85.1791054 218 222 230
-3.63978102e-17 0.761810543 85.257641 218 222 230
-5.95377411e-18 0.795645721 85.3142794 218 222 230
4.62303452e-17 0.846765533 85.3692026 218 222 230
6.60383808e-17 0.906349188 85.4087807 218 222 230
4.27434667e-17 0.96638462 85.4310518 218 222 230
-2.22044605e-16 0.719682362 1.8391934 218 222 230
0 56.7615399 1.8391934 218 222 230
0 58.0525994 2.97452371 218 222 230
-8.42083545e-17 58.0210116 2.72305594 218 222 230
-3.03264326e-17 57.9310079 2.48813375 218 222 230
4.3377044e-17 57.7923104 2.28255106 218 222 230
-2.52552072e-17 57.6166158 2.11449828 218 222 230
7.95732898e-18 57.4158257 1.98762306 218 222 230
1.67399295e-16 57.2004897 1.90168394 218 222 230
-5.38911018e-18 56.9818841 1.8541135 218 222 230
-9.13541233e-17 58.1797095 20.0778244 218 222 230
-8.21082193e-17 58.4997568 43.6204868 218 222 230
-2.53826316e-17 58.8135519 67.0237555 218 222 230
0 58.9326916 84.2664499 218 222 230
4.36556211e-17 58.9119392 84.5264377 218 222 230
3.69566695e-17 58.8406868 84.7855048 218 222 230
-6.07153217e-18 58.7065504 85.0313474 218 222 230
-2.91550299e-17 58.5478485 85.2052768 218 222 230
-2.74678638e-17 58.3635473 85.3320262 218 222 230
6.21791514e-17 58.159993 85.4110269 218 222 230
9.8627217e-17 58.0518136 85.4318197 218 222 230
0 1.03036337 85.4389039 255 79 163
0.0187686314 1.03036337 85.5903868 255 79 163
0.0712772192 1.03036337 85.7276996 255 79 163
0.148112082 1.03036337 85.8413077 255 79 163
0.249000375 1.03036337 85.9360027 255 79 163
0.366369905 1.03036337 86.0051051 255 79 163
0.490820757 1.03036337 86.0458624 255 79 163
0.55661254 1.03036337 86.0562854 255 79 163
0.620698682 1.03036337 86.0596026 255 79 163
0.620698682 57.9416549 86.0596026 255 79 163
0 57.9416549 85.4389039 255 79 163
0.0187686314 57.9416549 85.5903868 255 79 163
0.0712772192 57.9416549 85.7276996 255 79 163
0.148112082 57.9416549 85.8413077 255 79 163
0.249000375 57.9416549 85.9360027 255 79 163
0.366369905 57.9416549 86.0051051 255 79 163
0.490820757 57.9416549 86.0458624 255 79 163
0.55661254 57.9416549 86.0562854 255 79 163
0 0.719682362 85.0282741 255 79 163
0.0217616911 0.544042277 85.0282741 255 79 163
0.0826438962 0.384832104 85.0282741 255 79 163
0.171731721 0.253106755 85.0282741 255 79 163
0.28870881 0.14331052 85.0282741 255 79 163
0.424795422 0.0631883445 85.0282741 255 79 163
0.569092624 0.0159313882 85.0282741 255 79 163
0.645376314 0.00384626801 85.0282741 255 79 163
0.719682362 -1.80819698e-17 85.0282741 255 79 163
0.71514736 0.0284341786 85.2688162 255 79 163
0.700702123 0.112150485 85.4961267 255 79 163
0.680317236 0.246571137 85.6976961 255 79 163
0.658055593 0.424355184 85.8623728 255 79 163
0.638022935 0.635738215 85.980983 255 79 163
0.625989808 0.829166779 86.0397592 255 79 163
0.620698682 1.03036337 86.0596026 255 79 163
0 1.03036337 85.4389039 255 79 163
0.0187686314 1.03036337 85.5903868 255 79 163
0.0712772192 1.03036337 85.7276996 255 79 163
0.148112082 1.03036337 85.8413077 255 79 163
0.249000375 1.03036337 85.9360027 255 79 163
0.366369905 1.03036337 86.0051051 255 79 163
0.490820757 1.03036337 86.0458624 255 79 163
0.55661254 1.03036337 86.0562854 255 79 163
-1.98283223e-17 0.734337681 85.1791054 255 79 163
-3.63978102e-17 0.761810543 85.257641 255 79 163
-5.95377411e-18 0.795645721 85.3142794 255 79 163
4.62303452e-17 0.846765533 85.3692026 255 79 163
6.60383808e-17 0.906349188 85.4087807 255 79 163
4.27434667e-17 0.96638462 85.4310518 255 79 163
0.209686316 0.229251228 85.2111231 255 79 163
0.200340572 0.379640788 85.5472083 255 79 163
0.188271171 0.664015332 85.7890026 255 79 163
0.183817777 0.841598862 85.8553073 255 79 163
0 58.9326916 84.2664499 218 222 230
0.0243085601 59.1288876 84.2664499 218 222 230
0.0923160846 59.3067309 84.2664499 218 222 230
0.19183026 59.4538726 84.2664499 218 222 230
0.322497707 59.5765188 84.2664499 218 222 230
0.474511149 59.666018 84.2664499 218 222 230
0.635696104 59.7188057 84.2664499 218 222 230
0.720907619 59.7323052 84.2664499 218 222 230
0.803910039 59.7366016 84.2664499 218 222 230
0.793599005 59.6978579 84.6370918 218 222 230
0.769657114 59.5832789 84.9916739 218 222 230
0.737225633 59.3978617 85.3148364 218 222 230
0.701340803 59.1497128 85.5926458 218 222 230
0.666988033 58.8496267 85.8132008 218 222 230
0.639154864 58.5105702 85.9671045 218 222 230
0.625256126 58.2298418 86.0363227 218 222 230
0.620698682 57.9416549 86.0596026 218 222 230
0 57.9416549 85.4389039 218 222 230
0.0187686314 57.9416549 85.5903868 218 222 230
0.0712772192 57.9416549 85.7276996 218 222 230
0.148112082 57.9416549 85.8413077 218 222 230
0.249000375 57.9416549 85.9360027 218 222 230
0.366369905 57.9416549 86.0051051 218 222 230
0.490820757 57.9416549 86.0458624 218 222 230
0.55661254 57.9416549 86.0562854 218 222 230
4.36556211e-17 58.9119392 84.5264377 218 222 230
3.69566695e-17 58.8406868 84.7855048 218 222 230
-6.07153217e-18 58.7065504 85.0313474 218 222 230
-2.91550299e-17 58.5478485 85.2052768 218 222 230
-2.74678638e-17 58.3635473 85.3320262 218 222 230
6.21791514e-17 58.159993 85.4110269 218 222 230
9.8627217e-17 58.0518136 85.4318197 218 222 230
0.231913633 59.4643142 84.6139872 218 222 230
0.213301164 59.1760664 85.2508604 218 222 230
0.191707412 58.6359873 85.7082453 218 222 230
0.184365643 58.2994768 85.8341716 218 222 230
0.719682362 0 1.8391934 255 79 163
0.544042277 0.0217616911 1.8391934 255 79 163
0.384832104 0.0826438962 1.8391934 255 79 163
0.253106755 0.171731721 1.8391934 255 79 163
0.14331052 0.28870881 1.8391934 255 79 163
0.0631883445 0.424795422 1.8391934 255 79 163
0.0159313882 0.569092624 1.8391934 255 79 163
0.00384626801 0.645376314 1.8391934 255 79 163
-2.22044605e-16 0.719682362 1.8391934 255 79 163
0.719682362 -1.80819698e-17 85.0282741 255 79 163
0 0.719682362 85.0282741 255 79 163
0.0217616911 0.544042277 85.0282741 255 79 163
0.0826438962 0.384832104 85.0282741 255 79 163
0.171731721 0.253106755 85.0282741 255 79 163
0.28870881 0.14331052 85.0282741 255 79 163
0.424795422 0.0631883445 85.0282741 255 79 163
0.569092624 0.0159313882 85.0282741 255 79 163
0.645376314 0.00384626801 85.0282741 255 79 163
0 58.0525994 2.97452371 218 222 230
0.0433072531 58.432051 2.97452371 218 222 230
0.182837517 58.8157298 2.97452371 218 222 230
0.393357305 59.1343106 2.97452371 218 222 230
0.642752756 59.3761035 2.97452371 218 222 230
0.93268205 59.5597097 2.97452371 218 222 230
1.24316074 59.6778754 2.97452371 218 222 230
1.46660633 59.7225103 2.97452371 218 222 230
1.68400222 59.7366016 2.97452371 218 222 230
1.55689214 59.7366016 20.0778244 218 222 230
1.23684483 59.7366016 43.6204868 218 222 230
0.923049692 59.7366016 67.0237555 218 222 230
0.803910039 59.7366016 84.2664499 218 222 230
0 58.9326916 84.2664499 218 222 230
0.0243085601 59.1288876 84.2664499 218 222 230
0.0923160846 59.3067309 84.2664499 218 222 230
0.19183026 59.4538726 84.2664499 218 222 230
0.322497707 59.5765188 84.2664499 218 222 230
0.474511149 59.666018 84.2664499 218 222 230
0.635696104 59.7188057 84.2664499 218 222 230
0.720907619 59.7323052 84.2664499 218 222 230
-9.13541233e-17 58.1797095 20.0778244 218 222 230
-8.21082193e-17 58.4997568 43.6204868 218 222 230
-2.53826316e-17 58.8135519 67.0237555 218 222 230
1.12177121 59.6533405 11.5261741 218 222 230
0.861365084 59.5330827 8.67562395 218 222 230
0.238095096 59.4657412 72.7713203 218 222 230
0.270354995 59.4662466 67.0237555 218 222 230
0.504402468 59.6646347 75.6451027 218 222 230
0.217843442 58.8893162 5.82507383 218 222 230
0.144328593 58.7402415 4.87489046 218 222 230
0.278528484 58.9851472 4.87489046 218 222 230
0.33338711 59.065978 5.82507383 218 222 230
0.10793757 58.6678611 8.67562395 218 222 230
0.285276747 59.0091268 8.67562395 218 222 230
0.0457417475 58.4902169 12.4763574 218 222 230
1.02869443 59.6295248 15.3269076 218 222 230
0.103367077 58.7131157 17.2272743 218 222 230
0.439715284 59.2300332 14.3767242 218 222 230
0.982036233 59.616824 17.2272743 218 222 230
0.194144451 58.9175166 18.1774577 218 222 230
0.792716175 59.527673 18.1774577 218 222 230
0.45600315 59.2805985 20.0778244 218 222 230
0.109312042 58.7527932 20.0778244 218 222 230
0.98380838 59.6272896 20.0778244 218 222 230
0.133515324 58.834038 22.6936758 218 222 230
0.186681019 58.9898775 27.9253786 218 222 230
0.662501771 59.4683158 22.6936758 218 222 230
0.772206348 59.54355 24.0016015 218 222 230
0.939537765 59.6322085 25.96349 218 222 230
0.691014149 59.5638481 35.7729327 218 222 230
0.412439932 59.3241617 31.8491556 218 222 230
0.641439746 59.476845 26.6174529 218 222 230
0.234268818 59.1581011 37.0808584 218 222 230
0.0929489191 58.9000613 37.7348212 218 222 230
0.165421557 59.0749154 39.6967097 218 222 230
0.7271059 59.6558121 49.471304 218 222 230
0.60250825 59.5859745 47.5210316 218 222 230
0.518925306 59.6068703 59.2226659 218 222 230
0.312716756 59.4238848 55.3221211 218 222 230
0.495127179 59.5360956 50.1213948 218 222 230
0.143387297 59.1630524 51.4215764 218 222 230
0.175515249 59.3031864 60.5228475 218 222 230
0.06956855 59.1104847 61.1729383 218 222 230
0.123536085 59.2424573 63.1232107 218 222 230
0.167238328 59.3236253 64.4233923 218 222 230
0.157697264 59.3912244 77.5609576 218 222 230
0.124898942 59.3517109 79.9557763 218 222 230
0.190900162 59.442649 79.9557763 218 222 230
0.082031632 59.2791975 81.3926675 218 222 230
0.94834407 59.5682056 3.60797929 218 222 230
1.0952791 59.6309861 3.60797929 218 222 230
0.806556799 59.4913689 3.92470709 218 222 230
0.703918419 59.4235957 3.92470709 218 222 230
0.912925824 59.5509668 3.92470709 218 222 230
0.696990839 59.419821 4.55816267 218 222 230
0.954517699 59.5722794 4.39979877 218 222 230
0.923656888 59.5595125 5.82507383 218 222 230
0.390810763 59.1523375 9.62580733 218 222 230
0.448945052 59.2194002 10.100899 218 222 230
0.267845671 58.9934397 10.8927185 218 222 230
0.373246356 59.1423277 12.0012658 218 222 230
0.592296814 59.361069 11.8429019 218 222 230
0.42857512 59.2060001 12.0012658 218 222 230
0.970712689 59.5947881 11.5261741 218 222 230
0.432376067 59.2139979 12.7930852 218 222 230
0.45654119 59.254462 15.6436354 218 222 230
0.464915676 59.2665011 16.2770909 218 222 230
0.623996829 59.4079439 16.5938187 218 222 230
0.448458155 59.2552687 17.2272743 218 222 230
0.352672185 59.1492597 17.5440021 218 222 230
0.528697732 59.3349444 17.702366 218 222 230
0.661686229 59.57118 39.6967097 218 222 230
0.224123385 59.1831541 41.0046354 218 222 230
0.488201167 59.4678624 41.4406106 218 222 230
0.646850847 59.5748889 41.6585983 218 222 230
0.691826288 59.602664 42.3125611 218 222 230
0.72181723 59.6196061 42.7485363 218 222 230
0.781568794 59.6497606 43.6204868 218 222 230
0.11458044 59.0296844 44.4872745 218 222 230
0.0868409771 58.9550328 43.6204868 218 222 230
0.129812375 59.0660831 44.9206684 218 222 230
0.154301555 59.1193954 45.5707592 218 222 230
0.150627063 59.1340934 47.5210316 218 222 230
0.519902103 59.5260627 46.22085 218 222 230
0.255091549 59.2731933 45.7874561 218 222 230
0.49414434 59.6130655 63.1232107 218 222 230
0.36423753 59.5361004 64.8567862 218 222 230
0.482579942 59.6159566 65.0734831 218 222 230
0.516111126 59.6366825 65.7235739 218 222 230
0.428120238 59.5884631 66.1569677 218 222 230
0.319744889 59.5706478 81.8716312 218 222 230
0.313988753 59.567967 82.8295587 218 222 230
0.352552322 59.5959872 82.8295587 218 222 230
0.392476667 59.6215502 82.8295587 218 222 230
0.500065981 59.6761078 83.3085224 218 222 230
0.277318091 58.9794923 3.4496154 218 222 230
0.644480969 59.4000734 11.2094463 218 222 230
0.148889625 59.0703426 42.0219109 218 222 230
0.117298352 59.0129159 42.5305487 218 222 230
0.26162627 59.2491591 42.4578862 218 222 230
0.173297555 59.1240987 42.9665239 218 222 230
0.141045086 59.0684676 43.1845116 218 222 230
0.362263465 59.3743381 43.6204868 218 222 230
0.325493307 59.3300165 42.9665239 218 222 230
0.337603911 59.345061 43.1845116 218 222 230
0.387478057 59.4025006 44.0538807 218 222 230
0.400273723 59.4161609 44.2705776 218 222 230
0.66120152 59.59702 44.0538807 218 222 230
0.602995114 59.5659941 44.2705776 218 222 230
0.474073991 59.4821507 44.7762038 218 222 230
0.705061917 59.6223219 44.7039714 218 222 230
0.641267823 59.5932968 45.2095976 218 222 230
0.0875077346 59.1967126 65.9402708 218 222 230
0.174989353 59.3469034 66.0125031 218 222 230
0.10524045 59.238075 66.5903616 218 222 230
0.152249738 59.3192139 66.7348262 218 222 230
0.0762605695 59.2729605 83.5480043 218 222 230
0 56.7615399 1.8391934 255 79 163
0.0431801471 56.7615399 1.44300057 255 79 163
0.182194285 56.7615399 1.04107919 255 79 163
0.420808834 56.7615399 0.668374203 255 79 163
0.745670954 56.7615399 0.360396244 255 79 163
1.1279557 56.7615399 0.143088066 255 79 163
1.48726333 56.7615399 0.033984939 255 79 163
1.8391934 56.7615399 3.89318856e-16 255 79 163
1.8391934 0.367712946 -2.22044605e-16 255 79 163
-2.22044605e-16 0.719682362 1.8391934 255 79 163
0.0361459091 0.704228514 1.476355 255 79 163
0.143162441 0.663556385 1.12777816 255 79 163
0.316843635 0.606200102 0.807164499 255 79 163
0.55036259 0.540693788 0.527115984 255 79 163
0.834540348 0.475571569 0.298640004 255 79 163
1.15820725 0.419367568 0.130717334 255 79 163
1.49248428 0.381865423 0.03297505 255 79 163
0 58.0525994 2.97452371 255 79 163
0.0433072531 58.432051 2.97452371 255 79 163
0.182837517 58.8157298 2.97452371 255 79 163
0.393357305 59.1343106 2.97452371 255 79 163
0.642752756 59.3761035 2.97452371 255 79 163
0.93268205 59.5597097 2.97452371 255 79 163
1.24316074 59.6778754 2.97452371 255 79 163
1.46660633 59.7225103 2.97452371 255 79 163
1.68400222 59.7366016 2.97452371 255 79 163
1.69481407 59.6526199 2.27273131 255 79 163
1.72019257 59.4054112 1.61058561 255 79 163
1.75359336 59.0089582 1.02548854 255 79 163
1.78845946 58.4856884 0.550453668 255 79 163
1.8182509 57.8651678 0.212249612 255 79 163
1.83403924 57.3234628 0.0535463879 255 79 163
1.8391934 56.7615399 3.89318856e-16 255 79 163
0 56.7615399 1.8391934 255 79 163
0.0431801471 56.7615399 1.44300057 255 79 163
0.182194285 56.7615399 1.04107919 255 79 163
0.420808834 56.7615399 0.668374203 255 79 163
0.745670954 56.7615399 0.360396244 255 79 163
1.1279557 56.7615399 0.143088066 255 79 163
1.48726333 56.7615399 0.033984939 255 79 163
-8.42083545e-17 58.0210116 2.72305594 255 79 163
-3.03264326e-17 57.9310079 2.48813375 255 79 163
4.3377044e-17 57.7923104 2.28255106 255 79 163
-2.52552072e-17 57.6166158 2.11449828 255 79 163
7.95732898e-18 57.4158257 1.98762306 255 79 163
1.67399295e-16 57.2004897 1.90168394 255 79 163
-5.38911018e-18 56.9818841 1.8541135 255 79 163
0.496151353 59.179061 2.42274087 255 79 163
0.53662263 57.3042301 0.596844215 255 79 163
0.0435085349 58.3947233 2.64843921 255 79 163
0.138861135 58.675005 2.57431813 255 79 163
0.119457242 58.5726215 2.39583981 255 79 163
0.0523300863 58.1817688 2.09819081 255 79 163
0.121331662 58.3844064 2.0156386 255 79 163
0.219053427 58.6702494 2.09780775 255 79 163
0.0528983749 58.0438311 1.9285778 255 79 163
0.122303208 58.2752539 1.86572948 255 79 163
0.511986372 58.6884401 1.43787238 255 79 163
0.0534873331 57.8856685 1.78032648 255 79 163
0.123318768 58.1520664 1.72825933 255 79 163
1.0231041 59.5663901 2.53861513 255 79 163
0.124345673 58.0164604 1.60434273 255 79 163
1.07072572 59.5419886 2.31977818 255 79 163
1.07777765 59.4439248 1.99434989 255 79 163
0.877944857 59.2339612 1.755847 255 79 163
0.0546622124 57.4968035 1.5419955 255 79 163
0.228050371 58.0010827 1.32332941 255 79 163
1.286385 59.5434647 2.07437674 255 79 163
0.126553168 57.6701086 1.37701893 255 79 163
0.127389046 57.5053736 1.30251467 255 79 163
1.09556214 59.1570198 1.42303733 255 79 163
0.0430560143 57.0580896 1.46661699 255 79 163
0.128183787 57.3112109 1.23695546 255 79 163
1.10641506 58.9548366 1.15023788 255 79 163
0.232648937 57.4703667 1.05568351 255 79 163
0.530430173 57.8226848 0.771032602 255 79 163
1.31553782 59.1381745 1.27316807 255 79 163
0.14531056 57.1383318 1.15554928 255 79 163
0.911404089 58.435302 0.794958706 255 79 163
1.11757797 58.7217216 0.903550064 255 79 163
1.33319464 58.8387762 0.919368651 255 79 163
1.13763518 58.2105054 0.521383154 255 79 163
0.930734856 57.7048711 0.399067472 255 79 163
1.14679376 57.9083675 0.367713362 255 79 163
1.36579589 58.1163524 0.387244432 255 79 163
1.15388351 57.6089966 0.256630082 255 79 163
1.14722545 57.330278 0.190333746 255 79 163
1.48317318 57.3171005 0.0866186736 255 79 163
3.80742403 29.5095713 86.0596026 218 222 230
21.6291768 4.87970448 86.0596026 218 222 230
1.72664076 31.7326497 86.0596026 218 222 230
1.6296547 31.5550592 86.0596026 218 222 230
1.57603191 31.3556609 86.0596026 218 222 230
1.56539564 31.1430275 86.0596026 218 222 230
1.59613168 30.9251636 86.0596026 218 222 230
1.66550268 30.7093585 86.0596026 218 222 230
1.76977845 30.5020566 86.0596026 218 222 230
1.95509162 30.2482138 86.0596026 218 222 230
2.21204316 30.0046129 86.0596026 218 222 230
2.50074701 29.8138152 86.0596026 218 222 230
2.79986218 29.678587 86.0596026 218 222 230
3.17866551 29.5780266 86.0596026 218 222 230
3.5268307 29.5440935 86.0596026 218 222 230
3.77298754 29.5305864 86.0596026 218 222 230
3.78407949 29.5267421 86.0596026 218 222 230
3.79351309 29.5220272 86.0596026 218 222 230
3.80129206 29.5163384 86.0596026 218 222 230
19.9664094 56.1115798 86.0596026 218 222 230
10.8090114 43.9492589 86.0596026 218 222 230
20.2768585 56.4933623 86.0596026 218 222 230
20.4310543 56.7540923 86.0596026 218 222 230
20.5195792 57.0041173 86.0596026 218 222 230
20.560594 57.3209755 86.0596026 218 222 230
20.5272904 57.6396903 86.0596026 218 222 230
20.4377195 57.9078319 86.0596026 218 222 230
20.2717904 58.1841044 86.0596026 218 222 230
20.057312 58.4053009 86.0596026 218 222 230
19.8209286 58.560961 86.0596026 218 222 230
19.5535538 58.6634088 86.0596026 218 222 230
19.3996578 58.6933281 86.0596026 218 222 230
19.2430065 58.7035032 86.0596026 218 222 230
0.620698682 57.9416549 86.0596026 218 222 230
4.80334616 58.0342337 86.0596026 218 222 230
9.93185257 58.2529004 86.0596026 218 222 230
0.620698682 1.03036337 86.0596026 218 222 230
4.80171747 1.12534482 86.0596026 218 222 230
9.92746491 1.34965222 86.0596026 218 222 230
19.2342311 1.81209111 86.0596026 218 222 230
19.908765 1.78646232 86.0596026 218 222 230
20.3171968 1.82341434 86.0596026 218 222 230
20.766519 1.95760288 86.0596026 218 222 230
21.1850082 2.20044418 86.0596026 218 222 230
21.5337927 2.53806901 86.0596026 218 222 230
21.7456319 2.85896769 86.0596026 218 222 230
21.9190401 3.31255533 86.0596026 218 222 230
21.9769177 3.772837 86.0596026 218 222 230
21.9220673 4.2427484 86.0596026 218 222 230
21.8066945 4.57482776 86.0596026 218 222 230
0.719682362 -1.80819698e-17 85.0282741 255 79 163
4.87636923 -9.34235237e-17 84.9316841 255 79 163
9.97695675 -1.27676309e-16 84.7074437 255 79 163
19.2342311 -4.42599651e-16 84.2475115 255 79 163
0.71514736 0.0284341786 85.2688162 255 79 163
0.700702123 0.112150485 85.4961267 255 79 163
0.680317236 0.246571137 85.6976961 255 79 163
0.658055593 0.424355184 85.8623728 255 79 163
0.638022935 0.635738215 85.980983 255 79 163
0.625989808 0.829166779 86.0397592 255 79 163
0.620698682 1.03036337 86.0596026 255 79 163
4.80171747 1.12534482 86.0596026 255 79 163
9.92746491 1.34965222 86.0596026 255 79 163
19.2342311 1.81209111 86.0596026 255 79 163
19.2342311 1.41876815 86.0164013 255 79 163
19.2342311 1.01996369 85.8772993 255 79 163
19.2342311 0.650926388 85.6386875 255 79 163
19.2342311 0.347323594 85.3143434 255 79 163
19.2342311 0.134907948 84.9336098 255 79 163
19.2342311 0.0320570198 84.5868533 255 79 163
2.74101735 0.635830697 85.9691175 255 79 163
14.605594 0.0724701604 84.9405046 255 79 163
14.580848 1.24725476 86.0216239 255 79 163
1.39194902 0.103150808 85.4713971 255 79 163
1.72808235 0.239460832 85.6802522 255 79 163
1.73034986 0.159326556 85.5691636 255 79 163
2.30450034 0.200015183 85.6220622 255 79 163
3.45280131 0.297414694 85.7217224 255 79 163
4.85770629 0.0791477302 85.347273 255 79 163
4.83904335 0.329981826 85.7296208 255 79 163
4.12725939 0.684215223 85.9769059 255 79 163
5.41686548 0.201575739 85.561834 255 79 163
5.70577655 0.147948848 85.4678072 255 79 163
6.53518387 0.608737428 85.9074183 255 79 163
4.82038041 0.711516386 85.9805452 255 79 163
6.13914315 0.08251245 85.3169906 255 79 163
7.40191707 0.359880934 85.6997217 255 79 163
8.26026363 0.161978301 85.4116894 255 79 163
6.27115672 0.207409673 85.5474277 255 79 163
8.52988187 0.555686171 85.8345727 255 79 163
8.66469099 0.813428342 85.9692217 255 79 163
9.96458379 0.0948933497 85.2055625 255 79 163
9.09386427 0.668382945 85.8925069 255 79 163
9.37997979 0.573648111 85.8272988 255 79 163
9.95221083 0.395670937 85.6639317 255 79 163
9.93983787 0.853248142 85.9647973 255 79 163
10.9917951 0.186186692 85.3540337 255 79 163
11.5115872 0.108230279 85.1741328 255 79 163
13.0462176 0.475539218 85.6481734 255 79 163
10.9752978 0.729145778 85.8869903 255 79 163
11.4868413 0.922889902 85.9666037 255 79 163
14.0775532 0.504058879 85.644077 255 79 163
14.605594 0.138734966 85.1157723 255 79 163
14.580848 1.07073646 85.9715492 255 79 163
14.593221 0.518562479 85.6423369 255 79 163
16.1402244 0.562705838 85.6385526 255 79 163
1.17439052 0.611441524 85.9683832 255 79 163
11.3300745 0.34056745 85.5609672 255 79 163
11.2393182 0.499990713 85.7227432 255 79 163
11.4992142 0.434365085 85.655567 255 79 163
16.6600165 0.115586552 84.9777819 255 79 163
18.2028956 0.0966042962 84.8674314 255 79 163
17.6872278 0.141763271 85.0030241 255 79 163
17.6872278 0.221666205 85.1652706 255 79 163
17.6872278 1.14987081 85.9547822 255 79 163
16.8291562 0.533750727 85.5932837 255 79 163
17.1736221 0.518995696 85.5697382 255 79 163
17.344824 0.407752319 85.4452469 255 79 163
17.859117 0.397988471 85.4185025 255 79 163
17.6872278 0.618126131 85.6466024 255 79 163
17.9450617 0.504120282 85.5342329 255 79 163
18.3747848 0.55109525 85.5694833 255 79 163
0.620698682 57.9416549 86.0596026 255 79 163
4.80334616 58.0342337 86.0596026 255 79 163
9.93185257 58.2529004 86.0596026 255 79 163
19.2430065 58.7035032 86.0596026 255 79 163
0.803910039 59.7366016 84.2664499 255 79 163
0.793599005 59.6978579 84.6370918 255 79 163
0.769657114 59.5832789 84.9916739 255 79 163
0.737225633 59.3978617 85.3148364 255 79 163
0.701340803 59.1497128 85.5926458 255 79 163
0.666988033 58.8496267 85.8132008 255 79 163
0.639154864 58.5105702 85.9671045 255 79 163
0.625256126 58.2298418 86.0363227 255 79 163
4.9415009 59.7366016 84.3618956 255 79 163
10.0234583 59.7366016 84.5804248 255 79 163
19.2430065 59.7366016 85.0265042 255 79 163
19.2430065 58.9556332 86.0283639 255 79 163
19.2430065 59.1841781 85.940968 255 79 163
19.2430065 59.3732688 85.8130831 255 79 163
19.2430065 59.5308805 85.6451634 255 79 163
19.2430065 59.6458952 85.4498121 255 79 163
19.2430065 59.7137322 85.2426746 255 79 163
19.2430065 59.7310803 85.13317 255 79 163
2.08063754 58.8870884 85.7994911 255 79 163
2.75234349 58.5869881 85.9502375 255 79 163
2.77028591 58.7496858 85.8807145 255 79 163
2.78650162 58.9097624 85.792009 255 79 163
2.10340963 59.0882817 85.6567159 255 79 163
14.5874295 58.9042883 85.9887764 255 79 163
14.6332324 59.6778147 85.1933368 255 79 163
14.6332324 59.6307383 85.3176267 255 79 163
13.0661058 59.3234132 85.6963966 255 79 163
16.1698237 59.5989882 85.4413557 255 79 163
1.44850433 59.4836853 85.1905266 255 79 163
1.23363956 59.6275844 84.886354 255 79 163
1.45365984 59.5784019 85.0093199 255 79 163
2.13738479 59.5174803 85.1401648 255 79 163
3.50483471 59.3695762 85.3873917 255 79 163
2.15437238 59.6478687 84.8404684 255 79 163
3.68684145 58.6909959 85.9161782 255 79 163
4.15409044 58.742686 85.897718 255 79 163
4.3935348 58.9202979 85.8049804 255 79 163
4.83788484 58.6615975 85.9401577 255 79 163
4.87242353 59.238669 85.56167 255 79 163
4.2231678 59.6504731 84.8762508 255 79 163
4.43958638 59.5503957 85.122381 255 79 163
5.41155652 58.7428926 85.9126042 255 79 163
6.55889988 58.9000864 85.8504738 255 79 163
4.90696221 59.6173203 84.9860711 255 79 163
5.4576081 59.4415158 85.3309214 255 79 163
5.75020039 59.5234364 85.2069417 255 79 163
6.18908881 59.6206184 85.0157536 255 79 163
6.31235917 59.4472263 85.3450228 255 79 163
6.89237162 59.5946563 85.100052 255 79 163
8.29893724 59.5371171 85.2616647 255 79 163
7.43667673 59.2679077 85.5909087 255 79 163
8.68426465 58.7610812 85.9512115 255 79 163
8.55582218 59.0642229 85.787317 255 79 163
9.11539491 58.9582234 85.8650081 255 79 163
9.40281507 59.0816758 85.7943847 255 79 163
9.95475399 58.7997567 85.9555087 255 79 163
9.97765541 59.3026975 85.6256985 255 79 163
10.0005568 59.6326665 85.1241869 255 79 163
10.9918712 58.9946843 85.8829099 255 79 163
11.4989792 58.8321455 85.9674693 255 79 163
11.0224065 59.5478955 85.3402561 255 79 163
11.544782 59.631408 85.1900301 255 79 163
14.6103309 59.3358966 85.7293884 255 79 163
15.1301619 59.4395741 85.6378795 255 79 163
15.3786266 59.313605 85.7703397 255 79 163
16.6667532 59.0999018 85.9406852 255 79 163
17.7064151 59.3104151 85.8304491 255 79 163
17.7064151 59.1858495 85.9138049 255 79 163
18.2186122 59.1078783 85.9625812 255 79 163
5.58087845 59.1902567 85.622224 255 79 163
6.72563575 59.3108965 85.5278394 255 79 163
11.2606928 59.2381748 85.7215488 255 79 163
11.3553892 59.3997227 85.5628461 255 79 163
11.5218806 59.312144 85.6616384 255 79 163
18.4747108 59.6081914 85.5021712 255 79 163
18.4747108 59.6359391 85.4471911 255 79 163
18.7308093 59.6819242 85.3410018 255 79 163
0.719682362 0 1.8391934 255 79 163
0.544042277 0.0217616911 1.8391934 255 79 163
0.384832104 0.0826438962 1.8391934 255 79 163
0.253106755 0.171731721 1.8391934 255 79 163
0.14331052 0.28870881 1.8391934 255 79 163
0.0631883445 0.424795422 1.8391934 255 79 163
0.0159313882 0.569092624 1.8391934 255 79 163
0.00384626801 0.645376314 1.8391934 255 79 163
-2.22044605e-16 0.719682362 1.8391934 255 79 163
0.0361459091 0.704228514 1.476355 255 79 163
0.143162441 0.663556385 1.12777816 255 79 163
0.316843635 0.606200102 0.807164499 255 79 163
0.55036259 0.540693788 0.527115984 255 79 163
0.834540348 0.475571569 0.298640004 255 79 163
1.15820725 0.419367568 0.130717334 255 79 163
1.49248428 0.381865423 0.03297505 255 79 163
1.8391934 0.367712946 -2.22044605e-16 255 79 163
1.8391934 0 0.367712946 255 79 163
1.8391934 0.0111188713 0.277971782 255 79 163
1.8391934 0.0422258932 0.196625281 255 79 163
1.8391934 0.0877442333 0.129321817 255 79 163
1.8391934 0.147512254 0.0732227666 255 79 163
1.8391934 0.217044052 0.0322853158 255 79 163
1.8391934 0.290770952 0.00813994898 255 79 163
1.8391934 0.329747175 0.00196520384 255 79 163
0.773960113 1.67845904e-17 1.29643375 255 79 163
0.874098454 3.73078478e-17 1.01492118 255 79 163
0.99651703 -4.58404584e-17 0.812386106 255 79 163
1.18063709 -7.03154945e-18 0.616297902 255 79 163
1.39462026 4.54470291e-17 0.475131379 255 79 163
1.60990514 -1.41247933e-16 0.395717434 255 79 163
0.24605107 0.205079589 1.47556813 255 79 163
0.534334275 0.170215517 0.798602365 255 79 163
1.09679353 0.128138188 0.297586566 255 79 163
1.45517159 0.113411123 0.156679398 255 79 163
28.80938 0 31.8351302 218 222 230
41.0730539 0 31.8351302 218 222 230
41.5119721 0 29.6227627 218 222 230
41.5133588 -6.98414607e-16 29.6346246 218 222 230
41.5175673 -9.74743029e-16 29.6470114 218 222 230
41.5351487 -7.91867176e-16 29.6751201 218 222 230
41.8271226 -5.62602107e-17 30.0304803 218 222 230
41.9527 1.33402412e-16 30.3026081 218 222 230
42.0154874 2.25516374e-16 30.6092958 218 222 230
42.0048507 -5.06106576e-17 30.9186555 218 222 230
41.9458038 -2.02954634e-16 31.1504991 218 222 230
41.8292476 -3.85698456e-18 31.3871468 218 222 230
41.6755533 3.8876811e-16 31.5757495 218 222 230
41.5049118 4.27457359e-16 31.7088264 218 222 230
41.3111428 -1.42488646e-16 31.7976869 218 222 230
41.1932666 -4.42825938e-16 31.8255914 218 222 230
42.173558 0 2.61855364 218 222 230
41.8504256 -4.1387603e-18 16.1206582 218 222 230
42.1753414 5.96276014e-17 2.59938199 218 222 230
42.1808829 8.33909497e-17 2.57760829 218 222 230
42.2336385 -1.07689884e-16 2.42927331 218 222 230
42.2492818 -1.4994027e-17 2.32254936 218 222 230
42.239483 9.15045109e-17 2.20982441 218 222 230
42.2115764 9.33377977e-17 2.1240222 218 222 230
42.1591232 5.50250135e-17 2.03693386 218 222 230
42.098729 8.89524333e-17 1.97584131 218 222 230
42.0314252 2.14094849e-16 1.93321686 218 222 230
41.9756152 2.9199587e-16 1.91229008 218 222 230
41.9363931 2.43245321e-16 1.90427974 218 222 230
41.8965224 0 1.90154741 218 222 230
1.8391934 0 0.367712946 218 222 230
11.0112265 -1.55349509e-16 0.613152121 218 222 230
23.2406041 -1.62535188e-16 1.18974278 218 222 230
32.5685632 -1.00490435e-16 1.62922731 218 222 230
0.719682362 0 1.8391934 218 222 230
0.773960113 1.67845904e-17 1.29643375 218 222 230
0.874098454 3.73078478e-17 1.01492118 218 222 230
0.99651703 -4.58404584e-17 0.812386106 218 222 230
1.18063709 -7.03154945e-18 0.616297902 218 222 230
1.39462026 4.54470291e-17 0.475131379 218 222 230
1.60990514 -1.41247933e-16 0.395717434 218 222 230
0.719682362 -1.80819698e-17 85.0282741 218 222 230
4.87636923 -9.34235237e-17 84.9316841 218 222 230
9.97695675 -1.27676309e-16 84.7074437 218 222 230
19.2342311 -4.42599651e-16 84.2475115 218 222 230
19.1664622 0 36.5485807 218 222 230
19.2501055 3.09403764e-14 35.8220148 218 222 230
19.4913524 -8.67347551e-15 35.1238988 218 222 230
19.8680564 -1.16309101e-16 34.4778305 218 222 230
20.3513217 9.94487849e-16 33.9002712 218 222 230
21.1081546 -8.18401953e-16 33.2508255 218 222 230
22.0382998 1.37100336e-15 32.6862808 218 222 230
23.2944583 1.66231267e-16 32.1784732 218 222 230
24.8063903 7.16327406e-16 31.8459842 218 222 230
25.8550097 2.21573565e-16 31.7592652 218 222 230
27.0507426 -4.25210225e-16 31.7694395 218 222 230
19.8173021 0 5.90509006 218 222 230
18.9551212 0 8.6024125 218 222 230
19.9689705 -4.8851885e-17 5.56001224 218 222 230
20.1867674 3.15730069e-17 5.25459108 218 222 230
20.458231 5.99726548e-18 5.00077024 218 222 230
20.7693402 -2.31225163e-18 4.80658348 218 222 230
21.1056383 -1.54335877e-17 4.67617092 218 222 230
21.4532534 -3.3196017e-17 4.61008598 218 222 230
21.7997468 1.63108015e-18 4.60584757 218 222 230
22.1347378 6.74373002e-17 4.65867701 218 222 230
22.4502676 4.22731453e-17 4.76234907 218 222 230
22.7408857 -3.83774067e-17 4.91008 218 222 230
22.9939979 1.4351755e-16 5.0877023 218 222 230
23.2200121 0 5.29517007 218 222 230
26.8474056 0 8.78911222 218 222 230
26.0893874 0 13.8587433 218 222 230
26.6752571 6.11040056e-17 13.5291621 218 222 230
27.1616685 8.2172837e-17 13.0721326 218 222 230
27.5247119 5.87991019e-17 12.5229886 218 222 230
27.7528469 6.89178775e-17 11.919029 218 222 230
27.8458281 1.14404111e-16 11.2955752 218 222 230
27.812502 9.52690333e-17 10.6827952 218 222 230
27.6678199 -2.22009529e-17 10.1035883 218 222 230
27.4294472 -3.50901943e-17 9.57269795 218 222 230
27.1623917 1.88368956e-16 9.16005247 218 222 230
24.9122187 0 14.3401791 218 222 230
18.7394065 -9.26772944e-18 9.7057152 218 222 230
18.7890061 1.2823021e-18 10.836209 218 222 230
19.1134113 -1.05706372e-17 11.9337116 218 222 230
19.6366391 -3.01728136e-17 12.8374808 218 222 230
20.2811926 1.69925926e-17 13.53862 218 222 230
21.0677353 6.76721375e-17 14.0955845 218 222 230
21.9646766 2.91358937e-17 14.4759358 218 222 230
22.9314875 -6.11065364e-18 14.654183 218 222 230
23.920337 2.01598056e-16 14.6146258 218 222 230
24.4241376 3.02342844e-16 14.5067608 218 222 230
17.4595516 0 7.09348059 218 222 230
17.7546994 0 7.12931803 218 222 230
18.0326943 0 7.23474759 218 222 230
18.2773803 0 7.40364211 218 222 230
18.474537 0 7.62618604 218 222 230
18.6127065 0 7.88944594 218 222 230
18.6838587 0 8.1781221 218 222 230
18.6838587 0 8.47543771 218 222 230
18.6127065 0 8.76411386 218 222 230
18.474537 0 9.02737376 218 222 230
18.2773803 0 9.24991769 218 222 230
18.0326943 0 9.41881221 218 222 230
17.7546994 0 9.52424178 218 222 230
17.4595516 0 9.56007921 218 222 230
17.1644037 0 9.52424178 218 222 230
16.8864088 0 9.41881221 218 222 230
16.6417228 0 9.24991769 218 222 230
16.4445661 0 9.02737376 218 222 230
16.3063967 0 8.76411386 218 222 230
16.2352444 0 8.47543771 218 222 230
16.2352444 0 8.1781221 218 222 230
16.3063967 0 7.88944594 218 222 230
16.4445661 0 7.62618604 218 222 230
16.6417228 0 7.40364211 218 222 230
16.8864088 0 7.23474759 218 222 230
17.1644037 0 7.12931803 218 222 230
41.0730539 59.7366016 32.3062638 218 222 230
29.0398555 59.7366016 32.3062638 218 222 230
41.2865131 59.7366016 32.2806802 218 222 230
41.4908345 59.7366016 32.2070089 218 222 230
41.6781017 59.7366016 32.0907465 218 222 230
41.8418465 59.7366016 31.9383551 218 222 230
41.9771426 59.7366016 31.7569949 218 222 230
42.0806556 59.7366016 31.5542492 218 222 230
42.1506526 59.7366016 31.3378486 218 222 230
42.186969 59.7366016 31.1153986 218 222 230
42.1909374 59.7366016 30.8941194 218 222 230
42.1507946 59.7366016 30.612172 218 222 230
42.0551938 59.7366016 30.3276118 218 222 230
41.9242967 59.7366016 30.0903175 218 222 230
41.7801971 59.7366016 29.9069008 218 222 230
41.5082167 59.7366016 29.6486896 218 222 230
41.5017244 59.7366016 29.6355213 218 222 230
41.4995151 59.7366016 29.6227627 218 222 230
44.2642783 59.7366016 3.43955701 218 222 230
43.827987 59.7366016 8.7523777 218 222 230
42.9725012 59.7366016 15.8361386 218 222 230
42.1082988 59.7366016 22.7294506 218 222 230
41.7360133 59.7366016 26.3803287 218 222 230
1.68400222 59.7366016 2.97452371 218 222 230
22.9741402 59.7366016 3.21606776 218 222 230
1.55689214 59.7366016 20.0778244 218 222 230
1.23684483 59.7366016 43.6204868 218 222 230
0.923049692 59.7366016 67.0237555 218 222 230
0.803910039 59.7366016 84.2664499 218 222 230
4.9415009 59.7366016 84.3618956 218 222 230
10.0234583 59.7366016 84.5804248 218 222 230
19.2430065 59.7366016 85.0265042 218 222 230
19.519762 59.7366016 79.0154163 218 222 230
20.0390698 59.7366016 73.0043284 218 222 230
21.0230008 59.7366016 64.6121208 218 222 230
22.8435368 59.7366016 50.28627 218 222 230
23.5268692 59.7366016 43.3726931 218 222 230
23.7726696 59.7366016 39.8385765 218 222 230
23.9229981 59.7366016 36.4591161 218 222 230
27.7843777 59.7366016 32.437688 218 222 230
26.5425597 59.7366016 32.8493883 218 222 230
25.4824236 59.7366016 33.4969076 218 222 230
24.7294803 59.7366016 34.2442727 218 222 230
24.2586568 59.7366016 34.9973449 218 222 230
24.0097335 59.7366016 35.707359 218 222 230
27.1630563 59.7366016 8.48585708 218 222 230
24.9659591 59.7366016 6.1989536 218 222 230
27.6088353 59.7366016 9.07187144 218 222 230
27.909374 59.7366016 9.74346352 218 222 230
28.0496751 59.7366016 10.4647734 218 222 230
28.0235057 59.7366016 11.1979242 218 222 230
27.8334204 59.7366016 11.9051123 218 222 230
27.4903019 59.7366016 12.5505631 218 222 230
27.012497 59.7366016 13.1022723 218 222 230
26.551098 59.7366016 13.4570181 218 222 230
26.0343572 59.7366016 13.7241876 218 222 230
23.1454615 59.7366016 14.9959172 218 222 230
22.3453033 59.7366016 15.2115087 218 222 230
21.5214622 59.7366016 15.2258101 218 222 230
20.7264395 59.7366016 15.0460174 218 222 230
20.0055893 59.7366016 14.6922675 218 222 230
19.3943887 59.7366016 14.1940535 218 222 230
18.9171142 59.7366016 13.5862335 218 222 230
18.5868968 59.7366016 12.905128 218 222 230
18.4070154 59.7366016 12.185122 218 222 230
18.3731709 59.7366016 11.456113 218 222 230
18.4323052 59.7366016 10.94998 218 222 230
18.5558117 59.7366016 10.4579622 218 222 230
19.3965138 59.7366016 7.72552354 218 222 230
24.4115456 59.7366016 5.74275976 218 222 230
23.771255 59.7366016 5.42640212 218 222 230
23.0837276 59.7366016 5.26145044 218 222 230
22.3866242 59.7366016 5.24873254 218 222 230
21.7138002 59.7366016 5.37989456 218 222 230
21.0932656 59.7366016 5.63963878 218 222 230
20.5460715 59.7366016 6.00833227 218 222 230
20.0861535 59.7366016 6.46466011 218 222 230
19.7210646 59.7366016 6.98800948 218 222 230
19.5389068 59.7366016 7.34879465 218 222 230
1.8391934 0.367712946 -2.22044605e-16 218 222 230
11.0112265 0.613152121 -1.55349509e-16 218 222 230
23.2406041 1.18974278 -1.62535188e-16 218 222 230
32.5685632 1.62922731 -1.00490435e-16 218 222 230
41.8965224 1.90154741 1.98760186e-17 218 222 230
41.6348006 29.1042083 8.53409736e-17 218 222 230
41.3578258 56.3068691 2.50912102e-16 218 222 230
1.8391934 56.7615399 3.89318856e-16 218 222 230
21.5985096 56.5413426 4.92207378e-18 218 222 230
1.68400222 59.7366016 2.97452371 255 79 163
22.9741402 59.7366016 3.21606776 255 79 163
44.2642783 59.7366016 3.43955701 255 79 163
1.69481407 59.6526199 2.27273131 255 79 163
1.72019257 59.4054112 1.61058561 255 79 163
1.75359336 59.0089582 1.02548854 255 79 163
1.78845946 58.4856884 0.550453668 255 79 163
1.8182509 57.8651678 0.212249612 255 79 163
1.83403924 57.3234628 0.0535463879 255 79 163
1.8391934 56.7615399 3.89318856e-16 255 79 163
21.5985096 56.5413426 4.92207378e-18 255 79 163
41.3578258 56.3068691 2.50912102e-16 255 79 163
44.2298615 59.7192 3.0939401 255 79 163
44.1327199 59.6671839 2.75180314 255 79 163
43.9821416 59.5810948 2.41658543 255 79 163
43.7142939 59.4148634 1.98619471 255 79 163
43.3465061 59.1610531 1.53339194 255 79 163
42.7987581 58.7222945 0.998368663 255 79 163
42.1884044 58.1118825 0.51507651 255 79 163
41.6847025 57.4076523 0.181896252 255 79 163
41.5461682 57.1301851 0.100486024 255 79 163
41.4446644 56.8558126 0.0442792392 255 79 163
41.3809545 56.5822362 0.0110809085 255 79 163
11.6934845 57.5755623 0.134059551 255 79 163
8.40173998 57.6798896 0.157804108 255 79 163
43.9892859 59.6603031 2.71865475 255 79 163
43.8053925 59.6002378 2.47989664 255 79 163
43.7750262 59.5475402 2.31410472 255 79 163
43.5315181 59.4932193 2.16746384 255 79 163
43.4698476 59.39841 1.95092214 255 79 163
43.2263412 59.3335126 1.82208269 255 79 163
43.0838134 59.1590526 1.52985176 255 79 163
3.90153053 59.6273359 2.1845254 255 79 163
5.00488875 59.6132633 2.14154455 255 79 163
8.55144312 59.6452327 2.28422378 255 79 163
13.3590088 59.6962798 2.58059353 255 79 163
12.9180955 58.560853 0.654816117 255 79 163
11.6412559 58.841618 0.894983557 255 79 163
11.6466618 58.5350802 0.626862639 255 79 163
12.9294733 58.3632865 0.512192694 255 79 163
11.6593511 58.221247 0.416717428 255 79 163
11.6760515 57.9016767 0.254580506 255 79 163
13.5474677 58.7200914 0.793178499 255 79 163
13.5391175 58.8538187 0.921282263 255 79 163
13.5561843 58.5803539 0.674502669 255 79 163
16.2369594 57.9443591 0.295217341 255 79 163
19.1965121 59.6410747 2.38817262 255 79 163
15.418884 59.3400071 1.58637802 255 79 163
20.2264497 59.4590301 1.87638345 255 79 163
22.6302326 59.5111612 2.02896383 255 79 163
24.1761088 57.8249789 0.28278443 255 79 163
21.9424173 57.7142138 0.224709758 255 79 163
27.7777062 59.6453244 2.51793696 255 79 163
32.5812721 59.3435878 1.77654001 255 79 163
36.4756075 59.5654338 2.32956361 255 79 163
25.1210007 57.2810276 0.0982229584 255 79 163
31.1847286 58.9142808 1.14133241 255 79 163
32.3294217 59.1424225 1.44402155 255 79 163
32.2601543 59.0547551 1.32251905 255 79 163
32.2094021 58.9623132 1.20587377 255 79 163
32.1775471 58.8635774 1.09226942 255 79 163
32.165983 58.7565375 0.980064111 255 79 163
30.5332757 56.9479424 0.0435727999 255 79 163
28.6434919 58.0507234 0.421469546 255 79 163
33.9239291 58.88226 1.12577558 255 79 163
35.6157491 58.8467463 1.09771393 255 79 163
35.4016706 58.5856793 0.840901533 255 79 163
35.0006588 57.1823378 0.102170553 255 79 163
37.4114477 57.8915016 0.377278983 255 79 163
35.23764 58.0976979 0.483537543 255 79 163
35.0796526 57.4929823 0.196675701 255 79 163
39.0801553 58.7464814 1.01079591 255 79 163
39.3320058 59.010924 1.31193869 255 79 163
37.8453402 58.6348106 0.897737583 255 79 163
39.0108879 58.6360586 0.904031824 255 79 163
38.9601357 58.5220835 0.803371982 255 79 163
38.5302065 57.9201421 0.395869512 255 79 163
38.4983516 57.786481 0.32878653 255 79 163
38.309297 57.3488095 0.156771183 255 79 163
38.2977329 57.2065007 0.11541512 255 79 163
40.1162382 58.5477533 0.829494863 255 79 163
40.5826083 59.061648 1.38382663 255 79 163
39.9021597 58.2562764 0.60389815 255 79 163
39.8221466 58.0868904 0.494193873 255 79 163
39.4804557 57.4793255 0.203281585 255 79 163
39.3254733 56.9967993 0.0678606516 255 79 163
2.48119445 59.1425189 1.19294153 255 79 163
2.84499499 59.2045682 1.28008114 255 79 163
2.50274696 58.8268836 0.835218336 255 79 163
2.85989071 58.9811361 0.9966605 255 79 163
3.57489006 59.2509291 1.3514693 255 79 163
3.41156982 58.9626615 0.977816165 255 79 163
2.8857263 58.4726185 0.543381373 255 79 163
3.419464 58.748696 0.764847198 255 79 163
6.67136375 59.3310794 1.49702537 255 79 163
8.47622051 59.5415482 1.95301242 255 79 163
7.23338645 59.1029012 1.16201672 255 79 163
8.33783875 58.8835285 0.916215939 255 79 163
8.32577529 59.2111766 1.31741713 255 79 163
6.6811603 59.2010195 1.29235922 255 79 163
6.69253811 59.0572956 1.10181263 255 79 163
7.24750269 58.8908098 0.917685604 255 79 163
6.70331437 58.897281 0.921589933 255 79 163
7.26227207 58.6556369 0.699143675 255 79 163
8.35743184 58.5129363 0.592210725 255 79 163
8.38018747 58.1095957 0.340446791 255 79 163
9.55630651 59.420531 1.68413618 255 79 163
11.1839026 59.5055908 1.88580283 255 79 163
10.0963495 59.3485465 1.55222033 255 79 163
12.5001324 59.4096957 1.68856348 255 79 163
12.8464608 59.2535883 1.41738614 255 79 163
13.4490632 59.4143383 1.70707653 255 79 163
14.1056701 59.390515 1.66672194 255 79 163
15.0706759 58.689512 0.777120665 255 79 163
15.8279217 58.7427688 0.831204896 255 79 163
16.9637904 58.8208708 0.915730796 255 79 163
16.7215134 58.550056 0.672858604 255 79 163
18.5086968 58.1275982 0.402250845 255 79 163
17.708031 59.1854047 1.36111888 255 79 163
18.8526045 59.0981123 1.25143913 255 79 163
19.4822091 59.1808065 1.37247367 255 79 163
19.7302893 59.2840553 1.53564891 255 79 163
19.157705 58.8789303 0.994695721 255 79 163
19.7679062 58.3622763 0.556544967 255 79 163
19.9971779 59.0042834 1.14424715 255 79 163
18.7813886 57.5444898 0.149989425 255 79 163
20.7602269 58.9381738 1.07436443 255 79 163
22.2863249 58.7976844 0.938917176 255 79 163
19.9583709 57.6896907 0.205787002 255 79 163
20.0536032 57.338751 0.0959140236 255 79 163
23.4130084 59.574529 2.21356206 255 79 163
20.6832079 57.463535 0.13243789 255 79 163
23.8043963 59.6022007 2.30675901 255 79 163
21.1029443 57.5470286 0.160316143 255 79 163
24.3914781 59.6387086 2.44732577 255 79 163
25.8088161 59.320356 1.66498234 255 79 163
24.4725362 59.5263951 2.09087076 255 79 163
24.6346523 59.1671656 1.40615828 255 79 163
23.6990287 58.647246 0.809568681 255 79 163
24.4053806 58.5683582 0.747675764 255 79 163
25.1881564 58.7133307 0.882310105 255 79 163
24.6439206 58.1650367 0.463130563 255 79 163
24.8778265 58.3288653 0.570075044 255 79 163
25.4649084 58.4457312 0.658607335 255 79 163
26.5244362 58.3182955 0.57435535 255 79 163
27.226154 58.7761247 0.960476859 255 79 163
28.8187965 59.3303618 1.71516926 255 79 163
28.0663014 59.3278184 1.70267255 255 79 163
28.3548966 58.7800403 0.973865129 255 79 163
27.5062031 58.9835544 1.19096648 255 79 163
29.4812174 59.3739787 1.80444747 255 79 163
29.1950441 59.3316451 1.72139759 255 79 163
29.0654167 58.7369926 0.937020287 255 79 163
29.8582723 59.2085384 1.52077508 255 79 163
30.4864568 58.6483644 0.864580502 255 79 163
30.612382 58.7884186 1.0005792 255 79 163
29.8877415 57.908636 0.352839903 255 79 163
30.7348204 58.2271461 0.540735951 255 79 163
30.5098663 57.8364013 0.320701581 255 79 163
30.8590022 58.0006541 0.406112683 255 79 163
31.2946624 58.2674945 0.570888254 255 79 163
31.3496294 57.8995357 0.355655951 255 79 163
32.5666392 57.6648083 0.253794682 255 79 163
33.696857 58.3289087 0.627554092 255 79 163
33.5833209 58.0181718 0.42960744 255 79 163
34.5017908 58.2388143 0.569539455 255 79 163
35.266586 58.2688107 0.59371204 255 79 163
35.3216575 58.4306754 0.712332018 255 79 163
34.462294 58.0949536 0.478285129 255 79 163
34.6680802 57.8986662 0.370450869 255 79 163
36.6455656 59.0907442 1.40320041 255 79 163
37.1604738 59.1992672 1.56562727 255 79 163
40.4408314 59.572356 2.37684891 255 79 163
42.4234433 59.5760583 2.39667036 255 79 163
42.7928016 59.5504437 2.32019668 255 79 163
2.18631965 57.5246389 0.0998324659 255 79 163
2.36245985 57.6253729 0.128692224 255 79 163
4.55333382 59.1953333 1.27335714 255 79 163
5.08022266 58.4199349 0.513128987 255 79 163
3.26838078 57.8972052 0.227347513 255 79 163
5.04255571 59.1663431 1.23492316 255 79 163
3.45970803 57.5957158 0.121150664 255 79 163
5.58875724 59.1780492 1.25382827 255 79 163
5.10705201 57.62526 0.132648578 255 79 163
8.95686917 59.0328697 1.0858032 255 79 163
8.94465627 58.717611 0.761155273 255 79 163
9.23826849 58.8147102 0.852810881 255 79 163
10.045296 58.6292979 0.692026395 255 79 163
10.8778503 58.8632108 0.911480579 255 79 163
18.1083639 58.71142 0.820713263 255 79 163
20.4037803 58.2912473 0.513514833 255 79 163
20.7217174 58.255221 0.492583316 255 79 163
20.9315856 58.2943802 0.51919971 255 79 163
20.8487931 58.0256135 0.361194721 255 79 163
21.3513221 58.3719052 0.574554596 255 79 163
21.2685295 58.1065054 0.407524048 255 79 163
23.2474232 59.325255 1.64538659 255 79 163
23.1646306 59.1571101 1.37642273 255 79 163
23.5560185 59.2109357 1.46018305 255 79 163
26.1666261 58.8843674 1.0645555 255 79 163
27.6419547 59.3960629 1.82870203 255 79 163
37.0285067 58.5494548 0.818070415 255 79 163
42.6111006 59.2401418 1.65628471 255 79 163
5.90518319 58.3004212 0.43906993 255 79 163
42.3997523 58.7436108 1.01887725 255 79 163
3.80742403 29.5095713 86.0596026 255 79 163
21.6291768 4.87970448 86.0596026 255 79 163
21.6670578 4.90711448 86.0538094 255 79 163
21.7013952 4.93196046 86.0376018 255 79 163
21.7298049 4.95251722 86.0138855 255 79 163
21.753485 4.96965177 85.9827447 255 79 163
21.7707652 4.98215546 85.9465168 255 79 163
21.7809573 4.98953027 85.908103 255 79 163
21.7835638 4.99141625 85.8877954 255 79 163
21.7843933 4.99201649 85.8680142 255 79 163
3.96264051 29.6218833 85.8680142 255 79 163
3.84530496 29.5369813 86.0538094 255 79 163
3.87964239 29.5618273 86.0376018 255 79 163
3.90805206 29.5823841 86.0138855 255 79 163
3.93173221 29.5995186 85.9827447 255 79 163
3.94901245 29.6120223 85.9465168 255 79 163
3.95920453 29.6193971 85.908103 255 79 163
3.96181097 29.6212831 85.8877954 255 79 163
1.72664076 31.7326497 86.0596026 218 222 230
2.24332138 31.3587884 85.9849077 218 222 230
2.76467473 30.9815459 85.7441691 218 222 230
3.19434263 30.6706455 85.3818006 218 222 230
3.51607585 30.4378449 84.9545713 218 222 230
3.7549403 30.2650066 84.4612855 218 222 230
3.90209331 30.1585292 83.937564 218 222 230
3.94806201 30.125267 83.6142909 218 222 230
3.96264051 30.1147183 83.2996394 218 222 230
3.9557952 30.1049701 83.3035226 218 222 230
3.94912365 30.0948675 83.3151818 218 222 230
3.93833734 30.0770541 83.3523471 218 222 230
3.90679183 30.0081713 83.6426344 218 222 230
3.89722599 29.7592666 85.3435402 218 222 230
3.93531942 29.6649129 85.8004061 218 222 230
3.94696681 29.6451406 85.8469275 218 222 230
3.95073918 29.639229 85.8560437 218 222 230
3.95460964 29.6333812 85.8626454 218 222 230
3.96264051 29.6218833 85.8680142 218 222 230
3.80742403 29.5095713 86.0596026 218 222 230
3.84530496 29.5369813 86.0538094 218 222 230
3.87964239 29.5618273 86.0376018 218 222 230
3.90805206 29.5823841 86.0138855 218 222 230
3.93173221 29.5995186 85.9827447 218 222 230
3.94901245 29.6120223 85.9465168 218 222 230
3.95920453 29.6193971 85.908103 218 222 230
3.96181097 29.6212831 85.8877954 218 222 230
1.6296547 31.5550592 86.0596026 218 222 230
1.57603191 31.3556609 86.0596026 218 222 230
1.56539564 31.1430275 86.0596026 218 222 230
1.59613168 30.9251636 86.0596026 218 222 230
1.66550268 30.7093585 86.0596026 218 222 230
1.76977845 30.5020566 86.0596026 218 222 230
1.95509162 30.2482138 86.0596026 218 222 230
2.21204316 30.0046129 86.0596026 218 222 230
2.50074701 29.8138152 86.0596026 218 222 230
2.79986218 29.678587 86.0596026 218 222 230
3.17866551 29.5780266 86.0596026 218 222 230
3.5268307 29.5440935 86.0596026 218 222 230
3.77298754 29.5305864 86.0596026 218 222 230
3.78407949 29.5267421 86.0596026 218 222 230
3.79351309 29.5220272 86.0596026 218 222 230
3.80129206 29.5163384 86.0596026 218 222 230
3.23639921 30.4099056 85.2835518 218 222 230
3.8495195 29.6379738 85.971164 218 222 230
1.84480004 31.209078 86.0420993 218 222 230
2.12093211 31.0584789 85.9869085 218 222 230
2.11133311 30.9748728 85.9879772 218 222 230
2.44175185 30.6317735 85.8827611 218 222 230
2.30045348 30.351612 85.9940075 218 222 230
2.37890391 30.2331466 85.9980739 218 222 230
2.56706505 30.279627 85.9080655 218 222 230
2.75767671 30.3662413 85.7587536 218 222 230
3.32460619 30.0228072 85.4892477 218 222 230
2.49002712 30.1004907 86.0032979 218 222 230
2.60811673 30.2134301 85.9141025 218 222 230
2.66958954 30.1294175 85.922493 218 222 230
2.62279984 29.975694 86.0090639 218 222 230
2.74674718 30.0415333 85.9323023 218 222 230
2.8308581 29.9614581 85.9423887 218 222 230
3.5974465 29.7568725 85.765468 218 222 230
3.74719554 30.1566703 84.4251446 218 222 230
3.13557059 29.7589184 85.9760048 218 222 230
3.61620168 30.0973842 84.8443007 218 222 230
3.23054045 29.7159772 85.9859293 218 222 230
3.75237664 30.1041083 84.4502668 218 222 230
3.35397262 29.6713292 85.9985929 218 222 230
3.74605879 30.009317 84.6704593 218 222 230
3.62142576 29.6107475 86.0253315 218 222 230
3.71689234 29.5975041 86.0345512 218 222 230
3.79133314 29.8412001 85.2295998 218 222 230
3.83327226 29.7683909 85.5189723 218 222 230
3.87934613 29.7058123 85.7574573 218 222 230
3.86386738 30.0011053 84.1679327 218 222 230
3.85560538 29.9328179 84.4984934 218 222 230
3.88175021 29.766979 85.4178399 218 222 230
3.89404715 29.7353266 85.5765644 218 222 230
3.88643938 29.9708111 84.0747298 218 222 230
19.2342311 1.81209111 86.0596026 255 79 163
19.2342311 1.41876815 86.0164013 255 79 163
19.2342311 1.01996369 85.8772993 255 79 163
19.2342311 0.650926388 85.6386875 255 79 163
19.2342311 0.347323594 85.3143434 255 79 163
19.2342311 0.134907948 84.9336098 255 79 163
19.2342311 0.0320570198 84.5868533 255 79 163
19.2342311 -4.42599651e-16 84.2475115 255 79 163
19.9005439 0.0713353678 84.2902418 255 79 163
20.5366649 0.282102338 84.4068998 255 79 163
21.1137723 0.622754573 84.5796907 255 79 163
21.6057066 1.07787378 84.7908005 255 79 163
21.9901502 1.62685418 85.0224031 255 79 163
22.2496434 2.24482281 85.2566696 255 79 163
22.3723861 2.90376 85.4757761 255 79 163
22.3527851 3.57377049 85.6619068 255 79 163
22.1917158 4.22444603 85.7972548 255 79 163
22.0146754 4.62235687 85.8495109 255 79 163
21.7843933 4.99201649 85.8680142 255 79 163
21.6291768 4.87970448 86.0596026 255 79 163
21.6670578 4.90711448 86.0538094 255 79 163
21.7013952 4.93196046 86.0376018 255 79 163
21.7298049 4.95251722 86.0138855 255 79 163
21.753485 4.96965177 85.9827447 255 79 163
21.7707652 4.98215546 85.9465168 255 79 163
21.7809573 4.98953027 85.908103 255 79 163
21.7835638 4.99141625 85.8877954 255 79 163
19.908765 1.78646232 86.0596026 255 79 163
20.3171968 1.82341434 86.0596026 255 79 163
20.766519 1.95760288 86.0596026 255 79 163
21.1850082 2.20044418 86.0596026 255 79 163
21.5337927 2.53806901 86.0596026 255 79 163
21.7456319 2.85896769 86.0596026 255 79 163
21.9190401 3.31255533 86.0596026 255 79 163
21.9769177 3.772837 86.0596026 255 79 163
21.9220673 4.2427484 86.0596026 255 79 163
21.8066945 4.57482776 86.0596026 255 79 163
21.952053 2.15423816 85.8055065 255 79 163
22.1859607 2.83266329 85.8804042 255 79 163
22.2370129 3.56415726 85.9435755 255 79 163
22.0876141 4.29388494 85.9872066 255 79 163
19.5027336 0.95803346 85.842708 255 79 163
19.6870165 1.25413729 85.9682415 255 79 163
19.8705087 0.592447127 85.5450732 255 79 163
19.9491674 1.20169239 85.9401903 255 79 163
19.6927812 0.163155915 84.9348543 255 79 163
19.9197216 0.202467696 84.945407 255 79 163
20.3042862 1.08611849 85.8533094 255 79 163
20.4174367 1.51090022 86.0144711 255 79 163
20.4626897 1.33704975 85.952947 255 79 163
20.2305582 0.288659482 84.978692 255 79 163
20.1331307 0.185746914 84.7498161 255 79 163
20.5596355 0.5229 85.2301483 255 79 163
20.7013674 1.43678448 85.9602545 255 79 163
20.725254 1.62850315 86.0188297 255 79 163
20.9363415 1.56365301 85.968182 255 79 163
21.0659358 1.10980102 85.6518116 255 79 163
20.8987283 0.603732243 85.0904906 255 79 163
21.1576937 1.53468524 85.9001918 255 79 163
20.9845789 0.586800923 84.9135124 255 79 163
21.1828641 1.73454673 85.9772895 255 79 163
21.5661523 1.57093517 85.7267011 255 79 163
21.1643849 0.790116921 85.1516066 255 79 163
21.3325866 0.857747984 85.0142712 255 79 163
21.4096593 1.00379403 85.2181682 255 79 163
21.4850659 1.18581375 85.4116395 255 79 163
21.6616051 1.27908505 85.2991991 255 79 163
21.7938991 1.37594879 85.1913863 255 79 163
21.853697 1.5438641 85.3726896 255 79 163
21.9071408 1.74567106 85.5415977 255 79 163
19.6029918 0.477483197 85.4563951 255 79 163
20.5890563 0.945022737 85.699978 255 79 163
20.6275971 0.764598417 85.518637 255 79 163
20.7318483 0.900130796 85.6125319 255 79 163
20.8456978 0.96469845 85.6250685 255 79 163
19.9664094 56.1115798 86.0596026 255 79 163
20.3225483 55.8538837 86.0167125 255 79 163
20.6859947 55.5909 85.8789823 255 79 163
21.0318059 55.340677 85.6408343 255 79 163
21.3333311 55.1224985 85.310274 255 79 163
21.5682729 54.9524986 84.9090375 255 79 163
21.7238996 54.8398897 84.4680637 255 79 163
21.7885569 54.7931048 84.1221478 255 79 163
21.8088673 54.7784085 83.7854001 255 79 163
12.8857539 42.4465634 83.4962155 255 79 163
3.96264051 30.1147183 83.2996394 255 79 163
1.72664076 31.7326497 86.0596026 255 79 163
2.24332138 31.3587884 85.9849077 255 79 163
2.76467473 30.9815459 85.7441691 255 79 163
3.19434263 30.6706455 85.3818006 255 79 163
3.51607585 30.4378449 84.9545713 255 79 163
3.7549403 30.2650066 84.4612855 255 79 163
3.90209331 30.1585292 83.937564 255 79 163
3.94806201 30.125267 83.6142909 255 79 163
10.8090114 43.9492589 86.0596026 255 79 163
15.9687539 49.6099862 85.9546649 255 79 163
17.5469555 51.599436 85.9316389 255 79 163
6.97437058 37.3297107 85.9016243 255 79 163
8.37602687 36.3154961 83.9235632 255 79 163
5.56525643 35.2179121 85.8548497 255 79 163
20.6707352 53.5143351 84.65576 255 79 163
20.5811098 53.5791865 84.8821824 255 79 163
19.8834285 53.0402136 85.2344076 255 79 163
19.7428715 53.1419183 85.4194413 255 79 163
20.451769 53.6727753 85.1293945 255 79 163
19.9796327 52.9706019 85.0801946 255 79 163
20.0644103 52.9092582 84.9177421 255 79 163
18.4911287 50.9162483 85.052437 255 79 163
17.7945217 51.4203014 85.8018222 255 79 163
18.7061466 50.7606651 84.5537947 255 79 163
16.7947346 47.9685173 84.2169535 255 79 163
14.0571903 46.8179482 85.9050162 255 79 163
13.1030744 45.4207237 85.8758098 255 79 163
14.2361252 44.6008674 84.4544859 255 79 163
9.01602376 40.0276182 85.89142 255 79 163
10.038536 41.3753522 85.8865837 255 79 163
10.292904 39.1036893 84.2663926 255 79 163
11.2411066 40.5051925 84.4347771 255 79 163
8.23409803 37.4619966 85.3302414 255 79 163
9.24455897 38.8184507 85.3235235 255 79 163
8.84155476 37.5443529 84.7920211 255 79 163
8.89870232 37.5030019 84.6713979 255 79 163
7.72906571 36.7836262 85.334002 255 79 163
8.71475046 37.1142047 84.511284 255 79 163
8.24264245 36.4120108 84.4369976 255 79 163
8.32055482 36.3556347 84.1812814 255 79 163
6.91652443 35.8058624 85.401039 255 79 163
7.40007974 35.9778716 85.1124341 255 79 163
6.67973254 34.4114961 84.6070347 255 79 163
6.47802302 35.6012529 85.5799578 255 79 163
6.20863012 34.7523778 85.3542315 255 79 163
5.20254952 33.3927541 85.3620609 255 79 163
5.38844259 32.2144418 83.9494025 255 79 163
20.0229167 55.0268888 85.9520091 255 79 163
19.8732815 54.6132607 85.9077619 255 79 163
20.0532881 54.483011 85.8087596 255 79 163
20.6042845 54.6062209 85.5723741 255 79 163
19.0991505 53.6077038 85.915977 255 79 163
17.3743656 50.1586143 85.5315221 255 79 163
16.1602869 49.4713962 85.8686633 255 79 163
17.2582678 49.3727847 85.1533747 255 79 163
16.6385613 48.6034233 85.203013 255 79 163
16.1937632 48.0554356 85.2392429 255 79 163
16.1139921 47.4172878 84.7899734 255 79 163
15.3007073 46.9619636 85.3106037 255 79 163
14.6118479 46.0686729 85.3315557 255 79 163
13.8972677 45.5419278 85.5567305 255 79 163
14.2671088 45.6222515 85.3420552 255 79 163
13.7893327 44.9241589 85.3093513 255 79 163
13.2423007 44.6241131 85.5390638 255 79 163
12.840497 44.566917 85.7298123 255 79 163
13.4350968 44.6585763 85.4286884 255 79 163
11.827514 44.256091 85.9809916 255 79 163
11.5734494 43.3961247 85.8796229 255 79 163
13.7466128 44.6071358 85.1371652 255 79 163
13.621063 44.0021127 84.7556639 255 79 163
13.2854145 44.2449823 85.309063 255 79 163
10.8023045 42.9103087 85.9838091 255 79 163
10.8051445 41.8644506 85.7373427 255 79 163
13.3204203 43.1758494 84.1286164 255 79 163
12.7399423 42.5520702 84.4397848 255 79 163
10.78453 41.183498 85.4742109 255 79 163
11.2664257 41.5306753 85.312925 255 79 163
12.3249654 41.8085372 84.1177588 255 79 163
11.6176432 41.2765403 84.749513 255 79 163
11.1140713 41.1190148 85.1837998 255 79 163
11.2906938 41.1651809 85.0453368 255 79 163
10.7608955 40.8526651 85.3152561 255 79 163
10.2004441 40.5623294 85.5503509 255 79 163
10.2553935 40.1746345 85.3177894 255 79 163
10.3141812 39.7841623 84.9997365 255 79 163
9.80356674 39.4577654 85.2545608 255 79 163
9.61754527 39.244433 85.2777563 255 79 163
7.95414435 36.0988615 84.5411593 255 79 163
4.17867483 33.4377436 85.8802848 255 79 163
5.81971546 33.2941178 84.6733549 255 79 163
3.48686191 32.54659 85.8926186 255 79 163
5.38900847 32.735934 84.7070595 255 79 163
3.0722469 32.1507296 85.9276256 255 79 163
3.74502677 32.3597863 85.7529525 255 79 163
4.67838661 32.0323574 84.9489616 255 79 163
4.38939789 31.3716287 84.717779 255 79 163
4.10064897 31.0586609 84.7980352 255 79 163
18.097386 50.4183015 85.0824237 255 79 163
16.1122841 48.8102613 85.6805516 255 79 163
12.0785859 43.552518 85.7315486 255 79 163
11.5697394 42.8769075 85.7334262 255 79 163
12.2774901 42.8866927 85.3088039 255 79 163
12.8706307 42.9794079 84.7512075 255 79 163
12.3697809 42.2980111 84.7496392 255 79 163
4.47688928 32.7000591 85.5076777 255 79 163
4.23612932 32.5843236 85.5971496 255 79 163
3.69071273 31.8191964 85.5908358 255 79 163
4.12464844 31.8241477 85.3136625 255 79 163
3.97180436 31.6737923 85.3461229 255 79 163
3.65862993 31.5524656 85.4972564 255 79 163
4.12813638 31.5606731 85.1531662 255 79 163
3.504417 31.258128 85.4598226 255 79 163
4.25939406 30.6828449 84.0094219 255 79 163
12.5294767 43.2262611 85.3088228 255 79 163
12.0247296 42.5476843 85.3097719 255 79 163
19.9664094 56.1115798 86.0596026 255 79 163
20.3225483 55.8538837 86.0167125 255 79 163
20.6859947 55.5909 85.8789823 255 79 163
21.0318059 55.340677 85.6408343 255 79 163
21.3333311 55.1224985 85.310274 255 79 163
21.5682729 54.9524986 84.9090375 255 79 163
21.7238996 54.8398897 84.4680637 255 79 163
21.7885569 54.7931048 84.1221478 255 79 163
21.8088673 54.7784085 83.7854001 255 79 163
22.1496605 55.3805877 83.8347566 255 79 163
22.3483569 56.0427433 83.9389487 255 79 163
22.3952768 56.7311663 84.0822691 255 79 163
22.2895257 57.411124 84.2503965 255 79 163
22.0384313 58.0493877 84.429893 255 79 163
21.6562671 58.6160838 84.6076268 255 79 163
21.1627623 59.0858435 84.7702838 255 79 163
20.5817321 59.4383496 84.9040558 255 79 163
19.94 59.6584981 84.9945175 255 79 163
19.5936487 59.7170032 85.0193895 255 79 163
19.2430065 59.7366016 85.0265042 255 79 163
19.2430065 58.7035032 86.0596026 255 79 163
19.2430065 58.9556332 86.0283639 255 79 163
19.2430065 59.1841781 85.940968 255 79 163
19.2430065 59.3732688 85.8130831 255 79 163
19.2430065 59.5308805 85.6451634 255 79 163
19.2430065 59.6458952 85.4498121 255 79 163
19.2430065 59.7137322 85.2426746 255 79 163
19.2430065 59.7310803 85.13317 255 79 163
20.2768585 56.4933623 86.0596026 255 79 163
20.4310543 56.7540923 86.0596026 255 79 163
20.5195792 57.0041173 86.0596026 255 79 163
20.560594 57.3209755 86.0596026 255 79 163
20.5272904 57.6396903 86.0596026 255 79 163
20.4377195 57.9078319 86.0596026 255 79 163
20.2717904 58.1841044 86.0596026 255 79 163
20.057312 58.4053009 86.0596026 255 79 163
19.8209286 58.560961 86.0596026 255 79 163
19.5535538 58.6634088 86.0596026 255 79 163
19.3996578 58.6933281 86.0596026 255 79 163
21.5976424 55.7708871 85.4154675 255 79 163
19.9977951 59.313786 85.7434945 255 79 163
20.8929506 55.9923536 85.8979038 255 79 163
20.9742761 56.2040888 85.9087908 255 79 163
20.8412906 56.5745953 85.9984538 255 79 163
21.059768 56.4405632 85.9144888 255 79 163
21.2648126 56.2496871 85.7892952 255 79 163
21.7740492 56.4395303 85.4603692 255 79 163
21.7498949 55.3009144 84.970139 255 79 163
21.1142516 56.6563612 85.9201193 255 79 163
21.9505402 55.2873472 84.5927628 255 79 163
20.928713 56.9644096 86.0036337 255 79 163
22.0332616 55.5219223 84.6619093 255 79 163
21.1510727 56.9209115 85.9273074 255 79 163
21.3711263 56.7916266 85.8117336 255 79 163
21.7772398 57.1423061 85.519417 255 79 163
22.0605349 56.046963 84.973244 255 79 163
21.1573735 57.1025034 85.9323287 255 79 163
22.1376687 55.8335917 84.6936453 255 79 163
22.1834044 55.6740505 84.4079184 255 79 163
20.932463 57.3717685 86.0089848 255 79 163
21.1360831 57.384197 85.9401651 255 79 163
22.2200717 56.2374035 84.7431183 255 79 163
21.3533144 57.3275131 85.8361733 255 79 163
21.5931516 57.8353529 85.5847963 255 79 163
20.8899041 57.6192768 86.0121544 255 79 163
21.0955205 57.5903087 85.9459004 255 79 163
22.1273982 56.7802942 85.0593965 255 79 163
22.2460395 56.565048 84.7888134 255 79 163
22.3225141 56.3932393 84.5102496 255 79 163
21.0378919 57.7804904 85.9511807 255 79 163
22.2281982 56.9768934 84.8521222 255 79 163
20.7435939 58.0123036 86.0170614 255 79 163
20.9144382 58.0581995 85.9588654 255 79 163
21.1377086 58.0096256 85.8685798 255 79 163
21.2206747 58.46583 85.6490707 255 79 163
22.0098198 57.5103538 85.1614481 255 79 163
22.1739378 57.3012251 84.9060631 255 79 163
22.2878696 57.1237932 84.640377 255 79 163
20.8258592 58.2069856 85.9629721 255 79 163
20.5045939 58.3661772 86.0213738 255 79 163
22.0566474 57.6967414 84.9763633 255 79 163
20.6322096 58.4566481 85.9698567 255 79 163
20.8232058 58.4772012 85.8913042 255 79 163
20.6764426 58.9767248 85.7046519 255 79 163
21.9251865 57.9985087 85.0332683 255 79 163
20.4929997 58.5948038 85.9736697 255 79 163
22.0825373 57.8244767 84.7851056 255 79 163
21.595614 58.3701483 85.2987099 255 79 163
20.3508211 58.7109066 85.9768804 255 79 163
21.7616518 58.2843811 85.0898341 255 79 163
21.8768105 58.223329 84.8758521 255 79 163
20.0711048 58.8834363 85.9816683 255 79 163
21.5140736 58.6153089 85.1587328 255 79 163
20.2649119 58.9334937 85.9139782 255 79 163
19.9172085 58.9526807 85.9835945 255 79 163
21.0901115 58.9227337 85.3970533 255 79 163
21.2856203 58.8532264 85.2107441 255 79 163
21.4264408 58.7957731 85.0176143 255 79 163
20.9644248 59.1143932 85.2705507 255 79 163
20.4566773 59.3298969 85.4758882 255 79 163
20.684374 59.2897489 85.3125479 255 79 163
20.8555865 59.2469985 85.1407991 255 79 163
20.308426 59.4648117 85.3562197 255 79 163
19.9933908 59.5663263 85.3824264 255 79 163
20.1955898 59.5526553 85.2318722 255 79 163
1.8391934 0 0.367712946 255 79 163
1.8391934 0.0111188713 0.277971782 255 79 163
1.8391934 0.0422258932 0.196625281 255 79 163
1.8391934 0.0877442333 0.129321817 255 79 163
1.8391934 0.147512254 0.0732227666 255 79 163
1.8391934 0.217044052 0.0322853158 255 79 163
1.8391934 0.290770952 0.00813994898 255 79 163
1.8391934 0.329747175 0.00196520384 255 79 163
1.8391934 0.367712946 -2.22044605e-16 255 79 163
11.0112265 0.613152121 -1.55349509e-16 255 79 163
23.2406041 1.18974278 -1.62535188e-16 255 79 163
32.5685632 1.62922731 -1.00490435e-16 255 79 163
41.8965224 1.90154741 1.98760186e-17 255 79 163
41.8965224 0 1.90154741 255 79 163
41.8965224 0.043133099 1.49883312 255 79 163
41.8965224 0.181948696 1.08984376 255 79 163
41.8965224 0.420550885 0.708848014 255 79 163
41.8965224 0.746515863 0.390989671 255 79 163
41.8965224 1.13217387 0.162597465 255 79 163
41.8965224 1.52043713 0.0385827002 255 79 163
11.0112265 -1.55349509e-16 0.613152121 255 79 163
23.2406041 -1.62535188e-16 1.18974278 255 79 163
32.5685632 -1.00490435e-16 1.62922731 255 79 163
6.42520997 0.273972589 0.0390897235 255 79 163
7.95388216 0.138413324 0.157461003 255 79 163
11.0112265 0.179588098 0.179588098 255 79 163
37.2325428 0.0944055276 1.22115414 255 79 163
37.2325428 1.24154863 0.087653451 255 79 163
38.7872027 0.952771027 0.227498315 255 79 163
4.13220168 0.0616504758 0.189983154 255 79 163
14.0685709 0.0520432895 0.468389605 255 79 163
13.0494561 0.088995214 0.355980856 255 79 163
15.0876857 0.402307977 0.100576994 255 79 163
17.1259153 0.258793381 0.258793381 255 79 163
19.1641449 0.125665542 0.502662167 255 79 163
19.8435548 0.441565213 0.178815665 255 79 163
20.1832597 0.653929502 0.0726588336 255 79 163
21.2023745 0.555077042 0.13876926 255 79 163
21.8817844 0.486264898 0.19691719 255 79 163
23.2406041 0.751804755 0.0835338617 255 79 163
24.277044 0.218234016 0.538904406 255 79 163
23.2406041 0.0835338617 0.751804755 255 79 163
24.7952639 0.161996964 0.647987856 255 79 163
25.5725939 0.0917678043 0.825910239 255 79 163
29.4592435 0.190822336 0.763289346 255 79 163
27.9045837 0.416180614 0.416180614 255 79 163
25.8317038 0.231894975 0.572638613 255 79 163
26.3499238 0.687482686 0.171870672 255 79 163
29.9774635 0.658357099 0.26660742 255 79 163
30.2365734 0.966259588 0.107362176 255 79 163
31.5321233 0.138663214 0.937363325 255 79 163
31.0139034 0.79888575 0.199721437 255 79 163
31.5321233 0.688045551 0.278630017 255 79 163
32.5685632 0.47718963 0.47718963 255 79 163
32.5685632 0.114390817 1.02951735 255 79 163
32.5685632 1.02951735 0.114390817 255 79 163
33.6050031 0.203920925 0.870681862 255 79 163
34.1232231 0.108239535 1.09515926 255 79 163
35.6778829 0.467963091 0.556429913 255 79 163
33.6050031 0.836520528 0.22307425 255 79 163
34.1232231 1.04115551 0.129621036 255 79 163
35.159663 1.10770202 0.115203378 255 79 163
36.7143228 0.462646231 0.582858263 255 79 163
37.2325428 1.04915181 0.162554395 255 79 163
37.2325428 0.459580695 0.59600281 255 79 163
37.7507627 0.608111721 0.457106208 255 79 163
38.0098727 0.420257702 0.655545854 255 79 163
39.3054226 0.185329879 1.04398516 255 79 163
40.8600825 0.158013041 1.12893001 255 79 163
40.3418625 0.243211285 0.950880209 255 79 163
40.8600825 0.297003167 0.868843345 255 79 163
40.3418625 0.364121381 0.764106342 255 79 163
40.3418625 0.507696776 0.591501645 255 79 163
2.98569754 0.204217599 0.0446217961 255 79 163
12.0303413 0.334132456 0.083533114 255 79 163
21.2023745 0.13876926 0.555077042 255 79 163
22.2214893 0.145372814 0.581491257 255 79 163
22.1082543 0.23975286 0.435543474 255 79 163
22.5611942 0.123172293 0.636220521 255 79 163
23.2406041 0.348467592 0.348467592 255 79 163
22.7876642 0.109224745 0.673874626 255 79 163
23.586084 0.697242853 0.113012377 255 79 163
23.758824 0.669642387 0.129642766 255 79 163
24.104304 0.474442499 0.261165538 255 79 163
24.017934 0.627999065 0.156999766 255 79 163
24.7952639 0.647987856 0.161996964 255 79 163
33.9504831 0.37190253 0.628268288 255 79 163
33.8641131 0.558180916 0.429696438 255 79 163
34.1232231 0.473855301 0.516687044 255 79 163
34.468703 0.6642422 0.353575492 255 79 163
34.641443 0.4960394 0.505388365 255 79 163
34.986923 0.486799249 0.522167299 255 79 163
39.0463126 0.506500679 0.575260793 255 79 163
40.3418625 1.09498759 0.169656139 255 79 163
41.0328224 0.718018682 0.405902407 255 79 163
41.3783024 0.662868638 0.454374466 255 79 163
41.1191924 1.16703343 0.143386178 255 79 163
41.1191924 0.978807854 0.233715269 255 79 163
41.3783024 0.833430011 0.324494798 255 79 163
41.5510424 0.930289793 0.26445792 255 79 163
41.3783024 1.28395159 0.100759115 255 79 163
2.41244547 0.050155555 0.187770837 255 79 163
11.5207839 0.0808952825 0.32358113 255 79 163
39.8236426 0.561081911 0.53054536 255 79 163
28.80938 0 31.8351302 255 79 163
41.0730539 0 31.8351302 255 79 163
41.0730539 0.0371443586 32.1349248 255 79 163
41.0730539 0.141062315 32.4066758 255 79 163
41.0730539 0.293123572 32.6315137 255 79 163
41.0730539 0.492788154 32.8189215 255 79 163
41.0730539 0.72507019 32.9556796 255 79 163
41.0730539 0.971366629 33.036341 255 79 163
41.0730539 1.1015729 33.0569687 255 79 163
41.0730539 1.2284036 33.0635338 255 79 163
28.80938 1.2284036 33.0635338 255 79 163
28.80938 0.0322580704 32.114793 255 79 163
28.80938 0.127338243 32.3797681 255 79 163
28.80938 0.280246768 32.6161385 255 79 163
28.80938 0.482952845 32.8114901 255 79 163
28.80938 0.724810318 32.9555628 255 79 163
28.80938 0.970884897 33.0362378 255 79 163
19.1664622 0 36.5485807 218 222 230
19.8955623 0.0846566266 36.5485807 218 222 230
20.5858772 0.334126957 36.5485807 218 222 230
21.2006614 0.735135023 36.5485807 218 222 230
21.7072025 1.26634167 36.5485807 218 222 230
22.0785485 1.89948147 36.5485807 218 222 230
22.29494 2.60086485 36.5485807 218 222 230
22.3448627 3.33317155 36.5485807 218 222 230
22.2256589 4.05743646 36.5485807 218 222 230
22.0281403 4.57335395 36.5485807 218 222 230
21.7443724 5.04732582 36.5485807 218 222 230
21.7803642 5.03065486 36.1815004 218 222 230
21.8859379 4.98178102 35.8234906 218 222 230
22.0550375 4.90288619 35.4826475 218 222 230
22.2789933 4.79664096 35.1655539 218 222 230
22.6447214 4.61794824 34.7874709 218 222 230
23.1172635 4.3764399 34.4285896 218 222 230
23.7896291 4.0106938 34.0560633 218 222 230
24.5444395 3.56866474 33.754816 218 222 230
25.40676 3.02683885 33.5076202 218 222 230
26.7321296 2.15949636 33.2542535 218 222 230
27.7061952 1.59439968 33.1303607 218 222 230
28.2639342 1.36118051 33.0825979 218 222 230
28.80938 1.2284036 33.0635338 218 222 230
28.80938 0 31.8351302 218 222 230
28.80938 0.0322580704 32.114793 218 222 230
28.80938 0.127338243 32.3797681 218 222 230
28.80938 0.280246768 32.6161385 218 222 230
28.80938 0.482952845 32.8114901 218 222 230
28.80938 0.724810318 32.9555628 218 222 230
28.80938 0.970884897 33.0362378 218 222 230
19.2501055 3.09403764e-14 35.8220148 218 222 230
19.4913524 -8.67347551e-15 35.1238988 218 222 230
19.8680564 -1.16309101e-16 34.4778305 218 222 230
20.3513217 9.94487849e-16 33.9002712 218 222 230
21.1081546 -8.18401953e-16 33.2508255 218 222 230
22.0382998 1.37100336e-15 32.6862808 218 222 230
23.2944583 1.66231267e-16 32.1784732 218 222 230
24.8063903 7.16327406e-16 31.8459842 218 222 230
25.8550097 2.21573565e-16 31.7592652 218 222 230
27.0507426 -4.25210225e-16 31.7694395 218 222 230
20.463442 0.20686553 35.6082209 218 222 230
20.9015322 0.19548459 34.7436643 218 222 230
22.1294216 1.70252116 35.7959319 218 222 230
22.3831797 3.9346723 35.8245249 218 222 230
22.7730585 3.75062483 35.1708265 218 222 230
28.314726 0.0453031472 32.1583945 218 222 230
28.3790083 0.38836939 32.7289121 218 222 230
28.4144869 0.977360917 33.0437887 218 222 230
21.3262098 0.781794405 35.9877932 218 222 230
21.433281 0.80032751 35.7174955 218 222 230
20.9244958 0.0459744704 33.9837095 218 222 230
21.3777271 0.544826188 35.1424363 218 222 230
21.5993291 0.781734385 35.323545 218 222 230
21.8020317 1.05640496 35.4923949 218 222 230
22.4867623 1.61334576 35.1054825 218 222 230
21.5379132 0.329932402 34.4224612 218 222 230
21.8194051 0.757078433 34.9531628 218 222 230
21.844057 0.171266727 33.7466936 218 222 230
21.8552195 0.405305561 34.2864646 218 222 230
22.379166 2.74145558 36.0667003 218 222 230
22.1957105 0.384711786 33.9728096 218 222 230
22.4605353 2.79508205 35.83324 218 222 230
22.6095301 2.34387019 35.3755061 218 222 230
22.6150509 2.73514119 35.4961239 218 222 230
22.5798679 3.13527232 35.6096365 218 222 230
22.8187216 2.65537406 35.1812495 218 222 230
23.1969028 3.21746392 34.7925814 218 222 230
23.4051312 2.94917781 34.620842 218 222 230
24.5974184 1.0864858 33.5096588 218 222 230
23.9251086 0.527285548 33.2820676 218 222 230
24.1729995 1.1896348 33.7114166 218 222 230
23.2357593 3.95679411 34.5604258 218 222 230
23.805965 3.23284159 34.303794 218 222 230
23.7232473 2.79981601 34.3852448 218 222 230
25.0056005 0.990078906 33.3465575 218 222 230
24.9351489 0.427301474 32.9029645 218 222 230
25.0560377 1.74072204 33.6369011 218 222 230
25.5189367 0.873453504 33.177788 218 222 230
26.0979283 0.323592977 32.6428587 218 222 230
26.2048888 0.727065459 33.0055248 218 222 230
26.0663971 1.34057805 33.3123095 218 222 230
27.2600335 0.0580083481 32.1571541 218 222 230
26.5569646 0.656991973 32.9371423 218 222 230
27.2013189 0.540523974 32.8403339 218 222 230
27.3558303 0.128355399 32.338818 218 222 230
27.8103205 0.114010947 32.3274165 218 222 230
27.6420518 1.21780571 33.1292899 218 222 230
28.0515214 0.894226205 33.0307749 218 222 230
27.5959047 1.029281 33.0894525 218 222 230
28.1743329 0.921252479 33.0360091 218 222 230
22.2175751 0.918060896 34.7281696 218 222 230
22.6450654 0.151336913 33.2068342 218 222 230
22.9545245 0.813033359 34.0306759 218 222 230
23.5643658 1.341345 34.0735681 218 222 230
23.0574474 0.141425198 32.9909243 218 222 230
23.1148195 0.0602355843 32.7138783 218 222 230
23.603318 0.128731992 32.7545001 218 222 230
23.5660096 2.09177087 34.3824212 218 222 230
24.0870165 0.215558249 32.7955454 218 222 230
24.1865331 0.115740363 32.5545501 218 222 230
24.3730249 0.0483259131 32.3018398 218 222 230
23.7245403 2.03259238 34.2685007 218 222 230
24.8477622 0.101734821 32.3845992 218 222 230
25.5136079 0.0884124236 32.2669835 218 222 230
25.9706705 0.0797438091 32.2137516 218 222 230
24.9227852 2.62954735 33.77478 218 222 230
25.0998374 2.78149566 33.6912577 218 222 230
25.3160061 2.4108301 33.638514 218 222 230
25.8282246 2.1254658 33.4881373 218 222 230
26.5222229 1.36087625 33.2606005 218 222 230
26.7334357 1.36437538 33.2382787 218 222 230
27.0310461 1.23960517 33.1811827 218 222 230
41.5119721 0 29.6227627 255 79 163
42.2519161 0.0926255625 29.6227627 255 79 163
42.9220286 0.351784711 29.6227627 255 79 163
43.4748157 0.73064927 29.6227627 255 79 163
43.933022 1.22713085 29.6227627 255 79 163
44.2640416 1.80300573 29.6227627 255 79 163
44.4545387 2.4082009 29.6227627 255 79 163
44.5138251 3.00185298 29.6227627 255 79 163
44.470959 2.95162522 30.1641931 255 79 163
44.343429 2.81538423 30.692133 255 79 163
44.1344126 2.61479344 31.1934278 255 79 163
43.8491178 2.3715163 31.6555872 255 79 163
43.4946531 2.10721625 32.0670956 255 79 163
43.0798505 1.84355672 32.4176998 255 79 163
42.6150456 1.60220116 32.6986638 255 79 163
42.1118196 1.40481299 32.902987 255 79 163
41.5986035 1.27580564 33.0231602 255 79 163
41.0730539 1.2284036 33.0635338 255 79 163
41.0730539 0 31.8351302 255 79 163
41.0730539 0.0371443586 32.1349248 255 79 163
41.0730539 0.141062315 32.4066758 255 79 163
41.0730539 0.293123572 32.6315137 255 79 163
41.0730539 0.492788154 32.8189215 255 79 163
41.0730539 0.72507019 32.9556796 255 79 163
41.0730539 0.971366629 33.036341 255 79 163
41.0730539 1.1015729 33.0569687 255 79 163
41.5133588 -6.98414607e-16 29.6346246 255 79 163
41.5175673 -9.74743029e-16 29.6470114 255 79 163
41.5351487 -7.91867176e-16 29.6751201 255 79 163
41.8271226 -5.62602107e-17 30.0304803 255 79 163
41.9527 1.33402412e-16 30.3026081 255 79 163
42.0154874 2.25516374e-16 30.6092958 255 79 163
42.0048507 -5.06106576e-17 30.9186555 255 79 163
41.9458038 -2.02954634e-16 31.1504991 255 79 163
41.8292476 -3.85698456e-18 31.3871468 255 79 163
41.6755533 3.8876811e-16 31.5757495 255 79 163
41.5049118 4.27457359e-16 31.7088264 255 79 163
41.3111428 -1.42488646e-16 31.7976869 255 79 163
41.1932666 -4.42825938e-16 31.8255914 255 79 163
43.6072739 0.856903068 30.1268505 255 79 163
41.6697689 0.382110399 32.6226519 255 79 163
42.5258096 0.160066794 29.9639465 255 79 163
42.984392 0.382854067 29.8110135 255 79 163
42.6563613 0.195301667 30.1935634 255 79 163
42.3988673 0.0741926193 30.4930936 255 79 163
42.9584866 0.342332317 30.4806749 255 79 163
43.3395572 0.714871073 31.1371918 255 79 163
42.6596444 0.176482966 30.578905 255 79 163
42.4004092 0.0690656318 30.70737 255 79 163
42.6426704 0.167483331 30.7516664 255 79 163
42.6134764 0.158779316 30.9166978 255 79 163
44.2479028 1.82926242 30.1703379 255 79 163
42.29854 0.0575066762 31.2072524 255 79 163
43.9558743 1.40845305 30.7314346 255 79 163
44.2062083 1.81718245 30.443476 255 79 163
44.413391 2.36790628 30.1550201 255 79 163
42.7337091 0.268537381 31.3089186 255 79 163
42.6934459 0.524142394 32.0478507 255 79 163
42.2200981 0.0535431309 31.3844386 255 79 163
42.4621654 0.13555894 31.3554068 255 79 163
42.3793131 0.127571111 31.5068651 255 79 163
42.1295208 0.0501782799 31.5368805 255 79 163
42.3066265 0.12179258 31.6166594 255 79 163
44.0004558 1.67144187 31.0460349 255 79 163
42.2168205 0.115753703 31.7315397 255 79 163
43.885954 1.59875987 31.2767332 255 79 163
44.0852069 1.99198105 31.1140283 255 79 163
41.7779513 0.0422704753 31.9001783 255 79 163
43.7537572 1.52057985 31.4985617 255 79 163
43.9157043 1.87361884 31.4250185 255 79 163
41.8302633 0.0981850983 32.0651843 255 79 163
42.1044111 0.192975009 32.0843024 255 79 163
43.3117401 1.07939482 31.8684325 255 79 163
43.6043744 1.43861297 31.7100785 255 79 163
41.4400643 0.0346321785 32.0574029 255 79 163
41.7082115 0.094566561 32.1333356 255 79 163
43.7144708 1.74510695 31.7171205 255 79 163
41.5124393 0.107569561 32.2583113 255 79 163
43.1632125 1.22958696 32.181795 255 79 163
42.9598965 1.14779641 32.3462479 255 79 163
43.1583176 1.44495163 32.2866287 255 79 163
42.7434125 1.06989391 32.494153 255 79 163
42.3862403 0.785136685 32.5896192 255 79 163
42.8693735 1.31690495 32.4954658 255 79 163
42.1571112 0.904206897 32.782264 255 79 163
41.9057761 0.853229419 32.8634531 255 79 163
42.1501879 1.07500105 32.845282 255 79 163
41.6310327 0.793921213 32.9192004 255 79 163
19.2342311 -4.42599651e-16 84.2475115 218 222 230
19.1664622 0 36.5485807 218 222 230
19.9005439 0.0713353678 84.2902418 218 222 230
20.5366649 0.282102338 84.4068998 218 222 230
21.1137723 0.622754573 84.5796907 218 222 230
21.6057066 1.07787378 84.7908005 218 222 230
21.9901502 1.62685418 85.0224031 218 222 230
22.2496434 2.24482281 85.2566696 218 222 230
22.3723861 2.90376 85.4757761 218 222 230
22.3527851 3.57377049 85.6619068 218 222 230
22.1917158 4.22444603 85.7972548 218 222 230
22.0146754 4.62235687 85.8495109 218 222 230
21.7843933 4.99201649 85.8680142 218 222 230
21.7443724 5.04732582 36.5485807 218 222 230
19.8955623 0.0846566266 36.5485807 218 222 230
20.5858772 0.334126957 36.5485807 218 222 230
21.2006614 0.735135023 36.5485807 218 222 230
21.7072025 1.26634167 36.5485807 218 222 230
22.0785485 1.89948147 36.5485807 218 222 230
22.29494 2.60086485 36.5485807 218 222 230
22.3448627 3.33317155 36.5485807 218 222 230
22.2256589 4.05743646 36.5485807 218 222 230
22.0281403 4.57335395 36.5485807 218 222 230
22.3200171 2.52676435 85.2270726 218 222 230
22.3768324 2.97040373 85.3823623 218 222 230
22.3785266 3.0038142 85.3294073 218 222 230
22.3759362 3.33935552 85.4452086 218 222 230
22.3376272 3.67273969 85.5623419 218 222 230
22.2640264 4.00017196 85.6718951 218 222 230
22.1559654 4.31792039 85.7649605 218 222 230
19.9257293 0.0841923742 60.3980461 218 222 230
20.1552641 0.143149449 68.3621113 218 222 230
22.0735625 1.8374521 60.4777402 218 222 230
21.7103319 1.23688328 60.4194112 218 222 230
21.9013364 1.51496902 60.4777402 218 222 230
20.378059 0.232577341 52.4482243 218 222 230
20.2761718 0.18838148 60.3980461 218 222 230
21.0044563 0.573086161 52.4624677 218 222 230
20.5869223 0.319789981 60.4194112 218 222 230
20.9057762 0.498662304 60.4194112 218 222 230
21.2018709 0.713116339 60.4194112 218 222 230
21.3818898 0.883081774 52.4624677 218 222 230
21.4712545 0.960289664 60.4194112 218 222 230
21.7072594 1.24734467 52.4624677 218 222 230
21.9728516 1.65723917 52.4624677 218 222 230
22.2408067 2.31789516 52.5013537 218 222 230
22.1779112 2.09183611 60.4777402 218 222 230
22.259784 2.35431799 60.4777402 218 222 230
22.3279762 2.73684667 52.5013537 218 222 230
22.3572237 3.1030764 52.5013537 218 222 230
22.3287279 2.68449957 60.5641357 218 222 230
22.3621404 3.02012343 60.6696906 218 222 230
22.0574135 1.75572093 85.0089366 218 222 230
22.1977267 4.20777803 85.6566114 218 222 230
22.1369694 4.36424112 85.715178 218 222 230
22.1130425 4.40300135 61.0287618 218 222 230
22.2442553 4.05576802 73.2688524 218 222 230
22.3008554 3.76243839 49.9065417 218 222 230
22.2218388 4.08460944 48.6091356 218 222 230
22.2078069 4.12464761 44.5249672 218 222 230
22.1550283 4.2774638 41.8661717 218 222 230
20.0999122 0.121625758 82.5500102 218 222 230
20.1981619 0.151673974 81.6798945 218 222 230
19.9847667 0.0913852514 80.3001264 218 222 230
21.1808973 0.67508159 81.8718135 218 222 230
20.5174744 0.277593115 73.6891979 218 222 230
20.6909625 0.360485483 76.3527413 218 222 230
22.330414 2.58322609 83.4067712 218 222 230
22.1869734 2.05855359 83.2613472 218 222 230
20.3664728 0.211722561 79.9041767 218 222 230
21.0689962 0.592297319 79.1122774 218 222 230
22.335155 2.61159725 82.4966205 218 222 230
22.2396438 2.21473138 82.3875525 218 222 230
22.1671463 4.28889174 82.9261593 218 222 230
22.2628665 2.29780433 79.6605159 218 222 230
21.7127578 1.21085203 79.3367273 218 222 230
22.1050557 1.85978456 81.3706108 218 222 230
22.1508565 4.32938159 81.5609333 218 222 230
22.3467608 3.59876924 77.2538524 218 222 230
22.2447073 4.06357268 81.0353903 218 222 230
22.3592114 3.51203454 79.9843045 218 222 230
22.3511112 2.72596067 78.8582947 218 222 230
22.2734925 2.33970856 78.2952899 218 222 230
22.2834721 2.38185308 76.9317716 218 222 230
22.1481709 1.96608204 77.7334235 218 222 230
21.7629019 1.27982548 76.6096907 218 222 230
22.3707503 2.93867921 75.7107985 218 222 230
22.3376899 2.66301218 72.9254584 218 222 230
22.1517246 1.98563124 72.7537614 218 222 230
22.2587093 2.29917658 73.5252884 218 222 230
22.3678076 3.30730256 67.131417 218 222 230
22.2760383 2.37585097 70.1266321 218 222 230
22.3650277 3.40636023 71.7257985 218 222 230
22.2505616 2.28376807 69.6309849 218 222 230
22.3677768 3.25777584 64.8342262 218 222 230
22.3393077 2.71706463 66.0600587 218 222 230
22.3666649 3.03316447 64.7702428 218 222 230
22.3651799 3.02880872 63.403392 218 222 230
21.9272429 1.57798315 51.6104924 218 222 230
22.0763619 1.86773185 51.6104924 218 222 230
22.1949749 2.1712475 51.6104924 218 222 230
22.1222458 1.9757608 51.1845047 218 222 230
21.7691106 1.33349684 51.1732759 218 222 230
22.2972653 2.55891859 51.6234543 218 222 230
22.2057131 2.20554888 51.1845047 218 222 230
22.0437465 1.80033606 50.52868 218 222 230
22.271242 2.44108088 51.1845047 218 222 230
22.3184435 2.68095876 51.1845047 218 222 230
22.1799738 2.13056889 50.5358017 218 222 230
22.3539218 3.03634032 51.2039477 218 222 230
22.3150213 2.66464019 50.3260483 218 222 230
21.9884325 1.6949258 48.4865957 218 222 230
22.2735869 2.46215188 48.5274424 218 222 230
21.9695223 1.67390657 39.2073762 218 222 230
21.7769845 1.3608571 39.2073762 218 222 230
21.6469517 1.18635355 40.5367739 218 222 230
21.6037778 1.13545962 38.321111 218 222 230
21.2607993 0.785698363 38.321111 218 222 230
22.1246688 2.00707365 39.2073762 218 222 230
22.173905 2.13676496 40.9799065 218 222 230
21.8889963 1.53372757 38.321111 218 222 230
22.2403533 2.35591151 39.2073762 218 222 230
22.1096931 1.97106024 38.321111 218 222 230
22.2606359 2.43708944 38.321111 218 222 230
22.3150318 2.71576419 39.2073762 218 222 230
22.3382463 2.92076686 38.321111 218 222 230
22.3477075 3.08182887 39.2073762 218 222 230
22.337944 3.44921987 39.2073762 218 222 230
21.7066174 1.19975262 84.2106128 218 222 230
21.7547365 1.26256564 83.920519 218 222 230
21.580855 1.05032888 83.2376172 218 222 230
21.9662038 1.58569553 82.5069044 218 222 230
21.7797693 1.29725089 82.5665804 218 222 230
21.82716 1.3645793 82.129683 218 222 230
21.7146788 1.2114562 81.6212122 218 222 230
21.9296763 1.52394983 81.8766589 218 222 230
22.3812311 3.16820132 82.9431837 218 222 230
22.367058 3.44735023 83.1664653 218 222 230
21.107311 0.619984553 79.620452 218 222 230
21.4128947 0.878653062 79.2087604 218 222 230
22.3655365 3.46172448 82.7113899 218 222 230
22.3653765 2.8360574 81.6342072 218 222 230
22.3215723 3.75726346 82.3279044 218 222 230
22.3631107 3.48330142 82.0287769 218 222 230
22.3749044 3.34277038 81.7660054 218 222 230
22.3744112 2.94899576 81.2030006 218 222 230
22.3358126 3.67904591 81.697648 218 222 230
22.3437317 2.66860989 80.6774576 218 222 230
22.3217708 2.54396981 80.338477 218 222 230
21.6131179 1.09019157 78.6848204 218 222 230
22.3805477 3.13682682 80.7967685 218 222 230
21.7056843 1.20270873 78.4228504 218 222 230
21.6551277 1.14070924 77.7896654 218 222 230
21.3092754 0.78557768 76.4649662 218 222 230
21.5492695 1.02059973 76.5232952 218 222 230
21.7878059 1.31547783 75.5091944 218 222 230
22.2217949 2.16990443 76.4174202 218 222 230
22.185407 2.06566039 76.1602446 218 222 230
22.1240104 1.91181805 75.7744811 218 222 230
22.1348232 1.93997896 74.5534225 218 222 230
22.2445809 2.2441287 75.7532536 218 222 230
22.3305556 2.61020732 74.9392715 218 222 230
21.9870129 1.63408875 73.9534784 218 222 230
21.3312719 0.807704879 73.7817244 218 222 230
21.3948663 0.867385307 72.9386395 218 222 230
21.9009294 1.48751485 73.6535064 218 222 230
21.8093732 1.34922099 73.2677429 218 222 230
21.4260347 0.89790307 72.5170971 218 222 230
22.0662458 1.79371365 71.3449962 218 222 230
21.9942705 1.64847962 73.3535914 218 222 230
21.0443027 0.580967238 71.1321018 218 222 230
22.3724451 2.98816099 73.9111374 218 222 230
22.3714048 3.33778377 74.104062 218 222 230
22.372829 3.00604206 73.2398664 218 222 230
22.3762633 3.17845693 73.3970704 218 222 230
22.2784593 2.3784516 71.9415187 218 222 230
22.3402706 2.68355163 72.2397799 218 222 230
21.2833894 0.769831986 69.8535538 218 222 230
22.3223203 2.58033443 71.5353973 218 222 230
21.3138666 0.797138511 69.3741161 218 222 230
21.909081 1.50924549 69.0231128 218 222 230
22.1912193 2.10203287 68.6396906 218 222 230
22.0115668 1.69102565 68.5117237 218 222 230
21.8573894 1.42852767 68.5274657 218 222 230
21.3737441 0.852982166 68.4152407 218 222 230
21.5409974 1.02311241 67.6124703 218 222 230
21.9659675 1.609001 67.6675884 218 222 230
21.6197015 1.11286121 67.211085 218 222 230
22.0157009 1.70191267 67.2376497 218 222 230
21.7183567 1.23609224 66.566177 218 222 230
22.2973296 2.47517039 67.8215703 218 222 230
22.0092749 1.69160328 66.3974709 218 222 230
21.4210555 0.907585483 61.8625667 218 222 230
21.2480174 0.749633049 61.855445 218 222 230
21.643947 1.14960119 62.5841444 218 222 230
21.8498475 1.43045716 61.9114016 218 222 230
21.7561445 1.29385992 62.5841444 218 222 230
21.8521295 1.43250738 62.594827 218 222 230
21.5801564 1.076654 61.4140715 218 222 230
21.9455131 1.58621578 61.9114016 218 222 230
21.7337636 1.26589049 61.4140715 218 222 230
22.0320216 1.74724045 61.9114016 218 222 230
22.1180118 1.93111554 62.8643487 218 222 230
21.8723462 1.46639107 61.4140715 218 222 230
22.1090839 1.91299342 61.9114016 218 222 230
22.2298191 2.24289927 61.9405661 218 222 230
22.0461764 1.77715139 61.4335145 218 222 230
21.1035271 0.645778229 52.0279893 218 222 230
21.1519966 0.683568316 51.8107501 218 222 230
21.4766457 0.980386691 50.7026986 218 222 230
21.3120245 0.82052752 50.46741 218 222 230
21.3007204 0.812660065 48.4806925 218 222 230
21.934618 1.59947771 47.1737652 218 222 230
22.3531486 3.27675439 48.568289 218 222 230
20.3220726 0.214762178 44.5013541 218 222 230
22.340014 3.47169422 47.2205151 218 222 230
20.2953546 0.206039461 40.527919 218 222 230
20.8016786 0.450900239 40.5308706 218 222 230
22.341124 3.4267885 42.4570151 218 222 230
20.5415207 0.311958357 38.5426773 218 222 230
20.7952625 0.447915928 38.4688219 218 222 230
22.3500878 3.20886919 41.4230391 218 222 230
22.3452869 2.99047402 42.7524368 218 222 230
20.284975 0.202910518 37.4348458 218 222 230
20.1568883 0.15797767 37.1394241 218 222 230
20.6210881 0.351744998 37.4348458 218 222 230
22.3480169 3.28908412 40.6844848 218 222 230
22.2942365 3.76783309 37.4348458 218 222 230
22.1500074 4.2886466 37.8779784 218 222 230
20.7860101 0.40932905 83.3981757 218 222 230
20.9061686 0.481163006 82.8938137 218 222 230
21.0000334 0.542511312 82.553147 218 222 230
21.2951999 0.773732906 75.9309678 218 222 230
21.632744 1.12210532 71.238549 218 222 230
21.9607513 1.59390799 70.4417273 218 222 230
21.902666 1.49691402 69.9900929 218 222 230
21.8769621 1.45648328 69.7422693 218 222 230
22.0423987 1.74822251 69.8703903 218 222 230
21.8877828 1.47399612 69.5025505 218 222 230
21.0695403 0.60209456 68.1299408 218 222 230
20.9062673 0.491345632 67.9872908 218 222 230
20.9561828 0.523877303 67.7865982 218 222 230
21.1644569 0.674210993 67.7285555 218 222 230
21.0211602 0.56835697 67.4641442 218 222 230
21.2359854 0.732506782 67.3797911 218 222 230
21.0871899 0.6168022 66.4794739 218 222 230
21.2153899 0.718995781 64.5101334 218 222 230
22.2980097 2.48128174 67.1845334 218 222 230
22.0288767 1.73250454 65.225949 218 222 230
22.0384579 1.75308042 64.6401881 218 222 230
20.6074204 0.328176309 62.4540897 218 222 230
21.7400772 1.27003782 63.687241 218 222 230
22.0661803 1.81184103 64.0482416 218 222 230
20.6264498 0.338794737 61.1267455 218 222 230
22.3660372 3.2315987 62.12424 218 222 230
22.3616424 3.33300307 61.484664 218 222 230
22.3652658 3.2287601 61.2130062 218 222 230
21.2514596 0.771405578 46.4997988 218 222 230
21.9064888 1.55241594 46.5173499 218 222 230
22.2791271 2.49024235 47.6405742 218 222 230
21.2265734 0.75110527 45.509352 218 222 230
21.2439822 0.766243491 45.1753204 218 222 230
21.2784912 0.796909972 44.5072574 218 222 230
22.2818159 2.50430492 47.1971401 218 222 230
22.2642582 2.42940771 46.7491675 218 222 230
22.2237063 2.28091566 45.8532223 218 222 230
21.8730408 1.49890732 45.6259432 218 222 230
21.8559261 1.47238583 45.1802398 218 222 230
21.1992484 0.72964854 43.9173978 218 222 230
21.988778 1.70225709 44.958864 218 222 230
21.1588145 0.696982408 43.622468 218 222 230
21.829771 1.43290237 44.5116848 218 222 230
22.1947866 2.19129208 44.5161123 218 222 230
21.823938 1.42486506 43.9223172 218 222 230
22.1878798 2.17312904 43.337377 218 222 230
21.8122433 1.40881485 42.7435819 218 222 230
20.8886584 0.503701084 42.5909517 218 222 230
21.9703149 1.66894546 44.1202489 218 222 230
22.3258981 2.76983513 44.9647673 218 222 230
22.3503882 3.06568795 45.1890947 218 222 230
22.2784983 3.85768626 44.5249672 218 222 230
22.3479423 3.01889782 44.5205397 218 222 230
22.3202548 2.73259311 44.1261522 218 222 230
21.0358481 0.604936487 41.2674572 218 222 230
21.1476163 0.689499868 41.6357505 218 222 230
22.3470731 3.00943817 43.9311721 218 222 230
22.1844053 2.16404298 42.7480094 218 222 230
21.6232842 1.11929983 65.8527115 218 222 230
21.2294504 0.732457429 63.0706654 218 222 230
21.7800722 1.36283665 41.786413 218 222 230
21.7636979 1.34004503 41.3078285 218 222 230
21.7258211 1.28803955 41.0508103 218 222 230
42.173558 0 2.61855364 255 79 163
42.6193578 0.0428527708 2.61855364 255 79 163
43.0745885 0.180407373 2.61855364 255 79 163
43.5089947 0.418429751 2.61855364 255 79 163
43.890073 0.749535787 2.61855364 255 79 163
44.1902322 1.15288554 2.61855364 255 79 163
44.3931028 1.59833 2.61855364 255 79 163
44.4850109 1.97415867 2.61855364 255 79 163
44.5138251 2.34026708 2.61855364 255 79 163
44.5138251 2.66339944 16.1206582 255 79 163
44.5138251 3.00185298 29.6227627 255 79 163
41.5119721 0 29.6227627 255 79 163
42.2519161 0.0926255625 29.6227627 255 79 163
42.9220286 0.351784711 29.6227627 255 79 163
43.4748157 0.73064927 29.6227627 255 79 163
43.933022 1.22713085 29.6227627 255 79 163
44.2640416 1.80300573 29.6227627 255 79 163
44.4545387 2.4082009 29.6227627 255 79 163
41.8504256 -4.1387603e-18 16.1206582 255 79 163
42.7562783 0.104588819 9.3696059 255 79 163
42.8726279 0.127386092 7.11925514 255 79 163
42.6121391 0.165968575 22.8717104 255 79 163
42.7068132 0.219903159 25.1220612 255 79 163
44.4572976 2.2961345 22.8717104 255 79 163
44.1776162 1.5584885 25.1220612 255 79 163
44.3824789 2.00506331 22.8717104 255 79 163
44.2008234 1.18535238 4.11878747 255 79 163
44.0307596 0.929211516 4.11878747 255 79 163
43.9387026 0.823390302 4.86890439 255 79 163
43.7608767 0.63832274 4.86890439 255 79 163
44.3229565 1.43004768 4.11878747 255 79 163
44.0691656 0.989141283 4.86890439 255 79 163
44.1836114 1.16451824 4.86890439 255 79 163
44.0739023 1.02543594 7.11925514 255 79 163
43.182 0.256620227 7.11925514 255 79 163
44.3496056 1.53983847 7.11925514 255 79 163
43.3026976 0.35699022 10.4947813 255 79 163
42.9957463 0.190290202 9.3696059 255 79 163
42.8438797 0.156858061 12.3700736 255 79 163
43.7955775 0.763573844 11.6199566 255 79 163
44.4409571 1.89025448 10.1197228 255 79 163
42.8887506 0.188043356 13.8703074 255 79 163
44.3373887 1.6543927 13.8703074 255 79 163
42.8308089 0.1870018 16.1206582 255 79 163
43.1858295 0.339690405 14.6204243 255 79 163
43.7337334 0.780091635 16.1206582 255 79 163
43.110635 0.335676644 17.620892 255 79 163
44.3268233 1.6830162 16.1206582 255 79 163
44.1847473 1.34692444 14.6204243 255 79 163
44.157133 1.36570707 17.620892 255 79 163
42.7086733 0.175723158 19.8712427 255 79 163
42.7576882 0.180337027 18.3710089 255 79 163
44.3689304 1.89201753 19.8712427 255 79 163
44.3101071 1.6970803 18.3710089 255 79 163
43.6154783 0.768465415 22.1215935 255 79 163
43.6453457 0.772513452 20.6213597 255 79 163
44.0915423 1.34381786 21.746535 255 79 163
43.6006042 0.766069819 22.8717104 255 79 163
44.2523188 1.65107257 22.1215935 255 79 163
44.1703742 1.47978624 21.746535 255 79 163
44.2743792 1.71615429 22.8717104 255 79 163
43.5107285 0.701679571 23.9968858 255 79 163
43.8199277 1.00617416 23.6218273 255 79 163
43.2591512 0.512173225 24.3719443 255 79 163
43.5566203 0.757199992 25.1220612 255 79 163
43.5281842 0.749738118 26.622295 255 79 163
44.4329219 2.27774548 27.3724119 255 79 163
42.8666056 0.107349911 3.36867055 255 79 163
42.9901814 0.151416215 3.74372901 255 79 163
43.215573 0.250151267 3.74372901 255 79 163
43.5958732 0.486364839 3.36867055 255 79 163
42.9533967 0.143069421 4.86890439 255 79 163
43.5968769 0.5341165 8.24443052 255 79 163
43.9765217 0.922795602 8.86952795 255 79 163
43.7361389 0.679184576 9.99470333 255 79 163
43.9234063 0.872614843 9.74466435 255 79 163
44.0349987 1.02392081 10.307252 255 79 163
43.9604901 0.934518508 10.7448202 255 79 163
44.2035127 1.29977306 10.8698397 255 79 163
43.7606997 0.7452497 12.6201125 255 79 163
43.4813797 0.515645366 13.3702295 255 79 163
43.7427914 0.736099979 13.1201905 255 79 163
43.7653889 0.771689236 13.8703074 255 79 163
42.5228452 0.0811101189 15.3705412 255 79 163
43.4884668 0.536091343 14.3703853 255 79 163
43.6293792 0.649702284 14.2453659 255 79 163
43.92216 0.950307067 14.1203464 255 79 163
43.7549687 0.774493709 14.6204243 255 79 163
42.4732322 0.0787906129 16.8707751 255 79 163
44.4352442 2.00103016 15.3705412 255 79 163
43.7046997 0.778160105 17.620892 255 79 163
43.5080301 0.610628486 18.1209699 255 79 163
43.8268386 0.913564589 17.9959505 255 79 163
43.948314 1.05779204 17.870931 255 79 163
44.4301114 2.02103093 16.8707751 255 79 163
43.6899815 0.777004393 18.3710089 255 79 163
43.3912374 0.531993572 18.8710869 255 79 163
43.6751644 0.775692071 19.1211258 255 79 163
43.9671207 1.11275487 19.3711648 255 79 163
43.7343033 0.848024825 19.8712427 255 79 163
43.7051611 0.82263099 20.1212817 255 79 163
44.0822899 1.29832851 20.2463012 255 79 163
42.6055145 0.193439826 27.122373 255 79 163
42.5559907 0.180530273 28.1225288 255 79 163
44.1297596 1.49151306 26.372256 255 79 163
42.9225729 0.343034828 28.1225288 255 79 163
42.4549124 0.147933277 28.6226068 255 79 163
44.1046327 1.45729402 26.9973535 255 79 163
44.0506508 1.3807041 27.8724899 255 79 163
43.5534951 0.7871168 27.9975094 255 79 163
42.173558 0 2.61855364 255 79 163
42.6193578 0.0428527708 2.61855364 255 79 163
43.0745885 0.180407373 2.61855364 255 79 163
43.5089947 0.418429751 2.61855364 255 79 163
43.890073 0.749535787 2.61855364 255 79 163
44.1902322 1.15288554 2.61855364 255 79 163
44.3931028 1.59833 2.61855364 255 79 163
44.4850109 1.97415867 2.61855364 255 79 163
44.5138251 2.34026708 2.61855364 255 79 163
44.4503833 2.3180706 2.04558566 255 79 163
44.2631526 2.25801618 1.50034553 255 79 163
43.9611651 2.17467338 1.00922469 255 79 163
43.5589766 2.08270527 0.596052128 255 79 163
43.0760237 1.99681789 0.280941288 255 79 163
42.5357239 1.93171015 0.0792712772 255 79 163
42.2185731 1.90982636 0.0198918743 255 79 163
41.8965224 1.90154741 1.98760186e-17 255 79 163
41.8965224 0 1.90154741 255 79 163
41.8965224 0.043133099 1.49883312 255 79 163
41.8965224 0.181948696 1.08984376 255 79 163
41.8965224 0.420550885 0.708848014 255 79 163
41.8965224 0.746515863 0.390989671 255 79 163
41.8965224 1.13217387 0.162597465 255 79 163
41.8965224 1.52043713 0.0385827002 255 79 163
42.1753414 5.96276014e-17 2.59938199 255 79 163
42.1808829 8.33909497e-17 2.57760829 255 79 163
42.2336385 -1.07689884e-16 2.42927331 255 79 163
42.2492818 -1.4994027e-17 2.32254936 255 79 163
42.239483 9.15045109e-17 2.20982441 255 79 163
42.2115764 9.33377977e-17 2.1240222 255 79 163
42.1591232 5.50250135e-17 2.03693386 255 79 163
42.098729 8.89524333e-17 1.97584131 255 79 163
42.0314252 2.14094849e-16 1.93321686 255 79 163
41.9756152 2.9199587e-16 1.91229008 255 79 163
41.9363931 2.43245321e-16 1.90427974 255 79 163
43.7873959 0.678814962 2.18697281 255 79 163
42.3537582 0.564432324 0.615266296 255 79 163
42.620413 0.0423132969 2.4292262 255 79 163
43.0001312 0.164745696 2.15852839 255 79 163
42.6779857 0.0661875384 2.05158624 255 79 163
43.4064975 0.385271494 2.09019103 255 79 163
42.6318356 0.0646899089 1.93627828 255 79 163
42.9151928 0.154675605 1.93294055 255 79 163
43.4475223 0.635770683 1.3816716 255 79 163
42.8654441 0.152035291 1.82590162 255 79 163
42.8091909 0.149482161 1.72835789 255 79 163
42.4812949 0.0615602964 1.70901058 255 79 163
43.8808953 0.817523116 2.00645546 255 79 163
42.4078076 0.0605229276 1.63657302 255 79 163
43.9163754 0.889397735 1.91177675 255 79 163
44.1220575 1.11688153 2.11058909 255 79 163
42.619839 0.143004939 1.4986429 255 79 163
42.8774607 0.265756045 1.40925006 255 79 163
42.7801593 0.58307377 0.783665845 255 79 163
42.5526716 0.141254313 1.44003729 255 79 163
44.0481461 1.091697 1.86566812 255 79 163
42.4734614 0.139468414 1.38167788 255 79 163
42.1285713 0.0436524802 1.54065671 255 79 163
42.3068578 0.152009546 1.24831345 255 79 163
44.2007413 1.47979048 1.72076821 255 79 163
44.42274 1.95551681 2.05178753 255 79 163
43.9867543 1.40067425 1.31593762 255 79 163
42.2968961 0.349680799 0.864393026 255 79 163
43.8331416 1.37299298 1.09165937 255 79 163
43.3730692 1.06231103 0.785647039 255 79 163
44.0136344 1.66531782 1.19417761 255 79 163
43.655608 1.34399605 0.885313789 255 79 163
43.7834355 1.6199774 0.897831972 255 79 163
43.2293928 1.28579473 0.531747053 255 79 163
42.4045726 0.83993871 0.392636046 255 79 163
42.9927516 1.25992237 0.395067187 255 79 163
43.1998478 1.52833206 0.417912695 255 79 163
42.6399315 1.20618111 0.260218229 255 79 163
42.493773 1.54234263 0.109066798 255 79 163
42.2967523 1.53074525 0.0699508044 255 79 163
42.5006196 1.73809998 0.0802997288 255 79 163
19.8173021 0 5.90509006 255 79 163
19.9456586 0.0166959652 5.94611835 255 79 163
20.0620083 0.0634059002 5.98330873 255 79 163
20.1582722 0.1317557 6.01407884 255 79 163
20.2385105 0.22150265 6.03972647 255 79 163
20.2970632 0.325910774 6.05844245 255 79 163
20.3315982 0.436618211 6.06948135 255 79 163
20.3404299 0.495144446 6.07230435 255 79 163
20.3432408 0.552153397 6.07320281 255 79 163
19.4810598 0.552153397 8.77052526 255 79 163
18.9551212 0 8.6024125 255 79 163
19.0834777 0.0166959652 8.6434408 255 79 163
19.1998273 0.0634059002 8.68063118 255 79 163
19.2960912 0.1317557 8.71140129 255 79 163
19.3763295 0.22150265 8.73704892 255 79 163
19.4348822 0.325910774 8.7557649 255 79 163
19.4694173 0.436618211 8.7668038 255 79 163
19.478249 0.495144446 8.76962679 255 79 163
19.8173021 0 5.90509006 255 79 163
19.9456586 0.0166959652 5.94611835 255 79 163
20.0620083 0.0634059002 5.98330873 255 79 163
20.1582722 0.1317557 6.01407884 255 79 163
20.2385105 0.22150265 6.03972647 255 79 163
20.2970632 0.325910774 6.05844245 255 79 163
20.3315982 0.436618211 6.06948135 255 79 163
20.3404299 0.495144446 6.07230435 255 79 163
20.3432408 0.552153397 6.07320281 255 79 163
20.4864373 0.540930529 5.75064009 255 79 163
20.6956715 0.511853232 5.46639822 255 79 163
20.9611823 0.469758944 5.23376141 255 79 163
21.2706069 0.419429175 5.06365415 255 79 163
21.6095063 0.365608701 4.96413559 255 79 163
21.9620012 0.313028327 4.93999411 255 79 163
22.311502 0.266425762 4.99247665 255 79 163
22.6415053 0.230561167 5.11918626 255 79 163
22.8691944 0.213455871 5.26127912 255 79 163
23.0704581 0.207390045 5.43885109 255 79 163
23.2200121 0 5.29517007 255 79 163
23.1835131 0.0062710417 5.33023574 255 79 163
23.1504284 0.0238153973 5.36202127 255 79 163
23.1230551 0.0494877341 5.38831958 255 79 163
23.1002389 0.0831968886 5.41023986 255 79 163
23.083589 0.122412812 5.42623585 255 79 163
23.0737688 0.163994772 5.43567047 255 79 163
23.0712574 0.185977356 5.4380832 255 79 163
19.9689705 -4.8851885e-17 5.56001224 255 79 163
20.1867674 3.15730069e-17 5.25459108 255 79 163
20.458231 5.99726548e-18 5.00077024 255 79 163
20.7693402 -2.31225163e-18 4.80658348 255 79 163
21.1056383 -1.54335877e-17 4.67617092 255 79 163
21.4532534 -3.3196017e-17 4.61008598 255 79 163
21.7997468 1.63108015e-18 4.60584757 255 79 163
22.1347378 6.74373002e-17 4.65867701 255 79 163
22.4502676 4.22731453e-17 4.76234907 255 79 163
22.7408857 -3.83774067e-17 4.91008 255 79 163
22.9939979 1.4351755e-16 5.0877023 255 79 163
20.3607387 0.158035236 5.65178709 255 79 163
20.9380995 0.135107368 5.085423 255 79 163
21.6984366 0.102502687 4.84682088 255 79 163
22.4724482 0.0733256113 4.96548711 255 79 163
22.8172923 0.0641292384 5.14689016 255 79 163
20.4705445 0.15424378 5.49506 255 79 163
20.5017103 0.0653747227 5.28968426 255 79 163
20.5318176 0.151932155 5.421714 255 79 163
20.6390971 0.147678824 5.3109636 255 79 163
20.7333849 0.143796181 5.22838648 255 79 163
21.2216411 0.122846335 4.95004693 255 79 163
21.2877811 0.0517822861 4.83425005 255 79 163
21.3661309 0.116604852 4.90369311 255 79 163
22.0375152 0.0888295931 4.85511004 255 79 163
22.2211084 0.0819218136 4.8874044 255 79 163
18.9551212 0 8.6024125 255 79 163
19.0834777 0.0166959652 8.6434408 255 79 163
19.1998273 0.0634059002 8.68063118 255 79 163
19.2960912 0.1317557 8.71140129 255 79 163
19.3763295 0.22150265 8.73704892 255 79 163
19.4348822 0.325910774 8.7557649 255 79 163
19.4694173 0.436618211 8.7668038 255 79 163
19.478249 0.495144446 8.76962679 255 79 163
19.4810598 0.552153397 8.77052526 255 79 163
19.3109519 0.564719311 9.64336795 255 79 163
19.3476604 0.597482561 10.5319257 255 79 163
19.589218 0.645186722 11.3879224 255 79 163
20.0226036 0.702521836 12.1648066 255 79 163
20.6243945 0.764135542 12.8202271 255 79 163
21.3619573 0.824654511 13.3183295 255 79 163
22.1951542 0.878715526 13.6317525 255 79 163
23.0785012 0.921002109 13.7432018 255 79 163
23.8294188 0.943706072 13.6748182 255 79 163
24.5521818 0.951111923 13.4598455 255 79 163
24.9122187 0 14.3401791 255 79 163
24.8243509 0.0287596375 14.1253318 255 79 163
24.7447025 0.109219844 13.9305818 255 79 163
24.678804 0.226955801 13.7694521 255 79 163
24.623876 0.381549426 13.6351465 255 79 163
24.5837931 0.561397656 13.5371391 255 79 163
24.5601518 0.75209677 13.4793332 255 79 163
24.554106 0.852911145 13.4645503 255 79 163
18.7394065 -9.26772944e-18 9.7057152 255 79 163
18.7890061 1.2823021e-18 10.836209 255 79 163
19.1134113 -1.05706372e-17 11.9337116 255 79 163
19.6366391 -3.01728136e-17 12.8374808 255 79 163
20.2811926 1.69925926e-17 13.53862 255 79 163
21.0677353 6.76721375e-17 14.0955845 255 79 163
21.9646766 2.91358937e-17 14.4759358 255 79 163
22.9314875 -6.11065364e-18 14.654183 255 79 163
23.920337 2.01598056e-16 14.6146258 255 79 163
24.4241376 3.02342844e-16 14.5067608 255 79 163
19.1349785 0.167042317 9.8273749 255 79 163
19.251908 0.180567276 10.9465779 255 79 163
19.6737513 0.199547975 11.994897 255 79 163
20.3734263 0.221197953 12.8897908 255 79 163
21.3006499 0.242708475 13.5569267 255 79 163
22.3840071 0.261274987 13.9373295 255 79 163
23.5355217 0.274130289 13.9940935 255 79 163
26.8474056 0 8.78911222 255 79 163
26.7765569 0.0121728131 8.85717873 255 79 163
26.7123356 0.046228425 8.91887809 255 79 163
26.6592009 0.0960613831 8.96992614 255 79 163
26.6149119 0.161494729 9.01247592 255 79 163
26.5825927 0.237617346 9.04352599 255 79 163
26.5635304 0.318332713 9.06183966 255 79 163
26.5586556 0.361003436 9.06652306 255 79 163
26.5571041 0.402567928 9.06801362 255 79 163
23.0704581 0.207390045 5.43885109 255 79 163
23.2200121 0 5.29517007 255 79 163
23.1835131 0.0062710417 5.33023574 255 79 163
23.1504284 0.0238153973 5.36202127 255 79 163
23.1230551 0.0494877341 5.38831958 255 79 163
23.1002389 0.0831968886 5.41023986 255 79 163
23.083589 0.122412812 5.42623585 255 79 163
23.0737688 0.163994772 5.43567047 255 79 163
23.0712574 0.185977356 5.4380832 255 79 163
25.4659714 0.0985719666 7.79000155 255 79 163
24.2891488 0.0783157338 6.59431434 255 79 163
24.9122187 0 14.3401791 255 79 163
24.8243509 0.0287596375 14.1253318 255 79 163
24.7447025 0.109219844 13.9305818 255 79 163
24.678804 0.226955801 13.7694521 255 79 163
24.623876 0.381549426 13.6351465 255 79 163
24.5837931 0.561397656 13.5371391 255 79 163
24.5601518 0.75209677 13.4793332 255 79 163
24.554106 0.852911145 13.4645503 255 79 163
24.5521818 0.951111923 13.4598455 255 79 163
25.7293505 0.951111923 12.9784096 255 79 163
26.0893874 0 13.8587433 255 79 163
26.0015196 0.0287596375 13.6438959 255 79 163
25.9218713 0.109219844 13.449146 255 79 163
25.8559728 0.226955801 13.2880162 255 79 163
25.8010448 0.381549426 13.1537107 255 79 163
25.7609619 0.561397656 13.0557032 255 79 163
25.7373206 0.75209677 12.9978973 255 79 163
25.7312747 0.852911145 12.9831145 255 79 163
26.0893874 0 13.8587433 255 79 163
26.0015196 0.0287596375 13.6438959 255 79 163
25.9218713 0.109219844 13.449146 255 79 163
25.8559728 0.226955801 13.2880162 255 79 163
25.8010448 0.381549426 13.1537107 255 79 163
25.7609619 0.561397656 13.0557032 255 79 163
25.7373206 0.75209677 12.9978973 255 79 163
25.7312747 0.852911145 12.9831145 255 79 163
25.7293505 0.951111923 12.9784096 255 79 163
26.2183461 0.929686179 12.708698 255 79 163
26.6323623 0.872788201 12.3339294 255 79 163
26.9492833 0.791486875 11.8741227 255 79 163
27.1521798 0.696851085 11.3538401 255 79 163
27.2302137 0.599949714 10.8008739 255 79 163
27.1792164 0.511851646 10.244762 255 79 163
27.0019123 0.443625767 9.71521108 255 79 163
26.8059779 0.413477936 9.37342022 255 79 163
26.5571041 0.402567928 9.06801362 255 79 163
26.8474056 0 8.78911222 255 79 163
26.7765569 0.0121728131 8.85717873 255 79 163
26.7123356 0.046228425 8.91887809 255 79 163
26.6592009 0.0960613831 8.96992614 255 79 163
26.6149119 0.161494729 9.01247592 255 79 163
26.5825927 0.237617346 9.04352599 255 79 163
26.5635304 0.318332713 9.06183966 255 79 163
26.5586556 0.361003436 9.06652306 255 79 163
26.6752571 6.11040056e-17 13.5291621 255 79 163
27.1616685 8.2172837e-17 13.0721326 255 79 163
27.5247119 5.87991019e-17 12.5229886 255 79 163
27.7528469 6.89178775e-17 11.919029 255 79 163
27.8458281 1.14404111e-16 11.2955752 255 79 163
27.812502 9.52690333e-17 10.6827952 255 79 163
27.6678199 -2.22009529e-17 10.1035883 255 79 163
27.4294472 -3.50901943e-17 9.57269795 255 79 163
27.1623917 1.88368956e-16 9.16005247 255 79 163
26.4019878 0.271670666 12.9111653 255 79 163
26.8641704 0.253470355 12.4528297 255 79 163
27.1930417 0.227738881 11.897007 255 79 163
27.3981029 0.168744768 10.6518119 255 79 163
27.0174912 0.124812983 9.47525557 255 79 163
27.3256247 0.209056381 11.5084035 255 79 163
27.3682829 0.199445202 11.3085379 255 79 163
27.3966246 0.189020658 11.0898455 255 79 163
27.3559021 0.155443617 10.3472703 255 79 163
27.3218438 0.149269542 10.1979095 255 79 163
17.4595516 0 7.09348059 255 79 163
17.4595516 0.00584930081 7.14539457 255 79 163
17.4595516 0.0231038949 7.19470537 255 79 163
17.4595516 0.0508985648 7.23894033 255 79 163
17.4595516 0.0878395698 7.27588134 255 79 163
17.4595516 0.132074534 7.30367601 255 79 163
17.4595516 0.18138533 7.3209306 255 79 163
17.4595516 0.233299311 7.3267799 255 79 163
17.7546994 0 7.12931803 255 79 163
18.0326943 0 7.23474759 255 79 163
18.2773803 0 7.40364211 255 79 163
18.474537 0 7.62618604 255 79 163
18.6127065 0 7.88944594 255 79 163
18.6838587 0 8.1781221 255 79 163
18.6838587 0 8.47543771 255 79 163
18.6127065 0 8.76411386 255 79 163
18.474537 0 9.02737376 255 79 163
18.2773803 0 9.24991769 255 79 163
18.0326943 0 9.41881221 255 79 163
17.7546994 0 9.52424178 255 79 163
17.4595516 0 9.56007921 255 79 163
17.1644037 0 9.52424178 255 79 163
16.8864088 0 9.41881221 255 79 163
16.6417228 0 9.24991769 255 79 163
16.4445661 0 9.02737376 255 79 163
16.3063967 0 8.76411386 255 79 163
16.2352444 0 8.47543771 255 79 163
16.2352444 0 8.1781221 255 79 163
16.3063967 0 7.88944594 255 79 163
16.4445661 0 7.62618604 255 79 163
16.6417228 0 7.40364211 255 79 163
16.8864088 0 7.23474759 255 79 163
17.1644037 0 7.12931803 255 79 163
17.4595516 0 7.09348059 255 79 163
17.4595516 0.00584930081 7.14539457 255 79 163
17.4595516 0.0231038949 7.19470537 255 79 163
17.4595516 0.0508985648 7.23894033 255 79 163
17.4595516 0.0878395698 7.27588134 255 79 163
17.4595516 0.132074534 7.30367601 255 79 163
17.4595516 0.18138533 7.3209306 255 79 163
17.4595516 0.233299311 7.3267799 255 79 163
17.6988672 0.233299311 7.35583808 255 79 163
17.9242747 0.233299311 7.44132388 255 79 163
18.1226742 0.233299311 7.57826915 255 79 163
18.2825354 0.233299311 7.75871515 255 79 163
18.3945678 0.233299311 7.97217501 255 79 163
18.4522604 0.233299311 8.20624322 255 79 163
18.4522604 0.233299311 8.44731658 255 79 163
18.3945678 0.233299311 8.68138479 255 79 163
18.2825354 0.233299311 8.89484465 255 79 163
18.1226742 0.233299311 9.07529065 255 79 163
17.9242747 0.233299311 9.21223593 255 79 163
17.6988672 0.233299311 9.29772172 255 79 163
17.4595516 0.233299311 9.3267799 255 79 163
17.2202359 0.233299311 9.29772172 255 79 163
16.9948284 0.233299311 9.21223593 255 79 163
16.7964289 0.233299311 9.07529065 255 79 163
16.6365677 0.233299311 8.89484465 255 79 163
16.5245353 0.233299311 8.68138479 255 79 163
16.4668427 0.233299311 8.44731658 255 79 163
16.4668427 0.233299311 8.20624322 255 79 163
16.5245353 0.233299311 7.97217501 255 79 163
16.6365677 0.233299311 7.75871515 255 79 163
16.7964289 0.233299311 7.57826915 255 79 163
16.9948284 0.233299311 7.44132388 255 79 163
17.2202359 0.233299311 7.35583808 255 79 163
17.7422756 0.00584930081 7.17972348 255 79 163
17.7304747 0.0231038949 7.2276014 255 79 163
17.7198886 0.0508985648 7.27055097 255 79 163
17.7110481 0.0878395698 7.30641854 255 79 163
17.7043964 0.132074534 7.33340555 255 79 163
17.7002671 0.18138533 7.35015875 255 79 163
18.0085687 0.00584930081 7.28071514 255 79 163
17.9856528 0.0231038949 7.32437768 255 79 163
17.9650958 0.0508985648 7.3635458 255 79 163
17.9479285 0.0878395698 7.39625543 255 79 163
17.9350116 0.132074534 7.42086639 255 79 163
17.926993 0.18138533 7.43614458 255 79 163
18.2429549 0.00584930081 7.44250028 255 79 163
18.2102558 0.0231038949 7.47940994 255 79 163
18.1809226 0.0508985648 7.51252029 255 79 163
18.1564262 0.0878395698 7.54017103 255 79 163
18.1379949 0.132074534 7.56097564 255 79 163
18.126553 0.18138533 7.57389089 255 79 163
18.4318126 0.00584930081 7.65567654 255 79 163
18.3912306 0.0231038949 7.68368827 255 79 163
18.354826 0.0508985648 7.70881659 255 79 163
18.3244241 0.0878395698 7.72980147 255 79 163
18.3015496 0.132074534 7.74559065 255 79 163
18.2873493 0.18138533 7.75539237 255 79 163
18.564166 0.00584930081 7.90785489 255 79 163
18.5180596 0.0231038949 7.92534074 255 79 163
18.4766992 0.0508985648 7.94102667 255 79 163
18.4421588 0.0878395698 7.95412613 255 79 163
18.4161703 0.132074534 7.96398226 255 79 163
18.400037 0.18138533 7.97010082 255 79 163
18.6323233 0.00584930081 8.18437963 255 79 163
18.583372 0.0231038949 8.19032339 255 79 163
18.5394596 0.0508985648 8.19565533 255 79 163
18.5027879 0.0878395698 8.20010808 255 79 163
18.4751959 0.132074534 8.20345835 255 79 163
18.4580671 0.18138533 8.20553817 255 79 163
18.6323233 0.00584930081 8.46918017 255 79 163
18.583372 0.0231038949 8.46323641 255 79 163
18.5394596 0.0508985648 8.45790447 255 79 163
18.5027879 0.0878395698 8.45345173 255 79 163
18.4751959 0.132074534 8.45010145 255 79 163
18.4580671 0.18138533 8.44802164 255 79 163
18.564166 0.00584930081 8.74570491 255 79 163
18.5180596 0.0231038949 8.72821906 255 79 163
18.4766992 0.0508985648 8.71253313 255 79 163
18.4421588 0.0878395698 8.69943367 255 79 163
18.4161703 0.132074534 8.68957754 255 79 163
18.400037 0.18138533 8.68345898 255 79 163
18.4318126 0.00584930081 8.99788326 255 79 163
18.3912306 0.0231038949 8.96987153 255 79 163
18.354826 0.0508985648 8.94474321 255 79 163
18.3244241 0.0878395698 8.92375833 255 79 163
18.3015496 0.132074534 8.90796916 255 79 163
18.2873493 0.18138533 8.89816743 255 79 163
18.2429549 0.00584930081 9.21105952 255 79 163
18.2102558 0.0231038949 9.17414986 255 79 163
18.1809226 0.0508985648 9.14103951 255 79 163
18.1564262 0.0878395698 9.11338877 255 79 163
18.1379949 0.132074534 9.09258416 255 79 163
18.126553 0.18138533 9.07966891 255 79 163
18.0085687 0.00584930081 9.37284466 255 79 163
17.9856528 0.0231038949 9.32918212 255 79 163
17.9650958 0.0508985648 9.290014 255 79 163
17.9479285 0.0878395698 9.25730437 255 79 163
17.9350116 0.132074534 9.23269341 255 79 163
17.926993 0.18138533 9.21741523 255 79 163
17.7422756 0.00584930081 9.47383632 255 79 163
17.7304747 0.0231038949 9.42595841 255 79 163
17.7198886 0.0508985648 9.38300883 255 79 163
17.7110481 0.0878395698 9.34714126 255 79 163
17.7043964 0.132074534 9.32015426 255 79 163
17.7002671 0.18138533 9.30340105 255 79 163
17.4595516 0.00584930081 9.50816523 255 79 163
17.4595516 0.0231038949 9.45885443 255 79 163
17.4595516 0.0508985648 9.41461947 255 79 163
17.4595516 0.0878395698 9.37767847 255 79 163
17.4595516 0.132074534 9.3498838 255 79 163
17.4595516 0.18138533 9.3326292 255 79 163
17.1768275 0.00584930081 9.47383632 255 79 163
17.1886284 0.0231038949 9.42595841 255 79 163
17.1992145 0.0508985648 9.38300883 255 79 163
17.2080551 0.0878395698 9.34714126 255 79 163
17.2147068 0.132074534 9.32015426 255 79 163
17.2188361 0.18138533 9.30340105 255 79 163
16.9105344 0.00584930081 9.37284466 255 79 163
16.9334503 0.0231038949 9.32918212 255 79 163
16.9540073 0.0508985648 9.290014 255 79 163
16.9711746 0.0878395698 9.25730437 255 79 163
16.9840915 0.132074534 9.23269341 255 79 163
16.9921101 0.18138533 9.21741523 255 79 163
16.6761482 0.00584930081 9.21105952 255 79 163
16.7088473 0.0231038949 9.17414986 255 79 163
16.7381805 0.0508985648 9.14103951 255 79 163
16.7626769 0.0878395698 9.11338877 255 79 163
16.7811082 0.132074534 9.09258416 255 79 163
16.7925501 0.18138533 9.07966891 255 79 163
16.4872905 0.00584930081 8.99788326 255 79 163
16.5278725 0.0231038949 8.96987153 255 79 163
16.5642771 0.0508985648 8.94474321 255 79 163
16.594679 0.0878395698 8.92375833 255 79 163
16.6175536 0.132074534 8.90796916 255 79 163
16.6317538 0.18138533 8.89816743 255 79 163
16.3549371 0.00584930081 8.74570491 255 79 163
16.4010435 0.0231038949 8.72821906 255 79 163
16.4424039 0.0508985648 8.71253313 255 79 163
16.4769443 0.0878395698 8.69943367 255 79 163
16.5029328 0.132074534 8.68957754 255 79 163
16.5190661 0.18138533 8.68345898 255 79 163
16.2867799 0.00584930081 8.46918017 255 79 163
16.3357311 0.0231038949 8.46323641 255 79 163
16.3796436 0.0508985648 8.45790447 255 79 163
16.4163152 0.0878395698 8.45345173 255 79 163
16.4439072 0.132074534 8.45010145 255 79 163
16.461036 0.18138533 8.44802164 255 79 163
16.2867799 0.00584930081 8.18437963 255 79 163
16.3357311 0.0231038949 8.19032339 255 79 163
16.3796436 0.0508985648 8.19565533 255 79 163
16.4163152 0.0878395698 8.20010808 255 79 163
16.4439072 0.132074534 8.20345835 255 79 163
16.461036 0.18138533 8.20553817 255 79 163
16.3549371 0.00584930081 7.90785489 255 79 163
16.4010435 0.0231038949 7.92534074 255 79 163
16.4424039 0.0508985648 7.94102667 255 79 163
16.4769443 0.0878395698 7.95412613 255 79 163
16.5029328 0.132074534 7.96398226 255 79 163
16.5190661 0.18138533 7.97010082 255 79 163
16.4872905 0.00584930081 7.65567654 255 79 163
16.5278725 0.0231038949 7.68368827 255 79 163
16.5642771 0.0508985648 7.70881659 255 79 163
16.594679 0.0878395698 7.72980147 255 79 163
16.6175536 0.132074534 7.74559065 255 79 163
16.6317538 0.18138533 7.75539237 255 79 163
16.6761482 0.00584930081 7.44250028 255 79 163
16.7088473 0.0231038949 7.47940994 255 79 163
16.7381805 0.0508985648 7.51252029 255 79 163
16.7626769 0.0878395698 7.54017103 255 79 163
16.7811082 0.132074534 7.56097564 255 79 163
16.7925501 0.18138533 7.57389089 255 79 163
16.9105344 0.00584930081 7.28071514 255 79 163
16.9334503 0.0231038949 7.32437768 255 79 163
16.9540073 0.0508985648 7.3635458 255 79 163
16.9711746 0.0878395698 7.39625543 255 79 163
16.9840915 0.132074534 7.42086639 255 79 163
16.9921101 0.18138533 7.43614458 255 79 163
17.1768275 0.00584930081 7.17972348 255 79 163
17.1886284 0.0231038949 7.2276014 255 79 163
17.1992145 0.0508985648 7.27055097 255 79 163
17.2080551 0.0878395698 7.30641854 255 79 163
17.2147068 0.132074534 7.33340555 255 79 163
17.2188361 0.18138533 7.35015875 255 79 163
41.0730539 59.7366016 32.3062638 255 79 163
29.0398555 59.7366016 32.3062638 255 79 163
29.0398555 59.7156782 32.4830449 255 79 163
29.0398555 59.6540641 32.6500572 255 79 163
29.0398555 59.5551642 32.7980713 255 79 163
29.0398555 59.4244438 32.9189081 255 79 163
29.0398555 59.2691263 33.0058901 255 79 163
29.0398555 59.1270675 33.0489831 255 79 163
29.0398555 58.9793316 33.0635338 255 79 163
41.0730539 58.9793316 33.0635338 255 79 163
41.0730539 59.7137033 32.4910772 255 79 163
41.0730539 59.6496414 32.6586027 255 79 163
41.0730539 59.5559007 32.7972078 255 79 163
41.0730539 59.4328141 32.9127384 255 79 163
41.0730539 59.2896199 32.9970452 255 79 163
41.0730539 59.1377864 33.0467703 255 79 163
41.0730539 59.0575185 33.0594866 255 79 163
41.0730539 59.7366016 32.3062638 255 79 163
41.0730539 59.7137033 32.4910772 255 79 163
41.0730539 59.6496414 32.6586027 255 79 163
41.0730539 59.5559007 32.7972078 255 79 163
41.0730539 59.4328141 32.9127384 255 79 163
41.0730539 59.2896199 32.9970452 255 79 163
41.0730539 59.1377864 33.0467703 255 79 163
41.0730539 59.0575185 33.0594866 255 79 163
41.0730539 58.9793316 33.0635338 255 79 163
41.5233326 58.9346965 33.0339436 255 79 163
41.9658666 58.8113227 32.9456818 255 79 163
42.3930444 58.6250074 32.8002666 255 79 163
42.9260823 58.3059816 32.5219336 255 79 163
43.4573514 57.8935197 32.1034948 255 79 163
43.8965148 57.4756901 31.5892251 255 79 163
44.2266078 57.1058085 30.9989908 255 79 163
44.4348788 56.8371903 30.3555927 255 79 163
44.4940315 56.7524558 29.9912977 255 79 163
44.5138251 56.7222917 29.6227627 255 79 163
41.4995151 59.7366016 29.6227627 255 79 163
42.2409631 59.6439897 29.6227627 255 79 163
42.9125698 59.3848733 29.6227627 255 79 163
43.4669416 59.0059943 29.6227627 255 79 163
43.9270095 58.5092823 29.6227627 255 79 163
44.260094 57.9327744 29.6227627 255 79 163
44.4533046 57.3232841 29.6227627 255 79 163
44.4991952 57.0189122 29.6227627 255 79 163
41.2865131 59.7366016 32.2806802 255 79 163
41.4908345 59.7366016 32.2070089 255 79 163
41.6781017 59.7366016 32.0907465 255 79 163
41.8418465 59.7366016 31.9383551 255 79 163
41.9771426 59.7366016 31.7569949 255 79 163
42.0806556 59.7366016 31.5542492 255 79 163
42.1506526 59.7366016 31.3378486 255 79 163
42.186969 59.7366016 31.1153986 255 79 163
42.1909374 59.7366016 30.8941194 255 79 163
42.1507946 59.7366016 30.612172 255 79 163
42.0551938 59.7366016 30.3276118 255 79 163
41.9242967 59.7366016 30.0903175 255 79 163
41.7801971 59.7366016 29.9069008 255 79 163
41.5082167 59.7366016 29.6486896 255 79 163
41.5017244 59.7366016 29.6355213 255 79 163
41.6955023 59.4863969 32.752023 255 79 163
43.6096647 58.8821361 30.1273261 255 79 163
41.8859067 59.706948 32.1969027 255 79 163
41.9045842 59.6684373 32.3250104 255 79 163
42.2375873 59.6979124 31.8050258 255 79 163
42.3127146 59.6948388 31.6739612 255 79 163
42.1789721 59.5942677 32.2726854 255 79 163
42.3205551 59.6461567 31.934395 255 79 163
42.3752311 59.6916193 31.5382731 255 79 163
42.3876399 59.6408135 31.8411958 255 79 163
42.7452116 59.3056351 32.1253236 255 79 163
42.4252031 59.6882863 31.3996915 255 79 163
42.4483341 59.6352731 31.7449092 255 79 163
42.5026074 59.629567 31.6461702 255 79 163
42.4680439 59.6842971 31.2365672 255 79 163
42.5504898 59.6237266 31.5455998 255 79 163
42.6045524 59.6157854 31.409693 255 79 163
42.0538214 59.1260318 32.8499523 255 79 163
42.3365388 59.1691895 32.6701333 255 79 163
42.5036907 59.6709316 30.7135228 255 79 163
42.8382227 59.4917928 31.3383791 255 79 163
42.7146968 59.5862489 30.9123639 255 79 163
43.3737866 59.0628979 31.1600632 255 79 163
42.4820696 59.6659698 30.5284237 255 79 163
42.7243762 59.5774877 30.7665282 255 79 163
42.6541184 58.9266855 32.5770756 255 79 163
42.4470714 59.6612986 30.357644 255 79 163
42.7251475 59.569045 30.625836 255 79 163
42.8997268 58.8197442 32.4176699 255 79 163
42.7185969 59.5610272 30.4911089 255 79 163
42.7543425 58.731087 32.5786065 255 79 163
43.1565995 58.6912378 32.2135025 255 79 163
43.3219917 58.7803169 31.9016136 255 79 163
43.1023972 58.5434807 32.342051 255 79 163
42.9955535 59.3958743 30.4111174 255 79 163
42.6672306 59.5390995 30.0971114 255 79 163
42.5224819 59.5754785 29.9057362 255 79 163
43.5993347 58.4252541 31.7382685 255 79 163
43.7830912 58.2954779 31.4716377 255 79 163
43.7244831 58.1204577 31.7127737 255 79 163
42.9800936 59.3532601 29.8105902 255 79 163
43.9397934 58.1736895 31.1898747 255 79 163
43.9315039 58.3818119 30.8278039 255 79 163
43.9682576 57.9187919 31.3436971 255 79 163
44.1689871 57.9713569 30.5937621 255 79 163
44.2415188 57.8986806 30.2831687 255 79 163
44.3028887 57.5957209 30.5311152 255 79 163
44.26206 57.8956836 30.0623866 255 79 163
44.4347605 57.345954 29.9849126 255 79 163
43.530883 58.9576678 30.6447473 255 79 163
29.0398555 59.7366016 32.3062638 255 79 163
29.0398555 59.7156782 32.4830449 255 79 163
29.0398555 59.6540641 32.6500572 255 79 163
29.0398555 59.5551642 32.7980713 255 79 163
29.0398555 59.4244438 32.9189081 255 79 163
29.0398555 59.2691263 33.0058901 255 79 163
29.0398555 59.1270675 33.0489831 255 79 163
29.0398555 58.9793316 33.0635338 255 79 163
27.7817338 58.855202 33.1981182 255 79 163
26.6249069 58.7389893 33.5896965 255 79 163
25.7085994 58.6483612 34.1665405 255 79 163
25.1243492 58.593794 34.7708979 255 79 163
24.7582489 58.561654 35.3931153 255 79 163
24.5906185 58.547572 35.913586 255 79 163
24.5327243 58.5428101 36.4591161 255 79 163
23.9229981 59.7366016 36.4591161 255 79 163
24.1002005 59.7154428 36.4591161 255 79 163
24.2674414 59.6531549 36.4591161 255 79 163
24.415314 59.5532407 36.4591161 255 79 163
24.5355036 59.4213186 36.4591161 255 79 163
24.6212524 59.2648063 36.4591161 255 79 163
24.6677389 59.0925044 36.4591161 255 79 163
24.6723491 58.9141008 36.4591161 255 79 163
24.6348235 58.7396269 36.4591161 255 79 163
24.5910612 58.6374371 36.4591161 255 79 163
27.7843777 59.7366016 32.437688 255 79 163
26.5425597 59.7366016 32.8493883 255 79 163
25.4824236 59.7366016 33.4969076 255 79 163
24.7294803 59.7366016 34.2442727 255 79 163
24.2586568 59.7366016 34.9973449 255 79 163
24.0097335 59.7366016 35.707359 255 79 163
28.4196512 59.7084817 32.5432985 255 79 163
28.4742851 59.495899 32.8882431 255 79 163
27.3561724 59.4548237 33.1546959 255 79 163
25.9975479 59.6974687 33.416808 255 79 163
26.3611624 58.9468356 33.7804221 255 79 163
25.3808579 58.8557857 34.5947692 255 79 163
24.284786 59.6872837 35.705989 255 79 163
24.679965 59.3306658 35.7685792 255 79 163
24.7406066 58.7982275 35.7781843 255 79 163
26.4020934 59.6533942 33.2974681 255 79 163
26.2683015 59.4083254 33.6875617 255 79 163
27.0327878 59.1237801 33.4316206 255 79 163
25.9161332 59.6475226 33.6075881 255 79 163
25.3895983 59.6407259 34.0529685 255 79 163
24.9480534 59.6914073 34.3742437 255 79 163
25.2995361 59.3617244 34.5533331 255 79 163
26.0594522 59.0435043 33.9787609 255 79 163
24.8229878 59.6330066 34.75539 255 79 163
25.30527 58.9790593 34.7047861 255 79 163
24.5015867 59.6285067 35.4113658 255 79 163
25.1067041 58.9621901 34.9893257 255 79 163
24.8163756 58.9378405 35.6005761 255 79 163
26.0416299 59.3977873 33.8454523 255 79 163
25.789893 59.3857904 34.0472524 255 79 163
25.0487137 59.3491826 34.9074324 255 79 163
24.883824 59.3409014 35.2086678 255 79 163
24.7519491 59.334277 35.5284922 255 79 163
25.8271288 59.0237033 34.1626034 255 79 163
44.5138251 59.4870548 3.43955701 255 79 163
44.5062793 59.5479573 3.43955701 255 79 163
44.4851686 59.6031627 3.43955701 255 79 163
44.4542778 59.6488379 3.43955701 255 79 163
44.4137165 59.6869093 3.43955701 255 79 163
44.3665291 59.7146913 3.43955701 255 79 163
44.3164946 59.7310775 3.43955701 255 79 163
44.2900436 59.7352679 3.43955701 255 79 163
44.2642783 59.7366016 3.43955701 255 79 163
44.5138251 59.0507635 8.7523777 255 79 163
44.5138251 58.1952778 15.8361386 255 79 163
44.5138251 57.3310753 22.7294506 255 79 163
44.5138251 56.9587898 26.3803287 255 79 163
44.5138251 56.7222917 29.6227627 255 79 163
41.4995151 59.7366016 29.6227627 255 79 163
42.2409631 59.6439897 29.6227627 255 79 163
42.9125698 59.3848733 29.6227627 255 79 163
43.4669416 59.0059943 29.6227627 255 79 163
43.9270095 58.5092823 29.6227627 255 79 163
44.260094 57.9327744 29.6227627 255 79 163
44.4533046 57.3232841 29.6227627 255 79 163
44.4991952 57.0189122 29.6227627 255 79 163
43.827987 59.7366016 8.7523777 255 79 163
42.9725012 59.7366016 15.8361386 255 79 163
42.1082988 59.7366016 22.7294506 255 79 163
41.7360133 59.7366016 26.3803287 255 79 163
44.2104294 59.7160124 6.09596735 255 79 163
44.373171 59.5765915 6.98143747 255 79 163
44.2539599 59.6995247 6.09596735 255 79 163
44.3129477 59.5357243 8.7523777 255 79 163
42.2838012 59.6562253 28.0015457 255 79 163
42.6866048 59.5154774 28.5419514 255 79 163
42.5788907 59.5686345 28.0015457 255 79 163
44.3794877 57.7012893 28.0015457 255 79 163
44.3442704 57.7745632 28.5419514 255 79 163
44.1726784 58.1657402 28.5419514 255 79 163
44.2695696 57.9942937 28.0015457 255 79 163
44.4629959 59.5799656 4.76776218 255 79 163
44.378574 59.4026144 9.53946224 255 79 163
44.409943 59.3210732 9.93300452 255 79 163
44.4520379 59.1805175 10.5233179 255 79 163
44.029127 59.6154271 11.1136313 255 79 163
44.1944166 59.4171932 12.2942582 255 79 163
44.3557379 59.1042529 13.474885 255 79 163
43.6844041 59.6444437 14.0651984 255 79 163
43.9552439 59.5103993 13.8684272 255 79 163
43.8044541 59.5592589 14.6555118 255 79 163
43.8894473 59.4837544 15.0490541 255 79 163
43.5398544 59.6283826 15.8361386 255 79 163
44.0623818 59.2851583 15.8361386 255 79 163
44.3879929 58.8859765 15.0490541 255 79 163
43.5438103 59.5931083 16.6020622 255 79 163
44.4056061 58.7626309 15.8361386 255 79 163
44.2254895 59.0245892 16.6020622 255 79 163
44.2978125 58.8725512 16.9850239 255 79 163
44.3898464 58.6207934 17.5594666 255 79 163
44.1992206 58.9597211 17.7509475 255 79 163
44.4581802 58.3454801 18.1339093 255 79 163
44.2415086 58.6473357 20.43168 255 79 163
43.9316714 59.1544479 19.2827946 255 79 163
43.1221649 59.5819727 21.0061226 255 79 163
43.2819423 59.5543704 20.0487182 255 79 163
43.5684733 59.3537732 20.8146417 255 79 163
42.9937603 59.5677055 22.7294506 255 79 163
43.5086152 59.3295331 21.9635271 255 79 163
43.8092627 59.0320393 22.7294506 255 79 163
42.6438453 59.6618024 23.3379303 255 79 163
44.3112431 58.3671474 21.9635271 255 79 163
43.0650023 59.5222787 23.1351038 255 79 163
44.344929 58.2165368 22.7294506 255 79 163
44.0831644 58.6731335 23.1351038 255 79 163
44.1978371 58.4726496 23.3379303 255 79 163
44.0714408 58.6441834 23.7435834 255 79 163
43.7513471 58.9741237 24.5548897 255 79 163
43.2161614 59.4121857 23.94641 255 79 163
44.3378069 58.1524384 23.6421702 255 79 163
42.4997666 59.6560393 25.1633694 255 79 163
42.9509031 59.5054001 24.9605428 255 79 163
44.2898897 58.2227983 24.1492366 255 79 163
44.1734907 58.3752643 25.1633694 255 79 163
44.4370309 57.8167465 23.94641 255 79 163
42.8116205 59.5474678 25.4676092 255 79 163
43.3493488 59.2650368 25.3661959 255 79 163
43.1227253 59.3888267 25.7718491 255 79 163
42.7585111 59.5415667 26.3803287 255 79 163
43.3244972 59.254973 25.9746756 255 79 163
43.7002228 58.9229994 26.3803287 255 79 163
42.6979459 59.5504485 26.9207344 255 79 163
43.058628 59.3888144 26.7405992 255 79 163
43.6229443 58.9461549 27.4611401 255 79 163
42.5617669 59.5903967 27.2810048 255 79 163
44.4315014 57.6785106 25.7718491 255 79 163
44.3187902 57.9812876 26.3803287 255 79 163
44.2741374 58.116313 25.9746756 255 79 163
44.1437816 58.3211007 26.7405992 255 79 163
42.9923356 59.3924615 27.7313429 255 79 163
44.302985 57.9830777 26.9207344 255 79 163
43.5969645 58.9549297 27.8214105 255 79 163
43.5839516 58.9595063 28.0015457 255 79 163
44.330131 57.8901481 27.2810048 255 79 163
43.2419925 59.2199353 28.3618161 255 79 163
44.081812 58.3673442 27.7313429 255 79 163
43.4955824 59.0277502 28.2717485 255 79 163
43.8084441 58.7183494 28.1816809 255 79 163
43.5448719 58.9739684 28.5419514 255 79 163
43.5188298 58.9841989 28.9022218 255 79 163
44.1132814 59.6590564 9.14591997 255 79 163
43.9704005 59.3015609 16.7935431 255 79 163
43.5735417 59.5015308 18.1339093 255 79 163
43.0662203 59.6989428 17.9424284 255 79 163
44.1612607 58.9906802 18.0062554 255 79 163
44.1413003 59.006453 18.1339093 255 79 163
44.0774491 59.0547642 18.5168711 255 79 163
43.8262466 59.1861579 20.2401991 255 79 163
43.8032812 59.1239388 21.4529114 255 79 163
43.3531537 59.4464338 21.5805653 255 79 163
43.0083541 59.5852485 22.091181 255 79 163
43.9945425 58.9252225 21.3890844 255 79 163
42.8265217 59.6382926 22.3464889 255 79 163
43.7889264 59.1115615 21.8358732 255 79 163
43.9147424 58.9882665 21.7720462 255 79 163
43.9787723 58.9005817 21.9635271 255 79 163
43.6293526 59.1705392 23.1351038 255 79 163
43.6172138 59.1627704 23.4393436 255 79 163
43.7892983 59.0120749 23.3379303 255 79 163
42.4345496 59.6534306 26.0760889 255 79 163
43.7164143 58.9391908 25.7718491 255 79 163
43.8872994 58.7576552 25.6704358 255 79 163
43.8807701 58.7474532 25.9746756 255 79 163
43.6746046 58.9301747 26.7405992 255 79 163
43.5043806 59.5141959 18.6126115 255 79 163
19.2430065 59.7366016 85.0265042 255 79 163
19.519762 59.7366016 79.0154163 255 79 163
20.0390698 59.7366016 73.0043284 255 79 163
21.0230008 59.7366016 64.6121208 255 79 163
22.8435368 59.7366016 50.28627 255 79 163
23.5268692 59.7366016 43.3726931 255 79 163
23.7726696 59.7366016 39.8385765 255 79 163
23.9229981 59.7366016 36.4591161 255 79 163
21.8088673 54.7784085 83.7854001 255 79 163
22.1496605 55.3805877 83.8347566 255 79 163
22.3483569 56.0427433 83.9389487 255 79 163
22.3952768 56.7311663 84.0822691 255 79 163
22.2895257 57.411124 84.2503965 255 79 163
22.0384313 58.0493877 84.429893 255 79 163
21.6562671 58.6160838 84.6076268 255 79 163
21.1627623 59.0858435 84.7702838 255 79 163
20.5817321 59.4383496 84.9040558 255 79 163
19.94 59.6584981 84.9945175 255 79 163
19.5936487 59.7170032 85.0193895 255 79 163
22.0112677 55.0581281 77.6172422 255 79 163
22.3522535 55.5293744 71.4490842 255 79 163
22.9935606 56.4156683 62.492018 255 79 163
23.9693946 57.764282 49.2280776 255 79 163
24.3251054 58.2558784 42.8435968 255 79 163
24.5327243 58.5428101 36.4591161 255 79 163
24.1002005 59.7154428 36.4591161 255 79 163
24.2674414 59.6531549 36.4591161 255 79 163
24.415314 59.5532407 36.4591161 255 79 163
24.5355036 59.4213186 36.4591161 255 79 163
24.6212524 59.2648063 36.4591161 255 79 163
24.6677389 59.0925044 36.4591161 255 79 163
24.6723491 58.9141008 36.4591161 255 79 163
24.6348235 58.7396269 36.4591161 255 79 163
24.5910612 58.6374371 36.4591161 255 79 163
20.3460152 59.5722777 81.8928501 255 79 163
20.4181489 59.5318507 82.8965852 255 79 163
20.827592 59.3421723 82.7977759 255 79 163
20.6597515 59.4476528 81.8115219 255 79 163
21.2070338 59.0951558 82.6843122 255 79 163
20.9595582 59.2894491 81.7226546 255 79 163
21.5482034 58.7950586 82.5652349 255 79 163
21.2416147 59.0989553 81.632906 255 79 163
21.8431208 58.4474244 82.4493604 255 79 163
21.5019797 58.8779858 81.5488429 255 79 163
21.736714 58.6290109 81.4771829 255 79 163
22.0843949 58.0592432 82.3455451 255 79 163
21.9420793 58.3552212 81.425086 255 79 163
24.2184595 59.6495349 38.1488463 255 79 163
24.3886559 59.5482591 37.5856029 255 79 163
24.2987043 59.6019999 38.1488463 255 79 163
24.3727471 59.5452862 38.1488463 255 79 163
24.4395432 59.4801939 38.1488463 255 79 163
24.4745847 59.4611381 37.5856029 255 79 163
24.5456897 59.3615494 37.5856029 255 79 163
21.0901717 59.1572563 83.7521063 255 79 163
22.0029991 58.1553546 83.4078153 255 79 163
22.4056993 56.850949 83.100995 255 79 163
22.2656596 57.6389662 82.2630405 255 79 163
22.398137 56.3510379 83.3455819 255 79 163
20.6005017 59.4950603 80.7903256 255 79 163
22.4127856 56.5061339 83.0488981 255 79 163
20.2536846 59.6240897 80.3690354 255 79 163
20.8062271 59.4003568 80.7323884 255 79 163
22.3255298 55.8964244 83.2943988 255 79 163
20.4155042 59.5747745 80.3241612 255 79 163
22.3809861 56.1624774 83.0242203 255 79 163
21.0050077 59.2904968 80.6804807 255 79 163
20.5750123 59.5164649 80.2821296 255 79 163
20.7313577 59.4492653 80.2462996 255 79 163
22.4329431 56.5237607 82.0680818 255 79 163
21.5280122 58.9089067 80.2161347 255 79 163
22.3609715 55.9640526 81.9706024 255 79 163
21.417225 59.0352441 79.5856105 255 79 163
21.2937263 59.2017034 77.959136 255 79 163
20.6675848 59.5406177 77.7805393 255 79 163
21.104647 59.2968812 78.6658728 255 79 163
22.2819139 55.6190371 80.5194824 255 79 163
20.4370083 59.6509136 76.188469 255 79 163
22.4513433 56.0763654 78.8865235 255 79 163
22.5493564 56.5453363 77.9667857 255 79 163
22.5320317 56.7722113 78.6964587 255 79 163
20.8770006 59.5492966 74.7749954 255 79 163
21.4728004 59.22505 74.953592 255 79 163
22.6082372 56.6113331 76.4640137 255 79 163
22.5405534 57.4900069 76.4912299 255 79 163
22.5754903 57.1185823 77.0814522 255 79 163
21.3834603 59.3254467 74.1575569 255 79 163
22.6509725 56.8247993 75.6505264 255 79 163
22.034912 58.7776532 74.1128884 255 79 163
22.5472758 56.1238993 75.8203969 255 79 163
21.8347814 59.0282025 73.51394 255 79 163
22.5070737 55.8852222 74.3632927 255 79 163
21.7089401 59.2558364 71.6398486 255 79 163
21.1622978 59.5611203 71.3464198 255 79 163
21.4970667 59.3370861 72.6155174 255 79 163
22.6972476 56.3140554 72.7363179 255 79 163
22.8272774 56.8568449 71.8378953 255 79 163
22.7971528 56.9798308 72.5664474 255 79 163
21.077701 59.6619832 69.1016535 255 79 163
22.1071046 59.0823651 69.6885112 255 79 163
22.9420281 56.9854637 69.7398434 255 79 163
22.8844525 57.7605279 69.7227326 255 79 163
22.8888386 57.4093798 70.5687977 255 79 163
21.5622347 59.5776951 67.150316 255 79 163
22.4506741 59.1506978 65.3982642 255 79 163
22.03064 59.3917528 66.3213617 255 79 163
22.5783067 58.9326641 66.2757103 255 79 163
22.9564529 56.4842029 66.7085033 255 79 163
22.91824 56.5942618 68.816746 255 79 163
23.199378 56.9507296 64.3382129 255 79 163
23.1462382 57.6482552 66.1844077 255 79 163
23.350905 57.4437546 63.0220437 255 79 163
23.2901659 57.5026958 64.076165 255 79 163
22.3189206 59.6834283 58.009509 255 79 163
22.1134086 59.6005376 61.8711286 255 79 163
22.9878743 59.257542 59.1301363 255 79 163
22.8747096 59.6320886 54.7082032 255 79 163
23.2585174 59.5175537 53.337707 255 79 163
23.587376 59.220515 53.5591786 255 79 163
23.7373498 57.5250662 55.2407392 255 79 163
23.6026525 57.4620599 58.24707 255 79 163
23.546312 59.5470394 50.0217219 255 79 163
23.7514012 59.2673055 51.3485219 255 79 163
24.0373623 59.042409 49.7571738 255 79 163
23.4314435 59.6551616 48.9576418 255 79 163
24.0254054 57.9980877 51.6150997 255 79 163
23.9212978 58.3675361 54.0021219 255 79 163
23.6749851 59.5121571 49.2241525 255 79 163
23.9057866 59.4401063 47.6290136 255 79 163
24.1073272 58.3693361 50.9957911 255 79 163
24.1874118 58.3813559 49.4926257 255 79 163
24.192831 58.7897361 48.8714216 255 79 163
24.2542883 58.8380802 47.7191588 255 79 163
24.2349326 59.1433176 46.3003853 255 79 163
23.9255243 59.5448208 45.767364 255 79 163
24.2786131 58.4835792 47.7642314 255 79 163
24.2411094 58.6643318 48.4285456 255 79 163
24.3253888 58.6006013 46.8921951 255 79 163
24.401243 58.812941 45.1481225 255 79 163
23.9339779 59.5867573 44.8365392 255 79 163
24.2728342 58.3118141 47.1881 255 79 163
24.1647065 59.3852065 44.9404003 255 79 163
24.1165518 59.4820255 44.2604078 255 79 163
24.2215722 59.4014282 43.8763202 255 79 163
24.0332313 59.5969262 43.240419 255 79 163
24.3888471 59.221929 43.108145 255 79 163
24.1044273 59.5681451 42.8330423 255 79 163
24.2338156 59.5053482 42.0182888 255 79 163
24.4685588 58.7524402 43.6999548 255 79 163
24.1943524 59.579869 41.065984 255 79 163
24.4598728 59.2582053 41.3410867 255 79 163
24.4944826 58.7255372 42.9758709 255 79 163
24.512597 58.9162812 42.4309428 255 79 163
24.1725428 59.6111992 40.5898316 255 79 163
24.5273222 58.7623456 42.0923417 255 79 163
24.3476046 59.4837513 40.2978088 255 79 163
24.5725014 59.1420686 39.7137631 255 79 163
24.2727732 59.571092 39.7761698 255 79 163
24.5564704 58.8983319 41.2994822 255 79 163
24.2827233 59.5820577 39.2337286 255 79 163
24.5451657 58.7119908 41.27868 255 79 163
24.5640452 58.6503361 39.6721587 255 79 163
24.6342119 58.8191571 38.0864396 255 79 163
20.009508 59.6440464 84.5993334 255 79 163
20.3783199 59.5298233 84.385748 255 79 163
20.212958 59.5877841 84.3893053 255 79 163
20.2802674 59.5699921 83.8917319 255 79 163
21.6286524 58.6610891 84.0909996 255 79 163
22.2831184 57.4684773 83.7450423 255 79 163
22.3091399 57.5340931 81.9187361 255 79 163
21.7046008 58.6895244 80.9913858 255 79 163
22.1787329 57.9732513 80.8164938 255 79 163
22.329429 57.4815259 81.7465839 255 79 163
21.6886078 58.719284 80.7484873 255 79 163
22.2872857 57.6491963 81.4365539 255 79 163
21.636474 58.7843579 80.5710364 255 79 163
20.5947284 59.5234597 79.6157755 255 79 163
22.3895292 57.2688501 81.4422878 255 79 163
20.5265473 59.5564268 79.3005134 255 79 163
20.3441784 59.624339 78.8406446 255 79 163
20.7256454 59.4817482 79.0889666 255 79 163
21.7279914 58.7595986 79.1625168 255 79 163
22.1375652 58.0902324 80.3961444 255 79 163
21.9194763 58.4743317 79.98585 255 79 163
22.4577971 56.7103741 81.134686 255 79 163
22.1157664 58.1476823 80.1859697 255 79 163
22.4361882 57.2418993 80.1558047 255 79 163
22.0816088 58.2324781 79.8707076 255 79 163
21.9752505 58.4178911 79.634644 255 79 163
22.4682215 56.8039314 80.6679881 255 79 163
22.4640126 56.9509767 80.4972603 255 79 163
22.1854367 58.0570257 79.6591608 255 79 163
22.4680446 56.4221679 80.3376435 255 79 163
21.7453645 58.7801302 78.491101 255 79 163
22.3671479 57.6427833 79.3382601 255 79 163
21.6040146 58.9324919 78.3137793 255 79 163
22.3159959 57.8359008 78.9294878 255 79 163
21.8220261 58.7169246 78.1377326 255 79 163
22.2197744 58.1140801 78.3163293 255 79 163
22.2864574 57.9302597 78.7251016 255 79 163
22.1174765 58.3321348 77.9228477 255 79 163
22.0606971 58.4366814 77.7261069 255 79 163
22.4996758 57.4578514 77.4930779 255 79 163
22.5182011 57.1593344 78.3265246 255 79 163
22.4940048 57.3497559 78.1415575 255 79 163
21.0824965 59.3980161 76.3670657 255 79 163
22.1882518 58.2983308 77.0193701 255 79 163
21.9366106 58.6360133 77.3326254 255 79 163
21.6508204 58.9916144 76.5456623 255 79 163
22.3339266 58.0391048 76.8433234 255 79 163
22.2114128 58.3087139 76.5184461 255 79 163
22.5153145 56.2065779 77.55516 255 79 163
22.2599554 58.2664513 76.1158925 255 79 163
22.3836383 55.7617547 77.7920139 255 79 163
22.4825482 56.0418281 77.3493472 255 79 163
22.5351561 56.2308874 77.0542361 255 79 163
21.9757594 58.7607791 75.1321887 255 79 163
22.3543683 58.1828236 75.3107853 255 79 163
22.4143936 55.8023295 77.040628 255 79 163
20.7310346 59.6329349 73.5809426 255 79 163
22.5847561 57.524778 75.4806558 255 79 163
21.12873 59.488087 73.5586084 255 79 163
20.9976757 59.5542978 73.2591342 255 79 163
20.7983732 59.6344311 72.8099229 255 79 163
22.4462906 58.1013843 74.4824085 255 79 163
21.1696143 59.4904677 73.0445953 255 79 163
22.0977812 58.7955875 73.0848621 255 79 163
22.4908627 58.061415 74.06822 255 79 163
22.382212 58.3237544 73.7404341 255 79 163
22.5177789 58.0769328 73.5542069 255 79 163
22.7099221 57.2433395 74.0235516 255 79 163
22.69088 56.5548287 74.1934221 255 79 163
22.0848212 58.8690554 72.4211118 255 79 163
21.966903 59.0094335 72.1606908 255 79 163
22.520026 58.2674329 72.2267063 255 79 163
22.6657494 57.7184754 73.2249537 255 79 163
22.6188954 57.9450898 72.8256548 255 79 163
22.589633 58.0550444 72.6260053 255 79 163
22.7361663 57.6438817 72.3965769 255 79 163
22.4465396 58.4730773 71.662663 255 79 163
22.4053621 58.5709917 71.3806413 255 79 163
22.8051444 57.6981418 71.1214339 255 79 163
22.794319 57.3819983 72.2103497 255 79 163
22.7728274 57.5790412 72.0323008 255 79 163
22.3149816 58.7563718 70.8165979 255 79 163
22.5524492 58.4616004 70.4049725 255 79 163
22.7136796 58.1293583 70.4595809 255 79 163
22.6457807 58.3316618 70.1286544 255 79 163
22.68242 56.1559312 71.6434897 255 79 163
22.8123049 56.570446 71.2852591 255 79 163
22.7416262 58.1461005 69.9933472 255 79 163
22.5971784 58.4816525 69.7056219 255 79 163
22.0873865 59.1604391 68.9402557 255 79 163
22.7909966 56.4329241 71.008941 255 79 163
22.0780186 59.1974795 68.566128 255 79 163
22.8510493 56.617915 70.5859084 255 79 163
22.0690205 59.2331856 68.1920003 255 79 163
22.0522574 59.300596 67.4437448 255 79 163
22.7426093 56.2353376 70.5944638 255 79 163
21.5350774 59.6508006 65.4667412 255 79 163
23.0632996 57.3616113 67.7646013 255 79 163
23.0172555 57.2132607 68.5546981 255 79 163
21.8650606 59.5309636 65.4439156 255 79 163
23.0851464 57.4345932 67.3695529 255 79 163
21.7818165 59.5867953 65.0051925 255 79 163
23.1062371 57.5067216 66.9745045 255 79 163
22.8269553 58.6360148 65.9527941 255 79 163
22.9616548 58.3328378 66.230059 255 79 163
21.9399492 59.5353244 64.6974934 255 79 163
22.6943179 58.9657579 64.782866 255 79 163
22.2391376 59.4131142 64.0820951 255 79 163
21.6580872 59.6535339 64.347108 255 79 163
22.9306671 58.4771669 65.791336 255 79 163
22.8624411 58.6512139 65.4551793 255 79 163
23.011588 58.3616254 65.4836368 255 79 163
21.9589902 59.5761745 63.7085527 255 79 163
21.8130305 59.6367123 63.5217815 255 79 163
22.5029233 59.359351 62.4314422 255 79 163
23.1504963 58.0767172 65.0144796 255 79 163
22.7261353 59.0370561 63.8170823 255 79 163
23.1334104 58.2769402 64.4295155 255 79 163
23.1205202 58.3730884 64.1370335 255 79 163
23.0867493 58.5568856 63.5520694 255 79 163
23.2986258 58.0114229 63.2870566 255 79 163
23.0726163 58.741235 62.5694176 255 79 163
22.8000854 59.150683 62.009104 255 79 163
23.0632925 58.8273765 62.0780917 255 79 163
22.932261 59.0336344 61.7979349 255 79 163
23.0470334 58.9489048 61.3411029 255 79 163
23.1959567 58.7051662 61.4689823 255 79 163
23.3872469 58.1560404 61.7247412 255 79 163
23.4876989 57.9651419 60.8110772 255 79 163
23.3699109 57.3187133 62.4129343 255 79 163
23.0286232 59.0611231 60.604114 255 79 163
23.3746815 57.2594614 62.1083796 255 79 163
23.4335974 57.4991676 61.6759455 255 79 163
23.3762576 57.1750034 61.6515476 255 79 163
23.3422608 58.6873875 59.9706067 255 79 163
23.4528738 57.3552614 60.9145587 255 79 163
23.5813585 57.7020591 59.440581 255 79 163
23.4224022 58.5539399 59.7594376 255 79 163
23.5448775 58.2800372 59.3370995 255 79 163
23.3399259 58.814626 59.2336179 255 79 163
23.2181834 59.1151977 58.2558022 255 79 163
23.5230289 58.5282352 58.6983324 255 79 163
23.5035775 58.645269 58.3789488 255 79 163
23.3221085 59.041127 57.8186352 255 79 163
23.4214642 58.9669501 57.3421381 255 79 163
23.0729829 59.3591203 57.1993265 255 79 163
23.1026068 59.3895559 56.5557233 255 79 163
23.1635412 59.4454782 55.2685168 255 79 163
23.5971803 58.817587 56.389144 255 79 163
23.7792574 58.0903828 56.4192148 255 79 163
23.7028763 57.9403957 57.6277613 255 79 163
23.6478099 58.9169551 55.2199276 255 79 163
23.8160922 58.1625738 55.8149416 255 79 163
23.6728835 58.9638907 54.6353193 255 79 163
23.6476207 59.0550796 54.2766058 255 79 163
23.8520375 58.2328489 55.2106684 255 79 163
23.8249035 58.9338961 53.0731589 255 79 163
23.5722635 59.3737716 52.144196 255 79 163
23.2227446 59.6465124 51.215233 255 79 163
23.4180215 59.5505494 51.2596626 255 79 163
23.3357322 59.616601 50.817396 255 79 163
23.9776473 58.6204664 52.5871392 255 79 163
23.4082381 59.5947718 50.5521713 255 79 163
23.9396316 58.929092 51.7026059 255 79 163
23.9985265 58.7365839 51.8796478 255 79 163
24.0440463 58.6726977 51.4818108 255 79 163
24.0151488 58.8456413 51.1721565 255 79 163
24.0743114 58.5711262 51.3198042 255 79 163
24.0036728 59.1938273 49.0477871 255 79 163
24.1857046 58.2013384 48.8283116 255 79 163
21.0573176 59.171662 84.2383738 255 79 163
21.3642919 59.1696838 77.5565824 255 79 163
22.5152519 56.8620388 79.1123918 255 79 163
21.7536705 58.9145472 76.2414791 255 79 163
22.6805945 57.3426297 74.3379153 255 79 163
22.7765422 57.0132663 72.9806358 255 79 163
21.7956581 59.2303323 71.0815088 255 79 163
22.9005725 57.8623523 69.13016 255 79 163
22.7856358 58.4767168 67.4829506 255 79 163
22.7800323 58.4002305 68.0306025 255 79 163
22.788341 58.5141119 67.2091247 255 79 163
22.5822104 58.8650059 66.8369019 255 79 163
22.8490415 58.4535984 66.8827694 255 79 163
23.3119306 58.121623 62.7957307 255 79 163
23.3503527 58.0539597 62.491176 255 79 163
23.36796 57.8540203 62.6681319 255 79 163
23.3627649 58.0883528 62.2356977 255 79 163
23.3409334 58.5515008 60.7075956 255 79 163
22.8099049 59.4715916 58.1326556 255 79 163
22.8769124 59.4445627 57.9140721 255 79 163
22.9993251 59.347154 58.0279821 255 79 163
23.6257338 58.2174445 58.4414504 255 79 163
23.6472501 57.9944166 58.4727012 255 79 163
23.6541566 58.0598531 58.3130094 255 79 163
23.6071602 58.5198897 57.7231982 255 79 163
23.6392291 58.4795721 57.4849497 255 79 163
22.5940975 58.577473 69.0352079 255 79 163
22.658776 58.5184681 68.7003394 255 79 163
22.9933125 57.225804 68.973453 255 79 163
22.9295337 57.8889889 68.6275188 255 79 163
27.1630563 59.7366016 8.48585708 255 79 163
24.9659591 59.7366016 6.1989536 255 79 163
24.8180751 59.711193 6.3410302 255 79 163
24.6840247 59.6401081 6.46981652 255 79 163
24.5731156 59.5360907 6.57637016 255 79 163
24.4806703 59.3995104 6.66518517 255 79 163
24.4132097 59.2406181 6.72999661 255 79 163
24.3734207 59.0721393 6.76822312 255 79 163
24.3632454 58.9830718 6.77799886 255 79 163
24.3600069 58.8963134 6.78111014 255 79 163
26.5571041 58.8963134 9.06801362 255 79 163
27.0151723 59.711193 8.62793368 255 79 163
26.8811219 59.6401081 8.75672 255 79 163
26.7702128 59.5360907 8.86327364 255 79 163
26.6777675 59.3995104 8.95208865 255 79 163
26.6103069 59.2406181 9.01690009 255 79 163
26.5705179 59.0721393 9.0551266 255 79 163
26.5603426 58.9830718 9.06490234 255 79 163
27.1630563 59.7366016 8.48585708 255 79 163
27.0151723 59.711193 8.62793368 255 79 163
26.8811219 59.6401081 8.75672 255 79 163
26.7702128 59.5360907 8.86327364 255 79 163
26.6777675 59.3995104 8.95208865 255 79 163
26.6103069 59.2406181 9.01690009 255 79 163
26.5705179 59.0721393 9.0551266 255 79 163
26.5603426 58.9830718 9.06490234 255 79 163
26.5571041 58.8963134 9.06801362 255 79 163
26.9035302 58.897743 9.52751208 255 79 163
27.1314766 58.901523 10.0558983 255 79 163
27.2280098 58.9068903 10.6232007 255 79 163
27.1876552 58.9130816 11.1972408 255 79 163
27.0127042 58.9193338 11.7454585 255 79 163
26.7130784 58.9248838 12.2367577 255 79 163
26.3057713 58.9289684 12.6432704 255 79 163
26.0291765 58.9303649 12.8308187 255 79 163
25.7293505 58.9308635 12.9784096 255 79 163
26.0343572 59.7366016 13.7241876 255 79 163
25.9599196 59.7122378 13.5421789 255 79 163
25.8924452 59.6440756 13.3771957 255 79 163
25.836619 59.5443351 13.240694 255 79 163
25.7900866 59.4133706 13.1269166 255 79 163
25.7561302 59.2610114 13.0438892 255 79 163
25.7361024 59.09946 12.9949187 255 79 163
25.7309806 59.0140547 12.9823954 255 79 163
27.6088353 59.7366016 9.07187144 255 79 163
27.909374 59.7366016 9.74346352 255 79 163
28.0496751 59.7366016 10.4647734 255 79 163
28.0235057 59.7366016 11.1979242 255 79 163
27.8334204 59.7366016 11.9051123 255 79 163
27.4903019 59.7366016 12.5505631 255 79 163
27.012497 59.7366016 13.1022723 255 79 163
26.551098 59.7366016 13.4570181 255 79 163
27.1669103 59.4910474 9.4961151 255 79 163
27.4172501 59.4924931 10.1904969 255 79 163
27.4666521 59.4944698 10.9264954 255 79 163
27.3119226 59.4966235 11.6471548 255 79 163
26.9656041 59.4986002 12.2971626 255 79 163
26.4547568 59.5000458 12.8270506 255 79 163
24.9659591 59.7366016 6.1989536 255 79 163
24.8180751 59.711193 6.3410302 255 79 163
24.6840247 59.6401081 6.46981652 255 79 163
24.5731156 59.5360907 6.57637016 255 79 163
24.4806703 59.3995104 6.66518517 255 79 163
24.4132097 59.2406181 6.72999661 255 79 163
24.3734207 59.0721393 6.76822312 255 79 163
24.3632454 58.9830718 6.77799886 255 79 163
24.3600069 58.8963134 6.78111014 255 79 163
23.8950127 58.9093427 6.39368085 255 79 163
23.3562708 58.9465547 6.11795369 255 79 163
22.7701863 59.0015145 5.96741936 255 79 163
22.1654858 59.0676914 5.94934471 255 79 163
21.571733 59.1384931 6.064448 255 79 163
21.0178466 59.2073059 6.3069351 255 79 163
20.5307056 59.2675298 6.66485777 255 79 163
20.1338975 59.3126039 7.12074262 255 79 163
19.9281347 59.3311006 7.47056041 255 79 163
19.7762856 59.3379006 7.84691503 255 79 163
19.3965138 59.7366016 7.72552354 255 79 163
19.489198 59.7245457 7.7551494 255 79 163
19.5732122 59.6908172 7.78200397 255 79 163
19.6427228 59.641463 7.80422257 255 79 163
19.7006616 59.5766581 7.82274231 255 79 163
19.7429415 59.5012667 7.83625681 255 79 163
19.7678787 59.4213267 7.84422782 255 79 163
19.774256 59.3790658 7.84626626 255 79 163
24.4115456 59.7366016 5.74275976 255 79 163
23.771255 59.7366016 5.42640212 255 79 163
23.0837276 59.7366016 5.26145044 255 79 163
22.3866242 59.7366016 5.24873254 255 79 163
21.7138002 59.7366016 5.37989456 255 79 163
21.0932656 59.7366016 5.63963878 255 79 163
20.5460715 59.7366016 6.00833227 255 79 163
20.0861535 59.7366016 6.46466011 255 79 163
19.7210646 59.7366016 6.98800948 255 79 163
19.5389068 59.7366016 7.34879465 255 79 163
24.0071315 59.4945322 6.17868649 255 79 163
23.3908243 59.5061528 5.88645949 255 79 163
22.0522882 59.5436602 5.76812431 255 79 163
20.8189726 59.5857968 6.25291618 255 79 163
19.9304519 59.6152282 7.21316602 255 79 163
23.0582872 59.5142479 5.7968025 255 79 163
22.8889661 59.5187342 5.76710214 255 79 163
22.7398856 59.6436139 5.59052265 255 79 163
22.5933562 59.5270631 5.73970068 255 79 163
22.4121801 59.5324428 5.73792643 255 79 163
21.7892674 59.5522431 5.81922458 255 79 163
21.4818905 59.6601512 5.77389521 255 79 163
21.660086 59.5565606 5.85369584 255 79 163
21.3833224 59.5660022 5.94965932 255 79 163
21.1875526 59.5728094 6.03717422 255 79 163
20.3769319 59.6012512 6.62515591 255 79 163
23.1454615 59.7366016 14.9959172 255 79 163
23.063308 59.7097123 14.7950419 255 79 163
22.9888393 59.6344846 14.6129571 255 79 163
22.9272264 59.5244054 14.462306 255 79 163
22.8758705 59.3798654 14.3367348 255 79 163
22.8383944 59.2117132 14.245101 255 79 163
22.8162905 59.0334157 14.1910544 255 79 163
22.8106378 58.9391576 14.1772329 255 79 163
22.8088388 58.8473431 14.172834 255 79 163
25.7293505 58.9308635 12.9784096 255 79 163
26.0343572 59.7366016 13.7241876 255 79 163
25.9599196 59.7122378 13.5421789 255 79 163
25.8924452 59.6440756 13.3771957 255 79 163
25.836619 59.5443351 13.240694 255 79 163
25.7900866 59.4133706 13.1269166 255 79 163
25.7561302 59.2610114 13.0438892 255 79 163
25.7361024 59.09946 12.9949187 255 79 163
25.7309806 59.0140547 12.9823954 255 79 163
23.8776553 59.4848136 14.0077435 255 79 163
24.848015 59.4931199 13.6019138 255 79 163
19.3965138 59.7366016 7.72552354 255 79 163
19.489198 59.7245457 7.7551494 255 79 163
19.5732122 59.6908172 7.78200397 255 79 163
19.6427228 59.641463 7.80422257 255 79 163
19.7006616 59.5766581 7.82274231 255 79 163
19.7429415 59.5012667 7.83625681 255 79 163
19.7678787 59.4213267 7.84422782 255 79 163
19.774256 59.3790658 7.84626626 255 79 163
19.7762856 59.3379006 7.84691503 255 79 163
18.9059116 59.3690514 10.5698693 255 79 163
18.5558117 59.7366016 10.4579622 255 79 163
18.6412544 59.7254877 10.4852734 255 79 163
18.7187045 59.6943944 10.5100298 255 79 163
18.7827842 59.6488962 10.5305124 255 79 163
18.8361962 59.5891547 10.5475852 255 79 163
18.8751727 59.5196536 10.5600438 255 79 163
18.8981616 59.4459594 10.567392 255 79 163
18.9040406 59.4070004 10.5692712 255 79 163
19.3777047 59.6227395 8.71989914 255 79 163
19.0905153 59.625821 9.62848877 255 79 163
23.1454615 59.7366016 14.9959172 255 79 163
23.063308 59.7097123 14.7950419 255 79 163
22.9888393 59.6344846 14.6129571 255 79 163
22.9272264 59.5244054 14.462306 255 79 163
22.8758705 59.3798654 14.3367348 255 79 163
22.8383944 59.2117132 14.245101 255 79 163
22.8162905 59.0334157 14.1910544 255 79 163
22.8106378 58.9391576 14.1772329 255 79 163
22.8088388 58.8473431 14.172834 255 79 163
22.1368617 58.8647212 14.358147 255 79 163
21.4400633 58.9090827 14.3796761 255 79 163
20.7577073 58.9730446 14.2361604 255 79 163
20.1283151 59.0493488 13.9355255 255 79 163
19.5875682 59.1308193 13.4945325 255 79 163
19.1662868 59.2103103 12.9379535 255 79 163
18.8886149 59.2806596 12.2972585 255 79 163
18.7705418 59.3346562 11.6088547 255 79 163
18.7913859 59.3600993 11.083273 255 79 163
18.9059116 59.3690514 10.5698693 255 79 163
18.5558117 59.7366016 10.4579622 255 79 163
18.6412544 59.7254877 10.4852734 255 79 163
18.7187045 59.6943944 10.5100298 255 79 163
18.7827842 59.6488962 10.5305124 255 79 163
18.8361962 59.5891547 10.5475852 255 79 163
18.8751727 59.5196536 10.5600438 255 79 163
18.8981616 59.4459594 10.567392 255 79 163
18.9040406 59.4070004 10.5692712 255 79 163
22.3453033 59.7366016 15.2115087 255 79 163
21.5214622 59.7366016 15.2258101 255 79 163
20.7264395 59.7366016 15.0460174 255 79 163
20.0055893 59.7366016 14.6922675 255 79 163
19.3943887 59.7366016 14.1940535 255 79 163
18.9171142 59.7366016 13.5862335 255 79 163
18.5868968 59.7366016 12.905128 255 79 163
18.4070154 59.7366016 12.185122 255 79 163
18.3731709 59.7366016 11.456113 255 79 163
18.4323052 59.7366016 10.94998 255 79 163
22.0331248 59.4832285 14.6278807 255 79 163
21.1373809 59.5008576 14.5784668 255 79 163
20.2987107 59.5254179 14.2756529 255 79 163
19.5860511 59.5533731 13.7514499 255 79 163
19.0533925 59.5812242 13.0546103 255 79 163
18.7367398 59.6054684 12.2444231 255 79 163
18.6534107 59.6225704 11.384464 255 79 163
41.8965224 1.90154741 1.98760186e-17 255 79 163
41.6348006 29.1042083 8.53409736e-17 255 79 163
41.3578258 56.3068691 2.50912102e-16 255 79 163
44.5138251 2.34026708 2.61855364 255 79 163
44.4503833 2.3180706 2.04558566 255 79 163
44.2631526 2.25801618 1.50034553 255 79 163
43.9611651 2.17467338 1.00922469 255 79 163
43.5589766 2.08270527 0.596052128 255 79 163
43.0760237 1.99681789 0.280941288 255 79 163
42.5357239 1.93171015 0.0792712772 255 79 163
42.2185731 1.90982636 0.0198918743 255 79 163
44.5138251 29.3235681 2.88192673 255 79 163
44.5138251 56.3068691 3.15599928 255 79 163
44.4213634 56.3068691 2.39766647 255 79 163
44.1627269 56.3068691 1.70932675 255 79 163
43.7837349 56.3068691 1.13726295 255 79 163
43.2846031 56.3068691 0.65642718 255 79 163
42.7013097 56.3068691 0.300236264 255 79 163
42.0792769 56.3068691 0.0835670713 255 79 163
41.7136885 56.3068691 0.0201272878 255 79 163
42.4088339 15.5505131 0.0689703945 255 79 163
42.8238154 11.0612438 0.186383568 255 79 163
42.4107814 42.7055387 0.150603707 255 79 163
44.433447 42.8152186 2.35507351 255 79 163
42.4989555 47.2393155 0.194748655 255 79 163
44.2923784 47.3124354 1.94628458 255 79 163
44.3854557 5.29503423 1.81886459 255 79 163
44.2144003 6.7724178 1.41791801 255 79 163
43.8145623 6.68927258 0.849244593 255 79 163
43.865649 5.18440618 0.901066516 255 79 163
44.343669 6.78351605 1.70663552 255 79 163
43.7140346 8.18583703 0.751662762 255 79 163
43.4509785 6.6179586 0.52183382 255 79 163
44.4059158 11.2944414 1.9204006 255 79 163
43.1069905 17.1308618 0.342015749 255 79 163
42.6813555 15.5934567 0.146943731 255 79 163
42.9477499 15.6394408 0.254627455 255 79 163
43.2094518 15.6811122 0.39486889 255 79 163
43.4668664 15.7111394 0.572582744 255 79 163
43.2773789 17.1605044 0.444859247 255 79 163
43.311337 17.8995644 0.471295256 255 79 163
43.4345912 17.9210362 0.560001099 255 79 163
43.551905 17.9440282 0.65470678 255 79 163
44.4661305 17.3041503 2.22351235 255 79 163
42.7828534 21.6344457 0.206393327 255 79 163
44.3998436 24.7860919 2.02846392 255 79 163
44.0423028 20.2486156 1.22115704 255 79 163
42.536733 36.6848763 0.173224239 255 79 163
42.6000991 33.674545 0.184715911 255 79 163
43.5429593 38.2448818 0.788862041 255 79 163
44.342265 36.7945562 1.9829119 255 79 163
44.2844332 33.784225 1.80204907 255 79 163
43.4991572 41.255213 0.769181723 255 79 163
44.023019 40.5300502 1.37305432 255 79 163
44.1089488 40.5300502 1.51304935 255 79 163
44.1994172 41.291773 1.68874317 255 79 163
44.345901 42.8152186 2.05255689 255 79 163
44.2243874 42.8152186 1.7537423 255 79 163
43.4771585 42.7603786 0.759013895 255 79 163
43.1734604 44.2533576 0.53180265 255 79 163
43.7365253 45.7889899 1.03559459 255 79 163
44.0995556 47.3124354 1.54901756 255 79 163
42.6973076 2.9985933 0.126434307 255 79 163
42.913189 3.00864754 0.206681835 255 79 163
43.1925186 3.03764475 0.344873455 255 79 163
42.9358359 3.54297679 0.217056785 255 79 163
43.0980584 3.54711624 0.29421958 255 79 163
43.2497803 3.55805816 0.379381434 255 79 163
42.6831067 4.259753 0.12323418 255 79 163
43.1129469 4.56797073 0.303718432 255 79 163
42.7316504 6.5269166 0.142498732 255 79 163
44.1386507 9.7401392 1.29750045 255 79 163
44.2624322 11.2718826 1.54044336 255 79 163
44.131142 12.7591545 1.30362973 255 79 163
44.2399332 14.7699104 1.51875698 255 79 163
44.054848 13.5027904 1.18866738 255 79 163
43.8898576 16.7252647 0.989934992 255 79 163
44.1259817 16.5076449 1.32237548 255 79 163
43.913559 17.469561 1.02436738 255 79 163
44.0652102 17.2323273 1.23127317 255 79 163
44.1545308 17.6240893 1.38015281 255 79 163
44.1189528 18.4989314 1.32675975 255 79 163
43.4281618 19.9275419 0.566868976 255 79 163
43.485409 20.9415307 0.618166858 255 79 163
43.8843349 22.2230511 1.02466372 255 79 163
43.7968736 23.2102688 0.930368672 255 79 163
43.5477244 23.6989832 0.688791774 255 79 163
42.9717372 24.676412 0.306573492 255 79 163
43.8705801 24.7312519 1.02832027 255 79 163
42.6173947 26.6565081 0.163311399 255 79 163
43.2168767 26.188904 0.456061949 255 79 163
43.7075806 25.469218 0.852555117 255 79 163
43.553866 25.7091133 0.708305294 255 79 163
44.0072176 25.2415093 1.2130794 255 79 163
44.233387 26.262024 1.6106997 255 79 163
42.4350714 27.6465561 0.108717892 255 79 163
43.8069116 26.225464 0.96572953 255 79 163
42.5212907 28.1507202 0.136460107 255 79 163
42.6940958 29.1590482 0.202192136 255 79 163
42.3033071 30.6459338 0.0830319864 255 79 163
42.9860499 32.1876594 0.353179721 255 79 163
44.4213171 30.7921737 2.17455998 255 79 163
44.311531 29.2687281 1.82064621 255 79 163
44.1203904 32.2607794 1.45668946 255 79 163
43.3136071 32.7076613 0.563433855 255 79 163
43.6287228 32.2242194 0.825970767 255 79 163
43.4680519 32.9676622 0.686225468 255 79 163
43.8002186 33.2398498 1.0158779 255 79 163
43.6075988 33.729385 0.816935771 255 79 163
43.2801865 34.7145488 0.552054817 255 79 163
43.5862417 35.2345506 0.807750947 255 79 163
43.9016686 35.7545525 1.16148884 255 79 163
43.6433362 36.7397162 0.874354497 255 79 163
43.6104321 37.2414381 0.845534229 255 79 163
44.0223862 37.519719 1.34653544 255 79 163
43.7854725 43.5342881 1.07741235 255 79 163
44.196861 43.5525681 1.70281159 255 79 163
44.0169621 43.9212428 1.39037155 255 79 163
44.1039596 43.9212428 1.53212237 255 79 163
43.9940865 44.5438252 1.360315 255 79 163
43.5183332 45.0272671 0.809279049 255 79 163
44.1767516 44.3021042 1.66889678 255 79 163
43.1636813 46.5141527 0.535777191 255 79 163
43.4112893 47.2758755 0.727089869 255 79 163
43.915906 48.7993211 1.27601616 255 79 163
42.4236472 51.2774638 0.177301088 255 79 163
44.2541721 51.3018371 1.88066541 255 79 163
42.1625503 54.2999816 0.102252032 255 79 163
42.3878347 53.2965379 0.168641625 255 79 163
42.4070453 54.2999816 0.176877867 255 79 163
42.5696614 53.2965379 0.237098325 255 79 163
42.7490939 53.2965379 0.317728475 255 79 163
44.2340433 53.2965379 1.84545205 255 79 163
44.0808087 54.2999816 1.55388916 255 79 163
44.0368858 53.2965379 1.47737467 255 79 163
44.3081454 54.2999816 2.02792781 255 79 163
43.8415939 2.90803718 0.86792521 255 79 163
43.3421398 5.85566139 0.442991892 255 79 163
43.6195489 9.66240668 0.669897609 255 79 163
43.4421014 10.6406373 0.529512013 255 79 163
43.5704433 10.4006915 0.630529246 255 79 163
43.1695161 11.120529 0.352618312 255 79 163
43.7930126 11.226765 0.846205804 255 79 163
43.4942136 11.1789659 0.571731669 255 79 163
43.7160587 10.4303341 0.763433086 255 79 163
43.3979822 11.8948544 0.502510607 255 79 163
43.7094829 11.9398417 0.76444984 255 79 163
43.507301 12.2820171 0.587127218 255 79 163
43.1633818 13.3715158 0.357662783 255 79 163
43.1193193 14.8822534 0.339018474 255 79 163
43.3271975 14.5266517 0.46507898 255 79 163
43.4488353 14.5481236 0.552610018 255 79 163
43.2882246 14.911896 0.440957107 255 79 163
43.5646095 14.5711156 0.64605975 255 79 163
43.3787554 21.9287484 0.54199223 255 79 163
43.2568155 26.440986 0.483935641 255 79 163
42.9928925 26.8428427 0.328561696 255 79 163
43.1741046 26.9360101 0.433263478 255 79 163
42.962806 27.3409134 0.315479344 255 79 163
43.2144958 27.1880921 0.460494232 255 79 163
43.3734175 27.8633575 0.576018779 255 79 163
43.1280371 28.6823042 0.415079349 255 79 163
43.6701533 29.2138882 0.843671736 255 79 163
43.0283188 29.929911 0.364213458 255 79 163
43.2386051 30.6946805 0.497932698 255 79 163
43.000203 31.4350766 0.356859825 255 79 163
44.1395572 30.003031 1.4682883 255 79 163
43.9924649 30.7434271 1.24155445 255 79 163
44.1268449 31.5081966 1.46061334 255 79 163
43.3228425 47.771504 0.657690824 255 79 163
43.2776732 48.0193183 0.624146 255 79 163
43.3078343 48.7749478 0.650459974 255 79 163
43.3679576 50.2862067 0.704562261 255 79 163
43.4653293 50.9551692 0.79027567 255 79 163
43.8842333 50.7940219 1.24384052 255 79 163
43.5128673 51.2896504 0.834787351 255 79 163
43.3309869 52.2870008 0.682097827 255 79 163
43.7061872 51.9586129 1.03342731 255 79 163
43.1448374 52.6235132 0.545856669 255 79 163
43.4721193 53.2965379 0.804819318 255 79 163
43.1640046 53.9655004 0.562772764 255 79 163
43.503534 53.7982598 0.835036334 255 79 163
43.7009315 53.6310191 1.03393234 255 79 163
43.3587664 54.2999816 0.710631898 255 79 163
43.3341424 54.9689441 0.692431601 255 79 163
44.2281188 2.61305388 1.42981043 255 79 163
43.870053 27.0626907 1.0471723 255 79 163
44.0439399 27.7980365 1.29058972 255 79 163
43.930709 28.5660428 1.13717891 255 79 163
43.6599066 29.966471 0.839285838 255 79 163
43.5266467 30.2092075 0.716822128 255 79 163
43.7660378 31.2289001 0.960688929 255 79 163
43.639188 31.4716366 0.830438153 255 79 163
44.3545803 27.7945429 1.92041372 255 79 163
44.4021556 28.5608023 2.07879261 255 79 163
44.3750902 28.7967776 1.99265125 255 79 163
44.5138251 59.4870548 3.43955701 255 79 163
44.5062793 59.5479573 3.43955701 255 79 163
44.4851686 59.6031627 3.43955701 255 79 163
44.4542778 59.6488379 3.43955701 255 79 163
44.4137165 59.6869093 3.43955701 255 79 163
44.3665291 59.7146913 3.43955701 255 79 163
44.3164946 59.7310775 3.43955701 255 79 163
44.2900436 59.7352679 3.43955701 255 79 163
44.2642783 59.7366016 3.43955701 255 79 163
44.2298615 59.7192 3.0939401 255 79 163
44.1327199 59.6671839 2.75180314 255 79 163
43.9821416 59.5810948 2.41658543 255 79 163
43.7142939 59.4148634 1.98619471 255 79 163
43.3465061 59.1610531 1.53339194 255 79 163
42.7987581 58.7222945 0.998368663 255 79 163
42.1884044 58.1118825 0.51507651 255 79 163
41.6847025 57.4076523 0.181896252 255 79 163
41.5461682 57.1301851 0.100486024 255 79 163
41.4446644 56.8558126 0.0442792392 255 79 163
41.3809545 56.5822362 0.0110809085 255 79 163
41.3578258 56.3068691 2.50912102e-16 255 79 163
44.5138251 56.3068691 3.15599928 255 79 163
44.4213634 56.3068691 2.39766647 255 79 163
44.1627269 56.3068691 1.70932675 255 79 163
43.7837349 56.3068691 1.13726295 255 79 163
43.2846031 56.3068691 0.65642718 255 79 163
42.7013097 56.3068691 0.300236264 255 79 163
42.0792769 56.3068691 0.0835670713 255 79 163
41.7136885 56.3068691 0.0201272878 255 79 163
44.5138251 59.4554871 3.18853897 255 79 163
44.5138251 59.3646583 2.94888302 255 79 163
44.5138251 59.221469 2.73042305 255 79 163
44.5138251 59.0340158 2.5411848 255 79 163
44.5138251 58.8112585 2.38726954 255 79 163
44.5138251 58.5626772 2.27279258 255 79 163
44.5138251 58.2979298 2.19987465 255 79 163
44.5138251 58.0265153 2.16868403 255 79 163
44.5138251 57.7574522 2.17752679 255 79 163
44.5138251 57.4989757 2.22298204 255 79 163
44.5138251 57.1830276 2.3317529 255 79 163
44.5138251 56.8815264 2.50191402 255 79 163
44.5138251 56.6478619 2.69701903 255 79 163
44.5138251 56.4843499 2.88771309 255 79 163
44.5138251 56.361371 3.08388496 255 79 163
44.5138251 56.3299051 3.13714271 255 79 163
44.5138251 56.3234246 3.14556676 255 79 163
44.5138251 56.3173798 3.15156768 255 79 163
44.4041987 59.563319 2.79180919 255 79 163
43.6269522 56.804456 0.938019006 255 79 163
44.4517027 58.8607194 2.12684727 255 79 163
44.4684928 58.0457899 1.93698223 255 79 163
44.3682075 58.6921924 1.88245991 255 79 163
44.3078917 59.2858978 2.2056026 255 79 163
44.4165157 58.308169 1.85029041 255 79 163
44.4640697 57.8841472 1.92337228 255 79 163
44.4088967 58.1915633 1.81658649 255 79 163
44.0159412 58.3819155 1.36451065 255 79 163
44.4012038 58.075045 1.79001959 255 79 163
44.4588932 57.7000065 1.92379463 255 79 163
44.3934765 57.9592636 1.77029165 255 79 163
44.4526717 57.4861916 1.94526495 255 79 163
44.3831878 57.8070738 1.75399925 255 79 163
44.3717393 57.6403145 1.74818279 255 79 163
43.9309257 59.2758783 1.85302245 255 79 163
43.9172884 59.0362471 1.61614446 255 79 163
44.436556 56.9706369 2.09196637 255 79 163
44.2243558 57.546221 1.53119728 255 79 163
44.3366243 57.1418707 1.80088334 255 79 163
43.7237901 57.3192421 0.99547256 255 79 163
43.6106202 58.882848 1.32599636 255 79 163
44.4313445 56.8136125 2.16388427 255 79 163
44.3272325 57.0090612 1.83099403 255 79 163
43.434933 58.6435742 1.09042352 255 79 163
43.3617708 58.8494825 1.20212146 255 79 163
44.318671 56.8855289 1.86377192 255 79 163
44.4231718 56.5620564 2.29762016 255 79 163
43.237743 58.3493647 0.857166997 255 79 163
44.3067433 56.70161 1.91750867 255 79 163
43.3573269 58.0228823 0.80328493 255 79 163
44.146662 56.8883372 1.56030427 255 79 163
43.0633271 58.4977875 0.870669941 255 79 163
44.2994011 56.5681194 1.9550614 255 79 163
44.431228 56.3842145 2.42418061 255 79 163
44.2563841 56.4885451 1.88224183 255 79 163
42.9213355 57.7911203 0.538029618 255 79 163
43.0495094 57.2289773 0.51027497 255 79 163
42.7664824 57.4470703 0.403721753 255 79 163
42.5247924 57.687663 0.37923836 255 79 163
42.6571912 57.1410826 0.317557391 255 79 163
42.6187614 57.0082251 0.289107084 255 79 163
42.2851656 57.1505412 0.198451384 255 79 163
42.6251825 56.7722054 0.275713231 255 79 163
42.0644603 56.7131091 0.0950808242 255 79 163
42.0426487 56.5765598 0.0817608114 255 79 163
44.4175859 59.2932942 2.39800368 255 79 163
43.8505253 57.8171255 1.11672305 255 79 163
3.96264051 29.6218833 85.8680142 218 222 230
21.7843933 4.99201649 85.8680142 218 222 230
3.96264051 29.6218833 36.5485807 218 222 230
21.7443724 5.04732582 36.5485807 218 222 230
3.96264051 29.6218833 85.8680142 255 79 163
3.96264051 29.6218833 36.5485807 255 79 163
3.96264051 30.1147183 83.2996394 255 79 163
3.9557952 30.1049701 83.3035226 255 79 163
3.94912365 30.0948675 83.3151818 255 79 163
3.93833734 30.0770541 83.3523471 255 79 163
3.90679183 30.0081713 83.6426344 255 79 163
3.89722599 29.7592666 85.3435402 255 79 163
3.93531942 29.6649129 85.8004061 255 79 163
3.94696681 29.6451406 85.8469275 255 79 163
3.95073918 29.639229 85.8560437 255 79 163
3.95460964 29.6333812 85.8626454 255 79 163
3.96264051 30.1147183 36.5485807 255 79 163
3.92028068 30.0417245 36.5485807 255 79 163
3.89252271 29.9580091 36.5485807 255 79 163
3.88283876 29.8683008 36.5485807 255 79 163
3.89252271 29.7785925 36.5485807 255 79 163
3.92028068 29.6948771 36.5485807 255 79 163
21.8088673 54.7784085 83.7854001 218 222 230
22.0112677 55.0581281 77.6172422 218 222 230
22.3522535 55.5293744 71.4490842 218 222 230
22.9935606 56.4156683 62.492018 218 222 230
23.9693946 57.764282 49.2280776 218 222 230
24.3251054 58.2558784 42.8435968 218 222 230
24.5327243 58.5428101 36.4591161 218 222 230
5.27987287 31.9351485 36.4591161 218 222 230
5.22757208 31.8628682 36.2407995 218 222 230
5.14692795 31.7514171 36.0450984 218 222 230
5.02492026 31.5828011 35.8580314 218 222 230
4.87905181 31.3812092 35.7211453 218 222 230
4.72356268 31.1663214 35.6444992 218 222 230
4.55785651 30.9373136 35.6274553 218 222 230
4.39256995 30.7088857 35.675682 218 222 230
4.23921312 30.4969448 35.7894709 218 222 230
4.12118578 30.3338297 35.9437404 218 222 230
4.03843949 30.2194733 36.1181018 218 222 230
3.98795982 30.1497099 36.2967667 218 222 230
3.96910891 30.1236577 36.4212517 218 222 230
3.96264051 30.1147183 36.5485807 218 222 230
3.96264051 30.1147183 83.2996394 218 222 230
12.8857539 42.4465634 83.4962155 218 222 230
28.80938 1.2284036 33.0635338 218 222 230
41.0730539 1.2284036 33.0635338 218 222 230
41.0730539 58.9793316 33.0635338 218 222 230
29.0398555 58.9793316 33.0635338 218 222 230
8.03082303 29.9446078 33.0635338 218 222 230
21.7443724 5.04732582 36.5485807 218 222 230
21.7803642 5.03065486 36.1815004 218 222 230
21.8859379 4.98178102 35.8234906 218 222 230
22.0550375 4.90288619 35.4826475 218 222 230
22.2789933 4.79664096 35.1655539 218 222 230
22.6447214 4.61794824 34.7874709 218 222 230
23.1172635 4.3764399 34.4285896 218 222 230
23.7896291 4.0106938 34.0560633 218 222 230
24.5444395 3.56866474 33.754816 218 222 230
25.40676 3.02683885 33.5076202 218 222 230
26.7321296 2.15949636 33.2542535 218 222 230
27.7061952 1.59439968 33.1303607 218 222 230
28.2639342 1.36118051 33.0825979 218 222 230
28.80938 1.2284036 33.0635338 218 222 230
3.96264051 29.6218833 36.5485807 218 222 230
8.03082303 29.9446078 33.0635338 218 222 230
7.61061413 29.7042631 33.0969376 218 222 230
7.12576277 29.5267643 33.2036213 218 222 230
6.61582974 29.403341 33.3857908 218 222 230
6.11456092 29.3279646 33.6361483 218 222 230
5.50135524 29.2933235 34.0514694 218 222 230
4.92335974 29.3282195 34.5844768 218 222 230
4.47955154 29.4155869 35.138892 218 222 230
4.1710562 29.5205523 35.6819935 218 222 230
4.01640509 29.592435 36.1213863 218 222 230
3.97586089 29.6143139 36.3398412 218 222 230
41.0730539 58.9793316 33.0635338 255 79 163
41.5233326 58.9346965 33.0339436 255 79 163
41.9658666 58.8113227 32.9456818 255 79 163
42.3930444 58.6250074 32.8002666 255 79 163
42.9260823 58.3059816 32.5219336 255 79 163
43.4573514 57.8935197 32.1034948 255 79 163
43.8965148 57.4756901 31.5892251 255 79 163
44.2266078 57.1058085 30.9989908 255 79 163
44.4348788 56.8371903 30.3555927 255 79 163
44.4940315 56.7524558 29.9912977 255 79 163
44.5138251 56.7222917 29.6227627 255 79 163
41.0730539 1.2284036 33.0635338 255 79 163
44.5138251 3.00185298 29.6227627 255 79 163
44.470959 2.95162522 30.1641931 255 79 163
44.343429 2.81538423 30.692133 255 79 163
44.1344126 2.61479344 31.1934278 255 79 163
43.8491178 2.3715163 31.6555872 255 79 163
43.4946531 2.10721625 32.0670956 255 79 163
43.0798505 1.84355672 32.4176998 255 79 163
42.6150456 1.60220116 32.6986638 255 79 163
42.1118196 1.40481299 32.902987 255 79 163
41.5986035 1.27580564 33.0231602 255 79 163
44.5138251 3.00185298 29.6227627 218 222 230
44.5138251 56.7222917 29.6227627 218 222 230
44.5138251 2.34026708 2.61855364 218 222 230
44.5138251 2.66339944 16.1206582 218 222 230
44.5138251 29.3235681 2.88192673 218 222 230
44.5138251 56.3068691 3.15599928 218 222 230
44.5138251 59.4870548 3.43955701 218 222 230
44.5138251 59.4554871 3.18853897 218 222 230
44.5138251 59.3646583 2.94888302 218 222 230
44.5138251 59.221469 2.73042305 218 222 230
44.5138251 59.0340158 2.5411848 218 222 230
44.5138251 58.8112585 2.38726954 218 222 230
44.5138251 58.5626772 2.27279258 218 222 230
44.5138251 58.2979298 2.19987465 218 222 230
44.5138251 58.0265153 2.16868403 218 222 230
44.5138251 57.7574522 2.17752679 218 222 230
44.5138251 57.4989757 2.22298204 218 222 230
44.5138251 57.1830276 2.3317529 218 222 230
44.5138251 56.8815264 2.50191402 218 222 230
44.5138251 56.6478619 2.69701903 218 222 230
44.5138251 56.4843499 2.88771309 218 222 230
44.5138251 56.361371 3.08388496 218 222 230
44.5138251 56.3299051 3.13714271 218 222 230
44.5138251 56.3234246 3.14556676 218 222 230
44.5138251 56.3173798 3.15156768 218 222 230
44.5138251 59.0507635 8.7523777 218 222 230
44.5138251 58.1952778 15.8361386 218 222 230
44.5138251 57.3310753 22.7294506 218 222 230
44.5138251 56.9587898 26.3803287 218 222 230
19.7762856 59.3379006 7.84691503 218 222 230
19.8361096 48.436527 7.6597565 218 222 230
20.0051399 33.9013621 7.13094704 218 222 230
20.2554536 14.2466066 6.34784375 218 222 230
20.3140007 7.39938002 6.16467996 218 222 230
20.3432408 0.552153397 6.07320281 218 222 230
19.4810598 0.552153397 8.77052526 218 222 230
18.9059116 59.3690514 10.5698693 218 222 230
18.9656207 48.5508552 10.3830702 218 222 230
19.1350385 34.1265935 9.85304881 218 222 230
19.3578682 17.3393734 9.15592879 218 222 230
19.4444254 8.39107365 8.88513561 218 222 230
24.3600069 58.8963134 6.78111014 218 222 230
24.2149158 47.9122972 6.63008847 218 222 230
23.8215872 33.2669422 6.22068251 218 222 230
23.3324597 16.7371661 5.71156194 218 222 230
23.1466544 7.9452117 5.51816185 218 222 230
23.0704581 0.207390045 5.43885109 218 222 230
23.8950127 58.9093427 6.39368085 218 222 230
23.3562708 58.9465547 6.11795369 218 222 230
22.7701863 59.0015145 5.96741936 218 222 230
22.1654858 59.0676914 5.94934471 218 222 230
21.571733 59.1384931 6.064448 218 222 230
21.0178466 59.2073059 6.3069351 218 222 230
20.5307056 59.2675298 6.66485777 218 222 230
20.1338975 59.3126039 7.12074262 218 222 230
19.9281347 59.3311006 7.47056041 218 222 230
19.7762856 59.3379006 7.84691503 218 222 230
19.8361096 48.436527 7.6597565 218 222 230
20.0051399 33.9013621 7.13094704 218 222 230
20.2554536 14.2466066 6.34784375 218 222 230
20.3140007 7.39938002 6.16467996 218 222 230
20.3432408 0.552153397 6.07320281 218 222 230
20.4864373 0.540930529 5.75064009 218 222 230
20.6956715 0.511853232 5.46639822 218 222 230
20.9611823 0.469758944 5.23376141 218 222 230
21.2706069 0.419429175 5.06365415 218 222 230
21.6095063 0.365608701 4.96413559 218 222 230
21.9620012 0.313028327 4.93999411 218 222 230
22.311502 0.266425762 4.99247665 218 222 230
22.6415053 0.230561167 5.11918626 218 222 230
22.8691944 0.213455871 5.26127912 218 222 230
20.2265498 53.8219164 6.96144624 218 222 230
20.583843 55.5941087 6.59603627 218 222 230
20.316926 55.6371209 6.86577654 218 222 230
20.0726036 53.8520284 7.18459437 218 222 230
22.621685 4.12912001 5.12214319 218 222 230
22.5195809 2.84155526 5.07074849 218 222 230
22.4711976 4.1554102 5.05887082 218 222 230
22.3056819 2.87461624 5.00062693 218 222 230
20.5568445 3.93456948 5.65577848 218 222 230
20.7500183 2.76285605 5.42055622 218 222 230
20.7708262 3.88249436 5.40840279 218 222 230
20.6569347 3.9094046 5.52769266 218 222 230
20.9219303 2.7281393 5.27312521 218 222 230
23.4441781 57.7557294 6.14954658 218 222 230
23.0209173 57.7724765 6.01067772 218 222 230
22.6000025 57.8032004 5.94396949 218 222 230
23.192337 57.1789227 6.05522245 218 222 230
22.8449739 57.1854374 5.97167516 218 222 230
22.513786 57.2040434 5.93535093 218 222 230
23.4776144 55.3307198 6.15295358 218 222 230
22.9008164 55.3743239 5.97074582 218 222 230
23.7793699 52.8579123 6.29815461 218 222 230
21.0163873 53.1015818 6.2598762 218 222 230
21.1904328 53.0787521 6.16719571 218 222 230
21.0963687 53.6915408 6.22228527 218 222 230
21.3822387 52.7586177 6.07931768 218 222 230
21.5241568 52.7420735 6.02803662 218 222 230
20.8520441 53.1248509 6.36335957 218 222 230
20.8327411 53.7190207 6.38344502 218 222 230
21.2462399 52.7763182 6.13720128 218 222 230
21.1133158 52.7935214 6.20262068 218 222 230
20.6945056 53.146357 6.47922234 218 222 230
20.6033696 53.7521092 6.56139804 218 222 230
20.4026387 53.7875101 6.75412007 218 222 230
20.9809021 52.8085773 6.27719675 218 222 230
23.4189696 49.8387117 6.08451399 218 222 230
20.4394348 51.3512272 6.68728856 218 222 230
23.6422736 39.84648 6.10513005 218 222 230
23.4868995 43.1362488 6.04469918 218 222 230
20.1028932 41.9182059 6.99010279 218 222 230
20.2149711 45.9266279 6.87580906 218 222 230
20.8606295 43.4167287 6.19079849 218 222 230
23.3250848 35.8135714 5.86419836 218 222 230
22.5895799 38.3602005 5.6656502 218 222 230
20.2756947 38.6590454 6.66048472 218 222 230
20.6415622 39.4083068 6.27102861 218 222 230
23.2781657 25.9908662 5.71564283 218 222 230
23.1994558 30.6177162 5.72406179 218 222 230
22.4298089 27.9684902 5.41712756 218 222 230
20.381958 27.7648702 6.28367755 218 222 230
21.1340221 29.0630388 5.66432408 218 222 230
20.6037408 29.6103131 6.06592656 218 222 230
23.0003818 22.3528281 5.50199902 218 222 230
22.5956282 23.3416401 5.35609284 218 222 230
22.6647855 21.0282151 5.3352091 218 222 230
20.3097288 23.2587823 6.31122896 218 222 230
20.4742001 17.9374925 5.95658897 218 222 230
20.9299514 21.6283783 5.59256209 218 222 230
22.8412509 14.8567471 5.32449187 218 222 230
22.5780347 16.1145263 5.226344 218 222 230
20.7666018 17.1222904 5.6153166 218 222 230
22.458745 15.0684602 5.17393237 218 222 230
21.5701552 15.4918864 5.16491378 218 222 230
22.9627203 12.552902 5.37821005 218 222 230
22.2202001 12.9763282 5.09108263 218 222 230
20.6992098 14.8692465 5.63256133 218 222 230
22.7661856 10.4607699 5.24075805 218 222 230
20.7105626 12.6712579 5.58102737 218 222 230
21.141629 12.772948 5.2683675 218 222 230
20.9524899 13.6114674 5.39805903 218 222 230
20.7904791 11.7354162 5.4901031 218 222 230
21.5519708 11.0959092 5.08654327 218 222 230
22.4841337 9.52056043 5.10850608 218 222 230
22.4004524 10.672483 5.09635817 218 222 230
20.5194482 12.0551697 5.79614037 218 222 230
21.9753543 9.63495122 5.02031447 218 222 230
22.1797204 8.90447224 5.02811678 218 222 230
22.4652742 7.80875378 5.08483895 218 222 230
21.9674358 8.49374678 5.0049246 218 222 230
21.5407065 7.67229586 5.03799689 218 222 230
20.4293021 10.5032398 5.91876632 218 222 230
22.466044 6.59097259 5.07433277 218 222 230
22.1732812 6.95141368 5.00522153 218 222 230
20.5402838 8.6315564 5.72225796 218 222 230
20.9607999 9.86373278 5.32634471 218 222 230
22.5194451 5.77035506 5.08766656 218 222 230
20.7321889 7.53583794 5.48285815 218 222 230
20.8024986 8.31180289 5.42707249 218 222 230
20.9738841 6.76946978 5.27421126 218 222 230
22.1200624 4.68292674 4.97706359 218 222 230
21.5623237 5.23673347 5.00515188 218 222 230
20.7456207 6.31805674 5.45554142 218 222 230
21.5697497 4.42487934 4.99595416 218 222 230
20.6763329 5.52356099 5.51943456 218 222 230
21.5735158 4.01895228 4.99169652 218 222 230
21.8225845 3.63750693 4.95719087 218 222 230
21.0525796 4.57306903 5.20019509 218 222 230
20.8598523 4.36023585 5.33406369 218 222 230
20.9776169 4.58565148 5.24828875 218 222 230
21.4858458 3.3785553 5.00709309 218 222 230
21.5854234 2.80137777 4.98025311 218 222 230
21.2839739 3.16174997 5.07257222 218 222 230
21.5932293 1.98945475 4.9738909 218 222 230
21.7832042 58.5052532 6.00538515 218 222 230
22.0263932 58.0715166 5.96007555 218 222 230
21.2946311 58.5596264 6.1651577 218 222 230
21.7407567 58.2056747 6.01394493 218 222 230
21.4395249 58.2357866 6.10561781 218 222 230
21.6631187 56.3758069 6.0226778 218 222 230
21.5177081 56.0845083 6.0644148 218 222 230
21.2373079 55.5019109 6.17051836 218 222 230
21.625822 55.461532 6.02566941 218 222 230
21.4707204 56.399076 6.08299116 218 222 230
21.2678122 56.1152408 6.16184131 218 222 230
20.8903935 55.5475705 6.36290879 218 222 230
21.2802906 56.4205821 6.15867904 218 222 230
21.0290389 56.145091 6.28317772 218 222 230
21.8606029 54.8424656 5.96381159 218 222 230
21.9791219 54.5329324 5.94075869 218 222 230
22.6365232 53.9745923 5.92009076 218 222 230
22.1734703 53.0971755 5.90455065 218 222 230
22.7270316 52.7999929 5.91921641 218 222 230
22.5022098 53.2747266 5.90311985 218 222 230
23.088784 52.3115193 5.98968168 218 222 230
22.5818302 52.4550374 5.89962454 218 222 230
22.2877321 51.7651263 5.88318924 218 222 230
21.304114 51.9583237 6.10095873 218 222 230
21.2657227 51.5581767 6.11226503 218 222 230
21.4143038 50.9329765 6.04221518 218 222 230
22.102663 50.5682215 5.87826098 218 222 230
21.0512178 51.0723934 6.21302833 218 222 230
20.666418 50.1008266 6.46085056 218 222 230
23.6528188 48.5981212 6.19243796 218 222 230
22.8934057 49.2839452 5.90707253 218 222 230
23.4993815 48.413199 6.10830556 218 222 230
21.6536141 49.7994089 5.94778279 218 222 230
20.9920047 49.4586884 6.22230414 218 222 230
22.010839 49.9697692 5.87968455 218 222 230
22.2129986 49.6487001 5.85705576 218 222 230
21.9197488 49.3713168 5.88367244 218 222 230
22.4444419 49.5271151 5.85404506 218 222 230
21.8595241 48.9723486 5.88773812 218 222 230
23.3478774 47.4855993 6.02863985 218 222 230
23.1680725 48.0433546 5.96679225 218 222 230
22.4736052 48.1088834 5.83423015 218 222 230
21.7405285 48.1744121 5.89918267 218 222 230
23.4333021 47.2067216 6.0638178 218 222 230
20.2252044 49.9628603 6.92005732 218 222 230
23.5555439 46.7884051 6.12127051 218 222 230
20.3666861 49.332014 6.73766646 218 222 230
23.1966856 46.6926521 5.95963436 218 222 230
20.1355115 49.2686768 7.0391739 218 222 230
21.0536446 48.2399408 6.16605586 218 222 230
20.2406305 48.9476077 6.88590917 218 222 230
20.3175037 48.7335616 6.78607941 218 222 230
20.4874053 48.3054695 6.59401154 218 222 230
23.4132347 45.9954579 6.04073153 218 222 230
22.3787483 46.501146 5.80432181 218 222 230
22.6864574 45.664513 5.81634238 218 222 230
23.1143927 44.4095634 5.89942858 218 222 230
21.8393527 46.2805161 5.84429615 218 222 230
21.4217134 46.5885176 5.96575897 218 222 230
21.5257387 47.1171491 5.93971497 218 222 230
21.5751042 46.1702011 5.90643907 218 222 230
20.1240664 47.5562081 7.03490777 218 222 230
20.6066149 46.6758893 6.45429358 218 222 230
21.0323816 46.08901 6.13802346 218 222 230
21.27066 45.7955704 6.01156624 218 222 230
21.6239659 45.2232531 5.87371561 218 222 230
21.1263272 45.0026232 6.06485869 218 222 230
21.0342048 44.4739917 6.10417397 218 222 230
21.5674285 43.7476736 5.85949955 218 222 230
22.0331437 43.2961521 5.75725395 218 222 230
22.3559744 44.0786185 5.76006014 218 222 230
21.8733745 42.9049189 5.77050288 218 222 230
21.8175233 42.2388892 5.766044 218 222 230
22.940161 42.3931091 5.81458783 218 222 230
22.8232145 41.0488062 5.76171533 218 222 230
21.70805 40.9068296 5.75920811 218 222 230
22.7646848 40.3766548 5.73645944 218 222 230
20.7823322 42.0805881 6.21766699 218 222 230
22.7061969 39.7045034 5.71201824 218 222 230
20.7451452 41.4125178 6.23110321 218 222 230
20.7092827 40.7444475 6.24449681 218 222 230
21.6018182 39.5584457 5.7546741 218 222 230
21.5500711 38.8842537 5.75335299 218 222 230
21.404687 38.4971016 5.79246078 218 222 230
21.8415336 38.041499 5.66530321 218 222 230
21.1295939 37.7227974 5.89481809 218 222 230
22.3803769 37.2988564 5.62092595 218 222 230
22.2759239 36.7681844 5.6044798 218 222 230
22.1201953 35.9721763 5.58726642 218 222 230
21.782261 36.5557167 5.63963868 218 222 230
23.3945979 34.1686869 5.88320532 218 222 230
22.8138906 35.0704316 5.64655055 218 222 230
22.911889 33.4255472 5.6453034 218 222 230
21.8243439 35.6006065 5.60850948 218 222 230
20.8824233 36.1307813 6.00272166 218 222 230
22.3593649 35.6715948 5.58334398 218 222 230
21.9664299 35.1761683 5.57896434 218 222 230
21.5840058 35.4943726 5.65893459 218 222 230
21.1308086 35.2819049 5.83159321 218 222 230
20.3811575 35.8120798 6.46124215 218 222 230
20.5500304 37.4040959 6.30973573 218 222 230
23.3504988 32.4367352 5.83517721 218 222 230
22.7495062 31.6065282 5.56086955 218 222 230
20.5337875 35.1046828 6.27160604 218 222 230
20.3101702 35.0160717 6.53823538 218 222 230
20.3919054 34.5916335 6.42076836 218 222 230
20.4500406 34.3086747 6.34436392 218 222 230
20.5748598 33.7427571 6.19702689 218 222 230
21.8473213 32.3362273 5.52274635 218 222 230
22.3072774 33.5048497 5.53076828 218 222 230
21.668417 33.5841522 5.58839921 218 222 230
21.9354239 31.7122648 5.49610231 218 222 230
21.1325874 31.8180015 5.73900123 218 222 230
20.4596197 33.1540402 6.30641169 218 222 230
21.0692593 33.6634546 5.8222861 218 222 230
22.2978182 31.0530568 5.47326176 218 222 230
20.4073731 32.8596818 6.36252112 218 222 230
21.7927213 31.2707272 5.5040309 218 222 230
21.5654157 31.4531519 5.55901496 218 222 230
20.8995014 30.9349261 5.85534031 218 222 230
22.065166 30.7763212 5.46367477 218 222 230
20.335661 32.4181441 6.44784552 218 222 230
20.5547832 32.2180966 6.17995554 218 222 230
22.1912928 29.8403775 5.43999696 218 222 230
21.7394055 30.205227 5.48601387 218 222 230
20.4197982 31.4822004 6.31573147 218 222 230
22.2729981 29.216415 5.42886867 218 222 230
21.7723167 28.5157645 5.43661585 218 222 230
21.2142056 28.2654664 5.60335084 218 222 230
22.4893207 26.4262068 5.3938097 218 222 230
21.5039484 27.4590792 5.47129679 218 222 230
21.0578199 27.5610095 5.66571989 218 222 230
20.7129597 26.9496682 5.89661756 218 222 230
21.2544342 27.8666802 5.57435992 218 222 230
21.5434943 26.7458075 5.44119027 218 222 230
21.621113 25.3192641 5.38453009 218 222 230
22.5174684 25.6550651 5.38328644 218 222 230
22.5445582 24.8839235 5.37350139 218 222 230
20.7857221 25.1759049 5.78985484 218 222 230
20.8219855 24.2890232 5.73844375 218 222 230
21.849333 22.066096 5.26602858 218 222 230
21.7286283 22.4850092 5.2922726 218 222 230
21.1372526 22.7429336 5.49617031 218 222 230
21.2500499 23.3002112 5.45622344 218 222 230
21.4798733 21.4283239 5.3240691 218 222 230
22.087084 21.2282695 5.23746429 218 222 230
21.7566061 20.6798067 5.24488534 218 222 230
22.298406 19.1827722 5.21273146 218 222 230
21.5942936 20.4055753 5.26894448 218 222 230
22.9032189 17.9599692 5.39361581 218 222 230
22.6437305 17.9574718 5.27750774 218 222 230
22.0508267 17.9524769 5.16699716 218 222 230
21.1387712 19.582881 5.41712294 218 222 230
22.7974638 17.3448215 5.33232519 218 222 230
21.5067047 18.3575805 5.24344996 218 222 230
22.7254097 16.9347231 5.29444335 218 222 230
21.2457909 18.5601323 5.34146241 218 222 230
21.1395175 17.9449847 5.37827626 218 222 230
21.3537624 17.5373837 5.27413835 218 222 230
21.7701214 17.0630979 5.16241291 218 222 230
21.005635 17.6707533 5.44873377 218 222 230
21.6325202 16.6184083 5.17511886 218 222 230
21.6114999 16.242901 5.17145542 218 222 230
21.7177418 14.9328734 5.12584375 218 222 230
21.791432 14.653367 5.11129085 218 222 230
21.9376323 14.094354 5.09201691 218 222 230
21.1410738 14.2382737 5.29727144 218 222 230
21.6726444 13.6073009 5.10730614 218 222 230
21.4168667 13.6086898 5.16952064 218 222 230
21.5605932 13.2938978 5.12370367 218 222 230
22.28217 12.2083798 5.08987064 218 222 230
21.6687445 12.8746381 5.09442108 218 222 230
21.415599 13.1202478 5.16055282 218 222 230
22.312454 11.8244056 5.09040321 218 222 230
20.5061959 13.929037 5.84313281 218 222 230
22.3422644 11.4404314 5.09167295 218 222 230
20.8457638 11.1115217 5.43274199 218 222 230
22.7375116 8.42484197 5.20877287 218 222 230
20.8739801 10.7995745 5.40508148 218 222 230
20.9025655 10.4876273 5.37811954 218 222 230
21.4422327 9.749342 5.09388394 218 222 230
21.4408765 9.17873978 5.08558988 218 222 230
21.2065139 8.88976082 5.17065848 218 222 230
21.3375212 8.40277483 5.10883241 218 222 230
21.4045288 8.15928184 5.08223897 218 222 230
21.5478224 6.86044173 5.02619631 218 222 230
21.068876 5.38014723 5.19846664 218 222 230
21.0928426 1.25065399 5.1536516 218 222 230
20.6287638 58.9361151 6.57772515 218 222 230
20.278912 58.6710897 6.92781781 218 222 230
21.7343706 57.286804 6.01048789 218 222 230
21.0090555 57.3695647 6.30332576 218 222 230
20.3592989 58.3503326 6.83403182 218 222 230
20.1042474 58.679522 7.16269346 218 222 230
20.2109093 58.3537326 7.01195987 218 222 230
20.2449617 57.4481954 6.96424188 218 222 230
22.211895 55.7294161 5.92722513 218 222 230
23.1890985 53.0663194 6.02683244 218 222 230
21.8452231 53.8330666 5.95661315 218 222 230
22.0643176 53.6469532 5.92063913 218 222 230
21.1812333 54.2972874 6.18548468 218 222 230
21.7789018 53.4831337 5.96671517 218 222 230
22.7932852 50.2034666 5.89954342 218 222 230
22.5366314 50.1255675 5.86747114 218 222 230
22.7479437 49.9042405 5.88835799 218 222 230
22.4688222 47.5705439 5.82550365 218 222 230
22.4663785 47.3013742 5.82104518 218 222 230
22.4371455 47.0346315 5.8152509 218 222 230
20.8139566 47.637766 6.30717358 218 222 230
20.516638 47.8980745 6.55868426 218 222 230
20.7031297 47.3366786 6.38533628 218 222 230
20.6702552 47.1164155 6.40802055 218 222 230
22.3895721 44.8164083 5.77475687 218 222 230
20.668354 45.8610991 6.38621524 218 222 230
22.6600448 43.5036732 5.77525772 218 222 230
21.6722431 44.2763051 5.84158958 218 222 230
22.8066176 43.2162005 5.79636446 218 222 230
20.7569268 38.5780735 6.15556618 218 222 230
21.7392578 37.5108269 5.67168196 218 222 230
22.7612841 35.8928738 5.64911118 218 222 230
21.1082371 36.9799063 5.88724219 218 222 230
22.7316486 34.6282049 5.61680474 218 222 230
21.8654626 34.6454962 5.57831321 218 222 230
22.6903463 34.4070916 5.60285639 218 222 230
22.5640496 34.1063443 5.57224937 218 222 230
21.088835 34.7453586 5.83993689 218 222 230
21.0682604 34.4770855 5.84427806 218 222 230
22.7417415 32.7328366 5.58126659 218 222 230
21.0685926 34.2058752 5.83696493 218 222 230
22.6553525 32.3864812 5.55349765 218 222 230
22.6872544 32.1264969 5.55545137 218 222 230
21.0700153 33.0512407 5.80564374 218 222 230
21.0703944 32.7451338 5.79729667 218 222 230
21.0302368 32.5979545 5.81640228 218 222 230
20.8189782 32.7833164 5.96178077 218 222 230
21.1323492 32.2771619 5.75139909 218 222 230
20.856992 32.4713352 5.9257439 218 222 230
21.45152 30.8556236 5.57797446 218 222 230
21.1135605 29.9077701 5.69777427 218 222 230
21.8343646 27.9175852 5.41202355 218 222 230
21.9549606 24.4285762 5.3138512 218 222 230
22.1763926 24.0662642 5.30433373 218 222 230
21.3686273 23.9732289 5.42543731 218 222 230
21.9895134 23.6574345 5.29376484 218 222 230
21.7360602 23.5383601 5.31682706 218 222 230
21.9230942 23.3209257 5.28943178 218 222 230
22.4045485 22.4189187 5.29475918 218 222 230
22.4601083 22.2094621 5.30134198 218 222 230
22.2222431 22.3013111 5.26827472 218 222 230
20.8272907 23.1006424 5.7044296 218 222 230
20.6899898 23.2794968 5.82628107 218 222 230
20.6493826 23.000858 5.85874315 218 222 230
21.7075262 19.3828266 5.2225528 218 222 230
22.2004733 16.7765657 5.15400279 218 222 230
21.1575502 14.90106 5.30237713 218 222 230
21.3495726 24.3587997 5.44256082 218 222 230
22.8088388 58.8473431 14.172834 218 222 230
23.0046112 47.9321563 14.0927675 218 222 230
23.5335601 33.3785739 13.8764391 218 222 230
24.1861183 17.1648429 13.6095573 218 222 230
24.4398265 8.53685365 13.5057963 218 222 230
24.5521818 0.951111923 13.4598455 218 222 230
22.1368617 58.8647212 14.358147 218 222 230
21.4400633 58.9090827 14.3796761 218 222 230
20.7577073 58.9730446 14.2361604 218 222 230
20.1283151 59.0493488 13.9355255 218 222 230
19.5875682 59.1308193 13.4945325 218 222 230
19.1662868 59.2103103 12.9379535 218 222 230
18.8886149 59.2806596 12.2972585 218 222 230
18.7705418 59.3346562 11.6088547 218 222 230
18.7913859 59.3600993 11.083273 218 222 230
18.9059116 59.3690514 10.5698693 218 222 230
18.9656207 48.5508552 10.3830702 218 222 230
19.1350385 34.1265935 9.85304881 218 222 230
19.3578682 17.3393734 9.15592879 218 222 230
19.4444254 8.39107365 8.88513561 218 222 230
19.4810598 0.552153397 8.77052526 218 222 230
19.3109519 0.564719311 9.64336795 218 222 230
19.3476604 0.597482561 10.5319257 218 222 230
19.589218 0.645186722 11.3879224 218 222 230
20.0226036 0.702521836 12.1648066 218 222 230
20.6243945 0.764135542 12.8202271 218 222 230
21.3619573 0.824654511 13.3183295 218 222 230
22.1951542 0.878715526 13.6317525 218 222 230
23.0785012 0.921002109 13.7432018 218 222 230
23.8294188 0.943706072 13.6748182 218 222 230
22.1964687 53.4206195 14.3327364 218 222 230
21.7025539 55.2714279 14.3771393 218 222 230
21.8442045 53.4526005 14.3648137 218 222 230
21.4904568 53.4907526 14.3548644 218 222 230
21.2354617 55.3181833 14.3360111 218 222 230
18.9637385 53.800102 12.4168615 218 222 230
19.1212961 55.5770078 12.8122729 218 222 230
18.9350544 55.6306616 12.3826372 218 222 230
18.8630452 53.8408372 12.0787824 218 222 230
18.8193316 55.6806083 11.9287601 218 222 230
18.8033706 53.8805827 11.7309948 218 222 230
18.7856438 53.9157574 11.3784275 218 222 230
18.7771678 55.722057 11.4621157 218 222 230
23.2651936 3.44552376 13.747964 218 222 230
23.3532568 4.70778459 13.7482495 218 222 230
22.9100849 4.68075408 13.754453 218 222 230
22.6732607 3.41340789 13.7287187 218 222 230
22.4693499 4.6504946 13.7088066 218 222 230
22.0916632 3.37521457 13.6176199 218 222 230
19.2989372 4.4942781 9.67917842 218 222 230
19.3986641 3.24626074 10.8405398 218 222 230
19.4305375 4.5776046 10.9971351 218 222 230
19.3353063 4.54679775 10.5638423 218 222 230
19.5815193 3.28591035 11.403957 218 222 230
19.3054836 3.21124764 10.2556927 218 222 230
19.2912568 4.51813018 10.1225125 218 222 230
19.5528106 57.3131783 13.4439402 218 222 230
20.0004084 55.4475955 13.8198476 218 222 230
20.0408186 56.64818 13.8610722 218 222 230
20.3421843 54.2030126 14.0186983 218 222 230
21.2636822 52.90578 14.3203984 218 222 230
19.8443579 54.5591427 13.687094 218 222 230
19.5653019 54.898431 13.4269139 218 222 230
21.0324594 52.9291577 14.2718131 218 222 230
20.9787468 52.6323698 14.2543486 218 222 230
20.809193 52.6483603 14.2025143 218 222 230
19.9436901 53.6454273 13.7531211 218 222 230
20.6429326 52.6674364 14.1406842 218 222 230
21.645789 51.065632 14.3443587 218 222 230
19.9257127 53.0449916 13.7295572 218 222 230
19.8910955 51.8441201 13.6804813 218 222 230
19.3387091 52.8221111 13.1087046 218 222 230
19.1351002 53.1616865 12.7860504 218 222 230
19.2404357 52.8424787 12.9613596 218 222 230
19.0327626 53.1885134 12.5735488 218 222 230
19.1510986 52.8623514 12.8083415 218 222 230
18.8780162 51.425186 12.0410913 218 222 230
20.4871325 44.1660221 13.9059829 218 222 230
21.3943985 44.4807656 14.2298319 218 222 230
20.8087258 45.7343456 14.0890089 218 222 230
22.5033638 39.929946 14.1897347 218 222 230
22.0093366 43.2056321 14.2629032 218 222 230
18.8899774 42.0713279 10.9440186 218 222 230
18.8515838 46.0436951 11.4491796 218 222 230
22.2337229 35.9288409 14.1605347 218 222 230
18.9291644 38.8315642 11.2360967 218 222 230
19.2697772 36.3028507 12.3281693 218 222 230
19.444469 37.8783587 12.7217536 218 222 230
19.042643 37.5779842 11.7928486 218 222 230
20.8271219 29.0063537 13.6485403 218 222 230
21.8199575 29.3687738 14.0053549 218 222 230
21.1667646 30.8300438 13.8579338 218 222 230
23.0625696 24.3903379 13.9500664 218 222 230
22.502716 28.0030853 14.0378158 218 222 230
21.6765194 27.1217148 13.9244542 218 222 230
19.0812755 26.5824935 10.3782674 218 222 230
19.0243327 31.2040535 10.9747075 218 222 230
22.7691142 19.8962198 13.9162807 218 222 230
19.1309677 22.8104435 10.6818237 218 222 230
19.5070435 19.9834851 11.8878954 218 222 230
19.6999998 21.7753146 12.3224363 218 222 230
19.257426 21.3491735 11.293978 218 222 230
22.0225713 13.7690193 13.7303455 218 222 230
22.9294566 14.2645498 13.84313 218 222 230
22.2219663 14.9714006 13.7933004 218 222 230
23.4418197 12.3553178 13.7875248 218 222 230
23.0295572 9.9505552 13.7974625 218 222 230
19.2321391 13.342959 9.93209867 218 222 230
19.2104794 15.8189017 10.4634367 218 222 230
23.6971871 6.60880387 13.7145812 218 222 230
21.6948685 7.63272386 13.531246 218 222 230
22.3930304 7.21710397 13.7184235 218 222 230
22.3515815 8.50040865 13.72493 218 222 230
19.2524612 11.3447518 10.3481294 218 222 230
19.3730402 10.584516 11.025444 218 222 230
19.4289231 11.8224873 11.2746731 218 222 230
22.5650256 6.37165401 13.7367247 218 222 230
21.9057039 5.07620099 13.5761142 218 222 230
21.6334545 5.28905418 13.4785123 218 222 230
21.646418 4.64102115 13.4771708 218 222 230
21.4311998 5.27392444 13.3883894 218 222 230
21.2597592 4.63628443 13.2932868 218 222 230
20.5287448 5.89735428 12.7914072 218 222 230
19.4043342 7.14421397 10.9873731 218 222 230
19.6472594 7.58413053 11.6528375 218 222 230
19.3898943 8.42751865 10.9862974 218 222 230
19.8548186 5.23747944 11.973397 218 222 230
19.4134812 6.28867751 10.9894736 218 222 230
20.5635124 4.18615973 12.7978192 218 222 230
19.9809782 4.59163232 12.1520361 218 222 230
19.2785985 6.48433912 9.93002863 218 222 230
19.7542962 4.58695641 11.7886829 218 222 230
19.2889017 6.4689357 9.70918821 218 222 230
19.2848376 5.838492 10.140713 218 222 230
21.3164339 2.06967506 13.3012434 218 222 230
20.5954836 2.47508682 12.8073729 218 222 230
20.0189911 2.02502295 12.1706628 218 222 230
20.7074768 57.7786313 14.2131754 218 222 230
19.0048577 57.4248154 12.5981412 218 222 230
19.5189711 56.1125939 13.3929701 218 222 230
19.0772149 56.4968933 12.7418949 218 222 230
19.0247804 56.2081494 12.6245502 218 222 230
20.7449451 51.8527041 14.1694378 218 222 230
20.7132207 51.454876 14.1519154 218 222 230
20.9268276 50.9326301 14.2179997 218 222 230
21.3703509 49.8881382 14.3043597 218 222 230
22.0114541 49.6286422 14.3290677 218 222 230
20.5839819 50.8661292 14.0895683 218 222 230
20.800499 49.3392607 14.1520455 218 222 230
22.1962753 48.9101473 14.3065908 218 222 230
21.9028765 48.6357085 14.324845 218 222 230
21.3152997 48.086831 14.2715555 218 222 230
19.2464309 52.0372616 12.9510858 218 222 230
22.1722921 48.0094937 14.3024886 218 222 230
19.2496054 51.6346531 12.9456647 218 222 230
19.847552 50.2429582 13.611039 218 222 230
19.3029486 51.0208039 13.0121195 218 222 230
19.1224987 51.1555979 12.7057319 218 222 230
18.9326549 50.1974876 12.1918811 218 222 230
20.5999209 48.5558658 14.0568229 218 222 230
19.2433061 50.5290338 12.9044767 218 222 230
19.1360851 49.5454937 12.6799049 218 222 230
21.712725 47.251111 14.3067775 218 222 230
19.8268306 49.4423772 13.5746163 218 222 230
21.9142226 46.833251 14.3062957 218 222 230
20.501943 48.1641684 14.0027584 218 222 230
19.7969801 48.2415057 13.5178775 218 222 230
19.8167197 49.0420867 13.555983 218 222 230
22.2178734 46.2064609 14.2826966 218 222 230
20.4822363 47.6328008 13.9820443 218 222 230
21.7409507 46.0490892 14.2933535 218 222 230
22.1484969 45.2061847 14.2795624 218 222 230
19.214487 48.7277266 12.7980891 218 222 230
18.9233115 48.3961804 12.0700166 218 222 230
18.8173983 50.0578429 11.543963 218 222 230
19.2564714 48.3188431 12.8559244 218 222 230
18.8132584 49.9880206 11.2140504 218 222 230
19.6307312 47.1959567 13.3218 218 222 230
20.4435901 46.5700657 13.9389536 218 222 230
19.3156292 47.5089022 12.9230913 218 222 230
19.1541627 47.8046616 12.6520145 218 222 230
18.9929742 46.7762986 12.219376 218 222 230
18.8156969 49.3741714 11.2896797 218 222 230
18.8274496 49.0481744 11.5517762 218 222 230
19.5530769 46.6731821 13.2172266 218 222 230
19.8300153 45.8374621 13.4821292 218 222 230
18.8238145 48.4735178 11.2231267 218 222 230
18.8397654 47.9077781 11.5589218 218 222 230
21.2227137 43.6858271 14.1790046 218 222 230
21.2514275 42.480213 14.1628983 218 222 230
19.5687568 45.4711603 13.1967996 218 222 230
18.829743 47.6635769 11.2986388 218 222 230
18.8355391 47.1236163 11.3488931 218 222 230
20.1703956 43.3942567 13.6882344 218 222 230
19.7212034 43.8512785 13.3128131 218 222 230
19.4196768 44.8262852 12.9806766 218 222 230
19.1734308 43.536535 12.5069507 218 222 230
20.0215304 43.008374 13.5632989 218 222 230
21.1570043 41.1465113 14.1100778 218 222 230
20.5348642 41.754794 13.8698401 218 222 230
19.9824855 42.3487076 13.5102048 218 222 230
19.9066219 41.0293749 13.3992316 218 222 230
21.7285557 39.204527 14.1874673 218 222 230
21.0632988 39.8128096 14.0506816 218 222 230
20.970342 38.4791079 13.9847032 218 222 230
18.9357566 42.8039314 11.7478981 218 222 230
19.1356089 42.2124126 12.3571579 218 222 230
19.4086466 40.2967713 12.7777333 218 222 230
19.8341237 39.6908835 13.2815709 218 222 230
19.1027095 40.8882902 12.2021067 218 222 230
19.0748282 39.5641678 12.0419981 218 222 230
19.6715304 38.6405448 13.0629111 218 222 230
20.1094487 38.1787333 13.4765362 218 222 230
19.7990422 39.0216378 13.2203884 218 222 230
20.5163325 37.1869628 13.7281987 218 222 230
22.407125 34.8369455 14.1397166 218 222 230
21.4440356 35.2034218 14.0548599 218 222 230
22.4946022 34.2909979 14.1270453 218 222 230
19.0902418 38.3549615 12.0085968 218 222 230
22.2274574 34.0491915 14.1319129 218 222 230
22.6266785 33.4720764 14.1051876 218 222 230
21.6933813 33.5655788 14.0721223 218 222 230
19.9943782 36.1781808 13.3042685 218 222 230
19.4819536 35.4527617 12.6631766 218 222 230
20.3286138 35.3280918 13.545637 218 222 230
20.3032505 36.5408903 13.5684962 218 222 230
21.0150826 34.1738614 13.8890557 218 222 230
20.6966099 34.4780028 13.747365 218 222 230
20.2297143 34.8029224 13.453573 218 222 230
20.0407731 33.7525837 13.2540635 218 222 230
22.1370598 32.5913988 14.1049658 218 222 230
22.3623496 32.1043088 14.1018531 218 222 230
20.8079594 33.6590812 13.7804612 218 222 230
22.7022683 31.3736738 14.0723654 218 222 230
18.9455452 36.8453806 10.967295 218 222 230
20.7920051 33.0407954 13.7539104 218 222 230
18.9839192 36.0024761 11.3450862 218 222 230
22.1829393 31.1924638 14.0831457 218 222 230
19.4621995 34.3816446 12.5785133 218 222 230
22.6374571 30.2501443 14.064094 218 222 230
18.9587796 35.8522888 10.8301312 218 222 230
19.4526639 33.8460861 12.5354933 218 222 230
19.0901087 33.9395886 11.6826011 218 222 230
18.9732981 35.2147221 11.1148792 218 222 230
19.8680678 32.5367903 13.031129 218 222 230
20.7600393 31.8042237 13.6993357 218 222 230
19.5225185 32.9030736 12.5997859 218 222 230
19.3447934 33.2485786 12.3079251 218 222 230
19.1751229 32.0535636 11.824659 218 222 230
20.1883226 31.5626104 13.3007622 218 222 230
19.7870522 31.9288937 12.9124149 218 222 230
19.9359728 31.4418037 13.057799 218 222 230
18.9815292 34.033091 10.7638881 218 222 230
18.9992193 34.7896776 11.3050574 218 222 230
19.0020299 33.3732485 11.1200402 218 222 230
20.2072474 30.629987 13.2815059 218 222 230
18.992425 33.0900785 10.8331582 218 222 230
21.6366233 28.5047195 13.9468329 218 222 230
19.81192 30.5299587 12.8800184 218 222 230
19.0015535 32.4614035 10.8799034 218 222 230
19.4147068 30.7546569 12.3027283 218 222 230
19.5677622 30.1052036 12.5290837 218 222 230
20.4836512 28.1365274 13.4059064 218 222 230
19.9882696 28.6439337 12.9957025 218 222 230
19.5032271 29.497307 12.3928046 218 222 230
19.3880983 28.2815136 12.1086114 218 222 230
21.5790148 25.6236754 13.8626383 218 222 230
20.8931201 26.2403442 13.5985659 218 222 230
22.2131439 23.5089673 13.9455583 218 222 230
21.4801603 24.1256361 13.7945479 218 222 230
21.3801194 22.6275968 13.7202365 218 222 230
19.1294798 27.4320035 11.2686882 218 222 230
19.6577093 24.5094636 12.3885235 218 222 230
20.1272302 23.8821747 12.9441538 218 222 230
20.2047669 25.3589737 13.0766022 218 222 230
19.3188316 25.2004736 11.7563722 218 222 230
19.2907901 23.6599536 11.5740079 218 222 230
20.4324656 22.2014557 13.1577651 218 222 230
21.136576 21.4330437 13.5824548 218 222 230
19.949372 22.6876216 12.7009526 218 222 230
22.9567476 18.6919707 13.8948888 218 222 230
21.8990507 19.0148493 13.7996312 218 222 230
21.3001577 20.2287946 13.6254654 218 222 230
23.0507362 18.0898461 13.8819757 218 222 230
20.6456407 20.3950819 13.2599101 218 222 230
21.0172079 20.8357672 13.5046056 218 222 230
19.3088971 22.2928791 11.5347701 218 222 230
22.7562424 17.7960559 13.887492 218 222 230
20.1918009 20.257883 12.8698216 218 222 230
23.1917618 17.1866592 13.8598204 218 222 230
22.1673531 17.2084755 13.8221082 218 222 230
20.4836522 19.4991672 13.1072514 218 222 230
20.6719157 19.0439377 13.2362292 218 222 230
20.2071616 19.3571202 12.8521388 218 222 230
19.7398342 19.0730261 12.2601871 218 222 230
21.4242283 17.8251443 13.6182025 218 222 230
22.870702 16.4482397 13.8699348 218 222 230
21.0748952 18.1334787 13.4609244 218 222 230
23.2250855 16.0681218 13.8453508 218 222 230
20.5619656 18.4466612 13.1355182 218 222 230
20.3513313 17.2521082 12.9180015 218 222 230
23.1277781 15.4669311 13.8480258 218 222 230
21.1946732 17.2302919 13.4995436 218 222 230
21.3081182 16.7307401 13.5415773 218 222 230
19.1503444 20.4996635 10.3813051 218 222 230
19.7162615 17.873625 12.1695984 218 222 230
19.1648202 19.3442735 10.2301757 218 222 230
19.1922085 19.557344 10.80015 218 222 230
19.7045933 17.2739245 12.1240298 218 222 230
19.306012 17.2957408 11.1811285 218 222 230
20.2546986 16.4267939 12.7974153 218 222 230
19.1798211 18.6614293 10.5476429 218 222 230
19.7716923 16.7743727 12.2104025 218 222 230
20.2076225 16.0141368 12.7352459 218 222 230
19.5799561 16.9481621 11.883455 218 222 230
19.3826063 16.2966372 11.3750419 218 222 230
20.8788789 14.5996953 13.2513262 218 222 230
21.5404096 15.7316365 13.6167866 218 222 230
19.9662215 15.4422346 12.4339577 218 222 230
20.3868345 15.0150332 12.8795828 218 222 230
19.5776384 14.29843 11.7568987 218 222 230
22.353655 12.4961979 13.7772995 218 222 230
19.1873147 17.3175571 10.1646753 218 222 230
19.207637 18.2061998 10.7597852 218 222 230
20.5765635 14.0337247 13.0155612 218 222 230
21.1674501 13.2734888 13.3908411 218 222 230
19.1915071 16.8180053 10.2635266 218 222 230
22.5213965 11.8597873 13.7916769 218 222 230
21.6243145 11.3642567 13.5626352 218 222 230
20.5234244 13.6151359 12.9597905 218 222 230
20.4193596 12.7779583 12.8443867 218 222 230
21.3166211 12.6370781 13.4534353 218 222 230
22.6901795 11.2233766 13.7998731 218 222 230
22.1049235 9.45502468 13.6841522 218 222 230
19.2579201 14.4867636 10.7331517 218 222 230
19.7378858 12.9662919 12.0039271 218 222 230
23.2843553 8.99593917 13.7790275 218 222 230
19.2911713 13.8206945 10.8687144 218 222 230
19.8267778 12.3002228 12.1243206 218 222 230
20.3178653 11.9882341 12.7246994 218 222 230
23.4114318 8.51863115 13.7644366 218 222 230
20.2684287 11.593372 12.6630455 218 222 230
19.3307727 13.1546254 11.0043542 218 222 230
20.9463865 10.2323155 13.1939874 218 222 230
23.4345451 7.87697881 13.757997 218 222 230
23.0725111 8.08478876 13.7811393 218 222 230
20.0208576 11.0214697 12.3582758 218 222 230
20.4474807 10.620961 12.8139561 218 222 230
19.6222432 9.87766519 11.6741296 218 222 230
23.522448 7.45425383 13.7451394 218 222 230
21.5917122 8.80646566 13.5073286 218 222 230
20.6368179 9.66634494 12.9560988 218 222 230
21.2337213 8.95949417 13.34066 218 222 230
21.3449672 8.48218615 13.3903666 218 222 230
20.4720142 8.46396365 12.7874079 218 222 230
20.5810941 9.26555118 12.9011107 218 222 230
21.4598605 8.19903206 13.4408771 218 222 230
21.5485948 6.63391072 13.4585312 218 222 230
19.8024824 8.44574115 11.9641525 218 222 230
19.7391159 8.92304916 11.8686876 218 222 230
19.253711 10.1067805 10.085543 218 222 230
21.475843 6.13450414 13.4196617 218 222 230
19.7478825 8.15853761 11.862096 218 222 230
21.4610431 5.84764424 13.4092697 218 222 230
19.259584 9.48779481 9.95423941 218 222 230
19.7730195 6.59005411 11.865556 218 222 230
19.2672585 8.40929615 9.93189269 218 222 230
19.2697534 9.13436942 10.3006348 218 222 230
19.2782063 7.98760209 10.286163 218 222 230
19.8415112 6.0930159 11.9696685 218 222 230
19.2712474 7.76764381 9.93053246 218 222 230
19.8460022 5.80783708 11.9708064 218 222 230
19.2737923 7.33987558 9.93003205 218 222 230
21.2891196 3.35288851 13.2965059 218 222 230
20.5798751 3.33056246 12.8022028 218 222 230
22.3374663 2.13469502 13.6691012 218 222 230
22.1703623 1.49533858 13.6278861 218 222 230
20.0006713 3.3082364 12.1602812 218 222 230
19.5878984 1.31125275 11.3910712 218 222 230
21.4135323 58.3216763 14.3754526 218 222 230
20.084333 57.5459048 13.8980814 218 222 230
18.7956878 58.3924573 11.8546792 218 222 230
21.1563075 46.7016583 14.2162534 218 222 230
19.8981076 44.4961536 13.5038542 218 222 230
19.0428229 46.0970513 12.3256178 218 222 230
19.0698393 45.7574277 12.3781745 218 222 230
19.1699729 45.4470469 12.5869145 218 222 230
19.0275821 45.4349901 12.2507232 218 222 230
20.5794436 42.4144603 13.9104545 218 222 230
21.7756151 39.8713778 14.2039795 218 222 230
21.1100604 40.4796605 14.0812023 218 222 230
19.5073455 42.6103933 13.0160923 218 222 230
20.4908974 41.0879431 13.8274642 218 222 230
19.492478 42.2805601 12.9831583 218 222 230
19.4778779 41.9495295 12.9498285 218 222 230
19.1185381 41.5503514 12.2802775 218 222 230
20.425884 40.085272 13.7607701 218 222 230
20.4044371 39.7518466 13.7377301 218 222 230
19.4355585 40.9588325 12.8476824 218 222 230
20.3831371 39.4172237 13.7142599 218 222 230
18.9310848 42.1418702 11.6652236 218 222 230
19.382876 39.6275256 12.7061851 218 222 230
21.2149023 37.1983039 14.0378927 218 222 230
21.3405225 36.5579019 14.0591133 218 222 230
20.9761102 36.5522313 13.9372384 218 222 230
21.2187859 36.2348656 14.0159629 218 222 230
19.9200242 37.5326608 13.2853443 218 222 230
21.2931531 35.891051 14.030249 218 222 230
21.7353521 32.1666438 14.0499832 218 222 230
21.4285651 32.1978113 13.9801117 218 222 230
21.5367805 31.9542663 14.002837 218 222 230
19.0687502 35.5566533 11.73221 218 222 230
19.130182 35.3337419 11.9220461 218 222 230
21.7494124 31.7003321 14.0425666 218 222 230
19.0740559 35.1523871 11.7198865 218 222 230
21.4483013 31.4983438 13.9686699 218 222 230
21.8888385 30.540094 14.0412385 218 222 230
19.1772312 30.3506802 11.7061755 218 222 230
20.9610223 27.4116645 13.6692728 218 222 230
20.3218836 27.7016142 13.2668936 218 222 230
20.282457 26.920734 13.2049789 218 222 230
20.9383903 27.0212244 13.6461028 218 222 230
19.7892732 27.9915639 12.7378198 218 222 230
22.2879739 24.6324968 13.9736376 218 222 230
21.5297467 24.8746558 13.8293747 218 222 230
19.9194233 27.1211139 12.8557328 218 222 230
19.6218008 27.5747071 12.4850992 218 222 230
19.3513228 26.7409936 11.9347187 218 222 230
19.7586489 27.2213039 12.6626373 218 222 230
22.2632057 24.257987 13.9646511 218 222 230
20.8471208 25.4913246 13.5500206 218 222 230
19.7437028 26.8308638 12.6243996 218 222 230
20.8241439 25.1168147 13.5251619 218 222 230
19.7288547 26.4457338 12.5859492 218 222 230
19.8753166 26.0834804 12.7587123 218 222 230
19.5868079 26.5441537 12.3779549 218 222 230
19.3345313 25.9707336 11.8460758 218 222 230
19.6999082 25.6648536 12.5077915 218 222 230
20.7551064 24.0039054 13.4484611 218 222 230
19.6856407 25.2797236 12.4683522 218 222 230
19.1263651 26.6617435 11.1726616 218 222 230
19.1253039 26.2766135 11.1243434 218 222 230
20.686458 22.885686 13.3682401 218 222 230
20.0892279 23.1437752 12.875826 218 222 230
19.6301131 23.7710641 12.308255 218 222 230
19.6166411 23.4018644 12.2676776 218 222 230
21.9289497 20.6646318 13.8408427 218 222 230
20.2808673 21.3055409 12.9942522 218 222 230
20.3981174 21.0020546 13.0872925 218 222 230
22.0704997 16.5894899 13.7917613 218 222 230
19.2442221 20.2415743 11.152911 218 222 230
19.384154 19.3151851 11.5591845 218 222 230
22.320627 15.5992838 13.8198461 218 222 230
19.2850127 19.0972665 11.229903 218 222 230
19.3523458 18.8672277 11.4406165 218 222 230
19.3925526 18.6396129 11.5416434 218 222 230
19.2903593 18.6468851 11.2174847 218 222 230
20.8527951 16.0792152 13.273481 218 222 230
20.8245386 15.8728866 13.249219 218 222 230
20.0068788 14.1660773 12.4409666 218 222 230
19.985837 13.9567829 12.4067863 218 222 230
20.9257778 11.6762454 13.2114917 218 222 230
20.8961232 11.4788144 13.1875153 218 222 230
20.0582217 9.77200507 12.3709258 218 222 230
20.0361041 9.57160818 12.3371563 218 222 230
19.3497223 9.99222284 10.8998163 218 222 230
20.5120512 7.22930949 12.7995278 218 222 230
19.417352 9.02870929 11.1102844 218 222 230
20.531718 6.61198241 12.8061007 218 222 230
20.5307817 6.37377304 12.8011518 218 222 230
22.1238025 58.5845097 14.3596465 218 222 230
24.3600069 58.8963134 6.78111014 218 222 230
24.2149158 47.9122972 6.63008847 218 222 230
23.8215872 33.2669422 6.22068251 218 222 230
23.3324597 16.7371661 5.71156194 218 222 230
23.1466544 7.9452117 5.51816185 218 222 230
23.0704581 0.207390045 5.43885109 218 222 230
26.5571041 58.8963134 9.06801362 218 222 230
26.5571041 0.402567928 9.06801362 218 222 230
22.8088388 58.8473431 14.172834 218 222 230
23.0046112 47.9321563 14.0927675 218 222 230
23.5335601 33.3785739 13.8764391 218 222 230
24.1861183 17.1648429 13.6095573 218 222 230
24.4398265 8.53685365 13.5057963 218 222 230
24.5521818 0.951111923 13.4598455 218 222 230
25.7293505 0.951111923 12.9784096 218 222 230
25.7293505 58.9308635 12.9784096 218 222 230
26.5571041 58.8963134 9.06801362 218 222 230
26.5571041 0.402567928 9.06801362 218 222 230
26.9035302 58.897743 9.52751208 218 222 230
27.1314766 58.901523 10.0558983 218 222 230
27.2280098 58.9068903 10.6232007 218 222 230
27.1876552 58.9130816 11.1972408 218 222 230
27.0127042 58.9193338 11.7454585 218 222 230
26.7130784 58.9248838 12.2367577 218 222 230
26.3057713 58.9289684 12.6432704 218 222 230
26.0291765 58.9303649 12.8308187 218 222 230
25.7293505 58.9308635 12.9784096 218 222 230
25.7293505 0.951111923 12.9784096 218 222 230
26.2183461 0.929686179 12.708698 218 222 230
26.6323623 0.872788201 12.3339294 218 222 230
26.9492833 0.791486875 11.8741227 218 222 230
27.1521798 0.696851085 11.3538401 218 222 230
27.2302137 0.599949714 10.8008739 218 222 230
27.1792164 0.511851646 10.244762 218 222 230
27.0019123 0.443625767 9.71521108 218 222 230
26.8059779 0.413477936 9.37342022 218 222 230
17.4595516 0.233299311 7.3267799 218 222 230
17.4595516 12.9128606 7.3267799 218 222 230
17.6988672 12.9128606 7.35583808 218 222 230
17.9242747 12.9128606 7.44132388 218 222 230
18.1226742 12.9128606 7.57826915 218 222 230
18.2825354 12.9128606 7.75871515 218 222 230
18.3945678 12.9128606 7.97217501 218 222 230
18.4522604 12.9128606 8.20624322 218 222 230
18.4522604 12.9128606 8.44731658 218 222 230
18.3945678 12.9128606 8.68138479 218 222 230
18.2825354 12.9128606 8.89484465 218 222 230
18.1226742 12.9128606 9.07529065 218 222 230
17.9242747 12.9128606 9.21223593 218 222 230
17.6988672 12.9128606 9.29772172 218 222 230
17.4595516 12.9128606 9.3267799 218 222 230
17.2202359 12.9128606 9.29772172 218 222 230
16.9948284 12.9128606 9.21223593 218 222 230
16.7964289 12.9128606 9.07529065 218 222 230
16.6365677 12.9128606 8.89484465 218 222 230
16.5245353 12.9128606 8.68138479 218 222 230
16.4668427 12.9128606 8.44731658 218 222 230
16.4668427 12.9128606 8.20624322 218 222 230
16.5245353 12.9128606 7.97217501 218 222 230
16.6365677 12.9128606 7.75871515 218 222 230
16.7964289 12.9128606 7.57826915 218 222 230
16.9948284 12.9128606 7.44132388 218 222 230
17.2202359 12.9128606 7.35583808 218 222 230
17.4595516 12.9128606 7.3267799 218 222 230
17.4595516 0.233299311 7.3267799 218 222 230
17.6988672 0.233299311 7.35583808 218 222 230
17.9242747 0.233299311 7.44132388 218 222 230
18.1226742 0.233299311 7.57826915 218 222 230
18.2825354 0.233299311 7.75871515 218 222 230
18.3945678 0.233299311 7.97217501 218 222 230
18.4522604 0.233299311 8.20624322 218 222 230
18.4522604 0.233299311 8.44731658 218 222 230
18.3945678 0.233299311 8.68138479 218 222 230
18.2825354 0.233299311 8.89484465 218 222 230
18.1226742 0.233299311 9.07529065 218 222 230
17.9242747 0.233299311 9.21223593 218 222 230
17.6988672 0.233299311 9.29772172 218 222 230
17.4595516 0.233299311 9.3267799 218 222 230
17.2202359 0.233299311 9.29772172 218 222 230
16.9948284 0.233299311 9.21223593 218 222 230
16.7964289 0.233299311 9.07529065 218 222 230
16.6365677 0.233299311 8.89484465 218 222 230
16.5245353 0.233299311 8.68138479 218 222 230
16.4668427 0.233299311 8.44731658 218 222 230
16.4668427 0.233299311 8.20624322 218 222 230
16.5245353 0.233299311 7.97217501 218 222 230
16.6365677 0.233299311 7.75871515 218 222 230
16.7964289 0.233299311 7.57826915 218 222 230
16.9948284 0.233299311 7.44132388 218 222 230
17.2202359 0.233299311 7.35583808 218 222 230
5.27987287 31.9351485 36.4591161 255 79 163
5.35459103 31.8810837 35.6730993 255 79 163
5.59540956 31.7068315 34.8800949 255 79 163
5.9578357 31.4445861 34.2269047 255 79 163
6.38498383 31.135509 33.7382804 255 79 163
6.8779322 30.77882 33.3761124 255 79 163
7.40097144 30.4003577 33.1537329 255 79 163
7.72014424 30.1694096 33.0852575 255 79 163
8.03082303 29.9446078 33.0635338 255 79 163
24.5327243 58.5428101 36.4591161 255 79 163
29.0398555 58.9793316 33.0635338 255 79 163
27.7817338 58.855202 33.1981182 255 79 163
26.6249069 58.7389893 33.5896965 255 79 163
25.7085994 58.6483612 34.1665405 255 79 163
25.1243492 58.593794 34.7708979 255 79 163
24.7582489 58.561654 35.3931153 255 79 163
24.5906185 58.547572 35.913586 255 79 163
5.27987287 31.9351485 36.4591161 218 222 230
5.35459103 31.8810837 35.6730993 218 222 230
5.59540956 31.7068315 34.8800949 218 222 230
5.9578357 31.4445861 34.2269047 218 222 230
6.38498383 31.135509 33.7382804 218 222 230
6.8779322 30.77882 33.3761124 218 222 230
7.40097144 30.4003577 33.1537329 218 222 230
7.72014424 30.1694096 33.0852575 218 222 230
8.03082303 29.9446078 33.0635338 218 222 230
7.61061413 29.7042631 33.0969376 218 222 230
7.12576277 29.5267643 33.2036213 218 222 230
6.61582974 29.403341 33.3857908 218 222 230
6.11456092 29.3279646 33.6361483 218 222 230
5.50135524 29.2933235 34.0514694 218 222 230
4.92335974 29.3282195 34.5844768 218 222 230
4.47955154 29.4155869 35.138892 218 222 230
4.1710562 29.5205523 35.6819935 218 222 230
4.01640509 29.592435 36.1213863 218 222 230
3.97586089 29.6143139 36.3398412 218 222 230
3.96264051 29.6218833 36.5485807 218 222 230
3.96264051 30.1147183 36.5485807 218 222 230
3.92028068 30.0417245 36.5485807 218 222 230
3.89252271 29.9580091 36.5485807 218 222 230
3.88283876 29.8683008 36.5485807 218 222 230
3.89252271 29.7785925 36.5485807 218 222 230
3.92028068 29.6948771 36.5485807 218 222 230
5.22757208 31.8628682 36.2407995 218 222 230
5.14692795 31.7514171 36.0450984 218 222 230
5.02492026 31.5828011 35.8580314 218 222 230
4.87905181 31.3812092 35.7211453 218 222 230
4.72356268 31.1663214 35.6444992 218 222 230
4.55785651 30.9373136 35.6274553 218 222 230
4.39256995 30.7088857 35.675682 218 222 230
4.23921312 30.4969448 35.7894709 218 222 230
4.12118578 30.3338297 35.9437404 218 222 230
4.03843949 30.2194733 36.1181018 218 222 230
3.98795982 30.1497099 36.2967667 218 222 230
3.96910891 30.1236577 36.4212517 218 222 230
5.75701532 31.0660465 34.1416707 218 222 230
3.92428889 29.8918153 36.1165637 218 222 230
4.04120406 29.960862 35.7021323 218 222 230
5.27471994 31.7819568 35.6533793 218 222 230
5.3623278 31.6031961 35.1106267 218 222 230
5.26354019 31.5607373 35.2021169 218 222 230
5.06471263 31.5113694 35.4674229 218 222 230
5.07424712 31.3567213 35.1661712 218 222 230
5.06459559 30.5944869 34.4487312 218 222 230
4.96839965 31.3921377 35.4170326 218 222 230
4.99012647 31.2648969 35.1569723 218 222 230
4.86695169 31.2650569 35.3815149 218 222 230
4.90374219 31.169474 35.1548356 218 222 230
4.82120352 31.0772046 35.1608253 218 222 230
6.57929591 30.4367294 33.405734 218 222 230
4.61742353 30.9476481 35.3733685 218 222 230
6.40612259 30.2869933 33.4479334 218 222 230
7.07176375 30.1096034 33.1948404 218 222 230
4.69371456 30.7724917 35.0086899 218 222 230
4.59053057 30.8140915 35.2263255 218 222 230
5.74072308 30.3316542 33.8134312 218 222 230
6.21089332 30.1956501 33.521968 218 222 230
4.51187874 30.7228305 35.2676254 218 222 230
4.4603093 30.2178523 34.9780257 218 222 230
6.50314251 29.9642854 33.3704383 218 222 230
4.43444858 30.6323349 35.3193869 218 222 230
5.67913704 29.9931325 33.7932662 218 222 230
5.49407992 29.9354269 33.9139118 218 222 230
5.82323846 29.7537762 33.7042549 218 222 230
5.25904607 29.8706008 34.0897069 218 222 230
4.91317585 30.0081838 34.4026068 218 222 230
5.50931307 29.6857648 33.914965 218 222 230
4.82704792 29.7766613 34.4931564 218 222 230
4.62427971 29.7452179 34.7297037 218 222 230
4.85891038 29.602971 34.5000248 218 222 230
4.44605904 29.7256632 34.9731219 218 222 230
4.20743639 30.2349763 35.42751 218 222 230
17.4595516 13.1924931 7.60641235 255 79 163
17.6319468 13.1924931 7.62734493 255 79 163
17.7943231 13.1924931 7.68892612 255 79 163
17.9372436 13.1924931 7.78757705 255 79 163
18.0524024 13.1924931 7.91756449 255 79 163
18.1331069 13.1924931 8.07133405 255 79 163
18.1746668 13.1924931 8.23994919 255 79 163
18.1746668 13.1924931 8.41361061 255 79 163
18.1331069 13.1924931 8.58222575 255 79 163
18.0524024 13.1924931 8.73599531 255 79 163
17.9372436 13.1924931 8.86598275 255 79 163
17.7943231 13.1924931 8.96463369 255 79 163
17.6319468 13.1924931 9.02621488 255 79 163
17.4595516 13.1924931 9.04714745 255 79 163
17.2871563 13.1924931 9.02621488 255 79 163
17.1247801 13.1924931 8.96463369 255 79 163
16.9818595 13.1924931 8.86598275 255 79 163
16.8667007 13.1924931 8.73599531 255 79 163
16.7859962 13.1924931 8.58222575 255 79 163
16.7444363 13.1924931 8.41361061 255 79 163
16.7444363 13.1924931 8.23994919 255 79 163
16.7859962 13.1924931 8.07133405 255 79 163
16.8667007 13.1924931 7.91756449 255 79 163
16.9818595 13.1924931 7.78757705 255 79 163
17.1247801 13.1924931 7.68892612 255 79 163
17.2871563 13.1924931 7.62734493 255 79 163
17.4595516 13.1924931 7.60641235 255 79 163
17.4595516 12.9128606 7.3267799 255 79 163
17.4595516 12.9750847 7.33379087 255 79 163
17.4595516 13.0341886 7.35447222 255 79 163
17.4595516 13.0872086 7.3877869 255 79 163
17.4595516 13.1314861 7.43206437 255 79 163
17.4595516 13.1648007 7.48508438 255 79 163
17.4595516 13.1854821 7.54418828 255 79 163
17.4595516 12.9128606 7.3267799 255 79 163
17.6988672 12.9128606 7.35583808 255 79 163
17.9242747 12.9128606 7.44132388 255 79 163
18.1226742 12.9128606 7.57826915 255 79 163
18.2825354 12.9128606 7.75871515 255 79 163
18.3945678 12.9128606 7.97217501 255 79 163
18.4522604 12.9128606 8.20624322 255 79 163
18.4522604 12.9128606 8.44731658 255 79 163
18.3945678 12.9128606 8.68138479 255 79 163
18.2825354 12.9128606 8.89484465 255 79 163
18.1226742 12.9128606 9.07529065 255 79 163
17.9242747 12.9128606 9.21223593 255 79 163
17.6988672 12.9128606 9.29772172 255 79 163
17.4595516 12.9128606 9.3267799 255 79 163
17.2202359 12.9128606 9.29772172 255 79 163
16.9948284 12.9128606 9.21223593 255 79 163
16.7964289 12.9128606 9.07529065 255 79 163
16.6365677 12.9128606 8.89484465 255 79 163
16.5245353 12.9128606 8.68138479 255 79 163
16.4668427 12.9128606 8.44731658 255 79 163
16.4668427 12.9128606 8.20624322 255 79 163
16.5245353 12.9128606 7.97217501 255 79 163
16.6365677 12.9128606 7.75871515 255 79 163
16.7964289 12.9128606 7.57826915 255 79 163
16.9948284 12.9128606 7.44132388 255 79 163
17.2202359 12.9128606 7.35583808 255 79 163
17.4595516 12.9750847 7.33379087 255 79 163
17.4595516 13.0341886 7.35447222 255 79 163
17.4595516 13.0872086 7.3877869 255 79 163
17.4595516 13.1314861 7.43206437 255 79 163
17.4595516 13.1648007 7.48508438 255 79 163
17.4595516 13.1854821 7.54418828 255 79 163
17.2219137 12.9750847 7.36264533 255 79 163
17.2268631 13.0341886 7.38272571 255 79 163
17.2348358 13.0872086 7.41507233 255 79 163
17.2454321 13.1314861 7.45806318 255 79 163
16.9980866 12.9750847 7.44753178 255 79 163
17.2581206 13.1648007 7.50954252 255 79 163
17.0076977 13.0341886 7.46584421 255 79 163
17.2722651 13.1854821 7.56692897 255 79 163
17.0231798 13.0872086 7.49534289 255 79 163
17.0437565 13.1314861 7.53454864 255 79 163
16.801078 12.9750847 7.58351694 255 79 163
17.0683961 13.1648007 7.58149553 255 79 163
16.8147923 13.0341886 7.59899715 255 79 163
17.0958631 13.1854821 7.63382943 255 79 163
16.836884 13.0872086 7.62393355 255 79 163
16.8662454 13.1314861 7.65707571 255 79 163
16.6423376 12.9750847 7.76269784 255 79 163
16.9014042 13.1648007 7.69676176 255 79 163
16.659358 13.0341886 7.77444618 255 79 163
16.9405973 13.1854821 7.74100166 255 79 163
16.6867755 13.0872086 7.79337108 255 79 163
16.7232151 13.1314861 7.81852355 255 79 163
16.5310907 12.9750847 7.97466114 255 79 163
16.7668497 13.1648007 7.84864235 255 79 163
16.5504281 13.0341886 7.98199485 255 79 163
16.8154913 13.1854821 7.88221719 255 79 163
16.5815779 13.0872086 7.99380839 255 79 163
16.622978 13.1314861 8.0095094 255 79 163
16.4738025 12.9750847 8.2070883 255 79 163
16.6725526 13.1648007 8.02831056 255 79 163
16.4943331 13.0341886 8.20958116 255 79 163
16.7278157 13.1854821 8.04926909 255 79 163
16.5274049 13.0872086 8.2135968 255 79 163
16.5713595 13.1314861 8.21893386 255 79 163
16.4738025 12.9750847 8.4464715 255 79 163
16.6239929 13.1648007 8.22532472 255 79 163
16.4943331 13.0341886 8.44397864 255 79 163
16.6826659 13.1854821 8.2324489 255 79 163
16.5274049 13.0872086 8.439963 255 79 163
16.5713595 13.1314861 8.43462594 255 79 163
16.5310907 12.9750847 8.67889866 255 79 163
16.6239929 13.1648007 8.42823508 255 79 163
16.5504281 13.0341886 8.67156496 255 79 163
16.6826659 13.1854821 8.4211109 255 79 163
16.5815779 13.0872086 8.65975141 255 79 163
16.622978 13.1314861 8.6440504 255 79 163
16.6423376 12.9750847 8.89086196 255 79 163
16.6725526 13.1648007 8.62524925 255 79 163
16.659358 13.0341886 8.87911362 255 79 163
16.7278157 13.1854821 8.60429071 255 79 163
16.6867755 13.0872086 8.86018872 255 79 163
16.7232151 13.1314861 8.83503625 255 79 163
16.801078 12.9750847 9.07004286 255 79 163
16.7668497 13.1648007 8.80491745 255 79 163
16.8147923 13.0341886 9.05456265 255 79 163
16.8154913 13.1854821 8.77134261 255 79 163
16.836884 13.0872086 9.02962626 255 79 163
16.8662454 13.1314861 8.99648409 255 79 163
16.9980866 12.9750847 9.20602802 255 79 163
16.9014042 13.1648007 8.95679804 255 79 163
17.0076977 13.0341886 9.1877156 255 79 163
16.9405973 13.1854821 8.91255814 255 79 163
17.0231798 13.0872086 9.15821691 255 79 163
17.0437565 13.1314861 9.11901116 255 79 163
17.2219137 12.9750847 9.29091447 255 79 163
17.0683961 13.1648007 9.07206427 255 79 163
17.2268631 13.0341886 9.27083409 255 79 163
17.0958631 13.1854821 9.01973037 255 79 163
17.2348358 13.0872086 9.23848747 255 79 163
17.2454321 13.1314861 9.19549662 255 79 163
17.4595516 12.9750847 9.31976893 255 79 163
17.2581206 13.1648007 9.14401728 255 79 163
17.4595516 13.0341886 9.29908758 255 79 163
17.2722651 13.1854821 9.08663083 255 79 163
17.4595516 13.0872086 9.2657729 255 79 163
17.4595516 13.1314861 9.22149543 255 79 163
17.6971894 12.9750847 9.29091447 255 79 163
17.4595516 13.1648007 9.16847542 255 79 163
17.69224 13.0341886 9.27083409 255 79 163
17.4595516 13.1854821 9.10937152 255 79 163
17.6842673 13.0872086 9.23848747 255 79 163
17.673671 13.1314861 9.19549662 255 79 163
17.9210166 12.9750847 9.20602802 255 79 163
17.6609825 13.1648007 9.14401728 255 79 163
17.9114055 13.0341886 9.1877156 255 79 163
17.646838 13.1854821 9.08663083 255 79 163
17.8959234 13.0872086 9.15821691 255 79 163
17.8753466 13.1314861 9.11901116 255 79 163
18.1180251 12.9750847 9.07004286 255 79 163
17.850707 13.1648007 9.07206427 255 79 163
18.1043108 13.0341886 9.05456265 255 79 163
17.82324 13.1854821 9.01973037 255 79 163
18.0822191 13.0872086 9.02962626 255 79 163
18.0528577 13.1314861 8.99648409 255 79 163
18.2767655 12.9750847 8.89086196 255 79 163
18.0176989 13.1648007 8.95679804 255 79 163
18.2597451 13.0341886 8.87911362 255 79 163
17.9785058 13.1854821 8.91255814 255 79 163
18.2323277 13.0872086 8.86018872 255 79 163
18.195888 13.1314861 8.83503625 255 79 163
18.3880124 12.9750847 8.67889866 255 79 163
18.1522534 13.1648007 8.80491745 255 79 163
18.368675 13.0341886 8.67156496 255 79 163
18.1036118 13.1854821 8.77134261 255 79 163
18.3375253 13.0872086 8.65975141 255 79 163
18.2961251 13.1314861 8.6440504 255 79 163
18.4453006 12.9750847 8.4464715 255 79 163
18.2465505 13.1648007 8.62524925 255 79 163
18.42477 13.0341886 8.44397864 255 79 163
18.1912874 13.1854821 8.60429071 255 79 163
18.3916982 13.0872086 8.439963 255 79 163
18.3477436 13.1314861 8.43462594 255 79 163
18.4453006 12.9750847 8.2070883 255 79 163
18.2951102 13.1648007 8.42823508 255 79 163
18.42477 13.0341886 8.20958116 255 79 163
18.2364372 13.1854821 8.4211109 255 79 163
18.3916982 13.0872086 8.2135968 255 79 163
18.3477436 13.1314861 8.21893386 255 79 163
18.3880124 12.9750847 7.97466114 255 79 163
18.2951102 13.1648007 8.22532472 255 79 163
18.368675 13.0341886 7.98199485 255 79 163
18.2364372 13.1854821 8.2324489 255 79 163
18.3375253 13.0872086 7.99380839 255 79 163
18.2961251 13.1314861 8.0095094 255 79 163
18.2767655 12.9750847 7.76269784 255 79 163
18.2465505 13.1648007 8.02831056 255 79 163
18.2597451 13.0341886 7.77444618 255 79 163
18.1912874 13.1854821 8.04926909 255 79 163
18.2323277 13.0872086 7.79337108 255 79 163
18.195888 13.1314861 7.81852355 255 79 163
18.1180251 12.9750847 7.58351694 255 79 163
18.1522534 13.1648007 7.84864235 255 79 163
18.1043108 13.0341886 7.59899715 255 79 163
18.1036118 13.1854821 7.88221719 255 79 163
18.0822191 13.0872086 7.62393355 255 79 163
18.0528577 13.1314861 7.65707571 255 79 163
17.9210166 12.9750847 7.44753178 255 79 163
18.0176989 13.1648007 7.69676176 255 79 163
17.9114055 13.0341886 7.46584421 255 79 163
17.9785058 13.1854821 7.74100166 255 79 163
17.8959234 13.0872086 7.49534289 255 79 163
17.8753466 13.1314861 7.53454864 255 79 163
17.6971894 12.9750847 7.36264533 255 79 163
17.850707 13.1648007 7.58149553 255 79 163
17.69224 13.0341886 7.38272571 255 79 163
17.82324 13.1854821 7.63382943 255 79 163
17.6842673 13.0872086 7.41507233 255 79 163
17.673671 13.1314861 7.45806318 255 79 163
17.6609825 13.1648007 7.50954252 255 79 163
17.646838 13.1854821 7.56692897 255 79 163
17.4595516 13.1924931 7.60641235 218 222 230
17.6319468 13.1924931 7.62734493 218 222 230
17.7943231 13.1924931 7.68892612 218 222 230
17.9372436 13.1924931 7.78757705 218 222 230
18.0524024 13.1924931 7.91756449 218 222 230
18.1331069 13.1924931 8.07133405 218 222 230
18.1746668 13.1924931 8.23994919 218 222 230
18.1746668 13.1924931 8.41361061 218 222 230
18.1331069 13.1924931 8.58222575 218 222 230
18.0524024 13.1924931 8.73599531 218 222 230
17.9372436 13.1924931 8.86598275 218 222 230
17.7943231 13.1924931 8.96463369 218 222 230
17.6319468 13.1924931 9.02621488 218 222 230
17.4595516 13.1924931 9.04714745 218 222 230
17.2871563 13.1924931 9.02621488 218 222 230
17.1247801 13.1924931 8.96463369 218 222 230
16.9818595 13.1924931 8.86598275 218 222 230
16.8667007 13.1924931 8.73599531 218 222 230
16.7859962 13.1924931 8.58222575 218 222 230
16.7444363 13.1924931 8.41361061 218 222 230
16.7444363 13.1924931 8.23994919 218 222 230
16.7859962 13.1924931 8.07133405 218 222 230
16.8667007 13.1924931 7.91756449 218 222 230
16.9818595 13.1924931 7.78757705 218 222 230
17.1247801 13.1924931 7.68892612 218 222 230
17.2871563 13.1924931 7.62734493 218 222 230
17.4595516 13.1924931 9.00208945 218 222 230
17.6211637 13.1924931 8.98246618 218 222 230
17.7733836 13.1924931 8.92473681 218 222 230
17.9073646 13.1924931 8.83225635 218 222 230
18.0153204 13.1924931 8.71039945 218 222 230
18.090977 13.1924931 8.56624797 218 222 230
18.1299373 13.1924931 8.40817947 218 222 230
18.1299373 13.1924931 8.24538033 218 222 230
18.090977 13.1924931 8.08731184 218 222 230
18.0153204 13.1924931 7.94316036 218 222 230
17.9073646 13.1924931 7.82130345 218 222 230
17.7733836 13.1924931 7.72882299 218 222 230
17.6211637 13.1924931 7.67109362 218 222 230
17.4595516 13.1924931 7.65147036 218 222 230
17.2979394 13.1924931 7.67109362 218 222 230
17.1457196 13.1924931 7.72882299 218 222 230
17.0117385 13.1924931 7.82130345 218 222 230
16.9037827 13.1924931 7.94316036 218 222 230
16.8281262 13.1924931 8.08731184 218 222 230
16.7891658 13.1924931 8.24538033 218 222 230
16.7891658 13.1924931 8.40817947 218 222 230
16.8281262 13.1924931 8.56624797 218 222 230
16.9037827 13.1924931 8.71039945 218 222 230
17.0117385 13.1924931 8.83225635 218 222 230
17.1457196 13.1924931 8.92473681 218 222 230
17.2979394 13.1924931 8.98246618 218 222 230
17.4595516 13.1924931 9.00208945 255 79 163
17.4595516 13.1863516 8.94758249 255 79 163
17.4595516 13.1682352 8.89580874 255 79 163
17.4595516 13.1390522 8.84936434 255 79 163
17.4595516 13.1002661 8.81057823 255 79 163
17.4595516 13.0538217 8.78139528 255 79 163
17.4595516 13.002048 8.76327886 255 79 163
17.4595516 12.947541 8.7571374 255 79 163
17.6211637 13.1924931 8.98246618 255 79 163
17.7733836 13.1924931 8.92473681 255 79 163
17.9073646 13.1924931 8.83225635 255 79 163
18.0153204 13.1924931 8.71039945 255 79 163
18.090977 13.1924931 8.56624797 255 79 163
18.1299373 13.1924931 8.40817947 255 79 163
18.1299373 13.1924931 8.24538033 255 79 163
18.090977 13.1924931 8.08731184 255 79 163
18.0153204 13.1924931 7.94316036 255 79 163
17.9073646 13.1924931 7.82130345 255 79 163
17.7733836 13.1924931 7.72882299 255 79 163
17.6211637 13.1924931 7.67109362 255 79 163
17.4595516 13.1924931 7.65147036 255 79 163
17.2979394 13.1924931 7.67109362 255 79 163
17.1457196 13.1924931 7.72882299 255 79 163
17.0117385 13.1924931 7.82130345 255 79 163
16.9037827 13.1924931 7.94316036 255 79 163
16.8281262 13.1924931 8.08731184 255 79 163
16.7891658 13.1924931 8.24538033 255 79 163
16.7891658 13.1924931 8.40817947 255 79 163
16.8281262 13.1924931 8.56624797 255 79 163
16.9037827 13.1924931 8.71039945 255 79 163
17.0117385 13.1924931 8.83225635 255 79 163
17.1457196 13.1924931 8.92473681 255 79 163
17.2979394 13.1924931 8.98246618 255 79 163
17.4595516 13.1924931 9.00208945 255 79 163
17.4595516 13.1863516 8.94758249 255 79 163
17.4595516 13.1682352 8.89580874 255 79 163
17.4595516 13.1390522 8.84936434 255 79 163
17.4595516 13.1002661 8.81057823 255 79 163
17.4595516 13.0538217 8.78139528 255 79 163
17.4595516 13.002048 8.76327886 255 79 163
17.4595516 12.947541 8.7571374 255 79 163
17.5625429 12.947541 8.74463199 255 79 163
17.6595487 12.947541 8.70784254 255 79 163
17.7449314 12.947541 8.64890712 255 79 163
17.8137288 12.947541 8.57125083 255 79 163
17.8619428 12.947541 8.47938677 255 79 163
17.8867713 12.947541 8.37865377 255 79 163
17.8867713 12.947541 8.27490604 255 79 163
17.8619428 12.947541 8.17417303 255 79 163
17.8137288 12.947541 8.08230898 255 79 163
17.7449314 12.947541 8.00465269 255 79 163
17.6595487 12.947541 7.94571726 255 79 163
17.5625429 12.947541 7.90892781 255 79 163
17.4595516 12.947541 7.8964224 255 79 163
17.3565603 12.947541 7.90892781 255 79 163
17.2595545 12.947541 7.94571726 255 79 163
17.1741718 12.947541 8.00465269 255 79 163
17.1053743 12.947541 8.08230898 255 79 163
17.0571603 12.947541 8.17417303 255 79 163
17.0323319 12.947541 8.27490604 255 79 163
17.0323319 12.947541 8.37865377 255 79 163
17.0571603 12.947541 8.47938677 255 79 163
17.1053743 12.947541 8.57125083 255 79 163
17.1741718 12.947541 8.64890712 255 79 163
17.2595545 12.947541 8.70784254 255 79 163
17.3565603 12.947541 8.74463199 255 79 163
17.6081193 13.1863516 8.92954309 255 79 163
17.5957291 13.1682352 8.87927379 255 79 163
17.5846142 13.1390522 8.83417899 255 79 163
17.7480529 13.1863516 8.87647329 255 79 163
17.5753321 13.1002661 8.79651993 255 79 163
17.7239924 13.1682352 8.83062991 255 79 163
17.5683481 13.0538217 8.76818498 255 79 163
17.7024087 13.1390522 8.78950544 255 79 163
17.8712198 13.1863516 8.79145731 255 79 163
17.5640126 13.002048 8.75059499 255 79 163
17.6843839 13.1002661 8.75516204 255 79 163
17.8368875 13.1682352 8.7527041 255 79 163
17.6708219 13.0538217 8.72932183 255 79 163
17.8060891 13.1390522 8.71793997 255 79 163
17.9704621 13.1863516 8.67943597 255 79 163
17.6624027 13.002048 8.71328053 255 79 163
17.7803692 13.1002661 8.68890815 255 79 163
17.9278531 13.1682352 8.65002512 255 79 163
17.7610173 13.0538217 8.6670644 255 79 163
17.8896301 13.1390522 8.6236417 255 79 163
18.0400121 13.1863516 8.54691953 255 79 163
17.7490039 13.002048 8.65350406 255 79 163
17.8577098 13.1002661 8.60160867 255 79 163
17.9916028 13.1682352 8.52856031 255 79 163
17.8336927 13.0538217 8.58503087 255 79 163
17.9481765 13.1390522 8.5120909 255 79 163
18.0758278 13.1863516 8.40160938 255 79 163
17.8187832 13.002048 8.57473957 255 79 163
17.9119109 13.1002661 8.49833715 255 79 163
18.0244315 13.1682352 8.39536875 255 79 163
17.8846243 13.0538217 8.48798874 255 79 163
17.9783258 13.1390522 8.38977049 255 79 163
18.0758278 13.1863516 8.25195042 255 79 163
17.8676852 13.002048 8.48156456 255 79 163
17.9398225 13.1002661 8.38509534 255 79 163
18.0244315 13.1682352 8.25819105 255 79 163
17.9108523 13.0538217 8.38157773 255 79 163
17.9783258 13.1390522 8.26378931 255 79 163
18.0400121 13.1863516 8.10664027 255 79 163
17.892868 13.002048 8.37939404 255 79 163
17.9398225 13.1002661 8.26846446 255 79 163
17.9916028 13.1682352 8.12499949 255 79 163
17.9108523 13.0538217 8.27198207 255 79 163
17.9481765 13.1390522 8.1414689 255 79 163
17.9704621 13.1863516 7.97412384 255 79 163
17.892868 13.002048 8.27416577 255 79 163
17.9119109 13.1002661 8.15522265 255 79 163
17.9278531 13.1682352 8.00353468 255 79 163
17.8846243 13.0538217 8.16557107 255 79 163
17.8896301 13.1390522 8.0299181 255 79 163
17.8712198 13.1863516 7.86210249 255 79 163
17.8676852 13.002048 8.17199524 255 79 163
17.8577098 13.1002661 8.05195113 255 79 163
17.8368875 13.1682352 7.9008557 255 79 163
17.8336927 13.0538217 8.06852893 255 79 163
17.8060891 13.1390522 7.93561983 255 79 163
17.7480529 13.1863516 7.77708651 255 79 163
17.8187832 13.002048 8.07882023 255 79 163
17.7803692 13.1002661 7.96465165 255 79 163
17.7239924 13.1682352 7.82292989 255 79 163
17.7610173 13.0538217 7.9864954 255 79 163
17.7024087 13.1390522 7.86405436 255 79 163
17.6081193 13.1863516 7.72401671 255 79 163
17.7490039 13.002048 8.00005574 255 79 163
17.6843839 13.1002661 7.89839776 255 79 163
17.5957291 13.1682352 7.77428601 255 79 163
17.6708219 13.0538217 7.92423797 255 79 163
17.5846142 13.1390522 7.81938081 255 79 163
17.4595516 13.1863516 7.70597731 255 79 163
17.6624027 13.002048 7.94027927 255 79 163
17.5753321 13.1002661 7.85703988 255 79 163
17.4595516 13.1682352 7.75775106 255 79 163
17.5683481 13.0538217 7.88537482 255 79 163
17.4595516 13.1390522 7.80419546 255 79 163
17.3109838 13.1863516 7.72401671 255 79 163
17.5640126 13.002048 7.90296481 255 79 163
17.4595516 13.1002661 7.84298158 255 79 163
17.323374 13.1682352 7.77428601 255 79 163
17.4595516 13.0538217 7.87216452 255 79 163
17.3344889 13.1390522 7.81938081 255 79 163
17.1710502 13.1863516 7.77708651 255 79 163
17.4595516 13.002048 7.89028094 255 79 163
17.343771 13.1002661 7.85703988 255 79 163
17.1951107 13.1682352 7.82292989 255 79 163
17.350755 13.0538217 7.88537482 255 79 163
17.2166945 13.1390522 7.86405436 255 79 163
17.0478833 13.1863516 7.86210249 255 79 163
17.3550905 13.002048 7.90296481 255 79 163
17.2347193 13.1002661 7.89839776 255 79 163
17.0822156 13.1682352 7.9008557 255 79 163
17.2482813 13.0538217 7.92423797 255 79 163
17.113014 13.1390522 7.93561983 255 79 163
16.948641 13.1863516 7.97412384 255 79 163
17.2567004 13.002048 7.94027927 255 79 163
17.1387339 13.1002661 7.96465165 255 79 163
16.99125 13.1682352 8.00353468 255 79 163
17.1580858 13.0538217 7.9864954 255 79 163
17.029473 13.1390522 8.0299181 255 79 163
16.8790911 13.1863516 8.10664027 255 79 163
17.1700992 13.002048 8.00005574 255 79 163
17.0613933 13.1002661 8.05195113 255 79 163
16.9275004 13.1682352 8.12499949 255 79 163
17.0854104 13.0538217 8.06852893 255 79 163
16.9709266 13.1390522 8.1414689 255 79 163
16.8432753 13.1863516 8.25195042 255 79 163
17.10032 13.002048 8.07882023 255 79 163
17.0071923 13.1002661 8.15522265 255 79 163
16.8946716 13.1682352 8.25819105 255 79 163
17.0344788 13.0538217 8.16557107 255 79 163
16.9407773 13.1390522 8.26378931 255 79 163
16.8432753 13.1863516 8.40160938 255 79 163
17.0514179 13.002048 8.17199524 255 79 163
16.9792807 13.1002661 8.26846446 255 79 163
16.8946716 13.1682352 8.39536875 255 79 163
17.0082508 13.0538217 8.27198207 255 79 163
16.9407773 13.1390522 8.38977049 255 79 163
16.8790911 13.1863516 8.54691953 255 79 163
17.0262352 13.002048 8.27416577 255 79 163
16.9792807 13.1002661 8.38509534 255 79 163
16.9275004 13.1682352 8.52856031 255 79 163
17.0082508 13.0538217 8.38157773 255 79 163
16.9709266 13.1390522 8.5120909 255 79 163
16.948641 13.1863516 8.67943597 255 79 163
17.0262352 13.002048 8.37939404 255 79 163
17.0071923 13.1002661 8.49833715 255 79 163
16.99125 13.1682352 8.65002512 255 79 163
17.0344788 13.0538217 8.48798874 255 79 163
17.029473 13.1390522 8.6236417 255 79 163
17.0478833 13.1863516 8.79145731 255 79 163
17.0514179 13.002048 8.48156456 255 79 163
17.0613933 13.1002661 8.60160867 255 79 163
17.0822156 13.1682352 8.7527041 255 79 163
17.0854104 13.0538217 8.58503087 255 79 163
17.113014 13.1390522 8.71793997 255 79 163
17.1710502 13.1863516 8.87647329 255 79 163
17.10032 13.002048 8.57473957 255 79 163
17.1387339 13.1002661 8.68890815 255 79 163
17.1951107 13.1682352 8.83062991 255 79 163
17.1580858 13.0538217 8.6670644 255 79 163
17.2166945 13.1390522 8.78950544 255 79 163
17.3109838 13.1863516 8.92954309 255 79 163
17.1700992 13.002048 8.65350406 255 79 163
17.2347193 13.1002661 8.75516204 255 79 163
17.323374 13.1682352 8.87927379 255 79 163
17.2482813 13.0538217 8.72932183 255 79 163
17.3344889 13.1390522 8.83417899 255 79 163
17.2567004 13.002048 8.71328053 255 79 163
17.343771 13.1002661 8.79651993 255 79 163
17.350755 13.0538217 8.76818498 255 79 163
17.3550905 13.002048 8.75059499 255 79 163
17.4595516 0.118129072 8.7571374 218 222 230
17.5625429 0.118129072 8.74463199 218 222 230
17.6595487 0.118129072 8.70784254 218 222 230
17.7449314 0.118129072 8.64890712 218 222 230
17.8137288 0.118129072 8.57125083 218 222 230
17.8619428 0.118129072 8.47938677 218 222 230
17.8867713 0.118129072 8.37865377 218 222 230
17.8867713 0.118129072 8.27490604 218 222 230
17.8619428 0.118129072 8.17417303 218 222 230
17.8137288 0.118129072 8.08230898 218 222 230
17.7449314 0.118129072 8.00465269 218 222 230
17.6595487 0.118129072 7.94571726 218 222 230
17.5625429 0.118129072 7.90892781 218 222 230
17.4595516 0.118129072 7.8964224 218 222 230
17.3565603 0.118129072 7.90892781 218 222 230
17.2595545 0.118129072 7.94571726 218 222 230
17.1741718 0.118129072 8.00465269 218 222 230
17.1053743 0.118129072 8.08230898 218 222 230
17.0571603 0.118129072 8.17417303 218 222 230
17.0323319 0.118129072 8.27490604 218 222 230
17.0323319 0.118129072 8.37865377 218 222 230
17.0571603 0.118129072 8.47938677 218 222 230
17.1053743 0.118129072 8.57125083 218 222 230
17.1741718 0.118129072 8.64890712 218 222 230
17.2595545 0.118129072 8.70784254 218 222 230
17.3565603 0.118129072 8.74463199 218 222 230
17.4595516 0.118129072 8.7571374 218 222 230
17.4595516 12.947541 8.7571374 218 222 230
17.4595516 12.947541 8.7571374 218 222 230
17.5625429 12.947541 8.74463199 218 222 230
17.6595487 12.947541 8.70784254 218 222 230
17.7449314 12.947541 8.64890712 218 222 230
17.8137288 12.947541 8.57125083 218 222 230
17.8619428 12.947541 8.47938677 218 222 230
17.8867713 12.947541 8.37865377 218 222 230
17.8867713 12.947541 8.27490604 218 222 230
17.8619428 12.947541 8.17417303 218 222 230
17.8137288 12.947541 8.08230898 218 222 230
17.7449314 12.947541 8.00465269 218 222 230
17.6595487 12.947541 7.94571726 218 222 230
17.5625429 12.947541 7.90892781 218 222 230
17.4595516 12.947541 7.8964224 218 222 230
17.3565603 12.947541 7.90892781 218 222 230
17.2595545 12.947541 7.94571726 218 222 230
17.1741718 12.947541 8.00465269 218 222 230
17.1053743 12.947541 8.08230898 218 222 230
17.0571603 12.947541 8.17417303 218 222 230
17.0323319 12.947541 8.27490604 218 222 230
17.0323319 12.947541 8.37865377 218 222 230
17.0571603 12.947541 8.47938677 218 222 230
17.1053743 12.947541 8.57125083 218 222 230
17.1741718 12.947541 8.64890712 218 222 230
17.2595545 12.947541 8.70784254 218 222 230
17.3565603 12.947541 8.74463199 218 222 230
17.4595516 0 8.63900833 255 79 163
17.5342727 0 8.62993554 255 79 163
17.6046513 0 8.60324444 255 79 163
17.6665973 0 8.56048624 255 79 163
17.7165105 0 8.50414586 255 79 163
17.7514902 0 8.43749763 255 79 163
17.7695035 0 8.36441488 255 79 163
17.7695035 0 8.28914492 255 79 163
17.7514902 0 8.21606217 255 79 163
17.7165105 0 8.14941394 255 79 163
17.6665973 0 8.09307357 255 79 163
17.6046513 0 8.05031536 255 79 163
17.5342727 0 8.02362426 255 79 163
17.4595516 0 8.01455147 255 79 163
17.3848304 0 8.02362426 255 79 163
17.3144518 0 8.05031536 255 79 163
17.2525058 0 8.09307357 255 79 163
17.2025926 0 8.14941394 255 79 163
17.1676129 0 8.21606217 255 79 163
17.1495996 0 8.28914492 255 79 163
17.1495996 0 8.36441488 255 79 163
17.1676129 0 8.43749763 255 79 163
17.2025926 0 8.50414586 255 79 163
17.2525058 0 8.56048624 255 79 163
17.3144518 0 8.60324444 255 79 163
17.3848304 0 8.62993554 255 79 163
17.4595516 0 8.63900833 255 79 163
17.4595516 0.118129072 8.7571374 255 79 163
17.4595516 0.0918428803 8.75417566 255 79 163
17.4595516 0.0668747884 8.74543895 255 79 163
17.4595516 0.0444768002 8.73136536 255 79 163
17.4595516 0.0257720444 8.7126606 255 79 163
17.4595516 0.0116984557 8.69026261 255 79 163
17.4595516 0.00296174246 8.66529452 255 79 163
17.4595516 0.118129072 8.7571374 255 79 163
17.5625429 0.118129072 8.74463199 255 79 163
17.6595487 0.118129072 8.70784254 255 79 163
17.7449314 0.118129072 8.64890712 255 79 163
17.8137288 0.118129072 8.57125083 255 79 163
17.8619428 0.118129072 8.47938677 255 79 163
17.8867713 0.118129072 8.37865377 255 79 163
17.8867713 0.118129072 8.27490604 255 79 163
17.8619428 0.118129072 8.17417303 255 79 163
17.8137288 0.118129072 8.08230898 255 79 163
17.7449314 0.118129072 8.00465269 255 79 163
17.6595487 0.118129072 7.94571726 255 79 163
17.5625429 0.118129072 7.90892781 255 79 163
17.4595516 0.118129072 7.8964224 255 79 163
17.3565603 0.118129072 7.90892781 255 79 163
17.2595545 0.118129072 7.94571726 255 79 163
17.1741718 0.118129072 8.00465269 255 79 163
17.1053743 0.118129072 8.08230898 255 79 163
17.0571603 0.118129072 8.17417303 255 79 163
17.0323319 0.118129072 8.27490604 255 79 163
17.0323319 0.118129072 8.37865377 255 79 163
17.0571603 0.118129072 8.47938677 255 79 163
17.1053743 0.118129072 8.57125083 255 79 163
17.1741718 0.118129072 8.64890712 255 79 163
17.2595545 0.118129072 8.70784254 255 79 163
17.3565603 0.118129072 8.74463199 255 79 163
17.4595516 0.0918428803 8.75417566 255 79 163
17.4595516 0.0668747884 8.74543895 255 79 163
17.4595516 0.0444768002 8.73136536 255 79 163
17.4595516 0.0257720444 8.7126606 255 79 163
17.4595516 0.0116984557 8.69026261 255 79 163
17.4595516 0.00296174246 8.66529452 255 79 163
17.3572691 0.0918428803 8.74175631 255 79 163
17.3593599 0.0668747884 8.73327347 255 79 163
17.3627279 0.0444768002 8.71960884 255 79 163
17.3672043 0.0257720444 8.70144761 255 79 163
17.2609309 0.0918428803 8.70522005 255 79 163
17.3725645 0.0116984557 8.67970047 255 79 163
17.264991 0.0668747884 8.69748407 255 79 163
17.3785397 0.00296174246 8.6554579 255 79 163
17.2715313 0.0444768002 8.68502253 255 79 163
17.2802239 0.0257720444 8.66846029 255 79 163
17.1761358 0.0918428803 8.64669022 255 79 163
17.2906327 0.0116984557 8.64862786 255 79 163
17.1819293 0.0668747884 8.6401507 255 79 163
17.302236 0.00296174246 8.62651971 255 79 163
17.1912618 0.0444768002 8.62961646 255 79 163
17.2036653 0.0257720444 8.61561575 255 79 163
17.1078117 0.0918428803 8.56956836 255 79 163
17.2185179 0.0116984557 8.59885062 255 79 163
17.1150019 0.0668747884 8.56460534 255 79 163
17.2350748 0.00296174246 8.58016173 255 79 163
17.1265843 0.0444768002 8.55661064 255 79 163
17.141978 0.0257720444 8.54598512 255 79 163
17.0599296 0.0918428803 8.47833653 255 79 163
17.1604112 0.0116984557 8.53326162 255 79 163
17.0680986 0.0668747884 8.47523844 255 79 163
17.1809595 0.00296174246 8.51907812 255 79 163
17.0812576 0.0444768002 8.47024788 255 79 163
17.0987468 0.0257720444 8.46361508 255 79 163
17.035272 0.0918428803 8.37829677 255 79 163
17.1196893 0.0116984557 8.45567265 255 79 163
17.043945 0.0668747884 8.37724367 255 79 163
17.1430349 0.00296174246 8.44681884 255 79 163
17.057916 0.0444768002 8.37554729 255 79 163
17.0764844 0.0257720444 8.37329268 255 79 163
17.035272 0.0918428803 8.27526304 255 79 163
17.098719 0.0116984557 8.3705929 255 79 163
17.043945 0.0668747884 8.27631613 255 79 163
17.1235051 0.00296174246 8.36758333 255 79 163
17.057916 0.0444768002 8.27801251 255 79 163
17.0764844 0.0257720444 8.28026712 255 79 163
17.0599296 0.0918428803 8.17522328 255 79 163
17.098719 0.0116984557 8.2829669 255 79 163
17.0680986 0.0668747884 8.17832136 255 79 163
17.1235051 0.00296174246 8.28597647 255 79 163
17.0812576 0.0444768002 8.18331192 255 79 163
17.0987468 0.0257720444 8.18994472 255 79 163
17.1078117 0.0918428803 8.08399144 255 79 163
17.1196893 0.0116984557 8.19788715 255 79 163
17.1150019 0.0668747884 8.08895446 255 79 163
17.1430349 0.00296174246 8.20674096 255 79 163
17.1265843 0.0444768002 8.09694917 255 79 163
17.141978 0.0257720444 8.10757468 255 79 163
17.1761358 0.0918428803 8.00686958 255 79 163
17.1604112 0.0116984557 8.12029819 255 79 163
17.1819293 0.0668747884 8.01340911 255 79 163
17.1809595 0.00296174246 8.13448168 255 79 163
17.1912618 0.0444768002 8.02394334 255 79 163
17.2036653 0.0257720444 8.03794405 255 79 163
17.2609309 0.0918428803 7.94833975 255 79 163
17.2185179 0.0116984557 8.05470918 255 79 163
17.264991 0.0668747884 7.95607573 255 79 163
17.2350748 0.00296174246 8.07339807 255 79 163
17.2715313 0.0444768002 7.96853727 255 79 163
17.2802239 0.0257720444 7.98509951 255 79 163
17.3572691 0.0918428803 7.91180349 255 79 163
17.2906327 0.0116984557 8.00493194 255 79 163
17.3593599 0.0668747884 7.92028633 255 79 163
17.302236 0.00296174246 8.02704009 255 79 163
17.3627279 0.0444768002 7.93395096 255 79 163
17.3672043 0.0257720444 7.95211219 255 79 163
17.4595516 0.0918428803 7.89938414 255 79 163
17.3725645 0.0116984557 7.97385934 255 79 163
17.4595516 0.0668747884 7.90812086 255 79 163
17.3785397 0.00296174246 7.9981019 255 79 163
17.4595516 0.0444768002 7.92219445 255 79 163
17.4595516 0.0257720444 7.9408992 255 79 163
17.5618341 0.0918428803 7.91180349 255 79 163
17.4595516 0.0116984557 7.96329719 255 79 163
17.5597432 0.0668747884 7.92028633 255 79 163
17.4595516 0.00296174246 7.98826528 255 79 163
17.5563752 0.0444768002 7.93395096 255 79 163
17.5518989 0.0257720444 7.95211219 255 79 163
17.6581723 0.0918428803 7.94833975 255 79 163
17.5465387 0.0116984557 7.97385934 255 79 163
17.6541121 0.0668747884 7.95607573 255 79 163
17.5405634 0.00296174246 7.9981019 255 79 163
17.6475718 0.0444768002 7.96853727 255 79 163
17.6388793 0.0257720444 7.98509951 255 79 163
17.7429674 0.0918428803 8.00686958 255 79 163
17.6284704 0.0116984557 8.00493194 255 79 163
17.7371739 0.0668747884 8.01340911 255 79 163
17.6168672 0.00296174246 8.02704009 255 79 163
17.7278413 0.0444768002 8.02394334 255 79 163
17.7154378 0.0257720444 8.03794405 255 79 163
17.8112914 0.0918428803 8.08399144 255 79 163
17.7005852 0.0116984557 8.05470918 255 79 163
17.8041012 0.0668747884 8.08895446 255 79 163
17.6840283 0.00296174246 8.07339807 255 79 163
17.7925189 0.0444768002 8.09694917 255 79 163
17.7771252 0.0257720444 8.10757468 255 79 163
17.8591735 0.0918428803 8.17522328 255 79 163
17.758692 0.0116984557 8.12029819 255 79 163
17.8510046 0.0668747884 8.17832136 255 79 163
17.7381436 0.00296174246 8.13448168 255 79 163
17.8378455 0.0444768002 8.18331192 255 79 163
17.8203563 0.0257720444 8.18994472 255 79 163
17.8838311 0.0918428803 8.27526304 255 79 163
17.7994138 0.0116984557 8.19788715 255 79 163
17.8751581 0.0668747884 8.27631613 255 79 163
17.7760682 0.00296174246 8.20674096 255 79 163
17.8611871 0.0444768002 8.27801251 255 79 163
17.8426188 0.0257720444 8.28026712 255 79 163
17.8838311 0.0918428803 8.37829677 255 79 163
17.8203841 0.0116984557 8.2829669 255 79 163
17.8751581 0.0668747884 8.37724367 255 79 163
17.795598 0.00296174246 8.28597647 255 79 163
17.8611871 0.0444768002 8.37554729 255 79 163
17.8426188 0.0257720444 8.37329268 255 79 163
17.8591735 0.0918428803 8.47833653 255 79 163
17.8203841 0.0116984557 8.3705929 255 79 163
17.8510046 0.0668747884 8.47523844 255 79 163
17.795598 0.00296174246 8.36758333 255 79 163
17.8378455 0.0444768002 8.47024788 255 79 163
17.8203563 0.0257720444 8.46361508 255 79 163
17.8112914 0.0918428803 8.56956836 255 79 163
17.7994138 0.0116984557 8.45567265 255 79 163
17.8041012 0.0668747884 8.56460534 255 79 163
17.7760682 0.00296174246 8.44681884 255 79 163
17.7925189 0.0444768002 8.55661064 255 79 163
17.7771252 0.0257720444 8.54598512 255 79 163
17.7429674 0.0918428803 8.64669022 255 79 163
17.758692 0.0116984557 8.53326162 255 79 163
17.7371739 0.0668747884 8.6401507 255 79 163
17.7381436 0.00296174246 8.51907812 255 79 163
17.7278413 0.0444768002 8.62961646 255 79 163
17.7154378 0.0257720444 8.61561575 255 79 163
17.6581723 0.0918428803 8.70522005 255 79 163
17.7005852 0.0116984557 8.59885062 255 79 163
17.6541121 0.0668747884 8.69748407 255 79 163
17.6840283 0.00296174246 8.58016173 255 79 163
17.6475718 0.0444768002 8.68502253 255 79 163
17.6388793 0.0257720444 8.66846029 255 79 163
17.5618341 0.0918428803 8.74175631 255 79 163
17.6284704 0.0116984557 8.64862786 255 79 163
17.5597432 0.0668747884 8.73327347 255 79 163
17.6168672 0.00296174246 8.62651971 255 79 163
17.5563752 0.0444768002 8.71960884 255 79 163
17.5518989 0.0257720444 8.70144761 255 79 163
17.5465387 0.0116984557 8.67970047 255 79 163
17.5405634 0.00296174246 8.6554579 255 79 163
17.4595516 0 8.63900833 218 222 230
17.5342727 0 8.62993554 218 222 230
17.6046513 0 8.60324444 218 222 230
17.6665973 0 8.56048624 218 222 230
17.7165105 0 8.50414586 218 222 230
17.7514902 0 8.43749763 218 222 230
17.7695035 0 8.36441488 218 222 230
17.7695035 0 8.28914492 218 222 230
17.7514902 0 8.21606217 218 222 230
17.7165105 0 8.14941394 218 222 230
17.6665973 0 8.09307357 218 222 230
17.6046513 0 8.05031536 218 222 230
17.5342727 0 8.02362426 218 222 230
17.4595516 0 8.01455147 218 222 230
17.3848304 0 8.02362426 218 222 230
17.3144518 0 8.05031536 218 222 230
17.2525058 0 8.09307357 218 222 230
17.2025926 0 8.14941394 218 222 230
17.1676129 0 8.21606217 218 222 230
17.1495996 0 8.28914492 218 222 230
17.1495996 0 8.36441488 218 222 230
17.1676129 0 8.43749763 218 222 230
17.2025926 0 8.50414586 218 222 230
17.2525058 0 8.56048624 218 222 230
17.3144518 0 8.60324444 218 222 230
17.3848304 0 8.62993554 218 222 230
3 11 12 13
3 11 13 14
3 11 14 15
3 11 15 16
3 11 16 17
3 11 17 18
3 10 11 18
3 19 11 10
3 9 20 19
3 9 19 10
3 1 22 21
3 1 23 22
3 1 24 23
3 1 25 24
3 1 26 25
3 1 27 26
3 1 28 27
3 1 29 28
3 2 21 20
3 2 20 9
3 0 1 21
3 0 21 2
3 3 0 2
3 4 0 3
3 7 8 0
3 5 0 4
3 6 7 0
3 6 0 5
3 40 30 31
3 41 31 32
3 41 40 31
3 42 32 33
3 42 41 32
3 43 33 34
3 43 42 33
3 44 34 35
3 44 43 34
3 45 35 36
3 45 44 35
3 46 36 37
3 46 45 36
3 47 37 38
3 47 46 37
3 39 47 38
3 72 48 49
3 72 49 50
3 57 53 54
3 57 54 55
3 57 55 56
3 65 77 76
3 65 64 77
3 58 53 57
3 66 65 76
3 70 69 61
3 62 70 61
3 71 70 62
3 63 71 62
3 78 50 51
3 78 51 52
3 78 52 53
3 78 72 50
3 78 53 58
3 79 58 59
3 79 59 60
3 79 73 72
3 79 74 73
3 79 72 78
3 79 78 58
3 80 60 61
3 80 75 74
3 80 76 75
3 80 66 76
3 80 61 69
3 80 79 60
3 80 74 79
3 81 67 66
3 81 68 67
3 81 69 68
3 81 80 69
3 81 66 80
3 107 83 82
3 107 84 83
3 91 88 87
3 91 89 88
3 91 90 89
3 100 112 113
3 100 113 99
3 101 112 100
3 105 97 104
3 106 97 105
3 98 97 106
3 114 85 84
3 114 86 85
3 114 87 86
3 114 92 91
3 114 107 108
3 114 84 107
3 114 91 87
3 115 93 92
3 115 94 93
3 115 108 109
3 115 109 110
3 115 92 114
3 115 114 108
3 116 95 94
3 116 96 95
3 116 110 111
3 116 115 110
3 116 94 115
3 117 97 96
3 117 101 102
3 117 102 103
3 117 103 104
3 117 111 112
3 117 116 111
3 117 96 116
3 117 112 101
3 117 104 97
3 128 126 125
3 129 124 123
3 129 125 124
3 129 128 125
3 130 123 122
3 130 129 123
3 131 122 121
3 131 130 122
3 132 121 120
3 132 131 121
3 133 120 119
3 133 132 120
3 134 133 119
3 135 119 118
3 135 134 119
3 127 135 118
3 160 145 144
3 160 144 161
3 162 163 159
3 162 147 163
3 164 148 147
3 164 147 162
3 165 166 136
3 165 167 166
3 168 167 165
3 169 165 136
3 170 168 165
3 170 165 169
3 170 161 168
3 171 136 157
3 171 169 136
3 172 145 160
3 173 174 171
3 173 171 157
3 175 145 172
3 176 173 157
3 177 145 175
3 177 176 178
3 179 176 157
3 179 178 176
3 180 145 177
3 180 177 178
3 181 178 179
3 181 157 182
3 181 179 157
3 183 145 180
3 183 180 178
3 183 178 181
3 184 145 183
3 184 183 181
3 185 146 145
3 185 145 184
3 185 187 186
3 185 186 146
3 188 181 182
3 188 184 181
3 188 185 184
3 188 187 185
3 188 182 187
3 189 186 187
3 190 157 158
3 190 182 157
3 190 189 187
3 190 187 182
3 191 190 158
3 192 147 146
3 192 146 193
3 192 194 147
3 192 195 194
3 196 195 192
3 196 197 195
3 198 194 195
3 199 158 159
3 199 197 158
3 199 195 197
3 199 198 195
3 200 199 159
3 201 200 159
3 202 159 149
3 202 162 159
3 202 164 162
3 203 202 149
3 204 148 164
3 204 164 202
3 204 202 203
3 205 203 149
3 205 204 203
3 206 141 140
3 207 142 141
3 207 143 142
3 207 144 143
3 207 141 206
3 208 206 209
3 210 207 206
3 210 206 208
3 211 209 166
3 211 166 167
3 212 144 207
3 212 208 209
3 212 207 210
3 212 210 208
3 212 209 211
3 213 167 168
3 213 211 167
3 213 144 212
3 213 161 144
3 213 212 211
3 213 168 161
3 214 170 169
3 214 161 170
3 215 161 214
3 215 160 161
3 216 215 214
3 216 169 171
3 216 214 169
3 217 216 171
3 218 217 219
3 218 160 220
3 221 217 171
3 221 171 174
3 221 174 172
3 221 219 217
3 221 160 218
3 221 218 219
3 221 172 160
3 222 174 173
3 222 172 174
3 223 172 222
3 223 222 173
3 224 175 172
3 224 172 223
3 224 223 173
3 225 175 224
3 225 224 173
3 226 173 176
3 226 225 173
3 227 177 175
3 227 176 177
3 227 175 225
3 227 226 176
3 227 225 226
3 228 186 189
3 228 189 190
3 228 191 229
3 228 190 191
3 228 146 186
3 230 228 229
3 231 146 228
3 231 228 230
3 232 146 231
3 233 234 146
3 233 146 232
3 235 236 158
3 237 235 158
3 238 237 158
3 239 193 240
3 239 158 197
3 239 192 193
3 239 196 192
3 239 197 196
3 239 241 238
3 239 238 158
3 239 240 241
3 242 194 198
3 242 147 194
3 242 198 199
3 242 199 200
3 242 200 201
3 243 242 201
3 244 147 242
3 244 242 243
3 245 147 244
3 246 147 245
3 246 163 147
3 247 148 204
3 247 204 205
3 248 247 205
3 249 247 248
3 250 247 249
3 251 148 247
3 251 250 249
3 251 247 250
3 251 249 248
3 251 153 154
3 251 154 155
3 251 155 156
3 251 156 148
3 252 137 136
3 252 138 137
3 252 139 138
3 252 140 139
3 252 166 209
3 252 209 206
3 252 136 166
3 252 206 140
3 253 215 216
3 253 160 215
3 253 216 217
3 253 218 220
3 253 217 218
3 253 220 160
3 254 191 158
3 254 229 191
3 254 232 231
3 254 230 229
3 254 231 230
3 255 254 158
3 256 232 254
3 256 254 255
3 256 233 232
3 257 256 255
3 258 257 255
3 258 255 158
3 258 236 259
3 258 158 236
3 260 256 257
3 260 233 256
3 261 257 258
3 261 260 257
3 261 258 259
3 261 233 260
3 261 234 233
3 261 259 234
3 262 259 236
3 262 236 235
3 263 262 235
3 264 146 234
3 264 234 259
3 264 259 262
3 265 262 263
3 265 264 262
3 266 263 235
3 266 265 263
3 266 235 237
3 267 265 266
3 267 264 265
3 267 146 264
3 268 240 193
3 268 266 237
3 268 146 267
3 268 193 146
3 268 238 241
3 268 237 238
3 268 241 240
3 268 267 266
3 269 244 243
3 269 201 159
3 269 243 201
3 270 246 245
3 270 244 269
3 270 245 244
3 271 269 159
3 271 270 269
3 271 246 270
3 272 163 246
3 272 246 271
3 272 271 159
3 272 159 163
3 273 149 150
3 273 150 151
3 273 151 152
3 273 152 153
3 273 205 149
3 273 251 248
3 273 248 205
3 273 153 251
3 281 282 290
3 280 290 289
3 280 281 290
3 279 289 288
3 279 280 289
3 278 288 287
3 278 279 288
3 277 287 286
3 277 278 287
3 276 286 285
3 276 277 286
3 275 285 284
3 275 276 285
3 274 284 283
3 274 275 284
3 300 298 299
3 321 294 295
3 322 311 310
3 323 291 292
3 323 314 291
3 323 315 314
3 324 292 293
3 324 293 294
3 324 323 292
3 324 294 321
3 325 315 323
3 325 323 324
3 326 316 315
3 326 315 325
3 327 326 325
3 328 325 324
3 328 327 325
3 328 324 321
3 329 317 316
3 329 316 326
3 330 329 326
3 330 326 327
3 330 327 328
3 330 328 331
3 332 318 317
3 332 317 329
3 333 329 330
3 333 330 331
3 333 332 329
3 334 295 296
3 334 296 297
3 334 321 295
3 335 332 333
3 336 321 334
3 336 334 297
3 337 321 336
3 338 321 337
3 338 328 321
3 338 331 328
3 339 319 318
3 339 318 332
3 340 335 333
3 340 333 331
3 341 337 336
3 341 297 298
3 341 300 301
3 341 298 300
3 341 336 297
3 342 335 340
3 342 332 335
3 342 339 332
3 343 339 342
3 344 338 337
3 344 331 338
3 344 337 341
3 345 308 307
3 345 320 319
3 345 307 320
3 345 319 339
3 346 345 339
3 346 339 343
3 347 331 344
3 348 340 349
3 348 343 342
3 348 346 343
3 348 349 322
3 348 342 340
3 350 301 302
3 350 341 301
3 350 344 341
3 350 347 344
3 351 309 308
3 351 310 309
3 351 345 346
3 351 346 348
3 351 348 322
3 351 322 310
3 351 308 345
3 352 340 331
3 352 349 340
3 353 331 347
3 353 352 331
3 354 350 302
3 354 302 303
3 354 347 350
3 354 353 347
3 355 352 353
3 355 353 354
3 356 349 352
3 356 322 349
3 356 352 355
3 357 356 355
3 358 303 304
3 358 354 303
3 358 355 354
3 358 357 355
3 359 356 357
3 359 357 358
3 360 312 311
3 360 311 322
3 360 322 356
3 360 356 359
3 361 304 305
3 361 305 306
3 361 313 312
3 361 306 313
3 361 358 304
3 361 359 358
3 361 360 359
3 361 312 360
3 363 400 401
3 363 401 402
3 363 402 403
3 363 403 404
3 363 404 405
3 363 405 406
3 363 406 407
3 363 407 408
3 363 408 409
3 363 409 410
3 363 410 411
3 372 371 398
3 370 398 371
3 373 372 398
3 369 398 370
3 374 373 398
3 368 398 369
3 375 374 398
3 362 376 375
3 362 377 376
3 362 378 377
3 362 379 378
3 362 398 399
3 362 399 400
3 362 400 363
3 362 375 398
3 380 379 362
3 395 365 364
3 395 366 365
3 395 364 382
3 396 395 382
3 397 396 382
3 381 397 382
3 394 381 383
3 394 383 384
3 394 384 385
3 394 385 386
3 394 397 381
3 387 394 386
3 392 393 394
3 388 394 387
3 391 392 394
3 389 394 388
3 390 391 394
3 390 394 389
3 395 398 367
3 367 398 368
3 395 367 366
3 432 423 422
3 433 414 415
3 434 425 424
3 435 416 412
3 435 417 416
3 435 418 417
3 436 435 437
3 438 412 413
3 438 439 432
3 438 435 412
3 438 413 439
3 438 437 435
3 438 432 436
3 438 436 437
3 440 441 439
3 440 439 413
3 442 439 441
3 442 432 439
3 442 423 432
3 443 441 440
3 444 445 443
3 444 440 413
3 444 443 440
3 446 445 423
3 446 443 445
3 446 423 442
3 446 441 443
3 446 442 441
3 447 413 414
3 447 449 448
3 447 414 449
3 447 444 413
3 450 444 447
3 450 447 448
3 450 448 445
3 450 445 444
3 451 448 449
3 452 448 451
3 452 424 423
3 452 423 445
3 452 445 448
3 453 449 414
3 454 452 451
3 454 424 452
3 454 451 449
3 455 449 453
3 455 454 449
3 455 453 456
3 457 424 454
3 457 454 455
3 457 455 456
3 458 453 414
3 458 456 453
3 459 414 433
3 459 458 414
3 459 433 460
3 461 424 457
3 461 457 456
3 461 456 458
3 462 434 424
3 462 424 461
3 462 460 434
3 463 460 433
3 463 433 464
3 463 465 434
3 463 434 460
3 466 463 464
3 466 465 463
3 467 466 464
3 467 465 466
3 467 464 433
3 467 434 465
3 468 419 418
3 468 420 419
3 468 421 420
3 468 422 421
3 468 418 435
3 468 432 422
3 468 435 436
3 468 436 432
3 469 458 459
3 470 458 469
3 470 462 461
3 470 461 458
3 471 459 460
3 471 460 462
3 471 469 459
3 471 470 469
3 471 462 470
3 472 467 433
3 472 433 415
3 473 431 430
3 473 415 431
3 473 472 415
3 473 474 472
3 473 475 474
3 476 426 425
3 476 434 467
3 476 425 434
3 477 467 472
3 477 476 467
3 478 477 472
3 478 476 477
3 479 472 474
3 479 478 472
3 479 474 475
3 480 475 473
3 481 476 478
3 481 478 479
3 481 479 475
3 481 475 480
3 482 481 480
3 482 480 473
3 482 476 481
3 483 427 426
3 483 428 427
3 483 429 428
3 483 430 429
3 483 473 430
3 483 426 476
3 483 476 482
3 483 482 473
3 506 493 494
3 506 494 495
3 506 495 484
3 507 484 485
3 507 506 484
3 508 506 507
3 509 510 506
3 509 506 508
3 511 486 487
3 512 498 497
3 512 514 513
3 515 498 512
3 516 491 492
3 516 492 493
3 516 506 510
3 516 493 506
3 517 488 489
3 517 489 490
3 517 490 491
3 517 491 516
3 518 517 516
3 519 510 509
3 519 509 520
3 519 516 510
3 519 518 516
3 521 518 519
3 521 496 488
3 521 488 517
3 521 517 518
3 521 519 520
3 522 507 485
3 522 509 508
3 522 520 509
3 522 508 507
3 523 520 522
3 523 522 485
3 524 520 523
3 525 524 523
3 525 523 485
3 525 526 524
3 527 496 521
3 527 521 520
3 528 520 524
3 528 524 526
3 528 527 520
3 529 525 485
3 529 526 525
3 529 485 530
3 531 528 526
3 531 527 528
3 531 496 527
3 532 531 526
3 533 496 531
3 533 531 532
3 534 533 535
3 534 496 533
3 536 497 496
3 536 496 534
3 536 537 497
3 536 534 535
3 536 538 537
3 539 485 486
3 539 530 485
3 539 538 530
3 540 538 539
3 540 537 538
3 541 539 486
3 541 540 539
3 541 537 540
3 542 537 541
3 543 541 486
3 543 544 542
3 543 542 541
3 545 497 537
3 545 537 542
3 545 542 544
3 546 543 486
3 546 544 543
3 547 546 486
3 547 486 511
3 547 511 514
3 548 497 545
3 548 545 544
3 548 544 546
3 549 512 497
3 549 497 548
3 549 514 512
3 550 514 511
3 550 513 514
3 551 513 550
3 551 512 513
3 551 515 512
3 552 551 550
3 552 515 551
3 552 550 511
3 553 511 487
3 553 515 552
3 553 552 511
3 554 515 553
3 554 553 555
3 556 487 499
3 556 499 500
3 556 500 501
3 556 553 487
3 556 555 553
3 556 554 555
3 557 526 529
3 557 529 530
3 557 532 526
3 557 535 533
3 557 530 535
3 557 533 532
3 558 535 530
3 558 536 535
3 558 538 536
3 558 530 538
3 559 546 547
3 559 548 546
3 560 548 559
3 560 549 548
3 561 560 559
3 561 549 560
3 561 547 514
3 561 559 547
3 561 514 549
3 562 501 502
3 562 556 501
3 562 554 556
3 563 554 562
3 563 515 554
3 564 563 562
3 564 515 563
3 564 502 503
3 564 503 504
3 564 504 505
3 564 505 498
3 564 498 515
3 564 562 502
3 574 570 571
3 574 571 572
3 574 572 573
3 583 582 595
3 584 583 595
3 588 587 580
3 589 588 580
3 581 589 580
3 596 565 566
3 596 566 567
3 596 567 568
3 596 568 569
3 596 569 570
3 596 574 575
3 596 590 565
3 596 570 574
3 597 575 576
3 597 576 577
3 597 577 578
3 597 591 590
3 597 592 591
3 597 596 575
3 597 590 596
3 598 578 579
3 598 593 592
3 598 594 593
3 598 597 578
3 598 592 597
3 599 579 580
3 599 585 584
3 599 586 585
3 599 587 586
3 599 595 594
3 599 594 598
3 599 598 579
3 599 584 595
3 599 580 587
3 630 635 636
3 630 636 637
3 630 637 638
3 630 638 639
3 630 639 640
3 634 635 630
3 631 634 630
3 714 631 715
3 716 715 631
3 713 631 714
3 717 716 631
3 712 631 713
3 711 634 631
3 711 631 712
3 710 634 711
3 659 717 631
3 660 631 632
3 660 659 631
3 709 634 710
3 658 692 717
3 658 717 659
3 661 660 632
3 656 692 658
3 656 693 692
3 656 694 693
3 656 695 694
3 662 661 632
3 708 634 709
3 663 662 632
3 696 695 656
3 664 663 632
3 697 696 656
3 665 664 632
3 666 665 632
3 657 701 700
3 657 697 656
3 657 698 697
3 657 699 698
3 657 700 699
3 667 666 632
3 668 667 632
3 682 702 701
3 682 703 702
3 682 704 703
3 682 701 657
3 669 668 632
3 683 705 704
3 683 706 705
3 683 704 682
3 684 707 706
3 684 708 707
3 684 706 683
3 685 708 684
3 633 669 632
3 670 669 633
3 680 670 633
3 679 680 633
3 678 679 633
3 677 678 633
3 627 629 628
3 626 629 627
3 625 629 626
3 624 629 625
3 623 629 624
3 622 629 623
3 621 629 622
3 620 629 621
3 619 629 620
3 618 629 619
3 616 633 629
3 616 629 618
3 649 685 686
3 648 708 685
3 648 685 649
3 650 649 686
3 650 686 687
3 647 708 648
3 647 634 708
3 651 687 688
3 651 650 687
3 646 634 647
3 652 688 689
3 652 651 688
3 645 634 646
3 653 652 689
3 653 689 690
3 654 653 690
3 654 690 691
3 617 677 633
3 617 672 673
3 617 673 674
3 617 674 675
3 617 675 676
3 617 676 677
3 617 633 616
3 655 654 691
3 655 691 681
3 600 672 617
3 600 655 681
3 600 671 672
3 600 681 671
3 602 600 617
3 601 602 603
3 601 603 604
3 601 604 605
3 601 605 606
3 601 606 607
3 601 607 608
3 601 600 602
3 609 601 608
3 610 601 609
3 614 615 601
3 613 614 601
3 611 601 610
3 612 601 611
3 612 613 601
3 641 634 645
3 642 641 645
3 643 642 645
3 644 643 645
3 793 742 741
3 793 741 794
3 795 794 741
3 792 742 793
3 796 795 741
3 791 742 792
3 786 796 741
3 790 742 791
3 789 742 790
3 785 786 741
3 788 742 789
3 784 785 741
3 783 784 741
3 783 741 743
3 787 742 788
3 782 783 743
3 764 742 787
3 781 782 743
3 780 781 743
3 779 780 743
3 778 779 743
3 736 764 763
3 736 763 765
3 736 742 764
3 737 736 765
3 737 765 766
3 737 766 767
3 737 767 768
3 738 768 769
3 738 769 770
3 738 737 768
3 760 778 743
3 760 777 778
3 759 776 777
3 759 777 760
3 761 760 743
3 758 775 776
3 758 776 759
3 762 743 744
3 762 761 743
3 757 774 775
3 757 775 758
3 756 762 744
3 719 774 757
3 719 772 773
3 719 773 774
3 755 756 744
3 739 738 770
3 739 770 771
3 739 771 772
3 739 772 719
3 754 755 744
3 740 739 719
3 735 740 719
3 753 744 745
3 753 754 744
3 718 727 728
3 718 728 729
3 718 729 730
3 718 730 731
3 718 731 732
3 718 732 733
3 718 733 734
3 718 734 735
3 718 735 719
3 726 727 718
3 725 726 718
3 721 718 720
3 724 725 718
3 722 718 721
3 723 724 718
3 723 718 722
3 752 753 745
3 747 745 746
3 751 752 745
3 748 745 747
3 748 751 745
3 750 751 748
3 749 750 748
3 804 798 797
3 802 799 798
3 802 800 799
3 802 801 800
3 805 798 804
3 805 802 798
3 803 802 805
3 829 816 815
3 829 815 830
3 831 808 818
3 831 818 819
3 831 819 820
3 832 831 820
3 833 820 821
3 833 832 820
3 833 834 832
3 833 821 834
3 835 821 822
3 835 822 836
3 835 836 834
3 835 834 821
3 837 822 823
3 837 836 822
3 838 809 806
3 839 838 806
3 840 839 806
3 841 806 807
3 841 840 806
3 842 844 843
3 845 847 846
3 845 846 844
3 845 829 847
3 845 844 842
3 848 842 849
3 850 842 848
3 850 845 842
3 851 829 845
3 851 845 850
3 852 841 807
3 852 853 841
3 854 852 807
3 855 854 807
3 856 816 857
3 858 860 859
3 858 807 808
3 858 808 860
3 861 816 856
3 862 859 863
3 862 863 864
3 862 864 865
3 862 865 866
3 862 866 867
3 868 817 816
3 868 861 869
3 868 816 861
3 870 859 860
3 870 860 871
3 870 871 872
3 870 863 859
3 870 864 863
3 873 817 868
3 874 876 875
3 874 873 876
3 877 879 878
3 880 879 877
3 881 879 880
3 882 874 879
3 882 879 881
3 883 874 882
3 884 874 883
3 885 873 874
3 885 874 884
3 886 824 825
3 886 887 824
3 886 878 887
3 886 877 878
3 888 880 877
3 888 881 880
3 888 877 886
3 888 886 825
3 889 825 826
3 889 826 827
3 889 881 888
3 889 888 825
3 890 827 828
3 890 881 889
3 890 882 881
3 890 883 882
3 890 889 827
3 891 828 817
3 891 817 873
3 891 873 885
3 891 884 883
3 891 885 884
3 891 890 828
3 891 883 890
3 892 811 810
3 893 810 809
3 893 892 810
3 893 809 838
3 894 812 811
3 894 811 892
3 895 892 893
3 895 894 892
3 896 893 838
3 897 895 893
3 897 893 896
3 898 813 812
3 898 812 894
3 898 894 895
3 899 895 897
3 899 898 895
3 900 839 840
3 900 840 901
3 902 900 901
3 902 904 903
3 902 901 904
3 902 906 905
3 902 905 900
3 907 908 906
3 907 902 903
3 907 906 902
3 909 908 907
3 909 907 903
3 909 903 910
3 909 911 830
3 909 910 911
3 912 901 840
3 913 912 840
3 913 914 912
3 913 840 841
3 915 843 913
3 915 913 841
3 916 849 842
3 916 843 915
3 916 842 843
3 917 915 841
3 917 916 915
3 917 849 916
3 918 917 841
3 918 849 917
3 918 841 853
3 919 849 918
3 919 918 853
3 919 848 849
3 919 850 848
3 919 851 850
3 920 919 853
3 920 851 919
3 921 920 853
3 922 851 920
3 922 920 921
3 922 923 851
3 924 921 853
3 924 853 852
3 925 924 852
3 926 925 852
3 927 926 852
3 927 852 854
3 928 925 926
3 928 929 923
3 930 928 926
3 930 926 927
3 930 927 854
3 930 929 928
3 931 816 829
3 931 829 851
3 931 851 923
3 931 923 929
3 932 930 854
3 932 854 855
3 932 855 933
3 934 931 929
3 935 816 931
3 935 931 934
3 936 855 807
3 937 816 935
3 937 935 934
3 938 936 807
3 939 857 816
3 939 816 937
3 940 858 941
3 940 807 858
3 940 938 807
3 942 940 941
3 942 941 943
3 942 938 940
3 944 857 933
3 944 856 857
3 945 944 943
3 945 856 944
3 946 945 943
3 946 943 941
3 947 861 856
3 947 856 945
3 948 945 946
3 948 861 947
3 948 947 945
3 949 861 948
3 949 948 946
3 950 861 949
3 950 869 861
3 951 869 950
3 952 953 858
3 954 955 953
3 954 869 951
3 954 951 955
3 954 953 952
3 956 952 858
3 956 957 952
3 956 858 859
3 958 952 957
3 958 869 954
3 958 954 952
3 959 956 859
3 959 859 862
3 959 961 960
3 959 960 958
3 959 957 956
3 959 958 957
3 959 862 961
3 962 958 960
3 962 869 958
3 962 868 869
3 963 962 960
3 963 960 961
3 964 868 962
3 964 962 963
3 965 868 964
3 965 964 963
3 966 862 867
3 966 963 961
3 966 965 963
3 966 961 862
3 967 966 867
3 967 868 965
3 967 965 966
3 968 873 868
3 968 967 867
3 968 868 967
3 969 864 870
3 969 865 864
3 969 866 865
3 969 867 866
3 970 873 968
3 970 968 867
3 970 867 969
3 971 870 872
3 971 973 972
3 971 872 973
3 971 972 875
3 971 969 870
3 974 970 969
3 974 969 971
3 975 971 875
3 975 875 876
3 975 876 873
3 975 974 971
3 975 970 974
3 975 873 970
3 976 871 860
3 977 878 879
3 977 976 860
3 978 878 977
3 978 887 878
3 978 860 808
3 978 977 860
3 979 978 808
3 979 887 978
3 980 831 832
3 980 832 834
3 980 834 836
3 980 808 831
3 980 979 808
3 981 814 813
3 981 815 814
3 982 815 981
3 982 813 898
3 982 981 813
3 983 984 899
3 983 838 839
3 983 897 896
3 983 896 838
3 983 899 897
3 985 899 984
3 985 982 898
3 985 898 899
3 986 984 983
3 986 983 839
3 987 985 984
3 987 982 985
3 987 815 982
3 988 906 908
3 988 986 839
3 988 984 986
3 988 839 900
3 988 905 906
3 988 900 905
3 989 987 984
3 989 815 987
3 989 830 815
3 990 901 912
3 990 903 904
3 990 904 901
3 991 910 903
3 991 903 990
3 991 911 910
3 992 991 990
3 992 912 914
3 992 990 912
3 993 992 914
3 993 991 992
3 993 911 991
3 993 830 911
3 993 829 830
3 993 846 847
3 993 847 829
3 994 843 844
3 994 914 913
3 994 993 914
3 994 913 843
3 994 846 993
3 994 844 846
3 995 922 921
3 995 923 922
3 995 924 925
3 995 925 928
3 995 928 923
3 995 921 924
3 996 929 930
3 996 930 932
3 996 934 929
3 997 996 932
3 998 997 932
3 999 934 996
3 999 996 997
3 999 997 998
3 999 937 934
3 999 939 937
3 1000 998 932
3 1000 932 933
3 1000 933 857
3 1001 999 998
3 1001 998 1000
3 1001 939 999
3 1001 1000 857
3 1001 857 939
3 1002 855 936
3 1003 855 1002
3 1003 933 855
3 1003 944 933
3 1004 942 943
3 1004 938 942
3 1004 943 944
3 1004 1002 936
3 1004 1003 1002
3 1004 944 1003
3 1004 936 938
3 1005 946 941
3 1005 949 946
3 1005 950 949
3 1005 951 950
3 1005 955 951
3 1006 941 858
3 1006 953 955
3 1006 1005 941
3 1006 955 1005
3 1006 858 953
3 1007 872 871
3 1007 972 973
3 1007 973 872
3 1007 875 972
3 1007 874 875
3 1007 879 874
3 1007 871 976
3 1007 977 879
3 1007 976 977
3 1008 836 837
3 1008 837 823
3 1008 980 836
3 1008 887 979
3 1008 979 980
3 1009 984 988
3 1009 988 908
3 1009 989 984
3 1009 908 909
3 1009 909 830
3 1009 830 989
3 1010 823 824
3 1010 824 887
3 1010 887 1008
3 1010 1008 823
3 1020 1021 1028
3 1019 1028 1027
3 1019 1020 1028
3 1018 1019 1027
3 1017 1026 1025
3 1017 1027 1026
3 1017 1018 1027
3 1016 1025 1024
3 1016 1017 1025
3 1015 1024 1023
3 1015 1016 1024
3 1014 1015 1023
3 1013 1023 1022
3 1013 1014 1023
3 1012 1022 1011
3 1012 1013 1022
3 1030 1029 1056
3 1038 1037 1036
3 1039 1038 1036
3 1040 1036 1035
3 1040 1039 1036
3 1049 1068 1069
3 1049 1069 1070
3 1049 1070 1071
3 1049 1071 1048
3 1055 1043 1054
3 1044 1043 1055
3 1045 1044 1055
3 1046 1045 1055
3 1047 1046 1055
3 1072 1032 1031
3 1072 1033 1032
3 1073 1050 1051
3 1073 1051 1052
3 1074 1056 1057
3 1074 1057 1058
3 1074 1058 1059
3 1074 1030 1056
3 1075 1031 1030
3 1075 1030 1074
3 1076 1075 1074
3 1076 1074 1059
3 1077 1072 1031
3 1077 1075 1076
3 1077 1031 1075
3 1078 1077 1076
3 1078 1059 1060
3 1078 1060 1061
3 1078 1076 1059
3 1079 1061 1062
3 1079 1078 1061
3 1080 1077 1078
3 1081 1077 1080
3 1081 1082 1072
3 1081 1072 1077
3 1083 1062 1063
3 1083 1079 1062
3 1084 1078 1079
3 1084 1081 1080
3 1084 1080 1078
3 1085 1082 1081
3 1085 1084 1079
3 1085 1079 1083
3 1085 1081 1084
3 1086 1063 1064
3 1086 1083 1063
3 1087 1083 1086
3 1087 1085 1083
3 1087 1082 1085
3 1088 1082 1087
3 1088 1087 1086
3 1088 1089 1082
3 1090 1034 1033
3 1090 1035 1034
3 1090 1033 1072
3 1090 1040 1035
3 1091 1088 1086
3 1091 1064 1065
3 1091 1089 1088
3 1091 1086 1064
3 1092 1090 1072
3 1092 1072 1082
3 1093 1091 1065
3 1093 1089 1091
3 1094 1090 1092
3 1094 1040 1090
3 1095 1065 1066
3 1095 1089 1093
3 1095 1093 1065
3 1096 1092 1082
3 1096 1094 1092
3 1097 1066 1067
3 1097 1095 1066
3 1097 1089 1095
3 1097 1073 1089
3 1098 1050 1073
3 1098 1097 1067
3 1098 1049 1050
3 1098 1067 1068
3 1098 1073 1097
3 1098 1068 1049
3 1099 1096 1082
3 1099 1082 1089
3 1100 1099 1089
3 1101 1052 1053
3 1101 1053 1054
3 1101 1100 1089
3 1101 1089 1073
3 1101 1073 1052
3 1102 1041 1040
3 1102 1040 1094
3 1102 1094 1096
3 1103 1096 1099
3 1103 1102 1096
3 1104 1042 1103
3 1104 1099 1100
3 1104 1103 1099
3 1105 1043 1042
3 1105 1101 1054
3 1105 1054 1043
3 1105 1042 1104
3 1105 1100 1101
3 1105 1104 1100
3 1106 1042 1041
3 1106 1103 1042
3 1106 1041 1102
3 1106 1102 1103
3 1115 1113 1114
3 1127 1126 1143
3 1128 1127 1143
3 1132 1131 1124
3 1133 1132 1124
3 1125 1133 1124
3 1144 1138 1137
3 1145 1120 1121
3 1145 1139 1138
3 1145 1140 1139
3 1145 1144 1120
3 1145 1138 1144
3 1146 1145 1121
3 1146 1121 1122
3 1146 1122 1123
3 1146 1141 1140
3 1146 1140 1145
3 1147 1124 1131
3 1147 1123 1124
3 1147 1129 1128
3 1147 1130 1129
3 1147 1131 1130
3 1147 1142 1141
3 1147 1143 1142
3 1147 1146 1123
3 1147 1141 1146
3 1147 1128 1143
3 1148 1108 1109
3 1148 1109 1110
3 1149 1107 1108
3 1149 1134 1107
3 1149 1108 1148
3 1149 1148 1150
3 1151 1134 1149
3 1151 1149 1150
3 1152 1111 1112
3 1152 1112 1113
3 1152 1113 1115
3 1153 1152 1115
3 1154 1151 1150
3 1154 1134 1151
3 1155 1135 1134
3 1156 1155 1134
3 1156 1134 1154
3 1157 1150 1153
3 1158 1115 1116
3 1158 1157 1153
3 1158 1153 1115
3 1158 1116 1157
3 1159 1154 1150
3 1159 1150 1157
3 1159 1157 1116
3 1160 1135 1155
3 1160 1155 1156
3 1161 1135 1160
3 1161 1136 1135
3 1162 1136 1161
3 1162 1160 1163
3 1162 1161 1160
3 1164 1159 1116
3 1165 1162 1163
3 1166 1116 1117
3 1166 1164 1116
3 1167 1136 1162
3 1167 1137 1136
3 1167 1162 1165
3 1167 1165 1168
3 1167 1144 1137
3 1167 1168 1144
3 1169 1164 1166
3 1169 1166 1117
3 1170 1117 1118
3 1170 1169 1117
3 1171 1163 1169
3 1171 1169 1170
3 1171 1170 1118
3 1172 1165 1163
3 1172 1168 1165
3 1172 1163 1171
3 1173 1171 1118
3 1173 1168 1172
3 1173 1172 1171
3 1174 1118 1119
3 1174 1173 1118
3 1175 1168 1173
3 1175 1173 1174
3 1175 1174 1119
3 1176 1119 1120
3 1176 1168 1175
3 1176 1175 1119
3 1176 1120 1144
3 1176 1144 1168
3 1177 1110 1111
3 1177 1111 1152
3 1177 1152 1153
3 1177 1148 1110
3 1177 1153 1150
3 1177 1150 1148
3 1178 1156 1154
3 1179 1159 1164
3 1179 1178 1154
3 1179 1154 1159
3 1180 1179 1164
3 1180 1178 1179
3 1181 1156 1178
3 1181 1178 1180
3 1181 1169 1163
3 1181 1164 1169
3 1181 1160 1156
3 1181 1180 1164
3 1181 1163 1160
3 1202 1182 1201
3 1202 1203 1182
3 1204 1201 1193
3 1205 1192 1191
3 1206 1204 1193
3 1207 1188 1187
3 1207 1189 1188
3 1207 1190 1189
3 1207 1187 1208
3 1209 1211 1210
3 1212 1208 1211
3 1212 1211 1209
3 1213 1207 1208
3 1213 1208 1212
3 1214 1210 1215
3 1214 1209 1210
3 1214 1212 1209
3 1214 1213 1212
3 1216 1207 1213
3 1216 1190 1207
3 1216 1213 1214
3 1217 1191 1190
3 1217 1190 1216
3 1218 1202 1201
3 1219 1218 1201
3 1220 1191 1217
3 1221 1222 1201
3 1221 1201 1204
3 1223 1191 1224
3 1223 1205 1191
3 1225 1226 1221
3 1225 1221 1204
3 1227 1226 1225
3 1228 1223 1226
3 1228 1226 1227
3 1229 1225 1204
3 1230 1205 1223
3 1230 1227 1225
3 1230 1223 1228
3 1230 1228 1227
3 1230 1225 1229
3 1230 1229 1231
3 1230 1231 1232
3 1230 1232 1205
3 1233 1229 1204
3 1233 1235 1234
3 1233 1234 1229
3 1236 1235 1233
3 1236 1233 1204
3 1236 1204 1206
3 1237 1236 1206
3 1237 1235 1236
3 1238 1237 1206
3 1239 1205 1235
3 1239 1192 1205
3 1240 1183 1182
3 1240 1184 1183
3 1241 1240 1182
3 1242 1240 1241
3 1242 1210 1211
3 1243 1185 1184
3 1243 1186 1185
3 1243 1187 1186
3 1243 1184 1240
3 1243 1242 1211
3 1243 1208 1187
3 1243 1211 1208
3 1243 1240 1242
3 1244 1203 1215
3 1244 1182 1203
3 1244 1215 1210
3 1244 1241 1182
3 1244 1242 1241
3 1244 1210 1242
3 1245 1215 1203
3 1245 1202 1246
3 1245 1203 1202
3 1247 1217 1216
3 1247 1245 1246
3 1248 1217 1247
3 1248 1247 1246
3 1249 1217 1248
3 1250 1220 1217
3 1250 1249 1251
3 1250 1217 1249
3 1252 1250 1251
3 1252 1220 1250
3 1252 1251 1218
3 1253 1252 1218
3 1253 1218 1219
3 1254 1220 1252
3 1254 1252 1253
3 1255 1253 1219
3 1255 1220 1254
3 1255 1254 1253
3 1256 1219 1257
3 1258 1255 1219
3 1258 1219 1256
3 1259 1219 1201
3 1259 1257 1219
3 1259 1201 1260
3 1261 1220 1255
3 1261 1262 1220
3 1261 1255 1258
3 1263 1256 1257
3 1263 1258 1256
3 1263 1262 1261
3 1263 1261 1258
3 1264 1222 1265
3 1264 1201 1222
3 1264 1260 1201
3 1266 1191 1220
3 1266 1220 1262
3 1266 1267 1191
3 1268 1265 1222
3 1268 1269 1265
3 1270 1224 1191
3 1270 1191 1267
3 1270 1271 1224
3 1272 1269 1268
3 1273 1224 1271
3 1273 1271 1269
3 1273 1272 1224
3 1273 1269 1272
3 1274 1224 1272
3 1274 1272 1268
3 1275 1222 1221
3 1275 1268 1222
3 1275 1274 1268
3 1276 1275 1221
3 1276 1224 1274
3 1276 1274 1275
3 1277 1223 1224
3 1277 1224 1276
3 1278 1276 1221
3 1278 1223 1277
3 1278 1277 1276
3 1279 1221 1226
3 1279 1226 1223
3 1279 1278 1221
3 1279 1223 1278
3 1280 1235 1205
3 1280 1231 1229
3 1280 1232 1231
3 1280 1205 1232
3 1280 1234 1235
3 1280 1229 1234
3 1281 1206 1193
3 1281 1238 1206
3 1282 1235 1237
3 1282 1237 1238
3 1282 1239 1235
3 1283 1281 1193
3 1284 1282 1238
3 1284 1239 1282
3 1285 1193 1194
3 1285 1194 1195
3 1285 1283 1193
3 1285 1286 1283
3 1287 1239 1284
3 1288 1239 1287
3 1289 1197 1198
3 1290 1216 1214
3 1290 1214 1215
3 1290 1247 1216
3 1290 1215 1245
3 1290 1245 1247
3 1291 1202 1218
3 1291 1249 1248
3 1291 1246 1202
3 1291 1251 1249
3 1291 1218 1251
3 1291 1248 1246
3 1292 1257 1259
3 1292 1259 1260
3 1293 1292 1260
3 1293 1294 1292
3 1293 1260 1264
3 1293 1264 1265
3 1293 1265 1269
3 1295 1262 1263
3 1295 1266 1262
3 1295 1267 1266
3 1296 1267 1295
3 1296 1295 1294
3 1296 1270 1267
3 1296 1271 1270
3 1297 1238 1281
3 1297 1284 1238
3 1297 1287 1284
3 1298 1287 1297
3 1298 1297 1281
3 1298 1281 1283
3 1298 1283 1286
3 1299 1286 1285
3 1300 1298 1286
3 1300 1287 1298
3 1300 1286 1299
3 1301 1300 1299
3 1302 1299 1285
3 1302 1301 1299
3 1303 1300 1301
3 1303 1301 1302
3 1303 1287 1300
3 1303 1288 1287
3 1303 1289 1288
3 1304 1302 1285
3 1304 1195 1196
3 1304 1196 1197
3 1304 1303 1302
3 1304 1289 1303
3 1304 1285 1195
3 1304 1197 1289
3 1305 1198 1199
3 1305 1199 1200
3 1305 1200 1192
3 1305 1192 1239
3 1305 1289 1198
3 1305 1239 1288
3 1305 1288 1289
3 1306 1257 1292
3 1306 1292 1294
3 1306 1295 1263
3 1306 1263 1257
3 1306 1294 1295
3 1307 1293 1269
3 1307 1271 1296
3 1307 1296 1294
3 1307 1269 1271
3 1307 1294 1293
3 1317 1315 1316
3 1329 1346 1345
3 1329 1328 1346
3 1335 1334 1326
3 1327 1335 1326
3 1347 1311 1312
3 1348 1331 1330
3 1348 1332 1331
3 1349 1308 1309
3 1349 1309 1310
3 1349 1310 1311
3 1349 1336 1308
3 1349 1311 1347
3 1350 1336 1349
3 1351 1337 1336
3 1352 1351 1336
3 1352 1336 1350
3 1353 1354 1352
3 1353 1352 1350
3 1353 1347 1354
3 1353 1349 1347
3 1353 1350 1349
3 1355 1347 1312
3 1355 1312 1313
3 1356 1351 1352
3 1357 1313 1314
3 1357 1314 1315
3 1357 1355 1313
3 1357 1315 1317
3 1358 1351 1356
3 1358 1338 1337
3 1358 1337 1351
3 1359 1355 1357
3 1359 1347 1355
3 1360 1358 1356
3 1361 1352 1354
3 1361 1360 1356
3 1361 1356 1352
3 1361 1354 1362
3 1363 1347 1359
3 1363 1354 1347
3 1364 1360 1361
3 1364 1358 1360
3 1365 1363 1359
3 1366 1317 1318
3 1366 1359 1357
3 1366 1365 1359
3 1366 1357 1317
3 1367 1338 1358
3 1367 1358 1364
3 1367 1339 1338
3 1368 1367 1364
3 1369 1363 1365
3 1369 1365 1366
3 1370 1362 1371
3 1370 1361 1362
3 1370 1364 1361
3 1370 1368 1364
3 1372 1340 1339
3 1372 1339 1367
3 1373 1370 1371
3 1373 1367 1368
3 1373 1368 1370
3 1373 1372 1367
3 1374 1354 1363
3 1374 1362 1354
3 1375 1374 1363
3 1375 1363 1369
3 1376 1318 1319
3 1376 1369 1366
3 1376 1375 1369
3 1376 1366 1318
3 1377 1372 1373
3 1378 1374 1375
3 1379 1341 1340
3 1379 1340 1372
3 1380 1372 1377
3 1380 1379 1372
3 1381 1373 1371
3 1381 1371 1382
3 1381 1377 1373
3 1381 1380 1377
3 1383 1371 1362
3 1383 1362 1374
3 1384 1374 1378
3 1384 1383 1374
3 1385 1319 1320
3 1385 1375 1376
3 1385 1378 1375
3 1385 1376 1319
3 1385 1384 1378
3 1386 1379 1380
3 1386 1380 1381
3 1387 1342 1341
3 1387 1343 1342
3 1387 1379 1386
3 1387 1341 1379
3 1388 1383 1384
3 1389 1387 1386
3 1390 1389 1386
3 1390 1382 1391
3 1390 1381 1382
3 1390 1386 1381
3 1392 1383 1388
3 1392 1371 1383
3 1393 1390 1391
3 1393 1387 1389
3 1393 1389 1390
3 1394 1392 1388
3 1394 1388 1384
3 1394 1320 1321
3 1394 1385 1320
3 1394 1384 1385
3 1395 1371 1392
3 1395 1382 1371
3 1396 1343 1387
3 1396 1387 1393
3 1397 1395 1392
3 1398 1321 1322
3 1398 1394 1321
3 1398 1392 1394
3 1398 1397 1392
3 1399 1344 1343
3 1399 1343 1396
3 1400 1395 1397
3 1400 1397 1398
3 1401 1399 1396
3 1401 1393 1391
3 1401 1396 1393
3 1401 1391 1348
3 1402 1348 1330
3 1402 1330 1329
3 1402 1344 1399
3 1402 1401 1348
3 1402 1345 1344
3 1402 1329 1345
3 1402 1399 1401
3 1403 1382 1395
3 1403 1395 1400
3 1403 1391 1382
3 1404 1403 1400
3 1405 1322 1323
3 1405 1398 1322
3 1405 1400 1398
3 1405 1404 1400
3 1406 1403 1404
3 1406 1404 1405
3 1407 1391 1403
3 1407 1348 1391
3 1408 1403 1406
3 1408 1407 1403
3 1409 1323 1324
3 1409 1406 1405
3 1409 1405 1323
3 1409 1408 1406
3 1410 1407 1408
3 1411 1326 1334
3 1411 1325 1326
3 1411 1333 1332
3 1411 1334 1333
3 1411 1348 1407
3 1411 1407 1410
3 1411 1332 1348
3 1412 1324 1325
3 1412 1325 1411
3 1412 1409 1324
3 1412 1408 1409
3 1412 1410 1408
3 1412 1411 1410
3 1436 1421 1422
3 1437 1436 1422
3 1438 1433 1437
3 1438 1437 1422
3 1439 1426 1435
3 1440 1424 1425
3 1441 1440 1425
3 1442 1433 1413
3 1442 1437 1433
3 1442 1436 1437
3 1443 1434 1433
3 1443 1444 1445
3 1443 1446 1447
3 1443 1447 1434
3 1443 1445 1446
3 1443 1433 1444
3 1448 1447 1446
3 1449 1448 1446
3 1449 1422 1423
3 1449 1445 1422
3 1449 1446 1445
3 1450 1449 1423
3 1451 1450 1423
3 1452 1451 1423
3 1453 1434 1454
3 1455 1434 1453
3 1456 1434 1455
3 1456 1435 1434
3 1456 1457 1435
3 1456 1458 1457
3 1459 1458 1456
3 1459 1460 1458
3 1461 1457 1458
3 1462 1423 1424
3 1462 1461 1458
3 1462 1460 1423
3 1462 1458 1460
3 1463 1435 1457
3 1463 1457 1461
3 1464 1461 1462
3 1464 1462 1424
3 1464 1463 1461
3 1465 1466 1463
3 1465 1464 1424
3 1465 1463 1464
3 1467 1435 1463
3 1467 1463 1466
3 1468 1466 1465
3 1468 1465 1424
3 1469 1467 1466
3 1469 1435 1467
3 1470 1435 1469
3 1470 1439 1435
3 1470 1471 1439
3 1472 1468 1424
3 1472 1469 1466
3 1472 1466 1468
3 1473 1472 1424
3 1474 1473 1424
3 1474 1424 1440
3 1474 1440 1471
3 1475 1439 1471
3 1475 1440 1476
3 1475 1471 1440
3 1477 1475 1476
3 1477 1439 1475
3 1478 1477 1476
3 1478 1439 1477
3 1478 1476 1440
3 1478 1440 1441
3 1479 1439 1478
3 1479 1478 1441
3 1480 1426 1439
3 1480 1439 1479
3 1481 1427 1426
3 1481 1428 1427
3 1481 1426 1480
3 1481 1480 1482
3 1483 1482 1484
3 1483 1484 1485
3 1483 1481 1482
3 1486 1418 1419
3 1486 1419 1420
3 1486 1420 1421
3 1486 1421 1436
3 1486 1436 1442
3 1487 1422 1445
3 1487 1445 1444
3 1487 1438 1422
3 1488 1449 1450
3 1488 1447 1448
3 1488 1450 1451
3 1488 1434 1447
3 1488 1448 1449
3 1489 1434 1488
3 1490 1488 1451
3 1490 1489 1488
3 1490 1451 1452
3 1491 1489 1490
3 1491 1490 1452
3 1491 1434 1489
3 1491 1452 1492
3 1493 1434 1491
3 1493 1491 1492
3 1493 1492 1454
3 1493 1454 1434
3 1494 1452 1423
3 1494 1492 1452
3 1495 1492 1494
3 1495 1494 1423
3 1496 1454 1492
3 1496 1453 1454
3 1496 1492 1495
3 1497 1495 1423
3 1497 1496 1495
3 1498 1455 1453
3 1498 1497 1423
3 1498 1456 1455
3 1498 1459 1456
3 1498 1496 1497
3 1498 1453 1496
3 1498 1460 1459
3 1498 1423 1460
3 1499 1470 1469
3 1500 1469 1472
3 1500 1472 1473
3 1500 1499 1469
3 1501 1500 1473
3 1501 1470 1499
3 1501 1499 1500
3 1502 1501 1473
3 1502 1473 1474
3 1503 1470 1501
3 1503 1502 1474
3 1503 1501 1502
3 1504 1470 1503
3 1504 1503 1474
3 1504 1471 1470
3 1504 1474 1471
3 1505 1479 1441
3 1505 1480 1479
3 1506 1441 1425
3 1507 1485 1506
3 1507 1483 1485
3 1508 1429 1428
3 1508 1483 1507
3 1508 1481 1483
3 1508 1428 1481
3 1509 1507 1506
3 1509 1510 1507
3 1509 1506 1425
3 1511 1507 1510
3 1511 1508 1507
3 1512 1430 1429
3 1512 1431 1430
3 1512 1432 1431
3 1512 1508 1511
3 1512 1429 1508
3 1513 1425 1432
3 1513 1432 1512
3 1513 1510 1509
3 1513 1511 1510
3 1513 1512 1511
3 1513 1509 1425
3 1514 1413 1414
3 1514 1414 1415
3 1514 1415 1416
3 1514 1416 1417
3 1514 1417 1418
3 1514 1418 1486
3 1514 1442 1413
3 1514 1486 1442
3 1515 1438 1487
3 1515 1433 1438
3 1515 1444 1433
3 1515 1487 1444
3 1516 1505 1441
3 1516 1480 1505
3 1516 1506 1485
3 1516 1441 1506
3 1516 1482 1480
3 1516 1484 1482
3 1516 1485 1484
3 1525 1526 1527
3 1525 1527 1533
3 1524 1525 1533
3 1523 1533 1532
3 1523 1524 1533
3 1522 1532 1531
3 1522 1523 1532
3 1521 1531 1530
3 1521 1522 1531
3 1520 1530 1529
3 1520 1521 1530
3 1519 1529 1528
3 1519 1520 1529
3 1518 1528 1517
3 1518 1519 1528
3 1565 1535 1534
3 1545 1544 1543
3 1575 1536 1535
3 1575 1565 1566
3 1575 1535 1565
3 1576 1566 1567
3 1576 1575 1566
3 1577 1539 1538
3 1578 1542 1541
3 1578 1543 1542
3 1578 1546 1545
3 1578 1547 1546
3 1578 1545 1543
3 1579 1548 1547
3 1579 1549 1548
3 1579 1547 1578
3 1580 1558 1559
3 1580 1559 1560
3 1580 1574 1558
3 1581 1560 1561
3 1581 1561 1562
3 1581 1562 1563
3 1581 1580 1560
3 1582 1557 1556
3 1582 1563 1564
3 1582 1564 1557
3 1583 1537 1536
3 1583 1538 1537
3 1583 1577 1538
3 1583 1536 1575
3 1584 1583 1575
3 1584 1577 1583
3 1585 1576 1567
3 1585 1567 1568
3 1585 1568 1569
3 1586 1575 1576
3 1586 1584 1575
3 1587 1584 1586
3 1588 1589 1577
3 1588 1584 1587
3 1588 1577 1584
3 1590 1576 1585
3 1590 1586 1576
3 1591 1586 1590
3 1591 1589 1588
3 1591 1588 1587
3 1591 1587 1586
3 1592 1585 1569
3 1592 1593 1590
3 1592 1590 1585
3 1594 1540 1539
3 1594 1541 1540
3 1594 1539 1577
3 1594 1578 1541
3 1595 1593 1592
3 1596 1578 1594
3 1596 1594 1577
3 1597 1596 1577
3 1597 1577 1589
3 1598 1596 1597
3 1599 1578 1596
3 1599 1596 1598
3 1599 1579 1578
3 1600 1597 1589
3 1600 1598 1597
3 1600 1599 1598
3 1600 1579 1599
3 1601 1579 1600
3 1602 1601 1600
3 1603 1605 1604
3 1606 1550 1549
3 1606 1551 1550
3 1606 1579 1601
3 1606 1601 1602
3 1606 1549 1579
3 1607 1552 1551
3 1607 1551 1606
3 1607 1602 1608
3 1607 1606 1602
3 1609 1603 1604
3 1609 1604 1610
3 1611 1605 1603
3 1611 1603 1609
3 1612 1611 1609
3 1612 1609 1610
3 1613 1612 1610
3 1614 1612 1613
3 1615 1611 1612
3 1615 1612 1614
3 1616 1573 1574
3 1617 1614 1613
3 1618 1613 1619
3 1618 1617 1613
3 1620 1616 1574
3 1620 1619 1616
3 1620 1581 1618
3 1620 1618 1619
3 1620 1580 1581
3 1620 1574 1580
3 1621 1555 1554
3 1622 1621 1623
3 1622 1618 1581
3 1622 1623 1618
3 1624 1556 1555
3 1624 1582 1556
3 1624 1555 1621
3 1624 1622 1581
3 1624 1581 1563
3 1624 1563 1582
3 1624 1621 1622
3 1625 1591 1590
3 1625 1590 1593
3 1625 1589 1591
3 1626 1569 1570
3 1626 1595 1592
3 1626 1592 1569
3 1627 1628 1625
3 1627 1625 1593
3 1627 1595 1626
3 1627 1626 1604
3 1627 1604 1605
3 1627 1605 1628
3 1627 1593 1595
3 1629 1604 1626
3 1629 1626 1570
3 1630 1570 1571
3 1630 1629 1570
3 1631 1630 1571
3 1631 1629 1630
3 1631 1604 1629
3 1632 1625 1628
3 1632 1589 1625
3 1632 1600 1589
3 1632 1602 1600
3 1632 1608 1602
3 1633 1604 1631
3 1633 1610 1604
3 1634 1631 1571
3 1634 1633 1631
3 1634 1610 1633
3 1635 1571 1572
3 1635 1634 1571
3 1636 1632 1628
3 1636 1608 1632
3 1636 1628 1605
3 1636 1605 1611
3 1637 1635 1572
3 1637 1610 1634
3 1637 1634 1635
3 1637 1613 1610
3 1638 1572 1573
3 1638 1637 1572
3 1638 1613 1637
3 1639 1616 1619
3 1639 1573 1616
3 1639 1619 1613
3 1639 1638 1573
3 1639 1613 1638
3 1640 1552 1607
3 1640 1608 1636
3 1640 1636 1611
3 1640 1607 1608
3 1641 1553 1552
3 1641 1552 1640
3 1642 1640 1611
3 1642 1553 1641
3 1642 1641 1640
3 1643 1611 1615
3 1643 1554 1553
3 1643 1553 1642
3 1643 1642 1611
3 1644 1615 1614
3 1644 1643 1615
3 1644 1554 1643
3 1644 1614 1617
3 1645 1644 1617
3 1645 1554 1644
3 1646 1623 1621
3 1646 1617 1618
3 1646 1618 1623
3 1646 1621 1554
3 1646 1645 1617
3 1646 1554 1645
3 1648 1673 1647
3 1648 1674 1673
3 1648 1675 1674
3 1666 1665 1685
3 1672 1671 1663
3 1664 1672 1663
3 1686 1650 1651
3 1687 1669 1668
3 1688 1676 1675
3 1688 1675 1648
3 1689 1648 1649
3 1689 1649 1650
3 1689 1650 1686
3 1689 1688 1648
3 1690 1689 1686
3 1690 1676 1688
3 1690 1688 1689
3 1691 1677 1676
3 1691 1676 1690
3 1692 1690 1686
3 1692 1686 1693
3 1694 1691 1690
3 1694 1690 1692
3 1694 1692 1693
3 1695 1677 1691
3 1695 1678 1677
3 1696 1695 1691
3 1696 1691 1694
3 1696 1694 1693
3 1697 1695 1696
3 1698 1651 1652
3 1698 1652 1653
3 1698 1686 1651
3 1699 1678 1695
3 1699 1679 1678
3 1700 1698 1701
3 1700 1693 1686
3 1700 1686 1698
3 1702 1698 1653
3 1702 1653 1654
3 1702 1654 1655
3 1702 1655 1656
3 1702 1701 1698
3 1703 1693 1704
3 1703 1697 1696
3 1703 1696 1693
3 1705 1680 1679
3 1705 1679 1699
3 1706 1697 1703
3 1706 1695 1697
3 1706 1699 1695
3 1707 1706 1703
3 1707 1699 1706
3 1707 1703 1704
3 1707 1705 1699
3 1708 1681 1680
3 1708 1680 1705
3 1709 1705 1707
3 1709 1707 1704
3 1709 1708 1705
3 1710 1700 1701
3 1711 1708 1709
3 1712 1693 1700
3 1712 1700 1710
3 1713 1656 1657
3 1713 1710 1701
3 1713 1701 1702
3 1713 1712 1710
3 1713 1702 1656
3 1714 1682 1681
3 1714 1683 1682
3 1714 1708 1711
3 1714 1681 1708
3 1715 1693 1712
3 1716 1657 1658
3 1716 1713 1657
3 1716 1712 1713
3 1716 1715 1712
3 1717 1714 1711
3 1718 1709 1704
3 1718 1704 1687
3 1718 1711 1709
3 1718 1717 1711
3 1719 1704 1693
3 1719 1693 1715
3 1720 1719 1715
3 1721 1684 1683
3 1721 1685 1684
3 1721 1683 1714
3 1721 1666 1685
3 1722 1714 1717
3 1722 1718 1687
3 1722 1717 1718
3 1722 1721 1714
3 1723 1658 1659
3 1723 1716 1658
3 1723 1715 1716
3 1723 1720 1715
3 1724 1667 1666
3 1724 1668 1667
3 1724 1666 1721
3 1724 1721 1722
3 1724 1722 1687
3 1724 1687 1668
3 1725 1719 1720
3 1725 1720 1723
3 1726 1719 1725
3 1726 1704 1719
3 1727 1723 1659
3 1727 1659 1660
3 1727 1725 1723
3 1727 1726 1725
3 1728 1704 1726
3 1729 1704 1728
3 1729 1687 1704
3 1730 1728 1726
3 1730 1660 1661
3 1730 1727 1660
3 1730 1726 1727
3 1731 1729 1728
3 1732 1729 1731
3 1732 1687 1729
3 1733 1728 1730
3 1733 1730 1661
3 1733 1732 1731
3 1733 1731 1728
3 1733 1661 1662
3 1733 1662 1663
3 1734 1687 1732
3 1734 1663 1671
3 1734 1733 1663
3 1734 1670 1669
3 1734 1671 1670
3 1734 1669 1687
3 1734 1732 1733
3 1758 1743 1742
3 1759 1743 1758
3 1760 1759 1758
3 1761 1744 1743
3 1761 1759 1760
3 1761 1743 1759
3 1762 1744 1761
3 1763 1745 1744
3 1763 1744 1762
3 1764 1746 1745
3 1765 1735 1736
3 1765 1766 1735
3 1767 1769 1768
3 1770 1765 1736
3 1770 1771 1765
3 1772 1771 1770
3 1772 1773 1771
3 1772 1774 1773
3 1772 1775 1774
3 1776 1775 1772
3 1776 1777 1775
3 1778 1777 1776
3 1778 1768 1777
3 1779 1768 1778
3 1780 1768 1779
3 1780 1782 1781
3 1780 1767 1768
3 1780 1781 1767
3 1783 1782 1780
3 1784 1786 1785
3 1784 1785 1782
3 1784 1782 1783
3 1787 1742 1741
3 1787 1758 1742
3 1788 1745 1763
3 1788 1764 1745
3 1788 1763 1762
3 1789 1747 1746
3 1789 1764 1788
3 1789 1746 1764
3 1790 1748 1747
3 1790 1786 1784
3 1790 1747 1791
3 1792 1790 1784
3 1793 1748 1790
3 1793 1790 1792
3 1794 1748 1793
3 1795 1748 1794
3 1796 1737 1735
3 1797 1796 1735
3 1798 1797 1735
3 1798 1799 1797
3 1798 1766 1800
3 1798 1800 1801
3 1798 1735 1766
3 1802 1787 1803
3 1802 1760 1758
3 1802 1758 1787
3 1804 1799 1798
3 1804 1798 1801
3 1804 1801 1805
3 1806 1802 1803
3 1806 1803 1807
3 1808 1747 1789
3 1808 1789 1788
3 1809 1811 1810
3 1812 1747 1808
3 1812 1791 1747
3 1812 1813 1791
3 1814 1813 1812
3 1814 1815 1813
3 1816 1815 1809
3 1816 1813 1815
3 1817 1816 1809
3 1817 1809 1810
3 1817 1813 1816
3 1818 1813 1817
3 1818 1817 1819
3 1818 1819 1820
3 1821 1813 1818
3 1822 1824 1823
3 1825 1827 1826
3 1825 1791 1827
3 1825 1826 1828
3 1825 1790 1791
3 1829 1825 1830
3 1829 1790 1825
3 1829 1830 1831
3 1832 1790 1829
3 1832 1829 1831
3 1833 1779 1778
3 1834 1780 1779
3 1834 1779 1833
3 1835 1780 1834
3 1836 1834 1833
3 1836 1833 1837
3 1836 1835 1834
3 1838 1780 1835
3 1838 1784 1783
3 1838 1783 1780
3 1839 1835 1836
3 1840 1836 1837
3 1841 1835 1839
3 1841 1838 1835
3 1842 1838 1841
3 1843 1839 1836
3 1843 1841 1839
3 1843 1836 1840
3 1844 1784 1838
3 1844 1838 1842
3 1844 1792 1784
3 1845 1841 1843
3 1845 1842 1841
3 1845 1844 1842
3 1845 1792 1844
3 1846 1843 1840
3 1847 1845 1843
3 1847 1843 1846
3 1848 1850 1849
3 1851 1751 1752
3 1851 1852 1751
3 1851 1849 1852
3 1853 1854 1850
3 1853 1850 1848
3 1855 1752 1753
3 1855 1851 1752
3 1855 1848 1849
3 1855 1849 1851
3 1856 1854 1853
3 1857 1856 1853
3 1857 1853 1848
3 1857 1855 1753
3 1857 1848 1855
3 1858 1753 1754
3 1858 1857 1753
3 1858 1856 1857
3 1858 1859 1856
3 1860 1858 1754
3 1860 1861 1859
3 1860 1859 1858
3 1860 1862 1861
3 1863 1740 1739
3 1863 1741 1740
3 1863 1787 1741
3 1864 1803 1787
3 1864 1863 1739
3 1864 1787 1863
3 1865 1803 1864
3 1866 1803 1865
3 1866 1807 1803
3 1866 1865 1867
3 1868 1867 1799
3 1868 1866 1867
3 1869 1868 1799
3 1869 1810 1811
3 1870 1807 1866
3 1870 1866 1868
3 1870 1869 1811
3 1870 1868 1869
3 1870 1811 1807
3 1871 1802 1806
3 1872 1760 1802
3 1872 1802 1871
3 1872 1808 1788
3 1872 1762 1761
3 1872 1788 1762
3 1872 1761 1760
3 1873 1810 1869
3 1873 1804 1805
3 1873 1805 1874
3 1873 1874 1810
3 1873 1799 1804
3 1873 1869 1799
3 1875 1808 1872
3 1875 1871 1806
3 1875 1872 1871
3 1876 1807 1811
3 1876 1806 1807
3 1877 1808 1875
3 1877 1812 1808
3 1878 1875 1806
3 1878 1877 1875
3 1879 1878 1806
3 1879 1806 1876
3 1880 1876 1811
3 1880 1879 1876
3 1881 1879 1880
3 1881 1812 1877
3 1881 1877 1878
3 1881 1878 1879
3 1881 1814 1812
3 1882 1880 1811
3 1883 1809 1815
3 1883 1882 1811
3 1883 1811 1809
3 1884 1874 1805
3 1884 1810 1874
3 1885 1881 1880
3 1885 1815 1814
3 1885 1814 1881
3 1885 1880 1882
3 1885 1883 1815
3 1885 1882 1883
3 1886 1819 1817
3 1886 1810 1884
3 1886 1817 1810
3 1887 1805 1801
3 1887 1801 1888
3 1887 1884 1805
3 1887 1819 1886
3 1887 1820 1819
3 1887 1886 1884
3 1887 1888 1889
3 1887 1889 1820
3 1890 1820 1889
3 1891 1818 1820
3 1891 1821 1818
3 1892 1891 1820
3 1893 1820 1890
3 1893 1892 1820
3 1893 1890 1894
3 1895 1896 1821
3 1895 1894 1896
3 1895 1821 1891
3 1895 1891 1892
3 1895 1893 1894
3 1895 1892 1893
3 1897 1890 1898
3 1897 1894 1890
3 1897 1824 1894
3 1899 1898 1800
3 1900 1897 1898
3 1901 1898 1899
3 1901 1900 1898
3 1902 1903 1823
3 1902 1899 1800
3 1902 1901 1899
3 1902 1823 1901
3 1904 1823 1824
3 1904 1824 1897
3 1904 1897 1900
3 1904 1900 1901
3 1904 1901 1823
3 1905 1800 1766
3 1905 1902 1800
3 1906 1896 1894
3 1906 1894 1824
3 1907 1813 1821
3 1907 1821 1896
3 1907 1896 1906
3 1907 1791 1813
3 1908 1906 1824
3 1908 1824 1822
3 1908 1827 1791
3 1909 1906 1908
3 1909 1907 1906
3 1909 1791 1907
3 1909 1908 1791
3 1910 1823 1903
3 1911 1908 1822
3 1911 1827 1908
3 1911 1823 1910
3 1911 1822 1823
3 1912 1905 1766
3 1913 1827 1911
3 1913 1911 1910
3 1913 1910 1903
3 1913 1826 1827
3 1913 1903 1826
3 1914 1912 1766
3 1915 1917 1916
3 1915 1918 1917
3 1915 1916 1828
3 1915 1919 1918
3 1915 1914 1919
3 1920 1918 1919
3 1921 1920 1922
3 1921 1917 1918
3 1921 1918 1920
3 1923 1921 1922
3 1924 1923 1922
3 1925 1917 1921
3 1925 1921 1923
3 1925 1825 1828
3 1925 1916 1917
3 1925 1828 1916
3 1926 1923 1924
3 1927 1929 1928
3 1930 1931 1929
3 1930 1932 1931
3 1930 1929 1927
3 1933 1927 1928
3 1933 1930 1927
3 1933 1775 1777
3 1933 1777 1768
3 1934 1932 1930
3 1935 1930 1933
3 1935 1933 1768
3 1935 1768 1769
3 1936 1937 1932
3 1936 1932 1934
3 1938 1935 1769
3 1938 1934 1930
3 1938 1930 1935
3 1939 1937 1936
3 1940 1937 1939
3 1941 1769 1767
3 1941 1782 1785
3 1941 1781 1782
3 1941 1936 1934
3 1941 1938 1769
3 1941 1785 1940
3 1941 1934 1938
3 1941 1939 1936
3 1941 1940 1939
3 1941 1767 1781
3 1942 1772 1770
3 1942 1776 1772
3 1943 1837 1833
3 1943 1942 1770
3 1943 1778 1776
3 1943 1833 1778
3 1943 1776 1942
3 1944 1837 1943
3 1944 1840 1837
3 1945 1943 1770
3 1945 1840 1944
3 1945 1944 1943
3 1945 1846 1840
3 1946 1945 1770
3 1946 1846 1945
3 1947 1846 1946
3 1948 1792 1845
3 1948 1845 1847
3 1948 1793 1792
3 1949 1946 1770
3 1949 1770 1736
3 1950 1793 1948
3 1950 1794 1793
3 1951 1949 1736
3 1952 1849 1850
3 1953 1795 1794
3 1954 1952 1951
3 1954 1951 1736
3 1955 1849 1952
3 1955 1952 1954
3 1955 1852 1849
3 1956 1795 1953
3 1956 1953 1957
3 1958 1954 1736
3 1959 1736 1749
3 1959 1749 1750
3 1959 1958 1736
3 1960 1750 1751
3 1960 1955 1954
3 1960 1751 1852
3 1960 1852 1955
3 1960 1954 1958
3 1960 1959 1750
3 1960 1958 1959
3 1961 1795 1956
3 1961 1854 1856
3 1961 1862 1795
3 1961 1856 1859
3 1961 1859 1861
3 1961 1956 1854
3 1961 1861 1862
3 1962 1860 1754
3 1962 1754 1755
3 1962 1755 1756
3 1962 1756 1757
3 1963 1748 1795
3 1963 1757 1748
3 1963 1795 1862
3 1963 1962 1757
3 1963 1862 1860
3 1963 1860 1962
3 1964 1865 1864
3 1964 1738 1737
3 1964 1739 1738
3 1964 1737 1796
3 1964 1864 1739
3 1965 1964 1796
3 1965 1865 1964
3 1966 1799 1867
3 1966 1796 1797
3 1966 1797 1799
3 1966 1965 1796
3 1966 1865 1965
3 1966 1867 1865
3 1967 1888 1801
3 1967 1801 1800
3 1967 1800 1898
3 1967 1898 1890
3 1967 1889 1888
3 1967 1890 1889
3 1968 1902 1905
3 1968 1905 1912
3 1968 1903 1902
3 1969 1826 1903
3 1969 1968 1912
3 1969 1903 1968
3 1970 1969 1912
3 1971 1912 1914
3 1971 1970 1912
3 1972 1970 1971
3 1972 1828 1826
3 1972 1826 1969
3 1972 1969 1970
3 1973 1828 1972
3 1973 1914 1915
3 1973 1915 1828
3 1973 1971 1914
3 1973 1972 1971
3 1974 1766 1975
3 1974 1914 1766
3 1974 1919 1914
3 1976 1975 1766
3 1976 1974 1975
3 1977 1919 1974
3 1977 1974 1976
3 1977 1920 1919
3 1978 1977 1976
3 1978 1976 1766
3 1979 1977 1978
3 1979 1920 1977
3 1979 1922 1920
3 1980 1924 1922
3 1980 1922 1979
3 1980 1978 1766
3 1980 1979 1978
3 1980 1766 1981
3 1982 1830 1825
3 1982 1923 1926
3 1982 1925 1923
3 1982 1825 1925
3 1982 1926 1830
3 1983 1830 1926
3 1983 1831 1830
3 1984 1831 1983
3 1984 1983 1981
3 1985 1766 1765
3 1985 1981 1766
3 1986 1984 1981
3 1986 1929 1931
3 1986 1931 1932
3 1986 1932 1937
3 1987 1831 1984
3 1987 1984 1986
3 1987 1986 1937
3 1987 1937 1832
3 1987 1832 1831
3 1988 1928 1985
3 1988 1775 1933
3 1988 1933 1928
3 1988 1765 1771
3 1988 1771 1773
3 1988 1773 1774
3 1988 1774 1775
3 1988 1985 1765
3 1989 1832 1937
3 1989 1790 1832
3 1989 1937 1940
3 1990 1989 1940
3 1990 1790 1989
3 1991 1785 1786
3 1991 1786 1790
3 1991 1990 1940
3 1991 1790 1990
3 1991 1940 1785
3 1992 1946 1949
3 1992 1993 1947
3 1992 1947 1946
3 1994 1846 1947
3 1994 1948 1847
3 1994 1847 1846
3 1994 1950 1948
3 1995 1992 1949
3 1996 1949 1997
3 1996 1995 1949
3 1998 1994 1947
3 1998 1950 1994
3 1999 1947 1993
3 1999 1993 2000
3 1999 1950 1998
3 1999 1998 1947
3 2001 2000 1993
3 2001 1993 1992
3 2001 1992 1995
3 2002 1995 1996
3 2002 2001 1995
3 2003 1997 1949
3 2004 2000 2001
3 2004 2001 2002
3 2005 2003 1949
3 2006 1996 1997
3 2006 2007 2004
3 2006 2002 1996
3 2006 2004 2002
3 2008 2010 2009
3 2008 2003 2005
3 2008 1997 2003
3 2008 2006 1997
3 2008 2005 2010
3 2011 1949 1951
3 2011 2005 1949
3 2011 2010 2005
3 2012 2008 2009
3 2012 2007 2006
3 2012 2009 2007
3 2012 2006 2008
3 2013 2000 2004
3 2013 2004 2007
3 2014 2000 2013
3 2014 1794 1950
3 2014 1950 1999
3 2014 1999 2000
3 2014 2015 1794
3 2016 2015 2014
3 2016 2013 2007
3 2016 2014 2013
3 2017 2016 2007
3 2017 2007 2009
3 2018 2019 2011
3 2018 1951 1952
3 2018 1952 1850
3 2018 2011 1951
3 2020 2009 1957
3 2020 2017 2009
3 2020 2016 2017
3 2020 2015 2016
3 2020 1953 1794
3 2020 1957 1953
3 2020 1794 2015
3 2021 1957 2009
3 2021 2009 2010
3 2021 1956 1957
3 2021 1854 1956
3 2022 1980 1981
3 2022 1981 1983
3 2022 1926 1924
3 2022 1924 1980
3 2022 1983 1926
3 2023 1985 1928
3 2023 1981 1985
3 2023 1929 1986
3 2023 1928 1929
3 2023 1986 1981
3 2024 2011 2019
3 2024 1854 2021
3 2024 2021 2010
3 2024 2010 2011
3 2025 1854 2024
3 2025 2024 2019
3 2026 2018 1850
3 2026 1854 2025
3 2026 2025 2019
3 2026 2019 2018
3 2026 1850 1854
3 2046 2045 2027
3 2046 2027 2047
3 2048 2038 2045
3 2049 2038 2048
3 2050 2036 2037
3 2051 2052 2050
3 2053 2054 2032
3 2055 2056 2054
3 2057 2032 2033
3 2057 2033 2034
3 2057 2034 2035
3 2057 2053 2032
3 2058 2054 2053
3 2058 2055 2054
3 2059 2053 2057
3 2059 2058 2053
3 2060 2061 2056
3 2060 2056 2055
3 2060 2055 2058
3 2060 2058 2059
3 2062 2057 2035
3 2062 2059 2057
3 2062 2060 2059
3 2063 2046 2064
3 2065 2063 2066
3 2065 2046 2063
3 2065 2045 2046
3 2067 2035 2036
3 2067 2062 2035
3 2068 2045 2065
3 2069 2067 2036
3 2070 2071 2072
3 2073 2070 2072
3 2074 2072 2075
3 2076 2072 2074
3 2077 2045 2078
3 2077 2048 2045
3 2079 2080 2036
3 2079 2036 2050
3 2081 2077 2082
3 2081 2048 2077
3 2083 2081 2082
3 2084 2048 2081
3 2085 2081 2083
3 2085 2086 2079
3 2085 2083 2086
3 2085 2084 2081
3 2085 2087 2084
3 2085 2052 2087
3 2085 2079 2050
3 2085 2050 2052
3 2088 2048 2084
3 2089 2084 2087
3 2089 2088 2084
3 2089 2051 2088
3 2089 2087 2052
3 2089 2052 2051
3 2090 2048 2088
3 2090 2049 2048
3 2091 2088 2051
3 2091 2049 2090
3 2091 2090 2088
3 2092 2049 2091
3 2093 2037 2044
3 2093 2050 2037
3 2093 2051 2050
3 2094 2027 2028
3 2094 2028 2029
3 2095 2027 2094
3 2096 2054 2056
3 2096 2095 2094
3 2097 2029 2030
3 2097 2030 2031
3 2097 2031 2032
3 2097 2094 2029
3 2097 2032 2054
3 2097 2096 2094
3 2097 2054 2096
3 2098 2047 2027
3 2098 2061 2047
3 2098 2056 2061
3 2098 2027 2095
3 2098 2096 2056
3 2098 2095 2096
3 2099 2046 2047
3 2099 2047 2061
3 2099 2064 2046
3 2099 2061 2060
3 2100 2060 2062
3 2100 2064 2099
3 2100 2099 2060
3 2100 2062 2067
3 2101 2063 2064
3 2102 2101 2064
3 2102 2064 2100
3 2102 2100 2067
3 2103 2101 2102
3 2103 2102 2067
3 2104 2066 2063
3 2104 2101 2103
3 2104 2063 2101
3 2105 2103 2067
3 2105 2104 2103
3 2105 2067 2069
3 2105 2066 2104
3 2106 2105 2069
3 2106 2066 2105
3 2106 2065 2066
3 2107 2065 2106
3 2107 2068 2065
3 2108 2107 2106
3 2108 2106 2069
3 2109 2107 2108
3 2109 2108 2069
3 2110 2045 2068
3 2110 2068 2071
3 2110 2071 2070
3 2110 2070 2045
3 2111 2071 2068
3 2112 2107 2109
3 2112 2068 2107
3 2112 2111 2068
3 2113 2112 2109
3 2113 2069 2075
3 2113 2109 2069
3 2114 2072 2071
3 2114 2071 2111
3 2114 2112 2113
3 2114 2075 2072
3 2114 2111 2112
3 2114 2113 2075
3 2115 2070 2073
3 2115 2073 2078
3 2115 2078 2045
3 2115 2045 2070
3 2116 2069 2036
3 2116 2074 2075
3 2116 2075 2069
3 2116 2036 2074
3 2117 2073 2072
3 2117 2072 2076
3 2118 2078 2073
3 2118 2073 2117
3 2119 2118 2117
3 2120 2076 2080
3 2120 2117 2076
3 2120 2080 2119
3 2120 2119 2117
3 2121 2036 2080
3 2121 2074 2036
3 2121 2076 2074
3 2121 2080 2076
3 2122 2119 2080
3 2122 2118 2119
3 2123 2077 2078
3 2123 2078 2118
3 2123 2118 2122
3 2124 2077 2123
3 2124 2123 2122
3 2125 2080 2079
3 2125 2122 2080
3 2125 2124 2122
3 2126 2077 2124
3 2126 2124 2125
3 2127 2082 2077
3 2127 2077 2126
3 2128 2079 2086
3 2128 2086 2083
3 2128 2083 2082
3 2128 2125 2079
3 2128 2082 2127
3 2128 2126 2125
3 2128 2127 2126
3 2129 2038 2049
3 2129 2049 2092
3 2130 2038 2129
3 2131 2091 2051
3 2131 2092 2091
3 2131 2051 2093
3 2132 2130 2129
3 2133 2039 2038
3 2133 2040 2039
3 2133 2041 2040
3 2133 2038 2130
3 2133 2132 2041
3 2133 2130 2132
3 2134 2092 2131
3 2134 2131 2093
3 2135 2043 2042
3 2135 2044 2043
3 2135 2093 2044
3 2135 2134 2093
3 2136 2134 2135
3 2136 2042 2041
3 2136 2135 2042
3 2136 2129 2092
3 2136 2041 2132
3 2136 2132 2129
3 2136 2092 2134
3 2138 2137 2161
3 2138 2161 2162
3 2155 2170 2171
3 2155 2171 2154
3 2153 2152 2160
3 2172 2141 2140
3 2173 2157 2158
3 2174 2139 2138
3 2174 2162 2163
3 2174 2138 2162
3 2175 2139 2174
3 2176 2163 2164
3 2176 2174 2163
3 2176 2175 2174
3 2177 2140 2139
3 2177 2139 2175
3 2177 2172 2140
3 2178 2164 2165
3 2178 2176 2164
3 2179 2177 2175
3 2179 2180 2177
3 2179 2175 2176
3 2181 2176 2178
3 2181 2179 2176
3 2181 2180 2179
3 2182 2181 2178
3 2183 2165 2166
3 2183 2182 2178
3 2183 2178 2165
3 2184 2172 2177
3 2184 2177 2180
3 2185 2166 2167
3 2185 2183 2166
3 2186 2184 2180
3 2187 2142 2141
3 2187 2143 2142
3 2187 2184 2186
3 2187 2141 2172
3 2187 2172 2184
3 2188 2182 2183
3 2189 2182 2188
3 2189 2190 2180
3 2189 2181 2182
3 2189 2180 2181
3 2191 2188 2183
3 2191 2183 2185
3 2191 2189 2188
3 2192 2187 2186
3 2192 2186 2180
3 2193 2189 2191
3 2193 2191 2185
3 2194 2155 2156
3 2194 2167 2168
3 2194 2168 2169
3 2194 2169 2170
3 2194 2185 2167
3 2194 2170 2155
3 2195 2194 2156
3 2195 2193 2185
3 2195 2185 2194
3 2196 2143 2187
3 2196 2187 2192
3 2197 2144 2143
3 2197 2145 2144
3 2197 2146 2145
3 2197 2147 2146
3 2197 2143 2196
3 2198 2192 2180
3 2198 2196 2192
3 2199 2193 2195
3 2199 2156 2157
3 2199 2190 2189
3 2199 2189 2193
3 2199 2195 2156
3 2199 2157 2173
3 2199 2173 2190
3 2200 2198 2180
3 2201 2200 2180
3 2201 2180 2190
3 2202 2196 2198
3 2202 2148 2147
3 2202 2147 2197
3 2202 2197 2196
3 2202 2198 2200
3 2203 2200 2201
3 2204 2149 2148
3 2204 2148 2202
3 2204 2200 2203
3 2204 2202 2200
3 2205 2203 2201
3 2206 2158 2159
3 2206 2173 2158
3 2206 2201 2190
3 2206 2190 2173
3 2207 2205 2201
3 2207 2201 2206
3 2208 2150 2149
3 2208 2149 2204
3 2208 2204 2203
3 2208 2205 2207
3 2208 2203 2205
3 2209 2206 2159
3 2209 2207 2206
3 2210 2208 2207
3 2210 2207 2209
3 2211 2160 2152
3 2211 2159 2160
3 2211 2209 2159
3 2211 2210 2209
3 2212 2211 2152
3 2212 2151 2150
3 2212 2152 2151
3 2212 2150 2208
3 2212 2208 2210
3 2212 2210 2211
3 2223 2213 2214
3 2224 2214 2215
3 2224 2223 2214
3 2225 2215 2216
3 2225 2224 2215
3 2226 2225 2216
3 2227 2216 2217
3 2227 2226 2216
3 2228 2217 2218
3 2228 2227 2217
3 2229 2218 2219
3 2229 2228 2218
3 2230 2219 2220
3 2230 2220 2221
3 2230 2229 2219
3 2222 2230 2221
3 2258 2232 2231
3 2258 2233 2232
3 2240 2237 2236
3 2240 2238 2237
3 2240 2239 2238
3 2251 2268 2250
3 2252 2268 2251
3 2256 2248 2255
3 2257 2248 2256
3 2249 2248 2257
3 2269 2234 2233
3 2269 2235 2234
3 2269 2236 2235
3 2269 2258 2259
3 2269 2233 2258
3 2269 2240 2236
3 2270 2243 2242
3 2271 2245 2244
3 2271 2263 2264
3 2272 2247 2246
3 2272 2266 2267
3 2273 2268 2252
3 2273 2255 2248
3 2273 2248 2247
3 2273 2252 2253
3 2273 2253 2254
3 2273 2254 2255
3 2273 2267 2268
3 2273 2272 2267
3 2273 2247 2272
3 2274 2241 2240
3 2274 2240 2269
3 2274 2269 2259
3 2275 2259 2260
3 2275 2274 2259
3 2276 2274 2275
3 2276 2241 2274
3 2277 2241 2276
3 2277 2276 2275
3 2278 2241 2277
3 2278 2242 2241
3 2278 2260 2261
3 2278 2270 2242
3 2278 2261 2270
3 2278 2277 2275
3 2278 2275 2260
3 2279 2261 2262
3 2279 2243 2270
3 2279 2270 2261
3 2280 2262 2263
3 2280 2279 2262
3 2281 2279 2280
3 2281 2244 2243
3 2281 2271 2244
3 2281 2263 2271
3 2281 2280 2263
3 2281 2243 2279
3 2282 2245 2271
3 2282 2264 2265
3 2282 2271 2264
3 2283 2246 2245
3 2283 2265 2266
3 2283 2272 2246
3 2283 2266 2272
3 2283 2245 2282
3 2283 2282 2265
3 2311 2284 2285
3 2311 2285 2286
3 2293 2288 2289
3 2293 2289 2290
3 2293 2290 2291
3 2293 2291 2292
3 2304 2303 2320
3 2305 2304 2320
3 2306 2305 2320
3 2308 2307 2301
3 2309 2308 2301
3 2310 2309 2301
3 2302 2310 2301
3 2321 2286 2287
3 2321 2287 2288
3 2321 2293 2294
3 2321 2312 2311
3 2321 2311 2286
3 2321 2288 2293
3 2322 2294 2295
3 2322 2313 2312
3 2322 2321 2294
3 2322 2312 2321
3 2323 2322 2295
3 2323 2295 2296
3 2323 2314 2313
3 2323 2313 2322
3 2324 2296 2297
3 2324 2315 2314
3 2324 2323 2296
3 2324 2314 2323
3 2325 2297 2298
3 2325 2298 2299
3 2325 2316 2315
3 2325 2317 2316
3 2325 2315 2324
3 2325 2324 2297
3 2326 2299 2300
3 2326 2318 2317
3 2326 2325 2299
3 2326 2317 2325
3 2327 2306 2320
3 2327 2301 2307
3 2327 2300 2301
3 2327 2307 2306
3 2327 2319 2318
3 2327 2320 2319
3 2327 2326 2300
3 2327 2318 2326
3 2346 2328 2329
3 2346 2329 2330
3 2346 2330 2331
3 2346 2331 2332
3 2346 2332 2333
3 2346 2333 2334
3 2346 2334 2335
3 2346 2335 2336
3 2346 2336 2337
3 2347 2339 2338
3 2347 2340 2339
3 2347 2341 2340
3 2347 2342 2341
3 2347 2343 2342
3 2347 2344 2343
3 2347 2345 2344
3 2347 2337 2345
3 2347 2338 2328
3 2347 2328 2346
3 2347 2346 2337
3 2359 2348 2349
3 2359 2349 2350
3 2359 2358 2348
3 2360 2350 2351
3 2360 2359 2350
3 2361 2351 2352
3 2361 2360 2351
3 2362 2361 2352
3 2363 2352 2353
3 2363 2362 2352
3 2364 2353 2354
3 2364 2363 2353
3 2365 2354 2355
3 2365 2355 2356
3 2365 2364 2354
3 2357 2365 2356
3 2392 2366 2367
3 2392 2367 2368
3 2375 2371 2372
3 2375 2372 2373
3 2375 2373 2374
3 2385 2384 2400
3 2386 2385 2400
3 2390 2389 2382
3 2391 2390 2382
3 2383 2391 2382
3 2401 2368 2369
3 2401 2369 2370
3 2401 2370 2371
3 2401 2375 2376
3 2401 2393 2392
3 2401 2392 2368
3 2401 2371 2375
3 2402 2376 2377
3 2402 2394 2393
3 2402 2401 2376
3 2402 2393 2401
3 2403 2395 2394
3 2403 2402 2377
3 2403 2394 2402
3 2404 2379 2380
3 2405 2382 2389
3 2405 2381 2382
3 2405 2387 2386
3 2405 2388 2387
3 2405 2389 2388
3 2405 2400 2399
3 2405 2386 2400
3 2406 2403 2377
3 2406 2377 2378
3 2406 2396 2395
3 2406 2395 2403
3 2407 2396 2406
3 2407 2406 2378
3 2408 2378 2379
3 2408 2397 2396
3 2408 2379 2404
3 2408 2407 2378
3 2408 2404 2397
3 2408 2396 2407
3 2409 2398 2397
3 2409 2404 2380
3 2409 2397 2404
3 2410 2409 2380
3 2410 2380 2381
3 2410 2399 2398
3 2410 2398 2409
3 2410 2381 2405
3 2410 2405 2399
3 2477 2412 2411
3 2477 2411 2419
3 2478 2413 2412
3 2478 2412 2477
3 2479 2414 2413
3 2479 2413 2478
3 2480 2415 2414
3 2480 2414 2479
3 2481 2416 2415
3 2481 2415 2480
3 2482 2417 2416
3 2482 2418 2417
3 2482 2452 2418
3 2482 2416 2481
3 2483 2419 2420
3 2483 2477 2419
3 2484 2478 2477
3 2484 2477 2483
3 2485 2479 2478
3 2485 2478 2484
3 2486 2479 2485
3 2486 2480 2479
3 2487 2480 2486
3 2487 2481 2480
3 2488 2452 2482
3 2488 2482 2481
3 2488 2453 2452
3 2488 2481 2487
3 2489 2420 2421
3 2489 2483 2420
3 2490 2484 2483
3 2490 2483 2489
3 2491 2484 2490
3 2491 2485 2484
3 2492 2486 2485
3 2492 2485 2491
3 2493 2487 2486
3 2493 2486 2492
3 2494 2488 2487
3 2494 2454 2453
3 2494 2453 2488
3 2494 2487 2493
3 2495 2421 2422
3 2495 2489 2421
3 2496 2489 2495
3 2496 2490 2489
3 2497 2490 2496
3 2497 2491 2490
3 2498 2491 2497
3 2498 2492 2491
3 2499 2493 2492
3 2499 2492 2498
3 2500 2455 2454
3 2500 2493 2499
3 2500 2454 2494
3 2500 2494 2493
3 2501 2422 2423
3 2501 2495 2422
3 2502 2495 2501
3 2502 2496 2495
3 2503 2497 2496
3 2503 2496 2502
3 2504 2498 2497
3 2504 2497 2503
3 2505 2498 2504
3 2505 2499 2498
3 2506 2499 2505
3 2506 2500 2499
3 2506 2456 2455
3 2506 2455 2500
3 2507 2423 2424
3 2507 2424 2425
3 2507 2501 2423
3 2508 2502 2501
3 2508 2503 2502
3 2508 2501 2507
3 2509 2503 2508
3 2510 2504 2503
3 2510 2503 2509
3 2511 2505 2504
3 2511 2504 2510
3 2512 2505 2511
3 2512 2506 2505
3 2512 2456 2506
3 2512 2457 2456
3 2512 2458 2457
3 2513 2507 2425
3 2514 2508 2507
3 2514 2507 2513
3 2515 2509 2508
3 2515 2508 2514
3 2516 2509 2515
3 2516 2510 2509
3 2517 2511 2510
3 2517 2510 2516
3 2518 2512 2511
3 2518 2458 2512
3 2518 2511 2517
3 2519 2425 2426
3 2519 2513 2425
3 2520 2513 2519
3 2520 2514 2513
3 2521 2514 2520
3 2521 2515 2514
3 2522 2516 2515
3 2522 2515 2521
3 2523 2516 2522
3 2523 2517 2516
3 2524 2459 2458
3 2524 2458 2518
3 2524 2518 2517
3 2524 2517 2523
3 2525 2426 2427
3 2525 2519 2426
3 2526 2519 2525
3 2526 2520 2519
3 2527 2521 2520
3 2527 2520 2526
3 2528 2522 2521
3 2528 2521 2527
3 2529 2522 2528
3 2529 2523 2522
3 2530 2460 2459
3 2530 2459 2524
3 2530 2524 2523
3 2530 2523 2529
3 2531 2526 2525
3 2531 2427 2428
3 2531 2525 2427
3 2532 2526 2531
3 2533 2526 2532
3 2533 2527 2526
3 2534 2528 2527
3 2534 2527 2533
3 2535 2529 2528
3 2535 2528 2534
3 2536 2529 2535
3 2536 2461 2460
3 2536 2460 2530
3 2536 2530 2529
3 2537 2428 2429
3 2537 2531 2428
3 2538 2531 2537
3 2538 2533 2532
3 2538 2532 2531
3 2539 2533 2538
3 2540 2534 2533
3 2540 2535 2534
3 2540 2533 2539
3 2541 2535 2540
3 2542 2535 2541
3 2542 2462 2461
3 2542 2461 2536
3 2542 2536 2535
3 2543 2537 2429
3 2543 2429 2430
3 2543 2538 2537
3 2544 2538 2543
3 2545 2539 2538
3 2545 2538 2544
3 2546 2540 2539
3 2546 2539 2545
3 2547 2541 2540
3 2547 2540 2546
3 2548 2542 2541
3 2548 2462 2542
3 2548 2541 2547
3 2548 2463 2462
3 2549 2430 2431
3 2549 2543 2430
3 2549 2544 2543
3 2550 2544 2549
3 2551 2546 2545
3 2551 2544 2550
3 2551 2545 2544
3 2552 2546 2551
3 2553 2547 2546
3 2553 2546 2552
3 2554 2548 2547
3 2554 2463 2548
3 2554 2464 2463
3 2554 2547 2553
3 2555 2431 2432
3 2555 2432 2433
3 2555 2549 2431
3 2556 2550 2549
3 2556 2549 2555
3 2557 2551 2550
3 2557 2552 2551
3 2557 2550 2556
3 2558 2552 2557
3 2559 2553 2552
3 2559 2552 2558
3 2560 2553 2559
3 2560 2465 2464
3 2560 2464 2554
3 2560 2554 2553
3 2561 2555 2433
3 2561 2556 2555
3 2562 2556 2561
3 2563 2557 2556
3 2563 2556 2562
3 2564 2557 2563
3 2564 2558 2557
3 2565 2559 2558
3 2565 2560 2559
3 2565 2558 2564
3 2566 2466 2465
3 2566 2465 2560
3 2566 2560 2565
3 2567 2433 2434
3 2567 2561 2433
3 2568 2561 2567
3 2568 2562 2561
3 2569 2562 2568
3 2569 2563 2562
3 2570 2563 2569
3 2570 2564 2563
3 2571 2564 2570
3 2571 2565 2564
3 2572 2565 2571
3 2572 2467 2466
3 2572 2466 2566
3 2572 2566 2565
3 2573 2434 2435
3 2573 2567 2434
3 2574 2567 2573
3 2574 2568 2567
3 2575 2569 2568
3 2575 2568 2574
3 2576 2570 2569
3 2576 2569 2575
3 2577 2571 2570
3 2577 2570 2576
3 2578 2572 2571
3 2578 2468 2467
3 2578 2571 2577
3 2578 2467 2572
3 2579 2435 2436
3 2579 2573 2435
3 2580 2573 2579
3 2580 2574 2573
3 2581 2575 2574
3 2581 2574 2580
3 2582 2576 2575
3 2582 2577 2576
3 2582 2575 2581
3 2583 2577 2582
3 2584 2578 2577
3 2584 2468 2578
3 2584 2577 2583
3 2584 2469 2468
3 2585 2436 2437
3 2585 2579 2436
3 2586 2580 2579
3 2586 2579 2585
3 2587 2581 2580
3 2587 2580 2586
3 2588 2582 2581
3 2588 2583 2582
3 2588 2581 2587
3 2589 2583 2588
3 2590 2583 2589
3 2590 2584 2583
3 2590 2469 2584
3 2590 2470 2469
3 2591 2437 2438
3 2591 2438 2439
3 2591 2585 2437
3 2592 2585 2591
3 2592 2586 2585
3 2593 2587 2586
3 2593 2586 2592
3 2594 2588 2587
3 2594 2587 2593
3 2595 2589 2588
3 2595 2588 2594
3 2596 2471 2470
3 2596 2590 2589
3 2596 2470 2590
3 2596 2589 2595
3 2597 2591 2439
3 2598 2591 2597
3 2598 2592 2591
3 2598 2593 2592
3 2599 2593 2598
3 2600 2594 2593
3 2600 2595 2594
3 2600 2593 2599
3 2601 2595 2600
3 2602 2472 2471
3 2602 2471 2596
3 2602 2596 2595
3 2602 2595 2601
3 2603 2439 2440
3 2603 2597 2439
3 2604 2597 2603
3 2604 2598 2597
3 2605 2598 2604
3 2605 2599 2598
3 2606 2599 2605
3 2606 2600 2599
3 2607 2600 2606
3 2607 2601 2600
3 2608 2602 2601
3 2608 2601 2607
3 2608 2473 2472
3 2608 2472 2602
3 2609 2440 2441
3 2609 2603 2440
3 2610 2604 2603
3 2610 2603 2609
3 2611 2606 2605
3 2611 2604 2610
3 2611 2605 2604
3 2612 2606 2611
3 2613 2607 2606
3 2613 2606 2612
3 2614 2473 2608
3 2614 2474 2473
3 2614 2608 2607
3 2614 2607 2613
3 2615 2609 2441
3 2615 2441 2442
3 2616 2610 2609
3 2616 2609 2615
3 2617 2611 2610
3 2617 2610 2616
3 2618 2612 2611
3 2618 2611 2617
3 2619 2612 2618
3 2619 2613 2612
3 2620 2614 2613
3 2620 2474 2614
3 2620 2613 2619
3 2620 2475 2474
3 2621 2442 2443
3 2621 2443 2444
3 2621 2444 2445
3 2621 2445 2446
3 2621 2615 2442
3 2622 2616 2615
3 2622 2617 2616
3 2622 2615 2621
3 2622 2621 2446
3 2623 2446 2447
3 2623 2618 2617
3 2623 2617 2622
3 2623 2622 2446
3 2624 2447 2448
3 2624 2623 2447
3 2624 2618 2623
3 2625 2448 2449
3 2625 2619 2618
3 2625 2624 2448
3 2625 2618 2624
3 2626 2449 2450
3 2626 2450 2451
3 2626 2620 2619
3 2626 2475 2620
3 2626 2619 2625
3 2626 2476 2475
3 2626 2451 2476
3 2626 2625 2449
3 2635 2636 2643
3 2634 2643 2642
3 2634 2635 2643
3 2633 2642 2641
3 2633 2634 2642
3 2632 2641 2640
3 2632 2633 2641
3 2631 2639 2638
3 2631 2640 2639
3 2631 2632 2640
3 2630 2638 2637
3 2630 2631 2638
3 2629 2637 2627
3 2629 2630 2637
3 2628 2629 2627
3 2645 2671 2644
3 2645 2672 2671
3 2653 2650 2651
3 2653 2651 2652
3 2664 2685 2684
3 2664 2663 2685
3 2662 2670 2661
3 2686 2646 2647
3 2686 2647 2648
3 2686 2648 2649
3 2687 2667 2666
3 2688 2673 2672
3 2688 2674 2673
3 2688 2675 2674
3 2688 2672 2645
3 2689 2645 2646
3 2689 2646 2686
3 2689 2688 2645
3 2690 2675 2688
3 2690 2676 2675
3 2691 2677 2676
3 2691 2676 2690
3 2692 2689 2686
3 2693 2689 2692
3 2693 2690 2688
3 2693 2688 2689
3 2694 2677 2691
3 2694 2678 2677
3 2695 2691 2690
3 2695 2690 2693
3 2695 2692 2696
3 2695 2693 2692
3 2697 2679 2678
3 2697 2678 2694
3 2698 2695 2696
3 2698 2694 2691
3 2698 2691 2695
3 2699 2697 2694
3 2699 2698 2696
3 2699 2694 2698
3 2700 2679 2697
3 2700 2680 2679
3 2701 2697 2699
3 2701 2700 2697
3 2701 2699 2696
3 2702 2700 2701
3 2703 2649 2650
3 2703 2686 2649
3 2703 2653 2654
3 2703 2654 2655
3 2703 2650 2653
3 2704 2692 2686
3 2704 2696 2692
3 2704 2686 2703
3 2705 2680 2700
3 2705 2681 2680
3 2706 2701 2696
3 2706 2702 2701
3 2707 2700 2702
3 2707 2702 2706
3 2707 2706 2708
3 2707 2705 2700
3 2709 2682 2681
3 2709 2681 2705
3 2710 2709 2705
3 2710 2705 2707
3 2710 2707 2708
3 2711 2696 2704
3 2711 2704 2703
3 2712 2682 2709
3 2712 2683 2682
3 2713 2709 2710
3 2713 2710 2708
3 2713 2712 2709
3 2714 2696 2711
3 2715 2712 2713
3 2716 2655 2656
3 2716 2703 2655
3 2716 2711 2703
3 2716 2714 2711
3 2717 2696 2714
3 2718 2706 2696
3 2718 2708 2706
3 2718 2696 2717
3 2719 2656 2657
3 2719 2716 2656
3 2719 2714 2716
3 2719 2717 2714
3 2720 2713 2708
3 2720 2715 2713
3 2721 2712 2715
3 2721 2683 2712
3 2721 2715 2720
3 2721 2720 2687
3 2722 2684 2683
3 2722 2683 2721
3 2722 2664 2684
3 2723 2708 2718
3 2723 2718 2717
3 2724 2708 2723
3 2725 2657 2658
3 2725 2719 2657
3 2725 2717 2719
3 2725 2723 2717
3 2725 2724 2723
3 2726 2665 2664
3 2726 2666 2665
3 2726 2664 2722
3 2726 2687 2666
3 2726 2721 2687
3 2726 2722 2721
3 2727 2708 2724
3 2728 2708 2727
3 2729 2727 2724
3 2729 2658 2659
3 2729 2725 2658
3 2729 2724 2725
3 2730 2687 2728
3 2730 2728 2727
3 2731 2687 2730
3 2732 2729 2659
3 2732 2731 2730
3 2732 2730 2727
3 2732 2659 2660
3 2732 2727 2729
3 2733 2687 2731
3 2733 2668 2667
3 2733 2667 2687
3 2734 2660 2661
3 2734 2732 2660
3 2734 2668 2733
3 2734 2669 2668
3 2734 2670 2669
3 2734 2661 2670
3 2734 2733 2731
3 2734 2731 2732
3 2735 2708 2728
3 2735 2728 2687
3 2735 2720 2708
3 2735 2687 2720
3 2752 2766 2751
3 2759 2749 2758
3 2760 2749 2759
3 2750 2749 2760
3 2767 2737 2736
3 2767 2738 2737
3 2767 2736 2761
3 2768 2739 2738
3 2768 2740 2739
3 2768 2741 2740
3 2768 2742 2741
3 2768 2743 2742
3 2768 2744 2743
3 2768 2738 2767
3 2768 2767 2761
3 2769 2761 2762
3 2769 2744 2768
3 2769 2768 2761
3 2770 2762 2763
3 2771 2746 2745
3 2772 2747 2746
3 2773 2752 2753
3 2773 2753 2754
3 2773 2766 2752
3 2774 2754 2755
3 2774 2755 2756
3 2774 2756 2757
3 2774 2773 2754
3 2775 2749 2748
3 2775 2757 2758
3 2775 2774 2757
3 2775 2758 2749
3 2776 2770 2777
3 2776 2762 2770
3 2776 2769 2762
3 2778 2745 2744
3 2778 2771 2745
3 2778 2777 2771
3 2778 2776 2777
3 2778 2744 2769
3 2778 2769 2776
3 2779 2777 2770
3 2779 2770 2763
3 2780 2779 2763
3 2780 2763 2764
3 2780 2764 2781
3 2780 2781 2782
3 2783 2746 2771
3 2783 2771 2777
3 2784 2764 2765
3 2784 2781 2764
3 2784 2782 2781
3 2785 2747 2772
3 2785 2772 2782
3 2786 2765 2766
3 2786 2773 2774
3 2786 2784 2765
3 2786 2766 2773
3 2787 2748 2747
3 2787 2747 2785
3 2788 2748 2787
3 2788 2775 2748
3 2788 2774 2775
3 2789 2783 2777
3 2789 2777 2779
3 2790 2779 2780
3 2790 2780 2782
3 2790 2789 2779
3 2790 2783 2789
3 2791 2782 2784
3 2791 2785 2782
3 2791 2787 2785
3 2792 2791 2784
3 2792 2788 2787
3 2792 2787 2791
3 2792 2784 2786
3 2793 2786 2774
3 2793 2774 2788
3 2793 2792 2786
3 2793 2788 2792
3 2794 2746 2783
3 2794 2783 2790
3 2794 2772 2746
3 2794 2782 2772
3 2794 2790 2782
3 2821 2801 2802
3 2821 2802 2803
3 2821 2803 2817
3 2822 2823 2821
3 2822 2821 2817
3 2824 2822 2817
3 2824 2804 2822
3 2825 2820 2809
3 2826 2809 2810
3 2826 2810 2811
3 2826 2825 2809
3 2826 2827 2825
3 2828 2808 2807
3 2829 2830 2814
3 2829 2808 2828
3 2829 2831 2830
3 2829 2814 2815
3 2829 2815 2816
3 2829 2816 2808
3 2829 2828 2831
3 2832 2795 2796
3 2832 2796 2797
3 2832 2797 2798
3 2832 2798 2799
3 2832 2799 2800
3 2832 2800 2801
3 2832 2804 2795
3 2832 2823 2822
3 2832 2821 2823
3 2832 2801 2821
3 2832 2822 2804
3 2833 2804 2824
3 2834 2804 2833
3 2835 2805 2804
3 2835 2834 2836
3 2835 2804 2834
3 2835 2836 2837
3 2835 2837 2838
3 2835 2838 2805
3 2839 2817 2818
3 2839 2837 2836
3 2839 2836 2817
3 2840 2837 2839
3 2840 2838 2837
3 2841 2839 2818
3 2841 2840 2839
3 2842 2841 2818
3 2843 2842 2818
3 2843 2844 2842
3 2845 2840 2841
3 2845 2838 2840
3 2845 2841 2842
3 2845 2842 2844
3 2845 2805 2838
3 2846 2843 2818
3 2846 2844 2843
3 2847 2805 2845
3 2847 2845 2844
3 2848 2847 2844
3 2848 2805 2847
3 2849 2805 2848
3 2850 2805 2849
3 2850 2849 2851
3 2852 2806 2805
3 2852 2853 2806
3 2852 2854 2853
3 2852 2805 2850
3 2852 2850 2851
3 2855 2856 2819
3 2857 2856 2855
3 2858 2860 2859
3 2861 2858 2819
3 2862 2806 2853
3 2863 2858 2861
3 2864 2806 2862
3 2865 2864 2860
3 2866 2864 2865
3 2866 2806 2864
3 2867 2869 2868
3 2870 2806 2866
3 2870 2866 2867
3 2871 2819 2820
3 2871 2861 2819
3 2871 2869 2861
3 2872 2868 2869
3 2872 2869 2871
3 2873 2867 2868
3 2873 2870 2867
3 2873 2868 2874
3 2875 2806 2870
3 2875 2870 2873
3 2875 2807 2806
3 2875 2873 2874
3 2876 2872 2871
3 2877 2872 2876
3 2877 2868 2872
3 2877 2874 2868
3 2878 2877 2876
3 2879 2881 2880
3 2882 2879 2820
3 2883 2882 2884
3 2883 2881 2879
3 2883 2879 2882
3 2885 2884 2882
3 2885 2882 2820
3 2885 2820 2825
3 2886 2807 2875
3 2886 2875 2874
3 2887 2807 2886
3 2887 2886 2888
3 2889 2887 2881
3 2890 2884 2885
3 2890 2885 2825
3 2890 2825 2827
3 2891 2807 2887
3 2891 2887 2889
3 2891 2889 2884
3 2892 2884 2890
3 2893 2890 2827
3 2893 2892 2890
3 2894 2828 2807
3 2894 2891 2884
3 2894 2807 2891
3 2895 2827 2826
3 2895 2893 2827
3 2896 2894 2884
3 2896 2831 2828
3 2896 2892 2893
3 2896 2828 2894
3 2896 2884 2892
3 2897 2893 2895
3 2898 2830 2831
3 2898 2831 2896
3 2898 2896 2893
3 2898 2893 2897
3 2899 2830 2898
3 2899 2895 2826
3 2899 2897 2895
3 2899 2898 2897
3 2900 2814 2830
3 2900 2811 2812
3 2900 2812 2813
3 2900 2813 2814
3 2900 2830 2899
3 2900 2899 2826
3 2900 2826 2811
3 2901 2836 2834
3 2901 2834 2833
3 2901 2817 2836
3 2901 2824 2817
3 2901 2833 2824
3 2902 2844 2846
3 2902 2903 2851
3 2902 2848 2844
3 2902 2849 2848
3 2902 2851 2849
3 2904 2818 2819
3 2904 2846 2818
3 2904 2903 2902
3 2904 2819 2856
3 2904 2902 2846
3 2905 2851 2903
3 2905 2852 2851
3 2906 2905 2903
3 2906 2852 2905
3 2907 2852 2906
3 2907 2906 2903
3 2907 2854 2852
3 2908 2853 2854
3 2908 2854 2856
3 2908 2856 2857
3 2908 2857 2853
3 2909 2857 2855
3 2909 2855 2910
3 2911 2855 2819
3 2911 2910 2855
3 2911 2859 2910
3 2912 2853 2857
3 2912 2862 2853
3 2912 2857 2909
3 2913 2859 2911
3 2913 2858 2859
3 2913 2911 2819
3 2913 2819 2858
3 2914 2909 2910
3 2914 2910 2859
3 2915 2909 2914
3 2915 2912 2909
3 2915 2862 2912
3 2916 2914 2859
3 2916 2862 2915
3 2916 2859 2860
3 2916 2915 2914
3 2916 2864 2862
3 2916 2860 2864
3 2917 2865 2860
3 2917 2860 2858
3 2917 2858 2863
3 2918 2869 2867
3 2918 2917 2863
3 2918 2861 2869
3 2918 2863 2861
3 2919 2865 2917
3 2919 2918 2867
3 2919 2867 2866
3 2919 2866 2865
3 2919 2917 2918
3 2920 2876 2871
3 2920 2878 2876
3 2920 2880 2878
3 2920 2820 2879
3 2920 2879 2880
3 2920 2871 2820
3 2921 2877 2878
3 2921 2878 2880
3 2922 2874 2877
3 2922 2886 2874
3 2922 2888 2886
3 2922 2877 2921
3 2923 2880 2881
3 2923 2921 2880
3 2923 2881 2887
3 2923 2888 2922
3 2923 2922 2921
3 2923 2887 2888
3 2924 2883 2884
3 2924 2881 2883
3 2924 2884 2889
3 2924 2889 2881
3 2925 2904 2856
3 2925 2854 2907
3 2925 2907 2903
3 2925 2903 2904
3 2925 2856 2854
3 2960 2927 2926
3 2960 2926 2961
3 2960 2961 2962
3 2963 2962 2964
3 2963 2960 2962
3 2965 2964 2966
3 2965 2963 2964
3 2967 2966 2968
3 2967 2965 2966
3 2969 2967 2968
3 2970 2969 2968
3 2970 2968 2971
3 2972 2970 2971
3 2973 2933 2932
3 2973 2951 2933
3 2974 2952 2951
3 2974 2953 2952
3 2974 2973 2975
3 2974 2975 2976
3 2974 2976 2977
3 2974 2951 2973
3 2978 2953 2974
3 2978 2954 2953
3 2978 2974 2977
3 2979 2955 2954
3 2979 2956 2955
3 2979 2954 2978
3 2979 2978 2977
3 2980 2964 2962
3 2980 2962 2961
3 2981 2968 2966
3 2981 2971 2968
3 2981 2966 2964
3 2981 2964 2980
3 2982 2983 2971
3 2982 2971 2981
3 2984 2937 2936
3 2985 2960 2963
3 2985 2963 2965
3 2985 2965 2967
3 2986 2982 2984
3 2987 2960 2985
3 2987 2927 2960
3 2988 2985 2967
3 2989 2935 2934
3 2989 2936 2935
3 2989 2984 2936
3 2990 2985 2988
3 2990 2987 2985
3 2991 2984 2989
3 2991 2986 2984
3 2992 2988 2967
3 2993 2990 2988
3 2994 2988 2992
3 2994 2993 2988
3 2995 2982 2986
3 2995 2986 2991
3 2995 2983 2982
3 2996 2994 2992
3 2997 2991 2989
3 2997 2995 2991
3 2997 2989 2934
3 2998 2994 2996
3 2999 3000 3001
3 3002 2934 2945
3 3002 2997 2934
3 3003 2928 2927
3 3003 2927 3000
3 3004 3002 2945
3 3005 3006 3004
3 3007 2928 3003
3 3008 3007 3003
3 3009 3010 3011
3 3012 3007 3008
3 3013 3010 3009
3 3014 3012 3008
3 3015 3013 3009
3 3016 3012 3014
3 3017 3013 3015
3 3017 3015 2945
3 3017 2945 2946
3 3018 3019 3020
3 3021 3017 2946
3 3022 3023 3021
3 3024 2929 2928
3 3024 2928 3019
3 3024 3019 3025
3 3026 3027 3028
3 3029 2929 3024
3 3030 3031 3032
3 3033 2946 2947
3 3033 3034 2946
3 3035 3033 2947
3 3035 3036 3033
3 3037 3035 2947
3 3037 3038 3035
3 3039 2930 2929
3 3039 2929 3040
3 3039 3040 3041
3 3042 2930 3039
3 3043 2930 3042
3 3044 3043 3042
3 3045 2947 2948
3 3045 3046 2947
3 3047 3048 3049
3 3050 2931 2930
3 3050 2930 3047
3 3051 3045 2948
3 3051 3052 3045
3 3053 3047 3049
3 3053 3050 3047
3 3053 3054 3050
3 3055 3051 2948
3 3056 3049 3055
3 3056 3055 2948
3 3057 3049 3056
3 3058 3059 3054
3 3060 2931 3050
3 3060 3050 3054
3 3060 3054 3059
3 3061 3058 3062
3 3063 3064 3059
3 3063 3059 3058
3 3063 3058 3061
3 3065 2931 3060
3 3066 2948 2949
3 3066 3064 3063
3 3066 2949 3064
3 3066 3063 3061
3 3067 3059 3064
3 3067 3060 3059
3 3067 3065 3060
3 3068 2931 3065
3 3068 3065 3067
3 3069 3067 3064
3 3069 3068 3067
3 3070 3069 3071
3 3070 2931 3068
3 3070 3068 3069
3 3072 3071 3073
3 3072 3070 3071
3 3072 2931 3070
3 3072 3073 2931
3 3074 3064 2949
3 3074 3071 3069
3 3074 3069 3064
3 3075 2932 2931
3 3075 3073 3076
3 3075 2931 3073
3 3077 3074 2949
3 3077 3071 3074
3 3078 3073 3071
3 3078 3076 3073
3 3078 3071 3077
3 3079 2932 3075
3 3080 3077 2949
3 3080 3078 3077
3 3081 3079 3075
3 3081 3076 3082
3 3081 3075 3076
3 3083 3079 3081
3 3083 3081 3082
3 3083 2932 3079
3 3084 3076 3078
3 3084 3082 3076
3 3084 3078 3080
3 3085 3083 3082
3 3085 2973 2932
3 3085 3082 2977
3 3085 2975 2973
3 3085 2976 2975
3 3085 2977 2976
3 3085 2932 3083
3 3086 3084 3080
3 3086 3080 2949
3 3087 3082 3084
3 3087 3086 2949
3 3087 2949 2950
3 3087 3084 3086
3 3088 3087 2950
3 3088 2957 2956
3 3088 2958 2957
3 3088 2959 2958
3 3088 2950 2959
3 3088 2977 3082
3 3088 2956 2979
3 3088 2979 2977
3 3088 3082 3087
3 3089 2943 2942
3 3089 2944 2943
3 3089 2926 2944
3 3090 2942 2941
3 3090 3091 3089
3 3090 3089 2942
3 3092 2926 3089
3 3092 3089 3091
3 3092 3091 3090
3 3092 2961 2926
3 3092 2980 2961
3 3093 2940 2939
3 3093 2981 2980
3 3094 2984 2982
3 3094 2938 2937
3 3094 2939 2938
3 3094 2981 3093
3 3094 3093 2939
3 3094 2982 2981
3 3094 2937 2984
3 3095 2983 2995
3 3095 2972 2971
3 3095 2971 2983
3 3096 2992 2967
3 3096 2972 3097
3 3096 2967 2969
3 3096 2969 2970
3 3096 2970 2972
3 3098 3095 2995
3 3098 2972 3095
3 3099 3096 3097
3 3099 2992 3096
3 3100 3097 2972
3 3100 2972 3098
3 3101 2996 2992
3 3101 2992 3099
3 3102 2927 2987
3 3102 2987 2990
3 3102 2990 2993
3 3102 2993 2994
3 3102 2994 2998
3 3103 3098 2995
3 3103 3097 3100
3 3103 3100 3098
3 3104 2927 3102
3 3104 3102 2998
3 3105 2927 3104
3 3105 3001 3000
3 3105 3000 2927
3 3106 3105 3104
3 3106 2998 3107
3 3106 3107 3001
3 3106 3104 2998
3 3106 3001 3105
3 3108 3099 3097
3 3108 3101 3099
3 3109 2998 2996
3 3110 3103 2995
3 3110 2995 2997
3 3110 2997 3002
3 3110 3097 3103
3 3111 3108 3112
3 3111 2996 3101
3 3111 3101 3108
3 3111 3109 2996
3 3113 3111 3112
3 3113 3109 3111
3 3114 3107 2998
3 3114 2998 3109
3 3114 3109 3113
3 3115 3110 3002
3 3115 3097 3110
3 3116 3108 3097
3 3116 3112 3108
3 3116 3097 3115
3 3117 3113 3112
3 3117 3114 3113
3 3118 3112 3116
3 3118 3115 3002
3 3118 3002 3004
3 3118 3116 3115
3 3119 3001 3107
3 3120 3114 3117
3 3120 3117 3112
3 3121 3001 3119
3 3121 2999 3001
3 3122 3114 3120
3 3122 3107 3114
3 3123 3119 3124
3 3123 3121 3119
3 3123 2999 3121
3 3125 3124 3119
3 3125 3107 3122
3 3125 3119 3107
3 3125 3122 3006
3 3126 3123 3124
3 3127 3126 3128
3 3127 3123 3126
3 3129 3124 3125
3 3129 3125 3006
3 3129 3006 3005
3 3130 3128 3126
3 3130 3126 3124
3 3130 3129 3005
3 3130 3124 3129
3 3130 3005 3128
3 3131 3003 3000
3 3131 3008 3003
3 3132 3127 3128
3 3132 3133 3127
3 3132 3134 3133
3 3135 3128 3011
3 3135 3132 3128
3 3135 3011 3010
3 3136 3134 3132
3 3136 3135 3010
3 3136 3132 3135
3 3137 3011 3128
3 3137 3128 3005
3 3138 3136 3010
3 3139 3137 3005
3 3139 3005 3004
3 3139 3004 2945
3 3140 3139 2945
3 3140 3137 3139
3 3141 3137 3140
3 3141 3011 3137
3 3141 3009 3011
3 3142 3138 3143
3 3142 3014 3008
3 3144 3015 3009
3 3144 2945 3015
3 3144 3009 3141
3 3144 3141 3140
3 3144 3140 2945
3 3145 2928 3007
3 3145 3007 3012
3 3146 3138 3010
3 3146 3143 3138
3 3146 3010 3013
3 3147 3012 3016
3 3147 3145 3012
3 3148 2928 3145
3 3148 3145 3147
3 3149 3019 2928
3 3149 3020 3019
3 3149 2928 3148
3 3150 3142 3143
3 3150 3014 3142
3 3150 3143 3146
3 3151 3152 3020
3 3151 3147 3016
3 3151 3148 3147
3 3151 3020 3149
3 3151 3149 3148
3 3151 3016 3152
3 3153 3014 3150
3 3154 3014 3153
3 3154 3016 3014
3 3154 3152 3016
3 3155 3154 3153
3 3155 3153 3156
3 3155 3152 3154
3 3157 3013 3017
3 3157 3017 3021
3 3158 3020 3152
3 3159 3158 3160
3 3159 3018 3020
3 3159 3020 3158
3 3161 3155 3156
3 3162 3155 3161
3 3162 3152 3155
3 3163 3158 3152
3 3163 3160 3158
3 3163 3152 3162
3 3164 3160 3163
3 3164 3163 3162
3 3165 3159 3160
3 3165 3018 3159
3 3166 3018 3165
3 3166 3165 3167
3 3168 3164 3023
3 3168 3023 3022
3 3169 3165 3160
3 3169 3164 3168
3 3169 3167 3165
3 3169 3160 3164
3 3169 3168 3022
3 3169 3022 3167
3 3170 3166 3167
3 3171 3025 3170
3 3172 3170 3167
3 3172 3167 3028
3 3172 3171 3170
3 3173 3025 3171
3 3173 3171 3172
3 3174 3021 2946
3 3174 3022 3021
3 3175 3028 3167
3 3175 3167 3022
3 3175 3022 3174
3 3176 3172 3028
3 3176 3028 3027
3 3176 3173 3172
3 3177 3025 3173
3 3177 3173 3176
3 3177 3176 3027
3 3178 3024 3025
3 3179 3174 2946
3 3179 3028 3175
3 3179 3175 3174
3 3180 3024 3178
3 3181 3026 3028
3 3181 3028 3179
3 3182 3029 3024
3 3182 3183 3029
3 3182 3024 3180
3 3184 2946 3034
3 3184 3179 2946
3 3184 3034 3026
3 3184 3026 3181
3 3184 3181 3179
3 3185 2929 3029
3 3185 3029 3031
3 3186 3187 3034
3 3186 3034 3033
3 3188 3185 3031
3 3188 3031 3030
3 3189 3186 3033
3 3190 2929 3185
3 3190 3188 3030
3 3190 3185 3188
3 3191 3033 3036
3 3191 3189 3033
3 3192 3030 3032
3 3193 3192 3032
3 3193 3191 3036
3 3194 3030 3195
3 3194 3195 3196
3 3194 3190 3030
3 3197 3190 3194
3 3197 2929 3190
3 3197 3194 3196
3 3198 3192 3193
3 3198 3193 3036
3 3199 3192 3198
3 3199 3195 3030
3 3199 3030 3192
3 3200 3198 3036
3 3200 3199 3198
3 3201 3197 3196
3 3202 3197 3201
3 3202 2929 3197
3 3202 3201 3203
3 3202 3040 2929
3 3202 3203 3040
3 3204 3199 3200
3 3204 3200 3036
3 3204 3195 3199
3 3204 3036 3035
3 3204 3035 3038
3 3205 3203 3201
3 3205 3201 3196
3 3205 3196 3195
3 3206 3195 3204
3 3206 3204 3038
3 3207 3208 3205
3 3207 3205 3195
3 3207 3206 3038
3 3207 3195 3206
3 3209 3208 3207
3 3209 3207 3038
3 3209 3038 3037
3 3210 3205 3208
3 3210 3203 3205
3 3211 3203 3210
3 3211 3040 3203
3 3212 3211 3210
3 3213 3040 3211
3 3213 3211 3212
3 3214 3040 3213
3 3215 3213 3212
3 3215 3212 3216
3 3215 3214 3213
3 3215 3216 3217
3 3218 3037 2947
3 3219 3040 3214
3 3219 3041 3040
3 3220 3218 2947
3 3221 3217 3216
3 3222 3220 2947
3 3222 3221 3220
3 3223 3041 3219
3 3224 3046 3225
3 3224 3217 3221
3 3224 3225 3217
3 3224 3221 3222
3 3224 3222 2947
3 3224 2947 3046
3 3226 3225 3227
3 3226 3217 3225
3 3226 3223 3217
3 3228 3226 3227
3 3228 3223 3226
3 3228 3041 3223
3 3229 3041 3228
3 3230 3229 3228
3 3230 3228 3227
3 3231 3229 3230
3 3232 3229 3231
3 3233 3234 3232
3 3235 3236 3042
3 3235 3042 3039
3 3235 3237 3236
3 3235 3039 3234
3 3235 3233 3237
3 3235 3234 3233
3 3238 3046 3045
3 3238 3239 3046
3 3240 3236 3237
3 3241 3237 3238
3 3241 3238 3045
3 3241 3240 3237
3 3242 3236 3240
3 3243 3236 3242
3 3243 3042 3236
3 3243 3052 3044
3 3243 3242 3052
3 3243 3044 3042
3 3244 3242 3240
3 3244 3240 3241
3 3244 3241 3045
3 3244 3052 3242
3 3244 3045 3052
3 3245 3044 3052
3 3245 3043 3044
3 3245 3246 3043
3 3247 2930 3043
3 3247 3043 3246
3 3248 3247 3246
3 3248 3246 3048
3 3249 3247 3248
3 3249 2930 3247
3 3250 3246 3245
3 3250 3245 3052
3 3250 3052 3051
3 3251 3249 3248
3 3251 3248 3048
3 3251 2930 3249
3 3251 3047 2930
3 3251 3048 3047
3 3252 3048 3246
3 3253 3246 3250
3 3253 3250 3051
3 3253 3252 3246
3 3254 3253 3051
3 3254 3252 3253
3 3255 3049 3048
3 3255 3048 3252
3 3255 3055 3049
3 3255 3252 3254
3 3256 3051 3055
3 3256 3254 3051
3 3256 3055 3255
3 3256 3255 3254
3 3257 3053 3049
3 3257 3054 3053
3 3257 3049 3057
3 3257 3057 3062
3 3257 3062 3058
3 3257 3058 3054
3 3258 3056 2948
3 3258 3057 3056
3 3258 3062 3057
3 3258 3061 3062
3 3258 2948 3066
3 3258 3066 3061
3 3259 2940 3093
3 3259 2941 2940
3 3259 3090 2941
3 3259 3092 3090
3 3259 2980 3092
3 3259 3093 2980
3 3260 3127 3133
3 3260 3134 3131
3 3260 2999 3123
3 3260 3123 3127
3 3260 3133 3134
3 3260 3131 3000
3 3260 3000 2999
3 3261 3118 3004
3 3261 3112 3118
3 3261 3122 3120
3 3261 3120 3112
3 3261 3004 3006
3 3261 3006 3122
3 3262 3131 3134
3 3262 3008 3131
3 3262 3134 3136
3 3262 3136 3138
3 3262 3142 3008
3 3262 3138 3142
3 3263 3157 3156
3 3263 3013 3157
3 3263 3146 3013
3 3263 3150 3146
3 3263 3156 3153
3 3263 3153 3150
3 3264 3156 3157
3 3264 3161 3156
3 3264 3162 3161
3 3264 3023 3164
3 3264 3164 3162
3 3264 3021 3023
3 3264 3157 3021
3 3265 3019 3018
3 3265 3025 3019
3 3265 3018 3166
3 3265 3170 3025
3 3265 3166 3170
3 3266 3177 3027
3 3267 3183 3182
3 3267 3182 3268
3 3267 3268 3186
3 3267 3186 3189
3 3269 3183 3267
3 3269 3267 3189
3 3269 3189 3191
3 3270 3029 3183
3 3270 3031 3029
3 3270 3032 3031
3 3270 3183 3269
3 3271 3269 3191
3 3271 3032 3270
3 3271 3270 3269
3 3271 3191 3193
3 3271 3193 3032
3 3272 3210 3208
3 3272 3208 3209
3 3273 3210 3272
3 3274 3209 3037
3 3274 3272 3209
3 3274 3037 3218
3 3274 3273 3272
3 3275 3273 3274
3 3275 3212 3210
3 3275 3216 3212
3 3275 3218 3220
3 3275 3220 3221
3 3275 3221 3216
3 3275 3210 3273
3 3275 3274 3218
3 3276 3214 3215
3 3276 3215 3217
3 3276 3219 3214
3 3276 3217 3223
3 3276 3223 3219
3 3277 3041 3229
3 3277 3039 3041
3 3278 3039 3277
3 3278 3234 3039
3 3278 3232 3234
3 3279 3278 3277
3 3279 3232 3278
3 3279 3277 3229
3 3279 3229 3232
3 3280 3231 3230
3 3281 3230 3227
3 3281 3225 3046
3 3281 3227 3225
3 3281 3280 3230
3 3282 3281 3046
3 3282 3280 3281
3 3282 3046 3239
3 3283 3280 3282
3 3283 3231 3280
3 3283 3282 3239
3 3283 3232 3231
3 3283 3233 3232
3 3284 3239 3238
3 3284 3238 3237
3 3284 3233 3283
3 3284 3283 3239
3 3284 3237 3233
3 3285 3025 3177
3 3285 3178 3025
3 3285 3177 3266
3 3286 3178 3285
3 3286 3180 3178
3 3286 3285 3266
3 3286 3268 3182
3 3286 3182 3180
3 3287 3027 3026
3 3287 3266 3027
3 3287 3034 3187
3 3287 3026 3034
3 3288 3268 3286
3 3288 3266 3287
3 3288 3287 3187
3 3288 3286 3266
3 3288 3186 3268
3 3288 3187 3186
3 3297 3298 3299
3 3297 3306 3305
3 3297 3299 3306
3 3296 3297 3305
3 3295 3305 3304
3 3295 3296 3305
3 3294 3304 3303
3 3294 3295 3304
3 3293 3303 3302
3 3293 3294 3303
3 3292 3302 3301
3 3292 3293 3302
3 3291 3300 3289
3 3291 3301 3300
3 3291 3292 3301
3 3290 3291 3289
3 3333 3307 3308
3 3333 3308 3309
3 3316 3312 3313
3 3316 3313 3314
3 3316 3314 3315
3 3326 3325 3340
3 3327 3326 3340
3 3331 3330 3323
3 3332 3331 3323
3 3324 3332 3323
3 3341 3309 3310
3 3341 3310 3311
3 3341 3311 3312
3 3341 3316 3317
3 3341 3334 3333
3 3341 3333 3309
3 3341 3312 3316
3 3342 3317 3318
3 3342 3335 3334
3 3342 3341 3317
3 3342 3334 3341
3 3343 3318 3319
3 3343 3336 3335
3 3343 3342 3318
3 3343 3335 3342
3 3344 3319 3320
3 3344 3337 3336
3 3344 3338 3337
3 3344 3343 3319
3 3344 3336 3343
3 3345 3320 3321
3 3345 3339 3338
3 3345 3344 3320
3 3345 3338 3344
3 3346 3321 3322
3 3346 3322 3323
3 3346 3328 3327
3 3346 3329 3328
3 3346 3330 3329
3 3346 3340 3339
3 3346 3345 3321
3 3346 3339 3345
3 3346 3327 3340
3 3346 3323 3330
3 3374 3348 3347
3 3374 3349 3348
3 3356 3353 3352
3 3356 3354 3353
3 3356 3355 3354
3 3367 3383 3366
3 3368 3383 3367
3 3371 3364 3370
3 3372 3364 3371
3 3373 3364 3372
3 3365 3364 3373
3 3384 3350 3349
3 3384 3351 3350
3 3384 3352 3351
3 3384 3357 3356
3 3384 3374 3375
3 3384 3349 3374
3 3384 3356 3352
3 3385 3375 3376
3 3385 3357 3384
3 3385 3384 3375
3 3386 3377 3378
3 3387 3362 3361
3 3387 3379 3380
3 3388 3370 3364
3 3388 3364 3363
3 3388 3368 3369
3 3388 3369 3370
3 3388 3381 3382
3 3388 3382 3383
3 3388 3383 3368
3 3389 3357 3385
3 3389 3358 3357
3 3389 3385 3376
3 3390 3358 3389
3 3390 3389 3376
3 3391 3376 3377
3 3391 3390 3376
3 3392 3358 3390
3 3392 3390 3391
3 3393 3359 3358
3 3393 3377 3386
3 3393 3392 3391
3 3393 3386 3359
3 3393 3358 3392
3 3393 3391 3377
3 3394 3386 3378
3 3394 3360 3359
3 3394 3359 3386
3 3395 3378 3379
3 3395 3394 3378
3 3396 3394 3395
3 3396 3360 3394
3 3397 3396 3395
3 3397 3360 3396
3 3397 3395 3379
3 3398 3361 3360
3 3398 3387 3361
3 3398 3397 3379
3 3398 3379 3387
3 3398 3360 3397
3 3399 3363 3362
3 3399 3380 3381
3 3399 3362 3387
3 3399 3387 3380
3 3399 3381 3388
3 3399 3388 3363
3 3418 3401 3400
3 3418 3402 3401
3 3418 3403 3402
3 3418 3404 3403
3 3418 3405 3404
3 3418 3406 3405
3 3418 3407 3406
3 3418 3408 3407
3 3419 3409 3408
3 3419 3410 3411
3 3419 3411 3412
3 3419 3412 3413
3 3419 3413 3414
3 3419 3414 3415
3 3419 3415 3416
3 3419 3416 3417
3 3419 3417 3409
3 3419 3400 3410
3 3419 3418 3400
3 3419 3408 3418
3 3438 3421 3420
3 3438 3422 3421
3 3438 3423 3422
3 3438 3424 3423
3 3438 3425 3424
3 3438 3426 3425
3 3438 3427 3426
3 3438 3428 3427
3 3438 3429 3428
3 3439 3430 3431
3 3439 3431 3432
3 3439 3432 3433
3 3439 3433 3434
3 3439 3434 3435
3 3439 3435 3436
3 3439 3436 3437
3 3439 3437 3429
3 3439 3420 3430
3 3439 3438 3420
3 3439 3429 3438
3 3467 3440 3441
3 3467 3441 3442
3 3467 3442 3443
3 3449 3444 3445
3 3449 3445 3446
3 3449 3446 3447
3 3449 3447 3448
3 3460 3459 3476
3 3461 3460 3476
3 3462 3461 3476
3 3464 3463 3457
3 3465 3464 3457
3 3466 3465 3457
3 3458 3466 3457
3 3477 3443 3444
3 3477 3449 3450
3 3477 3468 3467
3 3477 3467 3443
3 3477 3444 3449
3 3478 3450 3451
3 3478 3469 3468
3 3478 3477 3450
3 3478 3468 3477
3 3479 3469 3478
3 3479 3451 3452
3 3479 3470 3469
3 3479 3471 3470
3 3479 3478 3451
3 3480 3452 3453
3 3480 3472 3471
3 3480 3479 3452
3 3480 3471 3479
3 3481 3453 3454
3 3481 3454 3455
3 3481 3473 3472
3 3481 3480 3453
3 3481 3472 3480
3 3482 3455 3456
3 3482 3474 3473
3 3482 3473 3481
3 3482 3481 3455
3 3483 3462 3476
3 3483 3457 3463
3 3483 3456 3457
3 3483 3463 3462
3 3483 3475 3474
3 3483 3476 3475
3 3483 3482 3456
3 3483 3474 3482
3 3504 3484 3485
3 3504 3505 3484
3 3506 3485 3486
3 3507 3496 3495
3 3508 3506 3486
3 3509 3496 3507
3 3510 3487 3488
3 3511 3513 3512
3 3511 3510 3513
3 3514 3510 3511
3 3514 3487 3510
3 3515 3514 3511
3 3515 3512 3516
3 3515 3511 3512
3 3517 3487 3514
3 3518 3519 3504
3 3518 3521 3520
3 3518 3522 3521
3 3518 3520 3519
3 3523 3522 3518
3 3524 3523 3518
3 3525 3523 3524
3 3526 3523 3525
3 3527 3495 3487
3 3527 3487 3517
3 3528 3518 3504
3 3528 3504 3485
3 3528 3524 3518
3 3529 3527 3530
3 3529 3495 3527
3 3531 3532 3485
3 3531 3485 3506
3 3531 3506 3533
3 3534 3507 3495
3 3534 3495 3535
3 3536 3533 3506
3 3537 3533 3536
3 3538 3533 3537
3 3539 3507 3534
3 3539 3534 3538
3 3539 3537 3536
3 3539 3541 3540
3 3539 3540 3507
3 3539 3538 3537
3 3542 3536 3506
3 3542 3539 3536
3 3542 3541 3539
3 3543 3542 3506
3 3543 3506 3508
3 3544 3545 3509
3 3546 3492 3493
3 3546 3493 3494
3 3546 3494 3484
3 3547 3492 3546
3 3548 3491 3492
3 3548 3492 3547
3 3549 3547 3546
3 3550 3547 3549
3 3550 3548 3547
3 3551 3548 3550
3 3552 3546 3484
3 3552 3549 3546
3 3552 3550 3549
3 3553 3550 3552
3 3553 3551 3550
3 3553 3513 3551
3 3554 3552 3484
3 3554 3553 3552
3 3554 3484 3505
3 3554 3515 3516
3 3555 3514 3515
3 3555 3517 3514
3 3555 3556 3517
3 3557 3517 3556
3 3558 3517 3557
3 3558 3557 3559
3 3558 3527 3517
3 3560 3522 3523
3 3561 3558 3522
3 3561 3522 3560
3 3561 3527 3558
3 3562 3560 3523
3 3562 3523 3526
3 3563 3560 3562
3 3563 3561 3560
3 3563 3527 3561
3 3564 3563 3562
3 3564 3527 3563
3 3565 3530 3527
3 3565 3562 3526
3 3565 3527 3564
3 3565 3564 3562
3 3566 3525 3524
3 3566 3526 3525
3 3566 3530 3565
3 3566 3565 3526
3 3566 3524 3528
3 3567 3530 3566
3 3567 3566 3528
3 3568 3529 3530
3 3568 3530 3567
3 3569 3529 3568
3 3570 3528 3571
3 3572 3529 3569
3 3572 3569 3570
3 3572 3570 3571
3 3573 3528 3485
3 3573 3571 3528
3 3573 3574 3571
3 3575 3572 3571
3 3576 3571 3574
3 3576 3575 3571
3 3577 3578 3529
3 3577 3529 3572
3 3577 3572 3575
3 3579 3573 3485
3 3580 3576 3574
3 3580 3575 3576
3 3580 3578 3577
3 3580 3577 3575
3 3581 3485 3582
3 3581 3579 3485
3 3583 3485 3532
3 3583 3532 3584
3 3583 3582 3485
3 3585 3495 3586
3 3585 3535 3495
3 3585 3587 3535
3 3588 3589 3584
3 3588 3584 3532
3 3590 3589 3588
3 3590 3588 3532
3 3591 3587 3589
3 3591 3589 3590
3 3591 3535 3587
3 3592 3590 3532
3 3592 3591 3590
3 3592 3535 3591
3 3593 3592 3532
3 3593 3532 3531
3 3594 3535 3592
3 3594 3592 3593
3 3594 3593 3531
3 3595 3535 3594
3 3595 3534 3535
3 3596 3594 3531
3 3596 3595 3594
3 3596 3534 3595
3 3597 3531 3533
3 3597 3596 3531
3 3598 3534 3596
3 3598 3596 3597
3 3598 3597 3533
3 3598 3538 3534
3 3598 3533 3538
3 3599 3542 3543
3 3599 3541 3542
3 3600 3540 3541
3 3600 3507 3540
3 3600 3541 3599
3 3601 3599 3543
3 3601 3600 3599
3 3602 3600 3601
3 3603 3604 3544
3 3603 3601 3543
3 3603 3543 3604
3 3605 3507 3600
3 3605 3602 3601
3 3605 3600 3602
3 3605 3603 3544
3 3605 3509 3507
3 3605 3544 3509
3 3605 3601 3603
3 3606 3544 3604
3 3606 3508 3607
3 3606 3607 3545
3 3606 3543 3508
3 3606 3604 3543
3 3606 3545 3544
3 3608 3509 3545
3 3609 3508 3486
3 3610 3496 3509
3 3610 3509 3608
3 3611 3503 3502
3 3611 3486 3503
3 3611 3609 3486
3 3611 3612 3609
3 3613 3611 3502
3 3613 3615 3614
3 3613 3612 3611
3 3613 3614 3612
3 3616 3496 3610
3 3617 3616 3618
3 3619 3497 3496
3 3619 3498 3497
3 3619 3496 3616
3 3619 3617 3498
3 3619 3616 3617
3 3620 3490 3491
3 3620 3548 3551
3 3620 3551 3513
3 3620 3491 3548
3 3620 3513 3510
3 3621 3512 3513
3 3621 3516 3512
3 3621 3513 3553
3 3621 3553 3554
3 3621 3554 3516
3 3622 3515 3554
3 3622 3554 3505
3 3622 3555 3515
3 3623 3624 3622
3 3623 3505 3625
3 3623 3622 3505
3 3623 3627 3626
3 3623 3625 3627
3 3628 3555 3622
3 3628 3622 3624
3 3628 3624 3623
3 3628 3623 3626
3 3628 3556 3555
3 3628 3626 3556
3 3629 3625 3505
3 3629 3627 3625
3 3630 3557 3556
3 3630 3556 3626
3 3630 3627 3629
3 3630 3626 3627
3 3631 3630 3629
3 3631 3557 3630
3 3631 3559 3557
3 3632 3631 3629
3 3632 3559 3631
3 3632 3505 3504
3 3632 3629 3505
3 3633 3504 3519
3 3633 3634 3632
3 3633 3520 3521
3 3633 3632 3504
3 3633 3519 3520
3 3635 3632 3634
3 3636 3634 3633
3 3636 3633 3521
3 3636 3635 3634
3 3636 3521 3522
3 3637 3632 3635
3 3637 3522 3558
3 3637 3635 3636
3 3637 3636 3522
3 3637 3558 3559
3 3637 3559 3632
3 3638 3567 3528
3 3638 3568 3567
3 3638 3569 3568
3 3638 3528 3570
3 3638 3570 3569
3 3639 3580 3574
3 3639 3574 3573
3 3640 3639 3573
3 3641 3639 3640
3 3642 3579 3581
3 3642 3640 3573
3 3642 3641 3640
3 3642 3573 3579
3 3643 3641 3642
3 3644 3642 3581
3 3644 3643 3642
3 3645 3644 3581
3 3645 3582 3646
3 3645 3581 3582
3 3647 3646 3582
3 3647 3582 3583
3 3648 3647 3583
3 3649 3583 3584
3 3649 3648 3583
3 3650 3585 3586
3 3650 3586 3646
3 3651 3585 3650
3 3652 3589 3587
3 3652 3587 3585
3 3652 3585 3651
3 3653 3607 3508
3 3653 3545 3607
3 3653 3608 3545
3 3654 3653 3508
3 3654 3608 3653
3 3655 3656 3608
3 3655 3508 3609
3 3655 3609 3656
3 3655 3654 3508
3 3655 3608 3654
3 3657 3656 3609
3 3658 3608 3656
3 3658 3610 3608
3 3658 3656 3657
3 3659 3657 3609
3 3659 3610 3658
3 3659 3658 3657
3 3660 3659 3609
3 3661 3659 3660
3 3661 3660 3618
3 3661 3618 3616
3 3661 3616 3610
3 3661 3610 3659
3 3662 3609 3612
3 3662 3614 3615
3 3662 3612 3614
3 3662 3660 3609
3 3663 3662 3615
3 3663 3618 3660
3 3663 3660 3662
3 3664 3663 3615
3 3664 3615 3613
3 3665 3663 3664
3 3666 3618 3663
3 3666 3663 3665
3 3666 3665 3617
3 3666 3617 3618
3 3667 3665 3664
3 3667 3617 3665
3 3667 3664 3613
3 3668 3499 3498
3 3668 3500 3499
3 3668 3501 3500
3 3668 3502 3501
3 3668 3617 3667
3 3668 3667 3613
3 3668 3613 3502
3 3668 3498 3617
3 3669 3488 3489
3 3669 3489 3490
3 3669 3490 3620
3 3669 3510 3488
3 3669 3620 3510
3 3670 3580 3639
3 3670 3578 3580
3 3670 3641 3643
3 3670 3639 3641
3 3670 3643 3644
3 3671 3670 3644
3 3672 3671 3644
3 3672 3644 3645
3 3672 3645 3646
3 3672 3646 3586
3 3673 3650 3646
3 3673 3646 3647
3 3673 3651 3650
3 3674 3673 3647
3 3674 3651 3673
3 3674 3647 3648
3 3674 3648 3651
3 3675 3651 3648
3 3675 3652 3651
3 3676 3675 3648
3 3676 3584 3589
3 3676 3589 3652
3 3676 3649 3584
3 3676 3648 3649
3 3676 3652 3675
3 3677 3495 3529
3 3677 3529 3578
3 3677 3578 3670
3 3677 3670 3671
3 3678 3495 3677
3 3678 3677 3671
3 3678 3671 3672
3 3679 3678 3672
3 3679 3672 3586
3 3679 3495 3678
3 3679 3586 3495
3 3681 3680 3709
3 3710 3681 3709
3 3689 3687 3686
3 3689 3688 3687
3 3690 3686 3685
3 3690 3689 3686
3 3702 3726 3701
3 3700 3699 3708
3 3727 3683 3682
3 3727 3684 3683
3 3727 3685 3684
3 3727 3691 3690
3 3727 3690 3685
3 3728 3704 3705
3 3729 3712 3713
3 3729 3713 3714
3 3729 3714 3715
3 3730 3715 3716
3 3730 3716 3717
3 3731 3732 3729
3 3733 3731 3729
3 3733 3715 3730
3 3733 3729 3715
3 3734 3717 3718
3 3734 3730 3717
3 3735 3736 3731
3 3735 3733 3730
3 3735 3731 3733
3 3737 3735 3730
3 3737 3736 3735
3 3737 3730 3734
3 3738 3734 3718
3 3738 3718 3719
3 3739 3734 3738
3 3739 3736 3737
3 3739 3737 3734
3 3740 3719 3720
3 3740 3738 3719
3 3741 3739 3738
3 3741 3736 3739
3 3741 3738 3740
3 3742 3736 3741
3 3742 3741 3740
3 3743 3727 3732
3 3743 3691 3727
3 3743 3692 3691
3 3743 3693 3692
3 3744 3731 3736
3 3744 3743 3732
3 3744 3732 3731
3 3745 3740 3720
3 3745 3720 3721
3 3746 3742 3740
3 3746 3736 3742
3 3747 3748 3746
3 3747 3746 3740
3 3747 3740 3745
3 3749 3693 3743
3 3749 3744 3736
3 3749 3743 3744
3 3750 3721 3722
3 3750 3745 3721
3 3751 3745 3750
3 3751 3747 3745
3 3751 3748 3747
3 3752 3749 3736
3 3753 3694 3693
3 3753 3693 3749
3 3753 3749 3752
3 3754 3751 3750
3 3755 3722 3723
3 3755 3750 3722
3 3756 3752 3736
3 3757 3754 3750
3 3757 3750 3755
3 3758 3756 3736
3 3759 3748 3751
3 3759 3751 3754
3 3759 3754 3757
3 3759 3728 3748
3 3760 3695 3694
3 3760 3756 3695
3 3760 3694 3753
3 3760 3753 3752
3 3760 3752 3756
3 3761 3757 3755
3 3761 3728 3759
3 3761 3759 3757
3 3762 3726 3702
3 3762 3702 3703
3 3762 3723 3724
3 3762 3724 3725
3 3762 3725 3726
3 3762 3755 3723
3 3762 3761 3755
3 3763 3703 3704
3 3763 3762 3703
3 3763 3704 3728
3 3763 3728 3761
3 3763 3761 3762
3 3764 3695 3756
3 3764 3758 3748
3 3764 3756 3758
3 3765 3748 3728
3 3766 3748 3765
3 3766 3764 3748
3 3767 3764 3766
3 3767 3696 3695
3 3767 3695 3764
3 3768 3766 3765
3 3769 3768 3765
3 3769 3765 3728
3 3770 3696 3767
3 3770 3768 3769
3 3770 3766 3768
3 3770 3697 3696
3 3770 3698 3697
3 3770 3767 3766
3 3771 3769 3728
3 3771 3705 3706
3 3771 3728 3705
3 3772 3699 3698
3 3772 3698 3770
3 3772 3770 3769
3 3772 3769 3771
3 3773 3771 3706
3 3773 3699 3772
3 3773 3706 3707
3 3773 3707 3708
3 3773 3772 3771
3 3773 3708 3699
3 3774 3732 3727
3 3774 3682 3681
3 3774 3727 3682
3 3774 3710 3711
3 3774 3711 3712
3 3774 3681 3710
3 3774 3729 3732
3 3774 3712 3729
3 3775 3746 3748
3 3775 3736 3746
3 3775 3748 3758
3 3775 3758 3736
3 3776 3779 3778
3 3777 3779 3776
3 3781 3788 3789
3 3781 3789 3790
3 3781 3790 3791
3 3781 3791 3780
3 3797 3787 3788
3 3797 3788 3781
3 3796 3787 3797
3 3795 3786 3787
3 3795 3787 3796
3 3794 3786 3795
3 3793 3785 3786
3 3793 3786 3794
3 3792 3782 3783
3 3792 3783 3784
3 3792 3784 3785
3 3792 3785 3793
3 3805 3802 3801
3 3805 3803 3802
3 3805 3804 3803
3 3805 3807 3806
3 3805 3808 3807
3 3818 3809 3808
3 3818 3810 3809
3 3818 3811 3810
3 3818 3812 3811
3 3818 3813 3812
3 3818 3814 3813
3 3818 3815 3814
3 3818 3816 3815
3 3818 3817 3816
3 3818 3808 3805
3 3820 3799 3798
3 3820 3800 3799
3 3820 3801 3800
3 3820 3805 3801
3 3819 3818 3805
3 3819 3805 3820
3 3822 3825 3821
3 3823 3824 3825
3 3823 3825 3822
3 3826 3851 3840
3 3827 3850 3851
3 3827 3851 3826
3 3828 3849 3850
3 3828 3850 3827
3 3829 3848 3849
3 3829 3849 3828
3 3830 3848 3829
3 3831 3847 3848
3 3831 3848 3830
3 3832 3846 3847
3 3832 3847 3831
3 3833 3846 3832
3 3834 3845 3846
3 3834 3846 3833
3 3835 3844 3845
3 3835 3845 3834
3 3836 3843 3844
3 3836 3844 3835
3 3837 3842 3843
3 3837 3843 3836
3 3838 3841 3842
3 3838 3842 3837
3 3839 3841 3838
3 3853 3852 3863
3 3853 3863 3873
3 3854 3873 3872
3 3854 3853 3873
3 3855 3872 3871
3 3855 3854 3872
3 3856 3871 3870
3 3856 3855 3871
3 3857 3869 3868
3 3857 3870 3869
3 3857 3856 3870
3 3858 3868 3867
3 3858 3857 3868
3 3859 3867 3866
3 3859 3858 3867
3 3860 3866 3865
3 3860 3859 3866
3 3861 3865 3864
3 3861 3860 3865
3 3862 3861 3864
3 3880 3882 3881
3 3880 3883 3882
3 3880 3884 3883
3 3880 3885 3884
3 3880 3886 3885
3 3880 3887 3886
3 3888 3887 3880
3 3889 3888 3880
3 3890 3889 3880
3 3891 3890 3880
3 3892 3891 3880
3 3895 3893 3892
3 3895 3894 3893
3 3895 3892 3880
3 3896 3895 3880
3 3897 3896 3880
3 3898 3897 3880
3 3899 3879 3898
3 3899 3898 3880
3 3900 3879 3899
3 3878 3900 3901
3 3878 3901 3902
3 3878 3902 3875
3 3878 3879 3900
3 3877 3876 3878
3 3874 3878 3875
3 3874 3877 3878
3 3907 3909 3908
3 3914 3909 3907
3 3906 3914 3907
3 3913 3914 3906
3 3905 3913 3906
3 3912 3913 3905
3 3904 3912 3905
3 3911 3912 3904
3 3903 3911 3904
3 3910 3911 3903
3 3945 3946 3947
3 3948 3930 3931
3 3948 3945 3947
3 3948 3947 3930
3 3949 3920 3919
3 3950 3942 3943
3 3950 3943 3944
3 3950 3920 3949
3 3950 3944 3920
3 3950 3949 3951
3 3952 3950 3951
3 3953 3934 3935
3 3954 3935 3936
3 3954 3955 3956
3 3954 3956 3953
3 3954 3957 3955
3 3954 3953 3935
3 3958 3915 3921
3 3958 3921 3922
3 3959 3922 3923
3 3959 3958 3922
3 3960 3959 3923
3 3961 3958 3959
3 3962 3959 3960
3 3962 3961 3959
3 3963 3962 3960
3 3964 3915 3958
3 3964 3958 3961
3 3965 3964 3961
3 3966 3916 3915
3 3966 3915 3964
3 3967 3968 3969
3 3970 3971 3968
3 3972 3969 3973
3 3972 3967 3969
3 3974 3970 3968
3 3975 3974 3968
3 3975 3968 3967
3 3976 3972 3973
3 3976 3945 3948
3 3976 3977 3978
3 3976 3978 3945
3 3976 3973 3977
3 3979 3967 3972
3 3979 3972 3976
3 3979 3975 3967
3 3980 3916 3966
3 3981 3979 3976
3 3981 3976 3948
3 3982 3917 3916
3 3982 3916 3983
3 3984 3931 3932
3 3984 3985 3931
3 3984 3986 3985
3 3987 3917 3982
3 3987 3982 3988
3 3989 3984 3932
3 3989 3990 3984
3 3991 3918 3917
3 3991 3917 3992
3 3991 3992 3993
3 3994 3995 3996
3 3997 3991 3998
3 3997 3918 3991
3 3999 3918 3997
3 4000 3994 3932
3 4000 3932 3933
3 4001 4000 3933
3 4001 4002 4000
3 4003 3918 4004
3 4005 4001 3933
3 4006 4004 4007
3 4006 4003 4004
3 4008 3919 3918
3 4008 3918 4003
3 4008 4003 4009
3 4010 4005 3933
3 4011 3919 4008
3 4012 4013 4014
3 4015 4016 4013
3 4015 4013 4012
3 4017 3919 4011
3 4017 4011 4018
3 4019 4012 3933
3 4019 4015 4012
3 4020 4017 4018
3 4021 4017 4020
3 4022 4023 4024
3 4025 3933 3934
3 4025 4019 3933
3 4026 3919 4022
3 4027 4022 4024
3 4027 4026 4022
3 4028 4029 4025
3 4028 4025 3934
3 4030 3949 3919
3 4030 3919 4026
3 4031 4032 4028
3 4031 4028 3934
3 4033 4024 4031
3 4034 3949 4030
3 4034 3951 3949
3 4034 4030 4035
3 4036 4031 3934
3 4036 4033 4031
3 4037 4034 4035
3 4038 4036 3934
3 4038 3934 3953
3 4039 4034 4037
3 4040 4034 4039
3 4040 3952 3951
3 4040 3951 4034
3 4041 4037 4035
3 4041 4039 4037
3 4042 3955 4039
3 4042 4038 3953
3 4042 4041 4043
3 4042 4039 4041
3 4042 4043 4038
3 4042 3956 3955
3 4042 3953 3956
3 4044 4039 3955
3 4044 4040 4039
3 4045 3952 4040
3 4045 4040 4044
3 4046 4044 3955
3 4046 3955 3957
3 4046 3957 4045
3 4046 4045 4044
3 4047 3940 3941
3 4047 3941 3942
3 4047 3950 3952
3 4047 4045 3957
3 4047 3942 3950
3 4047 3952 4045
3 4048 3923 3924
3 4048 3924 3925
3 4049 3923 4048
3 4049 3960 3923
3 4050 3925 3926
3 4050 4048 3925
3 4051 4049 4048
3 4052 4048 4050
3 4052 4051 4048
3 4053 3962 3963
3 4054 4055 4056
3 4054 4053 4057
3 4058 4059 4055
3 4058 4055 4054
3 4058 4057 4060
3 4058 4054 4057
3 4061 3947 3946
3 4061 3946 4059
3 4061 4059 4058
3 4061 4058 4060
3 4062 4056 4055
3 4063 3965 4062
3 4064 3965 4063
3 4064 3966 3964
3 4064 3964 3965
3 4065 4066 4067
3 4065 3968 3971
3 4068 3980 3966
3 4069 4066 4065
3 4069 4065 3971
3 4069 4068 4066
3 4069 4070 4068
3 4071 3979 3981
3 4071 3970 3974
3 4071 3975 3979
3 4071 4069 3971
3 4071 4070 4069
3 4071 3974 3975
3 4071 3971 3970
3 4072 4070 4071
3 4072 4071 3981
3 4073 4074 4070
3 4073 4070 4072
3 4075 3981 4076
3 4075 4072 3981
3 4075 4076 4073
3 4075 4073 4072
3 4077 3980 4078
3 4077 3916 3980
3 4079 3916 4077
3 4079 4077 4078
3 4080 4076 4081
3 4080 4073 4076
3 4080 4074 4073
3 4080 4082 4074
3 4080 4083 4082
3 4084 4080 4081
3 4084 4085 4083
3 4084 4083 4080
3 4086 4078 4085
3 4086 4084 4081
3 4086 4085 4084
3 4087 4079 4088
3 4087 3916 4079
3 4089 4088 4079
3 4089 4078 4086
3 4089 4086 4090
3 4089 4079 4078
3 4091 3916 4087
3 4092 4076 3981
3 4092 3981 3948
3 4092 3948 3931
3 4093 3916 4091
3 4094 4076 4092
3 4094 4081 4076
3 4095 4093 4091
3 4096 4094 4092
3 4096 4092 3931
3 4097 4090 4086
3 4097 4086 4081
3 4098 4096 3931
3 4098 4094 4096
3 4099 3931 4100
3 4099 4100 4097
3 4099 4097 4081
3 4099 4081 4094
3 4099 4098 3931
3 4099 4094 4098
3 4101 4102 4103
3 4101 4103 4104
3 4101 3983 3916
3 4101 4104 3983
3 4101 4093 4095
3 4101 3916 4093
3 4101 4095 4102
3 4105 4103 4102
3 4106 4105 4102
3 4106 4102 4107
3 4108 4103 4105
3 4108 4105 4106
3 4109 4100 3931
3 4109 3931 3985
3 4109 3985 4110
3 4111 4108 4106
3 4111 4106 4110
3 4112 4108 4111
3 4113 4103 4108
3 4113 4108 4112
3 4114 4113 4112
3 4115 4114 3985
3 4115 3985 3986
3 4116 4115 3986
3 4117 4116 3986
3 4117 4118 4116
3 4119 4117 3986
3 4120 4121 4119
3 4122 4120 4123
3 4122 3983 4121
3 4122 4121 4120
3 4122 3982 3983
3 4124 3982 4122
3 4124 4122 4123
3 4125 4119 3986
3 4125 4120 4119
3 4125 3986 3984
3 4126 3982 4124
3 4126 3988 3982
3 4127 4123 4120
3 4127 4120 4125
3 4127 4125 3984
3 4128 4123 4127
3 4128 4127 3984
3 4128 3984 3990
3 4129 4124 4123
3 4129 4126 4124
3 4129 4123 4128
3 4129 4128 3990
3 4130 4126 4129
3 4130 3988 4126
3 4130 4129 3990
3 4131 3988 4130
3 4132 3988 4131
3 4132 4131 4133
3 4134 3988 4132
3 4134 3987 3988
3 4135 3987 4134
3 4136 4135 4137
3 4138 3987 4139
3 4138 3917 3987
3 4138 4140 3917
3 4141 4137 4142
3 4141 4136 4137
3 4141 4143 4136
3 4144 4139 4143
3 4144 4143 4141
3 4145 4141 4142
3 4145 4142 4146
3 4145 4146 4144
3 4145 4144 4141
3 4147 3989 3932
3 4147 4148 3989
3 4147 4142 4148
3 4147 4146 4142
3 4149 4150 3992
3 4149 3917 4140
3 4149 3992 3917
3 4151 4146 4147
3 4152 4147 3932
3 4152 4151 4147
3 4153 4151 4152
3 4153 4152 3932
3 4154 4153 3932
3 4154 3932 4155
3 4156 4157 4158
3 4159 4156 4160
3 4161 4155 3932
3 4161 4162 4155
3 4163 3992 4150
3 4163 4150 4159
3 4164 4161 3932
3 4165 4163 4159
3 4166 4165 4159
3 4166 4159 4160
3 4166 4160 4167
3 4168 3992 4163
3 4168 4163 4165
3 4169 4164 3932
3 4169 4170 4164
3 4171 3992 4168
3 4172 4171 4168
3 4173 3996 4167
3 4173 3932 3994
3 4173 3994 3996
3 4173 4169 3932
3 4173 4160 4170
3 4173 4170 4169
3 4173 4167 4160
3 4174 4171 3995
3 4174 3992 4171
3 4174 3993 3992
3 4175 4174 3995
3 4175 3993 4174
3 4176 4175 3995
3 4176 3995 3994
3 4177 3991 3993
3 4177 3993 4178
3 4179 3994 4180
3 4179 4176 3994
3 4179 4181 4176
3 4179 4178 4181
3 4182 4179 4180
3 4182 4177 4178
3 4182 4183 4177
3 4182 4178 4179
3 4184 3991 4177
3 4184 4177 4183
3 4185 3998 3991
3 4185 3991 4184
3 4185 4184 4183
3 4186 3994 4000
3 4186 4180 3994
3 4186 4182 4180
3 4186 4183 4182
3 4187 4186 4000
3 4188 4189 4002
3 4190 4002 4189
3 4190 4189 4191
3 4192 4188 4002
3 4192 4193 4188
3 4194 4193 4192
3 4194 3999 4193
3 4194 4195 3999
3 4196 4192 4002
3 4196 4194 4192
3 4196 4195 4194
3 4197 3918 3999
3 4197 3999 4195
3 4198 4195 4199
3 4198 4197 4195
3 4200 4196 4002
3 4200 4002 4001
3 4201 3918 4197
3 4201 4198 4199
3 4201 4197 4198
3 4202 4199 4195
3 4203 3918 4201
3 4203 4004 3918
3 4204 4200 4001
3 4205 4204 4001
3 4205 4202 4204
3 4206 4199 4202
3 4206 4202 4205
3 4207 4199 4206
3 4208 4205 4001
3 4208 4206 4205
3 4208 4005 4206
3 4208 4001 4005
3 4209 4206 4005
3 4209 4207 4206
3 4210 4007 4004
3 4210 4209 4005
3 4210 4010 4007
3 4210 4005 4010
3 4211 4006 4007
3 4212 4006 4211
3 4213 4009 4003
3 4213 4003 4006
3 4213 4006 4212
3 4213 4212 4214
3 4215 4009 4213
3 4216 4213 4214
3 4216 4215 4213
3 4216 4214 4014
3 4217 4009 4215
3 4217 4215 4216
3 4218 4008 4009
3 4219 4016 4218
3 4219 4013 4016
3 4219 4009 4217
3 4219 4218 4009
3 4220 4014 4013
3 4220 4216 4014
3 4220 4217 4216
3 4220 4013 4219
3 4220 4219 4217
3 4221 4218 4016
3 4221 4008 4218
3 4222 4010 3933
3 4222 4012 4014
3 4222 4214 4010
3 4222 4014 4214
3 4222 3933 4012
3 4223 4221 4016
3 4223 4016 4018
3 4223 4011 4008
3 4223 4018 4011
3 4223 4008 4221
3 4224 4019 4025
3 4224 4016 4015
3 4224 4015 4019
3 4225 4023 4022
3 4225 3919 4017
3 4225 4022 3919
3 4225 4017 4021
3 4225 4021 4023
3 4226 4224 4025
3 4226 4016 4224
3 4227 4226 4025
3 4227 4016 4226
3 4227 4025 4029
3 4228 4016 4227
3 4228 4227 4029
3 4228 4018 4016
3 4228 4020 4018
3 4229 4020 4228
3 4229 4228 4029
3 4229 4021 4020
3 4229 4023 4021
3 4230 4229 4029
3 4230 4028 4032
3 4230 4029 4028
3 4231 4230 4032
3 4231 4023 4229
3 4231 4229 4230
3 4232 4231 4032
3 4232 4023 4231
3 4232 4032 4031
3 4232 4031 4024
3 4232 4024 4023
3 4233 4030 4026
3 4233 4026 4027
3 4233 4027 4024
3 4233 4024 4033
3 4233 4035 4030
3 4234 4233 4033
3 4234 4035 4233
3 4234 4033 4036
3 4234 4036 4038
3 4234 4041 4035
3 4234 4043 4041
3 4234 4038 4043
3 4235 3936 3937
3 4235 3937 3938
3 4235 3938 3939
3 4235 3939 3940
3 4235 4047 3957
3 4235 3957 3954
3 4235 3940 4047
3 4235 3954 3936
3 4236 3926 3927
3 4236 4050 3926
3 4237 3927 3928
3 4237 4236 3927
3 4238 4051 4052
3 4238 4052 4239
3 4238 4049 4051
3 4238 3963 3960
3 4238 3960 4049
3 4238 4053 3963
3 4238 4057 4053
3 4238 4239 4060
3 4238 4060 4057
3 4240 4050 4236
3 4240 4239 4052
3 4240 4236 4237
3 4240 4052 4050
3 4241 3928 3929
3 4241 3929 3930
3 4241 4237 3928
3 4242 4240 4237
3 4242 4237 4241
3 4243 4239 4240
3 4243 4240 4242
3 4243 4242 4241
3 4243 4241 3930
3 4243 3930 3947
3 4243 4060 4239
3 4243 3947 4061
3 4243 4061 4060
3 4244 4056 4062
3 4244 3961 3962
3 4244 4054 4056
3 4244 3965 3961
3 4244 3962 4053
3 4244 4062 3965
3 4244 4053 4054
3 4245 4067 4066
3 4245 4066 4068
3 4245 4068 3966
3 4245 4064 4067
3 4245 3966 4064
3 4246 4064 4063
3 4247 4065 4067
3 4247 4064 4246
3 4247 4067 4064
3 4248 4063 4062
3 4248 3969 4246
3 4248 3946 3945
3 4248 4062 4055
3 4248 4059 3946
3 4248 4055 4059
3 4248 3978 3977
3 4248 3945 3978
3 4248 3973 3969
3 4248 4246 4063
3 4248 3977 3973
3 4249 4246 3969
3 4249 3968 4065
3 4249 4247 4246
3 4249 4065 4247
3 4249 3969 3968
3 4250 4070 4074
3 4250 4068 4070
3 4250 3980 4068
3 4251 4074 4082
3 4251 4250 4074
3 4251 4082 4083
3 4252 3980 4250
3 4252 4085 4078
3 4252 4078 3980
3 4252 4083 4085
3 4252 4250 4251
3 4252 4251 4083
3 4253 4088 4089
3 4253 4087 4088
3 4253 4089 4090
3 4253 4090 4107
3 4254 4087 4253
3 4254 4091 4087
3 4254 4253 4107
3 4255 4107 4102
3 4255 4102 4095
3 4255 4254 4107
3 4255 4091 4254
3 4255 4095 4091
3 4256 4090 4097
3 4256 4107 4090
3 4257 4097 4100
3 4257 4100 4109
3 4257 4256 4097
3 4258 4107 4256
3 4258 4257 4109
3 4258 4256 4257
3 4259 4106 4107
3 4259 4110 4106
3 4259 4109 4110
3 4259 4258 4109
3 4259 4107 4258
3 4260 4103 4113
3 4260 4104 4103
3 4260 4118 4104
3 4261 4112 4111
3 4261 3985 4114
3 4261 4114 4112
3 4261 4111 4110
3 4261 4110 3985
3 4262 4118 4117
3 4262 3983 4104
3 4262 4104 4118
3 4263 4118 4260
3 4263 4113 4114
3 4263 4260 4113
3 4263 4114 4115
3 4263 4115 4116
3 4263 4116 4118
3 4264 4119 4121
3 4264 4262 4117
3 4264 3983 4262
3 4264 4117 4119
3 4264 4121 3983
3 4265 4130 3990
3 4265 4133 4131
3 4265 4131 4130
3 4265 4148 4133
3 4265 3990 3989
3 4265 3989 4148
3 4266 4132 4133
3 4266 4134 4132
3 4266 4137 4135
3 4266 4135 4134
3 4267 4139 3987
3 4267 4135 4136
3 4267 4143 4139
3 4267 4136 4143
3 4267 3987 4135
3 4268 4137 4266
3 4268 4266 4133
3 4268 4133 4148
3 4268 4142 4137
3 4268 4148 4142
3 4269 4139 4144
3 4269 4138 4139
3 4269 4144 4270
3 4271 4138 4269
3 4271 4269 4270
3 4272 4158 4157
3 4272 4157 4140
3 4272 4138 4271
3 4272 4271 4270
3 4272 4140 4138
3 4272 4270 4158
3 4273 4146 4151
3 4273 4151 4153
3 4273 4144 4146
3 4273 4270 4144
3 4274 4153 4154
3 4274 4273 4153
3 4274 4270 4273
3 4275 4149 4140
3 4275 4140 4157
3 4275 4157 4156
3 4276 4162 4158
3 4276 4154 4155
3 4276 4270 4274
3 4276 4158 4270
3 4276 4274 4154
3 4276 4155 4162
3 4277 4149 4275
3 4277 4275 4156
3 4278 4159 4150
3 4278 4156 4159
3 4278 4149 4277
3 4278 4277 4156
3 4278 4150 4149
3 4279 4156 4158
3 4279 4158 4162
3 4279 4162 4161
3 4280 4156 4279
3 4281 4156 4280
3 4282 4279 4161
3 4282 4280 4279
3 4282 4281 4280
3 4282 4161 4164
3 4283 4160 4156
3 4283 4170 4160
3 4283 4156 4281
3 4284 4164 4170
3 4284 4282 4164
3 4284 4281 4282
3 4284 4170 4283
3 4284 4283 4281
3 4285 4165 4166
3 4285 4166 4167
3 4285 4168 4165
3 4285 4172 4168
3 4286 4167 3996
3 4286 3996 3995
3 4286 3995 4171
3 4286 4171 4172
3 4286 4285 4167
3 4286 4172 4285
3 4287 4175 4176
3 4287 4178 3993
3 4287 3993 4175
3 4287 4176 4181
3 4287 4181 4178
3 4288 4185 4183
3 4289 3998 4185
3 4289 4185 4288
3 4289 4288 4290
3 4291 4289 4290
3 4291 3998 4289
3 4292 4290 4191
3 4292 4291 4290
3 4293 4191 4189
3 4293 4292 4191
3 4293 3998 4291
3 4293 4291 4292
3 4294 3997 3998
3 4294 4293 4189
3 4294 3998 4293
3 4295 4188 4193
3 4295 3999 3997
3 4295 3997 4294
3 4295 4193 3999
3 4296 4189 4188
3 4296 4294 4189
3 4296 4188 4295
3 4296 4295 4294
3 4297 4190 4191
3 4298 4191 4290
3 4298 4297 4191
3 4298 4187 4000
3 4298 4290 4187
3 4299 4190 4297
3 4299 4298 4000
3 4299 4297 4298
3 4299 4000 4002
3 4299 4002 4190
3 4300 4195 4196
3 4300 4196 4200
3 4300 4200 4204
3 4300 4204 4202
3 4300 4202 4195
3 4301 4201 4199
3 4301 4199 4207
3 4301 4004 4203
3 4301 4203 4201
3 4301 4210 4004
3 4301 4207 4209
3 4301 4209 4210
3 4302 4007 4010
3 4302 4010 4214
3 4302 4212 4211
3 4302 4211 4007
3 4302 4214 4212
3 4303 4288 4183
3 4303 4290 4288
3 4303 4183 4186
3 4303 4186 4187
3 4303 4187 4290
3 4334 4304 4305
3 4334 4335 4304
3 4336 4335 4334
3 4337 4335 4336
3 4337 4338 4335
3 4339 4341 4340
3 4342 4341 4339
3 4342 4343 4341
3 4344 4343 4342
3 4345 4320 4319
3 4345 4346 4343
3 4345 4343 4344
3 4345 4319 4346
3 4347 4309 4333
3 4347 4348 4309
3 4347 4349 4348
3 4350 4351 4349
3 4350 4349 4347
3 4352 4351 4350
3 4353 4324 4323
3 4354 4356 4355
3 4354 4355 4357
3 4358 4325 4324
3 4358 4326 4325
3 4358 4356 4354
3 4358 4324 4353
3 4358 4359 4356
3 4358 4353 4359
3 4360 4315 4314
3 4361 4362 4338
3 4363 4338 4337
3 4363 4361 4338
3 4364 4336 4334
3 4364 4337 4336
3 4365 4361 4363
3 4366 4339 4340
3 4366 4361 4365
3 4367 4363 4337
3 4367 4337 4364
3 4368 4367 4364
3 4369 4367 4368
3 4370 4365 4363
3 4371 4363 4367
3 4371 4367 4369
3 4371 4370 4363
3 4372 4368 4364
3 4372 4364 4334
3 4373 4370 4371
3 4373 4371 4374
3 4375 4370 4373
3 4375 4373 4374
3 4376 4365 4370
3 4376 4370 4375
3 4376 4339 4366
3 4376 4366 4365
3 4377 4376 4375
3 4378 4339 4376
3 4378 4342 4339
3 4378 4344 4342
3 4379 4378 4376
3 4379 4376 4377
3 4380 4378 4379
3 4380 4344 4378
3 4380 4345 4344
3 4381 4383 4382
3 4384 4305 4306
3 4384 4385 4305
3 4386 4321 4320
3 4386 4320 4387
3 4388 4384 4306
3 4389 4321 4386
3 4390 4392 4391
3 4393 4395 4394
3 4396 4306 4307
3 4396 4397 4306
3 4396 4398 4397
3 4399 4322 4321
3 4399 4321 4400
3 4401 4396 4307
3 4402 4322 4399
3 4403 4405 4404
3 4406 4408 4407
3 4409 4307 4308
3 4410 4409 4308
3 4411 4323 4322
3 4411 4322 4412
3 4413 4308 4309
3 4413 4309 4348
3 4414 4416 4415
3 4417 4323 4411
3 4418 4417 4419
3 4420 4415 4413
3 4420 4413 4348
3 4420 4348 4349
3 4421 4420 4349
3 4421 4349 4351
3 4422 4420 4421
3 4423 4421 4351
3 4423 4422 4421
3 4423 4424 4422
3 4423 4351 4352
3 4425 4424 4423
3 4425 4426 4424
3 4427 4429 4428
3 4430 4355 4431
3 4432 4426 4425
3 4433 4430 4426
3 4433 4426 4432
3 4434 4427 4431
3 4435 4355 4430
3 4435 4430 4433
3 4435 4357 4355
3 4436 4353 4323
3 4437 4431 4355
3 4437 4355 4356
3 4437 4356 4359
3 4437 4434 4431
3 4437 4359 4353
3 4437 4353 4436
3 4437 4436 4434
3 4438 4330 4329
3 4439 4438 4329
3 4440 4329 4328
3 4440 4439 4329
3 4441 4313 4312
3 4441 4335 4338
3 4441 4338 4362
3 4442 4343 4346
3 4442 4315 4360
3 4443 4360 4362
3 4443 4362 4361
3 4443 4366 4340
3 4443 4361 4366
3 4444 4360 4443
3 4444 4442 4360
3 4445 4442 4444
3 4445 4340 4341
3 4445 4341 4343
3 4445 4343 4442
3 4445 4444 4443
3 4445 4443 4340
3 4446 4369 4368
3 4446 4371 4369
3 4446 4374 4371
3 4446 4368 4372
3 4447 4374 4446
3 4447 4446 4372
3 4448 4447 4372
3 4448 4372 4449
3 4450 4372 4334
3 4450 4449 4372
3 4450 4334 4305
3 4451 4374 4447
3 4451 4447 4448
3 4451 4448 4449
3 4451 4449 4452
3 4453 4450 4305
3 4454 4449 4450
3 4454 4450 4453
3 4454 4452 4449
3 4454 4455 4452
3 4456 4377 4375
3 4456 4380 4379
3 4456 4379 4377
3 4456 4375 4374
3 4457 4454 4453
3 4457 4453 4305
3 4457 4455 4454
3 4458 4380 4456
3 4458 4456 4374
3 4459 4374 4451
3 4459 4451 4452
3 4460 4458 4374
3 4460 4374 4459
3 4461 4380 4458
3 4461 4462 4380
3 4461 4458 4460
3 4463 4452 4455
3 4464 4465 4462
3 4464 4459 4465
3 4464 4462 4461
3 4464 4460 4459
3 4464 4461 4460
3 4466 4455 4457
3 4467 4459 4452
3 4467 4465 4459
3 4468 4457 4305
3 4468 4466 4457
3 4469 4470 4463
3 4469 4463 4455
3 4471 4467 4452
3 4471 4452 4463
3 4471 4463 4470
3 4471 4465 4467
3 4472 4468 4305
3 4473 4470 4469
3 4473 4469 4455
3 4474 4468 4472
3 4475 4472 4305
3 4475 4305 4385
3 4475 4382 4383
3 4475 4385 4382
3 4475 4383 4474
3 4475 4474 4472
3 4476 4477 4465
3 4476 4471 4470
3 4476 4465 4471
3 4478 4380 4462
3 4479 4477 4476
3 4479 4476 4470
3 4480 4345 4380
3 4480 4320 4345
3 4480 4380 4478
3 4481 4473 4482
3 4481 4470 4473
3 4483 4479 4470
3 4483 4470 4481
3 4484 4477 4479
3 4484 4483 4485
3 4484 4479 4483
3 4486 4480 4478
3 4486 4320 4480
3 4487 4465 4477
3 4487 4462 4465
3 4487 4478 4462
3 4487 4486 4478
3 4488 4481 4482
3 4488 4485 4483
3 4488 4483 4481
3 4489 4482 4383
3 4489 4488 4482
3 4490 4486 4487
3 4490 4487 4477
3 4490 4320 4486
3 4491 4490 4477
3 4491 4477 4484
3 4491 4484 4485
3 4492 4382 4385
3 4492 4381 4382
3 4492 4385 4493
3 4494 4488 4489
3 4495 4320 4490
3 4495 4490 4491
3 4496 4491 4485
3 4496 4495 4491
3 4496 4320 4495
3 4496 4387 4320
3 4496 4485 4387
3 4497 4381 4492
3 4498 4500 4499
3 4498 4381 4497
3 4501 4498 4497
3 4502 4493 4385
3 4502 4385 4384
3 4503 4493 4502
3 4504 4503 4505
3 4506 4384 4388
3 4507 4506 4508
3 4509 4500 4510
3 4509 4386 4387
3 4511 4505 4512
3 4513 4511 4514
3 4513 4514 4389
3 4513 4389 4386
3 4515 4516 4391
3 4515 4517 4516
3 4518 4516 4508
3 4519 4388 4306
3 4519 4520 4388
3 4521 4519 4306
3 4522 4392 4389
3 4522 4515 4391
3 4522 4389 4514
3 4522 4391 4392
3 4523 4520 4519
3 4523 4519 4521
3 4524 4523 4521
3 4524 4521 4306
3 4524 4525 4523
3 4526 4527 4390
3 4528 4526 4529
3 4528 4527 4526
3 4530 4523 4525
3 4530 4520 4523
3 4531 4528 4520
3 4531 4520 4530
3 4532 4527 4528
3 4532 4528 4531
3 4532 4531 4533
3 4534 4525 4524
3 4535 4534 4524
3 4535 4524 4306
3 4536 4530 4525
3 4536 4533 4531
3 4536 4531 4530
3 4537 4535 4306
3 4538 4389 4392
3 4538 4392 4390
3 4538 4321 4389
3 4539 4533 4536
3 4539 4536 4525
3 4540 4538 4390
3 4541 4535 4537
3 4542 4527 4532
3 4542 4532 4533
3 4543 4306 4397
3 4543 4537 4306
3 4543 4397 4394
3 4543 4541 4537
3 4544 4321 4538
3 4544 4538 4540
3 4545 4546 4542
3 4545 4542 4533
3 4547 4321 4544
3 4547 4544 4540
3 4548 4533 4539
3 4548 4539 4549
3 4550 4545 4533
3 4550 4533 4548
3 4551 4546 4545
3 4551 4550 4552
3 4551 4545 4550
3 4553 4548 4549
3 4553 4549 4395
3 4554 4548 4553
3 4554 4550 4548
3 4554 4552 4550
3 4555 4554 4553
3 4556 4321 4547
3 4556 4557 4546
3 4556 4547 4557
3 4558 4546 4551
3 4558 4551 4552
3 4558 4556 4546
3 4559 4395 4393
3 4559 4553 4395
3 4559 4555 4553
3 4560 4321 4556
3 4560 4556 4558
3 4561 4393 4394
3 4561 4394 4397
3 4561 4397 4398
3 4562 4555 4559
3 4563 4558 4552
3 4563 4560 4558
3 4563 4400 4321
3 4563 4552 4400
3 4563 4321 4560
3 4564 4400 4552
3 4564 4552 4554
3 4564 4554 4555
3 4564 4555 4562
3 4565 4564 4562
3 4565 4562 4559
3 4566 4393 4561
3 4567 4565 4559
3 4567 4393 4566
3 4567 4568 4565
3 4567 4569 4568
3 4567 4559 4393
3 4570 4398 4396
3 4571 4398 4570
3 4572 4396 4401
3 4573 4572 4574
3 4575 4399 4400
3 4576 4578 4577
3 4579 4576 4580
3 4579 4580 4402
3 4579 4402 4399
3 4581 4574 4582
3 4583 4581 4404
3 4584 4401 4307
3 4584 4585 4401
3 4586 4401 4585
3 4587 4584 4307
3 4588 4589 4586
3 4590 4402 4580
3 4590 4404 4405
3 4590 4405 4402
3 4590 4583 4404
3 4591 4585 4584
3 4591 4584 4587
3 4592 4403 4404
3 4593 4587 4307
3 4593 4594 4591
3 4593 4591 4587
3 4595 4588 4586
3 4595 4592 4588
3 4596 4586 4585
3 4596 4595 4586
3 4597 4598 4403
3 4597 4403 4592
3 4597 4592 4595
3 4597 4595 4596
3 4599 4591 4594
3 4599 4585 4591
3 4600 4594 4593
3 4601 4585 4599
3 4601 4596 4585
3 4602 4600 4593
3 4602 4593 4307
3 4603 4597 4596
3 4603 4601 4604
3 4603 4596 4601
3 4603 4598 4597
3 4605 4602 4307
3 4605 4307 4409
3 4605 4407 4408
3 4605 4409 4407
3 4606 4601 4599
3 4606 4604 4601
3 4606 4599 4594
3 4607 4604 4606
3 4607 4606 4594
3 4608 4322 4402
3 4608 4402 4405
3 4609 4603 4604
3 4609 4598 4603
3 4610 4608 4611
3 4610 4322 4608
3 4612 4613 4609
3 4612 4609 4604
3 4614 4604 4607
3 4615 4322 4610
3 4615 4610 4611
3 4616 4612 4604
3 4616 4604 4614
3 4617 4616 4614
3 4618 4619 4613
3 4618 4613 4612
3 4618 4616 4619
3 4618 4612 4616
3 4620 4621 4408
3 4620 4408 4406
3 4622 4619 4616
3 4622 4616 4617
3 4622 4617 4623
3 4622 4624 4619
3 4625 4406 4407
3 4625 4407 4409
3 4626 4322 4615
3 4626 4627 4613
3 4626 4615 4627
3 4628 4623 4620
3 4629 4620 4406
3 4629 4628 4620
3 4630 4613 4619
3 4630 4412 4322
3 4630 4626 4613
3 4630 4322 4626
3 4630 4619 4412
3 4631 4625 4409
3 4631 4632 4625
3 4633 4629 4634
3 4633 4628 4629
3 4635 4406 4625
3 4635 4634 4629
3 4635 4625 4632
3 4635 4629 4406
3 4636 4637 4632
3 4636 4632 4631
3 4636 4410 4637
3 4636 4631 4409
3 4636 4409 4410
3 4638 4411 4412
3 4638 4619 4624
3 4638 4412 4619
3 4639 4633 4634
3 4640 4410 4308
3 4640 4637 4410
3 4640 4416 4637
3 4641 4638 4624
3 4641 4411 4638
3 4642 4634 4643
3 4642 4419 4639
3 4642 4639 4634
3 4644 4416 4640
3 4644 4640 4308
3 4645 4642 4643
3 4646 4411 4641
3 4646 4641 4624
3 4646 4639 4419
3 4646 4417 4411
3 4646 4419 4417
3 4646 4624 4639
3 4647 4632 4637
3 4648 4644 4308
3 4649 4416 4644
3 4649 4415 4416
3 4649 4644 4648
3 4650 4419 4642
3 4650 4418 4419
3 4650 4645 4651
3 4650 4642 4645
3 4650 4652 4418
3 4653 4413 4415
3 4653 4415 4649
3 4653 4648 4308
3 4653 4649 4648
3 4653 4308 4413
3 4654 4637 4416
3 4655 4651 4647
3 4656 4647 4637
3 4656 4655 4647
3 4656 4637 4654
3 4657 4658 4656
3 4657 4656 4654
3 4659 4656 4658
3 4659 4655 4656
3 4660 4416 4414
3 4660 4658 4657
3 4660 4657 4654
3 4660 4654 4416
3 4661 4415 4420
3 4661 4414 4415
3 4662 4663 4658
3 4662 4429 4663
3 4664 4323 4417
3 4664 4417 4418
3 4665 4661 4420
3 4666 4428 4429
3 4666 4429 4662
3 4666 4662 4658
3 4667 4424 4426
3 4667 4422 4424
3 4667 4420 4422
3 4667 4665 4420
3 4667 4426 4665
3 4668 4323 4664
3 4669 4431 4427
3 4669 4427 4428
3 4670 4323 4668
3 4670 4671 4429
3 4670 4668 4671
3 4672 4670 4429
3 4672 4429 4427
3 4673 4431 4669
3 4674 4323 4670
3 4674 4670 4672
3 4675 4426 4430
3 4675 4430 4431
3 4675 4673 4426
3 4675 4431 4673
3 4676 4436 4323
3 4676 4427 4434
3 4676 4434 4436
3 4676 4323 4674
3 4676 4672 4427
3 4676 4674 4672
3 4677 4423 4352
3 4677 4425 4423
3 4677 4432 4425
3 4677 4678 4432
3 4677 4352 4438
3 4677 4438 4439
3 4677 4439 4678
3 4679 4333 4332
3 4679 4352 4350
3 4679 4347 4333
3 4679 4438 4352
3 4679 4350 4347
3 4680 4438 4679
3 4680 4331 4330
3 4680 4332 4331
3 4680 4330 4438
3 4680 4679 4332
3 4681 4433 4432
3 4681 4439 4440
3 4681 4435 4433
3 4681 4357 4435
3 4681 4432 4678
3 4681 4678 4439
3 4681 4440 4357
3 4682 4327 4326
3 4682 4328 4327
3 4682 4440 4328
3 4682 4358 4354
3 4682 4326 4358
3 4682 4354 4357
3 4682 4357 4440
3 4683 4312 4311
3 4683 4441 4312
3 4683 4335 4441
3 4684 4314 4313
3 4684 4313 4441
3 4684 4360 4314
3 4684 4362 4360
3 4684 4441 4362
3 4685 4316 4315
3 4685 4317 4316
3 4685 4318 4317
3 4685 4319 4318
3 4685 4442 4346
3 4685 4315 4442
3 4685 4346 4319
3 4686 4455 4466
3 4686 4473 4455
3 4686 4466 4468
3 4686 4383 4482
3 4686 4468 4474
3 4686 4482 4473
3 4686 4474 4383
3 4687 4489 4383
3 4687 4494 4489
3 4687 4499 4494
3 4687 4498 4499
3 4687 4383 4381
3 4687 4381 4498
3 4688 4485 4488
3 4688 4488 4494
3 4688 4387 4485
3 4689 4688 4494
3 4689 4387 4688
3 4690 4494 4499
3 4690 4689 4494
3 4691 4499 4500
3 4691 4690 4499
3 4691 4387 4689
3 4691 4689 4690
3 4691 4500 4509
3 4691 4509 4387
3 4692 4492 4493
3 4692 4497 4492
3 4692 4501 4497
3 4692 4493 4503
3 4692 4504 4501
3 4692 4503 4504
3 4693 4502 4384
3 4693 4694 4502
3 4693 4384 4506
3 4693 4506 4507
3 4693 4507 4694
3 4695 4510 4500
3 4695 4500 4498
3 4695 4498 4501
3 4695 4501 4504
3 4696 4505 4503
3 4696 4503 4502
3 4696 4502 4694
3 4697 4695 4504
3 4697 4510 4695
3 4698 4697 4504
3 4698 4510 4697
3 4698 4699 4510
3 4698 4504 4505
3 4700 4512 4505
3 4700 4696 4694
3 4700 4505 4696
3 4700 4694 4507
3 4701 4512 4700
3 4701 4700 4507
3 4702 4513 4699
3 4702 4699 4698
3 4702 4698 4505
3 4702 4505 4511
3 4702 4511 4513
3 4703 4507 4508
3 4703 4512 4701
3 4703 4701 4507
3 4703 4517 4512
3 4703 4508 4516
3 4703 4516 4517
3 4704 4699 4513
3 4704 4509 4510
3 4704 4513 4386
3 4704 4386 4509
3 4704 4510 4699
3 4705 4514 4511
3 4705 4511 4512
3 4705 4512 4517
3 4705 4517 4515
3 4705 4515 4522
3 4705 4522 4514
3 4706 4506 4388
3 4706 4508 4506
3 4706 4518 4508
3 4707 4706 4388
3 4708 4518 4706
3 4708 4706 4707
3 4708 4529 4518
3 4709 4528 4529
3 4709 4529 4708
3 4709 4707 4388
3 4709 4708 4707
3 4710 4529 4526
3 4710 4391 4516
3 4710 4390 4391
3 4710 4516 4518
3 4710 4518 4529
3 4710 4526 4390
3 4711 4520 4528
3 4711 4528 4709
3 4711 4709 4388
3 4711 4388 4520
3 4712 4534 4535
3 4713 4525 4534
3 4713 4549 4539
3 4713 4539 4525
3 4713 4534 4712
3 4714 4713 4712
3 4714 4549 4713
3 4715 4540 4390
3 4715 4547 4540
3 4716 4390 4527
3 4716 4527 4542
3 4716 4715 4390
3 4717 4714 4712
3 4717 4712 4535
3 4717 4535 4541
3 4718 4547 4715
3 4718 4542 4546
3 4718 4716 4542
3 4718 4715 4716
3 4718 4546 4557
3 4718 4557 4547
3 4719 4549 4714
3 4719 4714 4717
3 4719 4717 4541
3 4719 4395 4549
3 4720 4719 4541
3 4720 4395 4719
3 4720 4394 4395
3 4720 4543 4394
3 4720 4541 4543
3 4721 4564 4565
3 4721 4565 4568
3 4721 4568 4569
3 4721 4569 4575
3 4721 4575 4400
3 4721 4400 4564
3 4722 4566 4561
3 4722 4723 4566
3 4722 4724 4723
3 4722 4561 4398
3 4725 4398 4571
3 4725 4571 4724
3 4725 4722 4398
3 4725 4724 4722
3 4726 4569 4567
3 4726 4566 4723
3 4726 4567 4566
3 4727 4570 4396
3 4727 4728 4570
3 4729 4723 4724
3 4729 4726 4723
3 4730 4575 4569
3 4730 4569 4726
3 4730 4731 4575
3 4732 4726 4729
3 4732 4730 4726
3 4732 4731 4730
3 4733 4572 4573
3 4733 4396 4572
3 4733 4573 4728
3 4733 4728 4727
3 4733 4727 4396
3 4734 4578 4571
3 4734 4571 4570
3 4734 4570 4728
3 4735 4729 4724
3 4735 4731 4732
3 4735 4732 4729
3 4736 4578 4734
3 4736 4728 4573
3 4736 4734 4728
3 4737 4735 4724
3 4738 4571 4578
3 4738 4724 4571
3 4738 4737 4724
3 4739 4740 4731
3 4739 4731 4735
3 4739 4735 4737
3 4741 4579 4740
3 4741 4738 4578
3 4741 4737 4738
3 4741 4740 4739
3 4741 4739 4737
3 4742 4573 4574
3 4742 4577 4578
3 4742 4578 4736
3 4742 4736 4573
3 4743 4741 4578
3 4743 4578 4576
3 4743 4576 4579
3 4743 4579 4741
3 4744 4399 4575
3 4744 4575 4731
3 4745 4744 4731
3 4745 4731 4740
3 4745 4740 4579
3 4745 4579 4399
3 4745 4399 4744
3 4746 4742 4574
3 4746 4574 4581
3 4746 4747 4577
3 4746 4583 4747
3 4746 4581 4583
3 4746 4577 4742
3 4748 4580 4576
3 4748 4576 4577
3 4749 4590 4580
3 4749 4577 4747
3 4749 4580 4748
3 4749 4747 4583
3 4749 4583 4590
3 4749 4748 4577
3 4750 4572 4401
3 4750 4574 4572
3 4750 4582 4574
3 4750 4589 4582
3 4750 4401 4586
3 4750 4586 4589
3 4751 4581 4582
3 4751 4404 4581
3 4751 4592 4404
3 4752 4582 4589
3 4752 4751 4582
3 4752 4589 4588
3 4752 4588 4592
3 4752 4592 4751
3 4753 4621 4607
3 4753 4607 4594
3 4753 4594 4600
3 4754 4608 4405
3 4754 4611 4608
3 4754 4405 4403
3 4755 4611 4754
3 4755 4754 4403
3 4755 4403 4598
3 4756 4753 4600
3 4756 4605 4408
3 4756 4602 4605
3 4756 4621 4753
3 4756 4408 4621
3 4756 4600 4602
3 4757 4611 4755
3 4757 4615 4611
3 4758 4757 4755
3 4758 4755 4598
3 4759 4758 4598
3 4759 4609 4613
3 4759 4613 4627
3 4759 4598 4609
3 4760 4615 4757
3 4760 4757 4758
3 4760 4759 4627
3 4760 4758 4759
3 4760 4627 4615
3 4761 4607 4621
3 4761 4617 4614
3 4761 4614 4607
3 4762 4617 4761
3 4762 4621 4620
3 4762 4620 4623
3 4762 4623 4617
3 4762 4761 4621
3 4763 4622 4623
3 4763 4624 4622
3 4763 4623 4628
3 4764 4763 4628
3 4764 4624 4763
3 4764 4628 4633
3 4764 4639 4624
3 4764 4633 4639
3 4765 4643 4634
3 4765 4645 4643
3 4765 4635 4632
3 4765 4634 4635
3 4766 4651 4645
3 4766 4645 4765
3 4766 4632 4647
3 4766 4647 4651
3 4766 4765 4632
3 4767 4651 4655
3 4767 4650 4651
3 4767 4652 4650
3 4768 4767 4655
3 4768 4655 4659
3 4768 4652 4767
3 4768 4659 4658
3 4768 4658 4663
3 4768 4663 4652
3 4769 4418 4652
3 4769 4664 4418
3 4769 4668 4664
3 4769 4671 4668
3 4770 4414 4661
3 4770 4660 4414
3 4770 4669 4428
3 4770 4658 4660
3 4770 4428 4666
3 4770 4666 4658
3 4771 4652 4663
3 4771 4671 4769
3 4771 4429 4671
3 4771 4663 4429
3 4771 4769 4652
3 4772 4669 4770
3 4772 4770 4661
3 4773 4772 4661
3 4773 4661 4665
3 4773 4665 4426
3 4773 4669 4772
3 4773 4426 4673
3 4773 4673 4669
3 4774 4310 4304
3 4774 4311 4310
3 4774 4335 4683
3 4774 4304 4335
3 4774 4683 4311
3 4779 4780 4782
3 4778 4779 4782
3 4775 4776 4781
3 4781 4776 4782
3 4776 4777 4782
3 4777 4778 4782
3 4787 4789 4788
3 4790 4784 4783
3 4790 4785 4784
3 4789 4787 4790
3 4787 4786 4790
3 4786 4785 4790
3 4810 4791 4792
3 4810 4793 4791
3 4809 4794 4793
3 4809 4793 4810
3 4808 4795 4794
3 4808 4794 4809
3 4807 4796 4795
3 4807 4795 4808
3 4806 4797 4796
3 4806 4796 4807
3 4805 4798 4797
3 4805 4797 4806
3 4804 4799 4798
3 4804 4798 4805
3 4803 4800 4799
3 4803 4799 4804
3 4802 4801 4800
3 4802 4800 4803
3 4840 4812 4811
3 4840 4813 4812
3 4841 4814 4813
3 4841 4815 4814
3 4841 4813 4840
3 4842 4815 4841
3 4843 4816 4815
3 4843 4815 4842
3 4844 4817 4816
3 4844 4818 4817
3 4844 4816 4843
3 4845 4818 4844
3 4846 4819 4818
3 4846 4818 4845
3 4847 4820 4819
3 4847 4821 4820
3 4847 4819 4846
3 4848 4821 4847
3 4849 4822 4821
3 4849 4821 4848
3 4850 4823 4822
3 4850 4822 4849
3 4851 4823 4850
3 4851 4824 4823
3 4852 4824 4851
3 4852 4825 4824
3 4853 4826 4825
3 4853 4825 4852
3 4854 4827 4826
3 4854 4826 4853
3 4854 4828 4827
3 4855 4828 4854
3 4856 4829 4828
3 4856 4828 4855
3 4857 4830 4829
3 4857 4829 4856
3 4858 4831 4830
3 4858 4830 4857
3 4859 4832 4831
3 4859 4831 4858
3 4860 4833 4832
3 4860 4834 4833
3 4860 4832 4859
3 4861 4834 4860
3 4862 4835 4834
3 4862 4834 4861
3 4863 4836 4835
3 4863 4835 4862
3 4864 4837 4836
3 4864 4836 4863
3 4839 4837 4864
3 4839 4838 4837
3 4865 4881 4874
3 4866 4880 4881
3 4866 4881 4865
3 4867 4879 4880
3 4867 4880 4866
3 4868 4878 4879
3 4868 4879 4867
3 4869 4877 4878
3 4869 4878 4868
3 4870 4876 4877
3 4870 4877 4869
3 4871 4876 4870
3 4872 4875 4876
3 4872 4876 4871
3 4873 4875 4872
3 4891 4890 4889
3 4903 4917 4918
3 4903 4918 4919
3 4903 4919 4902
3 4904 4917 4903
3 4907 4898 4906
3 4899 4898 4907
3 4900 4899 4907
3 4901 4900 4907
3 4920 4886 4885
3 4921 4906 4898
3 4921 4904 4905
3 4921 4905 4906
3 4921 4916 4917
3 4921 4898 4922
3 4921 4922 4916
3 4921 4917 4904
3 4923 4883 4882
3 4923 4882 4908
3 4924 4884 4883
3 4924 4920 4885
3 4924 4885 4884
3 4924 4883 4923
3 4925 4923 4908
3 4925 4920 4924
3 4925 4924 4923
3 4926 4908 4909
3 4926 4925 4908
3 4927 4928 4920
3 4927 4925 4926
3 4927 4920 4925
3 4929 4909 4910
3 4929 4926 4909
3 4930 4928 4927
3 4930 4927 4926
3 4930 4926 4929
3 4931 4929 4910
3 4931 4910 4911
3 4932 4930 4929
3 4932 4929 4931
3 4932 4928 4930
3 4933 4932 4931
3 4934 4887 4886
3 4934 4888 4887
3 4934 4886 4920
3 4935 4911 4912
3 4935 4912 4913
3 4935 4931 4911
3 4935 4933 4931
3 4936 4934 4920
3 4937 4889 4888
3 4937 4892 4891
3 4937 4888 4934
3 4937 4934 4936
3 4937 4891 4889
3 4938 4932 4933
3 4938 4928 4932
3 4939 4933 4935
3 4939 4938 4933
3 4940 4936 4920
3 4940 4920 4928
3 4941 4936 4940
3 4942 4939 4935
3 4942 4943 4938
3 4942 4938 4939
3 4944 4893 4892
3 4944 4892 4937
3 4944 4937 4936
3 4944 4936 4941
3 4945 4943 4942
3 4945 4913 4914
3 4945 4942 4935
3 4945 4935 4913
3 4946 4940 4928
3 4946 4941 4940
3 4946 4944 4941
3 4947 4946 4928
3 4948 4894 4893
3 4948 4893 4944
3 4948 4944 4946
3 4948 4946 4947
3 4949 4947 4928
3 4950 4928 4938
3 4950 4938 4943
3 4950 4949 4928
3 4951 4895 4894
3 4951 4894 4948
3 4951 4948 4947
3 4951 4947 4949
3 4952 4950 4943
3 4952 4949 4950
3 4952 4951 4949
3 4953 4952 4943
3 4954 4896 4895
3 4954 4951 4952
3 4954 4895 4951
3 4954 4952 4953
3 4955 4897 4896
3 4955 4898 4897
3 4955 4896 4954
3 4955 4954 4953
3 4955 4922 4898
3 4955 4953 4943
3 4955 4943 4922
3 4956 4914 4915
3 4956 4915 4916
3 4956 4943 4945
3 4956 4945 4914
3 4956 4916 4922
3 4956 4922 4943
3 5023 4984 4985
3 5023 5016 4984
3 5024 4985 4986
3 5024 5023 4985
3 5025 4986 4987
3 5025 5024 4986
3 5026 5025 4987
3 5026 4987 4988
3 5027 5015 5016
3 5027 5016 5023
3 5028 4988 4989
3 5028 5026 4988
3 5029 5023 5024
3 5029 5027 5023
3 5030 5028 4989
3 5030 4983 4982
3 5030 4989 4990
3 5030 4990 4983
3 5031 5029 5024
3 5031 5024 5025
3 5032 5025 5026
3 5032 5031 5025
3 5033 5015 5027
3 5033 5014 5015
3 5034 5032 5026
3 5034 5026 5028
3 5035 5027 5029
3 5035 5033 5027
3 5036 4982 4981
3 5036 5034 5028
3 5036 5030 4982
3 5036 5028 5030
3 5037 5029 5031
3 5037 5035 5029
3 5038 5031 5032
3 5038 5037 5031
3 5039 5014 5033
3 5039 5013 5014
3 5040 5038 5032
3 5040 5032 5034
3 5041 5039 5033
3 5041 5033 5035
3 5042 4981 4980
3 5042 5036 4981
3 5042 5034 5036
3 5042 5040 5034
3 5043 5035 5037
3 5043 5041 5035
3 5044 5043 5037
3 5044 5037 5038
3 5045 5012 5013
3 5045 5013 5039
3 5046 5044 5038
3 5046 5038 5040
3 5047 5039 5041
3 5047 5045 5039
3 5048 5040 5042
3 5048 5046 5040
3 5048 5042 4980
3 5048 4980 4979
3 5049 5047 5041
3 5049 5041 5043
3 5050 5049 5043
3 5050 5043 5044
3 5051 5011 5012
3 5051 5012 5045
3 5052 5044 5046
3 5052 5050 5044
3 5053 5051 5045
3 5053 5045 5047
3 5054 5048 4979
3 5054 4979 4978
3 5054 5052 5046
3 5054 5046 5048
3 5055 5053 5047
3 5055 5047 5049
3 5056 5049 5050
3 5056 5055 5049
3 5057 5011 5051
3 5057 5010 5011
3 5058 5050 5052
3 5058 5056 5050
3 5059 5051 5053
3 5059 5057 5051
3 5060 5052 5054
3 5060 4978 4977
3 5060 5054 4978
3 5060 5058 5052
3 5061 5053 5055
3 5061 5059 5053
3 5062 5055 5056
3 5062 5061 5055
3 5063 5057 5059
3 5063 5010 5057
3 5063 5009 5010
3 5064 5056 5058
3 5064 5062 5056
3 5065 5063 5059
3 5066 4977 4976
3 5066 5060 4977
3 5066 5058 5060
3 5066 5064 5058
3 5067 5059 5061
3 5067 5065 5059
3 5068 5061 5062
3 5068 5067 5061
3 5069 5009 5063
3 5069 5008 5009
3 5070 5062 5064
3 5070 5068 5062
3 5071 5069 5063
3 5071 5063 5065
3 5072 5070 5064
3 5072 4976 4975
3 5072 5066 4976
3 5072 5064 5066
3 5073 5071 5065
3 5073 5065 5067
3 5073 5067 5068
3 5074 5073 5068
3 5075 5007 5008
3 5075 5008 5069
3 5075 5069 5071
3 5076 5068 5070
3 5076 5074 5068
3 5077 5075 5071
3 5078 4975 4974
3 5078 5070 5072
3 5078 5072 4975
3 5078 5076 5070
3 5079 5071 5073
3 5079 5077 5071
3 5079 5073 5074
3 5080 5079 5074
3 5081 5007 5075
3 5081 5005 5006
3 5081 5006 5007
3 5082 5080 5074
3 5082 5074 5076
3 5082 5076 5078
3 5083 5075 5077
3 5083 5081 5075
3 5084 5082 5078
3 5084 4974 4973
3 5084 5078 4974
3 5085 5083 5077
3 5085 5077 5079
3 5086 5085 5079
3 5086 5079 5080
3 5087 5005 5081
3 5087 5004 5005
3 5088 5086 5080
3 5088 5080 5082
3 5089 5081 5083
3 5089 5083 5085
3 5089 5087 5081
3 5090 5084 4973
3 5090 4973 4972
3 5090 5088 5082
3 5090 5082 5084
3 5091 5085 5086
3 5091 5089 5085
3 5092 5091 5086
3 5093 5004 5087
3 5094 5086 5088
3 5094 5092 5086
3 5095 5087 5089
3 5095 5093 5087
3 5096 4972 4971
3 5096 5090 4972
3 5096 5088 5090
3 5096 5094 5088
3 5097 5095 5089
3 5097 5089 5091
3 5098 5091 5092
3 5098 5097 5091
3 5099 5004 5093
3 5099 5002 5003
3 5099 5003 5004
3 5100 5098 5092
3 5100 5092 5094
3 5101 5093 5095
3 5101 5099 5093
3 5102 4971 4970
3 5102 5094 5096
3 5102 5100 5094
3 5102 5096 4971
3 5103 5095 5097
3 5103 5101 5095
3 5104 5103 5097
3 5104 5097 5098
3 5105 5001 5002
3 5105 5002 5099
3 5106 5098 5100
3 5106 5104 5098
3 5107 5099 5101
3 5107 5105 5099
3 5108 4970 4969
3 5108 5102 4970
3 5108 5100 5102
3 5108 5106 5100
3 5109 5101 5103
3 5109 5107 5101
3 5110 5103 5104
3 5110 5109 5103
3 5111 5001 5105
3 5112 5104 5106
3 5112 5110 5104
3 5113 5111 5105
3 5113 5105 5107
3 5113 5107 5109
3 5114 4969 4968
3 5114 5112 5106
3 5114 5108 4969
3 5114 5106 5108
3 5115 5113 5109
3 5116 5115 5109
3 5116 5109 5110
3 5117 5000 5001
3 5117 5001 5111
3 5118 5116 5110
3 5118 5110 5112
3 5119 5117 5111
3 5119 5111 5113
3 5120 5112 5114
3 5120 4968 4967
3 5120 5114 4968
3 5120 5118 5112
3 5121 5119 5113
3 5121 5113 5115
3 5122 5115 5116
3 5122 5121 5115
3 5123 4999 5000
3 5123 5000 5117
3 5124 5116 5118
3 5124 5122 5116
3 5125 5117 5119
3 5125 5119 5121
3 5125 5123 5117
3 5126 4967 4966
3 5126 5124 5118
3 5126 5120 4967
3 5126 5118 5120
3 5127 5125 5121
3 5128 5122 5124
3 5128 5127 5121
3 5128 5121 5122
3 5129 4999 5123
3 5129 4998 4999
3 5130 5128 5124
3 5131 5125 5127
3 5131 5123 5125
3 5131 5129 5123
3 5132 4966 4965
3 5132 5126 4966
3 5132 5124 5126
3 5132 5130 5124
3 5133 5131 5127
3 5134 5127 5128
3 5134 5133 5127
3 5135 4997 4998
3 5135 4998 5129
3 5136 5134 5128
3 5136 5128 5130
3 5137 5129 5131
3 5137 5135 5129
3 5138 4965 4964
3 5138 5132 4965
3 5138 5130 5132
3 5138 5136 5130
3 5139 5131 5133
3 5139 5137 5131
3 5140 5139 5133
3 5140 5133 5134
3 5141 4996 4997
3 5141 4997 5135
3 5142 5140 5134
3 5142 5134 5136
3 5143 5135 5137
3 5143 5141 5135
3 5144 4963 4962
3 5144 4964 4963
3 5144 5138 4964
3 5144 5136 5138
3 5144 5142 5136
3 5145 5137 5139
3 5145 5143 5137
3 5146 5139 5140
3 5146 5145 5139
3 5147 4995 4996
3 5147 4996 5141
3 5147 5141 5143
3 5148 5146 5140
3 5148 5140 5142
3 5149 5147 5143
3 5150 5148 5142
3 5150 5144 4962
3 5150 5142 5144
3 5151 5149 5143
3 5151 5143 5145
3 5152 5151 5145
3 5152 5145 5146
3 5153 4994 4995
3 5153 4995 5147
3 5154 5146 5148
3 5154 5152 5146
3 5155 5153 5147
3 5155 5147 5149
3 5155 5149 5151
3 5156 4961 4960
3 5156 4962 4961
3 5156 5150 4962
3 5156 5148 5150
3 5156 5154 5148
3 5157 5155 5151
3 5158 5151 5152
3 5158 5157 5151
3 5159 4993 4994
3 5159 4994 5153
3 5160 5154 5156
3 5160 5158 5152
3 5160 5152 5154
3 5161 5153 5155
3 5161 5155 5157
3 5161 5159 5153
3 5162 4960 4959
3 5162 5160 5156
3 5162 5156 4960
3 5163 5161 5157
3 5164 5157 5158
3 5164 5163 5157
3 5165 4993 5159
3 5165 4991 4992
3 5165 4992 4993
3 5165 5159 5161
3 5165 5017 4991
3 5165 5018 5017
3 5166 5158 5160
3 5166 5160 5162
3 5166 5164 5158
3 5167 5165 5161
3 5167 5018 5165
3 5168 5166 5162
3 5168 5162 4959
3 5169 5167 5161
3 5169 5019 5018
3 5169 5020 5019
3 5169 5161 5163
3 5169 5018 5167
3 5170 5163 5164
3 5170 5169 5163
3 5170 5020 5169
3 5171 5164 5166
3 5171 5170 5164
3 5171 5021 5020
3 5171 5020 5170
3 5172 4958 4957
3 5172 4959 4958
3 5172 5168 4959
3 5172 5166 5168
3 5172 5171 5166
3 5172 5022 5021
3 5172 4957 5022
3 5172 5021 5171
3 5222 5189 5190
3 5221 5222 5190
3 5191 5221 5190
3 5223 5188 5189
3 5223 5189 5222
3 5220 5221 5191
3 5224 5187 5188
3 5224 5188 5223
3 5192 5220 5191
3 5219 5220 5192
3 5199 5186 5187
3 5199 5187 5224
3 5193 5219 5192
3 5218 5219 5193
3 5200 5185 5186
3 5200 5186 5199
3 5194 5218 5193
3 5217 5218 5194
3 5201 5184 5185
3 5201 5185 5200
3 5195 5217 5194
3 5216 5217 5195
3 5202 5183 5184
3 5202 5184 5201
3 5196 5215 5216
3 5196 5216 5195
3 5203 5183 5202
3 5182 5183 5203
3 5197 5214 5215
3 5197 5215 5196
3 5181 5182 5203
3 5181 5203 5204
3 5198 5214 5197
3 5198 5213 5214
3 5180 5181 5204
3 5180 5204 5205
3 5173 5213 5198
3 5173 5212 5213
3 5206 5180 5205
3 5179 5180 5206
3 5174 5212 5173
3 5174 5211 5212
3 5178 5206 5207
3 5178 5179 5206
3 5208 5178 5207
3 5175 5210 5211
3 5175 5211 5174
3 5177 5178 5208
3 5176 5177 5208
3 5176 5208 5209
3 5176 5209 5210
3 5176 5210 5175
3 5259 5258 5257
3 5291 5225 5226
3 5291 5233 5225
3 5292 5226 5227
3 5292 5291 5226
3 5293 5227 5228
3 5293 5292 5227
3 5294 5234 5233
3 5294 5233 5291
3 5295 5228 5229
3 5295 5293 5228
3 5296 5291 5292
3 5296 5294 5291
3 5297 5229 5230
3 5297 5295 5229
3 5298 5296 5292
3 5298 5292 5293
3 5299 5235 5234
3 5299 5234 5294
3 5300 5230 5231
3 5300 5231 5232
3 5300 5232 5266
3 5300 5297 5230
3 5301 5293 5295
3 5301 5298 5293
3 5302 5294 5296
3 5302 5299 5294
3 5303 5295 5297
3 5303 5301 5295
3 5304 5302 5296
3 5304 5296 5298
3 5305 5236 5235
3 5305 5235 5299
3 5306 5266 5267
3 5306 5297 5300
3 5306 5300 5266
3 5306 5303 5297
3 5307 5304 5298
3 5307 5298 5301
3 5308 5299 5302
3 5308 5305 5299
3 5309 5301 5303
3 5309 5307 5301
3 5310 5308 5302
3 5310 5302 5304
3 5311 5237 5236
3 5311 5236 5305
3 5312 5267 5268
3 5312 5306 5267
3 5312 5309 5303
3 5312 5303 5306
3 5313 5304 5307
3 5313 5310 5304
3 5314 5305 5308
3 5314 5311 5305
3 5315 5313 5307
3 5315 5307 5309
3 5316 5314 5308
3 5316 5308 5310
3 5317 5237 5311
3 5317 5238 5237
3 5318 5315 5309
3 5318 5309 5312
3 5318 5268 5269
3 5318 5312 5268
3 5319 5316 5310
3 5319 5310 5313
3 5320 5317 5311
3 5320 5311 5314
3 5321 5319 5313
3 5321 5313 5315
3 5322 5320 5314
3 5322 5314 5316
3 5323 5238 5317
3 5323 5239 5238
3 5324 5315 5318
3 5324 5321 5315
3 5324 5318 5269
3 5324 5269 5270
3 5325 5316 5319
3 5325 5322 5316
3 5326 5323 5317
3 5326 5317 5320
3 5327 5319 5321
3 5327 5325 5319
3 5328 5320 5322
3 5328 5326 5320
3 5329 5239 5323
3 5329 5240 5239
3 5330 5321 5324
3 5330 5324 5270
3 5330 5327 5321
3 5330 5270 5271
3 5331 5322 5325
3 5331 5328 5322
3 5332 5323 5326
3 5332 5329 5323
3 5333 5325 5327
3 5333 5331 5325
3 5334 5326 5328
3 5334 5328 5331
3 5334 5332 5326
3 5335 5241 5240
3 5335 5240 5329
3 5336 5327 5330
3 5336 5330 5271
3 5336 5271 5272
3 5336 5333 5327
3 5337 5334 5331
3 5338 5329 5332
3 5338 5332 5334
3 5338 5335 5329
3 5339 5331 5333
3 5339 5337 5331
3 5340 5338 5334
3 5341 5242 5241
3 5341 5241 5335
3 5342 5272 5273
3 5342 5339 5333
3 5342 5336 5272
3 5342 5333 5336
3 5343 5340 5334
3 5343 5334 5337
3 5343 5337 5339
3 5344 5341 5335
3 5344 5335 5338
3 5345 5343 5339
3 5346 5338 5340
3 5346 5344 5338
3 5347 5243 5242
3 5347 5242 5341
3 5348 5273 5274
3 5348 5342 5273
3 5348 5339 5342
3 5348 5345 5339
3 5349 5346 5340
3 5349 5340 5343
3 5350 5341 5344
3 5350 5344 5346
3 5350 5347 5341
3 5351 5349 5343
3 5351 5343 5345
3 5352 5346 5349
3 5352 5350 5346
3 5353 5244 5243
3 5353 5243 5347
3 5354 5345 5348
3 5354 5274 5275
3 5354 5351 5345
3 5354 5348 5274
3 5355 5352 5349
3 5356 5347 5350
3 5356 5353 5347
3 5357 5355 5349
3 5357 5349 5351
3 5358 5350 5352
3 5358 5356 5350
3 5359 5244 5353
3 5359 5245 5244
3 5360 5354 5275
3 5360 5357 5351
3 5360 5275 5276
3 5360 5351 5354
3 5361 5358 5352
3 5361 5352 5355
3 5362 5359 5353
3 5362 5353 5356
3 5363 5361 5355
3 5363 5355 5357
3 5364 5362 5356
3 5364 5356 5358
3 5365 5246 5245
3 5365 5247 5246
3 5365 5359 5362
3 5365 5245 5359
3 5366 5357 5360
3 5366 5363 5357
3 5366 5360 5276
3 5366 5276 5277
3 5367 5358 5361
3 5367 5364 5358
3 5367 5361 5363
3 5368 5365 5362
3 5369 5367 5363
3 5370 5362 5364
3 5370 5368 5362
3 5371 5247 5365
3 5372 5363 5366
3 5372 5277 5278
3 5372 5366 5277
3 5372 5369 5363
3 5373 5364 5367
3 5373 5367 5369
3 5373 5370 5364
3 5374 5371 5365
3 5374 5365 5368
3 5375 5373 5369
3 5376 5368 5370
3 5376 5374 5368
3 5377 5248 5247
3 5377 5247 5371
3 5378 5375 5369
3 5378 5372 5278
3 5378 5278 5279
3 5378 5369 5372
3 5379 5376 5370
3 5379 5370 5373
3 5380 5371 5374
3 5380 5377 5371
3 5381 5373 5375
3 5381 5379 5373
3 5382 5380 5374
3 5382 5374 5376
3 5383 5249 5248
3 5383 5248 5377
3 5384 5375 5378
3 5384 5279 5280
3 5384 5381 5375
3 5384 5378 5279
3 5385 5376 5379
3 5385 5382 5376
3 5386 5383 5377
3 5386 5377 5380
3 5387 5385 5379
3 5387 5379 5381
3 5388 5386 5380
3 5388 5380 5382
3 5389 5383 5386
3 5389 5250 5249
3 5389 5249 5383
3 5390 5381 5384
3 5390 5387 5381
3 5390 5280 5281
3 5390 5281 5282
3 5390 5384 5280
3 5391 5388 5382
3 5391 5382 5385
3 5392 5389 5386
3 5393 5391 5385
3 5393 5385 5387
3 5394 5386 5388
3 5394 5392 5386
3 5395 5250 5389
3 5395 5251 5250
3 5396 5393 5387
3 5396 5387 5390
3 5396 5390 5282
3 5397 5388 5391
3 5397 5391 5393
3 5397 5394 5388
3 5398 5389 5392
3 5398 5395 5389
3 5399 5397 5393
3 5399 5393 5396
3 5400 5398 5392
3 5400 5392 5394
3 5401 5252 5251
3 5401 5251 5395
3 5402 5399 5396
3 5402 5396 5282
3 5402 5282 5283
3 5402 5283 5284
3 5403 5400 5394
3 5403 5394 5397
3 5404 5395 5398
3 5404 5401 5395
3 5404 5398 5400
3 5405 5397 5399
3 5405 5403 5397
3 5406 5404 5400
3 5407 5253 5252
3 5407 5252 5401
3 5408 5399 5402
3 5408 5402 5284
3 5408 5405 5399
3 5409 5406 5400
3 5409 5400 5403
3 5409 5403 5405
3 5410 5407 5401
3 5410 5401 5404
3 5410 5404 5406
3 5411 5405 5408
3 5411 5409 5405
3 5412 5410 5406
3 5413 5254 5253
3 5413 5255 5254
3 5413 5253 5407
3 5414 5284 5285
3 5414 5285 5286
3 5414 5408 5284
3 5414 5411 5408
3 5415 5406 5409
3 5415 5412 5406
3 5416 5407 5410
3 5416 5413 5407
3 5417 5409 5411
3 5417 5415 5409
3 5418 5410 5412
3 5418 5416 5410
3 5419 5255 5413
3 5420 5417 5411
3 5420 5414 5286
3 5420 5411 5414
3 5421 5415 5417
3 5421 5418 5412
3 5421 5412 5415
3 5422 5413 5416
3 5422 5419 5413
3 5423 5417 5420
3 5423 5421 5417
3 5424 5416 5418
3 5424 5418 5421
3 5424 5422 5416
3 5425 5255 5419
3 5425 5256 5255
3 5425 5419 5422
3 5426 5286 5287
3 5426 5287 5288
3 5426 5423 5420
3 5426 5420 5286
3 5427 5424 5421
3 5428 5425 5422
3 5429 5427 5421
3 5429 5421 5423
3 5430 5422 5424
3 5430 5424 5427
3 5430 5428 5422
3 5431 5256 5425
3 5431 5257 5256
3 5431 5259 5257
3 5432 5426 5288
3 5432 5423 5426
3 5432 5429 5423
3 5433 5427 5429
3 5433 5430 5427
3 5434 5431 5425
3 5434 5425 5428
3 5434 5260 5259
3 5434 5261 5260
3 5434 5259 5431
3 5435 5433 5429
3 5436 5261 5434
3 5436 5434 5428
3 5436 5428 5430
3 5437 5432 5288
3 5437 5429 5432
3 5437 5288 5289
3 5437 5289 5290
3 5437 5435 5429
3 5438 5262 5261
3 5438 5261 5436
3 5438 5430 5433
3 5438 5436 5430
3 5439 5263 5262
3 5439 5264 5263
3 5439 5438 5433
3 5439 5433 5435
3 5439 5262 5438
3 5440 5265 5264
3 5440 5435 5437
3 5440 5437 5290
3 5440 5290 5265
3 5440 5264 5439
3 5440 5439 5435
3 5466 5467 5468
3 5466 5494 5493
3 5466 5468 5494
3 5465 5466 5493
3 5464 5493 5492
3 5464 5465 5493
3 5463 5491 5490
3 5463 5492 5491
3 5463 5464 5492
3 5462 5463 5490
3 5461 5490 5489
3 5461 5462 5490
3 5460 5489 5488
3 5460 5461 5489
3 5459 5488 5487
3 5459 5460 5488
3 5458 5487 5486
3 5458 5459 5487
3 5457 5486 5485
3 5457 5458 5486
3 5456 5457 5485
3 5456 5485 5484
3 5455 5456 5484
3 5455 5484 5483
3 5454 5455 5483
3 5454 5483 5482
3 5453 5454 5482
3 5453 5481 5480
3 5453 5482 5481
3 5452 5453 5480
3 5451 5452 5480
3 5451 5479 5478
3 5451 5480 5479
3 5450 5451 5478
3 5450 5478 5477
3 5449 5450 5477
3 5448 5449 5477
3 5448 5477 5476
3 5447 5476 5475
3 5447 5448 5476
3 5446 5475 5474
3 5446 5447 5475
3 5445 5474 5473
3 5445 5446 5474
3 5444 5472 5471
3 5444 5473 5472
3 5444 5445 5473
3 5443 5444 5471
3 5442 5471 5470
3 5442 5443 5471
3 5441 5470 5469
3 5441 5442 5470
3 5561 5523 5522
3 5561 5522 5554
3 5562 5524 5523
3 5562 5523 5561
3 5563 5525 5524
3 5563 5524 5562
3 5564 5525 5563
3 5564 5526 5525
3 5565 5554 5553
3 5565 5561 5554
3 5566 5527 5526
3 5566 5526 5564
3 5567 5562 5561
3 5567 5561 5565
3 5568 5527 5566
3 5568 5520 5521
3 5568 5528 5527
3 5568 5521 5528
3 5569 5562 5567
3 5569 5563 5562
3 5570 5564 5563
3 5570 5563 5569
3 5571 5565 5553
3 5571 5553 5552
3 5572 5564 5570
3 5572 5566 5564
3 5573 5567 5565
3 5573 5565 5571
3 5574 5519 5520
3 5574 5566 5572
3 5574 5520 5568
3 5574 5568 5566
3 5575 5569 5567
3 5575 5567 5573
3 5576 5570 5569
3 5576 5569 5575
3 5577 5571 5552
3 5577 5552 5551
3 5578 5570 5576
3 5578 5572 5570
3 5579 5571 5577
3 5579 5573 5571
3 5580 5518 5519
3 5580 5519 5574
3 5580 5574 5572
3 5580 5572 5578
3 5581 5575 5573
3 5581 5573 5579
3 5582 5575 5581
3 5582 5576 5575
3 5583 5551 5550
3 5583 5577 5551
3 5584 5576 5582
3 5584 5578 5576
3 5585 5579 5577
3 5585 5577 5583
3 5586 5580 5578
3 5586 5578 5584
3 5586 5518 5580
3 5586 5517 5518
3 5587 5579 5585
3 5587 5581 5579
3 5588 5581 5587
3 5588 5582 5581
3 5589 5550 5549
3 5589 5583 5550
3 5590 5584 5582
3 5590 5582 5588
3 5591 5583 5589
3 5591 5585 5583
3 5592 5517 5586
3 5592 5516 5517
3 5592 5584 5590
3 5592 5586 5584
3 5593 5585 5591
3 5593 5587 5585
3 5594 5588 5587
3 5594 5587 5593
3 5595 5589 5549
3 5595 5549 5548
3 5596 5590 5588
3 5596 5588 5594
3 5597 5591 5589
3 5597 5589 5595
3 5598 5592 5590
3 5598 5515 5516
3 5598 5516 5592
3 5598 5590 5596
3 5599 5591 5597
3 5599 5593 5591
3 5600 5594 5593
3 5600 5593 5599
3 5601 5595 5548
3 5601 5597 5595
3 5601 5548 5547
3 5602 5596 5594
3 5602 5598 5596
3 5602 5594 5600
3 5603 5597 5601
3 5604 5514 5515
3 5604 5598 5602
3 5604 5515 5598
3 5605 5599 5597
3 5605 5597 5603
3 5606 5599 5605
3 5606 5600 5599
3 5607 5601 5547
3 5607 5547 5546
3 5608 5602 5600
3 5608 5600 5606
3 5609 5601 5607
3 5609 5603 5601
3 5610 5513 5514
3 5610 5514 5604
3 5610 5604 5602
3 5610 5602 5608
3 5611 5603 5609
3 5611 5605 5603
3 5612 5606 5605
3 5612 5605 5611
3 5613 5607 5546
3 5613 5545 5544
3 5613 5546 5545
3 5614 5606 5612
3 5614 5608 5606
3 5615 5607 5613
3 5615 5609 5607
3 5616 5512 5513
3 5616 5513 5610
3 5616 5610 5608
3 5616 5608 5614
3 5617 5611 5609
3 5617 5609 5615
3 5618 5611 5617
3 5618 5612 5611
3 5619 5613 5544
3 5620 5614 5612
3 5620 5612 5618
3 5621 5613 5619
3 5621 5615 5613
3 5622 5614 5620
3 5622 5511 5512
3 5622 5512 5616
3 5622 5616 5614
3 5623 5615 5621
3 5623 5617 5615
3 5624 5620 5618
3 5624 5617 5623
3 5624 5618 5617
3 5625 5619 5544
3 5625 5544 5543
3 5626 5622 5620
3 5626 5620 5624
3 5627 5619 5625
3 5627 5621 5619
3 5628 5511 5622
3 5628 5510 5511
3 5628 5622 5626
3 5629 5623 5621
3 5629 5621 5627
3 5630 5624 5623
3 5630 5623 5629
3 5630 5626 5624
3 5631 5625 5543
3 5631 5543 5542
3 5632 5628 5626
3 5632 5626 5630
3 5633 5625 5631
3 5633 5627 5625
3 5634 5509 5510
3 5634 5510 5628
3 5634 5628 5632
3 5635 5629 5627
3 5635 5627 5633
3 5636 5630 5629
3 5636 5629 5635
3 5637 5631 5542
3 5637 5542 5541
3 5638 5630 5636
3 5638 5632 5630
3 5639 5633 5631
3 5639 5631 5637
3 5640 5508 5509
3 5640 5509 5634
3 5640 5634 5632
3 5640 5632 5638
3 5641 5633 5639
3 5641 5635 5633
3 5642 5636 5635
3 5642 5635 5641
3 5643 5540 5539
3 5643 5541 5540
3 5643 5637 5541
3 5644 5636 5642
3 5644 5638 5636
3 5645 5637 5643
3 5645 5639 5637
3 5646 5506 5507
3 5646 5507 5508
3 5646 5508 5640
3 5646 5640 5638
3 5646 5638 5644
3 5647 5641 5639
3 5647 5639 5645
3 5648 5642 5641
3 5648 5641 5647
3 5648 5644 5642
3 5649 5643 5539
3 5650 5644 5648
3 5651 5643 5649
3 5651 5645 5643
3 5652 5506 5646
3 5652 5646 5644
3 5652 5644 5650
3 5653 5647 5645
3 5653 5645 5651
3 5653 5648 5647
3 5654 5648 5653
3 5655 5538 5537
3 5655 5539 5538
3 5655 5649 5539
3 5656 5650 5648
3 5656 5648 5654
3 5657 5649 5655
3 5657 5651 5649
3 5658 5652 5650
3 5658 5650 5656
3 5658 5505 5506
3 5658 5506 5652
3 5659 5653 5651
3 5659 5651 5657
3 5660 5653 5659
3 5660 5654 5653
3 5661 5657 5655
3 5661 5655 5537
3 5661 5537 5536
3 5662 5654 5660
3 5662 5656 5654
3 5663 5657 5661
3 5664 5503 5504
3 5664 5504 5505
3 5664 5505 5658
3 5664 5656 5662
3 5664 5658 5656
3 5665 5659 5657
3 5665 5657 5663
3 5666 5659 5665
3 5666 5660 5659
3 5667 5661 5536
3 5667 5663 5661
3 5668 5662 5660
3 5668 5664 5662
3 5668 5660 5666
3 5669 5663 5667
3 5670 5503 5664
3 5670 5664 5668
3 5671 5666 5665
3 5671 5665 5663
3 5671 5663 5669
3 5672 5666 5671
3 5673 5535 5534
3 5673 5536 5535
3 5673 5667 5536
3 5674 5666 5672
3 5674 5668 5666
3 5674 5670 5668
3 5675 5669 5667
3 5675 5671 5669
3 5675 5667 5673
3 5676 5502 5503
3 5676 5503 5670
3 5676 5670 5674
3 5677 5671 5675
3 5678 5672 5671
3 5678 5671 5677
3 5679 5673 5534
3 5680 5674 5672
3 5680 5672 5678
3 5681 5675 5673
3 5681 5673 5679
3 5682 5500 5501
3 5682 5501 5502
3 5682 5502 5676
3 5682 5676 5674
3 5682 5674 5680
3 5683 5677 5675
3 5683 5675 5681
3 5683 5678 5677
3 5684 5678 5683
3 5685 5534 5533
3 5685 5679 5534
3 5685 5681 5679
3 5686 5680 5678
3 5686 5682 5680
3 5686 5678 5684
3 5687 5681 5685
3 5688 5500 5682
3 5688 5682 5686
3 5689 5681 5687
3 5689 5683 5681
3 5690 5683 5689
3 5690 5684 5683
3 5691 5532 5531
3 5691 5533 5532
3 5691 5685 5533
3 5692 5686 5684
3 5692 5688 5686
3 5692 5684 5690
3 5693 5685 5691
3 5693 5687 5685
3 5694 5499 5500
3 5694 5500 5688
3 5694 5688 5692
3 5695 5689 5687
3 5695 5687 5693
3 5696 5690 5689
3 5696 5689 5695
3 5697 5691 5531
3 5698 5690 5696
3 5698 5692 5690
3 5699 5693 5691
3 5699 5691 5697
3 5700 5498 5499
3 5700 5694 5692
3 5700 5692 5698
3 5700 5499 5694
3 5701 5695 5693
3 5701 5693 5699
3 5702 5696 5695
3 5702 5695 5701
3 5703 5530 5529
3 5703 5531 5530
3 5703 5529 5555
3 5703 5697 5531
3 5704 5698 5696
3 5704 5696 5702
3 5705 5699 5697
3 5705 5697 5703
3 5705 5555 5556
3 5705 5703 5555
3 5705 5701 5699
3 5706 5497 5498
3 5706 5498 5700
3 5706 5700 5698
3 5706 5698 5704
3 5707 5556 5557
3 5707 5557 5558
3 5707 5701 5705
3 5707 5705 5556
3 5708 5701 5707
3 5708 5702 5701
3 5708 5707 5558
3 5709 5704 5702
3 5709 5702 5708
3 5709 5558 5559
3 5709 5708 5558
3 5710 5495 5496
3 5710 5496 5497
3 5710 5706 5704
3 5710 5559 5560
3 5710 5560 5495
3 5710 5704 5709
3 5710 5709 5559
3 5710 5497 5706
3 5726 5728 5727
3 5730 5729 5728
3 5733 5731 5730
3 5733 5732 5731
3 5733 5730 5728
3 5720 5722 5721
3 5720 5723 5722
3 5735 5734 5733
3 5736 5724 5723
3 5736 5725 5724
3 5736 5726 5725
3 5736 5728 5726
3 5736 5735 5733
3 5736 5733 5728
3 5718 5720 5719
3 5712 5711 5736
3 5712 5736 5723
3 5715 5717 5716
3 5715 5718 5717
3 5715 5720 5718
3 5715 5723 5720
3 5715 5712 5723
3 5714 5713 5712
3 5714 5712 5715
