ply
format ascii 1.0
comment generated by blendit.inference.finetune_visualize
element vertex 1674
property float x
property float y
property float z
property uchar red
property uchar green
property uchar blue
element face 2336
property list uchar int vertex_indices
end_header
-1.11022302e-16 0.620085785 69.8461519 218 222 230
0 74.6366649 69.8461519 218 222 230
-1.11022302e-16 0.620085785 0 218 222 230
0 50.9645788 -2.22044605e-16 218 222 230
0 51.2651898 0.0338707236 218 222 230
0 51.5507269 0.133784475 218 222 230
0 51.8068721 0.294731162 218 222 230
0 52.0207812 0.508640244 218 222 230
0 52.1817279 0.764785428 218 222 230
0 52.2816416 1.05032252 218 222 230
0 52.3155123 1.35093351 218 222 230
0 52.3155123 62.4461301 218 222 230
-6.9388939e-18 52.5447832 62.8866246 218 222 230
-7.33382559e-18 52.5241897 62.884273 218 222 230
-7.51308091e-18 52.5045321 62.8778313 218 222 230
-7.55706103e-18 52.4862024 62.8682006 218 222 230
-7.48534477e-18 52.4639822 62.8517543 218 222 230
-7.19968953e-18 52.4350138 62.8220937 218 222 230
-6.46306638e-18 52.3994289 62.7711473 218 222 230
-4.79465395e-18 52.3595303 62.6868593 218 222 230
-2.52958291e-18 52.3302878 62.5860914 218 222 230
-9.83110007e-19 52.3193082 62.5164739 218 222 230
-6.9388939e-18 54.9803123 62.8866246 218 222 230
-5.71718252e-17 55.3419332 62.8482586 218 222 230
-1.10877443e-16 55.6896655 62.741159 218 222 230
-1.56849105e-16 55.9816034 62.5976267 218 222 230
-2.11323072e-16 56.3016134 62.3789384 218 222 230
-2.72318358e-16 56.6216096 62.0827349 218 222 230
-3.33122214e-16 56.8952928 61.7432345 218 222 230
-3.94153495e-16 57.1173874 61.367979 218 222 230
-4.58669455e-16 57.2803512 60.9635938 218 222 230
-5.16923059e-16 57.3630402 60.6140301 218 222 230
0 57.3920705 60.2560679 218 222 230
0 57.3920705 1.35093351 218 222 230
0 58.743004 -2.22044605e-16 218 222 230
0 58.442393 0.0338707236 218 222 230
0 58.1568559 0.133784475 218 222 230
0 57.9007107 0.294731162 218 222 230
0 57.6868017 0.508640244 218 222 230
0 57.525855 0.764785428 218 222 230
0 57.4259412 1.05032252 218 222 230
0 71.6256232 -4.4408921e-16 218 222 230
0 74.6366649 3.01104174 218 222 230
0 74.5611718 2.34102192 218 222 230
0 74.338478 1.70459969 218 222 230
0 73.9797504 1.13368792 218 222 230
0 73.502977 0.656914512 218 222 230
0 72.9320652 0.298186872 218 222 230
0 72.295643 0.0754931029 218 222 230
-2.77555756e-17 63.8291764 53.3252795 218 222 230
0 66.193823 55.0664893 218 222 230
0 69.4785937 53.1519682 218 222 230
2.25390812e-17 69.4938476 53.5484679 218 222 230
-1.37593093e-17 69.4307944 53.9391689 218 222 230
9.98333129e-18 69.2935847 54.3082935 218 222 230
2.22996595e-17 69.0894243 54.6418677 218 222 230
6.42027045e-18 68.827941 54.928252 218 222 230
-1.05044659e-18 68.520475 55.1584704 218 222 230
1.95672383e-17 68.1793572 55.3263427 218 222 230
3.8373745e-17 67.8172264 55.4284335 218 222 230
1.67219397e-17 67.4464291 55.4638428 218 222 230
-1.3397605e-17 67.0785352 55.4338681 218 222 230
6.2873742e-17 66.7239922 55.3415801 218 222 230
2.00171824e-16 66.4491129 55.2221563 218 222 230
-2.77555756e-17 69.0526785 50.0979017 218 222 230
-1.11022302e-16 0.620085785 69.8461519 218 222 230
0 74.6366649 69.8461519 218 222 230
0.0155468453 0.482103717 69.8461519 218 222 230
0.0614077973 0.351040646 69.8461519 218 222 230
0.135283196 0.233468622 69.8461519 218 222 230
0.233468622 0.135283196 69.8461519 218 222 230
0.351040646 0.0614077973 69.8461519 218 222 230
0.482103717 0.0155468453 69.8461519 218 222 230
0.620085785 -1.11022302e-16 69.8461519 218 222 230
64.7214266 -1.11022302e-16 69.8461519 218 222 230
64.9184228 0.0221961358 69.8461519 218 222 230
65.1055407 0.0876715362 69.8461519 218 222 230
65.2733976 0.193142991 69.8461519 218 222 230
65.4135763 0.333321722 69.8461519 218 222 230
65.5190477 0.501178581 69.8461519 218 222 230
65.5845231 0.688296525 69.8461519 218 222 230
65.6067193 0.885292678 69.8461519 218 222 230
65.6067193 74.6366649 69.8461519 218 222 230
37.0566552 66.9624835 69.8461519 218 222 230
37.013193 67.3204263 69.8461519 218 222 230
36.8853325 67.6575667 69.8461519 218 222 230
36.6805044 67.9543114 69.8461519 218 222 230
36.4106126 68.1934147 69.8461519 218 222 230
36.0913422 68.3609808 69.8461519 218 222 230
35.741248 68.4472712 69.8461519 218 222 230
35.3806763 68.4472712 69.8461519 218 222 230
35.0305821 68.3609808 69.8461519 218 222 230
34.7113116 68.1934147 69.8461519 218 222 230
34.4414198 67.9543114 69.8461519 218 222 230
34.2365917 67.6575667 69.8461519 218 222 230
34.1087312 67.3204263 69.8461519 218 222 230
34.0652691 66.9624835 69.8461519 218 222 230
34.1087312 66.6045407 69.8461519 218 222 230
34.2365917 66.2674003 69.8461519 218 222 230
34.4414198 65.9706556 69.8461519 218 222 230
34.7113116 65.7315523 69.8461519 218 222 230
35.0305821 65.5639862 69.8461519 218 222 230
35.3806763 65.4776957 69.8461519 218 222 230
35.741248 65.4776957 69.8461519 218 222 230
36.0913422 65.5639862 69.8461519 218 222 230
36.4106126 65.7315523 69.8461519 218 222 230
36.6805044 65.9706556 69.8461519 218 222 230
36.8853325 66.2674003 69.8461519 218 222 230
37.013193 66.6045407 69.8461519 218 222 230
44.5270024 59.0062877 69.8461519 218 222 230
44.5631976 59.3043822 69.8461519 218 222 230
44.6696798 59.5851525 69.8461519 218 222 230
44.8402604 59.8322813 69.8461519 218 222 230
45.0650262 60.0314064 69.8461519 218 222 230
45.3309143 60.1709552 69.8461519 218 222 230
45.6224725 60.2428179 69.8461519 218 222 230
45.9227564 60.2428179 69.8461519 218 222 230
46.2143146 60.1709552 69.8461519 218 222 230
46.4802028 60.0314064 69.8461519 218 222 230
46.7049685 59.8322813 69.8461519 218 222 230
46.8755492 59.5851525 69.8461519 218 222 230
46.9820313 59.3043822 69.8461519 218 222 230
47.0182266 59.0062877 69.8461519 218 222 230
46.9820313 58.7081932 69.8461519 218 222 230
46.8755492 58.4274229 69.8461519 218 222 230
46.7049685 58.1802941 69.8461519 218 222 230
46.4802028 57.9811691 69.8461519 218 222 230
46.2143146 57.8416202 69.8461519 218 222 230
45.9227564 57.7697575 69.8461519 218 222 230
45.6224725 57.7697575 69.8461519 218 222 230
45.3309143 57.8416202 69.8461519 218 222 230
45.0650262 57.9811691 69.8461519 218 222 230
44.8402604 58.1802941 69.8461519 218 222 230
44.6696798 58.4274229 69.8461519 218 222 230
44.5631976 58.7081932 69.8461519 218 222 230
-1.11022302e-16 0.620085785 0 218 222 230
0.0155468453 0.482103717 0 218 222 230
0.0614077973 0.351040646 0 218 222 230
0.135283196 0.233468622 0 218 222 230
0.233468622 0.135283196 0 218 222 230
0.351040646 0.0614077973 0 218 222 230
0.482103717 0.0155468453 0 218 222 230
0.620085785 -1.11022302e-16 0 218 222 230
0.620085785 -1.11022302e-16 69.8461519 218 222 230
-1.11022302e-16 0.620085785 69.8461519 218 222 230
0.0155468453 0.482103717 69.8461519 218 222 230
0.0614077973 0.351040646 69.8461519 218 222 230
0.135283196 0.233468622 69.8461519 218 222 230
0.233468622 0.135283196 69.8461519 218 222 230
0.351040646 0.0614077973 69.8461519 218 222 230
0.482103717 0.0155468453 69.8461519 218 222 230
65.6067193 74.6366649 3.01104174 218 222 230
65.6067193 74.6366649 69.8461519 218 222 230
0 74.6366649 3.01104174 218 222 230
0 74.6366649 69.8461519 218 222 230
-1.11022302e-16 0.620085785 0 218 222 230
0 50.9645788 -2.22044605e-16 218 222 230
0.0155468453 0.482103717 0 218 222 230
0.0614077973 0.351040646 0 218 222 230
0.135283196 0.233468622 0 218 222 230
0.233468622 0.135283196 0 218 222 230
0.351040646 0.0614077973 0 218 222 230
0.482103717 0.0155468453 0 218 222 230
0.620085785 -1.11022302e-16 0 218 222 230
64.7214266 -1.11022302e-16 0 218 222 230
64.9184228 0.0221961358 0 218 222 230
65.1055407 0.0876715362 0 218 222 230
65.2733976 0.193142991 0 218 222 230
65.4135763 0.333321722 0 218 222 230
65.5190477 0.501178581 0 218 222 230
65.5845231 0.688296525 0 218 222 230
65.6067193 0.885292678 0 218 222 230
65.6067193 71.6256232 -4.4408921e-16 218 222 230
0 71.6256232 -4.4408921e-16 218 222 230
0 58.743004 -2.22044605e-16 218 222 230
37.1873512 58.743004 -2.22044605e-16 218 222 230
38.1181007 58.6299906 0 218 222 230
38.9947584 58.2975181 0 218 222 230
39.7663762 57.7649088 0 218 222 230
40.3881104 57.063116 0 218 222 230
40.8238281 56.2329252 0 218 222 230
41.048207 55.3225842 0 218 222 230
41.048207 54.3849986 0 218 222 230
40.8238281 53.4746576 0 218 222 230
40.3881104 52.6444668 0 218 222 230
39.7663762 51.942674 0 218 222 230
38.9947584 51.4100647 0 218 222 230
38.1181007 51.0775923 0 218 222 230
37.1873512 50.9645788 0 218 222 230
44.7726145 59.0062877 0 218 222 230
44.8016727 59.2456034 0 218 222 230
44.8871585 59.4710109 0 218 222 230
45.0241037 59.6694104 0 218 222 230
45.2045497 59.8292716 0 218 222 230
45.4180096 59.941304 0 218 222 230
45.6520778 59.9989966 0 218 222 230
45.8931512 59.9989966 0 218 222 230
46.1272194 59.941304 0 218 222 230
46.3406792 59.8292716 0 218 222 230
46.5211252 59.6694104 0 218 222 230
46.6580705 59.4710109 0 218 222 230
46.7435563 59.2456034 0 218 222 230
46.7726145 59.0062877 0 218 222 230
46.7435563 58.766972 0 218 222 230
46.6580705 58.5415645 0 218 222 230
46.5211252 58.3431651 0 218 222 230
46.3406792 58.1833038 0 218 222 230
46.1272194 58.0712715 0 218 222 230
45.8931512 58.0135788 0 218 222 230
45.6520778 58.0135788 0 218 222 230
45.4180096 58.0712715 0 218 222 230
45.2045497 58.1833038 0 218 222 230
45.0241037 58.3431651 0 218 222 230
44.8871585 58.5415645 0 218 222 230
44.8016727 58.766972 0 218 222 230
0 74.6366649 3.01104174 218 222 230
65.6067193 74.6366649 3.01104174 218 222 230
65.6067193 74.5611718 2.34102192 218 222 230
65.6067193 74.338478 1.70459969 218 222 230
65.6067193 73.9797504 1.13368792 218 222 230
65.6067193 73.502977 0.656914512 218 222 230
65.6067193 72.9320652 0.298186872 218 222 230
65.6067193 72.295643 0.0754931029 218 222 230
65.6067193 71.6256232 -4.4408921e-16 218 222 230
0 71.6256232 -4.4408921e-16 218 222 230
0 74.5611718 2.34102192 218 222 230
0 74.338478 1.70459969 218 222 230
0 73.9797504 1.13368792 218 222 230
0 73.502977 0.656914512 218 222 230
0 72.9320652 0.298186872 218 222 230
0 72.295643 0.0754931029 218 222 230
37.1873512 50.9645788 0 255 79 163
0 50.9645788 -2.22044605e-16 255 79 163
0 51.2651898 0.0338707236 255 79 163
0 51.5507269 0.133784475 255 79 163
0 51.8068721 0.294731162 255 79 163
0 52.0207812 0.508640244 255 79 163
0 52.1817279 0.764785428 255 79 163
0 52.2816416 1.05032252 255 79 163
0 52.3155123 1.35093351 255 79 163
37.1873512 52.3155123 1.35093351 255 79 163
37.1873512 51.2651898 0.0338707236 255 79 163
37.1873512 51.5507269 0.133784475 255 79 163
37.1873512 51.8068721 0.294731162 255 79 163
37.1873512 52.0207812 0.508640244 255 79 163
37.1873512 52.1817279 0.764785428 255 79 163
37.1873512 52.2816416 1.05032252 255 79 163
37.1873512 52.3155123 1.35093351 218 222 230
37.1873512 52.3155123 62.4461301 218 222 230
0 52.3155123 62.4461301 218 222 230
0 52.3155123 1.35093351 218 222 230
0 58.743004 -2.22044605e-16 255 79 163
37.1873512 58.743004 -2.22044605e-16 255 79 163
37.1873512 58.442393 0.0338707236 255 79 163
37.1873512 58.1568559 0.133784475 255 79 163
37.1873512 57.9007107 0.294731162 255 79 163
37.1873512 57.6868017 0.508640244 255 79 163
37.1873512 57.525855 0.764785428 255 79 163
37.1873512 57.4259412 1.05032252 255 79 163
37.1873512 57.3920705 1.35093351 255 79 163
0 57.3920705 1.35093351 255 79 163
0 58.442393 0.0338707236 255 79 163
0 58.1568559 0.133784475 255 79 163
0 57.9007107 0.294731162 255 79 163
0 57.6868017 0.508640244 255 79 163
0 57.525855 0.764785428 255 79 163
0 57.4259412 1.05032252 255 79 163
0 52.3155123 62.4461301 255 79 163
0 52.3155123 62.4461301 255 79 163
-6.9388939e-18 52.5447832 62.8866246 255 79 163
-7.33382559e-18 52.5241897 62.884273 255 79 163
-7.51308091e-18 52.5045321 62.8778313 255 79 163
-7.55706103e-18 52.4862024 62.8682006 255 79 163
-7.48534477e-18 52.4639822 62.8517543 255 79 163
-7.19968953e-18 52.4350138 62.8220937 255 79 163
-6.46306638e-18 52.3994289 62.7711473 255 79 163
-4.79465395e-18 52.3595303 62.6868593 255 79 163
-2.52958291e-18 52.3302878 62.5860914 255 79 163
-9.83110007e-19 52.3193082 62.5164739 255 79 163
0.00583588323 52.5447832 62.8373157 255 79 163
0.0230221014 52.5447832 62.790731 255 79 163
0.0506080561 52.5447832 62.7494457 255 79 163
0.0870693295 52.5447832 62.7157413 255 79 163
0.130391902 52.5447832 62.6914793 255 79 163
0.170016252 52.5447832 62.6794593 255 79 163
0.211223683 52.5447832 62.6754009 255 79 163
0.176019736 52.4854435 62.6675887 255 79 163
0.140815789 52.4301477 62.6446845 255 79 163
0.105611841 52.3826642 62.6082491 255 79 163
0.0704078943 52.346227 62.5607612 255 79 163
0.0352039472 52.3233263 62.5054741 255 79 163
0.00650228046 52.4377736 62.7788848 255 79 163
0.0137978754 52.4398125 62.758969 255 79 163
0.0232760691 52.4418846 62.7402199 255 79 163
0.0347165773 52.4439717 62.7229467 255 79 163
0.0479841182 52.4460506 62.7073949 255 79 163
0.0796364332 52.4500798 62.6821511 255 79 163
0.117251916 52.4537804 62.6654512 255 79 163
0.0367420894 52.3921366 62.6586614 255 79 163
0.0311040515 52.3709804 62.6304365 255 79 163
0.025667193 52.3538252 62.601384 255 79 163
0.0192060173 52.3374478 62.5648476 255 79 163
0.0137675066 52.3270341 62.5325694 255 79 163
0.00950226316 52.3210913 62.5063509 255 79 163
0.00905628137 52.3648283 62.6564414 255 79 163
0.0082330325 52.3566205 62.63913 255 79 163
0.00625029061 52.3401446 62.5968053 255 79 163
0.0052657005 52.3334531 62.5750249 255 79 163
0.00445366135 52.3286028 62.5563373 255 79 163
0.00322928939 52.3224431 62.5262664 255 79 163
0.00129283347 52.3294567 62.5705208 255 79 163
0.00111854586 52.3260951 62.5544261 255 79 163
0 57.3920705 1.35093351 218 222 230
0 57.3920705 60.2560679 218 222 230
7.48895203 57.3920705 60.6551725 218 222 230
17.4742214 57.3920705 61.4254742 218 222 230
27.3307863 57.3920705 62.1338226 218 222 230
32.2590687 57.3920705 62.3609103 218 222 230
37.1873512 57.3920705 62.4461301 218 222 230
37.1873512 57.3920705 1.35093351 218 222 230
-6.9388939e-18 54.9803123 62.8866246 255 79 163
0.00583588323 54.9803123 62.8373157 255 79 163
0.0230221014 54.9803123 62.790731 255 79 163
0.0506080561 54.9803123 62.7494457 255 79 163
0.0870693295 54.9803123 62.7157413 255 79 163
0.130391902 54.9803123 62.6914793 255 79 163
0.170016252 54.9803123 62.6794593 255 79 163
0.211223683 54.9803123 62.6754009 255 79 163
0.211223683 52.5447832 62.6754009 255 79 163
-6.9388939e-18 52.5447832 62.8866246 255 79 163
0.00583588323 52.5447832 62.8373157 255 79 163
0.0230221014 52.5447832 62.790731 255 79 163
0.0506080561 52.5447832 62.7494457 255 79 163
0.0870693295 52.5447832 62.7157413 255 79 163
0.130391902 52.5447832 62.6914793 255 79 163
0.170016252 52.5447832 62.6794593 255 79 163
0 57.3920705 60.2560679 218 222 230
0 57.3920705 60.2560679 218 222 230
-6.9388939e-18 54.9803123 62.8866246 218 222 230
-5.71718252e-17 55.3419332 62.8482586 218 222 230
-1.10877443e-16 55.6896655 62.741159 218 222 230
-1.56849105e-16 55.9816034 62.5976267 218 222 230
-2.11323072e-16 56.3016134 62.3789384 218 222 230
-2.72318358e-16 56.6216096 62.0827349 218 222 230
-3.33122214e-16 56.8952928 61.7432345 218 222 230
-3.94153495e-16 57.1173874 61.367979 218 222 230
-4.58669455e-16 57.2803512 60.9635938 218 222 230
-5.16923059e-16 57.3630402 60.6140301 218 222 230
0.00583588323 54.9803123 62.8373157 218 222 230
0.0230221014 54.9803123 62.790731 218 222 230
0.0506080561 54.9803123 62.7494457 218 222 230
0.0870693295 54.9803123 62.7157413 218 222 230
0.130391902 54.9803123 62.6914793 218 222 230
0.170016252 54.9803123 62.6794593 218 222 230
0.211223683 54.9803123 62.6754009 218 222 230
0.177061492 55.550203 62.6068361 218 222 230
0.145149609 56.0878189 62.4051347 218 222 230
0.114435087 56.5625125 62.0819611 218 222 230
0.0840060209 56.9474827 61.655797 218 222 230
0.0529904423 57.2210994 61.1509165 218 222 230
0.0272503245 57.3489829 60.7115051 218 222 230
0.115501509 55.9060395 62.4973585 218 222 230
0.0779240485 56.6869526 61.9666793 218 222 230
0.0405638366 57.2083908 61.1792149 218 222 230
0.0276387793 57.2061102 61.1802207 218 222 230
0.0343804424 55.1601185 62.7622573 218 222 230
0.0460717295 55.1597868 62.7460445 218 222 230
0.0592054055 55.1594571 62.7310864 218 222 230
0.0549247169 55.4471874 62.6885882 218 222 230
0.0522589895 55.620027 62.643585 218 222 230
0.0240363613 55.7996635 62.6132535 218 222 230
0.0232756012 55.9111568 62.5632291 218 222 230
0.035801542 55.7986785 62.5965991 218 222 230
0.0785613165 55.907673 62.5117342 218 222 230
0.0475720321 55.9094482 62.534033 218 222 230
0.023031427 55.9454267 62.5464457 218 222 230
0.0454255535 56.0350822 62.4722431 218 222 230
0.0424871014 56.1994304 62.3770949 218 222 230
0.0379398697 56.4353691 62.2083239 218 222 230
0.0345472562 56.5961207 62.0674128 218 222 230
0.0531584768 56.6851269 61.9711906 218 222 230
0.00485498383 56.6507043 62.0367046 218 222 230
0.00477131305 56.6758887 62.009413 218 222 230
0.0100614027 56.652801 62.0285196 218 222 230
0.0163261932 56.6800184 61.9939888 218 222 230
0.0166175546 56.6546509 62.02077 218 222 230
0.0325837994 56.6829567 61.9806841 218 222 230
0.0218210211 56.7992487 61.8539135 218 222 230
0.0228848508 57.041703 61.5072159 218 222 230
0.0133818615 57.1668064 61.2676465 218 222 230
0.0168347308 57.2034248 61.1843452 218 222 230
0.0144179173 57.2542515 61.0516775 218 222 230
0.0104468859 57.3204813 60.8309517 218 222 230
0.00737646055 57.3568701 60.659348 218 222 230
0.0117942655 56.3690061 62.2888345 218 222 230
0.0108460825 56.5323359 62.1480688 218 222 230
0.0103510851 56.6097249 62.0729657 218 222 230
0.00489649517 56.63798 62.0502274 218 222 230
0.00127273408 56.70859 61.9783478 218 222 230
0.00902381447 56.7949995 61.8663867 218 222 230
0.00435613936 56.7924381 61.8731588 218 222 230
0.0148988117 56.797298 61.8599474 218 222 230
0.00113336962 56.8447964 61.809097 218 222 230
0.00243544158 56.8461104 61.8056635 218 222 230
0.00414245807 56.8474785 61.8023806 218 222 230
0.0062047488 56.8488448 61.7992036 218 222 230
0.0264032 56.9254056 61.6865293 218 222 230
0.00752140194 56.9712868 61.6235177 218 222 230
0.00641439267 57.0812572 61.4380678 218 222 230
0.0041088388 57.1427304 61.316833 218 222 230
0.00908832059 57.164868 61.271162 218 222 230
0.00547145704 57.1626537 61.2748701 218 222 230
0.0040049676 57.2677689 61.0076246 218 222 230
0.00113438306 57.262623 61.0198287 218 222 230
0.0043667453 57.2442696 61.0754229 218 222 230
0.00342653473 57.3018609 60.8962237 218 222 230
0.00256572942 57.3437789 60.7237892 218 222 230
0.00213888284 57.3600311 60.6365657 218 222 230
0.000635576192 56.8708114 61.7745538 218 222 230
0.00110358258 56.8714373 61.772826 218 222 230
0.0016848549 56.872095 61.771151 218 222 230
0.00806747695 56.910978 61.7129146 218 222 230
0.00229741532 56.9028349 61.7273296 218 222 230
0.00221906414 56.9334871 61.6826121 218 222 230
0.00190050643 57.0475765 61.4982606 218 222 230
0.00173954837 57.0993129 61.4029916 218 222 230
0.00116097123 57.1299205 61.3419691 218 222 230
0.0027353314 57.1414634 61.3188387 218 222 230
0.00160351061 57.1401975 61.3208982 218 222 230
0.00100525135 57.2912699 60.9295801 218 222 230
0.00108466285 57.2739288 60.9855563 218 222 230
0.000887456348 57.3152194 60.8435691 218 222 230
0.000660670215 57.3538268 60.6692659 218 222 230
0.000604307324 57.3614751 60.6252883 218 222 230
0.000616895766 56.8988672 61.7349871 218 222 230
0.000606349412 56.9143114 61.7126104 218 222 230
0.000563698762 56.9740231 61.6217213 218 222 230
0.000476951789 57.0831791 61.4336521 218 222 230
0.000455176341 57.1082435 61.3854013 218 222 230
0.000200607406 57.1232816 61.3554093 218 222 230
0.000114145762 57.1230235 61.3560252 218 222 230
0.000309897325 57.1235514 61.3548064 218 222 230
0.00075943027 57.1293111 61.3430758 218 222 230
0.000436794417 57.1287288 61.3442166 218 222 230
0.000111324568 57.134927 61.3315343 218 222 230
7.87216182e-05 57.2588443 61.0293891 218 222 230
0.000284125926 57.2770503 60.9745233 218 222 230
7.36537483e-05 57.2759291 60.9776803 218 222 230
0.000290627774 57.2715106 60.9917562 218 222 230
0.000273682098 57.2857911 60.9464597 218 222 230
0.000258044082 57.2984962 60.9035148 218 222 230
0.000198482358 57.3416853 60.7296992 218 222 230
0.000169648661 57.3585266 60.6417352 218 222 230
0.000119369426 57.1004421 61.4009345 218 222 230
0.00011653763 57.1127721 61.3766553 218 222 230
2.88248814e-05 57.1262018 61.3497503 218 222 230
2.73892096e-05 57.1496496 61.3005452 218 222 230
7.14830547e-05 57.2830555 60.9549858 218 222 230
6.94606805e-05 57.2895858 60.9335273 218 222 230
4.6776575e-05 57.3530243 60.6720828 218 222 230
4.31115152e-05 57.3608057 60.6279045 218 222 230
0.00052984351 57.1448305 61.3106449 218 222 230
0.000415158727 57.1520789 61.295115 218 222 230
6.43213168e-06 57.1790796 61.2351651 218 222 230
5.05700696e-06 57.2579767 61.0318741 218 222 230
2.18105652e-05 57.2337911 61.0994695 218 222 230
0.000330743636 57.235764 61.0944416 218 222 230
4.73304726e-06 57.2751244 60.9801109 218 222 230
1.91813728e-05 57.2697972 60.9965827 218 222 230
1.80138052e-05 57.2850067 60.948552 218 222 230
1.31759759e-05 57.341235 60.731286 218 222 230
1.1338009e-05 57.3582009 60.6431104 218 222 230
0.000130840903 57.1657139 61.2652317 218 222 230
0.00158533012 57.1707148 61.254868 218 222 230
0.00144396132 57.1850021 61.2221919 218 222 230
1.33531618e-05 57.2073324 61.1676612 218 222 230
1.2156451e-06 57.2693935 60.9978173 218 222 230
1.17548991e-06 57.2777505 60.971858 218 222 230
4.45765617e-06 57.2892338 60.9345859 218 222 230
4.87565899e-05 57.1724295 61.2502204 218 222 230
0.000467858599 57.1747795 61.2449219 218 222 230
0.000100144373 57.1801775 61.2324649 218 222 230
0.000442590666 57.1961904 61.1949637 218 222 230
0.00140190358 57.2261396 61.1211892 218 222 230
0.000124987849 57.2217903 61.1310714 218 222 230
2.476201e-05 57.2641579 61.013625 218 222 230
0.00031535452 57.2659215 61.0087716 218 222 230
1.14089069e-06 57.2848344 60.9490987 218 222 230
0.000144872064 57.187671 61.2150165 218 222 230
0.000153813083 57.2017584 61.1813149 218 222 230
5.59976014e-05 57.2146197 61.14937 218 222 230
0.000452724421 57.2167481 61.1442804 218 222 230
9.22037684e-06 57.2667854 61.0057265 218 222 230
2.80473826e-07 57.2891523 60.9348569 218 222 230
2.19316115e-07 57.3347345 60.7610317 218 222 230
5.40279007e-05 57.1833818 61.2250767 218 222 230
0.000160259004 57.2120305 61.1559235 218 222 230
6.18363939e-07 57.2934285 60.9204536 218 222 230
6.36375787e-08 57.3096232 60.8628651 218 222 230
6.16073169e-05 57.3138361 60.8471507 218 222 230
3.95853885e-06 57.3135458 60.8481036 218 222 230
2.49147149e-07 57.3134785 60.8483469 218 222 230
0.00294218381 57.3278288 60.7959615 218 222 230
1.70592816e-08 57.295497 60.9133761 218 222 230
1.70002308e-05 57.2977788 60.905508 218 222 230
1.07695307e-06 57.297621 60.9060275 218 222 230
1.50396963e-07 57.2996485 60.8989363 218 222 230
2.64604787e-07 57.3016927 60.891708 218 222 230
0.209695713 64.2476662 53.3132052 218 222 230
0.257709967 64.2518346 53.3106297 218 222 230
0.311798111 66.3739032 54.8119521 218 222 230
0 66.193823 55.0664893 218 222 230
0.00942812348 66.237772 55.0043689 218 222 230
0.0358049774 66.2776098 54.9480595 218 222 230
0.0744017486 66.3105704 54.9014709 218 222 230
0.125081378 66.3380438 54.8626381 218 222 230
0.184040095 66.3580921 54.8343005 218 222 230
0.246556001 66.3699168 54.8175867 218 222 230
0.279605457 66.3729408 54.8133124 218 222 230
-2.77555756e-17 63.8291764 53.3252795 218 222 230
0.0198397479 63.9991154 53.3249386 218 222 230
0.0614898774 64.1140403 53.3236549 218 222 230
0.0918608729 64.1640287 53.3222831 218 222 230
0.13342851 64.2096455 53.3198154 218 222 230
0.165133543 64.2317128 53.317432 218 222 230
0.187387734 64.2417485 53.3154627 218 222 230
0.0754815018 64.20824 53.3722493 218 222 230
-2.77555756e-17 69.0526785 50.0979017 255 79 163
-2.77555756e-17 63.8291764 53.3252795 255 79 163
0.0198397479 63.9991154 53.3249386 255 79 163
0.0614898774 64.1140403 53.3236549 255 79 163
0.0918608729 64.1640287 53.3222831 255 79 163
0.13342851 64.2096455 53.3198154 255 79 163
0.165133543 64.2317128 53.317432 255 79 163
0.187387734 64.2417485 53.3154627 255 79 163
0.209695713 64.2476662 53.3132052 255 79 163
0.209695713 68.70843 50.5570906 255 79 163
0.0248232441 68.9237676 50.2938836 255 79 163
0.0884985839 68.8160155 50.4452784 255 79 163
0.146753521 68.7559605 50.5163575 255 79 163
0.177465657 68.7310719 50.5401722 255 79 163
0 69.4785937 53.1519682 255 79 163
0.0149599061 69.3590086 53.1686453 255 79 163
0.0568129069 69.2506098 53.1837624 255 79 163
0.118055643 69.1609242 53.1962698 255 79 163
0.198470638 69.086169 53.2066951 255 79 163
0.292022326 69.0316176 53.2143027 255 79 163
0.39121832 68.9994425 53.2187898 255 79 163
0.443658953 68.9912143 53.2199373 255 79 163
0.49474007 68.9885956 53.2203025 255 79 163
0.490208026 68.9992907 53.5833246 255 79 163
0.477821892 68.9311402 53.9400523 255 79 163
0.459396664 68.7873759 54.2735657 255 79 163
0.436747341 68.574817 54.5680452 255 79 163
0.411688918 68.3035462 54.8095227 255 79 163
0.386036394 67.9864303 54.9865445 255 79 163
0.361604765 67.6385106 55.090714 255 79 163
0.340209028 67.2762901 55.1170903 255 79 163
0.32366418 66.91695 55.064422 255 79 163
0.314935929 66.6340003 54.9627645 255 79 163
0.311798111 66.3739032 54.8119521 255 79 163
0 66.193823 55.0664893 255 79 163
0.00942812348 66.237772 55.0043689 255 79 163
0.0358049774 66.2776098 54.9480595 255 79 163
0.0744017486 66.3105704 54.9014709 255 79 163
0.125081378 66.3380438 54.8626381 255 79 163
0.184040095 66.3580921 54.8343005 255 79 163
0.246556001 66.3699168 54.8175867 255 79 163
0.279605457 66.3729408 54.8133124 255 79 163
2.25390812e-17 69.4938476 53.5484679 255 79 163
-1.37593093e-17 69.4307944 53.9391689 255 79 163
9.98333129e-18 69.2935847 54.3082935 255 79 163
2.22996595e-17 69.0894243 54.6418677 255 79 163
6.42027045e-18 68.827941 54.928252 255 79 163
-1.05044659e-18 68.520475 55.1584704 255 79 163
1.95672383e-17 68.1793572 55.3263427 255 79 163
3.8373745e-17 67.8172264 55.4284335 255 79 163
1.67219397e-17 67.4464291 55.4638428 255 79 163
-1.3397605e-17 67.0785352 55.4338681 255 79 163
6.2873742e-17 66.7239922 55.3415801 255 79 163
2.00171824e-16 66.4491129 55.2221563 255 79 163
0.14260364 69.1262917 53.7248451 255 79 163
0.127952187 68.6709751 54.6524739 255 79 163
0.108277377 67.7869882 55.1685191 255 79 163
0.0936259237 66.7744938 55.119573 255 79 163
0.138675924 69.0303139 54.0793129 255 79 163
0.0587725491 68.9987064 54.3773857 255 79 163
0.135958774 68.9493547 54.2587489 255 79 163
0.239678918 68.9219891 54.1376944 255 79 163
0.133401836 68.8661722 54.4020273 255 79 163
0.120369682 68.3643608 54.9139377 255 79 163
0.0515429303 68.3144309 55.0492377 255 79 163
0.117193758 68.2240839 54.9993302 255 79 163
0.202036015 68.1305663 54.9744589 255 79 163
0.113443167 68.0486644 55.0832802 255 79 163
0.0434489102 67.2684521 55.2907146 255 79 163
0.100848133 67.3528166 55.2189735 255 79 163
0.0984730159 67.19058 55.2105877 255 79 163
0.209695713 68.70843 50.5570906 218 222 230
0.297831537 68.6624218 50.5855171 218 222 230
0.394187072 68.6340255 50.603062 218 222 230
0.49474007 68.6244265 50.6089928 218 222 230
0.49474007 68.9885956 53.2203025 218 222 230
0 69.4785937 53.1519682 218 222 230
0.0149599061 69.3590086 53.1686453 218 222 230
0.0568129069 69.2506098 53.1837624 218 222 230
0.118055643 69.1609242 53.1962698 218 222 230
0.198470638 69.086169 53.2066951 218 222 230
0.292022326 69.0316176 53.2143027 218 222 230
0.39121832 68.9994425 53.2187898 218 222 230
0.443658953 68.9912143 53.2199373 218 222 230
-2.77555756e-17 69.0526785 50.0979017 218 222 230
0.0248232441 68.9237676 50.2938836 218 222 230
0.0884985839 68.8160155 50.4452784 218 222 230
0.146753521 68.7559605 50.5163575 218 222 230
0.177465657 68.7310719 50.5401722 218 222 230
0.620085785 -1.11022302e-16 0 218 222 230
64.7214266 -1.11022302e-16 0 218 222 230
0.620085785 -1.11022302e-16 69.8461519 218 222 230
64.7214266 -1.11022302e-16 69.8461519 218 222 230
65.6067193 0.885292678 69.8461519 218 222 230
65.6067193 74.6366649 69.8461519 218 222 230
65.6067193 0.885292678 0 218 222 230
65.6067193 71.6256232 -4.4408921e-16 218 222 230
65.6067193 74.6366649 3.01104174 218 222 230
65.6067193 74.5611718 2.34102192 218 222 230
65.6067193 74.338478 1.70459969 218 222 230
65.6067193 73.9797504 1.13368792 218 222 230
65.6067193 73.502977 0.656914512 218 222 230
65.6067193 72.9320652 0.298186872 218 222 230
65.6067193 72.295643 0.0754931029 218 222 230
64.7214266 -1.11022302e-16 0 218 222 230
64.9184228 0.0221961358 0 218 222 230
65.1055407 0.0876715362 0 218 222 230
65.2733976 0.193142991 0 218 222 230
65.4135763 0.333321722 0 218 222 230
65.5190477 0.501178581 0 218 222 230
65.5845231 0.688296525 0 218 222 230
65.6067193 0.885292678 0 218 222 230
65.6067193 0.885292678 69.8461519 218 222 230
64.7214266 -1.11022302e-16 69.8461519 218 222 230
64.9184228 0.0221961358 69.8461519 218 222 230
65.1055407 0.0876715362 69.8461519 218 222 230
65.2733976 0.193142991 69.8461519 218 222 230
65.4135763 0.333321722 69.8461519 218 222 230
65.5190477 0.501178581 69.8461519 218 222 230
65.5845231 0.688296525 69.8461519 218 222 230
37.0566552 66.9624835 69.8461519 255 79 163
36.9463531 66.9624835 69.8337238 255 79 163
36.841582 66.9624835 69.7970628 255 79 163
36.7475956 66.9624835 69.7380072 255 79 163
36.6691067 66.9624835 69.6595184 255 79 163
36.6100512 66.9624835 69.565532 255 79 163
36.5733902 66.9624835 69.4607609 255 79 163
36.5609621 66.9624835 69.3504588 255 79 163
37.013193 67.3204263 69.8461519 255 79 163
36.8853325 67.6575667 69.8461519 255 79 163
36.6805044 67.9543114 69.8461519 255 79 163
36.4106126 68.1934147 69.8461519 255 79 163
36.0913422 68.3609808 69.8461519 255 79 163
35.741248 68.4472712 69.8461519 255 79 163
35.3806763 68.4472712 69.8461519 255 79 163
35.0305821 68.3609808 69.8461519 255 79 163
34.7113116 68.1934147 69.8461519 255 79 163
34.4414198 67.9543114 69.8461519 255 79 163
34.2365917 67.6575667 69.8461519 255 79 163
34.1087312 67.3204263 69.8461519 255 79 163
34.0652691 66.9624835 69.8461519 255 79 163
34.1087312 66.6045407 69.8461519 255 79 163
34.2365917 66.2674003 69.8461519 255 79 163
34.4414198 65.9706556 69.8461519 255 79 163
34.7113116 65.7315523 69.8461519 255 79 163
35.0305821 65.5639862 69.8461519 255 79 163
35.3806763 65.4776957 69.8461519 255 79 163
35.741248 65.4776957 69.8461519 255 79 163
36.0913422 65.5639862 69.8461519 255 79 163
36.4106126 65.7315523 69.8461519 255 79 163
36.6805044 65.9706556 69.8461519 255 79 163
36.8853325 66.2674003 69.8461519 255 79 163
37.013193 66.6045407 69.8461519 255 79 163
37.0566552 66.9624835 69.8461519 255 79 163
36.9463531 66.9624835 69.8337238 255 79 163
36.841582 66.9624835 69.7970628 255 79 163
36.7475956 66.9624835 69.7380072 255 79 163
36.6691067 66.9624835 69.6595184 255 79 163
36.6100512 66.9624835 69.565532 255 79 163
36.5733902 66.9624835 69.4607609 255 79 163
36.5609621 66.9624835 69.3504588 255 79 163
36.5319039 67.2017992 69.3504588 255 79 163
36.4464182 67.4272067 69.3504588 255 79 163
36.3094729 67.6256062 69.3504588 255 79 163
36.1290269 67.7854674 69.3504588 255 79 163
35.915567 67.8974997 69.3504588 255 79 163
35.6814988 67.9551924 69.3504588 255 79 163
35.4404255 67.9551924 69.3504588 255 79 163
35.2063572 67.8974997 69.3504588 255 79 163
34.9928974 67.7854674 69.3504588 255 79 163
34.8124514 67.6256062 69.3504588 255 79 163
34.6755061 67.4272067 69.3504588 255 79 163
34.5900203 67.2017992 69.3504588 255 79 163
34.5609621 66.9624835 69.3504588 255 79 163
34.5900203 66.7231678 69.3504588 255 79 163
34.6755061 66.4977603 69.3504588 255 79 163
34.8124514 66.2993608 69.3504588 255 79 163
34.9928974 66.1394996 69.3504588 255 79 163
35.2063572 66.0274672 69.3504588 255 79 163
35.4404255 65.9697746 69.3504588 255 79 163
35.6814988 65.9697746 69.3504588 255 79 163
35.915567 66.0274672 69.3504588 255 79 163
36.1290269 66.1394996 69.3504588 255 79 163
36.3094729 66.2993608 69.3504588 255 79 163
36.4464182 66.4977603 69.3504588 255 79 163
36.5319039 66.7231678 69.3504588 255 79 163
36.9060961 67.2940292 69.8337238 255 79 163
36.8043695 67.2689559 69.7970628 255 79 163
36.7131142 67.2464635 69.7380072 255 79 163
36.7876649 67.6063068 69.8337238 255 79 163
36.6369061 67.2276799 69.6595184 255 79 163
36.6948947 67.5576172 69.7970628 255 79 163
36.5795666 67.2135469 69.565532 255 79 163
36.6116739 67.5139396 69.7380072 255 79 163
36.5439709 67.2047734 69.4607609 255 79 163
36.5979422 67.8811676 69.8337238 255 79 163
36.5421755 67.477464 69.6595184 255 79 163
36.5195199 67.8116916 69.7970628 255 79 163
36.4898843 67.4500195 69.565532 255 79 163
36.44917 67.749367 69.7380072 255 79 163
36.4574227 67.4329823 69.4607609 255 79 163
36.3479539 68.1026379 69.8337238 255 79 163
36.3904203 67.6973193 69.6595184 255 79 163
36.2884371 68.016413 69.7970628 255 79 163
36.3462166 67.6581582 69.565532 255 79 163
36.2350468 67.9390637 69.7380072 255 79 163
36.3187754 67.6338475 69.4607609 255 79 163
36.0522285 68.2578465 69.8337238 255 79 163
36.19046 67.8744686 69.6595184 255 79 163
36.0150762 68.1598839 69.7970628 255 79 163
36.1569126 67.8258668 69.565532 255 79 163
35.9817482 68.0720051 69.7380072 255 79 163
36.1360868 67.7956955 69.4607609 255 79 163
35.7279526 68.3377734 69.8337238 255 79 163
35.9539156 67.9986167 69.6595184 255 79 163
35.7153238 68.2337662 69.7970628 255 79 163
35.9329742 67.9433988 69.565532 255 79 163
35.703995 68.1404651 69.7380072 255 79 163
35.9199741 67.9091202 69.4607609 255 79 163
35.3939717 68.3377734 69.8337238 255 79 163
35.6945342 68.0625485 69.6595184 255 79 163
35.4066005 68.2337662 69.7970628 255 79 163
35.6874158 68.0039235 69.565532 255 79 163
35.4179293 68.1404651 69.7380072 255 79 163
35.6829968 67.9675298 69.4607609 255 79 163
35.0696957 68.2578465 69.8337238 255 79 163
35.4273901 68.0625485 69.6595184 255 79 163
35.1068481 68.1598839 69.7970628 255 79 163
35.4345084 68.0039235 69.565532 255 79 163
35.1401761 68.0720051 69.7380072 255 79 163
35.4389274 67.9675298 69.4607609 255 79 163
34.7739704 68.1026379 69.8337238 255 79 163
35.1680086 67.9986167 69.6595184 255 79 163
34.8334871 68.016413 69.7970628 255 79 163
35.18895 67.9433988 69.565532 255 79 163
34.8868775 67.9390637 69.7380072 255 79 163
35.2019502 67.9091202 69.4607609 255 79 163
34.5239821 67.8811676 69.8337238 255 79 163
34.9314642 67.8744686 69.6595184 255 79 163
34.6024044 67.8116916 69.7970628 255 79 163
34.9650116 67.8258668 69.565532 255 79 163
34.6727542 67.749367 69.7380072 255 79 163
34.9858374 67.7956955 69.4607609 255 79 163
34.3342594 67.6063068 69.8337238 255 79 163
34.731504 67.6973193 69.6595184 255 79 163
34.4270295 67.5576172 69.7970628 255 79 163
34.7757077 67.6581582 69.565532 255 79 163
34.5102504 67.5139396 69.7380072 255 79 163
34.8031488 67.6338475 69.4607609 255 79 163
34.2158281 67.2940292 69.8337238 255 79 163
34.5797488 67.477464 69.6595184 255 79 163
34.3175547 67.2689559 69.7970628 255 79 163
34.6320399 67.4500195 69.565532 255 79 163
34.4088101 67.2464635 69.7380072 255 79 163
34.6645016 67.4329823 69.4607609 255 79 163
34.1755712 66.9624835 69.8337238 255 79 163
34.4850182 67.2276799 69.6595184 255 79 163
34.2803422 66.9624835 69.7970628 255 79 163
34.5423577 67.2135469 69.565532 255 79 163
34.3743286 66.9624835 69.7380072 255 79 163
34.5779534 67.2047734 69.4607609 255 79 163
34.2158281 66.6309377 69.8337238 255 79 163
34.4528175 66.9624835 69.6595184 255 79 163
34.3175547 66.6560111 69.7970628 255 79 163
34.5118731 66.9624835 69.565532 255 79 163
34.4088101 66.6785035 69.7380072 255 79 163
34.5485341 66.9624835 69.4607609 255 79 163
34.3342594 66.3186602 69.8337238 255 79 163
34.4850182 66.6972871 69.6595184 255 79 163
34.4270295 66.3673498 69.7970628 255 79 163
34.5423577 66.7114201 69.565532 255 79 163
34.5102504 66.4110274 69.7380072 255 79 163
34.5779534 66.7201936 69.4607609 255 79 163
34.5239821 66.0437994 69.8337238 255 79 163
34.5797488 66.447503 69.6595184 255 79 163
34.6024044 66.1132754 69.7970628 255 79 163
34.6320399 66.4749475 69.565532 255 79 163
34.6727542 66.1755999 69.7380072 255 79 163
34.6645016 66.4919847 69.4607609 255 79 163
34.7739704 65.8223291 69.8337238 255 79 163
34.731504 66.2276477 69.6595184 255 79 163
34.8334871 65.908554 69.7970628 255 79 163
34.7757077 66.2668088 69.565532 255 79 163
34.8868775 65.9859033 69.7380072 255 79 163
34.8031488 66.2911195 69.4607609 255 79 163
35.0696957 65.6671204 69.8337238 255 79 163
34.9314642 66.0504984 69.6595184 255 79 163
35.1068481 65.7650831 69.7970628 255 79 163
34.9650116 66.0991001 69.565532 255 79 163
35.1401761 65.8529619 69.7380072 255 79 163
34.9858374 66.1292715 69.4607609 255 79 163
35.3939717 65.5871936 69.8337238 255 79 163
35.1680086 65.9263503 69.6595184 255 79 163
35.4066005 65.6912008 69.7970628 255 79 163
35.18895 65.9815682 69.565532 255 79 163
35.4179293 65.7845019 69.7380072 255 79 163
35.2019502 66.0158468 69.4607609 255 79 163
35.7279526 65.5871936 69.8337238 255 79 163
35.4273901 65.8624185 69.6595184 255 79 163
35.7153238 65.6912008 69.7970628 255 79 163
35.4345084 65.9210435 69.565532 255 79 163
35.703995 65.7845019 69.7380072 255 79 163
35.4389274 65.9574372 69.4607609 255 79 163
36.0522285 65.6671204 69.8337238 255 79 163
35.6945342 65.8624185 69.6595184 255 79 163
36.0150762 65.7650831 69.7970628 255 79 163
35.6874158 65.9210435 69.565532 255 79 163
35.9817482 65.8529619 69.7380072 255 79 163
35.6829968 65.9574372 69.4607609 255 79 163
36.3479539 65.8223291 69.8337238 255 79 163
35.9539156 65.9263503 69.6595184 255 79 163
36.2884371 65.908554 69.7970628 255 79 163
35.9329742 65.9815682 69.565532 255 79 163
36.2350468 65.9859033 69.7380072 255 79 163
35.9199741 66.0158468 69.4607609 255 79 163
36.5979422 66.0437994 69.8337238 255 79 163
36.19046 66.0504984 69.6595184 255 79 163
36.5195199 66.1132754 69.7970628 255 79 163
36.1569126 66.0991001 69.565532 255 79 163
36.44917 66.1755999 69.7380072 255 79 163
36.1360868 66.1292715 69.4607609 255 79 163
36.7876649 66.3186602 69.8337238 255 79 163
36.3904203 66.2276477 69.6595184 255 79 163
36.6948947 66.3673498 69.7970628 255 79 163
36.3462166 66.2668088 69.565532 255 79 163
36.6116739 66.4110274 69.7380072 255 79 163
36.3187754 66.2911195 69.4607609 255 79 163
36.9060961 66.6309377 69.8337238 255 79 163
36.5421755 66.447503 69.6595184 255 79 163
36.8043695 66.6560111 69.7970628 255 79 163
36.4898843 66.4749475 69.565532 255 79 163
36.7131142 66.6785035 69.7380072 255 79 163
36.4574227 66.4919847 69.4607609 255 79 163
36.6369061 66.6972871 69.6595184 255 79 163
36.5795666 66.7114201 69.565532 255 79 163
36.5439709 66.7201936 69.4607609 255 79 163
44.7726145 59.0062877 69.6005398 255 79 163
44.8016727 59.2456034 69.6005398 255 79 163
44.8871585 59.4710109 69.6005398 255 79 163
45.0241037 59.6694104 69.6005398 255 79 163
45.2045497 59.8292716 69.6005398 255 79 163
45.4180096 59.941304 69.6005398 255 79 163
45.6520778 59.9989966 69.6005398 255 79 163
45.8931512 59.9989966 69.6005398 255 79 163
46.1272194 59.941304 69.6005398 255 79 163
46.3406792 59.8292716 69.6005398 255 79 163
46.5211252 59.6694104 69.6005398 255 79 163
46.6580705 59.4710109 69.6005398 255 79 163
46.7435563 59.2456034 69.6005398 255 79 163
46.7726145 59.0062877 69.6005398 255 79 163
46.7435563 58.766972 69.6005398 255 79 163
46.6580705 58.5415645 69.6005398 255 79 163
46.5211252 58.3431651 69.6005398 255 79 163
46.3406792 58.1833038 69.6005398 255 79 163
46.1272194 58.0712715 69.6005398 255 79 163
45.8931512 58.0135788 69.6005398 255 79 163
45.6520778 58.0135788 69.6005398 255 79 163
45.4180096 58.0712715 69.6005398 255 79 163
45.2045497 58.1833038 69.6005398 255 79 163
45.0241037 58.3431651 69.6005398 255 79 163
44.8871585 58.5415645 69.6005398 255 79 163
44.8016727 58.766972 69.6005398 255 79 163
44.7726145 59.0062877 69.6005398 255 79 163
44.5270024 59.0062877 69.8461519 255 79 163
44.5816562 59.0062877 69.8399938 255 79 163
44.6335695 59.0062877 69.8218286 255 79 163
44.680139 59.0062877 69.792567 255 79 163
44.7190297 59.0062877 69.7536764 255 79 163
44.7482912 59.0062877 69.7071069 255 79 163
44.7664565 59.0062877 69.6551936 255 79 163
44.5270024 59.0062877 69.8461519 255 79 163
44.5631976 59.3043822 69.8461519 255 79 163
44.6696798 59.5851525 69.8461519 255 79 163
44.8402604 59.8322813 69.8461519 255 79 163
45.0650262 60.0314064 69.8461519 255 79 163
45.3309143 60.1709552 69.8461519 255 79 163
45.6224725 60.2428179 69.8461519 255 79 163
45.9227564 60.2428179 69.8461519 255 79 163
46.2143146 60.1709552 69.8461519 255 79 163
46.4802028 60.0314064 69.8461519 255 79 163
46.7049685 59.8322813 69.8461519 255 79 163
46.8755492 59.5851525 69.8461519 255 79 163
46.9820313 59.3043822 69.8461519 255 79 163
47.0182266 59.0062877 69.8461519 255 79 163
46.9820313 58.7081932 69.8461519 255 79 163
46.8755492 58.4274229 69.8461519 255 79 163
46.7049685 58.1802941 69.8461519 255 79 163
46.4802028 57.9811691 69.8461519 255 79 163
46.2143146 57.8416202 69.8461519 255 79 163
45.9227564 57.7697575 69.8461519 255 79 163
45.6224725 57.7697575 69.8461519 255 79 163
45.3309143 57.8416202 69.8461519 255 79 163
45.0650262 57.9811691 69.8461519 255 79 163
44.8402604 58.1802941 69.8461519 255 79 163
44.6696798 58.4274229 69.8461519 255 79 163
44.5631976 58.7081932 69.8461519 255 79 163
44.5816562 59.0062877 69.8399938 255 79 163
44.6335695 59.0062877 69.8218286 255 79 163
44.680139 59.0062877 69.792567 255 79 163
44.7190297 59.0062877 69.7536764 255 79 163
44.7482912 59.0062877 69.7071069 255 79 163
44.7664565 59.0062877 69.6551936 255 79 163
44.6162633 58.7212727 69.8399938 255 79 163
44.6666681 58.7336964 69.8218286 255 79 163
44.7118844 58.7448412 69.792567 255 79 163
44.7496449 58.7541484 69.7536764 255 79 163
44.7780562 58.7611511 69.7071069 255 79 163
44.7180733 58.4528218 69.8399938 255 79 163
44.7956936 58.7654983 69.6551936 255 79 163
44.7640402 58.4769471 69.8218286 255 79 163
44.8052755 58.4985891 69.792567 255 79 163
44.8397115 58.5166624 69.7536764 255 79 163
44.8656213 58.530261 69.7071069 255 79 163
44.8811694 58.2165363 69.8399938 255 79 163
44.8817058 58.5387028 69.6551936 255 79 163
44.9200271 58.2509612 69.8218286 255 79 163
44.9548849 58.2818425 69.792567 255 79 163
44.9839949 58.3076317 69.7536764 255 79 163
45.0058975 58.3270358 69.7071069 255 79 163
45.0960731 58.0261483 69.8399938 255 79 163
45.0194944 58.3390815 69.6551936 255 79 163
45.1255632 58.0688721 69.8218286 255 79 163
45.1520177 58.107198 69.792567 255 79 163
45.1741101 58.1392044 69.7536764 255 79 163
45.1907326 58.1632862 69.7071069 255 79 163
45.3502949 57.8927224 69.8399938 255 79 163
45.2010516 58.1782359 69.6551936 255 79 163
45.3687036 57.9412621 69.8218286 255 79 163
45.3852173 57.9848054 69.792567 255 79 163
45.3990082 58.0211688 69.7536764 255 79 163
45.4093845 58.0485288 69.7071069 255 79 163
45.6290603 57.8240129 69.8399938 255 79 163
45.4158259 58.0655136 69.6551936 255 79 163
45.6353178 57.8755476 69.8218286 255 79 163
45.6409311 57.9217776 69.792567 255 79 163
45.6456189 57.9603847 69.7536764 255 79 163
45.649146 57.9894329 69.7071069 255 79 163
45.9161686 57.8240129 69.8399938 255 79 163
45.6513355 58.0074657 69.6551936 255 79 163
45.9099112 57.8755476 69.8218286 255 79 163
45.9042978 57.9217776 69.792567 255 79 163
45.8996101 57.9603847 69.7536764 255 79 163
45.896083 57.9894329 69.7071069 255 79 163
46.1949341 57.8927224 69.8399938 255 79 163
45.8938934 58.0074657 69.6551936 255 79 163
46.1765254 57.9412621 69.8218286 255 79 163
46.1600116 57.9848054 69.792567 255 79 163
46.1462208 58.0211688 69.7536764 255 79 163
46.1358445 58.0485288 69.7071069 255 79 163
46.4491559 58.0261483 69.8399938 255 79 163
46.129403 58.0655136 69.6551936 255 79 163
46.4196658 58.0688721 69.8218286 255 79 163
46.3932113 58.107198 69.792567 255 79 163
46.3711189 58.1392044 69.7536764 255 79 163
46.3544964 58.1632862 69.7071069 255 79 163
46.6640595 58.2165363 69.8399938 255 79 163
46.3441774 58.1782359 69.6551936 255 79 163
46.6252019 58.2509612 69.8218286 255 79 163
46.5903441 58.2818425 69.792567 255 79 163
46.561234 58.3076317 69.7536764 255 79 163
46.5393314 58.3270358 69.7071069 255 79 163
46.8271556 58.4528218 69.8399938 255 79 163
46.5257346 58.3390815 69.6551936 255 79 163
46.7811887 58.4769471 69.8218286 255 79 163
46.7399535 58.4985891 69.792567 255 79 163
46.7055175 58.5166624 69.7536764 255 79 163
46.6796077 58.530261 69.7071069 255 79 163
46.9289657 58.7212727 69.8399938 255 79 163
46.6635232 58.5387028 69.6551936 255 79 163
46.8785609 58.7336964 69.8218286 255 79 163
46.8333446 58.7448412 69.792567 255 79 163
46.795584 58.7541484 69.7536764 255 79 163
46.7671728 58.7611511 69.7071069 255 79 163
46.9635727 59.0062877 69.8399938 255 79 163
46.7495354 58.7654983 69.6551936 255 79 163
46.9116595 59.0062877 69.8218286 255 79 163
46.8650899 59.0062877 69.792567 255 79 163
46.8261993 59.0062877 69.7536764 255 79 163
46.7969377 59.0062877 69.7071069 255 79 163
46.9289657 59.2913027 69.8399938 255 79 163
46.7787725 59.0062877 69.6551936 255 79 163
46.8785609 59.278879 69.8218286 255 79 163
46.8333446 59.2677342 69.792567 255 79 163
46.795584 59.2584271 69.7536764 255 79 163
46.7671728 59.2514243 69.7071069 255 79 163
46.8271556 59.5597536 69.8399938 255 79 163
46.7495354 59.2470771 69.6551936 255 79 163
46.7811887 59.5356283 69.8218286 255 79 163
46.7399535 59.5139864 69.792567 255 79 163
46.7055175 59.495913 69.7536764 255 79 163
46.6796077 59.4823145 69.7071069 255 79 163
46.6640595 59.7960391 69.8399938 255 79 163
46.6635232 59.4738727 69.6551936 255 79 163
46.6252019 59.7616143 69.8218286 255 79 163
46.5903441 59.7307329 69.792567 255 79 163
46.561234 59.7049437 69.7536764 255 79 163
46.5393314 59.6855397 69.7071069 255 79 163
46.4491559 59.9864271 69.8399938 255 79 163
46.5257346 59.6734939 69.6551936 255 79 163
46.4196658 59.9437034 69.8218286 255 79 163
46.3932113 59.9053774 69.792567 255 79 163
46.3711189 59.873371 69.7536764 255 79 163
46.3544964 59.8492892 69.7071069 255 79 163
46.1949341 60.119853 69.8399938 255 79 163
46.3441774 59.8343395 69.6551936 255 79 163
46.1765254 60.0713133 69.8218286 255 79 163
46.1600116 60.02777 69.792567 255 79 163
46.1462208 59.9914066 69.7536764 255 79 163
46.1358445 59.9640466 69.7071069 255 79 163
45.9161686 60.1885625 69.8399938 255 79 163
46.129403 59.9470618 69.6551936 255 79 163
45.9099112 60.1370278 69.8218286 255 79 163
45.9042978 60.0907978 69.792567 255 79 163
45.8996101 60.0521907 69.7536764 255 79 163
45.896083 60.0231425 69.7071069 255 79 163
45.6290603 60.1885625 69.8399938 255 79 163
45.8938934 60.0051097 69.6551936 255 79 163
45.6353178 60.1370278 69.8218286 255 79 163
45.6409311 60.0907978 69.792567 255 79 163
45.6456189 60.0521907 69.7536764 255 79 163
45.649146 60.0231425 69.7071069 255 79 163
45.3502949 60.119853 69.8399938 255 79 163
45.6513355 60.0051097 69.6551936 255 79 163
45.3687036 60.0713133 69.8218286 255 79 163
45.3852173 60.02777 69.792567 255 79 163
45.3990082 59.9914066 69.7536764 255 79 163
45.4093845 59.9640466 69.7071069 255 79 163
45.0960731 59.9864271 69.8399938 255 79 163
45.4158259 59.9470618 69.6551936 255 79 163
45.1255632 59.9437034 69.8218286 255 79 163
45.1520177 59.9053774 69.792567 255 79 163
45.1741101 59.873371 69.7536764 255 79 163
45.1907326 59.8492892 69.7071069 255 79 163
44.8811694 59.7960391 69.8399938 255 79 163
45.2010516 59.8343395 69.6551936 255 79 163
44.9200271 59.7616143 69.8218286 255 79 163
44.9548849 59.7307329 69.792567 255 79 163
44.9839949 59.7049437 69.7536764 255 79 163
45.0058975 59.6855397 69.7071069 255 79 163
44.7180733 59.5597536 69.8399938 255 79 163
45.0194944 59.6734939 69.6551936 255 79 163
44.7640402 59.5356283 69.8218286 255 79 163
44.8052755 59.5139864 69.792567 255 79 163
44.8397115 59.495913 69.7536764 255 79 163
44.8656213 59.4823145 69.7071069 255 79 163
44.6162633 59.2913027 69.8399938 255 79 163
44.8817058 59.4738727 69.6551936 255 79 163
44.6666681 59.278879 69.8218286 255 79 163
44.7118844 59.2677342 69.792567 255 79 163
44.7496449 59.2584271 69.7536764 255 79 163
44.7780562 59.2514243 69.7071069 255 79 163
44.7956936 59.2470771 69.6551936 255 79 163
37.1873512 58.743004 -2.22044605e-16 255 79 163
37.1873512 58.442393 0.0338707236 255 79 163
37.1873512 58.1568559 0.133784475 255 79 163
37.1873512 57.9007107 0.294731162 255 79 163
37.1873512 57.6868017 0.508640244 255 79 163
37.1873512 57.525855 0.764785428 255 79 163
37.1873512 57.4259412 1.05032252 255 79 163
37.1873512 57.3920705 1.35093351 255 79 163
38.1181007 58.6299906 0 255 79 163
38.9947584 58.2975181 0 255 79 163
39.7663762 57.7649088 0 255 79 163
40.3881104 57.063116 0 255 79 163
40.8238281 56.2329252 0 255 79 163
41.048207 55.3225842 0 255 79 163
41.048207 54.3849986 0 255 79 163
40.8238281 53.4746576 0 255 79 163
40.3881104 52.6444668 0 255 79 163
39.7663762 51.942674 0 255 79 163
38.9947584 51.4100647 0 255 79 163
38.1181007 51.0775923 0 255 79 163
37.1873512 50.9645788 0 255 79 163
37.1873512 51.2651898 0.0338707236 255 79 163
37.1873512 51.5507269 0.133784475 255 79 163
37.1873512 51.8068721 0.294731162 255 79 163
37.1873512 52.0207812 0.508640244 255 79 163
37.1873512 52.1817279 0.764785428 255 79 163
37.1873512 52.2816416 1.05032252 255 79 163
37.1873512 52.3155123 1.35093351 255 79 163
37.7948011 57.3183127 1.35093351 255 79 163
38.3669483 57.1013259 1.35093351 255 79 163
38.8705415 56.7537206 1.35093351 255 79 163
39.2763139 56.2956983 1.35093351 255 79 163
39.5606833 55.7538776 1.35093351 255 79 163
39.7071233 55.1597471 1.35093351 255 79 163
39.7071233 54.5478357 1.35093351 255 79 163
39.5606833 53.9537052 1.35093351 255 79 163
39.2763139 53.4118845 1.35093351 255 79 163
38.8705415 52.9538622 1.35093351 255 79 163
38.3669483 52.6062569 1.35093351 255 79 163
37.7948011 52.3892701 1.35093351 255 79 163
38.0461597 58.3381148 0.0338707236 255 79 163
37.9778262 58.0608749 0.133784475 255 79 163
37.9165267 57.8121728 0.294731162 255 79 163
38.8550575 58.0313403 0.0338707236 255 79 163
37.8653349 57.6044795 0.508640244 255 79 163
38.7223618 57.7785098 0.133784475 255 79 163
37.8268178 57.4482097 0.764785428 255 79 163
38.6033252 57.5517045 0.294731162 255 79 163
39.5670342 57.5398983 0.0338707236 255 79 163
37.8029069 57.3511992 1.05032252 255 79 163
38.5039167 57.3622974 0.508640244 255 79 163
39.3776881 57.3261707 0.133784475 255 79 163
38.429121 57.2197862 0.764785428 255 79 163
39.2078324 57.1344433 0.294731162 255 79 163
40.1407124 56.8923495 0.0338707236 255 79 163
38.3826888 57.131317 1.05032252 255 79 163
39.0659844 56.97433 0.508640244 255 79 163
39.90572 56.7301459 0.133784475 255 79 163
38.9592571 56.8538597 0.764785428 255 79 163
39.6949166 56.5846389 0.294731162 255 79 163
40.542752 56.1263271 0.0338707236 255 79 163
38.893002 56.7790732 1.05032252 255 79 163
39.5188729 56.4631247 0.508640244 255 79 163
40.2757701 56.0250742 0.133784475 255 79 163
39.3864164 56.3716965 0.764785428 255 79 163
40.0362702 55.9342439 0.294731162 255 79 163
40.7497878 55.2863495 0.0338707236 255 79 163
39.304189 56.314939 1.05032252 255 79 163
39.8362618 55.8583907 0.508640244 255 79 163
40.4663326 55.2519318 0.133784475 255 79 163
39.685774 55.8013182 0.764785428 255 79 163
40.212055 55.2210569 0.294731162 255 79 163
40.7497878 54.4212333 0.0338707236 255 79 163
39.592353 55.7658883 1.05032252 255 79 163
39.9997056 55.1952731 0.508640244 255 79 163
40.4663326 54.455651 0.133784475 255 79 163
39.8399324 55.1758731 0.764785428 255 79 163
40.212055 54.4865259 0.294731162 255 79 163
40.542752 53.5812557 0.0338707236 255 79 163
39.7407471 55.1638298 1.05032252 255 79 163
39.9997056 54.5123098 0.508640244 255 79 163
40.2757701 53.6825086 0.133784475 255 79 163
39.8399324 54.5317097 0.764785428 255 79 163
40.0362702 53.7733389 0.294731162 255 79 163
40.1407124 52.8152333 0.0338707236 255 79 163
39.7407471 54.543753 1.05032252 255 79 163
39.8362618 53.8491921 0.508640244 255 79 163
39.90572 52.9774369 0.133784475 255 79 163
39.685774 53.9062646 0.764785428 255 79 163
39.6949166 53.122944 0.294731162 255 79 163
39.5670342 52.1676845 0.0338707236 255 79 163
39.592353 53.9416945 1.05032252 255 79 163
39.5188729 53.2444582 0.508640244 255 79 163
39.3776881 52.3814121 0.133784475 255 79 163
39.3864164 53.3358863 0.764785428 255 79 163
39.2078324 52.5731395 0.294731162 255 79 163
38.8550575 51.6762425 0.0338707236 255 79 163
39.304189 53.3926438 1.05032252 255 79 163
39.0659844 52.7332528 0.508640244 255 79 163
38.7223618 51.929073 0.133784475 255 79 163
38.9592571 52.8537231 0.764785428 255 79 163
38.6033252 52.1558783 0.294731162 255 79 163
38.0461597 51.369468 0.0338707236 255 79 163
38.893002 52.9285096 1.05032252 255 79 163
38.5039167 52.3452854 0.508640244 255 79 163
37.9778262 51.6467079 0.133784475 255 79 163
38.429121 52.4877966 0.764785428 255 79 163
37.9165267 51.89541 0.294731162 255 79 163
38.3826888 52.5762659 1.05032252 255 79 163
37.8653349 52.1031033 0.508640244 255 79 163
37.8268178 52.2593732 0.764785428 255 79 163
37.8029069 52.3563836 1.05032252 255 79 163
44.7726145 59.0062877 0 218 222 230
44.7726145 59.0062877 69.6005398 218 222 230
44.7726145 59.0062877 0 218 222 230
44.8016727 59.2456034 0 218 222 230
44.8871585 59.4710109 0 218 222 230
45.0241037 59.6694104 0 218 222 230
45.2045497 59.8292716 0 218 222 230
45.4180096 59.941304 0 218 222 230
45.6520778 59.9989966 0 218 222 230
45.8931512 59.9989966 0 218 222 230
46.1272194 59.941304 0 218 222 230
46.3406792 59.8292716 0 218 222 230
46.5211252 59.6694104 0 218 222 230
46.6580705 59.4710109 0 218 222 230
46.7435563 59.2456034 0 218 222 230
46.7726145 59.0062877 0 218 222 230
46.7435563 58.766972 0 218 222 230
46.6580705 58.5415645 0 218 222 230
46.5211252 58.3431651 0 218 222 230
46.3406792 58.1833038 0 218 222 230
46.1272194 58.0712715 0 218 222 230
45.8931512 58.0135788 0 218 222 230
45.6520778 58.0135788 0 218 222 230
45.4180096 58.0712715 0 218 222 230
45.2045497 58.1833038 0 218 222 230
45.0241037 58.3431651 0 218 222 230
44.8871585 58.5415645 0 218 222 230
44.8016727 58.766972 0 218 222 230
44.7726145 59.0062877 69.6005398 218 222 230
44.8016727 59.2456034 69.6005398 218 222 230
44.8871585 59.4710109 69.6005398 218 222 230
45.0241037 59.6694104 69.6005398 218 222 230
45.2045497 59.8292716 69.6005398 218 222 230
45.4180096 59.941304 69.6005398 218 222 230
45.6520778 59.9989966 69.6005398 218 222 230
45.8931512 59.9989966 69.6005398 218 222 230
46.1272194 59.941304 69.6005398 218 222 230
46.3406792 59.8292716 69.6005398 218 222 230
46.5211252 59.6694104 69.6005398 218 222 230
46.6580705 59.4710109 69.6005398 218 222 230
46.7435563 59.2456034 69.6005398 218 222 230
46.7726145 59.0062877 69.6005398 218 222 230
46.7435563 58.766972 69.6005398 218 222 230
46.6580705 58.5415645 69.6005398 218 222 230
46.5211252 58.3431651 69.6005398 218 222 230
46.3406792 58.1833038 69.6005398 218 222 230
46.1272194 58.0712715 69.6005398 218 222 230
45.8931512 58.0135788 69.6005398 218 222 230
45.6520778 58.0135788 69.6005398 218 222 230
45.4180096 58.0712715 69.6005398 218 222 230
45.2045497 58.1833038 69.6005398 218 222 230
45.0241037 58.3431651 69.6005398 218 222 230
44.8871585 58.5415645 69.6005398 218 222 230
44.8016727 58.766972 69.6005398 218 222 230
37.1873512 57.3920705 1.35093351 218 222 230
37.1873512 57.3920705 62.4461301 218 222 230
37.7948011 57.3183127 62.4461301 218 222 230
38.3669483 57.1013259 62.4461301 218 222 230
38.8705415 56.7537206 62.4461301 218 222 230
39.2763139 56.2956983 62.4461301 218 222 230
39.5606833 55.7538776 62.4461301 218 222 230
39.7071233 55.1597471 62.4461301 218 222 230
39.7071233 54.5478357 62.4461301 218 222 230
39.5606833 53.9537052 62.4461301 218 222 230
39.2763139 53.4118845 62.4461301 218 222 230
38.8705415 52.9538622 62.4461301 218 222 230
38.3669483 52.6062569 62.4461301 218 222 230
37.7948011 52.3892701 62.4461301 218 222 230
37.1873512 52.3155123 62.4461301 218 222 230
37.1873512 52.3155123 1.35093351 218 222 230
37.7948011 57.3183127 1.35093351 218 222 230
38.3669483 57.1013259 1.35093351 218 222 230
38.8705415 56.7537206 1.35093351 218 222 230
39.2763139 56.2956983 1.35093351 218 222 230
39.5606833 55.7538776 1.35093351 218 222 230
39.7071233 55.1597471 1.35093351 218 222 230
39.7071233 54.5478357 1.35093351 218 222 230
39.5606833 53.9537052 1.35093351 218 222 230
39.2763139 53.4118845 1.35093351 218 222 230
38.8705415 52.9538622 1.35093351 218 222 230
38.3669483 52.6062569 1.35093351 218 222 230
37.7948011 52.3892701 1.35093351 218 222 230
37.1873512 52.3155123 62.4461301 255 79 163
37.1873512 52.3212606 62.4971477 255 79 163
37.1873512 52.3382173 62.545607 255 79 163
37.1873512 52.365532 62.5890781 255 79 163
37.1873512 52.4018351 62.6253813 255 79 163
37.1873512 52.4453063 62.652696 255 79 163
37.1873512 52.4937656 62.6696526 255 79 163
37.1873512 52.5447832 62.6754009 255 79 163
0.211223683 52.5447832 62.6754009 255 79 163
0.176019736 52.4854435 62.6675887 255 79 163
0.140815789 52.4301477 62.6446845 255 79 163
0.105611841 52.3826642 62.6082491 255 79 163
0.0704078943 52.346227 62.5607612 255 79 163
0.0352039472 52.3233263 62.5054741 255 79 163
0 52.3155123 62.4461301 255 79 163
0.211223683 54.9803123 62.6754009 255 79 163
0.177061492 55.550203 62.6068361 255 79 163
0.145149609 56.0878189 62.4051347 255 79 163
0.114435087 56.5625125 62.0819611 255 79 163
0.0840060209 56.9474827 61.655797 255 79 163
0.0529904423 57.2210994 61.1509165 255 79 163
0.0272503245 57.3489829 60.7115051 255 79 163
0 57.3920705 60.2560679 255 79 163
7.75043757 55.3897195 62.6754009 255 79 163
17.8027227 56.1685108 62.6754009 255 79 163
27.495037 56.8598933 62.6754009 255 79 163
32.3411941 57.0802813 62.6754009 255 79 163
37.1873512 57.1627997 62.6754009 255 79 163
37.1873512 57.3920705 62.4461301 255 79 163
37.1873512 57.3851378 62.5020842 255 79 163
37.1873512 57.3657424 62.5528041 255 79 163
37.1873512 57.3373615 62.5947681 255 79 163
37.1873512 57.3000959 62.6297462 255 79 163
37.1873512 57.2567425 62.6552709 255 79 163
37.1873512 57.2107734 62.6703256 255 79 163
37.1873512 57.1864715 62.6741756 255 79 163
7.48895203 57.3920705 60.6551725 255 79 163
17.4742214 57.3920705 61.4254742 255 79 163
27.3307863 57.3920705 62.1338226 255 79 163
32.2590687 57.3920705 62.3609103 255 79 163
3.77097124 57.3542541 60.8371193 255 79 163
3.78647902 57.2940213 61.0839613 255 79 163
2.56246438 57.1327317 61.4278976 255 79 163
3.80169356 57.20559 61.324414 255 79 163
2.58284557 56.9403899 61.7373704 255 79 163
3.81705082 57.0864905 61.5601158 255 79 163
3.83300676 56.9319628 61.7916898 255 79 163
2.60372104 56.6926037 62.0218333 255 79 163
3.85008786 56.7346232 62.0179536 255 79 163
2.62574573 56.385525 62.2733965 255 79 163
5.15020443 56.2832066 62.3981849 255 79 163
29.0282973 57.334586 62.4454631 255 79 163
30.6984332 57.201438 62.6277428 255 79 163
32.3001314 57.3003554 62.5836858 255 79 163
1.41848471 55.7003324 62.5778643 255 79 163
4.2358849 57.1133711 61.5298823 255 79 163
4.24612567 57.0221381 61.6805566 255 79 163
4.46058783 56.9888301 61.7377101 255 79 163
4.46834173 56.9086414 61.8448462 255 79 163
4.47594899 56.8235619 61.9453377 255 79 163
5.47004256 57.2228685 61.3607841 255 79 163
6.31957823 57.1241299 61.6036387 255 79 163
6.84011226 56.1722981 62.4949612 255 79 163
7.6196948 56.8029699 62.0863004 255 79 163
6.75295042 57.0284872 61.7775727 255 79 163
7.68506618 56.1239381 62.5344973 255 79 163
8.67106127 57.2226324 61.5299997 255 79 163
7.55432341 57.2505393 61.40162 255 79 163
10.904537 57.1656184 61.7695925 255 79 163
8.75822312 56.5540213 62.3360256 255 79 163
10.1813835 56.2373297 62.5470964 255 79 163
9.32748728 56.4261017 62.4339087 255 79 163
10.4224347 56.6070958 62.3575186 255 79 163
11.5684092 56.3743863 62.5248559 255 79 163
14.3424606 56.6243817 62.4834787 255 79 163
12.6123295 56.9116542 62.1949847 255 79 163
14.1893792 57.346268 61.5303386 255 79 163
15.0432754 57.2905416 61.7616408 255 79 163
14.8096705 57.1347027 62.03986 255 79 163
15.908341 57.2162748 61.972218 255 79 163
16.4850513 57.1584633 62.0985343 255 79 163
17.5563467 57.3047743 61.8897348 255 79 163
18.7701461 56.8947091 62.4739901 255 79 163
17.7205974 56.6147352 62.5890303 255 79 163
19.3359831 56.8291744 62.5346769 255 79 163
20.4129069 56.9505572 62.4966063 255 79 163
22.5667545 57.1414518 62.4247823 255 79 163
20.8692435 57.2665549 62.1733385 255 79 163
20.1847386 56.7378549 62.6027103 255 79 163
24.2095153 57.0143078 62.5809603 255 79 163
24.9487704 57.3436612 62.239717 255 79 163
25.7701508 57.3108069 62.3503465 255 79 163
28.2616671 57.1418035 62.6128342 255 79 163
29.8770528 57.2722237 62.5555542 255 79 163
27.4129116 57.2348267 62.5181571 255 79 163
31.478751 57.3483713 62.5006041 255 79 163
0.518493724 56.730727 61.9296364 255 79 163
0.538975272 56.4443702 62.1863622 255 79 163
0.735737575 56.6094363 62.0531085 255 79 163
0.751245365 56.3838395 62.2348741 255 79 163
1.34464651 56.8141689 61.8582411 255 79 163
2.18793155 56.6831162 62.0195463 255 79 163
2.00066514 56.3875734 62.257898 255 79 163
2.20168378 56.4940845 62.1841665 255 79 163
1.99047454 56.5357712 62.1457765 255 79 163
5.31012349 56.8443824 61.9524464 255 79 163
5.64660841 56.9488611 61.8394645 255 79 163
6.10329831 56.5799244 62.2283403 255 79 163
7.12095122 57.3069392 61.2142705 255 79 163
6.63754697 56.8280998 62.0213284 255 79 163
6.57984525 56.7134024 62.1320904 255 79 163
8.25433034 55.9864518 62.593504 255 79 163
8.99927428 56.892214 62.0510127 255 79 163
11.2364731 56.8221363 62.2191378 255 79 163
13.7147231 57.033492 62.1151221 255 79 163
14.2659199 57.0866807 62.0768369 255 79 163
16.2100782 56.665622 62.5220455 255 79 163
17.9335714 57.2785114 61.9747852 255 79 163
17.6384721 57.0298392 62.3131696 255 79 163
17.143887 56.6890953 62.5393049 255 79 163
18.1221837 57.2643453 62.0156634 255 79 163
17.3361238 56.6637594 62.5573529 255 79 163
19.0378703 57.2644283 62.070757 255 79 163
26.6325939 57.0943102 62.6009609 255 79 163
27.7962267 57.3262553 62.4121403 255 79 163
31.9099725 57.225288 62.6337053 255 79 163
0.457298945 57.2911678 60.961754 255 79 163
0.272872024 57.1326471 61.353495 255 79 163
0.672323255 57.2527837 61.0857849 255 79 163
0.685948417 57.1583348 61.3132821 255 79 163
0.630130186 57.039396 61.5306584 255 79 163
1.3023703 57.2164082 61.2018687 255 79 163
0.481234524 55.6923498 62.5705197 255 79 163
1.38156561 56.2996213 62.3037027 255 79 163
17.3501169 57.0630904 62.2644604 255 79 163
26.9816901 57.3202907 62.3882818 255 79 163
0.211223683 52.5447832 62.6754009 218 222 230
0.211223683 54.9803123 62.6754009 218 222 230
7.75043757 55.3897195 62.6754009 218 222 230
17.8027227 56.1685108 62.6754009 218 222 230
27.495037 56.8598933 62.6754009 218 222 230
32.3411941 57.0802813 62.6754009 218 222 230
37.1873512 57.1627997 62.6754009 218 222 230
37.739933 57.0957041 62.6754009 218 222 230
38.2604008 56.8983167 62.6754009 218 222 230
38.7185069 56.5821089 62.6754009 218 222 230
39.0876277 56.1654576 62.6754009 218 222 230
39.3463114 55.672577 62.6754009 218 222 230
39.4795241 55.1321116 62.6754009 218 222 230
39.4795241 54.5754712 62.6754009 218 222 230
39.3463114 54.0350058 62.6754009 218 222 230
39.0876277 53.5421252 62.6754009 218 222 230
38.7185069 53.1254739 62.6754009 218 222 230
38.2604008 52.8092661 62.6754009 218 222 230
37.739933 52.6118787 62.6754009 218 222 230
37.1873512 52.5447832 62.6754009 218 222 230
0.49474007 68.6244265 50.6089928 218 222 230
35.8896487 68.6244265 50.6089928 218 222 230
35.8896487 64.2518346 53.3106297 218 222 230
0.257709967 64.2518346 53.3106297 218 222 230
0.209695713 64.2476662 53.3132052 218 222 230
0.209695713 68.70843 50.5570906 218 222 230
0.297831537 68.6624218 50.5855171 218 222 230
0.394187072 68.6340255 50.603062 218 222 230
0.257709967 64.2518346 53.3106297 218 222 230
35.8896487 64.2518346 53.3106297 218 222 230
35.8896487 66.3739032 54.8119521 218 222 230
0.311798111 66.3739032 54.8119521 218 222 230
0.49474007 68.9885956 53.2203025 218 222 230
35.8896487 68.9885956 53.2203025 218 222 230
0.490208026 68.9992907 53.5833246 218 222 230
0.477821892 68.9311402 53.9400523 218 222 230
0.459396664 68.7873759 54.2735657 218 222 230
0.436747341 68.574817 54.5680452 218 222 230
0.411688918 68.3035462 54.8095227 218 222 230
0.386036394 67.9864303 54.9865445 218 222 230
0.361604765 67.6385106 55.090714 218 222 230
0.340209028 67.2762901 55.1170903 218 222 230
0.32366418 66.91695 55.064422 218 222 230
0.314935929 66.6340003 54.9627645 218 222 230
0.311798111 66.3739032 54.8119521 218 222 230
35.8896487 66.3739032 54.8119521 218 222 230
35.8896487 68.9972256 53.6070577 218 222 230
35.8896487 68.9165074 53.9853943 218 222 230
35.8896487 68.750785 54.3349513 218 222 230
35.8896487 68.5089771 54.6369165 218 222 230
35.8896487 68.2040972 54.8750389 218 222 230
35.8896487 67.8525532 55.0365034 218 222 230
35.8896487 67.4732641 55.1126205 218 222 230
35.8896487 67.0866422 55.0992936 218 222 230
35.8896487 66.7134947 54.9972401 218 222 230
0.49474007 68.6244265 50.6089928 218 222 230
35.8896487 68.6244265 50.6089928 218 222 230
0.49474007 68.9885956 53.2203025 218 222 230
35.8896487 68.9885956 53.2203025 218 222 230
36.5609621 66.9624835 69.3504588 218 222 230
36.5609621 66.9624835 61.3149541 218 222 230
36.5319039 67.2017992 61.3149541 218 222 230
36.4464182 67.4272067 61.3149541 218 222 230
36.3094729 67.6256062 61.3149541 218 222 230
36.1290269 67.7854674 61.3149541 218 222 230
35.915567 67.8974997 61.3149541 218 222 230
35.6814988 67.9551924 61.3149541 218 222 230
35.4404255 67.9551924 61.3149541 218 222 230
35.2063572 67.8974997 61.3149541 218 222 230
34.9928974 67.7854674 61.3149541 218 222 230
34.8124514 67.6256062 61.3149541 218 222 230
34.6755061 67.4272067 61.3149541 218 222 230
34.5900203 67.2017992 61.3149541 218 222 230
34.5609621 66.9624835 61.3149541 218 222 230
34.5900203 66.7231678 61.3149541 218 222 230
34.6755061 66.4977603 61.3149541 218 222 230
34.8124514 66.2993608 61.3149541 218 222 230
34.9928974 66.1394996 61.3149541 218 222 230
35.2063572 66.0274672 61.3149541 218 222 230
35.4404255 65.9697746 61.3149541 218 222 230
35.6814988 65.9697746 61.3149541 218 222 230
35.915567 66.0274672 61.3149541 218 222 230
36.1290269 66.1394996 61.3149541 218 222 230
36.3094729 66.2993608 61.3149541 218 222 230
36.4464182 66.4977603 61.3149541 218 222 230
36.5319039 66.7231678 61.3149541 218 222 230
36.5609621 66.9624835 61.3149541 218 222 230
36.5609621 66.9624835 69.3504588 218 222 230
36.5319039 67.2017992 69.3504588 218 222 230
36.4464182 67.4272067 69.3504588 218 222 230
36.3094729 67.6256062 69.3504588 218 222 230
36.1290269 67.7854674 69.3504588 218 222 230
35.915567 67.8974997 69.3504588 218 222 230
35.6814988 67.9551924 69.3504588 218 222 230
35.4404255 67.9551924 69.3504588 218 222 230
35.2063572 67.8974997 69.3504588 218 222 230
34.9928974 67.7854674 69.3504588 218 222 230
34.8124514 67.6256062 69.3504588 218 222 230
34.6755061 67.4272067 69.3504588 218 222 230
34.5900203 67.2017992 69.3504588 218 222 230
34.5609621 66.9624835 69.3504588 218 222 230
34.5900203 66.7231678 69.3504588 218 222 230
34.6755061 66.4977603 69.3504588 218 222 230
34.8124514 66.2993608 69.3504588 218 222 230
34.9928974 66.1394996 69.3504588 218 222 230
35.2063572 66.0274672 69.3504588 218 222 230
35.4404255 65.9697746 69.3504588 218 222 230
35.6814988 65.9697746 69.3504588 218 222 230
35.915567 66.0274672 69.3504588 218 222 230
36.1290269 66.1394996 69.3504588 218 222 230
36.3094729 66.2993608 69.3504588 218 222 230
36.4464182 66.4977603 69.3504588 218 222 230
36.5319039 66.7231678 69.3504588 218 222 230
37.1873512 57.1627997 62.6754009 255 79 163
37.739933 57.0957041 62.6754009 255 79 163
38.2604008 56.8983167 62.6754009 255 79 163
38.7185069 56.5821089 62.6754009 255 79 163
39.0876277 56.1654576 62.6754009 255 79 163
39.3463114 55.672577 62.6754009 255 79 163
39.4795241 55.1321116 62.6754009 255 79 163
39.4795241 54.5754712 62.6754009 255 79 163
39.3463114 54.0350058 62.6754009 255 79 163
39.0876277 53.5421252 62.6754009 255 79 163
38.7185069 53.1254739 62.6754009 255 79 163
38.2604008 52.8092661 62.6754009 255 79 163
37.739933 52.6118787 62.6754009 255 79 163
37.1873512 52.5447832 62.6754009 255 79 163
37.1873512 52.3155123 62.4461301 255 79 163
37.1873512 52.3212606 62.4971477 255 79 163
37.1873512 52.3382173 62.545607 255 79 163
37.1873512 52.365532 62.5890781 255 79 163
37.1873512 52.4018351 62.6253813 255 79 163
37.1873512 52.4453063 62.652696 255 79 163
37.1873512 52.4937656 62.6696526 255 79 163
37.1873512 57.3920705 62.4461301 255 79 163
37.7948011 57.3183127 62.4461301 255 79 163
38.3669483 57.1013259 62.4461301 255 79 163
38.8705415 56.7537206 62.4461301 255 79 163
39.2763139 56.2956983 62.4461301 255 79 163
39.5606833 55.7538776 62.4461301 255 79 163
39.7071233 55.1597471 62.4461301 255 79 163
39.7071233 54.5478357 62.4461301 255 79 163
39.5606833 53.9537052 62.4461301 255 79 163
39.2763139 53.4118845 62.4461301 255 79 163
38.8705415 52.9538622 62.4461301 255 79 163
38.3669483 52.6062569 62.4461301 255 79 163
37.7948011 52.3892701 62.4461301 255 79 163
37.1873512 57.3851378 62.5020842 255 79 163
37.1873512 57.3657424 62.5528041 255 79 163
37.1873512 57.3373615 62.5947681 255 79 163
37.1873512 57.3000959 62.6297462 255 79 163
37.1873512 57.2567425 62.6552709 255 79 163
37.1873512 57.2107734 62.6703256 255 79 163
37.1873512 57.1864715 62.6741756 255 79 163
37.7934255 52.3948514 62.4971477 255 79 163
37.7893675 52.4113153 62.545607 255 79 163
37.7828306 52.4378363 62.5890781 255 79 163
37.7741427 52.4730845 62.6253813 255 79 163
37.7637394 52.5152925 62.652696 255 79 163
37.7521423 52.5623437 62.6696526 255 79 163
38.3642769 52.6113468 62.4971477 255 79 163
38.3563968 52.6263611 62.545607 255 79 163
38.343703 52.6505471 62.5890781 255 79 163
38.3268321 52.6826919 62.6253813 255 79 163
38.30663 52.7211837 62.652696 255 79 163
38.2841098 52.7640923 62.6696526 255 79 163
38.8667297 52.9581649 62.4971477 255 79 163
38.8554854 52.9708571 62.545607 255 79 163
38.8373724 52.9913025 62.5890781 255 79 163
38.8132989 53.0184758 62.6253813 255 79 163
38.7844722 53.0510144 62.652696 255 79 163
38.7523378 53.0872867 62.6696526 255 79 163
39.2715831 53.41515 62.4971477 255 79 163
39.2576281 53.4247824 62.545607 255 79 163
39.2351485 53.440299 62.5890781 255 79 163
39.2052716 53.4609215 62.6253813 255 79 163
39.1694956 53.4856159 62.652696 255 79 163
39.1296143 53.5131439 62.6696526 255 79 163
39.5553086 53.9557436 62.4971477 255 79 163
39.5394538 53.9617565 62.545607 255 79 163
39.5139141 53.9714425 62.5890781 255 79 163
39.4799701 53.9843157 62.6253813 255 79 163
39.4393239 53.9997308 62.652696 255 79 163
39.3940136 54.0169147 62.6696526 255 79 163
39.7014169 54.5485286 62.4971477 255 79 163
39.6845839 54.5505725 62.545607 255 79 163
39.6574684 54.5538649 62.5890781 255 79 163
39.6214299 54.5582407 62.6253813 255 79 163
39.5782757 54.5634806 62.652696 255 79 163
39.5301697 54.5693217 62.6696526 255 79 163
39.7014169 55.1590543 62.4971477 255 79 163
39.6845839 55.1570104 62.545607 255 79 163
39.6574684 55.1537179 62.5890781 255 79 163
39.6214299 55.1493421 62.6253813 255 79 163
39.5782757 55.1441022 62.652696 255 79 163
39.5301697 55.1382611 62.6696526 255 79 163
39.5553086 55.7518392 62.4971477 255 79 163
39.5394538 55.7458263 62.545607 255 79 163
39.5139141 55.7361404 62.5890781 255 79 163
39.4799701 55.7232671 62.6253813 255 79 163
39.4393239 55.707852 62.652696 255 79 163
39.3940136 55.6906681 62.6696526 255 79 163
39.2715831 56.2924329 62.4971477 255 79 163
39.2576281 56.2828004 62.545607 255 79 163
39.2351485 56.2672839 62.5890781 255 79 163
39.2052716 56.2466613 62.6253813 255 79 163
39.1694956 56.2219669 62.652696 255 79 163
39.1296143 56.1944389 62.6696526 255 79 163
38.8667297 56.7494179 62.4971477 255 79 163
38.8554854 56.7367257 62.545607 255 79 163
38.8373724 56.7162803 62.5890781 255 79 163
38.8132989 56.689107 62.6253813 255 79 163
38.7844722 56.6565684 62.652696 255 79 163
38.7523378 56.6202961 62.6696526 255 79 163
38.3642769 57.0962361 62.4971477 255 79 163
38.3563968 57.0812217 62.545607 255 79 163
38.343703 57.0570357 62.5890781 255 79 163
38.3268321 57.0248909 62.6253813 255 79 163
38.30663 56.9863991 62.652696 255 79 163
38.2841098 56.9434905 62.6696526 255 79 163
37.7934255 57.3127315 62.4971477 255 79 163
37.7893675 57.2962675 62.545607 255 79 163
37.7828306 57.2697465 62.5890781 255 79 163
37.7741427 57.2344983 62.6253813 255 79 163
37.7637394 57.1922903 62.652696 255 79 163
37.7521423 57.1452392 62.6696526 255 79 163
35.8896487 64.2518346 53.3106297 218 222 230
35.8896487 66.3739032 54.8119521 218 222 230
35.8896487 68.9885956 53.2203025 218 222 230
35.8896487 68.9972256 53.6070577 218 222 230
35.8896487 68.9165074 53.9853943 218 222 230
35.8896487 68.750785 54.3349513 218 222 230
35.8896487 68.5089771 54.6369165 218 222 230
35.8896487 68.2040972 54.8750389 218 222 230
35.8896487 67.8525532 55.0365034 218 222 230
35.8896487 67.4732641 55.1126205 218 222 230
35.8896487 67.0866422 55.0992936 218 222 230
35.8896487 66.7134947 54.9972401 218 222 230
35.8896487 68.6244265 50.6089928 218 222 230
36.5609621 66.9624835 61.3149541 218 222 230
36.5319039 67.2017992 61.3149541 218 222 230
36.4464182 67.4272067 61.3149541 218 222 230
36.3094729 67.6256062 61.3149541 218 222 230
36.1290269 67.7854674 61.3149541 218 222 230
35.915567 67.8974997 61.3149541 218 222 230
35.6814988 67.9551924 61.3149541 218 222 230
35.4404255 67.9551924 61.3149541 218 222 230
35.2063572 67.8974997 61.3149541 218 222 230
34.9928974 67.7854674 61.3149541 218 222 230
34.8124514 67.6256062 61.3149541 218 222 230
34.6755061 67.4272067 61.3149541 218 222 230
34.5900203 67.2017992 61.3149541 218 222 230
34.5609621 66.9624835 61.3149541 218 222 230
34.5900203 66.7231678 61.3149541 218 222 230
34.6755061 66.4977603 61.3149541 218 222 230
34.8124514 66.2993608 61.3149541 218 222 230
34.9928974 66.1394996 61.3149541 218 222 230
35.2063572 66.0274672 61.3149541 218 222 230
35.4404255 65.9697746 61.3149541 218 222 230
35.6814988 65.9697746 61.3149541 218 222 230
35.915567 66.0274672 61.3149541 218 222 230
36.1290269 66.1394996 61.3149541 218 222 230
36.3094729 66.2993608 61.3149541 218 222 230
36.4464182 66.4977603 61.3149541 218 222 230
36.5319039 66.7231678 61.3149541 218 222 230
3 47 45 46
3 43 44 45
3 43 45 47
3 41 42 43
3 41 47 48
3 41 43 47
3 38 36 37
3 39 34 35
3 39 35 36
3 39 36 38
3 40 34 39
3 33 41 34
3 33 42 41
3 33 34 40
3 4 6 5
3 4 7 6
3 4 8 7
3 3 8 4
3 3 9 8
3 3 10 9
3 64 42 33
3 1 42 64
3 1 51 52
3 1 52 53
3 1 53 54
3 1 54 55
3 1 55 56
3 1 56 57
3 1 57 58
3 1 58 59
3 1 59 60
3 1 60 61
3 1 64 51
3 2 10 3
3 32 50 49
3 32 63 50
3 31 63 32
3 31 62 63
3 30 62 31
3 30 61 62
3 29 1 61
3 29 61 30
3 28 1 29
3 27 1 28
3 26 1 27
3 25 1 26
3 24 1 25
3 23 1 24
3 22 1 23
3 11 10 2
3 12 1 22
3 13 1 12
3 0 13 14
3 0 14 15
3 0 15 16
3 0 16 17
3 0 17 18
3 0 18 19
3 0 19 20
3 0 20 21
3 0 21 11
3 0 11 2
3 0 1 13
3 32 49 33
3 49 64 33
3 73 65 67
3 73 67 68
3 73 68 69
3 73 69 70
3 73 70 71
3 73 71 72
3 77 74 75
3 77 75 76
3 79 77 78
3 81 79 80
3 81 77 79
3 81 74 77
3 99 66 65
3 100 99 65
3 98 66 99
3 101 100 65
3 97 66 98
3 96 66 97
3 95 66 96
3 94 66 95
3 93 66 94
3 92 66 93
3 132 101 65
3 131 132 65
3 131 65 73
3 133 101 132
3 133 102 101
3 130 73 74
3 130 131 73
3 134 103 102
3 134 102 133
3 91 66 92
3 129 74 81
3 129 130 74
3 109 103 134
3 109 104 103
3 128 129 81
3 110 104 109
3 110 105 104
3 127 128 81
3 111 106 105
3 111 105 110
3 126 127 81
3 112 107 106
3 112 106 111
3 125 126 81
3 113 108 107
3 113 107 112
3 124 125 81
3 114 83 108
3 114 108 113
3 115 84 83
3 115 83 114
3 116 85 84
3 116 84 115
3 117 85 116
3 82 86 85
3 82 87 86
3 82 88 87
3 82 89 88
3 82 117 118
3 82 118 119
3 82 119 120
3 82 120 121
3 82 121 122
3 82 122 123
3 82 123 124
3 82 124 81
3 82 85 117
3 82 66 90
3 90 66 91
3 82 90 89
3 145 135 136
3 145 136 137
3 145 144 135
3 146 145 137
3 147 137 138
3 147 146 137
3 148 138 139
3 148 139 140
3 148 147 138
3 149 148 140
3 150 140 141
3 150 149 140
3 143 141 142
3 143 150 141
3 152 151 153
3 152 153 154
3 163 157 155
3 163 158 157
3 163 159 158
3 163 160 159
3 163 161 160
3 163 162 161
3 167 165 164
3 167 166 165
3 169 168 167
3 171 170 169
3 171 167 164
3 171 169 167
3 188 155 156
3 188 164 163
3 188 163 155
3 187 164 188
3 187 171 164
3 186 171 187
3 185 171 186
3 184 171 185
3 175 174 173
3 212 181 180
3 211 181 212
3 213 212 180
3 213 180 179
3 210 181 211
3 210 182 181
3 214 213 179
3 209 182 210
3 189 179 178
3 189 214 179
3 208 183 182
3 208 182 209
3 190 189 178
3 207 184 183
3 207 183 208
3 191 178 177
3 191 190 178
3 206 171 184
3 206 184 207
3 192 177 176
3 192 191 177
3 205 171 206
3 193 192 176
3 194 176 175
3 194 193 176
3 172 171 205
3 172 195 194
3 172 196 195
3 172 197 196
3 172 198 197
3 172 199 198
3 172 200 199
3 172 201 200
3 172 202 201
3 172 203 202
3 172 204 203
3 172 205 204
3 172 194 175
3 172 175 173
3 222 223 224
3 222 224 230
3 221 229 228
3 221 230 229
3 221 222 230
3 220 221 228
3 219 228 227
3 219 220 228
3 218 227 226
3 218 219 227
3 217 226 225
3 217 218 226
3 216 225 215
3 216 217 225
3 238 239 240
3 238 240 246
3 237 246 245
3 237 238 246
3 236 245 244
3 236 237 245
3 235 244 243
3 235 236 244
3 234 243 242
3 234 235 243
3 233 242 241
3 233 234 242
3 232 241 231
3 232 233 241
3 250 248 247
3 250 249 248
3 258 259 260
3 258 260 266
3 257 266 265
3 257 258 266
3 256 265 264
3 256 257 265
3 255 264 263
3 255 256 264
3 254 263 262
3 254 255 263
3 253 262 261
3 253 254 262
3 252 261 251
3 252 253 261
3 279 270 269
3 271 270 279
3 280 271 279
3 272 271 280
3 286 282 283
3 286 283 284
3 286 284 285
3 291 274 273
3 291 275 274
3 292 291 273
3 292 275 291
3 293 273 272
3 293 272 280
3 293 275 292
3 293 292 273
3 294 280 281
3 294 293 280
3 295 281 282
3 295 294 281
3 296 282 286
3 296 295 282
3 297 286 287
3 297 296 286
3 297 287 296
3 298 287 288
3 298 295 296
3 298 294 295
3 298 296 287
3 298 275 293
3 298 293 294
3 299 298 288
3 300 288 289
3 300 299 288
3 301 300 289
3 302 289 290
3 302 301 289
3 303 267 268
3 303 290 267
3 303 302 290
3 304 276 275
3 304 275 298
3 304 298 299
3 305 276 304
3 305 299 300
3 305 304 299
3 306 277 276
3 306 276 305
3 306 300 301
3 306 305 300
3 307 306 301
3 308 301 302
3 308 307 301
3 309 268 278
3 309 303 268
3 309 302 303
3 309 308 302
3 310 277 306
3 310 306 307
3 310 307 308
3 311 308 309
3 311 277 310
3 311 278 277
3 311 310 308
3 311 309 278
3 312 314 313
3 312 315 314
3 319 316 315
3 319 317 316
3 319 318 317
3 319 315 312
3 327 328 335
3 326 335 334
3 326 327 335
3 325 334 333
3 325 326 334
3 324 333 332
3 324 325 333
3 323 324 332
3 322 332 331
3 322 323 332
3 321 331 330
3 321 322 331
3 320 330 329
3 320 321 330
3 336 347 337
3 361 356 355
3 362 358 357
3 363 364 359
3 365 338 339
3 365 348 338
3 365 349 348
3 365 350 349
3 366 350 365
3 366 365 339
3 367 351 350
3 367 352 351
3 367 353 352
3 367 354 353
3 367 355 354
3 367 350 366
3 367 366 339
3 368 339 340
3 368 355 367
3 368 367 339
3 369 368 340
3 369 355 368
3 370 340 341
3 370 341 371
3 372 374 373
3 372 361 355
3 372 355 369
3 372 373 361
3 372 371 374
3 372 340 370
3 372 369 340
3 372 370 371
3 375 373 374
3 375 371 341
3 375 361 373
3 375 374 371
3 376 375 341
3 376 356 361
3 376 361 375
3 377 341 342
3 377 356 376
3 377 376 341
3 378 356 377
3 378 357 356
3 379 362 357
3 379 380 362
3 381 343 382
3 383 381 382
3 383 382 384
3 385 380 379
3 385 383 384
3 385 386 380
3 385 384 386
3 387 362 380
3 387 358 362
3 388 359 358
3 388 363 359
3 389 363 388
3 389 390 364
3 389 364 363
3 391 359 364
3 392 360 359
3 392 359 391
3 393 336 360
3 394 377 342
3 394 378 377
3 395 342 343
3 395 394 342
3 395 357 378
3 395 379 357
3 395 378 394
3 396 395 343
3 396 385 379
3 396 379 395
3 397 381 383
3 397 343 381
3 397 383 385
3 397 396 343
3 397 385 396
3 398 343 344
3 398 400 399
3 398 399 401
3 398 401 387
3 398 384 382
3 398 387 380
3 398 380 386
3 398 382 343
3 398 386 384
3 402 400 398
3 402 398 344
3 403 400 402
3 404 400 403
3 405 399 400
3 405 401 399
3 405 387 401
3 405 358 387
3 405 406 358
3 405 400 404
3 407 358 406
3 407 388 358
3 408 389 388
3 409 410 389
3 409 411 410
3 409 389 408
3 412 414 413
3 412 391 414
3 415 391 412
3 415 392 391
3 416 393 360
3 417 336 393
3 418 402 344
3 419 418 344
3 419 402 418
3 420 402 419
3 420 421 406
3 420 403 402
3 420 404 403
3 420 406 405
3 420 405 404
3 422 421 420
3 423 406 421
3 423 407 406
3 424 408 388
3 425 409 408
3 426 409 425
3 426 427 409
3 426 428 427
3 429 415 412
3 429 412 430
3 431 392 415
3 432 393 416
3 432 417 393
3 433 336 417
3 433 347 336
3 434 420 419
3 434 422 420
3 434 419 344
3 435 421 422
3 435 423 421
3 435 434 344
3 435 422 434
3 436 344 345
3 436 435 344
3 436 407 423
3 436 424 388
3 436 423 435
3 436 388 407
3 437 425 408
3 437 424 436
3 437 408 424
3 438 426 425
3 439 345 440
3 441 443 442
3 441 442 426
3 441 426 438
3 441 345 439
3 444 442 443
3 444 428 426
3 444 426 442
3 445 413 414
3 446 448 447
3 446 430 448
3 449 430 446
3 449 429 430
3 450 415 429
3 451 432 416
3 452 433 417
3 452 417 432
3 453 425 437
3 453 436 345
3 453 437 436
3 453 438 425
3 454 441 438
3 454 453 345
3 454 345 441
3 454 438 453
3 455 441 439
3 455 443 441
3 455 440 345
3 455 444 443
3 455 439 440
3 456 444 455
3 456 455 345
3 457 446 346
3 457 449 446
3 458 429 449
3 459 432 451
3 459 452 432
3 460 433 452
3 460 347 433
3 461 409 427
3 461 462 411
3 461 427 428
3 461 411 409
3 461 456 462
3 461 444 456
3 461 428 444
3 463 345 346
3 463 456 345
3 464 466 465
3 464 414 466
3 464 445 414
3 467 448 468
3 467 447 448
3 469 458 449
3 469 449 457
3 470 459 451
3 471 470 347
3 471 452 459
3 471 347 460
3 471 460 452
3 471 459 470
3 472 411 462
3 472 462 456
3 473 474 390
3 473 389 410
3 473 411 472
3 473 410 411
3 473 390 389
3 475 464 465
3 476 464 475
3 476 467 468
3 476 475 463
3 476 463 346
3 477 346 446
3 477 446 447
3 477 447 467
3 477 467 476
3 477 476 346
3 478 458 469
3 479 456 463
3 479 472 456
3 479 473 472
3 480 479 463
3 480 481 474
3 480 474 473
3 480 463 481
3 480 473 479
3 482 390 474
3 483 465 466
3 483 414 391
3 483 466 414
3 483 391 364
3 483 364 390
3 483 484 465
3 485 413 445
3 485 445 464
3 486 412 413
3 486 448 430
3 486 430 412
3 486 413 485
3 487 457 346
3 487 478 469
3 487 469 457
3 488 482 474
3 489 390 482
3 489 482 488
3 489 488 475
3 490 475 465
3 490 465 484
3 491 490 484
3 491 484 483
3 491 483 390
3 492 468 448
3 492 476 468
3 492 485 464
3 492 486 485
3 492 464 476
3 492 448 486
3 493 487 346
3 493 478 487
3 494 451 416
3 494 347 470
3 494 470 451
3 495 474 481
3 495 475 488
3 495 481 463
3 495 488 474
3 495 463 475
3 496 490 491
3 496 489 475
3 496 475 490
3 496 390 489
3 496 491 390
3 497 458 478
3 497 450 429
3 497 429 458
3 497 478 493
3 498 500 499
3 498 431 415
3 498 499 431
3 498 347 494
3 501 498 494
3 501 500 498
3 502 499 500
3 502 416 360
3 502 431 499
3 502 360 392
3 502 500 501
3 502 501 494
3 502 392 431
3 502 494 416
3 503 505 504
3 503 346 347
3 503 493 346
3 503 450 497
3 503 497 493
3 503 504 450
3 503 347 498
3 506 504 505
3 506 505 503
3 506 503 498
3 506 450 504
3 507 498 415
3 507 415 450
3 507 450 506
3 507 506 498
3 517 509 508
3 517 508 516
3 518 509 517
3 510 509 518
3 526 511 512
3 526 512 513
3 526 513 514
3 526 514 515
3 526 515 516
3 526 519 511
3 526 520 519
3 526 521 520
3 526 522 521
3 526 523 522
3 526 524 523
3 526 525 524
3 526 508 525
3 526 516 508
3 534 535 536
3 534 536 540
3 533 540 539
3 533 534 540
3 532 539 538
3 532 533 539
3 531 532 538
3 530 538 537
3 530 531 538
3 529 537 527
3 529 530 537
3 528 529 527
3 569 541 542
3 569 542 543
3 569 543 544
3 550 545 546
3 550 546 547
3 550 547 548
3 550 548 549
3 562 561 580
3 563 562 580
3 564 563 580
3 566 565 559
3 567 566 559
3 568 567 559
3 560 568 559
3 581 544 545
3 581 550 551
3 581 570 569
3 581 569 544
3 581 545 550
3 582 553 554
3 582 573 572
3 583 555 556
3 583 576 575
3 583 577 576
3 584 564 580
3 584 559 565
3 584 558 559
3 584 565 564
3 584 579 578
3 584 580 579
3 585 571 570
3 585 581 551
3 585 570 581
3 586 572 571
3 587 586 571
3 587 571 585
3 588 551 552
3 588 585 551
3 588 587 585
3 588 552 587
3 589 586 587
3 589 572 586
3 589 552 553
3 589 553 582
3 589 582 572
3 589 587 552
3 590 582 554
3 590 573 582
3 590 574 573
3 591 575 574
3 591 574 590
3 592 591 590
3 593 590 554
3 593 554 555
3 593 592 590
3 594 583 575
3 594 591 592
3 594 575 591
3 594 592 593
3 594 593 555
3 594 555 583
3 595 578 577
3 596 577 583
3 596 556 557
3 596 595 577
3 596 583 556
3 597 557 558
3 597 596 557
3 597 595 596
3 597 584 578
3 597 558 584
3 597 578 595
3 601 602 610
3 600 610 609
3 600 601 610
3 599 609 608
3 599 600 609
3 598 608 607
3 598 599 608
3 615 598 607
3 614 607 606
3 614 615 607
3 613 606 605
3 613 614 606
3 612 605 604
3 612 613 605
3 611 604 603
3 611 612 604
3 619 616 617
3 619 618 616
3 629 628 627
3 625 627 626
3 625 629 627
3 623 630 629
3 623 629 625
3 624 623 625
3 621 623 624
3 620 622 623
3 620 623 621
3 641 631 632
3 641 640 631
3 642 632 633
3 642 633 634
3 642 641 632
3 643 642 634
3 644 634 635
3 644 635 636
3 644 643 634
3 645 636 637
3 645 644 636
3 646 645 637
3 639 637 638
3 639 646 637
3 713 648 647
3 713 647 655
3 714 649 648
3 714 648 713
3 715 650 649
3 715 649 714
3 716 655 656
3 716 713 655
3 717 651 650
3 717 650 715
3 718 714 713
3 718 713 716
3 719 652 651
3 719 651 717
3 720 714 718
3 720 715 714
3 721 653 652
3 721 654 653
3 721 652 719
3 721 688 654
3 722 656 657
3 722 716 656
3 723 715 720
3 723 717 715
3 724 718 716
3 724 716 722
3 725 719 717
3 725 717 723
3 726 718 724
3 726 720 718
3 727 689 688
3 727 721 719
3 727 688 721
3 727 719 725
3 728 657 658
3 728 722 657
3 729 723 720
3 729 720 726
3 730 722 728
3 730 724 722
3 731 723 729
3 731 725 723
3 732 724 730
3 732 726 724
3 733 689 727
3 733 727 725
3 733 690 689
3 733 725 731
3 734 658 659
3 734 730 728
3 734 728 658
3 735 726 732
3 735 729 726
3 736 730 734
3 737 729 735
3 737 731 729
3 738 730 736
3 738 732 730
3 739 691 690
3 739 733 731
3 739 690 733
3 739 731 737
3 740 659 660
3 740 734 659
3 741 735 732
3 741 732 738
3 742 734 740
3 742 736 734
3 743 737 735
3 743 735 741
3 744 738 736
3 744 736 742
3 745 739 737
3 745 737 743
3 745 692 691
3 745 693 692
3 745 691 739
3 746 740 660
3 746 660 661
3 747 741 738
3 747 738 744
3 748 742 740
3 748 740 746
3 749 743 741
3 749 745 743
3 749 741 747
3 750 744 742
3 750 742 748
3 751 745 749
3 751 693 745
3 752 661 662
3 752 746 661
3 753 747 744
3 753 744 750
3 754 748 746
3 754 746 752
3 755 747 753
3 755 749 747
3 755 751 749
3 756 753 750
3 756 750 748
3 756 748 754
3 757 751 755
3 757 693 751
3 757 694 693
3 758 662 663
3 758 752 662
3 759 753 756
3 760 752 758
3 760 754 752
3 761 755 753
3 761 753 759
3 762 756 754
3 762 759 756
3 762 754 760
3 763 757 755
3 763 695 694
3 763 755 761
3 763 694 757
3 764 663 664
3 764 664 665
3 764 758 663
3 765 759 762
3 766 758 764
3 766 760 758
3 767 759 765
3 767 761 759
3 768 762 760
3 768 760 766
3 769 696 695
3 769 695 763
3 769 763 761
3 769 761 767
3 770 764 665
3 771 762 768
3 771 765 762
3 772 764 770
3 772 766 764
3 772 768 766
3 773 765 771
3 773 767 765
3 774 768 772
3 775 767 773
3 775 697 696
3 775 698 697
3 775 696 769
3 775 769 767
3 776 665 666
3 776 770 665
3 777 773 771
3 777 768 774
3 777 771 768
3 778 772 770
3 778 770 776
3 779 773 777
3 780 772 778
3 780 774 772
3 781 775 773
3 781 698 775
3 781 773 779
3 782 776 666
3 782 666 667
3 783 779 777
3 783 777 774
3 783 774 780
3 784 776 782
3 784 780 778
3 784 778 776
3 785 779 783
3 786 780 784
3 787 698 781
3 787 781 779
3 787 779 785
3 787 699 698
3 788 782 667
3 788 667 668
3 788 784 782
3 789 783 780
3 789 785 783
3 789 780 786
3 790 784 788
3 791 785 789
3 792 789 786
3 792 786 784
3 792 784 790
3 793 787 785
3 793 699 787
3 793 700 699
3 793 701 700
3 793 785 791
3 794 668 669
3 794 788 668
3 795 791 789
3 795 789 792
3 796 788 794
3 796 790 788
3 797 791 795
3 798 790 796
3 798 792 790
3 799 791 797
3 799 701 793
3 799 793 791
3 800 669 670
3 800 794 669
3 801 795 792
3 801 792 798
3 802 796 794
3 802 794 800
3 803 795 801
3 803 797 795
3 804 796 802
3 804 798 796
3 804 801 798
3 805 702 701
3 805 703 702
3 805 701 799
3 805 799 797
3 805 797 803
3 806 670 671
3 806 800 670
3 807 801 804
3 808 800 806
3 808 802 800
3 809 801 807
3 809 803 801
3 810 802 808
3 810 804 802
3 811 805 803
3 811 803 809
3 811 703 805
3 812 671 672
3 812 808 806
3 812 806 671
3 813 807 804
3 813 804 810
3 814 808 812
3 815 809 807
3 815 807 813
3 816 810 808
3 816 808 814
3 816 813 810
3 817 811 809
3 817 703 811
3 817 809 815
3 817 704 703
3 818 672 673
3 818 812 672
3 819 813 816
3 820 816 814
3 820 812 818
3 820 814 812
3 821 815 813
3 821 813 819
3 822 816 820
3 823 817 815
3 823 704 817
3 823 815 821
3 823 705 704
3 823 706 705
3 824 818 673
3 824 673 674
3 825 819 816
3 825 816 822
3 826 820 818
3 826 818 824
3 827 821 819
3 827 819 825
3 827 823 821
3 828 825 822
3 828 820 826
3 828 822 820
3 829 823 827
3 829 706 823
3 830 824 674
3 830 674 675
3 830 826 824
3 831 825 828
3 832 826 830
3 833 827 825
3 833 825 831
3 833 829 827
3 834 828 826
3 834 826 832
3 835 707 706
3 835 708 707
3 835 706 829
3 835 829 833
3 836 675 676
3 836 830 675
3 837 828 834
3 837 831 828
3 838 832 830
3 838 830 836
3 839 833 831
3 839 831 837
3 840 832 838
3 840 834 832
3 840 837 834
3 841 833 839
3 841 708 835
3 841 835 833
3 842 676 677
3 842 836 676
3 842 838 836
3 843 837 840
3 843 839 837
3 844 838 842
3 845 839 843
3 846 838 844
3 846 840 838
3 847 841 839
3 847 708 841
3 847 839 845
3 847 709 708
3 848 677 678
3 848 842 677
3 849 843 840
3 849 840 846
3 850 842 848
3 850 844 842
3 851 845 843
3 851 843 849
3 852 846 844
3 852 844 850
3 853 847 845
3 853 709 847
3 853 845 851
3 853 710 709
3 853 711 710
3 854 678 679
3 854 679 680
3 854 680 681
3 854 681 682
3 854 848 678
3 855 849 846
3 855 846 852
3 856 848 854
3 856 854 682
3 856 850 848
3 857 851 849
3 857 853 851
3 857 849 855
3 858 852 850
3 858 682 683
3 858 683 684
3 858 856 682
3 858 850 856
3 859 853 857
3 859 711 853
3 860 855 852
3 860 858 684
3 860 857 855
3 860 852 858
3 861 684 685
3 861 860 684
3 861 857 860
3 862 685 686
3 862 686 687
3 862 859 857
3 862 711 859
3 862 712 711
3 862 687 712
3 862 861 685
3 862 857 861
3 929 891 890
3 929 890 922
3 930 892 891
3 930 891 929
3 931 893 892
3 931 892 930
3 932 894 893
3 932 893 931
3 933 895 894
3 933 894 932
3 934 922 921
3 934 929 922
3 935 888 889
3 935 896 895
3 935 889 896
3 935 895 933
3 936 930 929
3 936 929 934
3 937 931 930
3 937 930 936
3 938 931 937
3 938 932 931
3 939 933 932
3 939 932 938
3 940 934 921
3 940 921 920
3 941 887 888
3 941 935 933
3 941 933 939
3 941 888 935
3 942 934 940
3 942 936 934
3 943 936 942
3 943 937 936
3 944 937 943
3 944 938 937
3 945 939 938
3 945 938 944
3 946 920 919
3 946 940 920
3 947 941 939
3 947 886 887
3 947 887 941
3 947 939 945
3 948 942 940
3 948 940 946
3 949 942 948
3 949 943 942
3 950 943 949
3 950 944 943
3 951 945 944
3 951 944 950
3 952 946 919
3 952 919 918
3 953 885 886
3 953 886 947
3 953 945 951
3 953 947 945
3 954 946 952
3 954 948 946
3 955 948 954
3 955 949 948
3 956 949 955
3 956 950 949
3 957 951 950
3 957 950 956
3 958 952 918
3 958 918 917
3 959 953 951
3 959 951 957
3 959 883 884
3 959 884 885
3 959 885 953
3 960 954 952
3 960 952 958
3 961 955 954
3 961 954 960
3 962 956 955
3 962 955 961
3 963 957 956
3 963 956 962
3 964 958 917
3 964 917 916
3 965 959 957
3 965 883 959
3 965 957 963
3 966 958 964
3 966 960 958
3 967 961 960
3 967 960 966
3 968 962 961
3 968 961 967
3 969 963 962
3 969 962 968
3 970 964 916
3 970 916 915
3 971 882 883
3 971 963 969
3 971 883 965
3 971 965 963
3 972 964 970
3 972 966 964
3 973 967 966
3 973 966 972
3 974 967 973
3 974 968 967
3 975 969 968
3 975 968 974
3 976 915 914
3 976 972 970
3 976 970 915
3 977 880 881
3 977 881 882
3 977 882 971
3 977 971 969
3 977 969 975
3 978 972 976
3 979 973 972
3 979 972 978
3 979 974 973
3 980 975 974
3 980 974 979
3 981 975 980
3 982 976 914
3 982 914 913
3 983 880 977
3 983 977 975
3 983 975 981
3 984 978 976
3 984 976 982
3 985 978 984
3 985 979 978
3 986 980 979
3 986 979 985
3 987 981 980
3 987 980 986
3 988 984 982
3 988 913 912
3 988 982 913
3 989 981 987
3 989 878 879
3 989 879 880
3 989 880 983
3 989 983 981
3 990 984 988
3 991 986 985
3 991 984 990
3 991 985 984
3 992 987 986
3 992 986 991
3 993 987 992
3 994 988 912
3 994 912 911
3 995 987 993
3 995 878 989
3 995 989 987
3 996 988 994
3 996 990 988
3 997 991 990
3 997 990 996
3 998 991 997
3 998 992 991
3 999 992 998
3 999 993 992
3 1000 994 911
3 1000 910 909
3 1000 911 910
3 1001 877 878
3 1001 878 995
3 1001 995 993
3 1001 993 999
3 1002 996 994
3 1002 997 996
3 1002 994 1000
3 1003 997 1002
3 1004 997 1003
3 1004 998 997
3 1005 999 998
3 1005 1001 999
3 1005 998 1004
3 1006 1000 909
3 1007 876 877
3 1007 1001 1005
3 1007 877 1001
3 1008 1002 1000
3 1008 1000 1006
3 1009 1003 1002
3 1009 1002 1008
3 1010 1004 1003
3 1010 1003 1009
3 1011 1005 1004
3 1011 1004 1010
3 1012 909 908
3 1012 1006 909
3 1013 874 875
3 1013 875 876
3 1013 876 1007
3 1013 1007 1005
3 1013 1005 1011
3 1014 1008 1006
3 1014 1009 1008
3 1014 1006 1012
3 1015 1009 1014
3 1016 1010 1009
3 1016 1009 1015
3 1017 1011 1010
3 1017 1010 1016
3 1018 908 907
3 1018 1012 908
3 1019 1011 1017
3 1019 874 1013
3 1019 1013 1011
3 1020 1012 1018
3 1020 1014 1012
3 1021 1015 1014
3 1021 1014 1020
3 1022 1016 1015
3 1022 1015 1021
3 1023 1016 1022
3 1023 1017 1016
3 1024 907 906
3 1024 1018 907
3 1024 1020 1018
3 1025 872 873
3 1025 1017 1023
3 1025 873 874
3 1025 874 1019
3 1025 1019 1017
3 1026 1021 1020
3 1026 1020 1024
3 1027 1022 1021
3 1027 1021 1026
3 1028 1022 1027
3 1029 1023 1022
3 1029 1022 1028
3 1029 1025 1023
3 1030 906 905
3 1030 1024 906
3 1031 872 1025
3 1031 1025 1029
3 1032 1024 1030
3 1032 1026 1024
3 1033 1027 1026
3 1033 1026 1032
3 1034 1028 1027
3 1034 1027 1033
3 1035 1029 1028
3 1035 1028 1034
3 1036 1032 1030
3 1036 1030 905
3 1036 905 904
3 1037 871 872
3 1037 872 1031
3 1037 1029 1035
3 1037 1031 1029
3 1038 1032 1036
3 1038 1033 1032
3 1039 1034 1033
3 1039 1033 1038
3 1040 1034 1039
3 1041 1035 1034
3 1041 1037 1035
3 1041 1034 1040
3 1042 903 902
3 1042 904 903
3 1042 1036 904
3 1043 870 871
3 1043 871 1037
3 1043 1037 1041
3 1044 1038 1036
3 1044 1036 1042
3 1045 1039 1038
3 1045 1038 1044
3 1046 1040 1039
3 1046 1039 1045
3 1047 1041 1040
3 1047 1040 1046
3 1048 1042 902
3 1049 868 869
3 1049 869 870
3 1049 870 1043
3 1049 1043 1041
3 1049 1041 1047
3 1050 1042 1048
3 1050 1044 1042
3 1050 1045 1044
3 1051 1046 1045
3 1051 1045 1050
3 1052 1046 1051
3 1053 1047 1046
3 1053 1049 1047
3 1053 1046 1052
3 1054 901 900
3 1054 902 901
3 1054 1048 902
3 1054 1050 1048
3 1055 867 868
3 1055 868 1049
3 1055 1049 1053
3 1056 1050 1054
3 1057 1050 1056
3 1057 1051 1050
3 1057 1052 1051
3 1058 1052 1057
3 1059 1052 1058
3 1059 1053 1052
3 1060 1056 1054
3 1060 1054 900
3 1061 866 867
3 1061 1055 1053
3 1061 1053 1059
3 1061 867 1055
3 1062 1056 1060
3 1063 1056 1062
3 1063 1057 1056
3 1064 1057 1063
3 1064 1058 1057
3 1065 1058 1064
3 1065 1059 1058
3 1065 1061 1059
3 1066 1060 900
3 1066 900 899
3 1067 1061 1065
3 1067 866 1061
3 1068 1062 1060
3 1068 1060 1066
3 1069 1063 1062
3 1069 1062 1068
3 1070 1063 1069
3 1070 1064 1063
3 1071 1064 1070
3 1071 1065 1064
3 1072 898 897
3 1072 899 898
3 1072 1066 899
3 1072 897 923
3 1073 864 865
3 1073 865 866
3 1073 866 1067
3 1073 1067 1065
3 1073 1065 1071
3 1074 1066 1072
3 1074 1068 1066
3 1074 923 924
3 1074 1072 923
3 1075 1070 1069
3 1075 1069 1068
3 1075 924 925
3 1075 1068 1074
3 1075 1074 924
3 1076 1070 1075
3 1076 925 926
3 1076 1075 925
3 1077 1071 1070
3 1077 926 927
3 1077 1076 926
3 1077 1070 1076
3 1078 863 864
3 1078 864 1073
3 1078 1073 1071
3 1078 1071 1077
3 1078 927 928
3 1078 928 863
3 1078 1077 927
3 1107 1086 1085
3 1100 1098 1099
3 1119 1080 1079
3 1119 1079 1087
3 1120 1081 1080
3 1120 1080 1119
3 1121 1082 1081
3 1121 1081 1120
3 1122 1087 1088
3 1122 1119 1087
3 1123 1083 1082
3 1123 1082 1121
3 1124 1120 1119
3 1124 1119 1122
3 1125 1083 1123
3 1125 1084 1083
3 1126 1121 1120
3 1126 1120 1124
3 1127 1088 1089
3 1127 1089 1090
3 1127 1122 1088
3 1128 1085 1084
3 1128 1084 1125
3 1128 1107 1085
3 1129 1123 1121
3 1129 1121 1126
3 1130 1124 1122
3 1130 1122 1127
3 1131 1123 1129
3 1131 1125 1123
3 1132 1126 1124
3 1132 1124 1130
3 1133 1127 1090
3 1134 1108 1107
3 1134 1109 1108
3 1134 1125 1131
3 1134 1107 1128
3 1134 1128 1125
3 1135 1126 1132
3 1135 1129 1126
3 1136 1130 1127
3 1136 1127 1133
3 1137 1129 1135
3 1137 1131 1129
3 1138 1132 1130
3 1138 1130 1136
3 1139 1090 1091
3 1139 1136 1133
3 1139 1133 1090
3 1140 1131 1137
3 1140 1109 1134
3 1140 1134 1131
3 1141 1135 1132
3 1141 1132 1138
3 1142 1136 1139
3 1143 1137 1135
3 1143 1140 1137
3 1143 1135 1141
3 1144 1136 1142
3 1144 1138 1136
3 1145 1091 1092
3 1145 1092 1093
3 1145 1139 1091
3 1146 1109 1140
3 1146 1110 1109
3 1146 1140 1143
3 1147 1138 1144
3 1147 1141 1138
3 1147 1143 1141
3 1148 1142 1139
3 1148 1139 1145
3 1149 1143 1147
3 1150 1144 1142
3 1150 1142 1148
3 1151 1148 1145
3 1151 1145 1093
3 1152 1111 1110
3 1152 1146 1143
3 1152 1110 1146
3 1152 1143 1149
3 1153 1147 1144
3 1153 1144 1150
3 1154 1150 1148
3 1154 1148 1151
3 1155 1147 1153
3 1155 1149 1147
3 1156 1150 1154
3 1157 1093 1094
3 1157 1151 1093
3 1158 1111 1152
3 1158 1112 1111
3 1158 1152 1149
3 1158 1149 1155
3 1159 1153 1150
3 1159 1155 1153
3 1159 1150 1156
3 1160 1151 1157
3 1160 1154 1151
3 1161 1155 1159
3 1162 1154 1160
3 1162 1156 1154
3 1163 1094 1095
3 1163 1095 1096
3 1163 1157 1094
3 1164 1112 1158
3 1164 1113 1112
3 1164 1155 1161
3 1164 1158 1155
3 1165 1156 1162
3 1165 1159 1156
3 1166 1157 1163
3 1166 1160 1157
3 1167 1161 1159
3 1167 1159 1165
3 1168 1160 1166
3 1168 1162 1160
3 1169 1163 1096
3 1169 1096 1097
3 1170 1164 1161
3 1170 1161 1167
3 1170 1114 1113
3 1170 1113 1164
3 1171 1162 1168
3 1171 1165 1162
3 1172 1163 1169
3 1172 1168 1166
3 1172 1166 1163
3 1173 1167 1165
3 1173 1165 1171
3 1174 1168 1172
3 1175 1169 1097
3 1176 1170 1167
3 1176 1114 1170
3 1176 1167 1173
3 1176 1115 1114
3 1177 1171 1168
3 1177 1173 1171
3 1177 1168 1174
3 1178 1169 1175
3 1178 1172 1169
3 1178 1174 1172
3 1179 1173 1177
3 1179 1176 1173
3 1180 1174 1178
3 1181 1098 1100
3 1181 1097 1098
3 1181 1100 1101
3 1181 1175 1097
3 1182 1116 1115
3 1182 1117 1116
3 1182 1115 1176
3 1182 1176 1179
3 1183 1177 1174
3 1183 1179 1177
3 1183 1174 1180
3 1184 1181 1101
3 1184 1101 1102
3 1184 1178 1175
3 1184 1175 1181
3 1185 1179 1183
3 1186 1184 1102
3 1186 1178 1184
3 1186 1180 1178
3 1187 1117 1182
3 1187 1182 1179
3 1187 1179 1185
3 1188 1102 1103
3 1188 1183 1180
3 1188 1186 1102
3 1188 1180 1186
3 1189 1183 1188
3 1189 1103 1104
3 1189 1104 1105
3 1189 1188 1103
3 1189 1185 1183
3 1190 1105 1106
3 1190 1118 1117
3 1190 1106 1118
3 1190 1117 1187
3 1190 1189 1105
3 1190 1187 1185
3 1190 1185 1189
3 1194 1219 1193
3 1194 1220 1219
3 1195 1221 1220
3 1195 1222 1221
3 1195 1220 1194
3 1196 1222 1195
3 1197 1223 1222
3 1197 1222 1196
3 1198 1224 1223
3 1198 1223 1197
3 1199 1225 1224
3 1199 1224 1198
3 1200 1226 1225
3 1200 1225 1199
3 1201 1227 1226
3 1201 1228 1227
3 1201 1226 1200
3 1202 1228 1201
3 1203 1229 1228
3 1203 1228 1202
3 1204 1230 1229
3 1204 1229 1203
3 1205 1230 1204
3 1205 1231 1230
3 1206 1231 1205
3 1206 1232 1231
3 1207 1232 1206
3 1207 1233 1232
3 1207 1234 1233
3 1208 1234 1207
3 1209 1234 1208
3 1209 1235 1234
3 1209 1236 1235
3 1210 1236 1209
3 1210 1237 1236
3 1211 1237 1210
3 1212 1237 1211
3 1212 1238 1237
3 1213 1238 1212
3 1213 1239 1238
3 1213 1240 1239
3 1214 1240 1213
3 1215 1240 1214
3 1215 1241 1240
3 1215 1242 1241
3 1216 1242 1215
3 1217 1243 1242
3 1217 1242 1216
3 1218 1244 1243
3 1218 1243 1217
3 1191 1192 1244
3 1191 1244 1218
3 1261 1246 1245
3 1261 1247 1246
3 1262 1248 1247
3 1262 1247 1261
3 1263 1249 1248
3 1263 1250 1249
3 1263 1248 1262
3 1264 1250 1263
3 1265 1251 1250
3 1265 1252 1251
3 1265 1250 1264
3 1266 1252 1265
3 1267 1253 1252
3 1267 1252 1266
3 1268 1254 1253
3 1268 1253 1267
3 1269 1255 1254
3 1269 1254 1268
3 1270 1256 1255
3 1270 1257 1256
3 1270 1255 1269
3 1271 1257 1270
3 1272 1258 1257
3 1272 1257 1271
3 1260 1259 1258
3 1260 1258 1272
3 1287 1274 1273
3 1286 1275 1274
3 1286 1274 1287
3 1285 1276 1275
3 1285 1275 1286
3 1284 1277 1276
3 1284 1276 1285
3 1283 1278 1277
3 1283 1277 1284
3 1282 1279 1278
3 1282 1278 1283
3 1281 1280 1279
3 1281 1279 1282
3 1302 1312 1301
3 1307 1299 1306
3 1308 1299 1307
3 1300 1299 1308
3 1313 1295 1309
3 1314 1315 1313
3 1316 1315 1314
3 1316 1317 1315
3 1318 1317 1316
3 1319 1317 1318
3 1319 1320 1317
3 1321 1320 1319
3 1321 1322 1320
3 1323 1322 1321
3 1324 1311 1312
3 1325 1299 1298
3 1326 1302 1303
3 1326 1303 1304
3 1326 1304 1305
3 1326 1305 1306
3 1326 1312 1302
3 1326 1306 1299
3 1327 1296 1288
3 1327 1323 1296
3 1327 1322 1323
3 1328 1314 1313
3 1328 1318 1316
3 1328 1316 1314
3 1329 1321 1319
3 1329 1319 1318
3 1329 1318 1328
3 1330 1329 1328
3 1331 1329 1330
3 1332 1329 1331
3 1332 1323 1321
3 1332 1321 1329
3 1333 1328 1313
3 1333 1330 1328
3 1333 1313 1309
3 1334 1333 1309
3 1335 1337 1336
3 1335 1296 1323
3 1338 1335 1336
3 1338 1296 1335
3 1339 1336 1340
3 1339 1340 1309
3 1339 1309 1341
3 1342 1336 1339
3 1343 1296 1344
3 1343 1344 1345
3 1346 1297 1296
3 1346 1296 1343
3 1346 1343 1345
3 1346 1347 1297
3 1346 1348 1347
3 1349 1309 1310
3 1349 1341 1309
3 1349 1348 1341
3 1350 1349 1310
3 1351 1349 1350
3 1352 1350 1310
3 1352 1351 1350
3 1353 1352 1310
3 1354 1353 1310
3 1355 1297 1356
3 1357 1297 1355
3 1358 1360 1359
3 1361 1357 1358
3 1361 1359 1362
3 1361 1362 1298
3 1361 1298 1297
3 1361 1297 1357
3 1361 1358 1359
3 1363 1362 1359
3 1363 1310 1311
3 1363 1360 1310
3 1363 1359 1360
3 1364 1363 1311
3 1364 1362 1363
3 1365 1324 1366
3 1365 1366 1325
3 1365 1325 1298
3 1365 1298 1367
3 1368 1366 1324
3 1368 1324 1312
3 1368 1325 1366
3 1368 1312 1326
3 1369 1291 1292
3 1370 1290 1291
3 1370 1291 1369
3 1371 1370 1369
3 1372 1370 1371
3 1373 1372 1371
3 1374 1317 1320
3 1374 1315 1317
3 1375 1322 1327
3 1376 1374 1320
3 1376 1377 1374
3 1376 1375 1377
3 1376 1322 1375
3 1376 1320 1322
3 1378 1330 1333
3 1378 1331 1330
3 1378 1323 1332
3 1378 1332 1331
3 1379 1378 1333
3 1379 1333 1334
3 1379 1323 1378
3 1380 1379 1334
3 1380 1323 1379
3 1380 1335 1323
3 1381 1334 1309
3 1381 1337 1334
3 1381 1336 1337
3 1381 1340 1336
3 1381 1309 1340
3 1382 1334 1337
3 1382 1337 1335
3 1383 1380 1334
3 1383 1335 1380
3 1383 1334 1382
3 1383 1382 1335
3 1384 1344 1296
3 1384 1296 1338
3 1384 1336 1342
3 1384 1342 1344
3 1384 1338 1336
3 1385 1341 1345
3 1385 1339 1341
3 1385 1345 1344
3 1385 1342 1339
3 1385 1344 1342
3 1386 1345 1341
3 1386 1346 1345
3 1386 1348 1346
3 1386 1341 1348
3 1387 1348 1349
3 1387 1347 1348
3 1388 1387 1349
3 1388 1347 1387
3 1388 1349 1351
3 1388 1351 1347
3 1389 1351 1352
3 1389 1352 1353
3 1389 1297 1347
3 1389 1347 1351
3 1390 1391 1354
3 1390 1354 1310
3 1392 1297 1389
3 1392 1389 1353
3 1393 1390 1310
3 1393 1356 1391
3 1393 1355 1356
3 1393 1391 1390
3 1394 1297 1392
3 1394 1391 1356
3 1394 1356 1297
3 1395 1358 1357
3 1395 1360 1358
3 1395 1393 1310
3 1395 1355 1393
3 1395 1310 1360
3 1395 1357 1355
3 1396 1298 1362
3 1396 1367 1298
3 1396 1362 1364
3 1397 1365 1367
3 1397 1311 1324
3 1397 1324 1365
3 1398 1325 1368
3 1398 1299 1325
3 1398 1368 1326
3 1398 1326 1299
3 1399 1293 1294
3 1399 1294 1295
3 1400 1292 1293
3 1400 1293 1399
3 1400 1369 1292
3 1401 1399 1295
3 1402 1399 1401
3 1402 1373 1371
3 1403 1399 1402
3 1403 1400 1399
3 1403 1369 1400
3 1403 1402 1371
3 1403 1371 1369
3 1404 1401 1295
3 1404 1373 1402
3 1404 1377 1373
3 1404 1313 1315
3 1404 1402 1401
3 1404 1374 1377
3 1404 1315 1374
3 1404 1295 1313
3 1405 1288 1289
3 1405 1289 1290
3 1405 1372 1327
3 1405 1370 1372
3 1405 1327 1288
3 1405 1290 1370
3 1406 1373 1377
3 1406 1327 1372
3 1406 1375 1327
3 1406 1372 1373
3 1406 1377 1375
3 1407 1394 1392
3 1407 1392 1353
3 1407 1353 1354
3 1407 1354 1391
3 1407 1391 1394
3 1408 1397 1367
3 1408 1364 1311
3 1408 1367 1396
3 1408 1396 1364
3 1408 1311 1397
3 1427 1424 1425
3 1427 1425 1426
3 1419 1420 1421
3 1419 1421 1422
3 1419 1422 1423
3 1419 1423 1424
3 1417 1418 1419
3 1415 1416 1417
3 1415 1427 1428
3 1415 1424 1427
3 1415 1419 1424
3 1415 1417 1419
3 1414 1415 1428
3 1413 1414 1428
3 1412 1413 1428
3 1409 1411 1412
3 1409 1412 1428
3 1410 1411 1409
3 1429 1431 1430
3 1432 1429 1436
3 1432 1431 1429
3 1433 1435 1434
3 1433 1436 1435
3 1433 1432 1436
3 1440 1438 1437
3 1440 1439 1438
3 1442 1443 1441
3 1455 1444 1443
3 1455 1443 1442
3 1456 1445 1444
3 1456 1444 1455
3 1457 1446 1445
3 1457 1445 1456
3 1458 1447 1446
3 1458 1446 1457
3 1459 1448 1447
3 1459 1447 1458
3 1460 1449 1448
3 1460 1448 1459
3 1461 1450 1449
3 1461 1449 1460
3 1462 1451 1450
3 1462 1450 1461
3 1463 1452 1451
3 1463 1451 1462
3 1454 1453 1452
3 1454 1452 1463
3 1464 1467 1466
3 1464 1465 1467
3 1497 1469 1468
3 1497 1470 1469
3 1498 1471 1470
3 1498 1472 1471
3 1498 1470 1497
3 1499 1472 1498
3 1500 1473 1472
3 1500 1474 1473
3 1500 1472 1499
3 1501 1474 1500
3 1502 1475 1474
3 1502 1474 1501
3 1503 1476 1475
3 1503 1475 1502
3 1504 1477 1476
3 1504 1478 1477
3 1504 1476 1503
3 1505 1478 1504
3 1506 1479 1478
3 1506 1478 1505
3 1507 1480 1479
3 1507 1481 1480
3 1507 1479 1506
3 1508 1481 1507
3 1509 1481 1508
3 1509 1482 1481
3 1510 1483 1482
3 1510 1482 1509
3 1511 1484 1483
3 1511 1483 1510
3 1512 1485 1484
3 1512 1484 1511
3 1513 1486 1485
3 1513 1485 1512
3 1514 1487 1486
3 1514 1486 1513
3 1515 1488 1487
3 1515 1487 1514
3 1516 1489 1488
3 1516 1488 1515
3 1517 1490 1489
3 1517 1491 1490
3 1517 1489 1516
3 1518 1491 1517
3 1519 1492 1491
3 1519 1491 1518
3 1520 1493 1492
3 1520 1492 1519
3 1521 1494 1493
3 1521 1493 1520
3 1496 1495 1494
3 1496 1494 1521
3 1522 1562 1523
3 1563 1536 1537
3 1563 1555 1536
3 1564 1563 1537
3 1564 1537 1538
3 1565 1538 1539
3 1565 1564 1538
3 1566 1539 1540
3 1566 1565 1539
3 1567 1540 1541
3 1567 1566 1540
3 1568 1535 1534
3 1568 1541 1542
3 1568 1542 1535
3 1568 1567 1541
3 1569 1554 1555
3 1569 1555 1563
3 1570 1563 1564
3 1570 1569 1563
3 1571 1570 1564
3 1571 1564 1565
3 1572 1571 1565
3 1572 1565 1566
3 1573 1566 1567
3 1573 1572 1566
3 1574 1534 1533
3 1574 1568 1534
3 1574 1567 1568
3 1574 1573 1567
3 1575 1553 1554
3 1575 1554 1569
3 1576 1569 1570
3 1576 1575 1569
3 1577 1570 1571
3 1577 1576 1570
3 1578 1571 1572
3 1578 1577 1571
3 1579 1578 1572
3 1579 1572 1573
3 1580 1533 1532
3 1580 1579 1573
3 1580 1574 1533
3 1580 1573 1574
3 1581 1552 1553
3 1581 1553 1575
3 1582 1581 1575
3 1582 1575 1576
3 1583 1576 1577
3 1583 1582 1576
3 1584 1577 1578
3 1584 1583 1577
3 1585 1578 1579
3 1585 1579 1580
3 1585 1584 1578
3 1586 1532 1531
3 1586 1580 1532
3 1586 1585 1580
3 1587 1551 1552
3 1587 1552 1581
3 1588 1581 1582
3 1588 1587 1581
3 1589 1582 1583
3 1589 1588 1582
3 1590 1583 1584
3 1590 1589 1583
3 1591 1584 1585
3 1591 1590 1584
3 1592 1531 1530
3 1592 1586 1531
3 1592 1585 1586
3 1592 1591 1585
3 1593 1549 1550
3 1593 1550 1551
3 1593 1551 1587
3 1594 1587 1588
3 1594 1593 1587
3 1595 1588 1589
3 1595 1594 1588
3 1595 1589 1590
3 1596 1595 1590
3 1597 1590 1591
3 1597 1596 1590
3 1598 1530 1529
3 1598 1592 1530
3 1598 1591 1592
3 1598 1597 1591
3 1599 1549 1593
3 1600 1593 1594
3 1600 1599 1593
3 1601 1594 1595
3 1601 1600 1594
3 1602 1595 1596
3 1602 1601 1595
3 1603 1602 1596
3 1603 1596 1597
3 1604 1603 1597
3 1604 1528 1527
3 1604 1529 1528
3 1604 1598 1529
3 1604 1597 1598
3 1605 1548 1549
3 1605 1549 1599
3 1606 1599 1600
3 1606 1605 1599
3 1607 1606 1600
3 1607 1600 1601
3 1607 1601 1602
3 1608 1607 1602
3 1609 1608 1602
3 1609 1602 1603
3 1610 1609 1603
3 1610 1604 1527
3 1610 1603 1604
3 1611 1547 1548
3 1611 1548 1605
3 1612 1605 1606
3 1612 1611 1605
3 1613 1606 1607
3 1613 1612 1606
3 1613 1607 1608
3 1614 1613 1608
3 1615 1614 1608
3 1615 1608 1609
3 1616 1526 1525
3 1616 1527 1526
3 1616 1610 1527
3 1616 1609 1610
3 1616 1615 1609
3 1617 1546 1547
3 1617 1547 1611
3 1618 1611 1612
3 1618 1617 1611
3 1619 1618 1612
3 1619 1613 1614
3 1619 1612 1613
3 1620 1619 1614
3 1621 1614 1615
3 1621 1620 1614
3 1622 1525 1524
3 1622 1616 1525
3 1622 1615 1616
3 1622 1621 1615
3 1623 1546 1617
3 1623 1545 1546
3 1623 1617 1618
3 1624 1618 1619
3 1624 1623 1618
3 1625 1624 1619
3 1626 1619 1620
3 1626 1625 1619
3 1627 1620 1621
3 1627 1626 1620
3 1628 1622 1524
3 1628 1621 1622
3 1628 1627 1621
3 1629 1543 1544
3 1629 1544 1545
3 1629 1545 1623
3 1629 1556 1543
3 1630 1556 1629
3 1630 1629 1623
3 1630 1557 1556
3 1630 1623 1624
3 1631 1557 1630
3 1631 1558 1557
3 1631 1624 1625
3 1631 1630 1624
3 1632 1558 1631
3 1632 1631 1625
3 1632 1559 1558
3 1632 1625 1626
3 1633 1560 1559
3 1633 1559 1632
3 1633 1626 1627
3 1633 1632 1626
3 1634 1524 1523
3 1634 1523 1562
3 1634 1561 1560
3 1634 1562 1561
3 1634 1560 1633
3 1634 1628 1524
3 1634 1627 1628
3 1634 1633 1627
3 1642 1641 1640
3 1636 1638 1637
3 1636 1639 1638
3 1636 1640 1639
3 1636 1643 1642
3 1636 1644 1643
3 1636 1645 1644
3 1636 1646 1645
3 1636 1642 1640
3 1635 1637 1647
3 1635 1636 1637
3 1668 1666 1667
3 1671 1665 1666
3 1671 1668 1669
3 1671 1669 1670
3 1671 1666 1668
3 1673 1663 1664
3 1673 1664 1665
3 1673 1671 1672
3 1673 1665 1671
3 1649 1661 1662
3 1649 1662 1663
3 1649 1673 1648
3 1649 1663 1673
3 1650 1660 1661
3 1650 1661 1649
3 1652 1653 1654
3 1651 1654 1655
3 1651 1655 1656
3 1651 1656 1657
3 1651 1657 1658
3 1651 1658 1659
3 1651 1659 1660
3 1651 1660 1650
3 1651 1652 1654
