ply
format ascii 1.0
comment generated by blendit.inference.finetune_visualize
element vertex 1643
property float x
property float y
property float z
property uchar red
property uchar green
property uchar blue
element face 1985
property list uchar int vertex_indices
end_header
0 7.99514957 0.742566742 218 222 230
0 47.2133021 0.742566742 218 222 230
0 47.2133021 94.7397546 218 222 230
0 0.742566742 94.7397546 218 222 230
0 0.742566742 80.200286 218 222 230
0 6.51001608 80.200286 218 222 230
0 7.99514957 78.7151525 218 222 230
0 7.95791417 79.0456258 218 222 230
0 7.84807512 79.3595277 218 222 230
0 7.6711402 79.641118 218 222 230
0 7.43598167 79.8762766 218 222 230
0 7.15439135 80.0532115 218 222 230
0 6.84048937 80.1630506 218 222 230
0 7.99514957 0.742566742 255 79 163
0 47.2133021 0.742566742 255 79 163
0.0186176986 47.2133021 0.577330097 255 79 163
0.0735372251 47.2133021 0.420379107 255 79 163
0.162004685 47.2133021 0.279583951 255 79 163
0.279583951 47.2133021 0.162004685 255 79 163
0.420379107 47.2133021 0.0735372251 255 79 163
0.577330097 47.2133021 0.0186176986 255 79 163
0.742566742 47.2133021 0 255 79 163
0.742566742 7.99514957 0 255 79 163
0.0186176986 7.99514957 0.577330097 255 79 163
0.0735372251 7.99514957 0.420379107 255 79 163
0.162004685 7.99514957 0.279583951 255 79 163
0.279583951 7.99514957 0.162004685 255 79 163
0.420379107 7.99514957 0.0735372251 255 79 163
0.577330097 7.99514957 0.0186176986 255 79 163
0 7.99514957 78.7151525 255 79 163
0 7.99514957 0.742566742 255 79 163
0.0186176986 7.82991292 0.742566742 255 79 163
0.0735372251 7.67296193 0.742566742 255 79 163
0.162004685 7.53216678 0.742566742 255 79 163
0.279583951 7.41458751 0.742566742 255 79 163
0.420379107 7.32612005 0.742566742 255 79 163
0.577330097 7.27120053 0.742566742 255 79 163
0.742566742 7.25258283 0.742566742 255 79 163
0.742566742 7.25258283 78.7151525 255 79 163
0.0186176986 7.82991292 78.7151525 255 79 163
0.0735372251 7.67296193 78.7151525 255 79 163
0.162004685 7.53216678 78.7151525 255 79 163
0.279583951 7.41458751 78.7151525 255 79 163
0.420379107 7.32612005 78.7151525 255 79 163
0.577330097 7.27120053 78.7151525 255 79 163
0 47.2133021 0.742566742 255 79 163
0 47.2133021 94.7397546 255 79 163
0.0186176986 47.3785387 94.7397546 255 79 163
0.0735372251 47.5354897 94.7397546 255 79 163
0.162004685 47.6762849 94.7397546 255 79 163
0.279583951 47.7938641 94.7397546 255 79 163
0.420379107 47.8823316 94.7397546 255 79 163
0.577330097 47.9372511 94.7397546 255 79 163
0.742566742 47.9558688 94.7397546 255 79 163
0.742566742 47.9558688 0.742566742 255 79 163
0.0186176986 47.3785387 0.742566742 255 79 163
0.0735372251 47.5354897 0.742566742 255 79 163
0.162004685 47.6762849 0.742566742 255 79 163
0.279583951 47.7938641 0.742566742 255 79 163
0.420379107 47.8823316 0.742566742 255 79 163
0.577330097 47.9372511 0.742566742 255 79 163
0.742566742 7.25258283 78.7151525 255 79 163
0.742566742 7.23396513 78.8803891 255 79 163
0.742566742 7.1790456 79.0373401 255 79 163
0.742566742 7.09057814 79.1781353 255 79 163
0.742566742 6.97299888 79.2957145 255 79 163
0.742566742 6.83220372 79.384182 255 79 163
0.742566742 6.67525273 79.4391015 255 79 163
0.742566742 6.51001608 79.4577192 255 79 163
0 6.51001608 80.200286 255 79 163
0.0186176986 6.51001608 80.0350493 255 79 163
0.0735372251 6.51001608 79.8780983 255 79 163
0.162004685 6.51001608 79.7373032 255 79 163
0.279583951 6.51001608 79.6197239 255 79 163
0.420379107 6.51001608 79.5312564 255 79 163
0.577330097 6.51001608 79.4763369 255 79 163
0 7.99514957 78.7151525 255 79 163
0 7.95791417 79.0456258 255 79 163
0 7.84807512 79.3595277 255 79 163
0 7.6711402 79.641118 255 79 163
0 7.43598167 79.8762766 255 79 163
0 7.15439135 80.0532115 255 79 163
0 6.84048937 80.1630506 255 79 163
0.0186176986 7.82991292 78.7151525 255 79 163
0.0735372251 7.67296193 78.7151525 255 79 163
0.162004685 7.53216678 78.7151525 255 79 163
0.279583951 7.41458751 78.7151525 255 79 163
0.420379107 7.32612005 78.7151525 255 79 163
0.577330097 7.27120053 78.7151525 255 79 163
0.0186176986 6.80372076 80.0019567 255 79 163
0.0735372251 6.76879588 79.8489408 255 79 163
0.0186176986 7.08269786 79.9043384 255 79 163
0.162004685 6.73746601 79.7116757 255 79 163
0.0735372251 7.01459938 79.7629305 255 79 163
0.0186176986 7.3329583 79.7470894 255 79 163
0.279583951 6.71130216 79.5970444 255 79 163
0.162004685 6.95351065 79.6360784 255 79 163
0.0735372251 7.23510096 79.6243801 255 79 163
0.420379107 6.6916163 79.510795 255 79 163
0.0186176986 7.54195299 79.5380947 255 79 163
0.279583951 6.90249492 79.5301432 255 79 163
0.162004685 7.14731662 79.5143021 255 79 163
0.577330097 6.67939556 79.4572524 255 79 163
0.0735372251 7.41924376 79.4402373 255 79 163
0.420379107 6.86411033 79.4504367 255 79 163
0.0186176986 7.69920205 79.2878342 255 79 163
0.279583951 7.07400714 79.4223749 255 79 163
0.162004685 7.30916568 79.352453 255 79 163
0.577330097 6.84028164 79.400956 255 79 163
0.0735372251 7.55779409 79.2197358 255 79 163
0.420379107 7.01884859 79.3532082 255 79 163
0.0186176986 7.79682035 79.0088571 255 79 163
0.279583951 7.2172385 79.2791435 255 79 163
0.162004685 7.43094204 79.158647 255 79 163
0.577330097 6.98460682 79.3102704 255 79 163
0.0735372251 7.64380445 78.9739323 255 79 163
0.420379107 7.14807186 79.223985 255 79 163
0.279583951 7.32500678 79.1076313 255 79 163
0.162004685 7.50653933 78.9426024 255 79 163
0.577330097 7.10513404 79.1897432 255 79 163
0.420379107 7.24530035 79.0692467 255 79 163
0.279583951 7.39190802 78.9164385 255 79 163
0.577330097 7.19581957 79.045418 255 79 163
0.420379107 7.30565862 78.8967527 255 79 163
0.577330097 7.25211604 78.8845319 255 79 163
0 0.742566742 94.7397546 255 79 163
0.0186176986 0.742566742 94.9049913 255 79 163
0.0735372251 0.742566742 95.0619423 255 79 163
0.162004685 0.742566742 95.2027374 255 79 163
0.279583951 0.742566742 95.3203167 255 79 163
0.420379107 0.742566742 95.4087841 255 79 163
0.577330097 0.742566742 95.4637037 255 79 163
0.742566742 0.742566742 95.4823214 255 79 163
0.742566742 47.2133021 95.4823214 255 79 163
0 47.2133021 94.7397546 255 79 163
0.0186176986 47.2133021 94.9049913 255 79 163
0.0735372251 47.2133021 95.0619423 255 79 163
0.162004685 47.2133021 95.2027374 255 79 163
0.279583951 47.2133021 95.3203167 255 79 163
0.420379107 47.2133021 95.4087841 255 79 163
0.577330097 47.2133021 95.4637037 255 79 163
0 0.742566742 80.200286 255 79 163
0 6.51001608 80.200286 255 79 163
0.0186176986 6.51001608 80.0350493 255 79 163
0.0735372251 6.51001608 79.8780983 255 79 163
0.162004685 6.51001608 79.7373032 255 79 163
0.279583951 6.51001608 79.6197239 255 79 163
0.420379107 6.51001608 79.5312564 255 79 163
0.577330097 6.51001608 79.4763369 255 79 163
0.742566742 6.51001608 79.4577192 255 79 163
0.742566742 0.742566742 79.4577192 255 79 163
0.0186176986 0.742566742 80.0350493 255 79 163
0.0735372251 0.742566742 79.8780983 255 79 163
0.162004685 0.742566742 79.7373032 255 79 163
0.279583951 0.742566742 79.6197239 255 79 163
0.420379107 0.742566742 79.5312564 255 79 163
0.577330097 0.742566742 79.4763369 255 79 163
0 0.742566742 80.200286 255 79 163
0.0186176986 0.577330097 80.200286 255 79 163
0.0735372251 0.420379107 80.200286 255 79 163
0.162004685 0.279583951 80.200286 255 79 163
0.279583951 0.162004685 80.200286 255 79 163
0.420379107 0.0735372251 80.200286 255 79 163
0.577330097 0.0186176986 80.200286 255 79 163
0.742566742 0 80.200286 255 79 163
0.742566742 0 94.7397546 255 79 163
0 0.742566742 94.7397546 255 79 163
0.0186176986 0.577330097 94.7397546 255 79 163
0.0735372251 0.420379107 94.7397546 255 79 163
0.162004685 0.279583951 94.7397546 255 79 163
0.279583951 0.162004685 94.7397546 255 79 163
0.420379107 0.0735372251 94.7397546 255 79 163
0.577330097 0.0186176986 94.7397546 255 79 163
0.742566742 7.99514957 0 255 79 163
0.742566742 7.82991292 0.0186176986 255 79 163
0.742566742 7.67296193 0.0735372251 255 79 163
0.742566742 7.53216678 0.162004685 255 79 163
0.742566742 7.41458751 0.279583951 255 79 163
0.742566742 7.32612005 0.420379107 255 79 163
0.742566742 7.27120053 0.577330097 255 79 163
0.742566742 7.25258283 0.742566742 255 79 163
0 7.99514957 0.742566742 255 79 163
0.0186176986 7.82991292 0.742566742 255 79 163
0.0735372251 7.67296193 0.742566742 255 79 163
0.162004685 7.53216678 0.742566742 255 79 163
0.279583951 7.41458751 0.742566742 255 79 163
0.420379107 7.32612005 0.742566742 255 79 163
0.577330097 7.27120053 0.742566742 255 79 163
0 7.99514957 0.742566742 255 79 163
0.0186176986 7.99514957 0.577330097 255 79 163
0.0735372251 7.99514957 0.420379107 255 79 163
0.162004685 7.99514957 0.279583951 255 79 163
0.279583951 7.99514957 0.162004685 255 79 163
0.420379107 7.99514957 0.0735372251 255 79 163
0.577330097 7.99514957 0.0186176986 255 79 163
0.0363438032 7.76850893 0.706670391 255 79 163
0.0363438032 7.79069409 0.638391475 255 79 163
0.0363438032 7.83289279 0.580309959 255 79 163
0.141817628 7.58004214 0.607690162 255 79 163
0.0363438032 7.8909743 0.538111268 255 79 163
0.141817628 7.6420381 0.486016242 255 79 163
0.306096962 7.40179667 0.648588876 255 79 163
0.0363438032 7.95925322 0.515926103 255 79 163
0.141817628 7.73859907 0.389455273 255 79 163
0.306096962 7.45987819 0.469832352 255 79 163
0.141817628 7.86027299 0.327459314 255 79 163
0.306096962 7.5703558 0.31777297 255 79 163
0.513100999 7.32349164 0.524331852 255 79 163
0.306096962 7.72241518 0.207295362 255 79 163
0.513100999 7.42380321 0.327459314 255 79 163
0.306096962 7.9011717 0.149213847 255 79 163
0.513100999 7.58004214 0.171220383 255 79 163
0.513100999 7.77691468 0.0709088141 255 79 163
31.824828 0 0 218 222 230
32.5252763 0 0 218 222 230
32.5252763 47.2133021 0 218 222 230
0.742566742 47.2133021 0 218 222 230
0.742566742 7.99514957 0 218 222 230
30.3396945 7.99514957 0 218 222 230
30.6701678 7.95791417 0 218 222 230
30.9840698 7.84807512 0 218 222 230
31.2656601 7.6711402 0 218 222 230
31.5008186 7.43598167 0 218 222 230
31.6777536 7.15439135 0 218 222 230
31.7875926 6.84048937 0 218 222 230
31.824828 6.51001608 0 218 222 230
7.8264002 37.9839034 0 218 222 230
7.70995647 38.0661444 0 218 222 230
7.94314611 37.881583 0 218 222 230
8.03606723 37.7572258 0 218 222 230
8.10110248 37.6162666 0 218 222 230
8.13540951 37.4648662 0 218 222 230
8.13748892 37.3096414 0 218 222 230
8.124488 37.1676777 0 218 222 230
7.69610438 36.561136 0 218 222 230
7.82949329 36.6405492 0 218 222 230
7.94345639 36.7459602 0 218 222 230
8.03301296 36.8727619 0 218 222 230
8.09424893 37.0154126 0 218 222 230
7.56665974 36.5014133 0 218 222 230
6.8271874 36.5691335 0 218 222 230
6.96265572 36.4933219 0 218 222 230
7.11092585 36.4473325 0 218 222 230
7.26551766 36.4331751 0 218 222 230
7.41967476 36.4514685 0 218 222 230
6.71074367 36.6513745 0 218 222 230
6.39965496 37.3256364 0 218 222 230
6.40173437 37.1704116 0 218 222 230
6.43604139 37.0190112 0 218 222 230
6.50107665 36.8780521 0 218 222 230
6.59399777 36.7536948 0 218 222 230
6.41265587 37.4676002 0 218 222 230
6.84103949 38.0741419 0 218 222 230
6.70765059 37.9947286 0 218 222 230
6.59368748 37.8893177 0 218 222 230
6.50413092 37.7625159 0 218 222 230
6.44289495 37.6198653 0 218 222 230
6.97048414 38.1338646 0 218 222 230
7.57448815 38.1419559 0 218 222 230
7.42621803 38.1879454 0 218 222 230
7.27162621 38.2021028 0 218 222 230
7.11746912 38.1838093 0 218 222 230
0 47.2133021 0.742566742 255 79 163
0.0186176986 47.2133021 0.577330097 255 79 163
0.0735372251 47.2133021 0.420379107 255 79 163
0.162004685 47.2133021 0.279583951 255 79 163
0.279583951 47.2133021 0.162004685 255 79 163
0.420379107 47.2133021 0.0735372251 255 79 163
0.577330097 47.2133021 0.0186176986 255 79 163
0.742566742 47.2133021 0 255 79 163
0 47.2133021 0.742566742 255 79 163
0.0186176986 47.3785387 0.742566742 255 79 163
0.0735372251 47.5354897 0.742566742 255 79 163
0.162004685 47.6762849 0.742566742 255 79 163
0.279583951 47.7938641 0.742566742 255 79 163
0.420379107 47.8823316 0.742566742 255 79 163
0.577330097 47.9372511 0.742566742 255 79 163
0.742566742 47.9558688 0.742566742 255 79 163
0.742566742 47.3785387 0.0186176986 255 79 163
0.742566742 47.5354897 0.0735372251 255 79 163
0.742566742 47.6762849 0.162004685 255 79 163
0.742566742 47.7938641 0.279583951 255 79 163
0.742566742 47.8823316 0.420379107 255 79 163
0.742566742 47.9372511 0.577330097 255 79 163
0.0363438032 47.2491984 0.515926103 255 79 163
0.0363438032 47.3174774 0.538111268 255 79 163
0.0363438032 47.3755589 0.580309959 255 79 163
0.141817628 47.3481787 0.327459314 255 79 163
0.0363438032 47.4177576 0.638391475 255 79 163
0.141817628 47.4698526 0.389455273 255 79 163
0.306096962 47.30728 0.149213847 255 79 163
0.0363438032 47.4399427 0.706670391 255 79 163
0.141817628 47.5664136 0.486016242 255 79 163
0.306096962 47.4860365 0.207295362 255 79 163
0.141817628 47.6284095 0.607690162 255 79 163
0.306096962 47.6380959 0.31777297 255 79 163
0.513100999 47.431537 0.0709088141 255 79 163
0.306096962 47.7485735 0.469832352 255 79 163
0.513100999 47.6284095 0.171220383 255 79 163
0.306096962 47.806655 0.648588876 255 79 163
0.513100999 47.7846484 0.327459314 255 79 163
0.513100999 47.88496 0.524331852 255 79 163
30.3396945 7.25258283 0.742566742 218 222 230
30.3396945 7.25258283 78.7151525 218 222 230
0.742566742 7.25258283 78.7151525 218 222 230
0.742566742 7.25258283 0.742566742 218 222 230
0.742566742 47.9558688 0.742566742 218 222 230
32.5252763 47.9558688 0.742566742 218 222 230
0.742566742 47.9558688 94.7397546 218 222 230
32.5252763 47.9558688 94.7397546 218 222 230
0.742566742 47.2133021 95.4823214 255 79 163
0.742566742 47.3785387 95.4637037 255 79 163
0.742566742 47.5354897 95.4087841 255 79 163
0.742566742 47.6762849 95.3203167 255 79 163
0.742566742 47.7938641 95.2027374 255 79 163
0.742566742 47.8823316 95.0619423 255 79 163
0.742566742 47.9372511 94.9049913 255 79 163
0.742566742 47.9558688 94.7397546 255 79 163
0 47.2133021 94.7397546 255 79 163
0.0186176986 47.3785387 94.7397546 255 79 163
0.0735372251 47.5354897 94.7397546 255 79 163
0.162004685 47.6762849 94.7397546 255 79 163
0.279583951 47.7938641 94.7397546 255 79 163
0.420379107 47.8823316 94.7397546 255 79 163
0.577330097 47.9372511 94.7397546 255 79 163
0 47.2133021 94.7397546 255 79 163
0.0186176986 47.2133021 94.9049913 255 79 163
0.0735372251 47.2133021 95.0619423 255 79 163
0.162004685 47.2133021 95.2027374 255 79 163
0.279583951 47.2133021 95.3203167 255 79 163
0.420379107 47.2133021 95.4087841 255 79 163
0.577330097 47.2133021 95.4637037 255 79 163
0.0363438032 47.4399427 94.775651 255 79 163
0.0363438032 47.4177576 94.8439299 255 79 163
0.0363438032 47.3755589 94.9020114 255 79 163
0.141817628 47.6284095 94.8746312 255 79 163
0.0363438032 47.3174774 94.9442101 255 79 163
0.141817628 47.5664136 94.9963051 255 79 163
0.306096962 47.806655 94.8337325 255 79 163
0.0363438032 47.2491984 94.9663953 255 79 163
0.141817628 47.4698526 95.0928661 255 79 163
0.306096962 47.7485735 95.012489 255 79 163
0.141817628 47.3481787 95.154862 255 79 163
0.306096962 47.6380959 95.1645484 255 79 163
0.513100999 47.88496 94.9579895 255 79 163
0.306096962 47.4860365 95.275026 255 79 163
0.513100999 47.7846484 95.154862 255 79 163
0.306096962 47.30728 95.3331075 255 79 163
0.513100999 47.6284095 95.311101 255 79 163
0.513100999 47.431537 95.4114125 255 79 163
30.3396945 7.25258283 78.7151525 255 79 163
0.742566742 7.25258283 78.7151525 255 79 163
0.742566742 7.23396513 78.8803891 255 79 163
0.742566742 7.1790456 79.0373401 255 79 163
0.742566742 7.09057814 79.1781353 255 79 163
0.742566742 6.97299888 79.2957145 255 79 163
0.742566742 6.83220372 79.384182 255 79 163
0.742566742 6.67525273 79.4391015 255 79 163
0.742566742 6.51001608 79.4577192 255 79 163
30.3396945 6.51001608 79.4577192 255 79 163
30.3396945 6.67525273 79.4391015 255 79 163
30.3396945 6.83220372 79.384182 255 79 163
30.3396945 6.97299888 79.2957145 255 79 163
30.3396945 7.09057814 79.1781353 255 79 163
30.3396945 7.1790456 79.0373401 255 79 163
30.3396945 7.23396513 78.8803891 255 79 163
0 0.742566742 94.7397546 255 79 163
0.0186176986 0.742566742 94.9049913 255 79 163
0.0735372251 0.742566742 95.0619423 255 79 163
0.162004685 0.742566742 95.2027374 255 79 163
0.279583951 0.742566742 95.3203167 255 79 163
0.420379107 0.742566742 95.4087841 255 79 163
0.577330097 0.742566742 95.4637037 255 79 163
0.742566742 0.742566742 95.4823214 255 79 163
0 0.742566742 94.7397546 255 79 163
0.0186176986 0.577330097 94.7397546 255 79 163
0.0735372251 0.420379107 94.7397546 255 79 163
0.162004685 0.279583951 94.7397546 255 79 163
0.279583951 0.162004685 94.7397546 255 79 163
0.420379107 0.0735372251 94.7397546 255 79 163
0.577330097 0.0186176986 94.7397546 255 79 163
0.742566742 0 94.7397546 255 79 163
0.742566742 0.577330097 95.4637037 255 79 163
0.742566742 0.420379107 95.4087841 255 79 163
0.742566742 0.279583951 95.3203167 255 79 163
0.742566742 0.162004685 95.2027374 255 79 163
0.742566742 0.0735372251 95.0619423 255 79 163
0.742566742 0.0186176986 94.9049913 255 79 163
0.0363438032 0.706670391 94.9663953 255 79 163
0.0363438032 0.638391475 94.9442101 255 79 163
0.0363438032 0.580309959 94.9020114 255 79 163
0.141817628 0.607690162 95.154862 255 79 163
0.0363438032 0.538111268 94.8439299 255 79 163
0.141817628 0.486016242 95.0928661 255 79 163
0.306096962 0.648588876 95.3331075 255 79 163
0.0363438032 0.515926103 94.775651 255 79 163
0.141817628 0.389455273 94.9963051 255 79 163
0.306096962 0.469832352 95.275026 255 79 163
0.141817628 0.327459314 94.8746312 255 79 163
0.306096962 0.31777297 95.1645484 255 79 163
0.513100999 0.524331852 95.4114125 255 79 163
0.306096962 0.207295362 95.012489 255 79 163
0.513100999 0.327459314 95.311101 255 79 163
0.306096962 0.149213847 94.8337325 255 79 163
0.513100999 0.171220383 95.154862 255 79 163
0.513100999 0.0709088141 94.9579895 255 79 163
32.5252763 25.4791121 95.4823214 218 222 230
32.5252763 47.2133021 95.4823214 218 222 230
0.742566742 47.2133021 95.4823214 218 222 230
0.742566742 0.742566742 95.4823214 218 222 230
7.78873103 0.742566742 95.4823214 218 222 230
29.7822589 25.2504903 95.4823214 218 222 230
27.0798859 24.727429 95.4823214 218 222 230
24.4496692 23.9160274 95.4823214 218 222 230
21.9222789 22.8257471 95.4823214 218 222 230
19.5271863 21.4693016 95.4823214 218 222 230
17.2923201 19.862508 95.4823214 218 222 230
15.2437404 18.0241027 95.4823214 218 222 230
13.4053351 15.975523 95.4823214 218 222 230
11.7985415 13.7406567 95.4823214 218 222 230
10.442096 11.3455642 95.4823214 218 222 230
9.35181571 8.81817393 95.4823214 218 222 230
8.54041413 6.18795717 95.4823214 218 222 230
8.01735281 3.48558421 95.4823214 218 222 230
7.8264002 37.9839034 95.4823214 218 222 230
7.70995647 38.0661444 95.4823214 218 222 230
7.94314611 37.881583 95.4823214 218 222 230
8.03606723 37.7572258 95.4823214 218 222 230
8.10110248 37.6162666 95.4823214 218 222 230
8.13540951 37.4648662 95.4823214 218 222 230
8.13748892 37.3096414 95.4823214 218 222 230
8.124488 37.1676777 95.4823214 218 222 230
7.69610438 36.561136 95.4823214 218 222 230
7.82949329 36.6405492 95.4823214 218 222 230
7.94345639 36.7459602 95.4823214 218 222 230
8.03301296 36.8727619 95.4823214 218 222 230
8.09424893 37.0154126 95.4823214 218 222 230
7.56665974 36.5014133 95.4823214 218 222 230
6.8271874 36.5691335 95.4823214 218 222 230
6.96265572 36.4933219 95.4823214 218 222 230
7.11092585 36.4473325 95.4823214 218 222 230
7.26551766 36.4331751 95.4823214 218 222 230
7.41967476 36.4514685 95.4823214 218 222 230
6.71074367 36.6513745 95.4823214 218 222 230
6.39965496 37.3256364 95.4823214 218 222 230
6.40173437 37.1704116 95.4823214 218 222 230
6.43604139 37.0190112 95.4823214 218 222 230
6.50107665 36.8780521 95.4823214 218 222 230
6.59399777 36.7536948 95.4823214 218 222 230
6.41265587 37.4676002 95.4823214 218 222 230
6.84103949 38.0741419 95.4823214 218 222 230
6.70765059 37.9947286 95.4823214 218 222 230
6.59368748 37.8893177 95.4823214 218 222 230
6.50413092 37.7625159 95.4823214 218 222 230
6.44289495 37.6198653 95.4823214 218 222 230
6.97048414 38.1338646 95.4823214 218 222 230
7.57448815 38.1419559 95.4823214 218 222 230
7.42621803 38.1879454 95.4823214 218 222 230
7.27162621 38.2021028 95.4823214 218 222 230
7.11746912 38.1838093 95.4823214 218 222 230
0 0.742566742 80.200286 255 79 163
0.0186176986 0.577330097 80.200286 255 79 163
0.0735372251 0.420379107 80.200286 255 79 163
0.162004685 0.279583951 80.200286 255 79 163
0.279583951 0.162004685 80.200286 255 79 163
0.420379107 0.0735372251 80.200286 255 79 163
0.577330097 0.0186176986 80.200286 255 79 163
0.742566742 0 80.200286 255 79 163
0 0.742566742 80.200286 255 79 163
0.0186176986 0.742566742 80.0350493 255 79 163
0.0735372251 0.742566742 79.8780983 255 79 163
0.162004685 0.742566742 79.7373032 255 79 163
0.279583951 0.742566742 79.6197239 255 79 163
0.420379107 0.742566742 79.5312564 255 79 163
0.577330097 0.742566742 79.4763369 255 79 163
0.742566742 0.742566742 79.4577192 255 79 163
0.742566742 0.0186176986 80.0350493 255 79 163
0.742566742 0.0735372251 79.8780983 255 79 163
0.742566742 0.162004685 79.7373032 255 79 163
0.742566742 0.279583951 79.6197239 255 79 163
0.742566742 0.420379107 79.5312564 255 79 163
0.742566742 0.577330097 79.4763369 255 79 163
0.0363438032 0.515926103 80.1643896 255 79 163
0.0363438032 0.538111268 80.0961107 255 79 163
0.0363438032 0.580309959 80.0380292 255 79 163
0.141817628 0.327459314 80.0654094 255 79 163
0.0363438032 0.638391475 79.9958305 255 79 163
0.141817628 0.389455273 79.9437355 255 79 163
0.306096962 0.149213847 80.1063081 255 79 163
0.0363438032 0.706670391 79.9736453 255 79 163
0.141817628 0.486016242 79.8471745 255 79 163
0.306096962 0.207295362 79.9275516 255 79 163
0.141817628 0.607690162 79.7851785 255 79 163
0.306096962 0.31777297 79.7754922 255 79 163
0.513100999 0.0709088141 79.9820511 255 79 163
0.306096962 0.469832352 79.6650146 255 79 163
0.513100999 0.171220383 79.7851785 255 79 163
0.306096962 0.648588876 79.6069331 255 79 163
0.513100999 0.327459314 79.6289396 255 79 163
0.513100999 0.524331852 79.528628 255 79 163
30.3396945 0.742566742 79.4577192 218 222 230
0.742566742 0.742566742 79.4577192 218 222 230
30.3396945 6.51001608 79.4577192 218 222 230
0.742566742 6.51001608 79.4577192 218 222 230
31.824828 0 0 218 222 230
32.5252763 0 0 218 222 230
31.824828 0 78.7151525 218 222 230
30.3396945 0 80.200286 218 222 230
30.6701678 0 80.1630506 218 222 230
30.9840698 0 80.0532115 218 222 230
31.2656601 0 79.8762766 218 222 230
31.5008186 0 79.641118 218 222 230
31.6777536 0 79.3595277 218 222 230
31.7875926 0 79.0456258 218 222 230
0.742566742 0 80.200286 218 222 230
0.742566742 0 94.7397546 218 222 230
7.78873103 0 94.7397546 218 222 230
7.78873103 0 92.5329563 218 222 230
9.27453414 0 91.0478228 218 222 230
8.9327343 -1.07716438e-17 91.0876511 218 222 230
8.60923389 4.8875302e-17 91.2050223 218 222 230
8.3213857 1.59287178e-17 91.3936734 218 222 230
8.08465281 6.33187989e-17 91.6435225 218 222 230
7.91177389 8.51256771e-17 91.9411898 218 222 230
7.81981692 -7.76613144e-17 92.2307414 218 222 230
32.5252763 0 91.0478228 218 222 230
30.3396945 7.99514957 0 255 79 163
30.3396945 7.82991292 0.0186176986 255 79 163
30.3396945 7.67296193 0.0735372251 255 79 163
30.3396945 7.53216678 0.162004685 255 79 163
30.3396945 7.41458751 0.279583951 255 79 163
30.3396945 7.32612005 0.420379107 255 79 163
30.3396945 7.27120053 0.577330097 255 79 163
30.3396945 7.25258283 0.742566742 255 79 163
0.742566742 7.25258283 0.742566742 255 79 163
0.742566742 7.99514957 0 255 79 163
0.742566742 7.82991292 0.0186176986 255 79 163
0.742566742 7.67296193 0.0735372251 255 79 163
0.742566742 7.53216678 0.162004685 255 79 163
0.742566742 7.41458751 0.279583951 255 79 163
0.742566742 7.32612005 0.420379107 255 79 163
0.742566742 7.27120053 0.577330097 255 79 163
31.824828 0 0 255 79 163
31.6979061 0.0109273484 0.0109273484 255 79 163
31.5747197 0.0433877874 0.0433877874 255 79 163
31.4588943 0.0964259647 0.0964259647 255 79 163
31.3538388 0.168480898 0.168480898 255 79 163
31.2626451 0.257431918 0.257431918 255 79 163
31.1879972 0.360661082 0.360661082 255 79 163
31.1179234 0.51520975 0.51520975 255 79 163
31.091231 0.627498297 0.627498297 255 79 163
31.0822613 0.742566742 0.742566742 255 79 163
31.0822613 6.51001608 0.742566742 255 79 163
31.824828 6.51001608 0 255 79 163
31.6595914 6.51001608 0.0186176986 255 79 163
31.5026404 6.51001608 0.0735372251 255 79 163
31.3618452 6.51001608 0.162004685 255 79 163
31.2442659 6.51001608 0.279583951 255 79 163
31.1557985 6.51001608 0.420379107 255 79 163
31.100879 6.51001608 0.577330097 255 79 163
32.5252763 0 0 255 79 163
32.5252763 47.2133021 0 255 79 163
32.690513 47.2133021 0.0186176986 255 79 163
32.847464 47.2133021 0.0735372251 255 79 163
32.9882591 47.2133021 0.162004685 255 79 163
33.1058384 47.2133021 0.279583951 255 79 163
33.1943059 47.2133021 0.420379107 255 79 163
33.2492254 47.2133021 0.577330097 255 79 163
33.2678431 47.2133021 0.742566742 255 79 163
33.2678431 0.742566742 0.742566742 255 79 163
32.6521982 0.0109273484 0.0109273484 255 79 163
32.7753846 0.0433877874 0.0433877874 255 79 163
32.89121 0.0964259647 0.0964259647 255 79 163
32.9962655 0.168480898 0.168480898 255 79 163
33.0874592 0.257431918 0.257431918 255 79 163
33.1621071 0.360661082 0.360661082 255 79 163
33.232181 0.51520975 0.51520975 255 79 163
33.2588734 0.627498297 0.627498297 255 79 163
30.3396945 7.99514957 0 255 79 163
30.3396945 7.82991292 0.0186176986 255 79 163
30.3396945 7.67296193 0.0735372251 255 79 163
30.3396945 7.53216678 0.162004685 255 79 163
30.3396945 7.41458751 0.279583951 255 79 163
30.3396945 7.32612005 0.420379107 255 79 163
30.3396945 7.27120053 0.577330097 255 79 163
30.3396945 7.25258283 0.742566742 255 79 163
30.6701678 7.95791417 0 255 79 163
30.9840698 7.84807512 0 255 79 163
31.2656601 7.6711402 0 255 79 163
31.5008186 7.43598167 0 255 79 163
31.6777536 7.15439135 0 255 79 163
31.7875926 6.84048937 0 255 79 163
31.824828 6.51001608 0 255 79 163
31.6595914 6.51001608 0.0186176986 255 79 163
31.5026404 6.51001608 0.0735372251 255 79 163
31.3618452 6.51001608 0.162004685 255 79 163
31.2442659 6.51001608 0.279583951 255 79 163
31.1557985 6.51001608 0.420379107 255 79 163
31.100879 6.51001608 0.577330097 255 79 163
31.0822613 6.51001608 0.742566742 255 79 163
30.5049312 7.23396513 0.742566742 255 79 163
30.6618822 7.1790456 0.742566742 255 79 163
30.8026773 7.09057814 0.742566742 255 79 163
30.9202566 6.97299888 0.742566742 255 79 163
31.008724 6.83220372 0.742566742 255 79 163
31.0636436 6.67525273 0.742566742 255 79 163
30.6333992 7.79682035 0.0186176986 255 79 163
30.5984743 7.64380445 0.0735372251 255 79 163
30.9123763 7.69920205 0.0186176986 255 79 163
30.5671444 7.50653933 0.162004685 255 79 163
30.8442778 7.55779409 0.0735372251 255 79 163
31.1626367 7.54195299 0.0186176986 255 79 163
30.5409806 7.39190802 0.279583951 255 79 163
30.7831891 7.43094204 0.162004685 255 79 163
31.0647794 7.41924376 0.0735372251 255 79 163
30.5212947 7.30565862 0.420379107 255 79 163
31.3716314 7.3329583 0.0186176986 255 79 163
30.7321734 7.32500678 0.279583951 255 79 163
30.9769951 7.30916568 0.162004685 255 79 163
30.509074 7.25211604 0.577330097 255 79 163
31.2489222 7.23510096 0.0735372251 255 79 163
30.6937888 7.24530035 0.420379107 255 79 163
31.5288805 7.08269786 0.0186176986 255 79 163
30.9036856 7.2172385 0.279583951 255 79 163
31.1388441 7.14731662 0.162004685 255 79 163
30.6699601 7.19581957 0.577330097 255 79 163
31.3874725 7.01459938 0.0735372251 255 79 163
30.848527 7.14807186 0.420379107 255 79 163
31.6264988 6.80372076 0.0186176986 255 79 163
31.0469169 7.07400714 0.279583951 255 79 163
31.2606205 6.95351065 0.162004685 255 79 163
30.8142853 7.10513404 0.577330097 255 79 163
31.4734829 6.76879588 0.0735372251 255 79 163
30.9777503 7.01884859 0.420379107 255 79 163
31.1546852 6.90249492 0.279583951 255 79 163
31.3362178 6.73746601 0.162004685 255 79 163
30.9348125 6.98460682 0.577330097 255 79 163
31.0749788 6.86411033 0.420379107 255 79 163
31.2215865 6.71130216 0.279583951 255 79 163
31.025498 6.84028164 0.577330097 255 79 163
31.1353371 6.6916163 0.420379107 255 79 163
31.0817945 6.67939556 0.577330097 255 79 163
32.5252763 47.9558688 0.742566742 255 79 163
32.5252763 47.9372511 0.577330097 255 79 163
32.5252763 47.8823316 0.420379107 255 79 163
32.5252763 47.7938641 0.279583951 255 79 163
32.5252763 47.6762849 0.162004685 255 79 163
32.5252763 47.5354897 0.0735372251 255 79 163
32.5252763 47.3785387 0.0186176986 255 79 163
32.5252763 47.2133021 0 255 79 163
0.742566742 47.2133021 0 255 79 163
0.742566742 47.3785387 0.0186176986 255 79 163
0.742566742 47.5354897 0.0735372251 255 79 163
0.742566742 47.6762849 0.162004685 255 79 163
0.742566742 47.7938641 0.279583951 255 79 163
0.742566742 47.8823316 0.420379107 255 79 163
0.742566742 47.9372511 0.577330097 255 79 163
0.742566742 47.9558688 0.742566742 255 79 163
7.8264002 37.9839034 95.4823214 218 222 230
7.70995647 38.0661444 95.4823214 218 222 230
7.8264002 37.9839034 0 218 222 230
7.70995647 38.0661444 0 218 222 230
7.8264002 37.9839034 95.4823214 255 79 163
7.94314611 37.881583 95.4823214 255 79 163
8.03606723 37.7572258 95.4823214 255 79 163
8.10110248 37.6162666 95.4823214 255 79 163
8.13540951 37.4648662 95.4823214 255 79 163
8.13748892 37.3096414 95.4823214 255 79 163
8.13748892 37.3096414 0 255 79 163
7.8264002 37.9839034 0 255 79 163
7.94314611 37.881583 0 255 79 163
8.03606723 37.7572258 0 255 79 163
8.10110248 37.6162666 0 255 79 163
8.13540951 37.4648662 0 255 79 163
7.70995647 38.0661444 95.4823214 255 79 163
7.70995647 38.0661444 0 255 79 163
7.57448815 38.1419559 0 255 79 163
7.42621803 38.1879454 0 255 79 163
7.27162621 38.2021028 0 255 79 163
7.11746912 38.1838093 0 255 79 163
6.97048414 38.1338646 0 255 79 163
6.97048414 38.1338646 95.4823214 255 79 163
7.57448815 38.1419559 95.4823214 255 79 163
7.42621803 38.1879454 95.4823214 255 79 163
7.27162621 38.2021028 95.4823214 255 79 163
7.11746912 38.1838093 95.4823214 255 79 163
8.124488 37.1676777 95.4823214 218 222 230
8.13748892 37.3096414 95.4823214 218 222 230
8.124488 37.1676777 0 218 222 230
8.13748892 37.3096414 0 218 222 230
6.97048414 38.1338646 95.4823214 218 222 230
6.84103949 38.0741419 95.4823214 218 222 230
6.97048414 38.1338646 0 218 222 230
6.84103949 38.0741419 0 218 222 230
7.69610438 36.561136 95.4823214 255 79 163
7.69610438 36.561136 0 255 79 163
7.82949329 36.6405492 0 255 79 163
7.94345639 36.7459602 0 255 79 163
8.03301296 36.8727619 0 255 79 163
8.09424893 37.0154126 0 255 79 163
8.124488 37.1676777 0 255 79 163
8.124488 37.1676777 95.4823214 255 79 163
7.82949329 36.6405492 95.4823214 255 79 163
7.94345639 36.7459602 95.4823214 255 79 163
8.03301296 36.8727619 95.4823214 255 79 163
8.09424893 37.0154126 95.4823214 255 79 163
6.84103949 38.0741419 95.4823214 255 79 163
6.84103949 38.0741419 0 255 79 163
6.70765059 37.9947286 0 255 79 163
6.59368748 37.8893177 0 255 79 163
6.50413092 37.7625159 0 255 79 163
6.44289495 37.6198653 0 255 79 163
6.41265587 37.4676002 0 255 79 163
6.41265587 37.4676002 95.4823214 255 79 163
6.70765059 37.9947286 95.4823214 255 79 163
6.59368748 37.8893177 95.4823214 255 79 163
6.50413092 37.7625159 95.4823214 255 79 163
6.44289495 37.6198653 95.4823214 255 79 163
7.56665974 36.5014133 95.4823214 218 222 230
7.69610438 36.561136 95.4823214 218 222 230
7.56665974 36.5014133 0 218 222 230
7.69610438 36.561136 0 218 222 230
6.41265587 37.4676002 95.4823214 218 222 230
6.39965496 37.3256364 95.4823214 218 222 230
6.41265587 37.4676002 0 218 222 230
6.39965496 37.3256364 0 218 222 230
6.8271874 36.5691335 95.4823214 255 79 163
6.8271874 36.5691335 0 255 79 163
6.96265572 36.4933219 0 255 79 163
7.11092585 36.4473325 0 255 79 163
7.26551766 36.4331751 0 255 79 163
7.41967476 36.4514685 0 255 79 163
7.56665974 36.5014133 0 255 79 163
7.56665974 36.5014133 95.4823214 255 79 163
6.96265572 36.4933219 95.4823214 255 79 163
7.11092585 36.4473325 95.4823214 255 79 163
7.26551766 36.4331751 95.4823214 255 79 163
7.41967476 36.4514685 95.4823214 255 79 163
6.39965496 37.3256364 95.4823214 255 79 163
6.39965496 37.3256364 0 255 79 163
6.40173437 37.1704116 0 255 79 163
6.43604139 37.0190112 0 255 79 163
6.50107665 36.8780521 0 255 79 163
6.59399777 36.7536948 0 255 79 163
6.71074367 36.6513745 0 255 79 163
6.71074367 36.6513745 95.4823214 255 79 163
6.40173437 37.1704116 95.4823214 255 79 163
6.43604139 37.0190112 95.4823214 255 79 163
6.50107665 36.8780521 95.4823214 255 79 163
6.59399777 36.7536948 95.4823214 255 79 163
6.71074367 36.6513745 95.4823214 218 222 230
6.8271874 36.5691335 95.4823214 218 222 230
6.71074367 36.6513745 0 218 222 230
6.8271874 36.5691335 0 218 222 230
30.3396945 7.25258283 78.7151525 255 79 163
30.5049312 7.23396513 78.7151525 255 79 163
30.6618822 7.1790456 78.7151525 255 79 163
30.8026773 7.09057814 78.7151525 255 79 163
30.9202566 6.97299888 78.7151525 255 79 163
31.008724 6.83220372 78.7151525 255 79 163
31.0636436 6.67525273 78.7151525 255 79 163
31.0822613 6.51001608 78.7151525 255 79 163
31.0822613 6.51001608 0.742566742 255 79 163
30.3396945 7.25258283 0.742566742 255 79 163
30.5049312 7.23396513 0.742566742 255 79 163
30.6618822 7.1790456 0.742566742 255 79 163
30.8026773 7.09057814 0.742566742 255 79 163
30.9202566 6.97299888 0.742566742 255 79 163
31.008724 6.83220372 0.742566742 255 79 163
31.0636436 6.67525273 0.742566742 255 79 163
32.5252763 47.9558688 0.742566742 255 79 163
32.5252763 47.9558688 94.7397546 255 79 163
32.690513 47.9372511 94.7397546 255 79 163
32.847464 47.8823316 94.7397546 255 79 163
32.9882591 47.7938641 94.7397546 255 79 163
33.1058384 47.6762849 94.7397546 255 79 163
33.1943059 47.5354897 94.7397546 255 79 163
33.2492254 47.3785387 94.7397546 255 79 163
33.2678431 47.2133021 94.7397546 255 79 163
33.2678431 47.2133021 0.742566742 255 79 163
32.690513 47.9372511 0.742566742 255 79 163
32.847464 47.8823316 0.742566742 255 79 163
32.9882591 47.7938641 0.742566742 255 79 163
33.1058384 47.6762849 0.742566742 255 79 163
33.1943059 47.5354897 0.742566742 255 79 163
33.2492254 47.3785387 0.742566742 255 79 163
32.5252763 47.9558688 94.7397546 255 79 163
32.5252763 47.9372511 94.9049913 255 79 163
32.5252763 47.8823316 95.0619423 255 79 163
32.5252763 47.7938641 95.2027374 255 79 163
32.5252763 47.6762849 95.3203167 255 79 163
32.5252763 47.5354897 95.4087841 255 79 163
32.5252763 47.3785387 95.4637037 255 79 163
32.5252763 47.2133021 95.4823214 255 79 163
0.742566742 47.9558688 94.7397546 255 79 163
0.742566742 47.2133021 95.4823214 255 79 163
0.742566742 47.3785387 95.4637037 255 79 163
0.742566742 47.5354897 95.4087841 255 79 163
0.742566742 47.6762849 95.3203167 255 79 163
0.742566742 47.7938641 95.2027374 255 79 163
0.742566742 47.8823316 95.0619423 255 79 163
0.742566742 47.9372511 94.9049913 255 79 163
30.3396945 6.51001608 79.4577192 255 79 163
30.3396945 6.67525273 79.4391015 255 79 163
30.3396945 6.83220372 79.384182 255 79 163
30.3396945 6.97299888 79.2957145 255 79 163
30.3396945 7.09057814 79.1781353 255 79 163
30.3396945 7.1790456 79.0373401 255 79 163
30.3396945 7.23396513 78.8803891 255 79 163
30.3396945 7.25258283 78.7151525 255 79 163
30.3396945 6.51001608 79.4577192 255 79 163
30.5049312 6.51001608 79.4391015 255 79 163
30.6618822 6.51001608 79.384182 255 79 163
30.8026773 6.51001608 79.2957145 255 79 163
30.9202566 6.51001608 79.1781353 255 79 163
31.008724 6.51001608 79.0373401 255 79 163
31.0636436 6.51001608 78.8803891 255 79 163
31.0822613 6.51001608 78.7151525 255 79 163
30.5049312 7.23396513 78.7151525 255 79 163
30.6618822 7.1790456 78.7151525 255 79 163
30.8026773 7.09057814 78.7151525 255 79 163
30.9202566 6.97299888 78.7151525 255 79 163
31.008724 6.83220372 78.7151525 255 79 163
31.0636436 6.67525273 78.7151525 255 79 163
30.3755909 6.73665672 79.4213754 255 79 163
30.4438698 6.71447156 79.4213754 255 79 163
30.5019513 6.67227287 79.4213754 255 79 163
30.4745711 6.92512351 79.3159016 255 79 163
30.54415 6.61419135 79.4213754 255 79 163
30.596245 6.86312755 79.3159016 255 79 163
30.4336724 7.10336898 79.1516222 255 79 163
30.5663352 6.54591244 79.4213754 255 79 163
30.692806 6.76656658 79.3159016 255 79 163
30.6124289 7.04528746 79.1516222 255 79 163
30.7548019 6.64489266 79.3159016 255 79 163
30.7644883 6.93480986 79.1516222 255 79 163
30.5579294 7.18167401 78.9446182 255 79 163
30.8749659 6.78275048 79.1516222 255 79 163
30.7548019 7.08136244 78.9446182 255 79 163
30.9330474 6.60399395 79.1516222 255 79 163
30.9110409 6.92512351 78.9446182 255 79 163
31.0113524 6.72825097 78.9446182 255 79 163
7.78873103 0.742566742 95.4823214 255 79 163
7.78873103 0.577330097 95.4637037 255 79 163
7.78873103 0.420379107 95.4087841 255 79 163
7.78873103 0.279583951 95.3203167 255 79 163
7.78873103 0.162004685 95.2027374 255 79 163
7.78873103 0.0735372251 95.0619423 255 79 163
7.78873103 0.0186176986 94.9049913 255 79 163
7.78873103 0 94.7397546 255 79 163
0.742566742 0.742566742 95.4823214 255 79 163
0.742566742 0.577330097 95.4637037 255 79 163
0.742566742 0.420379107 95.4087841 255 79 163
0.742566742 0.279583951 95.3203167 255 79 163
0.742566742 0.162004685 95.2027374 255 79 163
0.742566742 0.0735372251 95.0619423 255 79 163
0.742566742 0.0186176986 94.9049913 255 79 163
0.742566742 0 94.7397546 255 79 163
32.5252763 25.4791121 95.4823214 255 79 163
32.690513 25.4791121 95.4637037 255 79 163
32.847464 25.4791121 95.4087841 255 79 163
32.9882591 25.4791121 95.3203167 255 79 163
33.1058384 25.4791121 95.2027374 255 79 163
33.1943059 25.4791121 95.0619423 255 79 163
33.2492254 25.4791121 94.9049913 255 79 163
33.2678431 25.4791121 94.7397546 255 79 163
33.2678431 47.2133021 94.7397546 255 79 163
32.5252763 47.2133021 95.4823214 255 79 163
32.690513 47.2133021 95.4637037 255 79 163
32.847464 47.2133021 95.4087841 255 79 163
32.9882591 47.2133021 95.3203167 255 79 163
33.1058384 47.2133021 95.2027374 255 79 163
33.1943059 47.2133021 95.0619423 255 79 163
33.2492254 47.2133021 94.9049913 255 79 163
32.5252763 25.4791121 95.4823214 255 79 163
32.53009 25.3139455 95.4637037 255 79 163
32.5346622 25.1570612 95.4087841 255 79 163
32.5387639 25.0163258 95.3203167 255 79 163
32.5421891 24.8987964 95.2027374 255 79 163
32.5447664 24.8103665 95.0619423 255 79 163
32.5463663 24.7554703 94.9049913 255 79 163
32.5469086 24.7368605 94.7397546 255 79 163
29.7822589 25.2504903 95.4823214 255 79 163
27.0798859 24.727429 95.4823214 255 79 163
24.4496692 23.9160274 95.4823214 255 79 163
21.9222789 22.8257471 95.4823214 255 79 163
19.5271863 21.4693016 95.4823214 255 79 163
17.2923201 19.862508 95.4823214 255 79 163
15.2437404 18.0241027 95.4823214 255 79 163
13.4053351 15.975523 95.4823214 255 79 163
11.7985415 13.7406567 95.4823214 255 79 163
10.442096 11.3455642 95.4823214 255 79 163
9.35181571 8.81817393 95.4823214 255 79 163
8.54041413 6.18795717 95.4823214 255 79 163
8.01735281 3.48558421 95.4823214 255 79 163
7.78873103 0.742566742 95.4823214 255 79 163
7.95389754 0.737753106 95.4637037 255 79 163
8.11078192 0.733180847 95.4087841 255 79 163
8.25151732 0.729079235 95.3203167 255 79 163
8.36904668 0.725653943 95.2027374 255 79 163
8.45747659 0.723076729 95.0619423 255 79 163
8.51237281 0.721476826 94.9049913 255 79 163
8.53098261 0.72093446 94.7397546 255 79 163
29.8838001 24.5148989 94.7397546 255 79 163
27.2601521 24.0070752 94.7397546 255 79 163
24.7065582 23.2193112 94.7397546 255 79 163
22.2527952 22.1607927 94.7397546 255 79 163
19.927476 20.8438628 94.7397546 255 79 163
17.7577153 19.283878 94.7397546 255 79 163
15.7688144 17.4990287 94.7397546 255 79 163
13.9839651 15.5101278 94.7397546 255 79 163
12.4239803 13.3403671 94.7397546 255 79 163
11.1070504 11.0150479 94.7397546 255 79 163
10.0485319 8.56128493 94.7397546 255 79 163
9.26076785 6.00769103 94.7397546 255 79 163
8.75294423 3.38404298 94.7397546 255 79 163
29.8048539 25.0868058 95.4637037 255 79 163
29.826316 24.9313291 95.4087841 255 79 163
29.8455688 24.7918565 95.3203167 255 79 163
29.861647 24.6753818 95.2027374 255 79 163
29.8737444 24.5877453 95.0619423 255 79 163
29.8812543 24.5333417 94.9049913 255 79 163
27.1199989 24.5671352 95.4637037 255 79 163
27.1581005 24.4148792 95.4087841 255 79 163
27.19228 24.2782958 95.3203167 255 79 163
27.2208237 24.1642337 95.2027374 255 79 163
27.2423001 24.0784127 95.0619423 255 79 163
27.2556324 24.025136 94.9049913 255 79 163
24.5068323 23.7609934 95.4637037 255 79 163
24.5611291 23.6137336 95.4087841 255 79 163
24.6098368 23.481632 95.3203167 255 79 163
24.6505131 23.3713127 95.2027374 255 79 163
24.6811182 23.2883078 95.0619423 255 79 163
24.7001174 23.2367793 94.9049913 255 79 163
21.9958257 22.6777808 95.4637037 255 79 163
22.0656846 22.5372342 95.4087841 255 79 163
22.1283525 22.4111548 95.3203167 255 79 163
22.180687 22.3058648 95.2027374 255 79 163
22.2200638 22.2266439 95.0619423 255 79 163
22.2445085 22.1774645 94.9049913 255 79 163
19.6162592 21.3301283 95.4637037 255 79 163
19.7008655 21.1979339 95.4087841 255 79 163
19.7767628 21.0793469 95.3203167 255 79 163
19.8401454 20.9803139 95.2027374 255 79 163
19.8878348 20.9058007 95.0619423 255 79 163
19.9174399 20.8595439 94.9049913 255 79 163
17.3958803 19.7337507 95.4637037 255 79 163
17.4942475 19.6114498 95.4087841 255 79 163
17.5824893 19.5017381 95.3203167 255 79 163
17.6561807 19.4101168 95.2027374 255 79 163
17.7116267 19.3411804 95.0619423 255 79 163
17.7460469 19.2983854 94.9049913 255 79 163
15.3605803 17.9072628 95.4637037 255 79 163
15.4715614 17.7962816 95.4087841 255 79 163
15.5711187 17.6967244 95.3203167 255 79 163
15.6542597 17.6135833 95.2027374 255 79 163
15.7168157 17.5510274 95.0619423 255 79 163
15.7556497 17.5121934 94.9049913 255 79 163
13.5340924 15.8719628 95.4637037 255 79 163
13.6563933 15.7735956 95.4087841 255 79 163
13.766105 15.6853538 95.3203167 255 79 163
13.8577263 15.6116623 95.2027374 255 79 163
13.9266627 15.5562164 95.0619423 255 79 163
13.9694576 15.5217962 94.9049913 255 79 163
11.9377147 13.6515839 95.4637037 255 79 163
12.0699092 13.5669776 95.4087841 255 79 163
12.1884962 13.4910802 95.3203167 255 79 163
12.2875292 13.4276977 95.2027374 255 79 163
12.3620423 13.3800083 95.0619423 255 79 163
12.4082992 13.3504032 94.9049913 255 79 163
10.5900623 11.2720174 95.4637037 255 79 163
10.7306089 11.2021585 95.4087841 255 79 163
10.8566883 11.1394906 95.3203167 255 79 163
10.9619783 11.0871561 95.2027374 255 79 163
11.0411992 11.0477793 95.0619423 255 79 163
11.0903786 11.0233346 94.9049913 255 79 163
9.50684964 8.76101075 95.4637037 255 79 163
9.65410953 8.70671397 95.4087841 255 79 163
9.78621114 8.65800626 95.3203167 255 79 163
9.89653034 8.61733002 95.2027374 255 79 163
9.97953528 8.58672494 95.0619423 255 79 163
10.0310637 8.56772568 94.9049913 255 79 163
8.70070791 6.14784418 95.4637037 255 79 163
8.8529639 6.10974262 95.4087841 255 79 163
8.98954733 6.07556307 95.3203167 255 79 163
9.10360935 6.04701943 95.2027374 255 79 163
9.18943041 6.02554299 95.0619423 255 79 163
9.24270708 6.01221068 94.9049913 255 79 163
8.1810373 3.46298916 95.4637037 255 79 163
8.33651396 3.44152712 95.4087841 255 79 163
8.47598656 3.42227429 95.3203167 255 79 163
8.59246134 3.40619608 95.2027374 255 79 163
8.68009778 3.39409872 95.0619423 255 79 163
8.73450142 3.38658883 94.9049913 255 79 163
30.3396945 0 80.200286 255 79 163
0.742566742 0 80.200286 255 79 163
0.742566742 0.0186176986 80.0350493 255 79 163
0.742566742 0.0735372251 79.8780983 255 79 163
0.742566742 0.162004685 79.7373032 255 79 163
0.742566742 0.279583951 79.6197239 255 79 163
0.742566742 0.420379107 79.5312564 255 79 163
0.742566742 0.577330097 79.4763369 255 79 163
0.742566742 0.742566742 79.4577192 255 79 163
30.3396945 0.742566742 79.4577192 255 79 163
30.3396945 0.0186176986 80.0350493 255 79 163
30.3396945 0.0735372251 79.8780983 255 79 163
30.3396945 0.162004685 79.7373032 255 79 163
30.3396945 0.279583951 79.6197239 255 79 163
30.3396945 0.420379107 79.5312564 255 79 163
30.3396945 0.577330097 79.4763369 255 79 163
30.3396945 0.742566742 79.4577192 255 79 163
30.3396945 6.51001608 79.4577192 255 79 163
30.5049312 0.742566742 79.4391015 255 79 163
30.6618822 0.742566742 79.384182 255 79 163
30.8026773 0.742566742 79.2957145 255 79 163
30.9202566 0.742566742 79.1781353 255 79 163
31.008724 0.742566742 79.0373401 255 79 163
31.0636436 0.742566742 78.8803891 255 79 163
31.0822613 0.742566742 78.7151525 255 79 163
31.0822613 6.51001608 78.7151525 255 79 163
30.5049312 6.51001608 79.4391015 255 79 163
30.6618822 6.51001608 79.384182 255 79 163
30.8026773 6.51001608 79.2957145 255 79 163
30.9202566 6.51001608 79.1781353 255 79 163
31.008724 6.51001608 79.0373401 255 79 163
31.0636436 6.51001608 78.8803891 255 79 163
31.824828 0 0 255 79 163
31.824828 0 78.7151525 255 79 163
31.6595914 0.0186176986 78.7151525 255 79 163
31.5026404 0.0735372251 78.7151525 255 79 163
31.3618452 0.162004685 78.7151525 255 79 163
31.2442659 0.279583951 78.7151525 255 79 163
31.1557985 0.420379107 78.7151525 255 79 163
31.100879 0.577330097 78.7151525 255 79 163
31.0822613 0.742566742 78.7151525 255 79 163
31.0822613 0.742566742 0.742566742 255 79 163
31.6979061 0.0109273484 0.0109273484 255 79 163
31.5747197 0.0433877874 0.0433877874 255 79 163
31.4588943 0.0964259647 0.0964259647 255 79 163
31.3538388 0.168480898 0.168480898 255 79 163
31.2626451 0.257431918 0.257431918 255 79 163
31.1879972 0.360661082 0.360661082 255 79 163
31.1179234 0.51520975 0.51520975 255 79 163
31.091231 0.627498297 0.627498297 255 79 163
32.5252763 0 0 255 79 163
32.6521982 0.0109273484 0.0109273484 255 79 163
32.7753846 0.0433877874 0.0433877874 255 79 163
32.89121 0.0964259647 0.0964259647 255 79 163
32.9962655 0.168480898 0.168480898 255 79 163
33.0874592 0.257431918 0.257431918 255 79 163
33.1621071 0.360661082 0.360661082 255 79 163
33.232181 0.51520975 0.51520975 255 79 163
33.2588734 0.627498297 0.627498297 255 79 163
33.2678431 0.742566742 0.742566742 255 79 163
33.2678431 0.742566742 91.0478228 255 79 163
32.5252763 0 91.0478228 255 79 163
32.690513 0.0186176986 91.0478228 255 79 163
32.847464 0.0735372251 91.0478228 255 79 163
32.9882591 0.162004685 91.0478228 255 79 163
33.1058384 0.279583951 91.0478228 255 79 163
33.1943059 0.420379107 91.0478228 255 79 163
33.2492254 0.577330097 91.0478228 255 79 163
30.3396945 0.742566742 79.4577192 255 79 163
30.5049312 0.742566742 79.4391015 255 79 163
30.6618822 0.742566742 79.384182 255 79 163
30.8026773 0.742566742 79.2957145 255 79 163
30.9202566 0.742566742 79.1781353 255 79 163
31.008724 0.742566742 79.0373401 255 79 163
31.0636436 0.742566742 78.8803891 255 79 163
31.0822613 0.742566742 78.7151525 255 79 163
31.824828 0 78.7151525 255 79 163
31.6595914 0.0186176986 78.7151525 255 79 163
31.5026404 0.0735372251 78.7151525 255 79 163
31.3618452 0.162004685 78.7151525 255 79 163
31.2442659 0.279583951 78.7151525 255 79 163
31.1557985 0.420379107 78.7151525 255 79 163
31.100879 0.577330097 78.7151525 255 79 163
30.3396945 0 80.200286 255 79 163
30.6701678 0 80.1630506 255 79 163
30.9840698 0 80.0532115 255 79 163
31.2656601 0 79.8762766 255 79 163
31.5008186 0 79.641118 255 79 163
31.6777536 0 79.3595277 255 79 163
31.7875926 0 79.0456258 255 79 163
30.3396945 0.0186176986 80.0350493 255 79 163
30.3396945 0.0735372251 79.8780983 255 79 163
30.3396945 0.162004685 79.7373032 255 79 163
30.3396945 0.279583951 79.6197239 255 79 163
30.3396945 0.420379107 79.5312564 255 79 163
30.3396945 0.577330097 79.4763369 255 79 163
31.6264988 0.0186176986 79.0088571 255 79 163
31.4734829 0.0735372251 78.9739323 255 79 163
31.5288805 0.0186176986 79.2878342 255 79 163
31.3362178 0.162004685 78.9426024 255 79 163
31.3874725 0.0735372251 79.2197358 255 79 163
31.3716314 0.0186176986 79.5380947 255 79 163
31.2215865 0.279583951 78.9164385 255 79 163
31.2606205 0.162004685 79.158647 255 79 163
31.2489222 0.0735372251 79.4402373 255 79 163
31.1353371 0.420379107 78.8967527 255 79 163
31.1626367 0.0186176986 79.7470894 255 79 163
31.1546852 0.279583951 79.1076313 255 79 163
31.1388441 0.162004685 79.352453 255 79 163
31.0817945 0.577330097 78.8845319 255 79 163
31.0647794 0.0735372251 79.6243801 255 79 163
31.0749788 0.420379107 79.0692467 255 79 163
30.9123763 0.0186176986 79.9043384 255 79 163
31.0469169 0.279583951 79.2791435 255 79 163
30.9769951 0.162004685 79.5143021 255 79 163
31.025498 0.577330097 79.045418 255 79 163
30.8442778 0.0735372251 79.7629305 255 79 163
30.9777503 0.420379107 79.223985 255 79 163
30.6333992 0.0186176986 80.0019567 255 79 163
30.9036856 0.279583951 79.4223749 255 79 163
30.7831891 0.162004685 79.6360784 255 79 163
30.9348125 0.577330097 79.1897432 255 79 163
30.5984743 0.0735372251 79.8489408 255 79 163
30.848527 0.420379107 79.3532082 255 79 163
30.7321734 0.279583951 79.5301432 255 79 163
30.5671444 0.162004685 79.7116757 255 79 163
30.8142853 0.577330097 79.3102704 255 79 163
30.6937888 0.420379107 79.4504367 255 79 163
30.5409806 0.279583951 79.5970444 255 79 163
30.6699601 0.577330097 79.400956 255 79 163
30.5212947 0.420379107 79.510795 255 79 163
30.509074 0.577330097 79.4572524 255 79 163
9.27453414 0 91.0478228 255 79 163
32.5252763 0 91.0478228 255 79 163
32.5252763 0.0186176986 91.2130595 255 79 163
32.5252763 0.0735372251 91.3700105 255 79 163
32.5252763 0.162004685 91.5108056 255 79 163
32.5252763 0.279583951 91.6283849 255 79 163
32.5252763 0.420379107 91.7168523 255 79 163
32.5252763 0.577330097 91.7717719 255 79 163
32.5252763 0.742566742 91.7903896 255 79 163
9.27453414 0.742566742 91.7903896 255 79 163
9.27453414 0.0224536669 91.2290479 255 79 163
9.27453414 0.0852717977 91.3933206 255 79 163
9.27453414 0.177192427 91.5292345 255 79 163
9.27453414 0.297889141 91.6425221 255 79 163
9.27453414 0.43830302 91.725192 255 79 163
9.27453414 0.587188568 91.7739516 255 79 163
9.27453414 0.665897919 91.786421 255 79 163
9.27453414 0 91.0478228 255 79 163
9.27453414 0.0224536669 91.2290479 255 79 163
9.27453414 0.0852717977 91.3933206 255 79 163
9.27453414 0.177192427 91.5292345 255 79 163
9.27453414 0.297889141 91.6425221 255 79 163
9.27453414 0.43830302 91.725192 255 79 163
9.27453414 0.587188568 91.7739516 255 79 163
9.27453414 0.665897919 91.786421 255 79 163
9.27453414 0.742566742 91.7903896 255 79 163
9.10117352 0.737287576 91.810851 255 79 163
8.93731927 0.732434056 91.8711362 255 79 163
8.79199804 0.728235651 91.9679802 255 79 163
8.67325723 0.72487672 92.0961019 255 79 163
8.58771082 0.722495803 92.2484648 255 79 163
8.54530374 0.721327402 92.3879043 255 79 163
8.53098261 0.72093446 92.5329563 255 79 163
7.78873103 0 92.5329563 255 79 163
7.96706541 0.0217323547 92.5329563 255 79 163
8.12865152 0.0823702401 92.5329563 255 79 163
8.26279493 0.171017289 92.5329563 255 79 163
8.37555656 0.287548982 92.5329563 255 79 163
8.45928426 0.423562473 92.5329563 255 79 163
8.51061853 0.568544344 92.5329563 255 79 163
8.52493747 0.645585102 92.5329563 255 79 163
8.9327343 -1.07716438e-17 91.0876511 255 79 163
8.60923389 4.8875302e-17 91.2050223 255 79 163
8.3213857 1.59287178e-17 91.3936734 255 79 163
8.08465281 6.33187989e-17 91.6435225 255 79 163
7.91177389 8.51256771e-17 91.9411898 255 79 163
7.81981692 -7.76613144e-17 92.2307414 255 79 163
9.02550691 0.215430631 91.6035642 255 79 163
8.59152039 0.212022865 91.8499426 255 79 163
8.33938036 0.21014259 92.2823844 255 79 163
7.78873103 0 92.5329563 255 79 163
7.96706541 0.0217323547 92.5329563 255 79 163
8.12865152 0.0823702401 92.5329563 255 79 163
8.26279493 0.171017289 92.5329563 255 79 163
8.37555656 0.287548982 92.5329563 255 79 163
8.45928426 0.423562473 92.5329563 255 79 163
8.51061853 0.568544344 92.5329563 255 79 163
8.52493747 0.645585102 92.5329563 255 79 163
8.53098261 0.72093446 92.5329563 255 79 163
8.53098261 0.72093446 94.7397546 255 79 163
8.5083282 0.559303873 94.7397546 255 79 163
8.45091099 0.406526474 94.7397546 255 79 163
8.36150474 0.26998274 94.7397546 255 79 163
8.24442854 0.156268917 94.7397546 255 79 163
8.1053382 0.0708783733 94.7397546 255 79 163
7.95095298 0.017936212 94.7397546 255 79 163
7.78873103 0 94.7397546 255 79 163
31.0822613 6.51001608 0.742566742 218 222 230
31.0822613 6.51001608 78.7151525 218 222 230
31.0822613 0.742566742 78.7151525 218 222 230
31.0822613 0.742566742 0.742566742 218 222 230
33.2678431 0.742566742 91.0478228 218 222 230
33.2678431 23.993309 91.0478228 218 222 230
33.2678431 0.742566742 0.742566742 218 222 230
33.2678431 47.2133021 0.742566742 218 222 230
33.2678431 47.2133021 94.7397546 218 222 230
33.2678431 25.4791121 94.7397546 218 222 230
33.2678431 25.4791121 92.5329563 218 222 230
33.2678431 25.439283 92.1913826 218 222 230
33.2678431 25.3219356 91.8681466 218 222 230
33.2678431 25.1334026 91.5805941 218 222 230
33.2678431 24.8838295 91.3441224 218 222 230
33.2678431 24.5866102 91.1713603 218 222 230
33.2678431 24.2963145 91.0790311 218 222 230
32.5252763 47.9558688 0.742566742 255 79 163
32.5252763 47.9372511 0.577330097 255 79 163
32.5252763 47.8823316 0.420379107 255 79 163
32.5252763 47.7938641 0.279583951 255 79 163
32.5252763 47.6762849 0.162004685 255 79 163
32.5252763 47.5354897 0.0735372251 255 79 163
32.5252763 47.3785387 0.0186176986 255 79 163
32.5252763 47.2133021 0 255 79 163
32.5252763 47.9558688 0.742566742 255 79 163
32.690513 47.9372511 0.742566742 255 79 163
32.847464 47.8823316 0.742566742 255 79 163
32.9882591 47.7938641 0.742566742 255 79 163
33.1058384 47.6762849 0.742566742 255 79 163
33.1943059 47.5354897 0.742566742 255 79 163
33.2492254 47.3785387 0.742566742 255 79 163
33.2678431 47.2133021 0.742566742 255 79 163
32.690513 47.2133021 0.0186176986 255 79 163
32.847464 47.2133021 0.0735372251 255 79 163
32.9882591 47.2133021 0.162004685 255 79 163
33.1058384 47.2133021 0.279583951 255 79 163
33.1943059 47.2133021 0.420379107 255 79 163
33.2492254 47.2133021 0.577330097 255 79 163
32.5611727 47.919525 0.515926103 255 79 163
32.6294516 47.919525 0.538111268 255 79 163
32.6875331 47.919525 0.580309959 255 79 163
32.6601529 47.8140512 0.327459314 255 79 163
32.7297318 47.919525 0.638391475 255 79 163
32.7818268 47.8140512 0.389455273 255 79 163
32.6192542 47.6497719 0.149213847 255 79 163
32.751917 47.919525 0.706670391 255 79 163
32.8783878 47.8140512 0.486016242 255 79 163
32.7980107 47.6497719 0.207295362 255 79 163
32.9403838 47.8140512 0.607690162 255 79 163
32.9500701 47.6497719 0.31777297 255 79 163
32.7435112 47.4427678 0.0709088141 255 79 163
33.0605477 47.6497719 0.469832352 255 79 163
32.9403838 47.4427678 0.171220383 255 79 163
33.1186292 47.6497719 0.648588876 255 79 163
33.0966227 47.4427678 0.327459314 255 79 163
33.1969343 47.4427678 0.524331852 255 79 163
32.5252763 47.2133021 95.4823214 255 79 163
32.690513 47.2133021 95.4637037 255 79 163
32.847464 47.2133021 95.4087841 255 79 163
32.9882591 47.2133021 95.3203167 255 79 163
33.1058384 47.2133021 95.2027374 255 79 163
33.1943059 47.2133021 95.0619423 255 79 163
33.2492254 47.2133021 94.9049913 255 79 163
33.2678431 47.2133021 94.7397546 255 79 163
32.5252763 47.9558688 94.7397546 255 79 163
32.690513 47.9372511 94.7397546 255 79 163
32.847464 47.8823316 94.7397546 255 79 163
32.9882591 47.7938641 94.7397546 255 79 163
33.1058384 47.6762849 94.7397546 255 79 163
33.1943059 47.5354897 94.7397546 255 79 163
33.2492254 47.3785387 94.7397546 255 79 163
32.5252763 47.9558688 94.7397546 255 79 163
32.5252763 47.9372511 94.9049913 255 79 163
32.5252763 47.8823316 95.0619423 255 79 163
32.5252763 47.7938641 95.2027374 255 79 163
32.5252763 47.6762849 95.3203167 255 79 163
32.5252763 47.5354897 95.4087841 255 79 163
32.5252763 47.3785387 95.4637037 255 79 163
32.751917 47.919525 94.775651 255 79 163
32.7297318 47.919525 94.8439299 255 79 163
32.6875331 47.919525 94.9020114 255 79 163
32.9403838 47.8140512 94.8746312 255 79 163
32.6294516 47.919525 94.9442101 255 79 163
32.8783878 47.8140512 94.9963051 255 79 163
33.1186292 47.6497719 94.8337325 255 79 163
32.5611727 47.919525 94.9663953 255 79 163
32.7818268 47.8140512 95.0928661 255 79 163
33.0605477 47.6497719 95.012489 255 79 163
32.6601529 47.8140512 95.154862 255 79 163
32.9500701 47.6497719 95.1645484 255 79 163
33.1969343 47.4427678 94.9579895 255 79 163
32.7980107 47.6497719 95.275026 255 79 163
33.0966227 47.4427678 95.154862 255 79 163
32.6192542 47.6497719 95.3331075 255 79 163
32.9403838 47.4427678 95.311101 255 79 163
32.7435112 47.4427678 95.4114125 255 79 163
7.78873103 0.742566742 95.4823214 255 79 163
7.95389754 0.737753106 95.4637037 255 79 163
8.11078192 0.733180847 95.4087841 255 79 163
8.25151732 0.729079235 95.3203167 255 79 163
8.36904668 0.725653943 95.2027374 255 79 163
8.45747659 0.723076729 95.0619423 255 79 163
8.51237281 0.721476826 94.9049913 255 79 163
8.53098261 0.72093446 94.7397546 255 79 163
7.78873103 0.742566742 95.4823214 255 79 163
7.78873103 0.577330097 95.4637037 255 79 163
7.78873103 0.420379107 95.4087841 255 79 163
7.78873103 0.279583951 95.3203167 255 79 163
7.78873103 0.162004685 95.2027374 255 79 163
7.78873103 0.0735372251 95.0619423 255 79 163
7.78873103 0.0186176986 94.9049913 255 79 163
7.78873103 0 94.7397546 255 79 163
8.5083282 0.559303873 94.7397546 255 79 163
8.45091099 0.406526474 94.7397546 255 79 163
8.36150474 0.26998274 94.7397546 255 79 163
8.24442854 0.156268917 94.7397546 255 79 163
8.1053382 0.0708783733 94.7397546 255 79 163
7.95095298 0.017936212 94.7397546 255 79 163
8.01435257 0.700740374 95.4459776 255 79 163
7.99101946 0.634243535 95.4459776 255 79 163
7.94860693 0.577963512 95.4459776 255 79 163
8.20058218 0.598052056 95.3405037 255 79 163
7.89111524 0.537208518 95.4459776 255 79 163
8.13730387 0.479882827 95.3405037 255 79 163
8.3794159 0.633063889 95.1762244 255 79 163
7.82396689 0.515822478 95.4459776 255 79 163
8.04114891 0.38648939 95.3405037 255 79 163
8.31832902 0.458972904 95.1762244 255 79 163
7.92118643 0.326680416 95.3405037 255 79 163
8.20729157 0.311629892 95.1762244 255 79 163
8.45512019 0.508737069 94.9692204 255 79 163
8.05677638 0.204931932 95.1762244 255 79 163
8.35273374 0.317535239 94.9692204 255 79 163
7.88097971 0.148942553 95.1762244 255 79 163
8.19715174 0.166421483 94.9692204 255 79 163
8.00304836 0.0696485311 94.9692204 255 79 163
32.5252763 25.4791121 95.4823214 255 79 163
32.690513 25.4791121 95.4637037 255 79 163
32.847464 25.4791121 95.4087841 255 79 163
32.9882591 25.4791121 95.3203167 255 79 163
33.1058384 25.4791121 95.2027374 255 79 163
33.1943059 25.4791121 95.0619423 255 79 163
33.2492254 25.4791121 94.9049913 255 79 163
33.2678431 25.4791121 94.7397546 255 79 163
32.5252763 25.4791121 95.4823214 255 79 163
32.53009 25.3139455 95.4637037 255 79 163
32.5346622 25.1570612 95.4087841 255 79 163
32.5387639 25.0163258 95.3203167 255 79 163
32.5421891 24.8987964 95.2027374 255 79 163
32.5447664 24.8103665 95.0619423 255 79 163
32.5463663 24.7554703 94.9049913 255 79 163
32.5469086 24.7368605 94.7397546 255 79 163
33.2499069 25.3168901 94.7397546 255 79 163
33.1969647 25.1625049 94.7397546 255 79 163
33.1115742 25.0234145 94.7397546 255 79 163
32.9978604 24.9063384 94.7397546 255 79 163
32.8613166 24.8169321 94.7397546 255 79 163
32.7085392 24.7595149 94.7397546 255 79 163
32.7520206 25.4438762 95.4459776 255 79 163
32.7306346 25.3767279 95.4459776 255 79 163
32.6898796 25.3192362 95.4459776 255 79 163
32.9411627 25.3466567 95.3405037 255 79 163
32.6335996 25.2768236 95.4459776 255 79 163
32.8813537 25.2266942 95.3405037 255 79 163
33.1189005 25.3868634 95.1762244 255 79 163
32.5671027 25.2534905 95.4459776 255 79 163
32.7879603 25.1305392 95.3405037 255 79 163
33.0629112 25.2110667 95.1762244 255 79 163
32.669791 25.0672609 95.3405037 255 79 163
32.9562132 25.0605515 95.1762244 255 79 163
33.1981946 25.2647947 94.9692204 255 79 163
32.8088702 24.9495141 95.1762244 255 79 163
33.1014216 25.0706913 94.9692204 255 79 163
32.6347792 24.8884272 95.1762244 255 79 163
32.9503079 24.9151094 94.9692204 255 79 163
32.759106 24.8127229 94.9692204 255 79 163
8.53098261 0.72093446 94.7397546 218 222 230
8.53098261 0.72093446 92.5329563 218 222 230
32.5469086 24.7368605 94.7397546 218 222 230
29.8838001 24.5148989 94.7397546 218 222 230
27.2601521 24.0070752 94.7397546 218 222 230
24.7065582 23.2193112 94.7397546 218 222 230
22.2527952 22.1607927 94.7397546 218 222 230
19.927476 20.8438628 94.7397546 218 222 230
17.7577153 19.283878 94.7397546 218 222 230
15.7688144 17.4990287 94.7397546 218 222 230
13.9839651 15.5101278 94.7397546 218 222 230
12.4239803 13.3403671 94.7397546 218 222 230
11.1070504 11.0150479 94.7397546 218 222 230
10.0485319 8.56128493 94.7397546 218 222 230
9.26076785 6.00769103 94.7397546 218 222 230
8.75294423 3.38404298 94.7397546 218 222 230
32.5469086 24.7368605 92.5329563 218 222 230
29.8838001 24.5148989 92.5329563 218 222 230
27.2601521 24.0070752 92.5329563 218 222 230
24.7065582 23.2193112 92.5329563 218 222 230
22.2527952 22.1607927 92.5329563 218 222 230
19.927476 20.8438628 92.5329563 218 222 230
17.7577153 19.283878 92.5329563 218 222 230
15.7688144 17.4990287 92.5329563 218 222 230
13.9839651 15.5101278 92.5329563 218 222 230
12.4239803 13.3403671 92.5329563 218 222 230
11.1070504 11.0150479 92.5329563 218 222 230
10.0485319 8.56128493 92.5329563 218 222 230
9.26076785 6.00769103 92.5329563 218 222 230
8.75294423 3.38404298 92.5329563 218 222 230
32.5252763 0 91.0478228 255 79 163
32.5252763 0.0186176986 91.2130595 255 79 163
32.5252763 0.0735372251 91.3700105 255 79 163
32.5252763 0.162004685 91.5108056 255 79 163
32.5252763 0.279583951 91.6283849 255 79 163
32.5252763 0.420379107 91.7168523 255 79 163
32.5252763 0.577330097 91.7717719 255 79 163
32.5252763 0.742566742 91.7903896 255 79 163
32.5252763 0 91.0478228 255 79 163
32.690513 0.0186176986 91.0478228 255 79 163
32.847464 0.0735372251 91.0478228 255 79 163
32.9882591 0.162004685 91.0478228 255 79 163
33.1058384 0.279583951 91.0478228 255 79 163
33.1943059 0.420379107 91.0478228 255 79 163
33.2492254 0.577330097 91.0478228 255 79 163
33.2678431 0.742566742 91.0478228 255 79 163
32.690513 0.742566742 91.7717719 255 79 163
32.847464 0.742566742 91.7168523 255 79 163
32.9882591 0.742566742 91.6283849 255 79 163
33.1058384 0.742566742 91.5108056 255 79 163
33.1943059 0.742566742 91.3700105 255 79 163
33.2492254 0.742566742 91.2130595 255 79 163
32.5611727 0.0363438032 91.2744635 255 79 163
32.6294516 0.0363438032 91.2522783 255 79 163
32.6875331 0.0363438032 91.2100796 255 79 163
32.6601529 0.141817628 91.4629302 255 79 163
32.7297318 0.0363438032 91.1519981 255 79 163
32.7818268 0.141817628 91.4009343 255 79 163
32.6192542 0.306096962 91.6411757 255 79 163
32.751917 0.0363438032 91.0837192 255 79 163
32.8783878 0.141817628 91.3043733 255 79 163
32.7980107 0.306096962 91.5830942 255 79 163
32.9403838 0.141817628 91.1826994 255 79 163
32.9500701 0.306096962 91.4726166 255 79 163
32.7435112 0.513100999 91.7194807 255 79 163
33.0605477 0.306096962 91.3205572 255 79 163
32.9403838 0.513100999 91.6191692 255 79 163
33.1186292 0.306096962 91.1418007 255 79 163
33.0966227 0.513100999 91.4629302 255 79 163
33.1969343 0.513100999 91.2660577 255 79 163
32.5252763 0.742566742 91.7903896 218 222 230
32.5252763 23.993309 91.7903896 218 222 230
29.9485931 23.7742058 91.7903896 218 222 230
27.4104307 23.2791967 91.7903896 218 222 230
24.940245 22.5140265 91.7903896 218 222 230
22.5667033 21.4875752 91.7903896 218 222 230
20.3173511 20.2117549 91.7903896 218 222 230
18.2182927 18.701372 91.7903896 218 222 230
16.2938883 16.9739548 91.7903896 218 222 230
14.5664711 15.0495503 91.7903896 218 222 230
13.0560882 12.950492 91.7903896 218 222 230
11.7802679 10.7011398 91.7903896 218 222 230
10.7538166 8.32759808 91.7903896 218 222 230
9.98864638 5.85741242 91.7903896 218 222 230
9.49363733 3.31924996 91.7903896 218 222 230
9.27453414 0.742566742 91.7903896 218 222 230
32.5252763 23.993309 91.7903896 255 79 163
29.9485931 23.7742058 91.7903896 255 79 163
27.4104307 23.2791967 91.7903896 255 79 163
24.940245 22.5140265 91.7903896 255 79 163
22.5667033 21.4875752 91.7903896 255 79 163
20.3173511 20.2117549 91.7903896 255 79 163
18.2182927 18.701372 91.7903896 255 79 163
16.2938883 16.9739548 91.7903896 255 79 163
14.5664711 15.0495503 91.7903896 255 79 163
13.0560882 12.950492 91.7903896 255 79 163
11.7802679 10.7011398 91.7903896 255 79 163
10.7538166 8.32759808 91.7903896 255 79 163
9.98864638 5.85741242 91.7903896 255 79 163
9.49363733 3.31924996 91.7903896 255 79 163
9.27453414 0.742566742 91.7903896 255 79 163
9.10117352 0.737287576 91.810851 255 79 163
8.93731927 0.732434056 91.8711362 255 79 163
8.79199804 0.728235651 91.9679802 255 79 163
8.67325723 0.72487672 92.0961019 255 79 163
8.58771082 0.722495803 92.2484648 255 79 163
8.54530374 0.721327402 92.3879043 255 79 163
8.53098261 0.72093446 92.5329563 255 79 163
32.5469086 24.7368605 92.5329563 255 79 163
29.8838001 24.5148989 92.5329563 255 79 163
27.2601521 24.0070752 92.5329563 255 79 163
24.7065582 23.2193112 92.5329563 255 79 163
22.2527952 22.1607927 92.5329563 255 79 163
19.927476 20.8438628 92.5329563 255 79 163
17.7577153 19.283878 92.5329563 255 79 163
15.7688144 17.4990287 92.5329563 255 79 163
13.9839651 15.5101278 92.5329563 255 79 163
12.4239803 13.3403671 92.5329563 255 79 163
11.1070504 11.0150479 92.5329563 255 79 163
10.0485319 8.56128493 92.5329563 255 79 163
9.26076785 6.00769103 92.5329563 255 79 163
8.75294423 3.38404298 92.5329563 255 79 163
32.5463434 24.7162672 92.3593903 255 79 163
32.544669 24.6556424 92.19548 255 79 163
32.5419495 24.5584012 92.0503212 255 79 163
32.5382931 24.4299861 91.9319237 255 79 163
32.5338536 24.2775346 91.8467743 255 79 163
32.5296984 24.1381829 91.8046183 255 79 163
29.9655587 23.922618 91.8046184 255 79 163
29.9465294 24.0604717 91.8467744 255 79 163
29.9257103 24.2112907 91.9319239 255 79 163
29.9081728 24.3383366 92.050321 255 79 163
29.8948924 24.4345432 92.1954797 255 79 163
29.8866128 24.4945228 92.3593907 255 79 163
27.4052981 23.4270634 91.8046184 255 79 163
27.3715153 23.5620615 91.8467744 255 79 163
27.3345551 23.7097563 91.9319239 255 79 163
27.3034209 23.8341704 92.050321 255 79 163
27.2798442 23.9283841 92.1954797 255 79 163
27.2651455 23.9871213 92.3593907 255 79 163
24.9133991 22.6583318 91.8046184 255 79 163
24.8652568 22.7889001 91.8467744 255 79 163
24.8125866 22.9317485 91.9319239 255 79 163
24.7682186 23.05208 92.050321 255 79 163
24.7346206 23.1432022 92.1954797 255 79 163
24.713674 23.200012 92.3593907 255 79 163
22.5189192 21.6253871 91.8046184 255 79 163
22.4569787 21.7500031 91.8467744 255 79 163
22.3892126 21.8863393 91.9319239 255 79 163
22.3321283 22.0011853 92.050321 255 79 163
22.2889007 22.0881534 92.1954797 255 79 163
22.2619506 22.1423733 92.3593907 255 79 163
20.2497797 20.3402744 91.8046184 255 79 163
20.1747633 20.4574849 91.8467744 255 79 163
20.0926916 20.5857192 91.9319239 255 79 163
20.0235566 20.6937402 92.050321 255 79 163
19.9712034 20.7755402 92.1954797 255 79 163
19.9385641 20.826538 92.3593907 255 79 163
18.1324406 18.8179788 91.8046184 255 79 163
18.0452231 18.9264171 91.8467744 255 79 163
17.9498026 19.0450542 91.9319239 255 79 163
17.8694231 19.1449908 92.050321 255 79 163
17.8085549 19.2206687 92.1954797 255 79 163
17.7706069 19.2678498 92.3593907 255 79 163
16.1915915 17.0762516 91.8046184 255 79 163
16.0931899 17.1746532 91.8467744 255 79 163
15.9855335 17.2823096 91.9319239 255 79 163
15.8948467 17.3729964 92.050321 255 79 163
15.8261732 17.4416699 92.1954797 255 79 163
15.783359 17.4844841 92.3593907 255 79 163
14.4537637 15.1402494 91.8046184 255 79 163
14.3453478 15.2274948 91.8467744 255 79 163
14.2267354 15.3229458 91.9319239 255 79 163
14.1268195 15.4033511 92.050321 255 79 163
14.0511572 15.4642388 92.1954797 255 79 163
14.0039859 15.5021989 92.3593907 255 79 163
12.9342781 13.0285406 91.8046184 255 79 163
12.8171063 13.1036174 91.8467744 255 79 163
12.6889143 13.1857552 91.9319239 255 79 163
12.5809288 13.2549459 92.050321 255 79 163
12.4991559 13.3073411 92.1954797 255 79 163
12.4481748 13.3400067 92.3593907 255 79 163
11.6507689 10.7656323 91.8046184 255 79 163
11.5262009 10.8276691 91.8467744 255 79 163
11.389917 10.8955405 91.9319239 255 79 163
11.2751153 10.9527135 92.050321 255 79 163
11.1881806 10.9960083 92.1954797 255 79 163
11.1339815 11.0230003 92.3593907 255 79 163
10.6181315 8.37778595 91.8046184 255 79 163
10.4876128 8.42606281 91.8467744 255 79 163
10.3448188 8.47888017 91.9319239 255 79 163
10.224533 8.52337206 92.050321 255 79 163
10.1334455 8.55706397 92.1954797 255 79 163
10.0766573 8.57806905 92.3593907 255 79 163
9.84834982 5.89271324 91.8046184 255 79 163
9.71339535 5.92666991 91.8467744 255 79 163
9.56574826 5.96382024 91.9319239 255 79 163
9.44137439 5.99511467 92.050321 255 79 163
9.34719112 6.01881266 92.1954797 255 79 163
9.28847294 6.03358708 92.3593907 255 79 163
9.3503575 3.33925406 91.8046184 255 79 163
9.21253336 3.35849646 91.8467744 255 79 163
9.0617467 3.37954863 91.9319239 255 79 163
8.93472815 3.3972824 92.050321 255 79 163
8.83854217 3.41071146 92.1954797 255 79 163
8.7785754 3.41908376 92.3593907 255 79 163
33.2678431 23.993309 91.0478228 255 79 163
33.2453894 23.993309 91.2290479 255 79 163
33.1825713 23.993309 91.3933206 255 79 163
33.0906507 23.993309 91.5292345 255 79 163
32.9699539 23.993309 91.6425221 255 79 163
32.8295401 23.993309 91.725192 255 79 163
32.6806545 23.993309 91.7739516 255 79 163
32.6019452 23.993309 91.786421 255 79 163
32.5252763 23.993309 91.7903896 255 79 163
32.5252763 0.742566742 91.7903896 255 79 163
32.690513 0.742566742 91.7717719 255 79 163
32.847464 0.742566742 91.7168523 255 79 163
32.9882591 0.742566742 91.6283849 255 79 163
33.1058384 0.742566742 91.5108056 255 79 163
33.1943059 0.742566742 91.3700105 255 79 163
33.2492254 0.742566742 91.2130595 255 79 163
33.2678431 0.742566742 91.0478228 255 79 163
33.2678431 25.4791121 92.5329563 255 79 163
33.2461107 25.3007777 92.5329563 255 79 163
33.1854729 25.1391916 92.5329563 255 79 163
33.0968258 25.0050482 92.5329563 255 79 163
32.9802941 24.8922865 92.5329563 255 79 163
32.8442806 24.8085588 92.5329563 255 79 163
32.6992987 24.7572246 92.5329563 255 79 163
32.622258 24.7429056 92.5329563 255 79 163
32.5469086 24.7368605 92.5329563 255 79 163
32.5463434 24.7162672 92.3593903 255 79 163
32.544669 24.6556424 92.19548 255 79 163
32.5419495 24.5584012 92.0503212 255 79 163
32.5382931 24.4299861 91.9319237 255 79 163
32.5338536 24.2775346 91.8467743 255 79 163
32.5296984 24.1381829 91.8046183 255 79 163
32.5252763 23.993309 91.7903896 255 79 163
33.2678431 23.993309 91.0478228 255 79 163
33.2453894 23.993309 91.2290479 255 79 163
33.1825713 23.993309 91.3933206 255 79 163
33.0906507 23.993309 91.5292345 255 79 163
32.9699539 23.993309 91.6425221 255 79 163
32.8295401 23.993309 91.725192 255 79 163
32.6806545 23.993309 91.7739516 255 79 163
32.6019452 23.993309 91.786421 255 79 163
33.2678431 25.439283 92.1913826 255 79 163
33.2678431 25.3219356 91.8681466 255 79 163
33.2678431 25.1334026 91.5805941 255 79 163
33.2678431 24.8838295 91.3441224 255 79 163
33.2678431 24.5866102 91.1713603 255 79 163
33.2678431 24.2963145 91.0790311 255 79 163
33.0577005 24.9284627 92.2823844 255 79 163
33.0558202 24.6763227 91.8499426 255 79 163
33.0524125 24.2423362 91.6035642 255 79 163
33.2678431 25.4791121 94.7397546 255 79 163
33.2678431 25.4791121 92.5329563 255 79 163
33.2499069 25.3168901 94.7397546 255 79 163
33.1969647 25.1625049 94.7397546 255 79 163
33.1115742 25.0234145 94.7397546 255 79 163
32.9978604 24.9063384 94.7397546 255 79 163
32.8613166 24.8169321 94.7397546 255 79 163
32.7085392 24.7595149 94.7397546 255 79 163
32.5469086 24.7368605 94.7397546 255 79 163
32.5469086 24.7368605 92.5329563 255 79 163
33.2461107 25.3007777 92.5329563 255 79 163
33.1854729 25.1391916 92.5329563 255 79 163
33.0968258 25.0050482 92.5329563 255 79 163
32.9802941 24.8922865 92.5329563 255 79 163
32.8442806 24.8085588 92.5329563 255 79 163
32.6992987 24.7572246 92.5329563 255 79 163
32.622258 24.7429056 92.5329563 255 79 163
3 6 1 0
3 6 2 1
3 7 2 6
3 8 2 7
3 9 2 8
3 10 2 9
3 3 5 4
3 3 10 11
3 3 11 12
3 3 12 5
3 3 2 10
3 20 21 22
3 20 22 28
3 19 27 26
3 19 28 27
3 19 20 28
3 18 26 25
3 18 19 26
3 17 25 24
3 17 18 25
3 16 24 23
3 16 17 24
3 15 16 23
3 14 23 13
3 14 15 23
3 37 38 44
3 36 44 43
3 36 37 44
3 35 43 42
3 35 36 43
3 34 42 41
3 34 35 42
3 33 41 40
3 33 34 41
3 32 40 39
3 32 33 40
3 31 39 29
3 31 32 39
3 30 31 29
3 52 53 54
3 52 54 60
3 51 60 59
3 51 52 60
3 50 59 58
3 50 51 59
3 49 57 56
3 49 58 57
3 49 50 58
3 48 49 56
3 47 56 55
3 47 48 56
3 46 55 45
3 46 47 55
3 83 77 76
3 89 70 69
3 89 69 82
3 90 71 70
3 90 70 89
3 91 82 81
3 91 89 82
3 92 72 71
3 92 71 90
3 93 89 91
3 93 90 89
3 94 81 80
3 94 91 81
3 95 73 72
3 95 72 92
3 96 92 90
3 96 90 93
3 97 91 94
3 97 93 91
3 98 74 73
3 98 73 95
3 99 80 79
3 99 94 80
3 100 95 92
3 100 92 96
3 101 96 93
3 101 93 97
3 102 66 67
3 102 67 68
3 102 75 74
3 102 68 75
3 102 74 98
3 103 94 99
3 103 97 94
3 104 98 95
3 104 95 100
3 105 79 78
3 105 99 79
3 106 100 96
3 106 96 101
3 107 101 97
3 107 97 103
3 108 66 102
3 108 98 104
3 108 102 98
3 109 99 105
3 109 103 99
3 110 100 106
3 110 104 100
3 111 78 77
3 111 105 78
3 111 77 83
3 112 106 101
3 112 110 106
3 112 101 107
3 113 103 109
3 113 107 103
3 114 65 66
3 114 104 110
3 114 66 108
3 114 108 104
3 115 109 105
3 115 111 83
3 115 83 84
3 115 105 111
3 116 110 112
3 117 107 113
3 117 112 107
3 118 113 109
3 118 109 115
3 118 84 85
3 118 115 84
3 119 63 64
3 119 64 65
3 119 65 114
3 119 114 110
3 119 110 116
3 120 116 112
3 120 112 117
3 121 118 85
3 121 85 86
3 121 117 113
3 121 113 118
3 122 116 120
3 122 63 119
3 122 119 116
3 123 86 87
3 123 121 86
3 123 120 117
3 123 117 121
3 124 61 62
3 124 62 63
3 124 63 122
3 124 87 88
3 124 88 61
3 124 123 87
3 124 122 120
3 124 120 123
3 135 125 126
3 135 134 125
3 136 126 127
3 136 127 128
3 136 135 126
3 137 136 128
3 138 128 129
3 138 137 128
3 139 129 130
3 139 138 129
3 140 130 131
3 140 139 130
3 133 131 132
3 133 140 131
3 148 149 150
3 148 150 156
3 147 156 155
3 147 148 156
3 146 155 154
3 146 147 155
3 145 154 153
3 145 146 154
3 144 153 152
3 144 145 153
3 143 152 151
3 143 144 152
3 142 151 141
3 142 143 151
3 166 157 158
3 167 166 158
3 168 158 159
3 168 167 158
3 169 159 160
3 169 168 159
3 170 160 161
3 170 169 160
3 171 161 162
3 171 170 161
3 172 162 163
3 172 171 162
3 165 163 164
3 165 172 163
3 179 180 187
3 173 174 194
3 195 183 182
3 196 182 181
3 196 195 182
3 197 181 188
3 197 196 181
3 198 184 183
3 198 195 196
3 198 183 195
3 199 188 189
3 199 197 188
3 200 196 197
3 200 198 196
3 201 185 184
3 201 186 185
3 201 184 198
3 202 189 190
3 202 199 189
3 203 200 197
3 203 197 199
3 204 198 200
3 204 201 198
3 205 190 191
3 205 203 199
3 205 202 190
3 205 199 202
3 206 200 203
3 206 204 200
3 207 178 179
3 207 187 186
3 207 186 201
3 207 201 204
3 207 179 187
3 208 203 205
3 208 206 203
3 209 177 178
3 209 178 207
3 209 204 206
3 209 207 204
3 210 191 192
3 210 192 193
3 210 205 191
3 210 208 205
3 211 175 176
3 211 176 177
3 211 177 209
3 211 206 208
3 211 209 206
3 212 174 175
3 212 193 194
3 212 194 174
3 212 175 211
3 212 210 193
3 212 208 210
3 212 211 208
3 225 214 213
3 245 217 250
3 249 250 217
3 240 217 245
3 248 249 217
3 241 217 240
3 242 217 241
3 243 217 242
3 244 217 243
3 239 217 244
3 234 218 217
3 234 217 239
3 235 218 234
3 236 218 235
3 237 218 236
3 216 246 247
3 216 247 248
3 216 251 246
3 216 252 253
3 216 253 254
3 216 254 255
3 216 255 256
3 216 256 251
3 216 257 252
3 216 227 258
3 216 258 259
3 216 259 260
3 216 260 261
3 216 261 257
3 216 248 217
3 215 219 218
3 215 220 219
3 215 227 216
3 215 221 220
3 215 222 221
3 215 223 222
3 215 224 223
3 215 218 237
3 215 226 227
3 215 228 226
3 215 229 228
3 215 230 229
3 215 231 230
3 215 232 231
3 215 233 232
3 215 237 238
3 215 238 233
3 214 225 215
3 225 224 215
3 278 269 268
3 277 283 276
3 284 264 263
3 285 263 262
3 285 284 263
3 286 262 270
3 286 285 262
3 287 265 264
3 287 264 284
3 287 284 285
3 288 270 271
3 288 286 270
3 289 285 286
3 289 287 285
3 290 266 265
3 290 267 266
3 290 265 287
3 291 271 272
3 291 288 271
3 292 289 286
3 292 286 288
3 293 287 289
3 293 290 287
3 294 272 273
3 294 288 291
3 294 291 272
3 294 292 288
3 295 289 292
3 295 293 289
3 296 268 267
3 296 279 278
3 296 267 290
3 296 290 293
3 296 278 268
3 297 292 294
3 297 295 292
3 298 280 279
3 298 281 280
3 298 279 296
3 298 293 295
3 298 296 293
3 299 273 274
3 299 274 275
3 299 294 273
3 299 297 294
3 300 282 281
3 300 281 298
3 300 295 297
3 300 298 295
3 301 275 276
3 301 283 282
3 301 282 300
3 301 276 283
3 301 299 275
3 301 297 299
3 301 300 297
3 302 303 304
3 302 304 305
3 309 307 306
3 309 306 308
3 316 317 324
3 310 311 331
3 332 320 319
3 333 319 318
3 333 332 319
3 334 318 325
3 334 333 318
3 335 321 320
3 335 332 333
3 335 320 332
3 336 325 326
3 336 334 325
3 337 333 334
3 337 335 333
3 338 322 321
3 338 323 322
3 338 321 335
3 339 326 327
3 339 336 326
3 340 337 334
3 340 334 336
3 341 335 337
3 341 338 335
3 342 327 328
3 342 340 336
3 342 339 327
3 342 336 339
3 343 337 340
3 343 341 337
3 344 315 316
3 344 324 323
3 344 323 338
3 344 338 341
3 344 316 324
3 345 340 342
3 345 343 340
3 346 314 315
3 346 315 344
3 346 341 343
3 346 344 341
3 347 328 329
3 347 329 330
3 347 342 328
3 347 345 342
3 348 312 313
3 348 313 314
3 348 314 346
3 348 343 345
3 348 346 343
3 349 311 312
3 349 330 331
3 349 331 311
3 349 312 348
3 349 347 330
3 349 345 347
3 349 348 345
3 358 360 359
3 357 361 360
3 357 360 358
3 356 362 361
3 356 361 357
3 355 363 362
3 355 362 356
3 354 364 363
3 354 363 355
3 353 365 364
3 353 364 354
3 352 350 365
3 352 365 353
3 351 350 352
3 382 373 372
3 381 387 380
3 388 368 367
3 389 367 366
3 389 388 367
3 390 366 374
3 390 389 366
3 391 369 368
3 391 368 388
3 391 388 389
3 392 374 375
3 392 390 374
3 393 389 390
3 393 391 389
3 394 370 369
3 394 371 370
3 394 369 391
3 395 375 376
3 395 392 375
3 396 393 390
3 396 390 392
3 397 391 393
3 397 394 391
3 398 376 377
3 398 392 395
3 398 395 376
3 398 396 392
3 399 393 396
3 399 397 393
3 400 372 371
3 400 383 382
3 400 371 394
3 400 394 397
3 400 382 372
3 401 396 398
3 401 399 396
3 402 384 383
3 402 385 384
3 402 383 400
3 402 397 399
3 402 400 397
3 403 377 378
3 403 378 379
3 403 398 377
3 403 401 398
3 404 386 385
3 404 385 402
3 404 399 401
3 404 402 399
3 405 379 380
3 405 387 386
3 405 386 404
3 405 380 387
3 405 403 379
3 405 401 403
3 405 404 401
3 423 409 410
3 422 409 423
3 421 409 422
3 420 409 421
3 448 409 420
3 443 420 419
3 443 448 420
3 447 409 448
3 438 443 419
3 446 409 447
3 439 419 418
3 439 438 419
3 440 418 417
3 440 439 418
3 441 440 417
3 442 417 416
3 442 441 417
3 437 442 416
3 432 437 416
3 433 432 416
3 433 416 415
3 434 433 415
3 414 434 415
3 435 434 414
3 436 435 414
3 408 445 444
3 408 446 445
3 408 444 449
3 408 451 450
3 408 452 451
3 408 453 452
3 408 454 453
3 408 449 454
3 408 450 455
3 408 456 425
3 408 457 456
3 408 458 457
3 408 459 458
3 408 455 459
3 408 409 446
3 413 430 431
3 413 436 414
3 413 431 436
3 412 429 430
3 412 430 413
3 407 408 425
3 407 411 406
3 407 412 411
3 407 425 424
3 407 424 426
3 407 426 427
3 407 427 428
3 407 428 429
3 407 429 412
3 476 467 466
3 475 481 474
3 482 462 461
3 483 461 460
3 483 482 461
3 484 460 468
3 484 483 460
3 485 463 462
3 485 462 482
3 485 482 483
3 486 468 469
3 486 484 468
3 487 483 484
3 487 485 483
3 488 464 463
3 488 465 464
3 488 463 485
3 489 469 470
3 489 486 469
3 490 487 484
3 490 484 486
3 491 485 487
3 491 488 485
3 492 470 471
3 492 486 489
3 492 489 470
3 492 490 486
3 493 487 490
3 493 491 487
3 494 466 465
3 494 477 476
3 494 465 488
3 494 488 491
3 494 476 466
3 495 490 492
3 495 493 490
3 496 478 477
3 496 479 478
3 496 477 494
3 496 491 493
3 496 494 491
3 497 471 472
3 497 472 473
3 497 492 471
3 497 495 492
3 498 480 479
3 498 479 496
3 498 493 495
3 498 496 493
3 499 473 474
3 499 481 480
3 499 480 498
3 499 474 481
3 499 497 473
3 499 495 497
3 499 498 495
3 503 502 500
3 501 503 500
3 522 515 514
3 522 514 521
3 520 521 514
3 523 515 522
3 519 520 514
3 524 515 523
3 517 515 524
3 518 519 514
3 516 515 517
3 507 518 514
3 506 504 505
3 525 507 508
3 525 508 509
3 525 509 510
3 525 510 511
3 525 511 512
3 525 512 513
3 525 513 506
3 525 518 507
3 525 506 505
3 533 534 541
3 532 541 540
3 532 533 541
3 531 540 539
3 531 532 540
3 530 539 538
3 530 531 539
3 529 538 537
3 529 530 538
3 528 537 536
3 528 529 537
3 527 536 535
3 527 528 536
3 526 527 535
3 553 542 543
3 554 543 544
3 554 553 543
3 555 544 545
3 555 554 544
3 556 545 546
3 556 546 547
3 556 555 545
3 557 547 548
3 557 556 547
3 558 548 549
3 558 557 548
3 559 549 550
3 559 558 549
3 552 550 551
3 552 559 550
3 568 569 577
3 567 577 576
3 567 568 577
3 566 576 575
3 566 567 576
3 565 575 574
3 565 566 575
3 564 573 572
3 564 574 573
3 564 565 574
3 563 572 571
3 563 564 572
3 562 571 570
3 562 563 571
3 561 570 560
3 561 562 570
3 593 591 592
3 606 579 578
3 606 578 586
3 607 580 579
3 607 579 606
3 608 586 587
3 608 606 586
3 609 581 580
3 609 580 607
3 610 606 608
3 610 607 606
3 611 587 588
3 611 608 587
3 612 582 581
3 612 581 609
3 613 609 607
3 613 607 610
3 614 610 608
3 614 608 611
3 615 583 582
3 615 582 612
3 616 588 589
3 616 611 588
3 617 609 613
3 617 612 609
3 618 610 614
3 618 613 610
3 619 584 583
3 619 585 584
3 619 600 585
3 619 583 615
3 620 611 616
3 620 614 611
3 621 615 612
3 621 612 617
3 622 589 590
3 622 616 589
3 623 617 613
3 623 613 618
3 624 618 614
3 624 614 620
3 625 601 600
3 625 615 621
3 625 600 619
3 625 619 615
3 626 616 622
3 626 620 616
3 626 624 620
3 627 617 623
3 627 621 617
3 628 590 591
3 628 591 593
3 628 622 590
3 629 623 618
3 629 627 623
3 629 618 624
3 630 624 626
3 631 625 621
3 631 621 627
3 631 602 601
3 631 601 625
3 632 593 594
3 632 628 593
3 632 622 628
3 632 626 622
3 633 627 629
3 634 629 624
3 634 624 630
3 635 594 595
3 635 632 594
3 635 626 632
3 635 630 626
3 636 602 631
3 636 603 602
3 636 627 633
3 636 631 627
3 637 629 634
3 637 633 629
3 638 595 596
3 638 635 595
3 638 634 630
3 638 630 635
3 638 637 634
3 639 603 636
3 639 604 603
3 639 636 633
3 639 633 637
3 640 596 597
3 640 638 596
3 640 637 638
3 641 597 598
3 641 598 599
3 641 605 604
3 641 599 605
3 641 640 597
3 641 639 637
3 641 637 640
3 641 604 639
3 649 650 651
3 648 651 652
3 648 649 651
3 647 652 653
3 647 648 652
3 646 653 654
3 646 647 653
3 645 654 655
3 645 646 654
3 644 655 656
3 644 645 655
3 643 656 657
3 643 644 656
3 642 643 657
3 659 660 658
3 659 661 660
3 670 663 662
3 670 662 669
3 671 664 663
3 671 663 670
3 672 665 664
3 672 666 665
3 672 664 671
3 673 666 672
3 668 667 666
3 668 666 673
3 679 681 680
3 679 685 681
3 678 684 685
3 678 685 679
3 677 682 683
3 677 683 684
3 677 684 678
3 676 674 682
3 676 682 677
3 675 674 676
3 687 688 686
3 687 689 688
3 691 692 690
3 691 693 692
3 699 701 700
3 699 705 701
3 698 703 704
3 698 704 705
3 698 705 699
3 697 703 698
3 696 694 702
3 696 702 703
3 696 703 697
3 695 694 696
3 712 717 713
3 711 717 712
3 710 715 716
3 710 716 717
3 710 717 711
3 709 715 710
3 708 714 715
3 708 715 709
3 707 706 714
3 707 714 708
3 719 720 718
3 719 721 720
3 723 724 722
3 723 725 724
3 731 733 732
3 731 737 733
3 730 736 737
3 730 737 731
3 729 734 735
3 729 735 736
3 729 736 730
3 728 734 729
3 727 726 734
3 727 734 728
3 743 745 744
3 743 748 749
3 743 749 745
3 742 748 743
3 741 746 747
3 741 747 748
3 741 748 742
3 740 746 741
3 739 738 746
3 739 746 740
3 751 752 750
3 751 753 752
3 760 762 761
3 760 769 762
3 759 768 769
3 759 769 760
3 758 766 767
3 758 767 768
3 758 768 759
3 757 766 758
3 756 765 766
3 756 766 757
3 755 764 765
3 755 765 756
3 754 763 764
3 754 764 755
3 777 778 779
3 777 779 785
3 776 785 784
3 776 777 785
3 775 784 783
3 775 776 784
3 774 782 781
3 774 783 782
3 774 775 783
3 773 774 781
3 772 781 780
3 772 773 781
3 771 780 770
3 771 772 780
3 787 786 794
3 787 794 801
3 788 801 800
3 788 787 801
3 789 800 799
3 789 788 800
3 790 799 798
3 790 789 799
3 791 798 797
3 791 790 798
3 792 797 796
3 792 791 797
3 793 796 795
3 793 792 796
3 818 808 809
3 817 816 823
3 824 803 804
3 825 802 803
3 825 803 824
3 826 810 802
3 826 802 825
3 827 804 805
3 827 824 804
3 827 825 824
3 828 811 810
3 828 810 826
3 829 826 825
3 829 825 827
3 830 805 806
3 830 806 807
3 830 827 805
3 831 812 811
3 831 811 828
3 832 826 829
3 832 828 826
3 833 829 827
3 833 827 830
3 834 813 812
3 834 831 828
3 834 812 831
3 834 828 832
3 835 832 829
3 835 829 833
3 836 807 808
3 836 818 819
3 836 830 807
3 836 833 830
3 836 808 818
3 837 834 832
3 837 832 835
3 838 819 820
3 838 820 821
3 838 836 819
3 838 835 833
3 838 833 836
3 839 814 813
3 839 815 814
3 839 813 834
3 839 834 837
3 840 821 822
3 840 838 821
3 840 837 835
3 840 835 838
3 841 816 815
3 841 822 823
3 841 840 822
3 841 823 816
3 841 815 839
3 841 839 837
3 841 837 840
3 843 842 850
3 843 850 851
3 844 851 852
3 844 843 851
3 845 852 853
3 845 844 852
3 846 853 854
3 846 845 853
3 847 854 855
3 847 846 854
3 848 855 856
3 848 847 855
3 849 856 857
3 849 848 856
3 867 858 859
3 868 859 860
3 868 867 859
3 869 860 861
3 869 868 860
3 870 861 862
3 870 869 861
3 871 862 863
3 871 870 862
3 872 863 864
3 872 871 863
3 873 864 865
3 873 872 864
3 866 873 865
3 882 875 874
3 903 881 880
3 896 894 895
3 916 875 882
3 917 876 875
3 917 875 916
3 918 877 876
3 918 876 917
3 919 878 877
3 919 877 918
3 920 879 878
3 920 878 919
3 921 880 879
3 921 903 880
3 921 879 920
3 922 882 883
3 922 916 882
3 923 916 922
3 923 917 916
3 924 918 917
3 924 917 923
3 925 920 919
3 925 918 924
3 925 919 918
3 926 920 925
3 927 921 920
3 927 904 903
3 927 903 921
3 927 920 926
3 928 883 884
3 928 922 883
3 929 922 928
3 929 923 922
3 930 924 923
3 930 923 929
3 931 924 930
3 931 925 924
3 932 926 925
3 932 925 931
3 933 926 932
3 933 905 904
3 933 906 905
3 933 927 926
3 933 904 927
3 934 884 885
3 934 928 884
3 935 929 928
3 935 928 934
3 936 931 930
3 936 930 929
3 936 929 935
3 937 932 931
3 937 931 936
3 938 932 937
3 938 933 932
3 939 906 933
3 939 933 938
3 940 885 886
3 940 934 885
3 941 935 934
3 941 934 940
3 942 937 936
3 942 936 935
3 942 935 941
3 943 938 937
3 943 937 942
3 944 938 943
3 945 907 906
3 945 906 939
3 945 939 938
3 945 938 944
3 946 886 887
3 946 940 886
3 947 941 940
3 947 940 946
3 948 942 941
3 948 941 947
3 949 942 948
3 949 943 942
3 950 944 943
3 950 943 949
3 951 908 907
3 951 907 945
3 951 945 944
3 951 944 950
3 952 887 888
3 952 946 887
3 952 947 946
3 953 947 952
3 954 948 947
3 954 949 948
3 954 947 953
3 955 949 954
3 956 950 949
3 956 949 955
3 957 950 956
3 957 909 908
3 957 908 951
3 957 951 950
3 958 888 889
3 958 952 888
3 959 952 958
3 959 953 952
3 960 953 959
3 960 954 953
3 961 954 960
3 961 956 955
3 961 955 954
3 962 956 961
3 963 956 962
3 963 910 909
3 963 909 957
3 963 957 956
3 964 889 890
3 964 958 889
3 965 959 958
3 965 960 959
3 965 958 964
3 966 960 965
3 967 961 960
3 967 960 966
3 967 962 961
3 968 963 962
3 968 962 967
3 969 963 968
3 969 910 963
3 969 911 910
3 970 890 891
3 970 964 890
3 970 965 964
3 971 965 970
3 972 966 965
3 972 967 966
3 972 965 971
3 973 967 972
3 974 968 967
3 974 967 973
3 975 969 968
3 975 912 911
3 975 911 969
3 975 968 974
3 976 891 892
3 976 970 891
3 977 970 976
3 977 971 970
3 978 971 977
3 978 972 971
3 978 973 972
3 979 973 978
3 980 974 973
3 980 973 979
3 981 913 912
3 981 912 975
3 981 974 980
3 981 975 974
3 982 892 893
3 982 976 892
3 983 977 976
3 983 976 982
3 984 978 977
3 984 977 983
3 985 979 978
3 985 978 984
3 986 980 979
3 986 979 985
3 987 914 913
3 987 915 914
3 987 913 981
3 987 981 980
3 987 980 986
3 988 982 893
3 988 894 896
3 988 893 894
3 989 988 896
3 989 896 897
3 989 983 982
3 989 984 983
3 989 982 988
3 990 897 898
3 990 989 897
3 990 984 989
3 991 984 990
3 991 898 899
3 991 985 984
3 991 990 898
3 992 985 991
3 992 899 900
3 992 991 899
3 992 986 985
3 993 992 900
3 993 986 992
3 993 900 901
3 993 901 902
3 993 902 915
3 993 915 987
3 993 987 986
3 1001 1002 1003
3 1001 1009 1008
3 1001 1003 1009
3 1000 1008 1007
3 1000 1001 1008
3 999 1007 1006
3 999 1000 1007
3 998 1006 1005
3 998 999 1006
3 997 1005 1004
3 997 998 1005
3 996 1004 994
3 996 997 1004
3 995 996 994
3 1020 1010 1011
3 1020 1012 1010
3 1021 1013 1012
3 1021 1012 1020
3 1022 1014 1013
3 1022 1013 1021
3 1023 1015 1014
3 1023 1014 1022
3 1024 1016 1015
3 1024 1015 1023
3 1025 1017 1016
3 1025 1016 1024
3 1019 1018 1017
3 1019 1017 1025
3 1034 1035 1043
3 1033 1043 1042
3 1033 1034 1043
3 1032 1042 1041
3 1032 1033 1042
3 1031 1041 1040
3 1031 1032 1041
3 1030 1039 1038
3 1030 1040 1039
3 1030 1031 1040
3 1029 1038 1037
3 1029 1030 1038
3 1028 1037 1036
3 1028 1029 1037
3 1027 1036 1026
3 1027 1028 1036
3 1055 1044 1045
3 1056 1045 1046
3 1056 1055 1045
3 1057 1046 1047
3 1057 1056 1046
3 1058 1047 1048
3 1058 1048 1049
3 1058 1057 1047
3 1059 1049 1050
3 1059 1058 1049
3 1060 1050 1051
3 1060 1059 1050
3 1061 1051 1052
3 1061 1060 1051
3 1054 1052 1053
3 1054 1061 1052
3 1090 1071 1070
3 1090 1070 1083
3 1091 1072 1071
3 1091 1071 1090
3 1092 1083 1082
3 1092 1090 1083
3 1093 1073 1072
3 1093 1072 1091
3 1094 1090 1092
3 1094 1091 1090
3 1095 1082 1081
3 1095 1092 1082
3 1096 1074 1073
3 1096 1073 1093
3 1097 1093 1091
3 1097 1091 1094
3 1098 1092 1095
3 1098 1094 1092
3 1099 1075 1074
3 1099 1074 1096
3 1100 1081 1080
3 1100 1095 1081
3 1101 1096 1093
3 1101 1093 1097
3 1102 1094 1098
3 1102 1097 1094
3 1103 1068 1069
3 1103 1076 1075
3 1103 1069 1076
3 1103 1075 1099
3 1104 1098 1095
3 1104 1095 1100
3 1105 1096 1101
3 1105 1099 1096
3 1106 1080 1079
3 1106 1100 1080
3 1107 1101 1097
3 1107 1097 1102
3 1108 1102 1098
3 1108 1098 1104
3 1109 1099 1105
3 1109 1067 1068
3 1109 1068 1103
3 1109 1103 1099
3 1110 1100 1106
3 1110 1104 1100
3 1111 1105 1101
3 1111 1101 1107
3 1112 1110 1106
3 1112 1078 1077
3 1112 1079 1078
3 1112 1077 1084
3 1112 1106 1079
3 1113 1107 1102
3 1113 1102 1108
3 1114 1104 1110
3 1114 1113 1108
3 1114 1108 1104
3 1115 1065 1066
3 1115 1066 1067
3 1115 1067 1109
3 1115 1105 1111
3 1115 1109 1105
3 1116 1110 1112
3 1116 1112 1084
3 1116 1084 1085
3 1117 1107 1113
3 1117 1111 1107
3 1117 1115 1111
3 1118 1113 1114
3 1119 1116 1085
3 1119 1085 1086
3 1119 1110 1116
3 1119 1114 1110
3 1120 1065 1115
3 1120 1115 1117
3 1121 1113 1118
3 1121 1117 1113
3 1122 1086 1087
3 1122 1118 1114
3 1122 1119 1086
3 1122 1114 1119
3 1123 1063 1064
3 1123 1064 1065
3 1123 1120 1117
3 1123 1117 1121
3 1123 1065 1120
3 1124 1087 1088
3 1124 1122 1087
3 1124 1118 1122
3 1124 1121 1118
3 1124 1123 1121
3 1125 1062 1063
3 1125 1063 1123
3 1125 1088 1089
3 1125 1089 1062
3 1125 1124 1088
3 1125 1123 1124
3 1134 1135 1142
3 1133 1141 1140
3 1133 1142 1141
3 1133 1134 1142
3 1132 1140 1139
3 1132 1133 1140
3 1131 1139 1138
3 1131 1132 1139
3 1130 1138 1137
3 1130 1131 1138
3 1129 1137 1136
3 1129 1130 1137
3 1128 1136 1126
3 1128 1129 1136
3 1127 1128 1126
3 1167 1143 1144
3 1145 1167 1144
3 1152 1148 1149
3 1152 1149 1150
3 1152 1150 1151
3 1160 1159 1172
3 1161 1160 1172
3 1165 1164 1157
3 1166 1165 1157
3 1158 1166 1157
3 1173 1145 1146
3 1173 1146 1147
3 1173 1147 1148
3 1173 1152 1153
3 1173 1168 1167
3 1173 1167 1145
3 1173 1148 1152
3 1174 1153 1154
3 1174 1154 1155
3 1174 1169 1168
3 1174 1170 1169
3 1174 1171 1170
3 1174 1173 1153
3 1174 1168 1173
3 1175 1155 1156
3 1175 1156 1157
3 1175 1162 1161
3 1175 1163 1162
3 1175 1164 1163
3 1175 1172 1171
3 1175 1174 1155
3 1175 1161 1172
3 1175 1171 1174
3 1175 1157 1164
3 1183 1184 1185
3 1183 1185 1186
3 1182 1183 1186
3 1181 1186 1187
3 1181 1182 1186
3 1180 1187 1188
3 1180 1181 1187
3 1179 1188 1189
3 1179 1180 1188
3 1178 1189 1190
3 1178 1179 1189
3 1177 1190 1191
3 1177 1178 1190
3 1176 1191 1192
3 1176 1177 1191
3 1194 1193 1196
3 1195 1194 1196
3 1207 1201 1206
3 1205 1206 1201
3 1208 1200 1201
3 1208 1201 1207
3 1204 1205 1201
3 1209 1200 1208
3 1203 1204 1201
3 1198 1199 1200
3 1198 1200 1209
3 1202 1203 1201
3 1197 1199 1198
3 1226 1217 1216
3 1225 1231 1224
3 1232 1212 1211
3 1233 1211 1210
3 1233 1232 1211
3 1234 1210 1218
3 1234 1233 1210
3 1235 1213 1212
3 1235 1212 1232
3 1235 1232 1233
3 1236 1218 1219
3 1236 1234 1218
3 1237 1233 1234
3 1237 1235 1233
3 1238 1214 1213
3 1238 1215 1214
3 1238 1213 1235
3 1239 1219 1220
3 1239 1236 1219
3 1240 1237 1234
3 1240 1234 1236
3 1241 1235 1237
3 1241 1238 1235
3 1242 1220 1221
3 1242 1236 1239
3 1242 1239 1220
3 1242 1240 1236
3 1243 1237 1240
3 1243 1241 1237
3 1244 1216 1215
3 1244 1227 1226
3 1244 1215 1238
3 1244 1238 1241
3 1244 1226 1216
3 1245 1240 1242
3 1245 1243 1240
3 1246 1228 1227
3 1246 1229 1228
3 1246 1227 1244
3 1246 1241 1243
3 1246 1244 1241
3 1247 1221 1222
3 1247 1222 1223
3 1247 1242 1221
3 1247 1245 1242
3 1248 1230 1229
3 1248 1229 1246
3 1248 1243 1245
3 1248 1246 1243
3 1249 1223 1224
3 1249 1231 1230
3 1249 1230 1248
3 1249 1224 1231
3 1249 1247 1223
3 1249 1245 1247
3 1249 1248 1245
3 1256 1257 1264
3 1250 1251 1271
3 1272 1260 1259
3 1273 1259 1258
3 1273 1272 1259
3 1274 1258 1265
3 1274 1273 1258
3 1275 1261 1260
3 1275 1272 1273
3 1275 1260 1272
3 1276 1265 1266
3 1276 1274 1265
3 1277 1273 1274
3 1277 1275 1273
3 1278 1262 1261
3 1278 1263 1262
3 1278 1261 1275
3 1279 1266 1267
3 1279 1276 1266
3 1280 1277 1274
3 1280 1274 1276
3 1281 1275 1277
3 1281 1278 1275
3 1282 1267 1268
3 1282 1280 1276
3 1282 1279 1267
3 1282 1276 1279
3 1283 1277 1280
3 1283 1281 1277
3 1284 1255 1256
3 1284 1264 1263
3 1284 1263 1278
3 1284 1278 1281
3 1284 1256 1264
3 1285 1280 1282
3 1285 1283 1280
3 1286 1254 1255
3 1286 1255 1284
3 1286 1281 1283
3 1286 1284 1281
3 1287 1268 1269
3 1287 1269 1270
3 1287 1282 1268
3 1287 1285 1282
3 1288 1252 1253
3 1288 1253 1254
3 1288 1254 1286
3 1288 1283 1285
3 1288 1286 1283
3 1289 1251 1252
3 1289 1270 1271
3 1289 1271 1251
3 1289 1252 1288
3 1289 1287 1270
3 1289 1285 1287
3 1289 1288 1285
3 1306 1297 1296
3 1305 1311 1304
3 1312 1292 1291
3 1313 1291 1290
3 1313 1312 1291
3 1314 1290 1298
3 1314 1313 1290
3 1315 1293 1292
3 1315 1292 1312
3 1315 1312 1313
3 1316 1298 1299
3 1316 1314 1298
3 1317 1313 1314
3 1317 1315 1313
3 1318 1294 1293
3 1318 1295 1294
3 1318 1293 1315
3 1319 1299 1300
3 1319 1316 1299
3 1320 1317 1314
3 1320 1314 1316
3 1321 1315 1317
3 1321 1318 1315
3 1322 1300 1301
3 1322 1316 1319
3 1322 1319 1300
3 1322 1320 1316
3 1323 1317 1320
3 1323 1321 1317
3 1324 1296 1295
3 1324 1307 1306
3 1324 1295 1318
3 1324 1318 1321
3 1324 1306 1296
3 1325 1320 1322
3 1325 1323 1320
3 1326 1308 1307
3 1326 1309 1308
3 1326 1307 1324
3 1326 1321 1323
3 1326 1324 1321
3 1327 1301 1302
3 1327 1302 1303
3 1327 1322 1301
3 1327 1325 1322
3 1328 1310 1309
3 1328 1309 1326
3 1328 1323 1325
3 1328 1326 1323
3 1329 1303 1304
3 1329 1311 1310
3 1329 1310 1328
3 1329 1304 1311
3 1329 1327 1303
3 1329 1325 1327
3 1329 1328 1325
3 1346 1337 1336
3 1345 1351 1344
3 1352 1332 1331
3 1353 1331 1330
3 1353 1352 1331
3 1354 1330 1338
3 1354 1353 1330
3 1355 1333 1332
3 1355 1332 1352
3 1355 1352 1353
3 1356 1338 1339
3 1356 1354 1338
3 1357 1353 1354
3 1357 1355 1353
3 1358 1334 1333
3 1358 1335 1334
3 1358 1333 1355
3 1359 1339 1340
3 1359 1356 1339
3 1360 1357 1354
3 1360 1354 1356
3 1361 1355 1357
3 1361 1358 1355
3 1362 1340 1341
3 1362 1356 1359
3 1362 1359 1340
3 1362 1360 1356
3 1363 1357 1360
3 1363 1361 1357
3 1364 1336 1335
3 1364 1347 1346
3 1364 1335 1358
3 1364 1358 1361
3 1364 1346 1336
3 1365 1360 1362
3 1365 1363 1360
3 1366 1348 1347
3 1366 1349 1348
3 1366 1347 1364
3 1366 1361 1363
3 1366 1364 1361
3 1367 1341 1342
3 1367 1342 1343
3 1367 1362 1341
3 1367 1365 1362
3 1368 1350 1349
3 1368 1349 1366
3 1368 1363 1365
3 1368 1366 1363
3 1369 1343 1344
3 1369 1351 1350
3 1369 1350 1368
3 1369 1344 1351
3 1369 1367 1343
3 1369 1365 1367
3 1369 1368 1365
3 1373 1386 1372
3 1373 1387 1386
3 1374 1388 1387
3 1374 1387 1373
3 1375 1389 1388
3 1375 1388 1374
3 1376 1390 1389
3 1376 1389 1375
3 1377 1391 1390
3 1377 1390 1376
3 1378 1392 1391
3 1378 1393 1392
3 1378 1391 1377
3 1379 1394 1393
3 1379 1393 1378
3 1380 1394 1379
3 1381 1395 1394
3 1381 1394 1380
3 1382 1396 1395
3 1382 1397 1396
3 1382 1395 1381
3 1383 1397 1382
3 1384 1398 1397
3 1384 1399 1398
3 1384 1397 1383
3 1385 1399 1384
3 1370 1371 1399
3 1370 1399 1385
3 1416 1407 1406
3 1415 1421 1414
3 1422 1402 1401
3 1423 1401 1400
3 1423 1422 1401
3 1424 1400 1408
3 1424 1423 1400
3 1425 1403 1402
3 1425 1402 1422
3 1425 1422 1423
3 1426 1408 1409
3 1426 1424 1408
3 1427 1423 1424
3 1427 1425 1423
3 1428 1404 1403
3 1428 1405 1404
3 1428 1403 1425
3 1429 1409 1410
3 1429 1426 1409
3 1430 1427 1424
3 1430 1424 1426
3 1431 1425 1427
3 1431 1428 1425
3 1432 1410 1411
3 1432 1426 1429
3 1432 1429 1410
3 1432 1430 1426
3 1433 1427 1430
3 1433 1431 1427
3 1434 1406 1405
3 1434 1417 1416
3 1434 1405 1428
3 1434 1428 1431
3 1434 1416 1406
3 1435 1430 1432
3 1435 1433 1430
3 1436 1418 1417
3 1436 1419 1418
3 1436 1417 1434
3 1436 1431 1433
3 1436 1434 1431
3 1437 1411 1412
3 1437 1412 1413
3 1437 1432 1411
3 1437 1435 1432
3 1438 1420 1419
3 1438 1419 1436
3 1438 1433 1435
3 1438 1436 1433
3 1439 1413 1414
3 1439 1421 1420
3 1439 1420 1438
3 1439 1414 1421
3 1439 1437 1413
3 1439 1435 1437
3 1439 1438 1435
3 1440 1448 1449
3 1440 1449 1450
3 1440 1450 1451
3 1440 1451 1452
3 1440 1452 1453
3 1440 1453 1454
3 1440 1454 1455
3 1447 1448 1440
3 1446 1447 1440
3 1445 1446 1440
3 1444 1445 1440
3 1443 1444 1440
3 1442 1443 1440
3 1441 1442 1440
3 1479 1492 1478
3 1476 1475 1491
3 1477 1476 1491
3 1498 1457 1456
3 1498 1456 1497
3 1499 1497 1496
3 1499 1457 1498
3 1499 1498 1497
3 1500 1499 1496
3 1500 1496 1495
3 1501 1495 1494
3 1501 1500 1495
3 1502 1494 1493
3 1502 1501 1494
3 1503 1493 1492
3 1503 1502 1493
3 1503 1492 1479
3 1504 1458 1457
3 1505 1457 1499
3 1505 1504 1457
3 1505 1458 1504
3 1506 1499 1500
3 1506 1505 1499
3 1507 1506 1500
3 1507 1500 1501
3 1508 1501 1502
3 1508 1507 1501
3 1509 1503 1479
3 1509 1479 1480
3 1509 1502 1503
3 1509 1508 1502
3 1510 1459 1458
3 1511 1458 1505
3 1511 1459 1510
3 1511 1510 1458
3 1512 1511 1505
3 1512 1505 1506
3 1513 1507 1508
3 1513 1512 1506
3 1513 1506 1507
3 1514 1513 1508
3 1515 1509 1480
3 1515 1480 1481
3 1515 1481 1482
3 1515 1514 1508
3 1515 1508 1509
3 1516 1460 1459
3 1517 1511 1512
3 1517 1516 1459
3 1517 1460 1516
3 1517 1459 1511
3 1518 1517 1512
3 1519 1518 1512
3 1519 1512 1513
3 1520 1514 1515
3 1520 1519 1513
3 1520 1513 1514
3 1521 1515 1482
3 1521 1520 1515
3 1522 1461 1460
3 1523 1460 1517
3 1523 1522 1460
3 1524 1517 1518
3 1524 1523 1517
3 1525 1518 1519
3 1525 1524 1518
3 1526 1519 1520
3 1526 1525 1519
3 1527 1482 1483
3 1527 1521 1482
3 1527 1520 1521
3 1527 1526 1520
3 1528 1462 1461
3 1528 1461 1522
3 1529 1522 1523
3 1529 1528 1522
3 1530 1523 1524
3 1530 1529 1523
3 1531 1524 1525
3 1531 1525 1526
3 1531 1530 1524
3 1532 1531 1526
3 1533 1483 1484
3 1533 1527 1483
3 1533 1526 1527
3 1533 1532 1526
3 1534 1463 1462
3 1534 1464 1463
3 1534 1462 1528
3 1535 1528 1529
3 1535 1534 1528
3 1536 1529 1530
3 1536 1535 1529
3 1537 1536 1530
3 1537 1530 1531
3 1537 1531 1532
3 1538 1537 1532
3 1539 1538 1532
3 1539 1484 1485
3 1539 1533 1484
3 1539 1532 1533
3 1540 1464 1534
3 1541 1534 1535
3 1541 1535 1536
3 1541 1540 1534
3 1542 1541 1536
3 1543 1542 1536
3 1543 1536 1537
3 1544 1537 1538
3 1544 1543 1537
3 1545 1539 1485
3 1545 1544 1538
3 1545 1485 1486
3 1545 1538 1539
3 1546 1465 1464
3 1546 1464 1540
3 1547 1540 1541
3 1547 1546 1540
3 1548 1541 1542
3 1548 1547 1541
3 1549 1548 1542
3 1549 1542 1543
3 1550 1543 1544
3 1550 1549 1543
3 1551 1544 1545
3 1551 1545 1486
3 1551 1486 1487
3 1551 1550 1544
3 1552 1466 1465
3 1552 1465 1546
3 1553 1552 1546
3 1553 1546 1547
3 1554 1553 1547
3 1554 1547 1548
3 1555 1548 1549
3 1555 1554 1548
3 1556 1549 1550
3 1556 1555 1549
3 1557 1487 1488
3 1557 1551 1487
3 1557 1550 1551
3 1557 1556 1550
3 1558 1466 1552
3 1558 1467 1466
3 1558 1468 1467
3 1559 1558 1552
3 1559 1552 1553
3 1560 1559 1553
3 1560 1553 1554
3 1561 1554 1555
3 1561 1555 1556
3 1561 1560 1554
3 1562 1561 1556
3 1563 1488 1489
3 1563 1557 1488
3 1563 1556 1557
3 1563 1489 1562
3 1563 1562 1556
3 1564 1468 1558
3 1565 1558 1559
3 1565 1564 1558
3 1566 1559 1560
3 1566 1565 1559
3 1567 1566 1560
3 1567 1560 1561
3 1568 1562 1489
3 1568 1561 1562
3 1568 1567 1561
3 1569 1489 1490
3 1569 1490 1568
3 1569 1568 1489
3 1570 1469 1468
3 1570 1470 1469
3 1570 1471 1470
3 1570 1468 1564
3 1571 1570 1564
3 1571 1472 1471
3 1571 1471 1570
3 1571 1564 1565
3 1572 1472 1571
3 1572 1473 1472
3 1572 1565 1566
3 1572 1571 1565
3 1573 1474 1473
3 1573 1572 1566
3 1573 1566 1567
3 1573 1473 1572
3 1574 1474 1573
3 1574 1573 1567
3 1574 1475 1474
3 1574 1491 1475
3 1574 1568 1490
3 1574 1567 1568
3 1575 1491 1574
3 1575 1574 1490
3 1575 1490 1491
3 1583 1584 1585
3 1583 1585 1586
3 1582 1583 1586
3 1581 1586 1587
3 1581 1582 1586
3 1580 1587 1588
3 1580 1581 1587
3 1579 1588 1589
3 1579 1580 1588
3 1578 1589 1590
3 1578 1579 1589
3 1577 1590 1591
3 1577 1578 1590
3 1576 1591 1592
3 1576 1577 1591
3 1617 1593 1594
3 1595 1617 1594
3 1602 1598 1599
3 1602 1599 1600
3 1602 1600 1601
3 1610 1609 1622
3 1611 1610 1622
3 1615 1614 1607
3 1616 1615 1607
3 1608 1616 1607
3 1623 1595 1596
3 1623 1596 1597
3 1623 1597 1598
3 1623 1602 1603
3 1623 1618 1617
3 1623 1617 1595
3 1623 1598 1602
3 1624 1603 1604
3 1624 1604 1605
3 1624 1619 1618
3 1624 1620 1619
3 1624 1621 1620
3 1624 1623 1603
3 1624 1618 1623
3 1625 1605 1606
3 1625 1606 1607
3 1625 1612 1611
3 1625 1613 1612
3 1625 1614 1613
3 1625 1622 1621
3 1625 1611 1622
3 1625 1621 1624
3 1625 1624 1605
3 1625 1607 1614
3 1627 1626 1628
3 1636 1628 1629
3 1636 1627 1628
3 1637 1629 1630
3 1637 1636 1629
3 1638 1630 1631
3 1638 1637 1630
3 1639 1631 1632
3 1639 1638 1631
3 1640 1632 1633
3 1640 1639 1632
3 1641 1640 1633
3 1642 1633 1634
3 1642 1641 1633
3 1635 1642 1634
