ply
format ascii 1.0
comment generated by blendit.inference.finetune_visualize
element vertex 3753
property float x
property float y
property float z
property uchar red
property uchar green
property uchar blue
element face 5639
property list uchar int vertex_indices
end_header
-4.0226968e-17 3.79359517 0.781647035 218 222 230
-3.6122222e-16 3.56663781 10.0510043 218 222 230
-4.3741746e-16 2.93323478 22.4101473 218 222 230
-9.39677923e-17 1.49521059 45.1675248 218 222 230
-1.46108641e-18 1.15395606 52.3049508 218 222 230
0 0.941401643 59.4423768 218 222 230
0 14.1897247 0.781647035 218 222 230
0 14.9846991 2.27904345 218 222 230
-1.648362e-17 15.0458527 1.82334489 218 222 230
4.88941465e-17 15.038029 1.56723119 218 222 230
4.7824245e-17 14.9775151 1.34019113 218 222 230
5.73756626e-17 14.8925407 1.17584458 218 222 230
-1.29674268e-17 14.7600817 1.0157692 218 222 230
-2.47242458e-16 14.6043897 0.897328208 218 222 230
-3.17253006e-16 14.4555145 0.827572502 218 222 230
-5.84217996e-17 14.3246341 0.793331107 218 222 230
0 14.9846991 11.6063607 218 222 230
-7.67283328e-18 15.033326 13.1052763 218 222 230
8.88018984e-17 15.2326795 14.1838477 218 222 230
2.8746021e-16 15.6381608 15.1795452 218 222 230
1.46392114e-16 16.2476918 16.0326836 218 222 230
-3.21041208e-18 16.9877685 16.6690966 218 222 230
-1.08116937e-16 17.783426 17.0817792 218 222 230
1.48078347e-16 18.4545005 17.2715016 218 222 230
0 19.1515604 17.3365232 218 222 230
-4.4408921e-16 44.6023134 17.3365232 218 222 230
0 44.4749229 59.1080145 218 222 230
0 42.7909779 61.2955701 218 222 230
2.87412975e-17 43.1224349 61.2567119 218 222 230
4.28436621e-18 43.4351326 61.1461927 218 222 230
8.64811147e-17 43.7143926 60.9757125 218 222 230
7.49647271e-17 43.9504628 60.759159 218 222 230
-3.53349362e-17 44.1386187 60.5110149 218 222 230
-7.93916444e-17 44.2788175 60.2448737 218 222 230
3.27126975e-17 44.398363 59.8812762 218 222 230
-2.65367893e-16 44.4599803 59.4885987 218 222 230
0 3.503952 59.5558408 218 222 230
-9.61599793e-17 12.7588197 59.8703114 218 222 230
-7.64865073e-17 25.0986432 60.5291694 218 222 230
-3.59478555e-17 33.9448106 60.9907155 218 222 230
2.63269553e-16 3.3922893 59.7892625 218 222 230
2.14045964e-16 3.21813997 60.0090483 218 222 230
8.91472076e-17 2.94720592 60.2216058 218 222 230
1.17756368e-16 2.61760672 60.3706924 218 222 230
2.24044686e-16 2.26563301 60.4379122 218 222 230
8.13532485e-17 1.89684721 60.4183443 218 222 230
-3.18775705e-16 1.57811573 60.3198185 218 222 230
-4.72152622e-16 1.32454017 60.1672596 218 222 230
8.2084168e-17 1.13978819 59.9842625 218 222 230
1.1528215e-15 1.02002825 59.7901762 218 222 230
1.64893263e-15 0.961595273 59.619503 218 222 230
-4.0226968e-17 3.79359517 0.781647035 255 79 163
-3.6122222e-16 3.56663781 10.0510043 255 79 163
-4.3741746e-16 2.93323478 22.4101473 255 79 163
-9.39677923e-17 1.49521059 45.1675248 255 79 163
-1.46108641e-18 1.15395606 52.3049508 255 79 163
0 0.941401643 59.4423768 255 79 163
3.75700775 -6.67599681e-17 3.43933687 255 79 163
3.24307952 0.0354669113 3.37522912 255 79 163
2.73910752 0.141503841 3.21478175 255 79 163
2.25497328 0.316125071 2.97910053 255 79 163
1.65633378 0.648970029 2.58305439 255 79 163
1.06902192 1.14512952 2.0798381 255 79 163
0.59482761 1.74827047 1.58004921 255 79 163
0.251348438 2.43280744 1.1515567 255 79 163
0.064574349 3.09576184 0.884071481 255 79 163
0.0161921949 3.44320941 0.808070214 255 79 163
3.43667031 -4.12268465e-16 13.1386367 255 79 163
2.70302911 -4.06552544e-16 26.0710364 255 79 163
1.45214084 -8.13842035e-17 45.9637289 255 79 163
1.13830264 2.02960177e-18 52.7030528 255 79 163
0.941401643 2.2320407e-16 59.4423768 255 79 163
0.028466019 0.711650474 59.4423768 255 79 163
0.108104775 0.503390932 59.4423768 255 79 163
0.224638719 0.331083722 59.4423768 255 79 163
0.377654036 0.187461533 59.4423768 255 79 163
0.555666124 0.0826553693 59.4423768 255 79 163
0.744418315 0.0208395201 59.4423768 255 79 163
0.844203436 0.0050312238 59.4423768 255 79 163
0.14100119 2.76559901 1.18084757 255 79 163
0.174089768 2.65438094 1.17108436 255 79 163
0.25646229 2.41708311 1.43074255 255 79 163
0.35334471 2.18925247 1.48051107 255 79 163
0.109095803 2.84309718 4.30416314 255 79 163
0.250383826 2.35979534 6.06542119 255 79 163
0.586902457 1.71902002 4.90463265 255 79 163
0.61001618 0.0870355825 56.0727148 255 79 163
0.425308257 2.03118191 2.62150409 255 79 163
0.463502357 1.95257865 3.19200061 255 79 163
0.787604079 1.46055678 2.98901893 255 79 163
0.661903372 1.62729712 3.44360935 255 79 163
1.11062728 1.09181309 3.2887727 255 79 163
0.871687793 1.34833678 3.64163126 255 79 163
0.7707889 1.46914812 4.06263172 255 79 163
1.31725005 0.894747424 3.94186602 255 79 163
1.76135393 0.571661329 3.69950436 255 79 163
1.52780291 0.726840364 4.05970684 255 79 163
1.29256054 0.910282696 4.4412667 255 79 163
0.871091918 1.32745217 5.20438642 255 79 163
1.72601691 0.589395885 4.20958373 255 79 163
1.89910645 0.484259299 4.3148713 255 79 163
1.52470884 0.723276703 4.61137634 255 79 163
1.15002468 1.02709119 5.41496157 255 79 163
1.42401029 0.788362271 5.54700525 255 79 163
1.73101715 0.571393917 5.6218572 255 79 163
0.620514971 1.65303473 5.74019138 255 79 163
0.398712756 2.02188799 6.31702993 255 79 163
2.9049126 0.0950646843 4.14547483 255 79 163
2.47240432 0.220057355 4.49854381 255 79 163
2.73539001 0.136224624 4.53059704 255 79 163
0.203546237 2.44935792 7.62769536 255 79 163
0.564146365 1.72540681 6.51505185 255 79 163
0.711683853 1.50578122 6.63289267 255 79 163
0.0929853308 2.8166878 8.18401712 255 79 163
0.271441734 2.26723901 7.73298294 255 79 163
2.43230664 0.223812445 5.97917334 255 79 163
0.13157501 2.66164527 8.28302807 255 79 163
0.166353254 2.54213055 8.34194848 255 79 163
2.79303077 0.111721231 6.15783141 255 79 163
0.536519547 1.72505642 8.52007431 255 79 163
0.458414416 1.83365766 9.46366513 255 79 163
3.03866898 0.0474792029 8.4847665 255 79 163
0.104618252 2.6154563 12.6254669 255 79 163
0.248291749 2.23462574 10.8229124 255 79 163
0.303840582 2.05396234 12.2819181 255 79 163
2.6676339 0.106705356 11.0074813 255 79 163
2.1935269 0.243725211 12.3667286 255 79 163
2.08105245 0.307847995 11.203261 255 79 163
0.0432822057 2.77006117 15.887027 255 79 163
0.0951148197 2.37787049 18.8050384 255 79 163
2.45929386 0.0983717546 16.8392884 255 79 163
2.1010649 0.233451656 15.4565143 255 79 163
0.215672048 1.94104843 20.0922697 255 79 163
0.381929647 1.52771859 21.4750437 255 79 163
0.53815512 1.32891366 20.2414932 255 79 163
2.58466303 0.0403853598 19.9165377 255 79 163
2.17566903 0.0870267611 23.3054883 255 79 163
0.236990508 1.60205584 25.9556585 255 79 163
0.201987373 1.81788635 23.3253696 255 79 163
0.825842761 0.825842761 24.2405919 255 79 163
0.0802845348 2.00711337 26.8131918 255 79 163
1.74509349 0.193899277 25.1558141 255 79 163
1.68966454 0.249950376 23.6171895 255 79 163
1.72093684 0.0688374736 32.5692332 255 79 163
1.51057671 0.167841856 30.8451585 255 79 163
1.30593617 0.193185824 33.5859157 255 79 163
0.948135524 0.237033881 39.06743 255 79 163
0.608115057 0.608115057 35.6192806 255 79 163
0.171849804 1.16170468 37.3343472 255 79 163
0.302228855 1.20891542 31.2162362 255 79 163
0.0577781611 1.44445403 38.1918805 255 79 163
0.124513475 1.12062128 40.3934027 255 79 163
0.21324901 0.852996041 42.1174774 255 79 163
0.281490486 0.695109159 43.2668606 255 79 163
1.24422444 0.0497689774 42.5155795 255 79 163
0.104218179 0.937963614 45.3665758 255 79 163
0.431589966 0.431589966 45.5656269 255 79 163
0.173285798 0.69314319 47.8120682 255 79 163
0.924355008 0.102706112 45.7646779 255 79 163
0.61890877 0.250632477 46.4471413 255 79 163
0.717155466 0.179288867 46.8878985 255 79 163
0.592362996 0.239882536 47.6367123 255 79 163
0.378501055 0.378501055 49.1343398 255 79 163
0.865560214 0.0961733571 47.5490343 255 79 163
0.632389373 0.158097343 50.3239108 255 79 163
0.0856713891 0.771042502 50.7196453 255 79 163
0.21539501 0.5318938 50.5877338 255 79 163
0.15260082 0.610403282 51.3144308 255 79 163
0.206976702 0.511105734 51.7109545 255 79 163
0.0807437958 0.726694162 52.4044763 255 79 163
0.29133544 0.33142742 54.8167935 255 79 163
0.335678716 0.335678716 52.5040018 255 79 163
0.721748347 0.0801942608 52.6035273 255 79 163
0.560770288 0.147106785 53.3412827 255 79 163
0.681245671 0.0824114219 53.7599231 255 79 163
0.0651558198 0.639622857 57.1295851 255 79 163
0.189836808 0.415766934 56.777295 255 79 163
0.148934026 0.458957625 57.7575458 255 79 163
0.227636274 0.350519746 57.7575458 255 79 163
0.0972752 0.542401459 58.3191561 255 79 163
0.101063046 2.91512118 1.70157556 255 79 163
2.06333642 0.378269064 6.29405845 255 79 163
1.71423938 0.573116959 6.36217196 255 79 163
1.88370492 0.470926229 6.451501 255 79 163
1.655822 0.603995951 6.88587044 255 79 163
1.077326 1.077326 6.74517059 255 79 163
1.23126356 0.915050035 7.75460931 255 79 163
0.668863682 1.5424574 7.74379612 255 79 163
0.881854359 1.28932086 6.71311736 255 79 163
1.97327264 0.416569177 6.95622036 255 79 163
2.32726217 0.250178506 7.46573574 255 79 163
0.108184123 2.70460308 9.75733471 255 79 163
1.11192335 1.00734004 8.69820013 255 79 163
0.864622491 1.26399869 8.95335513 255 79 163
2.09971958 0.340337015 8.11968791 255 79 163
0.23187769 2.30642838 9.89623989 255 79 163
0.625805006 1.54535522 10.1740502 255 79 163
0.148374658 2.54659362 10.1125273 255 79 163
2.01364448 0.378636011 8.37190059 255 79 163
1.84444121 0.461110304 8.87632595 255 79 163
1.05422018 1.05422018 9.16999554 255 79 163
0.178789693 2.44188192 10.3493223 255 79 163
0.899918818 1.21093076 9.50468044 255 79 163
1.16976938 0.936463573 9.5251881 255 79 163
1.63819838 0.566850652 10.0192858 255 79 163
1.27796335 0.817896543 10.6886556 255 79 163
1.53828146 0.622940426 10.5907658 255 79 163
1.19148209 0.88546529 10.9907106 255 79 163
1.02645283 1.02645283 11.5948205 255 79 163
1.71520481 0.505460357 10.7949309 255 79 163
0.493641414 1.67509898 12.7395046 255 79 163
0.870528902 1.17138369 12.3959558 255 79 163
0.605163991 1.49438455 12.9682979 255 79 163
0.797221312 1.2456583 12.7965235 255 79 163
1.48758374 0.602409946 13.3111289 255 79 163
0.541785336 1.56575962 13.7121751 255 79 163
0.426378747 1.70551499 15.1999294 255 79 163
2.36677694 0.173290658 12.9388314 255 79 163
0.883677917 1.10383297 14.2555292 255 79 163
1.14290022 0.849361045 14.2267805 255 79 163
1.73132512 0.43283128 14.1692831 255 79 163
2.45259741 0.142898065 13.2248828 255 79 163
2.20676478 0.22185797 13.5396829 255 79 163
0.985117671 0.985117671 14.6846062 255 79 163
2.57991095 0.103196438 13.6539599 255 79 163
0.47488549 1.61145353 15.4859808 255 79 163
1.13159376 0.840958501 14.9133995 255 79 163
1.4444298 0.58493438 15.370986 255 79 163
0.500014375 1.56513375 15.6290065 255 79 163
0.870450391 1.08731 15.2854577 255 79 163
0.893394005 1.03612559 16.1363342 255 79 163
0.322478405 1.81897975 17.3743029 255 79 163
0.938084505 0.938084505 17.774392 255 79 163
0.276719405 1.87062318 18.4614896 255 79 163
0.346899679 1.79183718 16.8307095 255 79 163
0.750077194 1.17199562 16.9374695 255 79 163
0.661993757 1.29750776 16.5190083 255 79 163
1.79095354 0.31750977 18.2806398 255 79 163
1.91305376 0.282996119 17.1509896 255 79 163
1.13679479 0.727548668 18.7174731 255 79 163
1.73101366 0.335124245 18.8454649 255 79 163
1.23942249 0.632358412 19.1890137 255 79 163
1.45011271 0.463268523 20.0790155 255 79 163
0.977410345 0.842767083 19.5398402 255 79 163
0.760895897 1.02386152 20.752159 255 79 163
0.0895555626 2.23888906 21.9425955 255 79 163
1.4854209 0.437744444 20.232657 255 79 163
1.55613407 0.389033517 20.5399401 255 79 163
0.883908786 0.883908786 21.0074919 255 79 163
0.191634615 1.90614075 22.0940281 255 79 163
0.515493261 1.27295275 22.3968931 255 79 163
0.122122288 2.09601723 22.4035202 255 79 163
0.750152514 1.00940522 21.4706257 255 79 163
0.146588301 2.0020803 22.7108033 255 79 163
1.35602961 0.469214399 22.0807738 255 79 163
0.69593996 1.00898251 23.1131507 255 79 163
1.0451685 0.668907841 23.0070413 255 79 163
1.26085662 0.51059483 22.8511907 255 79 163
0.79382749 0.887142722 23.4712795 255 79 163
1.40146686 0.413003703 23.1065236 255 79 163
0.804567735 0.866435528 23.727717 255 79 163
0.839795137 0.7798296 25.1173548 255 79 163
0.846413226 0.757382178 25.5557363 255 79 163
0.380907736 1.29255395 26.6482683 255 79 163
0.943152516 0.650534097 26.0958091 255 79 163
0.616846575 0.963822774 26.5658066 255 79 163
1.14171299 0.462346581 27.1759548 255 79 163
0.464416637 1.14682476 26.9945733 255 79 163
1.85382348 0.135733234 26.1342685 255 79 163
0.525427614 1.02983812 27.728414 255 79 163
0.708047902 0.821167981 27.544261 255 79 163
1.2956074 0.323901849 28.6436363 255 79 163
1.90577995 0.111038308 26.6234956 255 79 163
1.69385302 0.170292184 27.2968759 255 79 163
0.442641497 1.09305349 28.8910214 255 79 163
1.98039377 0.0792157507 27.3573364 255 79 163
0.717871024 0.717871024 29.9299362 255 79 163
1.03358962 0.418561084 30.9688511 255 79 163
0.957740013 0.452681803 31.5847735 255 79 163
0.920997136 0.469896498 31.8927347 255 79 163
0.746154971 0.597337359 32.4010759 255 79 163
1.04868149 0.362865567 32.4571284 255 79 163
0.303520062 0.87717298 38.1978859 255 79 163
0.498786108 0.623051159 38.2008886 255 79 163
0.381204327 0.747160481 38.6296553 255 79 163
0.358693123 0.758887929 39.0702408 255 79 163
0.316354803 0.781202677 39.9514118 255 79 163
0.536791858 0.462846041 41.5281562 255 79 163
0.747224037 0.302594858 41.2334956 255 79 163
0.657697693 0.335560048 42.3165284 255 79 163
0.516150551 0.44504818 42.6333058 255 79 163
0.704556789 0.285316386 42.89122 255 79 163
1.11251019 1.05383872 6.05118167 255 79 163
0.636019171 1.51068858 10.9068115 255 79 163
1.48405028 0.624804106 12.3813422 255 79 163
0.258264745 2.00960019 16.2030177 255 79 163
1.7824387 0.365634884 16.1440457 255 79 163
1.62894048 0.442376415 16.4878113 255 79 163
1.2864585 0.656356376 17.0442296 255 79 163
1.72312784 0.38506923 16.7088707 255 79 163
0.370660597 1.65865134 18.935456 255 79 163
0.639216818 1.25286496 18.5894813 255 79 163
0.422488642 1.55570872 19.1724393 255 79 163
0.345345051 1.6835275 19.4790494 255 79 163
1.89726183 0.243827526 19.5527757 255 79 163
-4.0226968e-17 3.79359517 0.781647035 255 79 163
0 14.1897247 0.781647035 255 79 163
0.0236353733 14.1897247 0.590884334 255 79 163
0.0897595381 14.1897247 0.41796616 255 79 163
0.186517827 14.1897247 0.274899254 255 79 163
0.313566648 14.1897247 0.15564956 255 79 163
0.461370321 14.1897247 0.0686288629 255 79 163
0.618091516 14.1897247 0.0173030812 255 79 163
0.700943234 14.1897247 0.0041774318 255 79 163
0.781647035 14.1897247 -1.46150721e-16 255 79 163
0.781647035 3.79359517 0 255 79 163
0.590884334 3.79359517 0.0236353733 255 79 163
0.41796616 3.79359517 0.0897595381 255 79 163
0.274899254 3.79359517 0.186517827 255 79 163
0.15564956 3.79359517 0.313566648 255 79 163
0.0686288629 3.79359517 0.461370321 255 79 163
0.0173030812 3.79359517 0.618091516 255 79 163
0.0041774318 3.79359517 0.700943234 255 79 163
0 3.503952 59.5558408 255 79 163
0.0922167337 3.503952 60.3430974 255 79 163
0.389427795 3.503952 61.1374652 255 79 163
0.836795281 3.503952 61.7921098 255 79 163
1.36422466 3.503952 62.2822702 255 79 163
1.97318158 3.503952 62.6461374 255 79 163
2.61968279 3.503952 62.8702463 255 79 163
3.01841942 3.503952 62.9401837 255 79 163
3.40652341 3.503952 62.9623642 255 79 163
3.35759434 3.0586915 62.9339101 255 79 163
3.22866225 2.62074712 62.8488964 255 79 163
3.0354836 2.1973622 62.7086735 255 79 163
2.70480969 1.66747595 62.440121 255 79 163
2.27464638 1.13590474 62.0362946 255 79 163
1.83262525 0.69069725 61.5396995 255 79 163
1.43053552 0.347208722 60.9686685 255 79 163
1.12055797 0.117154636 60.3436999 255 79 163
0.988732616 0.029427873 59.896802 255 79 163
0.941401643 2.2320407e-16 59.4423768 255 79 163
0 0.941401643 59.4423768 255 79 163
0.028466019 0.711650474 59.4423768 255 79 163
0.108104775 0.503390932 59.4423768 255 79 163
0.224638719 0.331083722 59.4423768 255 79 163
0.377654036 0.187461533 59.4423768 255 79 163
0.555666124 0.0826553693 59.4423768 255 79 163
0.744418315 0.0208395201 59.4423768 255 79 163
0.844203436 0.0050312238 59.4423768 255 79 163
2.63269553e-16 3.3922893 59.7892625 255 79 163
2.14045964e-16 3.21813997 60.0090483 255 79 163
8.91472076e-17 2.94720592 60.2216058 255 79 163
1.17756368e-16 2.61760672 60.3706924 255 79 163
2.24044686e-16 2.26563301 60.4379122 255 79 163
8.13532485e-17 1.89684721 60.4183443 255 79 163
-3.18775705e-16 1.57811573 60.3198185 255 79 163
-4.72152622e-16 1.32454017 60.1672596 255 79 163
8.2084168e-17 1.13978819 59.9842625 255 79 163
1.1528215e-15 1.02002825 59.7901762 255 79 163
1.64893263e-15 0.961595273 59.619503 255 79 163
0.965039842 3.00625475 61.94447 255 79 163
0.306442847 0.368106813 60.0661349 255 79 163
0.0902618145 3.35629174 60.3829902 255 79 163
0.278005303 3.24720461 60.9447627 255 79 163
0.0945324833 3.13716925 60.5310275 255 79 163
0.226611462 3.13365162 60.8694269 255 79 163
0.218736651 3.00121597 60.9018082 255 79 163
0.081165983 2.71972534 60.6964248 255 79 163
0.379127557 2.69517714 61.2656198 255 79 163
0.193039275 2.61127253 60.9726202 255 79 163
0.766713855 1.98000434 61.7231258 255 79 163
0.0745460323 2.49996361 60.7434144 255 79 163
0.181390434 2.43772916 60.9852108 255 79 163
0.170108617 2.26805702 60.9843346 255 79 163
2.05102685 3.01676975 62.6656285 255 79 163
0.0589244954 1.93883754 60.7382588 255 79 163
2.06203061 2.7702607 62.6477732 255 79 163
2.65675581 3.0681265 62.8599207 255 79 163
1.54309757 2.3184446 62.3376201 255 79 163
2.00979824 2.56716619 62.5996029 255 79 163
0.279124712 1.82708661 61.1452942 255 79 163
0.137977597 1.7709376 60.8984798 255 79 163
0.0529177638 1.70832196 60.6813585 255 79 163
2.41681322 2.56894189 62.7329311 255 79 163
0.127432035 1.60293719 60.837464 255 79 163
0.502811565 1.00732647 61.1105684 255 79 163
0.117237495 1.43840985 60.758769 255 79 163
0.0435364916 1.33457716 60.5045853 255 79 163
1.79361344 1.95932914 62.3749625 255 79 163
0.0393972835 1.16530408 60.3776451 255 79 163
0.10298241 1.20530698 60.6077801 255 79 163
1.68164958 1.71114139 62.2434305 255 79 163
0.197595055 1.13421838 60.7653222 255 79 163
0.387796192 0.624726004 60.6349915 255 79 163
0.0951485494 1.07599525 60.4979504 255 79 163
2.1127023 1.84032421 62.4417921 255 79 163
0.0886925515 0.968982603 60.3875761 255 79 163
0.0121749696 0.918160314 59.9186215 255 79 163
1.54719454 1.44485569 62.0710999 255 79 163
1.1254214 1.25666636 61.7588681 255 79 163
1.91685662 1.49029035 62.2263195 255 79 163
0.0275352198 0.813560339 59.8780597 255 79 163
0.078538499 0.800341106 60.1578967 255 79 163
0.150730765 0.735675564 60.3089711 255 79 163
0.0857757201 0.656367013 59.9384602 255 79 163
1.25817205 0.94935306 61.6379844 255 79 163
1.12101301 0.740872635 61.3935043 255 79 163
1.46488494 0.836268279 61.6300363 255 79 163
0.757602506 0.558740017 60.9658541 255 79 163
0.991267173 0.556417722 61.1288695 255 79 163
1.25033139 0.575096772 61.2786689 255 79 163
0.869501142 0.393756249 60.837019 255 79 163
0.588150004 0.280414752 60.3799713 255 79 163
0.767508655 0.265213578 60.5387121 255 79 163
0.968590115 0.269385828 60.6884709 255 79 163
0.683209822 0.16464593 60.2180022 255 79 163
0.621397761 0.115893088 59.9618838 255 79 163
0.876949937 2.47014564 61.8667379 255 79 163
0.642514579 1.50143034 61.49123 255 79 163
0 14.9846991 2.27904345 255 79 163
0.035537913 15.2955253 2.27904345 255 79 163
0.152075798 15.6137529 2.27904345 255 79 163
0.330971261 15.8802404 2.27904345 255 79 163
0.545710453 16.0824945 2.27904345 255 79 163
0.797505619 16.2338647 2.27904345 255 79 163
1.06813871 16.3266629 2.27904345 255 79 163
1.33882888 16.3612306 2.27904345 255 79 163
1.49758924 16.3564768 2.27904345 255 79 163
1.64775642 16.3348937 2.27904345 255 79 163
1.62211097 16.3081903 1.90282769 255 79 163
1.54727887 16.2268994 1.53192142 255 79 163
1.43644916 16.0868758 1.17441881 255 79 163
1.30359445 15.8853663 0.842029993 255 79 163
1.16300813 15.6235109 0.548937375 255 79 163
1.02859061 15.3077413 0.3093297 255 79 163
0.91304553 14.9495103 0.134573789 255 79 163
0.829386933 14.5758044 0.0332861255 255 79 163
0.781647035 14.1897247 -1.46150721e-16 255 79 163
0 14.1897247 0.781647035 255 79 163
0.0236353733 14.1897247 0.590884334 255 79 163
0.0897595381 14.1897247 0.41796616 255 79 163
0.186517827 14.1897247 0.274899254 255 79 163
0.313566648 14.1897247 0.15564956 255 79 163
0.461370321 14.1897247 0.0686288629 255 79 163
0.618091516 14.1897247 0.0173030812 255 79 163
0.700943234 14.1897247 0.0041774318 255 79 163
-1.648362e-17 15.0458527 1.82334489 255 79 163
4.88941465e-17 15.038029 1.56723119 255 79 163
4.7824245e-17 14.9775151 1.34019113 255 79 163
5.73756626e-17 14.8925407 1.17584458 255 79 163
-1.29674268e-17 14.7600817 1.0157692 255 79 163
-2.47242458e-16 14.6043897 0.897328208 255 79 163
-3.17253006e-16 14.4555145 0.827572502 255 79 163
-5.84217996e-17 14.3246341 0.793331107 255 79 163
0.496456325 16.0315642 1.95427746 255 79 163
0.245272394 14.5464746 0.255816289 255 79 163
0.126562134 15.561216 1.97058952 255 79 163
0.11273384 15.5266511 1.81837062 255 79 163
0.201600547 15.6715467 1.659939 255 79 163
0.0433341214 15.3183227 1.55518782 255 79 163
0.104803833 15.4819161 1.5623953 255 79 163
0.438328723 15.8605355 1.31440066 255 79 163
0.0991512187 15.4357154 1.4065915 255 79 163
1.05558718 16.3009312 1.90500493 255 79 163
0.0373130107 15.1956834 1.21278908 255 79 163
1.03637837 16.2670184 1.71970888 255 79 163
0.820599613 16.1635023 1.55882314 255 79 163
0.172150335 15.497017 1.18209472 255 79 163
0.0889297257 15.3183111 1.15045658 255 79 163
0.352182403 15.476006 0.746113004 255 79 163
0.0837287145 15.2389811 1.02858818 255 79 163
0.973774999 16.1548238 1.35977404 255 79 163
0.0798929423 15.1702455 0.941782098 255 79 163
0.934313821 16.0756283 1.18559711 255 79 163
1.14004552 16.1555699 1.28673421 255 79 163
0.891118387 15.9810565 1.0181956 255 79 163
0.0703430627 14.9498236 0.737715846 255 79 163
0.27301453 14.8899417 0.35521198 255 79 163
0.687894007 15.832169 0.896296302 255 79 163
0.136140668 15.1191195 0.722030084 255 79 163
1.07499501 16.0378348 1.0559498 255 79 163
0.799051567 15.7485692 0.712550096 255 79 163
0.751929027 15.6102265 0.57560011 255 79 163
0.930503301 15.7222411 0.642678115 255 79 163
0.705842082 15.4589402 0.452180785 255 79 163
0.537773132 15.2756428 0.387504525 255 79 163
0.857217841 15.5261907 0.466942454 255 79 163
0.621614625 15.1256115 0.252641156 255 79 163
0.553086364 14.7583522 0.119951728 255 79 163
0 3.503952 59.5558408 255 79 163
0.0922167337 3.503952 60.3430974 255 79 163
0.389427795 3.503952 61.1374652 255 79 163
0.836795281 3.503952 61.7921098 255 79 163
1.36422466 3.503952 62.2822702 255 79 163
1.97318158 3.503952 62.6461374 255 79 163
2.61968279 3.503952 62.8702463 255 79 163
3.01841942 3.503952 62.9401837 255 79 163
3.40652341 3.503952 62.9623642 255 79 163
3.09205278 12.7588197 62.9623642 255 79 163
2.43319478 25.0986432 62.9623642 255 79 163
1.97164874 33.9448106 62.9623642 255 79 163
1.66679415 42.7909779 62.9623642 255 79 163
0 42.7909779 61.2955701 255 79 163
0.0433223182 42.7909779 61.6731173 255 79 163
0.182911734 42.7909779 62.0547115 255 79 163
0.393421678 42.7909779 62.3710817 255 79 163
0.642563214 42.7909779 62.610543 255 79 163
0.93179538 42.7909779 62.7915579 255 79 163
1.24098397 42.7909779 62.9070565 255 79 163
1.45680838 42.7909779 62.9490841 255 79 163
-9.61599793e-17 12.7588197 59.8703114 255 79 163
-7.64865073e-17 25.0986432 60.5291694 255 79 163
-3.59478555e-17 33.9448106 60.9907155 255 79 163
0.0887904477 8.13138583 60.4404155 255 79 163
0.249749779 6.58890789 60.8977489 255 79 163
0.191997104 8.13138583 60.788131 255 79 163
2.2823873 8.13138583 62.8069833 255 79 163
1.97164451 8.13138583 62.6901373 255 79 163
2.18677388 6.58890789 62.7600081 255 79 163
2.59556033 8.13138583 62.8901668 255 79 163
0.100661056 38.3678942 61.7629432 255 79 163
0.12547897 39.8422555 61.8687727 255 79 163
1.23137917 38.3678942 62.8725568 255 79 163
0.910381984 39.8422555 62.7506589 255 79 163
1.12280376 39.8422555 62.8483088 255 79 163
1.06517923 38.3678942 62.8085319 255 79 163
0.86030223 6.58890789 61.8661541 255 79 163
0.853495369 5.56058926 61.8405992 255 79 163
0.58422149 7.10306721 61.5274073 255 79 163
0.80163502 7.36014686 61.8146732 255 79 163
1.77153715 6.58890789 62.5752149 255 79 163
1.15221805 7.61722652 62.169175 255 79 163
0.314282333 8.64554515 61.0975454 255 79 163
0.881728838 8.13138583 61.9199561 255 79 163
0.885420914 8.64554515 61.9349004 255 79 163
0.892023357 9.67386378 61.9650569 255 79 163
0.386731735 8.90262481 61.248167 255 79 163
0.163794147 10.1880231 60.7706004 255 79 163
1.53806618 8.90262481 62.4738714 255 79 163
1.87956824 8.64554515 62.6550272 255 79 163
1.68443808 8.90262481 62.5594585 255 79 163
0.209204682 11.2163417 60.9327467 255 79 163
2.1713686 10.1880231 62.7917082 255 79 163
1.96453255 11.2163417 62.727392 255 79 163
1.95388451 12.7588197 62.7452659 255 79 163
0.90564129 12.7588197 62.0567229 255 79 163
1.58281553 11.730501 62.5498177 255 79 163
1.7893621 14.1299112 62.6976657 255 79 163
0.087346454 16.8720942 60.7787029 255 79 163
0.513785703 16.1865484 61.6936281 255 79 163
0.20655829 15.8437756 61.1033396 255 79 163
2.2631105 14.8154569 62.8718398 255 79 163
0.249400577 17.5576399 61.2764163 255 79 163
0.813773538 18.9287314 62.1485907 255 79 163
0.340380982 20.9853687 61.6008403 255 79 163
1.59756515 20.2998229 62.726038 255 79 163
1.47597491 16.8720942 62.5933705 255 79 163
0.077077455 23.042006 61.0354278 255 79 163
2.0143345 20.9853687 62.8817908 255 79 163
0.219495898 23.7275517 61.4785719 255 79 163
1.64735899 22.0136873 62.7793243 255 79 163
1.13940796 21.6709144 62.5009511 255 79 163
0.170838739 25.0986432 61.4248156 255 79 163
0.417840408 26.0815507 61.9305542 255 79 163
0.712666251 25.0986432 62.249698 255 79 163
0.300306528 26.5730044 61.7611381 255 79 163
0.162206984 27.310185 61.5025013 255 79 163
1.40569304 26.0815507 62.7544214 255 79 163
1.53754865 25.0986432 62.7915255 255 79 163
1.15987141 28.0473657 62.6723964 255 79 163
0.403530767 27.5559119 61.9658903 255 79 163
0.196154828 28.5388194 61.6363576 255 79 163
0.270109466 30.9960881 61.8819263 255 79 163
0.641726785 29.5217269 62.3206374 255 79 163
1.26470445 30.5046344 62.7752777 255 79 163
0.176408911 32.9619031 61.76984 255 79 163
1.59847595 30.9960881 62.8984252 255 79 163
0.90663494 31.4875418 62.5952145 255 79 163
1.31274756 31.7332687 62.8165034 255 79 163
0.138432808 33.9448106 61.7164689 255 79 163
0.577482545 33.9448106 62.3848817 255 79 163
1.04297648 32.4704493 62.7016201 255 79 163
0.237670653 34.927718 61.9619697 255 79 163
0.124596891 35.4191718 61.7338295 255 79 163
1.24589527 33.9448106 62.8239314 255 79 163
0.875339343 32.9619031 62.6078879 255 79 163
0.116081682 36.4020793 61.7445072 255 79 163
0.969564006 34.927718 62.7074079 255 79 163
1.18089679 35.4191718 62.8189069 255 79 163
1.19773112 36.4020793 62.8386984 255 79 163
0.504661777 36.893533 62.3845361 255 79 163
0.482963516 37.8764405 62.3838217 255 79 163
0.472594998 38.3678942 62.3832974 255 79 163
0.301160078 39.3508017 62.1880481 255 79 163
0.41767402 39.1050748 62.3366228 255 79 163
0.608469123 38.859348 62.5254356 255 79 163
0.438939117 39.8422555 62.37589 255 79 163
0.162377873 4.18949776 60.6069727 255 79 163
0.205132383 4.53227063 60.7381086 255 79 163
0.376711782 4.53227063 61.1295368 255 79 163
0.219685088 5.21781639 60.7908485 255 79 163
1.76888529 4.18949776 62.5486635 255 79 163
1.4748627 6.07474858 62.3907911 255 79 163
1.8408467 5.21781639 62.5962422 255 79 163
1.49270957 9.93094343 62.4629637 255 79 163
0.897587917 10.7021824 61.9954806 255 79 163
0.0915033683 12.2446603 60.5964936 255 79 163
0.217098279 12.7588197 61.0084797 255 79 163
0.389354426 11.730501 61.3381833 255 79 163
0.707619922 11.3877282 61.7997122 255 79 163
0.899983508 11.2163417 62.0107603 255 79 163
1.05852748 11.4734214 62.168207 255 79 163
0.902123119 11.730501 62.0260685 255 79 163
1.22572234 11.5591146 62.308516 255 79 163
0.154437309 13.2158502 60.8530834 255 79 163
0.127388129 13.4443654 60.775968 255 79 163
0.0920395637 13.7871383 60.6613751 255 79 163
0.382418994 14.8154569 61.4326882 255 79 163
0.197207612 13.9013959 61.0007903 255 79 163
0.531885533 14.1299112 61.6489326 255 79 163
2.3442557 12.2446603 62.8654211 255 79 163
0.819013111 14.3584264 62.0125028 255 79 163
1.09236384 14.1299112 62.2632513 255 79 163
0.981975069 14.472684 62.1762401 255 79 163
1.37977534 14.5869417 62.4849333 255 79 163
1.18782366 14.8154569 62.3563317 255 79 163
0.935589899 15.2724874 62.1556566 255 79 163
1.28394414 15.5010027 62.4424199 255 79 163
1.34811919 15.9580332 62.495887 255 79 163
0.667081391 16.8720942 61.9200495 255 79 163
0.749552084 17.2148671 62.0260725 255 79 163
0.771209363 17.7861552 62.0679439 255 79 163
0.855165833 20.0713077 62.2250018 255 79 163
0.875363533 20.6425958 62.2615884 255 79 163
0.961490849 20.9853687 62.3470101 255 79 163
0.415209531 21.8994297 61.7624087 255 79 163
0.454638702 22.3564602 61.839685 255 79 163
0.699149863 22.5849755 62.1515158 255 79 163
1.30245001 23.042006 62.6367517 255 79 163
0.516009284 23.042006 61.950986 255 79 163
0.402935837 23.2705212 61.7978796 255 79 163
0.660542869 23.3847788 62.137257 255 79 163
0.579725174 23.7275517 62.0565436 255 79 163
1.08913656 23.7275517 62.5213089 255 79 163
0.794614574 23.4990365 62.2772118 255 79 163
1.61237535 23.956067 62.8002634 255 79 163
1.88309604 24.0703246 62.8870404 255 79 163
1.76599446 24.4130975 62.8594704 255 79 163
0.643298479 26.2453686 62.2162902 255 79 163
0.858142823 26.0815507 62.4131528 255 79 163
0.771245143 26.3272776 62.3449408 255 79 163
0.63589713 26.7368224 62.224874 255 79 163
0.843383962 26.8187313 62.4225985 255 79 163
0.524215303 28.0473657 62.1432778 255 79 163
0.5892522 28.2930925 62.2263087 255 79 163
0.69378372 30.7503612 62.4069529 255 79 163
0.64532362 32.3066314 62.4059372 255 79 163
0.529892953 32.7161762 62.3004564 255 79 163
0.426792414 35.2553539 62.2535495 255 79 163
0.641380423 35.1734449 62.476351 255 79 163
0.539622478 35.4191718 62.3849589 255 79 163
0.745448207 35.091536 62.5609246 255 79 163
0.527646621 35.9106255 62.3848885 255 79 163
0.895203659 4.18949776 61.8661504 255 79 163
1.66883956 4.53227063 62.4952199 255 79 163
0.924757173 4.53227063 61.9025305 255 79 163
0.900777916 4.87504351 61.8818371 255 79 163
2.6245683 4.36088419 62.8751144 255 79 163
0.45843426 10.4451027 61.4181765 255 79 163
1.49338683 10.4451027 62.4726523 255 79 163
0.452388323 12.9873349 61.4881536 255 79 163
0 14.9846991 2.27904345 255 79 163
0 14.9846991 11.6063607 255 79 163
0.035537913 15.2955253 11.6063607 255 79 163
0.152075798 15.6137529 11.6063607 255 79 163
0.330971261 15.8802404 11.6063607 255 79 163
0.545710453 16.0824945 11.6063607 255 79 163
0.797505619 16.2338647 11.6063607 255 79 163
1.06813871 16.3266629 11.6063607 255 79 163
1.33882888 16.3612306 11.6063607 255 79 163
1.49758924 16.3564768 11.6063607 255 79 163
1.64775642 16.3348937 11.6063607 255 79 163
1.64775642 16.3348937 2.27904345 255 79 163
0.035537913 15.2955253 2.27904345 255 79 163
0.152075798 15.6137529 2.27904345 255 79 163
0.330971261 15.8802404 2.27904345 255 79 163
0.545710453 16.0824945 2.27904345 255 79 163
0.797505619 16.2338647 2.27904345 255 79 163
1.06813871 16.3266629 2.27904345 255 79 163
1.33882888 16.3612306 2.27904345 255 79 163
1.49758924 16.3564768 2.27904345 255 79 163
0 42.7909779 61.2955701 255 79 163
0.0433223182 42.7909779 61.6731173 255 79 163
0.182911734 42.7909779 62.0547115 255 79 163
0.393421678 42.7909779 62.3710817 255 79 163
0.642563214 42.7909779 62.610543 255 79 163
0.93179538 42.7909779 62.7915579 255 79 163
1.24098397 42.7909779 62.9070565 255 79 163
1.45680838 42.7909779 62.9490841 255 79 163
1.66679415 42.7909779 62.9623642 255 79 163
1.69379025 43.6613703 62.8629105 255 79 163
1.76654105 44.4869658 62.5697202 255 79 163
1.8665967 45.2252623 62.0978167 255 79 163
1.97564531 45.8381061 61.4713442 255 79 163
2.07540852 46.2936514 60.7224817 255 79 163
2.14474317 46.5585952 59.934521 255 79 163
2.17336526 46.6482881 59.1080145 255 79 163
0 44.4749229 59.1080145 255 79 163
0.0429501959 44.9048626 59.1080145 255 79 163
0.180957637 45.3431558 59.1080145 255 79 163
0.41927704 45.7581575 59.1080145 255 79 163
0.748871555 46.1163656 59.1080145 255 79 163
1.14655242 46.3904311 59.1080145 255 79 163
1.58015496 46.5657643 59.1080145 255 79 163
1.88082426 46.6285097 59.1080145 255 79 163
2.87412975e-17 43.1224349 61.2567119 255 79 163
4.28436621e-18 43.4351326 61.1461927 255 79 163
8.64811147e-17 43.7143926 60.9757125 255 79 163
7.49647271e-17 43.9504628 60.759159 255 79 163
-3.53349362e-17 44.1386187 60.5110149 255 79 163
-7.93916444e-17 44.2788175 60.2448737 255 79 163
3.27126975e-17 44.398363 59.8812762 255 79 163
-2.65367893e-16 44.4599803 59.4885987 255 79 163
0.495759235 43.5380663 62.3812277 255 79 163
0.627421699 45.937977 59.8262974 255 79 163
0.0436358092 43.1804377 61.6327068 255 79 163
0.138634595 43.2904081 61.9027756 255 79 163
0.119555858 43.5188529 61.7874152 255 79 163
0.0528241315 43.7875867 61.4347121 255 79 163
0.121969128 43.8060789 61.6683924 255 79 163
0.21975136 43.7444401 61.9243413 255 79 163
0.516432793 44.2384336 62.1136847 255 79 163
0.0540322789 44.0045854 61.2944051 255 79 163
0.12395347 43.9909089 61.5670022 255 79 163
0.12615567 44.1652701 61.4508095 255 79 163
0.0564311011 44.3322662 61.0001535 255 79 163
1.01955795 43.3494336 62.7850155 255 79 163
0.129676432 44.3998655 61.2567381 255 79 163
0.232155879 44.3881713 61.5561275 255 79 163
0.545050076 44.8530538 61.6937767 255 79 163
0.874989919 43.8662164 62.579961 255 79 163
0.132207759 44.54443 61.1103152 255 79 163
1.06989295 43.6282216 62.7478569 255 79 163
0.0589947944 44.5926854 60.6578714 255 79 163
0.135994503 44.7325339 60.878551 255 79 163
1.08948312 44.0297223 62.629046 255 79 163
0.244157641 44.8103076 61.154618 255 79 163
0.576494514 45.3525126 61.1507709 255 79 163
0.0606839745 44.7293068 60.4096281 255 79 163
0.138559674 44.8441926 60.7108608 255 79 163
0.917010065 44.6100117 62.2423433 255 79 163
1.11513593 44.4205803 62.4628679 255 79 163
1.31327592 44.1917501 62.6419594 255 79 163
0.141861959 44.9719803 60.4778056 255 79 163
1.14468425 44.784241 62.2566034 255 79 163
0.969918311 45.2559962 61.746731 255 79 163
1.17759031 45.126959 62.0069719 255 79 163
1.38290913 44.9486286 62.234722 255 79 163
0.0641551374 44.941208 59.7707919 255 79 163
0.264168937 45.3106706 60.3210093 255 79 163
0.148114828 45.1704057 59.9400657 255 79 163
1.21148229 45.4343583 61.7247293 255 79 163
0.150416535 45.2293502 59.6642974 255 79 163
1.2459594 45.711861 61.4052155 255 79 163
1.46408591 45.5940912 61.6680864 255 79 163
0.160652594 45.2772487 59.4825893 255 79 163
1.2790784 45.9512099 61.0566735 255 79 163
1.05779611 46.034472 60.6475532 255 79 163
1.51816405 45.9477042 61.2136723 255 79 163
1.33475784 46.3006116 60.3029026 255 79 163
1.35438962 46.407287 59.9173559 255 79 163
1.60577255 46.4239213 60.1951007 255 79 163
1.07627087 46.3317772 59.5069669 255 79 163
1.43240152 46.4816194 59.6536633 255 79 163
0 14.9846991 11.6063607 255 79 163
0.035537913 15.2955253 11.6063607 255 79 163
0.152075798 15.6137529 11.6063607 255 79 163
0.330971261 15.8802404 11.6063607 255 79 163
0.545710453 16.0824945 11.6063607 255 79 163
0.797505619 16.2338647 11.6063607 255 79 163
1.06813871 16.3266629 11.6063607 255 79 163
1.33882888 16.3612306 11.6063607 255 79 163
1.49758924 16.3564768 11.6063607 255 79 163
1.64775642 16.3348937 11.6063607 255 79 163
1.70846676 16.3673212 12.1167461 255 79 163
1.85981098 16.4728556 12.6225878 255 79 163
2.06737569 16.6623837 13.1116649 255 79 163
2.29515677 16.9433201 13.5635387 255 79 163
2.50832144 17.3137305 13.9534708 255 79 163
2.67629041 17.7603227 14.2592098 255 79 163
2.77500786 18.2612592 14.4672287 255 79 163
2.79184339 18.7019981 14.5638693 255 79 163
2.74175776 19.1515604 14.5947655 255 79 163
0 19.1515604 17.3365232 255 79 163
0.0747119104 19.1515604 16.700833 255 79 163
0.31551483 19.1515604 16.0595812 255 79 163
0.677860014 19.1515604 15.5316516 255 79 163
1.10477624 19.1515604 15.1370853 255 79 163
1.59723448 19.1515604 14.8450774 255 79 163
2.11945791 19.1515604 14.6663213 255 79 163
2.43479505 19.1515604 14.6120032 255 79 163
-7.67283328e-18 15.033326 13.1052763 255 79 163
8.88018984e-17 15.2326795 14.1838477 255 79 163
2.8746021e-16 15.6381608 15.1795452 255 79 163
1.46392114e-16 16.2476918 16.0326836 255 79 163
-3.21041208e-18 16.9877685 16.6690966 255 79 163
-1.08116937e-16 17.783426 17.0817792 255 79 163
1.48078347e-16 18.4545005 17.2715016 255 79 163
0.521647802 16.0749206 12.1488553 255 79 163
0.824489463 18.5011961 15.2947569 255 79 163
0.127944411 15.5852085 12.5619623 255 79 163
0.0616149354 15.5232902 13.5175315 255 79 163
0.244745432 15.8186631 12.8194363 255 79 163
0.140273477 15.6843258 13.2231583 255 79 163
0.622587628 16.3136029 13.2448559 255 79 163
0.150077322 15.8016588 13.67261 255 79 163
0.0671648388 15.7081289 14.1332431 255 79 163
1.11271347 16.3593497 12.1084492 255 79 163
0.159411663 15.9531092 14.0821224 255 79 163
1.15510681 16.4003181 12.3635433 255 79 163
0.981335826 16.3902301 12.6255322 255 79 163
1.35178216 16.4160923 12.2742597 255 79 163
0.302964586 16.2756697 14.1802144 255 79 163
0.0762998371 16.2565788 15.1482393 255 79 163
0.17420287 16.3080686 14.7358872 255 79 163
0.745780452 16.9081256 14.2799823 255 79 163
1.26737097 16.5329212 12.8490916 255 79 163
0.181539566 16.5689818 15.0795818 255 79 163
1.33589662 16.632221 13.0951969 255 79 163
1.53307766 16.6015434 12.9232434 255 79 163
0.082587066 17.0754893 15.9649137 255 79 163
1.40744676 16.753644 13.3342261 255 79 163
1.19751044 16.81379 13.6041998 255 79 163
0.342715213 17.0255311 15.1322642 255 79 163
0.191654483 17.1396789 15.6181626 255 79 163
0.820123103 17.893725 15.0622365 255 79 163
1.6453334 16.7517189 13.2396144 255 79 163
0.0842120763 17.5450387 16.257023 255 79 163
0.194982646 17.4762748 15.8439521 255 79 163
1.54288571 17.0510077 13.7645508 255 79 163
0.196794923 17.80264 16.0144711 255 79 163
1.60678666 17.2377898 13.9670755 255 79 163
1.86497609 17.1612094 13.8037029 255 79 163
0.197400906 18.1820301 16.16194 255 79 163
0.0761645219 18.5325322 16.6373342 255 79 163
0.359516684 18.0609549 15.770494 255 79 163
1.66310256 17.4452539 14.1516565 255 79 163
1.38353469 17.585151 14.4062915 255 79 163
0.235232255 18.5110664 16.1580985 255 79 163
1.96160888 17.4254524 14.0491826 255 79 163
1.74291603 17.8961097 14.4478855 255 79 163
1.43696092 18.2612107 14.7607632 255 79 163
1.76653211 18.1525373 14.5675325 255 79 163
2.09169299 18.0336531 14.4222112 255 79 163
1.7763064 18.410596 14.6590934 255 79 163
1.72742131 18.6500737 14.7388447 255 79 163
0.693710582 16.5961201 13.8413022 255 79 163
0.79189269 17.3482619 14.7101222 255 79 163
2.04597476 46.6482881 17.3365232 255 79 163
1.62856358 46.6052564 17.3365232 255 79 163
1.2037169 46.4668815 17.3365232 255 79 163
0.804248051 46.2283907 17.3365232 255 79 163
0.464431514 45.9002863 17.3365232 255 79 163
0.21125438 45.5077491 17.3365232 255 79 163
0.0576348442 45.0845136 17.3365232 255 79 163
0.0138698417 44.8401417 17.3365232 255 79 163
-4.4408921e-16 44.6023134 17.3365232 255 79 163
2.17336526 46.6482881 59.1080145 255 79 163
0 44.4749229 59.1080145 255 79 163
0.0429501959 44.9048626 59.1080145 255 79 163
0.180957637 45.3431558 59.1080145 255 79 163
0.41927704 45.7581575 59.1080145 255 79 163
0.748871555 46.1163656 59.1080145 255 79 163
1.14655242 46.3904311 59.1080145 255 79 163
1.58015496 46.5657643 59.1080145 255 79 163
1.88082426 46.6285097 59.1080145 255 79 163
0 19.1515604 17.3365232 255 79 163
-4.4408921e-16 44.6023134 17.3365232 255 79 163
0.0562213949 44.6384226 16.7841375 255 79 163
0.222579855 44.7331433 16.2544057 255 79 163
0.492252846 44.8660648 15.7690529 255 79 163
0.854180726 45.0167768 15.3479839 255 79 163
1.29352041 45.1648687 15.0084673 255 79 163
1.79225406 45.2899299 14.7644271 255 79 163
2.25948648 45.364215 14.6375141 255 79 163
2.74175776 45.3919803 14.5947655 255 79 163
2.74175776 19.1515604 14.5947655 255 79 163
0.0747119104 19.1515604 16.700833 255 79 163
0.31551483 19.1515604 16.0595812 255 79 163
0.677860014 19.1515604 15.5316516 255 79 163
1.10477624 19.1515604 15.1370853 255 79 163
1.59723448 19.1515604 14.8450774 255 79 163
2.11945791 19.1515604 14.6663213 255 79 163
2.43479505 19.1515604 14.6120032 255 79 163
3.75700775 3.43933687 0 255 79 163
3.75700775 2.64837412 0.0921864362 255 79 163
3.75700775 1.84993338 0.38928201 255 79 163
3.75700775 1.19094769 0.836687417 255 79 163
3.75700775 0.696202835 1.36466732 255 79 163
3.75700775 0.327261491 1.97508794 255 79 163
3.75700775 0.09797948 2.6242486 255 79 163
3.75700775 0.0235751961 3.03732905 255 79 163
3.75700775 -6.67599681e-17 3.43933687 255 79 163
3.24307952 0.0354669113 3.37522912 255 79 163
2.73910752 0.141503841 3.21478175 255 79 163
2.25497328 0.316125071 2.97910053 255 79 163
1.65633378 0.648970029 2.58305439 255 79 163
1.06902192 1.14512952 2.0798381 255 79 163
0.59482761 1.74827047 1.58004921 255 79 163
0.251348438 2.43280744 1.1515567 255 79 163
0.064574349 3.09576184 0.884071481 255 79 163
0.0161921949 3.44320941 0.808070214 255 79 163
-4.0226968e-17 3.79359517 0.781647035 255 79 163
0.781647035 3.79359517 0 255 79 163
0.590884334 3.79359517 0.0236353733 255 79 163
0.41796616 3.79359517 0.0897595381 255 79 163
0.274899254 3.79359517 0.186517827 255 79 163
0.15564956 3.79359517 0.313566648 255 79 163
0.0686288629 3.79359517 0.461370321 255 79 163
0.0173030812 3.79359517 0.618091516 255 79 163
0.0041774318 3.79359517 0.700943234 255 79 163
3.74427978 3.4355696 -9.36642306e-17 255 79 163
3.73746696 3.43078225 -1.02510583e-16 255 79 163
3.73008586 3.42388573 -9.39439571e-17 255 79 163
3.43775166 3.06097954 4.89137931e-17 255 79 163
3.11987328 2.82130903 5.7164891e-17 255 79 163
2.80345725 2.67731008 1.61677732e-16 255 79 163
2.39970595 2.59073202 2.28984637e-16 255 79 163
1.99846962 2.59898103 1.60031038e-16 255 79 163
1.64162358 2.68927944 2.64129485e-17 255 79 163
1.3157149 2.85922842 -7.66462506e-17 255 79 163
1.07098574 3.07473517 -8.48806573e-17 255 79 163
0.906241954 3.31048592 -3.85083946e-17 255 79 163
0.813607528 3.54693408 -2.78689324e-18 255 79 163
0.789754245 3.66948236 1.3022302e-18 255 79 163
3.20786338 1.03285816 0.97015169 255 79 163
0.32918168 3.11175854 0.261869455 255 79 163
3.4470859 2.28360168 0.176342661 255 79 163
3.55834199 1.77650076 0.42197768 255 79 163
3.22523156 2.09650186 0.222111454 255 79 163
2.89834129 2.31693336 0.0824103348 255 79 163
2.88535724 1.72495029 0.382408555 255 79 163
2.79308549 2.02916381 0.195484077 255 79 163
2.08186412 1.2865649 0.755543868 255 79 163
2.65640412 2.26927634 0.0754219995 255 79 163
2.58155139 2.01722618 0.18192335 255 79 163
2.41949716 2.24965018 0.0688364075 255 79 163
3.20875868 0.308994624 2.05565691 255 79 163
2.41421 2.01985449 0.171224096 255 79 163
2.22437551 2.03676826 0.159189069 255 79 163
2.93167836 0.332445559 2.06378191 255 79 163
3.25361659 0.112530569 2.66178384 255 79 163
2.69707693 0.3917096 2.00064567 255 79 163
3.24633734 0.0592962603 2.98033366 255 79 163
2.44099246 0.66093481 1.53069864 255 79 163
1.78505119 2.3346542 0.052274675 255 79 163
2.69453069 0.258539264 2.40589075 255 79 163
1.79715771 1.91092597 0.261341144 255 79 163
1.66883461 2.18264166 0.124793254 255 79 163
1.02262608 1.96654023 0.472581285 255 79 163
1.55039736 2.42356304 0.0464597057 255 79 163
1.48959442 2.26595624 0.11395094 255 79 163
2.04412354 0.646134231 1.76160084 255 79 163
1.33317224 2.35681949 0.104574248 255 79 163
1.16854861 2.65895806 0.0372488907 255 79 163
1.7600018 0.804511105 1.63070561 255 79 163
1.89221321 0.600455381 2.05706186 255 79 163
1.08441888 2.54546092 0.0897937592 255 79 163
1.06145027 2.36403374 0.176862834 255 79 163
0.607435309 2.48899905 0.349218643 255 79 163
1.4573431 1.01250717 1.47423909 255 79 163
0.951663027 2.67597781 0.0819518664 255 79 163
1.27538 1.3241891 1.06795916 255 79 163
1.49600016 0.861782731 1.82745413 255 79 163
0.843137684 2.80495256 0.0755528925 255 79 163
0.667049992 3.38726569 0.0226459024 255 79 163
0.937069601 1.49675417 1.16415405 255 79 163
0.651431271 2.0211243 0.742093564 255 79 163
0.705882535 1.78765985 1.00878001 255 79 163
0.794262346 1.55503407 1.32537926 255 79 163
0.512246194 2.09023197 0.869307984 255 79 163
0.318353396 2.65493403 0.54362272 255 79 163
0.344201315 2.42460754 0.740326158 255 79 163
0.398713511 2.18913645 0.980419831 255 79 163
0.216620814 2.76285177 0.636405226 255 79 163
2.6323559 1.12049113 0.877004962 255 79 163
0.545666469 3.26364783 0.0784240973 255 79 163
3.75700775 -6.67599681e-17 3.43933687 218 222 230
3.43667031 -4.12268465e-16 13.1386367 218 222 230
2.70302911 -4.06552544e-16 26.0710364 218 222 230
1.45214084 -8.13842035e-17 45.9637289 218 222 230
1.13830264 2.02960177e-18 52.7030528 218 222 230
0.941401643 2.2320407e-16 59.4423768 218 222 230
15.3453442 -2.4972949e-16 59.6496952 218 222 230
34.5506009 -2.79265004e-16 60.2209541 218 222 230
59.8789931 -9.69139763e-17 61.0542207 218 222 230
68.6314555 -3.65125563e-17 61.2591983 218 222 230
77.3839178 -4.4408921e-16 61.3785871 218 222 230
77.3839178 -4.4408921e-16 3.43933687 218 222 230
79.7914844 14.1825763 -4.4408921e-16 218 222 230
40.8973243 6.38487154 0 218 222 230
40.8456347 6.36799977 1.90975881e-17 218 222 230
40.7957365 6.33920689 1.1658535e-16 218 222 230
40.7307359 6.28395663 2.33773716e-16 218 222 230
40.6334143 6.1698165 2.39797985e-16 218 222 230
40.1647013 5.48116738 -3.1871086e-17 218 222 230
39.847173 5.12133128 4.00987685e-16 218 222 230
39.6449619 4.96313014 2.99222257e-16 218 222 230
39.4895952 4.8826429 1.03425175e-17 218 222 230
39.3735271 4.84859631 -1.94857959e-16 218 222 230
39.2850938 4.83980458 -2.22125642e-16 218 222 230
39.199193 4.84785464 0 218 222 230
31.7178908 6.50108456 -1.08979444e-16 218 222 230
21.800552 8.99334656 -1.84675162e-16 218 222 230
11.3150477 11.7109866 -2.16563303e-16 218 222 230
5.70693514 13.0835318 -2.21264933e-16 218 222 230
0.781647035 14.1897247 -1.46150721e-16 218 222 230
0.781647035 3.79359517 0 218 222 230
3.75700775 3.43933687 0 218 222 230
3.74427978 3.4355696 -9.36642306e-17 218 222 230
3.73746696 3.43078225 -1.02510583e-16 218 222 230
3.73008586 3.42388573 -9.39439571e-17 218 222 230
3.43775166 3.06097954 4.89137931e-17 218 222 230
3.11987328 2.82130903 5.7164891e-17 218 222 230
2.80345725 2.67731008 1.61677732e-16 218 222 230
2.39970595 2.59073202 2.28984637e-16 218 222 230
1.99846962 2.59898103 1.60031038e-16 218 222 230
1.64162358 2.68927944 2.64129485e-17 218 222 230
1.3157149 2.85922842 -7.66462506e-17 218 222 230
1.07098574 3.07473517 -8.48806573e-17 218 222 230
0.906241954 3.31048592 -3.85083946e-17 218 222 230
0.813607528 3.54693408 -2.78689324e-18 218 222 230
0.789754245 3.66948236 1.3022302e-18 218 222 230
79.7914844 3.43933687 -4.4408921e-16 218 222 230
3.40652341 3.503952 62.9623642 255 79 163
18.285394 3.24162913 62.9623642 255 79 163
38.1238882 2.61776324 62.9623642 255 79 163
57.753903 1.96785364 62.9623642 255 79 163
68.1523097 1.71241234 62.9623642 255 79 163
77.3839178 1.58377714 62.9623642 255 79 163
3.35759434 3.0586915 62.9339101 255 79 163
3.22866225 2.62074712 62.8488964 255 79 163
3.0354836 2.1973622 62.7086735 255 79 163
2.70480969 1.66747595 62.440121 255 79 163
2.27464638 1.13590474 62.0362946 255 79 163
1.83262525 0.69069725 61.5396995 255 79 163
1.43053552 0.347208722 60.9686685 255 79 163
1.12055797 0.117154636 60.3436999 255 79 163
0.988732616 0.029427873 59.896802 255 79 163
0.941401643 2.2320407e-16 59.4423768 255 79 163
15.3453442 -2.4972949e-16 59.6496952 255 79 163
34.5506009 -2.79265004e-16 60.2209541 255 79 163
59.8789931 -9.69139763e-17 61.0542207 255 79 163
68.6314555 -3.65125563e-17 61.2591983 255 79 163
77.3839178 -4.4408921e-16 61.3785871 255 79 163
77.3839178 1.21556217 62.9189662 255 79 163
77.3839178 0.880438587 62.7976237 255 79 163
77.3839178 0.599445916 62.6193296 255 79 163
77.3839178 0.359330288 62.3831168 255 79 163
77.3839178 0.17619194 62.1045719 255 79 163
77.3839178 0.0582244647 61.8040739 255 79 163
77.3839178 0.013960797 61.5884124 255 79 163
1.68289099 0.391635841 61.0589102 255 79 163
1.4015207 0.217186739 60.6615656 255 79 163
1.60802418 0.273856709 60.8063515 255 79 163
1.38701312 0.163973533 60.5060851 255 79 163
1.18596874 0.0823204458 60.2002372 255 79 163
6.18713086 0.116498529 60.3792985 255 79 163
72.7681137 1.11687395 62.8782471 255 79 163
73.0076866 0.0880166208 61.8598072 255 79 163
74.4664304 0.210232618 62.1460275 255 79 163
73.0076866 0.150074858 62.0146555 255 79 163
4.711313 2.72543529 62.8772128 255 79 163
4.45373021 2.00093874 62.6271247 255 79 163
4.15042535 1.38660355 62.2535939 255 79 163
3.97580794 1.1120073 62.0217481 255 79 163
5.3881721 2.55794253 62.8368771 255 79 163
5.36370779 2.32966045 62.7653024 255 79 163
5.19307025 1.88422065 62.5722555 255 79 163
5.06626421 1.70261915 62.4707147 255 79 163
5.00179793 1.50052849 62.3403303 255 79 163
4.70789654 1.02875821 61.9455963 255 79 163
4.61130692 0.867922868 61.7737851 255 79 163
4.44597043 0.678168245 61.5366175 255 79 163
4.23088879 0.49518215 61.2595594 255 79 163
3.72219586 0.819089286 61.7116165 255 79 163
3.38155619 0.459518714 61.1929371 255 79 163
5.91865377 1.79700236 62.528915 255 79 163
7.20316313 1.11634888 62.0464524 255 79 163
7.31053373 1.35769422 62.2500235 255 79 163
7.3698208 1.62558067 62.4360459 255 79 163
7.02854573 0.867502222 61.7908999 255 79 163
5.72035805 1.40168828 62.2731572 255 79 163
6.77493364 0.609314308 61.4577955 255 79 163
5.39690891 0.877925203 61.7902903 255 79 163
7.87613864 2.61019838 62.8579563 255 79 163
7.70736603 2.27553682 62.7547203 255 79 163
7.77456411 0.839658083 61.7654365 255 79 163
8.0602646 0.714571431 61.6145887 255 79 163
8.80999546 0.26780879 60.8539654 255 79 163
8.38186876 0.601721933 61.4622579 255 79 163
9.0250771 0.404729078 61.1445947 255 79 163
9.19041359 0.554029659 61.3994796 255 79 163
9.28700321 0.685136849 61.5883277 255 79 163
11.3458904 2.84766828 62.9178694 255 79 163
10.1870815 0.82187081 61.7686811 255 79 163
9.37593381 1.00459046 61.9577737 255 79 163
9.35146949 0.834612352 61.7746987 255 79 163
12.1852106 0.0942680602 60.3754229 255 79 163
15.3155739 2.50471716 62.8621755 255 79 163
12.3457539 1.72522131 62.5310589 255 79 163
17.5503816 2.06009071 62.7334652 255 79 163
15.8155057 1.95161235 62.6736642 255 79 163
16.8153691 0.960145465 62.0022187 255 79 163
18.2959421 0.283411116 61.0465051 255 79 163
16.0803567 0.231393978 60.8798184 255 79 163
19.0362286 0.097434236 60.5265083 255 79 163
24.3026775 2.32387401 62.8694092 255 79 163
22.3516958 1.97869916 62.7425087 255 79 163
25.0077842 1.80443476 62.695436 255 79 163
30.319961 1.47360353 62.5939633 255 79 163
24.2076861 0.0403199164 60.3818896 255 79 163
22.7271131 0.398613087 61.3679119 255 79 163
28.638857 0.0888661054 60.7407116 255 79 163
30.4842992 0.202109363 61.1433799 255 79 163
34.2219246 2.08087349 62.8791293 255 79 163
34.9270313 1.61271687 62.7237966 255 79 163
37.2305664 1.67381756 62.7763845 255 79 163
36.3372446 0.784903645 62.1774606 255 79 163
38.3574465 0.228174868 61.4199021 255 79 163
35.4439227 0.190322423 61.2494624 255 79 163
39.3675475 0.0778442804 61.0162572 255 79 163
45.0214081 1.79743176 62.8904669 255 79 163
51.9189281 1.09687204 62.6881462 255 79 163
43.5626644 1.53437219 62.7918784 255 79 163
46.3480856 1.37847646 62.7584476 255 79 163
49.0014406 0.656808774 62.3055554 255 79 163
52.0317436 0.0648017809 61.3423197 255 79 163
44.1844941 0.30742081 61.732681 255 79 163
51.0216426 0.190241546 61.6763314 255 79 163
56.163093 1.19076912 62.7862149 255 79 163
54.4402169 0.145130169 61.6561927 255 79 163
53.5997873 0.367766573 62.0542059 255 79 163
59.4995843 1.13399563 62.7946134 255 79 163
58.2851755 1.23387047 62.8252675 255 79 163
58.8164481 0.567505675 62.3948585 255 79 163
61.9284019 0.947247137 62.7255524 255 79 163
60.2079477 0.333678078 62.1383836 255 79 163
59.3477206 0.13500013 61.747363 255 79 163
60.9036975 0.240224052 62.001468 255 79 163
61.9410155 0.325655405 62.1581947 255 79 163
61.9473223 0.130128879 61.7912043 255 79 163
64.6987877 1.05579386 62.8061817 255 79 163
64.0156514 0.527872764 62.4344914 255 79 163
63.1496324 0.159413274 61.8847305 255 79 163
65.5542528 0.225694014 62.0595881 255 79 163
66.0839805 1.10909844 62.839131 255 79 163
65.9074046 0.763162088 62.6533151 255 79 163
66.8532812 0.888422149 62.7402587 255 79 163
68.2720961 1.08060665 62.8422968 255 79 163
67.3661483 0.749758475 62.658743 255 79 163
68.3918826 0.500190536 62.4621737 255 79 163
67.5258636 0.15081646 61.9428449 255 79 163
69.31114 0.88228423 62.7566501 255 79 163
69.7707687 1.09175928 62.8553339 255 79 163
71.3892276 0.530404956 62.5215387 255 79 163
68.511669 0.119742795 61.884679 255 79 163
69.4708552 0.22603135 62.1184617 255 79 163
70.0103416 0.129437414 61.9306112 255 79 163
71.0094566 0.11450735 61.9072755 255 79 163
72.3883427 0.540980287 62.5396948 255 79 163
72.8879002 0.546383566 62.5484801 255 79 163
73.617272 0.596170573 62.5962581 255 79 163
73.4140769 0.418027847 62.4250163 255 79 163
74.8728206 0.79302004 62.7406488 255 79 163
75.9251741 0.645126081 62.6478764 255 79 163
76.411422 0.721398994 62.7032265 255 79 163
3.04318309 0.983877149 61.8911893 255 79 163
1.90332365 0.126050235 60.380395 255 79 163
2.16147892 0.109050779 60.3177055 255 79 163
5.79201988 0.407240584 61.1158848 255 79 163
7.74096507 1.50259555 62.3579146 255 79 163
8.31981283 1.92782266 62.6097748 255 79 163
7.88381531 1.42177417 62.3018465 255 79 163
7.84739825 1.21471089 62.1385154 255 79 163
8.54164992 1.60166243 62.4286022 255 79 163
8.62603622 1.75858208 62.5227187 255 79 163
8.38118814 1.27651106 62.1940074 255 79 163
9.5326543 2.11893508 62.7027947 255 79 163
10.3609121 1.87971839 62.5984507 255 79 163
10.496636 1.59745215 62.4403394 255 79 163
10.6854155 0.972748801 61.9387321 255 79 163
10.7680837 1.07844853 62.0429394 255 79 163
11.0569871 1.92190998 62.6239394 255 79 163
11.486576 1.85571508 62.5941519 255 79 163
11.0192359 0.536714403 61.3947206 255 79 163
11.7841876 1.01295706 61.9908959 255 79 163
11.1861461 0.365631948 61.0973169 255 79 163
11.4353131 0.416509078 61.1974826 255 79 163
12.2922395 0.980853939 61.9646985 255 79 163
12.2387251 0.420236126 61.2156837 255 79 163
11.7031171 0.417762728 61.20352 255 79 163
12.8100093 0.772561906 61.7413046 255 79 163
13.0956515 0.984525589 61.9778386 255 79 163
13.845549 0.427380886 61.2528407 255 79 163
13.8356256 1.45165199 62.3745051 255 79 163
14.5805615 1.32116436 62.2883008 255 79 163
15.0755315 1.43987261 62.3792753 255 79 163
14.6655373 1.04802065 62.0587137 255 79 163
15.3221896 1.60646845 62.4889478 255 79 163
15.3254974 1.19548093 62.1972564 255 79 163
14.8354891 0.584033617 61.5201587 255 79 163
14.6754608 0.215987523 60.8139913 255 79 163
15.5771171 0.796447852 61.8076641 255 79 163
14.5954466 0.10067644 60.4454532 255 79 163
15.9479312 0.913133195 61.9418913 255 79 163
16.2370771 0.928760222 61.9621863 255 79 163
15.0904166 0.138141067 60.5914124 255 79 163
15.4203966 0.166511193 60.6881801 255 79 163
18.3705781 2.22507233 62.7994489 255 79 163
17.5538976 0.990476873 62.0426123 255 79 163
18.7806764 2.30697514 62.8279507 255 79 163
17.9231618 1.00563651 62.0625068 255 79 163
19.3958238 2.42871508 62.8652156 255 79 163
20.5062535 1.62636972 62.5557718 255 79 163
18.3740941 1.13096034 62.1822907 255 79 163
19.2759587 1.39526695 62.3973387 255 79 163
19.3558688 2.07487274 62.7537661 255 79 163
18.7859504 0.745627339 61.7973215 255 79 163
18.8693765 0.461042956 61.3978833 255 79 163
19.1560937 0.565578675 61.5657311 255 79 163
19.606147 0.870877215 61.9523528 255 79 163
19.7712411 0.64836012 61.6915784 255 79 163
20.7565317 0.558024747 61.5843847 255 79 163
21.6166833 0.92325696 62.0391072 255 79 163
21.9034005 1.06136669 62.1735959 255 79 163
22.4768349 1.35698423 62.4128417 255 79 163
22.601974 0.815757272 61.9433733 255 79 163
23.1688751 1.27106838 62.3615858 255 79 163
23.5148953 1.22900069 62.335323 255 79 163
24.0125249 1.4154777 62.4725795 255 79 163
23.8674486 1.00691279 62.1562761 255 79 163
23.9808611 0.541791428 61.6244711 255 79 163
24.6077351 0.620448565 61.746285 255 79 163
25.2111559 0.703571973 61.863033 255 79 163
26.4179975 0.88143941 62.0809248 255 79 163
25.3128418 0.324492603 61.286266 255 79 163
26.1747513 0.301717881 61.2604868 255 79 163
27.8985705 0.259044082 61.2112262 255 79 163
28.2121763 0.801744258 62.0325306 255 79 163
29.1092658 0.763411363 62.0087604 255 79 163
28.9524628 0.465311709 61.6176134 255 79 163
29.479409 0.589404154 61.8071321 255 79 163
29.7961126 0.560869526 61.7757312 255 79 163
30.4295198 0.506064946 61.7126936 255 79 163
31.0615873 0.717350371 61.9970975 255 79 163
32.435281 0.359380879 61.5248407 255 79 163
31.377621 0.834419697 62.1279445 255 79 163
32.3257222 1.22220719 62.4674208 255 79 163
33.3286028 1.10426251 62.398965 255 79 163
33.4643804 0.875001571 62.2078986 255 79 163
33.7359355 0.486543001 61.7609009 255 79 163
33.9789301 1.19786549 62.4772782 255 79 163
34.2949638 1.33347341 62.5693978 255 79 163
34.3314834 0.991898409 62.3275492 255 79 163
33.5739391 0.180099694 61.1709584 255 79 163
33.492941 0.0839871845 60.8626846 255 79 163
34.7022965 0.658907372 62.007072 255 79 163
35.185477 0.752813594 62.1210566 255 79 163
34.1432682 0.11470076 60.9937246 255 79 163
35.5693995 0.763545031 62.1401059 255 79 163
34.5768197 0.137822948 61.0799997 255 79 163
38.3009989 1.79381495 62.8310247 255 79 163
37.3084191 0.803959149 62.2158117 255 79 163
38.8362152 1.85259011 62.8544249 255 79 163
37.7940064 0.813358489 62.2345599 255 79 163
38.3788517 0.910838802 62.3341183 255 79 163
39.5485423 1.1141748 62.5111695 255 79 163
39.6390396 1.93894291 62.8848065 255 79 163
41.1541911 1.28353727 62.6414799 255 79 163
39.6088739 1.65659226 62.795818 255 79 163
38.9529944 0.597852146 62.0282202 255 79 163
39.0911788 0.369228384 61.7094424 255 79 163
39.4580449 0.451749769 61.8468189 255 79 163
40.023427 0.692821241 62.1588555 255 79 163
40.2608693 0.514829449 61.9532985 255 79 163
41.5687442 0.438804866 61.8787848 255 79 163
42.6693426 0.720285614 62.2420786 255 79 163
43.769941 1.0503563 62.5370133 255 79 163
44.3252811 0.982340219 62.498055 255 79 163
44.6029511 0.949133654 62.4781123 255 79 163
45.1846626 1.08916128 62.5854918 255 79 163
45.2662899 0.772785984 62.3437073 255 79 163
46.5113401 0.732688209 62.3306075 255 79 163
51.4702854 0.564321042 62.2574511 255 79 163
51.6574381 0.342402267 61.9728217 255 79 163
51.9753358 0.434194943 62.1113421 255 79 163
52.5168197 0.411294038 62.0921884 255 79 163
54.7343657 0.49557931 62.2438671 255 79 163
55.301655 0.56486105 62.3311032 255 79 163
55.5007568 0.450128921 62.2041344 255 79 163
55.8989606 0.2583575 61.9289342 255 79 163
56.0310268 0.658392232 62.4352857 255 79 163
56.8714564 0.350260418 62.0974354 255 79 163
57.578316 0.747049004 62.5352886 255 79 163
58.3752248 0.0811774482 61.5690941 255 79 163
60.0434704 0.079246148 61.6022415 255 79 163
62.5390172 0.480026301 62.3627466 255 79 163
65.1265202 0.579421867 62.4985057 255 79 163
67.1895724 0.45218609 62.3975228 255 79 163
69.6208119 0.598859699 62.5656483 255 79 163
69.8905551 0.515047929 62.492796 255 79 163
69.7506551 0.40701489 62.3770611 255 79 163
70.3901126 0.520105642 62.5025819 255 79 163
76.6545459 0.275065505 62.2663872 255 79 163
2.34576221 0.514948494 61.28119 255 79 163
2.60233101 0.436600981 61.1476141 255 79 163
5.75618896 0.838070111 61.7471445 255 79 163
12.49761 0.350196067 61.0856173 255 79 163
13.8405873 0.873646095 61.8710623 255 79 163
20.6313926 1.03707028 62.1321334 255 79 163
24.8077597 1.15825447 62.3002092 255 79 163
24.4077106 0.241313226 61.0846666 255 79 163
57.6661095 1.34660264 62.8610184 255 79 163
57.9767704 0.332055148 62.0928737 255 79 163
39.199193 4.84785464 0 255 79 163
39.3828802 5.76406783 0.114165659 255 79 163
39.5495851 6.59557499 0.433520267 255 79 163
39.688053 7.28623884 0.901403913 255 79 163
39.8043186 7.86616 1.51737678 255 79 163
39.890286 8.29495652 2.23680905 255 79 163
39.9423838 8.55481517 3.00347535 255 79 163
39.9573903 8.6296661 3.44828689 255 79 163
39.9621532 8.65342289 3.88129592 255 79 163
31.7178908 6.50108456 -1.08979444e-16 255 79 163
21.800552 8.99334656 -1.84675162e-16 255 79 163
11.3150477 11.7109866 -2.16563303e-16 255 79 163
5.70693514 13.0835318 -2.21264933e-16 255 79 163
0.781647035 14.1897247 -1.46150721e-16 255 79 163
1.64775642 16.3348937 2.27904345 255 79 163
1.62211097 16.3081903 1.90282769 255 79 163
1.54727887 16.2268994 1.53192142 255 79 163
1.43644916 16.0868758 1.17441881 255 79 163
1.30359445 15.8853663 0.842029993 255 79 163
1.16300813 15.6235109 0.548937375 255 79 163
1.02859061 15.3077413 0.3093297 255 79 163
0.91304553 14.9495103 0.134573789 255 79 163
0.829386933 14.5758044 0.0332861255 255 79 163
32.4512967 10.1592387 3.73094842 255 79 163
22.4368213 12.1669932 3.23679956 255 79 163
12.0422888 14.2509434 2.64401741 255 79 163
6.49670148 15.3627518 2.40104294 255 79 163
37.4111329 8.9189278 2.51781924 255 79 163
36.1898727 9.32227343 3.03199465 255 79 163
36.1696631 9.22147038 2.65048362 255 79 163
36.1410521 9.07876129 2.27242804 255 79 163
2.84118043 15.1458866 0.453180287 255 79 163
4.61606684 15.1904046 0.849447229 255 79 163
3.60251963 14.7389678 0.299686518 255 79 163
2.73878255 14.9353138 0.304454967 255 79 163
3.52293895 14.5726062 0.208374303 255 79 163
3.37258755 14.2197012 0.0746558239 255 79 163
2.6401724 14.7081447 0.183722974 255 79 163
3.4442287 14.3996947 0.133313785 255 79 163
38.8840188 7.6057098 1.03636466 255 79 163
38.4815416 7.76315019 1.10643145 255 79 163
38.7917275 7.14537025 0.663604957 255 79 163
38.4110872 7.41173067 0.796057752 255 79 163
38.6792323 6.58425523 0.344186049 255 79 163
38.325527 6.98496502 0.507727751 255 79 163
37.1258568 7.49599941 0.666519746 255 79 163
35.7170097 9.12863692 2.19051205 255 79 163
35.6921259 9.00451887 1.94630137 255 79 163
35.4861501 9.05961036 1.96689229 255 79 163
35.4653548 8.95588574 1.78814614 255 79 163
36.9687864 6.71254827 0.251042367 255 79 163
34.4972122 9.53927836 2.56507623 255 79 163
33.6470251 9.62854338 2.33392991 255 79 163
35.2135796 6.6175786 0.107289963 255 79 163
32.399803 9.9023935 2.35760604 255 79 163
33.1878472 9.50316648 1.88898083 255 79 163
32.236487 9.08779017 1.09276949 255 79 163
33.224481 7.52093624 0.245340809 255 79 163
31.2111832 9.74689437 1.60034272 255 79 163
31.9878536 7.84763175 0.261956227 255 79 163
32.9018614 8.07669815 0.462401563 255 79 163
29.5445532 10.0937366 1.56957515 255 79 163
29.0917857 10.721986 2.71558742 255 79 163
29.8975756 10.4112726 2.29389878 255 79 163
30.6901644 10.0347131 1.87315249 255 79 163
28.4954869 10.6343162 2.10776426 255 79 163
26.878728 11.2299101 2.92084489 255 79 163
27.4169953 8.14151746 0.0463744421 255 79 163
28.7523248 9.02878971 0.458878262 255 79 163
30.2374582 7.77666071 0.110850955 255 79 163
24.0860939 11.7335743 2.51897479 255 79 163
25.6889992 11.0688796 1.74958425 255 79 163
23.4928092 11.6609382 1.95094992 255 79 163
25.2661572 8.95978659 0.103538332 255 79 163
24.9291681 10.1655268 0.596296133 255 79 163
25.9300537 9.38462686 0.301982627 255 79 163
24.520754 9.57170297 0.237223062 255 79 163
22.3921477 11.944166 2.04535076 255 79 163
23.7712106 10.162968 0.425654783 255 79 163
21.2273986 12.1268294 1.87333581 255 79 163
20.6857621 12.4213581 2.37024799 255 79 163
22.0347593 10.1615491 0.227261196 255 79 163
22.2504623 11.2374536 0.94803664 255 79 163
23.2680394 10.5398091 0.5799173 255 79 163
21.0115707 11.0503019 0.556846607 255 79 163
17.809391 13.0550953 2.48678975 255 79 163
18.8958124 12.4817415 1.54984588 255 79 163
19.4550612 10.7769823 0.216558413 255 79 163
19.2878568 11.4410622 0.538907102 255 79 163
20.3894702 10.9434844 0.400523022 255 79 163
18.4866176 10.6219607 0.0916557253 255 79 163
18.0229058 11.2447562 0.262115748 255 79 163
15.4903011 13.4723376 2.14065945 255 79 163
16.0353699 13.1949285 1.69322343 255 79 163
14.8097406 13.1947556 1.21388372 255 79 163
14.6025105 13.5383635 1.75864431 255 79 163
16.0920734 10.9649135 0.0379036846 255 79 163
13.6711387 13.5682521 1.39673036 255 79 163
11.9534354 14.0796137 1.66907884 255 79 163
13.0457241 13.565732 1.17195522 255 79 163
11.7855705 13.5141825 0.772850052 255 79 163
11.0676614 14.3662814 1.96245873 255 79 163
11.3230317 14.1623901 1.54271705 255 79 163
10.0598589 14.3161453 1.30305454 255 79 163
13.2296222 11.9097368 0.0824851681 255 79 163
15.1532423 12.1536054 0.361221446 255 79 163
12.7557305 12.481756 0.235861712 255 79 163
11.5576595 12.6492478 0.185078935 255 79 163
10.7180625 13.1662414 0.330961603 255 79 163
8.29561415 14.9259086 1.86753269 255 79 163
8.55243321 14.7292438 1.46722481 255 79 163
9.02036715 14.1079466 0.734236817 255 79 163
10.1797308 12.9694381 0.18029241 255 79 163
7.79687167 14.926572 1.54881361 255 79 163
9.42787907 13.2488933 0.221364368 255 79 163
7.92116372 13.7927807 0.31483198 255 79 163
9.62259334 12.7742676 0.0769405106 255 79 163
6.38361246 15.2136888 1.51546444 255 79 163
7.27164872 14.8905879 1.24246957 255 79 163
6.19880398 14.7068965 0.701617774 255 79 163
5.58385124 15.4135812 1.59813039 255 79 163
5.79887052 15.2280734 1.27981452 255 79 163
4.27799288 15.7514769 1.829349 255 79 163
6.81228738 13.4293673 0.0733450618 255 79 163
6.61343445 13.8833497 0.211182093 255 79 163
5.95952026 13.9283871 0.16799717 255 79 163
5.51895378 14.3852285 0.340216781 255 79 163
5.17479738 14.2032892 0.207783232 255 79 163
3.13526797 15.8299971 1.36095969 255 79 163
3.16007565 15.9031284 1.5544121 255 79 163
2.64892533 16.0456538 1.67065153 255 79 163
4.65112733 14.3839563 0.236593756 255 79 163
2.2117912 15.7739883 0.941093202 255 79 163
37.9629528 8.42391578 1.77138248 255 79 163
37.3664665 8.69613645 2.01774212 255 79 163
38.9378144 5.70908099 0.0816867015 255 79 163
37.2624255 8.1771905 1.27087052 255 79 163
36.896143 8.51516619 1.58588092 255 79 163
36.6567478 8.40356513 1.38291144 255 79 163
36.3376779 8.61620701 1.56449517 255 79 163
36.4243189 8.32671132 1.24243978 255 79 163
36.1070465 8.54831906 1.41722683 255 79 163
36.3076293 8.28591439 1.17446123 255 79 163
35.9539362 7.78462024 0.692931423 255 79 163
34.6281302 9.10980596 1.75163246 255 79 163
34.7194744 8.48294395 1.03615291 255 79 163
35.3681186 7.92964262 0.705798914 255 79 163
34.3037116 9.29576893 1.94248429 255 79 163
35.1529034 8.11906175 0.809730433 255 79 163
34.1982594 9.13060988 1.64680549 255 79 163
34.9756048 7.59554018 0.451985027 255 79 163
34.391872 7.57054829 0.375778442 255 79 163
33.6158806 8.75154544 1.06227442 255 79 163
31.8645752 10.1193397 2.65094369 255 79 163
33.0641146 8.88600077 1.07476462 255 79 163
31.5947666 10.2168655 2.796719 255 79 163
32.7882367 8.95325345 1.08086432 255 79 163
31.0303049 10.2879954 2.62743672 255 79 163
31.4637449 9.08224144 0.929035854 255 79 163
30.9100001 8.24462369 0.322520311 255 79 163
30.9566339 9.43943097 1.15927023 255 79 163
31.0769409 9.07730724 0.851829784 255 79 163
30.8246151 9.26203595 0.960232623 255 79 163
30.4015028 9.55710102 1.15202162 255 79 163
30.2448413 9.25679086 0.843885503 255 79 163
31.3133686 7.36997675 0.076964815 255 79 163
30.2480937 8.79191219 0.522710382 255 79 163
29.9152252 9.05600289 0.639930011 255 79 163
28.950065 10.0150978 1.29621593 255 79 163
29.160172 9.61978626 0.941351773 255 79 163
29.5276741 9.04734298 0.576092934 255 79 163
28.6512405 9.96789537 1.16744241 255 79 163
27.5603026 10.780725 1.98594987 255 79 163
28.1814586 10.0301772 1.12019308 255 79 163
27.2418984 10.1547598 1.02842161 255 79 163
27.0925866 10.8533111 1.9258802 255 79 163
26.6247941 10.9255164 1.86643286 255 79 163
27.8110688 9.14491336 0.402506099 255 79 163
27.3406199 9.20386834 0.375846184 255 79 163
26.3023863 10.2795815 0.940466505 255 79 163
26.8702977 9.26345558 0.350206323 255 79 163
25.8326637 10.3421598 0.897978467 255 79 163
24.9274874 11.1193465 1.5536841 255 79 163
25.3218163 10.6807123 1.11194041 255 79 163
25.5321064 10.286314 0.790741828 255 79 163
24.5461029 11.1414444 1.4591867 255 79 163
24.1974662 11.3268854 1.6207334 255 79 163
24.2321059 11.0185634 1.20799576 255 79 163
24.0844314 10.7630792 0.907638337 255 79 163
23.6574894 11.0390424 1.08174122 255 79 163
23.3997033 11.1965354 1.19100944 255 79 163
23.5300127 10.8843026 0.899124456 255 79 163
23.0169035 11.2115738 1.10709158 255 79 163
21.5094443 11.5362066 1.07752577 255 79 163
22.7832329 9.56494761 0.0993272744 255 79 163
21.1379967 11.6809019 1.14362783 255 79 163
20.4241574 12.1152195 1.51479245 255 79 163
20.8313258 11.6493366 1.02823121 255 79 163
20.893881 11.4619965 0.857539486 255 79 163
20.2740994 11.8661051 1.12523661 255 79 163
20.0198125 12.0958261 1.34556582 255 79 163
20.3185112 11.5882671 0.848309598 255 79 163
19.645792 12.2276875 1.41359279 255 79 163
21.0971225 9.97894692 0.0963481931 255 79 163
17.9431439 12.7235224 1.59953879 255 79 163
18.7491008 11.7902346 0.700362322 255 79 163
18.4782542 11.9574958 0.787392559 255 79 163
17.4665006 12.8428712 1.62367086 255 79 163
17.0707741 12.3671058 0.858614817 255 79 163
18.0093163 12.0951406 0.81118373 255 79 163
16.989655 12.9612112 1.6473267 255 79 163
17.0671753 11.551816 0.294064044 255 79 163
16.100384 12.6413208 0.905198824 255 79 163
16.5890071 11.7038345 0.31046621 255 79 163
15.6148477 12.7767263 0.928335936 255 79 163
15.3476138 12.9217315 1.02115351 255 79 163
16.1106312 11.8548174 0.32713508 255 79 163
12.8750558 14.0010857 2.03207054 255 79 163
14.4082521 12.4728215 0.442333321 255 79 163
13.7587128 13.1473094 0.863672822 255 79 163
14.0350707 12.6290064 0.4853686 255 79 163
13.7929126 12.8890178 0.634385168 255 79 163
13.1712943 13.2738961 0.853645573 255 79 163
13.2303618 13.1094351 0.709044866 255 79 163
13.6089511 12.5815544 0.391604922 255 79 163
12.9126161 13.0830441 0.62337868 255 79 163
11.2884182 13.6784324 0.822889058 255 79 163
11.0396177 13.7594383 0.84818024 255 79 163
10.7158333 13.9589824 0.99371893 255 79 163
10.4031085 13.8117612 0.752832966 255 79 163
10.0813793 13.6408342 0.54147824 255 79 163
9.76005205 13.8632388 0.663473251 255 79 163
9.51363049 13.9455067 0.686816687 255 79 163
8.5102308 14.2710561 0.782363657 255 79 163
8.25495004 14.3515505 0.806749595 255 79 163
7.92981945 14.5443803 0.945905977 255 79 163
7.60977576 14.4083702 0.716959758 255 79 163
7.28091292 14.2495787 0.515953258 255 79 163
6.95800701 14.4641088 0.632781242 255 79 163
6.7050706 14.5456928 0.655442001 255 79 163
3.40652341 3.503952 62.9623642 218 222 230
18.285394 3.24162913 62.9623642 218 222 230
38.1238882 2.61776324 62.9623642 218 222 230
57.753903 1.96785364 62.9623642 218 222 230
68.1523097 1.71241234 62.9623642 218 222 230
77.3839178 1.58377714 62.9623642 218 222 230
77.9983392 1.6476271 62.9623642 218 222 230
78.3117682 1.75221978 62.9623642 218 222 230
78.6395186 1.94496095 62.9623642 218 222 230
78.7791629 2.06590696 62.9623642 218 222 230
78.9018961 2.20258804 62.9623642 218 222 230
79.078477 2.49389214 62.9623642 218 222 230
79.1612163 2.74455077 62.9623642 218 222 230
79.1901448 3.00842798 62.9623642 218 222 230
79.1901448 42.7222595 62.9623642 218 222 230
79.1512495 43.0737472 62.9623642 218 222 230
79.0401827 43.4079063 62.9623642 218 222 230
78.8675991 43.7107595 62.9623642 218 222 230
78.6462292 43.9723757 62.9623642 218 222 230
78.3897299 44.1870443 62.9623642 218 222 230
78.1115521 44.3531723 62.9623642 218 222 230
77.7277058 44.503378 62.9623642 218 222 230
77.068252 44.6137191 62.9623642 218 222 230
76.4663171 44.6247918 62.9623642 218 222 230
1.66679415 42.7909779 62.9623642 218 222 230
16.5617274 43.0119932 62.9623642 218 222 230
36.4216383 43.5906466 62.9623642 218 222 230
56.4439777 44.2296411 62.9623642 218 222 230
67.0857267 44.4891198 62.9623642 218 222 230
3.09205278 12.7588197 62.9623642 218 222 230
2.43319478 25.0986432 62.9623642 218 222 230
1.97164874 33.9448106 62.9623642 218 222 230
37.0303012 9.24121593 14.0335065 218 222 230
30.1891815 10.6127594 13.6769902 218 222 230
21.0676887 12.441484 12.9270593 218 222 230
9.41572932 14.7775298 11.9629166 218 222 230
5.53174287 15.5562118 11.7402266 218 222 230
1.64775642 16.3348937 11.6063607 218 222 230
1.64775642 16.3348937 2.27904345 218 222 230
39.9621532 8.65342289 3.88129592 218 222 230
32.4512967 10.1592387 3.73094842 218 222 230
22.4368213 12.1669932 3.23679956 218 222 230
12.0422888 14.2509434 2.64401741 218 222 230
6.49670148 15.3627518 2.40104294 218 222 230
40.0465717 8.63649822 12.8322283 218 222 230
37.9936429 9.04808014 14.0031387 218 222 230
38.8080203 8.88480949 13.8790211 218 222 230
39.4448065 8.75714325 13.6252412 218 222 230
39.7667333 8.69260169 13.3921126 218 222 230
39.9258618 8.66069877 13.2057712 218 222 230
40.0088231 8.64406626 13.0427794 218 222 230
40.0370314 8.6384109 12.9383706 218 222 230
1.66679415 42.7909779 62.9623642 255 79 163
16.5617274 43.0119932 62.9623642 255 79 163
36.4216383 43.5906466 62.9623642 255 79 163
56.4439777 44.2296411 62.9623642 255 79 163
67.0857267 44.4891198 62.9623642 255 79 163
76.4663171 44.6247918 62.9623642 255 79 163
1.69379025 43.6613703 62.8629105 255 79 163
1.76654105 44.4869658 62.5697202 255 79 163
1.8665967 45.2252623 62.0978167 255 79 163
1.97564531 45.8381061 61.4713442 255 79 163
2.07540852 46.2936514 60.7224817 255 79 163
2.14474317 46.5585952 59.934521 255 79 163
2.17336526 46.6482881 59.1080145 255 79 163
17.1672232 46.6482881 59.3400426 255 79 163
37.1590339 46.6482881 59.9290933 255 79 163
56.8126755 46.6482881 60.5541193 255 79 163
67.2436897 46.6482881 60.8063004 255 79 163
76.4663171 46.6482881 60.9388679 255 79 163
76.4663171 45.0399513 62.9193173 255 79 163
76.4663171 45.4623746 62.7808756 255 79 163
76.4663171 45.8590314 62.5423609 255 79 163
76.4663171 46.195511 62.2145554 255 79 163
76.4663171 46.4449097 61.8230105 255 79 163
76.4663171 46.5946365 61.4017384 255 79 163
76.4663171 46.6353663 61.1671828 255 79 163
9.16413419 43.6948725 62.8712173 255 79 163
71.7760219 45.2143581 62.8599405 255 79 163
71.8550034 46.5377774 61.5536824 255 79 163
73.392108 46.5100082 61.6473903 255 79 163
73.392108 46.3769269 61.9270237 255 79 163
71.8550034 46.4509138 61.7689311 255 79 163
3.74846716 46.4642739 60.2944403 255 79 163
3.71581489 46.2459714 60.8311086 255 79 163
4.55032913 46.4039597 60.4737842 255 79 163
4.53601811 46.2211909 60.8855749 255 79 163
7.0656316 46.495323 60.2230853 255 79 163
10.1120647 44.7007118 62.4953419 255 79 163
9.21416203 44.0876462 62.7609884 255 79 163
9.26868637 44.4713954 62.6067822 255 79 163
9.31856791 44.8481547 62.4041715 255 79 163
10.1469154 44.9437885 62.3495052 255 79 163
9.35323529 45.1992653 62.1604446 255 79 163
10.1817174 45.1773221 62.1841839 255 79 163
10.5610161 44.9916537 62.3209234 255 79 163
10.58603 45.1666187 62.1957646 255 79 163
10.6132922 45.3329122 62.0618673 255 79 163
10.6382329 45.493936 61.9162189 255 79 163
12.5612532 44.3289299 62.6885847 255 79 163
10.4328288 46.5830151 59.9016912 255 79 163
14.5625606 46.5004491 60.3148828 255 79 163
11.9578979 46.0154607 61.3100005 255 79 163
25.4556318 43.7945482 62.9177745 255 79 163
19.9726285 43.9619622 62.8549112 255 79 163
23.3835296 44.8793145 62.5201208 255 79 163
23.7082609 46.5438781 60.3521125 255 79 163
22.4483946 46.0354769 61.4490957 255 79 163
21.980827 46.4024997 60.7502681 255 79 163
29.902584 44.1778174 62.8635454 255 79 163
28.8665329 44.6976257 62.6738047 255 79 163
28.1918519 46.6047708 60.1772559 255 79 163
24.7369842 46.3489388 60.9387631 255 79 163
31.6080345 44.6172427 62.7366925 255 79 163
31.1551225 45.2475542 62.3951248 255 79 163
33.7041662 46.5531393 60.5836436 255 79 163
30.2492985 46.232218 61.2980837 255 79 163
34.7328895 46.3760881 61.1222918 255 79 163
36.974685 46.4348888 61.0417702 255 79 163
43.6487981 46.5630836 60.8322511 255 79 163
42.4340299 46.1461502 61.722391 255 79 163
41.9802699 46.4465635 61.1468428 255 79 163
44.6997007 46.4049404 61.3173337 255 79 163
50.1385624 46.3151711 61.6298963 255 79 163
46.8015058 45.8532402 62.1673163 255 79 163
48.8623445 45.0830454 62.7308194 255 79 163
43.34155 45.2033167 62.6011213 255 79 163
49.8927639 44.671095 62.8832765 255 79 163
39.8815941 44.4236299 62.8733779 255 79 163
51.6227418 45.0296098 62.7825111 255 79 163
51.1280153 45.5302916 62.5096218 255 79 163
53.475619 46.5725347 61.0685295 255 79 163
54.5265215 46.4319687 61.5000451 255 79 163
57.7288103 45.239914 62.7540248 255 79 163
56.5361522 45.1215805 62.79273 255 79 163
56.6283266 45.9414092 62.2554853 255 79 163
60.1141266 45.4633292 62.6661245 255 79 163
56.7205011 46.4790191 61.4389432 255 79 163
57.8517096 46.230244 61.9300511 255 79 163
58.4634011 46.3464732 61.7551044 255 79 163
59.3809383 46.4841166 61.4848207 255 79 163
59.6253344 46.2386037 61.9506944 255 79 163
60.8253024 46.4471066 61.6023772 255 79 163
63.7140306 46.3632773 61.8223209 255 79 163
61.9492011 45.9825524 62.2966285 255 79 163
63.0496848 45.320397 62.7659306 255 79 163
63.5999266 44.9596468 62.8948186 255 79 163
64.5174639 45.2498417 62.8069813 255 79 163
64.2496528 45.6855445 62.5724928 255 79 163
65.3998786 45.527329 62.6821244 255 79 163
67.1252174 45.2843902 62.81082 255 79 163
65.9881552 45.7018639 62.5791015 255 79 163
67.1647082 46.0163379 62.330414 255 79 163
66.0408095 46.457649 61.673644 255 79 163
68.1718931 45.5292588 62.7037873 255 79 163
68.6754856 45.2618337 62.8286468 255 79 163
70.2652445 45.9671652 62.4095603 255 79 163
67.204199 46.4968529 61.5994471 255 79 163
69.7089977 45.2464106 62.8397032 255 79 163
68.2245475 46.3602954 61.8965229 255 79 163
68.7544671 46.4822238 61.65876 255 79 163
69.7879792 46.5022672 61.6239433 255 79 163
71.2987566 45.9501838 62.4339649 255 79 163
71.8155127 45.9415614 62.4458109 255 79 163
72.5840649 45.8805504 62.5030148 255 79 163
72.3410444 46.107598 62.2872305 255 79 163
73.878149 45.6131413 62.6934075 255 79 163
74.9292126 45.9811256 62.4322226 255 79 163
74.9292126 45.7971538 62.5809293 255 79 163
75.4415808 45.6886224 62.6559072 255 79 163
2.6654498 44.9329351 62.3158678 255 79 163
2.44965087 45.4188117 61.9314322 255 79 163
2.74117795 45.5113627 61.8436316 255 79 163
3.11490419 45.1442336 62.1661495 255 79 163
2.7912058 45.8074285 61.5137825 255 79 163
3.15127956 45.4915476 61.8649066 255 79 163
3.339458 45.7833841 61.5462405 255 79 163
6.02298765 45.1684192 62.1615307 255 79 163
6.87092706 45.2045126 62.138442 255 79 163
6.80132315 44.7256447 62.4616247 255 79 163
6.73162169 44.2149057 62.7043851 255 79 163
5.70347259 45.7797842 61.5649871 255 79 163
7.01951874 46.2932243 60.7598001 255 79 163
6.06942277 45.4634482 61.9080772 255 79 163
5.6338199 45.3754068 61.9866707 255 79 163
5.66867063 45.5855791 61.783648 255 79 163
6.92729301 45.6324975 61.742786 255 79 163
7.81279521 46.1104185 61.1129079 255 79 163
8.18637701 45.8296561 61.5233065 255 79 163
8.20943344 46.0051156 61.2829884 255 79 163
8.95056523 46.2673636 60.8348665 255 79 163
10.1414323 45.9318868 61.4081652 255 79 163
9.89303205 46.1145587 61.1283776 255 79 163
10.5355309 46.2078366 60.9709583 255 79 163
11.701727 45.2338746 62.1534696 255 79 163
11.0096532 46.1473761 61.0860629 255 79 163
12.2595756 45.2671291 62.1321462 255 79 163
12.9263213 45.0634755 62.291889 255 79 163
14.2598127 44.6357358 62.5604452 255 79 163
13.1088553 45.397551 62.0304141 255 79 163
15.41077 43.8131657 62.867798 255 79 163
13.5934237 45.8813344 61.5178905 255 79 163
15.3165245 44.2089055 62.751653 255 79 163
15.1280335 44.9751945 62.3724105 255 79 163
15.8448804 43.9942472 62.8232638 255 79 163
14.6501356 45.5569758 61.8989376 255 79 163
14.4111866 45.8105248 61.6178215 255 79 163
16.1342874 44.1144562 62.7886063 255 79 163
16.7131013 44.3526826 62.7072969 255 79 163
14.8452971 45.9312798 61.4687632 255 79 163
15.2289495 45.7374516 61.7148222 255 79 163
15.0068199 46.0634214 61.2795649 255 79 163
15.3298655 46.2875395 60.8839649 255 79 163
17.7491524 43.7708818 62.8875097 255 79 163
18.9365774 44.5324426 62.6493693 255 79 163
16.2485444 46.5632609 60.1014939 255 79 163
17.0158493 46.3937114 60.6711736 255 79 163
19.3492051 44.9175918 62.4523386 255 79 163
19.0374934 45.3575185 62.1362717 255 79 163
18.313154 45.4347031 62.0604728 255 79 163
19.555519 45.1019375 62.3361561 255 79 163
17.7738273 46.466838 60.4841468 255 79 163
18.1528163 46.498472 60.391031 255 79 163
19.7954714 45.5277793 61.9962112 255 79 163
19.1384094 46.0202383 61.4114658 255 79 163
20.2753764 46.1953494 61.1506091 255 79 163
20.1240025 45.2398759 62.2437866 255 79 163
18.7212998 46.5398843 60.2522682 255 79 163
18.8603364 46.4158219 60.6500815 255 79 163
21.2105115 45.1205454 62.3436915 255 79 163
20.8987998 45.5367753 62.0039679 255 79 163
19.8078089 46.5001832 60.4204008 255 79 163
21.9348509 45.0403621 62.4059884 255 79 163
22.9159621 45.514827 62.0549674 255 79 163
23.1800617 45.9778989 61.54402 255 79 163
23.5458953 45.9483711 61.5905268 255 79 163
24.0602569 45.7492695 61.8393686 255 79 163
24.5253819 45.1602821 62.3597832 255 79 163
23.9429249 46.1007454 61.3799658 255 79 163
25.6623489 45.4226289 62.1779423 255 79 163
26.7944308 45.6632205 61.9772965 255 79 163
26.1250313 44.785178 62.6016661 255 79 163
27.0388652 44.7552302 62.6267528 255 79 163
26.5744223 46.3112874 61.0614697 255 79 163
27.9509385 45.8796705 61.7613992 255 79 163
27.4931413 46.2919528 61.1217891 255 79 163
29.6728051 45.1444515 62.4420055 255 79 163
29.1025611 46.0697383 61.5337003 255 79 163
29.5579157 45.5788467 62.1062186 255 79 163
30.0759412 45.3537828 62.3019023 255 79 163
30.4356683 45.3184685 62.3338167 255 79 163
30.7022105 45.8015153 61.9046306 255 79 163
31.7028624 46.1381113 61.4879533 255 79 163
32.7315857 45.7853108 61.9615148 255 79 163
33.3354684 45.0343592 62.558882 255 79 163
32.4296444 46.0882016 61.5792934 255 79 163
34.8785534 44.2985202 62.8683735 255 79 163
34.7480659 44.6387627 62.7603358 255 79 163
34.487091 45.2941486 62.4139937 255 79 163
33.5198173 46.0100855 61.7114871 255 79 163
33.8422419 45.7950736 61.9728373 255 79 163
35.4543646 44.4409193 62.8337541 255 79 163
35.8382388 44.5348908 62.8076255 255 79 163
36.6059872 44.7199941 62.7481093 255 79 163
34.0956286 46.0976744 61.6026855 255 79 163
34.6099902 45.9284345 61.8375929 255 79 163
34.3080489 46.2014745 61.4461684 255 79 163
35.3367722 45.8722511 61.9181287 255 79 163
36.7903361 45.7562921 62.0703682 255 79 163
39.2765808 45.2116214 62.5389873 255 79 163
38.8511748 44.8886023 62.7020556 255 79 163
38.9740741 45.5755148 62.2757893 255 79 163
39.4892837 45.3658439 62.4430273 255 79 163
37.7435641 46.4967158 60.8922126 255 79 163
38.1280036 46.5233553 60.8181087 255 79 163
39.7429531 45.720076 62.1620181 255 79 163
39.0969733 46.1266593 61.6742603 255 79 163
40.2502919 46.2739336 61.4649459 255 79 163
40.065943 45.4830799 62.3678702 255 79 163
38.8354331 46.4550209 61.0399839 255 79 163
38.7046629 46.5581185 60.7081235 255 79 163
41.157812 45.3899229 62.4527783 255 79 163
40.8553053 45.7317288 62.1720656 255 79 163
41.8857247 45.3276507 62.5053962 255 79 163
43.1414593 46.1003029 61.8029906 255 79 163
43.4951741 46.0768427 61.8423312 255 79 163
44.0206253 45.9157222 62.0472905 255 79 163
43.8966829 46.2019035 61.6723127 255 79 163
44.9475855 45.894775 62.0884674 255 79 163
48.6008042 45.8117084 62.2410276 255 79 163
49.6312236 45.4435703 62.5455068 255 79 163
49.5004534 45.7911495 62.2761785 255 79 163
50.0156631 45.6120673 62.4336801 255 79 163
50.3864472 45.5848598 62.4597282 255 79 163
51.5807322 46.2411047 61.7856041 255 79 163
52.6316348 45.961111 62.1654014 255 79 163
53.2912701 45.3653851 62.6416384 255 79 163
52.3018171 46.2018938 61.8600436 255 79 163
54.8676239 44.78561 62.8878571 255 79 163
54.7129567 45.0545842 62.8021406 255 79 163
54.4036222 45.5733427 62.5270557 255 79 163
53.3834445 46.1405835 61.9672631 255 79 163
54.0738046 45.8649612 62.2869446 255 79 163
55.4238 44.8993532 62.8604643 255 79 163
53.9088958 45.9975083 62.1494524 255 79 163
53.7644702 46.2516332 61.8160316 255 79 163
54.4650719 46.0765349 62.0689997 255 79 163
57.79026 45.7891182 62.4124954 255 79 163
58.0961057 45.8743866 62.3428142 255 79 163
58.0146403 46.0034106 62.2144589 255 79 163
58.6770724 45.7978143 62.418061 255 79 163
58.6058486 46.0077651 62.2195091 255 79 163
60.1882545 46.1131762 62.1262518 255 79 163
60.4697145 46.0451251 62.2089322 255 79 163
63.3818577 45.9180477 62.3777673 255 79 163
65.2301137 45.9562653 62.365671 255 79 163
65.1452312 46.1403955 62.1687819 255 79 163
65.8096144 45.9601457 62.3690169 255 79 163
65.7203441 46.0772201 62.2490231 255 79 163
66.0144823 46.1446523 62.1754332 255 79 163
75.6977649 46.3737996 61.9513239 255 79 163
2.00867807 43.8004305 62.8283955 255 79 163
2.16612197 43.8699611 62.8091095 255 79 163
2.99363542 43.8230362 62.8237717 255 79 163
2.88424021 44.2025099 62.6972794 255 79 163
4.23963084 43.9533413 62.7880539 255 79 163
4.32047669 44.8451632 62.3786067 255 79 163
4.0653176 45.6861147 61.6646841 255 79 163
4.4282474 45.6359058 61.7224226 255 79 163
4.8301049 45.5516484 61.8134591 255 79 163
8.72753169 45.2072343 62.1493301 255 79 163
9.15190026 45.8115851 61.5551288 255 79 163
13.9266182 45.3120165 62.112499 255 79 163
15.6788152 44.961421 62.386723 255 79 163
15.7741248 45.6875712 61.7777751 255 79 163
15.9542061 44.9546062 62.3938169 255 79 163
16.2071712 44.7580292 62.5124643 255 79 163
16.2436131 45.0635384 62.3249614 255 79 163
16.8644753 45.5852766 61.8993527 255 79 163
17.5918026 44.5457248 62.6317292 255 79 163
15.7841782 46.2602259 60.9472547 255 79 163
16.0113346 46.2462249 60.9786934 255 79 163
18.0311532 44.6406482 62.5903508 255 79 163
16.3461728 46.2993244 60.8766508 255 79 163
17.3191513 46.1170276 61.2311305 255 79 163
17.6504856 45.9173133 61.5296535 255 79 163
18.0434907 46.0612206 61.3316211 255 79 163
18.2329852 46.0914712 61.2878092 255 79 163
18.0799326 46.2398189 61.0274355 255 79 163
18.5867452 46.0178397 61.4055425 255 79 163
18.4421022 46.215524 61.0797518 255 79 163
21.4398134 46.045735 61.4151786 255 79 163
24.9905068 44.4894938 62.7224982 255 79 163
25.0257739 44.7674624 62.5982363 255 79 163
25.096308 45.2940112 62.2714066 255 79 163
25.2759699 44.5644933 62.6945643 255 79 163
24.9166461 45.9083022 61.6679664 255 79 163
25.1652137 45.7575558 61.8497193 255 79 163
25.1996665 45.9579379 61.6092777 255 79 163
28.4087357 45.333265 62.2914341 255 79 163
28.4488879 45.5676618 62.0972645 255 79 163
28.5291924 45.9781064 61.6488081 255 79 163
28.6978627 45.3966851 62.2468434 255 79 163
28.3605221 46.3877361 60.9349659 255 79 163
35.1797342 45.0242676 62.5890437 255 79 163
35.042419 45.3020307 62.4171856 255 79 163
35.5431252 44.9896214 62.6122147 255 79 163
35.3955684 45.2090868 62.4838062 255 79 163
35.5875055 45.2513778 62.4594765 255 79 163
35.988449 45.4294434 62.3405047 255 79 163
36.3142875 45.1838043 62.5129607 255 79 163
37.2669501 46.2035068 61.5129427 255 79 163
37.8359914 46.0201753 61.7921114 255 79 163
38.3588191 46.1351647 61.6448087 255 79 163
4.93672537 44.6982339 62.4684463 255 79 163
8.94583294 44.4760153 62.60283 255 79 163
17.6211441 45.2951403 62.1690856 255 79 163
37.2209893 45.4332673 62.3580176 255 79 163
37.7643845 45.2562029 62.4891093 255 79 163
38.3435831 45.5026337 62.3237106 255 79 163
36.93067 44.5285719 62.8194996 255 79 163
37.0930114 44.4329105 62.8494867 255 79 163
37.6790659 44.5874489 62.8071071 255 79 163
37.0303012 9.24121593 14.0335065 255 79 163
37.0336372 9.25785611 14.170483 255 79 163
37.0429706 9.30440996 14.2946463 255 79 163
37.0566279 9.37253137 14.397375 255 79 163
37.0745606 9.46197842 14.4830018 255 79 163
37.095423 9.56603765 14.5454867 255 79 163
37.117544 9.67637515 14.582341 255 79 163
37.1292384 9.73470581 14.5917659 255 79 163
37.1406297 9.79152425 14.5947655 255 79 163
30.1891815 10.6127594 13.6769902 255 79 163
21.0676887 12.441484 12.9270593 255 79 163
9.41572932 14.7775298 11.9629166 255 79 163
5.53174287 15.5562118 11.7402266 255 79 163
1.64775642 16.3348937 11.6063607 255 79 163
1.70846676 16.3673212 12.1167461 255 79 163
1.85981098 16.4728556 12.6225878 255 79 163
2.06737569 16.6623837 13.1116649 255 79 163
2.29515677 16.9433201 13.5635387 255 79 163
2.50832144 17.3137305 13.9534708 255 79 163
2.67629041 17.7603227 14.2592098 255 79 163
2.77500786 18.2612592 14.4672287 255 79 163
2.79184339 18.7019981 14.5638693 255 79 163
2.74175776 19.1515604 14.5947655 255 79 163
30.3695917 11.5126281 14.5947655 255 79 163
21.3955154 14.0766518 14.5947655 255 79 163
10.2343461 17.2766471 14.5947655 255 79 163
6.49609924 18.2542429 14.5947655 255 79 163
34.0333828 10.2867476 14.546319 255 79 163
30.4664187 10.8267096 14.3304922 255 79 163
30.9152477 10.7276627 14.3393786 255 79 163
20.9353516 12.9723426 14.1002784 255 79 163
20.4786434 13.0762128 14.0882116 255 79 163
20.934369 13.5629127 14.4755053 255 79 163
20.7468219 12.6274465 13.5214241 255 79 163
17.3569935 14.7474478 14.5335035 255 79 163
15.3232477 15.0105972 14.4403452 255 79 163
13.5662487 15.1656307 14.2956627 255 79 163
10.1306977 16.3133215 14.4118353 255 79 163
10.042758 15.4283492 13.8333869 255 79 163
8.91738206 16.9514027 14.5134256 255 79 163
9.69051286 14.9097542 12.9418283 255 79 163
13.2882974 14.3072579 13.3941734 255 79 163
7.83508813 15.9132176 13.7919483 255 79 163
8.25467526 16.7677078 14.4033082 255 79 163
8.57112336 15.7523195 13.8050221 255 79 163
4.59148017 18.0336458 14.5168509 255 79 163
3.40163088 16.3877318 13.1271749 255 79 163
4.02458175 16.2620544 13.1417965 255 79 163
3.96210887 16.1460558 12.8985907 255 79 163
3.51151439 16.5744695 13.4358226 255 79 163
3.87561512 16.0610492 12.6507728 255 79 163
3.77833809 16.0034491 12.4020515 255 79 163
3.27057422 16.25005 12.8034353 255 79 163
36.0152818 9.50968693 14.2657014 255 79 163
35.5087973 9.64903654 14.3148317 255 79 163
33.7320694 9.95270655 14.1513939 255 79 163
32.0939123 10.3631138 14.2346405 255 79 163
31.6999358 10.4792019 14.2693611 255 79 163
29.2601101 11.2370679 14.420837 255 79 163
30.2420226 10.8763248 14.3259553 255 79 163
28.7721339 11.4323036 14.4635154 255 79 163
28.0436354 11.7424442 14.5185559 255 79 163
24.2486988 12.5327716 14.4160632 255 79 163
25.7015263 11.8916928 14.2229397 255 79 163
27.7496862 11.590861 14.4005968 255 79 163
27.1774401 11.3657666 14.0096193 255 79 163
24.6382306 11.8465045 13.7936836 255 79 163
23.6512738 12.1820871 13.9687048 255 79 163
22.2644349 13.1523103 14.4568651 255 79 163
23.3682841 12.0851688 13.6689081 255 79 163
22.6264106 12.3285966 13.811891 255 79 163
22.1356579 12.509983 13.9105054 255 79 163
21.163707 12.9204136 14.1063056 255 79 163
21.2748442 13.4747551 14.4776729 255 79 163
21.1613519 13.5041383 14.4769507 255 79 163
21.090706 12.556292 13.5409332 255 79 163
20.9760779 12.5800098 13.5344329 255 79 163
19.6689581 12.9984072 13.7461631 255 79 163
19.1353356 13.2103701 13.8616573 255 79 163
19.502729 13.3602156 14.1198956 255 79 163
19.015397 13.5053353 14.1367782 255 79 163
17.1604866 13.2870502 13.0693742 255 79 163
14.2932502 14.5964671 14.0354005 255 79 163
15.3153214 14.6509015 14.2639387 255 79 163
15.3135392 14.4819318 14.1511312 255 79 163
14.049346 14.7783555 14.1296348 255 79 163
13.4152291 14.6763702 13.9077554 255 79 163
8.737271 16.317037 14.2507397 255 79 163
9.19856268 15.0107348 12.9210749 255 79 163
8.95258211 15.0611977 12.9109493 255 79 163
8.57053137 15.2975562 13.2198192 255 79 163
7.52138661 16.9423056 14.4003031 255 79 163
8.58360413 15.1368566 12.8960869 255 79 163
7.15461102 17.0289498 14.3988747 255 79 163
8.06512996 15.2909262 12.9866473 255 79 163
7.03194463 15.6178349 13.1734823 255 79 163
8.20502391 15.1038446 12.5458816 255 79 163
7.09710496 16.4756929 14.1050692 255 79 163
6.73259851 16.779302 14.2359447 255 79 163
6.45267892 16.6199633 14.0990845 255 79 163
5.89907574 16.3323905 13.7615228 255 79 163
6.1898179 17.2545627 14.3953683 255 79 163
5.65674634 17.512799 14.441953 255 79 163
5.73206993 17.0921311 14.2749462 255 79 163
5.3015672 17.6859637 14.4696685 255 79 163
4.82080185 16.7883561 13.9456331 255 79 163
6.26367948 15.4964217 12.463368 255 79 163
6.12498298 15.689476 12.9231562 255 79 163
5.67284393 15.7319893 12.7940035 255 79 163
5.37410867 16.0106835 13.213879 255 79 163
5.121884 15.9010002 12.9086031 255 79 163
4.46240232 16.9454577 14.0035473 255 79 163
4.28337396 17.0248635 14.0317485 255 79 163
4.03700386 17.2317659 14.1327135 255 79 163
4.73530062 15.982727 12.9046557 255 79 163
4.02271975 16.8579344 13.8538335 255 79 163
3.61466268 17.566572 14.2672207 255 79 163
2.97737811 17.4810111 14.1400848 255 79 163
3.12860555 17.3447647 14.0740623 255 79 163
31.0256101 10.9502571 14.5107817 255 79 163
29.8807492 10.8271373 14.1625212 255 79 163
29.7024127 10.8140167 14.0697417 255 79 163
20.6117312 13.6708831 14.4825897 255 79 163
20.4504774 13.7251929 14.4861076 255 79 163
20.208677 13.8070583 14.4913478 255 79 163
19.9718538 13.650593 14.3986118 255 79 163
17.8437718 13.8973748 14.2049534 255 79 163
17.2593402 14.1002828 14.2392873 255 79 163
16.6110179 14.2288859 14.2111956 255 79 163
16.5378506 13.7038547 13.6673393 255 79 163
17.1874228 13.5814855 13.7181299 255 79 163
16.2130179 13.7648067 13.6414229 255 79 163
6.61401241 17.5150941 14.5094291 255 79 163
6.27244946 16.0730104 13.5755174 255 79 163
5.53910425 16.4816513 13.8244197 255 79 163
3.18083194 16.7038446 13.507112 255 79 163
17.4828285 13.4959426 13.6981953 255 79 163
2.04597476 46.6482881 17.3365232 255 79 163
1.62856358 46.6052564 17.3365232 255 79 163
1.2037169 46.4668815 17.3365232 255 79 163
0.804248051 46.2283907 17.3365232 255 79 163
0.464431514 45.9002863 17.3365232 255 79 163
0.21125438 45.5077491 17.3365232 255 79 163
0.0576348442 45.0845136 17.3365232 255 79 163
0.0138698417 44.8401417 17.3365232 255 79 163
-4.4408921e-16 44.6023134 17.3365232 255 79 163
0.0562213949 44.6384226 16.7841375 255 79 163
0.222579855 44.7331433 16.2544057 255 79 163
0.492252846 44.8660648 15.7690529 255 79 163
0.854180726 45.0167768 15.3479839 255 79 163
1.29352041 45.1648687 15.0084673 255 79 163
1.79225406 45.2899299 14.7644271 255 79 163
2.25948648 45.364215 14.6375141 255 79 163
2.74175776 45.3919803 14.5947655 255 79 163
2.74175776 46.6482881 15.8510733 255 79 163
2.74175776 46.6103 15.5444686 255 79 163
2.74175776 46.5040215 15.2665446 255 79 163
2.74175776 46.348506 15.0365993 255 79 163
2.74175776 46.1443059 14.8449343 255 79 163
2.74175776 45.9067474 14.7050697 255 79 163
2.74175776 45.6548561 14.622576 255 79 163
2.74175776 45.5216921 14.6014797 255 79 163
1.96603957 46.6482881 16.9182487 255 79 163
1.95524749 46.6482881 16.6985012 255 79 163
1.99058929 46.6482881 16.4781236 255 79 163
2.05400923 46.6482881 16.3117635 255 79 163
2.16280311 46.6482881 16.1421188 255 79 163
2.29890431 46.6482881 16.0089147 255 79 163
2.43458931 46.6482881 15.9241163 255 79 163
2.58413448 46.6482881 15.8700274 255 79 163
0.630672494 46.0589742 16.9166022 255 79 163
2.2805925 46.2703859 15.0180886 255 79 163
1.27446718 46.496056 16.9925177 255 79 163
1.32031929 46.5115014 16.8249987 255 79 163
1.5907954 46.5939627 16.568606 255 79 163
1.13089411 46.405218 16.6042888 255 79 163
0.899481586 46.122217 16.1055536 255 79 163
1.38286122 46.5198742 16.51866 255 79 163
1.6402901 46.5965907 16.394554 255 79 163
1.43159463 46.5245081 16.3706021 255 79 163
1.4886309 46.5289297 16.2363706 255 79 163
0.213625226 45.4280159 16.8222296 255 79 163
1.80745589 46.6017923 16.0631561 255 79 163
1.42378754 46.4395074 15.9587675 255 79 163
1.46360589 46.2071431 15.4236337 255 79 163
0.439477642 45.6671839 16.3711596 255 79 163
1.6708205 46.5392526 15.9392993 255 79 163
0.255398814 45.4033821 16.5645827 255 79 163
1.8999507 46.6036956 15.9442929 255 79 163
0.104382986 45.0802732 16.7940438 255 79 163
1.74602119 46.5424872 15.8495815 255 79 163
1.837141 46.545866 15.7573091 255 79 163
0.446892019 45.473835 16.0906157 255 79 163
2.19333943 46.607683 15.6993029 255 79 163
0.580817751 45.5176876 15.8619035 255 79 163
2.13936726 46.5539823 15.5419213 255 79 163
0.430061437 45.2619282 15.9682082 255 79 163
1.92797355 46.4706112 15.4756308 255 79 163
0.967197964 45.8079682 15.5308849 255 79 163
2.2518729 46.5560511 15.4887354 255 79 163
0.737260484 45.5645059 15.6473219 255 79 163
0.633376784 45.3346298 15.6672156 255 79 163
2.40256179 46.54074 15.3928343 255 79 163
1.09886899 45.6575544 15.2806448 255 79 163
1.31270033 45.703765 15.1205436 255 79 163
1.14308524 45.4848148 15.1666268 255 79 163
1.79057676 45.947043 14.9528491 255 79 163
1.54226561 45.7465961 14.982992 255 79 163
1.44888548 45.5557746 14.9684029 255 79 163
2.02243419 45.8138954 14.7870083 255 79 163
2.25970828 45.8535315 14.7366221 255 79 163
78.5648079 46.6482881 22.8553665 218 222 230
77.5155625 46.6482881 23.6930655 218 222 230
76.4663171 46.6482881 24.5307645 218 222 230
76.9647406 46.6482881 22.8951097 218 222 230
76.2186206 46.6482881 22.804426 218 222 230
75.6354026 46.6482881 22.5824415 218 222 230
75.1453525 46.6482881 22.2459296 218 222 230
74.7792396 46.6482881 21.837342 218 222 230
74.5379974 46.6482881 21.3960871 218 222 230
74.4203719 46.6482881 21.0059042 218 222 230
74.3797412 46.6482881 20.5985092 218 222 230
74.5749055 46.6482881 16.2156497 218 222 230
2.74175776 46.6482881 15.8510733 218 222 230
2.04597476 46.6482881 17.3365232 218 222 230
1.96603957 46.6482881 16.9182487 218 222 230
1.95524749 46.6482881 16.6985012 218 222 230
1.99058929 46.6482881 16.4781236 218 222 230
2.05400923 46.6482881 16.3117635 218 222 230
2.16280311 46.6482881 16.1421188 218 222 230
2.29890431 46.6482881 16.0089147 218 222 230
2.43458931 46.6482881 15.9241163 218 222 230
2.58413448 46.6482881 15.8700274 218 222 230
2.17336526 46.6482881 59.1080145 218 222 230
17.1672232 46.6482881 59.3400426 218 222 230
37.1590339 46.6482881 59.9290933 218 222 230
56.8126755 46.6482881 60.5541193 218 222 230
67.2436897 46.6482881 60.8063004 218 222 230
76.4663171 46.6482881 60.9388679 218 222 230
37.1406297 9.79152425 14.5947655 218 222 230
30.3695917 11.5126281 14.5947655 218 222 230
21.3955154 14.0766518 14.5947655 218 222 230
10.2343461 17.2766471 14.5947655 218 222 230
6.49609924 18.2542429 14.5947655 218 222 230
2.74175776 19.1515604 14.5947655 218 222 230
2.74175776 45.3919803 14.5947655 218 222 230
74.1370001 45.0277593 14.5947655 218 222 230
73.0624763 24.4217118 14.5947655 218 222 230
73.2342667 29.6978797 14.5947655 218 222 230
73.7418795 37.3628195 14.5947655 218 222 230
74.0042759 41.6041404 14.5947655 218 222 230
75.4548606 23.3365791 14.5947655 218 222 230
75.2959524 23.3174555 14.5947655 218 222 230
74.9642192 23.2311402 14.5947655 218 222 230
74.6273115 23.1759279 14.5947655 218 222 230
74.2395084 23.189968 14.5947655 218 222 230
73.8989936 23.283003 14.5947655 218 222 230
73.5979516 23.4469834 14.5947655 218 222 230
73.3629464 23.6585615 14.5947655 218 222 230
73.1988829 23.8944726 14.5947655 218 222 230
73.1021324 24.1347055 14.5947655 218 222 230
73.0725758 24.2769425 14.5947655 218 222 230
79.6977211 23.3365791 14.5947655 218 222 230
79.6977211 18.3235927 14.5947655 218 222 230
3.75700775 3.43933687 0 255 79 163
79.7914844 3.43933687 -4.4408921e-16 255 79 163
79.7459993 2.99965661 0.0282198491 255 79 163
79.6200119 2.56719154 0.112416277 255 79 163
79.4292244 2.14903842 0.251207635 255 79 163
79.1011802 1.62557607 0.517127116 255 79 163
78.6741399 1.10056454 0.917594999 255 79 163
78.2367297 0.661758832 1.41101285 255 79 163
77.8419439 0.325333063 1.97919359 255 79 163
77.5427771 0.103687721 2.60119437 255 79 163
77.4259494 0.0260203663 3.01707095 255 79 163
77.3839178 -4.4408921e-16 3.43933687 255 79 163
3.75700775 -6.67599681e-17 3.43933687 255 79 163
3.75700775 2.64837412 0.0921864362 255 79 163
3.75700775 1.84993338 0.38928201 255 79 163
3.75700775 1.19094769 0.836687417 255 79 163
3.75700775 0.696202835 1.36466732 255 79 163
3.75700775 0.327261491 1.97508794 255 79 163
3.75700775 0.09797948 2.6242486 255 79 163
3.75700775 0.0235751961 3.03732905 255 79 163
80.3923458 3.00842798 3.43933687 255 79 163
80.2997274 2.26768977 3.43933687 255 79 163
80.0405909 1.59678809 3.43933687 255 79 163
79.6617186 1.04316397 3.43933687 255 79 163
79.165115 0.583974358 3.43933687 255 79 163
78.5889053 0.251864154 3.43933687 255 79 163
77.9806542 0.0597766744 3.43933687 255 79 163
77.3839178 -4.4408921e-16 3.43933687 255 79 163
80.3923458 3.00842798 61.7601632 255 79 163
77.3839178 -4.4408921e-16 61.3785871 255 79 163
78.0768408 0.080887082 61.4011755 255 79 163
78.7325033 0.319198137 61.459053 255 79 163
79.315647 0.702119133 61.5373879 255 79 163
79.794915 1.20905833 61.6213485 255 79 163
80.1445352 1.81275601 61.6961032 255 79 163
80.3297416 2.3978871 61.7424676 255 79 163
40.8973243 6.38487154 0 255 79 163
40.8101358 6.819759 0.0428662655 255 79 163
40.7211225 7.26374816 0.18048448 255 79 163
40.6362696 7.68698574 0.41855387 255 79 163
40.5619945 8.05746237 0.749467814 255 79 163
40.5037167 8.34814622 1.15206362 255 79 163
40.4646084 8.54321464 1.59590497 255 79 163
40.4474273 8.62891204 1.96077593 255 79 163
40.4420372 8.65579755 2.31611557 255 79 163
79.8343125 16.5533671 2.31611557 255 79 163
79.7914844 14.1825763 -4.4408921e-16 255 79 163
79.7723913 14.7447541 0.0674695423 255 79 163
79.7705166 15.2763308 0.265393593 255 79 163
79.781789 15.7484738 0.583703622 255 79 163
79.8006209 16.1334309 1.00749548 255 79 163
79.8201885 16.4048472 1.51531016 255 79 163
79.8303319 16.5157117 1.90856639 255 79 163
79.7914844 3.43933687 -4.4408921e-16 255 79 163
79.7914844 14.1825763 -4.4408921e-16 255 79 163
80.3923458 14.1825763 0.600861336 255 79 163
80.374177 14.1825763 0.454219788 255 79 163
80.3233466 14.1825763 0.321295539 255 79 163
80.2489673 14.1825763 0.211318313 255 79 163
80.1513034 14.1825763 0.119649661 255 79 163
80.0376849 14.1825763 0.05275582 255 79 163
79.9172115 14.1825763 0.0133010835 255 79 163
79.8535224 14.1825763 0.00321124132 255 79 163
80.3923458 3.43933687 0.600861336 255 79 163
80.374177 3.43933687 0.454219788 255 79 163
80.3233466 3.43933687 0.321295539 255 79 163
80.2489673 3.43933687 0.211318313 255 79 163
80.1513034 3.43933687 0.119649661 255 79 163
80.0376849 3.43933687 0.05275582 255 79 163
79.9172115 3.43933687 0.0133010835 255 79 163
79.8535224 3.43933687 0.00321124132 255 79 163
40.8973243 6.38487154 0 255 79 163
40.8101358 6.819759 0.0428662655 255 79 163
40.7211225 7.26374816 0.18048448 255 79 163
40.6362696 7.68698574 0.41855387 255 79 163
40.5619945 8.05746237 0.749467814 255 79 163
40.5037167 8.34814622 1.15206362 255 79 163
40.4646084 8.54321464 1.59590497 255 79 163
40.4474273 8.62891204 1.96077593 255 79 163
40.4420372 8.65579755 2.31611557 255 79 163
40.428977 8.65325102 2.31977398 255 79 163
40.4223295 8.65200966 2.32424116 255 79 163
40.4156219 8.65079422 2.33045395 255 79 163
40.4049172 8.64893115 2.3437754 255 79 163
40.3939701 8.64712262 2.36151916 255 79 163
40.3096263 8.63639593 2.61208411 255 79 163
40.0265858 8.64236821 3.80476486 255 79 163
39.9975149 8.64689295 3.85756818 255 79 163
39.988656 8.64842338 3.86796487 255 79 163
39.9798091 8.65002225 3.87546488 255 79 163
39.9709747 8.65168898 3.87994844 255 79 163
39.9621532 8.65342289 3.88129592 255 79 163
39.199193 4.84785464 0 255 79 163
39.3828802 5.76406783 0.114165659 255 79 163
39.5495851 6.59557499 0.433520267 255 79 163
39.688053 7.28623884 0.901403913 255 79 163
39.8043186 7.86616 1.51737678 255 79 163
39.890286 8.29495652 2.23680905 255 79 163
39.9423838 8.55481517 3.00347535 255 79 163
39.9573903 8.6296661 3.44828689 255 79 163
40.8456347 6.36799977 1.90975881e-17 255 79 163
40.7957365 6.33920689 1.1658535e-16 255 79 163
40.7307359 6.28395663 2.33773716e-16 255 79 163
40.6334143 6.1698165 2.39797985e-16 255 79 163
40.1647013 5.48116738 -3.1871086e-17 255 79 163
39.847173 5.12133128 4.00987685e-16 255 79 163
39.6449619 4.96313014 2.99222257e-16 255 79 163
39.4895952 4.8826429 1.03425175e-17 255 79 163
39.3735271 4.84859631 -1.94857959e-16 255 79 163
39.2850938 4.83980458 -2.22125642e-16 255 79 163
40.4732059 7.94759803 0.704032293 255 79 163
40.2610713 7.77392577 0.859555767 255 79 163
39.8737677 7.54210598 1.11199887 255 79 163
40.2023332 6.20208383 0.0732853953 255 79 163
39.7444734 5.43212106 0.0258785964 255 79 163
39.5832701 5.34112645 0.0267528001 255 79 163
40.2023332 6.50602534 0.157014473 255 79 163
40.4651789 7.5365812 0.422401688 255 79 163
40.2023332 6.84452612 0.291634163 255 79 163
39.9747747 7.17431612 0.686857399 255 79 163
40.0103735 7.5931163 1.04680444 255 79 163
40.0443892 7.99329245 1.5261736 255 79 163
40.1341807 8.61110046 3.03736329 255 79 163
39.8045652 5.84388294 0.0962210757 255 79 163
39.8221897 6.02145029 0.142908711 255 79 163
39.8616691 6.4192079 0.284114829 255 79 163
39.8810773 6.61474648 0.373662012 255 79 163
40.1020065 8.41733933 2.28527034 255 79 163
40.0416276 8.58655933 3.11654409 255 79 163
77.3839178 1.58377714 62.9623642 255 79 163
77.3839178 1.21556217 62.9189662 255 79 163
77.3839178 0.880438587 62.7976237 255 79 163
77.3839178 0.599445916 62.6193296 255 79 163
77.3839178 0.359330288 62.3831168 255 79 163
77.3839178 0.17619194 62.1045719 255 79 163
77.3839178 0.0582244647 61.8040739 255 79 163
77.3839178 0.013960797 61.5884124 255 79 163
77.3839178 -4.4408921e-16 61.3785871 255 79 163
78.0768408 0.080887082 61.4011755 255 79 163
78.7325033 0.319198137 61.459053 255 79 163
79.315647 0.702119133 61.5373879 255 79 163
79.794915 1.20905833 61.6213485 255 79 163
80.1445352 1.81275601 61.6961032 255 79 163
80.3297416 2.3978871 61.7424676 255 79 163
80.3923458 3.00842798 61.7601632 255 79 163
79.1901448 3.00842798 62.9623642 255 79 163
79.4835446 3.00842798 62.9260122 255 79 163
79.7494989 3.00842798 62.8243108 255 79 163
79.9695409 3.00842798 62.6754931 255 79 163
80.1529512 3.00842798 62.4800875 255 79 163
80.2867921 3.00842798 62.2527602 255 79 163
80.365733 3.00842798 62.0117174 255 79 163
80.3859207 3.00842798 61.8842885 255 79 163
77.9983392 1.6476271 62.9623642 255 79 163
78.3117682 1.75221978 62.9623642 255 79 163
78.6395186 1.94496095 62.9623642 255 79 163
78.7791629 2.06590696 62.9623642 255 79 163
78.9018961 2.20258804 62.9623642 255 79 163
79.078477 2.49389214 62.9623642 255 79 163
79.1612163 2.74455077 62.9623642 255 79 163
77.9515119 0.521640087 62.5046775 255 79 163
79.9675951 2.41872164 62.6040568 255 79 163
77.8021053 1.10414991 62.8784882 255 79 163
78.0320277 1.08022239 62.8541181 255 79 163
78.4214672 1.41726195 62.9180094 255 79 163
78.337725 0.985409487 62.7694055 255 79 163
78.4662884 1.23770031 62.8586868 255 79 163
78.9978452 0.984627858 62.5424742 255 79 163
77.8204788 0.163625348 62.0157038 255 79 163
78.6709259 1.55811652 62.9195878 255 79 163
78.6616375 1.34391708 62.8612468 255 79 163
78.040273 0.184950915 61.9753788 255 79 163
78.8640183 1.48394909 62.8641822 255 79 163
78.3638134 0.278430734 61.991291 255 79 163
78.6192656 0.477878053 62.1925879 255 79 163
78.2795448 0.185405599 61.7938962 255 79 163
79.0633019 1.90362391 62.9224353 255 79 163
79.1800367 1.54690858 62.7891615 255 79 163
79.1535976 2.01781237 62.9231501 255 79 163
79.2085122 1.8240134 62.8697958 255 79 163
79.7572086 1.86551013 62.588091 255 79 163
78.9492576 0.560967731 62.0335645 255 79 163
79.2799748 1.91915252 62.8710585 255 79 163
79.2643191 2.18993446 62.9240597 255 79 163
79.3444576 2.01644449 62.8722293 255 79 163
79.2242743 0.756764902 62.0591859 255 79 163
79.0864049 0.581629138 61.8622867 255 79 163
79.4472263 2.20387863 62.8741634 255 79 163
79.4750583 0.983274009 62.0858173 255 79 163
79.6200874 1.26390636 62.2732973 255 79 163
79.4416845 0.872228121 61.9041875 255 79 163
79.5403315 2.43570887 62.8760023 255 79 163
79.6343174 2.25601008 62.8034704 255 79 163
79.8780132 1.4964944 62.1357571 255 79 163
80.0490175 2.00332411 62.3219769 255 79 163
80.0388024 1.79481579 62.1585995 255 79 163
79.990372 1.58602071 61.9845966 255 79 163
80.1599604 2.09905449 62.1772554 255 79 163
80.2396715 2.38665345 62.1904392 255 79 163
80.2400076 2.18973495 62.0294694 255 79 163
79.1901448 3.00842798 62.9623642 255 79 163
79.4835446 3.00842798 62.9260122 255 79 163
79.7494989 3.00842798 62.8243108 255 79 163
79.9695409 3.00842798 62.6754931 255 79 163
80.1529512 3.00842798 62.4800875 255 79 163
80.2867921 3.00842798 62.2527602 255 79 163
80.365733 3.00842798 62.0117174 255 79 163
80.3859207 3.00842798 61.8842885 255 79 163
80.3923458 3.00842798 61.7601632 255 79 163
80.3923458 42.7222595 61.7601632 255 79 163
79.1901448 42.7222595 62.9623642 255 79 163
79.4835446 42.7222595 62.9260122 255 79 163
79.7494989 42.7222595 62.8243108 255 79 163
79.9695409 42.7222595 62.6754931 255 79 163
80.1529512 42.7222595 62.4800875 255 79 163
80.2867921 42.7222595 62.2527602 255 79 163
80.365733 42.7222595 62.0117174 255 79 163
80.3859207 42.7222595 61.8842885 255 79 163
79.1901448 42.7222595 62.9623642 255 79 163
79.4835446 42.7222595 62.9260122 255 79 163
79.7494989 42.7222595 62.8243108 255 79 163
79.9695409 42.7222595 62.6754931 255 79 163
80.1529512 42.7222595 62.4800875 255 79 163
80.2867921 42.7222595 62.2527602 255 79 163
80.365733 42.7222595 62.0117174 255 79 163
80.3859207 42.7222595 61.8842885 255 79 163
80.3923458 42.7222595 61.7601632 255 79 163
80.2991512 43.5726029 61.7169771 255 79 163
80.0239919 44.382576 61.6050595 255 79 163
79.5799312 45.1137252 61.4508716 255 79 163
78.9880509 45.731339 61.2808748 255 79 163
78.2764507 46.2060961 61.1215302 255 79 163
77.478914 46.5154571 60.9992992 255 79 163
76.9769532 46.6149387 60.9549162 255 79 163
76.4663171 46.6482881 60.9388679 255 79 163
76.4663171 44.6247918 62.9623642 255 79 163
76.4663171 45.0399513 62.9193173 255 79 163
76.4663171 45.4623746 62.7808756 255 79 163
76.4663171 45.8590314 62.5423609 255 79 163
76.4663171 46.195511 62.2145554 255 79 163
76.4663171 46.4449097 61.8230105 255 79 163
76.4663171 46.5946365 61.4017384 255 79 163
76.4663171 46.6353663 61.1671828 255 79 163
79.1512495 43.0737472 62.9623642 255 79 163
79.0401827 43.4079063 62.9623642 255 79 163
78.8675991 43.7107595 62.9623642 255 79 163
78.6462292 43.9723757 62.9623642 255 79 163
78.3897299 44.1870443 62.9623642 255 79 163
78.1115521 44.3531723 62.9623642 255 79 163
77.7277058 44.503378 62.9623642 255 79 163
77.068252 44.6137191 62.9623642 255 79 163
79.9614198 43.4174786 62.5999115 255 79 163
77.1186401 46.0017079 62.3800321 255 79 163
79.4000138 43.3035861 62.9249526 255 79 163
79.5751189 43.2343612 62.8762164 255 79 163
79.313142 43.548284 62.9238927 255 79 163
79.521535 43.4322897 62.8746542 255 79 163
79.4517979 43.6243333 62.8726707 255 79 163
78.9835627 44.0977054 62.9200636 255 79 163
79.4665069 43.9624187 62.7924578 255 79 163
79.1546119 44.1554078 62.864633 255 79 163
79.3746315 44.665533 62.5341356 255 79 163
80.2632364 43.2504517 62.2083357 255 79 163
78.8161444 44.2849452 62.918203 255 79 163
79.0313837 44.3121419 62.8614532 255 79 163
80.2229709 43.5125034 62.1779483 255 79 163
78.6332599 44.4519172 62.9162274 255 79 163
78.8979774 44.4580676 62.858099 255 79 163
78.7556834 44.5927343 62.8546197 255 79 163
80.111353 43.9160282 62.1479697 255 79 163
79.9140219 44.2098775 62.2780632 255 79 163
80.1983784 43.810685 62.0000972 255 79 163
78.092893 44.7965442 62.9107624 255 79 163
78.6633204 44.9128691 62.7564856 255 79 163
78.2852091 44.9287332 62.843864 255 79 163
78.3605186 45.5571323 62.445808 255 79 163
79.8011489 44.6001061 62.0728488 255 79 163
78.0635407 45.0437969 62.8392407 255 79 163
77.6975205 44.9522984 62.9072166 255 79 163
79.5722183 44.949012 62.0230037 255 79 163
79.7552945 44.7852842 61.87298 255 79 163
79.3067586 45.2701973 61.9700302 255 79 163
77.6590191 45.2003415 62.8317131 255 79 163
79.0165657 45.4264867 62.1265314 255 79 163
79.4187889 45.2383375 61.7901848 255 79 163
77.5177309 45.4778976 62.7182093 255 79 163
78.7486711 45.7668031 61.8735328 255 79 163
77.1359433 45.3205769 62.824274 255 79 163
76.9172801 45.3788229 62.8097122 255 79 163
78.4005381 45.9924896 61.8229141 255 79 163
78.6163678 45.9432854 61.6288906 255 79 163
77.9745315 46.0857478 62.0028836 255 79 163
77.7225273 46.2988723 61.7453763 255 79 163
77.6539612 46.4027814 61.4965097 255 79 163
77.3245964 46.4109892 61.7134841 255 79 163
77.08212 46.4575362 61.6993838 255 79 163
77.2187511 46.5142328 61.4592634 255 79 163
76.8756939 46.4656232 61.7373067 255 79 163
37.0303012 9.24121593 14.0335065 255 79 163
37.0336372 9.25785611 14.170483 255 79 163
37.0429706 9.30440996 14.2946463 255 79 163
37.0566279 9.37253137 14.397375 255 79 163
37.0745606 9.46197842 14.4830018 255 79 163
37.095423 9.56603765 14.5454867 255 79 163
37.117544 9.67637515 14.582341 255 79 163
37.1292384 9.73470581 14.5917659 255 79 163
37.1406297 9.79152425 14.5947655 255 79 163
38.0767658 9.48425319 14.5266405 255 79 163
38.6310336 9.26363274 14.3973226 255 79 163
39.4053618 8.93417216 14.0377276 255 79 163
39.7975902 8.79613292 13.7605375 255 79 163
40.0742416 8.7116319 13.4892672 255 79 163
40.2380673 8.66551571 13.247513 255 79 163
40.3166952 8.64423951 13.0484069 255 79 163
40.3384314 8.63844667 12.9409281 255 79 163
40.3457741 8.63649822 12.8322283 255 79 163
40.0465717 8.63649822 12.8322283 255 79 163
40.1793888 8.62183465 12.8322283 255 79 163
40.2631869 8.62460576 12.8322283 255 79 163
37.9936429 9.04808014 14.0031387 255 79 163
38.8080203 8.88480949 13.8790211 255 79 163
39.4448065 8.75714325 13.6252412 255 79 163
39.7667333 8.69260169 13.3921126 255 79 163
39.9258618 8.66069877 13.2057712 255 79 163
40.0088231 8.64406626 13.0427794 255 79 163
40.0370314 8.6384109 12.9383706 255 79 163
38.4145304 9.05582705 14.2258926 255 79 163
39.4027242 8.80043721 13.8316342 255 79 163
39.9378782 8.6780654 13.4213147 255 79 163
37.4692725 9.30013813 14.3952976 255 79 163
37.4923417 9.3477802 14.4447606 255 79 163
37.5124985 9.39566228 14.4833903 255 79 163
37.6447144 9.17774788 14.2577309 255 79 163
38.0651185 9.15009221 14.3068471 255 79 163
39.9621532 8.65342289 3.88129592 255 79 163
40.0465717 8.63649822 12.8322283 255 79 163
40.4420372 8.65579755 2.31611557 255 79 163
40.428977 8.65325102 2.31977398 255 79 163
40.4223295 8.65200966 2.32424116 255 79 163
40.4156219 8.65079422 2.33045395 255 79 163
40.4049172 8.64893115 2.3437754 255 79 163
40.3939701 8.64712262 2.36151916 255 79 163
40.3096263 8.63639593 2.61208411 255 79 163
40.0265858 8.64236821 3.80476486 255 79 163
39.9975149 8.64689295 3.85756818 255 79 163
39.988656 8.64842338 3.86796487 255 79 163
39.9798091 8.65002225 3.87546488 255 79 163
39.9709747 8.65168898 3.87994844 255 79 163
40.3457741 8.63649822 12.8322283 255 79 163
40.1793888 8.62183465 12.8322283 255 79 163
40.2631869 8.62460576 12.8322283 255 79 163
2.74175776 46.6482881 15.8510733 255 79 163
2.74175776 46.6103 15.5444686 255 79 163
2.74175776 46.5040215 15.2665446 255 79 163
2.74175776 46.348506 15.0365993 255 79 163
2.74175776 46.1443059 14.8449343 255 79 163
2.74175776 45.9067474 14.7050697 255 79 163
2.74175776 45.6548561 14.622576 255 79 163
2.74175776 45.5216921 14.6014797 255 79 163
2.74175776 45.3919803 14.5947655 255 79 163
74.1370001 45.0277593 14.5947655 255 79 163
74.5749055 46.6482881 16.2156497 255 79 163
74.5548723 46.6149811 15.8887358 255 79 163
74.5022693 46.5164335 15.5752498 255 79 163
74.4284599 46.3566894 15.2880679 255 79 163
74.3447966 46.142298 15.038995 255 79 163
74.262625 45.8820559 14.8382836 255 79 163
74.1932907 45.5866542 14.6942075 255 79 163
74.1523636 45.3115973 14.6198186 255 79 163
26.5401719 46.4089235 15.1858496 255 79 163
26.5401719 46.2580776 15.0027105 255 79 163
26.5401719 46.0967432 14.8623364 255 79 163
26.5401719 45.9273663 14.7552329 255 79 163
38.4675242 46.4025719 15.233355 255 79 163
38.4470607 46.3218067 15.1245097 255 79 163
38.4393789 46.2252604 15.0177932 255 79 163
38.4393789 46.0752315 14.8871413 255 79 163
38.4393789 45.9273267 14.7889549 255 79 163
38.4393789 45.7869737 14.7176557 255 79 163
38.4393789 45.6426931 14.6630076 255 79 163
50.503318 46.5364366 15.5472555 255 79 163
50.3624707 46.1117787 14.9585425 255 79 163
50.3437072 45.9546123 14.8412526 255 79 163
74.459851 46.5266442 15.5995083 255 79 163
74.4187652 46.4583914 15.4542846 255 79 163
74.3840981 46.3725942 15.311264 255 79 163
58.3280084 45.9322877 14.8476187 255 79 163
62.3483043 46.1631949 15.0409715 255 79 163
62.3278408 46.0507463 14.9421066 255 79 163
62.3201591 45.9230441 14.8500927 255 79 163
66.2829907 45.9032789 14.8441418 255 79 163
66.3197445 46.0737575 14.9687608 255 79 163
66.2642272 45.7251343 14.7463963 255 79 163
67.7476515 46.4146869 15.368383 255 79 163
68.4616049 46.5302478 15.5999577 255 79 163
70.447325 46.5081821 15.5518455 255 79 163
70.2283723 45.5640444 14.6843537 255 79 163
71.7711384 46.4924098 15.519479 255 79 163
68.8125429 46.2454169 15.1402284 255 79 163
68.9880119 46.0458384 14.9499 255 79 163
69.3449886 46.1453929 15.0373068 255 79 163
69.7124341 46.2895805 15.1939006 255 79 163
70.3378487 46.1236536 15.0183119 255 79 163
70.8156119 46.2687539 15.1701482 255 79 163
70.9997554 46.1089951 15.0057905 255 79 163
72.0455036 45.7693428 14.7734006 255 79 163
72.9540693 45.8690797 14.8297099 255 79 163
72.961751 46.0015702 14.919357 255 79 163
73.409018 46.0433943 14.952138 255 79 163
72.9822146 46.1189621 15.0165222 255 79 163
73.3722642 45.8690527 14.8299143 255 79 163
73.3535007 45.6877728 14.7349826 255 79 163
71.908321 46.1929476 15.0873776 255 79 163
73.1094195 46.5115635 15.562947 255 79 163
73.77856 46.5206796 15.5847045 255 79 163
74.005657 46.5226827 15.5896451 255 79 163
78.5648079 46.4961483 22.7032267 255 79 163
78.5648079 46.5332784 22.7078271 255 79 163
78.5648079 46.5669352 22.7206975 255 79 163
78.5648079 46.5947817 22.7395305 255 79 163
78.5648079 46.6179925 22.7642593 255 79 163
78.5648079 46.6349302 22.7930278 255 79 163
78.5648079 46.6449203 22.823532 255 79 163
78.5648079 46.647475 22.8396583 255 79 163
78.5648079 46.6482881 22.8553665 255 79 163
76.9647406 46.4564051 22.7032267 255 79 163
76.9647406 46.6482881 22.8951097 255 79 163
76.9647406 46.642486 22.8482802 255 79 163
76.9647406 46.6262535 22.8058313 255 79 163
76.9647406 46.6025007 22.7707105 255 79 163
76.9647406 46.571312 22.7414364 255 79 163
76.9647406 46.5350284 22.7200741 255 79 163
76.9647406 46.4965556 22.7074743 255 79 163
76.9647406 46.4762167 22.7042522 255 79 163
76.4663171 46.6482881 24.5307645 255 79 163
76.4663171 46.6482881 60.9388679 255 79 163
80.3923458 42.7222595 61.7601632 255 79 163
80.2991512 43.5726029 61.7169771 255 79 163
80.0239919 44.382576 61.6050595 255 79 163
79.5799312 45.1137252 61.4508716 255 79 163
78.9880509 45.731339 61.2808748 255 79 163
78.2764507 46.2060961 61.1215302 255 79 163
77.478914 46.5154571 60.9992992 255 79 163
76.9769532 46.6149387 60.9549162 255 79 163
80.3923458 42.7222595 24.5307645 255 79 163
76.5022683 46.6481235 24.5307645 255 79 163
76.5382164 46.6476297 24.5307645 255 79 163
76.5741585 46.6468067 24.5307645 255 79 163
76.6100917 46.6456547 24.5307645 255 79 163
76.6460126 46.6441736 24.5307645 255 79 163
76.6819186 46.6423637 24.5307645 255 79 163
76.7178064 46.640225 24.5307645 255 79 163
76.7536732 46.6377578 24.5307645 255 79 163
76.7895158 46.6349623 24.5307645 255 79 163
76.8253314 46.6318387 24.5307645 255 79 163
76.8611169 46.6283872 24.5307645 255 79 163
76.8968692 46.6246082 24.5307645 255 79 163
76.9325855 46.620502 24.5307645 255 79 163
76.9682626 46.6160689 24.5307645 255 79 163
77.0038977 46.6113093 24.5307645 255 79 163
77.0394876 46.6062235 24.5307645 255 79 163
77.0750295 46.6008121 24.5307645 255 79 163
77.1105204 46.5950754 24.5307645 255 79 163
77.1459572 46.589014 24.5307645 255 79 163
77.1813371 46.5826283 24.5307645 255 79 163
77.216657 46.5759189 24.5307645 255 79 163
77.251914 46.5688864 24.5307645 255 79 163
77.2871051 46.5615313 24.5307645 255 79 163
77.3222273 46.5538543 24.5307645 255 79 163
77.3572778 46.5458559 24.5307645 255 79 163
77.3922536 46.537537 24.5307645 255 79 163
77.4271518 46.5288981 24.5307645 255 79 163
77.4619693 46.51994 24.5307645 255 79 163
77.4967034 46.5106635 24.5307645 255 79 163
77.5313511 46.5010693 24.5307645 255 79 163
77.5659095 46.4911582 24.5307645 255 79 163
77.6003757 46.4809311 24.5307645 255 79 163
77.6347467 46.4703888 24.5307645 255 79 163
77.6690198 46.4595322 24.5307645 255 79 163
77.7031921 46.4483622 24.5307645 255 79 163
77.7372606 46.4368797 24.5307645 255 79 163
77.7712225 46.4250858 24.5307645 255 79 163
77.805075 46.4129814 24.5307645 255 79 163
77.8388153 46.4005675 24.5307645 255 79 163
77.8724405 46.3878451 24.5307645 255 79 163
77.9059477 46.3748154 24.5307645 255 79 163
77.9393343 46.3614794 24.5307645 255 79 163
77.9725973 46.3478382 24.5307645 255 79 163
78.005734 46.333893 24.5307645 255 79 163
78.0387417 46.3196449 24.5307645 255 79 163
78.0716174 46.3050952 24.5307645 255 79 163
78.1043586 46.2902451 24.5307645 255 79 163
78.1369624 46.2750957 24.5307645 255 79 163
78.1694261 46.2596485 24.5307645 255 79 163
78.201747 46.2439046 24.5307645 255 79 163
78.2339224 46.2278654 24.5307645 255 79 163
78.2659495 46.2115322 24.5307645 255 79 163
78.2978258 46.1949065 24.5307645 255 79 163
78.3295484 46.1779895 24.5307645 255 79 163
78.3611149 46.1607828 24.5307645 255 79 163
78.3925224 46.1432877 24.5307645 255 79 163
78.4237684 46.1255058 24.5307645 255 79 163
78.4548503 46.1074385 24.5307645 255 79 163
78.4857654 46.0890873 24.5307645 255 79 163
78.5165112 46.0704538 24.5307645 255 79 163
78.5470851 46.0515395 24.5307645 255 79 163
78.5774845 46.0323461 24.5307645 255 79 163
78.6077068 46.0128751 24.5307645 255 79 163
78.6377496 45.9931282 24.5307645 255 79 163
78.6676103 45.973107 24.5307645 255 79 163
78.6972864 45.9528131 24.5307645 255 79 163
78.7267755 45.9322484 24.5307645 255 79 163
78.756075 45.9114145 24.5307645 255 79 163
78.7851824 45.8903132 24.5307645 255 79 163
78.8140955 45.8689463 24.5307645 255 79 163
78.8428116 45.8473155 24.5307645 255 79 163
78.8713285 45.8254226 24.5307645 255 79 163
78.8996437 45.8032695 24.5307645 255 79 163
78.9277549 45.780858 24.5307645 255 79 163
78.9556597 45.7581901 24.5307645 255 79 163
78.9833557 45.7352676 24.5307645 255 79 163
79.0108406 45.7120924 24.5307645 255 79 163
79.0381122 45.6886666 24.5307645 255 79 163
79.0651681 45.664992 24.5307645 255 79 163
79.0920061 45.6410706 24.5307645 255 79 163
79.118624 45.6169044 24.5307645 255 79 163
79.1450194 45.5924956 24.5307645 255 79 163
79.1711902 45.567846 24.5307645 255 79 163
79.1971341 45.5429579 24.5307645 255 79 163
79.2228491 45.5178332 24.5307645 255 79 163
79.248333 45.4924741 24.5307645 255 79 163
79.2735835 45.4668826 24.5307645 255 79 163
79.2985987 45.4410611 24.5307645 255 79 163
79.3233763 45.4150115 24.5307645 255 79 163
79.3479144 45.3887362 24.5307645 255 79 163
79.3722108 45.3622373 24.5307645 255 79 163
79.3962636 45.3355169 24.5307645 255 79 163
79.4200707 45.3085775 24.5307645 255 79 163
79.4436301 45.2814212 24.5307645 255 79 163
79.4669398 45.2540503 24.5307645 255 79 163
79.4899979 45.226467 24.5307645 255 79 163
79.5128025 45.1986738 24.5307645 255 79 163
79.5353516 45.170673 24.5307645 255 79 163
79.5576433 45.1424668 24.5307645 255 79 163
79.5796758 45.1140576 24.5307645 255 79 163
79.6014473 45.085448 24.5307645 255 79 163
79.6229559 45.0566401 24.5307645 255 79 163
79.6441997 45.0276365 24.5307645 255 79 163
79.6651771 44.9984396 24.5307645 255 79 163
79.6858862 44.9690518 24.5307645 255 79 163
79.7063254 44.9394756 24.5307645 255 79 163
79.7264929 44.9097135 24.5307645 255 79 163
79.746387 44.8797679 24.5307645 255 79 163
79.766006 44.8496415 24.5307645 255 79 163
79.7853484 44.8193366 24.5307645 255 79 163
79.8044124 44.7888559 24.5307645 255 79 163
79.8231965 44.7582019 24.5307645 255 79 163
79.8416992 44.7273772 24.5307645 255 79 163
79.8599188 44.6963843 24.5307645 255 79 163
79.8778538 44.6652259 24.5307645 255 79 163
79.8955027 44.6339046 24.5307645 255 79 163
79.9128641 44.602423 24.5307645 255 79 163
79.9299365 44.5707837 24.5307645 255 79 163
79.9467184 44.5389894 24.5307645 255 79 163
79.9632085 44.5070428 24.5307645 255 79 163
79.9794054 44.4749465 24.5307645 255 79 163
79.9953077 44.4427032 24.5307645 255 79 163
80.010914 44.4103157 24.5307645 255 79 163
80.0262232 44.3777866 24.5307645 255 79 163
80.0412338 44.3451187 24.5307645 255 79 163
80.0559446 44.3123147 24.5307645 255 79 163
80.0703544 44.2793773 24.5307645 255 79 163
80.084462 44.2463094 24.5307645 255 79 163
80.0982663 44.2131137 24.5307645 255 79 163
80.1117659 44.179793 24.5307645 255 79 163
80.1249599 44.1463501 24.5307645 255 79 163
80.1378471 44.1127877 24.5307645 255 79 163
80.1504264 44.0791088 24.5307645 255 79 163
80.1626967 44.0453161 24.5307645 255 79 163
80.1746572 44.0114124 24.5307645 255 79 163
80.1863066 43.9774006 24.5307645 255 79 163
80.1976441 43.9432836 24.5307645 255 79 163
80.2086687 43.9090642 24.5307645 255 79 163
80.2193795 43.8747452 24.5307645 255 79 163
80.2297756 43.8403297 24.5307645 255 79 163
80.2398562 43.8058203 24.5307645 255 79 163
80.2496202 43.7712201 24.5307645 255 79 163
80.2590671 43.736532 24.5307645 255 79 163
80.2681959 43.7017588 24.5307645 255 79 163
80.2770059 43.6669034 24.5307645 255 79 163
80.2854963 43.6319689 24.5307645 255 79 163
80.2936665 43.596958 24.5307645 255 79 163
80.3015158 43.5618739 24.5307645 255 79 163
80.3090434 43.5267193 24.5307645 255 79 163
80.3162488 43.4914972 24.5307645 255 79 163
80.3231314 43.4562107 24.5307645 255 79 163
80.3296906 43.4208626 24.5307645 255 79 163
80.3359258 43.3854559 24.5307645 255 79 163
80.3418365 43.3499936 24.5307645 255 79 163
80.3474223 43.3144787 24.5307645 255 79 163
80.3526826 43.2789141 24.5307645 255 79 163
80.357617 43.2433028 24.5307645 255 79 163
80.3622251 43.2076479 24.5307645 255 79 163
80.3665065 43.1719522 24.5307645 255 79 163
80.3704609 43.1362189 24.5307645 255 79 163
80.3740879 43.1004508 24.5307645 255 79 163
80.3773872 43.064651 24.5307645 255 79 163
80.3803585 43.0288225 24.5307645 255 79 163
80.3830017 42.9929683 24.5307645 255 79 163
80.3853163 42.9570914 24.5307645 255 79 163
80.3873024 42.9211948 24.5307645 255 79 163
80.3889597 42.8852815 24.5307645 255 79 163
80.390288 42.8493546 24.5307645 255 79 163
80.3911883 42.8175881 24.5307645 255 79 163
80.3918313 42.7858153 24.5307645 255 79 163
80.3922172 42.7540385 24.5307645 255 79 163
76.9647406 46.6482881 22.8951097 255 79 163
76.9647406 46.642486 22.8482802 255 79 163
76.9647406 46.6262535 22.8058313 255 79 163
76.9647406 46.6025007 22.7707105 255 79 163
76.9647406 46.571312 22.7414364 255 79 163
76.9647406 46.5350284 22.7200741 255 79 163
76.9647406 46.4965556 22.7074743 255 79 163
76.9647406 46.4762167 22.7042522 255 79 163
76.9647406 46.4564051 22.7032267 255 79 163
76.567173 46.4446558 22.6653779 255 79 163
76.1838664 46.4138052 22.5532096 255 79 163
75.8285631 46.3699351 22.3707373 255 79 163
75.5140309 46.3191716 22.1244626 255 79 163
75.251624 46.2676758 21.823173 255 79 163
75.0508642 46.2216222 21.4776625 255 79 163
74.9190654 46.1871667 21.1003704 255 79 163
74.8735671 46.1741215 20.8512729 255 79 163
74.8583313 46.169698 20.5985092 255 79 163
74.3797412 46.6482881 20.5985092 255 79 163
74.4965422 46.6338166 20.5985092 255 79 163
74.6024173 46.5933298 20.5985092 255 79 163
74.6900149 46.5340862 20.5985092 255 79 163
74.7630296 46.4562962 20.5985092 255 79 163
74.816311 46.3657984 20.5985092 255 79 163
74.8477369 46.2698405 20.5985092 255 79 163
74.8557736 46.2191117 20.5985092 255 79 163
76.2186206 46.6482881 22.804426 255 79 163
75.6354026 46.6482881 22.5824415 255 79 163
75.1453525 46.6482881 22.2459296 255 79 163
74.7792396 46.6482881 21.837342 255 79 163
74.5379974 46.6482881 21.3960871 255 79 163
74.4203719 46.6482881 21.0059042 255 79 163
76.4828587 46.5873614 22.7097685 255 79 163
75.596595 46.5587861 22.314109 255 79 163
74.9561917 46.5244377 21.5657763 255 79 163
74.7792897 46.5125468 21.0973233 255 79 163
76.2137022 46.5811441 22.6362943 255 79 163
75.9479467 46.5728275 22.5270256 255 79 163
75.7657732 46.5659668 22.4276513 255 79 163
75.3871584 46.5488316 22.1382294 255 79 163
75.3514529 46.4676728 22.020285 255 79 163
75.2421871 46.5412406 21.9864574 255 79 163
75.0989558 46.5997617 21.9419559 255 79 163
75.0928757 46.5327908 21.7934623 255 79 163
74.8583313 46.3648623 16.2156497 255 79 163
74.8497611 46.434033 16.2156497 255 79 163
74.8257845 46.4967333 16.2156497 255 79 163
74.7906998 46.5486094 16.2156497 255 79 163
74.7446318 46.5918495 16.2156497 255 79 163
74.6910381 46.6234032 16.2156497 255 79 163
74.6342109 46.642014 16.2156497 255 79 163
74.6041688 46.6467734 16.2156497 255 79 163
74.5749055 46.6482881 16.2156497 255 79 163
74.8583313 46.169698 20.5985092 255 79 163
74.3797412 46.6482881 20.5985092 255 79 163
74.4965422 46.6338166 20.5985092 255 79 163
74.6024173 46.5933298 20.5985092 255 79 163
74.6900149 46.5340862 20.5985092 255 79 163
74.7630296 46.4562962 20.5985092 255 79 163
74.816311 46.3657984 20.5985092 255 79 163
74.8477369 46.2698405 20.5985092 255 79 163
74.8557736 46.2191117 20.5985092 255 79 163
79.6977211 23.3365791 14.5947655 255 79 163
75.4548606 23.3365791 14.5947655 255 79 163
75.4548606 23.4558238 14.6095398 255 79 163
75.4548606 23.5639141 14.6508737 255 79 163
75.4548606 23.6533445 14.7113568 255 79 163
75.4548606 23.7278868 14.7907743 255 79 163
75.4548606 23.782283 14.8831656 255 79 163
75.4548606 23.8143665 14.9811312 255 79 163
75.4548606 23.8225713 15.0329214 255 79 163
75.4548606 23.8251825 15.0833689 255 79 163
79.6977211 23.8251825 15.0833689 255 79 163
79.6977211 23.8104082 14.9641242 255 79 163
79.6977211 23.7690743 14.8560339 255 79 163
79.6977211 23.7085912 14.7666035 255 79 163
79.6977211 23.6291737 14.6920612 255 79 163
79.6977211 23.5367824 14.637665 255 79 163
79.6977211 23.4388168 14.6055815 255 79 163
79.6977211 23.3870266 14.5973768 255 79 163
79.6977211 23.3365791 14.5947655 255 79 163
79.6977211 18.3235927 14.5947655 255 79 163
80.3923458 23.2302905 15.2893901 255 79 163
80.3731532 23.2367475 15.1272332 255 79 163
80.3166362 23.2532488 14.9740371 255 79 163
80.2259178 23.2754897 14.8382675 255 79 163
80.1060113 23.2991655 14.727427 255 79 163
79.9635425 23.3199715 14.6476406 255 79 163
79.8332356 23.332012 14.6081125 255 79 163
80.3923458 18.3235927 15.2893901 255 79 163
80.3713418 18.3235927 15.1198654 255 79 163
80.3125794 18.3235927 14.9661986 255 79 163
80.2265934 18.3235927 14.8390596 255 79 163
80.1136892 18.3235927 14.7330862 255 79 163
79.9823408 18.3235927 14.6557537 255 79 163
79.8430677 18.3235927 14.6101422 255 79 163
79.76944 18.3235927 14.5984778 255 79 163
75.4548606 23.3365791 14.5947655 255 79 163
75.4548606 23.4558238 14.6095398 255 79 163
75.4548606 23.5639141 14.6508737 255 79 163
75.4548606 23.6533445 14.7113568 255 79 163
75.4548606 23.7278868 14.7907743 255 79 163
75.4548606 23.782283 14.8831656 255 79 163
75.4548606 23.8143665 14.9811312 255 79 163
75.4548606 23.8225713 15.0329214 255 79 163
75.4548606 23.8251825 15.0833689 255 79 163
75.4314123 23.8256436 15.085785 255 79 163
75.4080002 23.827026 15.0928694 255 79 163
75.3846605 23.8293276 15.1043759 255 79 163
75.353716 23.8338199 15.1261717 255 79 163
75.3078466 23.843582 15.1715103 255 79 163
75.2408334 23.8648999 15.2640744 255 79 163
75.0571873 23.9770737 15.6675799 255 79 163
74.9211168 24.1553198 16.1169246 255 79 163
74.8874324 24.2376674 16.2550791 255 79 163
74.8704219 24.3022188 16.3315057 255 79 163
74.8624589 24.3516594 16.3697 255 79 163
74.8593641 24.3866249 16.3852529 255 79 163
74.8585896 24.4041607 16.3892614 255 79 163
74.8583313 24.4217118 16.3906205 255 79 163
73.0624763 24.4217118 14.5947655 255 79 163
73.4540694 24.4217118 14.6379796 255 79 163
73.8509932 24.4217118 14.7771347 255 79 163
74.217814 24.4217118 15.0157423 255 79 163
74.5187717 24.4217118 15.3397641 255 79 163
74.7282343 24.4217118 15.7195426 255 79 163
74.8274083 24.4217118 16.0587915 255 79 163
75.2959524 23.3174555 14.5947655 255 79 163
74.9642192 23.2311402 14.5947655 255 79 163
74.6273115 23.1759279 14.5947655 255 79 163
74.2395084 23.189968 14.5947655 255 79 163
73.8989936 23.283003 14.5947655 255 79 163
73.5979516 23.4469834 14.5947655 255 79 163
73.3629464 23.6585615 14.5947655 255 79 163
73.1988829 23.8944726 14.5947655 255 79 163
73.1021324 24.1347055 14.5947655 255 79 163
73.0725758 24.2769425 14.5947655 255 79 163
75.3073546 23.6801497 14.7543262 255 79 163
74.9766339 23.705995 14.8590214 255 79 163
74.3700427 24.2059282 15.1043071 255 79 163
74.2274113 23.4472948 14.6335924 255 79 163
74.3812176 23.5345616 14.6832342 255 79 163
74.6222472 23.8653773 14.999612 255 79 163
74.0557217 23.5286956 14.6372979 255 79 163
74.2634072 23.5882267 14.6900455 255 79 163
73.9081903 23.6281011 14.64044 255 79 163
74.1582742 23.651153 14.6960707 255 79 163
74.068863 23.7186699 14.7011633 255 79 163
73.5192561 24.0796736 14.6368964 255 79 163
73.8514384 23.9726335 14.7134981 255 79 163
74.1385458 23.8983968 14.7997643 255 79 163
74.7258833 24.099567 15.3965883 255 79 163
74.8506597 24.0709485 15.5137348 255 79 163
74.7810158 24.1911751 15.6357079 255 79 163
74.7618695 24.2410695 15.6713366 255 79 163
37.1406297 9.79152425 14.5947655 255 79 163
38.0767658 9.48425319 14.5266405 255 79 163
38.6310336 9.26363274 14.3973226 255 79 163
39.4053618 8.93417216 14.0377276 255 79 163
39.7975902 8.79613292 13.7605375 255 79 163
40.0742416 8.7116319 13.4892672 255 79 163
40.2380673 8.66551571 13.247513 255 79 163
40.3166952 8.64423951 13.0484069 255 79 163
40.3384314 8.63844667 12.9409281 255 79 163
40.3457741 8.63649822 12.8322283 255 79 163
79.8343125 16.5533671 12.8322283 255 79 163
79.8229332 16.591444 13.2036054 255 79 163
79.7945551 16.7055533 13.5594794 255 79 163
79.7580792 16.892773 13.8834023 255 79 163
79.7221497 17.1455223 14.1593301 255 79 163
79.6944787 17.4515833 14.3738541 255 79 163
79.6814147 17.7955294 14.5179834 255 79 163
79.6838304 18.0569119 14.5756689 255 79 163
79.6977211 18.3235927 14.5947655 255 79 163
73.0624763 24.4217118 14.5947655 255 79 163
73.4540694 24.4217118 14.6379796 255 79 163
73.8509932 24.4217118 14.7771347 255 79 163
74.217814 24.4217118 15.0157423 255 79 163
74.5187717 24.4217118 15.3397641 255 79 163
74.7282343 24.4217118 15.7195426 255 79 163
74.8274083 24.4217118 16.0587915 255 79 163
74.8583313 24.4217118 16.3906205 255 79 163
74.8583313 29.6978797 16.2188301 255 79 163
74.8583313 37.3628195 15.7112173 255 79 163
74.8583313 41.6041404 15.4488209 255 79 163
74.8583313 45.0277593 15.3160967 255 79 163
74.8365198 45.0277593 15.1400542 255 79 163
74.7754981 45.0277593 14.9804793 255 79 163
74.6862062 45.0277593 14.8484521 255 79 163
74.5689611 45.0277593 14.7384043 255 79 163
74.4325627 45.0277593 14.6580986 255 79 163
74.2879349 45.0277593 14.6107334 255 79 163
74.2114764 45.0277593 14.5986205 255 79 163
74.1370001 45.0277593 14.5947655 255 79 163
73.2342667 29.6978797 14.5947655 255 79 163
73.7418795 37.3628195 14.5947655 255 79 163
74.0042759 41.6041404 14.5947655 255 79 163
73.6911099 27.0597957 14.6918723 255 79 163
74.7803007 27.0597957 15.8199198 255 79 163
74.7080212 27.0597957 15.627668 255 79 163
74.6531044 26.1804344 15.5349575 255 79 163
74.7278767 38.7765931 15.1165842 255 79 163
74.6390382 42.7453467 14.8442365 255 79 163
74.6081843 41.6041404 14.8449125 255 79 163
73.7982472 25.0079527 14.7502722 255 79 163
74.0514484 25.0079527 14.8888125 255 79 163
73.9649137 25.3010731 14.8335225 255 79 163
74.147001 25.3010731 14.9539399 255 79 163
74.3143872 25.3010731 15.0969915 255 79 163
73.8719346 25.887314 14.7790863 255 79 163
74.2436285 26.6201151 15.0153869 255 79 163
74.4308772 26.7666753 15.1987182 255 79 163
74.294146 27.0597957 15.0524177 255 79 163
74.3035941 27.3529162 15.0553561 255 79 163
74.3228686 27.939157 15.0605329 255 79 163
73.7825248 28.8185184 14.7035715 255 79 163
74.7493476 28.2322775 15.6918853 255 79 163
73.9994404 29.1116388 14.7985056 255 79 163
73.8320763 29.6978797 14.7087938 255 79 163
74.3826538 29.6978797 15.070443 255 79 163
74.732525 28.8185184 15.6276325 255 79 163
74.6393133 29.1116388 15.4264069 255 79 163
74.744303 29.6978797 15.6210205 255 79 163
74.1743066 30.5495396 14.8717672 255 79 163
74.0656029 30.9753696 14.7929476 255 79 163
74.7204785 30.5495396 15.526651 255 79 163
74.6704051 32.2528596 15.3464702 255 79 163
73.9028053 31.6141146 14.700935 255 79 163
74.1960265 34.8078396 14.7603417 255 79 163
74.4525682 33.5303496 15.0005286 255 79 163
74.2081337 31.8270296 14.8580686 255 79 163
74.6358841 35.2336695 15.1440741 255 79 163
74.7704939 35.4465845 15.3853025 255 79 163
74.7042973 36.0853295 15.2109017 255 79 163
74.6517449 36.5111595 15.1049076 255 79 163
74.3879666 37.8340774 14.7852438 255 79 163
74.1528395 37.3628195 14.6731534 255 79 163
74.5313302 37.3628195 14.9217666 255 79 163
74.3125297 38.0697063 14.7312159 255 79 163
74.7799434 37.3628195 15.3002573 255 79 163
74.1982839 38.4231497 14.6681041 255 79 163
74.3817025 40.1903668 14.7139227 255 79 163
74.5724655 39.4834799 14.8806313 255 79 163
74.4085394 38.5409642 14.7769126 255 79 163
74.6968801 40.4259957 14.9934511 255 79 163
74.7443824 40.8972536 15.0505613 255 79 163
74.7038875 41.1328825 14.9761471 255 79 163
74.6501966 24.8613924 15.5482787 255 79 163
74.7687374 24.7148322 15.8283253 255 79 163
74.7272544 24.8613924 15.7137391 255 79 163
74.7041446 25.3010731 15.6543073 255 79 163
74.322471 26.0338742 15.096153 255 79 163
74.3425462 28.5253979 15.0647727 255 79 163
74.241522 28.9162252 14.9654804 255 79 163
74.3524996 28.8185184 15.0665408 255 79 163
74.4367244 28.9650786 15.1502074 255 79 163
74.2157178 36.2272729 14.7304231 255 79 163
74.2272185 36.9369895 14.7169489 255 79 163
74.2021604 37.0789328 14.7011207 255 79 163
74.3812087 41.3685114 14.6871364 255 79 163
80.3923458 3.43933687 0.600861336 255 79 163
80.374177 3.43933687 0.454219788 255 79 163
80.3233466 3.43933687 0.321295539 255 79 163
80.2489673 3.43933687 0.211318313 255 79 163
80.1513034 3.43933687 0.119649661 255 79 163
80.0376849 3.43933687 0.05275582 255 79 163
79.9172115 3.43933687 0.0133010835 255 79 163
79.8535224 3.43933687 0.00321124132 255 79 163
79.7914844 3.43933687 -4.4408921e-16 255 79 163
79.7459993 2.99965661 0.0282198491 255 79 163
79.6200119 2.56719154 0.112416277 255 79 163
79.4292244 2.14903842 0.251207635 255 79 163
79.1011802 1.62557607 0.517127116 255 79 163
78.6741399 1.10056454 0.917594999 255 79 163
78.2367297 0.661758832 1.41101285 255 79 163
77.8419439 0.325333063 1.97919359 255 79 163
77.5427771 0.103687721 2.60119437 255 79 163
77.4259494 0.0260203663 3.01707095 255 79 163
77.3839178 -4.4408921e-16 3.43933687 255 79 163
80.3923458 3.00842798 3.43933687 255 79 163
80.2997274 2.26768977 3.43933687 255 79 163
80.0405909 1.59678809 3.43933687 255 79 163
79.6617186 1.04316397 3.43933687 255 79 163
79.165115 0.583974358 3.43933687 255 79 163
78.5889053 0.251864154 3.43933687 255 79 163
77.9806542 0.0597766744 3.43933687 255 79 163
80.3923458 3.22033574 0.626465039 255 79 163
80.3923458 3.01023 0.700300724 255 79 163
80.3923458 2.81676754 0.817072613 255 79 163
80.3923458 2.6463375 0.970560761 255 79 163
80.3923458 2.50388193 1.15386435 255 79 163
80.3923458 2.39284533 1.35965264 255 79 163
80.3923458 2.31516172 1.58041783 255 79 163
80.3923458 2.27127802 1.80872432 255 79 163
80.3923458 2.26021268 2.03744959 255 79 163
80.3923458 2.29232557 2.33179643 255 79 163
80.3923458 2.38203696 2.6333311 255 79 163
80.3923458 2.5117774 2.88987671 255 79 163
80.3923458 2.66071458 3.09326733 255 79 163
80.3923458 2.84972791 3.28069361 255 79 163
80.3923458 2.96588121 3.37756379 255 79 163
80.3923458 2.98749693 3.39859923 255 79 163
80.3923458 3.00099226 3.41606049 255 79 163
80.3923458 3.00654371 3.42785425 255 79 163
80.1860577 2.80860059 0.268410445 255 79 163
79.5414975 0.900585136 2.93434755 255 79 163
80.3586642 2.26861447 1.12085384 255 79 163
80.3555618 2.18863835 1.25191119 255 79 163
80.3140435 2.20501118 0.999138747 255 79 163
80.3191621 2.28153943 0.911153783 255 79 163
80.1061763 2.23267166 0.526189726 255 79 163
80.3086744 2.13463397 1.09116175 255 79 163
80.3435461 2.00603296 1.74489762 255 79 163
80.2152855 1.89747009 1.18511267 255 79 163
80.3393661 1.97849448 1.9101202 255 79 163
80.2788107 1.87546469 1.59577831 255 79 163
79.8637776 1.38111261 1.38111258 255 79 163
80.2725804 1.84294615 1.69922935 255 79 163
80.3342698 1.96483093 2.10676643 255 79 163
79.8446679 2.36203332 0.237217225 255 79 163
80.2642258 1.80862119 1.83692055 255 79 163
80.3289425 1.97128515 2.30659984 255 79 163
80.2548452 1.78162293 1.99018239 255 79 163
80.2455837 1.76587838 2.14030284 255 79 163
79.6805564 1.90527557 0.449699677 255 79 163
79.708371 1.65405671 0.701666153 255 79 163
80.3157972 2.06465154 2.7776989 255 79 163
80.1004106 1.52805883 2.2116694 255 79 163
80.21662 1.77774704 2.60833906 255 79 163
79.6213789 0.974084777 2.41819619 255 79 163
79.4177941 1.36964325 0.829301597 255 79 163
80.3109943 2.12286501 2.94692699 255 79 163
80.209094 1.79441042 2.73324242 255 79 163
79.2793075 1.1393273 1.0511165 255 79 163
79.1824526 1.26465378 0.837561504 255 79 163
80.2001277 1.82096542 2.88903448 255 79 163
79.1400019 0.932451631 1.29299936 255 79 163
80.1908974 1.85571189 3.06921787 255 79 163
79.2597723 0.839678998 1.64954993 255 79 163
80.3103796 2.2789485 3.28595342 255 79 163
80.0345682 1.5115348 2.87670805 255 79 163
78.9603854 0.956410765 1.14294896 255 79 163
80.1437721 1.77988704 3.18333293 255 79 163
78.8704774 0.588002138 1.83797418 255 79 163
78.7544187 0.459246438 2.12428678 255 79 163
78.5349198 0.46598417 1.86368883 255 79 163
78.9573984 0.477356948 2.59271354 255 79 163
78.6544616 0.357316284 2.41991849 255 79 163
78.3600057 0.295502131 2.25918542 255 79 163
78.5733571 0.281028406 2.72889571 255 79 163
78.5610004 0.254868637 2.96616819 255 79 163
78.0143486 0.0845159319 3.0243075 255 79 163
80.3575842 2.81344329 0.56941478 255 79 163
80.326421 2.7963595 0.491080447 255 79 163
79.7329935 1.12463451 1.89970406 255 79 163
80.3923458 23.2302905 22.2733459 218 222 230
80.3923458 23.2302905 15.2893901 218 222 230
80.3923458 24.1823806 24.5307645 218 222 230
80.3923458 23.9602125 24.5051112 218 222 230
80.3923458 23.7484562 24.4311703 218 222 230
80.3923458 23.5560624 24.3148828 218 222 230
80.3923458 23.3900232 24.1637922 218 222 230
80.3923458 23.2550868 23.986525 218 222 230
80.3923458 23.1536495 23.7921769 218 222 230
80.3923458 23.0858074 23.5896969 218 222 230
80.3923458 23.0495408 23.3873308 218 222 230
80.3923458 23.0434351 23.1297078 218 222 230
80.3923458 23.0789887 22.870236 218 222 230
80.3923458 23.177109 22.5278253 218 222 230
80.3923458 23.2180907 22.3815078 218 222 230
80.3923458 42.7222595 24.5307645 218 222 230
80.3923458 42.7222595 61.7601632 218 222 230
80.3923458 3.00842798 61.7601632 218 222 230
80.3923458 3.00842798 3.43933687 218 222 230
80.3923458 3.43933687 0.600861336 218 222 230
80.3923458 3.22033574 0.626465039 218 222 230
80.3923458 3.01023 0.700300724 218 222 230
80.3923458 2.81676754 0.817072613 218 222 230
80.3923458 2.6463375 0.970560761 218 222 230
80.3923458 2.50388193 1.15386435 218 222 230
80.3923458 2.39284533 1.35965264 218 222 230
80.3923458 2.31516172 1.58041783 218 222 230
80.3923458 2.27127802 1.80872432 218 222 230
80.3923458 2.26021268 2.03744959 218 222 230
80.3923458 2.29232557 2.33179643 218 222 230
80.3923458 2.38203696 2.6333311 218 222 230
80.3923458 2.5117774 2.88987671 218 222 230
80.3923458 2.66071458 3.09326733 218 222 230
80.3923458 2.84972791 3.28069361 218 222 230
80.3923458 2.96588121 3.37756379 218 222 230
80.3923458 2.98749693 3.39859923 218 222 230
80.3923458 3.00099226 3.41606049 218 222 230
80.3923458 3.00654371 3.42785425 218 222 230
80.3923458 14.1825763 0.600861336 218 222 230
80.3923458 14.6032552 0.641602544 218 222 230
80.3923458 15.0130375 0.767605733 218 222 230
80.3923458 15.3944381 0.984613002 218 222 230
80.3923458 15.692228 1.25900076 218 222 230
80.3923458 15.9035362 1.56501992 218 222 230
80.3923458 16.042989 1.91539232 218 222 230
80.3923458 16.0826401 2.11380469 218 222 230
80.3923458 16.0961069 2.31611557 218 222 230
80.3923458 16.0961069 12.8322283 218 222 230
80.3923458 16.1690577 13.484545 218 222 230
80.3923458 16.3730425 14.0512807 218 222 230
80.3923458 16.6790531 14.5144231 218 222 230
80.3923458 17.0508081 14.8634333 218 222 230
80.3923458 17.4521647 15.0999863 218 222 230
80.3923458 17.8767253 15.2409299 218 222 230
80.3923458 18.3235927 15.2893901 218 222 230
80.3923458 14.1825763 0.600861336 255 79 163
80.374177 14.1825763 0.454219788 255 79 163
80.3233466 14.1825763 0.321295539 255 79 163
80.2489673 14.1825763 0.211318313 255 79 163
80.1513034 14.1825763 0.119649661 255 79 163
80.0376849 14.1825763 0.05275582 255 79 163
79.9172115 14.1825763 0.0133010835 255 79 163
79.8535224 14.1825763 0.00321124132 255 79 163
79.7914844 14.1825763 -4.4408921e-16 255 79 163
79.7723913 14.7447541 0.0674695423 255 79 163
79.7705166 15.2763308 0.265393593 255 79 163
79.781789 15.7484738 0.583703622 255 79 163
79.8006209 16.1334309 1.00749548 255 79 163
79.8201885 16.4048472 1.51531016 255 79 163
79.8303319 16.5157117 1.90856639 255 79 163
79.8343125 16.5533671 2.31611557 255 79 163
80.3923458 16.0961069 2.31611557 255 79 163
80.3784968 16.2089137 2.31611557 255 79 163
80.3390683 16.3125656 2.31611557 255 79 163
80.2803454 16.3992912 2.31611557 255 79 163
80.2020402 16.4719863 2.31611557 255 79 163
80.1098376 16.5246973 2.31611557 255 79 163
80.0113636 16.5545845 2.31611557 255 79 163
79.9196885 16.5624237 2.31611557 255 79 163
80.3923458 14.6032552 0.641602544 255 79 163
80.3923458 15.0130375 0.767605733 255 79 163
80.3923458 15.3944381 0.984613002 255 79 163
80.3923458 15.692228 1.25900076 255 79 163
80.3923458 15.9035362 1.56501992 255 79 163
80.3923458 16.042989 1.91539232 255 79 163
80.3923458 16.0826401 2.11380469 255 79 163
80.2099995 14.6022581 0.206231851 255 79 163
80.2069065 15.3985149 0.496334434 255 79 163
80.2127696 16.0409436 1.07439473 255 79 163
80.220186 16.4080877 1.87343432 255 79 163
79.8343125 16.5533671 2.31611557 218 222 230
40.4420372 8.65579755 2.31611557 218 222 230
79.8343125 16.5533671 12.8322283 218 222 230
40.3457741 8.63649822 12.8322283 218 222 230
74.8583313 46.3648623 16.2156497 255 79 163
74.8497611 46.434033 16.2156497 255 79 163
74.8257845 46.4967333 16.2156497 255 79 163
74.7906998 46.5486094 16.2156497 255 79 163
74.7446318 46.5918495 16.2156497 255 79 163
74.6910381 46.6234032 16.2156497 255 79 163
74.6342109 46.642014 16.2156497 255 79 163
74.6041688 46.6467734 16.2156497 255 79 163
74.5749055 46.6482881 16.2156497 255 79 163
74.5548723 46.6149811 15.8887358 255 79 163
74.5022693 46.5164335 15.5752498 255 79 163
74.4284599 46.3566894 15.2880679 255 79 163
74.3447966 46.142298 15.038995 255 79 163
74.262625 45.8820559 14.8382836 255 79 163
74.1932907 45.5866542 14.6942075 255 79 163
74.1523636 45.3115973 14.6198186 255 79 163
74.1370001 45.0277593 14.5947655 255 79 163
74.8583313 45.0277593 15.3160967 255 79 163
74.8365198 45.0277593 15.1400542 255 79 163
74.7754981 45.0277593 14.9804793 255 79 163
74.6862062 45.0277593 14.8484521 255 79 163
74.5689611 45.0277593 14.7384043 255 79 163
74.4325627 45.0277593 14.6580986 255 79 163
74.2879349 45.0277593 14.6107334 255 79 163
74.2114764 45.0277593 14.5986205 255 79 163
74.8583313 46.344226 16.0394047 255 79 163
74.8583313 46.2855099 15.8727282 255 79 163
74.8583313 46.1947822 15.723243 255 79 163
74.8583313 46.0792559 15.5962215 255 79 163
74.8583313 45.9465948 15.4944854 255 79 163
74.8583313 45.8042502 15.4184883 255 79 163
74.8583313 45.6588527 15.3665571 255 79 163
74.8583313 45.3251324 15.3170486 255 79 163
74.7682291 46.5197967 15.8751031 255 79 163
74.7248887 46.1904316 15.2884502 255 79 163
74.6725502 45.6503443 14.9228361 255 79 163
74.6542058 45.3429968 14.8345092 255 79 163
80.3923458 42.7222595 24.5307645 255 79 163
80.3923458 24.1823806 24.5307645 255 79 163
80.3491566 24.1823806 24.1358032 255 79 163
80.2101048 24.1823806 23.7352189 255 79 163
79.9714908 24.1823806 23.3640863 255 79 163
79.6468484 24.1823806 23.0579838 255 79 163
79.2652242 24.1823806 22.8427741 255 79 163
78.9113171 24.1823806 22.7363772 255 79 163
78.5648079 24.1823806 22.7032267 255 79 163
78.5648079 46.4961483 22.7032267 255 79 163
80.263945 43.6283654 23.8577007 255 79 163
79.8966005 44.5344714 23.2793518 255 79 163
79.3421943 45.4405773 22.8767699 255 79 163
78.9630964 45.9683628 22.7471042 255 79 163
78.5648079 24.1823806 22.7032267 218 222 230
76.3121728 24.0023163 22.7032267 218 222 230
78.5648079 46.4961483 22.7032267 218 222 230
76.9647406 46.4564051 22.7032267 218 222 230
76.8787831 41.7112817 22.7032267 218 222 230
76.6381899 35.2293607 22.7032267 218 222 230
76.3976892 28.7444974 22.7032267 218 222 230
74.8583313 46.169698 20.5985092 255 79 163
74.8583313 41.5646387 20.6870805 255 79 163
74.8583313 35.2957049 20.9206398 255 79 163
74.8583313 29.0057805 21.1561598 255 79 163
74.8583313 24.4217118 21.246774 255 79 163
76.9647406 46.4564051 22.7032267 255 79 163
76.567173 46.4446558 22.6653779 255 79 163
76.1838664 46.4138052 22.5532096 255 79 163
75.8285631 46.3699351 22.3707373 255 79 163
75.5140309 46.3191716 22.1244626 255 79 163
75.251624 46.2676758 21.823173 255 79 163
75.0508642 46.2216222 21.4776625 255 79 163
74.9190654 46.1871667 21.1003704 255 79 163
74.8735671 46.1741215 20.8512729 255 79 163
76.8787831 41.7112817 22.7032267 255 79 163
76.6381899 35.2293607 22.7032267 255 79 163
76.3976892 28.7444974 22.7032267 255 79 163
76.3121728 24.0023163 22.7032267 255 79 163
74.8908582 24.4016209 21.5529908 255 79 163
74.9869393 24.3475989 21.8456017 255 79 163
75.1423639 24.2720645 22.1115946 255 79 163
75.3503449 24.1875776 22.3390296 255 79 163
75.6016974 24.1067276 22.517576 255 79 163
75.8851757 24.0420479 22.6390556 255 79 163
76.0962709 24.0130212 22.6870984 255 79 163
76.0728491 44.8001295 22.5111127 255 79 163
75.8466537 43.966452 22.3957029 255 79 163
75.6278766 44.7335266 22.2339142 255 79 163
75.8439795 44.766043 22.3879674 255 79 163
76.0192214 43.9894788 22.4906716 255 79 163
76.1943873 44.0152267 22.5667453 255 79 163
76.3726919 44.0406085 22.6255882 255 79 163
75.8373437 26.4660375 22.6146527 255 79 163
75.5734466 25.7347131 22.4939466 255 79 163
75.697956 26.5082809 22.5557133 255 79 163
75.5608812 26.5460482 22.4801113 255 79 163
75.4032392 25.7880536 22.3744275 255 79 163
74.9659763 45.6924487 21.266305 255 79 163
75.0304067 45.6982716 21.4351062 255 79 163
75.045906 45.4516123 21.4721441 255 79 163
75.1083252 45.453824 21.5982404 255 79 163
75.1767311 45.4603466 21.71612 255 79 163
74.9643657 44.6677728 21.2723782 255 79 163
75.1192565 44.6896907 21.6258841 255 79 163
74.9036785 43.6333947 21.0651908 255 79 163
74.9618729 42.3652431 21.3060167 255 79 163
75.2984496 43.1658476 21.9168117 255 79 163
75.0805687 42.1228155 21.5951533 255 79 163
76.0913867 42.9641187 22.5321069 255 79 163
74.9999645 41.6012994 21.4285284 255 79 163
75.4494803 41.6379602 22.1120777 255 79 163
76.0398871 42.4385647 22.5136013 255 79 163
75.828678 42.1716965 22.4031961 255 79 163
75.2089678 40.9014531 21.8373693 255 79 163
75.1117358 40.5331995 21.6896089 255 79 163
76.13439 41.674621 22.5614424 255 79 163
74.9963003 39.9808192 21.4615058 255 79 163
76.0388575 40.9503341 22.5285926 255 79 163
75.8537471 39.5017604 22.4543728 255 79 163
75.2025984 39.8211329 21.8530977 255 79 163
75.027417 39.108291 21.5602079 255 79 163
75.0967819 37.3632348 21.7494243 255 79 163
75.4169098 38.3969997 22.1446483 255 79 163
75.9697734 37.7093736 22.5388122 255 79 163
75.0166284 35.9738242 21.6331388 255 79 163
76.0239549 36.8131802 22.5737129 255 79 163
75.6618373 36.9965317 22.37784 255 79 163
74.9834419 35.2791188 21.5772316 255 79 163
75.3800394 35.2625328 22.1815186 255 79 163
75.7901262 36.2962977 22.470278 255 79 163
75.0116165 34.5783955 21.6670192 255 79 163
75.0750147 33.1769487 21.8364931 255 79 163
75.9834644 35.2459468 22.5782119 255 79 163
75.6434065 35.9517094 22.3853037 255 79 163
75.6185374 34.5562807 22.3953747 255 79 163
75.7462552 34.2031547 22.4812457 255 79 163
75.9428316 33.6734657 22.5827267 255 79 163
75.6000345 33.50796 22.4028676 255 79 163
75.8516482 32.7800481 22.5562863 255 79 163
75.6824874 30.9932129 22.4971877 255 79 163
75.3430086 32.1175706 22.2185495 255 79 163
75.0007659 31.4334333 21.7403693 255 79 163
74.9705072 30.5616756 21.6936442 255 79 163
75.1399193 30.7055214 22.0078769 255 79 163
75.059972 29.9994967 21.896664 255 79 163
75.1335176 29.6247108 22.0236852 255 79 163
74.9668166 28.9404598 21.7268595 255 79 163
75.3103186 28.875139 22.2512394 255 79 163
74.9351327 28.1858698 21.6571372 255 79 163
75.025072 28.4156262 21.8677807 255 79 163
75.177305 27.365959 22.1259269 255 79 163
75.7824648 29.5376164 22.5665205 255 79 163
75.8322627 28.8098182 22.5950121 255 79 163
75.5861884 28.3285318 22.4771476 255 79 163
75.7368725 28.0552282 22.5611459 255 79 163
75.7699839 27.5254979 22.5806708 255 79 163
74.9326247 25.8938354 21.6912982 255 79 163
75.0423497 25.8585748 21.9428351 255 79 163
74.9897556 25.1048827 21.8462387 255 79 163
74.9489487 24.8704621 21.7492039 255 79 163
75.0692506 25.0948372 21.9970371 255 79 163
75.5700101 45.1302381 22.1819346 255 79 163
75.1904892 44.0965125 21.7522479 255 79 163
75.2289877 43.7999234 21.8136994 255 79 163
75.2516138 43.5885648 21.8485468 255 79 163
75.507598 40.7417668 22.1834536 255 79 163
75.3651626 39.3050257 22.0701261 255 79 163
75.4694293 37.5363042 22.2140098 255 79 163
75.3327871 36.1350609 22.1105674 255 79 163
75.3140897 34.3907751 22.133923 255 79 163
75.409032 32.9784984 22.2623611 255 79 163
75.2815818 31.2133231 22.1745298 255 79 163
74.8583313 46.3648623 16.2156497 218 222 230
74.8583313 46.169698 20.5985092 218 222 230
74.8583313 41.5646387 20.6870805 218 222 230
74.8583313 35.2957049 20.9206398 218 222 230
74.8583313 29.0057805 21.1561598 218 222 230
74.8583313 24.4217118 21.246774 218 222 230
74.8583313 24.4217118 16.3906205 218 222 230
74.8583313 29.6978797 16.2188301 218 222 230
74.8583313 37.3628195 15.7112173 218 222 230
74.8583313 41.6041404 15.4488209 218 222 230
74.8583313 45.0277593 15.3160967 218 222 230
74.8583313 46.344226 16.0394047 218 222 230
74.8583313 46.2855099 15.8727282 218 222 230
74.8583313 46.1947822 15.723243 218 222 230
74.8583313 46.0792559 15.5962215 218 222 230
74.8583313 45.9465948 15.4944854 218 222 230
74.8583313 45.8042502 15.4184883 218 222 230
74.8583313 45.6588527 15.3665571 218 222 230
74.8583313 45.3251324 15.3170486 218 222 230
79.7974537 23.8251825 15.2893901 255 79 163
79.9426385 23.8071943 15.2893901 255 79 163
80.0742422 23.7568688 15.2893901 255 79 163
80.1831268 23.6832285 15.2893901 255 79 163
80.2738848 23.5865348 15.2893901 255 79 163
80.3401141 23.4740451 15.2893901 255 79 163
80.3791768 23.3547685 15.2893901 255 79 163
80.3891664 23.2917121 15.2893901 255 79 163
80.3923458 23.2302905 15.2893901 255 79 163
80.3731532 23.2367475 15.1272332 255 79 163
80.3166362 23.2532488 14.9740371 255 79 163
80.2259178 23.2754897 14.8382675 255 79 163
80.1060113 23.2991655 14.727427 255 79 163
79.9635425 23.3199715 14.6476406 255 79 163
79.8332356 23.332012 14.6081125 255 79 163
79.6977211 23.3365791 14.5947655 255 79 163
79.6977211 23.8251825 15.0833689 255 79 163
79.6977211 23.8104082 14.9641242 255 79 163
79.6977211 23.7690743 14.8560339 255 79 163
79.6977211 23.7085912 14.7666035 255 79 163
79.6977211 23.6291737 14.6920612 255 79 163
79.6977211 23.5367824 14.637665 255 79 163
79.6977211 23.4388168 14.6055815 255 79 163
79.6977211 23.3870266 14.5973768 255 79 163
79.8075642 23.8251825 15.2295269 255 79 163
79.8080739 23.8251825 15.1967922 255 79 163
79.801658 23.8251825 15.1655219 255 79 163
79.7914538 23.8251825 15.1422602 255 79 163
79.7746556 23.8251825 15.1189915 255 79 163
79.7541735 23.8251825 15.1012831 255 79 163
79.7341242 23.8251825 15.0905867 255 79 163
79.7162591 23.8251825 15.0852273 255 79 163
80.2067398 23.6526672 15.1732096 255 79 163
80.1141539 23.6631955 14.9572959 255 79 163
79.9343374 23.6759021 14.7980521 255 79 163
79.820061 23.6803494 14.7533828 255 79 163
79.7974537 23.8251825 22.2733459 218 222 230
79.7974537 23.8251825 15.2893901 218 222 230
76.3121728 23.8251825 22.5260929 218 222 230
75.4548606 23.8251825 21.246774 218 222 230
75.4750014 23.8251825 21.730111 218 222 230
75.5448652 23.8251825 21.974928 218 222 230
75.6565787 23.8251825 22.1744175 218 222 230
75.7756693 23.8251825 22.3082842 218 222 230
75.9383187 23.8251825 22.4263065 218 222 230
76.112967 23.8251825 22.4984499 218 222 230
76.2115645 23.8251825 22.5190442 218 222 230
75.4548606 23.8251825 15.0833689 218 222 230
79.6977211 23.8251825 15.0833689 218 222 230
79.8075642 23.8251825 15.2295269 218 222 230
79.8080739 23.8251825 15.1967922 218 222 230
79.801658 23.8251825 15.1655219 218 222 230
79.7914538 23.8251825 15.1422602 218 222 230
79.7746556 23.8251825 15.1189915 218 222 230
79.7541735 23.8251825 15.1012831 218 222 230
79.7341242 23.8251825 15.0905867 218 222 230
79.7162591 23.8251825 15.0852273 218 222 230
80.3923458 16.0961069 12.8322283 255 79 163
80.3784968 16.2089137 12.8322283 255 79 163
80.3390683 16.3125656 12.8322283 255 79 163
80.2803454 16.3992912 12.8322283 255 79 163
80.2020402 16.4719863 12.8322283 255 79 163
80.1098376 16.5246973 12.8322283 255 79 163
80.0113636 16.5545845 12.8322283 255 79 163
79.9196885 16.5624237 12.8322283 255 79 163
79.8343125 16.5533671 12.8322283 255 79 163
79.8229332 16.591444 13.2036054 255 79 163
79.7945551 16.7055533 13.5594794 255 79 163
79.7580792 16.892773 13.8834023 255 79 163
79.7221497 17.1455223 14.1593301 255 79 163
79.6944787 17.4515833 14.3738541 255 79 163
79.6814147 17.7955294 14.5179834 255 79 163
79.6838304 18.0569119 14.5756689 255 79 163
79.6977211 18.3235927 14.5947655 255 79 163
80.3923458 18.3235927 15.2893901 255 79 163
80.3713418 18.3235927 15.1198654 255 79 163
80.3125794 18.3235927 14.9661986 255 79 163
80.2265934 18.3235927 14.8390596 255 79 163
80.1136892 18.3235927 14.7330862 255 79 163
79.9823408 18.3235927 14.6557537 255 79 163
79.8430677 18.3235927 14.6101422 255 79 163
79.76944 18.3235927 14.5984778 255 79 163
80.3923458 16.1690577 13.484545 255 79 163
80.3923458 16.3730425 14.0512807 255 79 163
80.3923458 16.6790531 14.5144231 255 79 163
80.3923458 17.0508081 14.8634333 255 79 163
80.3923458 17.4521647 15.0999863 255 79 163
80.3923458 17.8767253 15.2409299 255 79 163
80.2186926 16.4886674 13.1972182 255 79 163
80.202195 16.7471285 13.8855886 255 79 163
80.1856468 17.2523762 14.4354162 255 79 163
80.1826513 17.942078 14.7502303 255 79 163
74.8583313 24.4217118 21.246774 255 79 163
74.8583313 24.4217118 16.3906205 255 79 163
75.4548606 23.8251825 15.0833689 255 79 163
75.4314123 23.8256436 15.085785 255 79 163
75.4080002 23.827026 15.0928694 255 79 163
75.3846605 23.8293276 15.1043759 255 79 163
75.353716 23.8338199 15.1261717 255 79 163
75.3078466 23.843582 15.1715103 255 79 163
75.2408334 23.8648999 15.2640744 255 79 163
75.0571873 23.9770737 15.6675799 255 79 163
74.9211168 24.1553198 16.1169246 255 79 163
74.8874324 24.2376674 16.2550791 255 79 163
74.8704219 24.3022188 16.3315057 255 79 163
74.8624589 24.3516594 16.3697 255 79 163
74.8593641 24.3866249 16.3852529 255 79 163
74.8585896 24.4041607 16.3892614 255 79 163
75.4548606 23.8251825 21.246774 255 79 163
75.3092763 23.8432203 21.246774 255 79 163
75.1773104 23.8936843 21.246774 255 79 163
75.0681261 23.9675273 21.246774 255 79 163
74.9771184 24.0644871 21.246774 255 79 163
74.9107068 24.1772863 21.246774 255 79 163
74.8715365 24.2968912 21.246774 255 79 163
74.8615194 24.3601211 21.246774 255 79 163
80.3923458 23.2302905 22.2733459 255 79 163
80.3923458 23.2302905 15.2893901 255 79 163
79.7974537 23.8251825 15.2893901 255 79 163
79.9426385 23.8071943 15.2893901 255 79 163
80.0742422 23.7568688 15.2893901 255 79 163
80.1831268 23.6832285 15.2893901 255 79 163
80.2738848 23.5865348 15.2893901 255 79 163
80.3401141 23.4740451 15.2893901 255 79 163
80.3791768 23.3547685 15.2893901 255 79 163
80.3891664 23.2917121 15.2893901 255 79 163
79.7974537 23.8251825 22.2733459 255 79 163
80.3743575 23.3754752 22.2733459 255 79 163
80.324032 23.5070789 22.2733459 255 79 163
80.2503917 23.6159636 22.2733459 255 79 163
80.153698 23.7067216 22.2733459 255 79 163
80.0412083 23.7729508 22.2733459 255 79 163
79.9219318 23.8120136 22.2733459 255 79 163
79.8588754 23.8220032 22.2733459 255 79 163
80.3923458 24.1823806 24.5307645 255 79 163
80.3491566 24.1823806 24.1358032 255 79 163
80.2101048 24.1823806 23.7352189 255 79 163
79.9714908 24.1823806 23.3640863 255 79 163
79.6468484 24.1823806 23.0579838 255 79 163
79.2652242 24.1823806 22.8427741 255 79 163
78.9113171 24.1823806 22.7363772 255 79 163
78.5648079 24.1823806 22.7032267 255 79 163
78.5611075 24.1679872 22.7029455 255 79 163
78.5609068 24.1524725 22.7019912 255 79 163
78.564668 24.1367098 22.7002906 255 79 163
78.5744744 24.1177088 22.6971972 255 79 163
78.5854114 24.1036917 22.6941367 255 79 163
78.5995051 24.0896965 22.6903794 255 79 163
78.6665507 24.045056 22.6732087 255 79 163
78.786259 23.9950553 22.6428522 255 79 163
79.2806216 23.8866797 22.5125561 255 79 163
79.7200185 23.8326859 22.3560457 255 79 163
79.7719979 23.827515 22.3189198 255 79 163
79.787708 23.8260228 22.3004807 255 79 163
79.794638 23.8253958 22.2869175 255 79 163
79.7974537 23.8251825 22.2733459 255 79 163
80.3923458 23.2302905 22.2733459 255 79 163
80.3743575 23.3754752 22.2733459 255 79 163
80.324032 23.5070789 22.2733459 255 79 163
80.2503917 23.6159636 22.2733459 255 79 163
80.153698 23.7067216 22.2733459 255 79 163
80.0412083 23.7729508 22.2733459 255 79 163
79.9219318 23.8120136 22.2733459 255 79 163
79.8588754 23.8220032 22.2733459 255 79 163
80.3923458 23.9602125 24.5051112 255 79 163
80.3923458 23.7484562 24.4311703 255 79 163
80.3923458 23.5560624 24.3148828 255 79 163
80.3923458 23.3900232 24.1637922 255 79 163
80.3923458 23.2550868 23.986525 255 79 163
80.3923458 23.1536495 23.7921769 255 79 163
80.3923458 23.0858074 23.5896969 255 79 163
80.3923458 23.0495408 23.3873308 255 79 163
80.3923458 23.0434351 23.1297078 255 79 163
80.3923458 23.0789887 22.870236 255 79 163
80.3923458 23.177109 22.5278253 255 79 163
80.3923458 23.2180907 22.3815078 255 79 163
79.8604507 24.0187884 23.2011198 255 79 163
80.204566 23.6468378 22.3677766 255 79 163
80.1697481 23.6378754 22.4715298 255 79 163
80.3493168 23.9103841 24.0873414 255 79 163
80.3497033 23.8246662 24.0521904 255 79 163
80.3437273 23.4603796 23.6869809 255 79 163
80.345811 23.3973478 23.5878864 255 79 163
80.278498 23.5609643 23.5268187 255 79 163
80.3480615 23.3460018 23.4841461 255 79 163
80.0648887 23.8855527 23.3811252 255 79 163
79.9356454 23.7641445 22.9977508 255 79 163
80.2820249 23.5166891 23.46384 255 79 163
80.2857969 23.4779957 23.3981815 255 79 163
80.2897706 23.4449114 23.330569 255 79 163
80.3047127 23.3714722 23.0871518 255 79 163
80.0587699 23.6480616 22.7216934 255 79 163
80.3090556 23.3618243 23.0189387 255 79 163
79.6000323 24.000057 22.9537882 255 79 163
80.3147879 23.3556303 22.9302564 255 79 163
80.3210528 23.356554 22.8346985 255 79 163
79.390614 23.9406213 22.7196938 255 79 163
79.6805908 23.8342547 22.5601741 255 79 163
79.8097923 23.8089024 22.4845282 255 79 163
79.2790054 24.0486738 22.8009404 255 79 163
79.1073621 24.0625791 22.7460692 255 79 163
80.3923458 16.0961069 2.31611557 255 79 163
80.3784968 16.2089137 2.31611557 255 79 163
80.3390683 16.3125656 2.31611557 255 79 163
80.2803454 16.3992912 2.31611557 255 79 163
80.2020402 16.4719863 2.31611557 255 79 163
80.1098376 16.5246973 2.31611557 255 79 163
80.0113636 16.5545845 2.31611557 255 79 163
79.9196885 16.5624237 2.31611557 255 79 163
79.8343125 16.5533671 2.31611557 255 79 163
79.8343125 16.5533671 12.8322283 255 79 163
80.3923458 16.0961069 12.8322283 255 79 163
80.3784968 16.2089137 12.8322283 255 79 163
80.3390683 16.3125656 12.8322283 255 79 163
80.2803454 16.3992912 12.8322283 255 79 163
80.2020402 16.4719863 12.8322283 255 79 163
80.1098376 16.5246973 12.8322283 255 79 163
80.0113636 16.5545845 12.8322283 255 79 163
79.9196885 16.5624237 12.8322283 255 79 163
78.5648079 24.1823806 22.7032267 255 79 163
76.3121728 24.0023163 22.7032267 255 79 163
78.5611075 24.1679872 22.7029455 255 79 163
78.5609068 24.1524725 22.7019912 255 79 163
78.564668 24.1367098 22.7002906 255 79 163
78.5744744 24.1177088 22.6971972 255 79 163
78.5854114 24.1036917 22.6941367 255 79 163
78.5995051 24.0896965 22.6903794 255 79 163
78.6665507 24.045056 22.6732087 255 79 163
78.786259 23.9950553 22.6428522 255 79 163
79.2806216 23.8866797 22.5125561 255 79 163
79.7200185 23.8326859 22.3560457 255 79 163
79.7719979 23.827515 22.3189198 255 79 163
79.787708 23.8260228 22.3004807 255 79 163
79.794638 23.8253958 22.2869175 255 79 163
79.7974537 23.8251825 22.2733459 255 79 163
76.3121728 23.8251825 22.5260929 255 79 163
76.3121728 23.8305387 22.5693228 255 79 163
76.3121728 23.8455235 22.6085088 255 79 163
76.3121728 23.8674505 22.6409301 255 79 163
76.3121728 23.8962418 22.667954 255 79 163
76.3121728 23.9297365 22.6876743 255 79 163
76.3121728 23.965252 22.6993055 255 79 163
76.3121728 23.9840276 22.70228 255 79 163
77.4365394 23.9466174 22.6611403 255 79 163
77.4384198 23.915252 22.6374051 255 79 163
77.4893623 23.8666839 22.5777199 255 79 163
77.4384198 23.8895409 22.6114767 255 79 163
77.4433231 23.8844212 22.6050964 255 79 163
77.455839 23.8772503 22.5951396 255 79 163
77.4487918 23.8807781 22.6001994 255 79 163
75.4548606 23.8251825 21.246774 255 79 163
75.3092763 23.8432203 21.246774 255 79 163
75.1773104 23.8936843 21.246774 255 79 163
75.0681261 23.9675273 21.246774 255 79 163
74.9771184 24.0644871 21.246774 255 79 163
74.9107068 24.1772863 21.246774 255 79 163
74.8715365 24.2968912 21.246774 255 79 163
74.8615194 24.3601211 21.246774 255 79 163
74.8583313 24.4217118 21.246774 255 79 163
74.8908582 24.4016209 21.5529908 255 79 163
74.9869393 24.3475989 21.8456017 255 79 163
75.1423639 24.2720645 22.1115946 255 79 163
75.3503449 24.1875776 22.3390296 255 79 163
75.6016974 24.1067276 22.517576 255 79 163
75.8851757 24.0420479 22.6390556 255 79 163
76.0962709 24.0130212 22.6870984 255 79 163
76.3121728 24.0023163 22.7032267 255 79 163
76.3121728 23.8251825 22.5260929 255 79 163
76.3121728 23.8305387 22.5693228 255 79 163
76.3121728 23.8455235 22.6085088 255 79 163
76.3121728 23.8674505 22.6409301 255 79 163
76.3121728 23.8962418 22.667954 255 79 163
76.3121728 23.9297365 22.6876743 255 79 163
76.3121728 23.965252 22.6993055 255 79 163
76.3121728 23.9840276 22.70228 255 79 163
75.4750014 23.8251825 21.730111 255 79 163
75.5448652 23.8251825 21.974928 255 79 163
75.6565787 23.8251825 22.1744175 255 79 163
75.7756693 23.8251825 22.3082842 255 79 163
75.9383187 23.8251825 22.4263065 255 79 163
76.112967 23.8251825 22.4984499 255 79 163
76.2115645 23.8251825 22.5190442 255 79 163
75.0581037 23.9933936 21.5330086 255 79 163
75.2731901 23.9519578 22.0753361 255 79 163
75.7134194 23.9015839 22.4900945 255 79 163
76.0011458 23.8839391 22.6094797 255 79 163
3 6 9 10
3 6 10 11
3 6 11 12
3 6 12 13
3 6 13 14
3 6 14 15
3 8 9 6
3 7 8 6
3 0 7 6
3 1 16 7
3 1 17 16
3 1 18 17
3 1 7 0
3 27 28 29
3 27 29 30
3 27 30 31
3 27 31 32
3 27 32 33
3 27 33 34
3 27 34 35
3 27 35 26
3 2 19 18
3 2 20 19
3 2 21 20
3 2 22 21
3 2 23 22
3 2 18 1
3 39 27 26
3 39 25 24
3 39 26 25
3 38 39 24
3 3 38 24
3 3 23 2
3 3 24 23
3 37 38 3
3 4 37 3
3 36 37 4
3 41 40 36
3 42 41 36
3 5 36 4
3 5 42 36
3 5 43 42
3 5 44 43
3 45 44 5
3 46 45 5
3 49 5 50
3 47 46 5
3 48 47 5
3 48 5 49
3 79 66 65
3 80 65 64
3 80 79 65
3 81 79 80
3 81 80 64
3 82 64 63
3 82 81 64
3 83 52 51
3 84 83 85
3 86 70 71
3 86 71 78
3 87 63 62
3 87 82 63
3 88 83 87
3 89 62 61
3 89 87 62
3 89 88 87
3 90 83 88
3 90 88 89
3 91 61 60
3 91 89 61
3 91 90 89
3 92 90 91
3 93 83 90
3 93 90 92
3 93 85 83
3 94 93 92
3 94 92 91
3 95 60 59
3 95 91 60
3 95 94 91
3 96 94 95
3 97 85 93
3 97 93 94
3 97 98 85
3 97 94 96
3 99 96 95
3 99 97 96
3 100 99 95
3 101 102 98
3 101 103 102
3 101 98 97
3 101 97 99
3 101 99 100
3 101 104 103
3 105 98 102
3 105 84 85
3 105 106 84
3 105 85 98
3 107 58 57
3 107 59 58
3 107 95 59
3 107 100 95
3 108 101 100
3 108 104 101
3 108 100 107
3 109 107 57
3 109 108 107
3 109 104 108
3 110 84 106
3 110 106 111
3 110 111 112
3 113 110 114
3 113 52 83
3 113 84 110
3 113 83 84
3 115 104 109
3 116 113 114
3 117 116 114
3 118 109 57
3 118 115 109
3 119 117 114
3 120 117 119
3 121 118 57
3 121 57 67
3 122 52 123
3 124 122 123
3 125 121 67
3 126 125 67
3 126 127 125
3 128 53 52
3 128 52 122
3 129 53 128
3 130 131 67
3 132 53 129
3 133 132 134
3 135 67 68
3 135 130 67
3 136 135 68
3 137 138 139
3 137 53 138
3 140 53 137
3 141 139 142
3 141 142 136
3 141 136 68
3 143 68 69
3 143 144 68
3 145 146 147
3 145 143 146
3 148 149 147
3 150 54 53
3 150 140 149
3 150 149 148
3 150 53 140
3 151 54 150
3 152 54 151
3 153 54 152
3 154 143 69
3 154 146 143
3 155 153 156
3 155 54 153
3 155 157 54
3 158 154 69
3 159 155 156
3 159 157 155
3 159 156 158
3 160 158 69
3 160 157 159
3 160 159 158
3 161 162 157
3 161 157 160
3 163 69 70
3 163 160 69
3 163 161 160
3 163 70 164
3 163 164 162
3 163 162 161
3 165 55 54
3 165 157 162
3 165 54 157
3 166 162 164
3 166 165 162
3 167 55 165
3 167 165 166
3 168 166 164
3 168 167 166
3 169 55 167
3 169 170 55
3 169 168 171
3 169 167 168
3 172 164 70
3 172 171 168
3 172 168 164
3 173 170 169
3 173 169 171
3 173 171 172
3 174 172 70
3 174 86 170
3 174 70 86
3 174 170 173
3 174 173 172
3 175 56 55
3 175 55 170
3 176 170 86
3 176 175 170
3 177 175 176
3 178 76 75
3 178 77 76
3 178 78 77
3 178 86 78
3 178 177 176
3 178 176 86
3 179 178 75
3 179 177 178
3 179 72 56
3 179 73 72
3 179 74 73
3 179 75 74
3 179 56 175
3 179 175 177
3 180 51 66
3 180 81 82
3 180 83 51
3 180 66 79
3 180 87 83
3 180 79 81
3 180 82 87
3 181 104 115
3 181 115 118
3 181 182 104
3 183 182 181
3 184 185 182
3 184 182 183
3 184 186 185
3 187 188 185
3 187 110 112
3 187 114 110
3 187 119 114
3 187 186 119
3 187 185 186
3 187 112 188
3 189 183 181
3 189 181 118
3 189 186 184
3 189 184 183
3 190 189 118
3 190 186 189
3 190 118 121
3 191 52 113
3 191 113 116
3 191 116 117
3 191 117 120
3 192 119 186
3 193 120 119
3 193 119 192
3 194 190 121
3 194 186 190
3 195 120 196
3 195 191 120
3 197 191 195
3 197 52 191
3 198 121 199
3 198 192 186
3 198 194 121
3 198 199 192
3 198 186 194
3 200 192 199
3 200 193 192
3 201 195 196
3 201 196 123
3 201 123 52
3 201 197 195
3 201 52 197
3 202 196 120
3 202 120 193
3 202 193 200
3 203 200 199
3 203 196 202
3 203 202 200
3 204 199 121
3 204 121 125
3 204 203 199
3 204 196 203
3 205 196 204
3 206 205 204
3 207 127 208
3 209 204 125
3 209 127 207
3 209 125 127
3 209 205 206
3 209 206 204
3 209 207 205
3 210 122 124
3 211 124 208
3 211 210 124
3 212 122 210
3 213 210 211
3 213 214 212
3 213 212 210
3 215 128 122
3 215 216 128
3 215 122 212
3 215 212 214
3 217 126 67
3 218 216 215
3 219 218 215
3 219 214 220
3 219 215 214
3 221 217 67
3 221 214 217
3 222 214 221
3 222 220 214
3 223 219 220
3 223 216 218
3 223 218 219
3 224 222 221
3 224 220 222
3 224 67 131
3 224 131 220
3 224 221 67
3 225 128 216
3 226 223 220
3 226 131 227
3 226 220 131
3 228 128 225
3 229 223 226
3 229 216 223
3 229 225 216
3 229 226 227
3 229 228 225
3 230 229 227
3 230 228 229
3 231 232 233
3 231 129 128
3 231 128 234
3 231 233 129
3 235 231 234
3 235 234 236
3 235 232 231
3 237 232 238
3 237 238 130
3 237 239 232
3 237 130 135
3 240 241 239
3 240 239 237
3 240 237 135
3 242 134 243
3 244 133 134
3 245 53 132
3 245 132 133
3 246 242 135
3 246 134 242
3 246 244 134
3 246 135 247
3 246 247 244
3 248 133 244
3 248 244 247
3 249 245 133
3 249 133 250
3 251 53 245
3 251 245 249
3 251 249 250
3 252 133 248
3 252 250 133
3 253 251 250
3 253 53 251
3 253 138 53
3 254 135 136
3 254 250 252
3 254 247 135
3 254 248 247
3 254 252 248
3 255 138 253
3 255 253 250
3 256 255 250
3 257 250 254
3 257 254 136
3 257 256 250
3 258 138 255
3 258 255 256
3 259 136 142
3 259 142 258
3 259 257 136
3 259 256 257
3 259 258 256
3 260 142 139
3 260 258 142
3 260 139 138
3 260 138 258
3 261 139 141
3 261 137 139
3 262 137 261
3 262 261 141
3 263 140 137
3 264 137 262
3 265 137 264
3 265 264 266
3 265 263 137
3 267 140 263
3 267 265 266
3 267 263 265
3 268 262 141
3 268 264 262
3 268 141 68
3 269 140 267
3 270 269 267
3 270 267 266
3 270 271 269
3 272 266 264
3 272 264 268
3 272 268 68
3 273 266 272
3 273 270 266
3 273 271 270
3 274 149 140
3 274 140 269
3 274 269 271
3 275 271 273
3 275 68 144
3 275 144 271
3 275 272 68
3 275 273 272
3 276 277 149
3 276 271 144
3 276 144 277
3 276 149 274
3 276 274 271
3 278 149 277
3 278 277 144
3 278 144 143
3 279 149 278
3 279 278 143
3 280 147 149
3 280 145 147
3 280 149 279
3 281 143 145
3 281 279 143
3 281 145 280
3 281 280 279
3 282 150 148
3 283 147 146
3 283 148 147
3 283 282 148
3 284 283 146
3 284 150 282
3 284 282 283
3 285 146 286
3 285 151 150
3 285 286 151
3 285 284 146
3 285 150 284
3 287 152 151
3 288 146 154
3 288 286 146
3 288 151 286
3 288 287 151
3 289 288 154
3 289 152 287
3 289 287 288
3 290 153 152
3 290 152 289
3 291 154 158
3 291 153 290
3 291 156 153
3 291 158 156
3 291 289 154
3 291 290 289
3 292 185 188
3 292 182 185
3 292 105 102
3 292 102 103
3 292 111 106
3 292 106 105
3 292 112 111
3 292 103 104
3 292 188 112
3 292 104 182
3 293 207 208
3 293 123 196
3 293 208 124
3 293 124 123
3 293 196 205
3 293 205 207
3 294 208 127
3 294 127 126
3 294 126 217
3 294 211 208
3 294 213 211
3 294 214 213
3 294 217 214
3 295 128 228
3 295 228 230
3 295 236 234
3 295 230 236
3 295 234 128
3 296 227 131
3 296 230 227
3 296 131 130
3 297 296 130
3 297 236 230
3 297 230 296
3 298 238 232
3 298 232 235
3 298 235 236
3 298 236 297
3 299 238 298
3 299 297 130
3 299 298 297
3 299 130 238
3 300 129 233
3 301 233 232
3 301 300 233
3 301 232 239
3 302 300 301
3 302 301 239
3 302 239 241
3 302 241 243
3 303 129 300
3 303 302 243
3 303 300 302
3 303 132 129
3 303 134 132
3 303 243 134
3 304 240 135
3 304 135 242
3 304 243 241
3 304 241 240
3 304 242 243
3 313 314 315
3 313 315 316
3 312 313 316
3 311 316 317
3 311 312 316
3 310 317 318
3 310 311 317
3 309 318 319
3 309 310 318
3 308 319 320
3 308 309 319
3 307 320 321
3 307 321 322
3 307 308 320
3 306 322 305
3 306 307 322
3 332 331 330
3 343 360 342
3 349 340 348
3 341 340 349
3 361 327 326
3 362 345 346
3 363 324 323
3 363 323 350
3 364 325 324
3 364 326 325
3 364 361 326
3 364 324 363
3 365 350 351
3 365 363 350
3 366 361 364
3 366 364 363
3 366 363 365
3 367 366 365
3 368 351 352
3 368 365 351
3 369 366 367
3 369 361 366
3 370 367 365
3 370 371 369
3 370 365 368
3 370 369 367
3 372 352 353
3 372 368 352
3 373 370 368
3 373 368 372
3 373 371 370
3 374 373 372
3 375 327 361
3 375 328 327
3 375 329 328
3 376 374 372
3 376 353 354
3 376 372 353
3 377 375 361
3 378 330 329
3 378 333 332
3 378 375 377
3 378 332 330
3 378 329 375
3 379 377 361
3 379 380 377
3 381 373 374
3 381 371 373
3 382 374 376
3 382 381 374
3 383 354 355
3 383 376 354
3 384 334 333
3 384 333 378
3 384 378 377
3 384 377 380
3 385 382 376
3 385 381 382
3 385 376 383
3 385 386 381
3 387 385 383
3 388 355 356
3 388 383 355
3 388 387 383
3 389 380 379
3 389 384 380
3 390 356 357
3 390 388 356
3 391 387 388
3 392 379 371
3 392 389 379
3 393 386 385
3 393 385 387
3 393 387 391
3 393 394 386
3 395 388 390
3 395 391 388
3 395 393 391
3 396 335 334
3 396 334 384
3 396 384 389
3 396 389 392
3 397 395 390
3 398 357 358
3 398 358 359
3 398 359 360
3 398 360 343
3 398 390 357
3 399 392 371
3 400 399 371
3 401 336 335
3 401 335 396
3 401 396 392
3 401 392 399
3 402 398 343
3 403 397 390
3 403 390 398
3 403 398 402
3 404 362 394
3 404 394 393
3 404 393 395
3 404 395 397
3 404 397 403
3 405 403 402
3 405 404 403
3 405 343 344
3 405 344 345
3 405 402 343
3 405 362 404
3 405 345 362
3 406 399 400
3 407 406 400
3 407 400 386
3 408 399 406
3 408 337 336
3 408 406 407
3 408 336 401
3 408 401 399
3 409 407 386
3 409 386 394
3 410 407 409
3 411 337 408
3 411 408 407
3 411 338 337
3 411 407 410
3 412 411 410
3 412 410 409
3 413 412 409
3 413 409 394
3 413 394 362
3 414 412 413
3 415 411 412
3 415 339 338
3 415 338 411
3 415 412 414
3 416 340 339
3 416 414 413
3 416 415 414
3 416 339 415
3 417 348 340
3 417 346 347
3 417 347 348
3 417 413 362
3 417 340 416
3 417 416 413
3 417 362 346
3 418 369 371
3 418 371 379
3 418 379 361
3 418 361 369
3 419 386 400
3 419 400 371
3 419 381 386
3 419 371 381
3 430 427 428
3 430 428 429
3 440 454 453
3 440 439 454
3 446 445 437
3 438 446 437
3 455 423 424
3 455 424 425
3 456 442 441
3 456 443 442
3 457 420 421
3 457 421 422
3 457 422 423
3 457 447 420
3 457 423 455
3 458 447 457
3 459 457 455
3 459 458 457
3 460 448 447
3 461 458 459
3 461 459 462
3 461 460 447
3 461 447 458
3 463 461 462
3 463 460 461
3 464 425 426
3 464 426 427
3 464 427 430
3 464 455 425
3 465 449 448
3 465 460 463
3 465 448 460
3 466 430 431
3 466 455 464
3 466 464 430
3 467 459 455
3 467 462 459
3 467 455 466
3 468 463 462
3 469 468 470
3 469 465 463
3 469 463 468
3 471 465 469
3 471 469 470
3 472 467 466
3 472 462 467
3 473 465 471
3 473 471 470
3 473 450 449
3 473 449 465
3 474 462 472
3 475 431 432
3 475 474 472
3 475 466 431
3 475 472 466
3 476 462 474
3 477 441 440
3 477 451 450
3 477 452 451
3 477 453 452
3 477 440 453
3 477 478 456
3 477 456 441
3 477 450 473
3 479 468 462
3 479 470 468
3 479 462 476
3 480 473 470
3 480 477 473
3 480 478 477
3 481 475 432
3 481 432 433
3 481 474 475
3 481 476 474
3 482 479 476
3 482 476 481
3 482 470 479
3 483 470 482
3 484 433 434
3 484 481 433
3 484 482 481
3 484 483 482
3 485 470 483
3 486 480 470
3 486 478 480
3 486 470 485
3 487 434 435
3 487 484 434
3 487 483 484
3 487 485 483
3 488 435 436
3 488 487 435
3 488 478 486
3 488 486 485
3 488 485 487
3 489 437 445
3 489 436 437
3 489 444 443
3 489 445 444
3 489 478 488
3 489 456 478
3 489 488 436
3 489 443 456
3 514 511 490
3 514 490 515
3 516 514 515
3 517 518 519
3 520 498 499
3 520 517 519
3 520 519 498
3 521 503 513
3 522 504 503
3 522 505 504
3 522 503 521
3 523 501 502
3 524 508 507
3 525 526 523
3 525 523 502
3 525 508 524
3 525 509 508
3 525 510 509
3 525 502 510
3 527 515 528
3 529 516 515
3 529 515 527
3 530 527 531
3 530 529 527
3 530 516 529
3 532 530 531
3 532 531 519
3 532 519 518
3 533 514 516
3 534 516 530
3 534 530 532
3 534 532 518
3 534 533 516
3 535 536 537
3 535 533 534
3 535 537 533
3 538 514 533
3 538 537 536
3 538 533 537
3 538 511 514
3 539 536 535
3 540 539 535
3 540 534 518
3 540 535 534
3 540 518 517
3 540 517 520
3 541 539 540
3 542 511 538
3 543 520 499
3 543 540 520
3 543 541 540
3 544 543 499
3 545 546 547
3 548 545 499
3 549 512 511
3 550 549 551
3 552 548 499
3 553 554 555
3 553 555 549
3 556 554 557
3 558 512 549
3 558 549 555
3 559 556 557
3 559 499 500
3 559 552 499
3 559 557 552
3 560 512 558
3 561 562 559
3 563 512 560
3 564 563 565
3 566 563 564
3 566 512 563
3 567 512 566
3 568 569 500
3 568 500 570
3 571 567 566
3 572 513 512
3 572 512 567
3 572 567 571
3 572 573 513
3 572 574 573
3 575 574 570
3 576 513 573
3 577 500 501
3 577 578 575
3 577 570 500
3 577 575 570
3 579 578 577
3 579 577 501
3 580 576 581
3 580 513 576
3 582 578 579
3 582 579 501
3 583 513 580
3 583 580 581
3 584 513 583
3 585 581 586
3 585 582 501
3 585 586 582
3 587 513 584
3 587 521 513
3 588 581 585
3 588 585 501
3 589 588 501
3 590 523 526
3 590 501 523
3 590 526 591
3 590 589 501
3 592 591 526
3 592 587 591
3 592 521 587
3 593 521 592
3 593 592 526
3 594 522 521
3 595 594 521
3 595 521 593
3 596 526 525
3 596 595 593
3 596 525 524
3 596 524 595
3 596 593 526
3 597 594 595
3 597 522 594
3 597 524 507
3 597 506 505
3 597 507 506
3 597 595 524
3 597 505 522
3 598 490 491
3 598 491 492
3 599 490 598
3 600 599 598
3 600 598 492
3 601 490 599
3 601 599 600
3 601 528 515
3 601 515 490
3 602 494 495
3 602 495 496
3 603 531 527
3 603 528 604
3 603 604 519
3 603 519 531
3 603 527 528
3 605 536 539
3 605 539 541
3 605 541 543
3 606 536 605
3 607 608 511
3 607 511 542
3 607 542 609
3 607 609 608
3 610 609 542
3 611 610 606
3 612 610 611
3 613 609 610
3 613 610 612
3 613 546 609
3 613 547 546
3 614 611 544
3 614 613 612
3 614 547 613
3 614 544 547
3 614 612 611
3 615 511 608
3 616 511 615
3 617 511 616
3 617 549 511
3 617 618 551
3 617 551 549
3 619 617 616
3 619 618 617
3 619 620 618
3 621 545 547
3 621 544 499
3 621 547 544
3 621 499 545
3 622 618 620
3 623 546 545
3 623 622 620
3 623 545 548
3 624 622 623
3 624 618 622
3 625 623 548
3 625 624 623
3 625 548 552
3 626 624 625
3 626 625 552
3 627 618 624
3 627 624 626
3 627 551 618
3 627 550 551
3 628 626 552
3 628 627 626
3 629 552 557
3 629 628 552
3 629 627 628
3 629 550 627
3 630 553 549
3 630 550 629
3 630 629 557
3 630 549 550
3 631 553 630
3 631 630 557
3 632 554 553
3 632 553 631
3 632 631 557
3 632 557 554
3 633 554 556
3 633 555 554
3 634 633 556
3 634 555 633
3 635 555 634
3 635 559 562
3 635 556 559
3 635 634 556
3 636 555 635
3 636 635 562
3 636 558 555
3 637 558 636
3 638 562 561
3 638 636 562
3 638 561 639
3 638 637 636
3 640 558 637
3 640 637 638
3 641 560 558
3 641 558 640
3 642 638 639
3 642 640 638
3 642 641 640
3 643 644 565
3 643 563 560
3 643 565 563
3 643 560 641
3 643 641 642
3 645 644 643
3 645 639 644
3 645 642 639
3 645 643 642
3 646 644 639
3 647 561 559
3 647 559 500
3 647 646 639
3 647 639 561
3 648 647 500
3 648 565 644
3 648 500 569
3 648 644 646
3 648 646 647
3 648 569 565
3 649 566 564
3 650 569 568
3 650 565 569
3 650 564 565
3 650 649 564
3 651 650 568
3 651 649 650
3 652 566 649
3 652 571 566
3 652 649 651
3 653 568 570
3 653 570 571
3 653 571 652
3 653 651 568
3 653 652 651
3 654 572 571
3 654 571 570
3 655 572 654
3 655 574 572
3 655 654 570
3 655 570 574
3 656 574 575
3 656 578 573
3 656 575 578
3 656 573 574
3 657 573 578
3 657 578 582
3 657 582 586
3 657 576 573
3 658 581 576
3 658 586 581
3 658 657 586
3 658 576 657
3 659 584 583
3 660 583 581
3 660 659 583
3 661 659 660
3 662 581 588
3 662 660 581
3 662 661 660
3 662 589 661
3 662 588 589
3 663 587 584
3 663 591 587
3 663 661 589
3 663 584 659
3 663 659 661
3 663 590 591
3 663 589 590
3 664 492 493
3 664 493 494
3 664 600 492
3 664 602 665
3 664 494 602
3 666 600 664
3 666 664 665
3 667 601 600
3 667 528 601
3 667 604 528
3 667 665 604
3 667 600 666
3 667 666 665
3 668 496 497
3 668 497 498
3 668 665 602
3 668 604 665
3 668 519 604
3 668 498 519
3 668 602 496
3 669 606 610
3 669 610 542
3 669 538 536
3 669 542 538
3 669 536 606
3 670 606 605
3 670 605 543
3 670 611 606
3 670 544 611
3 670 543 544
3 671 609 546
3 671 616 615
3 671 608 609
3 671 619 616
3 671 623 620
3 671 615 608
3 671 620 619
3 671 546 623
3 682 683 691
3 681 691 690
3 681 682 691
3 680 690 689
3 680 681 690
3 679 689 688
3 679 680 689
3 678 688 687
3 678 679 688
3 677 687 686
3 677 678 687
3 676 677 686
3 675 686 685
3 675 676 686
3 674 684 672
3 674 685 684
3 674 675 685
3 673 674 672
3 701 699 700
3 709 708 723
3 707 715 706
3 724 695 696
3 725 712 711
3 726 692 693
3 726 716 692
3 726 717 716
3 727 693 694
3 727 694 695
3 727 726 693
3 727 695 724
3 728 717 726
3 728 726 727
3 729 718 717
3 729 717 728
3 730 729 728
3 731 727 724
3 731 728 727
3 731 724 732
3 731 730 728
3 733 719 718
3 733 718 729
3 734 729 730
3 734 733 729
3 734 731 732
3 734 730 731
3 735 733 734
3 736 720 719
3 736 719 733
3 737 696 697
3 737 697 698
3 737 698 699
3 737 699 701
3 737 724 696
3 738 736 733
3 738 733 735
3 739 738 735
3 739 732 740
3 739 735 734
3 739 734 732
3 741 724 737
3 741 732 724
3 742 736 738
3 743 741 737
3 743 737 701
3 744 736 742
3 744 721 720
3 744 720 736
3 745 744 742
3 746 741 743
3 747 739 740
3 747 738 739
3 747 742 738
3 747 745 742
3 747 740 748
3 749 722 721
3 749 721 744
3 750 749 744
3 750 744 745
3 750 745 747
3 750 747 748
3 751 732 741
3 751 740 732
3 752 751 741
3 752 741 746
3 753 701 702
3 753 743 701
3 753 746 743
3 753 752 746
3 754 749 750
3 754 750 748
3 755 751 752
3 756 740 751
3 756 748 740
3 757 751 755
3 757 756 751
3 758 702 703
3 758 753 702
3 758 752 753
3 758 755 752
3 758 757 755
3 759 723 722
3 759 722 749
3 760 754 748
3 761 749 754
3 761 759 749
3 761 760 725
3 761 754 760
3 762 756 757
3 763 759 761
3 763 761 725
3 764 748 756
3 764 756 762
3 765 703 704
3 765 758 703
3 765 757 758
3 765 762 757
3 765 764 762
3 766 710 709
3 766 711 710
3 766 723 759
3 766 709 723
3 766 759 763
3 766 763 725
3 766 725 711
3 767 748 764
3 768 760 748
3 768 725 760
3 768 748 767
3 769 704 705
3 769 765 704
3 769 764 765
3 769 767 764
3 770 769 705
3 770 768 767
3 770 725 768
3 770 767 769
3 771 725 770
3 772 771 770
3 772 705 706
3 772 770 705
3 773 725 771
3 773 713 712
3 773 712 725
3 774 772 706
3 774 713 773
3 774 714 713
3 774 715 714
3 774 771 772
3 774 773 771
3 774 706 715
3 785 783 782
3 785 784 783
3 801 792 800
3 793 792 801
3 809 778 777
3 809 779 778
3 809 780 779
3 810 797 798
3 811 776 775
3 811 777 776
3 811 775 802
3 811 809 777
3 812 802 803
3 813 809 811
3 814 815 813
3 814 802 812
3 814 811 802
3 814 813 811
3 816 815 814
3 816 814 812
3 817 803 804
3 817 816 812
3 817 812 803
3 818 781 780
3 818 782 781
3 818 780 809
3 819 816 817
3 819 815 816
3 820 818 809
3 821 820 809
3 821 813 815
3 821 809 813
3 822 786 785
3 822 785 782
3 822 818 820
3 822 782 818
3 823 815 819
3 824 804 805
3 825 826 823
3 825 823 819
3 825 817 804
3 825 819 817
3 825 804 824
3 827 821 815
3 827 822 820
3 827 820 821
3 828 825 824
3 828 826 825
3 829 827 815
3 830 787 786
3 830 822 827
3 830 827 829
3 830 786 822
3 831 805 806
3 831 824 805
3 831 828 824
3 832 829 815
3 833 832 815
3 834 826 828
3 835 828 831
3 835 834 828
3 835 836 834
3 837 788 787
3 837 830 829
3 837 787 830
3 837 829 832
3 838 806 807
3 838 831 806
3 839 835 831
3 839 831 838
3 839 836 835
3 840 837 832
3 840 832 833
3 840 833 826
3 841 839 838
3 842 840 826
3 843 789 788
3 843 788 837
3 843 837 840
3 843 840 842
3 844 841 838
3 845 794 795
3 845 807 808
3 845 808 794
3 845 844 838
3 845 838 807
3 846 836 839
3 846 839 841
3 846 841 844
3 846 810 836
3 847 842 826
3 848 847 826
3 849 795 796
3 849 796 797
3 849 845 795
3 849 844 845
3 849 846 844
3 849 810 846
3 849 797 810
3 850 789 843
3 850 790 789
3 850 843 842
3 850 842 847
3 851 848 836
3 851 847 848
3 851 850 847
3 852 836 810
3 852 851 836
3 853 851 852
3 854 791 790
3 854 790 850
3 854 850 851
3 854 851 853
3 855 854 853
3 855 792 791
3 855 791 854
3 855 853 852
3 856 800 792
3 856 855 852
3 856 798 799
3 856 799 800
3 856 810 798
3 856 852 810
3 856 792 855
3 857 823 826
3 857 815 823
3 857 833 815
3 857 826 833
3 858 834 836
3 858 826 834
3 858 836 848
3 858 848 826
3 869 866 867
3 870 865 866
3 870 866 869
3 871 864 865
3 871 865 870
3 872 863 864
3 872 864 871
3 873 862 863
3 873 863 872
3 874 861 862
3 874 862 873
3 875 860 861
3 875 861 874
3 876 859 860
3 876 860 875
3 868 859 876
3 886 887 894
3 885 894 893
3 885 886 894
3 884 893 892
3 884 885 893
3 883 892 891
3 883 884 892
3 882 891 890
3 882 883 891
3 881 890 889
3 881 882 890
3 880 889 888
3 880 881 889
3 879 888 877
3 879 880 888
3 878 879 877
3 896 922 895
3 896 923 922
3 896 924 923
3 915 914 935
3 912 920 911
3 921 920 912
3 913 921 912
3 936 898 899
3 937 918 917
3 937 919 918
3 938 925 924
3 938 924 896
3 939 896 897
3 939 897 898
3 939 938 896
3 939 898 936
3 940 925 938
3 940 939 936
3 940 938 939
3 941 926 925
3 941 925 940
3 942 940 936
3 943 940 942
3 943 941 940
3 943 942 944
3 945 926 941
3 945 927 926
3 946 941 943
3 946 943 944
3 946 945 941
3 947 928 927
3 947 927 945
3 948 899 900
3 948 900 901
3 948 936 899
3 949 947 945
3 949 946 944
3 949 945 946
3 950 947 949
3 951 936 948
3 952 951 948
3 952 901 902
3 952 948 901
3 953 936 951
3 954 902 903
3 954 903 904
3 954 904 905
3 954 952 902
3 955 936 953
3 956 928 947
3 956 929 928
3 957 905 906
3 957 951 952
3 957 953 951
3 957 954 905
3 957 952 954
3 958 950 949
3 958 949 944
3 959 947 950
3 959 950 958
3 959 958 960
3 959 956 947
3 961 930 929
3 961 929 956
3 962 961 956
3 962 956 959
3 962 959 960
3 963 955 953
3 963 944 955
3 963 953 957
3 964 961 962
3 965 931 930
3 965 932 931
3 965 930 961
3 966 944 963
3 967 906 907
3 967 957 906
3 967 963 957
3 967 966 963
3 968 961 964
3 968 965 961
3 969 962 960
3 969 964 962
3 969 960 970
3 969 968 964
3 971 944 966
3 972 965 968
3 972 969 970
3 972 968 969
3 973 960 958
3 973 944 971
3 973 958 944
3 974 907 908
3 974 967 907
3 974 966 967
3 974 971 966
3 975 965 972
3 975 972 970
3 975 932 965
3 975 970 937
3 976 933 932
3 976 934 933
3 976 935 934
3 976 932 975
3 976 915 935
3 977 960 973
3 977 973 971
3 977 971 974
3 978 970 960
3 978 960 977
3 979 978 977
3 980 977 974
3 980 979 977
3 980 908 909
3 980 974 908
3 981 978 979
3 982 970 978
3 982 937 970
3 983 978 981
3 983 982 978
3 984 981 979
3 984 979 980
3 984 980 909
3 984 983 981
3 984 909 910
3 985 910 911
3 985 937 982
3 985 982 983
3 985 911 920
3 985 983 984
3 985 920 919
3 985 984 910
3 985 919 937
3 986 955 944
3 986 942 936
3 986 944 942
3 986 936 955
3 987 976 975
3 987 916 915
3 987 917 916
3 987 937 917
3 987 915 976
3 987 975 937
3 994 991 990
3 994 992 991
3 994 993 992
3 999 989 988
3 995 990 989
3 995 989 999
3 995 994 990
3 996 995 999
3 997 996 999
3 998 997 999
3 1018 1028 1029
3 1018 1029 1030
3 1018 1030 1031
3 1018 1031 1032
3 1018 1032 1033
3 1027 1028 1018
3 1026 1027 1018
3 1025 1026 1018
3 1024 1025 1018
3 1023 1024 1018
3 1022 1023 1018
3 1021 1022 1018
3 1020 1021 1018
3 1019 1020 1018
3 1016 1018 1017
3 1016 1019 1018
3 1015 1019 1016
3 1014 1019 1015
3 1001 1003 1002
3 1001 1004 1003
3 1001 1005 1004
3 1001 1006 1005
3 1034 1007 1006
3 1034 1008 1007
3 1034 1009 1008
3 1034 1010 1009
3 1034 1011 1010
3 1034 1006 1001
3 1000 1034 1001
3 1019 1011 1034
3 1019 1012 1011
3 1019 1013 1012
3 1019 1014 1013
3 1063 1046 1047
3 1064 1047 1048
3 1065 1047 1064
3 1065 1063 1047
3 1066 1064 1048
3 1066 1065 1064
3 1067 1048 1049
3 1067 1049 1050
3 1067 1066 1048
3 1068 1050 1051
3 1069 1040 1039
3 1070 1054 1055
3 1071 1070 1055
3 1071 1072 1070
3 1073 1035 1041
3 1074 1041 1042
3 1074 1073 1041
3 1075 1042 1043
3 1075 1074 1042
3 1076 1075 1043
3 1077 1035 1073
3 1078 1077 1073
3 1079 1073 1074
3 1079 1078 1073
3 1080 1079 1074
3 1081 1074 1075
3 1081 1080 1074
3 1082 1081 1075
3 1083 1082 1075
3 1083 1075 1076
3 1084 1083 1076
3 1085 1076 1086
3 1085 1086 1087
3 1085 1084 1076
3 1088 1089 1090
3 1088 1078 1079
3 1088 1090 1091
3 1088 1092 1089
3 1088 1077 1078
3 1093 1094 1092
3 1093 1088 1079
3 1093 1092 1088
3 1093 1079 1080
3 1093 1080 1081
3 1095 1083 1084
3 1095 1081 1082
3 1095 1093 1081
3 1095 1082 1083
3 1096 1035 1077
3 1097 1096 1077
3 1097 1077 1088
3 1097 1088 1091
3 1098 1092 1094
3 1098 1089 1092
3 1099 1098 1094
3 1099 1094 1068
3 1099 1068 1100
3 1101 1102 1103
3 1101 1099 1100
3 1101 1100 1102
3 1101 1103 1104
3 1105 1036 1035
3 1105 1035 1096
3 1106 1103 1102
3 1106 1107 1108
3 1106 1104 1103
3 1106 1108 1104
3 1109 1068 1051
3 1109 1100 1068
3 1110 1105 1111
3 1110 1036 1105
3 1112 1036 1110
3 1112 1113 1114
3 1112 1110 1113
3 1115 1114 1116
3 1115 1116 1051
3 1117 1115 1051
3 1118 1037 1036
3 1118 1036 1119
3 1120 1121 1118
3 1122 1051 1052
3 1122 1123 1117
3 1122 1117 1051
3 1124 1122 1052
3 1125 1124 1052
3 1126 1037 1118
3 1126 1118 1121
3 1127 1037 1126
3 1128 1037 1127
3 1128 1127 1129
3 1130 1131 1052
3 1132 1130 1052
3 1133 1038 1037
3 1133 1134 1038
3 1133 1037 1135
3 1136 1137 1134
3 1136 1134 1133
3 1138 1052 1053
3 1138 1139 1132
3 1138 1140 1139
3 1138 1132 1052
3 1141 1038 1134
3 1142 1138 1053
3 1142 1143 1138
3 1144 1145 1146
3 1144 1038 1145
3 1144 1147 1038
3 1148 1144 1146
3 1148 1146 1149
3 1148 1147 1144
3 1150 1147 1148
3 1151 1147 1150
3 1152 1150 1053
3 1152 1151 1150
3 1153 1039 1038
3 1153 1147 1154
3 1153 1038 1147
3 1155 1053 1054
3 1155 1054 1156
3 1155 1156 1154
3 1155 1152 1053
3 1157 1039 1153
3 1158 1157 1153
3 1159 1039 1157
3 1159 1157 1158
3 1160 1161 1162
3 1160 1159 1161
3 1160 1039 1159
3 1163 1156 1054
3 1164 1160 1162
3 1165 1160 1164
3 1165 1039 1160
3 1165 1166 1069
3 1165 1069 1039
3 1167 1163 1054
3 1167 1162 1163
3 1168 1167 1054
3 1168 1162 1167
3 1169 1168 1054
3 1170 1169 1054
3 1170 1070 1072
3 1170 1054 1070
3 1171 1166 1170
3 1171 1170 1072
3 1171 1069 1166
3 1172 1171 1072
3 1172 1069 1171
3 1173 1069 1172
3 1174 1172 1072
3 1174 1071 1173
3 1174 1072 1071
3 1174 1173 1172
3 1175 1069 1173
3 1175 1173 1071
3 1175 1040 1069
3 1176 1175 1071
3 1177 1056 1040
3 1177 1057 1056
3 1177 1058 1057
3 1177 1175 1176
3 1177 1040 1175
3 1178 1043 1044
3 1178 1044 1045
3 1178 1076 1043
3 1178 1086 1076
3 1178 1087 1086
3 1179 1065 1066
3 1179 1067 1050
3 1179 1066 1067
3 1179 1063 1065
3 1180 1085 1087
3 1180 1050 1068
3 1180 1179 1050
3 1180 1068 1085
3 1181 1095 1084
3 1181 1068 1094
3 1181 1084 1085
3 1181 1085 1068
3 1182 1097 1091
3 1182 1091 1090
3 1183 1096 1097
3 1183 1097 1182
3 1183 1182 1184
3 1185 1090 1089
3 1185 1182 1090
3 1185 1089 1098
3 1185 1184 1182
3 1185 1098 1099
3 1186 1107 1187
3 1186 1187 1183
3 1188 1099 1101
3 1188 1101 1104
3 1188 1108 1107
3 1188 1185 1099
3 1188 1183 1184
3 1188 1184 1185
3 1188 1107 1186
3 1188 1186 1183
3 1188 1104 1108
3 1189 1187 1107
3 1189 1105 1096
3 1189 1183 1187
3 1189 1096 1183
3 1190 1105 1189
3 1190 1107 1106
3 1190 1189 1107
3 1191 1190 1106
3 1191 1106 1192
3 1191 1192 1193
3 1194 1105 1190
3 1194 1190 1191
3 1194 1191 1193
3 1195 1111 1105
3 1195 1194 1193
3 1195 1105 1194
3 1196 1192 1106
3 1196 1193 1192
3 1197 1111 1195
3 1197 1195 1193
3 1197 1193 1196
3 1198 1102 1100
3 1198 1100 1109
3 1198 1106 1102
3 1198 1196 1106
3 1199 1197 1196
3 1199 1198 1109
3 1199 1196 1198
3 1200 1111 1197
3 1200 1197 1201
3 1202 1197 1199
3 1202 1199 1109
3 1202 1109 1201
3 1202 1201 1197
3 1203 1200 1201
3 1204 1111 1200
3 1204 1203 1205
3 1204 1200 1203
3 1206 1111 1204
3 1206 1110 1111
3 1207 1110 1206
3 1208 1110 1207
3 1208 1207 1209
3 1210 1110 1208
3 1210 1113 1110
3 1211 1209 1212
3 1211 1210 1208
3 1211 1113 1210
3 1211 1208 1209
3 1213 1212 1205
3 1214 1211 1212
3 1215 1205 1109
3 1215 1213 1205
3 1215 1109 1051
3 1216 1113 1211
3 1216 1211 1214
3 1216 1214 1116
3 1217 1114 1113
3 1217 1113 1216
3 1217 1216 1116
3 1217 1116 1114
3 1218 1212 1213
3 1218 1213 1215
3 1218 1215 1051
3 1219 1214 1212
3 1219 1212 1218
3 1219 1116 1214
3 1219 1218 1051
3 1219 1051 1116
3 1220 1036 1112
3 1221 1112 1114
3 1221 1114 1115
3 1222 1036 1220
3 1223 1112 1221
3 1223 1221 1115
3 1224 1036 1222
3 1224 1119 1036
3 1224 1225 1119
3 1226 1220 1112
3 1226 1222 1220
3 1226 1227 1222
3 1226 1112 1223
3 1228 1224 1222
3 1228 1222 1227
3 1228 1225 1224
3 1228 1227 1225
3 1229 1223 1115
3 1229 1227 1226
3 1229 1226 1223
3 1230 1229 1115
3 1230 1115 1117
3 1231 1229 1230
3 1231 1230 1117
3 1232 1225 1227
3 1232 1227 1229
3 1232 1229 1231
3 1233 1231 1117
3 1233 1232 1231
3 1234 1117 1123
3 1234 1233 1117
3 1235 1234 1123
3 1236 1119 1225
3 1236 1237 1119
3 1236 1225 1235
3 1238 1236 1235
3 1238 1235 1123
3 1238 1237 1236
3 1239 1237 1238
3 1239 1238 1123
3 1239 1119 1237
3 1239 1118 1119
3 1240 1118 1239
3 1240 1239 1123
3 1241 1118 1240
3 1241 1120 1118
3 1242 1241 1240
3 1243 1240 1123
3 1243 1242 1240
3 1243 1123 1122
3 1244 1242 1243
3 1245 1246 1120
3 1247 1245 1244
3 1248 1247 1122
3 1248 1246 1245
3 1248 1245 1247
3 1248 1122 1124
3 1248 1249 1246
3 1248 1124 1249
3 1250 1120 1246
3 1250 1121 1120
3 1250 1246 1249
3 1251 1121 1250
3 1252 1250 1249
3 1252 1251 1250
3 1252 1249 1124
3 1253 1252 1124
3 1253 1121 1251
3 1253 1251 1252
3 1254 1124 1125
3 1254 1125 1255
3 1254 1253 1124
3 1254 1121 1253
3 1254 1255 1121
3 1256 1255 1125
3 1256 1125 1257
3 1256 1121 1255
3 1258 1121 1256
3 1258 1256 1257
3 1259 1126 1121
3 1259 1121 1258
3 1259 1258 1257
3 1260 1126 1259
3 1260 1259 1257
3 1261 1257 1262
3 1261 1260 1257
3 1263 1261 1262
3 1263 1126 1260
3 1263 1260 1261
3 1264 1127 1126
3 1264 1126 1263
3 1265 1127 1264
3 1265 1263 1262
3 1265 1264 1263
3 1266 1262 1257
3 1267 1125 1052
3 1267 1257 1125
3 1267 1266 1257
3 1268 1265 1262
3 1269 1127 1265
3 1269 1268 1131
3 1269 1265 1268
3 1270 1262 1266
3 1270 1267 1052
3 1270 1266 1267
3 1271 1129 1127
3 1271 1127 1269
3 1271 1131 1129
3 1271 1269 1131
3 1272 1052 1131
3 1272 1268 1262
3 1272 1270 1052
3 1272 1262 1270
3 1272 1131 1268
3 1273 1037 1128
3 1274 1128 1129
3 1274 1131 1130
3 1274 1129 1131
3 1275 1037 1273
3 1276 1128 1274
3 1276 1273 1128
3 1276 1274 1130
3 1277 1275 1273
3 1277 1273 1276
3 1277 1276 1130
3 1277 1278 1275
3 1279 1135 1037
3 1279 1280 1135
3 1279 1037 1275
3 1281 1280 1279
3 1281 1279 1275
3 1281 1275 1278
3 1282 1277 1130
3 1282 1278 1277
3 1283 1282 1130
3 1283 1130 1132
3 1284 1278 1282
3 1284 1282 1283
3 1284 1283 1132
3 1285 1280 1281
3 1285 1281 1278
3 1285 1278 1284
3 1286 1284 1132
3 1286 1280 1285
3 1286 1285 1284
3 1287 1132 1139
3 1287 1286 1132
3 1287 1280 1286
3 1288 1280 1287
3 1288 1287 1139
3 1288 1135 1280
3 1288 1139 1289
3 1288 1289 1135
3 1290 1289 1139
3 1290 1133 1135
3 1290 1135 1289
3 1291 1133 1290
3 1291 1290 1139
3 1292 1133 1291
3 1292 1136 1133
3 1293 1291 1139
3 1293 1292 1291
3 1293 1136 1292
3 1294 1139 1140
3 1294 1140 1137
3 1294 1293 1139
3 1294 1137 1136
3 1294 1136 1293
3 1295 1134 1137
3 1295 1137 1140
3 1296 1140 1138
3 1296 1295 1140
3 1297 1134 1295
3 1297 1295 1296
3 1297 1296 1138
3 1298 1143 1134
3 1298 1134 1297
3 1298 1138 1143
3 1298 1297 1138
3 1299 1134 1143
3 1299 1141 1134
3 1299 1143 1142
3 1300 1141 1299
3 1301 1142 1302
3 1301 1299 1142
3 1301 1300 1299
3 1303 1301 1302
3 1303 1141 1300
3 1303 1302 1304
3 1303 1300 1301
3 1305 1146 1145
3 1305 1141 1303
3 1305 1303 1304
3 1306 1149 1146
3 1306 1142 1053
3 1306 1302 1142
3 1306 1304 1302
3 1306 1053 1149
3 1307 1053 1150
3 1307 1149 1053
3 1307 1148 1149
3 1307 1150 1148
3 1308 1155 1154
3 1308 1154 1147
3 1308 1147 1151
3 1308 1151 1152
3 1308 1152 1155
3 1309 1154 1156
3 1309 1153 1154
3 1309 1156 1158
3 1309 1158 1153
3 1310 1159 1158
3 1310 1162 1161
3 1310 1161 1159
3 1310 1156 1163
3 1310 1158 1156
3 1310 1163 1162
3 1311 1162 1168
3 1311 1165 1164
3 1311 1164 1162
3 1312 1165 1311
3 1313 1168 1169
3 1313 1312 1311
3 1313 1311 1168
3 1314 1166 1165
3 1314 1170 1166
3 1314 1169 1170
3 1314 1165 1312
3 1314 1313 1169
3 1314 1312 1313
3 1315 1059 1058
3 1315 1060 1059
3 1315 1061 1060
3 1315 1062 1061
3 1315 1055 1062
3 1315 1176 1071
3 1315 1058 1177
3 1315 1177 1176
3 1315 1071 1055
3 1316 1045 1046
3 1316 1063 1179
3 1316 1179 1180
3 1316 1046 1063
3 1316 1178 1045
3 1317 1316 1180
3 1317 1087 1178
3 1317 1178 1316
3 1317 1180 1087
3 1318 1095 1181
3 1318 1094 1093
3 1318 1093 1095
3 1318 1181 1094
3 1319 1205 1203
3 1319 1201 1109
3 1319 1203 1201
3 1319 1109 1205
3 1320 1204 1205
3 1320 1206 1204
3 1320 1207 1206
3 1320 1209 1207
3 1320 1212 1209
3 1320 1205 1212
3 1321 1225 1232
3 1321 1232 1233
3 1321 1233 1234
3 1321 1235 1225
3 1321 1234 1235
3 1322 1120 1241
3 1322 1241 1242
3 1322 1242 1244
3 1322 1244 1245
3 1322 1245 1120
3 1323 1243 1122
3 1323 1122 1247
3 1323 1244 1243
3 1323 1247 1244
3 1324 1038 1141
3 1324 1145 1038
3 1324 1141 1305
3 1324 1305 1145
3 1325 1306 1146
3 1325 1146 1305
3 1325 1305 1304
3 1325 1304 1306
3 1353 1333 1332
3 1353 1334 1333
3 1354 1349 1334
3 1354 1334 1353
3 1355 1354 1353
3 1356 1355 1353
3 1357 1358 1359
3 1360 1345 1357
3 1360 1346 1345
3 1360 1359 1361
3 1360 1357 1359
3 1362 1338 1339
3 1363 1361 1364
3 1363 1346 1360
3 1363 1347 1346
3 1363 1348 1347
3 1363 1360 1361
3 1363 1339 1348
3 1363 1362 1339
3 1363 1364 1362
3 1365 1330 1329
3 1365 1331 1330
3 1366 1331 1365
3 1367 1329 1328
3 1367 1365 1329
3 1368 1366 1365
3 1368 1365 1367
3 1369 1367 1328
3 1370 1368 1367
3 1370 1367 1369
3 1371 1366 1368
3 1371 1368 1370
3 1372 1354 1355
3 1372 1355 1356
3 1373 1372 1356
3 1374 1372 1373
3 1375 1374 1373
3 1376 1370 1369
3 1376 1371 1370
3 1377 1354 1372
3 1377 1372 1374
3 1377 1349 1354
3 1378 1349 1377
3 1379 1326 1335
3 1379 1376 1326
3 1380 1349 1378
3 1380 1381 1382
3 1380 1378 1381
3 1383 1379 1335
3 1384 1380 1382
3 1385 1383 1335
3 1385 1386 1383
3 1385 1382 1386
3 1387 1388 1389
3 1387 1389 1390
3 1391 1388 1387
3 1392 1388 1391
3 1392 1350 1349
3 1392 1349 1388
3 1393 1335 1336
3 1393 1394 1395
3 1393 1395 1335
3 1396 1350 1392
3 1396 1392 1397
3 1398 1350 1396
3 1399 1400 1401
3 1399 1401 1393
3 1399 1393 1336
3 1402 1400 1399
3 1403 1350 1398
3 1404 1400 1402
3 1405 1350 1403
3 1406 1350 1405
3 1407 1408 1409
3 1410 1408 1407
3 1411 1351 1350
3 1411 1350 1406
3 1411 1406 1412
3 1413 1414 1415
3 1416 1414 1413
3 1417 1414 1416
3 1418 1411 1419
3 1418 1351 1411
3 1420 1418 1419
3 1420 1421 1418
3 1422 1336 1337
3 1422 1416 1336
3 1422 1417 1416
3 1423 1421 1420
3 1424 1425 1426
3 1427 1351 1424
3 1428 1429 1427
3 1428 1427 1424
3 1428 1424 1426
3 1430 1422 1337
3 1430 1431 1422
3 1432 1430 1337
3 1433 1432 1337
3 1434 1426 1433
3 1435 1427 1429
3 1435 1352 1351
3 1435 1351 1427
3 1436 1435 1429
3 1436 1429 1437
3 1438 1433 1337
3 1438 1434 1433
3 1439 1435 1436
3 1439 1352 1435
3 1440 1441 1437
3 1442 1441 1440
3 1442 1337 1338
3 1442 1438 1337
3 1442 1440 1438
3 1443 1352 1439
3 1443 1439 1444
3 1443 1444 1445
3 1446 1352 1443
3 1447 1358 1446
3 1447 1445 1358
3 1447 1443 1445
3 1447 1446 1443
3 1448 1446 1358
3 1448 1340 1352
3 1448 1352 1446
3 1449 1441 1442
3 1449 1442 1338
3 1449 1450 1441
3 1451 1445 1450
3 1451 1449 1338
3 1451 1450 1449
3 1452 1445 1451
3 1452 1358 1445
3 1453 1451 1338
3 1453 1452 1451
3 1454 1455 1448
3 1454 1448 1358
3 1454 1358 1357
3 1456 1341 1340
3 1456 1342 1341
3 1456 1340 1448
3 1456 1448 1455
3 1456 1455 1454
3 1457 1359 1358
3 1457 1358 1452
3 1457 1364 1361
3 1457 1338 1362
3 1457 1362 1364
3 1457 1452 1453
3 1457 1361 1359
3 1457 1453 1338
3 1458 1342 1456
3 1458 1343 1342
3 1458 1357 1345
3 1458 1344 1343
3 1458 1345 1344
3 1458 1454 1357
3 1458 1456 1454
3 1459 1332 1331
3 1459 1353 1332
3 1459 1460 1353
3 1459 1331 1366
3 1461 1327 1326
3 1461 1328 1327
3 1461 1369 1328
3 1461 1376 1369
3 1461 1326 1376
3 1462 1459 1366
3 1462 1366 1371
3 1462 1460 1459
3 1463 1356 1353
3 1463 1353 1460
3 1463 1460 1462
3 1464 1462 1371
3 1464 1463 1462
3 1465 1463 1464
3 1465 1356 1463
3 1466 1464 1371
3 1466 1465 1464
3 1467 1373 1356
3 1467 1375 1373
3 1467 1356 1465
3 1468 1465 1466
3 1468 1466 1371
3 1468 1467 1465
3 1469 1468 1371
3 1469 1467 1468
3 1469 1371 1376
3 1469 1376 1379
3 1470 1375 1471
3 1470 1374 1375
3 1470 1377 1374
3 1472 1467 1469
3 1472 1469 1379
3 1473 1377 1470
3 1473 1378 1377
3 1474 1375 1467
3 1474 1471 1375
3 1474 1467 1472
3 1475 1473 1470
3 1475 1378 1473
3 1475 1470 1471
3 1475 1381 1378
3 1476 1472 1379
3 1476 1471 1474
3 1476 1474 1472
3 1477 1476 1379
3 1477 1471 1476
3 1477 1379 1383
3 1478 1475 1471
3 1478 1381 1475
3 1478 1471 1477
3 1478 1477 1383
3 1478 1383 1386
3 1479 1349 1380
3 1479 1380 1384
3 1480 1381 1478
3 1480 1478 1386
3 1481 1479 1384
3 1481 1349 1479
3 1482 1381 1480
3 1482 1480 1386
3 1482 1382 1381
3 1482 1386 1382
3 1483 1389 1388
3 1483 1481 1384
3 1483 1349 1481
3 1483 1384 1390
3 1483 1388 1349
3 1483 1390 1389
3 1484 1385 1485
3 1484 1384 1382
3 1484 1382 1385
3 1486 1390 1384
3 1486 1384 1484
3 1487 1484 1485
3 1487 1486 1484
3 1488 1486 1487
3 1489 1387 1390
3 1489 1390 1486
3 1489 1486 1488
3 1490 1387 1489
3 1490 1489 1488
3 1491 1395 1485
3 1491 1485 1385
3 1491 1335 1395
3 1491 1385 1335
3 1492 1485 1395
3 1492 1487 1485
3 1492 1488 1487
3 1492 1490 1488
3 1493 1387 1490
3 1493 1490 1492
3 1494 1391 1387
3 1495 1387 1493
3 1495 1494 1387
3 1496 1395 1394
3 1496 1492 1395
3 1496 1493 1492
3 1496 1495 1493
3 1496 1394 1495
3 1497 1391 1494
3 1497 1495 1394
3 1497 1494 1495
3 1498 1392 1391
3 1499 1391 1497
3 1499 1497 1394
3 1499 1500 1498
3 1499 1498 1391
3 1501 1392 1498
3 1501 1498 1500
3 1502 1392 1501
3 1502 1397 1392
3 1502 1501 1500
3 1503 1394 1393
3 1503 1499 1394
3 1503 1500 1499
3 1504 1503 1393
3 1504 1500 1503
3 1505 1397 1502
3 1505 1502 1500
3 1506 1504 1393
3 1506 1500 1504
3 1506 1505 1500
3 1506 1393 1401
3 1506 1401 1505
3 1507 1397 1505
3 1507 1505 1401
3 1508 1396 1397
3 1509 1397 1507
3 1509 1508 1397
3 1510 1507 1401
3 1510 1509 1507
3 1510 1400 1509
3 1510 1401 1400
3 1511 1509 1400
3 1511 1508 1509
3 1512 1398 1396
3 1512 1508 1511
3 1512 1396 1508
3 1513 1511 1400
3 1513 1512 1511
3 1514 1513 1400
3 1514 1400 1404
3 1515 1512 1513
3 1515 1513 1514
3 1516 1398 1512
3 1516 1512 1515
3 1517 1516 1515
3 1517 1514 1404
3 1517 1515 1514
3 1517 1404 1409
3 1518 1398 1516
3 1518 1516 1517
3 1518 1408 1403
3 1518 1409 1408
3 1518 1517 1409
3 1518 1403 1398
3 1519 1403 1408
3 1519 1405 1403
3 1519 1408 1410
3 1520 1402 1399
3 1520 1399 1336
3 1520 1404 1402
3 1520 1409 1404
3 1520 1407 1409
3 1520 1336 1407
3 1521 1405 1519
3 1522 1406 1405
3 1522 1405 1521
3 1523 1522 1521
3 1524 1519 1410
3 1524 1410 1415
3 1524 1523 1521
3 1524 1521 1519
3 1525 1522 1523
3 1526 1525 1414
3 1526 1522 1525
3 1527 1415 1414
3 1527 1414 1525
3 1527 1524 1415
3 1527 1523 1524
3 1527 1525 1523
3 1528 1412 1406
3 1528 1406 1522
3 1528 1526 1414
3 1528 1522 1526
3 1529 1410 1407
3 1529 1415 1410
3 1529 1336 1416
3 1529 1413 1415
3 1529 1416 1413
3 1529 1407 1336
3 1530 1411 1412
3 1531 1412 1528
3 1531 1414 1417
3 1531 1528 1414
3 1532 1412 1531
3 1532 1531 1417
3 1533 1411 1530
3 1533 1530 1534
3 1535 1534 1530
3 1535 1412 1532
3 1535 1532 1417
3 1535 1530 1412
3 1536 1419 1411
3 1536 1411 1533
3 1536 1533 1534
3 1537 1534 1535
3 1537 1535 1417
3 1537 1417 1422
3 1538 1419 1536
3 1538 1536 1534
3 1539 1534 1537
3 1539 1538 1534
3 1539 1537 1422
3 1540 1419 1538
3 1540 1538 1431
3 1541 1419 1540
3 1541 1540 1431
3 1541 1420 1419
3 1542 1538 1539
3 1542 1539 1422
3 1542 1422 1431
3 1542 1431 1538
3 1543 1351 1418
3 1543 1418 1421
3 1543 1421 1423
3 1543 1423 1425
3 1543 1424 1351
3 1543 1425 1424
3 1544 1431 1430
3 1544 1541 1431
3 1544 1420 1541
3 1545 1423 1420
3 1546 1420 1544
3 1547 1545 1420
3 1547 1420 1546
3 1548 1423 1545
3 1548 1425 1423
3 1549 1545 1547
3 1549 1548 1545
3 1550 1430 1432
3 1550 1547 1546
3 1550 1546 1544
3 1550 1549 1547
3 1550 1544 1430
3 1551 1550 1432
3 1551 1433 1426
3 1551 1432 1433
3 1551 1549 1550
3 1551 1425 1548
3 1551 1548 1549
3 1551 1426 1425
3 1552 1428 1426
3 1552 1426 1434
3 1553 1428 1552
3 1553 1552 1434
3 1554 1429 1428
3 1554 1428 1553
3 1555 1553 1434
3 1555 1554 1553
3 1555 1429 1554
3 1556 1555 1434
3 1556 1434 1438
3 1556 1438 1440
3 1557 1429 1555
3 1557 1555 1556
3 1557 1556 1440
3 1558 1437 1429
3 1558 1429 1557
3 1558 1557 1440
3 1558 1440 1437
3 1559 1437 1441
3 1559 1436 1437
3 1560 1559 1441
3 1560 1436 1559
3 1561 1439 1436
3 1561 1444 1439
3 1561 1436 1560
3 1562 1444 1561
3 1562 1560 1441
3 1562 1561 1560
3 1563 1441 1450
3 1563 1562 1441
3 1564 1444 1562
3 1564 1563 1450
3 1564 1562 1563
3 1565 1445 1444
3 1565 1450 1445
3 1565 1444 1564
3 1565 1564 1450
3 1567 1595 1566
3 1596 1595 1567
3 1591 1597 1596
3 1591 1590 1597
3 1591 1596 1567
3 1592 1567 1568
3 1592 1591 1567
3 1579 1570 1571
3 1579 1571 1572
3 1579 1572 1573
3 1579 1573 1574
3 1579 1574 1575
3 1579 1575 1576
3 1579 1576 1577
3 1579 1577 1578
3 1593 1568 1569
3 1593 1592 1568
3 1594 1569 1570
3 1594 1593 1569
3 1580 1588 1589
3 1580 1589 1594
3 1580 1570 1579
3 1580 1594 1570
3 1587 1588 1580
3 1582 1580 1581
3 1586 1587 1580
3 1585 1586 1580
3 1583 1580 1582
3 1584 1585 1580
3 1584 1580 1583
3 1610 1613 1614
3 1610 1614 1615
3 1610 1615 1616
3 1610 1616 1617
3 1612 1613 1610
3 1611 1612 1610
3 1598 1611 1610
3 1605 1598 1610
3 1606 1599 1598
3 1606 1598 1605
3 1607 1600 1599
3 1607 1599 1606
3 1608 1601 1600
3 1608 1600 1607
3 1609 1602 1601
3 1609 1601 1608
3 1604 1603 1602
3 1604 1602 1609
3 1643 1618 1619
3 1644 1622 1623
3 1645 1635 1634
3 1646 1648 1647
3 1646 1635 1645
3 1646 1645 1648
3 1649 1629 1628
3 1649 1630 1629
3 1649 1628 1650
3 1651 1649 1650
3 1651 1650 1652
3 1651 1630 1649
3 1653 1630 1651
3 1654 1656 1655
3 1654 1655 1643
3 1654 1657 1656
3 1658 1659 1657
3 1658 1657 1654
3 1660 1659 1658
3 1661 1658 1654
3 1661 1660 1658
3 1662 1660 1661
3 1663 1660 1662
3 1664 1660 1663
3 1665 1643 1619
3 1665 1661 1654
3 1665 1654 1643
3 1666 1631 1630
3 1666 1630 1653
3 1667 1666 1668
3 1667 1631 1666
3 1669 1671 1670
3 1669 1619 1620
3 1669 1670 1619
3 1672 1674 1673
3 1675 1676 1669
3 1675 1669 1620
3 1677 1631 1672
3 1677 1632 1631
3 1677 1672 1678
3 1679 1675 1620
3 1680 1675 1679
3 1681 1677 1682
3 1681 1632 1677
3 1683 1632 1681
3 1684 1632 1683
3 1685 1633 1632
3 1685 1687 1686
3 1685 1632 1687
3 1688 1690 1689
3 1688 1689 1685
3 1691 1690 1692
3 1693 1620 1621
3 1693 1694 1620
3 1693 1692 1694
3 1693 1691 1692
3 1695 1693 1621
3 1696 1693 1695
3 1697 1633 1685
3 1697 1685 1689
3 1698 1633 1697
3 1699 1700 1621
3 1699 1701 1700
3 1699 1621 1702
3 1703 1698 1701
3 1703 1633 1698
3 1704 1703 1701
3 1705 1633 1703
3 1705 1703 1704
3 1706 1633 1705
3 1706 1705 1707
3 1708 1710 1709
3 1708 1709 1634
3 1708 1634 1633
3 1708 1633 1706
3 1708 1706 1707
3 1711 1710 1702
3 1712 1711 1702
3 1712 1621 1622
3 1712 1702 1621
3 1713 1712 1622
3 1714 1711 1712
3 1714 1712 1713
3 1715 1713 1622
3 1715 1714 1713
3 1716 1715 1622
3 1716 1717 1715
3 1716 1718 1717
3 1719 1634 1709
3 1720 1718 1716
3 1721 1716 1622
3 1721 1720 1716
3 1721 1722 1720
3 1723 1634 1719
3 1724 1721 1622
3 1724 1722 1721
3 1724 1622 1644
3 1725 1723 1718
3 1725 1718 1720
3 1725 1720 1722
3 1726 1725 1722
3 1726 1723 1725
3 1726 1634 1723
3 1727 1726 1722
3 1727 1722 1648
3 1727 1648 1645
3 1727 1645 1634
3 1727 1634 1726
3 1728 1648 1722
3 1728 1722 1724
3 1728 1724 1644
3 1729 1648 1728
3 1729 1728 1644
3 1730 1729 1644
3 1731 1647 1648
3 1731 1730 1647
3 1731 1648 1729
3 1731 1729 1730
3 1732 1644 1623
3 1732 1647 1730
3 1732 1730 1644
3 1733 1646 1647
3 1733 1647 1732
3 1733 1732 1734
3 1735 1623 1636
3 1735 1636 1637
3 1735 1637 1638
3 1735 1638 1639
3 1735 1732 1623
3 1735 1734 1732
3 1735 1733 1734
3 1736 1626 1625
3 1737 1627 1626
3 1737 1626 1736
3 1738 1737 1736
3 1739 1738 1736
3 1740 1737 1738
3 1740 1628 1627
3 1740 1650 1628
3 1740 1627 1737
3 1741 1738 1739
3 1741 1740 1738
3 1742 1650 1740
3 1742 1740 1741
3 1743 1745 1744
3 1743 1746 1745
3 1747 1651 1652
3 1747 1653 1651
3 1747 1748 1653
3 1749 1743 1744
3 1749 1751 1750
3 1749 1748 1747
3 1749 1750 1743
3 1749 1747 1751
3 1749 1744 1752
3 1749 1752 1748
3 1753 1748 1752
3 1753 1653 1748
3 1754 1752 1744
3 1754 1753 1752
3 1755 1753 1754
3 1756 1753 1755
3 1756 1653 1753
3 1756 1666 1653
3 1757 1659 1660
3 1757 1660 1664
3 1758 1666 1756
3 1759 1757 1664
3 1759 1758 1757
3 1759 1666 1758
3 1760 1662 1661
3 1760 1664 1663
3 1760 1663 1662
3 1760 1661 1665
3 1761 1668 1666
3 1761 1666 1759
3 1761 1759 1664
3 1761 1760 1668
3 1761 1664 1760
3 1762 1760 1665
3 1762 1668 1760
3 1763 1762 1665
3 1763 1665 1764
3 1765 1668 1762
3 1765 1762 1763
3 1766 1665 1619
3 1766 1764 1665
3 1767 1668 1765
3 1767 1667 1668
3 1768 1764 1766
3 1768 1769 1764
3 1770 1768 1766
3 1770 1766 1619
3 1771 1764 1769
3 1772 1667 1767
3 1773 1770 1619
3 1773 1619 1774
3 1775 1667 1772
3 1775 1772 1771
3 1776 1771 1769
3 1776 1775 1771
3 1777 1667 1775
3 1777 1778 1667
3 1777 1775 1776
3 1777 1776 1778
3 1779 1670 1780
3 1779 1774 1619
3 1779 1619 1670
3 1781 1631 1667
3 1781 1667 1778
3 1781 1782 1631
3 1783 1780 1670
3 1784 1785 1780
3 1784 1780 1783
3 1786 1784 1783
3 1786 1783 1670
3 1787 1631 1782
3 1788 1631 1787
3 1789 1791 1790
3 1789 1790 1784
3 1789 1784 1786
3 1792 1786 1670
3 1792 1791 1789
3 1792 1789 1786
3 1793 1631 1788
3 1793 1788 1794
3 1795 1792 1670
3 1796 1791 1792
3 1796 1792 1795
3 1797 1794 1790
3 1797 1790 1791
3 1797 1791 1674
3 1797 1672 1631
3 1797 1793 1794
3 1797 1631 1793
3 1797 1674 1672
3 1798 1670 1671
3 1798 1795 1670
3 1799 1798 1671
3 1799 1673 1798
3 1800 1672 1673
3 1800 1673 1799
3 1801 1799 1671
3 1801 1800 1799
3 1801 1672 1800
3 1802 1801 1671
3 1802 1671 1803
3 1804 1672 1801
3 1804 1801 1802
3 1804 1678 1672
3 1805 1807 1806
3 1808 1669 1676
3 1808 1807 1669
3 1808 1806 1807
3 1809 1677 1678
3 1809 1805 1806
3 1810 1806 1808
3 1811 1677 1809
3 1811 1809 1806
3 1811 1806 1810
3 1812 1676 1675
3 1813 1814 1682
3 1815 1812 1675
3 1815 1814 1812
3 1815 1682 1814
3 1816 1675 1680
3 1816 1815 1675
3 1817 1682 1815
3 1817 1815 1816
3 1817 1816 1680
3 1818 1817 1680
3 1818 1682 1817
3 1818 1681 1682
3 1819 1818 1680
3 1819 1680 1679
3 1819 1679 1820
3 1821 1818 1819
3 1821 1681 1818
3 1822 1679 1620
3 1822 1820 1679
3 1823 1820 1822
3 1823 1824 1820
3 1825 1819 1820
3 1825 1821 1819
3 1825 1681 1821
3 1826 1825 1820
3 1826 1820 1824
3 1827 1823 1822
3 1827 1822 1620
3 1828 1827 1620
3 1828 1620 1829
3 1830 1681 1825
3 1830 1825 1826
3 1831 1826 1824
3 1831 1830 1826
3 1832 1681 1830
3 1832 1830 1831
3 1832 1831 1683
3 1832 1683 1681
3 1833 1683 1831
3 1833 1684 1683
3 1833 1834 1684
3 1835 1836 1694
3 1837 1836 1835
3 1838 1835 1694
3 1838 1837 1835
3 1839 1632 1684
3 1840 1632 1839
3 1841 1837 1838
3 1841 1842 1837
3 1841 1843 1842
3 1844 1838 1694
3 1844 1841 1838
3 1844 1843 1841
3 1845 1842 1843
3 1846 1632 1840
3 1846 1840 1845
3 1846 1845 1843
3 1846 1843 1687
3 1846 1687 1632
3 1847 1844 1694
3 1848 1843 1844
3 1848 1844 1847
3 1848 1687 1843
3 1848 1686 1687
3 1849 1694 1692
3 1849 1847 1694
3 1849 1848 1847
3 1849 1686 1848
3 1849 1692 1686
3 1850 1685 1686
3 1850 1686 1692
3 1851 1685 1850
3 1851 1850 1692
3 1852 1851 1692
3 1853 1688 1685
3 1853 1852 1688
3 1853 1685 1851
3 1853 1851 1852
3 1854 1690 1688
3 1854 1688 1852
3 1854 1852 1692
3 1854 1692 1690
3 1855 1689 1690
3 1855 1690 1691
3 1856 1691 1693
3 1857 1855 1691
3 1857 1691 1856
3 1857 1689 1855
3 1858 1856 1693
3 1858 1857 1856
3 1858 1689 1857
3 1859 1858 1693
3 1859 1689 1858
3 1859 1693 1696
3 1860 1689 1859
3 1860 1859 1696
3 1860 1697 1689
3 1861 1696 1695
3 1861 1695 1862
3 1863 1697 1860
3 1863 1696 1861
3 1863 1860 1696
3 1864 1695 1621
3 1864 1862 1695
3 1865 1862 1864
3 1865 1866 1862
3 1867 1861 1862
3 1867 1697 1863
3 1867 1863 1861
3 1868 1862 1866
3 1869 1621 1700
3 1869 1700 1701
3 1869 1864 1621
3 1869 1865 1864
3 1869 1866 1865
3 1869 1701 1866
3 1870 1867 1862
3 1870 1862 1868
3 1871 1698 1697
3 1871 1867 1870
3 1871 1697 1867
3 1872 1868 1866
3 1872 1870 1868
3 1872 1698 1871
3 1872 1871 1870
3 1872 1866 1701
3 1872 1701 1698
3 1873 1701 1699
3 1873 1704 1701
3 1874 1873 1699
3 1875 1705 1704
3 1875 1704 1873
3 1875 1873 1874
3 1876 1702 1707
3 1876 1699 1702
3 1876 1874 1699
3 1877 1876 1707
3 1877 1707 1705
3 1877 1705 1875
3 1877 1875 1874
3 1877 1874 1876
3 1878 1707 1702
3 1878 1708 1707
3 1879 1702 1710
3 1879 1878 1702
3 1879 1710 1708
3 1879 1708 1878
3 1880 1709 1710
3 1880 1710 1711
3 1880 1714 1709
3 1880 1711 1714
3 1881 1714 1715
3 1882 1709 1714
3 1882 1714 1881
3 1882 1719 1709
3 1883 1715 1717
3 1883 1881 1715
3 1884 1882 1881
3 1884 1719 1882
3 1884 1881 1883
3 1885 1717 1718
3 1885 1723 1719
3 1885 1718 1723
3 1885 1883 1717
3 1885 1884 1883
3 1885 1719 1884
3 1886 1639 1640
3 1886 1640 1641
3 1886 1641 1642
3 1886 1642 1635
3 1886 1735 1639
3 1886 1635 1646
3 1886 1646 1733
3 1886 1733 1735
3 1887 1624 1618
3 1887 1625 1624
3 1888 1887 1618
3 1888 1736 1625
3 1888 1625 1887
3 1889 1888 1618
3 1890 1888 1889
3 1890 1736 1888
3 1890 1739 1736
3 1891 1892 1739
3 1891 1643 1746
3 1891 1618 1643
3 1891 1889 1618
3 1891 1739 1890
3 1891 1890 1889
3 1893 1650 1742
3 1893 1742 1741
3 1893 1739 1892
3 1893 1652 1650
3 1893 1741 1739
3 1894 1652 1893
3 1894 1893 1892
3 1895 1652 1894
3 1895 1747 1652
3 1895 1750 1751
3 1895 1894 1892
3 1895 1751 1747
3 1896 1744 1745
3 1896 1754 1744
3 1896 1657 1659
3 1897 1896 1659
3 1897 1754 1896
3 1897 1755 1754
3 1897 1756 1755
3 1897 1659 1757
3 1897 1757 1758
3 1897 1758 1756
3 1898 1767 1765
3 1898 1765 1763
3 1898 1772 1767
3 1898 1763 1764
3 1898 1764 1771
3 1898 1771 1772
3 1899 1900 1776
3 1899 1768 1770
3 1899 1769 1768
3 1899 1776 1769
3 1901 1899 1770
3 1901 1900 1899
3 1902 1901 1770
3 1902 1770 1773
3 1902 1773 1774
3 1903 1901 1902
3 1903 1900 1901
3 1903 1902 1774
3 1903 1774 1904
3 1903 1904 1900
3 1905 1774 1779
3 1906 1776 1900
3 1906 1781 1778
3 1906 1778 1776
3 1907 1781 1906
3 1907 1906 1900
3 1908 1905 1779
3 1908 1780 1785
3 1908 1779 1780
3 1909 1781 1907
3 1909 1907 1900
3 1909 1782 1781
3 1909 1900 1904
3 1910 1787 1782
3 1910 1782 1909
3 1910 1909 1904
3 1911 1910 1904
3 1912 1911 1785
3 1913 1912 1785
3 1914 1911 1912
3 1914 1788 1787
3 1914 1787 1910
3 1914 1910 1911
3 1914 1912 1913
3 1915 1790 1794
3 1915 1784 1790
3 1915 1785 1784
3 1915 1913 1785
3 1916 1794 1788
3 1916 1915 1794
3 1916 1914 1913
3 1916 1788 1914
3 1916 1913 1915
3 1917 1674 1791
3 1917 1673 1674
3 1917 1791 1796
3 1917 1796 1795
3 1917 1798 1673
3 1917 1795 1798
3 1918 1803 1671
3 1918 1671 1669
3 1919 1803 1918
3 1919 1920 1803
3 1921 1669 1807
3 1921 1918 1669
3 1921 1919 1918
3 1921 1920 1919
3 1921 1805 1920
3 1921 1807 1805
3 1922 1802 1803
3 1922 1804 1802
3 1922 1678 1804
3 1922 1803 1920
3 1923 1920 1805
3 1923 1922 1920
3 1924 1678 1922
3 1924 1922 1923
3 1924 1805 1809
3 1924 1809 1678
3 1924 1923 1805
3 1925 1808 1676
3 1925 1810 1808
3 1926 1927 1810
3 1926 1810 1925
3 1928 1925 1676
3 1928 1676 1812
3 1928 1927 1926
3 1928 1926 1925
3 1928 1812 1814
3 1928 1813 1927
3 1928 1814 1813
3 1929 1682 1677
3 1929 1810 1927
3 1929 1677 1811
3 1929 1811 1810
3 1929 1813 1682
3 1929 1927 1813
3 1930 1823 1827
3 1931 1824 1823
3 1931 1833 1831
3 1931 1823 1930
3 1931 1831 1824
3 1932 1827 1828
3 1932 1930 1827
3 1933 1930 1932
3 1933 1931 1930
3 1933 1833 1931
3 1934 1933 1932
3 1934 1833 1933
3 1935 1934 1932
3 1935 1833 1934
3 1935 1834 1833
3 1936 1932 1828
3 1936 1935 1932
3 1936 1834 1935
3 1936 1828 1829
3 1937 1839 1684
3 1937 1684 1834
3 1938 1839 1937
3 1939 1837 1842
3 1939 1842 1845
3 1939 1840 1839
3 1939 1845 1840
3 1939 1839 1938
3 1940 1750 1895
3 1940 1895 1892
3 1940 1891 1746
3 1940 1746 1743
3 1940 1743 1750
3 1940 1892 1891
3 1941 1657 1896
3 1941 1655 1656
3 1941 1746 1643
3 1941 1643 1655
3 1941 1896 1745
3 1941 1745 1746
3 1941 1656 1657
3 1942 1785 1911
3 1942 1905 1908
3 1942 1908 1785
3 1942 1911 1904
3 1942 1904 1774
3 1942 1774 1905
3 1943 1834 1936
3 1943 1936 1829
3 1943 1938 1937
3 1943 1937 1834
3 1944 1938 1943
3 1945 1837 1939
3 1945 1939 1938
3 1945 1938 1944
3 1945 1944 1836
3 1945 1836 1837
3 1946 1943 1829
3 1946 1829 1620
3 1947 1946 1620
3 1948 1836 1944
3 1948 1943 1946
3 1948 1944 1943
3 1948 1946 1947
3 1948 1947 1620
3 1948 1620 1694
3 1948 1694 1836
3 1976 1957 1956
3 1976 1972 1957
3 1977 1978 1958
3 1979 1980 1981
3 1982 1980 1979
3 1983 1974 1973
3 1984 1974 1983
3 1985 1974 1984
3 1986 1985 1987
3 1986 1974 1985
3 1988 1974 1986
3 1988 1975 1974
3 1989 1987 1990
3 1989 1990 1960
3 1991 1992 1993
3 1994 1970 1971
3 1994 1971 1975
3 1995 1996 1997
3 1995 1998 1996
3 1995 1997 1999
3 2000 1961 1962
3 2001 1962 1963
3 2001 1963 1964
3 2001 1964 1965
3 2001 2000 1962
3 2001 1999 2000
3 2001 1995 1999
3 2002 1950 1949
3 2002 1951 1950
3 2002 1952 1951
3 2002 1953 1952
3 2002 1954 1953
3 2003 1955 1954
3 2003 1956 1955
3 2003 1976 1956
3 2003 1954 2002
3 2004 1949 1958
3 2004 2002 1949
3 2004 2003 2002
3 2004 1976 2003
3 2005 2004 1958
3 2005 1976 2004
3 2006 1958 1978
3 2006 2005 1958
3 2007 1972 2008
3 2009 1972 2007
3 2010 1973 1972
3 2010 2011 1973
3 2010 1972 2009
3 2010 2012 2011
3 2013 2009 2014
3 2013 2014 2012
3 2013 2012 2010
3 2013 2010 2009
3 2015 1958 1959
3 2015 2014 1958
3 2015 2012 2014
3 2015 2011 2012
3 2016 2011 2015
3 2017 1973 2011
3 2017 2011 2016
3 2018 2015 1959
3 2018 2016 2015
3 2019 2017 2016
3 2019 2018 1959
3 2019 2016 2018
3 2020 2021 2017
3 2020 2017 2019
3 2020 2019 1959
3 2022 2017 2021
3 2022 1973 2017
3 2023 2022 2021
3 2023 1981 1973
3 2023 2021 1979
3 2023 1979 1981
3 2023 1973 2022
3 2024 2021 2020
3 2024 2020 1959
3 2025 2021 2024
3 2025 1959 1982
3 2025 1979 2021
3 2025 1982 1979
3 2025 2024 1959
3 2026 1982 1959
3 2026 1980 1982
3 2027 2028 2026
3 2027 2029 2028
3 2030 1959 1960
3 2030 2027 2026
3 2030 1960 1990
3 2030 2026 1959
3 2031 2032 2033
3 2031 1984 2032
3 2034 2031 1990
3 2034 1984 2031
3 2034 1985 1984
3 2035 1985 2034
3 2035 1990 1987
3 2035 2034 1990
3 2035 1987 1985
3 2036 1986 1987
3 2036 1992 1988
3 2036 1993 1992
3 2036 1987 1993
3 2036 1988 1986
3 2037 1987 1989
3 2037 1993 1987
3 2037 1989 1960
3 2038 1993 2037
3 2038 2037 1960
3 2039 1993 2038
3 2040 1988 1992
3 2040 1975 1988
3 2040 1992 1991
3 2041 2038 1960
3 2041 2039 2038
3 2042 1975 2040
3 2043 1991 1993
3 2043 2044 1991
3 2043 1993 2039
3 2043 2039 2041
3 2045 1960 1961
3 2045 2041 1960
3 2045 2044 2043
3 2045 2043 2041
3 2046 1991 2044
3 2046 2040 1991
3 2046 2042 2040
3 2047 2042 2046
3 2048 2047 2046
3 2048 2049 2050
3 2051 1975 2050
3 2052 2050 2049
3 2052 2051 2050
3 2053 1994 1975
3 2053 1975 2051
3 2053 2052 2054
3 2053 2051 2052
3 2055 2045 1961
3 2055 2056 2044
3 2055 2044 2045
3 2057 2049 2056
3 2057 2055 1961
3 2057 2056 2055
3 2058 2049 2057
3 2059 2057 1961
3 2059 2054 2058
3 2059 2058 2057
3 2060 1994 2053
3 2060 2054 1996
3 2060 2053 2054
3 2061 1994 2060
3 2062 1994 2061
3 2063 1996 2054
3 2063 1961 2000
3 2063 1997 1996
3 2063 1999 1997
3 2063 2000 1999
3 2063 2054 2059
3 2063 2059 1961
3 2064 2060 1996
3 2064 2061 2060
3 2064 1998 2062
3 2064 1996 1998
3 2064 2062 2061
3 2065 1994 2062
3 2065 2062 1998
3 2065 1969 1970
3 2065 1970 1994
3 2066 1967 1968
3 2066 2067 1967
3 2066 1969 2065
3 2066 1968 1969
3 2066 2065 2067
3 2068 2008 1972
3 2068 1972 1976
3 2068 1976 2005
3 2068 1978 1977
3 2068 1977 2008
3 2068 2005 2006
3 2068 2006 1978
3 2069 1977 1958
3 2069 2008 1977
3 2069 2007 2008
3 2070 1958 2014
3 2070 2014 2009
3 2070 2007 2069
3 2070 2009 2007
3 2070 2069 1958
3 2071 1973 1981
3 2071 1981 1980
3 2072 1973 2071
3 2072 2071 1980
3 2073 2029 1983
3 2073 1973 2072
3 2073 1983 1973
3 2074 1980 2026
3 2074 2026 2028
3 2074 2028 2029
3 2074 2029 2073
3 2074 2072 1980
3 2074 2073 2072
3 2075 1983 2029
3 2076 1983 2075
3 2077 1983 2076
3 2077 2033 2032
3 2077 2032 1984
3 2077 1984 1983
3 2078 2077 2076
3 2078 2079 2030
3 2078 2076 2079
3 2080 2077 2078
3 2080 2030 1990
3 2080 1990 2031
3 2080 2031 2033
3 2080 2033 2077
3 2080 2078 2030
3 2081 2050 1975
3 2081 1975 2042
3 2081 2042 2047
3 2081 2047 2048
3 2081 2048 2050
3 2082 2044 2056
3 2082 2046 2044
3 2082 2049 2048
3 2082 2048 2046
3 2082 2056 2049
3 2083 2049 2058
3 2083 2058 2054
3 2083 2052 2049
3 2083 2054 2052
3 2084 1965 1966
3 2084 1966 1967
3 2084 1967 2067
3 2084 2065 1998
3 2084 1998 1995
3 2084 1995 2001
3 2084 2067 2065
3 2084 2001 1965
3 2085 2029 2027
3 2085 2075 2029
3 2085 2027 2030
3 2085 2030 2079
3 2085 2076 2075
3 2085 2079 2076
3 2095 2094 2093
3 2104 2117 2118
3 2104 2118 2103
3 2110 2101 2109
3 2102 2101 2110
3 2119 2090 2089
3 2120 2106 2107
3 2121 2087 2086
3 2121 2088 2087
3 2121 2089 2088
3 2121 2086 2111
3 2121 2119 2089
3 2122 2121 2111
3 2123 2111 2112
3 2123 2122 2111
3 2124 2125 2119
3 2124 2121 2122
3 2124 2119 2121
3 2126 2124 2122
3 2126 2122 2123
3 2126 2125 2124
3 2127 2112 2113
3 2127 2123 2112
3 2128 2123 2127
3 2128 2126 2123
3 2128 2125 2126
3 2129 2128 2127
3 2130 2091 2090
3 2130 2092 2091
3 2130 2090 2119
3 2131 2113 2114
3 2131 2127 2113
3 2132 2125 2128
3 2132 2133 2125
3 2132 2128 2129
3 2134 2119 2125
3 2134 2130 2119
3 2135 2127 2131
3 2135 2132 2129
3 2135 2129 2127
3 2136 2130 2134
3 2137 2114 2115
3 2137 2131 2114
3 2138 2093 2092
3 2138 2096 2095
3 2138 2136 2096
3 2138 2130 2136
3 2138 2092 2130
3 2138 2095 2093
3 2139 2135 2131
3 2139 2131 2137
3 2139 2133 2132
3 2139 2132 2135
3 2140 2139 2137
3 2141 2136 2134
3 2142 2140 2137
3 2142 2115 2116
3 2142 2116 2117
3 2142 2117 2104
3 2142 2137 2115
3 2143 2134 2125
3 2143 2141 2134
3 2144 2140 2142
3 2145 2097 2096
3 2145 2096 2136
3 2145 2136 2141
3 2145 2141 2143
3 2146 2139 2140
3 2146 2133 2139
3 2146 2140 2144
3 2146 2120 2133
3 2147 2143 2125
3 2147 2125 2133
3 2148 2144 2142
3 2148 2146 2144
3 2149 2143 2147
3 2150 2098 2097
3 2150 2097 2145
3 2150 2145 2143
3 2150 2143 2149
3 2151 2104 2105
3 2151 2105 2106
3 2151 2148 2142
3 2151 2106 2120
3 2151 2120 2146
3 2151 2146 2148
3 2151 2142 2104
3 2152 2147 2133
3 2152 2149 2147
3 2152 2150 2149
3 2153 2152 2133
3 2154 2099 2098
3 2154 2150 2152
3 2154 2152 2153
3 2154 2098 2150
3 2155 2153 2133
3 2155 2133 2120
3 2156 2153 2155
3 2157 2100 2099
3 2157 2099 2154
3 2157 2154 2153
3 2157 2153 2156
3 2158 2101 2100
3 2158 2100 2157
3 2158 2156 2155
3 2158 2157 2156
3 2159 2107 2108
3 2159 2108 2109
3 2159 2101 2158
3 2159 2155 2120
3 2159 2120 2107
3 2159 2158 2155
3 2159 2109 2101
3 2172 2177 2176
3 2172 2178 2177
3 2172 2179 2178
3 2172 2180 2179
3 2172 2181 2180
3 2175 2172 2176
3 2174 2172 2175
3 2173 2172 2174
3 2183 2173 2182
3 2170 2171 2172
3 2184 2168 2169
3 2184 2169 2170
3 2184 2172 2173
3 2184 2173 2183
3 2184 2170 2172
3 2162 2163 2164
3 2162 2164 2165
3 2162 2165 2166
3 2162 2166 2167
3 2161 2163 2162
3 2160 2163 2161
3 2185 2167 2168
3 2185 2168 2184
3 2185 2162 2167
3 2186 2162 2185
3 2187 2162 2186
3 2200 2211 2212
3 2202 2201 2200
3 2202 2200 2212
3 2203 2202 2212
3 2204 2203 2212
3 2205 2204 2212
3 2206 2205 2212
3 2188 2197 2196
3 2188 2198 2197
3 2188 2199 2198
3 2188 2207 2206
3 2188 2208 2207
3 2188 2209 2208
3 2188 2210 2209
3 2188 2196 2210
3 2188 2206 2212
3 2189 2195 2199
3 2189 2199 2188
3 2194 2189 2190
3 2194 2190 2191
3 2194 2191 2192
3 2194 2192 2193
3 2194 2195 2189
3 2224 2225 2232
3 2223 2232 2231
3 2223 2224 2232
3 2222 2231 2230
3 2222 2223 2231
3 2221 2222 2230
3 2220 2230 2229
3 2220 2221 2230
3 2219 2229 2228
3 2219 2220 2229
3 2218 2228 2227
3 2218 2219 2228
3 2217 2227 2226
3 2217 2218 2227
3 2216 2217 2226
3 2215 2226 2213
3 2215 2216 2226
3 2214 2215 2213
3 2242 2240 2239
3 2243 2239 2238
3 2243 2242 2239
3 2244 2238 2237
3 2244 2243 2238
3 2245 2237 2236
3 2245 2244 2237
3 2246 2236 2235
3 2246 2245 2236
3 2247 2235 2234
3 2247 2246 2235
3 2248 2234 2233
3 2248 2247 2234
3 2241 2248 2233
3 2256 2257 2258
3 2256 2258 2265
3 2255 2265 2264
3 2255 2256 2265
3 2254 2264 2263
3 2254 2255 2264
3 2253 2263 2262
3 2253 2254 2263
3 2252 2262 2261
3 2252 2253 2262
3 2251 2261 2260
3 2251 2252 2261
3 2250 2260 2259
3 2250 2251 2260
3 2249 2250 2259
3 2269 2268 2276
3 2269 2276 2277
3 2270 2277 2278
3 2270 2269 2277
3 2271 2278 2279
3 2271 2270 2278
3 2272 2279 2280
3 2272 2271 2279
3 2273 2280 2281
3 2273 2272 2280
3 2274 2281 2282
3 2274 2273 2281
3 2275 2282 2283
3 2275 2274 2282
3 2267 2283 2266
3 2267 2275 2283
3 2285 2284 2313
3 2285 2313 2314
3 2285 2314 2315
3 2285 2315 2316
3 2293 2292 2291
3 2294 2293 2291
3 2295 2294 2291
3 2296 2295 2291
3 2297 2296 2291
3 2298 2297 2291
3 2300 2299 2312
3 2301 2300 2312
3 2302 2301 2312
3 2303 2302 2312
3 2304 2303 2312
3 2323 2288 2287
3 2323 2289 2288
3 2324 2289 2323
3 2325 2308 2309
3 2326 2316 2317
3 2326 2285 2316
3 2327 2317 2318
3 2327 2318 2319
3 2327 2326 2317
3 2328 2305 2306
3 2328 2319 2320
3 2328 2320 2321
3 2328 2321 2322
3 2328 2322 2305
3 2328 2327 2319
3 2329 2286 2285
3 2329 2285 2326
3 2330 2287 2286
3 2330 2324 2323
3 2330 2323 2287
3 2331 2286 2329
3 2331 2330 2286
3 2332 2333 2324
3 2332 2307 2308
3 2332 2324 2330
3 2332 2308 2325
3 2332 2325 2333
3 2332 2330 2331
3 2334 2324 2333
3 2334 2309 2310
3 2334 2325 2309
3 2334 2289 2324
3 2334 2333 2325
3 2335 2291 2290
3 2335 2299 2298
3 2335 2298 2291
3 2336 2327 2328
3 2336 2328 2306
3 2336 2326 2327
3 2337 2326 2336
3 2337 2336 2306
3 2337 2329 2326
3 2338 2306 2307
3 2338 2337 2306
3 2338 2331 2329
3 2338 2329 2337
3 2339 2338 2307
3 2339 2331 2338
3 2339 2332 2331
3 2339 2307 2332
3 2340 2290 2289
3 2340 2310 2311
3 2340 2334 2310
3 2340 2289 2334
3 2340 2335 2290
3 2341 2312 2299
3 2341 2311 2312
3 2341 2335 2340
3 2341 2340 2311
3 2341 2299 2335
3 2351 2349 2350
3 2359 2358 2372
3 2365 2364 2356
3 2357 2365 2356
3 2373 2344 2345
3 2373 2345 2346
3 2374 2361 2360
3 2374 2362 2361
3 2375 2342 2343
3 2375 2343 2344
3 2375 2366 2342
3 2375 2344 2373
3 2376 2375 2373
3 2376 2366 2375
3 2377 2367 2366
3 2378 2376 2373
3 2379 2376 2378
3 2379 2366 2376
3 2379 2378 2380
3 2379 2377 2366
3 2381 2346 2347
3 2381 2347 2348
3 2381 2348 2349
3 2381 2349 2351
3 2381 2373 2346
3 2382 2368 2367
3 2382 2367 2377
3 2383 2377 2379
3 2383 2379 2380
3 2383 2382 2377
3 2384 2373 2381
3 2384 2381 2351
3 2385 2382 2383
3 2385 2368 2382
3 2385 2383 2380
3 2386 2373 2384
3 2387 2373 2386
3 2387 2380 2378
3 2387 2378 2373
3 2388 2386 2384
3 2388 2351 2352
3 2388 2352 2386
3 2388 2384 2351
3 2389 2369 2368
3 2389 2368 2385
3 2390 2389 2385
3 2390 2385 2380
3 2391 2370 2369
3 2391 2369 2389
3 2392 2389 2390
3 2392 2390 2393
3 2394 2380 2387
3 2394 2387 2386
3 2394 2386 2352
3 2395 2389 2392
3 2395 2392 2393
3 2395 2391 2389
3 2396 2371 2370
3 2396 2370 2391
3 2397 2396 2391
3 2397 2391 2395
3 2397 2395 2393
3 2398 2380 2394
3 2399 2352 2353
3 2399 2394 2352
3 2399 2398 2394
3 2400 2396 2397
3 2401 2380 2398
3 2402 2390 2380
3 2402 2393 2390
3 2402 2380 2401
3 2403 2353 2354
3 2403 2354 2401
3 2403 2399 2353
3 2403 2398 2399
3 2403 2401 2398
3 2404 2360 2359
3 2404 2372 2371
3 2404 2396 2400
3 2404 2359 2372
3 2404 2371 2396
3 2404 2374 2360
3 2405 2400 2397
3 2405 2397 2393
3 2405 2404 2400
3 2405 2374 2404
3 2405 2393 2374
3 2406 2401 2354
3 2406 2393 2402
3 2406 2402 2401
3 2407 2374 2393
3 2408 2393 2406
3 2408 2407 2393
3 2409 2354 2355
3 2409 2408 2406
3 2409 2406 2354
3 2410 2407 2408
3 2411 2363 2362
3 2411 2364 2363
3 2411 2374 2407
3 2411 2407 2410
3 2411 2362 2374
3 2411 2356 2364
3 2412 2355 2356
3 2412 2409 2355
3 2412 2408 2409
3 2412 2410 2408
3 2412 2356 2411
3 2412 2411 2410
3 2423 2413 2414
3 2424 2414 2415
3 2424 2423 2414
3 2425 2415 2416
3 2425 2424 2415
3 2426 2425 2416
3 2427 2416 2417
3 2427 2426 2416
3 2428 2417 2418
3 2428 2427 2417
3 2429 2418 2419
3 2429 2428 2418
3 2430 2419 2420
3 2430 2420 2421
3 2430 2429 2419
3 2422 2430 2421
3 2456 2431 2432
3 2440 2438 2439
3 2455 2454 2446
3 2447 2455 2446
3 2464 2434 2435
3 2465 2452 2451
3 2466 2457 2456
3 2466 2456 2432
3 2467 2432 2433
3 2467 2433 2434
3 2467 2466 2432
3 2467 2434 2464
3 2468 2458 2457
3 2468 2457 2466
3 2469 2466 2467
3 2469 2467 2464
3 2469 2468 2466
3 2470 2468 2469
3 2470 2469 2464
3 2471 2459 2458
3 2471 2458 2468
3 2471 2468 2470
3 2472 2470 2464
3 2473 2470 2472
3 2473 2471 2470
3 2473 2472 2474
3 2475 2435 2436
3 2475 2436 2437
3 2475 2437 2438
3 2475 2438 2440
3 2475 2464 2435
3 2476 2460 2459
3 2476 2459 2471
3 2477 2476 2471
3 2477 2473 2474
3 2477 2471 2473
3 2478 2464 2475
3 2478 2475 2440
3 2479 2461 2460
3 2479 2460 2476
3 2480 2477 2474
3 2480 2476 2477
3 2480 2479 2476
3 2481 2479 2480
3 2481 2480 2474
3 2482 2464 2478
3 2483 2464 2482
3 2483 2472 2464
3 2483 2474 2472
3 2484 2440 2441
3 2484 2441 2482
3 2484 2478 2440
3 2484 2482 2478
3 2485 2462 2461
3 2485 2461 2479
3 2486 2481 2474
3 2487 2485 2479
3 2487 2479 2481
3 2487 2481 2486
3 2487 2486 2488
3 2489 2482 2441
3 2489 2483 2482
3 2489 2474 2483
3 2490 2485 2487
3 2490 2487 2488
3 2491 2462 2485
3 2491 2463 2462
3 2491 2485 2490
3 2492 2474 2489
3 2493 2441 2442
3 2493 2489 2441
3 2493 2492 2489
3 2494 2474 2492
3 2495 2490 2488
3 2495 2491 2490
3 2495 2463 2491
3 2496 2486 2474
3 2496 2488 2486
3 2496 2474 2494
3 2497 2442 2443
3 2497 2493 2442
3 2497 2492 2493
3 2497 2494 2492
3 2498 2495 2488
3 2499 2497 2443
3 2499 2488 2496
3 2499 2496 2494
3 2499 2494 2497
3 2500 2463 2495
3 2500 2498 2465
3 2500 2495 2498
3 2501 2449 2448
3 2501 2450 2449
3 2501 2451 2450
3 2501 2448 2463
3 2501 2465 2451
3 2501 2500 2465
3 2501 2463 2500
3 2502 2488 2499
3 2503 2443 2444
3 2503 2444 2502
3 2503 2499 2443
3 2503 2502 2499
3 2504 2498 2488
3 2504 2465 2498
3 2504 2488 2502
3 2505 2504 2502
3 2505 2465 2504
3 2506 2444 2445
3 2506 2502 2444
3 2506 2505 2502
3 2507 2465 2505
3 2507 2505 2506
3 2508 2465 2507
3 2509 2445 2446
3 2509 2506 2445
3 2509 2507 2506
3 2509 2508 2507
3 2509 2446 2454
3 2510 2453 2452
3 2510 2454 2453
3 2510 2452 2465
3 2510 2465 2508
3 2510 2509 2454
3 2510 2508 2509
3 2530 2537 2536
3 2530 2538 2537
3 2530 2529 2538
3 2526 2531 2525
3 2527 2531 2526
3 2528 2531 2527
3 2539 2521 2522
3 2539 2533 2532
3 2539 2522 2533
3 2540 2522 2523
3 2540 2534 2533
3 2540 2533 2522
3 2541 2523 2524
3 2541 2524 2525
3 2541 2531 2530
3 2541 2535 2534
3 2541 2536 2535
3 2541 2534 2540
3 2541 2530 2536
3 2541 2540 2523
3 2541 2525 2531
3 2542 2511 2512
3 2542 2512 2513
3 2542 2513 2514
3 2542 2514 2515
3 2543 2542 2515
3 2544 2515 2516
3 2544 2516 2517
3 2544 2517 2518
3 2544 2518 2519
3 2544 2519 2520
3 2544 2543 2515
3 2545 2532 2511
3 2545 2511 2542
3 2545 2544 2520
3 2545 2543 2544
3 2545 2542 2543
3 2546 2520 2521
3 2546 2545 2520
3 2546 2521 2539
3 2546 2532 2545
3 2546 2539 2532
3 2549 2550 2551
3 2549 2551 2552
3 2549 2552 2553
3 2554 2549 2553
3 2555 2549 2554
3 2556 2549 2555
3 2562 2547 2548
3 2563 2547 2562
3 2561 2557 2558
3 2561 2558 2559
3 2561 2559 2560
3 2561 2560 2547
3 2561 2547 2563
3 2549 2556 2561
3 2556 2557 2561
3 2582 2565 2564
3 2582 2566 2565
3 2582 2567 2566
3 2583 2568 2567
3 2583 2567 2582
3 2584 2568 2583
3 2585 2569 2568
3 2585 2570 2569
3 2585 2571 2570
3 2585 2572 2571
3 2585 2568 2584
3 2586 2582 2564
3 2587 2582 2586
3 2588 2583 2582
3 2588 2582 2587
3 2588 2587 2586
3 2589 2588 2586
3 2589 2584 2583
3 2589 2583 2588
3 2590 2589 2586
3 2590 2585 2584
3 2590 2584 2589
3 2591 2585 2590
3 2592 2573 2572
3 2592 2572 2585
3 2592 2585 2591
3 2593 2564 2574
3 2593 2586 2564
3 2594 2586 2593
3 2595 2590 2586
3 2595 2573 2592
3 2595 2591 2590
3 2595 2592 2591
3 2595 2586 2594
3 2596 2575 2576
3 2597 2576 2577
3 2597 2596 2576
3 2598 2577 2578
3 2598 2597 2577
3 2599 2594 2593
3 2599 2573 2595
3 2599 2595 2594
3 2600 2599 2593
3 2601 2599 2600
3 2602 2599 2601
3 2602 2601 2600
3 2603 2600 2604
3 2605 2573 2599
3 2605 2599 2602
3 2605 2602 2600
3 2605 2600 2603
3 2606 2605 2603
3 2606 2604 2600
3 2606 2603 2604
3 2607 2593 2574
3 2607 2606 2600
3 2607 2600 2593
3 2608 2607 2574
3 2609 2573 2605
3 2610 2608 2574
3 2611 2606 2607
3 2612 2609 2605
3 2612 2606 2611
3 2612 2605 2606
3 2613 2609 2612
3 2613 2612 2611
3 2614 2611 2607
3 2614 2609 2613
3 2614 2613 2611
3 2614 2607 2608
3 2615 2609 2614
3 2615 2614 2608
3 2616 2608 2610
3 2616 2615 2608
3 2617 2616 2610
3 2617 2609 2615
3 2617 2615 2616
3 2618 2609 2617
3 2618 2573 2609
3 2619 2618 2620
3 2621 2578 2579
3 2621 2620 2622
3 2623 2579 2580
3 2623 2621 2579
3 2623 2620 2621
3 2623 2619 2620
3 2624 2623 2580
3 2624 2580 2581
3 2624 2581 2573
3 2624 2573 2618
3 2624 2618 2619
3 2624 2619 2623
3 2625 2622 2620
3 2625 2618 2617
3 2625 2620 2618
3 2625 2617 2610
3 2626 2622 2625
3 2626 2610 2574
3 2626 2621 2622
3 2626 2625 2610
3 2627 2621 2626
3 2627 2578 2621
3 2627 2626 2574
3 2628 2574 2575
3 2628 2598 2578
3 2628 2575 2596
3 2628 2578 2627
3 2628 2627 2574
3 2628 2596 2597
3 2628 2597 2598
3 2639 2637 2636
3 2640 2635 2634
3 2640 2636 2635
3 2640 2639 2636
3 2641 2634 2633
3 2641 2640 2634
3 2642 2633 2632
3 2642 2641 2633
3 2643 2632 2631
3 2643 2642 2632
3 2644 2631 2630
3 2644 2643 2631
3 2645 2644 2630
3 2646 2630 2629
3 2646 2645 2630
3 2638 2646 2629
3 2649 2818 2817
3 2649 2819 2818
3 2649 2820 2819
3 2649 2821 2820
3 2649 2822 2821
3 2649 2823 2822
3 2649 2824 2823
3 2649 2825 2824
3 2649 2826 2825
3 2649 2827 2826
3 2649 2828 2827
3 2649 2657 2828
3 2650 2794 2793
3 2650 2795 2794
3 2650 2796 2795
3 2650 2649 2817
3 2650 2797 2796
3 2650 2798 2797
3 2650 2799 2798
3 2650 2800 2799
3 2650 2801 2800
3 2650 2802 2801
3 2650 2803 2802
3 2650 2804 2803
3 2650 2805 2804
3 2650 2806 2805
3 2650 2807 2806
3 2650 2808 2807
3 2650 2809 2808
3 2650 2810 2809
3 2650 2811 2810
3 2650 2812 2811
3 2650 2813 2812
3 2650 2814 2813
3 2650 2815 2814
3 2650 2816 2815
3 2650 2817 2816
3 2651 2650 2793
3 2651 2770 2769
3 2651 2771 2770
3 2651 2772 2771
3 2651 2773 2772
3 2651 2774 2773
3 2651 2775 2774
3 2651 2776 2775
3 2651 2777 2776
3 2651 2778 2777
3 2651 2779 2778
3 2651 2780 2779
3 2651 2781 2780
3 2651 2782 2781
3 2651 2783 2782
3 2651 2784 2783
3 2651 2785 2784
3 2651 2786 2785
3 2651 2787 2786
3 2651 2788 2787
3 2651 2789 2788
3 2651 2790 2789
3 2651 2791 2790
3 2651 2792 2791
3 2651 2793 2792
3 2652 2748 2747
3 2652 2749 2748
3 2652 2750 2749
3 2652 2751 2750
3 2652 2752 2751
3 2652 2753 2752
3 2652 2754 2753
3 2652 2755 2754
3 2652 2756 2755
3 2652 2757 2756
3 2652 2758 2757
3 2652 2759 2758
3 2652 2760 2759
3 2652 2761 2760
3 2652 2762 2761
3 2652 2763 2762
3 2652 2764 2763
3 2652 2765 2764
3 2652 2651 2769
3 2652 2766 2765
3 2652 2767 2766
3 2652 2768 2767
3 2652 2769 2768
3 2652 2746 2745
3 2652 2747 2746
3 2653 2652 2745
3 2653 2722 2721
3 2653 2723 2722
3 2653 2724 2723
3 2653 2725 2724
3 2653 2726 2725
3 2653 2727 2726
3 2653 2728 2727
3 2653 2729 2728
3 2653 2730 2729
3 2653 2731 2730
3 2653 2732 2731
3 2653 2733 2732
3 2653 2734 2733
3 2653 2735 2734
3 2653 2736 2735
3 2653 2737 2736
3 2653 2738 2737
3 2653 2739 2738
3 2653 2740 2739
3 2653 2741 2740
3 2653 2742 2741
3 2653 2743 2742
3 2653 2744 2743
3 2653 2745 2744
3 2654 2699 2698
3 2654 2700 2699
3 2654 2701 2700
3 2654 2702 2701
3 2654 2703 2702
3 2654 2704 2703
3 2654 2705 2704
3 2654 2706 2705
3 2654 2707 2706
3 2654 2708 2707
3 2654 2709 2708
3 2654 2710 2709
3 2654 2711 2710
3 2654 2712 2711
3 2654 2713 2712
3 2654 2714 2713
3 2654 2715 2714
3 2654 2716 2715
3 2654 2653 2721
3 2654 2717 2716
3 2654 2718 2717
3 2654 2719 2718
3 2654 2720 2719
3 2654 2721 2720
3 2655 2679 2678
3 2655 2680 2679
3 2655 2681 2680
3 2655 2682 2681
3 2655 2683 2682
3 2655 2684 2683
3 2655 2685 2684
3 2655 2686 2685
3 2655 2687 2686
3 2655 2688 2687
3 2655 2689 2688
3 2655 2690 2689
3 2655 2691 2690
3 2655 2692 2691
3 2655 2693 2692
3 2655 2694 2693
3 2655 2695 2694
3 2655 2654 2698
3 2655 2696 2695
3 2655 2697 2696
3 2655 2698 2697
3 2656 2665 2664
3 2656 2666 2665
3 2656 2667 2666
3 2656 2668 2667
3 2656 2669 2668
3 2656 2670 2669
3 2656 2671 2670
3 2656 2672 2671
3 2656 2673 2672
3 2656 2674 2673
3 2656 2675 2674
3 2656 2676 2675
3 2656 2677 2676
3 2656 2678 2677
3 2656 2655 2678
3 2648 2658 2647
3 2648 2659 2658
3 2648 2660 2659
3 2648 2661 2660
3 2648 2662 2661
3 2648 2663 2662
3 2648 2664 2663
3 2648 2656 2664
3 2838 2833 2834
3 2838 2834 2835
3 2838 2835 2836
3 2838 2836 2837
3 2848 2847 2860
3 2849 2848 2860
3 2850 2849 2860
3 2851 2850 2845
3 2852 2851 2845
3 2853 2852 2845
3 2854 2853 2845
3 2846 2854 2845
3 2861 2829 2830
3 2861 2830 2831
3 2861 2831 2832
3 2861 2832 2833
3 2861 2838 2839
3 2861 2855 2829
3 2861 2833 2838
3 2862 2840 2841
3 2862 2857 2856
3 2863 2859 2858
3 2864 2843 2844
3 2864 2844 2845
3 2864 2860 2859
3 2864 2863 2843
3 2864 2859 2863
3 2864 2850 2860
3 2864 2845 2850
3 2865 2861 2839
3 2865 2855 2861
3 2866 2839 2840
3 2866 2856 2855
3 2866 2865 2839
3 2866 2855 2865
3 2867 2862 2856
3 2867 2866 2840
3 2867 2856 2866
3 2867 2840 2862
3 2868 2857 2862
3 2868 2862 2841
3 2869 2841 2842
3 2869 2868 2841
3 2870 2857 2868
3 2870 2868 2869
3 2870 2869 2842
3 2871 2858 2857
3 2871 2857 2870
3 2872 2842 2843
3 2872 2843 2863
3 2872 2863 2858
3 2872 2870 2842
3 2872 2858 2871
3 2872 2871 2870
3 2883 2880 2881
3 2884 2878 2879
3 2884 2879 2880
3 2884 2880 2883
3 2885 2877 2878
3 2885 2878 2884
3 2886 2876 2877
3 2886 2877 2885
3 2887 2875 2876
3 2887 2876 2886
3 2888 2874 2875
3 2888 2875 2887
3 2889 2874 2888
3 2890 2873 2874
3 2890 2874 2889
3 2882 2873 2890
3 2899 2900 2901
3 2899 2901 2902
3 2898 2899 2902
3 2897 2902 2903
3 2897 2898 2902
3 2896 2903 2904
3 2896 2897 2903
3 2895 2904 2905
3 2895 2896 2904
3 2894 2905 2906
3 2894 2895 2905
3 2893 2906 2907
3 2893 2907 2908
3 2893 2894 2906
3 2892 2908 2891
3 2892 2893 2908
3 2925 2910 2909
3 2925 2909 2917
3 2924 2917 2916
3 2924 2925 2917
3 2923 2916 2915
3 2923 2924 2916
3 2922 2915 2914
3 2922 2923 2915
3 2921 2922 2914
3 2920 2914 2913
3 2920 2921 2914
3 2919 2913 2912
3 2919 2920 2913
3 2918 2912 2911
3 2918 2919 2912
3 2927 2926 2956
3 2957 2927 2956
3 2928 2927 2957
3 2935 2934 2933
3 2936 2935 2933
3 2937 2933 2932
3 2937 2936 2933
3 2938 2937 2932
3 2939 2932 2931
3 2939 2938 2932
3 2940 2939 2931
3 2950 2965 2949
3 2945 2944 2955
3 2946 2945 2955
3 2947 2946 2955
3 2948 2947 2955
3 2966 2929 2928
3 2966 2930 2929
3 2966 2931 2930
3 2966 2928 2957
3 2966 2940 2931
3 2967 2940 2966
3 2967 2966 2957
3 2967 2941 2940
3 2967 2957 2958
3 2968 2951 2952
3 2968 2952 2953
3 2969 2958 2959
3 2969 2959 2960
3 2970 2967 2958
3 2970 2958 2969
3 2970 2971 2967
3 2972 2960 2961
3 2972 2969 2960
3 2973 2969 2972
3 2973 2970 2969
3 2973 2971 2970
3 2974 2961 2962
3 2974 2972 2961
3 2975 2972 2974
3 2975 2973 2972
3 2975 2971 2973
3 2976 2975 2974
3 2977 2950 2951
3 2977 2962 2963
3 2977 2963 2964
3 2977 2964 2965
3 2977 2974 2962
3 2977 2965 2950
3 2978 2974 2977
3 2978 2977 2951
3 2978 2976 2974
3 2978 2951 2968
3 2979 2976 2978
3 2979 2978 2968
3 2979 2968 2971
3 2979 2975 2976
3 2979 2971 2975
3 2980 2971 2968
3 2981 2971 2980
3 2981 2942 2941
3 2981 2941 2967
3 2981 2967 2971
3 2982 2943 2942
3 2982 2942 2981
3 2982 2981 2980
3 2983 2943 2982
3 2983 2955 2944
3 2983 2944 2943
3 2983 2982 2980
3 2983 2953 2954
3 2983 2954 2955
3 2983 2980 2968
3 2983 2968 2953
3 2992 2994 2993
3 2991 2995 2994
3 2991 2994 2992
3 2990 2995 2991
3 2989 2996 2995
3 2989 2995 2990
3 2988 2997 2996
3 2988 2996 2989
3 2987 2998 2997
3 2987 2997 2988
3 2986 2999 2998
3 2986 3000 2999
3 2986 2998 2987
3 2985 3001 3000
3 2985 3000 2986
3 2984 3002 3001
3 2984 3001 2985
3 3026 3003 3023
3 3027 3011 3010
3 3027 3029 3028
3 3027 3010 3029
3 3030 3013 3012
3 3031 3014 3013
3 3031 3015 3014
3 3031 3016 3015
3 3031 3017 3016
3 3031 3018 3017
3 3031 3019 3018
3 3031 3020 3019
3 3031 3021 3020
3 3031 3022 3021
3 3031 3025 3022
3 3031 3032 3025
3 3031 3013 3032
3 3033 3004 3003
3 3033 3005 3004
3 3034 3006 3005
3 3034 3005 3033
3 3035 3034 3033
3 3036 3034 3035
3 3037 3034 3036
3 3038 3037 3036
3 3038 3003 3026
3 3038 3033 3003
3 3038 3035 3033
3 3038 3036 3035
3 3039 3038 3026
3 3040 3028 3029
3 3040 3029 3039
3 3041 3039 3026
3 3041 3040 3039
3 3041 3028 3040
3 3042 3041 3026
3 3042 3028 3041
3 3042 3043 3028
3 3042 3026 3043
3 3044 3043 3026
3 3044 3026 3023
3 3045 3028 3043
3 3045 3011 3027
3 3045 3027 3028
3 3046 3044 3023
3 3047 3048 3046
3 3047 3046 3023
3 3049 3011 3045
3 3050 3011 3049
3 3051 3050 3048
3 3051 3011 3050
3 3052 3048 3047
3 3052 3047 3023
3 3053 3052 3023
3 3054 3048 3052
3 3054 3051 3048
3 3054 3011 3051
3 3054 3055 3011
3 3054 3052 3053
3 3056 3023 3024
3 3056 3053 3023
3 3056 3024 3057
3 3056 3057 3058
3 3059 3058 3055
3 3059 3055 3054
3 3059 3054 3053
3 3059 3056 3058
3 3059 3053 3056
3 3060 3058 3057
3 3061 3012 3011
3 3061 3058 3060
3 3061 3055 3058
3 3061 3011 3055
3 3062 3061 3060
3 3062 3012 3061
3 3063 3012 3062
3 3064 3066 3065
3 3067 3065 3024
3 3067 3064 3065
3 3068 3030 3012
3 3068 3063 3066
3 3068 3012 3063
3 3068 3066 3064
3 3068 3064 3030
3 3069 3024 3025
3 3069 3067 3024
3 3069 3025 3070
3 3069 3070 3071
3 3072 3030 3064
3 3072 3064 3067
3 3072 3071 3030
3 3072 3069 3071
3 3072 3067 3069
3 3073 3013 3030
3 3073 3030 3071
3 3073 3071 3070
3 3074 3013 3073
3 3075 3032 3013
3 3075 3073 3070
3 3075 3074 3073
3 3075 3013 3074
3 3076 3034 3037
3 3076 3007 3006
3 3076 3008 3007
3 3076 3006 3034
3 3077 3009 3008
3 3077 3010 3009
3 3077 3008 3076
3 3078 3077 3076
3 3079 3077 3078
3 3079 3076 3037
3 3079 3029 3010
3 3079 3010 3077
3 3079 3078 3076
3 3080 3079 3037
3 3080 3038 3039
3 3080 3039 3029
3 3080 3029 3079
3 3080 3037 3038
3 3081 3043 3044
3 3081 3049 3045
3 3081 3045 3043
3 3082 3044 3046
3 3082 3081 3044
3 3083 3049 3081
3 3083 3081 3082
3 3084 3082 3046
3 3084 3049 3083
3 3084 3083 3082
3 3084 3046 3048
3 3084 3048 3050
3 3084 3050 3049
3 3085 3057 3024
3 3085 3062 3060
3 3085 3060 3057
3 3085 3063 3062
3 3086 3066 3063
3 3086 3063 3085
3 3086 3085 3024
3 3087 3086 3024
3 3087 3066 3086
3 3087 3065 3066
3 3087 3024 3065
3 3088 3070 3025
3 3088 3025 3032
3 3088 3032 3075
3 3088 3075 3070
3 3090 3089 3115
3 3116 3090 3115
3 3098 3096 3095
3 3098 3097 3096
3 3109 3131 3132
3 3109 3132 3108
3 3133 3092 3091
3 3133 3093 3092
3 3133 3094 3093
3 3134 3111 3112
3 3135 3118 3119
3 3135 3119 3120
3 3136 3120 3121
3 3136 3121 3122
3 3136 3135 3120
3 3137 3139 3138
3 3137 3138 3135
3 3140 3137 3135
3 3140 3135 3136
3 3141 3122 3123
3 3141 3136 3122
3 3142 3137 3140
3 3142 3139 3137
3 3143 3141 3123
3 3143 3123 3124
3 3144 3136 3141
3 3144 3140 3136
3 3144 3142 3140
3 3144 3145 3142
3 3146 3144 3141
3 3146 3145 3144
3 3146 3141 3143
3 3147 3143 3124
3 3147 3124 3125
3 3148 3095 3094
3 3148 3099 3098
3 3148 3100 3099
3 3148 3094 3133
3 3148 3133 3139
3 3148 3098 3095
3 3149 3146 3143
3 3149 3143 3147
3 3149 3145 3146
3 3150 3147 3125
3 3150 3125 3126
3 3151 3149 3147
3 3151 3145 3149
3 3151 3147 3150
3 3152 3151 3150
3 3153 3101 3100
3 3153 3148 3139
3 3153 3100 3148
3 3154 3153 3139
3 3154 3142 3145
3 3154 3139 3142
3 3155 3126 3127
3 3155 3150 3126
3 3156 3145 3151
3 3156 3151 3152
3 3157 3152 3150
3 3157 3150 3155
3 3157 3158 3156
3 3157 3156 3152
3 3159 3154 3145
3 3159 3153 3154
3 3160 3127 3128
3 3160 3155 3127
3 3161 3157 3155
3 3161 3158 3157
3 3161 3155 3160
3 3162 3159 3145
3 3163 3102 3101
3 3163 3101 3153
3 3163 3153 3159
3 3163 3159 3162
3 3164 3161 3160
3 3165 3162 3145
3 3166 3164 3160
3 3166 3160 3128
3 3167 3165 3145
3 3168 3131 3109
3 3168 3128 3129
3 3168 3129 3130
3 3168 3130 3131
3 3168 3166 3128
3 3169 3134 3158
3 3169 3158 3161
3 3169 3161 3164
3 3169 3164 3166
3 3170 3103 3102
3 3170 3102 3163
3 3170 3163 3162
3 3170 3162 3165
3 3171 3109 3110
3 3171 3110 3111
3 3171 3134 3169
3 3171 3168 3109
3 3171 3111 3134
3 3171 3166 3168
3 3171 3169 3166
3 3172 3167 3158
3 3172 3165 3167
3 3173 3172 3158
3 3174 3172 3173
3 3174 3165 3172
3 3174 3104 3103
3 3174 3103 3170
3 3174 3170 3165
3 3175 3158 3134
3 3175 3173 3158
3 3176 3173 3175
3 3177 3104 3174
3 3177 3105 3104
3 3177 3174 3173
3 3177 3173 3176
3 3178 3176 3175
3 3178 3105 3177
3 3178 3177 3176
3 3179 3178 3175
3 3179 3112 3113
3 3179 3175 3134
3 3179 3134 3112
3 3180 3106 3105
3 3180 3107 3106
3 3180 3178 3179
3 3180 3179 3113
3 3180 3113 3114
3 3180 3114 3107
3 3180 3105 3178
3 3181 3091 3090
3 3181 3118 3135
3 3181 3116 3117
3 3181 3117 3118
3 3181 3090 3116
3 3181 3135 3138
3 3182 3091 3181
3 3182 3133 3091
3 3182 3181 3138
3 3182 3138 3139
3 3182 3139 3133
3 3183 3145 3156
3 3183 3156 3158
3 3183 3158 3167
3 3183 3167 3145
3 3230 3223 3224
3 3230 3224 3225
3 3230 3225 3226
3 3230 3226 3227
3 3230 3227 3228
3 3230 3228 3229
3 3222 3223 3230
3 3205 3204 3203
3 3206 3205 3203
3 3207 3206 3203
3 3208 3207 3203
3 3209 3208 3203
3 3184 3237 3238
3 3184 3238 3185
3 3210 3209 3203
3 3197 3184 3198
3 3211 3210 3203
3 3212 3211 3203
3 3196 3237 3184
3 3196 3184 3197
3 3213 3212 3203
3 3195 3237 3196
3 3195 3236 3237
3 3214 3213 3203
3 3194 3236 3195
3 3194 3235 3236
3 3215 3214 3203
3 3218 3203 3219
3 3220 3219 3203
3 3221 3220 3203
3 3202 3203 3222
3 3202 3221 3203
3 3202 3230 3231
3 3202 3231 3232
3 3202 3232 3233
3 3202 3233 3234
3 3202 3222 3230
3 3217 3203 3218
3 3216 3215 3203
3 3216 3203 3217
3 3193 3235 3194
3 3192 3234 3235
3 3192 3235 3193
3 3200 3186 3199
3 3201 3187 3186
3 3201 3188 3187
3 3201 3189 3188
3 3201 3190 3189
3 3201 3191 3190
3 3201 3192 3191
3 3201 3202 3234
3 3201 3186 3200
3 3201 3234 3192
3 3263 3239 3240
3 3248 3245 3246
3 3248 3246 3247
3 3256 3255 3269
3 3257 3256 3269
3 3262 3261 3253
3 3254 3262 3253
3 3270 3240 3241
3 3270 3241 3242
3 3270 3242 3243
3 3270 3243 3244
3 3270 3244 3245
3 3270 3248 3249
3 3270 3264 3263
3 3270 3263 3240
3 3270 3245 3248
3 3271 3249 3250
3 3271 3265 3264
3 3271 3270 3249
3 3271 3264 3270
3 3272 3250 3251
3 3272 3251 3252
3 3272 3266 3265
3 3272 3267 3266
3 3272 3271 3250
3 3272 3265 3271
3 3273 3252 3253
3 3273 3258 3257
3 3273 3259 3258
3 3273 3260 3259
3 3273 3261 3260
3 3273 3268 3267
3 3273 3269 3268
3 3273 3267 3272
3 3273 3272 3252
3 3273 3257 3269
3 3273 3253 3261
3 3275 3276 3274
3 3275 3277 3276
3 3303 3279 3278
3 3280 3279 3303
3 3287 3284 3283
3 3287 3285 3284
3 3287 3286 3285
3 3296 3310 3295
3 3301 3293 3300
3 3302 3293 3301
3 3294 3293 3302
3 3311 3281 3280
3 3311 3282 3281
3 3311 3283 3282
3 3311 3288 3287
3 3311 3303 3304
3 3311 3304 3305
3 3311 3280 3303
3 3311 3287 3283
3 3312 3289 3288
3 3312 3290 3289
3 3312 3305 3306
3 3312 3306 3307
3 3312 3307 3308
3 3312 3308 3309
3 3312 3288 3311
3 3312 3311 3305
3 3313 3291 3290
3 3313 3292 3291
3 3313 3309 3310
3 3313 3290 3312
3 3313 3312 3309
3 3314 3293 3292
3 3314 3296 3297
3 3314 3297 3298
3 3314 3298 3299
3 3314 3299 3300
3 3314 3292 3313
3 3314 3313 3310
3 3314 3310 3296
3 3314 3300 3293
3 3322 3323 3324
3 3322 3324 3328
3 3321 3328 3327
3 3321 3322 3328
3 3320 3327 3326
3 3320 3321 3327
3 3319 3326 3325
3 3319 3320 3326
3 3318 3319 3325
3 3317 3325 3315
3 3317 3318 3325
3 3316 3317 3315
3 3333 3332 3331
3 3329 3335 3334
3 3329 3330 3335
3 3329 3333 3331
3 3329 3334 3333
3 3361 3342 3341
3 3361 3343 3342
3 3362 3363 3364
3 3365 3364 3361
3 3365 3362 3364
3 3366 3365 3361
3 3367 3341 3350
3 3367 3361 3341
3 3367 3366 3361
3 3368 3352 3353
3 3369 3370 3368
3 3369 3368 3353
3 3369 3358 3357
3 3369 3359 3358
3 3369 3360 3359
3 3369 3353 3360
3 3369 3371 3370
3 3369 3372 3371
3 3373 3348 3347
3 3373 3349 3348
3 3373 3336 3349
3 3374 3347 3346
3 3374 3373 3347
3 3375 3373 3374
3 3376 3375 3374
3 3377 3346 3345
3 3377 3376 3374
3 3377 3374 3346
3 3378 3336 3373
3 3378 3373 3375
3 3379 3378 3375
3 3379 3375 3376
3 3379 3376 3377
3 3380 3337 3336
3 3380 3336 3378
3 3381 3337 3380
3 3381 3380 3382
3 3383 3381 3382
3 3384 3362 3365
3 3384 3382 3362
3 3384 3367 3350
3 3384 3366 3367
3 3384 3365 3366
3 3385 3337 3381
3 3385 3381 3383
3 3385 3383 3386
3 3387 3382 3384
3 3387 3384 3350
3 3388 3382 3387
3 3388 3383 3382
3 3388 3386 3383
3 3389 3385 3386
3 3390 3337 3385
3 3390 3385 3389
3 3391 3388 3387
3 3391 3387 3350
3 3391 3386 3388
3 3392 3337 3390
3 3393 3350 3394
3 3393 3386 3391
3 3393 3391 3350
3 3395 3392 3390
3 3396 3338 3337
3 3396 3397 3338
3 3396 3337 3392
3 3396 3392 3395
3 3396 3398 3397
3 3399 3350 3351
3 3399 3394 3350
3 3399 3398 3394
3 3400 3338 3397
3 3401 3399 3351
3 3401 3402 3399
3 3403 3338 3400
3 3403 3400 3404
3 3405 3401 3351
3 3405 3402 3401
3 3406 3407 3338
3 3406 3338 3403
3 3406 3403 3404
3 3408 3405 3351
3 3408 3404 3409
3 3408 3409 3405
3 3410 3404 3408
3 3411 3410 3408
3 3411 3408 3351
3 3412 3413 3411
3 3412 3411 3351
3 3414 3413 3412
3 3414 3412 3351
3 3414 3351 3352
3 3414 3352 3415
3 3414 3415 3416
3 3417 3339 3338
3 3417 3338 3407
3 3417 3407 3416
3 3418 3339 3417
3 3419 3418 3417
3 3420 3339 3418
3 3420 3418 3419
3 3421 3339 3420
3 3422 3339 3421
3 3422 3421 3423
3 3424 3339 3422
3 3425 3424 3422
3 3425 3426 3424
3 3425 3422 3423
3 3427 3419 3415
3 3427 3420 3419
3 3427 3423 3421
3 3427 3415 3352
3 3427 3421 3420
3 3428 3423 3427
3 3428 3427 3352
3 3429 3425 3423
3 3429 3426 3425
3 3429 3423 3428
3 3430 3428 3352
3 3430 3426 3429
3 3430 3429 3428
3 3431 3368 3370
3 3431 3371 3426
3 3431 3352 3368
3 3431 3430 3352
3 3431 3370 3371
3 3431 3426 3430
3 3432 3340 3339
3 3432 3339 3424
3 3432 3424 3426
3 3433 3426 3371
3 3433 3432 3426
3 3433 3371 3372
3 3434 3432 3433
3 3435 3354 3340
3 3435 3355 3354
3 3435 3432 3434
3 3435 3340 3432
3 3436 3369 3357
3 3436 3372 3369
3 3436 3356 3355
3 3436 3357 3356
3 3436 3355 3435
3 3436 3433 3372
3 3436 3434 3433
3 3436 3435 3434
3 3437 3344 3343
3 3437 3345 3344
3 3437 3364 3363
3 3437 3377 3345
3 3437 3343 3361
3 3437 3363 3379
3 3437 3379 3377
3 3437 3361 3364
3 3438 3380 3378
3 3438 3379 3363
3 3438 3378 3379
3 3438 3363 3362
3 3439 3380 3438
3 3439 3438 3362
3 3440 3382 3380
3 3440 3362 3382
3 3440 3380 3439
3 3440 3439 3362
3 3441 3389 3386
3 3441 3386 3393
3 3441 3395 3390
3 3441 3393 3394
3 3441 3394 3395
3 3441 3390 3389
3 3442 3395 3394
3 3442 3396 3395
3 3442 3398 3396
3 3442 3394 3398
3 3443 3398 3399
3 3443 3402 3397
3 3443 3399 3402
3 3443 3397 3398
3 3444 3397 3402
3 3444 3400 3397
3 3444 3404 3400
3 3444 3402 3405
3 3444 3409 3404
3 3444 3405 3409
3 3445 3410 3411
3 3445 3411 3413
3 3445 3413 3407
3 3445 3406 3404
3 3445 3404 3410
3 3445 3407 3406
3 3446 3407 3413
3 3446 3413 3414
3 3446 3414 3416
3 3446 3416 3407
3 3447 3417 3416
3 3447 3419 3417
3 3447 3415 3419
3 3447 3416 3415
3 3448 3460 3459
3 3448 3461 3460
3 3448 3462 3461
3 3448 3463 3462
3 3448 3464 3463
3 3448 3465 3464
3 3466 3465 3448
3 3458 3466 3448
3 3449 3458 3448
3 3450 3456 3457
3 3450 3457 3458
3 3450 3458 3449
3 3451 3456 3450
3 3455 3456 3451
3 3452 3454 3455
3 3452 3455 3451
3 3453 3454 3452
3 3491 3467 3468
3 3469 3491 3468
3 3484 3496 3495
3 3484 3497 3496
3 3484 3498 3497
3 3484 3483 3498
3 3476 3473 3474
3 3476 3474 3475
3 3485 3484 3495
3 3477 3472 3473
3 3477 3473 3476
3 3489 3488 3480
3 3481 3489 3480
3 3490 3489 3481
3 3482 3490 3481
3 3499 3469 3470
3 3499 3470 3471
3 3499 3471 3472
3 3500 3477 3478
3 3500 3478 3479
3 3500 3492 3491
3 3500 3493 3492
3 3500 3491 3469
3 3500 3469 3499
3 3500 3472 3477
3 3500 3499 3472
3 3501 3479 3480
3 3501 3494 3493
3 3501 3495 3494
3 3501 3485 3495
3 3501 3493 3500
3 3501 3500 3479
3 3501 3480 3488
3 3502 3486 3485
3 3502 3487 3486
3 3502 3488 3487
3 3502 3501 3488
3 3502 3485 3501
3 3505 3507 3508
3 3505 3508 3509
3 3505 3509 3510
3 3505 3510 3511
3 3505 3511 3512
3 3505 3512 3513
3 3506 3507 3505
3 3503 3506 3505
3 3504 3514 3506
3 3504 3506 3503
3 3515 3504 3516
3 3515 3516 3517
3 3515 3514 3504
3 3518 3515 3517
3 3522 3523 3515
3 3519 3515 3518
3 3521 3522 3515
3 3520 3515 3519
3 3520 3521 3515
3 3549 3524 3525
3 3533 3530 3531
3 3533 3531 3532
3 3542 3541 3554
3 3543 3542 3554
3 3547 3546 3539
3 3548 3547 3539
3 3540 3548 3539
3 3555 3525 3526
3 3555 3526 3527
3 3555 3527 3528
3 3555 3528 3529
3 3555 3529 3530
3 3555 3533 3534
3 3555 3549 3525
3 3555 3530 3533
3 3556 3534 3535
3 3556 3535 3536
3 3556 3550 3549
3 3556 3551 3550
3 3556 3555 3534
3 3556 3549 3555
3 3557 3536 3537
3 3557 3537 3538
3 3557 3552 3551
3 3557 3553 3552
3 3557 3556 3536
3 3557 3551 3556
3 3558 3538 3539
3 3558 3544 3543
3 3558 3545 3544
3 3558 3546 3545
3 3558 3554 3553
3 3558 3557 3538
3 3558 3553 3557
3 3558 3543 3554
3 3558 3539 3546
3 3562 3575 3561
3 3563 3575 3562
3 3564 3576 3575
3 3564 3575 3563
3 3565 3576 3564
3 3566 3576 3565
3 3567 3577 3576
3 3567 3576 3566
3 3568 3578 3577
3 3568 3579 3578
3 3568 3577 3567
3 3569 3580 3579
3 3569 3579 3568
3 3570 3581 3580
3 3570 3580 3569
3 3571 3581 3570
3 3572 3582 3581
3 3572 3581 3571
3 3573 3559 3582
3 3573 3582 3572
3 3574 3559 3573
3 3560 3559 3574
3 3585 3593 3600
3 3586 3599 3598
3 3586 3600 3599
3 3586 3585 3600
3 3587 3598 3597
3 3587 3586 3598
3 3588 3597 3596
3 3588 3587 3597
3 3589 3596 3595
3 3589 3588 3596
3 3590 3595 3594
3 3590 3589 3595
3 3591 3590 3594
3 3592 3594 3583
3 3592 3591 3594
3 3584 3592 3583
3 3602 3601 3631
3 3609 3608 3607
3 3610 3609 3607
3 3611 3610 3607
3 3612 3611 3607
3 3624 3641 3642
3 3624 3642 3623
3 3619 3618 3629
3 3630 3619 3629
3 3620 3619 3630
3 3621 3620 3630
3 3622 3621 3630
3 3643 3605 3604
3 3644 3625 3626
3 3644 3626 3627
3 3644 3627 3628
3 3644 3628 3645
3 3644 3645 3625
3 3646 3603 3602
3 3646 3631 3632
3 3646 3602 3631
3 3647 3632 3633
3 3647 3603 3646
3 3647 3646 3632
3 3648 3633 3634
3 3648 3634 3635
3 3648 3647 3633
3 3649 3635 3636
3 3649 3648 3635
3 3650 3647 3648
3 3651 3636 3637
3 3651 3637 3638
3 3651 3649 3636
3 3652 3643 3604
3 3652 3604 3603
3 3652 3647 3650
3 3652 3650 3653
3 3652 3653 3643
3 3652 3603 3647
3 3654 3648 3649
3 3654 3650 3648
3 3654 3653 3650
3 3655 3649 3651
3 3655 3654 3649
3 3655 3653 3654
3 3656 3655 3651
3 3656 3653 3655
3 3657 3656 3651
3 3657 3658 3653
3 3657 3651 3638
3 3657 3653 3656
3 3659 3638 3639
3 3659 3658 3657
3 3659 3657 3638
3 3660 3606 3605
3 3660 3605 3643
3 3660 3643 3653
3 3661 3659 3639
3 3661 3658 3659
3 3662 3658 3661
3 3662 3624 3625
3 3662 3661 3639
3 3662 3639 3640
3 3662 3640 3641
3 3662 3645 3658
3 3662 3625 3645
3 3662 3641 3624
3 3663 3660 3653
3 3663 3617 3616
3 3664 3663 3653
3 3664 3617 3663
3 3664 3653 3658
3 3665 3618 3617
3 3665 3629 3618
3 3665 3628 3629
3 3665 3617 3664
3 3665 3664 3658
3 3665 3645 3628
3 3665 3658 3645
3 3666 3606 3660
3 3666 3660 3663
3 3667 3606 3666
3 3667 3607 3606
3 3667 3613 3612
3 3667 3614 3613
3 3667 3615 3614
3 3667 3616 3615
3 3667 3663 3616
3 3667 3666 3663
3 3667 3612 3607
3 3678 3668 3669
3 3679 3678 3669
3 3680 3669 3670
3 3680 3679 3669
3 3681 3670 3671
3 3681 3680 3670
3 3682 3671 3672
3 3682 3681 3671
3 3683 3672 3673
3 3683 3682 3672
3 3684 3673 3674
3 3684 3683 3673
3 3685 3674 3675
3 3685 3684 3674
3 3677 3675 3676
3 3677 3685 3675
3 3701 3698 3699
3 3701 3699 3700
3 3697 3698 3701
3 3696 3697 3701
3 3710 3687 3686
3 3710 3686 3688
3 3710 3688 3689
3 3710 3706 3707
3 3710 3707 3708
3 3710 3708 3709
3 3710 3709 3687
3 3711 3705 3706
3 3711 3706 3710
3 3712 3689 3690
3 3712 3690 3691
3 3712 3691 3692
3 3712 3692 3693
3 3712 3693 3694
3 3712 3694 3695
3 3712 3695 3696
3 3712 3701 3702
3 3712 3696 3701
3 3712 3710 3689
3 3712 3711 3710
3 3713 3702 3703
3 3713 3703 3704
3 3713 3704 3705
3 3713 3705 3711
3 3714 3702 3713
3 3715 3711 3712
3 3715 3712 3702
3 3716 3714 3713
3 3716 3711 3715
3 3716 3702 3714
3 3716 3715 3702
3 3716 3713 3711
3 3726 3722 3723
3 3726 3723 3724
3 3726 3724 3725
3 3735 3734 3748
3 3736 3748 3747
3 3736 3735 3748
3 3740 3739 3732
3 3741 3740 3732
3 3733 3741 3732
3 3749 3717 3718
3 3749 3718 3719
3 3749 3719 3720
3 3749 3720 3721
3 3749 3721 3722
3 3749 3726 3727
3 3749 3742 3717
3 3749 3722 3726
3 3750 3727 3728
3 3750 3728 3729
3 3750 3743 3742
3 3750 3744 3743
3 3750 3749 3727
3 3750 3742 3749
3 3751 3729 3730
3 3751 3730 3731
3 3751 3745 3744
3 3751 3746 3745
3 3751 3744 3750
3 3751 3750 3729
3 3752 3731 3732
3 3752 3737 3736
3 3752 3738 3737
3 3752 3739 3738
3 3752 3747 3746
3 3752 3746 3751
3 3752 3751 3731
3 3752 3736 3747
3 3752 3732 3739
